tick,sim_second,organisms,food,species,plants,grazers,hunters,omnivores,infected,avg_lifespan,avg_body_size,avg_speed,avg_armor,avg_attack,avg_photo,avg_diet,avg_photo_area,avg_speed_plants,avg_speed_eaters,avg_light_share,ready_share_plants,ready_share_eaters,avg_disease_resistance,avg_symbiosis_rate,symbiotic_pairs,deaths_starvation,deaths_predation,deaths_old_age,deaths_disease,deaths_event,energy_total,flow_photosynthesis,flow_food,flow_predation,flow_grazing,flow_symbiosis,flow_metabolism,flow_movement,flow_disease,flow_reproduction_spent,flow_reproduction_received,flow_death,flow_clamp,flow_digestion,ledger_max_residual,ledger_cumulative_residual
31,1.0,432,8406,0,158,99,77,98,0,13.39,0.832,0.782,0.190,0.173,0.252,-0.061,1.551,0.3409,1.2632,0.775,0.424,0.161,0.103,-0.006,26,0,23,0,0,0,23459.01,1378.820,4833.204,44.322,107.434,10.027,2079.313,618.493,0.000,1984.569,1587.656,1177.492,1124.624,371.442,0.000089,0.000491
61,2.0,448,7757,0,165,109,73,101,1,23.07,0.842,0.775,0.183,0.176,0.254,-0.086,1.551,0.3456,1.2499,0.791,0.485,0.155,0.103,-0.002,56,0,21,0,0,0,23488.83,1414.885,4313.477,39.340,43.970,15.625,2164.253,579.879,0.075,1513.939,1211.151,1108.120,1280.077,302.683,0.000106,0.001214
91,3.0,469,7241,0,166,122,72,109,1,29.32,0.859,0.771,0.177,0.166,0.246,-0.113,1.551,0.3531,1.2633,0.820,0.500,0.139,0.104,0.001,66,1,17,0,0,0,23432.11,1454.752,3989.154,22.676,82.975,25.647,2281.389,572.624,1.123,1663.522,1330.817,852.981,1117.007,365.483,0.000094,0.001610
121,4.0,525,6624,0,177,163,71,114,1,35.24,0.867,0.780,0.169,0.147,0.236,-0.177,1.550,0.3574,1.3401,0.805,0.458,0.132,0.106,0.011,80,0,5,0,0,0,25238.41,1532.167,5376.369,7.091,32.398,28.984,2460.937,595.253,1.123,2364.050,1891.240,259.741,1188.600,130.856,0.000111,0.001359
151,5.0,588,5968,50,181,223,70,114,2,44.92,0.882,0.799,0.152,0.119,0.218,-0.253,1.557,0.3393,1.4569,0.794,0.453,0.125,0.108,0.020,81,6,13,0,0,0,27773.57,1610.438,7292.842,13.471,8.156,31.359,2800.269,667.633,1.198,3319.478,2655.583,565.626,1522.220,160.751,0.000065,0.001542
181,6.0,653,5357,50,199,270,64,120,3,60.06,0.886,0.797,0.137,0.106,0.218,-0.301,1.554,0.3363,1.4590,0.759,0.407,0.123,0.107,0.026,91,14,15,0,0,0,30160.76,1690.825,7658.652,16.807,18.526,26.768,3151.829,835.452,2.675,3714.629,2971.703,663.227,1344.747,238.235,0.000117,0.001188
211,7.0,789,4485,50,208,403,58,120,3,78.48,0.886,0.841,0.121,0.089,0.192,-0.407,1.562,0.3393,1.6740,0.747,0.399,0.122,0.110,0.038,95,24,7,0,0,0,36904.12,1763.763,13317.252,4.499,24.634,29.076,3596.406,900.252,3.322,6452.151,5161.721,266.941,2209.544,75.269,0.000129,0.001765
241,8.0,982,3548,50,218,594,50,120,4,101.10,0.866,0.893,0.105,0.075,0.167,-0.497,1.565,0.3380,1.9373,0.774,0.404,0.103,0.110,0.052,106,32,27,0,0,0,44657.62,1892.785,17048.666,23.581,1.276,24.421,4411.517,1148.983,3.617,9234.245,7387.396,962.312,2663.933,174.319,0.000146,0.003070
271,9.0,1134,2910,50,240,737,38,119,5,137.24,0.869,0.914,0.098,0.079,0.159,-0.550,1.576,0.3419,2.0268,0.755,0.371,0.084,0.112,0.058,121,29,39,0,0,0,49152.23,2095.136,14705.059,19.009,49.595,23.839,5239.569,1398.856,4.541,8234.651,6587.721,1740.415,2090.683,203.594,0.000090,0.003752
301,10.0,1387,2037,42,255,993,30,109,5,128.57,0.860,0.959,0.087,0.083,0.142,-0.607,1.574,0.3403,2.1882,0.761,0.353,0.079,0.115,0.063,109,29,70,0,1,0,58873.26,2347.560,21565.985,51.575,78.967,21.523,6161.643,1805.248,5.422,12797.912,10238.330,2110.741,1358.297,243.163,0.000115,0.004591
331,11.0,1720,1176,42,287,1312,22,99,4,134.45,0.836,0.988,0.082,0.084,0.131,-0.648,1.582,0.3309,2.3836,0.712,0.321,0.066,0.116,0.067,108,33,57,0,1,0,69264.31,2616.551,25417.120,33.626,133.771,18.499,7616.583,3163.102,4.403,15024.615,12019.692,2173.486,1317.369,396.380,0.000136,0.005571
361,12.0,1811,972,42,307,1397,17,90,7,134.90,0.824,0.992,0.078,0.085,0.133,-0.661,1.584,0.3310,2.4300,0.708,0.306,0.064,0.116,0.068,102,38,77,0,1,0,70077.30,2942.506,15261.622,41.796,115.059,20.294,8559.117,4050.483,4.517,7089.470,5671.576,2279.648,790.760,330.521,0.000138,0.007013
391,13.0,1865,823,42,343,1428,13,81,14,122.31,0.816,0.985,0.076,0.083,0.141,-0.673,1.586,0.3369,2.4979,0.682,0.283,0.055,0.117,0.067,109,62,110,0,1,0,69905.14,3256.999,15221.232,70.933,161.431,12.009,8764.111,3660.288,10.570,8162.093,6529.675,3069.016,1171.451,413.470,0.000139,0.008174
421,14.0,1872,672,42,371,1419,9,73,14,144.83,0.808,0.979,0.075,0.089,0.149,-0.683,1.589,0.3310,2.4738,0.684,0.256,0.061,0.119,0.067,114,87,123,0,2,0,72170.36,3593.854,17470.781,49.406,382.016,15.364,8730.028,3247.459,21.809,7970.949,6376.760,3458.039,1201.173,596.123,0.000206,0.009668
451,15.0,1921,643,34,423,1428,7,63,20,154.96,0.804,0.970,0.075,0.099,0.163,-0.692,1.589,0.3370,2.4609,0.649,0.239,0.052,0.121,0.068,106,81,113,0,1,0,74762.70,4110.434,17119.992,57.987,83.504,15.013,8919.301,3179.926,21.246,8742.853,6994.282,3348.931,1074.307,403.792,0.000137,0.009978
481,16.0,2010,641,34,475,1468,6,61,23,153.93,0.804,0.963,0.072,0.099,0.174,-0.699,1.584,0.3325,2.4413,0.634,0.211,0.046,0.121,0.067,102,57,108,0,1,0,78392.30,4646.605,18339.293,53.002,443.201,12.726,9094.303,3378.723,32.097,9224.835,7379.868,3357.304,1014.827,687.069,0.000156,0.010352
511,17.0,2143,637,34,529,1555,5,54,28,185.42,0.805,0.958,0.073,0.095,0.179,-0.708,1.584,0.3394,2.4599,0.657,0.189,0.042,0.122,0.066,82,59,106,0,1,0,82357.05,5458.909,19507.329,27.589,552.659,11.665,9674.206,3876.799,36.589,11040.318,8832.254,3207.025,1175.173,851.225,0.000169,0.011223
541,18.0,2254,637,34,611,1589,4,50,35,171.76,0.802,0.941,0.073,0.088,0.194,-0.715,1.587,0.3404,2.4398,0.629,0.177,0.045,0.123,0.064,105,61,126,0,1,0,87064.46,6517.982,20464.537,41.726,393.706,8.905,10210.484,4022.016,45.265,10613.296,8490.637,3842.302,1342.311,731.798,0.000210,0.011832
571,19.0,2423,616,34,717,1662,3,41,48,179.00,0.802,0.924,0.074,0.089,0.207,-0.723,1.590,0.3399,2.4156,0.637,0.156,0.042,0.124,0.063,116,57,127,0,1,0,94012.02,7690.310,22670.146,37.249,475.480,10.735,10826.147,4180.003,60.739,12717.806,10174.245,3912.013,1212.003,715.682,0.000255,0.014445
601,20.0,2572,696,31,833,1694,3,42,52,166.37,0.799,0.904,0.078,0.088,0.226,-0.726,1.601,0.3454,2.4022,0.601,0.143,0.049,0.124,0.062,96,63,146,0,4,0,100956.17,9215.232,22887.723,38.486,575.550,11.415,11505.246,4413.953,77.139,13039.156,10431.325,4542.117,1151.533,899.472,0.000193,0.015607
631,21.0,2811,640,31,980,1789,3,39,73,188.95,0.797,0.889,0.081,0.088,0.242,-0.729,1.600,0.3464,2.3918,0.562,0.130,0.037,0.124,0.062,95,42,167,0,1,0,109091.83,10436.068,25710.617,55.767,847.633,11.767,12437.930,4700.548,100.225,16384.494,13107.596,5400.391,1073.694,1077.110,0.000195,0.015415
661,22.0,3050,573,31,1144,1866,2,38,100,174.27,0.793,0.873,0.084,0.088,0.260,-0.735,1.606,0.3489,2.3859,0.543,0.115,0.031,0.124,0.061,122,46,165,0,5,0,117513.80,11902.004,26042.739,41.159,758.580,13.421,13438.477,5030.821,140.677,16478.351,13182.681,5298.278,1319.176,1040.836,0.000248,0.017707
691,23.0,3289,580,31,1330,1921,2,36,138,178.30,0.786,0.853,0.086,0.086,0.279,-0.738,1.604,0.3508,2.3582,0.554,0.109,0.034,0.124,0.060,111,46,202,0,2,0,125595.09,14395.260,27013.643,50.743,1342.415,12.949,14490.792,5281.181,192.082,17715.879,14172.703,6756.856,1366.726,1747.546,0.000247,0.020869
721,24.0,3577,544,31,1562,1981,1,33,187,180.73,0.781,0.833,0.089,0.082,0.299,-0.741,1.614,0.3532,2.3379,0.530,0.097,0.028,0.123,0.059,128,53,208,0,6,0,135270.53,16621.511,28176.478,57.225,1748.186,15.774,15536.250,5423.011,264.181,19995.508,15996.407,6634.193,1367.092,1955.937,0.000210,0.022476
751,25.0,3859,521,27,1814,2011,1,33,253,163.71,0.770,0.810,0.092,0.079,0.321,-0.742,1.619,0.3585,2.3168,0.512,0.092,0.026,0.124,0.058,139,50,207,0,9,0,143908.09,19332.818,26850.218,51.459,2707.416,16.678,16653.236,5890.287,350.735,19463.292,15570.634,6837.282,1536.538,2436.198,0.000164,0.021876
781,26.0,4105,551,27,2088,1979,1,37,340,179.43,0.761,0.780,0.097,0.078,0.347,-0.740,1.620,0.3621,2.2889,0.505,0.087,0.034,0.124,0.057,173,56,284,0,17,0,152607.31,22002.868,28680.995,61.236,3943.967,21.165,17595.403,6038.513,485.909,21596.359,17277.087,8980.909,1381.309,3244.566,0.000160,0.022179
811,27.0,4357,537,27,2401,1922,1,33,471,198.65,0.746,0.752,0.100,0.075,0.375,-0.739,1.624,0.3634,2.2658,0.488,0.073,0.033,0.123,0.055,193,54,311,0,25,0,160668.23,24940.049,28430.678,69.604,3705.723,23.650,18324.149,6012.478,643.859,22869.340,18295.472,10604.106,1519.705,3701.252,0.000244,0.023778
841,28.0,4599,536,27,2716,1844,1,38,636,163.05,0.731,0.724,0.104,0.073,0.402,-0.735,1.626,0.3673,2.2110,0.478,0.070,0.031,0.123,0.054,211,44,343,0,19,0,168246.12,27520.710,28747.287,77.027,5305.305,31.221,19119.145,6047.713,883.585,23222.178,18577.743,11560.231,1803.687,4708.341,0.000236,0.025412
871,29.0,4902,548,27,3063,1796,1,42,871,178.90,0.721,0.701,0.112,0.068,0.425,-0.725,1.631,0.3715,2.1686,0.475,0.060,0.037,0.123,0.054,214,40,361,0,19,0,173819.30,31278.899,28582.459,78.128,8816.482,30.019,19971.531,5944.685,1175.682,26748.932,21399.146,12637.158,2072.634,7214.827,0.000224,0.026135
901,30.0,5148,573,27,3390,1706,0,52,1202,185.18,0.715,0.677,0.119,0.064,0.448,-0.712,1.636,0.3694,2.0894,0.470,0.056,0.036,0.123,0.053,254,34,418,0,27,0,176837.88,34387.123,28280.704,92.751,11034.088,37.512,21025.458,6065.937,1633.758,27134.590,21707.673,15002.260,2090.067,8497.613,0.000155,0.026843
931,31.0,5381,559,27,3680,1644,1,56,1608,181.65,0.711,0.663,0.128,0.064,0.465,-0.695,1.640,0.3727,2.0396,0.448,0.045,0.036,0.124,0.053,286,30,441,0,41,0,175350.58,37286.600,27651.872,102.177,15583.605,46.201,21944.614,6079.920,2212.494,28893.660,23114.929,16596.761,2088.819,11826.608,0.000296,0.026023
961,32.0,5571,587,27,3948,1564,1,58,2047,165.87,0.703,0.651,0.138,0.061,0.481,-0.673,1.643,0.3797,2.0057,0.451,0.027,0.036,0.124,0.054,317,28,477,0,53,0,166146.97,39126.266,25019.488,108.265,20668.507,56.430,22902.302,6077.815,2935.587,29549.942,23639.954,19037.598,2247.710,14346.623,0.000285,0.023333
991,33.0,5661,724,27,4089,1507,1,64,2476,160.26,0.701,0.647,0.146,0.060,0.491,-0.650,1.647,0.3778,2.0128,0.466,0.019,0.033,0.124,0.055,355,23,472,0,71,0,157120.89,41893.553,23897.948,113.040,22472.618,63.396,23534.416,6036.650,3628.515,27358.648,21886.919,19864.228,1165.661,15229.411,0.000342,0.021106
1021,34.0,5758,722,27,4189,1508,1,60,2907,139.82,0.701,0.647,0.155,0.060,0.496,-0.638,1.650,0.3744,2.0167,0.466,0.014,0.033,0.124,0.055,330,11,452,0,92,0,149362.33,43204.712,25900.888,103.066,22855.192,67.625,24165.132,6260.196,4315.208,27792.863,22234.291,20094.247,1172.387,15401.491,0.000226,0.020081
1051,35.0,5802,621,27,4248,1495,0,59,3265,140.90,0.699,0.646,0.164,0.059,0.500,-0.625,1.655,0.3765,2.0314,0.468,0.012,0.026,0.125,0.055,307,13,470,0,110,0,139659.70,44236.752,26061.951,113.001,23019.438,69.797,24593.509,6246.176,4938.452,27499.198,21999.359,21993.578,882.092,15960.684,0.000270,0.019451
1081,36.0,5760,627,27,4244,1452,0,64,3552,178.13,0.697,0.643,0.176,0.055,0.505,-0.612,1.660,0.3746,2.0131,0.473,0.008,0.028,0.126,0.055,304,8,437,0,145,0,128418.86,44064.502,22779.086,108.446,22996.473,73.183,24592.464,6152.881,5491.570,23937.214,19149.771,20582.370,959.409,15626.738,0.000258,0.021101
1111,37.0,5686,614,27,4196,1425,0,65,3758,162.08,0.698,0.643,0.187,0.054,0.507,-0.596,1.666,0.3739,1.9863,0.475,0.004,0.026,0.126,0.055,283,12,408,0,129,0,118128.67,43653.294,22992.708,107.221,23088.153,72.952,24660.581,6279.699,5891.659,21615.801,17292.641,19379.323,961.432,15547.558,0.000188,0.021171
1141,38.0,5543,570,27,4090,1384,0,69,3819,178.21,0.701,0.644,0.196,0.053,0.508,-0.581,1.672,0.3735,1.9610,0.487,0.002,0.025,0.127,0.056,283,5,379,0,163,0,108989.48,42415.291,22162.411,96.279,20776.350,79.630,24444.372,6134.390,6112.235,19084.672,15267.738,17942.787,863.927,14498.528,0.000206,0.018616
1171,39.0,5419,594,27,3983,1367,0,69,3745,253.15,0.703,0.648,0.204,0.053,0.508,-0.572,1.679,0.3756,1.9468,0.497,0.002,0.023,0.127,0.057,268,10,285,0,169,0,103842.58,41755.304,19851.098,77.940,17541.393,77.266,24036.587,5997.413,6128.323,15829.151,12663.321,14323.926,647.404,12531.753,0.000234,0.016526
1201,40.0,5270,659,25,3883,1319,0,68,3588,214.26,0.700,0.647,0.213,0.052,0.510,-0.568,1.685,0.3747,1.9475,0.508,0.002,0.019,0.127,0.057,270,8,264,0,149,0,99323.89,40267.105,17445.750,74.542,15347.616,82.484,23587.470,5827.006,5950.866,12755.592,10204.474,12983.376,427.411,10978.840,0.000170,0.014773
1231,41.0,5145,641,25,3774,1305,0,66,3470,232.19,0.703,0.651,0.223,0.053,0.509,-0.562,1.692,0.3741,1.9200,0.523,0.002,0.020,0.127,0.058,249,11,222,0,159,0,97023.17,39448.668,17065.704,64.396,15029.118,77.722,23017.093,5423.367,5739.308,12486.353,9989.082,10978.613,230.799,10993.037,0.000159,0.015420
1261,42.0,5117,576,25,3674,1375,0,68,3356,300.95,0.718,0.666,0.235,0.054,0.500,-0.564,1.696,0.3716,1.9182,0.531,0.002,0.021,0.128,0.058,230,9,156,0,152,0,96301.52,37882.754,17621.280,41.020,16299.964,78.029,23206.800,5581.552,5576.162,13626.045,10900.836,7781.953,238.808,11156.221,0.000212,0.017410
1291,43.0,5007,489,25,3553,1387,0,67,3259,303.30,0.726,0.675,0.246,0.055,0.496,-0.565,1.701,0.3733,1.9008,0.540,0.001,0.023,0.128,0.059,243,14,167,0,192,0,93783.88,36015.365,17781.603,42.695,15281.502,74.598,23575.411,5922.851,5420.628,12214.986,9771.989,7949.314,582.325,10463.774,0.000162,0.018149
1321,44.0,4858,442,25,3428,1368,0,62,3088,320.57,0.728,0.680,0.256,0.055,0.494,-0.568,1.707,0.3758,1.8880,0.550,0.002,0.022,0.129,0.057,234,12,181,0,178,0,88412.77,34252.464,15183.519,49.875,13720.542,77.060,23209.093,5867.581,5238.996,10406.622,8325.298,8587.084,346.350,9526.556,0.000261,0.020630
1351,45.0,4712,416,22,3281,1374,0,57,3034,329.08,0.737,0.690,0.266,0.056,0.489,-0.570,1.713,0.3713,1.8858,0.552,0.001,0.024,0.129,0.057,227,19,119,0,196,0,85366.56,32293.930,15458.152,29.028,12794.050,70.660,22992.592,5719.969,5082.535,8915.769,7132.615,6235.929,382.937,8630.194,0.000216,0.021994
1381,46.0,4523,359,22,3143,1325,0,55,2869,360.41,0.735,0.693,0.276,0.056,0.490,-0.572,1.720,0.3721,1.8745,0.567,0.001,0.022,0.130,0.057,217,18,119,0,207,0,81960.24,30626.273,13949.368,26.100,11501.884,70.194,22471.998,5379.614,4933.516,7120.737,5696.590,5664.029,398.133,7736.630,0.000142,0.022397
1411,47.0,4345,372,22,3004,1293,0,48,2758,394.52,0.737,0.697,0.286,0.057,0.489,-0.569,1.727,0.3718,1.8792,0.571,0.001,0.025,0.131,0.058,192,19,111,0,183,0,77545.03,28229.077,12579.041,24.146,10680.324,75.293,21630.708,5028.123,4677.973,6284.846,5027.877,5297.504,213.096,7143.098,0.000153,0.022089
1441,48.0,4159,391,22,2846,1270,0,43,2605,440.12,0.744,0.705,0.297,0.058,0.485,-0.570,1.734,0.3689,1.8924,0.589,0.001,0.024,0.132,0.058,196,30,83,0,201,0,73226.20,26368.928,11787.739,17.301,9592.107,65.515,21194.056,4914.526,4517.377,6112.440,4889.952,3983.972,305.042,6355.330,0.000123,0.021314
1471,49.0,3982,341,22,2718,1222,0,42,2464,446.42,0.746,0.707,0.304,0.058,0.485,-0.573,1.740,0.3672,1.9131,0.612,0.002,0.021,0.133,0.058,169,21,83,0,186,0,69283.84,25013.955,11841.373,16.609,9002.359,69.130,20434.529,4764.548,4240.924,5438.350,4350.680,4286.082,199.545,5801.002,0.000128,0.021008
1501,50.0,3803,268,22,2589,1174,0,40,2282,452.89,0.746,0.710,0.308,0.058,0.485,-0.578,1.746,0.3657,1.9132,0.613,0.002,0.016,0.133,0.057,173,27,66,0,197,0,65027.01,23177.018,11009.111,15.194,8764.367,63.936,19837.600,4783.038,3971.146,5212.872,4170.298,3175.428,186.243,5462.132,0.000212,0.022898
1531,51.0,3608,278,22,2465,1107,0,36,2171,470.74,0.744,0.710,0.310,0.058,0.488,-0.584,1.752,0.3691,1.9234,0.623,0.002,0.017,0.134,0.056,140,24,67,0,188,0,59679.45,21237.653,9578.127,11.921,7360.863,62.839,19060.162,4649.949,3717.179,4043.542,3234.834,3155.030,113.606,4670.626,0.000170,0.025093
1561,52.0,3372,310,22,2347,995,0,30,1927,450.70,0.730,0.701,0.312,0.056,0.497,-0.587,1.759,0.3669,1.9287,0.631,0.003,0.020,0.135,0.055,155,37,78,0,191,0,54006.08,19985.154,8421.258,12.148,6519.456,70.549,17921.444,4263.921,3405.899,3297.743,2638.194,3509.018,70.940,4261.162,0.000156,0.025924
1591,53.0,3168,282,22,2213,929,0,26,1735,551.25,0.726,0.699,0.317,0.056,0.500,-0.590,1.766,0.3675,1.9367,0.654,0.003,0.018,0.135,0.055,163,34,45,0,180,0,50526.36,18449.302,8206.105,7.118,6157.868,64.517,16742.042,3960.280,3079.482,2560.065,2048.052,2004.433,79.967,3764.024,0.000191,0.025633
1621,54.0,2981,330,22,2088,873,0,20,1484,612.33,0.722,0.700,0.321,0.056,0.501,-0.595,1.772,0.3657,1.9468,0.655,0.003,0.017,0.136,0.055,145,44,33,0,159,0,47200.05,17199.486,6842.034,7.412,5432.369,63.620,15693.183,3598.060,2672.234,2257.374,1805.899,1588.639,38.729,3332.929,0.000224,0.024766
1651,55.0,2825,309,21,1992,816,0,17,1311,570.14,0.717,0.697,0.325,0.055,0.505,-0.600,1.776,0.3649,1.9524,0.663,0.003,0.019,0.137,0.054,153,40,40,0,147,0,44286.25,15837.677,7388.928,7.614,5052.366,64.960,14862.710,3403.759,2295.351,3229.061,2583.249,1890.110,65.849,2984.426,0.000184,0.025796
1681,56.0,2687,275,21,1916,759,0,12,1183,561.02,0.707,0.691,0.327,0.055,0.511,-0.602,1.781,0.3639,1.9555,0.686,0.003,0.026,0.137,0.053,175,47,30,0,116,0,41978.71,14854.802,6725.477,5.742,4584.164,68.991,14106.016,3118.629,2023.074,2564.774,2051.819,1314.296,105.330,2713.254,0.000144,0.027086
1711,57.0,2567,281,21,1832,724,0,11,1071,593.18,0.706,0.692,0.332,0.055,0.513,-0.604,1.782,0.3662,1.9637,0.692,0.003,0.020,0.138,0.052,141,43,25,0,101,0,39141.39,14224.680,5410.470,3.181,4344.268,66.620,13519.352,2905.456,1833.180,2243.479,1794.783,1072.251,203.832,2492.884,0.000109,0.026648
1741,58.0,2416,253,21,1759,647,0,10,938,553.15,0.691,0.679,0.329,0.054,0.523,-0.606,1.784,0.3668,1.9538,0.700,0.003,0.026,0.138,0.051,141,50,34,0,105,0,36674.33,13493.116,5496.229,6.821,4156.915,63.501,12764.827,2699.372,1580.143,1857.149,1485.719,1566.209,83.371,2397.874,0.000050,0.026430
1771,59.0,2299,308,21,1686,606,0,7,811,584.72,0.685,0.676,0.332,0.054,0.527,-0.609,1.789,0.3660,1.9720,0.684,0.003,0.029,0.139,0.050,141,41,18,0,93,0,35032.51,12692.894,4725.101,2.562,3891.160,75.238,11980.486,2476.943,1381.802,1666.033,1332.826,696.187,28.354,2165.404,0.000162,0.026336
1801,60.0,2195,313,21,1623,568,0,4,691,668.41,0.682,0.673,0.337,0.054,0.531,-0.618,1.795,0.3642,1.9948,0.693,0.003,0.021,0.139,0.049,145,44,12,0,90,0,33938.26,12182.291,4932.850,1.048,3618.814,70.132,11551.908,2401.342,1191.006,1937.207,1549.765,563.072,96.813,2018.857,0.000110,0.026729
1831,61.0,2135,327,21,1588,544,0,3,628,637.63,0.678,0.671,0.338,0.053,0.534,-0.624,1.799,0.3590,2.0095,0.687,0.003,0.027,0.140,0.048,165,31,16,0,52,0,33565.89,11950.187,5000.570,1.650,3655.670,73.158,11043.042,2291.084,1010.742,1830.239,1464.191,565.460,64.781,1983.618,0.000097,0.027705
1861,62.0,2091,365,21,1553,536,0,2,564,664.09,0.679,0.673,0.347,0.053,0.534,-0.628,1.798,0.3623,2.0188,0.692,0.002,0.026,0.140,0.047,152,41,12,0,44,0,33626.54,11771.186,5191.577,1.166,3647.285,65.043,10828.162,2157.877,910.846,2338.426,1870.741,503.330,65.020,1970.361,0.000143,0.027998
1891,63.0,2050,377,21,1516,532,0,2,503,698.91,0.681,0.678,0.353,0.054,0.533,-0.629,1.800,0.3587,2.0388,0.723,0.001,0.028,0.140,0.048,146,35,12,0,46,0,33993.33,11672.621,5530.924,1.220,3685.596,75.731,10759.404,2201.464,799.599,2305.981,1844.785,581.583,71.856,1962.877,0.000092,0.028796
1921,64.0,2016,379,21,1490,524,0,2,436,725.66,0.681,0.680,0.352,0.054,0.532,-0.634,1.803,0.3590,2.0804,0.698,0.003,0.030,0.140,0.048,156,33,9,0,42,0,34983.46,11870.572,5760.251,0.826,3728.630,65.016,10724.112,2212.026,710.293,2259.613,1807.690,547.455,78.815,1916.893,0.000120,0.027455
1951,65.0,2008,403,21,1479,526,0,3,408,676.22,0.683,0.685,0.359,0.055,0.531,-0.637,1.805,0.3596,2.0910,0.700,0.003,0.036,0.140,0.050,162,32,9,0,26,0,36284.82,12064.237,5710.522,0.662,3662.930,64.672,10642.183,2174.293,621.409,2694.779,2155.823,458.683,149.727,1888.812,0.000107,0.026478
1981,66.0,1989,447,21,1464,523,0,2,388,621.04,0.681,0.688,0.363,0.057,0.531,-0.646,1.807,0.3618,2.1337,0.680,0.004,0.032,0.141,0.049,148,31,24,0,20,0,37695.75,12435.199,6299.242,3.410,4189.252,67.296,10683.889,2246.564,586.278,2583.044,2066.435,1096.967,142.303,2054.306,0.000075,0.026719
2011,67.0,2039,458,21,1458,579,0,2,395,606.99,0.700,0.711,0.376,0.060,0.518,-0.650,1.807,0.3606,2.1666,0.701,0.003,0.028,0.141,0.050,141,24,14,0,14,0,40041.74,12745.521,7253.199,1.254,4580.332,71.308,10951.616,2309.341,566.598,4630.893,3704.715,615.125,163.276,2121.853,0.000114,0.027374
2041,68.0,2067,493,21,1458,607,0,2,368,561.21,0.711,0.720,0.386,0.062,0.511,-0.656,1.808,0.3623,2.1669,0.699,0.003,0.023,0.141,0.050,143,17,35,0,21,0,41425.10,13323.990,7798.785,4.191,5188.037,59.740,11451.637,2502.559,552.457,4594.813,3675.850,1636.061,156.211,2525.715,0.000088,0.027074
2071,69.0,2094,519,21,1458,634,0,2,366,508.86,0.721,0.731,0.400,0.064,0.505,-0.662,1.808,0.3571,2.1501,0.699,0.003,0.028,0.141,0.051,150,17,38,0,23,0,44292.37,13922.632,9241.552,2.368,5278.458,59.999,11825.978,2585.697,536.939,4839.366,3871.493,1584.745,271.439,2526.611,0.000086,0.027445
2101,70.0,2140,507,20,1460,679,0,1,369,452.38,0.737,0.747,0.414,0.066,0.496,-0.664,1.810,0.3573,2.1967,0.681,0.003,0.031,0.142,0.051,140,24,32,0,15,0,48261.54,14438.659,10316.514,2.822,5240.526,73.121,12282.893,2679.428,527.120,5363.653,4290.923,1528.442,264.012,2434.208,0.000095,0.027889
2131,71.0,2215,534,20,1468,746,0,1,350,437.70,0.760,0.768,0.431,0.070,0.483,-0.667,1.812,0.3533,2.2231,0.695,0.003,0.025,0.142,0.053,131,12,49,0,17,0,51170.25,15350.046,11409.187,5.159,6276.529,60.180,13144.258,3066.420,512.832,7042.213,5633.770,2363.383,309.338,3051.009,0.000139,0.028536
2161,72.0,2295,559,20,1463,831,0,1,361,449.78,0.785,0.794,0.447,0.072,0.466,-0.673,1.811,0.3548,2.2174,0.691,0.003,0.022,0.143,0.056,129,20,51,0,18,0,54623.92,16061.276,12652.282,5.554,6981.513,55.858,13942.485,3313.011,500.851,7898.152,6318.521,2285.449,408.074,3235.942,0.000141,0.029699
2191,73.0,2385,538,20,1480,904,0,1,353,408.19,0.804,0.812,0.464,0.074,0.455,-0.674,1.811,0.3519,2.2175,0.670,0.006,0.023,0.144,0.059,150,24,68,0,17,0,58899.72,16989.764,14931.585,6.379,7003.228,57.892,14827.307,3578.777,514.047,9026.901,7221.521,3002.350,723.956,3200.106,0.000125,0.029712
2221,74.0,2487,510,20,1496,990,0,1,371,302.13,0.823,0.830,0.480,0.077,0.442,-0.680,1.811,0.3497,2.1993,0.681,0.007,0.023,0.144,0.062,137,23,65,0,13,0,62970.50,17851.126,15427.382,6.335,8208.883,50.472,15835.825,4020.392,521.098,9391.680,7513.344,2971.733,352.998,3633.682,0.000252,0.027278
2251,75.0,2556,544,20,1516,1039,0,1,390,267.97,0.833,0.843,0.497,0.077,0.436,-0.682,1.809,0.3474,2.2060,0.671,0.007,0.022,0.145,0.064,150,26,103,0,14,0,65921.70,18800.133,16437.342,8.441,8322.487,51.819,16744.077,4238.532,553.584,9653.638,7722.910,4465.325,413.327,3949.148,0.000174,0.026688
2281,76.0,2664,570,20,1543,1120,0,1,428,273.98,0.849,0.862,0.520,0.080,0.428,-0.683,1.807,0.3491,2.2221,0.665,0.007,0.022,0.145,0.065,137,19,83,0,10,0,70641.72,19563.294,17827.859,8.520,8276.536,45.634,17663.044,4482.426,598.563,10045.935,8036.748,3647.920,502.040,3776.466,0.000135,0.025285
2311,77.0,2811,525,20,1569,1241,0,1,471,275.15,0.872,0.887,0.544,0.082,0.415,-0.685,1.803,0.3448,2.2286,0.661,0.007,0.021,0.146,0.067,133,26,68,0,17,0,76309.38,20874.103,19541.568,5.969,9981.056,45.921,19084.675,4875.135,660.389,11871.277,9497.022,2801.216,549.402,4408.901,0.000176,0.023330
2341,78.0,2931,450,20,1595,1335,0,1,516,253.85,0.891,0.904,0.566,0.086,0.405,-0.685,1.802,0.3459,2.2092,0.667,0.008,0.021,0.146,0.069,146,25,107,0,12,0,81387.26,21814.546,21396.053,9.709,10068.914,45.616,20601.078,5341.576,713.718,12318.590,9854.872,4101.864,395.927,4524.552,0.000224,0.022422
2371,79.0,3076,476,20,1620,1455,0,1,547,288.86,0.910,0.924,0.590,0.088,0.394,-0.689,1.802,0.3443,2.2118,0.633,0.009,0.017,0.147,0.071,134,29,87,0,26,0,85463.29,22832.682,21503.858,6.683,11534.157,41.461,22029.170,5865.735,764.394,13294.804,10635.843,3644.652,385.715,4918.564,0.000137,0.023041
2401,80.0,3219,434,20,1643,1575,0,1,578,319.63,0.930,0.942,0.611,0.089,0.383,-0.693,1.803,0.3443,2.1928,0.650,0.008,0.016,0.147,0.074,133,29,89,0,31,0,91271.86,23845.809,24090.460,6.239,10742.372,38.082,23738.393,6220.498,824.043,13517.672,10814.138,3782.553,279.120,4585.798,0.000152,0.022987
2431,81.0,3341,437,20,1684,1655,0,2,628,297.84,0.938,0.949,0.636,0.091,0.379,-0.695,1.800,0.3393,2.1751,0.642,0.010,0.016,0.147,0.074,122,36,117,0,33,0,95366.96,25281.434,24656.032,8.465,11893.767,33.127,24975.480,6728.607,876.144,14008.169,11206.536,5025.933,326.429,5116.600,0.000170,0.023017
2461,82.0,3451,444,20,1728,1720,0,3,664,262.46,0.946,0.953,0.657,0.093,0.377,-0.698,1.798,0.3382,2.1818,0.640,0.006,0.016,0.147,0.073,119,38,106,0,36,0,99336.98,26158.216,25410.764,8.874,13089.095,36.047,26407.290,7011.915,952.945,13231.652,10585.322,4831.154,477.682,5280.516,0.000147,0.023046
2491,83.0,3575,432,20,1761,1811,0,3,736,235.01,0.956,0.967,0.681,0.097,0.372,-0.702,1.794,0.3391,2.1766,0.622,0.006,0.015,0.147,0.073,95,41,122,0,36,0,103486.20,26686.153,27567.640,8.216,13236.585,28.429,27689.410,7369.342,1013.937,14990.336,11992.269,5134.282,475.511,5432.251,0.000225,0.024134
2521,84.0,3664,396,20,1809,1852,0,3,812,225.55,0.959,0.969,0.705,0.098,0.373,-0.706,1.791,0.3385,2.1594,0.621,0.006,0.016,0.148,0.074,112,41,165,0,32,0,105926.79,27916.687,27972.152,11.284,13122.480,30.989,28879.716,7652.576,1123.367,14996.946,11997.557,6995.918,368.950,5439.609,0.000198,0.023412
2551,85.0,3730,436,20,1870,1857,0,3,924,315.01,0.954,0.966,0.734,0.101,0.379,-0.710,1.788,0.3348,2.1488,0.600,0.005,0.014,0.148,0.073,106,49,170,0,36,0,107616.73,29233.804,27660.929,13.758,13989.791,36.301,29721.208,7649.249,1272.908,14187.840,11350.272,7472.223,504.141,5761.255,0.000206,0.021301
2581,86.0,3813,392,20,1926,1886,0,1,1041,314.26,0.954,0.964,0.760,0.104,0.382,-0.711,1.784,0.3331,2.1460,0.602,0.004,0.012,0.147,0.072,122,45,178,0,45,0,111267.07,30134.177,30286.249,12.917,14123.870,31.195,30661.084,7671.122,1472.099,15834.515,12667.613,7666.420,508.484,5636.885,0.000254,0.019834
2611,87.0,3897,409,20,1995,1901,0,1,1145,207.08,0.950,0.958,0.788,0.106,0.387,-0.716,1.780,0.3299,2.1229,0.595,0.005,0.014,0.147,0.072,120,42,197,0,52,0,112679.59,31301.931,29585.570,15.831,14866.425,35.839,31650.545,7918.295,1639.899,16991.790,13593.432,8629.281,309.753,5944.688,0.000175,0.019011
2641,88.0,3978,376,20,2054,1924,0,0,1247,306.46,0.950,0.956,0.811,0.108,0.391,-0.722,1.778,0.3284,2.0987,0.584,0.006,0.014,0.146,0.072,138,45,202,0,57,0,114810.49,32136.893,30515.602,14.411,15366.487,31.681,32430.020,7871.974,1799.351,17640.628,14112.502,8394.015,521.160,5991.351,0.000250,0.018373
2671,89.0,4094,395,20,2110,1984,0,0,1367,296.17,0.954,0.962,0.838,0.112,0.391,-0.726,1.776,0.3263,2.0910,0.589,0.008,0.013,0.146,0.072,140,41,177,0,65,0,116301.44,33366.039,29463.622,11.261,16900.403,38.420,33481.906,8162.613,1992.315,18233.577,14586.862,7427.154,396.925,6242.343,0.000288,0.014925
2701,90.0,4168,383,19,2156,2012,0,0,1546,284.10,0.954,0.961,0.860,0.117,0.393,-0.729,1.776,0.3263,2.0881,0.576,0.004,0.012,0.146,0.072,139,38,185,0,78,0,118281.31,34210.505,31126.230,13.605,17811.140,40.702,34743.192,8141.242,2252.958,17183.975,13747.180,7791.900,461.388,6542.991,0.000207,0.015896
2731,91.0,4237,392,19,2197,2040,0,0,1693,354.89,0.955,0.961,0.877,0.120,0.394,-0.732,1.774,0.3259,2.0932,0.572,0.005,0.014,0.146,0.070,120,37,164,0,93,0,119861.91,34185.205,30829.847,14.186,16819.951,41.551,35413.347,8218.943,2550.603,16722.807,13378.246,7440.068,384.498,6096.628,0.000196,0.016589
2761,92.0,4383,374,19,2225,2158,0,0,1900,348.57,0.969,0.975,0.899,0.125,0.387,-0.735,1.772,0.3250,2.0906,0.579,0.004,0.013,0.147,0.072,141,41,136,0,73,0,122673.25,35053.556,32463.337,11.703,18469.933,38.477,36810.342,8710.146,2882.246,18467.957,14774.366,5866.500,459.843,6294.582,0.000216,0.016668
2791,93.0,4388,344,19,2216,2172,0,0,2062,373.37,0.973,0.979,0.914,0.131,0.385,-0.739,1.773,0.3227,2.0904,0.594,0.003,0.013,0.148,0.072,112,49,178,0,114,0,119249.74,35213.034,30439.789,14.444,19366.947,38.906,38255.124,8962.142,3234.400,16448.144,13158.515,8113.805,493.158,6742.517,0.000292,0.020188
2821,94.0,4302,352,19,2200,2102,0,0,2190,291.11,0.969,0.973,0.922,0.137,0.389,-0.744,1.774,0.3217,2.0794,0.586,0.004,0.015,0.148,0.071,131,35,247,0,132,0,114824.31,34966.055,31628.176,19.004,19412.765,36.159,38309.201,8829.975,3525.907,15741.249,12592.999,10082.674,426.427,6716.236,0.000122,0.020799
2851,95.0,4246,377,18,2170,2076,0,0,2267,399.24,0.970,0.976,0.930,0.141,0.390,-0.747,1.776,0.3210,2.0738,0.601,0.002,0.015,0.148,0.070,128,39,202,0,132,0,111637.73,34950.553,30101.214,16.346,17691.339,40.203,37859.673,8661.173,3725.678,15291.295,12233.036,8608.651,254.356,6086.904,0.000198,0.021654
2881,96.0,4142,330,18,2125,2017,0,0,2318,324.28,0.970,0.975,0.935,0.146,0.391,-0.749,1.779,0.3213,2.0569,0.602,0.002,0.016,0.148,0.070,128,24,234,0,145,0,106350.52,33996.007,29751.344,17.676,17602.559,41.243,37391.854,8414.797,3865.144,14609.493,11687.594,9957.794,331.445,6169.309,0.000161,0.022068
2911,97.0,4021,336,18,2092,1929,0,0,2255,399.61,0.964,0.968,0.939,0.148,0.397,-0.754,1.779,0.3208,2.0580,0.604,0.001,0.016,0.147,0.070,114,30,205,0,164,0,101055.27,33236.572,28043.027,16.319,16920.363,38.346,36588.379,8082.160,3887.170,13245.344,10596.275,9234.588,373.176,5776.624,0.000167,0.021626
2941,98.0,3883,343,18,2065,1818,0,0,2238,325.37,0.954,0.957,0.935,0.148,0.405,-0.755,1.782,0.3176,2.0555,0.622,0.000,0.017,0.147,0.069,122,41,207,0,148,0,96013.28,32351.611,27007.290,15.568,16510.405,41.250,35135.158,7763.936,3839.908,12606.313,10085.051,9301.260,331.934,5522.995,0.000154,0.022168
2971,99.0,3748,365,18,2010,1738,0,0,2157,374.67,0.949,0.953,0.937,0.152,0.409,-0.757,1.784,0.3189,2.0389,0.619,0.001,0.013,0.146,0.068,131,24,180,0,181,0,92091.13,31376.304,26847.053,13.561,15572.871,40.626,33993.725,7219.506,3780.712,12263.412,9810.730,9025.350,507.445,5179.650,0.000166,0.022141
3001,100.0,3618,408,18,1968,1650,0,0,1982,400.75,0.943,0.945,0.937,0.155,0.414,-0.760,1.784,0.3168,2.0257,0.627,0.001,0.015,0.145,0.067,117,38,179,0,145,0,88787.95,30038.507,25099.201,12.948,15020.244,43.667,32962.826,6813.649,3548.997,11379.023,9103.218,7804.293,168.423,4879.845,0.000205,0.020058
3031,101.0,3491,383,18,1923,1568,0,0,1822,441.49,0.937,0.940,0.940,0.159,0.419,-0.763,1.786,0.3163,2.0194,0.636,0.001,0.017,0.145,0.066,131,30,178,0,155,0,85608.59,28608.492,25027.289,13.010,14010.301,42.057,31812.325,6335.909,3249.759,11508.379,9206.703,7922.271,488.738,4717.471,0.000184,0.019288
3061,102.0,3329,373,18,1865,1464,0,0,1682,415.14,0.930,0.929,0.941,0.161,0.426,-0.765,1.788,0.3163,2.0007,0.652,0.001,0.019,0.145,0.065,133,36,221,0,138,0,79474.85,27687.105,22927.290,17.098,13578.610,46.019,30651.092,6065.628,3025.341,11583.699,9266.959,9584.384,453.999,4668.053,0.000208,0.019539
3091,103.0,3197,381,18,1798,1399,0,0,1528,473.85,0.930,0.927,0.948,0.165,0.428,-0.767,1.790,0.3170,1.9876,0.663,0.001,0.020,0.145,0.064,139,35,180,1,133,0,75890.99,26363.936,22863.821,11.801,12941.011,53.175,29294.644,5630.015,2743.629,10826.495,8661.196,8126.567,519.649,4343.619,0.000210,0.021768
3121,104.0,3077,397,18,1743,1334,0,0,1439,438.88,0.927,0.923,0.951,0.168,0.431,-0.768,1.795,0.3150,1.9835,0.657,0.001,0.019,0.145,0.063,120,36,157,0,112,0,71761.47,24504.402,20679.701,9.460,11969.283,50.901,28433.100,5418.730,2543.780,9221.546,7377.237,6681.629,461.987,3939.549,0.000167,0.023629
3151,105.0,2949,400,18,1674,1275,0,0,1357,494.02,0.926,0.922,0.950,0.171,0.432,-0.769,1.798,0.3158,1.9887,0.673,0.001,0.020,0.145,0.063,127,47,148,0,123,0,67561.16,23068.816,19917.330,9.842,10759.005,50.966,27330.599,5278.424,2362.769,9450.673,7560.538,6347.791,361.229,3625.352,0.000229,0.024431
3181,106.0,2815,410,18,1616,1199,0,0,1271,478.48,0.921,0.916,0.946,0.170,0.437,-0.770,1.802,0.3125,1.9931,0.676,0.001,0.018,0.145,0.063,138,37,136,0,115,0,62981.79,21640.874,17426.087,6.995,9934.159,53.976,26231.226,5029.249,2235.755,7756.599,6205.279,5041.165,278.453,3286.161,0.000151,0.023859
3211,107.0,2682,407,18,1552,1130,0,0,1183,455.36,0.919,0.914,0.940,0.171,0.441,-0.771,1.807,0.3125,1.9882,0.681,0.001,0.014,0.145,0.063,128,45,123,0,111,0,59005.79,20084.646,17206.547,8.241,9100.099,49.345,25125.690,4693.111,2065.567,7366.584,5893.268,4823.968,79.224,3014.557,0.000135,0.022989
3241,108.0,2534,362,18,1458,1076,0,0,1065,600.81,0.924,0.919,0.943,0.174,0.440,-0.773,1.814,0.3111,1.9968,0.708,0.001,0.016,0.146,0.065,114,64,96,1,128,0,54836.93,18620.011,16686.623,6.575,9129.070,50.560,24150.656,4445.928,1902.734,7181.591,5745.273,4268.358,348.969,2929.095,0.000095,0.022239
3271,109.0,2388,377,18,1384,1004,0,0,974,556.80,0.923,0.915,0.939,0.176,0.443,-0.780,1.820,0.3082,1.9851,0.712,0.000,0.019,0.145,0.065,118,54,99,0,109,0,50192.04,17308.841,15309.553,6.104,7709.774,47.065,22842.249,4185.653,1703.749,5910.707,4728.566,4596.492,374.889,2384.220,0.000144,0.021154
3301,110.0,2245,346,18,1306,939,0,0,828,643.04,0.922,0.912,0.937,0.176,0.444,-0.785,1.827,0.3072,1.9691,0.729,0.000,0.017,0.144,0.065,101,65,77,0,114,0,46537.89,15754.357,14274.312,5.183,6705.119,51.520,21511.597,3901.559,1497.840,5838.729,4670.984,3377.031,215.311,2016.918,0.000113,0.021311
3331,111.0,2084,365,18,1236,848,0,0,720,593.03,0.911,0.902,0.932,0.177,0.453,-0.786,1.829,0.3038,1.9690,0.731,0.000,0.013,0.142,0.064,109,81,70,0,91,0,42243.15,14626.774,12459.396,4.576,6395.336,50.014,20316.073,3645.982,1288.164,4165.841,3332.673,3135.534,225.495,1941.073,0.000175,0.022709
3361,112.0,1928,351,18,1171,757,0,0,604,607.01,0.896,0.887,0.919,0.171,0.463,-0.789,1.832,0.3047,1.9762,0.737,0.001,0.016,0.142,0.063,108,78,68,0,84,0,38507.44,13275.792,11409.002,4.813,5683.147,47.791,18547.027,3264.065,1079.326,3818.679,3054.943,2948.335,99.438,1723.387,0.000108,0.022037
3391,113.0,1822,334,18,1114,708,0,0,526,664.76,0.893,0.884,0.913,0.172,0.467,-0.789,1.835,0.3047,1.9894,0.742,0.000,0.018,0.143,0.062,120,60,48,0,71,0,35819.69,12101.295,10652.701,3.335,4990.529,55.555,17278.919,3028.560,921.352,3815.730,3052.584,1884.260,104.888,1463.956,0.000169,0.020591
3421,114.0,1704,338,18,1037,667,0,0,429,792.38,0.895,0.887,0.913,0.173,0.465,-0.791,1.837,0.2984,1.9935,0.750,0.000,0.021,0.143,0.063,101,76,41,0,61,0,32823.62,10970.656,9427.174,2.232,4463.546,51.765,16293.360,2765.400,759.333,3076.323,2461.058,1576.504,110.595,1275.676,0.000153,0.020311
3451,115.0,1584,340,17,974,610,0,0,364,730.22,0.888,0.880,0.904,0.174,0.470,-0.790,1.845,0.2982,2.0011,0.765,0.000,0.028,0.142,0.062,94,80,39,0,53,0,29593.35,10000.430,8507.509,2.718,3520.592,50.784,15280.661,2632.514,616.986,2698.833,2159.066,1480.561,149.785,1040.646,0.000092,0.020868
3481,116.0,1483,319,17,922,561,0,0,301,564.95,0.879,0.873,0.890,0.171,0.475,-0.789,1.849,0.2983,2.0032,0.776,0.000,0.018,0.143,0.062,119,83,33,0,42,0,27685.98,9405.954,8517.441,2.254,3198.334,52.748,14141.097,2330.343,519.850,2935.570,2348.456,1200.856,112.441,941.323,0.000126,0.021341
3511,117.0,1400,308,17,884,516,0,0,248,595.04,0.867,0.863,0.878,0.166,0.483,-0.793,1.854,0.2964,2.0179,0.772,0.000,0.019,0.142,0.060,95,75,24,0,34,0,25332.57,8776.607,7148.720,1.479,3143.370,53.597,13203.346,2209.001,417.453,2569.570,2055.656,1034.087,26.998,875.419,0.000074,0.022023
3541,118.0,1311,344,17,855,456,0,0,209,581.41,0.842,0.839,0.861,0.158,0.498,-0.797,1.855,0.2974,2.0312,0.779,0.000,0.020,0.142,0.058,108,72,32,0,25,0,23218.31,8303.235,6702.805,1.666,3077.512,44.101,12232.649,2014.114,344.306,2061.564,1649.252,1209.313,38.968,870.298,0.000168,0.022245
3571,119.0,1245,342,17,816,429,0,0,168,631.45,0.838,0.836,0.856,0.157,0.501,-0.801,1.859,0.2990,2.0432,0.779,0.000,0.016,0.141,0.057,118,68,23,0,23,0,22173.39,7872.227,6861.212,1.115,2613.508,51.873,11415.704,1900.522,284.448,2484.370,1987.496,863.575,150.001,668.345,0.000111,0.020527
3601,120.0,1188,362,17,778,410,0,0,126,770.28,0.840,0.836,0.855,0.158,0.501,-0.803,1.863,0.2956,2.0460,0.779,0.000,0.020,0.141,0.057,97,60,17,2,31,0,21435.46,7548.944,6457.374,0.705,2544.586,48.509,10878.910,1770.572,212.158,2708.591,2166.873,594.968,98.872,647.758,0.000108,0.019238
3631,121.0,1135,400,17,754,381,0,0,97,698.49,0.829,0.823,0.839,0.152,0.507,-0.807,1.868,0.2932,2.0557,0.774,0.000,0.026,0.141,0.057,100,57,16,0,12,0,20900.53,7301.584,5859.719,1.040,2414.821,47.013,10296.923,1624.978,162.973,1654.963,1323.971,552.042,138.012,591.355,0.000085,0.019496
3661,122.0,1097,424,17,731,366,0,0,77,632.27,0.826,0.819,0.829,0.151,0.508,-0.806,1.874,0.2911,2.0515,0.768,0.000,0.025,0.141,0.056,120,69,9,3,11,0,20984.68,7013.749,6426.150,0.533,2248.042,45.556,9910.085,1515.565,131.072,2722.123,2177.699,479.576,215.912,559.648,0.000050,0.019738
3691,123.0,1080,471,17,712,368,0,0,62,621.85,0.834,0.828,0.830,0.156,0.504,-0.812,1.877,0.2908,2.0548,0.784,0.000,0.024,0.141,0.057,108,42,18,0,9,0,21124.38,7101.613,6500.134,0.674,2495.158,47.953,9650.972,1483.597,103.354,2649.883,2119.907,772.932,266.372,655.509,0.000099,0.018967
3721,124.0,1085,474,17,698,387,0,0,51,655.84,0.852,0.848,0.842,0.165,0.492,-0.812,1.877,0.2902,2.0625,0.788,0.000,0.018,0.142,0.061,93,42,6,1,6,0,22787.64,7036.844,7834.997,0.415,2686.489,42.265,9903.537,1569.480,84.587,3082.425,2465.940,276.258,143.204,615.448,0.000088,0.018017
3751,125.0,1077,523,17,683,394,0,0,41,618.19,0.862,0.861,0.847,0.172,0.486,-0.812,1.878,0.2892,2.0727,0.777,0.000,0.020,0.142,0.062,99,45,19,1,3,0,23186.46,7037.438,7399.951,1.305,2760.506,45.109,9982.629,1685.603,66.438,3084.444,2467.556,832.829,136.016,719.475,0.000083,0.017081
3781,126.0,1103,539,17,678,425,0,0,42,594.07,0.882,0.886,0.866,0.175,0.473,-0.817,1.877,0.2895,2.0863,0.784,0.001,0.021,0.142,0.064,115,38,21,1,0,0,24770.02,7265.166,9016.511,1.111,2652.569,45.127,10334.760,1720.889,64.218,4342.546,3474.037,834.828,219.970,656.051,0.000099,0.016363
3811,127.0,1135,575,17,669,466,0,0,43,518.18,0.909,0.920,0.881,0.182,0.456,-0.820,1.878,0.2875,2.0835,0.763,0.001,0.030,0.142,0.066,100,38,10,1,1,0,27137.14,7488.533,9688.372,0.483,2870.371,39.107,10865.823,1819.674,67.161,4157.720,3326.176,363.636,241.240,621.187,0.000082,0.016240
3841,128.0,1171,616,17,657,514,0,0,45,544.11,0.940,0.958,0.903,0.190,0.435,-0.822,1.879,0.2880,2.1234,0.773,0.000,0.031,0.143,0.070,93,36,15,3,2,0,29263.90,7623.857,11155.842,0.854,3727.222,38.626,11511.401,2057.136,70.004,4725.767,3780.613,667.602,579.136,823.366,0.000150,0.017038
3871,129.0,1203,597,17,649,554,0,0,40,510.23,0.965,0.985,0.919,0.199,0.420,-0.826,1.881,0.2871,2.1393,0.784,0.000,0.027,0.143,0.073,113,44,33,0,4,0,30973.97,7812.253,12260.304,1.776,3443.310,33.131,12267.957,2201.798,64.982,5767.231,4613.785,1415.834,317.467,942.778,0.000088,0.017603
3901,130.0,1263,592,17,643,620,0,0,38,418.71,0.999,1.024,0.941,0.208,0.399,-0.826,1.882,0.2858,2.1338,0.779,0.000,0.019,0.144,0.077,93,40,37,2,4,0,33461.58,8138.405,14012.630,2.129,3908.431,32.233,13003.449,2456.015,59.042,7287.556,5830.045,1440.891,276.901,971.742,0.000065,0.017568
3931,131.0,1291,626,17,641,650,0,0,35,301.06,1.016,1.041,0.949,0.211,0.390,-0.827,1.881,0.2851,2.1358,0.770,0.000,0.020,0.144,0.079,113,48,50,2,5,0,34669.72,8537.105,14213.833,3.273,3777.737,34.955,13911.335,2643.242,54.575,6819.580,5455.664,2169.174,407.165,996.661,0.000075,0.018394
3961,132.0,1335,658,17,635,700,0,0,29,314.86,1.040,1.074,0.961,0.216,0.376,-0.826,1.881,0.2902,2.1417,0.787,0.000,0.029,0.145,0.082,91,53,30,0,4,0,38100.01,8849.478,16023.761,2.063,4256.586,36.911,14391.863,2791.976,48.999,6677.398,5341.918,1271.692,568.408,1036.599,0.000109,0.020047
3991,133.0,1395,679,17,631,764,0,0,29,296.49,1.069,1.106,0.979,0.226,0.360,-0.825,1.882,0.2871,2.1622,0.792,0.000,0.029,0.147,0.086,99,54,38,0,2,0,40792.48,9274.377,16921.407,2.205,5010.319,32.307,15512.374,3116.413,40.711,7936.451,6349.161,1552.977,453.852,1241.900,0.000094,0.020133
4021,134.0,1465,649,17,632,833,0,0,33,209.66,1.091,1.131,0.994,0.234,0.345,-0.823,1.884,0.2900,2.1544,0.772,0.000,0.026,0.149,0.087,94,58,50,0,0,0,44334.52,9554.219,19839.183,3.018,5282.322,28.731,16595.247,3532.184,45.580,9116.646,7293.317,2087.035,497.904,1273.108,0.000151,0.020376
4051,135.0,1526,596,20,634,892,0,0,27,177.93,1.110,1.153,1.018,0.239,0.334,-0.824,1.885,0.2875,2.1535,0.770,0.000,0.028,0.150,0.089,104,44,78,0,2,0,47158.31,9920.483,21197.347,3.910,5250.545,28.223,17522.631,3610.517,44.978,9417.856,7534.285,3225.965,565.385,1444.902,0.000110,0.019686
4081,136.0,1623,530,20,634,989,0,0,28,207.26,1.139,1.189,1.038,0.246,0.317,-0.828,1.887,0.2864,2.1702,0.773,0.000,0.025,0.150,0.092,107,52,77,2,1,0,50989.43,10440.749,23203.984,3.929,5327.433,27.940,18913.334,3809.089,39.661,11717.850,9374.280,2784.078,521.185,1406.627,0.000110,0.020080
4111,137.0,1649,556,20,634,1015,0,0,23,185.91,1.146,1.196,1.047,0.248,0.313,-0.829,1.888,0.2860,2.1702,0.767,0.000,0.024,0.150,0.093,85,60,92,0,4,0,51330.34,10729.626,22328.352,4.815,6669.484,23.754,20156.566,4300.913,37.356,9340.919,7472.735,3963.104,622.399,1773.361,0.000141,0.020846
4141,138.0,1676,567,20,634,1042,0,0,21,185.15,1.154,1.202,1.051,0.245,0.309,-0.832,1.889,0.2869,2.1694,0.773,0.000,0.022,0.151,0.093,89,79,91,0,1,0,53847.84,11248.348,24406.871,4.617,5750.357,26.713,20674.019,4483.013,29.070,10166.652,8133.322,3622.338,769.418,1531.142,0.000122,0.020377
4171,139.0,1734,571,20,637,1097,0,0,22,179.85,1.173,1.215,1.062,0.249,0.301,-0.836,1.890,0.2877,2.1420,0.760,0.000,0.021,0.151,0.094,106,68,105,0,3,0,56876.52,11659.766,26219.892,5.288,6265.402,27.534,21200.019,4545.901,28.747,12011.987,9609.589,4180.153,807.115,1691.940,0.000131,0.019892
4201,140.0,1798,603,20,641,1157,0,0,24,183.11,1.189,1.235,1.069,0.251,0.293,-0.836,1.890,0.2876,2.1423,0.752,0.002,0.020,0.151,0.096,105,61,123,1,2,0,58927.55,11984.093,27523.479,5.439,7170.582,23.936,22408.318,4728.058,31.321,12881.668,10305.335,5107.441,638.187,1972.324,0.000165,0.020120
4231,141.0,1883,598,20,644,1239,0,0,29,160.06,1.211,1.255,1.090,0.259,0.283,-0.836,1.892,0.2877,2.1382,0.748,0.000,0.015,0.151,0.097,90,63,123,1,0,0,61971.48,12396.813,29428.180,5.994,7556.799,20.974,23669.760,4956.432,37.797,14083.522,11266.818,4941.540,371.061,1993.756,0.000164,0.020845
4261,142.0,1950,538,20,647,1303,0,0,34,136.51,1.226,1.269,1.100,0.260,0.276,-0.836,1.891,0.2889,2.1328,0.761,0.002,0.014,0.152,0.097,91,77,132,0,1,0,65294.18,12900.537,31332.751,7.192,7536.956,21.297,25034.489,5321.751,48.178,14413.188,11530.551,5301.691,292.757,2036.277,0.000105,0.019926
4291,143.0,1999,502,20,651,1348,0,0,40,190.41,1.237,1.280,1.114,0.266,0.272,-0.834,1.892,0.2902,2.1266,0.746,0.000,0.013,0.152,0.098,102,73,147,0,3,0,65730.59,13017.303,30984.573,7.971,8179.556,20.950,26071.721,5622.107,52.238,14100.270,11280.217,6144.018,534.118,2329.184,0.000169,0.019774
4321,144.0,2031,534,20,650,1381,0,0,48,146.10,1.246,1.287,1.124,0.271,0.267,-0.837,1.892,0.2876,2.1303,0.756,0.000,0.013,0.153,0.098,94,96,134,1,4,0,68873.84,13484.932,32388.527,5.264,7897.375,24.256,26795.827,5670.949,70.916,13987.129,11189.703,5058.174,282.208,2059.982,0.000120,0.019941
4351,145.0,2091,527,20,654,1437,0,0,54,160.92,1.257,1.297,1.135,0.273,0.262,-0.840,1.890,0.2888,2.1232,0.770,0.000,0.012,0.154,0.100,79,75,133,1,2,0,70946.70,14174.659,32894.631,6.081,9208.583,17.562,27868.612,5950.415,80.407,14037.287,11229.830,5600.965,339.037,2355.610,0.000150,0.019773
4381,146.0,2164,491,20,655,1509,0,0,53,152.07,1.267,1.311,1.146,0.277,0.255,-0.842,1.892,0.2910,2.1225,0.750,0.000,0.013,0.154,0.101,77,77,128,0,9,0,73753.88,14622.795,34513.704,5.826,8613.879,16.344,29113.481,6158.584,81.894,14929.863,11943.891,5353.879,495.344,2145.989,0.000138,0.019634
4411,147.0,2222,496,20,657,1565,0,0,56,179.82,1.277,1.319,1.156,0.283,0.251,-0.846,1.893,0.2878,2.1135,0.749,0.000,0.015,0.155,0.101,91,102,126,0,8,0,76668.87,14620.818,35802.150,5.480,9252.073,21.060,30142.506,6237.065,85.338,15287.391,12229.913,5122.683,632.476,2235.921,0.000286,0.019943
4441,148.0,2253,453,20,662,1591,0,0,56,193.76,1.282,1.324,1.163,0.284,0.250,-0.846,1.891,0.2877,2.1165,0.732,0.000,0.013,0.154,0.102,77,93,146,1,7,0,77028.29,14428.980,35555.824,6.496,9126.365,16.622,31105.954,6538.494,89.763,14470.196,11576.157,6300.806,391.196,2311.629,0.000252,0.021984
4471,149.0,2240,492,20,665,1575,0,0,62,169.68,1.282,1.323,1.166,0.285,0.252,-0.848,1.890,0.2885,2.0882,0.725,0.000,0.011,0.153,0.101,81,116,188,0,2,0,74883.93,14518.650,35013.492,6.281,9084.078,18.951,31523.955,6783.273,88.449,15336.933,12269.546,7527.790,249.253,2442.675,0.000194,0.022452
4501,150.0,2252,482,20,662,1590,0,0,67,192.96,1.287,1.327,1.170,0.286,0.249,-0.847,1.891,0.2889,2.0889,0.739,0.000,0.008,0.153,0.100,80,107,154,0,8,0,76632.23,14571.065,37448.690,5.017,8944.162,17.204,31475.667,6652.207,100.412,14804.510,11843.608,6387.198,450.290,2249.801,0.000173,0.023763
4531,151.0,2252,442,20,660,1592,0,0,77,181.49,1.292,1.330,1.171,0.284,0.249,-0.847,1.892,0.2871,2.0941,0.735,0.000,0.011,0.153,0.100,78,118,153,2,6,0,76191.77,14598.297,35834.963,5.485,9542.441,18.959,31966.005,6736.052,112.089,14730.764,11784.611,6392.609,364.022,2362.279,0.000164,0.024613
4561,152.0,2262,412,20,662,1600,0,0,78,167.07,1.296,1.335,1.172,0.285,0.248,-0.847,1.893,0.2863,2.1032,0.760,0.000,0.015,0.153,0.099,80,118,155,0,10,0,77537.53,14737.402,37953.166,5.472,9122.917,18.428,32216.934,6857.120,121.010,15449.831,12359.865,6367.691,402.149,2295.403,0.000083,0.024542
4591,153.0,2271,430,20,661,1610,0,0,85,161.23,1.301,1.339,1.178,0.285,0.248,-0.848,1.893,0.2907,2.1055,0.759,0.000,0.009,0.153,0.099,82,105,152,0,5,0,76266.75,14912.520,35622.388,4.737,9360.175,17.466,32652.555,6982.795,122.168,14354.462,11483.570,6473.002,298.581,2410.426,0.000174,0.024639
4621,154.0,2258,440,20,658,1600,0,0,87,203.29,1.301,1.339,1.184,0.286,0.248,-0.849,1.893,0.2931,2.1098,0.751,0.000,0.011,0.154,0.100,68,125,144,0,6,0,75003.98,14724.375,35325.284,4.245,8847.504,15.896,32832.229,7109.406,131.879,13837.978,11070.383,5975.646,280.395,2219.533,0.000201,0.026175
4651,155.0,2258,414,20,661,1597,0,0,89,176.32,1.304,1.335,1.187,0.282,0.250,-0.851,1.892,0.2893,2.1064,0.774,0.002,0.013,0.153,0.101,73,120,125,0,10,0,75896.88,14608.392,35237.117,3.985,8802.587,19.760,32299.107,6886.783,134.553,13485.049,10788.039,4484.482,495.450,1959.210,0.000164,0.024827
4681,156.0,2251,380,20,659,1592,0,0,96,172.82,1.305,1.333,1.187,0.286,0.249,-0.851,1.894,0.2901,2.1060,0.746,0.000,0.013,0.153,0.102,77,128,128,0,11,0,74972.61,14244.039,35099.681,3.819,9132.215,20.266,32661.255,6954.626,136.728,13772.982,11018.386,5242.537,420.652,2101.408,0.000139,0.025691
4711,157.0,2218,399,20,655,1563,0,0,80,232.87,1.306,1.328,1.185,0.284,0.251,-0.852,1.894,0.2879,2.0925,0.749,0.000,0.014,0.152,0.101,77,121,123,3,13,0,72169.92,13922.700,32115.142,3.634,8558.225,19.582,32357.797,6862.187,126.561,12104.361,9683.489,4881.992,224.996,1969.760,0.000155,0.023843
4741,158.0,2190,376,20,654,1536,0,0,89,228.79,1.307,1.328,1.182,0.282,0.253,-0.854,1.893,0.2911,2.0874,0.765,0.000,0.011,0.152,0.101,75,137,104,0,7,0,71175.92,13625.535,32743.173,2.457,8448.425,20.591,32161.403,6713.600,119.646,11744.573,9395.658,3968.809,211.682,1841.108,0.000109,0.023907
4771,159.0,2134,380,20,652,1482,0,0,90,185.60,1.301,1.320,1.178,0.282,0.259,-0.855,1.894,0.2902,2.0986,0.781,0.000,0.013,0.151,0.101,72,138,109,0,13,0,69470.21,13398.848,31664.697,2.663,7725.579,16.769,31632.073,6554.824,129.549,10904.975,8723.980,4122.087,429.064,1723.333,0.000209,0.026905
4801,160.0,2116,390,21,649,1467,0,0,86,201.51,1.302,1.319,1.179,0.280,0.260,-0.853,1.894,0.2938,2.0945,0.768,0.000,0.014,0.151,0.100,71,130,83,0,9,0,67701.03,13088.751,30138.346,1.916,7790.558,18.001,30943.132,6327.114,126.760,10949.617,8759.694,3256.426,500.138,1654.694,0.000151,0.026458
4831,161.0,2052,393,21,646,1406,0,0,77,238.35,1.295,1.309,1.171,0.277,0.266,-0.854,1.894,0.2945,2.0956,0.769,0.000,0.014,0.152,0.098,70,148,89,1,14,0,64065.63,12536.544,28292.856,2.729,7265.134,17.431,30727.052,6164.337,111.480,10076.941,8061.553,3630.041,217.560,1601.678,0.000094,0.027212
4861,162.0,1995,380,21,640,1355,0,0,72,311.05,1.289,1.305,1.160,0.274,0.269,-0.855,1.896,0.2955,2.1193,0.764,0.000,0.017,0.152,0.096,79,152,74,2,9,0,60916.38,12038.642,27668.187,2.844,6855.530,17.183,29750.643,5951.154,105.393,9630.691,7704.553,3152.209,483.684,1489.699,0.000110,0.027399
4891,163.0,1898,361,21,632,1266,0,0,67,289.73,1.274,1.292,1.147,0.272,0.278,-0.858,1.896,0.2958,2.1232,0.773,0.000,0.015,0.152,0.094,59,171,79,3,11,0,57475.98,11550.105,25852.829,2.220,6639.945,21.804,28186.643,5636.730,97.703,8986.930,7189.544,3142.903,567.414,1416.772,0.000120,0.026461
4921,164.0,1812,397,21,625,1187,0,0,61,296.96,1.261,1.277,1.138,0.266,0.286,-0.860,1.895,0.2934,2.1308,0.776,0.000,0.013,0.151,0.093,62,151,82,2,11,0,54371.83,11151.191,24560.013,2.132,6228.745,17.947,26663.406,5319.648,90.303,8645.433,6916.346,3383.489,287.823,1343.733,0.000137,0.025229
4951,165.0,1736,383,24,614,1122,0,0,52,333.83,1.251,1.267,1.128,0.263,0.292,-0.862,1.898,0.2983,2.1375,0.790,0.000,0.012,0.151,0.091,50,123,88,4,7,0,51862.57,10525.390,24502.477,2.263,5805.682,21.037,25359.536,5094.452,79.159,7872.119,6297.695,3799.641,342.640,1289.538,0.000179,0.023893
4981,166.0,1637,370,24,602,1035,0,0,50,431.30,1.233,1.251,1.118,0.257,0.303,-0.865,1.899,0.2966,2.1552,0.782,0.000,0.014,0.151,0.089,65,131,82,8,3,0,47751.34,10018.030,21212.756,2.066,5174.986,16.973,24193.052,4949.623,67.489,6710.040,5368.032,3466.247,132.549,1193.114,0.000106,0.023197
5011,167.0,1554,367,24,584,970,0,0,45,407.48,1.221,1.242,1.104,0.255,0.308,-0.867,1.904,0.3000,2.1667,0.775,0.000,0.013,0.150,0.088,63,124,86,3,10,0,44218.50,9199.415,20435.295,1.774,4982.412,19.839,22467.719,4537.793,65.764,7531.623,6025.299,3128.373,318.923,1144.423,0.000111,0.022413
5041,168.0,1469,361,24,566,903,0,0,44,417.94,1.207,1.229,1.090,0.254,0.314,-0.866,1.906,0.2947,2.1685,0.780,0.000,0.011,0.150,0.086,78,129,63,4,1,0,41528.74,8453.219,18889.787,1.532,4122.647,19.128,21190.226,4167.076,61.182,5930.209,4744.168,2274.810,251.440,903.520,0.000169,0.021062
5071,169.0,1379,396,24,546,833,0,0,37,533.13,1.193,1.212,1.078,0.251,0.322,-0.867,1.909,0.2971,2.1630,0.780,0.000,0.012,0.149,0.085,73,107,55,7,3,0,38126.26,7906.787,15876.650,1.082,3626.575,23.947,19583.519,3851.195,56.536,4381.620,3505.296,1932.941,124.518,761.968,0.000173,0.019450
5101,170.0,1327,396,24,527,800,0,0,31,661.34,1.190,1.209,1.073,0.250,0.323,-0.868,1.910,0.3025,2.1685,0.764,0.000,0.014,0.149,0.084,69,115,35,5,4,0,36057.26,7222.317,16492.346,1.076,3660.983,21.414,18789.767,3683.492,45.634,5733.281,4586.625,1262.194,159.556,697.431,0.000153,0.018398
5131,171.0,1222,364,24,501,721,0,0,24,609.71,1.177,1.197,1.060,0.242,0.332,-0.869,1.911,0.3014,2.1787,0.791,0.000,0.024,0.149,0.083,79,124,37,14,5,0,33466.47,6673.262,14780.842,1.228,2752.786,21.475,17528.772,3464.621,37.960,3986.818,3189.454,1393.237,247.288,576.888,0.000086,0.018158
5161,172.0,1151,352,24,483,668,0,0,20,569.47,1.163,1.189,1.047,0.237,0.339,-0.868,1.911,0.3029,2.2029,0.799,0.000,0.021,0.149,0.081,75,111,36,9,0,0,30484.57,6216.851,13455.687,1.321,2799.381,18.005,16286.644,3094.979,31.773,4608.748,3686.999,1491.445,247.799,581.367,0.000104,0.019164
5191,173.0,1071,330,24,466,605,0,0,14,611.93,1.147,1.169,1.026,0.230,0.350,-0.873,1.908,0.3008,2.1950,0.798,0.000,0.020,0.149,0.081,81,102,33,7,4,0,27894.31,5756.752,12553.564,0.907,2487.069,23.835,15137.203,2951.762,25.606,3557.297,2845.838,1346.144,222.943,506.366,0.000134,0.020508
5221,174.0,995,348,24,452,543,0,0,14,598.82,1.120,1.146,0.999,0.220,0.364,-0.874,1.908,0.3010,2.2245,0.806,0.000,0.022,0.149,0.078,57,103,23,7,1,0,25353.86,5322.259,10730.244,0.390,2361.583,19.073,13752.844,2744.522,21.525,3025.068,2420.054,839.299,209.370,420.768,0.000068,0.020666
5251,175.0,939,361,24,433,506,0,0,13,703.99,1.108,1.136,0.989,0.214,0.369,-0.877,1.914,0.2997,2.1980,0.810,0.000,0.024,0.148,0.079,50,78,21,11,1,0,23481.37,5000.724,10168.468,0.399,1970.524,18.558,12678.414,2460.654,17.881,2966.832,2373.466,708.045,231.785,351.939,0.000088,0.021384
5281,176.0,888,379,24,418,470,0,0,12,783.94,1.096,1.120,0.972,0.209,0.376,-0.879,1.914,0.3068,2.1973,0.797,0.000,0.023,0.148,0.078,59,80,14,9,1,0,21841.73,4617.443,9437.205,0.333,1641.125,18.964,11897.003,2172.683,17.462,2844.005,2275.204,470.683,295.200,272.787,0.000079,0.021924
5311,177.0,845,383,24,397,448,0,0,8,807.45,1.096,1.121,0.965,0.208,0.375,-0.881,1.913,0.3047,2.1801,0.794,0.000,0.027,0.148,0.079,66,74,10,9,3,0,20670.51,4337.837,9043.815,0.149,1572.476,24.533,11197.390,2069.085,14.978,2838.897,2271.118,303.870,154.537,245.387,0.000106,0.022675
5341,178.0,781,409,24,380,401,0,0,8,897.89,1.077,1.098,0.945,0.205,0.388,-0.881,1.907,0.3040,2.2133,0.789,0.000,0.022,0.148,0.077,56,69,14,14,1,0,18905.39,4045.774,7817.115,0.386,1232.841,25.716,10467.694,1939.747,11.304,1836.412,1469.130,377.878,251.831,212.658,0.000130,0.024036
5371,179.0,719,412,24,351,368,0,0,9,1023.79,1.074,1.095,0.938,0.206,0.389,-0.881,1.912,0.3020,2.2034,0.784,0.000,0.024,0.147,0.077,62,78,16,14,0,0,17208.59,3731.580,7541.730,0.417,1268.773,26.438,9460.565,1790.992,9.621,2428.949,1943.159,548.628,450.508,224.422,0.000074,0.024278
5401,180.0,672,430,24,343,329,0,0,9,908.97,1.049,1.068,0.911,0.197,0.405,-0.881,1.914,0.3075,2.2199,0.805,0.000,0.027,0.146,0.072,63,75,6,6,0,0,16504.02,3604.544,7171.327,0.320,1134.961,20.681,8750.160,1606.978,11.439,2090.252,1672.201,288.741,224.179,181.214,0.000111,0.024937
5431,181.0,641,437,24,330,311,0,0,8,873.47,1.040,1.069,0.900,0.194,0.409,-0.883,1.907,0.3047,2.2546,0.797,0.000,0.039,0.145,0.071,53,57,5,10,0,0,17251.03,3457.038,7671.542,0.168,1035.954,19.779,8034.088,1448.162,12.461,2137.655,1710.124,189.924,118.671,150.903,0.000075,0.025229
5461,182.0,647,466,24,325,322,0,0,9,766.97,1.054,1.084,0.904,0.192,0.401,-0.882,1.908,0.3062,2.2754,0.800,0.000,0.034,0.146,0.072,56,33,6,3,1,0,17423.06,3395.289,7535.237,0.225,1245.174,21.627,7981.311,1557.677,12.277,2633.057,2106.446,221.217,280.705,178.921,0.000057,0.025368
5491,183.0,654,470,24,318,336,0,0,8,874.89,1.077,1.113,0.921,0.197,0.390,-0.882,1.899,0.3082,2.2557,0.801,0.000,0.033,0.147,0.071,61,43,7,7,0,0,18006.22,3385.440,8347.176,0.158,1147.112,19.309,8203.307,1616.837,11.809,3417.089,2733.672,211.537,249.371,173.330,0.000076,0.025547
5521,184.0,657,462,24,313,344,0,0,10,728.44,1.092,1.136,0.934,0.199,0.383,-0.882,1.909,0.3030,2.2849,0.789,0.000,0.038,0.147,0.074,64,44,11,2,0,0,18289.42,3359.234,8443.752,0.177,1127.881,18.250,8311.434,1679.099,12.498,3151.158,2520.926,391.287,298.360,197.055,0.000084,0.024674
5551,185.0,654,490,23,308,346,0,0,12,706.03,1.098,1.154,0.936,0.201,0.379,-0.882,1.906,0.3124,2.3073,0.796,0.000,0.043,0.147,0.074,65,53,9,5,0,0,19066.45,3343.838,9033.487,0.127,1360.670,20.623,8285.893,1656.402,15.549,3377.511,2702.008,365.838,395.447,205.790,0.000068,0.024031
5581,186.0,676,490,23,301,375,0,0,10,719.12,1.131,1.196,0.970,0.212,0.360,-0.883,1.905,0.3151,2.3112,0.801,0.000,0.035,0.148,0.075,60,29,7,6,1,0,20469.17,3396.762,9815.376,0.139,1159.050,19.852,8576.304,1716.734,15.402,3538.066,2830.453,302.573,302.711,188.224,0.000075,0.024061
5611,187.0,686,554,23,302,384,0,0,11,602.66,1.133,1.194,0.977,0.210,0.358,-0.886,1.910,0.3063,2.2917,0.768,0.003,0.036,0.149,0.074,60,46,13,4,0,0,20473.05,3483.129,9173.163,0.196,1469.958,20.075,8882.406,1819.658,14.978,3739.697,2991.757,578.083,344.665,264.878,0.000129,0.025153
5641,188.0,710,612,23,300,410,0,0,12,558.34,1.156,1.213,0.993,0.213,0.346,-0.885,1.908,0.3139,2.2884,0.766,0.003,0.034,0.151,0.077,88,46,11,3,0,0,21798.38,3514.170,10896.906,0.125,1344.322,22.463,9091.994,1933.258,18.271,4482.869,3586.295,431.750,486.002,228.022,0.000081,0.024504
5671,189.0,745,645,23,295,450,0,0,12,510.42,1.186,1.252,1.031,0.226,0.326,-0.885,1.910,0.3067,2.2860,0.752,0.003,0.038,0.153,0.081,81,39,17,3,2,0,23648.40,3575.986,12752.013,0.362,1600.008,21.716,9645.800,2071.282,20.699,5036.052,4028.841,728.928,735.268,269.158,0.000092,0.023944
5701,190.0,765,668,23,291,474,0,0,14,417.79,1.197,1.283,1.048,0.225,0.314,-0.884,1.908,0.3107,2.3117,0.784,0.000,0.040,0.151,0.086,66,56,14,4,0,0,26124.09,3818.663,13800.722,0.353,1704.284,17.850,10153.277,2196.754,21.205,4929.374,3943.499,696.155,797.901,292.876,0.000143,0.023001
5731,191.0,846,648,23,293,553,0,0,18,388.95,1.235,1.337,1.074,0.227,0.290,-0.890,1.913,0.3100,2.3340,0.775,0.000,0.029,0.153,0.094,67,46,12,1,0,0,29284.17,4058.930,15867.288,0.182,2233.524,17.873,11206.880,2549.299,27.426,7338.514,5870.811,479.558,723.872,311.585,0.000089,0.022657
5761,192.0,922,670,23,292,630,0,0,18,337.19,1.277,1.384,1.105,0.229,0.269,-0.893,1.912,0.3093,2.3156,0.763,0.000,0.037,0.154,0.096,68,41,20,3,1,0,33202.07,4202.212,18221.073,0.476,2234.481,14.332,12354.812,2867.710,32.254,7527.055,6021.644,698.314,736.489,310.874,0.000130,0.022254
5791,193.0,1010,560,23,290,720,0,0,20,272.72,1.320,1.436,1.138,0.235,0.249,-0.894,1.910,0.3065,2.3276,0.768,0.000,0.036,0.155,0.097,75,53,33,3,0,0,36945.81,4426.993,20861.518,0.791,2458.431,15.484,13851.192,3337.910,31.914,9450.288,7560.230,1137.073,877.575,419.840,0.000090,0.022233
5821,194.0,1057,580,23,289,768,0,0,24,229.75,1.342,1.462,1.156,0.244,0.240,-0.895,1.911,0.3069,2.3352,0.764,0.000,0.035,0.156,0.098,74,59,25,1,3,0,39020.63,4617.416,20447.302,0.630,2521.967,17.540,15250.757,3853.210,35.597,7273.985,5819.188,1089.287,914.262,392.614,0.000157,0.023465
5851,195.0,1119,544,24,289,830,0,0,22,162.15,1.366,1.483,1.173,0.253,0.230,-0.899,1.914,0.3065,2.3284,0.785,0.000,0.035,0.157,0.100,68,77,43,0,3,0,42188.05,4863.937,23603.262,0.827,2919.387,16.310,16508.318,3801.293,40.600,9976.047,7980.838,1818.267,615.495,521.423,0.000106,0.023543
5881,196.0,1158,572,24,289,869,0,0,22,191.77,1.382,1.494,1.188,0.258,0.224,-0.898,1.919,0.3091,2.3169,0.795,0.000,0.032,0.157,0.098,68,71,58,2,0,0,43846.32,5199.855,23601.362,1.484,2910.871,12.839,17537.493,4048.274,38.768,9085.462,7268.370,2602.058,477.162,623.591,0.000150,0.024403
5911,197.0,1215,559,24,293,922,0,0,20,168.04,1.396,1.507,1.194,0.264,0.217,-0.896,1.916,0.3117,2.3179,0.778,0.000,0.026,0.158,0.096,75,90,54,1,3,0,46988.01,5322.356,26397.154,1.132,3052.875,12.766,18363.312,4304.541,35.418,10977.404,8781.924,2387.764,671.317,621.119,0.000118,0.023437
5941,198.0,1275,513,24,293,982,0,0,26,212.69,1.414,1.531,1.207,0.271,0.208,-0.895,1.914,0.3074,2.3547,0.758,0.000,0.021,0.159,0.096,71,79,83,3,0,0,48460.09,5506.917,27787.193,1.444,3440.533,11.496,19556.276,4604.151,42.400,12124.403,9699.523,3716.390,667.947,811.430,0.000107,0.023696
5971,199.0,1329,488,24,295,1034,0,0,29,188.54,1.422,1.552,1.218,0.273,0.203,-0.896,1.915,0.3099,2.3572,0.784,0.000,0.027,0.160,0.095,66,90,65,1,1,0,51624.99,5758.159,29080.791,0.917,3474.178,10.556,20470.707,4975.008,47.027,11300.991,9040.793,2564.472,684.269,673.284,0.000112,0.023045
6001,200.0,1375,539,24,296,1079,0,0,24,157.68,1.429,1.572,1.224,0.274,0.197,-0.897,1.913,0.3120,2.3685,0.756,0.000,0.028,0.160,0.095,72,75,86,0,5,0,52519.19,5785.695,29269.296,2.038,3663.400,14.722,21296.189,5120.758,49.045,11347.851,9078.281,3961.306,616.292,849.670,0.000169,0.022097
6031,201.0,1410,488,24,300,1110,0,0,19,135.15,1.431,1.574,1.236,0.269,0.196,-0.900,1.913,0.3097,2.3651,0.768,0.000,0.025,0.160,0.098,67,92,108,0,3,0,55159.04,6047.239,32513.254,2.043,3769.516,8.964,22070.481,5193.847,34.693,12644.422,10115.538,4684.017,481.378,929.385,0.000148,0.021688
6061,202.0,1443,530,24,306,1137,0,0,17,153.74,1.433,1.579,1.244,0.268,0.196,-0.902,1.916,0.3064,2.3692,0.768,0.000,0.018,0.159,0.099,55,102,102,0,2,0,56310.29,6337.140,31931.532,2.325,3862.487,9.260,22816.141,5510.959,30.240,12690.899,10152.720,4694.495,563.570,966.154,0.000128,0.021281
6091,203.0,1498,539,24,308,1190,0,0,20,165.74,1.444,1.582,1.257,0.270,0.192,-0.904,1.917,0.3122,2.3399,0.772,0.000,0.018,0.160,0.099,67,88,95,1,1,0,58372.71,6669.617,33194.517,1.783,4338.276,10.603,23571.421,5660.278,31.654,12917.602,10334.082,4297.879,692.952,965.800,0.000134,0.021255
6121,204.0,1557,493,24,309,1248,0,0,17,150.27,1.460,1.597,1.268,0.275,0.187,-0.905,1.917,0.3087,2.3390,0.770,0.000,0.019,0.160,0.098,68,105,113,1,3,0,61888.04,6811.620,37304.718,2.186,4377.381,11.748,24697.138,5956.266,29.359,15273.698,12218.958,4779.173,1101.628,984.893,0.000148,0.021443
6151,205.0,1584,463,24,312,1272,0,0,17,144.77,1.470,1.606,1.283,0.284,0.186,-0.905,1.916,0.3097,2.3349,0.767,0.000,0.016,0.161,0.095,72,80,144,0,0,0,62226.79,7114.628,36590.815,3.753,4823.366,10.960,25884.178,6145.695,30.629,13671.950,10937.560,6395.119,960.308,1220.123,0.000137,0.021017
6181,206.0,1622,464,24,313,1309,0,0,16,180.37,1.482,1.615,1.298,0.299,0.184,-0.905,1.920,0.3079,2.3396,0.756,0.000,0.015,0.162,0.091,60,110,150,1,1,0,64142.96,7233.241,38706.964,2.930,5028.960,11.275,26728.909,6354.327,31.086,16276.867,13021.493,5889.829,572.698,1194.738,0.000180,0.020222
6211,207.0,1626,419,24,317,1309,0,0,15,154.42,1.486,1.628,1.303,0.306,0.186,-0.906,1.927,0.3072,2.3362,0.765,0.000,0.019,0.162,0.089,63,106,165,0,0,0,64100.36,7338.675,37946.177,3.749,4919.327,12.102,27171.698,6517.406,24.063,14993.566,11994.853,6519.711,881.080,1218.541,0.000149,0.021102
6241,208.0,1651,498,24,319,1332,0,0,19,157.26,1.494,1.638,1.308,0.306,0.185,-0.905,1.926,0.3056,2.3484,0.765,0.000,0.017,0.162,0.090,63,118,111,0,1,0,64908.66,7605.382,36947.879,2.221,4909.860,14.366,27813.329,6601.182,29.091,13978.988,11183.191,4669.916,824.502,1013.359,0.000178,0.022294
6271,209.0,1660,440,24,320,1340,0,0,15,166.92,1.504,1.640,1.309,0.300,0.184,-0.906,1.924,0.3084,2.3461,0.771,0.000,0.020,0.161,0.092,70,122,132,1,4,0,66771.34,7687.373,39711.344,2.821,4978.410,11.701,28225.394,6579.095,29.037,14772.230,11817.784,5610.370,999.647,1140.868,0.000145,0.024197
6301,210.0,1640,451,24,325,1315,0,0,16,149.41,1.502,1.623,1.308,0.302,0.189,-0.907,1.924,0.3060,2.3283,0.754,0.000,0.021,0.161,0.094,70,115,162,1,1,0,65509.80,7745.032,38317.599,3.486,5152.035,8.286,28469.844,6578.993,26.984,14206.381,11365.105,6768.721,1336.402,1305.447,0.000176,0.025451
6331,211.0,1652,478,24,329,1323,0,0,22,138.38,1.508,1.624,1.309,0.308,0.192,-0.907,1.923,0.3167,2.3074,0.766,0.000,0.020,0.160,0.095,64,126,137,0,1,0,64521.77,7883.138,38017.799,3.112,5456.219,13.612,28613.196,6562.500,28.767,15301.315,12241.052,6047.888,1299.990,1279.472,0.000148,0.026356
6361,212.0,1631,465,24,329,1302,0,0,21,151.45,1.507,1.623,1.314,0.315,0.195,-0.908,1.923,0.3134,2.2872,0.783,0.000,0.021,0.159,0.091,63,121,160,0,2,0,64154.52,8053.126,39214.717,3.474,5558.177,10.686,28535.024,6640.444,34.642,14560.393,11648.315,7269.348,867.119,1379.916,0.000146,0.027487
6391,213.0,1621,471,24,333,1288,0,0,27,174.21,1.505,1.618,1.314,0.317,0.197,-0.908,1.924,0.3106,2.3004,0.751,0.000,0.016,0.158,0.091,68,129,149,1,3,0,64004.47,7787.789,38655.225,3.018,5317.556,10.613,28195.500,6608.702,39.176,14986.218,11988.975,6877.181,582.085,1296.189,0.000215,0.029595
6421,214.0,1640,451,24,335,1305,0,0,28,131.35,1.510,1.624,1.319,0.319,0.197,-0.909,1.920,0.3073,2.2911,0.768,0.000,0.012,0.158,0.088,76,114,135,1,2,0,64891.24,7799.596,38826.178,2.707,5013.037,11.277,28639.913,6559.658,43.807,15074.218,12059.374,5795.416,496.225,1191.855,0.000194,0.031632
6451,215.0,1656,421,24,339,1317,0,0,28,180.42,1.512,1.625,1.327,0.316,0.199,-0.909,1.922,0.3089,2.2777,0.763,0.000,0.014,0.157,0.086,51,117,132,2,1,0,65063.31,7893.844,37998.426,2.867,5344.074,12.400,29158.868,6536.561,47.473,14838.232,11870.586,5352.832,503.069,1156.621,0.000191,0.033696
6481,216.0,1667,431,24,342,1325,0,0,27,129.59,1.511,1.627,1.325,0.315,0.201,-0.910,1.925,0.3082,2.2865,0.762,0.000,0.016,0.156,0.089,71,110,126,0,3,0,63953.62,7691.616,36923.367,2.174,5503.917,11.393,29286.134,6767.063,43.847,13833.640,11066.912,4972.850,798.901,1091.323,0.000186,0.034895
6511,217.0,1618,431,24,338,1280,0,0,30,232.07,1.509,1.632,1.325,0.310,0.204,-0.911,1.927,0.3090,2.2949,0.766,0.000,0.013,0.156,0.091,54,132,136,4,1,0,61757.86,7531.503,35811.695,1.955,4910.375,12.441,28874.130,6591.331,47.394,12438.373,9950.698,5771.730,631.398,1137.258,0.000175,0.033954
6541,218.0,1570,451,24,339,1231,0,0,26,215.39,1.502,1.621,1.320,0.302,0.209,-0.911,1.928,0.3089,2.2802,0.757,0.000,0.012,0.157,0.094,59,132,135,2,6,0,58661.10,7256.876,33092.762,1.911,4538.856,10.988,27915.585,6290.627,44.311,12649.790,10119.832,5135.185,488.934,1043.711,0.000134,0.035183
6571,219.0,1546,403,24,340,1206,0,0,26,206.04,1.500,1.606,1.316,0.307,0.211,-0.910,1.926,0.3141,2.2806,0.762,0.000,0.009,0.157,0.097,53,123,125,2,2,0,56839.82,6947.025,33502.514,1.940,4583.703,12.153,27389.046,5993.097,40.665,12691.674,10153.339,4950.949,345.127,1015.538,0.000165,0.036706
6601,220.0,1487,383,25,344,1143,0,0,26,145.65,1.485,1.585,1.295,0.300,0.219,-0.911,1.925,0.3154,2.2773,0.766,0.000,0.017,0.155,0.095,68,150,114,0,1,0,54091.16,6828.594,31143.936,1.512,4317.611,13.691,26430.966,5837.389,39.433,11444.714,9155.771,4802.796,355.381,967.798,0.000081,0.036288
6631,221.0,1450,485,25,345,1105,0,0,26,170.70,1.480,1.576,1.285,0.296,0.223,-0.914,1.924,0.3110,2.2877,0.765,0.000,0.014,0.155,0.094,54,125,88,1,4,0,52047.27,6701.271,29292.267,1.120,4275.557,14.634,25379.193,5649.507,38.545,10121.208,8096.966,3615.586,513.333,818.138,0.000174,0.037163
6661,222.0,1415,428,25,344,1071,0,0,25,207.30,1.476,1.567,1.274,0.296,0.227,-0.917,1.923,0.3082,2.2944,0.763,0.000,0.012,0.154,0.090,63,148,76,2,1,0,52292.71,6381.574,30429.980,0.988,3862.300,13.020,24769.244,5575.543,37.766,10798.906,8639.125,3094.701,211.497,718.570,0.000184,0.037908
6691,223.0,1419,386,25,340,1079,0,0,21,282.18,1.484,1.584,1.284,0.303,0.225,-0.917,1.925,0.3102,2.3080,0.767,0.000,0.010,0.154,0.089,60,127,66,6,2,0,51039.43,6152.611,29015.105,1.168,3852.830,13.139,24708.947,5562.159,34.831,11577.432,9261.946,2943.893,174.237,682.615,0.000087,0.038549
6721,224.0,1391,377,25,334,1057,0,0,21,344.73,1.486,1.596,1.284,0.297,0.226,-0.918,1.921,0.3158,2.3368,0.788,0.000,0.006,0.153,0.090,60,121,61,6,5,0,49352.23,5879.709,27228.702,1.016,3708.502,13.082,24513.482,5441.278,32.706,9255.969,7404.776,2251.532,105.094,601.340,0.000123,0.037164
6751,225.0,1321,331,25,329,992,0,0,23,274.88,1.475,1.588,1.275,0.290,0.233,-0.917,1.923,0.3112,2.3427,0.743,0.003,0.010,0.154,0.089,52,131,62,4,3,0,45941.77,5470.121,24520.294,1.039,3150.874,12.646,23685.098,5264.474,35.508,7306.364,5845.091,2231.487,148.847,575.228,0.000134,0.038296
6781,226.0,1216,379,25,320,896,0,0,22,390.05,1.459,1.574,1.255,0.276,0.243,-0.916,1.927,0.3068,2.3775,0.767,0.000,0.011,0.154,0.090,66,146,60,8,6,0,41834.04,5034.064,22488.676,0.752,2825.823,14.357,22221.186,4992.144,35.981,6487.274,5189.819,2249.872,308.416,526.169,0.000142,0.039083
6811,227.0,1122,366,25,309,813,0,0,24,432.05,1.445,1.561,1.242,0.267,0.253,-0.916,1.929,0.3057,2.3783,0.775,0.000,0.016,0.154,0.092,51,140,67,9,2,0,38726.56,4746.393,21817.066,1.336,2710.678,11.839,20171.811,4617.258,34.865,7035.020,5628.016,2639.371,238.606,563.361,0.000167,0.039444
6841,228.0,1053,377,25,307,746,0,0,21,352.83,1.419,1.538,1.217,0.253,0.264,-0.914,1.939,0.3030,2.3908,0.773,0.000,0.009,0.153,0.093,43,111,46,3,2,0,35453.78,4497.718,18506.997,0.837,2259.435,9.972,18518.429,4120.389,34.616,5163.814,4131.051,1901.310,213.310,457.515,0.000168,0.041040
6871,229.0,1012,398,25,295,717,0,0,18,490.32,1.421,1.540,1.222,0.251,0.263,-0.913,1.936,0.3099,2.3848,0.765,0.000,0.013,0.151,0.094,41,103,40,11,1,0,33346.70,4157.250,18552.861,0.633,2161.195,14.113,17524.984,3957.779,30.241,6417.225,5133.780,1462.958,158.791,399.631,0.000073,0.040797
6901,230.0,981,342,25,290,691,0,0,17,401.47,1.417,1.538,1.223,0.248,0.267,-0.915,1.936,0.3086,2.3662,0.776,0.000,0.009,0.150,0.093,41,109,29,3,2,0,31815.05,3903.727,17761.573,0.716,2116.044,10.217,16639.170,3737.989,28.050,6275.871,5020.697,1102.043,108.522,326.716,0.000124,0.041641
6931,231.0,909,323,25,283,626,0,0,12,457.17,1.395,1.514,1.205,0.248,0.279,-0.916,1.935,0.3074,2.3849,0.782,0.000,0.010,0.149,0.090,48,101,36,7,4,0,28838.32,3675.445,15606.277,0.636,1984.888,10.802,15935.048,3496.685,22.742,4278.518,3422.815,1484.033,105.147,359.727,0.000114,0.041350
6961,232.0,853,329,25,272,581,0,0,14,546.85,1.384,1.505,1.192,0.245,0.284,-0.916,1.941,0.3116,2.4020,0.784,0.000,0.014,0.149,0.088,56,96,20,8,0,0,26576.65,3387.783,14200.573,0.195,1693.460,11.879,14503.439,3239.295,19.264,3840.439,3072.351,782.580,286.130,251.423,0.000102,0.039917
6991,233.0,785,320,25,265,520,0,0,10,580.41,1.357,1.480,1.165,0.232,0.298,-0.917,1.942,0.3091,2.4023,0.774,0.000,0.023,0.150,0.088,45,99,22,5,4,0,24343.57,3137.660,13043.733,0.230,1521.171,10.844,13358.658,3013.186,18.593,3447.268,2757.814,697.808,418.320,218.682,0.000123,0.039976
7021,234.0,718,351,25,248,470,0,0,7,757.84,1.342,1.473,1.163,0.236,0.304,-0.920,1.940,0.3079,2.4233,0.791,0.000,0.017,0.150,0.087,37,93,10,14,2,0,21613.83,2822.374,10718.360,0.122,1368.438,10.708,12055.661,2756.834,13.880,2916.867,2333.493,364.663,329.308,166.880,0.000084,0.039432
7051,235.0,661,357,25,236,425,0,0,6,819.71,1.323,1.458,1.148,0.225,0.313,-0.921,1.942,0.3064,2.4525,0.797,0.000,0.014,0.151,0.091,37,70,22,10,0,0,19970.64,2616.967,10660.886,0.249,990.869,11.640,11023.478,2459.549,10.849,2536.445,2029.156,644.860,117.762,157.502,0.000085,0.039084
7081,236.0,630,344,25,229,401,0,0,8,735.17,1.313,1.452,1.126,0.211,0.317,-0.922,1.945,0.3064,2.4497,0.793,0.000,0.010,0.148,0.096,37,71,6,6,0,0,19704.51,2454.953,10396.090,0.025,926.702,12.552,9970.602,2201.235,10.667,2920.260,2336.208,176.630,62.262,111.751,0.000064,0.039057
7111,237.0,627,320,25,229,398,0,0,8,609.02,1.308,1.456,1.116,0.206,0.319,-0.925,1.939,0.3111,2.4607,0.763,0.000,0.008,0.148,0.096,34,46,11,3,0,0,18452.45,2298.656,9451.331,0.048,1010.650,12.563,9667.664,2227.297,13.354,3091.331,2473.065,312.364,29.030,134.128,0.000077,0.038819
7141,238.0,564,362,25,216,348,0,0,7,678.23,1.284,1.429,1.085,0.191,0.330,-0.924,1.941,0.3150,2.4751,0.786,0.000,0.011,0.148,0.092,38,82,4,10,2,0,16693.77,2181.642,7875.142,0.045,1211.044,9.555,9054.721,2076.366,11.422,1977.369,1581.895,138.969,23.123,115.425,0.000079,0.038075
7171,239.0,544,371,25,212,332,0,0,8,644.04,1.272,1.423,1.075,0.193,0.336,-0.924,1.942,0.3192,2.4720,0.770,0.000,0.006,0.149,0.091,34,55,4,3,0,0,16050.68,2037.991,8213.342,0.135,884.806,8.056,8248.859,1874.271,13.220,2292.395,1833.916,148.006,65.354,86.371,0.000092,0.036885
7201,240.0,522,385,22,211,311,0,0,6,624.54,1.251,1.406,1.051,0.183,0.346,-0.925,1.942,0.3160,2.4833,0.754,0.000,0.016,0.149,0.088,42,61,8,3,1,0,15300.69,2008.913,7893.898,0.059,823.017,11.230,7758.448,1811.336,11.026,2778.849,2223.079,377.840,29.141,109.296,0.000091,0.036007
7231,241.0,510,355,22,208,302,0,0,7,474.82,1.248,1.410,1.040,0.181,0.348,-0.929,1.945,0.3208,2.5016,0.766,0.000,0.020,0.149,0.085,40,48,6,1,0,0,15524.44,1986.118,8582.626,0.001,770.097,12.250,7521.425,1742.225,9.714,2455.045,1964.036,282.805,214.383,83.433,0.000077,0.035292
7261,242.0,497,376,22,209,288,0,0,6,389.21,1.235,1.393,1.015,0.169,0.355,-0.934,1.947,0.3141,2.5997,0.769,0.005,0.021,0.149,0.087,39,54,5,0,1,0,15357.22,1972.780,7815.978,0.092,803.141,15.142,7251.201,1717.357,11.260,2624.679,2099.743,204.513,157.919,88.886,0.000087,0.035041
7291,243.0,493,421,22,208,285,0,0,7,396.20,1.233,1.402,1.009,0.170,0.355,-0.937,1.951,0.3212,2.6154,0.763,0.000,0.028,0.149,0.088,42,40,6,0,0,0,16054.22,2041.369,8240.892,0.012,688.421,12.787,6965.842,1650.338,10.201,2349.261,1879.409,185.029,238.218,65.797,0.000060,0.035232
7321,244.0,502,451,22,207,295,0,0,8,365.27,1.244,1.419,1.017,0.167,0.348,-0.936,1.952,0.3189,2.6210,0.767,0.000,0.027,0.149,0.091,36,36,2,3,0,0,16407.56,2086.892,8217.613,0.000,1006.309,12.459,7019.118,1719.070,12.027,2764.938,2211.951,105.946,460.748,81.264,0.000071,0.034851
7351,245.0,506,497,22,209,297,0,0,9,325.39,1.242,1.416,1.009,0.160,0.348,-0.938,1.952,0.3197,2.6301,0.747,0.000,0.030,0.147,0.089,31,39,11,1,0,0,17065.28,2125.010,9130.621,0.034,1046.321,9.168,7091.347,1800.688,12.273,3010.524,2408.420,451.816,526.708,113.012,0.000086,0.035334
7381,246.0,546,475,22,214,332,0,0,9,308.95,1.274,1.455,1.029,0.160,0.332,-0.943,1.964,0.3169,2.6370,0.756,0.000,0.030,0.146,0.093,43,33,5,0,0,0,19617.88,2227.441,11314.461,0.072,1040.033,11.528,7469.696,1899.633,13.491,4260.348,3408.278,215.286,453.122,86.072,0.000114,0.034781
7411,247.0,626,409,22,218,408,0,0,9,300.27,1.329,1.536,1.082,0.168,0.303,-0.942,1.967,0.3188,2.6336,0.729,0.000,0.027,0.146,0.100,41,23,6,0,1,0,23060.88,2373.928,13658.758,0.090,992.325,10.733,8585.869,2136.904,14.629,6006.672,4805.337,268.604,282.350,100.095,0.000128,0.034483
7441,248.0,670,387,22,221,449,0,0,8,346.77,1.354,1.572,1.094,0.169,0.290,-0.943,1.977,0.3259,2.6577,0.715,0.000,0.022,0.146,0.103,51,35,9,4,0,0,24600.10,2462.882,13250.741,0.013,1328.702,9.724,9717.640,2469.005,13.195,4973.630,3978.904,454.380,388.525,136.940,0.000119,0.035017
7471,249.0,703,405,22,224,479,0,0,9,308.59,1.371,1.592,1.095,0.167,0.281,-0.944,1.976,0.3366,2.6778,0.746,0.000,0.023,0.148,0.105,34,43,13,1,0,0,25562.36,2662.059,13705.200,0.037,1715.971,11.017,10560.173,2801.080,12.215,4884.479,3907.584,514.220,377.609,162.844,0.000099,0.035827
7501,250.0,752,385,22,229,523,0,0,11,278.97,1.394,1.617,1.120,0.168,0.268,-0.942,1.979,0.3354,2.6664,0.727,0.000,0.021,0.148,0.106,41,46,27,0,1,0,28702.08,2866.938,17899.472,0.235,1806.137,10.092,11308.627,3278.804,12.463,6770.382,5416.306,1110.107,335.598,227.252,0.000110,0.036012
7531,251.0,793,391,22,232,561,0,0,13,180.62,1.410,1.632,1.140,0.170,0.260,-0.941,1.977,0.3270,2.6252,0.716,0.000,0.025,0.149,0.107,34,48,20,0,1,0,30312.50,3018.884,16637.468,0.203,1853.979,7.429,12122.049,3280.841,21.170,6081.374,4865.099,769.711,435.407,200.688,0.000117,0.036895
7561,252.0,841,432,22,233,608,0,0,15,159.87,1.426,1.653,1.162,0.169,0.249,-0.940,1.972,0.3283,2.6379,0.713,0.000,0.020,0.152,0.109,34,56,32,0,2,0,31843.38,3130.132,18398.044,0.211,1844.044,8.771,12831.390,3511.359,22.414,7614.885,6091.908,1386.835,454.184,268.347,0.000148,0.037924
7591,253.0,888,424,22,236,652,0,0,13,219.67,1.437,1.671,1.177,0.163,0.241,-0.942,1.976,0.3297,2.6515,0.694,0.000,0.021,0.151,0.113,49,66,18,2,3,0,34365.92,3303.538,19867.671,0.182,1644.729,10.092,13699.334,3846.841,20.626,7457.703,5966.163,784.310,609.704,196.496,0.000099,0.038410
7621,254.0,953,401,22,246,707,0,0,12,200.96,1.448,1.677,1.186,0.159,0.235,-0.943,1.980,0.3325,2.6220,0.714,0.000,0.016,0.151,0.114,41,65,26,0,1,0,38212.75,3585.165,22914.719,0.183,2296.816,10.467,14517.695,4151.288,20.009,8519.409,6815.527,1187.996,749.432,322.932,0.000098,0.039209
7651,255.0,1052,409,22,252,800,0,0,13,164.04,1.471,1.710,1.214,0.163,0.223,-0.943,1.983,0.3247,2.6057,0.721,0.000,0.018,0.149,0.115,43,62,14,0,1,0,42395.51,3845.342,24204.814,0.186,2702.160,8.427,16063.055,4503.729,21.014,9661.925,7729.540,622.841,500.193,224.367,0.000106,0.039583
7681,256.0,1142,365,22,257,885,0,0,15,143.77,1.492,1.740,1.233,0.160,0.213,-0.943,1.974,0.3303,2.6333,0.730,0.000,0.018,0.149,0.117,35,79,38,0,1,0,45266.84,4161.615,26052.209,0.080,2811.171,5.976,17745.012,4944.574,19.843,11497.501,9198.001,1427.314,573.184,333.148,0.000177,0.040481
7711,257.0,1208,373,22,267,941,0,0,15,132.70,1.495,1.755,1.243,0.158,0.211,-0.942,1.967,0.3355,2.6251,0.718,0.000,0.015,0.149,0.118,35,92,38,0,1,0,48059.27,4433.438,27743.934,0.247,2909.857,6.011,19064.846,5437.267,23.594,10681.027,8544.822,1965.494,337.698,420.081,0.000154,0.040786
7741,258.0,1255,367,22,274,981,0,0,14,201.74,1.495,1.769,1.251,0.162,0.211,-0.940,1.965,0.3206,2.6445,0.715,0.000,0.010,0.150,0.117,38,98,37,2,3,0,49510.98,4662.673,27290.536,0.220,3442.268,7.574,20421.669,5837.547,21.285,10100.248,8080.199,1581.105,209.928,410.136,0.000129,0.040440
7771,259.0,1291,380,22,278,1013,0,0,12,207.45,1.500,1.768,1.256,0.167,0.210,-0.937,1.964,0.3213,2.6579,0.690,0.000,0.020,0.150,0.117,30,109,50,0,2,0,51472.79,4779.104,29454.342,0.255,3244.788,5.612,21111.729,6000.240,21.557,10899.959,8719.967,2142.053,354.877,461.444,0.000135,0.041056
7801,260.0,1331,407,22,282,1049,0,0,13,167.85,1.504,1.769,1.265,0.168,0.208,-0.938,1.966,0.3158,2.6276,0.689,0.000,0.018,0.150,0.121,35,102,60,1,3,0,53669.88,4937.222,30713.067,0.389,3373.947,5.143,21535.758,5973.241,19.166,11304.445,9043.556,2620.030,546.357,498.155,0.000181,0.042842
7831,261.0,1395,431,22,287,1108,0,0,12,148.55,1.504,1.780,1.271,0.168,0.204,-0.941,1.966,0.3112,2.6532,0.703,0.003,0.017,0.151,0.126,32,96,49,0,1,0,57478.72,5192.478,32768.771,0.446,3336.201,5.231,22430.622,6117.171,18.959,11371.335,9097.068,2059.251,806.444,446.137,0.000170,0.043090
7861,262.0,1498,362,22,303,1195,0,0,14,141.43,1.506,1.783,1.279,0.175,0.202,-0.942,1.971,0.3178,2.6447,0.679,0.003,0.015,0.150,0.127,42,109,68,0,1,0,60735.79,5521.951,35406.685,0.652,3559.629,5.659,23685.719,6567.924,19.008,14977.025,11981.620,3022.289,800.096,581.782,0.000168,0.043359
7891,263.0,1554,341,22,313,1241,0,0,14,136.00,1.513,1.784,1.285,0.178,0.200,-0.942,1.969,0.3167,2.6155,0.677,0.000,0.015,0.149,0.128,36,121,72,0,1,0,62942.48,5733.746,35873.234,0.948,4640.683,6.596,25177.189,7014.409,19.770,13658.718,10926.975,3090.608,720.407,647.104,0.000147,0.044152
7921,264.0,1616,346,22,322,1294,0,0,14,135.09,1.524,1.789,1.286,0.177,0.198,-0.940,1.967,0.3106,2.6235,0.678,0.003,0.012,0.150,0.124,43,108,85,0,1,0,65498.20,6152.723,37063.182,0.837,4468.583,6.870,26480.141,7261.874,20.580,14094.480,11275.584,3030.558,409.901,639.082,0.000146,0.044075
7951,265.0,1703,322,21,328,1375,0,0,15,168.95,1.539,1.805,1.301,0.171,0.194,-0.938,1.961,0.3093,2.6332,0.637,0.000,0.015,0.150,0.126,46,127,71,1,1,0,69560.95,6369.157,40510.963,0.586,4472.510,5.966,27798.002,7919.867,20.351,15908.709,12726.967,2819.637,446.456,631.898,0.000188,0.042623
7981,266.0,1740,291,21,333,1407,0,0,16,158.23,1.545,1.808,1.306,0.170,0.193,-0.937,1.957,0.3125,2.6232,0.670,0.003,0.016,0.150,0.126,40,139,73,0,0,0,70314.91,6582.221,39147.562,0.706,4798.210,7.125,29283.551,8300.987,22.068,13872.907,11098.326,3162.309,747.373,685.647,0.000163,0.041598
8011,267.0,1771,348,21,340,1431,0,0,16,182.90,1.549,1.809,1.306,0.173,0.194,-0.936,1.957,0.3086,2.6480,0.647,0.000,0.013,0.150,0.126,42,151,61,1,1,0,71350.99,6864.968,39036.936,0.528,5294.595,5.691,29988.517,8467.123,21.075,13609.595,10887.676,2448.552,557.080,662.088,0.000157,0.041270
8041,268.0,1839,312,21,341,1498,0,0,19,147.52,1.557,1.819,1.314,0.174,0.189,-0.937,1.957,0.3115,2.6337,0.646,0.000,0.014,0.152,0.127,43,145,78,0,1,0,74731.16,6850.543,43632.689,0.703,5093.616,8.384,30995.994,8390.722,24.517,16325.556,13060.445,3182.761,478.154,766.509,0.000170,0.040128
8071,269.0,1885,269,21,345,1540,0,0,17,212.35,1.561,1.829,1.318,0.174,0.188,-0.936,1.957,0.3120,2.6498,0.663,0.000,0.015,0.153,0.126,39,145,71,1,5,0,74917.74,7014.999,41792.758,0.201,5288.666,7.530,32212.278,8855.198,25.792,14864.101,11891.281,3114.698,692.437,748.151,0.000182,0.038905
8101,270.0,1868,307,21,355,1513,0,0,18,182.40,1.550,1.817,1.309,0.173,0.194,-0.938,1.953,0.3112,2.6205,0.666,0.000,0.017,0.156,0.124,50,186,76,1,3,0,74987.30,7208.933,40938.617,0.435,5409.421,8.375,31971.824,8866.605,24.483,13673.914,10939.132,2955.496,808.510,716.731,0.000176,0.038051
8131,271.0,1909,284,21,363,1546,0,0,21,163.88,1.552,1.816,1.314,0.174,0.192,-0.938,1.953,0.3178,2.6265,0.663,0.000,0.015,0.156,0.126,42,184,49,0,4,0,77165.96,7427.916,42827.767,0.232,5038.896,7.580,32664.190,8824.799,25.417,15500.979,12400.784,2027.214,835.399,600.030,0.000188,0.037227
8161,272.0,1966,287,21,378,1588,0,0,21,170.12,1.551,1.812,1.313,0.169,0.192,-0.940,1.947,0.3146,2.6112,0.654,0.000,0.013,0.156,0.129,45,158,47,0,3,0,76615.57,7543.103,40494.496,0.239,5122.164,9.240,33344.991,8982.075,29.563,14591.903,11673.523,2201.612,550.087,561.525,0.000156,0.037821
8191,273.0,1946,342,21,396,1550,0,0,20,204.21,1.542,1.791,1.303,0.166,0.200,-0.938,1.940,0.3188,2.6088,0.638,0.003,0.016,0.155,0.128,49,208,59,1,3,0,75687.48,7748.379,39949.221,0.332,5411.455,8.611,33411.758,9153.261,27.993,13755.378,11004.302,2242.955,438.089,600.887,0.000175,0.037702
8221,274.0,1954,276,21,411,1543,0,0,22,167.84,1.537,1.777,1.298,0.166,0.204,-0.938,1.932,0.3194,2.6084,0.623,0.000,0.016,0.155,0.128,51,199,55,0,3,0,75479.86,7766.095,41285.096,0.416,5750.994,10.734,33302.291,9087.865,29.556,14542.942,11634.354,2579.013,697.514,654.408,0.000181,0.037757
8251,275.0,1944,257,21,420,1524,0,0,23,187.38,1.531,1.765,1.289,0.163,0.208,-0.940,1.928,0.3237,2.6282,0.633,0.000,0.012,0.155,0.126,41,193,66,1,4,0,74954.84,7635.016,40101.657,0.293,5167.650,8.294,32822.517,8880.786,33.023,14125.274,11300.219,2533.187,535.549,631.872,0.000227,0.037455
8281,276.0,1950,269,21,430,1520,0,0,31,192.47,1.527,1.757,1.287,0.168,0.211,-0.940,1.921,0.3186,2.6080,0.645,0.000,0.016,0.155,0.124,48,174,62,1,0,0,74074.30,7971.011,38967.802,0.314,6276.319,10.614,32809.363,8977.814,37.940,13424.749,10739.799,2256.739,377.563,675.287,0.000192,0.036816
8311,277.0,1927,252,21,435,1492,0,0,41,200.60,1.521,1.750,1.283,0.171,0.215,-0.941,1.919,0.3180,2.6222,0.644,0.000,0.014,0.156,0.124,52,176,55,1,2,0,72817.21,8065.567,38300.082,0.337,5775.167,14.131,32452.045,8900.656,53.136,11806.884,9445.507,2684.649,494.348,676.870,0.000196,0.037713
8341,278.0,1900,274,21,432,1468,0,0,42,231.99,1.521,1.752,1.285,0.175,0.217,-0.942,1.922,0.3182,2.6132,0.657,0.000,0.012,0.156,0.124,46,183,62,3,6,0,70706.87,8010.013,37099.909,0.356,5822.931,8.711,32197.209,8755.166,61.549,12875.627,10300.502,2461.074,542.911,627.586,0.000194,0.037991
8371,279.0,1830,250,21,437,1393,0,0,39,212.31,1.510,1.736,1.276,0.174,0.225,-0.943,1.923,0.3188,2.6166,0.664,0.000,0.017,0.156,0.123,53,197,62,0,10,0,68695.31,7862.752,35716.743,0.336,5150.089,10.884,31148.420,8483.349,52.432,11202.966,8962.373,2355.093,717.045,594.450,0.000143,0.037653
8401,280.0,1803,274,21,452,1351,0,0,37,189.18,1.496,1.718,1.273,0.175,0.234,-0.945,1.919,0.3170,2.6279,0.653,0.000,0.013,0.155,0.125,52,164,53,0,7,0,66210.59,7786.004,33023.341,0.319,5104.768,10.111,30307.794,7991.510,48.665,10850.999,8680.799,1953.308,267.220,555.691,0.000192,0.038825
8431,281.0,1743,294,21,460,1283,0,0,36,244.39,1.482,1.696,1.263,0.175,0.244,-0.944,1.916,0.3245,2.6017,0.664,0.000,0.011,0.155,0.124,63,162,77,2,6,0,62919.09,7746.989,32272.589,0.321,4773.639,9.882,29375.112,7644.234,51.518,10458.298,8366.638,3049.003,456.306,643.571,0.000134,0.038124
8461,282.0,1692,261,21,470,1222,0,0,37,239.51,1.464,1.675,1.254,0.171,0.254,-0.942,1.912,0.3279,2.5949,0.658,0.000,0.011,0.155,0.122,65,182,62,1,4,0,60447.41,7703.580,31359.263,0.485,5451.818,8.155,28251.970,7168.824,49.883,10937.929,8750.343,2632.223,589.360,655.162,0.000159,0.038913
8491,283.0,1652,258,21,479,1173,0,0,35,296.78,1.447,1.652,1.246,0.171,0.263,-0.942,1.905,0.3255,2.5974,0.644,0.000,0.011,0.154,0.121,55,155,56,2,4,0,57125.41,7425.112,29048.881,0.386,5291.670,12.990,27061.025,7079.791,49.313,9719.706,7775.765,2570.234,459.460,632.611,0.000119,0.039075
8521,284.0,1589,261,21,481,1108,0,0,34,229.06,1.431,1.628,1.235,0.172,0.272,-0.940,1.906,0.3246,2.5931,0.649,0.000,0.014,0.153,0.118,69,168,51,1,7,0,54331.21,7262.810,27899.500,0.336,5046.656,13.083,25913.167,6890.291,50.827,9213.661,7370.929,2226.476,434.766,598.588,0.000188,0.039547
8551,285.0,1531,281,21,484,1047,0,0,39,256.17,1.411,1.605,1.226,0.172,0.283,-0.939,1.908,0.3176,2.5775,0.658,0.000,0.013,0.153,0.115,77,150,48,2,3,0,51171.65,7087.483,25254.178,0.279,4584.356,11.750,24739.476,6402.544,51.111,8045.596,6436.477,1792.843,409.253,497.154,0.000183,0.040770
8581,286.0,1449,307,21,485,964,0,0,40,224.42,1.387,1.574,1.216,0.175,0.296,-0.938,1.907,0.3244,2.5700,0.668,0.000,0.011,0.153,0.112,72,158,57,2,4,0,47680.18,6940.427,23454.583,0.346,4589.250,10.406,23508.114,5733.000,54.620,7846.912,6277.530,2231.779,221.459,568.479,0.000147,0.039876
8611,287.0,1397,275,21,482,915,0,0,36,295.99,1.372,1.553,1.206,0.174,0.302,-0.938,1.908,0.3241,2.5648,0.686,0.000,0.010,0.152,0.110,66,144,45,2,6,0,45654.26,6784.060,22917.419,0.312,4228.935,12.344,22127.504,5302.095,54.612,8172.346,6537.877,1939.770,175.586,493.674,0.000175,0.039132
8641,288.0,1332,290,21,479,853,0,0,32,266.10,1.353,1.530,1.192,0.175,0.313,-0.939,1.907,0.3238,2.5928,0.682,0.000,0.014,0.151,0.105,60,146,36,3,1,0,42907.48,6450.508,20021.035,0.174,3956.852,10.745,20881.662,5081.508,50.938,6870.995,5496.796,1206.208,251.973,371.999,0.000193,0.038880
8671,289.0,1270,272,21,472,798,0,0,31,347.24,1.338,1.511,1.177,0.177,0.323,-0.941,1.904,0.3311,2.6048,0.703,0.000,0.014,0.149,0.103,62,137,23,2,3,0,40099.16,6100.385,18208.198,0.148,3998.197,11.024,19820.163,4800.926,46.946,5857.399,4685.920,694.297,265.977,317.263,0.000093,0.039354
8701,290.0,1214,283,20,467,747,0,0,26,310.02,1.320,1.488,1.163,0.174,0.333,-0.941,1.903,0.3323,2.5997,0.709,0.000,0.015,0.149,0.102,66,114,29,2,3,0,37752.05,5730.932,17801.084,0.207,3305.749,14.112,18402.429,4443.807,42.114,5206.140,4164.912,1278.781,291.512,379.469,0.000149,0.039913
8731,291.0,1162,273,20,459,703,0,0,21,370.27,1.306,1.474,1.151,0.170,0.340,-0.940,1.901,0.3291,2.6105,0.726,0.000,0.006,0.150,0.101,50,109,17,6,5,0,34436.67,5395.776,15352.154,0.065,3472.056,15.851,17755.510,4209.438,33.966,4786.441,3829.152,654.259,149.830,303.080,0.000128,0.039256
8761,292.0,1088,285,20,457,631,0,0,21,277.57,1.267,1.429,1.126,0.165,0.358,-0.941,1.900,0.3326,2.6325,0.741,0.000,0.006,0.150,0.099,57,130,19,2,1,0,31497.02,5159.904,14112.353,0.134,3208.463,17.681,16364.788,3962.121,30.871,4404.281,3523.425,594.904,95.177,283.330,0.000167,0.040121
8791,293.0,1058,237,20,461,597,0,0,17,270.80,1.247,1.405,1.113,0.158,0.368,-0.941,1.901,0.3287,2.6220,0.741,0.000,0.007,0.150,0.098,48,88,17,1,4,0,29635.84,4964.972,13820.362,0.047,2353.997,12.422,15218.763,3671.848,27.817,4384.671,3507.737,569.968,75.195,206.030,0.000130,0.041415
8821,294.0,980,234,20,455,525,0,0,17,300.64,1.206,1.359,1.087,0.154,0.387,-0.943,1.901,0.3283,2.6272,0.740,0.000,0.010,0.150,0.094,60,112,21,1,1,0,26465.70,4744.621,11389.948,0.103,2451.783,18.341,14171.418,3350.547,23.230,3186.466,2549.173,757.524,123.552,241.250,0.000090,0.041437
8851,295.0,932,286,20,451,481,0,0,17,404.06,1.178,1.331,1.075,0.156,0.402,-0.942,1.903,0.3307,2.6722,0.744,0.000,0.010,0.149,0.093,75,99,5,4,1,0,23959.01,4493.852,9977.430,0.011,2415.382,20.732,12832.134,2977.652,23.709,3404.266,2723.413,79.525,243.863,140.245,0.000096,0.041388
8881,296.0,880,284,20,447,433,0,0,18,422.80,1.141,1.291,1.055,0.153,0.419,-0.942,1.900,0.3330,2.6724,0.758,0.000,0.007,0.148,0.089,63,98,11,3,0,0,22753.88,4345.089,10455.837,0.021,2212.731,25.582,11870.929,2722.494,24.774,3301.351,2641.081,328.132,224.949,174.537,0.000099,0.042207
8911,297.0,836,272,20,438,398,0,0,13,441.08,1.117,1.260,1.043,0.149,0.431,-0.947,1.900,0.3303,2.6504,0.743,0.000,0.005,0.146,0.084,69,84,6,4,4,0,21615.37,4117.974,9148.393,0.026,2128.426,22.491,10932.126,2504.774,23.968,3010.752,2408.602,163.195,60.226,118.462,0.000110,0.043211
8941,298.0,800,281,20,433,367,0,0,14,438.92,1.091,1.229,1.031,0.148,0.444,-0.946,1.901,0.3348,2.6400,0.745,0.000,0.005,0.147,0.081,73,71,7,2,2,0,20005.97,3971.479,7842.750,0.011,1872.060,28.178,10236.630,2237.276,20.213,2529.901,2023.921,228.106,73.767,121.663,0.000073,0.043913
8971,299.0,772,299,20,429,343,0,0,11,396.42,1.067,1.206,1.015,0.147,0.455,-0.946,1.908,0.3319,2.6702,0.763,0.000,0.006,0.147,0.079,71,62,8,0,4,0,18932.05,3901.576,7841.153,0.019,1837.643,32.463,9691.967,2071.595,18.068,2495.558,1996.446,309.337,92.772,133.818,0.000093,0.043776
9001,300.0,762,288,20,423,339,0,0,9,373.61,1.069,1.212,1.019,0.147,0.456,-0.946,1.904,0.3269,2.6527,0.752,0.000,0.003,0.148,0.078,73,57,5,4,2,0,19126.13,3882.907,8852.655,0.021,1999.823,25.243,9392.499,2094.740,13.607,3309.757,2647.805,212.209,25.123,141.375,0.000098,0.043254
9031,301.0,749,297,20,415,334,0,0,8,458.30,1.068,1.213,1.021,0.143,0.455,-0.944,1.904,0.3272,2.6925,0.771,0.000,0.006,0.149,0.080,64,57,4,6,0,0,18606.99,3781.244,7996.810,0.018,1811.008,26.438,9223.349,2137.046,11.013,3022.399,2417.919,184.194,13.062,124.067,0.000081,0.043935
9061,302.0,721,342,20,411,310,0,0,7,475.19,1.043,1.188,1.000,0.136,0.466,-0.943,1.903,0.3263,2.6955,0.774,0.000,0.006,0.148,0.077,74,58,13,2,3,0,18121.05,3823.944,7511.526,0.042,1629.527,22.846,8841.307,1824.401,9.217,2712.989,2170.391,441.257,12.666,150.009,0.000071,0.043651
9091,303.0,726,360,20,416,310,0,0,8,425.30,1.037,1.184,0.996,0.139,0.468,-0.943,1.903,0.3311,2.6939,0.753,0.000,0.003,0.148,0.075,66,42,4,1,0,0,18457.08,3880.625,7738.823,0.017,1535.915,22.765,8610.243,1749.522,11.850,2770.847,2216.677,187.353,62.119,108.179,0.000111,0.042925
9121,304.0,731,383,20,418,313,0,0,4,391.21,1.038,1.187,1.001,0.146,0.470,-0.947,1.905,0.3301,2.6966,0.754,0.000,0.013,0.147,0.071,70,49,6,1,3,0,19630.53,3964.154,8881.108,0.036,1781.927,22.803,8599.509,1772.893,10.220,3493.736,2794.989,259.479,203.738,127.261,0.000092,0.042952
9151,305.0,763,375,20,418,345,0,0,3,280.68,1.074,1.224,1.024,0.157,0.455,-0.953,1.905,0.3286,2.7066,0.730,0.000,0.012,0.148,0.070,77,48,6,0,1,0,21687.40,4064.266,10716.725,0.010,2367.666,29.219,9001.637,2006.889,5.449,4907.151,3925.721,165.179,444.950,118.599,0.000068,0.042887
9181,306.0,803,365,20,415,388,0,0,3,344.55,1.125,1.277,1.055,0.167,0.431,-0.954,1.911,0.3295,2.6763,0.758,0.000,0.010,0.149,0.075,66,41,9,2,0,0,22937.84,4268.060,10808.597,0.010,2543.538,23.251,9848.358,2233.355,4.874,5219.828,4175.863,247.264,285.650,162.755,0.000118,0.042258
9211,307.0,823,368,20,413,410,0,0,4,320.45,1.149,1.309,1.069,0.170,0.421,-0.948,1.914,0.3312,2.6729,0.756,0.000,0.012,0.151,0.078,67,45,16,1,0,0,24843.29,4520.954,12273.304,0.031,2271.349,27.129,10671.836,2194.305,4.978,4665.250,3732.200,644.383,258.113,182.179,0.000184,0.041561
9241,308.0,852,396,20,419,433,0,0,4,300.42,1.164,1.328,1.082,0.176,0.415,-0.950,1.914,0.3337,2.6986,0.764,0.002,0.007,0.151,0.080,62,40,22,0,0,0,26363.55,4757.288,12808.533,0.116,2693.842,26.562,11346.976,2477.084,6.434,5028.209,4022.567,833.703,143.619,232.219,0.000130,0.042687
9271,309.0,897,423,20,423,474,0,0,8,233.23,1.192,1.372,1.099,0.182,0.401,-0.951,1.912,0.3334,2.7068,0.748,0.000,0.023,0.151,0.084,60,44,17,0,0,0,27917.44,5013.591,13915.406,0.135,2932.276,21.848,12040.976,2683.217,8.160,5902.180,4721.744,761.236,485.409,215.803,0.000106,0.043199
9301,310.0,947,372,20,433,514,0,0,6,187.84,1.214,1.404,1.106,0.184,0.389,-0.954,1.913,0.3324,2.6967,0.759,0.000,0.014,0.151,0.086,61,56,31,1,0,0,29496.92,5291.254,15665.618,0.129,3853.992,22.306,12858.462,2938.731,13.082,7607.826,6086.261,1417.081,295.782,332.815,0.000086,0.043891
9331,311.0,1000,366,20,431,569,0,0,6,240.63,1.254,1.458,1.131,0.194,0.371,-0.955,1.915,0.3363,2.7375,0.745,0.000,0.012,0.153,0.092,59,52,23,1,2,0,32302.60,5638.403,17427.939,0.076,3721.005,19.515,13999.546,3459.594,10.166,7466.554,5973.243,822.304,209.864,265.955,0.000091,0.044112
9361,312.0,1069,345,20,437,632,0,0,7,235.74,1.288,1.492,1.161,0.199,0.356,-0.956,1.912,0.3378,2.7189,0.745,0.000,0.013,0.153,0.094,70,50,18,1,0,0,34468.33,5881.616,18478.069,0.119,3566.831,18.159,15368.249,3792.170,10.847,7763.527,6210.822,850.461,377.135,242.509,0.000093,0.044191
9391,313.0,1091,428,20,438,653,0,0,7,154.61,1.299,1.501,1.185,0.206,0.353,-0.955,1.912,0.3343,2.6846,0.738,0.000,0.014,0.153,0.091,78,67,38,0,1,0,36014.29,6226.094,19376.119,0.139,3823.560,19.215,16259.528,3820.827,12.617,7323.920,5859.136,1518.829,640.001,339.801,0.000204,0.043422
9421,314.0,1151,373,20,444,707,0,0,11,126.46,1.321,1.528,1.222,0.225,0.345,-0.953,1.911,0.3389,2.6655,0.732,0.000,0.023,0.154,0.089,74,69,30,0,1,0,39258.41,6422.113,22883.431,0.120,4141.943,16.786,17376.323,3909.406,14.332,9042.915,7234.332,1341.327,1257.923,353.659,0.000186,0.044091
9451,315.0,1231,378,20,451,780,0,0,10,144.82,1.353,1.555,1.263,0.245,0.334,-0.951,1.909,0.3395,2.6367,0.731,0.000,0.012,0.154,0.091,56,65,43,0,1,0,42032.96,6792.342,24389.958,0.278,4638.212,15.163,19036.230,4155.849,14.284,10757.166,8605.733,1895.938,709.114,445.174,0.000098,0.044100
9481,316.0,1324,309,20,454,870,0,0,12,169.11,1.391,1.599,1.293,0.263,0.319,-0.948,1.905,0.3478,2.6031,0.725,0.000,0.010,0.154,0.098,70,87,41,1,0,0,46220.04,7240.073,27659.986,0.196,4823.678,13.729,20898.879,4660.008,16.038,12702.349,10161.879,1772.340,372.484,452.958,0.000213,0.045421
9511,317.0,1374,310,20,462,912,0,0,13,164.22,1.403,1.610,1.299,0.265,0.314,-0.946,1.906,0.3399,2.6222,0.739,0.000,0.009,0.155,0.099,59,86,41,0,0,0,48704.33,7470.727,27690.068,0.272,5067.746,18.901,22631.538,5190.897,18.436,9957.014,7965.612,1911.791,456.228,476.479,0.000138,0.044545
9541,318.0,1415,317,20,464,951,0,0,15,181.68,1.415,1.623,1.322,0.269,0.310,-0.946,1.902,0.3456,2.6002,0.710,0.000,0.008,0.155,0.099,62,101,54,1,0,0,50370.32,7875.597,28694.695,0.246,5565.165,18.414,23576.431,5571.946,23.010,11231.304,8985.043,2484.529,393.777,608.592,0.000142,0.043417
9571,319.0,1452,358,20,466,986,0,0,16,163.93,1.425,1.643,1.330,0.272,0.305,-0.944,1.901,0.3516,2.6205,0.744,0.000,0.012,0.155,0.100,64,112,44,0,2,0,53110.03,8126.514,30092.970,0.213,5590.378,18.126,24756.724,5600.491,22.766,11165.167,8932.134,1860.385,481.168,525.427,0.000132,0.043814
9601,320.0,1559,310,20,469,1090,0,0,14,156.21,1.452,1.683,1.358,0.282,0.293,-0.943,1.903,0.3407,2.6013,0.739,0.000,0.009,0.154,0.103,56,91,57,1,2,0,58028.38,8722.229,34878.243,0.427,6149.619,16.258,26033.999,5911.529,19.815,14686.630,11749.304,2689.400,434.479,656.005,0.000135,0.043965
9631,321.0,1627,298,20,471,1156,0,0,19,182.26,1.468,1.708,1.389,0.301,0.288,-0.941,1.904,0.3435,2.6237,0.734,0.000,0.004,0.154,0.101,56,104,67,2,0,0,59667.45,9049.195,33569.895,0.441,6297.934,12.867,28129.716,6003.737,21.806,13751.473,11001.179,2976.492,365.491,732.921,0.000187,0.044988
9661,322.0,1699,286,20,471,1228,0,0,18,170.51,1.488,1.729,1.416,0.312,0.283,-0.940,1.907,0.3414,2.6227,0.728,0.000,0.011,0.155,0.096,58,113,60,0,5,0,61873.91,9313.488,36372.535,0.541,7255.775,13.385,30203.821,6280.601,25.805,14398.816,11519.053,2624.821,728.269,737.024,0.000217,0.044472
9691,323.0,1695,272,20,471,1224,0,0,14,145.85,1.490,1.720,1.432,0.325,0.285,-0.939,1.906,0.3415,2.5830,0.734,0.000,0.004,0.156,0.093,62,135,83,0,5,0,62887.85,9634.702,36283.508,0.557,6695.141,13.082,31311.623,6455.636,21.744,12679.130,10143.304,3233.732,562.089,784.175,0.000184,0.044644
9721,324.0,1726,267,20,468,1258,0,0,15,193.48,1.498,1.725,1.453,0.339,0.284,-0.938,1.913,0.3355,2.5671,0.740,0.000,0.004,0.156,0.094,65,129,72,1,0,0,64323.69,10004.118,37561.500,0.766,7571.734,13.232,32095.055,6811.301,20.640,13412.908,10730.326,3423.780,265.110,832.075,0.000196,0.045373
9751,325.0,1778,257,20,468,1310,0,0,18,145.98,1.509,1.732,1.474,0.347,0.279,-0.938,1.914,0.3312,2.5397,0.723,0.000,0.005,0.156,0.095,76,128,74,0,2,0,66316.45,9952.625,39599.222,1.322,7384.960,16.288,33046.734,6922.114,22.554,14787.606,11830.085,3419.120,349.047,843.322,0.000161,0.045390
9781,326.0,1829,251,20,469,1360,0,0,20,144.32,1.519,1.746,1.491,0.356,0.274,-0.938,1.914,0.3327,2.5677,0.718,0.000,0.005,0.157,0.098,72,151,54,0,0,0,67964.59,10103.310,39308.668,0.387,7472.302,15.769,34428.143,7228.019,27.837,14731.044,11784.836,2124.050,302.877,707.091,0.000212,0.043682
9811,327.0,1851,255,20,469,1382,0,0,17,152.32,1.521,1.755,1.498,0.359,0.272,-0.940,1.915,0.3372,2.5672,0.733,0.000,0.004,0.158,0.098,62,146,76,0,3,0,67265.81,10502.118,39356.843,0.654,7294.161,13.300,35666.715,7225.545,26.697,14186.827,11349.462,3682.252,282.193,837.618,0.000252,0.043382
9841,328.0,1879,242,20,475,1404,0,0,18,142.03,1.520,1.762,1.504,0.356,0.272,-0.941,1.916,0.3356,2.5703,0.724,0.000,0.010,0.158,0.099,77,165,58,0,1,0,69397.48,10465.769,41530.275,0.650,7718.535,15.702,35911.527,7248.788,26.768,14316.553,11453.242,2456.983,618.411,739.248,0.000212,0.043920
9871,329.0,1883,270,20,476,1407,0,0,21,164.55,1.522,1.769,1.513,0.362,0.273,-0.941,1.918,0.3313,2.5816,0.730,0.000,0.016,0.159,0.098,66,151,69,0,1,0,69166.27,10445.253,40659.430,0.633,7373.761,15.521,36944.662,7231.517,27.934,12996.294,10397.035,2874.031,841.994,817.128,0.000219,0.042971
9901,330.0,1894,243,19,477,1417,0,0,26,182.10,1.523,1.776,1.523,0.376,0.274,-0.940,1.919,0.3284,2.5804,0.722,0.000,0.012,0.160,0.097,72,188,64,1,5,0,70275.91,10704.815,42008.138,0.516,7953.551,12.056,37036.703,7162.365,35.665,15500.865,12400.692,2727.754,702.235,838.932,0.000151,0.042089
9931,331.0,1904,239,19,477,1427,0,0,30,160.06,1.529,1.775,1.539,0.393,0.276,-0.939,1.919,0.3331,2.5578,0.715,0.000,0.009,0.159,0.095,58,154,74,0,3,0,71011.70,10529.815,42472.299,0.605,7687.506,12.492,37699.312,7324.987,43.164,13950.591,11160.473,2897.717,657.315,854.307,0.000147,0.041288
9961,332.0,1912,236,19,476,1436,0,0,27,182.85,1.533,1.773,1.554,0.406,0.277,-0.937,1.919,0.3327,2.5359,0.734,0.000,0.008,0.159,0.094,60,175,78,0,6,0,70389.30,10574.306,42208.416,0.876,7480.514,13.982,38356.858,7282.120,45.234,15475.913,12380.730,3313.161,430.760,882.692,0.000204,0.041936
9991,333.0,1919,232,19,481,1438,0,0,29,148.62,1.532,1.760,1.563,0.418,0.281,-0.937,1.919,0.3308,2.5442,0.732,0.000,0.008,0.159,0.093,71,176,72,0,5,0,68775.52,10534.411,41105.875,0.893,7510.705,15.652,38806.614,7355.102,42.850,14911.049,11928.840,2859.843,410.002,798.332,0.000225,0.042315
10021,334.0,1896,226,19,482,1414,0,0,32,151.27,1.527,1.754,1.559,0.411,0.283,-0.937,1.921,0.3317,2.5246,0.723,0.000,0.004,0.160,0.093,73,188,71,0,6,0,66854.47,10527.815,40051.355,0.709,7407.822,16.129,38230.125,7242.576,49.407,13948.255,11158.604,3029.638,341.472,818.064,0.000159,0.042814
10051,335.0,1862,191,19,484,1378,0,0,39,175.13,1.517,1.742,1.554,0.408,0.288,-0.939,1.924,0.3354,2.5260,0.708,0.000,0.009,0.161,0.093,72,186,65,1,5,0,67514.86,10303.318,41286.981,0.618,7180.192,15.356,37531.079,6883.614,55.587,12641.905,10113.524,2699.706,437.108,795.051,0.000181,0.043926
10081,336.0,1819,227,19,486,1333,0,0,41,156.87,1.504,1.732,1.546,0.405,0.292,-0.941,1.927,0.3308,2.5169,0.709,0.000,0.007,0.163,0.094,80,196,56,0,8,0,64446.88,10034.987,36767.004,0.692,7289.389,18.692,36726.983,6751.223,64.024,12396.470,9917.177,2519.641,602.273,727.223,0.000170,0.043461
10111,337.0,1779,232,19,484,1295,0,0,40,213.77,1.495,1.731,1.542,0.402,0.296,-0.940,1.928,0.3275,2.5304,0.710,0.000,0.011,0.164,0.094,90,180,55,1,5,0,63550.18,10030.942,37469.908,0.480,6611.920,14.336,36025.095,6536.898,62.031,11577.350,9261.880,2221.157,538.144,699.245,0.000113,0.043418
10141,338.0,1780,211,19,490,1290,0,0,41,182.73,1.491,1.728,1.543,0.403,0.298,-0.940,1.930,0.3310,2.5389,0.714,0.000,0.013,0.165,0.093,66,175,45,0,7,0,63093.54,9775.743,37112.004,0.439,6588.138,17.910,35085.389,6312.968,55.178,13022.869,10418.296,2012.933,642.160,631.621,0.000168,0.043664
10171,339.0,1759,170,19,490,1269,0,0,31,197.92,1.489,1.729,1.542,0.397,0.301,-0.940,1.934,0.3312,2.5249,0.724,0.000,0.013,0.164,0.092,63,170,52,0,9,0,61019.17,9747.960,35772.191,0.253,6674.127,18.631,35380.377,6369.614,52.689,12130.099,9704.080,2159.686,521.995,684.386,0.000169,0.044029
10201,340.0,1717,208,17,491,1226,0,0,31,194.00,1.482,1.718,1.532,0.394,0.306,-0.940,1.933,0.3349,2.5368,0.713,0.000,0.006,0.163,0.090,88,182,41,0,0,0,58595.63,9438.407,33483.190,0.298,6592.681,17.416,34392.077,6336.469,44.724,10425.792,8340.634,1523.246,343.307,620.456,0.000203,0.043931
10231,341.0,1649,214,17,486,1163,0,0,22,268.01,1.472,1.699,1.518,0.394,0.312,-0.940,1.935,0.3298,2.5245,0.725,0.000,0.005,0.162,0.086,90,174,46,2,10,0,56677.05,9226.889,33182.054,0.297,6141.122,19.551,33246.274,6137.952,37.735,9541.649,7633.320,2005.320,364.881,627.324,0.000178,0.044531
10261,342.0,1617,188,17,480,1137,0,0,21,272.24,1.468,1.693,1.514,0.396,0.314,-0.940,1.938,0.3291,2.5173,0.718,0.000,0.010,0.162,0.085,67,150,48,2,3,0,53682.60,8808.055,31234.286,0.282,5751.174,22.358,32221.127,5928.231,30.171,9918.902,7935.121,2104.295,192.742,576.733,0.000184,0.044709
10291,343.0,1573,201,17,474,1099,0,0,18,257.83,1.460,1.680,1.508,0.394,0.316,-0.940,1.940,0.3284,2.5106,0.748,0.000,0.005,0.162,0.087,64,157,30,0,3,0,49966.20,8452.682,28791.405,0.193,5411.491,18.147,31556.457,5650.324,25.148,8411.245,6728.996,1296.013,299.682,450.807,0.000118,0.044793
10321,344.0,1463,192,17,468,995,0,0,19,227.54,1.431,1.645,1.480,0.385,0.327,-0.942,1.942,0.3275,2.5103,0.739,0.000,0.006,0.163,0.086,70,200,46,0,1,0,46194.19,8113.149,26762.572,0.193,5210.178,19.299,29440.775,5131.411,24.016,7865.558,6292.447,1678.023,304.039,496.550,0.000113,0.045025
10351,345.0,1392,196,17,465,927,0,0,16,257.89,1.408,1.623,1.453,0.373,0.336,-0.944,1.942,0.3247,2.5154,0.749,0.000,0.006,0.163,0.083,61,182,41,1,2,0,44281.83,7802.077,26285.181,0.228,4720.230,19.174,26985.351,4741.574,25.031,8862.410,7089.928,1718.681,293.496,463.231,0.000125,0.044655
10381,346.0,1320,182,17,463,857,0,0,17,227.03,1.384,1.596,1.435,0.361,0.347,-0.944,1.944,0.3302,2.5110,0.734,0.000,0.007,0.164,0.081,67,146,50,0,1,0,42113.24,7337.849,24520.066,0.368,4492.433,18.578,25352.592,4348.380,23.450,7208.847,5767.078,1996.006,378.985,485.686,0.000134,0.044019
10411,347.0,1271,199,17,457,814,0,0,18,289.23,1.372,1.582,1.418,0.358,0.353,-0.945,1.946,0.3268,2.5210,0.759,0.000,0.010,0.163,0.078,53,125,35,1,0,0,38774.32,6827.475,21300.848,0.250,4138.033,21.127,24058.797,4135.834,25.811,6521.968,5217.575,1334.950,204.816,402.890,0.000187,0.042603
10441,348.0,1205,212,17,449,756,0,0,20,319.48,1.354,1.562,1.399,0.349,0.363,-0.944,1.951,0.3296,2.5277,0.750,0.000,0.008,0.163,0.073,75,133,31,0,2,0,35549.05,6594.515,20242.211,0.240,3651.139,19.192,22863.946,3969.821,27.377,5810.411,4648.329,1414.614,235.754,388.645,0.000122,0.042687
10471,349.0,1166,179,17,442,724,0,0,18,319.52,1.345,1.547,1.388,0.350,0.367,-0.942,1.953,0.3296,2.5499,0.745,0.000,0.011,0.161,0.071,76,122,20,1,3,0,34098.04,6217.276,20327.010,0.110,3496.547,21.156,21749.796,3780.930,29.460,6242.638,4994.110,726.355,171.867,288.474,0.000116,0.041972
10501,350.0,1100,195,17,433,667,0,0,14,410.88,1.324,1.519,1.366,0.343,0.376,-0.942,1.954,0.3223,2.5197,0.765,0.000,0.009,0.161,0.070,71,128,13,5,5,0,31514.61,5793.234,17419.490,0.081,3175.300,18.339,20393.300,3542.587,22.356,4905.521,3924.417,424.114,193.382,239.389,0.000068,0.041866
10531,351.0,1051,205,17,422,629,0,0,12,460.26,1.311,1.501,1.356,0.337,0.381,-0.942,1.957,0.3281,2.4936,0.772,0.000,0.003,0.160,0.071,64,116,6,4,2,0,29792.65,5476.953,16301.974,0.028,2915.464,22.165,18950.540,3216.347,18.470,4551.847,3641.478,150.342,66.446,188.397,0.000098,0.041887
10561,352.0,977,193,17,411,566,0,0,11,443.23,1.280,1.467,1.331,0.333,0.394,-0.943,1.953,0.3269,2.5313,0.779,0.000,0.012,0.159,0.067,80,113,15,2,3,0,27265.05,5163.352,14726.056,0.071,2664.094,26.348,17811.620,2955.208,15.930,3397.645,2718.116,546.562,185.026,223.202,0.000104,0.042703
10591,353.0,940,161,17,402,538,0,0,13,449.97,1.271,1.462,1.322,0.322,0.398,-0.944,1.958,0.3357,2.5304,0.781,0.000,0.007,0.159,0.067,50,107,14,6,0,0,25580.40,4863.610,14858.913,0.126,2506.231,14.720,16593.863,2721.752,16.067,5149.526,4119.621,527.968,319.798,197.954,0.000085,0.043840
10621,354.0,883,180,17,390,493,0,0,14,551.84,1.250,1.439,1.301,0.312,0.407,-0.945,1.955,0.3262,2.5106,0.790,0.000,0.002,0.159,0.064,56,90,11,5,2,0,22890.26,4562.143,12333.213,0.078,2115.041,20.500,15713.120,2581.302,19.532,2955.648,2364.519,456.265,46.589,177.630,0.000096,0.044491
10651,355.0,817,153,17,379,438,0,0,10,533.01,1.214,1.405,1.267,0.296,0.421,-0.946,1.957,0.3346,2.5602,0.772,0.000,0.005,0.158,0.062,60,107,9,5,2,0,20574.76,4285.805,11253.777,0.081,2002.627,21.327,14282.404,2368.085,16.559,3256.256,2605.005,316.514,57.384,162.966,0.000106,0.044868
10681,356.0,743,190,17,365,378,0,0,11,483.61,1.174,1.358,1.221,0.281,0.438,-0.943,1.960,0.3313,2.5576,0.787,0.000,0.003,0.157,0.057,58,102,12,2,0,0,18177.00,3970.754,9644.803,0.070,1793.973,30.471,12780.844,2175.002,13.096,2436.727,1949.381,371.498,18.762,166.845,0.000088,0.044704
10711,357.0,711,188,17,357,354,0,0,12,480.47,1.161,1.338,1.199,0.273,0.445,-0.941,1.960,0.3255,2.5424,0.784,0.000,0.008,0.157,0.052,62,81,7,1,2,0,17213.97,3773.805,9960.341,0.041,1626.910,29.991,11566.298,1882.214,13.112,3438.045,2750.436,262.341,146.713,138.930,0.000096,0.044930
10741,358.0,673,194,17,338,335,0,0,12,579.06,1.159,1.340,1.190,0.272,0.447,-0.942,1.963,0.3268,2.5489,0.790,0.000,0.006,0.157,0.052,72,73,1,5,2,0,15969.99,3545.270,8644.059,0.003,1360.732,22.229,10981.728,1816.625,14.989,2502.010,2001.608,8.812,27.115,83.637,0.000083,0.044485
10771,359.0,632,205,17,328,304,0,0,10,643.55,1.135,1.309,1.159,0.260,0.458,-0.945,1.964,0.3299,2.5605,0.788,0.000,0.013,0.156,0.047,53,77,4,7,1,0,15574.95,3405.218,8795.976,0.014,1357.481,23.091,10114.488,1613.059,14.188,2717.331,2173.865,100.349,117.699,93.001,0.000070,0.044691
10801,360.0,619,181,17,318,301,0,0,8,659.32,1.138,1.319,1.162,0.263,0.454,-0.943,1.966,0.3276,2.5118,0.771,0.000,0.013,0.157,0.044,61,56,3,2,4,0,15395.59,3213.456,8800.768,0.000,1289.281,26.870,9638.475,1595.777,11.110,2958.787,2367.030,82.835,195.132,78.496,0.000087,0.044487
10831,361.0,597,185,17,309,288,0,0,7,624.62,1.130,1.314,1.143,0.257,0.456,-0.943,1.974,0.3332,2.5439,0.772,0.000,0.007,0.158,0.044,65,69,0,1,0,0,14895.18,3052.074,7780.681,0.000,1271.775,24.191,9183.075,1527.819,8.900,2667.749,2134.199,-30.089,39.582,70.323,0.000087,0.044778
10861,362.0,572,209,17,303,269,0,0,7,597.54,1.111,1.291,1.115,0.252,0.462,-0.945,1.972,0.3255,2.5164,0.782,0.000,0.015,0.158,0.040,72,61,6,3,0,0,14393.29,3013.625,7954.331,0.021,1328.549,20.660,8904.584,1445.890,8.689,2503.030,2002.424,225.686,281.909,102.498,0.000088,0.044457
10891,363.0,563,245,17,297,266,0,0,6,536.82,1.113,1.298,1.110,0.249,0.459,-0.942,1.977,0.3234,2.5102,0.787,0.000,0.008,0.159,0.038,57,52,9,2,0,0,14656.78,3071.562,8260.912,0.021,1207.181,24.222,8537.156,1342.894,8.071,3071.393,2457.115,307.027,157.662,101.927,0.000083,0.044125
10921,364.0,584,237,17,291,293,0,0,6,524.73,1.158,1.353,1.142,0.257,0.440,-0.941,1.978,0.3301,2.5691,0.779,0.000,0.010,0.157,0.041,65,34,1,3,1,0,16057.51,3097.296,9444.359,0.009,1375.207,21.666,8719.373,1395.027,8.095,3462.491,2769.993,20.850,206.851,98.234,0.000095,0.042901
10951,365.0,591,270,17,288,303,0,0,6,448.46,1.174,1.367,1.147,0.263,0.432,-0.941,1.990,0.3217,2.5431,0.762,0.000,0.010,0.159,0.039,71,54,7,1,0,0,16708.11,3149.828,9657.476,0.046,1510.930,21.417,9189.930,1528.836,7.956,3865.528,3092.422,246.559,288.820,121.542,0.000075,0.042560
10981,366.0,623,243,17,286,337,0,0,7,452.63,1.218,1.421,1.191,0.275,0.412,-0.944,1.983,0.3338,2.5301,0.765,0.000,0.006,0.159,0.042,64,39,2,1,0,0,19502.63,3211.609,12018.335,0.001,1431.294,23.805,9697.384,1604.402,8.237,4296.572,3437.258,85.147,97.854,83.088,0.000072,0.042378
11011,367.0,658,268,17,282,376,0,0,6,505.52,1.267,1.473,1.240,0.289,0.392,-0.946,1.985,0.3320,2.5100,0.756,0.000,0.011,0.160,0.044,60,31,9,3,1,0,20244.60,3309.701,11526.543,0.031,1948.870,18.975,10600.516,1814.624,9.132,4543.864,3635.091,425.551,189.721,145.990,0.000092,0.042400
11041,368.0,698,270,17,280,418,0,0,5,431.95,1.302,1.526,1.274,0.300,0.373,-0.944,1.986,0.3304,2.5283,0.757,0.000,0.010,0.161,0.047,57,48,8,2,1,0,22508.32,3420.644,14060.622,0.039,1868.990,21.334,11566.041,1995.087,7.996,5538.351,4430.680,266.331,121.890,152.565,0.000123,0.041414
11071,369.0,758,246,17,278,480,0,0,5,429.02,1.345,1.587,1.321,0.318,0.352,-0.940,1.992,0.3241,2.5421,0.766,0.000,0.010,0.161,0.051,61,46,9,1,1,0,24017.28,3561.694,15181.092,0.014,2260.652,18.241,12879.814,2320.604,6.708,6568.461,5254.769,345.077,170.018,197.935,0.000086,0.041817
11101,370.0,778,242,17,274,504,0,0,5,351.74,1.359,1.619,1.343,0.323,0.344,-0.936,1.996,0.3220,2.5836,0.740,0.000,0.008,0.161,0.057,72,69,4,3,0,0,25148.59,3639.583,15276.260,0.007,1806.680,12.649,13778.269,2445.676,7.159,5442.837,4354.269,95.823,211.104,157.937,0.000080,0.041974
11131,371.0,797,270,17,275,522,0,0,6,276.70,1.365,1.635,1.346,0.326,0.339,-0.932,1.995,0.3240,2.5960,0.762,0.000,0.010,0.159,0.060,71,79,8,1,0,0,26521.62,3842.364,16369.426,0.086,2202.351,17.798,14255.261,2557.141,7.245,6020.389,4816.311,381.946,237.249,195.929,0.000099,0.042463
11161,372.0,834,294,17,274,560,0,0,9,246.62,1.389,1.667,1.364,0.332,0.328,-0.936,1.992,0.3215,2.5759,0.738,0.000,0.011,0.158,0.063,76,76,7,2,1,0,29267.40,4014.050,18617.711,0.142,2375.225,17.626,14948.415,2691.946,9.107,7023.943,5619.155,245.888,393.828,192.145,0.000105,0.043168
11191,373.0,906,285,17,275,631,0,0,9,224.24,1.428,1.715,1.404,0.342,0.311,-0.938,1.985,0.3192,2.5979,0.738,0.000,0.006,0.159,0.065,82,72,8,1,0,0,32664.07,4189.403,21234.637,0.042,2720.211,18.613,16328.879,3016.032,13.154,8758.261,7006.609,398.047,309.600,210.051,0.000124,0.043665
11221,374.0,993,282,17,275,718,0,0,8,210.38,1.469,1.765,1.448,0.355,0.295,-0.940,1.988,0.3268,2.6024,0.764,0.000,0.004,0.159,0.065,77,69,7,0,2,0,36264.22,4484.764,23734.311,0.056,3153.622,18.596,18569.117,3497.790,13.818,9484.816,7587.852,287.445,100.426,253.417,0.000173,0.044446
11251,375.0,1054,238,17,276,778,0,0,9,151.05,1.491,1.790,1.477,0.356,0.285,-0.942,1.988,0.3240,2.6309,0.777,0.000,0.010,0.161,0.064,68,93,20,0,1,0,39345.32,4779.542,25862.051,0.144,3013.773,14.581,20219.541,3927.709,10.398,9990.739,7992.591,767.883,359.932,277.034,0.000157,0.044990
11281,376.0,1109,262,17,278,831,0,0,9,139.99,1.503,1.807,1.494,0.362,0.279,-0.943,1.988,0.3278,2.6091,0.764,0.000,0.006,0.163,0.065,76,93,10,1,0,0,41429.68,5000.051,25827.328,0.127,3248.632,14.287,21776.417,4147.257,12.808,8962.320,7169.856,396.483,365.580,252.140,0.000115,0.043903
11311,377.0,1147,271,17,280,867,0,0,11,160.91,1.512,1.821,1.502,0.368,0.275,-0.942,1.991,0.3281,2.6227,0.752,0.000,0.006,0.163,0.068,67,113,24,0,1,0,42909.24,5186.479,27048.549,0.260,3549.162,17.229,22852.295,4330.281,13.603,9962.154,7969.723,1024.035,188.001,355.072,0.000131,0.043075
11341,378.0,1187,250,17,281,906,0,0,10,141.32,1.519,1.838,1.509,0.378,0.269,-0.941,1.992,0.3291,2.6500,0.762,0.000,0.006,0.164,0.071,82,106,26,0,1,0,45818.68,5382.260,29342.054,0.263,3789.025,18.553,23560.043,4555.094,13.922,9779.278,7823.423,1115.996,254.796,359.430,0.000137,0.044003
11371,379.0,1280,258,17,282,998,0,0,7,161.76,1.542,1.870,1.531,0.390,0.259,-0.941,1.994,0.3285,2.6392,0.757,0.000,0.004,0.163,0.076,65,114,23,2,1,0,49508.97,5608.467,32538.047,0.278,4095.955,17.898,25040.320,4883.188,12.177,13222.579,10578.063,1114.537,381.785,379.980,0.000147,0.044098
11401,380.0,1347,228,18,282,1065,0,0,8,157.38,1.560,1.890,1.550,0.399,0.253,-0.944,1.997,0.3255,2.6147,0.744,0.000,0.007,0.164,0.077,72,113,45,0,0,0,50805.66,5874.738,33454.133,0.433,4300.416,12.339,27200.122,5306.966,12.487,12873.041,10298.433,1843.115,646.143,449.174,0.000106,0.043865
11431,381.0,1380,244,18,283,1097,0,0,8,142.83,1.569,1.900,1.557,0.403,0.251,-0.947,1.998,0.3256,2.6467,0.751,0.000,0.005,0.164,0.077,74,127,40,0,0,0,52675.64,6005.690,34767.771,0.202,4157.674,14.506,28579.281,5613.460,10.322,11447.047,9157.638,1552.404,459.000,399.805,0.000100,0.043723
11461,382.0,1397,253,18,282,1115,0,0,10,132.79,1.576,1.899,1.564,0.404,0.249,-0.950,1.999,0.3297,2.6407,0.748,0.000,0.005,0.163,0.076,76,149,54,0,0,0,55088.06,6084.344,36461.309,0.363,4299.533,16.574,29267.669,5674.091,11.249,12612.537,10090.030,2041.313,157.756,459.017,0.000155,0.043486
11491,383.0,1487,241,18,282,1205,0,0,9,141.09,1.589,1.922,1.588,0.403,0.241,-0.949,1.999,0.3196,2.5972,0.751,0.000,0.003,0.164,0.077,64,131,46,0,1,0,57784.47,6190.754,38688.066,0.340,4571.592,15.027,30507.010,5862.141,14.716,15305.842,12244.673,1931.917,356.593,449.203,0.000135,0.042776
11521,384.0,1534,208,18,282,1252,0,0,8,138.51,1.598,1.935,1.593,0.401,0.237,-0.949,1.999,0.3263,2.6207,0.765,0.000,0.007,0.163,0.076,92,151,51,0,2,0,59497.67,6362.138,39909.485,0.380,4540.607,13.442,32423.520,6347.793,12.952,14347.352,11477.881,2081.940,337.971,485.154,0.000169,0.043054
11551,385.0,1530,251,18,283,1247,0,0,10,144.85,1.599,1.938,1.588,0.401,0.239,-0.947,2.000,0.3284,2.6328,0.746,0.000,0.005,0.162,0.075,86,173,39,0,0,0,60095.23,6440.048,38127.330,0.347,4530.333,16.399,32773.715,6484.611,17.278,11846.163,9476.930,1514.739,376.495,434.099,0.000133,0.042424
11581,386.0,1571,229,18,287,1284,0,0,9,136.55,1.601,1.944,1.593,0.403,0.237,-0.947,2.004,0.3230,2.6358,0.765,0.000,0.011,0.163,0.076,85,158,42,0,2,0,62291.61,6642.599,40675.041,0.362,4769.418,15.271,33183.741,6428.465,16.109,13755.786,11004.629,1809.079,469.622,463.439,0.000191,0.041000
11611,387.0,1630,201,18,288,1342,0,0,9,148.10,1.612,1.953,1.598,0.410,0.234,-0.948,2.008,0.3217,2.6588,0.757,0.000,0.009,0.163,0.079,79,145,52,0,2,0,64242.83,6690.603,43140.518,0.297,4995.023,15.092,34616.374,6772.259,13.357,14756.907,11805.526,2425.539,553.762,547.528,0.000190,0.039183
11641,388.0,1622,224,18,287,1335,0,0,8,156.63,1.614,1.948,1.597,0.413,0.234,-0.950,2.008,0.3215,2.6369,0.763,0.000,0.004,0.163,0.080,83,171,69,0,2,0,63906.18,6761.058,41625.737,0.625,4730.029,18.864,35301.345,6794.845,15.593,13466.268,10773.015,2847.929,507.575,563.538,0.000181,0.040949
11671,389.0,1643,226,18,291,1352,0,0,10,163.79,1.618,1.942,1.590,0.416,0.233,-0.952,2.010,0.3234,2.6433,0.733,0.000,0.004,0.162,0.080,57,186,62,0,0,0,64930.34,6735.711,43117.990,0.556,5035.239,13.937,35401.836,6813.553,15.444,15350.436,12280.349,2583.719,399.422,546.036,0.000161,0.041074
11701,390.0,1640,222,20,291,1349,0,0,14,156.30,1.621,1.938,1.592,0.418,0.233,-0.953,2.012,0.3266,2.6601,0.736,0.000,0.010,0.161,0.080,80,161,67,0,3,0,66069.08,6710.738,43388.051,0.437,4770.880,18.562,35743.978,6887.654,17.820,13078.801,10463.041,2902.169,242.220,550.886,0.000204,0.041280
11731,391.0,1694,202,20,293,1401,0,0,14,157.91,1.629,1.942,1.604,0.415,0.230,-0.954,2.016,0.3157,2.6359,0.722,0.000,0.009,0.160,0.081,86,166,49,0,2,0,67410.91,6793.011,43999.846,0.445,4997.316,18.031,36356.623,6954.327,21.446,15557.747,12446.198,2172.545,351.829,483.153,0.000157,0.040907
11761,392.0,1678,188,20,294,1384,0,0,16,155.76,1.624,1.942,1.604,0.409,0.231,-0.954,2.015,0.3165,2.6010,0.762,0.000,0.004,0.160,0.080,69,178,86,0,1,0,64738.02,6898.427,42606.766,0.560,4865.756,21.296,37356.998,7257.062,22.053,14317.120,11453.696,3634.966,419.116,625.018,0.000182,0.040196
11791,393.0,1619,213,20,293,1326,0,0,17,160.16,1.617,1.932,1.597,0.402,0.235,-0.953,2.017,0.3187,2.6231,0.750,0.000,0.005,0.161,0.079,72,204,83,1,2,0,62976.69,6952.476,41775.216,0.596,4898.130,17.428,36417.244,7079.932,27.264,13347.254,10677.803,3388.186,292.478,615.060,0.000186,0.039728
11821,394.0,1616,223,20,292,1324,0,0,16,233.10,1.618,1.932,1.596,0.405,0.236,-0.953,2.017,0.3182,2.6398,0.751,0.000,0.008,0.161,0.079,82,164,62,2,3,0,62160.90,6782.779,40680.165,0.340,4723.957,13.871,35407.440,6726.948,25.619,13097.909,10478.327,2674.404,302.578,522.501,0.000179,0.040768
11851,395.0,1592,226,20,292,1300,0,0,14,164.21,1.615,1.926,1.582,0.411,0.239,-0.952,2.017,0.3225,2.6262,0.750,0.000,0.006,0.161,0.079,89,187,68,0,5,0,61795.41,6735.681,41137.507,0.347,4932.698,14.971,34926.335,6677.972,24.677,13615.737,10892.589,2914.560,408.513,563.825,0.000176,0.039894
11881,396.0,1571,204,20,293,1278,0,0,13,158.26,1.613,1.916,1.583,0.417,0.242,-0.953,2.018,0.3220,2.6254,0.745,0.000,0.007,0.161,0.079,83,162,90,0,2,0,59229.99,6657.980,39539.270,0.618,4490.504,16.244,34543.091,6517.428,21.019,13443.866,10755.093,3869.416,473.077,650.484,0.000173,0.040281
11911,397.0,1507,219,20,293,1214,0,0,15,179.28,1.603,1.900,1.572,0.417,0.247,-0.953,2.018,0.3176,2.6103,0.751,0.000,0.007,0.161,0.080,75,192,90,0,1,0,56718.36,6521.077,38257.098,0.578,4852.696,16.867,33271.168,6411.298,21.128,12719.008,10175.207,3879.018,476.644,687.326,0.000225,0.041763
11941,398.0,1485,222,20,293,1192,0,0,14,155.49,1.601,1.892,1.563,0.408,0.249,-0.954,2.018,0.3212,2.6525,0.748,0.000,0.005,0.161,0.079,78,180,68,0,4,0,55817.96,6432.012,37791.985,0.255,4230.352,17.115,32462.622,6140.454,25.421,13313.287,10650.629,3049.095,237.573,546.831,0.000136,0.041172
11971,399.0,1464,179,20,292,1172,0,0,21,188.99,1.598,1.888,1.560,0.406,0.249,-0.953,2.021,0.3218,2.6476,0.761,0.003,0.006,0.160,0.077,80,168,55,1,1,0,54475.09,6190.976,35829.150,0.219,4224.765,17.394,31994.544,6052.564,27.017,11780.092,9424.074,2118.739,364.089,450.247,0.000134,0.040225
12001,400.0,1407,203,20,292,1115,0,0,22,152.16,1.587,1.877,1.548,0.398,0.255,-0.953,2.021,0.3175,2.6333,0.758,0.003,0.008,0.161,0.075,66,192,50,0,2,0,52719.87,6143.735,33775.888,0.148,4169.566,11.827,30873.357,5886.100,31.301,10819.158,8655.326,2130.651,151.097,438.644,0.000131,0.040177
12031,401.0,1356,181,20,292,1064,0,0,17,179.51,1.576,1.866,1.536,0.386,0.261,-0.953,2.021,0.3175,2.6639,0.738,0.000,0.005,0.160,0.073,64,176,47,0,7,0,51199.64,5804.966,32843.899,0.210,4181.147,13.786,29726.643,5647.489,31.917,10386.060,8308.848,1974.606,267.045,444.394,0.000140,0.040553
12061,402.0,1331,216,20,289,1042,0,0,16,277.92,1.574,1.870,1.528,0.391,0.262,-0.954,2.021,0.3294,2.6782,0.744,0.000,0.009,0.160,0.073,80,164,28,4,2,0,49349.12,5547.308,30671.532,0.084,3499.377,16.623,28908.581,5489.687,26.719,9960.732,7968.585,1177.888,176.331,298.086,0.000194,0.039233
12091,403.0,1307,199,20,288,1019,0,0,12,185.44,1.571,1.866,1.524,0.390,0.265,-0.953,2.022,0.3286,2.6865,0.750,0.000,0.008,0.161,0.073,80,153,41,0,2,0,46509.89,5320.217,29853.729,0.077,3551.175,15.749,28318.164,5489.210,21.124,10006.548,8005.238,1445.374,378.127,359.949,0.000144,0.038648
12121,404.0,1258,196,20,287,971,0,0,8,201.14,1.560,1.850,1.515,0.386,0.270,-0.955,2.027,0.3173,2.6599,0.740,0.000,0.008,0.161,0.074,85,171,25,1,3,0,45618.33,5085.485,29971.568,0.066,3245.143,17.454,27223.103,5231.233,14.723,8760.183,7008.147,862.737,596.595,268.252,0.000126,0.038684
12151,405.0,1220,209,20,283,937,0,0,7,287.21,1.552,1.846,1.506,0.383,0.273,-0.956,2.028,0.3220,2.6749,0.749,0.000,0.007,0.162,0.075,75,152,22,3,2,0,44144.26,4915.329,27678.850,0.026,3148.053,18.740,26136.111,4813.110,10.626,8103.254,6482.603,768.704,466.456,252.617,0.000080,0.038752
12181,406.0,1158,182,20,278,880,0,0,7,291.33,1.538,1.833,1.488,0.386,0.277,-0.957,2.031,0.3235,2.6881,0.737,0.000,0.011,0.161,0.077,60,167,31,5,1,0,41377.56,4711.648,25958.588,0.078,2946.416,16.987,25164.308,4772.951,8.993,8172.083,6537.666,1193.610,385.163,277.568,0.000114,0.037985
12211,407.0,1120,151,20,274,846,0,0,8,330.62,1.530,1.820,1.480,0.384,0.280,-0.958,2.036,0.3213,2.6840,0.752,0.000,0.008,0.160,0.074,76,132,15,4,2,0,36996.30,4403.744,22025.984,0.019,2662.598,15.632,24055.510,4574.531,10.006,6619.213,5295.370,356.923,319.142,171.052,0.000107,0.037298
12241,408.0,1018,176,20,274,744,0,0,7,246.54,1.489,1.777,1.439,0.368,0.296,-0.956,2.040,0.3266,2.6442,0.758,0.000,0.003,0.160,0.071,86,190,16,2,1,0,33208.00,4226.193,20171.669,0.032,2098.066,14.503,22039.744,3968.659,11.066,6088.740,4870.992,665.124,105.830,178.027,0.000133,0.036407
12271,409.0,934,184,20,273,661,0,0,7,269.15,1.453,1.735,1.398,0.352,0.312,-0.954,2.049,0.3224,2.6549,0.749,0.000,0.005,0.161,0.068,52,163,21,1,0,0,31005.74,4013.350,18996.327,0.062,2148.253,12.419,19574.236,3468.678,10.969,5765.521,4612.416,713.658,104.061,187.291,0.000102,0.036434
12301,410.0,891,197,20,266,625,0,0,8,368.85,1.444,1.722,1.389,0.338,0.317,-0.955,2.050,0.3163,2.6720,0.752,0.004,0.008,0.162,0.067,65,123,9,4,2,0,29730.96,3744.606,17658.861,0.033,1892.053,10.963,17715.349,3162.924,10.374,5447.907,4358.326,330.762,236.207,133.086,0.000118,0.036810
12331,411.0,850,192,20,265,585,0,0,6,301.27,1.423,1.702,1.365,0.334,0.326,-0.957,2.055,0.3258,2.6407,0.753,0.004,0.014,0.162,0.064,65,120,15,2,0,0,28324.54,3518.087,17575.732,0.023,2184.989,15.923,17158.997,3180.265,9.697,5511.919,4409.535,615.662,266.416,166.840,0.000109,0.037313
12361,412.0,823,180,20,259,564,0,0,6,349.52,1.417,1.697,1.348,0.335,0.328,-0.959,2.063,0.3248,2.6851,0.738,0.004,0.011,0.163,0.066,62,94,13,4,1,0,25675.04,3289.870,15390.757,0.009,1731.779,13.961,16442.791,3026.462,8.479,4893.196,3914.556,420.795,327.604,125.357,0.000080,0.036799
12391,413.0,768,174,20,251,517,0,0,7,431.73,1.400,1.674,1.324,0.327,0.335,-0.958,2.062,0.3234,2.7177,0.733,0.004,0.002,0.161,0.065,60,99,12,7,1,0,23465.65,3003.014,14443.579,0.033,1296.964,13.751,15377.477,2797.153,9.323,3657.764,2926.211,512.935,108.017,119.564,0.000152,0.035220
12421,414.0,702,169,20,246,456,0,0,5,422.96,1.363,1.631,1.271,0.310,0.350,-0.956,2.071,0.3245,2.7336,0.747,0.004,0.002,0.159,0.061,62,107,12,2,2,0,21069.56,2846.747,12260.047,0.007,1349.583,10.857,13773.693,2531.696,7.796,3257.050,2605.640,381.387,51.331,105.580,0.000091,0.034554
12451,415.0,651,170,20,240,411,0,0,5,370.17,1.332,1.594,1.245,0.309,0.362,-0.959,2.086,0.3211,2.6666,0.727,0.004,0.000,0.159,0.058,61,95,9,4,0,0,18751.47,2700.403,10914.264,0.011,1257.081,14.130,12601.397,2317.201,6.763,3272.115,2617.692,256.214,10.238,86.523,0.000076,0.034503
12481,416.0,599,183,20,230,369,0,0,4,482.78,1.308,1.567,1.221,0.303,0.373,-0.960,2.095,0.3222,2.6868,0.713,0.004,0.003,0.160,0.056,52,88,7,9,1,0,17486.83,2484.086,10549.971,0.013,1144.205,13.087,11255.260,2031.197,6.577,3022.269,2417.815,281.347,31.729,88.149,0.000063,0.034478
12511,417.0,562,172,20,223,339,0,0,4,525.36,1.288,1.547,1.202,0.294,0.382,-0.961,2.099,0.3218,2.7046,0.731,0.004,0.000,0.161,0.052,54,72,9,3,0,0,16480.06,2315.178,9873.884,0.007,878.478,12.561,10446.207,1848.719,5.733,2704.124,2163.300,256.616,32.500,65.238,0.000090,0.034367
12541,418.0,539,158,20,218,321,0,0,4,575.30,1.278,1.531,1.192,0.288,0.388,-0.959,2.102,0.3176,2.7108,0.731,0.000,0.000,0.161,0.049,53,53,14,6,0,0,15636.47,2179.673,9606.046,0.053,937.650,15.617,9660.098,1626.672,5.733,2832.995,2266.396,633.999,25.283,110.984,0.000055,0.034229
12571,419.0,509,147,20,206,303,0,0,3,576.40,1.274,1.528,1.190,0.290,0.388,-0.956,2.115,0.3226,2.7022,0.730,0.000,0.000,0.160,0.050,47,65,8,7,0,0,14739.77,2111.281,8798.116,0.013,970.706,12.101,9139.419,1561.882,5.045,2840.420,2272.336,431.949,8.522,91.204,0.000103,0.034611
12601,420.0,481,187,19,204,277,0,0,2,604.22,1.248,1.492,1.161,0.276,0.401,-0.957,2.126,0.3153,2.6538,0.718,0.000,0.007,0.159,0.048,58,57,9,4,1,0,13383.29,2031.055,7625.283,0.022,603.351,12.780,8515.661,1410.891,2.531,2440.722,1952.578,413.158,100.627,81.833,0.000054,0.034729
12631,421.0,461,234,19,200,261,0,0,4,575.51,1.231,1.473,1.141,0.274,0.408,-0.957,2.130,0.3124,2.6457,0.717,0.000,0.008,0.158,0.051,44,61,2,4,0,0,13318.21,1977.963,8027.882,0.010,871.991,13.075,8008.535,1348.891,5.223,2654.086,2123.269,28.852,107.361,41.250,0.000057,0.034331
12661,422.0,460,230,19,198,262,0,0,3,478.61,1.235,1.479,1.141,0.271,0.406,-0.961,2.129,0.3125,2.6399,0.727,0.000,0.000,0.156,0.053,56,41,7,3,1,0,13949.39,1982.046,8816.915,0.020,860.308,10.809,7759.575,1346.709,5.951,2916.641,2333.313,261.964,148.558,61.718,0.000047,0.034544
12691,423.0,468,226,19,195,273,0,0,3,456.02,1.253,1.501,1.145,0.272,0.397,-0.961,2.144,0.3057,2.6255,0.702,0.000,0.007,0.155,0.053,49,44,11,3,1,0,14727.95,2003.164,9239.667,0.017,877.513,14.325,7772.924,1362.567,5.350,3729.088,2983.271,388.093,115.961,73.581,0.000106,0.035026
12721,424.0,491,225,19,192,299,0,0,3,490.08,1.285,1.552,1.187,0.280,0.382,-0.960,2.153,0.3037,2.7237,0.702,0.000,0.010,0.158,0.055,57,43,4,4,0,0,15513.10,2010.831,9552.572,0.027,970.962,13.298,8156.135,1473.978,5.016,4199.019,3359.215,135.854,114.167,53.328,0.000082,0.035050
12751,425.0,513,248,19,192,321,0,0,3,439.93,1.311,1.583,1.212,0.289,0.371,-0.957,2.158,0.2993,2.7017,0.689,0.000,0.009,0.158,0.056,51,36,5,1,0,0,16178.92,2067.831,10273.721,0.025,806.677,11.357,8945.300,1532.882,5.016,3628.808,2903.046,204.093,202.904,59.794,0.000088,0.035813
12781,426.0,543,221,19,191,352,0,0,3,412.05,1.342,1.626,1.248,0.305,0.357,-0.957,2.168,0.3026,2.7103,0.698,0.000,0.003,0.159,0.058,58,45,9,3,0,0,17345.01,2123.433,11828.173,0.039,1181.062,9.969,9589.731,1674.755,5.016,4893.172,3914.537,368.171,86.588,82.662,0.000083,0.035922
12811,427.0,558,286,19,192,366,0,0,3,365.42,1.352,1.637,1.266,0.317,0.353,-0.960,2.168,0.3048,2.7375,0.686,0.000,0.000,0.157,0.062,68,52,8,2,0,0,17700.67,2215.092,11502.205,0.026,1121.595,14.109,10103.937,1797.357,4.897,4304.756,3443.805,400.902,102.610,91.010,0.000092,0.035206
12841,428.0,566,303,19,191,375,0,0,4,293.67,1.358,1.651,1.267,0.323,0.350,-0.960,2.170,0.2970,2.6553,0.688,0.000,0.003,0.156,0.064,65,62,19,0,0,0,18131.90,2268.026,12165.889,0.015,1226.533,14.733,10256.392,1881.799,5.833,5079.960,4063.968,597.227,136.133,109.324,0.000091,0.034930
12871,429.0,595,308,19,193,402,0,0,4,227.37,1.377,1.674,1.283,0.332,0.341,-0.961,2.175,0.3020,2.7006,0.679,0.000,0.005,0.154,0.071,69,50,14,0,0,0,21121.19,2460.007,15166.964,0.053,1209.269,12.218,10666.975,2004.710,7.955,5254.421,4203.537,571.063,226.756,109.382,0.000071,0.034235
12901,430.0,668,300,17,195,473,0,0,3,208.74,1.420,1.733,1.347,0.329,0.320,-0.962,2.188,0.3026,2.7068,0.691,0.000,0.011,0.155,0.076,70,45,15,1,1,0,25051.12,2593.405,17587.214,0.037,1442.752,12.151,11752.546,2181.013,7.582,7502.937,6002.350,542.211,140.630,126.155,0.000113,0.033836
12931,431.0,733,266,17,196,537,0,0,2,232.87,1.448,1.784,1.395,0.337,0.305,-0.960,2.185,0.3017,2.6982,0.681,0.000,0.011,0.156,0.078,80,56,14,2,0,0,27858.16,2790.300,18653.452,0.028,1667.237,11.198,13480.057,2460.390,4.535,7628.019,6102.415,644.879,375.779,145.508,0.000095,0.034505
12961,432.0,763,272,17,197,566,0,0,5,242.93,1.458,1.806,1.408,0.343,0.299,-0.958,2.178,0.2994,2.7456,0.687,0.000,0.007,0.157,0.079,71,65,38,2,0,0,28895.10,2924.888,19532.948,0.178,1919.641,12.682,14745.334,2707.488,5.557,7566.446,6053.157,1692.339,484.592,272.471,0.000094,0.034606
12991,433.0,833,265,17,201,632,0,0,6,158.01,1.488,1.841,1.446,0.374,0.287,-0.959,2.186,0.2961,2.7468,0.670,0.000,0.009,0.159,0.083,81,67,24,0,1,0,31490.73,3088.748,21411.300,0.043,1989.129,11.138,15638.473,2787.626,9.504,9074.583,7259.666,887.762,576.976,189.200,0.000152,0.033839
13021,434.0,871,291,17,202,669,0,0,10,120.50,1.505,1.863,1.462,0.387,0.282,-0.961,2.188,0.2928,2.7541,0.669,0.000,0.004,0.159,0.083,85,78,33,0,0,0,33207.60,3199.193,22471.106,0.169,2189.748,15.538,17109.372,3284.069,14.919,8466.859,6773.487,1315.221,292.268,244.378,0.000109,0.034127
13051,435.0,926,289,17,203,723,0,0,8,145.38,1.527,1.887,1.476,0.383,0.275,-0.961,2.193,0.2962,2.7552,0.672,0.000,0.004,0.162,0.083,102,75,29,1,2,0,35227.26,3394.571,24104.722,0.072,2196.476,15.067,18465.629,3463.759,17.845,9174.156,7339.325,1264.208,205.169,228.268,0.000084,0.034345
13081,436.0,947,261,17,207,740,0,0,6,162.04,1.530,1.885,1.470,0.378,0.274,-0.960,2.206,0.2905,2.7607,0.658,0.000,0.009,0.161,0.084,96,100,47,0,4,0,36720.63,3633.354,25827.987,0.124,2238.768,14.095,19563.152,3751.168,14.755,9668.310,7734.648,2056.075,343.279,305.999,0.000110,0.035549
13111,437.0,1010,272,17,212,798,0,0,5,130.95,1.543,1.903,1.483,0.372,0.268,-0.962,2.206,0.3042,2.7438,0.648,0.000,0.008,0.160,0.087,85,94,45,0,1,0,39965.51,3824.149,27824.115,0.100,2652.666,16.821,19796.945,3796.368,9.173,11399.906,9119.925,1798.446,425.511,297.068,0.000128,0.036653
13141,438.0,1114,276,17,218,896,0,0,6,138.37,1.559,1.926,1.505,0.358,0.261,-0.964,2.207,0.2972,2.7370,0.654,0.000,0.006,0.160,0.087,94,84,36,0,0,0,44327.16,4027.338,31121.174,0.105,2605.482,15.710,21931.593,4151.770,9.190,12458.075,9966.460,1436.098,505.825,260.875,0.000179,0.037859
13171,439.0,1177,287,17,227,950,0,0,4,125.75,1.559,1.930,1.518,0.351,0.261,-0.964,2.226,0.3059,2.7333,0.645,0.000,0.013,0.161,0.086,85,100,55,0,2,0,45720.49,4341.484,31200.709,0.176,3174.532,16.153,24012.843,4479.273,10.818,12091.412,9673.130,2395.666,459.949,372.208,0.000146,0.037876
13201,440.0,1203,293,17,230,973,0,0,4,153.53,1.564,1.930,1.527,0.352,0.260,-0.965,2.233,0.3036,2.7297,0.634,0.000,0.008,0.160,0.086,78,124,78,1,0,0,47601.78,4626.825,33657.818,0.258,3515.769,15.407,24697.866,4645.153,7.306,12887.297,10309.838,3503.898,446.915,525.011,0.000122,0.037642
13231,441.0,1250,243,17,234,1016,0,0,4,121.19,1.569,1.943,1.533,0.365,0.256,-0.964,2.240,0.3085,2.7583,0.617,0.000,0.009,0.161,0.086,105,124,82,0,0,0,50150.77,4669.139,36338.204,0.194,3264.685,18.194,25869.927,4720.720,5.967,14213.622,11370.898,3712.241,757.740,549.223,0.000111,0.037657
13261,442.0,1292,259,17,236,1056,0,0,4,148.26,1.579,1.955,1.543,0.374,0.253,-0.962,2.240,0.3122,2.7361,0.629,0.000,0.007,0.160,0.087,91,127,85,1,0,0,52713.64,4891.700,36933.649,0.336,3429.998,17.267,26826.807,5055.444,6.417,14500.253,11600.202,3535.511,392.677,545.908,0.000172,0.037782
13291,443.0,1347,263,17,241,1106,0,0,3,115.24,1.590,1.961,1.554,0.381,0.251,-0.961,2.243,0.3127,2.7591,0.607,0.000,0.008,0.159,0.089,97,104,92,0,0,0,55588.60,5027.876,39018.340,0.307,3970.145,16.970,27767.528,5391.843,4.576,14181.998,11345.598,4129.607,399.727,641.885,0.000177,0.035694
13321,444.0,1390,260,17,243,1147,0,0,3,113.88,1.598,1.969,1.565,0.380,0.247,-0.960,2.236,0.3154,2.7324,0.619,0.000,0.011,0.159,0.088,94,118,90,0,0,0,57185.62,5147.775,39474.904,0.759,3597.359,19.747,29082.367,5740.284,4.028,14287.501,11430.001,4085.554,654.408,602.270,0.000156,0.035270
13351,445.0,1466,273,17,247,1219,0,0,4,115.81,1.607,1.979,1.586,0.367,0.244,-0.961,2.244,0.3064,2.7169,0.625,0.000,0.006,0.160,0.087,108,120,82,0,0,0,58781.06,5312.089,40673.889,0.407,3626.212,16.686,30671.200,5897.435,4.136,15695.849,12556.679,3343.662,810.259,525.085,0.000249,0.032939
13381,446.0,1499,230,17,247,1252,0,0,7,141.55,1.607,1.984,1.591,0.361,0.243,-0.962,2.266,0.2808,2.7631,0.612,0.000,0.007,0.160,0.085,97,181,49,0,0,0,60074.84,5451.247,40219.448,0.138,4397.044,16.122,32142.131,6173.533,5.529,14839.021,11871.217,2104.233,585.921,397.902,0.000107,0.033174
13411,447.0,1523,233,17,250,1273,0,0,7,135.23,1.608,1.985,1.595,0.351,0.243,-0.964,2.274,0.2872,2.7426,0.617,0.000,0.009,0.160,0.084,93,162,79,0,1,0,61359.37,5537.311,42188.911,0.167,4180.056,19.057,32648.223,6364.075,11.896,14991.474,11993.180,3275.378,606.644,537.350,0.000148,0.032103
13441,448.0,1550,279,17,253,1297,0,0,7,157.93,1.608,1.988,1.594,0.351,0.242,-0.964,2.280,0.2903,2.7665,0.592,0.000,0.012,0.160,0.086,96,149,75,1,1,0,62640.67,5622.751,42617.315,0.257,4524.647,19.548,33098.841,6408.088,7.290,14214.381,11371.505,3264.672,794.686,542.565,0.000173,0.032219
13471,449.0,1548,280,17,255,1293,0,0,8,125.48,1.608,1.988,1.594,0.360,0.241,-0.964,2.284,0.2850,2.7571,0.608,0.000,0.009,0.158,0.087,97,161,108,0,0,0,62453.65,5881.252,43748.718,0.385,4404.030,19.716,33443.714,6432.610,8.899,15198.898,12159.118,5134.300,1016.462,741.612,0.000152,0.032105
13501,450.0,1565,204,17,257,1308,0,0,9,124.82,1.610,1.986,1.591,0.359,0.240,-0.964,2.288,0.2891,2.7474,0.609,0.000,0.011,0.157,0.087,102,184,92,0,0,0,64731.03,6152.873,44992.939,0.063,4559.508,18.112,33636.332,6467.204,9.976,16650.483,13320.386,3914.369,882.763,627.758,0.000201,0.032913
13531,451.0,1573,234,17,256,1317,0,0,8,196.88,1.615,1.987,1.595,0.363,0.239,-0.961,2.290,0.2831,2.7675,0.612,0.000,0.008,0.158,0.085,91,131,103,2,2,0,63088.78,6121.140,41308.278,0.321,4872.384,16.104,33975.378,6750.312,10.071,13978.490,11182.792,4352.980,507.596,679.960,0.000150,0.033300
13561,452.0,1552,238,17,256,1296,0,0,11,144.65,1.611,1.983,1.590,0.364,0.241,-0.960,2.291,0.2826,2.7483,0.611,0.000,0.008,0.158,0.085,100,167,108,1,0,0,62581.51,6043.572,42768.303,0.430,4469.472,21.070,34093.977,6770.666,10.706,14477.800,11582.240,4404.053,480.506,664.109,0.000162,0.033803
13591,453.0,1543,233,17,263,1280,0,0,12,147.33,1.609,1.970,1.579,0.353,0.244,-0.960,2.299,0.2857,2.7415,0.601,0.000,0.003,0.157,0.085,100,177,107,0,3,0,61483.06,6080.929,41780.404,0.253,4586.668,21.356,33873.669,6839.001,12.481,15694.041,12555.233,4164.040,276.854,655.175,0.000185,0.031948
13621,454.0,1539,234,17,264,1275,0,0,13,183.01,1.607,1.971,1.580,0.344,0.245,-0.961,2.302,0.2792,2.7411,0.578,0.000,0.006,0.157,0.086,117,154,100,1,1,0,59946.37,5923.231,40900.468,0.214,4382.384,18.949,33560.199,6610.838,14.208,14262.617,11410.094,4201.723,473.937,647.173,0.000153,0.030120
13651,455.0,1506,203,17,267,1239,0,0,13,150.40,1.594,1.965,1.572,0.338,0.248,-0.962,2.302,0.2771,2.7363,0.599,0.000,0.015,0.156,0.086,112,193,93,0,1,0,60067.48,5824.377,41844.253,0.263,4350.885,21.583,32840.931,6401.776,15.907,14261.003,11408.802,3789.312,1031.506,616.156,0.000181,0.029405
13681,456.0,1480,242,17,267,1213,0,0,19,188.16,1.589,1.962,1.569,0.334,0.250,-0.961,2.306,0.2818,2.7518,0.607,0.000,0.007,0.155,0.085,96,175,84,1,0,0,58852.92,5892.547,38366.732,0.367,4026.688,18.256,31834.922,6102.575,18.897,13245.122,10596.098,3665.087,604.540,599.155,0.000134,0.028461
13711,457.0,1441,256,17,270,1171,0,0,22,152.59,1.582,1.949,1.559,0.321,0.254,-0.962,2.317,0.2823,2.7475,0.581,0.000,0.009,0.156,0.084,94,179,101,2,1,0,57700.47,5817.026,39457.973,0.389,4441.209,18.033,31500.004,5994.517,28.588,13760.859,11008.687,4258.963,1231.046,662.548,0.000190,0.028949
13741,458.0,1419,222,17,271,1148,0,0,19,183.20,1.577,1.939,1.560,0.329,0.256,-0.963,2.321,0.2719,2.7409,0.570,0.000,0.012,0.155,0.082,104,152,105,2,4,0,55282.93,5512.407,38038.530,0.341,4164.565,18.088,30922.350,5855.813,25.508,13613.427,10890.742,4753.995,1000.496,687.968,0.000151,0.027385
13771,459.0,1399,237,17,272,1127,0,0,15,162.40,1.572,1.929,1.561,0.333,0.258,-0.963,2.320,0.2742,2.6926,0.583,0.000,0.015,0.155,0.082,97,145,90,0,5,0,53994.44,5369.841,37311.379,0.310,3956.575,19.434,29899.701,5634.200,23.404,12540.778,10032.622,4127.777,1174.134,602.653,0.000231,0.026968
13801,460.0,1338,215,17,274,1064,0,0,16,135.38,1.561,1.908,1.551,0.335,0.264,-0.964,2.322,0.2694,2.7223,0.570,0.000,0.015,0.155,0.077,107,161,105,0,1,0,51940.95,5246.382,35427.863,0.304,3666.516,22.336,28876.637,5493.523,20.385,11803.849,9443.079,4382.728,968.736,625.255,0.000146,0.025624
13831,461.0,1282,223,17,276,1006,0,0,13,137.09,1.550,1.888,1.534,0.329,0.270,-0.965,2.323,0.2754,2.7012,0.563,0.000,0.015,0.154,0.075,104,137,98,0,4,0,49104.10,5074.231,32624.656,0.187,3065.103,19.215,27769.944,5178.496,22.870,10473.346,8378.677,4091.001,794.453,584.495,0.000163,0.024523
13861,462.0,1225,271,17,280,945,0,0,16,226.09,1.530,1.858,1.511,0.328,0.279,-0.966,2.341,0.2703,2.6944,0.567,0.000,0.013,0.153,0.073,99,136,95,2,0,0,46553.80,5027.709,30776.136,0.126,3241.951,18.613,26159.561,4832.173,22.315,9865.668,7892.534,4172.089,610.151,584.846,0.000147,0.023882
13891,463.0,1215,211,17,282,933,0,0,17,185.02,1.525,1.851,1.505,0.327,0.281,-0.965,2.349,0.2657,2.6751,0.566,0.000,0.012,0.150,0.076,103,134,84,1,1,0,47177.13,4873.699,33344.356,0.075,3877.426,19.194,25564.195,4758.840,22.647,11894.100,9515.280,3422.953,929.601,517.743,0.000172,0.023861
13921,464.0,1204,211,17,282,922,0,0,21,202.43,1.520,1.850,1.502,0.320,0.283,-0.965,2.351,0.2645,2.6977,0.555,0.000,0.012,0.150,0.075,98,113,66,1,2,0,44455.48,4711.455,28090.327,0.064,3146.710,18.236,25177.825,4624.921,27.705,9743.140,7794.512,2612.311,717.551,414.559,0.000169,0.023262
13951,465.0,1142,217,18,282,860,0,0,21,230.71,1.502,1.826,1.487,0.315,0.290,-0.965,2.356,0.2619,2.6658,0.559,0.004,0.013,0.150,0.076,109,132,83,3,3,0,40860.57,4407.326,26475.779,0.054,2791.641,17.643,23986.444,4436.752,33.642,9069.354,7255.483,3216.079,519.174,472.099,0.000159,0.022463
13981,466.0,1082,237,18,283,799,0,0,22,268.68,1.480,1.799,1.470,0.323,0.299,-0.965,2.368,0.2646,2.7074,0.549,0.000,0.015,0.149,0.074,95,132,63,3,4,0,37693.95,4296.566,24646.985,0.088,2798.624,18.419,22740.972,4237.578,31.629,8022.770,6418.216,2483.644,602.354,409.533,0.000082,0.022613
14011,467.0,997,240,18,282,715,0,0,25,221.66,1.450,1.765,1.437,0.332,0.313,-0.965,2.369,0.2693,2.6745,0.551,0.000,0.015,0.150,0.069,78,138,66,2,3,0,33873.27,4131.993,22659.452,0.072,2528.629,14.976,21224.638,3847.155,32.485,7065.702,5652.561,2881.284,790.106,423.386,0.000085,0.022206
14041,468.0,903,251,18,281,622,0,0,24,283.07,1.409,1.713,1.384,0.330,0.330,-0.965,2.362,0.2599,2.7143,0.556,0.000,0.010,0.148,0.061,84,137,63,5,5,0,31426.57,3875.989,20985.185,0.054,2525.185,15.946,18645.458,3305.935,34.573,6483.516,5186.813,2696.326,929.067,399.866,0.000138,0.020488
14071,469.0,902,185,18,278,624,0,0,28,275.77,1.411,1.714,1.394,0.333,0.326,-0.966,2.368,0.2727,2.7270,0.572,0.000,0.013,0.148,0.060,79,89,40,3,1,0,30912.08,3785.866,20608.875,0.144,2917.498,14.215,17446.469,3134.489,34.493,7550.133,6040.107,1603.277,912.513,268.106,0.000109,0.020525
14101,470.0,860,208,17,278,582,0,0,32,245.17,1.388,1.688,1.375,0.325,0.336,-0.968,2.375,0.2641,2.6996,0.574,0.000,0.010,0.146,0.056,85,81,57,1,1,0,28168.36,3612.972,18240.437,0.097,2200.826,15.505,17022.496,3023.800,40.402,5574.914,4459.931,2428.166,625.696,341.691,0.000120,0.021690
14131,471.0,822,176,17,275,547,0,0,35,244.32,1.369,1.670,1.358,0.308,0.344,-0.968,2.379,0.2676,2.6804,0.569,0.000,0.026,0.146,0.053,70,88,43,3,4,0,26947.35,3502.355,18154.737,0.040,2375.640,15.392,16198.447,2933.670,48.085,5684.125,4547.300,1798.216,493.025,269.864,0.000117,0.021196
14161,472.0,762,171,17,271,491,0,0,38,336.96,1.331,1.629,1.312,0.292,0.362,-0.970,2.399,0.2483,2.7029,0.576,0.000,0.022,0.146,0.052,71,95,48,6,1,0,23926.61,3302.207,14872.631,0.077,1926.724,12.564,14627.053,2625.095,51.607,5050.036,4040.029,2078.730,509.407,293.755,0.000124,0.019851
14191,473.0,691,204,17,271,420,0,0,40,251.41,1.268,1.560,1.250,0.282,0.386,-0.970,2.401,0.2577,2.6958,0.565,0.000,0.021,0.144,0.049,69,91,38,0,3,0,21265.70,3158.578,12569.839,0.022,1718.441,14.811,13035.534,2290.494,55.275,3423.186,2738.548,1494.396,590.620,238.398,0.000107,0.019632
14221,474.0,650,223,17,268,382,0,0,32,317.63,1.243,1.525,1.214,0.282,0.396,-0.969,2.398,0.2548,2.7448,0.576,0.000,0.031,0.142,0.048,78,69,33,5,7,0,19973.91,2953.843,12333.372,0.041,1458.327,13.707,11631.838,1991.881,48.428,4099.927,3279.942,1279.288,615.590,192.027,0.000089,0.019034
14251,475.0,623,208,16,268,355,0,0,26,394.95,1.219,1.489,1.186,0.283,0.408,-0.968,2.408,0.2540,2.6734,0.553,0.000,0.031,0.141,0.047,81,66,30,3,4,0,18843.72,2767.236,11648.914,0.093,1575.570,16.562,10871.976,1840.293,39.592,4185.384,3348.307,1094.967,690.689,171.837,0.000068,0.019219
14281,476.0,582,246,16,261,321,0,0,19,368.95,1.189,1.448,1.153,0.270,0.422,-0.969,2.425,0.2416,2.6932,0.562,0.000,0.022,0.140,0.048,73,65,22,3,3,0,17201.40,2643.026,9734.330,0.023,1340.300,12.837,10072.782,1758.303,33.207,2955.599,2364.480,914.865,511.329,138.093,0.000099,0.019276
14311,477.0,551,254,16,258,293,0,0,19,370.01,1.154,1.408,1.115,0.263,0.433,-0.970,2.425,0.2388,2.6035,0.565,0.000,0.034,0.138,0.044,74,45,38,4,1,0,16007.37,2543.903,9759.486,0.077,1481.907,14.646,9235.170,1603.552,29.208,3183.322,2546.657,1501.099,274.555,217.257,0.000056,0.019783
14341,478.0,530,241,16,253,277,0,0,22,457.55,1.134,1.388,1.086,0.259,0.439,-0.969,2.440,0.2353,2.6604,0.571,0.000,0.025,0.139,0.044,75,45,19,7,0,0,15747.43,2525.857,9640.900,0.034,971.183,14.795,8458.335,1423.103,33.760,2762.491,2209.993,816.742,1015.230,127.061,0.000072,0.020336
14371,479.0,531,256,16,249,282,0,0,20,509.82,1.145,1.403,1.091,0.254,0.435,-0.969,2.444,0.2334,2.6584,0.542,0.000,0.021,0.142,0.044,71,36,13,5,1,0,15778.06,2397.762,9080.402,0.013,1253.389,13.996,8192.166,1425.102,33.544,3123.422,2498.737,355.649,739.641,76.758,0.000056,0.020561
14401,480.0,536,200,15,246,290,0,0,17,520.78,1.161,1.420,1.109,0.264,0.430,-0.968,2.451,0.2307,2.6844,0.564,0.000,0.034,0.142,0.045,71,36,20,3,2,0,16266.24,2348.576,10470.472,0.018,1217.546,12.911,8364.394,1452.206,30.800,3657.219,2925.775,875.887,744.224,131.933,0.000075,0.020313
14431,481.0,540,197,15,248,292,0,0,18,452.93,1.155,1.425,1.108,0.261,0.429,-0.967,2.449,0.2300,2.6297,0.564,0.000,0.027,0.142,0.044,79,42,10,1,1,0,16146.05,2387.127,9119.961,0.006,1426.286,12.558,8404.067,1494.251,31.549,3133.985,2507.188,368.692,607.032,94.894,0.000053,0.020504
14461,482.0,527,213,15,250,277,0,0,14,364.23,1.130,1.395,1.072,0.245,0.439,-0.966,2.454,0.2239,2.6828,0.548,0.000,0.018,0.141,0.046,71,49,15,1,2,0,15479.90,2435.980,8186.565,0.036,1086.338,16.178,8345.691,1419.027,29.891,2928.351,2342.681,601.331,197.656,109.461,0.000078,0.020794
14491,483.0,515,230,15,251,264,0,0,17,236.34,1.111,1.368,1.056,0.238,0.448,-0.965,2.459,0.2272,2.6558,0.554,0.000,0.038,0.142,0.048,79,38,18,1,0,0,15255.04,2421.786,8463.711,0.027,1090.370,15.065,7868.037,1337.987,29.735,2495.133,1996.107,819.662,420.126,135.810,0.000068,0.020532
14521,484.0,526,226,15,256,270,0,0,17,279.39,1.111,1.369,1.054,0.234,0.448,-0.962,2.469,0.2245,2.6757,0.546,0.000,0.019,0.141,0.052,75,34,24,2,2,0,15792.55,2531.555,9323.548,0.027,1080.019,20.147,7704.095,1299.386,30.778,3928.616,3142.893,931.839,419.722,146.077,0.000089,0.021126
14551,485.0,548,280,15,260,288,0,0,16,320.64,1.126,1.390,1.079,0.222,0.441,-0.961,2.478,0.2219,2.6839,0.537,0.000,0.038,0.142,0.060,83,31,18,2,1,0,16690.63,2646.075,9932.076,0.025,1472.297,15.113,7978.107,1424.141,31.528,3999.437,3199.550,813.513,481.415,151.500,0.000056,0.021055
14581,486.0,578,284,15,264,314,0,0,13,289.39,1.152,1.427,1.113,0.222,0.429,-0.960,2.476,0.2279,2.6394,0.539,0.000,0.032,0.141,0.066,88,30,13,0,1,0,18924.67,2735.148,11921.167,0.010,1560.444,15.708,8443.719,1522.566,28.045,4020.781,3216.625,589.986,902.549,131.270,0.000093,0.022292
14611,487.0,624,292,15,268,356,0,0,14,265.95,1.195,1.475,1.163,0.239,0.409,-0.961,2.484,0.2264,2.6346,0.532,0.000,0.017,0.142,0.073,81,29,17,1,0,0,20569.31,2864.028,12625.616,0.095,1925.684,13.133,9399.829,1731.624,24.395,5128.861,4103.089,684.226,839.190,140.064,0.000121,0.021956
14641,488.0,665,301,15,273,392,0,0,11,205.28,1.227,1.518,1.187,0.243,0.394,-0.961,2.483,0.2275,2.6637,0.536,0.000,0.008,0.141,0.079,77,40,26,0,2,0,22004.56,3089.529,13758.049,0.071,1855.596,14.187,10450.380,1956.970,22.107,6086.244,4868.996,1301.309,241.815,222.565,0.000075,0.021837
14671,489.0,697,337,15,271,426,0,0,10,199.24,1.254,1.564,1.231,0.248,0.380,-0.960,2.485,0.2314,2.6613,0.538,0.004,0.019,0.140,0.085,80,53,25,1,2,0,23905.69,3248.926,14909.605,0.047,1837.392,14.810,11195.465,2144.612,18.789,6287.276,5029.821,1156.608,290.131,194.392,0.000057,0.021958
14701,490.0,746,290,15,272,474,0,0,10,182.04,1.278,1.612,1.275,0.250,0.366,-0.959,2.486,0.2344,2.7070,0.537,0.004,0.019,0.141,0.092,89,48,33,0,0,0,26513.33,3472.579,17714.566,0.053,2199.455,17.443,12245.593,2268.397,18.385,7192.046,5753.637,1605.697,720.490,282.589,0.000088,0.022051
14731,491.0,786,287,15,279,507,0,0,8,140.55,1.293,1.623,1.295,0.256,0.361,-0.959,2.489,0.2332,2.6885,0.540,0.004,0.024,0.140,0.094,79,48,36,0,1,0,28327.12,3674.087,17475.343,0.101,2262.757,14.957,13193.650,2452.854,12.100,6759.505,5407.604,1335.376,737.219,252.640,0.000088,0.021846
14761,492.0,844,271,15,288,556,0,0,8,122.74,1.310,1.652,1.308,0.271,0.352,-0.959,2.477,0.2313,2.7183,0.526,0.000,0.025,0.141,0.096,86,60,57,0,0,0,30485.86,3961.053,20674.384,0.144,3121.701,15.543,14110.886,2872.911,12.206,9493.480,7594.784,2420.182,770.327,391.633,0.000087,0.021282
14791,493.0,874,302,15,291,583,0,0,9,124.22,1.317,1.679,1.320,0.268,0.345,-0.958,2.468,0.2401,2.7713,0.542,0.000,0.026,0.142,0.095,82,47,70,0,1,0,32047.20,4271.495,21345.765,0.091,2793.681,17.667,14791.745,3199.862,13.245,8096.380,6477.104,3239.676,704.886,487.321,0.000111,0.021938
14821,494.0,917,345,15,297,620,0,0,10,128.12,1.336,1.709,1.351,0.273,0.336,-0.959,2.457,0.2500,2.7858,0.553,0.000,0.019,0.142,0.096,80,52,65,0,0,0,33710.49,4608.492,22856.054,0.093,3171.406,18.764,15796.632,3308.896,14.506,8899.962,7119.970,3107.629,1312.641,481.049,0.000110,0.021997
14851,495.0,984,284,15,300,684,0,0,10,151.50,1.365,1.753,1.387,0.274,0.324,-0.958,2.447,0.2598,2.7901,0.553,0.000,0.025,0.143,0.102,86,62,64,1,2,0,37371.39,4963.643,25860.354,0.119,4259.944,15.919,17009.584,3483.839,17.584,10854.321,8683.457,2921.137,1059.652,500.560,0.000124,0.022250
14881,496.0,1015,288,15,295,720,0,0,10,196.07,1.381,1.774,1.426,0.273,0.317,-0.957,2.460,0.2485,2.7633,0.552,0.000,0.021,0.145,0.102,87,57,84,2,1,0,39167.62,5090.279,25989.530,0.208,3640.946,17.582,18558.751,3879.585,17.633,9686.157,7748.925,3741.323,559.777,589.485,0.000136,0.021428
14911,497.0,1083,269,15,300,783,0,0,10,119.97,1.401,1.789,1.467,0.272,0.308,-0.956,2.472,0.2299,2.7064,0.539,0.000,0.022,0.146,0.107,92,70,87,0,1,0,42462.75,5263.280,29316.518,0.266,3844.053,16.493,19674.616,3961.030,16.745,12411.243,9928.995,3849.068,668.150,633.069,0.000129,0.021795
14941,498.0,1110,255,15,307,803,0,0,11,127.62,1.414,1.781,1.485,0.282,0.306,-0.956,2.472,0.2384,2.6831,0.534,0.000,0.021,0.147,0.106,94,79,113,0,1,0,44128.01,5611.592,29703.974,0.322,4194.992,14.572,20873.783,4157.178,18.135,12226.205,9780.964,4769.208,645.549,741.543,0.000106,0.022311
14971,499.0,1167,288,15,313,854,0,0,16,126.85,1.434,1.790,1.508,0.297,0.300,-0.957,2.471,0.2364,2.6770,0.512,0.000,0.015,0.146,0.107,81,70,107,1,0,0,46169.66,5823.912,31238.626,0.380,4276.749,16.675,21904.607,4350.107,22.087,13045.209,10436.167,4813.952,558.775,762.688,0.000170,0.021471
