tick,sim_second,organisms,food,species,plants,grazers,hunters,omnivores,infected,avg_lifespan,avg_body_size,avg_speed,avg_armor,avg_attack,avg_photo,avg_diet,avg_photo_area,avg_speed_plants,avg_speed_eaters,avg_light_share,ready_share_plants,ready_share_eaters,avg_disease_resistance,avg_symbiosis_rate,symbiotic_pairs,deaths_starvation,deaths_predation,deaths_old_age,deaths_disease,deaths_event,energy_total,flow_photosynthesis,flow_food,flow_predation,flow_grazing,flow_symbiosis,flow_metabolism,flow_movement,flow_disease,flow_reproduction_spent,flow_reproduction_received,flow_death,flow_clamp,flow_digestion,ledger_max_residual,ledger_cumulative_residual
31,1.0,477,10366,0,159,132,89,97,0,9.26,0.850,0.788,0.227,0.172,0.235,-0.100,1.532,0.3338,1.3527,0.811,0.415,0.154,0.105,-0.004,51,0,19,0,0,0,25474.62,1405.810,7151.709,40.041,103.489,15.114,2288.799,551.783,0.000,3429.608,2743.687,1034.587,1486.954,449.511,0.000103,-0.000038
61,2.0,590,9108,0,169,232,89,100,0,11.89,0.853,0.866,0.201,0.150,0.202,-0.246,1.528,0.3314,1.6095,0.831,0.432,0.133,0.112,-0.010,52,0,16,0,0,0,29672.74,1424.571,10020.895,4.944,41.000,23.180,2617.534,617.136,0.000,4701.458,3761.166,634.829,2240.292,202.209,0.000089,0.000697
91,3.0,889,7475,0,171,528,89,101,1,18.18,0.862,1.028,0.167,0.124,0.139,-0.455,1.527,0.3360,2.0184,0.884,0.433,0.113,0.126,-0.024,70,0,26,0,0,0,42022.27,1476.712,21531.229,38.698,10.192,19.966,3557.848,1061.240,0.141,11908.498,9526.799,1291.099,2235.198,169.877,0.000097,0.000815
121,4.0,1689,4499,0,180,1319,85,105,3,26.66,0.851,1.222,0.114,0.091,0.083,-0.610,1.522,0.3404,2.5532,0.841,0.433,0.082,0.148,-0.052,81,2,72,0,0,0,72419.52,1532.609,50228.358,71.165,14.479,19.906,6057.107,2533.810,2.773,31748.706,25398.965,2644.754,3477.362,369.345,0.000122,0.000500
151,5.0,2596,1586,63,184,2228,82,102,5,40.78,0.851,1.295,0.094,0.078,0.060,-0.664,1.523,0.3371,2.8389,0.847,0.413,0.043,0.153,-0.062,88,6,131,0,0,0,98938.31,1592.270,56656.872,168.926,129.727,17.400,10654.990,5609.705,6.987,38246.642,30597.314,5084.798,2277.376,616.083,0.000165,-0.000807
181,6.0,2905,507,63,200,2533,79,93,6,65.83,0.843,1.308,0.088,0.073,0.059,-0.676,1.520,0.3362,2.9451,0.787,0.375,0.032,0.152,-0.063,63,29,158,0,1,0,99271.91,1667.865,28784.279,188.234,113.812,14.867,13690.954,7354.216,10.926,17911.942,14329.554,4610.503,585.139,472.658,0.000107,-0.001119
211,7.0,2868,344,63,208,2513,62,85,14,98.39,0.835,1.312,0.082,0.069,0.061,-0.686,1.525,0.3285,2.8804,0.829,0.361,0.029,0.152,-0.063,46,81,123,0,1,0,87219.69,1760.712,13464.190,155.010,115.338,11.166,14078.308,7760.441,15.683,6023.117,4818.494,3622.669,267.567,482.844,0.000155,-0.001751
241,8.0,2652,252,63,224,2306,50,72,18,119.37,0.823,1.303,0.079,0.067,0.068,-0.690,1.524,0.3345,2.9440,0.791,0.344,0.026,0.150,-0.062,49,239,102,0,3,0,77456.24,1858.030,13084.010,102.335,78.456,8.514,13320.572,7404.111,24.321,4508.810,3607.048,2569.273,243.949,343.831,0.000104,-0.002091
271,9.0,2350,304,63,233,2016,36,65,28,141.14,0.815,1.290,0.076,0.068,0.076,-0.696,1.526,0.3344,2.9921,0.793,0.326,0.028,0.149,-0.063,40,268,115,0,4,0,69213.62,1987.889,11888.325,103.101,20.875,10.020,11837.094,6571.651,32.940,3024.548,2419.638,2607.779,276.696,290.871,0.000156,-0.003667
301,10.0,2105,345,54,239,1789,26,51,22,163.09,0.808,1.283,0.075,0.067,0.084,-0.703,1.527,0.3295,3.0176,0.801,0.326,0.028,0.149,-0.063,35,233,98,0,8,0,65052.35,2119.118,13664.681,115.872,97.808,7.104,10353.353,5705.228,36.055,3467.416,2773.933,2544.590,313.965,414.264,0.000154,-0.005377
331,11.0,1956,420,54,256,1643,17,40,21,179.08,0.804,1.270,0.075,0.065,0.094,-0.711,1.524,0.3362,2.9919,0.785,0.316,0.031,0.148,-0.063,36,181,101,0,4,0,63292.10,2337.271,14548.833,117.693,169.547,4.685,9419.266,5049.705,32.588,4867.406,3893.925,2577.453,400.330,311.226,0.000118,-0.006413
361,12.0,1887,467,54,276,1571,13,27,25,205.12,0.802,1.260,0.074,0.065,0.104,-0.720,1.525,0.3374,3.0115,0.777,0.304,0.032,0.148,-0.063,41,159,77,0,4,0,65385.40,2530.995,17184.257,91.654,134.244,4.053,8851.682,4775.435,32.419,6210.253,4968.203,2147.954,466.603,197.459,0.000122,-0.006357
391,13.0,1908,518,54,306,1573,11,18,26,215.33,0.802,1.248,0.073,0.064,0.112,-0.726,1.526,0.3368,3.0403,0.735,0.281,0.030,0.148,-0.062,47,105,80,0,3,0,67844.35,2839.793,17874.105,76.710,137.426,4.626,8791.490,4758.041,34.809,7634.715,6107.772,2317.671,558.876,343.825,0.000133,-0.005670
421,14.0,1986,516,54,328,1635,10,13,30,232.84,0.801,1.250,0.071,0.061,0.115,-0.732,1.520,0.3437,3.0423,0.749,0.262,0.031,0.149,-0.064,39,71,93,0,3,0,72603.24,3166.112,21011.211,105.154,113.093,4.380,8965.457,4815.284,41.031,8826.636,7061.309,2760.432,746.819,429.240,0.000153,-0.004290
451,15.0,2074,610,50,355,1700,7,12,37,224.50,0.802,1.249,0.072,0.061,0.118,-0.738,1.511,0.3480,3.0644,0.725,0.251,0.029,0.149,-0.062,39,72,96,0,2,0,76877.24,3487.044,21106.320,99.745,157.936,4.119,9304.866,4978.061,46.869,9365.952,7492.762,3093.942,798.957,323.227,0.000122,-0.003240
481,16.0,2233,575,50,401,1817,6,9,46,217.06,0.802,1.246,0.073,0.062,0.123,-0.743,1.513,0.3472,3.1220,0.731,0.227,0.032,0.149,-0.062,58,67,91,0,1,0,83361.95,4025.347,24372.369,74.243,269.783,4.387,9937.283,5460.600,57.251,11599.325,9279.460,2976.949,718.033,517.268,0.000184,-0.004214
511,17.0,2380,545,50,433,1932,6,9,54,201.18,0.807,1.248,0.072,0.062,0.124,-0.746,1.507,0.3462,3.1124,0.713,0.224,0.025,0.149,-0.062,52,61,139,0,1,0,89132.88,4493.138,26245.906,103.700,241.436,4.531,10690.308,5974.589,74.468,12839.518,10271.615,4385.230,787.742,591.568,0.000162,-0.004588
541,18.0,2577,536,50,489,2075,6,7,61,182.59,0.806,1.245,0.074,0.060,0.129,-0.749,1.506,0.3501,3.1446,0.708,0.192,0.029,0.148,-0.062,58,61,135,0,1,0,95534.13,5058.464,28083.165,113.585,329.793,6.265,11511.872,6369.493,88.380,14319.061,11455.249,4303.585,943.862,772.964,0.000152,-0.004526
571,19.0,2785,541,50,547,2227,5,6,68,196.07,0.805,1.242,0.074,0.060,0.134,-0.753,1.507,0.3539,3.1900,0.655,0.183,0.021,0.149,-0.063,58,59,144,0,4,0,103054.52,5697.096,30198.141,102.585,540.629,6.015,12378.098,6910.318,92.346,15066.329,12053.064,4493.741,948.969,640.695,0.000159,-0.005139
601,20.0,2997,503,48,621,2366,5,5,73,201.37,0.805,1.235,0.075,0.058,0.141,-0.758,1.506,0.3520,3.1931,0.651,0.179,0.023,0.149,-0.064,68,74,136,0,3,0,109984.23,6293.328,30816.226,132.199,357.400,6.823,13402.976,7488.183,104.889,15431.787,12345.430,4556.777,1177.186,495.673,0.000257,-0.007528
631,21.0,3205,516,48,712,2483,5,5,81,193.37,0.804,1.224,0.077,0.056,0.151,-0.762,1.506,0.3546,3.2242,0.637,0.163,0.024,0.148,-0.065,62,69,170,0,9,0,117446.39,7283.135,32944.293,116.660,251.545,5.388,14470.231,8088.678,115.917,16584.809,13267.848,5194.581,1061.719,633.841,0.000257,-0.009719
661,22.0,3406,490,48,802,2594,5,5,94,191.74,0.801,1.212,0.078,0.053,0.159,-0.765,1.496,0.3623,3.2261,0.659,0.145,0.028,0.148,-0.065,65,81,180,0,6,0,126622.09,8438.327,35429.964,149.177,345.127,7.339,15307.273,8450.799,124.833,16924.313,13539.451,5598.270,1287.408,688.327,0.000147,-0.009645
691,23.0,3646,484,48,925,2713,5,3,112,193.21,0.798,1.197,0.081,0.052,0.170,-0.769,1.497,0.3635,3.2195,0.627,0.130,0.026,0.148,-0.065,61,79,197,0,9,0,134698.16,9815.164,35861.629,141.708,347.888,7.873,16240.332,8926.218,146.746,18887.596,15110.077,6402.173,1451.446,797.989,0.000316,-0.011240
721,24.0,3922,440,48,1058,2857,5,2,142,213.96,0.796,1.184,0.084,0.051,0.180,-0.773,1.496,0.3617,3.2462,0.604,0.121,0.026,0.148,-0.064,59,73,172,0,12,0,145043.27,11240.275,37711.687,113.892,622.738,5.729,17485.499,9525.089,183.518,19344.415,15475.533,5438.763,1461.478,757.525,0.000261,-0.011572
751,25.0,4223,417,45,1242,2975,5,1,187,198.51,0.790,1.161,0.087,0.051,0.195,-0.776,1.492,0.3745,3.2231,0.578,0.110,0.022,0.147,-0.064,76,76,226,0,10,0,152972.92,12776.773,38001.768,129.921,913.631,5.389,18747.953,10104.136,231.327,21856.110,17484.888,6993.559,1446.412,1084.198,0.000247,-0.011639
781,26.0,4412,433,45,1422,2985,5,0,257,208.10,0.782,1.132,0.089,0.050,0.212,-0.779,1.498,0.3718,3.2067,0.582,0.105,0.023,0.147,-0.063,85,102,246,0,11,0,161067.98,14562.389,38238.865,115.185,592.819,5.908,19733.398,10305.952,313.207,19551.480,15641.184,8038.045,1408.537,1111.938,0.000228,-0.011508
811,27.0,4654,465,45,1637,3012,5,0,391,210.38,0.774,1.103,0.092,0.049,0.230,-0.780,1.496,0.3748,3.2265,0.569,0.102,0.023,0.147,-0.061,88,102,262,0,14,0,169340.75,16956.005,38469.205,122.547,1398.162,8.586,20538.176,10530.412,466.485,22130.514,17704.412,8346.336,1425.609,1541.862,0.000255,-0.012643
841,28.0,4906,440,45,1893,3008,5,0,543,196.37,0.767,1.067,0.095,0.049,0.251,-0.781,1.503,0.3734,3.2028,0.551,0.092,0.024,0.146,-0.060,83,89,319,0,23,0,177393.06,19521.023,39712.978,116.933,2577.869,9.945,21453.316,10692.430,664.473,24327.729,19462.183,9900.130,1459.442,2263.286,0.000232,-0.011854
871,29.0,5097,437,45,2161,2931,5,0,717,225.12,0.754,1.028,0.097,0.051,0.274,-0.783,1.505,0.3781,3.2015,0.526,0.087,0.024,0.144,-0.057,80,100,358,0,25,0,183759.50,21427.453,38343.829,168.490,2928.251,9.309,22045.815,10700.944,906.799,23728.759,18983.008,11409.096,1507.240,2257.695,0.000338,-0.011527
901,30.0,5293,430,45,2449,2839,5,0,920,189.12,0.741,0.991,0.102,0.049,0.298,-0.785,1.505,0.3802,3.2171,0.525,0.074,0.026,0.143,-0.054,111,97,396,0,43,0,190429.00,24100.864,38852.944,130.439,3827.790,12.588,22477.638,10576.550,1198.512,25750.292,20600.234,12291.336,1899.642,2821.006,0.000246,-0.011901
931,31.0,5531,424,45,2736,2790,5,0,1218,204.35,0.734,0.956,0.105,0.050,0.318,-0.785,1.506,0.3848,3.2120,0.507,0.065,0.025,0.142,-0.052,111,90,408,0,52,0,196294.33,26536.124,39674.290,114.585,6253.589,14.245,23278.270,10635.595,1574.558,28470.144,22776.116,14047.235,1396.723,3833.264,0.000269,-0.012449
961,32.0,5689,451,45,2998,2686,4,1,1712,172.65,0.729,0.922,0.109,0.049,0.339,-0.786,1.503,0.3880,3.1953,0.509,0.057,0.024,0.140,-0.051,135,64,524,0,54,0,197422.27,28660.712,39500.439,121.638,9336.761,18.444,23886.597,10544.328,2235.047,29454.935,23563.948,17649.933,1653.713,5294.235,0.000331,-0.016152
991,33.0,5756,458,45,3239,2513,3,1,2170,185.37,0.723,0.881,0.114,0.050,0.361,-0.788,1.503,0.3885,3.1707,0.503,0.046,0.027,0.138,-0.047,159,59,663,0,51,0,193194.33,31017.147,38387.946,154.553,12622.153,20.532,24226.939,10224.920,3037.716,31566.109,25252.888,21566.831,1688.971,6728.987,0.000218,-0.015628
1021,34.0,5765,459,45,3440,2323,2,0,2604,171.80,0.715,0.844,0.120,0.052,0.382,-0.787,1.505,0.3907,3.1634,0.500,0.040,0.024,0.136,-0.043,177,39,693,0,91,0,188001.98,32738.235,38468.184,73.865,13283.235,22.615,24165.963,9896.560,3777.629,31556.920,25245.536,23868.330,1181.124,7271.648,0.000259,-0.013383
1051,35.0,5738,490,43,3612,2124,2,0,3005,170.53,0.710,0.808,0.128,0.051,0.402,-0.784,1.506,0.3909,3.1284,0.497,0.033,0.021,0.134,-0.040,183,27,703,0,96,0,181312.62,34382.915,36616.176,131.575,15203.375,32.155,23794.954,9240.237,4539.370,30619.085,24495.269,25007.881,1307.341,7806.435,0.000242,-0.010964
1081,36.0,5698,547,43,3756,1940,2,0,3329,155.99,0.706,0.775,0.136,0.050,0.420,-0.782,1.509,0.3927,3.0879,0.498,0.030,0.030,0.133,-0.038,182,19,691,0,104,0,173069.17,34959.967,34301.024,130.620,17495.079,31.802,23709.971,8658.881,5135.206,30118.459,24094.768,24391.219,1064.740,8651.347,0.000341,-0.007481
1111,37.0,5744,492,43,3860,1882,2,0,3583,144.32,0.709,0.761,0.142,0.049,0.427,-0.781,1.511,0.3917,3.0636,0.504,0.023,0.028,0.133,-0.038,197,15,608,0,95,0,164967.92,35711.815,33034.246,88.745,19238.622,34.358,23697.325,8383.925,5668.773,30640.690,24512.552,23243.172,688.659,9126.077,0.000277,-0.004122
1141,38.0,5673,518,43,3909,1762,2,0,3708,139.29,0.709,0.742,0.151,0.051,0.439,-0.779,1.513,0.3934,3.0244,0.503,0.015,0.028,0.132,-0.037,193,6,693,0,126,0,149783.25,35895.987,32801.332,105.154,22726.073,38.975,24023.751,8400.802,6058.733,31145.110,24916.088,28194.311,868.515,10212.010,0.000248,-0.001370
1171,39.0,5596,552,43,3886,1708,2,0,3708,163.06,0.718,0.736,0.164,0.052,0.443,-0.778,1.514,0.3932,2.9366,0.525,0.010,0.029,0.131,-0.036,175,13,615,0,137,0,136545.16,36390.641,30647.451,74.561,24544.459,38.486,23823.092,7862.557,6161.625,29198.357,23358.686,25532.344,870.281,10261.179,0.000224,-0.002109
1201,40.0,5435,536,42,3797,1636,2,0,3590,162.55,0.725,0.731,0.181,0.053,0.448,-0.777,1.514,0.3924,2.9129,0.546,0.006,0.029,0.131,-0.036,210,12,623,0,177,0,123282.73,36234.422,30652.710,67.663,24126.259,45.657,24035.785,7895.785,6114.651,28232.704,22586.164,25395.403,999.666,10129.384,0.000312,-0.004907
1231,41.0,5264,547,42,3686,1576,2,0,3411,188.58,0.731,0.727,0.199,0.055,0.450,-0.780,1.518,0.3919,2.8213,0.556,0.005,0.025,0.131,-0.035,192,7,537,0,166,0,112911.66,35005.951,27293.095,82.667,20189.137,49.577,23893.961,7592.356,5923.160,23742.726,18994.181,21545.232,643.871,8405.651,0.000205,-0.005164
1261,42.0,5090,507,42,3545,1544,1,0,3228,185.91,0.738,0.728,0.218,0.057,0.449,-0.785,1.521,0.3898,2.7749,0.568,0.003,0.025,0.131,-0.035,178,10,442,0,192,0,105465.84,33036.139,26586.199,47.118,18423.375,57.734,23593.579,7291.883,5578.676,20667.464,16533.972,18624.396,764.764,7128.490,0.000312,-0.008807
1291,43.0,5010,497,42,3413,1596,1,0,3162,231.09,0.751,0.743,0.239,0.059,0.441,-0.790,1.523,0.3900,2.7493,0.592,0.002,0.017,0.131,-0.035,155,12,361,0,178,0,101172.85,31635.009,27049.709,42.901,17803.904,49.908,23627.328,7348.729,5398.976,20919.952,16735.962,15103.847,672.394,6685.338,0.000266,-0.011929
1321,44.0,4860,480,42,3249,1610,1,0,3078,235.23,0.760,0.755,0.259,0.060,0.434,-0.795,1.528,0.3893,2.7204,0.611,0.002,0.014,0.132,-0.037,156,18,349,0,185,0,96208.07,30403.483,26070.381,42.461,16120.819,48.810,23896.899,7417.567,5248.470,17982.902,14386.322,14906.046,193.267,6222.280,0.000246,-0.011270
1351,45.0,4719,421,38,3060,1659,0,0,2982,275.02,0.774,0.777,0.279,0.063,0.424,-0.799,1.532,0.3884,2.6840,0.622,0.002,0.016,0.133,-0.039,151,20,259,0,234,0,91825.48,28353.968,24194.214,23.369,14248.306,44.840,23878.425,7425.527,5096.521,16605.317,13284.254,11720.129,253.781,5258.689,0.000211,-0.010608
1381,46.0,4546,413,38,2891,1655,0,0,2802,330.87,0.783,0.790,0.293,0.064,0.417,-0.803,1.540,0.3842,2.6483,0.643,0.002,0.013,0.134,-0.040,141,25,211,0,201,0,87520.91,26535.833,21734.026,16.458,12150.676,46.409,23691.899,7321.547,4843.331,11898.307,9518.646,9758.510,216.085,4379.852,0.000163,-0.011154
1411,47.0,4410,390,38,2723,1687,0,0,2609,307.44,0.797,0.809,0.305,0.068,0.406,-0.805,1.546,0.3856,2.6239,0.662,0.003,0.009,0.135,-0.040,129,16,181,0,226,0,85598.80,24918.384,22393.275,14.254,11856.064,44.605,23534.276,7270.932,4524.881,12867.019,10293.615,7127.408,269.623,3947.498,0.000188,-0.010884
1441,48.0,4237,309,38,2591,1646,0,0,2515,290.92,0.800,0.815,0.319,0.069,0.403,-0.809,1.552,0.3846,2.6261,0.667,0.002,0.006,0.136,-0.041,126,24,202,0,206,0,79536.95,23114.868,20503.213,13.547,11134.948,37.615,23384.903,7360.869,4296.317,11627.754,9302.203,8430.999,89.742,3805.102,0.000185,-0.011635
1471,49.0,4025,308,38,2447,1578,0,0,2316,311.68,0.802,0.818,0.330,0.069,0.401,-0.812,1.559,0.3802,2.6041,0.683,0.002,0.006,0.137,-0.042,115,34,147,0,228,0,74229.22,21269.150,17835.190,11.324,9228.483,40.007,22531.224,6892.901,4025.558,8821.410,7057.128,6210.508,9.454,2989.469,0.000169,-0.011949
1501,50.0,3795,309,37,2282,1513,0,0,2142,400.91,0.806,0.825,0.343,0.069,0.398,-0.812,1.567,0.3783,2.5904,0.698,0.003,0.007,0.138,-0.042,124,44,123,0,234,0,69043.36,19455.174,16587.777,14.605,8728.619,37.776,21631.250,6598.307,3698.338,7696.552,6157.241,5031.801,9.401,2735.012,0.000152,-0.010355
1531,51.0,3603,301,37,2149,1454,0,0,1966,397.80,0.808,0.831,0.352,0.069,0.396,-0.815,1.572,0.3744,2.5691,0.723,0.003,0.009,0.139,-0.044,98,36,93,0,210,0,64273.51,18061.507,15353.564,8.005,7835.304,38.099,20712.272,6204.985,3390.325,6568.386,5254.709,4196.278,31.772,2343.612,0.000102,-0.010196
1561,52.0,3371,279,37,2002,1369,0,0,1800,430.92,0.807,0.835,0.360,0.069,0.395,-0.819,1.578,0.3753,2.5571,0.738,0.003,0.007,0.140,-0.046,92,41,82,0,217,0,60279.01,16653.780,14164.409,14.366,6973.225,40.235,19651.202,5875.739,3100.284,4835.813,3868.650,3082.021,133.016,2017.632,0.000126,-0.009557
1591,53.0,3149,282,37,1881,1268,0,0,1574,424.04,0.804,0.830,0.363,0.070,0.397,-0.821,1.581,0.3744,2.5586,0.739,0.003,0.009,0.140,-0.047,98,54,77,0,193,0,55489.65,15193.353,12374.612,4.877,6273.528,36.664,18420.617,5411.662,2757.005,4539.759,3631.808,2965.321,83.023,1816.620,0.000108,-0.009730
1621,54.0,2954,262,37,1765,1189,0,0,1413,443.03,0.802,0.829,0.368,0.070,0.398,-0.824,1.584,0.3726,2.5374,0.753,0.003,0.003,0.142,-0.049,106,50,67,0,174,0,51190.02,13722.096,12259.694,3.626,5674.849,39.783,17401.167,5090.260,2427.212,4300.250,3440.200,2828.879,57.107,1620.369,0.000117,-0.009677
1651,55.0,2781,253,36,1651,1130,0,0,1232,512.23,0.804,0.832,0.374,0.071,0.396,-0.826,1.594,0.3690,2.5464,0.760,0.004,0.007,0.143,-0.050,97,56,46,0,172,0,47719.10,12657.653,11336.967,3.242,4888.885,37.815,16421.759,4762.060,2125.360,4430.865,3544.692,1925.124,30.926,1317.382,0.000133,-0.009852
1681,56.0,2606,206,36,1563,1043,0,0,1092,433.43,0.797,0.826,0.374,0.069,0.400,-0.830,1.603,0.3679,2.5243,0.766,0.004,0.007,0.145,-0.051,90,72,40,0,145,0,44381.25,11760.968,10310.871,2.194,4638.177,37.557,15464.114,4423.461,1871.095,3658.712,2926.970,1734.130,17.009,1170.335,0.000121,-0.009274
1711,57.0,2462,225,36,1467,995,0,0,966,517.21,0.798,0.833,0.373,0.070,0.398,-0.833,1.608,0.3673,2.5233,0.787,0.005,0.010,0.146,-0.053,103,64,19,0,132,0,41505.22,10909.592,8949.483,7.537,4102.672,38.889,14535.053,4143.550,1628.501,3121.191,2496.953,813.733,27.317,970.247,0.000149,-0.010010
1741,58.0,2337,256,36,1408,929,0,0,859,443.59,0.792,0.830,0.369,0.069,0.403,-0.837,1.611,0.3688,2.5379,0.796,0.005,0.005,0.147,-0.054,80,67,24,0,107,0,39148.89,10476.030,9003.795,3.022,3894.065,38.431,13819.692,3912.468,1450.321,3260.223,2608.179,992.551,26.099,985.999,0.000101,-0.010580
1771,59.0,2205,248,36,1345,860,0,0,748,490.17,0.786,0.824,0.364,0.070,0.408,-0.838,1.612,0.3706,2.5413,0.791,0.005,0.006,0.147,-0.055,75,68,23,0,114,0,37403.35,9907.359,8882.148,1.095,3714.621,35.134,13075.458,3667.912,1261.963,3181.323,2545.059,978.381,8.937,907.232,0.000117,-0.010978
1801,60.0,2131,257,35,1288,843,0,0,663,506.70,0.791,0.829,0.368,0.070,0.406,-0.838,1.615,0.3743,2.5566,0.801,0.004,0.004,0.148,-0.056,76,61,17,0,73,0,36400.45,9590.260,8767.476,7.025,3510.325,38.666,12548.074,3480.749,1095.652,3468.683,2774.947,665.212,42.068,842.168,0.000079,-0.011461
1831,61.0,2023,255,35,1235,788,0,0,585,518.76,0.786,0.821,0.367,0.070,0.411,-0.837,1.615,0.3707,2.5251,0.806,0.005,0.005,0.148,-0.056,77,75,19,0,74,0,35666.62,9322.613,8361.174,3.338,3313.347,33.178,12018.109,3271.216,973.425,2679.798,2143.838,815.253,29.253,777.738,0.000130,-0.011689
1861,62.0,1937,298,35,1192,745,0,0,518,526.72,0.783,0.815,0.363,0.068,0.413,-0.838,1.616,0.3714,2.5280,0.809,0.005,0.008,0.149,-0.058,100,70,19,0,66,0,35069.03,9071.783,8193.658,0.929,3495.972,36.381,11511.459,3175.555,868.010,3070.254,2456.203,878.915,16.354,799.623,0.000105,-0.011145
1891,63.0,1906,308,35,1158,748,0,0,483,515.94,0.789,0.825,0.361,0.069,0.410,-0.844,1.619,0.3683,2.5423,0.797,0.005,0.009,0.150,-0.062,76,47,15,0,54,0,36263.32,9006.139,9408.797,0.726,3412.782,33.011,11215.898,3084.855,774.670,3788.743,3030.994,592.987,73.710,721.497,0.000093,-0.011308
1921,64.0,1888,324,35,1130,758,0,0,430,520.22,0.795,0.836,0.360,0.069,0.405,-0.846,1.618,0.3743,2.5505,0.817,0.004,0.012,0.151,-0.064,73,46,17,0,45,0,37655.21,8927.926,9836.717,1.254,3383.226,33.187,11174.982,3068.043,712.300,4011.782,3209.425,789.089,91.802,735.438,0.000137,-0.010935
1951,65.0,1920,338,34,1106,814,0,0,395,545.34,0.810,0.863,0.364,0.070,0.390,-0.852,1.619,0.3697,2.5527,0.802,0.005,0.011,0.153,-0.069,78,43,9,0,30,0,39938.01,9170.708,10601.957,0.751,3672.918,32.643,11399.235,3150.488,638.088,5080.850,4064.680,440.434,103.924,742.277,0.000091,-0.011080
1981,66.0,1972,342,34,1085,887,0,0,369,553.21,0.830,0.894,0.370,0.073,0.374,-0.856,1.618,0.3728,2.5385,0.806,0.005,0.005,0.155,-0.075,74,34,14,0,29,0,43225.07,9374.565,12263.875,0.652,4376.963,36.608,11901.365,3424.152,584.908,5803.371,4642.697,418.484,30.290,832.159,0.000111,-0.011406
2011,67.0,2051,310,34,1076,975,0,0,355,503.92,0.849,0.923,0.378,0.077,0.359,-0.859,1.619,0.3725,2.5655,0.813,0.005,0.003,0.157,-0.081,81,44,20,0,20,0,46532.41,9531.016,14078.348,0.567,4357.100,32.800,12734.306,3790.222,556.589,7201.821,5761.457,811.051,77.908,892.161,0.000200,-0.010060
2041,68.0,2115,291,34,1066,1049,0,0,332,448.23,0.862,0.947,0.382,0.080,0.346,-0.861,1.620,0.3725,2.6006,0.820,0.005,0.004,0.159,-0.087,70,38,24,0,30,0,49288.97,10123.811,14267.250,1.009,4733.199,31.467,13572.126,4202.596,537.598,6808.473,5446.779,971.973,98.398,891.120,0.000122,-0.008884
2071,69.0,2156,341,34,1068,1088,0,0,323,360.03,0.868,0.959,0.385,0.081,0.340,-0.861,1.621,0.3656,2.6161,0.813,0.005,0.006,0.160,-0.090,68,52,34,0,24,0,51399.25,10558.447,14203.731,0.959,4847.196,28.209,14168.166,4352.855,496.507,6570.927,5256.742,1326.400,33.561,961.189,0.000145,-0.007278
2101,70.0,2243,337,34,1070,1173,0,0,309,295.63,0.880,0.982,0.390,0.084,0.328,-0.864,1.621,0.3743,2.6245,0.810,0.007,0.006,0.163,-0.094,71,44,41,0,26,0,55737.56,10942.265,17492.115,1.208,5464.328,25.176,14725.862,4634.458,478.306,8657.469,6925.975,1400.498,55.701,1070.959,0.000166,-0.006654
2131,71.0,2364,347,34,1071,1293,0,0,308,328.46,0.899,1.010,0.396,0.088,0.312,-0.867,1.622,0.3659,2.6254,0.800,0.007,0.005,0.165,-0.098,56,45,30,0,17,0,60155.39,11234.450,18540.364,0.765,5698.480,19.608,15741.087,5024.749,459.072,9380.361,7504.289,1078.977,126.001,1051.793,0.000156,-0.005564
2161,72.0,2497,332,34,1078,1419,0,0,317,306.99,0.914,1.036,0.403,0.089,0.299,-0.869,1.619,0.3645,2.6346,0.806,0.007,0.005,0.167,-0.102,76,53,45,0,12,0,65385.14,11915.286,21020.561,1.025,6076.688,21.243,17019.437,5511.829,471.361,10547.244,8437.796,1460.651,22.484,1111.912,0.000123,-0.005157
2191,73.0,2659,316,34,1086,1573,0,0,337,318.74,0.929,1.066,0.406,0.091,0.285,-0.873,1.618,0.3656,2.6734,0.800,0.007,0.004,0.169,-0.108,49,54,42,0,27,0,71359.07,12351.627,23637.601,1.053,6352.163,20.985,18213.868,6051.900,480.370,12300.538,9840.431,1580.805,130.662,1098.634,0.000099,-0.004961
2221,74.0,2845,267,34,1100,1745,0,0,344,275.15,0.944,1.094,0.410,0.093,0.271,-0.876,1.617,0.3620,2.7014,0.785,0.009,0.003,0.171,-0.113,75,57,45,0,23,0,77042.24,12870.425,25574.696,0.902,6983.342,25.348,19883.766,6833.285,501.584,13533.197,10826.558,1543.388,111.721,1182.466,0.000161,-0.005154
2251,75.0,2983,273,33,1106,1877,0,0,339,300.11,0.955,1.115,0.412,0.096,0.261,-0.877,1.615,0.3588,2.7162,0.795,0.010,0.004,0.173,-0.119,67,60,43,0,29,0,82923.32,13430.153,26682.751,1.315,7224.708,20.414,21314.471,7478.186,491.049,11625.528,9300.423,1392.632,28.099,1203.600,0.000150,-0.004623
2281,76.0,3134,299,33,1119,2015,0,0,367,291.71,0.966,1.130,0.412,0.097,0.252,-0.878,1.615,0.3568,2.7024,0.778,0.009,0.003,0.174,-0.123,70,87,43,0,24,0,89357.10,14199.307,28959.095,2.029,7438.353,14.296,22595.378,8072.468,501.236,13278.954,10623.163,1661.360,23.938,1216.483,0.000173,-0.004217
2311,77.0,3303,247,33,1134,2169,0,0,414,241.96,0.979,1.145,0.420,0.099,0.243,-0.878,1.611,0.3558,2.7419,0.787,0.011,0.003,0.175,-0.127,64,87,60,0,35,0,95629.55,14845.852,31174.404,1.246,7926.263,14.106,24067.773,8674.008,553.602,15457.174,12365.740,1950.349,61.016,1350.863,0.000201,-0.005541
2341,78.0,3439,239,33,1168,2271,0,0,463,246.91,0.985,1.149,0.426,0.100,0.241,-0.878,1.608,0.3534,2.7399,0.772,0.014,0.004,0.176,-0.128,52,99,87,0,39,0,101163.55,15671.981,33053.439,2.325,8570.623,14.754,25708.625,9320.585,631.854,15553.594,12442.875,2890.941,35.419,1495.605,0.000180,-0.006795
2371,79.0,3620,228,33,1199,2420,1,0,537,270.48,0.993,1.163,0.429,0.101,0.235,-0.879,1.612,0.3503,2.7650,0.746,0.014,0.005,0.178,-0.131,60,86,88,0,37,0,106731.45,16439.749,34863.256,2.433,9007.419,12.064,26992.925,9863.594,716.714,16936.530,13549.224,3159.861,132.075,1485.070,0.000140,-0.006899
2401,80.0,3809,223,33,1225,2583,1,0,621,272.94,1.003,1.177,0.433,0.102,0.229,-0.881,1.609,0.3488,2.7464,0.733,0.016,0.005,0.179,-0.134,60,96,83,0,45,0,113139.16,17083.268,37688.262,1.870,9612.182,14.646,28714.833,10631.217,825.115,18004.102,14403.282,2901.506,126.662,1565.533,0.000204,-0.007835
2431,81.0,3973,212,33,1257,2715,1,0,723,249.82,1.011,1.188,0.435,0.103,0.226,-0.881,1.607,0.3421,2.7709,0.731,0.014,0.004,0.181,-0.136,54,91,115,0,51,0,118644.51,17706.034,39815.181,2.289,9166.310,10.386,30351.295,11344.291,966.952,18330.710,14664.569,3986.869,83.298,1619.306,0.000320,-0.008126
2461,82.0,4071,232,33,1295,2775,1,0,877,254.32,1.011,1.187,0.440,0.103,0.227,-0.882,1.605,0.3421,2.7702,0.728,0.012,0.004,0.181,-0.138,56,98,137,0,67,0,121499.02,18385.642,38920.513,2.022,9530.954,13.497,31632.836,11733.575,1154.835,17300.979,13840.784,4690.230,113.146,1668.850,0.000231,-0.007088
2491,83.0,4152,224,33,1338,2813,1,0,1016,241.82,1.011,1.183,0.446,0.103,0.229,-0.884,1.603,0.3424,2.8054,0.715,0.016,0.005,0.181,-0.137,42,126,134,0,79,0,125398.75,19300.509,40771.685,2.671,10267.783,11.990,32481.973,12008.199,1411.336,18145.047,14516.038,4824.266,71.897,1748.455,0.000317,-0.007724
2521,84.0,4237,202,33,1380,2857,0,0,1175,253.42,1.011,1.180,0.451,0.103,0.231,-0.885,1.601,0.3413,2.7929,0.713,0.017,0.005,0.181,-0.137,61,130,153,0,85,0,130400.98,20000.334,43424.960,2.583,10518.499,10.034,33026.687,12236.825,1642.208,19555.549,15644.439,5541.252,227.143,1840.415,0.000218,-0.008834
2551,85.0,4325,210,33,1417,2908,0,0,1316,242.88,1.013,1.178,0.457,0.103,0.232,-0.885,1.596,0.3409,2.7891,0.703,0.017,0.004,0.182,-0.139,68,94,197,0,105,0,133247.00,20548.840,44927.571,4.869,11519.883,14.261,34054.771,12589.894,1864.582,21095.243,16876.195,7542.806,257.344,2106.817,0.000310,-0.008635
2581,86.0,4414,207,33,1453,2960,1,0,1474,236.59,1.015,1.179,0.464,0.104,0.234,-0.887,1.593,0.3356,2.8054,0.696,0.016,0.005,0.182,-0.139,67,90,214,0,99,0,137001.80,21243.701,47108.697,4.348,11163.271,10.536,34879.242,12963.302,2124.980,21622.459,17297.968,7988.086,167.762,2154.094,0.000219,-0.008131
2611,87.0,4429,218,33,1505,2923,1,0,1629,272.54,1.012,1.169,0.476,0.102,0.241,-0.887,1.592,0.3336,2.8065,0.688,0.017,0.004,0.181,-0.136,75,84,281,0,117,0,137772.61,22043.685,46424.052,4.830,11094.045,12.744,35364.002,13035.311,2378.593,21649.093,17319.275,10070.369,182.714,2340.950,0.000295,-0.008967
2641,88.0,4457,212,33,1568,2888,1,0,1780,253.40,1.007,1.156,0.489,0.102,0.249,-0.890,1.587,0.3341,2.7933,0.663,0.020,0.004,0.182,-0.132,74,74,279,0,129,0,139271.86,22362.425,47612.207,3.098,10836.073,10.722,35713.910,13070.555,2647.645,22025.599,17620.479,10218.365,122.733,2300.139,0.000265,-0.010592
2671,89.0,4477,214,33,1601,2876,0,0,1881,252.23,1.008,1.152,0.498,0.103,0.253,-0.892,1.584,0.3317,2.7880,0.672,0.021,0.002,0.182,-0.131,59,76,277,0,138,0,140439.05,22874.904,47233.099,3.879,11477.133,14.163,35919.407,13049.564,2874.419,22740.692,18192.554,10108.367,106.332,2338.479,0.000212,-0.009746
2701,90.0,4478,181,33,1662,2816,0,0,1997,241.09,1.000,1.139,0.512,0.101,0.262,-0.893,1.577,0.3317,2.7690,0.655,0.023,0.004,0.181,-0.126,72,52,302,0,155,0,142305.64,23442.260,48845.157,4.871,11902.153,12.254,36227.058,12903.794,3052.053,22036.742,17629.394,11334.121,94.900,2406.420,0.000201,-0.009647
2731,91.0,4542,213,33,1717,2824,1,0,2127,319.70,1.000,1.131,0.527,0.102,0.267,-0.895,1.571,0.3291,2.7903,0.661,0.019,0.005,0.181,-0.122,72,37,285,0,145,0,143415.42,24294.539,47461.864,3.025,12426.687,13.989,36398.925,12787.198,3221.699,23466.826,18773.461,10961.559,234.778,2352.114,0.000394,-0.011110
2761,92.0,4567,222,33,1739,2827,1,0,2169,341.79,1.002,1.132,0.536,0.104,0.269,-0.897,1.569,0.3297,2.7801,0.651,0.021,0.004,0.182,-0.121,79,48,277,0,185,0,145528.41,24533.598,49176.849,3.000,12982.769,14.266,36992.906,12921.050,3379.665,24004.070,19203.257,10939.774,190.439,2375.818,0.000310,-0.015659
2791,93.0,4640,215,33,1793,2846,1,0,2311,273.19,1.005,1.128,0.549,0.104,0.274,-0.899,1.566,0.3281,2.7929,0.654,0.021,0.004,0.182,-0.117,91,48,292,0,156,0,144983.30,25095.030,47201.032,2.619,13312.637,15.535,37703.949,13112.675,3561.835,25438.112,20350.490,10822.101,169.427,2386.183,0.000180,-0.014873
2821,94.0,4661,246,33,1849,2811,1,0,2334,304.56,1.003,1.118,0.564,0.104,0.281,-0.902,1.559,0.3285,2.7724,0.646,0.019,0.004,0.182,-0.113,94,49,279,0,184,0,143038.09,25336.514,46188.449,1.906,12913.375,15.355,38313.881,13207.727,3714.071,23606.701,18885.361,11008.311,189.931,2316.815,0.000208,-0.015143
2851,95.0,4660,210,32,1891,2768,1,0,2356,309.40,1.001,1.109,0.576,0.105,0.288,-0.904,1.556,0.3258,2.7660,0.655,0.019,0.004,0.181,-0.108,94,60,292,0,189,0,142095.38,25598.368,47061.628,2.375,13497.145,18.910,38361.350,13009.364,3706.040,24423.886,19539.109,11217.059,95.757,2330.743,0.000234,-0.015763
2881,96.0,4614,205,32,1918,2696,0,0,2353,288.98,0.999,1.102,0.592,0.107,0.296,-0.907,1.551,0.3265,2.7692,0.648,0.018,0.004,0.181,-0.103,86,48,309,0,203,0,139518.91,25683.169,45815.981,2.194,13055.588,18.185,38586.443,12860.354,3725.576,23227.345,18581.876,11781.181,140.789,2338.000,0.000179,-0.015562
2911,97.0,4533,189,32,1931,2602,0,0,2413,230.51,0.995,1.092,0.605,0.106,0.303,-0.909,1.546,0.3234,2.7723,0.653,0.018,0.002,0.180,-0.097,86,58,289,0,185,0,135372.05,25156.812,43144.616,1.657,13242.946,20.040,38228.862,12551.046,3822.380,20604.483,16483.587,11383.567,83.287,2259.908,0.000293,-0.014223
2941,98.0,4439,201,32,1944,2495,0,0,2343,345.29,0.990,1.077,0.621,0.108,0.312,-0.911,1.542,0.3241,2.7717,0.670,0.016,0.002,0.179,-0.091,103,45,304,0,207,0,131611.39,25063.622,42929.705,6.934,13355.258,23.148,37378.033,12182.020,3789.182,21088.056,16870.445,11546.577,225.817,2421.678,0.000216,-0.014346
2971,99.0,4300,192,32,1939,2361,0,0,2216,285.10,0.986,1.061,0.638,0.108,0.321,-0.912,1.535,0.3218,2.7356,0.677,0.013,0.005,0.179,-0.084,109,64,333,0,213,0,126093.71,24791.006,41689.768,1.658,14866.206,23.731,36685.595,11835.110,3683.126,21820.573,17456.459,12620.811,326.536,2484.816,0.000192,-0.015064
3001,100.0,4219,179,31,1923,2296,0,0,2128,339.69,0.988,1.055,0.652,0.109,0.326,-0.915,1.530,0.3230,2.7362,0.682,0.012,0.004,0.178,-0.080,98,44,286,0,180,0,122983.22,24353.714,40772.918,1.825,13394.299,23.432,35621.862,11246.757,3502.376,20162.375,16129.900,11331.756,324.475,2179.245,0.000267,-0.015670
3031,101.0,4134,184,31,1910,2223,1,0,2038,335.32,0.989,1.049,0.664,0.112,0.331,-0.918,1.529,0.3245,2.7314,0.696,0.013,0.003,0.177,-0.076,100,64,231,0,187,0,120147.34,23641.358,38019.847,1.261,13692.755,20.883,35097.944,11023.592,3339.117,18646.123,14916.899,9164.638,278.779,1865.046,0.000211,-0.015467
3061,102.0,4071,174,31,1867,2204,0,0,1977,337.38,0.999,1.055,0.671,0.114,0.330,-0.920,1.523,0.3260,2.7130,0.694,0.010,0.005,0.177,-0.075,114,48,233,0,188,0,116238.22,22678.130,37139.732,1.054,12942.648,24.031,35001.827,10898.680,3257.034,19385.750,15508.600,8749.169,123.278,1820.904,0.000210,-0.015716
3091,103.0,3960,172,31,1825,2135,0,0,1884,339.26,1.004,1.054,0.679,0.115,0.332,-0.922,1.521,0.3252,2.7051,0.691,0.010,0.005,0.176,-0.072,114,49,229,0,174,0,109618.35,21387.386,34819.429,1.061,11768.841,24.629,34531.471,10682.377,3112.249,16315.112,13052.090,9373.275,91.294,1774.059,0.000227,-0.016980
3121,104.0,3774,164,31,1769,2004,1,0,1810,393.68,1.003,1.044,0.688,0.116,0.338,-0.923,1.518,0.3244,2.6945,0.715,0.010,0.005,0.176,-0.069,101,82,220,0,174,0,101604.57,20338.263,31552.512,0.718,11059.777,27.087,33555.132,10226.627,2950.146,14015.959,11212.768,8485.345,319.117,1565.716,0.000227,-0.017009
3151,105.0,3556,173,31,1699,1857,0,0,1698,404.01,1.002,1.032,0.699,0.117,0.345,-0.925,1.514,0.3223,2.6591,0.728,0.010,0.005,0.175,-0.063,118,93,181,0,209,0,95318.18,19299.847,29294.303,0.655,10095.417,23.126,31808.586,9528.800,2807.185,12848.648,10278.919,6740.368,116.361,1310.167,0.000232,-0.014819
3181,106.0,3374,149,31,1613,1761,0,0,1587,382.32,1.006,1.030,0.703,0.119,0.346,-0.928,1.514,0.3208,2.6716,0.743,0.009,0.006,0.173,-0.060,76,79,168,1,187,0,90078.70,17963.067,29414.113,0.978,9590.156,22.002,30333.933,9037.253,2653.052,12340.304,9872.243,6618.930,149.256,1357.144,0.000142,-0.014492
3211,107.0,3210,137,31,1542,1668,0,0,1529,526.03,1.006,1.026,0.711,0.120,0.349,-0.930,1.513,0.3186,2.6599,0.749,0.008,0.005,0.173,-0.057,106,71,128,0,168,0,85652.59,16667.470,27364.006,0.542,7825.600,21.838,28897.229,8504.058,2530.837,9977.382,7981.905,5344.067,172.700,1013.774,0.000237,-0.013423
3241,108.0,3022,151,31,1473,1549,0,0,1363,346.42,1.003,1.018,0.718,0.119,0.355,-0.933,1.515,0.3180,2.6490,0.761,0.007,0.003,0.172,-0.054,94,70,145,0,153,0,78332.84,15469.071,23759.865,0.703,7167.687,24.040,27431.120,8041.198,2330.880,8785.902,7028.722,5924.923,31.400,1032.684,0.000290,-0.010226
3271,109.0,2892,116,31,1404,1488,0,0,1264,398.45,1.009,1.021,0.724,0.121,0.354,-0.934,1.518,0.3184,2.6744,0.776,0.006,0.002,0.172,-0.052,86,85,91,0,142,0,73945.12,14440.187,23385.908,0.503,6944.137,22.743,26047.449,7612.403,2111.585,9363.666,7490.933,3775.766,36.977,757.408,0.000188,-0.008671
3301,110.0,2738,120,28,1350,1388,0,0,1143,416.08,1.007,1.011,0.731,0.121,0.361,-0.935,1.514,0.3132,2.6499,0.787,0.006,0.002,0.172,-0.049,94,73,98,0,136,0,67033.64,13397.763,19848.158,0.536,6508.992,24.240,24957.181,7210.189,1946.554,7647.770,6118.216,3747.239,20.034,747.186,0.000163,-0.007618
3331,111.0,2547,143,28,1277,1270,0,0,995,462.61,1.002,1.001,0.740,0.121,0.367,-0.937,1.519,0.3115,2.6411,0.796,0.007,0.002,0.172,-0.046,88,80,97,0,135,0,60645.84,12312.403,19210.751,0.469,5318.754,25.501,23545.429,6716.333,1734.289,5924.611,4739.689,3923.395,12.259,794.802,0.000166,-0.006868
3361,112.0,2329,138,28,1197,1132,0,0,853,471.95,0.991,0.984,0.754,0.120,0.376,-0.937,1.524,0.3087,2.6423,0.807,0.007,0.000,0.171,-0.040,72,113,86,0,137,0,55255.70,11323.300,17532.307,0.532,4607.466,22.392,21730.862,6012.655,1502.738,5811.826,4649.461,3195.885,20.983,620.783,0.000163,-0.005764
3391,113.0,2172,145,28,1138,1034,0,0,751,418.61,0.986,0.971,0.761,0.120,0.384,-0.936,1.522,0.3027,2.6197,0.827,0.006,0.001,0.171,-0.037,70,95,70,0,104,0,50779.93,10380.179,16196.088,0.505,4167.251,25.811,19911.304,5427.494,1293.203,5534.638,4427.710,2734.759,11.041,567.822,0.000172,-0.003799
3421,114.0,2018,130,28,1064,954,0,0,628,547.33,0.983,0.968,0.769,0.119,0.388,-0.936,1.520,0.3008,2.6126,0.821,0.008,0.001,0.171,-0.035,84,100,54,0,107,0,46618.94,9432.777,14194.143,0.323,3485.283,24.263,18545.478,5003.637,1126.121,5278.557,4222.846,1647.988,12.581,396.720,0.000123,-0.002990
3451,115.0,1860,123,28,1000,860,0,0,518,530.51,0.975,0.952,0.777,0.118,0.395,-0.937,1.521,0.2972,2.6448,0.831,0.007,0.000,0.171,-0.031,81,100,57,0,94,0,43361.27,8568.856,14107.719,0.352,3301.566,29.445,16932.515,4552.663,916.303,4646.970,3717.576,2155.863,16.151,431.702,0.000131,-0.002014
3481,116.0,1734,139,28,959,775,0,0,431,453.97,0.960,0.934,0.789,0.116,0.407,-0.939,1.526,0.2912,2.6312,0.833,0.007,0.003,0.171,-0.025,103,84,55,0,66,0,39641.54,8049.730,12181.172,0.329,3117.799,27.440,15834.882,4191.460,772.366,3912.456,3129.965,1979.601,0.000,390.162,0.000122,-0.001427
3511,117.0,1603,146,28,900,703,0,0,349,494.46,0.954,0.925,0.796,0.113,0.412,-0.938,1.533,0.2897,2.6199,0.859,0.006,0.001,0.171,-0.021,86,91,57,0,68,0,36557.42,7533.926,11527.046,0.321,2943.693,31.073,14436.063,3772.171,623.525,4312.165,3449.732,2022.973,29.462,398.788,0.000126,0.000054
3541,118.0,1526,163,28,863,663,0,0,295,479.96,0.950,0.922,0.801,0.113,0.414,-0.939,1.536,0.2899,2.5955,0.846,0.007,0.000,0.172,-0.019,95,78,48,0,37,0,34421.94,6974.741,11065.912,0.303,2236.715,32.768,13498.523,3414.110,492.975,4314.137,3451.310,1606.124,0.000,301.876,0.000110,0.000131
3571,119.0,1419,147,28,817,602,0,0,236,506.10,0.940,0.910,0.809,0.109,0.421,-0.939,1.542,0.2878,2.6162,0.851,0.004,0.003,0.172,-0.015,65,88,42,0,45,0,32697.65,6634.223,10741.814,0.234,2265.302,32.610,12736.189,3210.511,416.410,3425.103,2740.083,1720.303,0.000,332.127,0.000094,-0.000055
3601,120.0,1348,156,28,775,573,0,0,197,575.83,0.943,0.913,0.815,0.110,0.422,-0.939,1.547,0.2834,2.6500,0.862,0.003,0.002,0.173,-0.014,61,81,36,0,25,0,31011.55,6236.003,9823.420,0.178,1967.375,27.880,12055.591,3022.992,324.120,3573.285,2858.628,1332.171,39.020,257.147,0.000094,-0.000306
3631,121.0,1306,176,28,743,563,0,0,165,547.20,0.952,0.923,0.813,0.110,0.418,-0.941,1.558,0.2839,2.6699,0.870,0.001,0.004,0.173,-0.016,69,71,35,0,14,0,30271.61,6019.868,10411.163,0.177,1975.401,27.068,11621.579,2881.809,265.463,3874.133,3099.307,1314.334,59.844,253.292,0.000134,-0.000743
3661,122.0,1271,153,28,717,554,0,0,131,493.99,0.956,0.930,0.815,0.112,0.416,-0.940,1.562,0.2824,2.7199,0.860,0.001,0.004,0.173,-0.015,80,75,29,1,17,0,30110.83,5867.529,10790.665,0.167,2144.411,24.167,11432.788,2904.521,218.439,4304.507,3443.606,1142.297,15.995,244.198,0.000117,-0.001195
3691,123.0,1254,159,28,698,556,0,0,100,465.89,0.969,0.947,0.815,0.116,0.411,-0.942,1.562,0.2788,2.6893,0.854,0.001,0.002,0.174,-0.018,55,62,32,0,14,0,29926.42,5765.154,11067.090,0.144,2199.809,27.578,11422.211,2925.572,167.249,4626.197,3700.958,1273.759,44.879,257.896,0.000090,-0.001057
3721,124.0,1240,178,28,674,566,0,0,75,472.57,0.990,0.968,0.817,0.120,0.404,-0.943,1.567,0.2790,2.6812,0.855,0.000,0.002,0.174,-0.020,82,65,32,0,10,0,30369.01,5723.301,11552.007,0.125,2173.731,25.057,11388.199,2936.052,128.918,4791.848,3833.479,1141.829,30.247,249.227,0.000110,-0.000610
3751,125.0,1249,198,27,660,589,0,0,59,439.14,1.011,0.995,0.812,0.124,0.393,-0.945,1.565,0.2771,2.6791,0.861,0.000,0.003,0.175,-0.029,60,62,24,0,9,0,31250.02,5779.180,12066.572,0.171,2140.916,23.352,11714.501,3035.297,94.629,5350.093,4280.075,842.888,10.924,196.655,0.000121,0.000076
3781,126.0,1246,222,27,644,602,0,0,54,351.32,1.026,1.015,0.811,0.127,0.386,-0.946,1.569,0.2788,2.7078,0.860,0.002,0.002,0.176,-0.033,74,63,32,0,7,0,31897.92,5874.694,12821.470,0.212,2063.943,25.650,12116.165,3207.777,78.789,5079.759,4063.807,1306.276,54.181,269.331,0.000079,-0.000059
3811,127.0,1252,248,27,627,625,0,0,47,375.42,1.045,1.040,0.806,0.130,0.375,-0.947,1.576,0.2748,2.7493,0.871,0.003,0.005,0.177,-0.040,70,68,41,0,1,0,34137.80,6009.836,14960.447,0.299,2096.481,26.960,12276.438,3287.939,68.067,5961.909,4769.527,1581.751,44.500,279.629,0.000085,0.000378
3841,128.0,1320,244,27,626,694,0,0,48,316.90,1.080,1.080,0.798,0.134,0.358,-0.946,1.576,0.2757,2.7319,0.848,0.002,0.006,0.177,-0.047,76,45,30,0,1,0,38187.26,6199.048,17198.040,0.077,2471.748,22.729,13025.033,3579.614,62.158,7430.266,5944.213,933.393,34.704,226.746,0.000134,-0.000159
3871,129.0,1393,196,27,611,782,0,0,37,324.66,1.118,1.136,0.791,0.140,0.334,-0.947,1.577,0.2780,2.7402,0.858,0.000,0.006,0.180,-0.059,66,53,47,0,7,0,41220.43,6416.422,19192.445,0.202,3214.288,21.674,14282.972,4036.405,57.283,9215.345,7372.276,1932.461,80.115,343.598,0.000143,-0.000024
3901,130.0,1446,215,27,614,832,0,0,37,311.39,1.137,1.160,0.791,0.145,0.325,-0.947,1.579,0.2747,2.7428,0.861,0.000,0.006,0.181,-0.061,54,53,49,0,4,0,43947.43,6767.729,19534.081,0.192,3001.639,19.179,15099.892,4307.085,47.095,8092.639,6474.112,1956.928,187.894,357.576,0.000157,-0.000147
3931,131.0,1507,232,27,607,900,0,0,35,309.93,1.163,1.194,0.793,0.148,0.311,-0.948,1.585,0.2770,2.7866,0.847,0.000,0.002,0.182,-0.069,53,66,50,1,4,0,47517.75,7053.019,21664.721,0.289,3076.477,20.217,16092.652,4636.768,46.422,9383.342,7506.674,2019.276,94.295,381.637,0.000129,-0.000666
3961,132.0,1608,234,27,603,1005,0,0,32,308.90,1.204,1.237,0.788,0.153,0.293,-0.949,1.587,0.2797,2.7571,0.844,0.000,0.003,0.184,-0.080,66,54,46,3,1,0,51767.93,7263.145,24290.779,0.256,3442.384,18.642,17695.573,5131.275,42.294,10753.970,8603.176,1821.613,95.666,366.778,0.000103,-0.000754
3991,133.0,1690,216,27,603,1087,0,0,26,264.94,1.230,1.267,0.787,0.157,0.280,-0.949,1.587,0.2727,2.7551,0.839,0.000,0.005,0.186,-0.085,62,57,75,2,6,0,54531.60,7592.446,26053.760,0.205,4204.148,20.638,19180.048,5690.155,33.449,11603.085,9282.468,2966.678,168.760,523.038,0.000235,-0.001384
4021,134.0,1757,206,27,602,1155,0,0,26,188.71,1.255,1.289,0.785,0.163,0.270,-0.950,1.589,0.2729,2.7776,0.834,0.000,0.002,0.186,-0.089,75,74,75,0,0,0,57796.63,7958.636,27927.436,0.280,4232.531,21.519,20601.452,6122.629,31.390,11319.165,9055.332,2965.812,124.594,511.609,0.000135,-0.001396
4051,135.0,1816,217,27,599,1217,0,0,26,207.53,1.275,1.307,0.784,0.163,0.262,-0.951,1.591,0.2750,2.7621,0.853,0.000,0.000,0.187,-0.094,50,81,78,0,0,0,60760.68,8305.209,28837.129,0.391,4749.415,18.699,21737.676,6505.718,34.524,11469.719,9175.775,3033.812,29.833,543.173,0.000166,-0.001755
4081,136.0,1919,213,27,606,1313,0,0,24,184.43,1.295,1.328,0.782,0.164,0.253,-0.951,1.596,0.2691,2.7495,0.829,0.000,0.001,0.188,-0.099,53,81,72,0,4,0,66208.02,8722.895,33148.404,0.344,4890.155,15.509,22990.025,6909.582,33.784,13482.912,10786.330,3144.168,98.902,551.261,0.000165,-0.001930
4111,137.0,2005,236,27,612,1393,0,0,22,167.99,1.312,1.342,0.784,0.167,0.245,-0.952,1.596,0.2658,2.7436,0.816,0.000,0.003,0.190,-0.101,51,81,91,0,5,0,70200.26,9105.146,33740.735,0.490,4768.303,17.508,24387.953,7415.781,31.413,13882.068,11105.655,3580.877,37.448,624.246,0.000139,-0.002625
4141,138.0,2107,217,27,615,1492,0,0,21,181.23,1.333,1.363,0.781,0.171,0.237,-0.952,1.599,0.2674,2.7411,0.835,0.000,0.005,0.191,-0.104,66,87,93,0,5,0,75006.65,9572.469,36970.755,0.644,5403.222,15.552,26043.623,8021.352,31.676,15292.448,12233.959,3829.746,92.838,659.756,0.000180,-0.003166
4171,139.0,2216,215,27,626,1590,0,0,18,177.99,1.349,1.379,0.787,0.174,0.231,-0.952,1.599,0.2655,2.7661,0.819,0.000,0.003,0.191,-0.106,59,97,114,0,5,0,78893.34,10074.209,39020.641,0.560,5556.744,16.575,27747.474,8588.647,25.369,17095.219,13676.175,4501.609,194.514,732.072,0.000180,-0.003376
4201,140.0,2295,218,27,629,1666,0,0,18,166.98,1.366,1.394,0.790,0.179,0.225,-0.953,1.601,0.2645,2.7319,0.819,0.000,0.002,0.192,-0.110,57,101,105,0,0,0,83258.45,10394.010,40053.332,0.455,6180.620,15.090,29394.394,9020.641,23.870,15120.435,12096.348,3759.377,149.656,710.652,0.000146,-0.003430
4231,141.0,2385,210,27,637,1748,0,0,23,199.98,1.379,1.408,0.792,0.182,0.220,-0.954,1.601,0.2671,2.7370,0.836,0.002,0.003,0.192,-0.113,56,131,107,1,1,0,88727.41,11018.251,43655.149,0.473,6354.287,14.323,30978.833,9626.328,24.212,17498.117,13998.494,4271.964,51.895,752.056,0.000206,-0.003111
4261,142.0,2496,212,27,645,1851,0,0,25,162.90,1.393,1.422,0.794,0.186,0.215,-0.954,1.605,0.2591,2.7489,0.819,0.000,0.003,0.192,-0.115,55,114,131,0,1,0,91244.78,11387.957,43890.472,0.417,7291.561,12.565,32714.683,10020.977,31.293,19028.724,15222.980,5174.280,125.937,888.565,0.000192,-0.002729
4291,143.0,2597,177,27,654,1943,0,0,27,164.40,1.404,1.433,0.794,0.189,0.211,-0.955,1.605,0.2588,2.7604,0.811,0.000,0.002,0.192,-0.116,61,125,137,0,6,0,94488.34,11715.335,47677.564,0.564,7341.944,14.125,34491.612,10622.519,32.288,19675.461,15740.369,5905.389,212.576,950.420,0.000207,-0.003072
4321,144.0,2661,178,27,662,1999,0,0,34,168.54,1.414,1.438,0.794,0.189,0.209,-0.956,1.608,0.2591,2.7397,0.802,0.000,0.003,0.193,-0.116,49,132,152,0,4,0,97754.81,12076.255,48836.838,0.523,7368.879,12.614,35442.075,10918.452,37.602,18906.581,15125.265,6274.320,196.294,997.095,0.000168,-0.002128
4351,145.0,2700,209,27,671,2029,0,0,40,155.10,1.421,1.437,0.795,0.190,0.209,-0.956,1.613,0.2593,2.7609,0.802,0.000,0.002,0.193,-0.115,54,156,152,0,1,0,98141.99,12523.994,46991.093,0.459,7470.719,14.656,36613.901,11282.047,43.575,18747.571,14998.057,6340.209,86.680,1012.442,0.000155,-0.002318
4381,146.0,2767,182,27,679,2088,0,0,44,191.19,1.430,1.444,0.796,0.190,0.206,-0.956,1.619,0.2609,2.7464,0.787,0.000,0.003,0.192,-0.115,47,138,154,0,7,0,101263.27,12770.949,50757.873,0.514,7754.050,15.012,37423.759,11713.949,54.171,19600.372,15680.298,6147.047,127.796,1021.261,0.000245,-0.002868
4411,147.0,2731,171,27,687,2044,0,0,52,191.86,1.429,1.437,0.802,0.189,0.210,-0.956,1.619,0.2586,2.7537,0.769,0.000,0.003,0.192,-0.112,58,170,215,1,3,0,99441.23,12919.878,49631.294,0.857,8007.319,14.817,38318.000,11884.703,62.392,19064.900,15251.920,8723.069,234.740,1338.178,0.000238,-0.003443
4441,148.0,2730,193,27,692,2038,0,0,67,166.29,1.431,1.434,0.805,0.190,0.212,-0.956,1.621,0.2559,2.7509,0.777,0.000,0.002,0.191,-0.112,49,183,195,1,3,0,99475.12,13181.398,50310.906,0.764,7609.978,15.738,37954.057,11690.682,73.171,20603.829,16483.064,8225.670,150.018,1244.806,0.000192,-0.004031
4471,149.0,2735,211,27,705,2030,0,0,71,175.40,1.431,1.433,0.811,0.190,0.215,-0.957,1.618,0.2541,2.7652,0.786,0.003,0.001,0.190,-0.111,46,158,180,1,9,0,102263.72,13605.290,51220.276,0.993,8197.918,15.751,37963.921,11582.959,89.285,19061.008,15248.807,7240.732,208.679,1140.187,0.000225,-0.004229
4501,150.0,2782,207,26,710,2072,0,0,79,187.20,1.436,1.438,0.817,0.192,0.213,-0.958,1.623,0.2554,2.7579,0.774,0.003,0.002,0.191,-0.111,56,176,180,0,9,0,104794.46,13743.365,52547.250,0.811,8738.257,14.314,38441.051,11683.030,100.465,22489.307,17991.446,7640.186,174.471,1223.618,0.000212,-0.004848
4531,151.0,2880,180,26,724,2156,0,0,75,187.49,1.446,1.443,0.821,0.195,0.211,-0.957,1.624,0.2519,2.7296,0.754,0.000,0.000,0.191,-0.114,50,143,152,0,13,0,106793.10,13638.689,52194.490,1.072,8644.087,14.909,39848.967,12030.369,98.712,21826.537,17461.229,6242.648,195.013,1054.594,0.000229,-0.005250
4561,152.0,2908,165,26,731,2177,0,0,81,181.45,1.453,1.441,0.821,0.196,0.210,-0.957,1.622,0.2552,2.7310,0.765,0.000,0.001,0.190,-0.114,50,166,158,0,9,0,108088.41,13580.001,53165.446,1.643,7824.244,14.591,40925.605,12418.585,101.526,19623.162,15698.530,6900.451,85.692,1095.295,0.000267,-0.005935
4591,153.0,2942,162,26,740,2202,0,0,85,212.96,1.460,1.441,0.823,0.197,0.211,-0.958,1.620,0.2493,2.7093,0.768,0.000,0.002,0.189,-0.114,60,148,157,0,4,0,108854.91,13694.155,52126.769,1.012,7736.260,15.521,41250.220,12541.827,106.700,18793.853,15035.083,6184.164,217.473,996.280,0.000169,-0.007222
4621,154.0,2922,163,26,744,2178,0,0,92,233.45,1.463,1.437,0.827,0.196,0.213,-0.958,1.621,0.2496,2.7189,0.755,0.000,0.003,0.189,-0.114,63,190,162,0,14,0,107802.72,13582.637,51638.566,0.714,7716.452,18.379,41946.558,12635.547,115.675,18843.903,15075.122,6469.656,309.373,1028.520,0.000160,-0.006782
4651,155.0,2894,175,26,751,2142,1,0,97,220.28,1.461,1.429,0.833,0.196,0.217,-0.958,1.624,0.2463,2.6982,0.760,0.000,0.003,0.189,-0.111,47,188,156,0,9,0,106063.36,13454.102,50601.557,0.773,7364.124,14.196,41744.781,12488.641,117.906,17669.606,14135.685,6689.047,196.826,1024.663,0.000223,-0.007296
4681,156.0,2844,174,26,760,2082,2,0,106,198.00,1.453,1.415,0.842,0.195,0.222,-0.958,1.618,0.2411,2.7056,0.765,0.003,0.002,0.189,-0.107,48,205,161,0,10,0,103724.23,13521.015,49367.630,1.018,7715.161,11.542,41320.071,12256.445,134.100,17793.065,14234.452,6739.556,164.788,1055.226,0.000215,-0.007194
4711,157.0,2799,157,26,774,2023,2,0,105,213.21,1.442,1.400,0.855,0.193,0.229,-0.958,1.616,0.2420,2.7053,0.760,0.001,0.005,0.188,-0.102,57,190,158,2,20,0,101315.80,13610.202,47511.158,1.042,7372.336,15.908,40253.341,11795.650,137.782,17401.487,13921.190,6720.985,103.719,1039.054,0.000252,-0.006919
4741,158.0,2748,169,26,785,1961,2,0,117,239.19,1.433,1.386,0.866,0.193,0.235,-0.958,1.621,0.2417,2.6954,0.741,0.003,0.005,0.188,-0.098,59,198,142,0,13,0,99235.59,13243.507,46553.514,1.333,7116.113,14.029,39382.119,11348.328,148.267,16313.226,13050.581,6484.583,223.270,1029.359,0.000234,-0.006005
4771,159.0,2663,179,26,781,1881,1,0,123,277.20,1.429,1.375,0.876,0.192,0.240,-0.959,1.624,0.2413,2.6931,0.732,0.003,0.004,0.187,-0.095,63,199,176,0,16,0,93567.38,12696.953,43689.608,1.770,6549.767,17.645,38369.552,11023.963,159.368,16764.023,13411.219,7795.750,202.929,1152.165,0.000270,-0.007260
4801,160.0,2576,181,25,784,1790,2,0,125,252.67,1.419,1.360,0.883,0.193,0.247,-0.960,1.627,0.2377,2.6905,0.755,0.005,0.003,0.186,-0.092,66,209,146,1,11,0,89803.28,12537.838,41959.835,1.399,6579.154,14.282,37199.165,10603.050,170.334,15309.565,12247.652,6186.766,83.515,958.427,0.000250,-0.007314
4831,161.0,2478,155,25,783,1694,1,0,132,225.93,1.408,1.342,0.892,0.192,0.255,-0.961,1.628,0.2375,2.6676,0.761,0.004,0.004,0.185,-0.088,51,189,164,0,12,0,87822.52,12580.313,43026.455,1.429,6538.278,14.220,35692.412,10164.638,171.407,14715.109,11772.088,7412.298,122.150,1083.037,0.000153,-0.008108
4861,162.0,2432,154,25,777,1654,1,0,137,319.91,1.410,1.337,0.899,0.192,0.258,-0.962,1.630,0.2379,2.6655,0.754,0.003,0.002,0.185,-0.087,71,154,141,3,13,0,85223.59,12004.475,40274.374,1.617,6671.084,17.977,34614.043,9826.259,181.978,14642.677,11714.142,6190.611,203.018,934.945,0.000164,-0.007423
4891,163.0,2340,167,25,765,1575,0,0,137,359.62,1.405,1.325,0.912,0.192,0.263,-0.963,1.633,0.2343,2.6577,0.751,0.003,0.003,0.185,-0.085,76,148,170,2,17,0,79910.15,11431.210,37237.516,1.847,5837.127,15.587,33595.102,9451.018,189.160,13352.967,10682.374,6905.136,173.250,999.764,0.000162,-0.006882
4921,164.0,2218,179,25,743,1475,0,0,123,296.49,1.400,1.315,0.921,0.192,0.269,-0.963,1.632,0.2352,2.6262,0.771,0.003,0.005,0.185,-0.081,68,167,168,0,17,0,74751.74,10812.085,35367.178,5.687,5609.979,16.002,32018.712,8705.939,178.977,12672.373,10137.898,6692.614,237.382,975.255,0.000281,-0.007939
4951,165.0,2077,170,23,723,1354,0,0,109,350.30,1.386,1.298,0.936,0.191,0.278,-0.961,1.636,0.2343,2.6333,0.775,0.004,0.003,0.184,-0.075,73,157,183,1,13,0,69108.76,10335.509,33096.904,1.417,4712.203,16.999,30186.296,8111.536,160.708,11881.540,9505.232,7079.603,175.537,986.827,0.000217,-0.009147
4981,166.0,1911,192,23,698,1213,0,0,100,328.14,1.368,1.275,0.954,0.191,0.290,-0.961,1.643,0.2298,2.6100,0.782,0.004,0.003,0.182,-0.067,70,162,164,1,13,0,63161.48,9689.671,29875.737,1.707,3960.657,15.951,27849.071,7293.981,144.204,9628.741,7702.993,7061.627,286.622,953.133,0.000150,-0.008559
5011,167.0,1810,177,23,687,1123,0,0,88,305.98,1.353,1.258,0.977,0.195,0.300,-0.960,1.641,0.2319,2.6003,0.804,0.004,0.002,0.181,-0.064,75,122,167,2,13,0,58256.04,9147.966,28981.397,1.883,4279.356,19.219,26066.279,6706.595,136.038,11190.444,8952.356,6644.825,240.808,1004.054,0.000145,-0.008319
5041,168.0,1682,159,23,664,1018,0,0,83,347.78,1.335,1.239,0.997,0.198,0.311,-0.959,1.642,0.2306,2.6372,0.822,0.003,0.007,0.180,-0.058,66,147,140,2,10,0,54145.17,8738.584,26344.800,1.368,4488.101,17.480,24262.998,6112.288,115.319,9476.429,7581.143,5776.698,132.291,900.745,0.000231,-0.007141
5071,169.0,1531,201,23,648,883,0,0,79,349.82,1.302,1.198,1.024,0.197,0.330,-0.957,1.646,0.2332,2.5618,0.819,0.003,0.007,0.176,-0.049,82,123,176,2,7,0,46756.62,8119.309,21956.726,2.048,3678.152,15.222,21918.022,5394.024,110.511,8629.048,6903.239,7195.034,122.002,1001.232,0.000203,-0.006288
5101,170.0,1406,181,22,615,791,0,0,68,374.54,1.281,1.179,1.046,0.200,0.340,-0.956,1.651,0.2288,2.5275,0.837,0.005,0.006,0.175,-0.044,76,117,145,3,7,0,42718.09,7504.898,21999.573,1.896,3057.817,17.948,20009.224,4820.549,100.601,8210.755,6568.604,6006.492,101.546,864.337,0.000129,-0.005418
5131,171.0,1330,177,22,588,742,0,0,61,372.48,1.272,1.170,1.066,0.201,0.344,-0.954,1.656,0.2329,2.4988,0.837,0.003,0.003,0.174,-0.042,64,94,117,3,3,0,39222.16,6857.049,19837.721,1.657,3092.264,18.150,18367.824,4312.078,83.940,7820.562,6256.450,4905.712,229.961,728.735,0.000131,-0.004460
5161,172.0,1244,203,22,558,686,0,0,56,400.07,1.259,1.161,1.097,0.210,0.349,-0.952,1.662,0.2302,2.4884,0.850,0.004,0.006,0.174,-0.037,60,78,120,2,9,0,34925.93,6330.377,17581.584,1.306,2496.206,19.617,17241.918,3967.192,72.798,6818.174,5454.539,4759.316,118.791,685.842,0.000088,-0.004895
5191,173.0,1120,166,22,515,605,0,0,43,426.05,1.244,1.142,1.122,0.214,0.357,-0.947,1.664,0.2288,2.4248,0.881,0.004,0.005,0.173,-0.033,59,99,108,1,9,0,31233.30,5864.007,16107.163,1.337,2334.099,22.109,15988.528,3526.242,63.378,5174.827,4139.861,4234.786,165.660,651.581,0.000101,-0.004783
5221,174.0,1013,196,22,484,529,0,0,34,453.97,1.219,1.118,1.146,0.219,0.370,-0.947,1.669,0.2241,2.3749,0.898,0.004,0.006,0.171,-0.027,67,84,102,2,4,0,27163.44,5400.997,13570.194,1.182,2017.096,25.097,14257.180,3000.483,47.149,4780.471,3824.377,4153.757,33.215,594.349,0.000099,-0.005653
5251,175.0,944,185,22,460,484,0,0,24,458.10,1.204,1.102,1.164,0.222,0.377,-0.946,1.668,0.2234,2.3974,0.889,0.002,0.004,0.170,-0.024,52,74,79,2,4,0,24449.24,4997.423,13389.352,1.120,1487.243,22.693,13217.905,2740.232,40.213,4922.104,3937.683,3419.168,220.442,479.720,0.000112,-0.006400
5281,176.0,871,229,22,419,452,0,0,20,720.98,1.214,1.110,1.188,0.230,0.374,-0.943,1.672,0.2170,2.3445,0.876,0.002,0.007,0.170,-0.026,62,85,53,8,2,0,23128.36,4476.889,11874.854,0.576,1376.359,18.637,12008.914,2419.392,24.739,4115.390,3292.312,2033.166,42.352,321.553,0.000115,-0.006183
5311,177.0,815,221,22,381,434,0,0,17,647.33,1.224,1.125,1.213,0.247,0.366,-0.939,1.687,0.2135,2.2951,0.897,0.003,0.000,0.171,-0.029,63,78,61,1,3,0,22110.35,4000.754,12011.072,0.791,1274.029,19.851,11188.997,2286.936,20.716,4689.008,3751.206,2211.135,42.551,342.493,0.000091,-0.006104
5341,178.0,779,215,22,353,426,0,0,14,521.53,1.239,1.149,1.223,0.257,0.356,-0.938,1.692,0.2110,2.2653,0.898,0.003,0.002,0.172,-0.034,54,61,54,1,1,0,20665.51,3634.710,11522.285,0.837,1220.334,20.836,10728.177,2158.557,17.699,4460.919,3568.736,2351.093,109.817,345.147,0.000124,-0.005081
5371,179.0,743,190,22,316,427,0,0,11,582.40,1.274,1.194,1.216,0.264,0.338,-0.939,1.714,0.2059,2.2782,0.895,0.000,0.007,0.173,-0.044,62,80,28,1,2,0,20532.88,3327.727,11289.033,0.203,1119.854,21.919,10531.272,2159.223,14.946,4109.486,3287.589,947.892,95.547,178.820,0.000116,-0.004377
5401,180.0,708,207,20,296,412,0,0,7,488.85,1.291,1.209,1.216,0.261,0.335,-0.943,1.726,0.2064,2.2657,0.889,0.000,0.007,0.173,-0.047,49,69,34,1,2,0,19505.83,3107.324,10591.896,0.384,962.083,21.357,10306.188,2116.294,12.191,3940.334,3152.268,1267.191,25.248,211.472,0.000075,-0.004282
5431,181.0,677,194,20,284,393,0,0,9,427.48,1.289,1.211,1.219,0.264,0.336,-0.944,1.729,0.2045,2.2896,0.892,0.000,0.005,0.173,-0.045,58,46,34,2,0,0,19120.07,2919.857,10668.294,0.397,782.042,20.842,9857.244,2005.733,11.464,2834.098,2267.278,1239.792,100.437,192.820,0.000072,-0.004063
5461,182.0,660,200,20,271,389,0,0,9,432.31,1.301,1.231,1.226,0.268,0.332,-0.943,1.730,0.1955,2.2996,0.874,0.000,0.003,0.174,-0.043,40,64,27,1,0,0,18731.96,2821.573,10529.062,0.407,817.861,17.909,9589.815,1951.841,13.010,4130.682,3304.546,1126.712,49.253,182.383,0.000085,-0.004197
5491,183.0,648,215,20,257,391,0,0,9,386.04,1.324,1.259,1.226,0.267,0.322,-0.947,1.740,0.1942,2.2630,0.887,0.000,0.003,0.175,-0.052,52,47,32,2,2,0,18685.84,2779.218,10906.452,0.333,830.890,18.724,9436.735,1940.298,12.127,3937.334,3149.868,1300.040,46.935,208.521,0.000117,-0.003782
5521,184.0,642,225,20,245,397,0,0,10,446.86,1.346,1.296,1.239,0.267,0.314,-0.949,1.747,0.1903,2.3454,0.876,0.000,0.008,0.175,-0.058,46,56,24,3,1,0,19849.45,2755.095,11900.692,0.318,969.296,18.745,9546.054,2050.775,11.180,4356.001,3484.801,738.476,134.132,140.681,0.000073,-0.003773
5551,185.0,654,248,19,233,421,0,0,7,439.94,1.383,1.347,1.252,0.269,0.298,-0.950,1.763,0.1850,2.3295,0.897,0.000,0.012,0.176,-0.067,40,47,22,0,2,0,21905.42,2729.218,13413.230,0.195,1006.672,17.342,9750.133,2161.441,11.588,4651.277,3721.022,936.815,111.977,184.453,0.000079,-0.003866
5581,186.0,687,219,19,225,462,0,0,8,422.22,1.417,1.399,1.262,0.275,0.278,-0.950,1.761,0.1869,2.3384,0.888,0.000,0.004,0.179,-0.081,45,35,26,2,0,0,23324.17,2746.740,14075.001,0.201,752.000,15.731,10546.964,2360.078,10.152,5400.481,4320.385,1115.144,120.868,169.892,0.000102,-0.003666
5611,187.0,716,213,19,217,499,0,0,8,354.41,1.442,1.446,1.262,0.283,0.260,-0.949,1.756,0.1879,2.3658,0.900,0.000,0.002,0.181,-0.093,34,54,28,1,1,0,25082.50,2795.746,15649.506,0.263,1001.376,16.269,11266.838,2556.634,12.714,6253.706,5002.965,1254.744,135.416,210.095,0.000084,-0.004740
5641,188.0,753,230,19,214,539,0,0,8,297.84,1.476,1.492,1.257,0.277,0.248,-0.953,1.757,0.1880,2.4270,0.902,0.000,0.004,0.179,-0.103,40,47,29,1,1,0,26777.00,2875.544,16243.302,0.183,1388.980,14.899,11872.714,2762.501,12.214,6506.042,5204.834,1162.874,105.268,207.753,0.000114,-0.005672
5671,189.0,821,206,19,211,610,0,0,8,263.05,1.523,1.561,1.242,0.272,0.231,-0.955,1.761,0.1848,2.4391,0.896,0.000,0.003,0.179,-0.115,60,47,19,0,0,0,30415.71,2984.233,19600.578,0.104,946.037,12.646,13108.561,3145.745,12.239,7725.109,6180.088,865.421,117.882,151.327,0.000078,-0.005649
5701,190.0,867,211,19,209,658,0,0,9,226.67,1.556,1.608,1.241,0.269,0.221,-0.960,1.766,0.1859,2.4660,0.874,0.000,0.002,0.177,-0.121,35,57,29,1,0,0,32622.69,3028.335,20369.737,0.166,1389.934,15.519,14567.378,3542.763,12.383,7658.670,6126.936,1217.160,110.191,209.653,0.000073,-0.005568
5731,191.0,919,188,19,207,712,0,0,11,213.43,1.579,1.646,1.239,0.269,0.211,-0.960,1.761,0.1885,2.4657,0.887,0.000,0.004,0.177,-0.128,42,57,31,2,0,0,36332.86,3141.623,23667.231,0.226,1347.787,15.183,15642.322,3949.385,14.654,8140.044,6512.035,1529.435,102.926,232.180,0.000111,-0.005007
5761,192.0,964,164,19,207,757,0,0,13,177.88,1.599,1.681,1.247,0.265,0.204,-0.963,1.761,0.1871,2.4695,0.887,0.000,0.003,0.176,-0.134,35,73,43,0,1,0,38741.30,3317.237,24302.988,0.378,1182.439,12.599,16784.600,4251.414,17.889,9310.353,7448.283,1781.365,243.914,270.911,0.000099,-0.004283
5791,193.0,1052,148,19,208,844,0,0,15,151.12,1.626,1.728,1.244,0.263,0.195,-0.963,1.761,0.1872,2.4955,0.881,0.000,0.004,0.176,-0.143,35,62,33,0,0,0,42824.58,3418.495,27408.198,0.216,1592.624,12.280,18332.949,4682.748,21.792,10495.550,8396.440,1289.385,62.185,255.461,0.000147,-0.004145
5821,194.0,1095,171,19,209,886,0,0,15,130.85,1.645,1.754,1.236,0.259,0.191,-0.964,1.761,0.1868,2.5242,0.869,0.000,0.003,0.177,-0.146,41,66,51,0,0,0,44794.62,3614.218,28081.796,0.272,1649.945,12.359,19900.125,5098.007,22.730,9276.939,7421.552,2283.333,220.776,345.884,0.000103,-0.003604
5851,195.0,1148,141,19,212,936,0,0,15,129.79,1.658,1.779,1.232,0.254,0.186,-0.965,1.759,0.1896,2.5338,0.870,0.005,0.003,0.176,-0.149,37,90,44,0,1,0,49904.35,3759.825,31920.664,0.288,1595.754,14.773,20713.870,5418.609,26.555,10876.564,8701.251,1773.854,167.723,295.126,0.000213,-0.003045
5881,196.0,1253,147,19,223,1030,0,0,14,147.29,1.671,1.803,1.235,0.253,0.183,-0.967,1.756,0.1921,2.5509,0.839,0.000,0.006,0.175,-0.152,45,69,36,0,2,0,54185.81,4002.597,33385.272,0.099,1822.535,10.784,22654.882,5944.518,25.518,12041.920,9633.536,1453.731,360.772,258.704,0.000172,-0.003898
5911,197.0,1345,120,19,224,1121,0,0,12,150.74,1.691,1.832,1.231,0.252,0.176,-0.968,1.763,0.1913,2.5407,0.839,0.004,0.004,0.175,-0.158,51,75,54,0,3,0,57678.82,4245.760,35973.915,0.213,2087.545,13.446,24585.248,6416.423,22.477,13010.167,10408.133,2480.724,252.218,367.754,0.000122,-0.003609
5941,198.0,1405,141,19,233,1172,0,0,12,190.10,1.697,1.843,1.230,0.249,0.176,-0.970,1.762,0.1907,2.5554,0.804,0.004,0.005,0.175,-0.160,37,109,56,0,2,0,61019.46,4412.374,37928.241,0.304,1933.743,12.897,26316.898,6917.989,21.898,12932.403,10345.923,2476.406,317.957,362.641,0.000176,-0.004079
5971,199.0,1459,131,19,243,1216,0,0,11,154.12,1.700,1.847,1.228,0.245,0.176,-0.971,1.763,0.1930,2.5527,0.785,0.000,0.004,0.175,-0.161,49,110,53,0,2,0,63662.71,4617.833,38413.925,0.347,2138.627,13.534,27416.954,7300.746,21.383,12540.934,10032.747,2578.712,172.282,390.597,0.000177,-0.004385
6001,200.0,1522,168,19,258,1264,0,0,11,172.62,1.697,1.845,1.234,0.242,0.178,-0.971,1.768,0.1913,2.5643,0.775,0.000,0.006,0.175,-0.161,52,123,76,0,1,0,67504.51,4930.735,41483.120,0.353,2348.253,11.800,28131.733,7608.744,17.242,14878.937,11903.150,3128.577,282.227,428.100,0.000210,-0.004872
6031,201.0,1629,141,19,270,1359,0,0,10,169.10,1.704,1.856,1.224,0.241,0.177,-0.971,1.775,0.1894,2.5834,0.747,0.000,0.002,0.174,-0.163,52,108,62,0,2,0,72170.73,5326.684,43997.395,0.268,2788.904,9.657,30101.936,8069.582,16.790,15943.963,12755.170,2727.598,117.023,436.402,0.000124,-0.004730
6061,202.0,1717,137,19,285,1432,0,0,12,152.12,1.708,1.861,1.221,0.239,0.177,-0.971,1.775,0.1883,2.5957,0.747,0.004,0.006,0.174,-0.163,54,118,73,0,1,0,76978.64,5634.120,46944.539,0.669,2449.484,11.839,32067.141,8637.926,17.056,16020.210,12816.168,3015.080,351.913,478.259,0.000206,-0.004237
6091,203.0,1800,139,19,302,1498,0,0,13,196.84,1.707,1.858,1.222,0.236,0.179,-0.971,1.771,0.1845,2.5929,0.737,0.003,0.002,0.174,-0.162,55,132,75,2,1,0,79352.90,5958.160,46875.657,0.194,2800.458,12.592,33766.585,9154.095,20.874,16616.204,13292.963,3399.233,267.791,527.937,0.000154,-0.003696
6121,204.0,1879,129,19,325,1554,0,0,13,175.92,1.704,1.852,1.223,0.232,0.182,-0.971,1.780,0.1852,2.6069,0.664,0.003,0.004,0.174,-0.163,55,145,70,0,3,0,83117.90,6131.503,49369.419,0.256,3143.442,13.234,35083.211,9529.628,22.554,16775.382,13420.306,3050.171,222.536,473.001,0.000274,-0.003492
6151,205.0,1967,153,19,339,1628,0,0,18,157.60,1.706,1.853,1.221,0.231,0.182,-0.971,1.793,0.1859,2.6108,0.654,0.003,0.002,0.174,-0.164,48,154,78,0,0,0,85572.06,6397.298,50443.496,0.447,3558.093,11.951,36494.998,9884.761,22.632,18337.472,14669.978,3434.735,339.673,542.787,0.000166,-0.003930
6181,206.0,2029,149,19,354,1675,0,0,17,187.94,1.705,1.849,1.225,0.232,0.183,-0.971,1.784,0.1857,2.5874,0.657,0.000,0.004,0.175,-0.162,61,168,89,0,2,0,87339.35,6661.518,52440.021,0.548,3239.631,12.713,38186.597,10366.162,27.748,18315.272,14652.218,4180.570,271.725,638.938,0.000204,-0.004522
6211,207.0,2076,142,19,379,1697,0,0,18,157.07,1.698,1.836,1.228,0.229,0.189,-0.971,1.796,0.1828,2.6189,0.619,0.000,0.004,0.174,-0.159,61,166,105,1,5,0,88498.77,6990.827,52824.476,0.511,3634.960,9.859,39017.404,10545.781,26.818,18295.097,14636.078,4498.939,229.985,678.448,0.000235,-0.005268
6241,208.0,2103,141,19,392,1711,0,0,22,156.70,1.695,1.827,1.227,0.230,0.192,-0.970,1.807,0.1814,2.6116,0.666,0.003,0.003,0.174,-0.158,70,193,98,0,1,0,88981.75,7350.296,52519.930,0.869,3638.829,10.846,39576.056,10646.221,32.497,18304.171,14643.337,4409.473,386.202,676.836,0.000212,-0.005077
6271,209.0,2104,159,19,403,1701,0,0,30,179.90,1.691,1.818,1.227,0.230,0.196,-0.971,1.807,0.1839,2.6396,0.668,0.007,0.005,0.174,-0.157,62,183,116,1,3,0,90001.68,7943.032,53335.065,0.739,4399.471,12.012,39922.865,10672.091,40.138,17464.574,13971.660,4905.939,465.195,759.761,0.000140,-0.006236
6301,210.0,2086,152,19,420,1665,1,0,32,174.05,1.677,1.798,1.234,0.234,0.204,-0.969,1.810,0.1826,2.5973,0.657,0.005,0.005,0.173,-0.153,65,185,157,0,4,0,89921.91,8309.897,54621.860,0.825,4376.577,11.007,39612.417,10591.970,49.723,18635.167,14908.134,7686.615,267.250,1077.338,0.000247,-0.007759
6331,211.0,2127,152,19,444,1683,0,0,31,188.52,1.668,1.785,1.242,0.235,0.209,-0.970,1.804,0.1843,2.5849,0.650,0.005,0.005,0.173,-0.151,78,178,127,1,9,0,91565.82,8667.447,53918.438,0.628,4563.523,11.297,39379.845,10360.874,49.840,20271.498,16217.199,5815.259,415.191,867.295,0.000258,-0.006649
6361,212.0,2168,144,19,467,1701,0,0,42,200.09,1.660,1.773,1.245,0.236,0.213,-0.970,1.797,0.1848,2.5907,0.646,0.000,0.004,0.173,-0.148,64,176,143,0,2,0,92511.07,9059.161,54793.888,0.657,5130.653,13.676,39998.656,10435.310,53.374,20574.441,16459.553,6731.951,626.048,948.226,0.000190,-0.007706
6391,213.0,2171,157,19,487,1684,0,0,41,183.26,1.650,1.753,1.254,0.240,0.219,-0.971,1.802,0.1870,2.5796,0.636,0.000,0.005,0.172,-0.143,70,166,160,1,6,0,90524.27,9155.287,51373.656,0.691,4885.677,9.716,40080.200,10346.472,59.465,19097.588,15278.071,6851.109,416.302,943.369,0.000192,-0.008324
6421,214.0,2117,152,19,512,1605,0,0,48,149.01,1.627,1.724,1.263,0.240,0.231,-0.970,1.790,0.1884,2.5823,0.658,0.004,0.004,0.171,-0.136,72,170,230,0,6,0,87588.31,9462.336,52831.503,0.771,5174.051,10.505,39767.231,10184.874,62.436,19853.621,15882.897,9480.355,478.778,1286.170,0.000171,-0.007849
6451,215.0,2057,141,19,530,1527,0,0,52,173.05,1.605,1.692,1.274,0.242,0.241,-0.971,1.785,0.1843,2.5668,0.656,0.002,0.007,0.170,-0.131,59,174,212,0,4,0,84762.61,9778.925,50186.293,0.629,6029.616,13.630,38126.440,9712.514,73.667,18605.517,14884.413,9476.050,392.480,1289.295,0.000204,-0.007638
6481,216.0,2023,118,19,554,1469,0,0,57,175.13,1.586,1.663,1.285,0.242,0.251,-0.970,1.781,0.1852,2.5827,0.651,0.002,0.004,0.169,-0.124,81,136,240,0,5,0,83245.11,9987.260,51751.558,0.668,6012.658,13.638,36652.635,9192.427,78.016,19692.504,15754.003,11544.166,308.325,1542.919,0.000161,-0.006939
6511,217.0,1958,161,19,568,1390,0,0,56,180.18,1.566,1.634,1.302,0.247,0.262,-0.970,1.782,0.1838,2.5541,0.646,0.005,0.008,0.169,-0.118,67,135,271,1,7,0,77823.90,10007.224,47789.618,0.763,5868.015,12.649,35329.610,8699.010,78.247,19884.894,15907.915,12917.077,541.310,1676.581,0.000237,-0.007578
6541,218.0,1816,156,19,566,1250,0,0,49,146.14,1.540,1.594,1.321,0.256,0.277,-0.969,1.777,0.1868,2.5339,0.670,0.004,0.006,0.168,-0.111,79,100,358,0,7,0,71046.45,9839.193,47991.544,0.656,6246.865,13.635,33316.016,8010.826,74.544,18721.185,14976.948,16912.831,412.489,2137.901,0.000159,-0.006950
6571,219.0,1661,186,19,571,1090,0,0,44,176.97,1.502,1.536,1.347,0.266,0.300,-0.967,1.775,0.1855,2.5227,0.688,0.002,0.005,0.166,-0.100,81,112,347,1,3,0,63417.96,9760.219,43731.703,1.119,5709.374,16.939,30474.790,7053.289,65.153,17730.433,14184.347,17255.973,582.188,2144.052,0.000116,-0.006550
6601,220.0,1562,178,19,567,995,0,0,49,195.45,1.482,1.509,1.377,0.272,0.313,-0.967,1.778,0.1877,2.5194,0.684,0.004,0.007,0.164,-0.093,80,86,316,2,4,0,60164.40,9685.227,42799.256,1.113,5709.371,14.834,27558.103,6151.772,64.812,17997.281,14397.825,15857.293,515.825,1991.891,0.000128,-0.006773
6631,221.0,1504,195,19,565,939,0,0,49,164.06,1.467,1.491,1.424,0.288,0.320,-0.967,1.777,0.1842,2.5169,0.694,0.004,0.007,0.165,-0.091,91,53,301,0,3,0,57982.07,9320.260,42070.121,1.130,4739.276,13.559,26729.289,5810.419,67.918,17402.598,13922.079,14971.837,667.830,1846.029,0.000142,-0.007686
6661,222.0,1455,174,19,566,889,0,0,47,170.94,1.454,1.471,1.462,0.288,0.329,-0.967,1.777,0.1856,2.4524,0.715,0.000,0.013,0.164,-0.085,105,52,275,0,5,0,54466.18,9156.368,38298.824,1.177,5040.808,17.736,25973.044,5555.121,69.724,16328.360,13062.688,13792.126,586.169,1730.404,0.000121,-0.007909
6691,223.0,1429,158,19,566,863,0,0,44,143.19,1.445,1.458,1.484,0.291,0.334,-0.968,1.785,0.1866,2.4253,0.720,0.002,0.009,0.163,-0.083,96,59,246,0,3,0,53080.88,9137.374,37524.838,0.827,5218.177,17.297,25192.313,5247.549,64.460,16228.665,12982.932,12311.122,391.989,1595.174,0.000155,-0.008043
6721,224.0,1390,190,19,564,826,0,0,38,110.99,1.435,1.444,1.517,0.299,0.341,-0.968,1.785,0.1854,2.4342,0.756,0.002,0.012,0.162,-0.079,84,50,247,0,4,0,50073.68,8931.885,35121.981,1.069,5491.707,16.046,24699.064,4996.580,59.479,15258.864,12207.092,12333.394,353.741,1568.099,0.000136,-0.008125
6751,225.0,1390,191,18,560,830,0,0,40,189.99,1.440,1.455,1.559,0.312,0.340,-0.968,1.793,0.1832,2.3538,0.750,0.004,0.005,0.162,-0.081,96,58,190,0,4,0,49040.64,8515.784,33352.422,0.599,5364.817,19.834,24803.644,4787.726,54.472,14669.575,11735.660,8720.854,452.635,1148.606,0.000161,-0.008531
6781,226.0,1352,178,18,553,799,0,0,35,140.88,1.436,1.447,1.592,0.321,0.345,-0.967,1.795,0.1859,2.3116,0.755,0.002,0.003,0.161,-0.079,82,59,183,0,5,0,46252.36,8211.091,31531.429,0.610,4575.981,16.753,24680.923,4670.550,50.432,12208.262,9766.610,9195.233,301.314,1191.300,0.000212,-0.009703
6811,227.0,1291,159,18,535,756,0,0,32,222.75,1.430,1.438,1.628,0.325,0.349,-0.968,1.798,0.1816,2.3220,0.767,0.000,0.001,0.160,-0.078,76,74,185,1,1,0,43021.82,7697.913,29882.720,0.611,4157.994,18.617,24025.276,4451.156,50.480,11724.754,9379.803,8656.663,162.266,1120.998,0.000150,-0.010523
6841,228.0,1223,140,18,513,710,0,0,26,233.65,1.425,1.437,1.654,0.333,0.353,-0.967,1.796,0.1831,2.3133,0.785,0.002,0.006,0.160,-0.076,79,84,141,0,6,0,40047.75,7214.931,27007.970,0.544,3848.493,18.276,22943.545,4122.250,42.299,9614.364,7691.491,7007.477,203.463,955.609,0.000161,-0.010996
6871,229.0,1164,134,18,498,666,0,0,23,238.57,1.414,1.425,1.673,0.339,0.360,-0.967,1.799,0.1843,2.2716,0.804,0.002,0.002,0.160,-0.074,76,77,114,0,3,0,36974.68,6768.115,23684.519,0.313,3251.497,23.198,22145.051,3895.866,36.708,7954.651,6363.721,4970.037,199.442,687.984,0.000092,-0.010895
6901,230.0,1092,119,17,477,615,0,0,22,308.39,1.402,1.409,1.674,0.333,0.367,-0.967,1.798,0.1844,2.3069,0.828,0.002,0.003,0.160,-0.071,71,95,80,1,1,0,34627.59,6351.388,21150.794,0.397,2822.190,20.448,20815.895,3605.995,31.819,6157.449,4925.959,3473.917,197.667,492.876,0.000127,-0.011327
6931,231.0,1062,109,17,465,597,0,0,21,251.85,1.400,1.407,1.688,0.328,0.368,-0.966,1.795,0.1840,2.2736,0.848,0.002,0.005,0.160,-0.069,75,69,68,2,0,0,33420.83,6074.074,21050.640,0.258,2265.366,22.177,19721.567,3360.748,29.651,6402.822,5122.257,3382.682,94.488,462.041,0.000164,-0.010702
6961,232.0,1019,127,17,453,566,0,0,20,270.97,1.395,1.399,1.692,0.329,0.372,-0.966,1.793,0.1810,2.2647,0.847,0.002,0.004,0.161,-0.067,63,83,65,1,0,0,30411.41,5700.692,18416.004,0.256,2581.243,16.971,19195.738,3205.773,29.830,6228.325,4982.660,2859.744,146.376,443.238,0.000100,-0.010364
6991,233.0,954,86,17,442,512,0,0,19,245.29,1.371,1.365,1.675,0.320,0.386,-0.965,1.794,0.1795,2.2668,0.837,0.000,0.002,0.160,-0.061,65,88,51,0,3,0,29040.31,5307.178,17725.144,0.203,2062.332,17.105,17827.866,2915.990,26.620,4461.547,3569.238,2328.234,55.292,357.316,0.000115,-0.011215
7021,234.0,898,95,17,425,473,0,0,15,311.63,1.359,1.345,1.666,0.317,0.394,-0.964,1.793,0.1827,2.2607,0.830,0.000,0.002,0.160,-0.057,64,81,43,0,4,0,25552.69,4876.929,14411.980,0.121,2104.248,21.248,16720.997,2709.865,24.656,4222.722,3378.178,2077.960,88.731,309.895,0.000162,-0.012758
7051,235.0,847,98,16,411,436,0,0,14,351.45,1.344,1.324,1.677,0.306,0.403,-0.963,1.797,0.1783,2.2793,0.859,0.000,0.000,0.159,-0.053,71,78,34,3,3,0,23176.85,4575.003,13497.328,0.056,1863.015,22.807,15319.289,2484.564,20.251,3924.434,3139.547,1458.194,144.608,236.435,0.000107,-0.012598
7081,236.0,790,100,16,394,396,0,0,12,332.08,1.326,1.301,1.650,0.298,0.413,-0.964,1.800,0.1791,2.2222,0.868,0.000,0.000,0.158,-0.049,61,87,28,1,2,0,21165.40,4320.842,12507.841,0.118,1613.589,26.289,14358.379,2322.021,18.172,3548.438,2838.750,1190.240,42.629,199.118,0.000084,-0.012611
7111,237.0,739,103,16,379,360,0,0,12,343.30,1.308,1.276,1.637,0.296,0.424,-0.963,1.809,0.1799,2.2533,0.866,0.000,0.000,0.158,-0.045,56,75,24,0,2,0,19980.22,4049.796,11931.888,0.089,1529.461,25.290,13188.139,2125.155,19.382,2913.283,2330.626,1079.152,4.516,167.952,0.000083,-0.011989
7141,238.0,704,112,16,374,330,0,0,13,278.10,1.286,1.236,1.623,0.284,0.437,-0.964,1.812,0.1775,2.2884,0.854,0.000,0.006,0.158,-0.037,63,56,38,0,1,0,18534.13,3839.641,11276.031,0.107,1071.373,19.076,12083.127,1885.402,19.835,3501.441,2801.153,1567.449,92.415,213.355,0.000083,-0.011620
7171,239.0,675,121,16,359,316,0,0,13,290.32,1.287,1.240,1.623,0.285,0.438,-0.963,1.818,0.1781,2.3021,0.862,0.000,0.003,0.158,-0.037,66,59,14,1,1,0,17946.41,3690.864,10522.199,0.080,1072.182,24.269,11638.938,1813.866,20.902,2719.034,2175.227,614.008,62.229,107.118,0.000088,-0.012023
7201,240.0,656,127,16,340,316,0,0,13,398.58,1.303,1.272,1.638,0.293,0.430,-0.961,1.827,0.1797,2.2409,0.864,0.000,0.000,0.159,-0.044,68,56,9,1,2,0,18012.79,3500.945,10568.611,0.037,920.617,29.263,11218.826,1708.455,21.755,2859.283,2287.426,357.450,47.355,77.518,0.000080,-0.012505
7231,241.0,654,112,16,327,327,0,0,14,439.10,1.324,1.314,1.656,0.302,0.418,-0.962,1.827,0.1773,2.2368,0.865,0.000,0.006,0.160,-0.051,55,55,11,1,2,0,18120.54,3362.033,11206.985,0.029,861.917,24.588,11342.805,1771.752,23.647,3835.476,3068.381,425.045,41.112,89.839,0.000069,-0.012342
7261,242.0,637,115,16,323,314,0,0,13,396.62,1.316,1.305,1.643,0.305,0.423,-0.964,1.827,0.1746,2.3551,0.871,0.000,0.010,0.160,-0.049,62,43,17,0,2,0,17684.35,3347.058,10821.209,0.043,888.504,21.715,11381.995,1820.912,21.799,2652.942,2122.354,640.289,100.574,108.342,0.000061,-0.012133
7291,243.0,645,114,16,319,326,0,0,12,331.94,1.332,1.331,1.648,0.313,0.416,-0.965,1.829,0.1739,2.3182,0.867,0.000,0.003,0.162,-0.054,68,51,6,0,2,0,17803.13,3359.117,11115.471,0.007,877.450,20.232,11279.837,1791.096,20.438,3931.813,3145.450,217.031,202.642,58.405,0.000070,-0.011925
7321,244.0,643,116,16,318,325,0,0,14,282.14,1.333,1.339,1.659,0.312,0.417,-0.965,1.825,0.1755,2.4105,0.852,0.000,0.006,0.161,-0.054,74,52,10,1,0,0,18025.56,3367.637,11580.356,0.013,953.706,22.227,11463.099,1827.849,23.112,3527.655,2822.124,501.844,115.456,88.688,0.000103,-0.010967
7351,245.0,643,134,16,311,332,0,0,12,303.77,1.348,1.362,1.664,0.314,0.410,-0.965,1.825,0.1782,2.3507,0.858,0.000,0.021,0.162,-0.059,51,51,14,1,1,0,19160.12,3386.329,12881.360,0.028,1081.922,24.698,11594.648,1868.075,21.748,3922.863,3138.291,586.842,176.288,100.982,0.000075,-0.011036
7381,246.0,667,148,16,312,355,0,0,8,288.99,1.367,1.393,1.673,0.319,0.400,-0.963,1.820,0.1734,2.2981,0.849,0.000,0.008,0.162,-0.064,58,48,11,0,1,0,20666.99,3522.625,13962.915,0.021,1233.569,22.644,11942.665,1939.739,16.990,4830.336,3864.269,526.656,481.922,104.649,0.000057,-0.010736
7411,247.0,691,158,16,303,388,0,0,4,300.17,1.405,1.449,1.693,0.333,0.380,-0.962,1.826,0.1766,2.3609,0.860,0.000,0.008,0.165,-0.074,63,46,17,2,3,0,22533.91,3627.668,15327.706,0.037,1011.490,23.409,12819.402,2164.961,10.193,5435.844,4348.675,737.244,145.738,123.793,0.000104,-0.010734
7441,248.0,717,156,16,303,414,0,0,6,243.84,1.423,1.482,1.716,0.346,0.369,-0.961,1.824,0.1781,2.3444,0.859,0.000,0.005,0.165,-0.082,57,48,19,0,0,0,24424.10,3713.186,16166.597,0.092,1243.149,16.446,13582.106,2313.373,8.078,5431.445,4345.156,723.510,128.159,148.163,0.000103,-0.011058
7471,249.0,771,161,16,302,469,0,0,4,244.16,1.461,1.548,1.745,0.363,0.349,-0.957,1.821,0.1778,2.3875,0.842,0.000,0.006,0.166,-0.091,53,36,20,0,2,0,26642.92,3857.233,18332.168,0.036,1421.175,18.739,14861.881,2532.637,8.828,6537.120,5229.696,875.733,218.181,165.932,0.000107,-0.011040
7501,250.0,841,150,16,301,540,0,0,4,209.46,1.501,1.618,1.768,0.380,0.326,-0.958,1.822,0.1758,2.3915,0.864,0.000,0.006,0.168,-0.102,64,42,20,0,1,0,29784.72,4027.708,21296.740,0.096,1740.251,20.698,16499.142,2851.187,5.990,7739.713,6191.770,873.267,214.300,190.921,0.000119,-0.010412
7531,251.0,872,150,16,298,574,0,0,1,202.71,1.523,1.648,1.778,0.390,0.315,-0.957,1.823,0.1786,2.4183,0.864,0.003,0.002,0.170,-0.108,55,57,29,0,1,0,31830.79,4235.341,22484.558,0.153,1769.498,16.179,18213.138,3208.881,2.939,6924.505,5539.604,1441.062,181.308,241.753,0.000113,-0.009774
7561,252.0,925,133,16,299,626,0,0,3,158.43,1.547,1.687,1.791,0.391,0.301,-0.958,1.824,0.1833,2.3668,0.858,0.003,0.005,0.170,-0.114,46,59,43,0,0,0,34747.94,4462.812,25422.863,0.160,2074.787,16.641,19198.992,3448.236,1.907,9071.026,7256.821,1949.104,244.934,311.310,0.000137,-0.009381
7591,253.0,980,140,16,299,681,0,0,4,137.88,1.569,1.727,1.808,0.404,0.288,-0.958,1.827,0.1777,2.4105,0.846,0.000,0.009,0.172,-0.121,61,62,33,0,0,0,36701.23,4659.935,26032.966,0.033,2256.285,15.787,20854.398,3757.524,4.941,8806.289,7045.031,1648.971,419.875,292.672,0.000224,-0.009020
7621,254.0,1007,150,16,300,707,0,0,3,137.64,1.579,1.741,1.818,0.421,0.283,-0.958,1.825,0.1793,2.3724,0.842,0.000,0.007,0.172,-0.123,54,76,49,0,1,0,39012.21,4836.302,28426.317,0.117,1904.805,18.034,22053.700,3976.941,5.984,8958.657,7166.925,2423.307,349.085,351.009,0.000104,-0.009353
7651,255.0,1027,159,16,302,725,0,0,4,134.99,1.585,1.750,1.828,0.419,0.280,-0.956,1.827,0.1784,2.3927,0.820,0.000,0.010,0.173,-0.124,61,74,76,0,0,0,39565.46,5030.549,28674.534,0.207,2312.662,19.329,22622.324,4086.017,5.144,9989.028,7991.223,3555.549,366.159,519.037,0.000138,-0.009181
7681,256.0,1074,175,16,301,773,0,0,4,160.76,1.603,1.780,1.849,0.427,0.270,-0.956,1.829,0.1767,2.4049,0.818,0.000,0.009,0.175,-0.128,46,81,63,0,3,0,42663.53,5186.319,32200.137,0.159,2752.602,20.077,23772.710,4340.858,6.387,11408.710,9126.968,2874.166,559.290,453.397,0.000193,-0.009856
7711,257.0,1143,163,16,304,839,0,0,6,142.78,1.620,1.812,1.870,0.430,0.261,-0.956,1.826,0.1765,2.3739,0.825,0.000,0.007,0.175,-0.134,52,68,73,0,0,0,46650.79,5499.173,35876.836,0.184,2919.437,18.309,25515.015,4647.244,7.767,12257.715,9806.172,3675.291,538.938,553.131,0.000161,-0.010943
7741,258.0,1230,181,16,304,926,0,0,5,145.60,1.643,1.853,1.892,0.444,0.247,-0.957,1.825,0.1769,2.4328,0.823,0.000,0.011,0.176,-0.142,56,73,66,1,1,0,50647.14,5800.923,37799.846,0.149,2936.892,17.455,27922.221,5096.683,9.609,13447.983,10758.386,2989.462,400.681,496.321,0.000172,-0.010864
7771,259.0,1296,167,16,304,992,0,0,7,152.90,1.659,1.876,1.913,0.449,0.237,-0.957,1.827,0.1782,2.3734,0.816,0.000,0.007,0.177,-0.146,70,89,84,0,1,0,52746.14,6022.747,39810.518,0.260,3347.151,18.513,29906.518,5431.358,8.370,14122.572,11298.058,4242.715,696.018,625.023,0.000130,-0.011150
7801,260.0,1370,152,16,307,1063,0,0,11,131.05,1.671,1.898,1.932,0.454,0.230,-0.956,1.831,0.1801,2.3572,0.812,0.000,0.010,0.177,-0.151,61,116,55,0,0,0,57242.34,6228.510,42376.537,0.169,3555.741,18.843,31953.700,5885.999,14.272,14394.214,11515.372,2449.348,469.373,457.492,0.000184,-0.010397
7831,261.0,1443,169,16,310,1133,0,0,10,120.49,1.681,1.916,1.952,0.456,0.224,-0.956,1.828,0.1786,2.3538,0.820,0.000,0.009,0.178,-0.155,43,114,68,0,1,0,59979.50,6551.648,43301.909,0.252,3940.119,17.945,33985.422,6249.906,17.185,15011.579,12009.263,3018.273,302.176,541.371,0.000217,-0.009510
7861,262.0,1469,156,16,310,1158,0,1,9,120.79,1.687,1.921,1.953,0.459,0.221,-0.954,1.829,0.1780,2.3703,0.826,0.000,0.009,0.180,-0.155,45,136,96,0,3,0,60905.49,6801.443,45368.366,0.307,3702.979,15.566,35924.024,6560.759,14.742,15348.404,12278.723,4383.978,605.593,685.341,0.000174,-0.008699
7891,263.0,1494,162,16,312,1181,0,1,10,134.27,1.691,1.925,1.962,0.452,0.219,-0.956,1.828,0.1788,2.3799,0.832,0.000,0.008,0.181,-0.156,59,138,87,0,1,0,62065.86,7023.167,44548.879,0.499,4147.993,17.275,36046.469,6546.178,16.181,14733.205,11786.564,3804.447,409.012,643.254,0.000143,-0.007532
7921,264.0,1549,170,16,314,1235,0,0,11,133.03,1.699,1.942,1.969,0.454,0.215,-0.956,1.828,0.1781,2.3843,0.818,0.000,0.008,0.182,-0.159,51,141,80,0,2,0,64975.59,7232.391,48028.933,0.477,4290.099,18.473,37644.198,6943.135,15.875,16343.904,13075.123,3479.687,386.340,614.052,0.000249,-0.006424
7951,265.0,1609,173,16,317,1292,0,0,16,141.95,1.705,1.958,1.988,0.451,0.211,-0.956,1.830,0.1805,2.3942,0.787,0.000,0.007,0.182,-0.162,57,157,84,0,1,0,67084.18,7342.816,49606.513,0.446,4328.409,14.752,39067.549,7290.709,21.664,17699.336,14159.469,3807.749,470.365,643.287,0.000135,-0.005518
7981,266.0,1700,158,16,319,1381,0,0,18,145.04,1.715,1.978,2.000,0.456,0.204,-0.955,1.830,0.1783,2.4139,0.808,0.000,0.012,0.183,-0.166,57,128,67,0,5,0,71749.48,7451.767,53613.049,0.298,4641.742,18.113,41049.331,7631.340,26.502,17083.901,13667.121,3099.745,599.598,576.511,0.000144,-0.004446
8011,267.0,1721,154,16,323,1398,0,0,17,144.87,1.716,1.976,2.001,0.460,0.204,-0.956,1.827,0.1806,2.3916,0.793,0.000,0.005,0.182,-0.166,55,171,112,0,1,0,71358.59,7664.280,53241.298,0.385,4365.003,16.841,43152.160,7956.587,27.556,17917.143,14333.714,5199.980,574.123,803.024,0.000220,-0.003565
8041,268.0,1700,164,16,328,1372,0,0,18,137.21,1.709,1.966,1.998,0.457,0.208,-0.955,1.831,0.1790,2.3856,0.776,0.003,0.005,0.182,-0.164,70,183,109,0,3,0,69395.82,7775.121,50457.311,0.354,4700.287,19.134,43078.033,7950.932,25.753,15966.374,12773.099,4885.584,315.185,746.797,0.000183,-0.003445
8071,269.0,1730,156,16,328,1402,0,0,25,130.03,1.713,1.976,1.995,0.463,0.205,-0.955,1.831,0.1795,2.3839,0.786,0.000,0.004,0.182,-0.165,52,188,71,0,2,0,71427.45,7844.016,52790.576,0.369,5257.627,18.353,42977.360,7938.473,31.277,17131.268,13705.014,3292.490,293.830,643.650,0.000205,-0.002924
8101,270.0,1719,163,16,329,1390,0,0,21,139.88,1.712,1.976,1.997,0.468,0.206,-0.955,1.834,0.1793,2.4249,0.796,0.000,0.006,0.182,-0.165,58,188,98,0,7,0,71645.19,7995.062,52614.897,0.373,4724.416,17.302,43459.130,8082.372,33.859,16594.690,13275.752,4201.448,588.754,708.094,0.000181,-0.003769
8131,271.0,1772,161,16,330,1442,0,0,26,149.98,1.719,1.987,2.000,0.469,0.203,-0.954,1.833,0.1793,2.4043,0.805,0.000,0.008,0.182,-0.167,68,160,83,0,2,0,72800.88,7981.808,53803.302,0.203,5055.898,16.681,44022.867,8165.400,38.109,17563.756,14051.005,3538.555,705.287,646.647,0.000186,-0.003687
8161,272.0,1786,178,16,330,1456,0,0,25,136.71,1.721,1.994,2.007,0.477,0.202,-0.954,1.833,0.1790,2.4273,0.805,0.000,0.008,0.182,-0.167,59,190,84,0,7,0,73378.64,8031.029,54628.326,0.255,4841.066,19.223,45046.407,8346.016,42.656,17416.499,13933.200,4049.612,405.475,708.385,0.000124,-0.004359
8191,273.0,1754,137,16,333,1421,0,0,28,149.26,1.714,1.985,2.006,0.476,0.206,-0.953,1.837,0.1797,2.4393,0.781,0.000,0.006,0.180,-0.167,61,204,87,0,2,0,71705.01,7942.525,51933.943,0.325,4921.181,17.623,45216.705,8376.714,40.538,15342.826,12274.261,3745.524,426.094,676.286,0.000180,-0.003570
8221,274.0,1709,157,16,329,1380,0,0,29,182.54,1.712,1.986,2.007,0.478,0.208,-0.953,1.836,0.1814,2.4378,0.795,0.000,0.008,0.180,-0.165,48,209,87,0,5,0,70089.55,7918.671,50912.743,0.227,4722.918,15.892,44393.137,8202.662,41.968,15111.077,12088.861,3639.015,474.788,673.310,0.000243,-0.004699
8251,275.0,1638,178,16,328,1310,0,0,30,182.34,1.702,1.972,2.005,0.476,0.213,-0.954,1.838,0.1815,2.4227,0.788,0.003,0.005,0.180,-0.162,47,204,113,0,6,0,67677.64,7635.444,49522.816,0.795,4421.073,19.019,42446.438,7751.673,44.241,14821.265,11857.012,5048.568,528.344,787.451,0.000165,-0.004075
8281,276.0,1649,160,16,326,1323,0,0,33,210.22,1.705,1.977,2.010,0.479,0.210,-0.954,1.843,0.1805,2.3984,0.800,0.000,0.008,0.180,-0.165,54,168,98,0,2,0,67603.79,7503.068,51172.430,0.545,4532.271,17.365,41820.040,7677.241,44.461,16436.753,13149.403,4512.114,685.560,723.130,0.000177,-0.003951
8311,277.0,1605,144,16,324,1281,0,0,26,134.52,1.699,1.969,2.017,0.475,0.214,-0.954,1.844,0.1800,2.3616,0.801,0.000,0.005,0.179,-0.164,49,162,147,0,4,0,64543.19,7420.482,49321.732,0.796,4101.197,17.523,41338.296,7517.831,42.994,15879.410,12703.528,6558.565,220.317,949.724,0.000173,-0.003591
8341,278.0,1533,171,16,323,1210,0,0,27,209.48,1.689,1.951,2.019,0.480,0.219,-0.955,1.845,0.1845,2.3647,0.801,0.000,0.004,0.179,-0.162,44,184,122,2,4,0,61160.06,7242.729,45813.003,0.448,4091.888,16.246,39561.186,7059.450,43.315,14072.289,11257.832,5858.767,254.551,847.584,0.000110,-0.004070
8371,279.0,1451,149,16,319,1132,0,0,28,143.66,1.677,1.932,2.017,0.485,0.226,-0.956,1.845,0.1808,2.3799,0.786,0.000,0.007,0.178,-0.159,54,163,153,0,4,0,57204.44,6896.129,44453.584,0.763,4215.622,16.861,37695.143,6638.148,45.022,14078.047,11262.438,6726.989,433.335,951.848,0.000163,-0.003943
8401,280.0,1382,159,16,310,1072,0,0,27,180.68,1.672,1.923,2.032,0.483,0.230,-0.958,1.845,0.1801,2.3852,0.803,0.000,0.005,0.179,-0.158,41,143,135,0,3,0,55454.51,6638.787,44177.146,0.613,3424.066,18.193,35712.504,6223.141,42.411,12528.590,10022.872,6760.716,413.688,908.299,0.000148,-0.004770
8431,281.0,1381,135,16,311,1070,0,0,28,162.51,1.670,1.920,2.043,0.486,0.230,-0.959,1.850,0.1788,2.3475,0.802,0.000,0.004,0.180,-0.159,67,137,103,0,5,0,54354.47,6404.794,42583.894,0.566,3564.547,18.743,35286.292,6115.961,42.377,14299.320,11439.456,4800.281,286.297,698.216,0.000139,-0.005586
8461,282.0,1339,165,16,304,1035,0,0,32,201.07,1.669,1.913,2.043,0.480,0.232,-0.959,1.852,0.1790,2.3616,0.812,0.000,0.002,0.180,-0.158,54,143,109,1,3,0,51940.48,6150.270,40894.620,0.548,3306.713,17.620,34539.633,5951.924,45.419,12623.454,10098.763,5321.840,329.978,745.944,0.000136,-0.005935
8491,283.0,1254,128,16,297,957,0,0,22,236.12,1.657,1.894,2.045,0.481,0.239,-0.958,1.856,0.1774,2.3636,0.817,0.000,0.002,0.179,-0.156,52,150,116,1,10,0,47881.61,5908.448,37039.220,0.632,2939.056,19.602,33027.818,5601.417,41.079,11321.852,9057.482,5181.276,172.796,718.416,0.000133,-0.005297
8521,284.0,1165,165,16,295,870,0,0,18,152.47,1.636,1.863,2.035,0.467,0.251,-0.958,1.848,0.1818,2.3113,0.810,0.000,0.006,0.178,-0.149,46,145,96,0,4,0,44967.83,5548.387,34375.801,0.523,2707.459,18.512,30409.871,5138.944,30.003,9131.668,7305.335,4612.787,184.170,636.383,0.000161,-0.004459
8551,285.0,1138,142,16,287,851,0,0,19,240.36,1.638,1.868,2.045,0.468,0.249,-0.957,1.855,0.1820,2.3413,0.819,0.000,0.002,0.178,-0.151,59,116,76,0,2,0,43826.27,5319.773,33178.915,0.353,2666.352,18.973,28538.681,4770.442,29.006,9874.237,7899.390,3645.230,148.284,534.112,0.000120,-0.004820
8581,286.0,1120,154,16,281,839,0,0,15,242.55,1.639,1.876,2.047,0.470,0.248,-0.957,1.853,0.1813,2.3526,0.836,0.000,0.001,0.178,-0.152,53,110,61,0,2,0,41269.36,4996.990,30725.161,0.211,2357.088,19.765,28447.673,4668.793,24.758,9160.632,7328.506,2791.887,114.350,399.676,0.000161,-0.006431
8611,287.0,1049,138,16,276,773,0,0,14,222.20,1.622,1.855,2.034,0.453,0.257,-0.958,1.852,0.1812,2.3102,0.840,0.000,0.005,0.176,-0.147,44,126,62,0,1,0,38917.45,4751.371,29747.517,0.301,2220.716,20.906,27426.623,4528.767,20.716,6917.111,5533.689,2870.631,203.043,417.903,0.000197,-0.008002
8641,288.0,1003,114,16,273,730,0,0,12,228.29,1.609,1.836,2.024,0.446,0.264,-0.960,1.850,0.1819,2.2793,0.818,0.000,0.004,0.175,-0.145,39,119,53,0,2,0,36252.12,4463.848,26691.664,0.138,1823.090,22.424,25590.666,4142.643,17.499,7529.736,6023.789,2141.963,100.873,321.377,0.000125,-0.008558
8671,289.0,940,138,16,257,683,0,0,11,374.52,1.607,1.833,2.023,0.449,0.264,-0.960,1.839,0.1819,2.3372,0.828,0.000,0.006,0.176,-0.144,62,120,43,0,5,0,32942.62,4117.923,24490.049,0.141,1566.606,22.746,24229.552,3966.527,14.466,6177.695,4942.156,1951.298,235.157,285.077,0.000104,-0.009307
8701,290.0,868,117,16,243,625,0,0,6,351.51,1.598,1.818,2.009,0.452,0.269,-0.959,1.852,0.1847,2.2946,0.837,0.000,0.010,0.175,-0.143,47,120,34,0,3,0,30635.19,3746.904,22621.846,0.110,1628.728,22.083,22248.973,3609.448,12.800,4993.814,3995.051,1344.559,240.873,220.876,0.000093,-0.009756
8731,291.0,799,118,16,227,572,0,0,3,461.58,1.593,1.806,2.016,0.454,0.272,-0.959,1.839,0.1797,2.3628,0.850,0.000,0.002,0.174,-0.142,48,118,37,2,3,0,27685.73,3439.555,20019.985,0.112,1269.736,18.250,20297.935,3273.791,6.628,5370.291,4296.233,1467.503,76.922,212.271,0.000087,-0.010107
8761,292.0,715,108,16,206,509,0,0,3,555.07,1.587,1.800,2.004,0.452,0.276,-0.957,1.855,0.1782,2.2951,0.842,0.000,0.004,0.174,-0.141,54,123,30,0,0,0,25862.02,3050.864,19064.468,0.099,908.311,19.340,18533.716,2956.348,3.617,4044.082,3235.265,1381.296,52.451,202.896,0.000119,-0.010596
8791,293.0,673,125,16,191,482,0,0,4,485.68,1.589,1.811,2.004,0.457,0.273,-0.959,1.853,0.1794,2.3215,0.833,0.000,0.004,0.174,-0.144,47,95,20,0,0,0,24403.29,2636.622,17634.083,0.054,1081.687,19.292,16909.680,2705.440,4.745,4294.181,3435.344,993.772,93.582,163.442,0.000111,-0.011083
8821,294.0,627,91,16,170,457,0,0,3,550.18,1.606,1.841,2.019,0.465,0.265,-0.959,1.831,0.1821,2.3046,0.854,0.000,0.009,0.175,-0.151,33,89,30,1,1,0,22425.15,2350.553,17047.843,0.061,996.205,15.862,16209.776,2650.989,4.063,4421.097,3536.878,1342.374,92.721,192.450,0.000100,-0.010252
8851,295.0,569,122,16,157,412,0,0,5,517.39,1.600,1.827,2.010,0.482,0.268,-0.960,1.847,0.1805,2.2948,0.843,0.000,0.002,0.177,-0.149,40,90,17,0,0,0,19552.10,2067.820,13574.918,0.050,742.267,16.905,14724.514,2368.032,4.175,2901.197,2320.958,634.732,102.909,101.237,0.000133,-0.010046
8881,296.0,507,95,16,142,365,0,0,5,446.65,1.589,1.828,2.006,0.479,0.271,-0.960,1.853,0.1794,2.1923,0.854,0.000,0.011,0.178,-0.149,51,96,27,0,0,0,17859.09,1824.911,13640.601,0.069,499.132,16.591,13088.273,2109.469,6.404,3577.837,2862.270,1026.073,74.332,138.478,0.000068,-0.009789
8911,297.0,460,112,16,133,327,0,0,5,433.83,1.578,1.811,2.000,0.480,0.277,-0.962,1.854,0.1813,2.3077,0.855,0.000,0.009,0.179,-0.144,45,67,23,0,0,0,15553.37,1662.539,11358.273,0.083,434.658,17.722,11826.992,1899.161,6.404,2542.934,2034.347,873.408,92.074,119.988,0.000090,-0.009350
8941,298.0,403,140,16,124,279,0,0,3,358.91,1.553,1.772,1.970,0.456,0.290,-0.963,1.855,0.1787,2.3507,0.838,0.000,0.004,0.178,-0.141,40,80,25,0,1,0,13598.16,1519.341,10445.741,0.096,532.218,16.892,10342.355,1682.785,4.237,2883.856,2307.085,1082.026,85.471,146.737,0.000096,-0.009775
8971,299.0,395,128,16,117,278,0,0,1,387.39,1.567,1.796,1.965,0.450,0.281,-0.963,1.850,0.1767,2.2606,0.840,0.000,0.000,0.177,-0.145,42,52,7,0,1,0,13812.55,1379.880,11008.226,0.026,700.209,18.091,9463.051,1522.508,2.920,3074.162,2459.329,462.655,40.427,67.348,0.000053,-0.009809
9001,300.0,384,116,16,112,272,0,0,1,405.66,1.573,1.802,1.971,0.450,0.278,-0.965,1.857,0.1810,2.2910,0.835,0.000,0.015,0.178,-0.149,35,44,12,1,0,0,13694.90,1269.382,10669.918,0.025,334.325,16.362,9311.432,1479.654,1.082,2705.712,2164.570,564.154,84.618,74.901,0.000089,-0.009575
9031,301.0,386,119,16,105,281,0,0,1,438.33,1.593,1.852,1.994,0.441,0.262,-0.965,1.875,0.1792,2.2859,0.833,0.000,0.000,0.177,-0.155,37,43,10,0,1,0,13904.04,1183.807,11114.762,0.018,305.824,12.572,9310.266,1539.659,0.327,3290.398,2632.318,391.930,134.282,54.904,0.000082,-0.009064
9061,302.0,372,138,16,100,272,0,0,0,405.37,1.596,1.860,1.992,0.447,0.260,-0.966,1.874,0.1834,2.3066,0.837,0.000,0.004,0.177,-0.158,41,43,7,0,0,0,13706.73,1135.200,10114.731,0.010,232.720,14.850,9161.902,1484.470,0.165,2112.443,1689.954,285.009,52.789,40.423,0.000075,-0.008740
9091,303.0,377,146,16,96,281,0,0,0,383.48,1.607,1.892,2.017,0.472,0.250,-0.965,1.867,0.1854,2.3815,0.865,0.000,0.007,0.177,-0.164,39,46,6,0,0,0,14706.91,1104.203,11828.273,0.037,219.325,15.640,9244.616,1546.933,0.000,3326.293,2661.034,222.103,220.970,32.454,0.000074,-0.008687
9121,304.0,397,128,16,94,303,0,0,1,321.90,1.630,1.929,2.019,0.494,0.235,-0.966,1.863,0.1812,2.2256,0.845,0.000,0.003,0.177,-0.176,33,43,14,0,0,0,15529.52,1090.829,12578.268,0.056,288.836,13.195,9645.949,1640.887,0.073,4505.612,3604.490,506.993,85.804,65.712,0.000068,-0.008478
9151,305.0,409,125,15,92,317,0,0,1,297.23,1.642,1.952,2.045,0.512,0.228,-0.968,1.879,0.1848,2.3331,0.846,0.000,0.016,0.179,-0.176,47,25,22,1,0,0,15652.65,1082.327,12462.663,0.055,383.690,14.234,10036.541,1680.980,1.096,3491.898,2793.518,808.804,92.044,104.074,0.000099,-0.007313
9181,306.0,408,180,15,92,316,0,0,0,234.03,1.645,1.962,2.039,0.502,0.228,-0.968,1.876,0.1838,2.2990,0.853,0.000,0.009,0.179,-0.179,34,56,14,0,0,0,16275.99,1106.916,13138.968,0.077,282.933,10.609,10255.746,1730.678,0.256,4017.235,3213.788,563.640,195.949,72.907,0.000083,-0.006668
9211,307.0,452,164,15,93,359,0,0,0,211.43,1.670,2.016,2.059,0.504,0.213,-0.970,1.884,0.1806,2.3923,0.847,0.000,0.003,0.180,-0.188,37,32,13,0,0,0,19071.65,1173.601,16295.883,0.026,383.642,13.009,10851.561,1904.962,0.000,5192.807,4154.246,615.257,180.806,82.705,0.000129,-0.005447
9241,308.0,490,171,15,94,396,0,0,0,177.45,1.687,2.052,2.089,0.509,0.203,-0.969,1.882,0.1808,2.4011,0.825,0.000,0.008,0.181,-0.192,41,28,24,0,0,0,20143.08,1226.949,16788.502,0.059,500.832,12.397,12231.792,2179.207,0.000,5234.559,4187.647,1195.787,145.102,145.277,0.000105,-0.004998
9271,309.0,540,153,15,93,447,0,0,2,175.54,1.706,2.100,2.094,0.527,0.189,-0.967,1.867,0.1835,2.4272,0.828,0.000,0.009,0.183,-0.198,42,57,8,0,0,0,22306.96,1277.108,18851.659,0.014,511.009,12.441,13636.442,2502.771,0.229,6643.807,5315.046,323.394,119.520,53.784,0.000173,-0.005530
9301,310.0,586,170,15,94,492,0,0,2,175.28,1.720,2.132,2.110,0.528,0.180,-0.966,1.867,0.1886,2.4500,0.811,0.000,0.006,0.185,-0.202,34,54,18,0,1,0,24625.04,1322.534,20888.285,0.032,644.924,8.859,14708.438,2693.979,2.924,6908.235,5526.588,722.652,282.470,100.656,0.000086,-0.006135
9331,311.0,636,175,15,93,543,0,0,2,185.91,1.739,2.170,2.113,0.532,0.170,-0.966,1.869,0.1847,2.4166,0.801,0.000,0.004,0.187,-0.209,58,59,14,1,0,0,27304.96,1357.780,23030.538,0.075,640.172,13.586,16442.683,3031.639,3.065,7252.014,5801.611,551.871,141.121,87.700,0.000098,-0.005819
9361,312.0,678,173,15,93,585,0,0,3,149.35,1.751,2.197,2.109,0.528,0.164,-0.964,1.869,0.1869,2.4678,0.834,0.000,0.009,0.189,-0.214,45,63,25,0,0,0,30078.11,1430.226,25201.953,0.066,628.208,15.596,17673.077,3325.197,3.093,7604.539,6083.631,993.389,208.766,134.667,0.000121,-0.006452
9391,313.0,754,155,15,91,663,0,0,2,157.82,1.770,2.242,2.131,0.535,0.153,-0.966,1.881,0.1839,2.4524,0.827,0.000,0.009,0.191,-0.217,37,54,19,1,1,0,33020.50,1496.943,27629.760,0.065,747.322,11.045,19508.251,3679.765,3.629,8763.017,7010.414,802.745,321.460,115.924,0.000147,-0.005194
9421,314.0,791,148,15,92,699,0,0,1,142.77,1.777,2.252,2.134,0.542,0.149,-0.965,1.888,0.1900,2.4392,0.831,0.000,0.007,0.192,-0.219,51,86,30,0,1,0,34772.09,1579.616,28937.148,0.120,710.718,13.116,21219.698,4032.927,1.414,8982.289,7185.831,1306.178,240.815,167.807,0.000124,-0.006306
9451,315.0,817,167,15,92,725,0,0,1,112.36,1.784,2.263,2.136,0.548,0.146,-0.962,1.888,0.1901,2.4699,0.816,0.000,0.014,0.192,-0.223,49,91,44,0,0,0,35715.86,1672.386,30023.970,0.140,992.059,13.845,21982.215,4213.954,1.083,9424.852,7539.882,1951.645,463.233,255.623,0.000139,-0.005794
9481,316.0,852,181,15,92,760,0,0,2,150.38,1.789,2.275,2.136,0.552,0.142,-0.962,1.900,0.1885,2.5394,0.791,0.000,0.009,0.191,-0.225,52,104,42,1,0,0,38230.65,1697.991,32835.138,0.100,762.453,10.457,22897.313,4342.881,1.188,10608.204,8486.563,1934.828,467.331,253.253,0.000147,-0.006082
9511,317.0,898,152,15,92,806,0,0,2,119.77,1.795,2.289,2.151,0.556,0.137,-0.963,1.900,0.1881,2.4873,0.816,0.000,0.005,0.192,-0.224,40,88,60,0,1,0,40660.16,1832.498,35032.984,0.152,840.541,12.525,24310.135,4634.858,2.101,11409.623,9127.698,2594.466,283.546,329.097,0.000129,-0.005778
9541,318.0,963,163,15,94,869,0,0,2,119.68,1.799,2.303,2.156,0.559,0.134,-0.963,1.922,0.1936,2.4542,0.798,0.000,0.009,0.194,-0.227,55,106,38,0,0,0,44175.10,1929.504,37168.086,0.123,1007.508,12.317,25634.385,4914.056,3.047,12122.518,9698.014,1928.260,420.651,257.874,0.000115,-0.005104
9571,319.0,1024,175,15,96,928,0,0,3,123.51,1.804,2.313,2.160,0.546,0.132,-0.964,1.934,0.1929,2.4256,0.794,0.000,0.009,0.193,-0.228,50,111,36,0,0,0,47151.27,2033.011,38461.587,0.064,1321.176,13.614,27414.778,5228.623,3.144,12119.282,9695.426,1701.266,497.798,249.023,0.000117,-0.006064
9601,320.0,1107,171,15,97,1010,0,0,3,126.80,1.807,2.330,2.166,0.544,0.126,-0.963,1.928,0.1967,2.5299,0.802,0.000,0.005,0.195,-0.230,62,120,44,0,1,0,49748.32,2143.152,41236.511,0.105,1267.091,12.253,29790.268,5723.295,4.369,14413.585,11530.868,1690.637,449.994,241.440,0.000198,-0.006025
9631,321.0,1168,165,15,97,1071,0,0,5,151.99,1.810,2.344,2.184,0.543,0.124,-0.964,1.928,0.1965,2.4918,0.803,0.000,0.003,0.195,-0.229,52,116,60,1,0,0,52846.74,2235.945,44537.824,0.157,1454.503,14.303,31603.651,6169.898,4.444,13806.083,11044.866,2431.891,368.716,335.687,0.000139,-0.005504
9661,322.0,1229,172,15,96,1133,0,0,5,131.14,1.817,2.357,2.193,0.542,0.121,-0.963,1.932,0.1984,2.5124,0.786,0.000,0.003,0.195,-0.230,50,132,51,0,2,0,55659.72,2281.781,46788.645,0.118,1286.446,13.020,33851.903,6645.147,4.475,14375.790,11500.632,2308.079,266.488,306.316,0.000135,-0.006398
9691,323.0,1269,182,15,98,1171,0,0,12,116.75,1.819,2.360,2.183,0.539,0.121,-0.964,1.932,0.2031,2.5198,0.774,0.000,0.005,0.197,-0.230,46,169,47,0,0,0,58103.36,2260.310,48044.347,0.098,1555.220,12.069,35198.223,6900.597,8.076,14872.781,11898.225,2100.269,372.721,306.675,0.000165,-0.006417
9721,324.0,1331,148,15,99,1232,0,0,10,122.03,1.824,2.367,2.184,0.540,0.118,-0.963,1.922,0.2086,2.4495,0.789,0.000,0.006,0.198,-0.233,41,144,58,0,3,0,59378.84,2423.656,49085.639,0.173,1207.527,10.489,36697.308,7194.567,11.275,15542.647,12434.117,2654.588,199.204,368.515,0.000194,-0.005878
9751,325.0,1336,179,15,101,1235,0,0,10,137.96,1.821,2.368,2.184,0.542,0.119,-0.964,1.920,0.2080,2.5084,0.793,0.000,0.004,0.198,-0.232,57,191,62,0,2,0,60569.33,2531.917,50308.339,0.235,1869.248,13.593,37857.546,7391.058,9.464,15124.759,12099.807,2573.312,424.129,369.540,0.000170,-0.005335
9781,326.0,1387,162,15,101,1286,0,0,11,137.71,1.824,2.375,2.189,0.545,0.117,-0.962,1.920,0.2103,2.5349,0.793,0.000,0.006,0.197,-0.229,46,151,71,0,3,0,63270.05,2608.626,52939.867,0.182,1792.790,11.195,38369.942,7498.152,13.023,16130.024,12904.019,2971.561,354.104,415.169,0.000173,-0.005031
9811,327.0,1398,125,15,102,1296,0,0,6,125.65,1.827,2.373,2.188,0.543,0.116,-0.962,1.915,0.2022,2.5099,0.782,0.000,0.005,0.197,-0.230,48,170,90,0,6,0,63343.78,2607.827,53349.001,0.278,1579.055,13.853,39724.543,7796.378,13.506,16142.132,12913.706,4065.155,518.110,537.257,0.000134,-0.004914
9841,328.0,1388,171,15,102,1286,0,0,6,133.99,1.826,2.371,2.189,0.544,0.117,-0.961,1.915,0.2054,2.5182,0.804,0.000,0.005,0.197,-0.230,47,182,88,0,1,0,62590.59,2653.519,51609.798,0.459,1771.363,11.044,39739.725,7711.640,9.644,15258.284,12206.628,3697.949,293.371,512.978,0.000141,-0.005163
9871,329.0,1420,183,15,103,1317,0,0,6,136.95,1.827,2.371,2.193,0.533,0.118,-0.961,1.915,0.2098,2.4945,0.794,0.000,0.006,0.197,-0.229,47,165,70,0,3,0,63327.96,2769.322,52858.544,0.238,1861.766,13.960,40002.806,7760.717,8.694,15743.049,12594.439,3171.791,355.599,442.525,0.000151,-0.005857
9901,330.0,1442,172,15,103,1339,0,0,6,148.54,1.826,2.374,2.199,0.533,0.116,-0.960,1.915,0.2118,2.4806,0.802,0.000,0.006,0.198,-0.229,44,196,49,0,2,0,65686.57,2779.920,54435.148,0.176,1682.454,12.468,40851.026,7937.929,10.802,15652.226,12521.781,2245.786,349.822,330.824,0.000124,-0.006112
9931,331.0,1473,172,15,102,1371,0,0,4,149.43,1.830,2.381,2.204,0.532,0.115,-0.961,1.921,0.2095,2.5342,0.779,0.000,0.006,0.198,-0.230,62,189,75,0,2,0,66981.71,2731.820,56696.374,0.207,1855.518,12.859,42029.382,8178.435,7.736,17358.263,13886.611,3586.237,374.215,485.604,0.000197,-0.005003
9961,332.0,1507,149,15,102,1405,0,0,8,130.46,1.834,2.391,2.202,0.533,0.114,-0.961,1.921,0.2081,2.5060,0.787,0.000,0.004,0.198,-0.230,37,190,49,0,2,0,66829.66,2760.527,54271.311,0.083,1925.117,15.494,42981.328,8398.004,8.338,16080.705,12864.564,1954.139,313.736,312.289,0.000189,-0.005476
9991,333.0,1464,151,15,102,1362,0,0,9,137.19,1.832,2.389,2.196,0.526,0.117,-0.960,1.921,0.2075,2.5552,0.818,0.000,0.007,0.199,-0.229,45,230,54,0,2,0,65442.25,2797.817,52270.850,0.109,1679.996,14.029,42309.923,8218.424,13.322,14168.081,11334.465,2261.222,489.658,330.017,0.000182,-0.006085
10021,334.0,1437,166,15,103,1334,0,0,10,135.91,1.830,2.388,2.197,0.527,0.119,-0.959,1.926,0.2147,2.4917,0.800,0.000,0.004,0.199,-0.231,52,214,61,0,1,0,63846.94,2797.490,51348.839,0.162,1751.064,13.186,41498.702,8047.115,15.304,14545.695,11636.556,2617.902,266.055,387.582,0.000114,-0.006008
10051,335.0,1414,158,15,103,1311,0,0,9,163.51,1.828,2.385,2.195,0.535,0.119,-0.959,1.926,0.2143,2.4965,0.811,0.000,0.008,0.200,-0.232,48,224,66,0,3,0,63240.70,2749.676,52547.129,0.219,1804.087,11.473,40836.364,7931.303,15.472,15745.101,12596.081,2994.167,537.544,439.398,0.000133,-0.006103
10081,336.0,1396,146,15,103,1293,0,0,11,148.11,1.826,2.380,2.203,0.537,0.119,-0.960,1.926,0.2116,2.4792,0.786,0.000,0.006,0.200,-0.231,42,185,72,0,0,0,61690.91,2679.743,50528.233,0.179,1759.757,11.223,40225.322,7775.989,15.901,13961.947,11169.558,3110.635,395.543,442.166,0.000134,-0.004648
10111,337.0,1364,128,15,104,1260,0,0,8,181.65,1.826,2.374,2.196,0.545,0.119,-0.959,1.924,0.2103,2.4838,0.789,0.000,0.005,0.201,-0.232,39,194,69,0,4,0,59855.99,2589.266,48918.193,0.333,1598.477,13.995,39233.138,7591.912,14.280,13701.027,10960.822,3126.358,203.544,433.272,0.000161,-0.004463
10141,338.0,1302,154,15,104,1198,0,0,7,153.12,1.823,2.366,2.188,0.544,0.123,-0.961,1.924,0.2102,2.5154,0.806,0.000,0.004,0.202,-0.231,37,203,69,0,3,0,56896.03,2527.072,46104.994,0.398,1557.744,11.602,37792.000,7324.893,12.185,12482.471,9985.977,3046.731,492.874,427.251,0.000186,-0.004767
10171,339.0,1253,156,15,103,1150,0,0,7,202.27,1.824,2.361,2.188,0.546,0.125,-0.961,1.923,0.2118,2.4617,0.805,0.000,0.006,0.203,-0.231,45,194,84,2,0,0,55704.17,2488.660,46764.693,0.532,1436.267,15.482,36184.603,6961.243,11.384,13533.202,10826.561,3712.479,373.938,495.450,0.000153,-0.004591
10201,340.0,1226,158,15,106,1120,0,0,8,164.80,1.818,2.348,2.190,0.542,0.127,-0.961,1.926,0.2169,2.4965,0.798,0.000,0.007,0.202,-0.232,46,173,70,0,1,0,55290.72,2419.467,45261.870,0.410,1421.459,11.789,35001.463,6648.819,10.875,12623.285,10098.628,3181.327,308.421,419.633,0.000117,-0.004927
10231,341.0,1219,133,15,104,1115,0,0,6,174.29,1.818,2.349,2.190,0.534,0.126,-0.960,1.932,0.2097,2.4798,0.816,0.000,0.004,0.202,-0.234,52,151,56,1,2,0,52704.91,2273.366,41800.232,0.168,1339.885,13.050,35088.367,6576.060,8.998,11851.196,9480.957,1988.572,342.059,285.285,0.000128,-0.005247
10261,342.0,1161,127,15,101,1060,0,0,8,222.34,1.818,2.348,2.180,0.534,0.128,-0.960,1.928,0.2174,2.4467,0.804,0.000,0.001,0.202,-0.235,42,196,46,2,0,0,49309.77,2174.627,39547.078,0.130,1338.921,11.338,33982.288,6423.919,10.441,10900.381,8720.305,1961.739,287.107,271.401,0.000134,-0.004391
10291,343.0,1094,122,15,101,993,0,0,8,163.93,1.811,2.334,2.174,0.525,0.132,-0.961,1.928,0.2126,2.4527,0.802,0.000,0.005,0.202,-0.233,55,190,42,1,3,0,47339.35,2057.947,38227.002,0.133,1017.925,11.331,32055.384,6088.348,10.652,9870.163,7896.131,1628.452,266.933,231.709,0.000115,-0.004078
10321,344.0,1046,144,15,102,944,0,0,8,151.25,1.806,2.325,2.168,0.522,0.135,-0.963,1.935,0.2134,2.4537,0.819,0.000,0.006,0.201,-0.231,47,160,32,0,1,0,44095.22,2043.502,34464.152,0.054,1035.916,13.159,30484.047,5750.345,12.146,8480.081,6784.065,1402.024,206.682,200.575,0.000155,-0.003833
10351,345.0,977,124,15,103,874,0,0,7,195.20,1.796,2.312,2.157,0.510,0.141,-0.964,1.935,0.2137,2.4390,0.799,0.010,0.010,0.199,-0.227,51,171,48,1,3,0,41493.54,1971.586,33887.271,0.146,967.934,13.180,28661.706,5364.156,11.049,8978.907,7183.125,2073.903,277.475,276.611,0.000179,-0.003180
10381,346.0,936,116,15,99,837,0,0,6,267.70,1.792,2.313,2.146,0.515,0.143,-0.965,1.926,0.2166,2.4205,0.804,0.010,0.005,0.200,-0.229,38,154,35,3,0,0,39278.85,1856.422,31761.809,0.066,1131.520,12.261,26955.966,4989.850,11.168,8844.970,7075.976,1412.776,482.006,212.232,0.000110,-0.003558
10411,347.0,887,119,15,96,791,0,0,4,237.11,1.789,2.314,2.146,0.518,0.145,-0.964,1.920,0.2159,2.4549,0.786,0.010,0.006,0.200,-0.228,36,141,35,1,3,0,37011.89,1681.175,29976.694,0.092,984.820,9.750,25733.745,4737.076,6.516,7655.255,6124.204,1483.882,222.064,210.587,0.000127,-0.003737
10441,348.0,820,106,15,95,725,0,0,4,190.20,1.779,2.306,2.144,0.501,0.152,-0.964,1.924,0.2198,2.4181,0.805,0.000,0.010,0.198,-0.224,48,140,33,0,2,0,33844.51,1551.791,26753.960,0.077,827.767,10.583,23952.031,4390.108,3.983,6320.768,5056.614,1383.968,280.801,198.161,0.000107,-0.003741
10471,349.0,772,107,15,93,679,0,0,4,207.37,1.773,2.301,2.124,0.502,0.155,-0.964,1.928,0.2200,2.4663,0.807,0.000,0.013,0.198,-0.222,45,138,16,0,1,0,32601.63,1467.673,25588.670,0.090,762.245,13.462,22099.714,4031.442,5.334,6271.495,5017.196,613.040,187.227,108.253,0.000114,-0.002952
10501,350.0,735,115,15,91,644,0,0,2,223.79,1.769,2.294,2.118,0.504,0.158,-0.965,1.925,0.2162,2.3631,0.812,0.000,0.005,0.197,-0.220,38,111,17,0,2,0,30613.91,1384.584,23204.486,0.042,530.545,12.466,20785.074,3799.188,3.544,5444.102,4355.281,602.252,202.088,95.870,0.000106,-0.003168
10531,351.0,690,101,15,86,604,0,0,1,244.23,1.764,2.293,2.112,0.505,0.158,-0.964,1.911,0.2204,2.3958,0.814,0.000,0.008,0.198,-0.219,34,103,20,1,1,0,28438.36,1291.768,21708.065,0.075,460.734,11.315,19716.289,3551.348,2.452,4672.820,3738.256,777.373,88.135,105.293,0.000088,-0.004033
10561,352.0,634,102,15,80,554,0,0,1,313.55,1.760,2.290,2.107,0.499,0.160,-0.966,1.910,0.2271,2.3864,0.821,0.000,0.004,0.198,-0.219,42,118,12,3,0,0,25305.37,1126.352,18904.829,0.034,525.448,11.367,18295.572,3265.866,1.282,4509.904,3607.923,520.038,97.072,82.399,0.000134,-0.004512
10591,353.0,565,76,15,78,487,0,0,2,262.74,1.742,2.264,2.090,0.510,0.167,-0.967,1.906,0.2243,2.3636,0.798,0.000,0.002,0.194,-0.216,33,114,7,1,0,0,23737.58,1022.653,17802.951,0.016,412.139,11.108,16500.682,2936.932,1.368,3079.629,2463.703,260.696,26.268,51.539,0.000085,-0.004792
10621,354.0,527,96,15,69,458,0,0,2,340.54,1.750,2.289,2.086,0.508,0.161,-0.967,1.886,0.2424,2.3848,0.811,0.000,0.007,0.194,-0.216,27,90,10,1,0,0,21595.83,889.025,15786.507,0.025,399.614,12.250,14892.809,2674.708,2.569,3669.719,2935.775,342.941,114.504,55.832,0.000118,-0.004597
10651,355.0,489,77,15,65,424,0,0,3,360.58,1.748,2.288,2.068,0.499,0.163,-0.966,1.880,0.2432,2.3715,0.798,0.000,0.007,0.195,-0.216,28,83,8,0,0,0,20394.73,788.118,15302.170,0.022,286.424,12.214,13821.404,2463.027,2.636,3097.576,2478.061,296.331,35.585,52.910,0.000093,-0.004277
10681,356.0,456,93,15,61,395,0,0,3,307.90,1.742,2.289,2.062,0.508,0.164,-0.966,1.890,0.2500,2.4104,0.797,0.000,0.008,0.196,-0.215,36,74,14,2,1,0,17758.52,724.577,13049.932,0.028,296.826,10.932,12887.304,2275.450,3.216,3372.962,2698.370,440.706,65.250,64.234,0.000107,-0.003618
10711,357.0,423,91,15,57,366,0,0,3,333.67,1.739,2.288,2.041,0.507,0.165,-0.965,1.914,0.2582,2.4129,0.749,0.000,0.008,0.197,-0.215,29,80,5,0,0,0,17290.14,650.730,13607.157,0.002,240.576,13.756,11699.394,2093.936,4.196,2979.667,2383.733,213.550,85.642,33.608,0.000095,-0.004179
10741,358.0,394,93,15,54,340,0,0,3,315.98,1.735,2.284,2.036,0.505,0.164,-0.967,1.934,0.2543,2.4028,0.786,0.000,0.009,0.197,-0.213,29,67,8,0,0,0,15032.14,603.899,11285.596,0.169,313.897,9.097,11059.330,1969.324,4.196,2682.497,2145.997,406.602,114.456,57.260,0.000062,-0.004404
10771,359.0,361,92,15,54,307,0,0,2,263.90,1.718,2.260,2.007,0.511,0.174,-0.966,1.934,0.2575,2.3335,0.798,0.000,0.007,0.197,-0.213,28,70,11,0,1,0,13697.49,609.898,11150.616,0.137,231.984,8.453,10206.719,1826.714,4.838,2879.700,2303.760,389.628,34.333,57.132,0.000058,-0.003953
10801,360.0,322,112,15,51,271,0,0,1,261.11,1.707,2.243,1.982,0.498,0.180,-0.966,1.951,0.2548,2.4163,0.799,0.000,0.004,0.198,-0.210,21,68,8,1,1,0,12448.46,579.060,9745.577,0.152,186.849,8.707,9051.654,1610.171,1.589,2279.117,1823.293,366.742,37.559,50.284,0.000068,-0.003564
10831,361.0,319,114,15,50,269,0,0,2,254.22,1.708,2.252,1.969,0.497,0.179,-0.969,1.957,0.2592,2.3958,0.796,0.000,0.019,0.198,-0.211,25,41,5,0,0,0,12998.73,572.716,10833.831,0.061,135.889,9.897,8462.106,1547.512,1.248,2505.046,2004.037,231.472,80.692,32.299,0.000080,-0.002978
10861,362.0,321,105,15,50,271,0,0,1,245.41,1.705,2.252,1.970,0.489,0.182,-0.969,1.957,0.2585,2.4475,0.761,0.000,0.007,0.200,-0.213,22,47,5,0,1,0,13748.98,556.900,11153.276,0.066,243.431,9.533,8404.375,1569.764,2.096,3205.440,2564.352,257.773,47.907,36.983,0.000075,-0.002898
10891,363.0,331,138,15,49,282,0,0,0,242.33,1.719,2.271,1.985,0.504,0.172,-0.969,1.964,0.2585,2.4269,0.790,0.000,0.004,0.200,-0.217,29,33,5,0,1,0,14426.62,556.201,11041.765,0.009,294.771,7.857,8514.985,1585.035,0.633,2868.173,2294.539,180.846,33.792,31.410,0.000055,-0.002807
10921,364.0,368,167,15,50,318,0,0,0,250.41,1.738,2.310,1.999,0.492,0.162,-0.969,1.976,0.2533,2.4644,0.775,0.000,0.009,0.197,-0.220,41,30,4,0,0,0,15254.37,581.301,12410.411,0.026,185.336,12.108,9287.893,1751.360,0.000,4144.121,3315.297,176.916,90.738,28.258,0.000063,-0.002494
10951,365.0,394,140,14,49,345,0,0,0,244.56,1.744,2.325,2.008,0.497,0.156,-0.968,1.987,0.2563,2.5195,0.770,0.000,0.012,0.198,-0.222,28,40,12,1,0,0,17180.41,586.802,14829.325,0.025,248.184,10.560,9986.340,1904.003,0.000,4582.056,3665.645,482.604,135.890,64.869,0.000085,-0.001956
10981,366.0,409,134,14,49,360,0,0,0,216.08,1.746,2.343,2.021,0.481,0.152,-0.968,1.987,0.2574,2.4613,0.769,0.000,0.003,0.199,-0.222,32,50,8,0,0,0,18060.45,620.989,14438.137,0.049,224.517,6.020,10799.564,2049.460,0.000,4221.969,3377.575,314.178,126.235,45.302,0.000116,-0.001546
11011,367.0,434,119,14,50,384,0,0,0,209.39,1.745,2.361,2.028,0.483,0.148,-0.968,1.988,0.2703,2.5595,0.726,0.000,0.021,0.198,-0.223,40,51,4,0,0,0,19908.99,646.023,15946.068,0.011,327.518,10.783,11333.126,2165.957,0.000,4563.847,3651.078,89.387,207.487,34.838,0.000104,-0.001791
11041,368.0,476,156,14,50,426,0,0,0,171.05,1.759,2.389,2.039,0.492,0.144,-0.967,1.988,0.2667,2.5832,0.775,0.000,0.016,0.199,-0.227,38,53,5,0,0,0,21779.47,684.872,17479.010,0.048,337.374,9.207,12262.980,2373.598,0.000,5813.895,4651.116,237.931,215.319,40.837,0.000125,-0.001911
11071,369.0,507,142,14,50,457,0,0,0,165.20,1.764,2.406,2.049,0.492,0.140,-0.969,1.993,0.2752,2.6159,0.733,0.020,0.018,0.198,-0.230,32,56,11,0,0,0,23363.31,713.344,18673.975,0.018,344.481,6.887,13358.716,2598.053,0.000,5627.610,4502.088,485.921,166.697,68.589,0.000119,-0.001463
11101,370.0,558,138,14,50,508,0,0,0,148.39,1.774,2.437,2.073,0.492,0.137,-0.969,1.993,0.2804,2.5277,0.724,0.020,0.014,0.200,-0.236,42,56,14,0,0,0,25598.12,734.081,21461.278,0.022,341.725,8.004,14584.815,2881.282,0.000,6967.469,5573.975,646.755,363.885,90.347,0.000079,-0.001845
11131,371.0,607,110,14,50,557,0,0,0,169.93,1.785,2.465,2.084,0.482,0.135,-0.969,2.014,0.2833,2.6030,0.730,0.020,0.009,0.202,-0.241,40,59,10,1,0,0,28065.61,748.175,23274.586,0.015,467.361,8.362,16006.811,3188.626,0.000,6875.673,5500.538,438.161,470.368,76.182,0.000102,-0.000589
11161,372.0,659,141,14,50,609,0,0,2,149.85,1.789,2.487,2.090,0.470,0.133,-0.969,2.014,0.2835,2.6256,0.712,0.000,0.013,0.203,-0.245,43,73,12,0,0,0,30101.36,790.755,24677.282,0.040,515.113,6.979,17569.958,3478.687,0.207,7876.414,6301.131,400.280,331.461,76.452,0.000108,-0.000033
11191,373.0,712,135,14,50,662,0,0,3,127.93,1.797,2.500,2.098,0.471,0.129,-0.971,2.014,0.2876,2.6388,0.706,0.000,0.014,0.200,-0.247,47,74,16,0,0,0,33686.81,812.195,28488.618,0.023,326.862,8.461,19135.658,3844.948,3.190,8274.200,6619.360,603.990,388.057,84.709,0.000160,-0.000100
11221,374.0,771,142,14,51,720,0,0,3,144.94,1.801,2.517,2.106,0.462,0.129,-0.972,2.006,0.3128,2.6545,0.703,0.000,0.013,0.204,-0.252,45,65,25,1,0,0,35470.93,846.641,29484.736,0.064,501.428,7.109,21027.596,4215.209,4.380,8589.311,6871.449,1110.015,329.260,143.001,0.000174,0.000172
11251,375.0,802,173,14,51,751,0,0,1,128.14,1.805,2.519,2.118,0.460,0.129,-0.971,2.006,0.3091,2.6750,0.704,0.000,0.015,0.206,-0.252,43,111,22,0,2,0,37635.58,901.390,31394.895,0.102,632.521,7.079,22055.721,4422.317,2.319,9588.935,7671.148,1115.642,467.132,150.816,0.000115,-0.000517
11281,376.0,877,131,14,51,826,0,0,2,122.33,1.816,2.534,2.131,0.462,0.126,-0.972,2.006,0.3077,2.6036,0.719,0.000,0.012,0.205,-0.253,41,95,41,0,0,0,40773.63,900.416,35851.469,0.152,592.922,7.179,23626.111,4707.072,1.811,12230.772,9784.618,1921.612,676.338,234.885,0.000148,-0.000850
11311,377.0,922,155,14,52,870,0,0,2,140.92,1.818,2.531,2.131,0.475,0.125,-0.972,2.002,0.3194,2.6977,0.684,0.000,0.011,0.207,-0.256,52,108,41,0,1,0,41881.79,918.795,36124.148,0.175,532.914,8.438,25589.324,5110.335,3.000,11262.188,9009.751,1993.696,740.002,246.165,0.000134,-0.000358
11341,378.0,962,136,14,53,909,0,0,3,128.40,1.827,2.532,2.128,0.476,0.129,-0.970,2.012,0.3092,2.6134,0.672,0.000,0.012,0.208,-0.257,52,117,48,0,0,0,44559.40,917.948,38679.909,0.232,530.191,7.515,26500.441,5326.822,3.789,11889.950,9511.960,1964.827,505.358,241.252,0.000082,-0.000062
11371,379.0,1012,152,14,53,959,0,0,2,138.05,1.831,2.542,2.140,0.466,0.127,-0.970,2.028,0.3155,2.6762,0.679,0.000,0.009,0.207,-0.255,53,115,46,1,0,0,46803.44,929.321,40721.381,0.338,492.790,9.650,28261.748,5804.487,3.302,12244.407,9795.525,2108.781,524.322,255.481,0.000141,-0.001413
11401,380.0,1025,159,14,53,972,0,0,2,119.54,1.834,2.541,2.142,0.464,0.129,-0.969,2.028,0.3265,2.7189,0.680,0.000,0.009,0.207,-0.258,44,132,59,0,0,0,47577.91,1007.770,41142.781,0.312,659.125,6.708,29300.698,6020.188,3.079,11858.290,9486.632,2790.210,541.460,349.095,0.000131,-0.001090
11431,381.0,1053,175,14,54,999,0,0,1,124.47,1.837,2.543,2.152,0.470,0.129,-0.968,1.996,0.3512,2.6671,0.679,0.000,0.013,0.208,-0.258,40,133,86,0,1,0,49698.90,1035.964,44403.271,0.445,615.277,8.048,29625.341,5938.373,2.191,14425.908,11540.726,3772.898,640.936,453.771,0.000163,-0.000662
11461,382.0,1112,168,14,57,1055,0,0,0,116.32,1.838,2.551,2.165,0.467,0.129,-0.970,1.984,0.3538,2.6669,0.671,0.018,0.009,0.209,-0.257,44,115,85,0,1,0,51781.45,1071.536,46315.832,0.420,739.979,8.781,31165.335,6236.240,0.480,15054.745,12043.796,3934.161,487.715,470.358,0.000155,-0.000707
11491,383.0,1150,163,14,58,1092,0,0,0,129.05,1.839,2.561,2.177,0.472,0.129,-0.967,1.968,0.4145,2.6550,0.710,0.017,0.005,0.210,-0.257,40,128,92,0,0,0,53734.22,1107.988,48004.711,0.418,660.546,8.028,32601.011,6519.019,0.000,14968.952,11975.162,4130.900,421.249,494.378,0.000168,-0.000197
11521,384.0,1180,184,14,59,1121,0,0,0,133.24,1.838,2.560,2.172,0.477,0.129,-0.966,2.008,0.3996,2.6648,0.669,0.000,0.007,0.210,-0.257,52,145,87,0,0,0,54757.17,1173.711,48084.218,0.611,606.462,8.808,33595.800,6721.080,0.000,15132.632,12106.105,4056.395,352.596,483.198,0.000151,0.000134
11551,385.0,1205,171,14,63,1142,0,0,2,137.65,1.839,2.556,2.171,0.478,0.132,-0.967,2.020,0.3920,2.6631,0.622,0.016,0.009,0.210,-0.258,44,143,114,0,0,0,56598.44,1218.883,51546.713,0.607,714.049,10.274,34431.897,6915.446,0.203,16295.314,13036.251,5253.550,432.596,632.177,0.000151,0.000195
11581,386.0,1172,169,14,64,1108,0,0,2,126.57,1.838,2.546,2.177,0.464,0.135,-0.966,2.051,0.3395,2.6814,0.617,0.016,0.008,0.209,-0.258,50,153,176,0,1,0,55267.79,1285.314,51767.739,0.935,889.162,8.492,34471.334,6868.127,2.735,17205.230,13764.184,8251.572,372.573,977.251,0.000128,-0.000171
11611,387.0,1219,174,14,66,1153,0,0,3,110.83,1.840,2.546,2.188,0.464,0.134,-0.967,2.033,0.3938,2.6507,0.647,0.015,0.009,0.209,-0.259,51,141,125,0,0,0,57297.06,1365.455,52685.749,0.579,1012.306,7.355,34673.024,6900.705,3.510,18171.288,14537.030,5697.384,427.816,685.813,0.000153,-0.001147
11641,388.0,1206,168,14,67,1139,0,0,3,130.82,1.838,2.541,2.194,0.465,0.135,-0.967,2.049,0.3652,2.6837,0.658,0.015,0.009,0.208,-0.261,42,135,149,0,1,0,57387.52,1419.247,52488.529,0.803,1153.638,9.269,35206.286,7055.299,5.654,15785.790,12628.632,6999.391,568.883,825.455,0.000218,-0.000986
11671,389.0,1214,171,14,66,1148,0,0,2,136.49,1.841,2.541,2.202,0.469,0.133,-0.967,2.054,0.3767,2.6748,0.652,0.000,0.007,0.210,-0.260,45,130,156,1,0,0,58775.62,1458.643,54538.888,0.913,959.116,8.792,35043.078,6945.464,5.183,17181.405,13745.124,7514.674,776.545,889.115,0.000144,-0.001028
11701,390.0,1254,176,14,69,1185,0,0,1,120.24,1.841,2.541,2.218,0.450,0.134,-0.966,2.064,0.3649,2.6546,0.631,0.000,0.008,0.209,-0.259,42,131,138,0,2,0,59465.22,1478.169,53256.415,0.730,935.805,5.915,35769.772,7102.568,1.715,18057.871,14446.297,6331.683,464.820,763.583,0.000128,-0.000998
11731,391.0,1262,165,14,71,1191,0,0,4,116.75,1.840,2.540,2.224,0.444,0.134,-0.966,2.061,0.3685,2.6328,0.635,0.000,0.005,0.210,-0.257,47,145,158,0,0,0,58893.99,1534.208,54283.466,0.981,1081.601,8.121,36791.403,7279.225,2.337,18064.068,14451.255,7523.429,285.893,894.782,0.000170,-0.001372
11761,392.0,1273,177,14,72,1201,0,0,3,128.63,1.839,2.539,2.225,0.452,0.134,-0.965,2.059,0.3536,2.6378,0.660,0.000,0.010,0.210,-0.256,51,127,145,0,2,0,58554.85,1648.479,53575.386,0.580,1031.079,8.255,36940.857,7302.995,5.623,16603.698,13282.958,6763.747,411.509,818.116,0.000116,-0.001915
11791,393.0,1206,160,14,77,1129,0,0,4,113.01,1.827,2.522,2.231,0.459,0.137,-0.964,2.065,0.3314,2.6523,0.609,0.000,0.007,0.209,-0.253,37,157,172,0,1,0,55767.29,1691.634,51719.255,0.795,1166.179,8.406,36510.424,7126.095,6.360,15205.154,12164.123,8012.509,536.781,966.052,0.000165,-0.001103
11821,394.0,1158,199,14,80,1078,0,0,5,118.39,1.823,2.516,2.229,0.459,0.138,-0.962,2.023,0.3481,2.6104,0.602,0.013,0.007,0.209,-0.248,42,155,180,0,1,0,55561.70,1657.605,51831.440,1.134,1037.327,7.288,34198.841,6597.951,7.997,16695.276,13356.221,8108.741,473.469,969.706,0.000161,-0.002611
11851,395.0,1168,184,14,84,1083,1,0,4,134.63,1.819,2.512,2.236,0.460,0.139,-0.960,2.034,0.3717,2.6397,0.588,0.000,0.012,0.210,-0.245,44,120,181,0,1,0,53340.66,1600.167,50007.152,1.173,1143.345,6.547,33933.781,6435.279,6.894,17975.011,14380.009,8300.787,560.404,997.386,0.000117,-0.003141
11881,396.0,1132,187,14,84,1047,1,0,5,131.06,1.818,2.505,2.237,0.458,0.143,-0.959,2.057,0.3713,2.6550,0.590,0.000,0.008,0.209,-0.244,52,131,167,0,1,0,52993.16,1570.933,50972.878,0.741,954.324,10.656,33616.228,6379.695,6.165,15314.066,12251.253,8053.447,810.961,962.742,0.000148,-0.003405
11911,397.0,1076,217,14,85,991,0,0,5,128.15,1.812,2.493,2.231,0.472,0.146,-0.958,2.092,0.3148,2.6603,0.613,0.000,0.007,0.211,-0.243,66,111,210,0,2,0,50126.79,1648.616,48527.956,1.145,1282.560,7.823,32333.566,6157.930,7.181,15464.437,12371.550,9525.380,776.377,1150.769,0.000131,-0.003406
11941,398.0,993,198,14,86,907,0,0,4,113.43,1.803,2.473,2.245,0.481,0.152,-0.959,2.096,0.3172,2.6914,0.623,0.000,0.015,0.212,-0.239,47,104,224,0,1,0,47845.80,1675.168,47688.481,1.139,1100.977,6.287,30171.764,5700.270,7.449,14347.211,11477.769,10843.222,781.935,1271.686,0.000137,-0.004335
11971,399.0,989,168,14,87,902,0,0,3,118.64,1.806,2.475,2.270,0.478,0.154,-0.960,2.089,0.3137,2.6229,0.639,0.000,0.012,0.212,-0.236,48,93,173,0,1,0,48194.94,1700.400,46258.164,0.979,1176.918,6.728,29150.518,5485.118,4.504,15338.737,12270.990,7996.464,934.564,971.492,0.000248,-0.005341
12001,400.0,993,197,14,90,903,0,0,3,117.25,1.804,2.470,2.289,0.475,0.156,-0.960,2.097,0.3164,2.5778,0.612,0.000,0.009,0.212,-0.234,60,88,163,0,0,0,45209.11,1683.856,42390.655,0.866,933.924,7.503,28912.621,5348.315,5.094,14839.677,11871.742,8005.250,852.737,969.257,0.000133,-0.006019
12031,401.0,939,171,14,90,849,0,0,2,104.99,1.799,2.465,2.292,0.450,0.160,-0.958,2.104,0.3350,2.5718,0.617,0.000,0.014,0.214,-0.234,50,114,155,0,1,0,44078.74,1639.777,42051.476,0.633,756.720,8.401,28645.824,5245.687,3.950,12674.277,10139.422,6913.904,649.342,828.688,0.000147,-0.006587
12061,402.0,916,191,14,93,823,0,0,2,119.65,1.793,2.453,2.304,0.454,0.163,-0.957,2.095,0.3268,2.5961,0.595,0.000,0.011,0.213,-0.232,52,93,155,0,0,0,40857.21,1585.423,38493.671,0.840,1145.975,8.392,27451.769,4897.196,3.076,13095.550,10476.440,6989.536,505.033,835.743,0.000156,-0.005435
12091,403.0,876,171,14,94,782,0,0,1,104.22,1.786,2.437,2.310,0.465,0.168,-0.956,2.100,0.3283,2.5339,0.605,0.000,0.012,0.213,-0.230,57,115,120,0,0,0,40466.70,1511.182,37842.400,0.515,1201.481,10.520,26410.989,4631.870,2.216,11411.084,9128.867,5185.605,584.347,647.367,0.000206,-0.005464
12121,404.0,844,172,14,96,748,0,0,1,100.84,1.778,2.429,2.324,0.458,0.172,-0.956,2.077,0.3553,2.4918,0.622,0.000,0.007,0.213,-0.231,69,98,138,0,0,0,38563.79,1437.846,36837.408,0.681,829.395,6.592,25394.312,4391.524,1.357,11942.340,9553.872,6540.352,686.663,776.173,0.000103,-0.005391
12151,405.0,775,170,14,96,679,0,0,1,142.79,1.766,2.408,2.317,0.448,0.180,-0.953,2.078,0.3642,2.4771,0.630,0.000,0.004,0.212,-0.228,66,89,153,1,0,0,33643.47,1401.159,32663.792,0.691,713.163,6.511,24396.150,4131.474,0.172,10186.170,8148.936,7161.630,416.218,843.073,0.000093,-0.004788
12181,406.0,719,171,14,96,623,0,0,2,126.39,1.753,2.384,2.330,0.457,0.185,-0.955,2.092,0.3571,2.4197,0.633,0.000,0.011,0.209,-0.226,43,93,125,0,0,0,31734.09,1338.460,31298.584,0.505,741.537,8.569,22163.139,3697.419,1.982,9457.924,7566.339,5713.315,397.885,681.606,0.000144,-0.004623
12211,407.0,703,166,14,98,605,0,0,3,132.27,1.746,2.373,2.320,0.455,0.190,-0.956,2.101,0.3521,2.4558,0.654,0.000,0.008,0.208,-0.227,41,81,91,0,0,0,30801.98,1359.376,29190.937,0.496,748.279,5.864,21030.124,3422.373,4.021,9109.091,7287.273,4265.535,421.674,517.378,0.000105,-0.005625
12241,408.0,655,141,14,100,555,0,0,4,124.33,1.726,2.347,2.306,0.441,0.199,-0.953,2.099,0.3743,2.4476,0.646,0.000,0.009,0.208,-0.225,48,77,91,0,1,0,28904.38,1308.207,26187.817,0.425,787.398,9.132,19983.167,3254.389,3.406,7037.225,5629.780,3990.319,260.250,495.074,0.000117,-0.006018
12271,409.0,632,142,14,98,534,0,0,4,133.82,1.722,2.341,2.331,0.471,0.204,-0.954,2.100,0.3508,2.4204,0.653,0.010,0.017,0.212,-0.223,47,76,80,1,0,0,27204.05,1277.387,24875.577,0.376,716.344,7.910,18943.255,3032.316,6.037,7863.351,6290.681,3426.037,440.054,433.293,0.000109,-0.006574
12301,410.0,594,153,14,97,497,0,0,5,132.60,1.712,2.316,2.318,0.477,0.209,-0.955,2.104,0.3589,2.3262,0.660,0.010,0.016,0.214,-0.221,42,81,73,0,1,0,24643.56,1218.128,22732.204,0.245,817.640,8.418,18024.532,2853.324,4.461,6851.143,5480.915,3489.460,328.562,440.508,0.000139,-0.006855
12331,411.0,536,123,14,97,439,0,0,5,175.15,1.690,2.279,2.299,0.493,0.223,-0.957,2.114,0.3685,2.3205,0.663,0.000,0.009,0.214,-0.215,42,85,62,1,0,0,22295.61,1205.836,20530.659,0.297,873.364,9.066,16733.345,2596.364,6.227,5224.608,4179.686,3078.962,234.972,389.951,0.000115,-0.005877
12361,412.0,504,142,14,95,409,0,0,6,147.21,1.677,2.256,2.297,0.494,0.232,-0.956,2.107,0.3497,2.3240,0.662,0.000,0.005,0.217,-0.213,42,71,52,0,0,0,20466.71,1176.316,18574.192,0.109,551.863,10.719,15248.656,2263.195,6.355,5328.213,4262.571,2447.655,244.540,303.464,0.000089,-0.005621
12391,413.0,474,132,14,97,377,0,0,4,134.13,1.656,2.220,2.266,0.493,0.244,-0.954,2.101,0.3574,2.3253,0.668,0.000,0.011,0.219,-0.208,38,69,45,0,1,0,19060.30,1132.917,17102.757,0.112,500.746,9.353,14163.692,2097.028,6.944,4943.198,3954.559,1934.075,202.941,248.878,0.000084,-0.006220
12421,414.0,432,145,14,94,338,0,0,3,166.26,1.634,2.175,2.232,0.487,0.256,-0.953,2.127,0.3411,2.2837,0.663,0.000,0.021,0.221,-0.206,33,73,28,1,2,0,18036.22,1092.985,15390.380,0.078,659.037,11.034,13025.528,1946.986,5.681,3599.548,2879.639,1278.309,350.340,180.770,0.000110,-0.006521
12451,415.0,429,147,14,94,335,0,0,3,169.30,1.630,2.170,2.242,0.477,0.256,-0.953,2.127,0.3422,2.3371,0.659,0.000,0.015,0.220,-0.204,48,48,22,0,1,0,17514.52,1018.943,14637.455,0.023,520.156,9.571,12254.086,1825.982,3.610,3999.729,3199.783,833.342,340.311,120.845,0.000077,-0.005739
12481,416.0,418,135,14,93,325,0,0,3,198.98,1.621,2.161,2.232,0.478,0.258,-0.955,2.123,0.3433,2.3468,0.639,0.000,0.015,0.219,-0.203,39,51,18,0,2,0,16808.54,978.991,13662.668,0.045,450.634,8.774,11852.477,1723.446,3.204,3476.533,2781.227,847.678,108.933,116.641,0.000082,-0.006139
12511,417.0,397,105,14,89,308,0,0,2,227.07,1.615,2.158,2.218,0.473,0.259,-0.952,2.140,0.3541,2.2897,0.657,0.000,0.016,0.221,-0.202,44,60,18,1,1,0,15539.20,931.913,12819.523,0.014,633.651,14.159,11443.699,1706.333,2.762,3389.854,2711.883,934.979,102.926,152.121,0.000095,-0.005563
12541,418.0,364,110,14,87,277,0,0,1,251.53,1.595,2.125,2.181,0.475,0.269,-0.950,2.139,0.3540,2.2865,0.656,0.000,0.011,0.222,-0.199,39,57,12,2,1,0,14227.81,883.259,11218.787,0.005,426.202,10.659,10584.924,1571.002,1.996,2242.249,1793.799,508.773,210.462,87.834,0.000090,-0.005196
12571,419.0,352,143,14,86,266,0,0,1,226.30,1.585,2.118,2.178,0.476,0.270,-0.951,2.142,0.3550,2.2946,0.677,0.000,0.015,0.220,-0.199,39,51,13,0,0,0,13048.66,884.811,10396.557,0.007,229.754,7.268,9643.305,1426.156,1.160,3012.045,2409.636,590.229,112.101,85.166,0.000072,-0.005511
12601,420.0,335,156,14,87,248,0,0,1,195.60,1.555,2.090,2.154,0.450,0.280,-0.950,2.139,0.3530,2.3372,0.694,0.000,0.012,0.219,-0.191,34,52,11,0,0,0,13366.79,900.754,10981.094,0.005,451.909,10.099,9075.899,1326.900,1.160,2634.376,2107.501,390.783,174.913,67.194,0.000087,-0.005255
12631,421.0,347,146,14,87,260,0,0,1,186.14,1.567,2.113,2.177,0.454,0.271,-0.951,2.139,0.3527,2.3196,0.694,0.000,0.019,0.221,-0.194,40,30,12,0,0,0,13288.35,924.545,11225.109,0.018,449.638,8.239,9185.799,1364.879,1.160,3133.706,2506.965,522.256,442.063,85.216,0.000078,-0.005532
12661,422.0,350,157,14,87,263,0,0,1,166.94,1.569,2.115,2.183,0.423,0.271,-0.949,2.139,0.3547,2.3599,0.670,0.000,0.015,0.221,-0.194,40,34,15,0,0,0,13310.42,924.296,11283.467,0.007,268.019,8.198,9439.626,1383.004,1.160,3043.706,2434.964,471.062,204.850,77.257,0.000110,-0.004583
12691,423.0,337,158,14,87,250,0,0,0,175.27,1.552,2.086,2.152,0.424,0.280,-0.950,2.140,0.3489,2.3833,0.695,0.000,0.024,0.224,-0.197,29,45,17,1,0,0,12993.41,935.684,10900.104,0.071,391.127,8.117,9224.276,1363.761,0.812,2863.579,2290.863,761.878,107.923,121.498,0.000060,-0.004606
12721,424.0,335,153,14,90,245,0,0,0,173.21,1.535,2.062,2.121,0.444,0.287,-0.952,2.131,0.3518,2.4062,0.679,0.000,0.016,0.226,-0.194,36,41,21,0,0,0,13680.05,991.197,12062.850,0.175,434.626,8.587,8711.556,1300.519,0.000,3399.076,2719.261,1063.488,461.697,150.512,0.000078,-0.004034
12751,425.0,351,188,14,90,261,0,0,0,205.36,1.548,2.094,2.159,0.457,0.278,-0.955,2.128,0.3570,2.3826,0.682,0.000,0.027,0.231,-0.196,39,30,23,2,0,0,14855.62,1025.367,13023.131,0.100,629.995,9.599,9199.421,1384.412,0.000,4071.269,3257.015,997.444,324.099,153.395,0.000100,-0.002857
12781,426.0,384,197,14,93,291,0,0,0,182.60,1.563,2.130,2.193,0.454,0.269,-0.952,2.119,0.3594,2.3105,0.688,0.000,0.010,0.232,-0.198,47,30,27,0,0,0,16249.93,1079.201,14042.531,0.018,734.245,9.031,9670.089,1462.448,0.000,5119.148,4095.318,1077.693,325.110,168.275,0.000077,-0.002493
12811,427.0,413,208,14,93,320,0,0,1,203.45,1.584,2.173,2.229,0.477,0.259,-0.949,2.119,0.3600,2.4074,0.670,0.000,0.016,0.232,-0.207,40,32,21,1,0,0,17834.40,1127.067,15052.661,0.041,439.825,9.140,10924.149,1682.375,0.101,4740.498,3792.398,709.193,226.563,104.812,0.000083,-0.002548
12841,428.0,455,220,14,95,360,0,0,1,154.49,1.603,2.207,2.264,0.473,0.245,-0.947,2.120,0.3603,2.3940,0.662,0.000,0.022,0.227,-0.212,40,35,34,0,0,0,19314.11,1153.763,17690.998,0.038,568.553,7.122,11947.683,1870.183,1.520,6341.934,5073.547,1500.029,571.802,205.489,0.000090,-0.002778
12871,429.0,485,232,14,97,388,0,0,1,168.09,1.614,2.226,2.289,0.439,0.241,-0.942,2.118,0.3591,2.4146,0.673,0.010,0.034,0.228,-0.215,39,47,33,1,0,0,21228.02,1220.801,19507.572,0.045,629.229,7.369,13111.787,2039.639,1.520,6326.692,5061.354,1536.029,632.515,227.681,0.000120,-0.001473
12901,430.0,533,195,14,101,432,0,0,1,136.32,1.631,2.251,2.326,0.439,0.233,-0.942,2.106,0.3567,2.3888,0.647,0.010,0.028,0.230,-0.215,47,43,36,0,1,0,23130.72,1327.553,21519.024,0.065,653.151,8.915,14473.579,2205.935,0.171,7284.052,5827.242,1647.820,915.321,244.304,0.000081,-0.001286
12931,431.0,554,195,14,102,452,0,0,1,134.56,1.639,2.268,2.344,0.443,0.229,-0.943,2.114,0.3593,2.4425,0.648,0.010,0.027,0.233,-0.217,38,61,39,0,1,0,25108.14,1413.833,22044.597,0.067,826.263,9.105,15350.253,2359.102,3.217,6997.453,5597.962,1503.634,630.199,235.180,0.000107,-0.001162
12961,432.0,598,193,14,106,492,0,0,0,111.18,1.645,2.289,2.372,0.428,0.223,-0.944,2.106,0.3596,2.4551,0.633,0.009,0.014,0.231,-0.218,51,42,47,0,1,0,25893.76,1474.787,23340.023,0.134,936.928,7.527,16678.955,2636.677,0.711,7590.670,6072.536,2223.283,655.478,316.095,0.000113,-0.000529
12991,433.0,645,206,14,107,538,0,0,1,101.14,1.658,2.319,2.407,0.421,0.215,-0.944,2.103,0.3563,2.4248,0.652,0.000,0.017,0.230,-0.220,44,68,34,0,0,0,27683.51,1630.417,25373.400,0.047,1178.919,7.626,18320.636,2851.704,0.130,8519.149,6815.320,1554.763,521.568,261.485,0.000122,-0.000094
13021,434.0,687,212,14,112,575,0,0,0,109.41,1.668,2.332,2.427,0.419,0.213,-0.946,2.096,0.3702,2.4615,0.634,0.000,0.019,0.230,-0.221,66,73,43,0,1,0,30745.92,1690.435,29244.327,0.075,936.282,11.189,19832.188,3084.859,0.130,9090.444,7272.355,2155.518,665.084,316.556,0.000148,0.000650
13051,435.0,740,221,14,116,624,0,0,0,99.29,1.679,2.350,2.432,0.429,0.209,-0.947,2.081,0.3813,2.4629,0.654,0.000,0.011,0.230,-0.222,48,65,56,0,0,0,33190.54,1829.047,30495.369,0.121,1007.865,8.757,21083.742,3258.896,0.000,9963.536,7970.829,2530.023,648.479,366.069,0.000116,0.000992
13081,436.0,788,216,14,119,669,0,0,1,110.43,1.691,2.361,2.440,0.432,0.205,-0.948,2.073,0.3727,2.4631,0.657,0.000,0.015,0.231,-0.222,66,79,52,0,0,0,37178.76,2025.779,33890.986,0.474,1152.130,10.695,22871.555,3568.403,0.113,10290.441,8232.353,2462.026,613.601,355.237,0.000102,0.000654
13111,437.0,861,178,14,127,734,0,0,1,100.19,1.703,2.365,2.452,0.432,0.203,-0.948,2.072,0.3885,2.4038,0.630,0.000,0.022,0.234,-0.220,59,85,68,0,0,0,39291.73,2179.642,36026.040,0.199,1640.403,11.137,24906.469,3861.565,1.691,12975.673,10380.539,3197.620,1062.692,467.742,0.000165,-0.000879
13141,438.0,892,180,14,135,757,0,0,2,102.43,1.701,2.353,2.460,0.446,0.203,-0.950,2.044,0.3920,2.4129,0.658,0.000,0.017,0.236,-0.218,53,90,89,0,0,0,40269.41,2317.878,36893.628,0.284,1566.472,9.218,26279.732,4049.979,1.789,11979.270,9583.416,3950.601,1030.223,525.930,0.000134,-0.000445
13171,439.0,906,204,14,138,768,0,0,4,125.42,1.705,2.348,2.481,0.458,0.203,-0.953,2.028,0.4097,2.4566,0.637,0.000,0.022,0.238,-0.220,65,88,110,1,0,0,41268.43,2432.280,39112.578,0.372,1770.557,11.769,26804.567,4123.981,3.349,12337.968,9870.374,5418.658,1024.663,703.394,0.000140,-0.001426
13201,440.0,978,191,15,142,836,0,0,4,95.67,1.720,2.373,2.519,0.458,0.196,-0.955,2.022,0.4183,2.4343,0.650,0.000,0.012,0.238,-0.219,52,89,90,0,1,0,44706.00,2576.126,42957.490,0.326,1686.223,11.739,28690.084,4405.612,3.950,14575.399,11660.320,4335.725,1165.981,579.945,0.000203,-0.003199
13231,441.0,1015,219,15,146,869,0,0,5,114.21,1.723,2.373,2.532,0.454,0.196,-0.954,2.027,0.4040,2.4364,0.670,0.000,0.014,0.237,-0.222,58,109,88,0,0,0,46725.04,2840.150,43067.709,0.436,2008.990,9.894,30718.550,4725.837,7.329,13478.914,10783.131,4319.580,826.711,595.461,0.000134,-0.003295
13261,442.0,1088,211,15,150,938,0,0,3,110.76,1.732,2.389,2.564,0.465,0.191,-0.956,2.019,0.4086,2.4211,0.659,0.007,0.019,0.237,-0.223,59,91,88,0,2,0,50113.72,3073.140,47091.778,0.466,1926.028,9.413,32675.471,5031.708,6.942,14704.787,11763.830,4376.420,1155.147,590.059,0.000133,-0.003574
13291,443.0,1121,232,15,157,964,0,0,5,94.96,1.731,2.376,2.572,0.479,0.194,-0.958,2.039,0.3857,2.4125,0.608,0.000,0.019,0.237,-0.223,57,115,102,0,0,0,50578.14,3181.139,46371.887,0.605,2490.660,9.225,34322.325,5214.874,5.264,14375.005,11500.004,4553.348,1458.629,659.765,0.000208,-0.003716
13321,444.0,1140,242,15,163,977,0,0,5,116.37,1.733,2.365,2.573,0.502,0.195,-0.959,2.029,0.3976,2.4083,0.629,0.000,0.018,0.239,-0.224,48,138,106,0,2,0,50586.67,3414.463,47942.800,0.584,2846.440,10.340,35671.208,5459.661,7.816,15379.730,12303.784,5035.431,1364.176,735.085,0.000113,-0.003792
13351,445.0,1157,210,14,163,994,0,0,6,103.25,1.731,2.363,2.581,0.503,0.195,-0.959,2.054,0.3546,2.4190,0.615,0.000,0.025,0.241,-0.224,69,138,112,0,0,0,53494.61,3571.828,51112.918,0.440,2701.110,10.915,36043.968,5498.341,8.407,15504.890,12403.912,5127.103,1271.996,726.452,0.000157,-0.003613
13381,446.0,1203,217,14,166,1037,0,0,6,106.09,1.734,2.367,2.590,0.501,0.193,-0.960,2.064,0.3409,2.3858,0.608,0.006,0.026,0.240,-0.224,70,124,92,0,1,0,53913.41,3582.064,50099.478,0.357,2816.581,13.140,37267.217,5665.785,9.666,15259.652,12207.722,4397.230,2218.447,652.822,0.000203,-0.003811
13411,447.0,1219,192,14,170,1049,0,0,7,119.40,1.733,2.368,2.596,0.495,0.192,-0.963,2.051,0.3441,2.3865,0.631,0.000,0.019,0.239,-0.223,58,137,115,0,0,0,55131.74,3652.777,51912.317,0.988,2674.647,13.165,38191.336,5738.568,11.268,15521.721,12417.377,5317.821,1213.486,770.932,0.000131,-0.003235
13441,448.0,1240,207,14,178,1062,0,0,10,119.54,1.730,2.359,2.590,0.500,0.196,-0.965,2.044,0.3389,2.4277,0.616,0.000,0.019,0.241,-0.220,53,153,119,0,0,0,56271.38,3832.969,53344.952,0.846,2798.088,12.739,39191.539,5909.334,13.044,16982.523,13586.019,5603.479,1154.862,770.369,0.000179,-0.004492
13471,449.0,1256,207,14,183,1073,0,0,11,125.50,1.729,2.354,2.589,0.497,0.197,-0.966,2.033,0.3403,2.3872,0.599,0.005,0.021,0.241,-0.219,75,150,129,0,2,0,57081.92,3954.257,53762.503,1.423,2808.409,13.337,39339.269,5855.440,16.253,17315.494,13852.395,6046.026,1363.486,824.071,0.000199,-0.004369
13501,450.0,1287,212,14,188,1099,0,0,11,94.65,1.730,2.354,2.593,0.493,0.197,-0.968,2.024,0.3395,2.3742,0.634,0.005,0.019,0.242,-0.219,58,150,122,0,1,0,58168.35,4119.696,53725.395,0.671,2871.991,13.279,39851.510,5929.533,16.409,17730.982,14184.786,5437.834,1242.725,735.125,0.000136,-0.004216
13531,451.0,1319,192,14,191,1128,0,0,13,110.01,1.734,2.360,2.599,0.484,0.196,-0.968,2.024,0.3403,2.3929,0.661,0.005,0.019,0.242,-0.218,67,133,121,0,0,0,59230.46,4321.554,54778.692,0.972,3036.950,13.867,41376.770,6143.290,19.047,16748.518,13398.815,5468.225,956.823,725.241,0.000133,-0.004341
13561,452.0,1314,214,14,199,1115,0,0,17,119.67,1.727,2.348,2.583,0.467,0.199,-0.968,2.008,0.3376,2.3924,0.643,0.000,0.018,0.242,-0.216,58,185,122,0,1,0,57743.96,4480.666,53127.644,0.982,3173.922,12.582,41636.585,6188.279,25.132,17565.682,14052.546,5800.865,1155.844,775.954,0.000145,-0.005033
13591,453.0,1319,197,14,208,1111,0,0,14,107.18,1.717,2.331,2.585,0.469,0.204,-0.967,2.003,0.3359,2.3819,0.623,0.000,0.013,0.244,-0.213,58,174,110,0,5,0,58228.81,4548.235,53796.082,0.628,3284.491,12.914,41666.429,6183.281,24.381,17045.176,13636.141,4770.045,1139.522,667.404,0.000162,-0.005717
13621,454.0,1298,181,14,210,1088,0,0,16,98.64,1.714,2.321,2.582,0.460,0.207,-0.967,1.999,0.3378,2.3677,0.647,0.000,0.018,0.245,-0.211,59,167,110,0,1,0,58832.22,4540.199,52949.477,1.030,2976.807,12.487,41232.991,6019.305,23.225,15108.947,12087.157,4523.025,1427.861,639.096,0.000114,-0.005302
13651,455.0,1322,198,14,222,1100,0,0,17,123.52,1.707,2.308,2.573,0.453,0.212,-0.966,1.985,0.3293,2.3550,0.611,0.000,0.022,0.243,-0.208,71,160,96,0,3,0,57975.85,4731.532,51259.978,0.932,3514.784,12.693,40938.469,5945.140,24.107,16329.994,13063.996,4536.258,1472.171,666.671,0.000170,-0.004965
13681,456.0,1319,190,14,231,1088,0,0,16,145.60,1.702,2.288,2.554,0.456,0.219,-0.964,1.969,0.3290,2.3628,0.612,0.000,0.016,0.245,-0.203,68,162,82,1,5,0,56966.03,4610.310,49957.058,0.666,3259.574,11.500,41025.689,5970.450,26.209,14263.758,11411.007,3676.427,1362.892,663.436,0.000188,-0.004116
13711,457.0,1277,184,14,233,1044,0,0,12,138.86,1.694,2.271,2.540,0.446,0.224,-0.962,1.967,0.3242,2.3942,0.628,0.000,0.029,0.246,-0.197,56,170,92,0,2,0,56027.26,4642.476,49035.688,0.721,3303.004,10.766,40350.529,5796.069,23.437,13034.351,10427.481,3969.212,1207.140,664.394,0.000124,-0.004199
13741,458.0,1261,189,14,242,1019,0,0,11,134.02,1.683,2.251,2.524,0.453,0.230,-0.963,1.957,0.3218,2.3387,0.617,0.004,0.026,0.245,-0.194,67,164,85,0,1,0,53042.16,4661.632,46615.408,0.843,3177.872,13.125,39870.328,5714.581,19.199,13609.715,10887.772,3653.489,1661.604,621.839,0.000154,-0.004980
13771,459.0,1234,173,14,245,989,0,0,11,118.94,1.675,2.238,2.519,0.465,0.235,-0.964,1.955,0.3215,2.3263,0.639,0.000,0.012,0.244,-0.192,69,158,83,0,1,0,53192.68,4737.281,46811.002,0.723,3324.374,13.205,38338.990,5436.411,17.301,12630.061,10104.049,3582.668,901.781,595.325,0.000148,-0.005490
13801,460.0,1193,185,14,247,946,0,0,9,146.16,1.666,2.221,2.496,0.457,0.241,-0.964,1.954,0.3184,2.3294,0.614,0.000,0.021,0.244,-0.189,61,165,84,0,2,0,50620.62,4567.413,43593.175,0.923,3144.930,14.342,37190.388,5277.512,16.112,12356.862,9885.490,3885.922,1289.934,602.326,0.000252,-0.006325
13831,461.0,1162,166,14,252,910,0,0,9,124.79,1.652,2.201,2.482,0.467,0.249,-0.964,1.954,0.3225,2.3356,0.629,0.004,0.015,0.243,-0.187,66,146,72,0,2,0,49104.45,4489.872,42375.885,0.735,2889.593,12.661,35819.428,5029.169,13.759,11058.664,8846.931,3555.893,1186.792,565.889,0.000122,-0.007359
13861,462.0,1142,164,14,256,886,0,0,8,139.10,1.644,2.180,2.462,0.473,0.255,-0.964,1.939,0.3232,2.3385,0.653,0.000,0.024,0.241,-0.182,66,134,64,0,3,0,47807.28,4487.852,40207.389,0.457,2987.682,12.092,34583.420,4841.305,12.617,10560.541,8448.433,3125.805,765.013,552.601,0.000152,-0.008768
13891,463.0,1098,161,14,257,841,0,0,7,161.20,1.630,2.157,2.451,0.474,0.262,-0.963,1.936,0.3180,2.2697,0.643,0.000,0.024,0.241,-0.180,76,128,86,1,0,0,44296.39,4422.207,37914.168,0.590,2816.004,14.451,33437.197,4661.951,11.618,10083.007,8066.406,3856.958,1225.306,638.219,0.000260,-0.009297
13921,464.0,1042,178,14,261,781,0,0,7,162.52,1.608,2.122,2.415,0.473,0.274,-0.963,1.932,0.3158,2.3445,0.667,0.000,0.023,0.240,-0.178,62,151,67,0,2,0,41517.07,4432.802,35252.997,0.443,2816.729,14.447,31542.712,4343.639,10.484,9581.598,7665.279,2953.894,1181.944,516.575,0.000078,-0.009286
13951,465.0,1009,157,14,270,739,0,0,7,157.70,1.585,2.082,2.378,0.463,0.285,-0.962,1.926,0.3127,2.3052,0.658,0.004,0.027,0.239,-0.172,62,139,50,0,1,0,40117.98,4353.163,33733.188,0.441,2422.878,11.185,29857.162,4065.849,11.660,9023.735,7218.988,2230.060,1113.797,402.608,0.000202,-0.009706
13981,466.0,951,148,14,273,678,0,0,7,180.38,1.558,2.040,2.337,0.462,0.301,-0.962,1.925,0.3156,2.2660,0.647,0.000,0.022,0.236,-0.167,61,136,53,1,0,0,36512.04,4216.201,29539.454,0.383,3047.038,13.674,28210.723,3809.259,10.838,7703.420,6162.736,2440.698,877.255,472.517,0.000134,-0.010644
14011,467.0,914,148,14,273,641,0,0,9,185.06,1.539,2.013,2.306,0.455,0.310,-0.963,1.928,0.3144,2.2567,0.660,0.000,0.017,0.237,-0.165,68,122,38,0,0,0,34341.55,4044.136,27849.872,0.316,2523.514,17.323,26293.999,3562.473,12.303,7188.184,5750.547,1882.974,519.817,355.617,0.000152,-0.010428
14041,468.0,866,150,14,266,600,0,0,7,230.47,1.527,1.993,2.278,0.457,0.316,-0.964,1.936,0.3126,2.3032,0.670,0.000,0.022,0.237,-0.163,85,123,39,2,1,0,32471.65,3862.434,26421.456,0.318,2436.432,17.654,24742.512,3324.316,14.049,6913.331,5530.665,1699.312,656.142,335.109,0.000112,-0.010424
14071,469.0,828,143,14,266,562,0,0,5,220.74,1.506,1.965,2.247,0.453,0.325,-0.964,1.934,0.3133,2.2597,0.648,0.000,0.018,0.233,-0.157,78,91,43,1,1,0,29555.43,3608.343,24143.412,0.290,1994.403,16.924,23386.690,3130.666,11.155,5682.625,4546.100,2005.389,622.996,374.841,0.000106,-0.010695
14101,470.0,767,137,13,263,504,0,0,4,183.10,1.476,1.912,2.186,0.430,0.340,-0.963,1.930,0.3171,2.2997,0.686,0.000,0.018,0.231,-0.151,56,111,44,0,1,0,27725.78,3404.276,22955.212,0.201,1871.418,14.599,21505.757,2873.121,7.504,5582.663,4466.131,1859.743,465.119,361.567,0.000115,-0.010351
14131,471.0,750,119,13,264,486,0,0,7,183.23,1.463,1.898,2.162,0.443,0.347,-0.964,1.929,0.3191,2.3014,0.706,0.000,0.019,0.231,-0.148,61,83,23,0,0,0,26854.35,3307.642,21315.391,0.152,1722.609,15.500,20120.948,2640.102,6.708,5168.266,4134.613,1094.525,373.567,225.114,0.000131,-0.009275
14161,472.0,718,120,13,265,453,0,0,5,183.68,1.437,1.864,2.120,0.443,0.359,-0.966,1.928,0.3191,2.2977,0.703,0.000,0.018,0.228,-0.144,61,82,24,0,2,0,24339.02,3220.022,18368.248,0.199,1588.495,15.438,19018.762,2521.241,9.615,4467.104,3573.683,990.261,442.689,227.810,0.000104,-0.009388
14191,473.0,673,108,13,264,409,0,0,5,183.96,1.409,1.808,2.058,0.424,0.377,-0.964,1.923,0.3195,2.3041,0.709,0.000,0.024,0.226,-0.137,68,99,29,0,1,0,22387.62,3060.633,17685.938,0.143,1524.072,18.479,17528.123,2303.255,11.574,4918.391,3934.713,1278.623,368.250,224.604,0.000128,-0.009752
14221,474.0,619,123,13,262,357,0,0,6,200.59,1.364,1.738,1.972,0.422,0.400,-0.965,1.919,0.3231,2.2905,0.723,0.000,0.014,0.223,-0.125,63,88,17,1,0,0,21090.39,2947.954,15682.964,0.091,1229.674,15.410,15947.606,2095.703,10.194,3021.791,2417.432,688.761,411.170,170.445,0.000081,-0.010158
14251,475.0,593,133,13,265,328,0,0,6,234.93,1.329,1.687,1.917,0.411,0.416,-0.965,1.924,0.3210,2.2548,0.716,0.000,0.040,0.221,-0.119,73,69,19,1,0,0,19322.26,2903.471,13906.294,0.074,1182.318,14.303,14695.418,1872.690,11.419,3554.045,2843.236,868.316,268.420,150.898,0.000095,-0.011216
14281,476.0,551,133,13,265,286,0,0,5,242.77,1.281,1.611,1.842,0.403,0.440,-0.969,1.922,0.3208,2.2179,0.703,0.000,0.017,0.219,-0.110,65,62,27,2,1,0,18583.57,2775.023,13542.374,0.118,1373.874,17.621,12942.225,1651.871,11.358,2859.241,2287.393,1164.179,534.166,180.555,0.000092,-0.011815
14311,477.0,537,166,13,263,274,0,0,5,298.08,1.268,1.590,1.814,0.394,0.448,-0.967,1.914,0.3199,2.3031,0.702,0.000,0.033,0.216,-0.108,64,51,21,1,0,0,17627.68,2653.390,12332.299,0.087,1030.215,23.073,12116.914,1544.366,9.590,3377.923,2702.338,962.305,453.581,179.328,0.000069,-0.011692
14341,478.0,535,140,13,262,273,0,0,5,345.58,1.270,1.593,1.821,0.392,0.450,-0.969,1.908,0.3202,2.2325,0.718,0.000,0.037,0.215,-0.105,63,37,22,3,1,0,17721.61,2566.421,13247.008,0.040,1061.655,20.482,11810.253,1492.402,8.174,3509.539,2807.631,1094.218,447.343,165.245,0.000085,-0.012431
14371,479.0,526,141,13,260,266,0,0,4,347.26,1.264,1.579,1.807,0.396,0.452,-0.967,1.903,0.3178,2.2119,0.733,0.000,0.019,0.215,-0.104,75,52,9,0,1,0,16626.26,2572.496,11096.931,0.008,1178.515,20.864,11717.878,1472.695,8.716,3090.019,2472.015,368.935,441.906,136.650,0.000111,-0.013207
14401,480.0,519,144,14,257,262,0,0,3,352.05,1.259,1.581,1.778,0.413,0.452,-0.964,1.902,0.3252,2.2196,0.715,0.000,0.027,0.217,-0.107,73,52,13,1,0,0,16329.70,2501.252,11668.583,0.038,1348.766,20.951,11274.655,1437.028,7.625,3285.095,2628.076,549.696,374.691,165.720,0.000123,-0.012757
14431,481.0,511,147,14,256,255,0,0,4,292.05,1.250,1.569,1.774,0.386,0.457,-0.965,1.900,0.3236,2.2104,0.726,0.000,0.024,0.216,-0.102,76,48,22,0,0,0,15829.55,2500.345,11354.353,0.059,1167.032,21.984,10949.458,1392.210,5.562,3596.207,2876.965,837.236,289.563,161.638,0.000073,-0.013185
14461,482.0,506,147,14,257,249,0,0,5,265.49,1.240,1.557,1.769,0.373,0.463,-0.966,1.895,0.3223,2.1576,0.743,0.000,0.032,0.215,-0.101,72,44,10,0,0,0,15664.78,2540.825,10942.138,0.030,1000.983,27.358,10780.578,1339.301,7.461,2834.993,2267.995,434.676,430.830,87.918,0.000051,-0.013168
14491,483.0,498,153,14,254,244,0,0,4,253.68,1.236,1.550,1.760,0.378,0.465,-0.966,1.891,0.3209,2.1641,0.751,0.000,0.061,0.217,-0.099,68,47,4,0,0,0,16030.72,2582.454,11292.594,0.021,1327.130,24.824,10744.379,1349.533,5.883,2517.572,2014.058,186.327,600.631,118.854,0.000093,-0.012757
14521,484.0,515,167,14,255,260,0,0,4,223.66,1.256,1.581,1.795,0.393,0.455,-0.969,1.890,0.3219,2.2017,0.734,0.000,0.042,0.219,-0.103,58,34,9,0,0,0,16442.87,2677.641,11793.091,0.054,1331.794,24.037,10685.128,1372.947,5.483,3492.160,2793.728,472.756,708.182,115.718,0.000069,-0.012170
14551,485.0,540,172,14,256,284,0,0,4,216.59,1.283,1.634,1.845,0.405,0.440,-0.967,1.888,0.3209,2.2290,0.751,0.000,0.032,0.220,-0.112,82,27,15,1,0,0,16940.28,2758.038,12994.561,0.040,1290.431,20.250,11500.558,1460.615,5.483,3929.000,3143.200,766.189,598.650,137.932,0.000091,-0.012534
14581,486.0,562,201,14,258,304,0,0,4,203.21,1.301,1.678,1.866,0.420,0.430,-0.971,1.892,0.3197,2.2759,0.741,0.000,0.033,0.219,-0.117,75,49,12,0,0,0,18387.04,2852.911,14503.062,0.190,1092.973,19.214,12136.550,1597.160,5.483,4777.645,3822.116,485.370,625.871,103.431,0.000052,-0.012608
14611,487.0,586,181,14,259,327,0,0,6,168.18,1.325,1.728,1.901,0.444,0.416,-0.974,1.890,0.3237,2.3669,0.748,0.004,0.021,0.221,-0.121,58,54,12,0,0,0,20499.18,3003.231,16631.159,0.048,1318.010,17.222,13246.458,1807.765,5.746,5275.776,4220.621,498.184,815.204,93.789,0.000101,-0.012984
14641,488.0,628,187,14,262,366,0,0,6,164.09,1.359,1.784,1.964,0.463,0.399,-0.974,1.891,0.3195,2.3194,0.755,0.000,0.025,0.222,-0.126,63,48,13,0,0,0,21945.84,3193.796,16987.135,0.015,2022.216,18.767,14344.252,1973.659,8.432,5922.642,4738.114,512.959,572.028,138.425,0.000120,-0.012831
14671,489.0,656,175,14,269,387,0,0,6,143.76,1.372,1.807,1.976,0.486,0.393,-0.974,1.884,0.3215,2.3678,0.734,0.000,0.031,0.222,-0.127,76,49,18,0,0,0,24461.14,3479.519,19395.559,0.019,2027.429,17.245,15400.755,2151.270,8.432,5424.973,4339.979,775.668,792.517,146.162,0.000087,-0.012542
14701,490.0,705,199,13,272,433,0,0,6,146.62,1.401,1.867,2.055,0.503,0.375,-0.973,1.886,0.3228,2.3895,0.744,0.000,0.028,0.226,-0.136,62,44,32,0,0,0,26279.14,3751.567,21244.551,0.110,1940.948,17.572,16903.859,2375.454,8.432,7189.695,5751.756,1596.767,614.488,241.284,0.000121,-0.012724
14731,491.0,754,198,13,275,479,0,0,7,119.80,1.433,1.914,2.108,0.516,0.360,-0.973,1.880,0.3313,2.3481,0.744,0.000,0.040,0.229,-0.141,61,50,33,0,0,0,27736.42,3927.315,23406.133,0.296,2674.606,15.709,18650.156,2600.207,8.964,7644.143,6115.314,1564.898,1268.159,255.261,0.000101,-0.012509
14761,492.0,785,215,13,277,508,0,0,5,115.58,1.448,1.946,2.139,0.512,0.353,-0.973,1.879,0.3296,2.4139,0.744,0.000,0.014,0.229,-0.146,77,69,33,0,0,0,29212.83,4180.568,24357.873,0.153,2255.587,20.178,20123.131,2790.846,8.332,7749.471,6199.577,1417.707,924.640,247.628,0.000116,-0.012055
14791,493.0,838,167,13,290,548,0,0,6,125.65,1.457,1.968,2.165,0.528,0.348,-0.973,1.881,0.3231,2.3723,0.737,0.000,0.024,0.228,-0.147,67,63,36,0,0,0,31702.97,4466.064,27175.826,0.262,2571.072,15.768,21652.147,3078.240,7.456,8555.592,6844.473,1856.400,495.702,350.950,0.000116,-0.011383
14821,494.0,879,187,13,292,587,0,0,3,128.21,1.477,2.003,2.210,0.550,0.336,-0.972,1.880,0.3207,2.3739,0.757,0.000,0.014,0.230,-0.151,69,77,36,0,1,0,34732.57,4844.905,28738.753,0.483,2641.129,21.913,22737.048,3212.845,7.070,9008.765,7207.012,1647.988,793.584,354.250,0.000154,-0.011668
14851,495.0,949,199,13,300,649,0,0,5,117.58,1.500,2.039,2.245,0.575,0.324,-0.971,1.882,0.3241,2.3687,0.731,0.000,0.012,0.231,-0.154,72,73,43,0,0,0,37465.68,5119.946,31166.699,0.390,3380.994,19.581,24939.609,3553.535,6.024,10700.231,8560.185,1807.015,721.506,386.193,0.000148,-0.010518
14881,496.0,999,205,13,307,692,0,0,6,108.24,1.514,2.055,2.271,0.585,0.318,-0.970,1.880,0.3178,2.4100,0.742,0.000,0.014,0.231,-0.159,72,81,73,0,2,0,39492.90,5453.750,34511.164,0.508,3154.157,16.418,27146.816,3957.095,6.339,11954.299,9563.439,3398.240,535.187,503.666,0.000107,-0.010785
14911,497.0,1071,220,13,320,751,0,0,6,113.79,1.529,2.077,2.298,0.599,0.313,-0.971,1.871,0.3187,2.3411,0.725,0.000,0.016,0.231,-0.160,79,94,63,0,1,0,41609.82,5875.803,36396.031,0.494,4015.063,16.181,28873.934,4188.446,7.439,13197.864,10558.291,3203.430,733.240,509.343,0.000112,-0.011063
14941,498.0,1117,179,13,326,791,0,0,4,120.25,1.538,2.093,2.334,0.588,0.308,-0.971,1.872,0.3184,2.3573,0.706,0.000,0.014,0.231,-0.162,80,108,78,0,2,0,44961.20,6253.530,39623.897,0.493,4409.368,22.486,30700.283,4439.496,7.261,13620.375,10896.300,3603.304,477.192,574.933,0.000161,-0.010944
14971,499.0,1158,187,13,331,827,0,0,5,111.90,1.546,2.110,2.347,0.588,0.303,-0.970,1.871,0.3113,2.4457,0.715,0.000,0.015,0.233,-0.164,65,110,79,0,0,0,46073.06,6582.906,39187.649,0.402,4653.581,21.034,32453.624,4673.254,5.569,13370.097,10696.078,3703.195,583.002,566.435,0.000135,-0.009851
