tick,sim_second,organisms,food,species,plants,grazers,hunters,omnivores,infected,avg_lifespan,avg_body_size,avg_speed,avg_armor,avg_attack,avg_photo,avg_diet,avg_photo_area,avg_speed_plants,avg_speed_eaters,avg_light_share,ready_share_plants,ready_share_eaters,avg_disease_resistance,avg_symbiosis_rate,symbiotic_pairs,deaths_starvation,deaths_predation,deaths_old_age,deaths_disease,deaths_event,energy_total,flow_photosynthesis,flow_food,flow_predation,flow_grazing,flow_symbiosis,flow_metabolism,flow_movement,flow_disease,flow_reproduction_spent,flow_reproduction_received,flow_death,flow_clamp,flow_digestion,ledger_max_residual,ledger_cumulative_residual,grazes_eat,grazes_attack,kills_consumer,kills_plant,grazer_kills,grazer_kills_consumer,attacks_no_plant_in_reach,grazes_eat_by_plant,kills_plant_by_consumer,plant_kill_energy_consumer,hunter_intents,hunter_strikes,hunter_consumer_in_reach,hunter_kills_consumer,hunter_rejected_size,hunter_rejected_damage,hunter_rejected_both,omnivore_intents,omnivore_strikes,omnivore_consumer_in_reach,omnivore_kills_consumer,omnivore_rejected_size,omnivore_rejected_damage,omnivore_rejected_both,g1_ticks,g1_food_items,g1_bite_count,g1_plant_gross,g1_food,g1_bites,g1_kill_consumer,g1_kill_plant,g1_metabolism,g1_movement,g1_strike,g1_births,g1_deaths,g1_deaths_starvation,g1_deaths_predation,g1_deaths_disease,g1_death_age_sum,g2_ticks,g2_food_items,g2_bite_count,g2_plant_gross,g2_food,g2_bites,g2_kill_consumer,g2_kill_plant,g2_metabolism,g2_movement,g2_strike,g2_births,g2_deaths,g2_deaths_starvation,g2_deaths_predation,g2_deaths_disease,g2_death_age_sum,o1_ticks,o1_food_items,o1_bite_count,o1_plant_gross,o1_food,o1_bites,o1_kill_consumer,o1_kill_plant,o1_metabolism,o1_movement,o1_strike,o1_births,o1_deaths,o1_deaths_starvation,o1_deaths_predation,o1_deaths_disease,o1_death_age_sum,o2_ticks,o2_food_items,o2_bite_count,o2_plant_gross,o2_food,o2_bites,o2_kill_consumer,o2_kill_plant,o2_metabolism,o2_movement,o2_strike,o2_births,o2_deaths,o2_deaths_starvation,o2_deaths_predation,o2_deaths_disease,o2_death_age_sum,h1_ticks,h1_food_items,h1_bite_count,h1_plant_gross,h1_food,h1_bites,h1_kill_consumer,h1_kill_plant,h1_metabolism,h1_movement,h1_strike,h1_births,h1_deaths,h1_deaths_starvation,h1_deaths_predation,h1_deaths_disease,h1_death_age_sum,h2_ticks,h2_food_items,h2_bite_count,h2_plant_gross,h2_food,h2_bites,h2_kill_consumer,h2_kill_plant,h2_metabolism,h2_movement,h2_strike,h2_births,h2_deaths,h2_deaths_starvation,h2_deaths_predation,h2_deaths_disease,h2_death_age_sum,cross_plant_grazer,cross_plant_omnivore,cross_plant_hunter,cross_grazer_plant,cross_grazer_omnivore,cross_grazer_hunter,cross_omnivore_plant,cross_omnivore_grazer,cross_omnivore_hunter,cross_hunter_plant,cross_hunter_grazer,cross_hunter_omnivore,ticks_all_plant_aq0,ticks_deep_plant_aq0,ticks_shallow_plant_aq0,ticks_all_plant_aq1,ticks_deep_plant_aq1,ticks_shallow_plant_aq1,ticks_all_plant_aq2,ticks_deep_plant_aq2,ticks_shallow_plant_aq2,ticks_all_plant_aq3,ticks_deep_plant_aq3,ticks_shallow_plant_aq3,ticks_all_consumer_aq0,ticks_deep_consumer_aq0,ticks_shallow_consumer_aq0,ticks_all_consumer_aq1,ticks_deep_consumer_aq1,ticks_shallow_consumer_aq1,ticks_all_consumer_aq2,ticks_deep_consumer_aq2,ticks_shallow_consumer_aq2,ticks_all_consumer_aq3,ticks_deep_consumer_aq3,ticks_shallow_consumer_aq3,water_movement_plant_deep,water_movement_plant_shallow,water_movement_consumer_deep,water_movement_consumer_shallow,crossings_plant,crossings_consumer,new_region_events,food_spawned_deep,food_spawned_shallow,food_spawned_land,food_eaten,food_eaten_deep,food_eaten_shallow,plant_on_deep,plant_on_shallow,plant_on_sand,plant_on_grass,plant_on_forest,plant_on_rock,grazer_on_deep,grazer_on_shallow,grazer_on_sand,grazer_on_grass,grazer_on_forest,grazer_on_rock,omnivore_on_deep,omnivore_on_shallow,omnivore_on_sand,omnivore_on_grass,omnivore_on_forest,omnivore_on_rock,hunter_on_deep,hunter_on_shallow,hunter_on_sand,hunter_on_grass,hunter_on_forest,hunter_on_rock,plant_in_r0,plant_in_r1,plant_in_r2,plant_in_r3,plant_in_r4,plant_in_r5,plant_in_rother,plant_in_rminor,grazer_in_r0,grazer_in_r1,grazer_in_r2,grazer_in_r3,grazer_in_r4,grazer_in_r5,grazer_in_rother,grazer_in_rminor,omnivore_in_r0,omnivore_in_r1,omnivore_in_r2,omnivore_in_r3,omnivore_in_r4,omnivore_in_r5,omnivore_in_rother,omnivore_in_rminor,hunter_in_r0,hunter_in_r1,hunter_in_r2,hunter_in_r3,hunter_in_r4,hunter_in_r5,hunter_in_rother,hunter_in_rminor,region_sep,region_null,region_species,region_confined,region_confined_null,biome_sep,biome_null,biome_species,biome_confined,biome_confined_null
31,1.0,513,7688,0,144,192,73,104,1,13.33,0.826,0.840,0.220,0.164,0.198,-0.286,1.574,0.3243,1.4914,0.825,0.465,0.068,0.096,0.019,47,0,30,0,0,0,25118.48,1377.410,7870.418,55.257,78.693,14.644,2336.487,1404.605,0.110,5019.560,4015.648,1533.636,862.826,163.414,0.000114,-0.001040,19,0,21,9,15,11,3926,10,9,14.067,808,60,46,5,0,41,0,1080,122,98,11,0,81,5,2623,336,5,6179.247,5684.757,50.069,0.164,4.777,497.794,396.193,21.964,106,3,0,3,0,36,1346,113,0,1775.000,991.235,0.000,0.483,3.595,262.581,159.752,7.980,6,5,0,5,0,50,1402,110,0,1507.500,534.083,0.000,4.554,3.532,299.053,187.876,9.829,3,6,0,6,0,87,1764,159,2,1781.127,290.809,3.304,11.240,1.829,385.976,217.980,6.612,3,3,0,3,0,47,1117,117,0,1350.000,90.898,0.000,3.241,0.268,228.062,162.341,3.571,0,1,0,1,0,1,1166,119,2,1512.056,22.555,0.102,21.508,0.066,270.660,148.766,6.675,0,3,0,3,0,28,2,3,0,0,5,1,0,0,0,0,0,0,2151,21,20,2079,0,47,0,0,0,0,0,0,4677,194,320,4741,158,257,0,0,0,0,0,0,1.247,1.598,162.073,87.137,0,0,0,61,44,109,1034,57,79,1,5,61,40,6,31,33,13,38,74,10,24,6,12,48,13,6,19,7,5,28,15,4,14,138,0,0,0,0,0,0,0,146,0,0,0,0,0,0,0,86,0,0,0,0,0,0,0,61,0,0,0,0,0,0,0,1.0000,1.0000,1,1,1,0.3411,0.3411,1,0,0
61,2.0,712,6696,0,144,407,66,95,2,27.88,0.814,0.900,0.177,0.143,0.146,-0.554,1.586,0.3222,1.7837,0.844,0.514,0.058,0.088,0.035,65,4,47,0,0,0,30420.65,1348.995,15418.968,66.400,39.359,19.999,2939.755,3179.549,1.814,8953.459,7162.767,2002.864,1419.720,197.791,0.000143,-0.002244,21,0,39,8,23,20,6666,6,8,9.884,753,108,79,12,0,39,28,1042,132,107,11,3,88,5,7070,675,1,14414.987,13550.541,23.375,0.087,5.753,1152.798,1893.888,115.392,227,18,1,17,0,467,1416,94,8,1418.754,799.562,6.962,1.432,0.000,276.914,201.970,6.457,8,3,1,2,0,126,1346,118,0,1865.000,690.882,0.000,1.652,2.117,289.619,246.738,8.986,6,7,0,7,0,233,1597,106,1,1027.672,172.665,0.823,11.418,1.979,349.287,249.254,7.295,0,8,0,8,0,345,1063,99,3,952.294,66.256,1.650,7.810,0.000,218.088,182.587,4.090,0,2,1,1,0,105,1033,93,2,1142.444,14.645,0.042,34.117,0.036,238.595,163.350,17.453,0,5,1,4,0,219,0,1,0,0,0,0,0,1,0,0,0,0,2219,30,116,2154,0,102,0,0,0,0,0,0,5613,1055,496,7912,2204,564,0,0,0,0,0,0,1.781,5.380,1701.297,124.033,0,0,0,74,51,111,1228,342,169,2,10,60,36,5,31,162,25,95,86,6,33,15,14,36,12,3,15,11,9,22,12,4,8,132,0,0,0,0,0,0,0,220,0,0,0,0,0,0,0,66,0,0,0,0,0,0,0,46,0,0,0,0,0,0,0,1.0000,1.0000,1,1,1,0.2992,0.2992,1,0,0
91,3.0,969,5426,0,150,667,64,88,2,33.03,0.799,0.950,0.168,0.122,0.117,-0.683,1.589,0.3197,2.0350,0.852,0.493,0.056,0.080,0.044,72,32,61,0,1,0,37299.35,1388.276,21984.844,89.674,75.442,21.701,3957.128,6186.252,5.180,12384.973,9907.978,2451.124,1276.834,230.589,0.000147,-0.001605,31,0,58,3,39,36,11312,16,3,13.897,733,67,39,15,0,19,5,957,95,80,12,0,66,2,13805,931,8,20843.972,19721.720,70.185,0.308,13.897,2173.659,4700.027,214.813,324,69,27,41,1,2149,1711,132,2,1816.624,1019.572,2.685,3.202,0.000,342.717,327.689,3.847,12,8,0,8,0,303,1289,129,0,2192.500,790.738,0.000,2.699,0.000,275.167,241.251,7.326,6,6,2,4,0,300,1437,106,0,1005.000,174.649,0.000,9.602,0.000,316.753,258.626,3.534,0,4,1,3,0,297,992,99,2,1281.298,92.878,1.256,10.048,0.000,211.471,160.215,5.995,0,3,1,2,0,225,975,76,3,896.068,10.585,0.046,49.917,0.000,215.099,163.349,11.534,0,1,1,0,0,85,0,0,0,0,0,2,0,3,0,0,0,0,2372,94,196,2050,20,155,0,0,0,0,0,0,7535,2638,706,12674,5745,781,0,0,0,0,0,0,8.220,7.853,4148.408,219.195,0,0,0,65,57,127,1519,638,250,5,15,60,37,4,29,337,37,95,103,6,89,20,15,31,9,1,12,12,10,17,14,2,9,130,0,0,0,0,0,0,0,293,0,0,0,0,0,0,0,53,0,0,0,0,0,0,0,42,0,0,0,0,0,0,0,1.0000,1.0000,1,1,1,0.3860,0.3860,1,0,0
121,4.0,1512,3508,0,152,1222,59,79,3,50.65,0.764,1.012,0.140,0.116,0.087,-0.797,1.596,0.3133,2.3231,0.837,0.461,0.046,0.073,0.052,99,99,73,0,0,0,52345.50,1448.480,40802.887,89.003,268.418,22.341,5611.587,12006.255,5.537,24377.456,19501.965,2689.233,1832.442,273.676,0.000139,-0.001422,88,0,67,6,47,44,18387,62,6,15.657,727,88,85,17,1,59,8,833,118,80,21,0,58,1,25423,1673,20,40172.118,37816.023,257.820,0.421,14.763,3798.815,10235.490,348.337,677,140,84,56,0,5951,2002,207,0,3180.000,1982.808,0.000,0.454,0.000,420.924,322.333,11.589,26,9,4,5,0,704,1237,95,4,1847.237,624.114,4.465,9.085,0.000,260.672,353.231,14.529,2,5,3,2,0,436,1302,77,0,822.500,136.822,0.000,8.320,0.000,283.326,244.236,8.745,1,6,4,2,0,613,941,80,0,1160.000,84.900,0.000,8.010,0.813,203.432,139.961,4.142,1,3,1,2,0,318,943,39,2,462.148,6.933,0.216,47.055,0.081,208.304,207.581,19.718,0,3,3,0,0,346,0,0,0,0,0,0,0,1,0,0,0,0,2503,146,276,2041,41,223,0,0,0,0,0,0,10780,4199,1250,21037,12648,1294,31,31,0,0,0,0,15.706,12.221,8844.504,329.642,0,0,0,88,58,147,2211,1294,378,8,19,60,37,3,25,744,148,109,108,2,111,27,13,20,11,0,8,16,11,15,9,1,7,125,0,0,0,0,0,0,0,330,0,0,0,0,0,0,0,39,0,0,0,0,0,0,0,32,0,0,0,0,0,0,0,1.0000,1.0000,1,1,1,0.5258,0.5258,1,0,0
151,5.0,1925,1515,44,154,1648,51,72,6,58.22,0.747,1.043,0.135,0.105,0.076,-0.840,1.591,0.3277,2.5277,0.835,0.403,0.034,0.068,0.057,104,205,198,0,0,0,60130.70,1441.335,45817.002,112.222,605.444,23.270,7905.807,18526.350,6.111,27548.812,22039.050,5676.046,1377.096,584.184,0.000116,-0.000995,64,0,194,4,146,144,28581,24,4,6.670,650,122,122,36,0,86,0,868,126,118,28,0,90,0,41983,1972,34,47330.491,43964.702,555.831,0.901,0.000,6042.487,16460.066,552.117,786,373,185,188,0,17816,2595,178,3,2239.345,1313.884,40.419,2.839,0.000,571.992,461.539,12.532,19,9,5,4,0,884,1160,35,3,695.162,239.628,4.569,6.542,3.826,239.079,344.484,13.954,4,2,2,0,0,277,1185,42,0,577.500,112.456,0.000,15.243,2.845,252.001,214.879,7.536,0,7,6,1,0,1009,844,34,0,465.000,32.783,0.000,5.779,0.000,174.621,142.037,5.095,0,3,3,0,0,326,817,13,0,202.500,1.845,0.000,74.247,0.000,182.065,180.455,27.161,0,5,4,1,0,632,1,0,0,0,1,0,0,3,0,0,0,0,2582,210,303,2057,86,297,0,0,0,0,0,0,14865,6677,2972,33630,18734,6540,89,21,68,0,0,0,28.820,11.584,13918.333,1616.770,0,0,0,82,79,156,2310,887,943,13,22,57,37,5,20,670,488,259,161,4,66,29,8,14,14,0,7,19,5,13,9,2,3,119,0,0,0,0,0,0,0,490,0,0,0,0,0,0,0,35,0,0,0,0,0,0,0,27,0,0,0,0,0,0,0,1.0000,1.0000,5,5,5,0.4447,0.4096,8,0,0
181,6.0,1872,688,44,164,1622,33,53,4,77.31,0.741,1.052,0.119,0.111,0.081,-0.861,1.603,0.3219,2.6040,0.784,0.372,0.029,0.068,0.055,92,300,180,0,1,0,54780.48,1465.573,24892.229,118.202,770.952,16.820,8615.182,15072.298,7.433,14583.779,11667.024,4475.025,263.690,475.845,0.000154,-0.000949,69,0,177,3,107,105,31126,12,3,6.958,508,107,106,46,0,60,0,780,180,166,40,1,119,6,47663,1100,54,26982.525,24309.512,750.737,0.878,6.599,6926.101,12971.755,509.258,408,419,251,167,1,25580,2550,51,1,720.977,432.306,3.433,2.212,0.000,560.586,783.110,16.201,7,22,17,5,0,1716,1034,7,1,74.929,26.758,1.973,4.483,0.000,211.015,272.798,24.174,0,10,8,2,0,1401,880,9,1,120.957,14.516,8.084,22.293,0.000,190.769,152.017,6.483,0,9,9,0,0,1460,656,11,0,82.500,8.086,0.000,23.509,0.359,127.626,108.244,15.660,0,9,7,2,0,1380,578,4,0,47.500,0.660,0.000,57.868,0.000,130.630,78.219,29.472,0,9,8,1,0,1487,0,0,0,0,0,0,0,0,0,0,0,0,2703,304,387,2051,143,264,0,0,0,0,0,0,15506,6320,3224,37738,8794,12523,117,0,14,0,0,0,34.367,12.497,7550.769,2962.048,0,0,0,117,83,178,1205,195,488,16,23,60,43,4,18,322,452,462,316,13,57,23,7,8,9,0,6,12,1,8,6,4,2,125,0,0,0,0,0,0,0,848,0,0,0,0,0,0,0,23,0,0,0,0,0,0,0,20,0,0,0,0,0,0,0,1.0000,1.0000,6,6,6,0.4075,0.3691,8,0,0
211,7.0,1694,422,44,159,1479,21,35,8,92.73,0.727,1.053,0.091,0.110,0.083,-0.883,1.612,0.3221,2.7461,0.785,0.340,0.024,0.069,0.053,86,269,130,0,1,0,46332.31,1483.914,15621.739,99.295,634.124,15.009,7895.387,12219.372,5.962,7272.713,5818.170,3443.368,235.293,399.188,0.000115,-0.000872,174,0,122,8,96,89,27988,117,8,31.486,342,94,93,20,0,73,0,661,99,95,19,0,76,0,45638,665,53,16893.519,15308.518,597.071,0.989,29.022,6582.750,10676.707,452.636,218,331,215,115,1,25410,1870,27,4,407.028,218.256,18.300,0.183,2.363,420.286,563.909,9.403,1,31,26,5,0,3386,684,3,0,40.000,15.896,0.000,1.334,0.000,124.860,163.687,9.334,0,9,8,1,0,1481,629,7,0,87.500,15.353,0.000,13.341,0.000,134.993,119.880,6.973,0,9,9,0,0,1778,378,8,0,112.500,8.445,0.000,27.467,0.101,67.851,45.757,12.515,0,9,8,1,0,1737,418,4,0,82.500,2.020,0.000,24.495,0.000,87.657,41.040,4.347,0,3,3,0,0,601,0,0,0,0,0,0,0,0,0,0,0,0,2741,410,454,2096,213,229,0,0,0,0,0,0,13765,4194,2415,35732,5352,8356,120,0,0,0,0,0,44.704,11.636,4526.613,1995.596,0,0,0,156,90,212,724,122,141,25,24,48,38,4,20,348,216,421,326,77,91,18,4,4,4,0,5,5,2,3,6,3,2,110,0,0,0,0,0,0,0,915,0,0,0,0,0,0,0,13,0,0,0,0,0,0,0,14,0,0,0,0,0,0,0,1.0000,1.0000,5,5,5,0.3927,0.3364,8,0,0
241,8.0,1309,475,44,157,1117,14,21,8,102.97,0.718,1.037,0.085,0.106,0.097,-0.893,1.605,0.3189,2.7130,0.804,0.325,0.025,0.069,0.052,73,377,90,0,3,0,35163.81,1501.385,9323.734,53.224,496.979,13.059,6445.026,12539.083,11.767,2896.528,2317.222,2050.491,104.940,316.231,0.000123,-0.001643,67,0,88,2,67,65,22804,16,2,5.235,249,67,57,11,0,46,0,441,55,50,21,0,29,0,38225,396,45,10240.106,9161.455,485.998,0.640,0.000,5477.329,11650.183,278.589,82,425,336,86,3,38939,1059,11,0,187.500,113.609,0.000,0.713,0.000,243.248,249.604,3.502,0,19,17,2,0,2902,455,4,0,47.500,19.216,0.000,3.263,5.235,84.994,103.603,10.422,0,8,8,0,0,1813,362,4,0,30.000,5.883,0.000,12.732,0.000,74.943,61.905,5.050,0,6,6,0,0,1214,248,2,2,40.038,2.400,0.678,18.821,0.000,42.997,22.875,7.925,0,1,1,0,0,219,260,0,4,91.309,0.000,2.415,11.820,0.000,50.853,19.979,1.310,0,6,6,0,0,1346,0,0,0,0,0,0,0,0,0,0,0,0,2734,592,474,2053,240,281,0,0,0,0,0,0,10628,3362,1582,29919,9785,3621,62,29,0,0,0,0,59.390,11.685,6993.062,872.776,0,0,0,157,84,233,421,150,71,29,25,44,37,4,18,478,112,255,112,25,135,8,2,1,5,0,5,1,2,1,5,3,2,103,0,0,0,0,0,0,0,527,0,0,0,0,0,0,0,11,0,0,0,0,0,0,0,11,0,0,0,0,0,0,0,1.0000,1.0000,3,3,3,0.4465,0.3833,7,0,0
271,9.0,1000,572,44,161,816,9,14,5,119.23,0.727,0.992,0.086,0.097,0.118,-0.897,1.607,0.3209,2.5131,0.776,0.348,0.032,0.069,0.054,66,372,22,0,4,0,30231.84,1524.302,10365.741,14.141,363.793,13.215,4846.981,10566.218,10.629,3077.375,2461.900,570.726,94.433,131.695,0.000110,-0.002314,56,0,21,1,15,15,16975,9,1,0.042,228,41,38,2,0,36,0,256,29,29,12,0,17,0,28213,437,43,11204.090,10203.648,362.863,0.083,0.000,4072.881,10020.951,142.635,84,380,355,21,4,41035,711,16,0,207.500,119.270,0.000,0.000,0.000,153.204,144.501,0.000,0,5,5,0,0,880,253,3,0,22.500,8.789,0.000,3.794,0.000,44.122,47.511,5.737,0,3,3,0,0,736,251,1,0,25.000,5.621,0.000,3.858,0.000,50.808,38.382,2.266,0,4,4,0,0,1035,190,4,0,30.000,2.330,0.000,1.743,0.000,34.731,27.771,0.872,0,3,3,0,0,763,143,3,4,44.862,0.166,0.592,4.622,0.042,28.374,7.722,0.944,0,2,2,0,0,505,0,0,0,0,0,0,0,0,0,0,0,0,2714,675,441,2037,275,319,0,0,0,0,0,0,7801,2716,1204,21900,10407,2163,60,60,0,0,0,0,66.818,12.214,7257.571,526.220,0,0,0,178,115,277,473,192,81,35,27,42,41,2,14,356,102,153,96,12,97,6,0,2,3,0,3,2,1,1,2,3,0,99,0,0,0,0,0,0,0,358,0,0,0,0,0,0,0,8,0,0,0,0,0,0,0,6,0,0,0,0,0,0,0,1.0000,1.0000,3,3,3,0.4682,0.3925,7,0,0
301,10.0,897,658,29,163,720,6,8,4,143.73,0.731,0.972,0.077,0.097,0.130,-0.909,1.611,0.3180,2.3863,0.816,0.337,0.031,0.069,0.056,66,208,19,0,2,0,28708.31,1649.009,10222.466,11.623,430.365,11.500,3951.616,7559.933,7.650,4415.576,3532.461,555.944,304.061,144.302,0.000121,-0.003271,45,0,17,2,10,10,12892,16,2,1.831,139,27,26,3,0,14,9,176,13,7,4,0,3,0,22201,432,26,11011.588,10062.155,360.429,0.022,0.000,3276.879,7167.400,111.169,121,209,191,16,2,27028,491,15,2,229.556,125.200,5.549,0.000,0.000,101.384,76.819,0.104,0,8,7,1,0,1652,150,3,1,44.952,15.998,1.645,0.000,0.000,26.361,30.549,0.213,0,4,4,0,0,1093,149,3,0,22.500,2.953,0.000,4.339,1.280,30.119,14.577,1.471,0,2,2,0,0,571,123,2,0,15.000,1.350,0.000,5.431,0.551,22.564,18.807,3.550,0,2,2,0,0,575,107,1,0,7.500,0.036,0.000,0.000,0.000,19.583,4.522,0.297,0,1,1,0,0,288,0,0,0,0,0,0,0,0,0,0,0,0,2833,758,520,2058,318,370,0,0,0,0,0,0,6231,1862,893,16924,7594,2035,66,60,6,0,0,0,70.865,18.952,4947.229,456.234,0,0,0,176,114,258,462,178,84,38,29,40,43,0,13,270,110,172,83,13,72,2,2,1,2,1,0,1,1,0,2,2,0,96,0,0,0,0,0,0,0,340,0,0,0,0,0,0,0,4,0,0,0,0,0,0,0,4,0,0,0,0,0,0,0,1.0000,1.0000,5,5,5,0.4375,0.3824,10,0,0
331,11.0,908,766,29,178,722,4,4,4,149.79,0.721,0.965,0.072,0.095,0.139,-0.920,1.624,0.3208,2.3832,0.788,0.320,0.033,0.068,0.057,69,132,20,0,1,0,30423.75,1837.818,11982.202,17.425,395.643,10.444,3750.467,6359.759,6.727,5562.314,4449.851,516.923,302.469,73.205,0.000090,-0.003459,28,0,19,1,15,14,11709,0,1,6.231,97,10,10,5,0,0,5,59,3,3,0,0,3,0,21019,510,28,12983.341,11870.120,395.643,0.117,6.231,3128.647,6026.765,109.587,148,143,123,19,1,20156,367,5,0,107.500,64.168,0.000,0.000,0.000,74.971,46.466,0.000,0,3,3,0,0,683,106,5,0,72.500,29.049,0.000,0.000,0.000,18.971,14.496,0.199,0,1,1,0,0,317,52,0,0,0.000,0.000,0.000,0.000,0.000,7.667,6.694,0.000,0,3,3,0,0,925,82,1,0,7.500,0.245,0.000,8.561,0.000,14.368,7.389,2.964,0,1,1,0,0,323,65,3,0,22.500,0.194,0.000,2.516,0.000,13.589,3.932,0.159,0,1,1,0,0,306,0,0,0,0,0,0,0,0,0,0,0,0,3042,869,488,2066,368,352,0,0,0,0,0,0,5713,1541,767,15875,5897,2745,103,63,40,0,0,0,80.432,18.107,3685.929,594.358,0,0,0,184,149,305,530,140,106,43,28,43,48,2,14,220,106,171,150,14,61,1,1,1,1,0,0,1,1,1,0,1,0,107,0,0,0,0,0,0,0,396,0,0,0,0,0,0,0,2,0,0,0,0,0,0,0,2,0,0,0,0,0,0,0,1.0000,1.0000,5,5,5,0.4093,0.3338,9,0,0
361,12.0,994,861,29,187,800,3,4,6,145.26,0.719,0.976,0.066,0.091,0.133,-0.926,1.628,0.3222,2.4464,0.761,0.305,0.032,0.067,0.059,52,83,21,0,0,0,33594.16,1929.912,13662.446,7.130,605.689,8.982,3945.141,6121.604,7.416,6524.705,5219.764,539.051,415.197,95.718,0.000159,-0.005275,57,0,21,0,19,19,12288,0,0,0.000,102,2,2,2,0,0,0,46,14,5,4,0,0,1,22523,578,57,14956.731,13502.902,605.689,0.303,0.000,3326.610,5759.770,128.225,180,102,81,21,0,13560,303,8,0,147.500,88.642,0.000,0.000,0.000,56.460,49.253,0.165,1,1,1,0,0,350,90,4,0,65.000,26.102,0.000,2.723,0.000,15.076,14.367,2.596,0,0,0,0,0,0,30,0,0,0.000,0.000,0.000,0.000,0.000,2.519,0.196,0.158,0,0,0,0,0,0,60,2,0,50.000,4.361,0.000,0.000,0.000,8.357,6.651,0.000,0,0,0,0,0,0,44,1,0,7.500,0.065,0.000,4.104,0.000,10.803,3.242,0.232,0,1,1,0,0,345,0,0,0,0,0,0,0,0,0,0,0,0,3384,1057,521,2080,425,315,1,0,0,0,0,0,6110,1497,1192,16839,4869,2525,101,0,68,0,0,0,96.462,15.223,2983.637,594.321,0,0,0,231,134,334,604,146,135,53,28,44,46,3,13,230,127,214,130,23,76,2,0,0,2,0,0,1,2,0,0,0,0,106,0,0,0,0,0,0,0,443,0,0,0,0,0,0,0,2,0,0,0,0,0,0,0,0,0,0,0,0,0,0,0,1.0000,1.0000,7,7,7,0.3842,0.3298,9,0,0
391,13.0,1099,873,29,195,897,3,4,6,151.64,0.732,0.978,0.061,0.084,0.127,-0.930,1.623,0.3186,2.4376,0.775,0.272,0.031,0.067,0.059,68,89,29,0,2,0,37272.22,2098.738,16370.778,30.087,593.471,8.134,4341.143,7189.582,9.308,7886.588,6309.271,999.382,588.675,116.139,0.000181,-0.007163,48,0,24,5,24,20,13494,0,5,14.065,76,7,6,4,0,2,0,32,8,4,4,0,0,0,25001,693,48,17796.809,16240.860,593.471,0.266,12.109,3703.092,6797.804,154.248,211,113,88,24,1,17033,261,6,0,115.000,69.522,0.000,0.000,0.000,48.598,44.994,0.000,1,2,1,0,1,722,90,4,0,47.500,17.918,0.000,2.716,1.797,15.040,10.493,3.894,0,0,0,0,0,0,30,0,0,0.000,0.000,0.000,0.000,0.000,2.522,0.237,0.032,0,0,0,0,0,0,60,0,0,0.000,0.000,0.000,6.574,0.160,8.321,3.972,2.223,0,0,0,0,0,0,30,2,0,15.000,0.073,0.000,6.465,0.000,8.971,2.334,0.464,0,0,0,0,0,0,0,0,0,0,0,0,0,0,0,0,0,0,3584,1203,469,2149,422,367,30,0,0,0,0,0,7149,1927,1830,18179,5708,2399,144,0,25,0,0,0,105.451,14.200,3755.628,694.772,0,0,0,210,137,381,716,200,156,58,27,50,42,4,14,286,160,201,156,23,71,1,1,0,1,1,0,1,1,0,1,0,0,110,0,0,0,0,0,0,0,451,0,0,0,0,0,0,0,2,0,0,0,0,0,0,0,1,0,0,0,0,0,0,0,1.0000,1.0000,6,6,6,0.4496,0.3230,10,0,0
421,14.0,1217,861,29,202,1009,2,4,7,134.82,0.747,0.986,0.058,0.085,0.121,-0.935,1.620,0.3142,2.3884,0.767,0.262,0.031,0.065,0.058,77,108,22,0,1,0,41499.39,2261.474,18183.909,27.422,644.534,8.587,4881.563,8423.768,11.267,8926.610,7141.288,758.858,294.592,90.265,0.000121,-0.007905,51,0,20,2,17,15,15062,0,2,14.218,58,8,8,5,0,3,0,46,2,2,0,1,1,0,28066,773,51,19792.593,18092.032,644.534,0.413,14.218,4233.125,7976.399,178.775,240,127,107,19,1,14726,259,5,0,107.500,65.717,0.000,0.000,0.000,46.816,68.115,0.000,0,1,1,0,0,366,90,1,0,7.500,2.353,0.000,0.000,0.000,15.036,12.605,0.649,0,0,0,0,0,0,30,0,0,0.000,0.000,0.000,0.000,0.000,2.514,0.250,0.016,0,0,0,0,0,0,42,0,0,0.000,0.000,0.000,2.493,0.000,4.921,2.534,0.026,0,1,0,1,0,403,30,0,0,0.000,0.000,0.000,10.297,0.000,8.971,1.363,0.696,0,0,0,0,0,0,0,0,0,0,0,0,0,0,0,0,0,0,3661,1411,484,2271,437,313,30,0,0,0,0,0,8422,2246,2322,19834,7036,2518,261,73,13,0,0,0,123.198,12.487,4668.180,811.446,0,0,0,244,150,382,788,239,157,68,24,52,44,2,12,351,165,205,170,34,84,2,0,0,1,1,0,1,1,0,0,0,0,110,0,0,0,0,0,0,0,493,0,0,0,0,0,0,0,2,0,0,0,0,0,0,0,0,0,0,0,0,0,0,0,1.0000,1.0000,7,7,7,0.4929,0.3663,10,0,0
451,15.0,1296,805,26,211,1080,2,3,5,128.96,0.763,0.980,0.055,0.080,0.119,-0.937,1.625,0.3115,2.3434,0.733,0.265,0.029,0.066,0.057,85,131,33,0,1,0,44290.31,2418.395,18614.956,21.612,569.559,8.381,5426.964,9536.286,10.190,8758.079,7006.463,944.492,467.458,127.030,0.000108,-0.008399,51,0,31,2,27,25,16328,6,2,6.449,54,6,6,6,0,0,0,20,1,1,1,0,0,0,31040,794,44,20073.887,18444.381,558.067,0.198,6.449,4766.490,9069.199,202.253,233,161,129,31,1,19973,248,10,1,242.161,141.097,5.974,0.000,0.000,46.935,47.548,0.000,0,1,1,0,0,302,80,2,0,32.500,13.212,0.000,0.656,0.000,13.450,14.448,0.649,0,1,1,0,0,441,30,0,0,0.000,0.000,0.000,0.000,0.000,2.514,0.250,0.000,0,0,0,0,0,0,30,0,0,0.000,0.000,0.000,0.000,0.000,2.659,1.772,0.000,0,0,0,0,0,0,30,1,0,7.500,0.036,0.000,14.309,0.000,8.971,1.747,0.696,0,0,0,0,0,0,0,0,0,0,0,0,0,0,0,0,0,0,3771,1507,447,2347,593,240,30,0,0,0,0,0,9275,2507,2387,21819,8194,3115,364,202,47,0,0,0,142.986,10.842,5574.430,927.370,0,0,0,235,151,373,815,252,164,73,23,53,44,5,13,380,190,196,189,29,96,2,0,0,0,1,0,1,1,0,0,0,0,115,0,0,0,0,0,0,0,510,0,0,0,0,0,0,0,1,0,0,0,0,0,0,0,0,0,0,0,0,0,0,0,1.0000,1.0000,12,12,12,0.4238,0.3692,13,0,0
481,16.0,1402,773,26,233,1165,2,2,7,119.07,0.767,0.972,0.057,0.079,0.121,-0.938,1.645,0.3103,2.2983,0.681,0.240,0.028,0.067,0.057,83,127,44,0,0,0,47680.91,2618.151,21211.022,21.751,690.656,8.342,5946.589,10438.916,8.548,9861.819,7889.456,1234.496,688.624,170.788,0.000135,-0.008774,67,0,42,2,41,39,17233,4,2,16.122,50,3,3,3,0,0,0,11,0,0,0,0,0,0,33439,901,63,23046.565,21110.449,687.424,0.510,16.122,5250.325,9924.358,208.017,253,168,126,42,0,18774,240,6,0,132.500,82.175,0.000,0.000,0.000,45.850,75.467,0.000,0,0,0,0,0,0,41,0,0,0.000,0.000,0.000,0.000,0.000,7.652,9.287,0.000,0,1,1,0,0,462,30,0,0,0.000,0.000,0.000,0.000,0.000,2.540,0.250,0.000,0,0,0,0,0,0,30,0,0,0.000,0.000,0.000,0.000,0.000,2.666,1.772,0.000,0,0,0,0,0,0,30,0,0,0.000,0.000,0.000,5.119,0.000,8.971,2.719,0.348,0,0,0,0,0,0,0,0,0,0,0,0,0,0,0,0,0,0,4119,1681,449,2506,681,192,30,0,0,0,0,0,10372,2968,2233,22977,9119,3257,461,192,5,0,0,0,160.916,8.502,6372.854,932.766,0,0,0,261,194,429,916,321,174,82,24,56,52,5,14,423,194,240,212,18,78,1,0,0,0,1,0,1,1,0,0,0,0,127,0,0,0,0,0,0,0,548,0,0,0,0,0,0,0,1,0,0,0,0,0,0,0,0,0,0,0,0,0,0,0,1.0000,1.0000,10,10,10,0.4627,0.3796,14,0,0
511,17.0,1486,775,26,249,1234,1,2,9,142.05,0.778,0.977,0.054,0.075,0.121,-0.937,1.640,0.3197,2.3215,0.695,0.233,0.028,0.067,0.058,93,164,50,0,0,0,50317.39,2891.372,21922.919,19.773,713.381,9.512,6389.714,11459.197,12.675,10935.050,8748.040,1297.794,649.153,202.038,0.000122,-0.008581,53,0,47,3,50,47,17713,1,3,19.186,33,8,0,0,0,0,0,8,0,0,0,0,0,0,35680,939,52,24085.376,21834.774,712.527,0.587,19.186,5659.222,10876.081,239.563,279,209,162,47,0,28887,215,4,0,100.000,58.882,0.000,0.000,0.000,41.741,105.372,0.000,0,1,1,0,0,105,30,0,0,0.000,0.000,0.000,0.000,0.000,6.187,8.270,0.000,0,0,0,0,0,0,30,0,0,0.000,0.000,0.000,0.000,0.000,2.563,0.250,0.000,0,0,0,0,0,0,30,0,0,0.000,0.000,0.000,0.000,0.000,2.684,1.772,0.000,0,0,0,0,0,0,9,1,0,7.500,0.036,0.000,0.000,0.000,2.691,0.563,0.928,0,1,1,0,0,490,0,0,0,0,0,0,0,0,0,0,0,0,4525,1691,507,2595,721,204,30,0,0,0,0,0,10991,3650,2297,24296,9224,3502,707,243,31,0,0,0,164.336,9.602,7049.199,1012.703,0,0,0,283,208,470,959,285,215,79,26,62,60,6,16,449,202,243,200,19,121,1,0,0,0,1,0,1,0,0,0,0,0,144,0,0,0,0,0,0,0,583,0,0,0,0,0,0,0,1,0,0,0,0,0,0,0,0,0,0,0,0,0,0,0,1.0000,1.0000,10,10,10,0.4380,0.3742,14,0,0
541,18.0,1593,695,26,264,1326,1,2,8,122.38,0.788,0.976,0.050,0.074,0.120,-0.934,1.645,0.3140,2.2820,0.684,0.208,0.029,0.068,0.061,91,157,67,0,2,0,53700.89,3252.550,24562.861,28.926,1062.766,10.421,7013.049,12041.611,12.506,12159.012,9727.210,2008.159,664.717,288.999,0.000190,-0.009741,111,0,59,8,67,59,18795,8,8,28.191,12,0,0,0,0,0,0,0,0,0,0,0,0,0,38656,1059,102,27481.377,24506.624,1054.957,0.735,28.191,6226.747,11412.949,292.507,309,216,155,59,2,24901,183,2,1,57.717,32.915,4.772,0.000,0.000,37.235,89.012,0.000,0,2,2,0,0,891,30,0,0,0.000,0.000,0.000,0.000,0.000,6.177,7.348,0.000,0,0,0,0,0,0,30,0,0,0.000,0.000,0.000,0.000,0.000,2.566,0.243,0.000,0,0,0,0,0,0,30,0,0,0.000,0.000,0.000,0.000,0.000,2.722,1.772,0.000,0,0,0,0,0,0,0,0,0,0.000,0.000,0.000,0.000,0.000,0.000,0.000,0.000,0,0,0,0,0,0,1,0,0,0,0,0,0,0,0,0,0,0,4925,1613,502,2764,749,280,57,0,0,0,0,0,12044,3333,2611,25926,9387,3651,959,528,171,0,0,0,164.604,13.505,7027.399,1149.778,0,0,0,298,214,480,1072,304,228,78,25,69,59,10,23,414,222,293,241,44,112,1,0,0,1,0,0,1,0,0,0,0,0,161,0,0,0,0,0,0,0,690,0,0,0,0,0,0,0,1,0,0,0,0,0,0,0,0,0,0,0,0,0,0,0,1.0000,1.0000,10,10,10,0.4042,0.3253,15,0,0
571,19.0,1693,705,26,292,1398,1,2,6,152.87,0.796,0.974,0.049,0.069,0.124,-0.930,1.646,0.3090,2.2500,0.641,0.202,0.029,0.068,0.058,93,153,67,0,2,0,57180.47,3523.108,25003.041,36.668,1108.069,11.288,7412.575,12277.100,6.147,11755.127,9404.102,2069.071,646.598,320.717,0.000162,-0.010018,142,0,61,6,67,61,19435,16,6,35.663,9,0,0,0,0,0,0,6,1,1,0,0,0,1,40205,1082,126,28022.233,24920.495,1097.109,1.005,35.663,6577.486,11693.235,290.350,287,214,152,61,1,31400,144,4,0,100.000,55.930,0.000,0.000,0.000,29.144,38.324,0.000,1,2,1,0,1,756,30,0,0,0.000,0.000,0.000,0.000,0.000,6.192,7.532,0.000,0,0,0,0,0,0,30,1,0,7.500,1.306,0.000,0.000,0.000,2.604,0.196,0.016,0,0,0,0,0,0,30,0,0,0.000,0.000,0.000,0.000,0.000,2.756,1.772,0.000,0,0,0,0,0,0,0,0,0,0.000,0.000,0.000,0.000,0.000,0.000,0.000,0.000,0,0,0,0,0,0,0,0,0,0,0,0,0,0,0,0,0,0,5336,1697,520,2936,749,291,32,0,0,0,0,0,13357,3465,2600,26190,9261,3537,892,388,118,0,0,0,165.292,15.021,7006.989,1073.180,0,0,0,340,214,554,1098,314,229,86,30,83,59,14,20,448,209,290,296,41,114,1,0,0,1,0,0,1,0,0,0,0,0,176,0,0,0,0,0,0,0,741,0,0,0,0,0,0,0,1,0,0,0,0,0,0,0,0,0,0,0,0,0,0,0,1.0000,1.0000,10,10,10,0.4323,0.3320,16,0,0
601,20.0,1778,723,24,302,1475,0,1,6,146.55,0.814,0.974,0.051,0.068,0.122,-0.928,1.654,0.3128,2.1997,0.646,0.175,0.028,0.068,0.056,92,167,83,0,3,0,60830.49,3798.415,27054.998,37.276,1467.454,9.348,8076.477,13041.233,6.355,12577.202,10061.762,2669.251,538.481,393.430,0.000140,-0.010630,177,0,74,9,83,74,20650,7,9,36.470,1,0,0,0,0,0,0,0,0,0,0,0,0,0,43221,1180,170,30875.529,27014.115,1466.307,0.807,36.470,7191.432,12392.627,350.264,319,240,166,73,1,32787,129,1,0,25.000,16.457,0.000,0.000,0.000,27.705,28.043,0.650,0,2,0,1,1,1034,18,0,0,0.000,0.000,0.000,0.000,0.000,3.742,4.738,0.000,0,1,0,0,1,538,30,0,0,0.000,0.000,0.000,0.000,0.000,2.670,0.196,0.000,0,0,0,0,0,0,7,0,0,0.000,0.000,0.000,0.000,0.000,0.648,0.413,0.000,0,1,1,0,0,578,0,0,0,0.000,0.000,0.000,0.000,0.000,0.000,0.000,0.000,0,0,0,0,0,0,0,0,0,0,0,0,0,0,0,0,0,0,5690,1791,594,3139,889,314,30,0,0,0,0,0,15281,3749,2744,27169,9472,3543,955,429,121,0,0,0,179.756,17.555,7422.623,1094.635,0,0,0,378,275,557,1192,367,236,95,28,90,55,15,19,456,238,319,297,50,115,0,0,0,1,0,0,0,0,0,0,0,0,179,0,0,0,0,0,0,0,781,0,0,0,0,0,0,0,1,0,0,0,0,0,0,0,0,0,0,0,0,0,0,0,1.0000,1.0000,8,8,8,0.4596,0.3682,16,0,0
631,21.0,1874,648,24,335,1538,0,1,11,146.76,0.827,0.972,0.055,0.069,0.127,-0.922,1.664,0.3086,2.1412,0.637,0.155,0.027,0.069,0.059,106,167,116,0,0,0,62939.45,4173.494,27627.104,13.949,1357.303,10.792,8687.708,13881.697,11.105,14093.101,11274.481,3391.966,361.612,552.877,0.000155,-0.012181,191,0,111,5,116,111,21558,24,5,12.424,0,0,0,0,0,0,0,0,0,0,0,0,0,0,45354,1209,167,31439.321,27505.493,1339.462,1.524,12.424,7733.153,13156.933,400.584,341,278,167,111,0,41429,146,5,0,125.000,85.521,0.000,0.000,0.000,31.972,37.573,0.500,0,0,0,0,0,0,0,0,0,0.000,0.000,0.000,0.000,0.000,0.000,0.000,0.000,0,0,0,0,0,0,30,0,0,0.000,0.000,0.000,0.000,0.000,2.668,0.196,0.000,0,0,0,0,0,0,0,0,0,0.000,0.000,0.000,0.000,0.000,0.000,0.000,0.000,0,0,0,0,0,0,0,0,0,0.000,0.000,0.000,0.000,0.000,0.000,0.000,0.000,0,0,0,0,0,0,0,0,0,0,0,0,0,0,0,0,0,0,6188,1907,658,3310,985,300,30,0,0,0,0,0,17666,4348,3888,26868,9610,3080,996,418,165,0,0,0,195.151,17.381,7754.261,1295.005,0,0,0,372,243,543,1233,377,280,99,35,104,59,14,24,468,286,335,246,40,163,0,0,0,1,0,0,0,0,0,0,0,0,201,0,0,0,0,0,0,0,784,0,0,0,0,0,0,0,1,0,0,0,0,0,0,0,0,0,0,0,0,0,0,0,1.0000,1.0000,10,10,10,0.4327,0.3464,16,0,0
661,22.0,1915,687,24,353,1561,0,1,10,143.23,0.840,0.965,0.055,0.070,0.131,-0.916,1.670,0.3050,2.0892,0.608,0.147,0.028,0.069,0.060,102,187,105,0,3,0,64163.71,4486.506,26913.404,41.443,1704.680,15.328,9145.862,14282.328,18.656,12755.064,10204.051,3169.380,520.864,528.998,0.000169,-0.011710,210,0,93,12,105,93,21128,9,12,40.207,0,0,0,0,0,0,0,0,0,0,0,0,0,0,46388,1179,199,31210.397,26861.979,1673.490,1.236,40.207,8121.837,13590.977,363.953,303,279,184,92,3,36435,138,2,2,77.575,34.278,19.096,0.000,0.000,28.949,27.593,0.250,1,2,1,1,0,182,0,0,0,0.000,0.000,0.000,0.000,0.000,0.000,0.000,0.000,0,0,0,0,0,0,30,0,0,0.000,0.000,0.000,0.000,0.000,2.718,0.466,0.000,0,0,0,0,0,0,0,0,0,0.000,0.000,0.000,0.000,0.000,0.000,0.000,0.000,0,0,0,0,0,0,0,0,0,0.000,0.000,0.000,0.000,0.000,0.000,0.000,0.000,0,0,0,0,0,0,0,0,0,0,0,0,0,0,0,0,0,0,6879,2043,799,3357,1043,258,30,0,0,0,0,0,19062,5241,3927,26572,9181,4424,922,426,110,0,0,0,204.928,19.945,8045.379,1527.818,0,0,0,385,254,593,1193,380,265,109,35,111,65,11,22,500,277,357,256,36,135,1,0,0,0,0,0,0,0,0,0,0,0,209,0,0,0,0,0,0,0,784,0,0,0,0,0,0,0,0,0,0,0,0,0,0,0,0,0,0,0,0,0,0,0,1.0000,1.0000,11,11,11,0.4531,0.3280,16,0,0
691,23.0,1988,642,24,384,1603,0,1,17,130.38,0.849,0.955,0.058,0.066,0.136,-0.912,1.668,0.2954,2.0641,0.628,0.141,0.024,0.069,0.058,106,197,106,0,1,0,67145.09,5055.503,29219.039,29.015,1636.949,15.028,9566.248,14804.930,19.948,14282.872,11426.298,3157.097,338.916,578.451,0.000142,-0.012342,233,0,101,5,106,101,21455,33,5,27.285,0,0,0,0,0,0,0,7,0,0,0,0,0,0,47391,1292,197,33881.700,29030.980,1612.524,1.730,27.285,8469.962,14059.330,400.323,340,299,197,101,1,39798,141,9,3,252.348,153.061,18.003,0.000,0.000,27.001,31.335,0.540,1,0,0,0,0,0,0,0,0,0.000,0.000,0.000,0.000,0.000,0.000,0.000,0.000,0,0,0,0,0,0,30,0,0,0.000,0.000,0.000,0.000,0.000,2.730,1.097,0.000,0,0,0,0,0,0,0,0,0,0.000,0.000,0.000,0.000,0.000,0.000,0.000,0.000,0,0,0,0,0,0,0,0,0,0.000,0.000,0.000,0.000,0.000,0.000,0.000,0.000,0,0,0,0,0,0,0,0,0,0,0,0,0,0,0,0,0,0,7542,2229,933,3487,1196,293,30,0,0,0,0,0,20385,6001,3738,26219,9250,4196,958,446,223,0,0,0,213.099,21.921,8651.207,1428.152,0,0,0,411,279,580,1315,461,271,121,44,132,55,9,23,527,266,394,224,42,150,1,0,0,0,0,0,0,0,0,0,0,0,219,0,0,0,0,0,0,0,810,0,0,0,0,0,0,0,0,0,0,0,0,0,0,0,0,0,0,0,0,0,0,0,1.0000,1.0000,10,10,10,0.4525,0.3762,16,0,0
721,24.0,2020,620,24,410,1609,0,1,23,146.32,0.860,0.949,0.062,0.065,0.142,-0.908,1.668,0.2878,2.0297,0.603,0.124,0.024,0.070,0.056,102,199,143,0,2,0,68015.05,5531.844,28881.689,54.060,1993.183,14.921,9986.271,15103.956,36.036,14458.021,11566.417,4301.107,594.763,683.905,0.000193,-0.013961,247,0,129,14,143,129,21396,21,14,51.426,0,0,0,0,0,0,0,19,1,1,0,0,1,0,48266,1289,224,34135.828,28770.650,1964.135,2.455,51.426,8790.553,14335.190,379.257,334,330,199,129,2,44351,186,4,2,126.251,67.540,18.179,0.000,0.000,37.294,50.371,1.928,2,0,0,0,0,0,0,0,0,0.000,0.000,0.000,0.000,0.000,0.000,0.000,0.000,0,0,0,0,0,0,30,0,0,0.000,0.000,0.000,0.000,0.000,2.778,1.097,0.016,0,0,0,0,0,0,0,0,0,0.000,0.000,0.000,0.000,0.000,0.000,0.000,0.000,0,0,0,0,0,0,0,0,0,0.000,0.000,0.000,0.000,0.000,0.000,0.000,0.000,0,0,0,0,0,0,0,0,0,0,0,0,0,0,0,0,0,0,8281,2383,1121,3589,1294,307,30,0,0,0,0,0,21445,6120,3823,26042,9117,3873,995,366,250,0,0,0,235.367,25.571,8720.608,1377.344,0,0,0,384,283,622,1311,389,286,121,52,140,65,7,25,486,264,408,258,49,144,1,0,0,0,0,0,0,0,0,0,0,0,237,0,0,0,0,0,0,0,859,0,0,0,0,0,0,0,0,0,0,0,0,0,0,0,0,0,0,0,0,0,0,0,1.0000,1.0000,12,12,12,0.4479,0.3238,16,0,0
751,25.0,2064,644,26,450,1613,0,1,27,161.85,0.865,0.938,0.065,0.064,0.151,-0.904,1.671,0.2913,1.9945,0.575,0.100,0.023,0.071,0.055,110,174,152,0,3,0,69621.46,5827.666,29818.107,54.951,1990.150,19.784,10279.916,14499.824,41.890,14329.148,11463.318,5052.376,479.115,875.356,0.000136,-0.014088,340,0,140,12,152,140,20646,102,12,51.004,0,0,0,0,0,0,0,8,1,1,0,0,1,0,48252,1328,237,35271.109,29585.226,1966.979,2.176,51.004,8993.083,13711.209,361.153,319,316,174,139,3,46622,201,11,1,284.663,187.339,6.691,0.000,0.000,40.798,69.906,0.654,2,1,0,1,0,93,0,0,0,0.000,0.000,0.000,0.000,0.000,0.000,0.000,0.000,0,0,0,0,0,0,30,0,0,0.000,0.000,0.000,0.000,0.000,2.819,1.097,0.016,0,0,0,0,0,0,0,0,0,0.000,0.000,0.000,0.000,0.000,0.000,0.000,0.000,0,0,0,0,0,0,0,0,0,0.000,0.000,0.000,0.000,0.000,0.000,0.000,0.000,0,0,0,0,0,0,0,0,0,0,0,0,0,0,0,0,0,0,9082,2473,1289,3648,1198,373,30,0,0,0,0,0,22416,6128,3997,25063,8003,3742,1004,371,205,0,0,0,241.005,31.681,7728.713,1368.881,0,0,0,451,297,632,1356,418,322,125,62,159,70,7,27,484,285,404,251,31,158,1,0,0,0,0,0,0,0,0,0,0,0,263,0,0,0,0,0,0,0,844,0,0,0,0,0,0,0,0,0,0,0,0,0,0,0,0,0,0,0,0,0,0,0,1.0000,1.0000,12,12,12,0.4356,0.3246,15,0,0
781,26.0,2112,601,26,487,1624,0,1,32,141.82,0.877,0.927,0.071,0.065,0.158,-0.896,1.683,0.2861,1.9632,0.593,0.101,0.018,0.072,0.053,121,179,171,0,3,0,71963.00,6360.983,30757.065,46.655,2154.005,19.852,10585.664,14443.917,47.158,15517.341,12413.873,5265.924,564.240,812.797,0.000144,-0.015505,344,0,160,11,171,160,19765,48,11,43.498,0,0,0,0,0,0,0,11,4,4,0,0,1,3,48162,1387,296,36856.947,30548.852,2142.577,3.157,43.498,9175.294,13561.541,411.542,351,340,178,159,3,44707,222,10,0,250.000,169.899,0.000,0.000,0.000,48.368,81.518,0.000,2,2,1,1,0,114,0,0,0,0.000,0.000,0.000,0.000,0.000,0.000,0.000,0.000,0,0,0,0,0,0,30,0,0,0.000,0.000,0.000,0.000,0.000,2.873,1.097,0.063,0,0,0,0,0,0,0,0,0,0.000,0.000,0.000,0.000,0.000,0.000,0.000,0.000,0,0,0,0,0,0,0,0,0,0.000,0.000,0.000,0.000,0.000,0.000,0.000,0.000,0,0,0,0,0,0,0,0,0,0,0,0,0,0,0,0,0,0,10144,2735,1487,3860,1398,418,30,0,0,0,0,0,23255,6272,4599,24205,7686,3936,954,334,52,0,0,0,269.183,35.724,7413.017,1562.930,0,0,0,464,274,635,1416,422,291,147,64,170,71,6,29,476,293,399,289,40,127,1,0,0,0,0,0,0,0,0,0,0,0,276,0,0,0,0,0,0,0,855,0,0,0,0,0,0,0,0,0,0,0,0,0,0,0,0,0,0,0,0,0,0,0,1.0000,1.0000,12,12,12,0.4460,0.3214,15,1,0
811,27.0,2197,545,26,533,1663,0,1,43,144.27,0.884,0.915,0.074,0.062,0.165,-0.894,1.695,0.2894,1.9409,0.572,0.079,0.017,0.073,0.053,117,164,173,0,1,0,74618.29,6875.857,31795.770,44.797,2638.477,20.582,11153.933,15445.086,60.241,16295.704,13036.563,4961.491,232.254,948.991,0.000147,-0.015235,412,0,158,15,173,158,19603,66,15,37.855,0,0,0,0,0,0,0,6,0,0,0,0,0,0,49213,1440,345,38704.762,31619.520,2630.773,2.960,37.855,9617.502,14484.650,420.547,361,322,163,158,1,44968,197,9,1,226.738,153.281,1.165,0.234,0.000,44.977,105.769,0.531,1,1,1,0,0,99,0,0,0,0.000,0.000,0.000,0.000,0.000,0.000,0.000,0.000,0,0,0,0,0,0,30,0,0,0.000,0.000,0.000,0.000,0.000,2.870,1.097,0.000,0,0,0,0,0,0,0,0,0,0.000,0.000,0.000,0.000,0.000,0.000,0.000,0.000,0,0,0,0,0,0,0,0,0,0.000,0.000,0.000,0.000,0.000,0.000,0.000,0.000,0,0,0,0,0,0,0,0,0,0,0,0,0,0,0,0,0,0,11092,3122,1545,4196,1557,459,54,8,0,0,0,0,24850,7646,4731,23526,8086,3594,1064,252,94,0,0,0,301.974,36.059,8738.288,1476.730,0,0,0,450,311,640,1457,528,287,162,71,189,74,4,33,558,278,363,311,35,118,1,0,0,0,0,0,0,0,0,0,0,0,300,0,0,0,0,0,0,0,827,0,0,0,0,0,0,0,0,0,0,0,0,0,0,0,0,0,0,0,0,0,0,0,1.0000,1.0000,13,13,13,0.4631,0.3590,16,1,0
841,28.0,2222,555,26,569,1652,0,1,46,139.40,0.899,0.906,0.079,0.059,0.173,-0.888,1.707,0.2855,1.8786,0.586,0.084,0.018,0.074,0.050,126,177,189,0,5,0,76553.91,7571.779,31529.642,60.534,2312.939,20.241,11548.027,15566.952,76.771,15810.796,12648.637,5685.764,234.260,952.396,0.000210,-0.014897,421,0,170,19,189,170,19202,121,18,55.876,0,0,0,0,0,0,0,0,0,0,0,0,0,0,49316,1438,300,38024.934,31117.592,2256.449,3.014,55.876,9905.726,14525.234,434.436,337,350,175,170,5,48903,223,19,0,475.000,325.496,0.000,0.000,0.000,46.115,153.940,0.572,4,2,2,0,0,176,0,0,0,0.000,0.000,0.000,0.000,0.000,0.000,0.000,0.000,0,0,0,0,0,0,30,0,0,0.000,0.000,0.000,0.000,0.000,2.906,1.097,0.000,0,0,0,0,0,0,0,0,0,0.000,0.000,0.000,0.000,0.000,0.000,0.000,0.000,0,0,0,0,0,0,0,0,0,0.000,0.000,0.000,0.000,0.000,0.000,0.000,0.000,0,0,0,0,0,0,0,0,0,0,0,0,0,0,0,0,0,0,11815,3379,1510,4488,1603,570,90,59,0,0,0,0,26030,8816,4719,22434,7136,3615,1105,413,30,0,0,0,319.421,36.096,8914.435,1520.058,0,0,0,472,324,694,1480,502,325,173,67,210,81,2,36,535,288,440,248,42,99,1,0,0,0,0,0,0,0,0,0,0,0,329,0,0,0,0,0,0,0,829,0,0,0,0,0,0,0,0,0,0,0,0,0,0,0,0,0,0,0,0,0,0,0,1.0000,1.0000,13,13,13,0.4603,0.3563,17,0,0
871,29.0,2227,501,26,614,1612,0,1,58,154.36,0.907,0.892,0.083,0.060,0.184,-0.884,1.708,0.2850,1.8403,0.563,0.085,0.013,0.074,0.050,152,154,237,0,4,0,76411.29,8056.072,31753.569,78.190,2977.458,24.479,11881.859,15621.806,85.254,15703.794,12563.035,7549.176,466.789,1284.815,0.000203,-0.015314,606,0,211,26,237,211,18116,193,26,71.797,0,0,0,0,0,0,0,0,0,0,0,0,0,0,48614,1447,411,39127.552,31447.975,2897.334,4.919,71.797,10097.735,14538.310,432.612,323,363,152,210,1,51345,257,15,2,399.383,257.307,16.903,0.000,0.000,56.366,163.180,0.642,3,3,2,1,0,559,0,0,0,0.000,0.000,0.000,0.000,0.000,0.000,0.000,0.000,0,0,0,0,0,0,30,0,0,0.000,0.000,0.000,0.000,0.000,2.952,1.097,0.000,0,0,0,0,0,0,0,0,0,0.000,0.000,0.000,0.000,0.000,0.000,0.000,0.000,0,0,0,0,0,0,0,0,0,0.000,0.000,0.000,0.000,0.000,0.000,0.000,0.000,0,0,0,0,0,0,0,0,0,0,0,0,0,0,0,0,0,0,12911,3743,1518,4771,1570,648,90,60,0,0,0,0,27190,9089,5318,20718,6458,3354,993,439,180,0,0,0,342.549,35.389,8826.349,1562.737,0,0,0,431,306,688,1479,466,327,184,78,236,71,1,44,531,304,431,220,28,98,1,0,0,0,0,0,0,0,0,0,0,0,352,0,0,0,0,0,0,0,777,0,0,0,0,0,0,0,0,0,0,0,0,0,0,0,0,0,0,0,0,0,0,0,1.0000,1.0000,12,12,12,0.4644,0.3619,16,0,0
901,30.0,2244,501,26,650,1593,0,1,58,165.69,0.916,0.879,0.087,0.063,0.192,-0.879,1.712,0.2824,1.8172,0.566,0.075,0.013,0.075,0.049,147,188,196,0,7,0,77766.09,8458.641,31553.806,69.644,2750.240,25.138,12185.514,15589.719,100.725,16571.804,13257.443,6014.682,421.281,1101.007,0.000171,-0.016868,487,0,173,23,196,173,17460,126,21,63.306,0,0,0,0,0,0,0,2,0,0,0,0,0,0,48127,1456,359,39108.152,31288.057,2721.153,3.926,63.306,10300.609,14545.690,435.514,347,364,187,170,7,51142,194,13,2,343.753,223.395,13.011,0.000,0.000,45.110,100.002,0.034,2,4,1,3,0,300,0,0,0,0.000,0.000,0.000,0.000,0.000,0.000,0.000,0.000,0,0,0,0,0,0,30,1,0,7.500,1.306,0.000,0.000,0.000,2.989,1.097,0.000,0,0,0,0,0,0,0,0,0,0.000,0.000,0.000,0.000,0.000,0.000,0.000,0.000,0,0,0,0,0,0,0,0,0,0.000,0.000,0.000,0.000,0.000,0.000,0.000,0.000,0,0,0,0,0,0,0,0,0,0,0,0,0,0,0,0,0,0,13928,3904,1787,4976,1745,699,90,60,0,0,0,0,28426,8895,6089,18973,6728,2924,952,479,56,0,0,0,354.569,39.333,8857.531,1663.254,0,0,0,480,302,703,1485,466,300,198,84,241,78,0,49,555,267,349,263,40,119,1,0,0,0,0,0,0,0,0,0,0,0,368,0,0,0,0,0,0,0,771,0,0,0,0,0,0,0,0,0,0,0,0,0,0,0,0,0,0,0,0,0,0,0,1.0000,1.0000,12,12,12,0.4581,0.3534,16,0,0
931,31.0,2258,478,26,681,1576,0,1,61,147.16,0.922,0.869,0.096,0.063,0.198,-0.873,1.723,0.2857,1.7985,0.573,0.065,0.016,0.076,0.050,143,166,209,0,5,0,79178.13,8974.999,31100.512,107.536,3220.565,26.746,12403.263,15435.015,96.450,15808.345,12646.676,6393.394,174.453,1106.757,0.000211,-0.018092,551,0,169,40,209,169,16596,122,40,100.814,0,0,0,0,0,0,0,2,0,0,0,0,0,0,47340,1448,429,39484.890,30936.771,3213.425,3.932,100.814,10419.171,14371.266,458.325,321,339,165,169,5,44422,173,6,0,150.000,102.180,0.000,0.000,0.000,40.994,59.403,1.039,1,0,0,0,0,0,0,0,0,0.000,0.000,0.000,0.000,0.000,0.000,0.000,0.000,0,0,0,0,0,0,30,0,0,0.000,0.000,0.000,0.000,0.000,3.038,1.097,0.000,0,0,0,0,0,0,0,0,0,0.000,0.000,0.000,0.000,0.000,0.000,0.000,0.000,0,0,0,0,0,0,0,0,0,0.000,0.000,0.000,0.000,0.000,0.000,0.000,0.000,0,0,0,0,0,0,0,0,0,0,0,0,0,0,0,0,0,0,14786,4117,1912,5231,2040,580,116,60,0,0,0,0,29066,8763,5698,17750,6444,2966,727,412,14,0,0,0,381.164,40.509,8729.504,1621.739,0,0,0,465,337,655,1480,457,336,211,84,259,74,0,53,514,322,318,254,49,119,1,0,0,0,0,0,0,0,0,0,0,0,386,0,0,0,0,0,0,0,740,0,0,0,0,0,0,0,0,0,0,0,0,0,0,0,0,0,0,0,0,0,0,0,1.0000,1.0000,12,12,12,0.4652,0.3702,16,0,0
961,32.0,2295,435,26,725,1569,0,1,63,162.67,0.932,0.862,0.107,0.062,0.207,-0.867,1.737,0.2834,1.7826,0.536,0.059,0.011,0.077,0.047,159,154,224,0,5,0,79960.94,9293.331,31883.778,113.918,2937.083,24.322,12695.302,15454.740,98.896,16974.185,13579.348,7421.953,169.792,1272.698,0.000247,-0.021150,532,0,191,33,224,191,16434,121,33,106.945,0,0,0,0,0,0,0,11,0,0,0,0,0,0,46919,1486,409,40189.626,31729.604,2875.733,4.414,106.945,10619.469,14366.082,455.591,342,348,153,190,5,51585,208,7,2,193.169,119.660,12.507,0.128,0.000,50.349,58.611,0.875,1,2,1,1,0,111,0,0,0,0.000,0.000,0.000,0.000,0.000,0.000,0.000,0.000,0,0,0,0,0,0,30,0,0,0.000,0.000,0.000,0.000,0.000,3.074,1.097,0.000,0,0,0,0,0,0,0,0,0,0.000,0.000,0.000,0.000,0.000,0.000,0.000,0.000,0,0,0,0,0,0,0,0,0,0.000,0.000,0.000,0.000,0.000,0.000,0.000,0.000,0,0,0,0,0,0,0,0,0,0,0,0,0,0,0,0,0,0,15434,4304,2210,5375,2123,572,120,60,0,0,0,0,29723,8948,6077,16936,5951,3068,498,317,77,0,0,0,394.047,46.523,8601.155,1716.606,0,0,0,476,297,688,1504,486,310,220,102,281,66,0,56,517,299,324,260,55,114,1,0,0,0,0,0,0,0,0,0,0,0,403,0,0,0,0,0,0,0,753,0,0,0,0,0,0,0,0,0,0,0,0,0,0,0,0,0,0,0,0,0,0,0,1.0000,1.0000,12,12,12,0.4933,0.3488,16,1,0
991,33.0,2285,415,26,736,1548,0,1,62,159.70,0.942,0.863,0.112,0.064,0.211,-0.862,1.760,0.2801,1.7777,0.550,0.058,0.010,0.078,0.047,146,178,223,0,3,0,79196.62,9397.840,30951.757,176.653,3542.288,28.120,13070.907,16308.413,93.453,16052.396,12841.917,7200.585,152.766,1253.956,0.000169,-0.022286,661,0,160,63,223,160,15198,192,61,169.340,0,0,0,0,0,0,0,0,0,0,0,0,0,0,46795,1451,469,39943.121,30808.650,3432.312,3.466,169.340,10907.564,15160.973,463.464,319,339,177,159,3,48766,218,7,0,175.000,120.151,0.000,0.000,0.000,53.274,93.290,0.164,0,1,0,1,0,64,0,0,0,0.000,0.000,0.000,0.000,0.000,0.000,0.000,0.000,0,0,0,0,0,0,30,0,0,0.000,0.000,0.000,0.000,0.000,3.105,1.097,0.000,0,0,0,0,0,0,0,0,0,0.000,0.000,0.000,0.000,0.000,0.000,0.000,0.000,0,0,0,0,0,0,0,0,0,0.000,0.000,0.000,0.000,0.000,0.000,0.000,0.000,0,0,0,0,0,0,0,0,0,0,0,0,0,0,0,0,0,0,16199,4280,2470,5499,2190,674,120,60,0,0,0,0,30641,9557,5736,16032,6421,2844,370,193,64,0,0,0,401.116,50.740,9657.316,1533.465,0,0,0,428,337,685,1470,491,301,210,112,282,62,0,70,527,271,327,242,60,121,1,0,0,0,0,0,0,0,0,0,0,0,414,0,0,0,0,0,0,0,750,0,0,0,0,0,0,0,0,0,0,0,0,0,0,0,0,0,0,0,0,0,0,0,1.0000,1.0000,11,11,11,0.4828,0.3657,16,0,0
1021,34.0,2195,375,26,754,1440,0,1,65,172.17,0.940,0.849,0.119,0.063,0.223,-0.859,1.755,0.2797,1.7218,0.537,0.054,0.010,0.079,0.045,173,177,265,0,6,0,75912.25,9513.137,29456.868,148.109,3328.390,28.990,12921.301,15838.180,95.656,14704.634,11763.707,8984.064,216.032,1406.333,0.000248,-0.023977,642,0,210,55,265,210,14580,169,54,138.599,0,0,0,0,0,0,0,0,0,0,0,0,0,0,44796,1376,472,37888.956,29359.947,3243.460,4.611,138.599,10710.724,14665.760,453.911,284,391,176,210,5,56844,197,4,1,105.061,68.638,3.484,0.000,0.000,48.050,112.045,0.000,0,1,1,0,0,584,0,0,0,0.000,0.000,0.000,0.000,0.000,0.000,0.000,0.000,0,0,0,0,0,0,30,0,0,0.000,0.000,0.000,0.000,0.000,3.134,1.097,0.000,0,0,0,0,0,0,0,0,0,0.000,0.000,0.000,0.000,0.000,0.000,0.000,0.000,0,0,0,0,0,0,0,0,0,0.000,0.000,0.000,0.000,0.000,0.000,0.000,0.000,0,0,0,0,0,0,0,0,0,0,0,0,0,0,0,0,0,0,16647,4405,2632,5556,2170,735,120,60,0,0,0,0,30689,9558,5522,13968,5621,2244,366,120,52,0,0,0,409.786,53.828,9328.505,1417.877,0,0,0,420,292,640,1392,440,304,237,104,278,63,0,72,479,262,313,240,27,119,1,0,0,0,0,0,0,0,0,0,0,0,413,0,0,0,0,0,0,0,699,0,0,0,0,0,0,0,0,0,0,0,0,0,0,0,0,0,0,0,0,0,0,0,1.0000,1.0000,10,10,10,0.4657,0.3519,15,0,0
1051,35.0,2195,400,25,781,1413,0,1,73,151.95,0.938,0.843,0.125,0.063,0.230,-0.858,1.754,0.2862,1.7092,0.553,0.063,0.008,0.080,0.044,173,168,190,0,7,0,75753.52,9826.316,28041.715,92.067,3468.367,24.373,12546.162,14552.487,101.869,14952.908,11962.326,6332.243,281.191,1314.289,0.000185,-0.025293,686,0,150,40,190,150,13861,190,38,84.516,0,0,0,0,0,0,0,7,0,0,0,0,0,0,42265,1315,493,36600.504,27976.352,3404.595,3.533,84.516,10285.547,13420.713,427.212,295,319,164,149,6,45719,141,2,3,117.515,33.499,46.635,0.000,0.000,32.785,77.512,0.000,0,3,2,1,0,352,0,0,0,0.000,0.000,0.000,0.000,0.000,0.000,0.000,0.000,0,0,0,0,0,0,30,0,0,0.000,0.000,0.000,0.000,0.000,3.180,1.097,0.000,0,0,0,0,0,0,0,0,0,0.000,0.000,0.000,0.000,0.000,0.000,0.000,0.000,0,0,0,0,0,0,0,0,0,0.000,0.000,0.000,0.000,0.000,0.000,0.000,0.000,0,0,0,0,0,0,0,0,0,0,0,0,0,0,0,0,0,0,17012,4969,2456,5833,2045,780,124,60,0,0,0,0,29534,8982,5597,12505,4625,2686,397,113,105,0,0,0,430.290,50.478,8220.822,1528.670,0,0,0,467,296,596,1334,426,299,238,115,274,65,1,88,454,291,309,232,25,102,1,0,0,0,0,0,0,0,0,0,0,0,428,0,0,0,0,0,0,0,668,0,0,0,0,0,0,0,0,0,0,0,0,0,0,0,0,0,0,0,0,0,0,0,1.0000,1.0000,9,9,9,0.4566,0.3669,15,0,0
1081,36.0,2211,352,25,804,1406,0,1,76,146.93,0.939,0.840,0.138,0.060,0.237,-0.858,1.740,0.2851,1.7464,0.555,0.056,0.009,0.081,0.042,169,146,198,0,5,0,77019.85,9970.851,29310.755,124.446,3711.244,25.346,12680.193,14338.634,109.245,15019.474,12015.579,6337.435,375.228,1295.088,0.000201,-0.025567,714,0,147,51,198,147,13690,192,51,119.985,0,0,0,0,0,0,0,0,0,0,0,0,0,0,42061,1376,520,38505.025,29240.457,3684.670,3.751,119.985,10345.709,13220.857,422.821,290,296,145,147,4,41870,101,2,2,55.696,34.690,3.933,0.000,0.000,22.690,45.556,0.000,0,1,1,0,0,127,0,0,0,0.000,0.000,0.000,0.000,0.000,0.000,0.000,0.000,0,0,0,0,0,0,30,0,0,0.000,0.000,0.000,0.000,0.000,3.219,1.097,0.000,0,0,0,0,0,0,0,0,0,0.000,0.000,0.000,0.000,0.000,0.000,0.000,0.000,0,0,0,0,0,0,0,0,0,0.000,0.000,0.000,0.000,0.000,0.000,0.000,0.000,0,0,0,0,0,0,0,0,0,0,0,0,0,0,0,0,0,0,17812,5242,2662,5770,1992,869,150,60,0,0,0,0,29627,9172,5140,12150,4355,2841,415,76,155,0,0,0,436.913,53.533,8045.079,1510.503,0,0,0,432,311,612,1403,467,319,251,116,269,73,1,94,443,272,316,247,27,101,1,0,0,0,0,0,0,0,0,0,0,0,437,0,0,0,0,0,0,0,691,0,0,0,0,0,0,0,0,0,0,0,0,0,0,0,0,0,0,0,0,0,0,0,1.0000,1.0000,10,10,10,0.4607,0.3488,15,0,0
1111,37.0,2275,337,25,823,1451,0,1,79,178.51,0.947,0.847,0.145,0.057,0.237,-0.856,1.750,0.2930,1.7377,0.563,0.049,0.008,0.081,0.041,196,144,142,0,9,0,79208.76,10081.393,28281.851,133.909,3320.499,30.494,13049.054,14369.591,120.341,14756.115,11804.892,4677.131,124.371,1016.535,0.000200,-0.026636,641,0,95,47,142,95,14038,175,47,130.142,0,0,0,0,0,0,0,8,0,0,0,0,0,0,42623,1330,466,36831.907,28146.199,3299.352,2.127,130.142,10647.473,13218.214,437.478,292,246,143,94,9,39145,81,4,0,100.000,69.379,0.000,0.000,0.000,19.406,21.617,0.000,1,2,1,1,0,229,0,0,0,0.000,0.000,0.000,0.000,0.000,0.000,0.000,0.000,0,0,0,0,0,0,30,1,0,7.500,1.306,0.000,0.000,0.000,3.259,1.097,0.000,0,0,0,0,0,0,0,0,0,0.000,0.000,0.000,0.000,0.000,0.000,0.000,0.000,0,0,0,0,0,0,0,0,0,0.000,0.000,0.000,0.000,0.000,0.000,0.000,0.000,0,0,0,0,0,0,0,0,0,0,0,0,0,0,0,0,0,0,18571,5845,2702,5729,1940,729,150,60,0,0,0,0,30051,8996,4951,12233,3946,2514,450,120,30,0,0,0,468.831,52.503,7785.462,1488.075,0,0,0,431,291,625,1362,428,310,272,114,271,81,1,84,440,247,317,289,38,120,1,0,0,0,0,0,0,0,0,0,0,0,437,0,0,0,0,0,0,0,764,0,0,0,0,0,0,0,0,0,0,0,0,0,0,0,0,0,0,0,0,0,0,0,1.0000,1.0000,12,12,12,0.4402,0.3357,15,0,0
1141,38.0,2244,368,25,852,1391,0,1,102,172.99,0.947,0.836,0.148,0.054,0.249,-0.855,1.755,0.2915,1.7371,0.549,0.052,0.009,0.082,0.038,207,148,176,0,9,0,78161.50,10199.450,26428.219,135.242,3574.144,31.004,13292.687,14557.556,136.832,12322.756,9858.205,5958.379,206.736,1193.433,0.000166,-0.027153,680,0,129,47,176,129,13843,175,47,131.538,0,0,0,0,0,0,0,4,0,0,0,0,0,0,42641,1243,505,34952.609,26343.494,3544.336,3.704,131.538,10836.299,13354.427,465.398,226,285,148,128,9,41709,61,0,0,0.000,0.000,0.000,0.000,0.000,15.719,11.688,0.000,0,1,0,1,0,2,0,0,0,0.000,0.000,0.000,0.000,0.000,0.000,0.000,0.000,0,0,0,0,0,0,30,0,0,0.000,0.000,0.000,0.000,0.000,3.303,1.097,0.000,0,0,0,0,0,0,0,0,0,0.000,0.000,0.000,0.000,0.000,0.000,0.000,0.000,0,0,0,0,0,0,0,0,0,0.000,0.000,0.000,0.000,0.000,0.000,0.000,0.000,0,0,0,0,0,0,0,0,0,0,0,0,0,0,0,0,0,0,19018,6451,2583,5907,1852,678,150,60,0,0,0,0,30509,8582,4741,11853,4118,1863,370,98,49,0,0,0,510.848,48.345,7699.466,1300.217,0,0,0,408,279,613,1269,413,255,287,109,282,78,1,95,405,222,328,258,43,135,1,0,0,0,0,0,0,0,0,0,0,0,456,0,0,0,0,0,0,0,764,0,0,0,0,0,0,0,0,0,0,0,0,0,0,0,0,0,0,0,0,0,0,0,1.0000,1.0000,12,12,12,0.4335,0.3553,15,0,0
1171,39.0,2258,343,25,883,1374,0,1,122,164.19,0.947,0.830,0.159,0.053,0.256,-0.855,1.762,0.2887,1.7377,0.557,0.046,0.009,0.083,0.039,195,144,168,0,8,0,77832.26,10174.964,26739.288,120.371,3616.520,32.227,13405.419,14231.214,159.603,13895.763,11116.610,5484.505,152.194,1151.771,0.000230,-0.028022,669,0,127,41,168,127,13827,157,38,113.311,0,0,0,0,0,0,0,9,0,0,0,0,0,0,41801,1249,512,35188.763,26608.640,3599.711,2.914,113.311,10843.701,13017.235,441.578,261,278,143,127,8,44272,60,5,0,125.000,86.640,0.000,0.000,0.000,15.355,15.735,0.000,0,0,0,0,0,0,0,0,0,0.000,0.000,0.000,0.000,0.000,0.000,0.000,0.000,0,0,0,0,0,0,30,0,0,0.000,0.000,0.000,0.000,0.000,3.345,1.097,0.000,0,0,0,0,0,0,0,0,0,0.000,0.000,0.000,0.000,0.000,0.000,0.000,0.000,0,0,0,0,0,0,0,0,0,0.000,0.000,0.000,0.000,0.000,0.000,0.000,0.000,0,0,0,0,0,0,0,0,0,0,0,0,0,0,0,0,0,0,19740,6758,2660,6187,1895,710,157,60,0,0,0,0,30826,8179,5339,10834,3651,1562,231,11,137,0,0,0,525.978,46.080,7086.040,1393.207,0,0,0,371,284,599,1279,384,281,292,114,291,76,1,109,391,226,338,228,37,154,1,0,0,0,0,0,0,0,0,0,0,0,477,0,0,0,0,0,0,0,757,0,0,0,0,0,0,0,0,0,0,0,0,0,0,0,0,0,0,0,0,0,0,0,1.0000,1.0000,10,10,10,0.4227,0.3280,14,0,0
1201,40.0,2236,340,22,885,1350,0,1,142,170.40,0.950,0.830,0.168,0.056,0.259,-0.855,1.770,0.2896,1.7315,0.555,0.043,0.010,0.083,0.039,180,162,163,0,7,0,75293.08,10241.085,25000.772,155.530,4341.400,34.731,13454.067,14568.660,187.544,13044.769,10435.816,5674.422,151.883,1291.038,0.000183,-0.028380,859,0,111,52,163,111,13220,219,51,144.554,0,0,0,0,0,0,0,9,0,0,0,0,0,0,41080,1174,640,34087.282,24914.657,4304.401,2.731,144.554,10847.088,13328.619,448.648,253,277,162,111,4,40644,67,1,0,25.000,16.902,0.000,0.000,0.000,17.299,22.969,0.000,0,0,0,0,0,0,0,0,0,0.000,0.000,0.000,0.000,0.000,0.000,0.000,0.000,0,0,0,0,0,0,30,0,0,0.000,0.000,0.000,0.000,0.000,3.375,1.097,0.000,0,0,0,0,0,0,0,0,0,0.000,0.000,0.000,0.000,0.000,0.000,0.000,0.000,0,0,0,0,0,0,0,0,0,0.000,0.000,0.000,0.000,0.000,0.000,0.000,0.000,0,0,0,0,0,0,0,0,0,0,0,0,0,0,0,0,0,0,19777,6834,2604,6481,1938,725,180,60,0,0,0,0,30540,8445,4924,10439,4012,1386,198,23,84,0,0,0,526.772,46.141,7636.942,1266.085,0,0,0,380,280,544,1207,388,275,298,123,301,57,0,106,415,201,346,232,33,123,1,0,0,0,0,0,0,0,0,0,0,0,464,0,0,0,0,0,0,0,734,0,0,0,0,0,0,0,0,0,0,0,0,0,0,0,0,0,0,0,0,0,0,0,1.0000,1.0000,9,9,9,0.4875,0.3650,13,1,0
1231,41.0,2195,282,22,896,1298,0,1,156,176.09,0.948,0.823,0.174,0.054,0.267,-0.855,1.770,0.2892,1.7599,0.565,0.041,0.009,0.084,0.038,169,155,164,0,8,0,73346.32,10088.335,24606.656,150.716,3508.847,36.731,13240.840,14147.041,213.742,11884.107,9507.286,5431.174,246.180,1136.670,0.000155,-0.028208,754,0,107,57,164,107,13041,196,55,140.676,0,0,0,0,0,0,0,2,2,0,0,0,0,0,39507,1147,558,32547.882,24515.331,3481.003,2.697,140.676,10581.647,12906.588,415.549,217,269,154,107,8,38414,116,3,0,75.000,51.820,0.000,0.000,0.000,31.390,50.921,0.520,0,0,0,0,0,0,0,0,0,0.000,0.000,0.000,0.000,0.000,0.000,0.000,0.000,0,0,0,0,0,0,30,0,0,0.000,0.000,0.000,0.000,0.000,3.405,1.097,0.032,0,0,0,0,0,0,0,0,0,0.000,0.000,0.000,0.000,0.000,0.000,0.000,0.000,0,0,0,0,0,0,0,0,0,0.000,0.000,0.000,0.000,0.000,0.000,0.000,0.000,0,0,0,0,0,0,0,0,0,0,0,0,0,0,0,0,0,0,20028,6900,2889,6534,1979,702,180,60,0,0,0,0,29520,8261,4616,9964,4045,1337,169,95,74,0,0,0,527.981,51.234,7611.218,1202.864,0,0,0,382,232,498,1170,411,258,299,118,305,56,0,118,390,209,303,247,26,123,1,0,0,0,0,0,0,0,0,0,0,0,479,0,0,0,0,0,0,0,699,0,0,0,0,0,0,0,0,0,0,0,0,0,0,0,0,0,0,0,0,0,0,0,1.0000,1.0000,8,8,8,0.4885,0.3762,13,0,0
1261,42.0,2115,289,22,903,1211,0,1,149,176.71,0.941,0.811,0.179,0.054,0.278,-0.857,1.742,0.2958,1.7676,0.578,0.050,0.010,0.084,0.036,166,152,147,0,20,0,72069.20,10049.471,22799.687,112.185,3399.619,31.297,12834.110,13465.021,218.923,9720.112,7776.090,4535.093,247.868,993.428,0.000145,-0.027270,540,0,90,57,147,90,12544,74,56,105.502,0,0,0,0,0,0,0,2,0,0,0,0,0,0,37351,1064,465,30270.966,22708.313,3369.390,1.905,105.502,10138.479,12251.173,386.046,170,257,151,90,16,42012,120,4,1,106.137,68.677,4.258,0.000,0.000,32.497,55.293,0.866,0,0,0,0,0,0,0,0,0,0.000,0.000,0.000,0.000,0.000,0.000,0.000,0.000,0,0,0,0,0,0,30,0,0,0.000,0.000,0.000,0.000,0.000,3.452,1.097,0.000,0,0,0,0,0,0,0,0,0,0.000,0.000,0.000,0.000,0.000,0.000,0.000,0.000,0,0,0,0,0,0,0,0,0,0.000,0.000,0.000,0.000,0.000,0.000,0.000,0.000,0,0,0,0,0,0,0,0,0,0,0,0,0,0,0,0,0,0,20266,6827,3335,6660,2004,665,180,60,0,0,0,0,28067,7428,4648,9333,3488,1839,101,37,33,0,0,0,499.009,61.445,7052.078,1258.327,0,0,0,361,222,504,1080,361,219,299,145,278,50,0,131,371,198,272,230,29,111,1,0,0,0,0,0,0,0,0,0,0,0,459,0,0,0,0,0,0,0,642,0,0,0,0,0,0,0,0,0,0,0,0,0,0,0,0,0,0,0,0,0,0,0,1.0000,1.0000,8,8,8,0.4657,0.3496,13,0,0
1291,43.0,2085,241,22,902,1183,0,0,144,209.70,0.941,0.803,0.191,0.052,0.282,-0.860,1.752,0.2936,1.7391,0.587,0.049,0.012,0.085,0.034,201,137,138,0,10,0,69775.43,9914.326,21310.331,129.497,3477.932,31.475,12565.479,13135.722,210.422,10818.803,8655.043,4257.642,316.344,998.551,0.000224,-0.026762,574,0,86,52,138,86,12208,85,52,126.397,0,0,0,0,0,0,0,2,0,0,0,0,0,0,36014,990,485,28624.380,21204.901,3426.067,1.896,126.397,9889.432,11939.143,393.169,202,229,134,86,9,38287,100,3,4,109.529,51.690,23.916,0.000,0.000,27.213,43.119,1.559,0,1,1,0,0,76,0,0,0,0.000,0.000,0.000,0.000,0.000,0.000,0.000,0.000,0,0,0,0,0,0,8,0,0,0.000,0.000,0.000,0.000,0.000,0.927,0.292,0.000,0,1,0,0,1,1252,0,0,0,0.000,0.000,0.000,0.000,0.000,0.000,0.000,0.000,0,0,0,0,0,0,0,0,0,0.000,0.000,0.000,0.000,0.000,0.000,0.000,0.000,0,0,0,0,0,0,0,0,0,0,0,0,0,0,0,0,0,0,20057,6866,3501,6760,2024,775,180,59,1,0,0,0,26829,7531,4352,9203,3280,2233,90,30,30,0,0,0,494.527,66.883,7041.186,1277.660,0,0,0,287,214,465,1014,321,211,296,144,276,46,0,140,337,222,255,231,31,107,0,0,0,0,0,0,0,0,0,0,0,0,462,0,0,0,0,0,0,0,624,0,0,0,0,0,0,0,0,0,0,0,0,0,0,0,0,0,0,0,0,0,0,0,1.0000,1.0000,8,8,8,0.4503,0.3500,13,0,0
1321,44.0,2057,250,22,922,1135,0,0,162,229.97,0.932,0.792,0.201,0.048,0.292,-0.860,1.754,0.2978,1.7549,0.589,0.044,0.006,0.086,0.033,167,127,124,0,10,0,68527.84,9727.938,20559.548,143.767,3350.829,36.314,12332.576,12419.391,210.917,9477.158,7581.726,3795.661,187.276,837.594,0.000135,-0.027496,523,0,72,52,124,72,12075,44,51,137.592,0,0,0,0,0,0,0,0,0,0,0,0,0,0,34531,952,479,27573.435,20455.154,3322.961,1.153,137.592,9616.320,11215.687,400.432,159,207,126,72,9,38239,112,4,0,100.000,68.813,0.000,0.000,0.000,32.613,29.197,1.126,1,1,1,0,0,368,0,0,0,0.000,0.000,0.000,0.000,0.000,0.000,0.000,0.000,0,0,0,0,0,0,0,0,0,0.000,0.000,0.000,0.000,0.000,0.000,0.000,0.000,0,0,0,0,0,0,0,0,0,0.000,0.000,0.000,0.000,0.000,0.000,0.000,0.000,0,0,0,0,0,0,0,0,0,0.000,0.000,0.000,0.000,0.000,0.000,0.000,0.000,0,0,0,0,0,0,0,0,0,0,0,0,0,0,0,0,0,0,20415,7017,3505,6832,1881,828,183,7,53,0,0,0,25950,7109,4157,8605,2899,1823,88,20,18,0,0,0,495.111,69.883,6356.245,1193.287,0,0,0,327,231,424,973,324,211,303,143,291,49,1,135,315,212,260,199,40,109,0,0,0,0,0,0,0,0,0,0,0,0,476,0,0,0,0,0,0,0,608,0,0,0,0,0,0,0,0,0,0,0,0,0,0,0,0,0,0,0,0,0,0,0,1.0000,1.0000,8,8,8,0.4631,0.3632,13,0,0
1351,45.0,2060,215,22,944,1116,0,0,171,210.57,0.926,0.786,0.204,0.046,0.299,-0.858,1.767,0.2909,1.7598,0.592,0.039,0.008,0.086,0.034,207,136,75,0,11,0,67759.36,9638.105,18640.331,93.508,3074.903,38.496,12223.831,11889.409,228.317,9248.077,7398.462,2235.485,93.817,619.944,0.000128,-0.028109,487,0,36,39,75,36,12094,19,39,92.334,0,0,0,0,0,0,0,0,0,0,0,0,0,0,33576,866,467,25102.147,18506.161,3036.859,0.615,92.334,9462.829,10728.773,354.910,160,179,135,35,9,33002,121,6,1,158.096,101.625,5.386,0.000,0.000,35.154,29.587,1.451,1,1,0,1,0,374,0,0,0,0.000,0.000,0.000,0.000,0.000,0.000,0.000,0.000,0,0,0,0,0,0,0,0,0,0.000,0.000,0.000,0.000,0.000,0.000,0.000,0.000,0,0,0,0,0,0,0,0,0,0.000,0.000,0.000,0.000,0.000,0.000,0.000,0.000,0,0,0,0,0,0,0,0,0,0.000,0.000,0.000,0.000,0.000,0.000,0.000,0.000,0,0,0,0,0,0,0,0,0,0,0,0,0,0,0,0,0,0,20897,7378,3402,6716,1723,783,234,0,60,0,0,0,25354,6704,4917,8283,2420,1357,60,0,21,0,0,0,498.181,66.353,5771.128,1273.678,0,0,0,247,168,436,886,260,203,300,141,324,46,1,132,305,178,274,233,31,95,0,0,0,0,0,0,0,0,0,0,0,0,503,0,0,0,0,0,0,0,633,0,0,0,0,0,0,0,0,0,0,0,0,0,0,0,0,0,0,0,0,0,0,0,1.0000,1.0000,9,9,9,0.4626,0.3620,14,0,0
1381,46.0,2034,194,22,974,1060,0,0,175,215.03,0.913,0.771,0.205,0.044,0.312,-0.857,1.770,0.2934,1.7795,0.576,0.038,0.007,0.088,0.033,196,137,95,0,14,0,66419.76,9531.268,18556.238,116.610,3333.595,35.321,12099.479,11407.279,235.719,8881.569,7105.255,3171.931,75.966,777.030,0.000152,-0.028429,531,0,57,38,94,56,11591,20,38,113.935,0,0,0,0,0,0,0,0,0,0,0,0,0,0,32532,866,509,25311.060,18471.319,3296.495,1.227,113.935,9234.415,10214.364,329.787,148,204,135,57,12,38747,150,4,2,120.026,67.335,13.484,0.000,0.000,43.873,70.379,3.832,0,0,0,0,0,0,0,0,0,0.000,0.000,0.000,0.000,0.000,0.000,0.000,0.000,0,0,0,0,0,0,0,0,0,0.000,0.000,0.000,0.000,0.000,0.000,0.000,0.000,0,0,0,0,0,0,0,0,0,0.000,0.000,0.000,0.000,0.000,0.000,0.000,0.000,0,0,0,0,0,0,0,0,0,0.000,0.000,0.000,0.000,0.000,0.000,0.000,0.000,0,0,0,0,0,0,0,0,0,0,0,0,0,0,0,0,0,0,21684,7506,3194,6877,1736,754,240,0,60,0,0,0,24564,6150,4570,8058,2265,1156,60,0,25,0,0,0,505.999,63.002,5142.577,1230.633,0,0,0,246,217,396,880,254,202,319,134,320,56,1,144,272,197,249,200,39,103,0,0,0,0,0,0,0,0,0,0,0,0,521,0,0,0,0,0,0,0,591,0,0,0,0,0,0,0,0,0,0,0,0,0,0,0,0,0,0,0,0,0,0,0,1.0000,1.0000,8,8,8,0.4281,0.3383,13,0,0
1411,47.0,1997,230,22,975,1022,0,0,189,234.24,0.907,0.767,0.208,0.044,0.317,-0.855,1.775,0.2941,1.8209,0.581,0.032,0.007,0.088,0.033,190,113,102,0,8,0,63493.39,9111.562,16606.709,116.083,3715.302,35.033,11771.112,11400.829,249.180,7592.968,6074.374,2884.581,76.701,859.729,0.000094,-0.029326,612,0,49,53,101,49,11257,60,51,111.654,0,0,0,0,0,0,0,0,0,0,0,0,0,0,31020,772,548,23403.516,16530.818,3657.324,0.917,111.654,8870.092,10184.677,327.551,131,167,112,48,7,36094,139,3,4,101.803,50.120,17.796,0.000,0.000,41.464,59.889,2.983,0,2,1,1,0,135,0,0,0,0.000,0.000,0.000,0.000,0.000,0.000,0.000,0.000,0,0,0,0,0,0,0,0,0,0.000,0.000,0.000,0.000,0.000,0.000,0.000,0.000,0,0,0,0,0,0,0,0,0,0.000,0.000,0.000,0.000,0.000,0.000,0.000,0.000,0,0,0,0,0,0,0,0,0,0.000,0.000,0.000,0.000,0.000,0.000,0.000,0.000,0,0,0,0,0,0,0,0,0,0,0,0,0,0,0,0,0,0,21926,8028,2993,7015,1815,675,240,0,60,0,0,0,23842,6096,4456,7280,2503,969,37,0,0,0,0,0,538.922,58.057,5246.488,1149.187,0,0,0,283,168,369,784,258,160,325,126,333,57,0,134,309,164,249,175,32,93,0,0,0,0,0,0,0,0,0,0,0,0,524,0,0,0,0,0,0,0,549,0,0,0,0,0,0,0,0,0,0,0,0,0,0,0,0,0,0,0,0,0,0,0,1.0000,1.0000,8,8,8,0.4631,0.3651,12,0,0
1441,48.0,1928,237,22,976,952,0,0,194,221.23,0.895,0.754,0.214,0.043,0.329,-0.857,1.792,0.2834,1.8184,0.584,0.036,0.007,0.089,0.034,187,147,80,0,7,0,60686.73,8963.861,16242.192,90.785,3014.106,45.027,11496.215,11688.861,268.413,6955.619,5564.495,2411.470,157.266,690.146,0.000137,-0.028406,500,0,44,36,80,44,11560,26,36,88.905,0,0,0,0,0,0,0,0,0,0,0,0,0,0,29786,750,469,22097.650,16102.781,2977.368,0.870,88.905,8563.546,10542.358,298.261,124,195,145,44,6,35164,120,7,5,199.995,109.618,16.683,0.000,0.000,36.043,43.851,1.388,1,0,0,0,0,0,0,0,0,0.000,0.000,0.000,0.000,0.000,0.000,0.000,0.000,0,0,0,0,0,0,0,0,0,0.000,0.000,0.000,0.000,0.000,0.000,0.000,0.000,0,0,0,0,0,0,0,0,0,0.000,0.000,0.000,0.000,0.000,0.000,0.000,0.000,0,0,0,0,0,0,0,0,0,0.000,0.000,0.000,0.000,0.000,0.000,0.000,0.000,0,0,0,0,0,0,0,0,0,0,0,0,0,0,0,0,0,0,21993,7897,3164,7132,1856,667,257,0,33,0,0,0,23135,6944,3987,6741,2551,1013,30,14,0,0,0,0,520.979,58.882,6090.918,1057.982,0,0,0,243,173,359,768,267,161,314,128,323,61,0,150,309,164,224,172,18,65,0,0,0,0,0,0,0,0,0,0,0,0,534,0,0,0,0,0,0,0,479,0,0,0,0,0,0,0,0,0,0,0,0,0,0,0,0,0,0,0,0,0,0,0,1.0000,1.0000,8,8,8,0.4710,0.3597,12,0,0
1471,49.0,1832,207,22,993,839,0,0,197,234.26,0.867,0.730,0.217,0.042,0.350,-0.859,1.794,0.2874,1.9040,0.590,0.036,0.007,0.091,0.031,172,167,74,0,14,0,57737.58,8821.750,13941.342,52.768,2336.428,38.184,10711.540,10799.757,271.049,6380.135,5104.108,2075.526,71.264,559.850,0.000126,-0.027901,362,0,46,28,72,46,11260,7,26,50.218,0,0,0,0,0,0,0,0,0,0,0,0,0,0,26900,647,355,18796.019,13927.055,2335.599,0.970,50.218,7780.667,9712.858,264.479,107,217,163,45,9,43418,85,0,0,0.000,0.000,0.000,0.000,0.000,25.763,27.189,0.431,0,3,2,1,0,437,0,0,0,0.000,0.000,0.000,0.000,0.000,0.000,0.000,0.000,0,0,0,0,0,0,0,0,0,0.000,0.000,0.000,0.000,0.000,0.000,0.000,0.000,0,0,0,0,0,0,0,0,0,0.000,0.000,0.000,0.000,0.000,0.000,0.000,0.000,0,0,0,0,0,0,0,0,0,0.000,0.000,0.000,0.000,0.000,0.000,0.000,0.000,0,0,0,0,0,0,0,0,0,0,0,0,0,0,0,0,0,0,21874,7528,2944,7223,1957,688,300,0,0,0,0,0,21298,6522,3432,5657,2126,751,30,30,0,0,0,0,510.556,53.277,5745.235,871.492,0,0,0,216,123,288,657,218,137,324,118,328,67,0,156,268,138,204,140,21,68,0,0,0,0,0,0,0,0,0,0,0,0,551,0,0,0,0,0,0,0,433,0,0,0,0,0,0,0,0,0,0,0,0,0,0,0,0,0,0,0,0,0,0,0,1.0000,1.0000,8,8,8,0.4635,0.3323,12,0,0
1501,50.0,1798,179,21,1043,755,0,0,200,228.53,0.835,0.699,0.222,0.039,0.374,-0.861,1.801,0.2883,1.8320,0.587,0.029,0.011,0.092,0.029,208,131,50,0,16,0,55385.72,8675.491,12412.922,39.280,3137.493,39.369,9966.935,9778.569,277.773,6246.407,4997.125,1388.961,81.931,736.099,0.000173,-0.028754,565,0,32,18,50,32,10568,89,16,34.805,0,0,0,0,0,0,0,0,0,0,0,0,0,0,23886,573,476,17868.506,12395.920,3111.719,0.646,34.805,6950.215,8695.929,246.162,90,173,129,32,12,33059,22,0,0,0.000,0.000,0.000,0.000,0.000,7.756,16.381,0.000,0,1,0,0,1,203,0,0,0,0.000,0.000,0.000,0.000,0.000,0.000,0.000,0.000,0,0,0,0,0,0,0,0,0,0.000,0.000,0.000,0.000,0.000,0.000,0.000,0.000,0,0,0,0,0,0,0,0,0,0.000,0.000,0.000,0.000,0.000,0.000,0.000,0.000,0,0,0,0,0,0,0,0,0,0.000,0.000,0.000,0.000,0.000,0.000,0.000,0.000,0,0,0,0,0,0,0,0,0,0,0,0,0,0,0,0,0,0,22531,7674,2827,7655,2276,685,315,0,54,0,0,0,18938,5635,3661,4953,1820,644,17,17,0,0,0,0,521.798,52.039,5082.380,909.134,0,0,0,209,109,234,580,206,133,338,125,334,78,0,168,230,134,183,121,17,70,0,0,0,0,0,0,0,0,0,0,0,0,580,0,0,0,0,0,0,0,391,0,0,0,0,0,0,0,0,0,0,0,0,0,0,0,0,0,0,0,0,0,0,0,1.0000,1.0000,8,8,8,0.4839,0.3534,12,0,0
1531,51.0,1728,186,21,1052,676,0,0,190,270.25,0.811,0.676,0.231,0.039,0.392,-0.866,1.812,0.2860,1.8547,0.576,0.031,0.010,0.093,0.028,212,129,56,0,18,0,53825.92,8467.702,11508.914,90.844,2456.499,42.529,9384.623,8519.205,266.425,5308.002,4246.402,1756.459,113.172,525.780,0.000148,-0.028878,473,0,24,32,56,24,10545,102,31,88.349,0,0,0,0,0,0,0,0,0,0,0,0,0,0,21476,528,371,16005.372,11495.720,2436.426,0.488,88.349,6283.854,7495.665,187.171,84,163,125,24,14,38526,0,0,0,0.000,0.000,0.000,0.000,0.000,0.000,0.000,0.000,0,0,0,0,0,0,0,0,0,0.000,0.000,0.000,0.000,0.000,0.000,0.000,0.000,0,0,0,0,0,0,0,0,0,0.000,0.000,0.000,0.000,0.000,0.000,0.000,0.000,0,0,0,0,0,0,0,0,0,0.000,0.000,0.000,0.000,0.000,0.000,0.000,0.000,0,0,0,0,0,0,0,0,0,0.000,0.000,0.000,0.000,0.000,0.000,0.000,0.000,0,0,0,0,0,0,0,0,0,0,0,0,0,0,0,0,0,0,23201,7676,2891,7907,2258,923,330,0,126,0,0,0,17018,4749,3104,4458,1471,673,0,0,0,0,0,0,526.739,59.872,4173.183,793.191,0,0,0,182,129,229,533,193,111,326,142,325,85,0,174,202,103,156,118,23,74,0,0,0,0,0,0,0,0,0,0,0,0,584,0,0,0,0,0,0,0,371,0,0,0,0,0,0,0,0,0,0,0,0,0,0,0,0,0,0,0,0,0,0,0,1.0000,1.0000,8,8,8,0.4792,0.3710,12,0,0
1561,52.0,1693,190,21,1050,643,0,0,186,237.66,0.803,0.665,0.229,0.039,0.400,-0.867,1.826,0.2867,1.8544,0.586,0.028,0.006,0.093,0.026,182,97,44,0,11,0,52254.69,7921.482,10537.284,63.502,2523.421,37.227,8949.181,8001.858,264.035,4885.320,3908.256,1278.237,86.368,536.752,0.000142,-0.029090,552,0,18,26,41,18,9947,137,23,62.713,0,0,0,0,0,0,0,0,0,0,0,0,0,0,19840,485,415,14922.918,10504.630,2444.560,0.320,62.713,5820.149,7001.300,179.638,87,120,95,18,7,20283,0,0,0,0.000,0.000,0.000,0.000,0.000,0.000,0.000,0.000,0,0,0,0,0,0,0,0,0,0.000,0.000,0.000,0.000,0.000,0.000,0.000,0.000,0,0,0,0,0,0,0,0,0,0.000,0.000,0.000,0.000,0.000,0.000,0.000,0.000,0,0,0,0,0,0,0,0,0,0.000,0.000,0.000,0.000,0.000,0.000,0.000,0.000,0,0,0,0,0,0,0,0,0,0.000,0.000,0.000,0.000,0.000,0.000,0.000,0.000,0,0,0,0,0,0,0,0,0,0,0,0,0,0,0,0,0,0,23591,7712,2944,7737,2237,1133,330,0,156,0,0,0,15669,4241,2992,4171,1725,483,0,0,0,0,0,0,515.389,64.340,3984.295,699.276,0,0,0,156,101,242,495,170,106,333,141,320,91,0,165,184,132,157,96,13,61,0,0,0,0,0,0,0,0,0,0,0,0,576,0,0,0,0,0,0,0,327,0,0,0,0,0,0,0,0,0,0,0,0,0,0,0,0,0,0,0,0,0,0,0,1.0000,1.0000,8,8,8,0.4553,0.3555,12,0,0
1591,53.0,1644,181,21,1037,607,0,0,169,276.75,0.797,0.654,0.227,0.040,0.407,-0.868,1.832,0.2800,1.8342,0.599,0.028,0.013,0.094,0.027,185,86,64,0,17,0,50170.71,7740.582,9544.539,90.743,2428.937,40.064,8667.542,7313.977,247.521,4680.000,3744.000,1665.505,124.701,504.602,0.000154,-0.029284,480,0,19,45,62,19,9851,81,43,88.730,0,0,0,0,0,0,0,0,0,0,0,0,0,0,18871,437,399,13644.625,9527.012,2376.516,0.323,88.730,5563.714,6322.015,183.561,75,111,81,19,11,21554,0,0,0,0.000,0.000,0.000,0.000,0.000,0.000,0.000,0.000,0,0,0,0,0,0,0,0,0,0.000,0.000,0.000,0.000,0.000,0.000,0.000,0.000,0,0,0,0,0,0,0,0,0,0.000,0.000,0.000,0.000,0.000,0.000,0.000,0.000,0,0,0,0,0,0,0,0,0,0.000,0.000,0.000,0.000,0.000,0.000,0.000,0.000,0,0,0,0,0,0,0,0,0,0.000,0.000,0.000,0.000,0.000,0.000,0.000,0.000,0,0,0,0,0,0,0,0,0,0,0,0,0,0,0,0,0,0,23405,7604,2962,7494,2263,1077,330,0,145,0,0,0,15016,3986,2652,3855,1385,507,0,0,0,0,0,0,515.560,67.721,3464.841,651.559,0,0,0,131,91,214,445,125,93,326,143,317,91,0,160,172,83,165,125,11,51,0,0,0,0,0,0,0,0,0,0,0,0,568,0,0,0,0,0,0,0,352,0,0,0,0,0,0,0,0,0,0,0,0,0,0,0,0,0,0,0,0,0,0,0,1.0000,1.0000,8,8,8,0.4633,0.3810,12,0,0
1621,54.0,1599,159,21,1026,573,0,0,163,266.91,0.787,0.648,0.228,0.038,0.414,-0.869,1.825,0.2791,1.8726,0.607,0.031,0.014,0.094,0.025,216,79,71,0,8,0,48080.06,7534.093,9142.537,113.061,2031.069,45.611,8348.853,6832.705,226.600,4446.945,3557.556,2046.920,58.962,476.912,0.000123,-0.028080,370,0,24,47,71,24,9595,46,45,111.929,0,0,0,0,0,0,0,0,0,0,0,0,0,0,17749,420,324,12778.507,9138.355,1996.527,0.537,111.929,5252.861,5861.147,176.288,73,107,77,24,6,23254,0,0,0,0.000,0.000,0.000,0.000,0.000,0.000,0.000,0.000,0,0,0,0,0,0,0,0,0,0.000,0.000,0.000,0.000,0.000,0.000,0.000,0.000,0,0,0,0,0,0,0,0,0,0.000,0.000,0.000,0.000,0.000,0.000,0.000,0.000,0,0,0,0,0,0,0,0,0,0.000,0.000,0.000,0.000,0.000,0.000,0.000,0.000,0,0,0,0,0,0,0,0,0,0.000,0.000,0.000,0.000,0.000,0.000,0.000,0.000,0,0,0,0,0,0,0,0,0,0,0,0,0,0,0,0,0,0,23178,7437,3245,7500,2220,1038,317,0,125,0,0,0,14303,3834,2466,3446,1002,518,0,0,0,0,0,0,507.133,68.618,3161.057,584.737,0,0,0,122,98,180,422,149,79,317,151,300,97,0,161,154,111,118,104,18,68,0,0,0,0,0,0,0,0,0,0,0,0,558,0,0,0,0,0,0,0,308,0,0,0,0,0,0,0,0,0,0,0,0,0,0,0,0,0,0,0,0,0,0,0,1.0000,1.0000,8,8,8,0.4609,0.3446,12,0,0
1651,55.0,1548,172,18,1021,527,0,0,182,281.72,0.773,0.632,0.228,0.038,0.427,-0.869,1.818,0.2805,1.8627,0.612,0.024,0.015,0.094,0.022,192,87,48,0,8,0,46262.77,7186.976,8192.891,69.583,1871.107,45.923,7984.214,6571.609,246.720,3603.967,2883.174,1304.678,21.527,417.203,0.000142,-0.028943,355,0,12,36,48,12,9216,59,34,66.543,0,0,0,0,0,0,0,0,0,0,0,0,0,0,16627,377,296,11470.909,8178.534,1803.379,0.386,66.543,4909.248,5634.173,171.038,54,100,82,12,6,21962,0,0,0,0.000,0.000,0.000,0.000,0.000,0.000,0.000,0.000,0,0,0,0,0,0,0,0,0,0.000,0.000,0.000,0.000,0.000,0.000,0.000,0.000,0,0,0,0,0,0,0,0,0,0.000,0.000,0.000,0.000,0.000,0.000,0.000,0.000,0,0,0,0,0,0,0,0,0,0.000,0.000,0.000,0.000,0.000,0.000,0.000,0.000,0,0,0,0,0,0,0,0,0,0.000,0.000,0.000,0.000,0.000,0.000,0.000,0.000,0,0,0,0,0,0,0,0,0,0,0,0,0,0,0,0,0,0,22692,6947,3405,7656,2429,1124,300,0,90,0,0,0,13343,3462,2909,3284,1045,643,0,0,0,0,0,0,475.355,68.805,2986.340,720.696,0,0,0,126,90,184,387,106,112,312,158,277,103,0,171,135,117,118,76,24,57,0,0,0,0,0,0,0,0,0,0,0,0,551,0,0,0,0,0,0,0,275,0,0,0,0,0,0,0,0,0,0,0,0,0,0,0,0,0,0,0,0,0,0,0,1.0000,1.0000,8,8,8,0.4514,0.3277,12,0,0
1681,56.0,1514,155,18,1019,495,0,0,181,302.21,0.760,0.623,0.227,0.038,0.435,-0.869,1.823,0.2767,1.8365,0.612,0.024,0.012,0.094,0.022,184,76,45,0,14,0,44465.04,6973.882,7399.057,75.436,1818.540,51.091,7618.267,5789.346,254.165,3931.662,3145.330,1354.194,49.870,393.933,0.000103,-0.029372,350,0,12,33,45,12,8788,55,33,74.228,0,0,0,0,0,0,0,0,0,0,0,0,0,0,15340,339,295,10514.026,7387.702,1782.607,0.181,74.228,4535.569,4894.890,145.215,63,95,73,12,10,22481,0,0,0,0.000,0.000,0.000,0.000,0.000,0.000,0.000,0.000,0,0,0,0,0,0,0,0,0,0.000,0.000,0.000,0.000,0.000,0.000,0.000,0.000,0,0,0,0,0,0,0,0,0,0.000,0.000,0.000,0.000,0.000,0.000,0.000,0.000,0,0,0,0,0,0,0,0,0,0.000,0.000,0.000,0.000,0.000,0.000,0.000,0.000,0,0,0,0,0,0,0,0,0,0.000,0.000,0.000,0.000,0.000,0.000,0.000,0.000,0,0,0,0,0,0,0,0,0,0,0,0,0,0,0,0,0,0,22643,6793,3528,7680,2639,1291,300,0,90,0,0,0,12168,2958,2421,3172,854,805,0,0,0,0,0,0,461.677,72.692,2482.876,623.690,0,0,0,107,72,150,346,121,63,318,163,258,111,0,169,124,102,116,99,10,44,0,0,0,0,0,0,0,0,0,0,0,0,538,0,0,0,0,0,0,0,269,0,0,0,0,0,0,0,0,0,0,0,0,0,0,0,0,0,0,0,0,0,0,0,1.0000,1.0000,8,8,8,0.4621,0.3429,12,0,0
1711,57.0,1475,168,18,1015,460,0,0,185,343.72,0.748,0.611,0.225,0.036,0.445,-0.868,1.831,0.2793,1.8949,0.620,0.027,0.015,0.095,0.020,216,71,28,0,11,0,43616.69,6834.794,6905.477,55.703,1309.041,54.260,7291.806,5384.906,262.036,2701.995,2161.596,840.841,7.864,316.470,0.000132,-0.028765,271,0,6,22,27,6,8286,67,19,54.389,0,0,0,0,0,0,0,0,0,0,0,0,0,0,14245,317,204,9394.324,6893.568,1270.104,0.035,54.389,4205.783,4524.496,116.624,40,75,66,6,3,17721,0,0,0,0.000,0.000,0.000,0.000,0.000,0.000,0.000,0.000,0,0,0,0,0,0,0,0,0,0.000,0.000,0.000,0.000,0.000,0.000,0.000,0.000,0,0,0,0,0,0,0,0,0,0.000,0.000,0.000,0.000,0.000,0.000,0.000,0.000,0,0,0,0,0,0,0,0,0,0.000,0.000,0.000,0.000,0.000,0.000,0.000,0.000,0,0,0,0,0,0,0,0,0,0.000,0.000,0.000,0.000,0.000,0.000,0.000,0.000,0,0,0,0,0,0,0,0,0,0,0,0,0,0,0,0,0,0,22646,6755,3431,7624,2623,1415,300,0,90,0,0,0,11231,2882,2110,3014,732,792,0,0,0,0,0,0,462.717,72.375,2331.936,581.183,0,0,0,113,76,146,322,100,80,316,162,248,129,1,159,108,104,98,93,10,47,0,0,0,0,0,0,0,0,0,0,0,0,537,0,0,0,0,0,0,0,248,0,0,0,0,0,0,0,0,0,0,0,0,0,0,0,0,0,0,0,0,0,0,0,1.0000,1.0000,8,8,8,0.4625,0.3372,11,0,0
1741,58.0,1442,154,18,1021,421,0,0,156,323.61,0.731,0.596,0.229,0.035,0.458,-0.868,1.845,0.2757,1.8957,0.621,0.028,0.014,0.095,0.017,197,76,30,0,7,0,42494.87,6825.293,6280.440,58.140,1509.443,56.479,7031.151,5320.252,247.449,3084.817,2467.854,770.018,25.624,274.232,0.000124,-0.027626,274,0,5,25,28,5,8099,22,23,56.316,0,0,0,0,0,0,0,0,0,0,0,0,0,0,13349,287,252,8872.411,6263.179,1490.640,0.014,56.316,3941.467,4445.769,123.026,45,84,73,5,6,17482,0,0,0,0.000,0.000,0.000,0.000,0.000,0.000,0.000,0.000,0,0,0,0,0,0,0,0,0,0.000,0.000,0.000,0.000,0.000,0.000,0.000,0.000,0,0,0,0,0,0,0,0,0,0.000,0.000,0.000,0.000,0.000,0.000,0.000,0.000,0,0,0,0,0,0,0,0,0,0.000,0.000,0.000,0.000,0.000,0.000,0.000,0.000,0,0,0,0,0,0,0,0,0,0.000,0.000,0.000,0.000,0.000,0.000,0.000,0.000,0,0,0,0,0,0,0,0,0,0,0,0,0,0,0,0,0,0,22599,6857,3264,7635,2522,1545,300,0,138,0,0,0,10601,2868,2043,2748,701,716,0,0,0,0,0,0,471.684,69.511,2479.514,531.549,0,0,0,92,56,132,294,102,63,312,166,255,134,2,152,121,76,102,79,12,31,0,0,0,0,0,0,0,0,0,0,0,0,543,0,0,0,0,0,0,0,224,0,0,0,0,0,0,0,0,0,0,0,0,0,0,0,0,0,0,0,0,0,0,0,1.0000,1.0000,8,8,8,0.4555,0.3527,11,0,0
1771,59.0,1418,150,18,1020,398,0,0,147,303.99,0.722,0.592,0.230,0.035,0.466,-0.870,1.837,0.2791,1.8847,0.623,0.029,0.015,0.096,0.017,202,63,41,0,5,0,41076.67,6710.955,6160.884,82.976,1328.191,51.819,6819.809,5163.251,215.511,3183.793,2547.034,1200.154,63.847,273.691,0.000116,-0.027231,235,0,7,34,41,7,7835,29,34,82.847,0,0,0,0,0,0,0,0,0,0,0,0,0,0,12462,283,206,8573.777,6148.183,1312.074,0.129,82.847,3693.745,4326.533,96.028,45,68,57,7,4,17135,0,0,0,0.000,0.000,0.000,0.000,0.000,0.000,0.000,0.000,0,0,0,0,0,0,0,0,0,0.000,0.000,0.000,0.000,0.000,0.000,0.000,0.000,0,0,0,0,0,0,0,0,0,0.000,0.000,0.000,0.000,0.000,0.000,0.000,0.000,0,0,0,0,0,0,0,0,0,0.000,0.000,0.000,0.000,0.000,0.000,0.000,0.000,0,0,0,0,0,0,0,0,0,0.000,0.000,0.000,0.000,0.000,0.000,0.000,0.000,0,0,0,0,0,0,0,0,0,0,0,0,0,0,0,0,0,0,22913,7159,3037,7537,2289,1698,226,0,150,0,0,0,9995,3087,1505,2467,768,325,0,0,0,0,0,0,470.340,66.153,2566.162,367.018,0,0,0,89,51,144,288,91,46,315,165,246,135,3,156,123,53,85,86,19,32,0,0,0,0,0,0,0,0,0,0,0,0,540,0,0,0,0,0,0,0,222,0,0,0,0,0,0,0,0,0,0,0,0,0,0,0,0,0,0,0,0,0,0,0,1.0000,1.0000,8,8,8,0.4545,0.3474,11,0,0
1801,60.0,1365,202,16,1009,356,0,0,146,325.64,0.707,0.578,0.232,0.034,0.478,-0.870,1.842,0.2770,1.9411,0.634,0.029,0.011,0.098,0.016,196,69,39,0,12,0,39788.28,6702.091,5300.335,65.307,1419.806,53.796,6521.567,4709.989,202.562,2534.130,2027.304,1073.232,19.153,322.792,0.000122,-0.027865,243,0,8,31,38,8,7968,48,28,61.667,0,0,0,0,0,0,0,0,0,0,0,0,0,0,11432,244,195,7637.965,5294.463,1375.990,0.140,61.667,3409.172,3874.389,101.564,37,79,65,8,6,20191,13,0,0,0.000,0.000,0.000,0.000,0.000,3.183,2.084,0.000,0,0,0,0,0,0,0,0,0,0.000,0.000,0.000,0.000,0.000,0.000,0.000,0.000,0,0,0,0,0,0,0,0,0,0.000,0.000,0.000,0.000,0.000,0.000,0.000,0.000,0,0,0,0,0,0,0,0,0,0.000,0.000,0.000,0.000,0.000,0.000,0.000,0.000,0,0,0,0,0,0,0,0,0,0.000,0.000,0.000,0.000,0.000,0.000,0.000,0.000,0,0,0,0,0,0,0,0,0,0,0,0,0,0,0,0,0,0,22696,7191,3131,7415,2200,1822,222,0,150,0,0,0,9243,2690,1201,2202,570,251,0,0,0,0,0,0,460.918,68.024,2129.973,281.815,0,0,0,79,73,150,250,69,46,309,176,227,134,8,155,83,57,80,71,24,41,0,0,0,0,0,0,0,0,0,0,0,0,524,0,0,0,0,0,0,0,216,0,0,0,0,0,0,0,0,0,0,0,0,0,0,0,0,0,0,0,0,0,0,0,1.0000,1.0000,8,8,8,0.4404,0.3078,11,0,0
1831,61.0,1355,208,16,1019,336,0,0,129,337.35,0.698,0.566,0.236,0.034,0.487,-0.871,1.854,0.2734,1.9317,0.645,0.032,0.018,0.098,0.014,201,52,27,0,10,0,40728.01,6867.552,6309.769,33.322,1161.124,51.535,6215.286,4197.754,192.817,3043.222,2434.578,769.955,16.692,269.760,0.000169,-0.028342,209,0,13,14,27,13,7697,29,14,32.360,0,0,0,0,0,0,0,0,0,0,0,0,0,0,10251,290,180,8483.020,6295.461,1127.991,0.165,32.360,3081.955,3398.921,82.594,46,66,46,13,7,16689,30,0,0,0.000,0.000,0.000,0.000,0.000,7.303,4.550,0.000,0,0,0,0,0,0,0,0,0,0.000,0.000,0.000,0.000,0.000,0.000,0.000,0.000,0,0,0,0,0,0,0,0,0,0.000,0.000,0.000,0.000,0.000,0.000,0.000,0.000,0,0,0,0,0,0,0,0,0,0.000,0.000,0.000,0.000,0.000,0.000,0.000,0.000,0,0,0,0,0,0,0,0,0,0.000,0.000,0.000,0.000,0.000,0.000,0.000,0.000,0,0,0,0,0,0,0,0,0,0,0,0,0,0,0,0,0,0,22759,7128,3022,7320,2166,1956,240,0,164,0,0,0,8204,2080,1301,2077,519,379,0,0,0,0,0,0,444.960,67.795,1660.885,347.952,0,0,0,84,76,144,298,84,67,307,172,234,139,9,158,90,56,68,76,9,37,0,0,0,0,0,0,0,0,0,0,0,0,540,0,0,0,0,0,0,0,190,0,0,0,0,0,0,0,0,0,0,0,0,0,0,0,0,0,0,0,0,0,0,0,1.0000,1.0000,8,8,8,0.4571,0.3075,11,0,0
1861,62.0,1372,216,16,1050,322,0,0,129,357.79,0.687,0.556,0.238,0.033,0.497,-0.875,1.865,0.2735,1.9365,0.636,0.027,0.016,0.098,0.012,214,56,34,0,4,0,41321.33,7174.769,5922.950,34.890,1268.567,54.382,6205.383,4015.509,177.919,4179.568,3343.654,989.864,50.204,264.500,0.000104,-0.028199,225,0,17,17,34,17,7233,39,17,34.624,0,0,0,0,0,0,0,0,0,0,0,0,0,0,9871,270,186,8080.161,5897.152,1248.618,0.266,34.624,2984.351,3202.298,85.265,59,73,53,17,3,19012,30,0,0,0.000,0.000,0.000,0.000,0.000,7.303,4.597,0.000,0,0,0,0,0,0,0,0,0,0.000,0.000,0.000,0.000,0.000,0.000,0.000,0.000,0,0,0,0,0,0,0,0,0,0.000,0.000,0.000,0.000,0.000,0.000,0.000,0.000,0,0,0,0,0,0,0,0,0,0.000,0.000,0.000,0.000,0.000,0.000,0.000,0.000,0,0,0,0,0,0,0,0,0,0.000,0.000,0.000,0.000,0.000,0.000,0.000,0.000,0,0,0,0,0,0,0,0,0,0,0,0,0,0,0,0,0,0,23424,7212,2930,7414,2174,2017,269,0,239,0,0,0,7770,1736,1414,2131,645,537,0,0,0,0,0,0,453.847,66.436,1571.880,398.418,0,0,0,99,50,138,279,84,67,320,169,251,138,13,159,79,70,65,76,10,22,0,0,0,0,0,0,0,0,0,0,0,0,561,0,0,0,0,0,0,0,173,0,0,0,0,0,0,0,0,0,0,0,0,0,0,0,0,0,0,0,0,0,0,0,1.0000,1.0000,8,8,8,0.4542,0.3383,11,0,0
1891,63.0,1427,224,16,1081,346,0,0,120,358.78,0.690,0.560,0.240,0.035,0.492,-0.878,1.877,0.2724,2.0005,0.618,0.029,0.009,0.098,0.013,219,40,14,0,6,0,42674.43,7332.306,6116.551,22.000,1520.013,54.208,6356.235,4085.128,172.387,4410.841,3528.673,359.709,3.644,258.480,0.000113,-0.027430,274,0,4,10,14,4,7463,55,10,21.952,0,0,0,0,0,0,0,0,0,0,0,0,0,0,10079,281,219,8615.286,6103.443,1481.948,0.047,21.952,3051.576,3258.636,86.141,68,43,36,4,3,12554,20,0,0,0.000,0.000,0.000,0.000,0.000,4.869,2.165,0.000,0,1,1,0,0,93,0,0,0,0.000,0.000,0.000,0.000,0.000,0.000,0.000,0.000,0,0,0,0,0,0,0,0,0,0.000,0.000,0.000,0.000,0.000,0.000,0.000,0.000,0,0,0,0,0,0,0,0,0,0.000,0.000,0.000,0.000,0.000,0.000,0.000,0.000,0,0,0,0,0,0,0,0,0,0.000,0.000,0.000,0.000,0.000,0.000,0.000,0.000,0,0,0,0,0,0,0,0,0,0,0,0,0,0,0,0,0,0,24060,7430,2980,7482,2194,2044,270,0,240,0,0,0,8185,1823,1544,1914,641,403,0,0,0,0,0,0,463.945,69.976,1700.050,389.538,0,0,0,91,76,130,289,93,66,321,179,249,158,8,166,89,61,77,80,12,27,0,0,0,0,0,0,0,0,0,0,0,0,581,0,0,0,0,0,0,0,196,0,0,0,0,0,0,0,0,0,0,0,0,0,0,0,0,0,0,0,0,0,0,0,1.0000,1.0000,8,8,8,0.4660,0.3134,11,0,0
1921,64.0,1452,270,16,1105,347,0,0,117,351.73,0.690,0.559,0.236,0.036,0.495,-0.879,1.873,0.2716,2.0040,0.609,0.024,0.017,0.098,0.013,228,48,33,0,5,0,43528.62,7607.155,6370.338,53.631,1274.596,57.983,6586.113,4418.672,169.157,4203.888,3363.110,795.533,91.909,274.778,0.000122,-0.028106,238,0,7,26,33,7,7489,49,26,53.443,0,0,0,0,0,0,0,0,0,0,0,0,0,0,10495,289,189,8590.284,6351.497,1235.473,0.188,53.443,3181.728,3580.144,82.389,56,55,43,7,5,10596,0,0,0,0.000,0.000,0.000,0.000,0.000,0.000,0.000,0.000,0,0,0,0,0,0,0,0,0,0.000,0.000,0.000,0.000,0.000,0.000,0.000,0.000,0,0,0,0,0,0,0,0,0,0.000,0.000,0.000,0.000,0.000,0.000,0.000,0.000,0,0,0,0,0,0,0,0,0,0.000,0.000,0.000,0.000,0.000,0.000,0.000,0.000,0,0,0,0,0,0,0,0,0,0.000,0.000,0.000,0.000,0.000,0.000,0.000,0.000,0,0,0,0,0,0,0,0,0,0,0,0,0,0,0,0,0,0,24774,7462,3100,7665,2283,1954,270,38,202,0,0,0,8847,2251,1531,1648,533,307,0,0,0,0,0,0,475.970,67.862,1942.720,377.433,0,0,0,103,82,158,297,89,68,331,169,249,173,8,175,91,73,75,64,10,34,0,0,0,0,0,0,0,0,0,0,0,0,605,0,0,0,0,0,0,0,183,0,0,0,0,0,0,0,0,0,0,0,0,0,0,0,0,0,0,0,0,0,0,0,1.0000,1.0000,8,8,8,0.4462,0.3308,11,0,0
1951,65.0,1466,286,16,1129,337,0,0,114,336.76,0.683,0.552,0.239,0.035,0.501,-0.880,1.879,0.2687,2.0514,0.612,0.025,0.015,0.098,0.010,222,60,30,0,7,0,45157.10,8037.719,6876.199,47.251,1247.675,56.191,6614.705,4315.474,166.698,4167.725,3334.180,970.598,181.318,250.350,0.000122,-0.028998,233,0,7,23,30,7,7352,40,22,46.325,0,0,0,0,0,0,0,0,0,0,0,0,0,0,10183,317,193,9161.169,6853.155,1221.750,0.066,46.325,3114.989,3447.177,105.229,54,64,53,7,4,12762,0,0,0,0.000,0.000,0.000,0.000,0.000,0.000,0.000,0.000,0,0,0,0,0,0,0,0,0,0.000,0.000,0.000,0.000,0.000,0.000,0.000,0.000,0,0,0,0,0,0,0,0,0,0.000,0.000,0.000,0.000,0.000,0.000,0.000,0.000,0,0,0,0,0,0,0,0,0,0.000,0.000,0.000,0.000,0.000,0.000,0.000,0.000,0,0,0,0,0,0,0,0,0,0.000,0.000,0.000,0.000,0.000,0.000,0.000,0.000,0,0,0,0,0,0,0,0,0,0,0,0,0,0,0,0,0,0,25421,7602,3040,7857,2294,1744,244,60,154,0,0,0,8704,2237,1732,1479,463,421,0,0,0,0,0,0,474.834,65.600,1839.000,439.634,0,0,0,118,75,149,326,99,87,336,165,258,178,11,181,81,76,82,67,6,25,0,0,0,0,0,0,0,0,0,0,0,0,628,0,0,0,0,0,0,0,180,0,0,0,0,0,0,0,0,0,0,0,0,0,0,0,0,0,0,0,0,0,0,0,1.0000,1.0000,8,8,8,0.4665,0.3505,11,0,0
1981,66.0,1523,309,16,1165,358,0,0,113,335.66,0.684,0.558,0.246,0.035,0.499,-0.880,1.892,0.2653,2.0581,0.616,0.024,0.025,0.098,0.009,220,39,31,0,3,0,47856.68,8608.893,7666.664,53.465,1457.490,50.366,6773.627,4296.180,154.851,4883.985,3907.188,954.515,185.810,287.661,0.000187,-0.028298,228,0,10,21,31,10,7699,37,21,51.740,0,0,0,0,0,0,0,0,0,0,0,0,0,0,10363,351,191,10257.680,7606.027,1423.825,0.190,51.740,3189.394,3425.730,107.834,69,48,38,10,0,8410,0,0,0,0.000,0.000,0.000,0.000,0.000,0.000,0.000,0.000,0,0,0,0,0,0,0,0,0,0.000,0.000,0.000,0.000,0.000,0.000,0.000,0.000,0,0,0,0,0,0,0,0,0,0.000,0.000,0.000,0.000,0.000,0.000,0.000,0.000,0,0,0,0,0,0,0,0,0,0.000,0.000,0.000,0.000,0.000,0.000,0.000,0.000,0,0,0,0,0,0,0,0,0,0.000,0.000,0.000,0.000,0.000,0.000,0.000,0.000,0,0,0,0,0,0,0,0,0,0,0,0,0,0,0,0,0,0,26056,7698,3037,8006,2485,1729,240,56,154,0,0,0,8781,2110,1719,1582,571,368,0,0,0,0,0,0,477.977,66.725,1807.633,428.817,0,0,0,135,76,184,372,111,79,349,165,274,178,11,188,95,78,74,81,9,21,0,0,0,0,0,0,0,0,0,0,0,0,651,0,0,0,0,0,0,0,185,0,0,0,0,0,0,0,0,0,0,0,0,0,0,0,0,0,0,0,0,0,0,0,1.0000,1.0000,8,8,8,0.4373,0.3074,11,0,0
2011,67.0,1624,293,16,1214,410,0,0,107,341.33,0.695,0.572,0.249,0.036,0.489,-0.878,1.904,0.2659,2.0527,0.591,0.029,0.020,0.098,0.011,232,45,31,0,4,0,51404.15,9176.248,9407.864,42.469,1414.166,57.306,7224.162,4978.801,153.834,6990.038,5592.031,903.809,70.551,349.945,0.000130,-0.027952,250,0,11,20,31,11,8013,55,16,37.645,0,0,0,0,0,0,0,0,0,0,0,0,0,0,11370,432,195,12293.102,9384.601,1372.495,0.342,37.645,3498.926,4052.470,128.727,105,53,41,11,1,11469,0,0,0,0.000,0.000,0.000,0.000,0.000,0.000,0.000,0.000,0,0,0,0,0,0,0,0,0,0.000,0.000,0.000,0.000,0.000,0.000,0.000,0.000,0,0,0,0,0,0,0,0,0,0.000,0.000,0.000,0.000,0.000,0.000,0.000,0.000,0,0,0,0,0,0,0,0,0,0.000,0.000,0.000,0.000,0.000,0.000,0.000,0.000,0,0,0,0,0,0,0,0,0,0.000,0.000,0.000,0.000,0.000,0.000,0.000,0.000,0,0,0,0,0,0,0,0,0,0,0,0,0,0,0,0,0,0,27360,8085,2986,8064,2743,1573,240,0,210,0,0,0,9858,2930,1759,1512,542,315,0,0,0,0,0,0,511.523,63.316,2359.099,454.292,0,0,0,126,97,204,443,161,81,373,152,287,186,11,205,137,70,82,84,9,28,0,0,0,0,0,0,0,0,0,0,0,0,689,0,0,0,0,0,0,0,203,0,0,0,0,0,0,0,0,0,0,0,0,0,0,0,0,0,0,0,0,0,0,0,1.0000,1.0000,8,8,8,0.4355,0.3511,11,0,0
2041,68.0,1673,293,16,1240,433,0,0,102,327.93,0.698,0.576,0.249,0.036,0.485,-0.877,1.910,0.2668,2.0632,0.596,0.035,0.021,0.096,0.013,242,42,51,0,6,0,54348.80,9835.210,10029.458,101.009,1326.740,59.164,7718.870,5636.493,141.402,5606.431,4485.145,1733.388,290.167,379.419,0.000142,-0.028158,290,0,12,39,51,12,8333,96,37,98.607,0,0,0,0,0,0,0,0,0,0,0,0,0,0,12588,458,194,12867.619,10003.635,1303.567,0.449,98.607,3877.076,4690.916,127.913,80,57,40,12,5,9250,0,0,0,0.000,0.000,0.000,0.000,0.000,0.000,0.000,0.000,0,0,0,0,0,0,0,0,0,0.000,0.000,0.000,0.000,0.000,0.000,0.000,0.000,0,0,0,0,0,0,0,0,0,0.000,0.000,0.000,0.000,0.000,0.000,0.000,0.000,0,0,0,0,0,0,0,0,0,0.000,0.000,0.000,0.000,0.000,0.000,0.000,0.000,0,0,0,0,0,0,0,0,0,0.000,0.000,0.000,0.000,0.000,0.000,0.000,0.000,0,0,0,0,0,0,0,0,0,0,0,0,0,0,0,0,0,0,28479,8492,2942,8087,2703,1532,226,0,155,0,0,0,11007,3682,1842,1581,452,464,0,0,0,0,0,0,521.693,62.417,2859.818,493.113,0,0,0,157,94,218,469,160,109,385,155,312,167,18,203,132,91,86,77,20,27,0,0,0,0,0,0,0,0,0,0,0,0,700,0,0,0,0,0,0,0,210,0,0,0,0,0,0,0,0,0,0,0,0,0,0,0,0,0,0,0,0,0,0,0,1.0000,1.0000,8,8,8,0.4413,0.3696,11,0,0
2071,69.0,1767,304,16,1286,481,0,0,103,279.21,0.707,0.589,0.254,0.037,0.476,-0.879,1.911,0.2669,2.0679,0.582,0.035,0.023,0.095,0.015,236,52,49,0,2,0,57985.89,10384.574,11201.033,91.991,2314.123,59.253,8159.278,5987.040,140.369,7559.197,6047.358,1531.484,239.505,471.000,0.000100,-0.028338,402,0,12,37,49,12,8549,71,36,89.831,0,0,0,0,0,0,0,0,0,0,0,0,0,0,13720,508,331,15285.890,11171.082,2283.897,0.278,89.831,4214.284,5013.190,132.785,110,62,50,12,0,7598,0,0,0,0.000,0.000,0.000,0.000,0.000,0.000,0.000,0.000,0,0,0,0,0,0,0,0,0,0.000,0.000,0.000,0.000,0.000,0.000,0.000,0.000,0,0,0,0,0,0,0,0,0,0.000,0.000,0.000,0.000,0.000,0.000,0.000,0.000,0,0,0,0,0,0,0,0,0,0.000,0.000,0.000,0.000,0.000,0.000,0.000,0.000,0,0,0,0,0,0,0,0,0,0.000,0.000,0.000,0.000,0.000,0.000,0.000,0.000,0,0,0,0,0,0,0,0,0,0,0,0,0,0,0,0,0,0,29302,8860,2878,8235,2899,1568,237,41,116,0,0,0,11978,3798,2113,1742,455,467,0,0,0,0,0,0,545.791,64.207,2908.541,552.981,0,0,0,185,113,238,525,166,105,398,155,325,184,16,208,131,90,88,114,24,34,0,0,0,0,0,0,0,0,0,0,0,0,733,0,0,0,0,0,0,0,260,0,0,0,0,0,0,0,0,0,0,0,0,0,0,0,0,0,0,0,0,0,0,0,1.0000,1.0000,8,8,8,0.4177,0.3285,10,0,0
2101,70.0,1907,238,16,1354,553,0,0,115,271.35,0.721,0.607,0.259,0.035,0.466,-0.881,1.922,0.2687,2.0896,0.572,0.038,0.016,0.095,0.017,257,49,33,0,3,0,63307.54,11419.376,12507.919,58.464,2370.723,58.791,8842.293,6377.976,150.570,8730.349,6984.279,1007.893,90.524,448.776,0.000130,-0.029454,383,0,10,23,33,10,9063,39,23,57.719,0,0,0,0,0,0,0,0,0,0,0,0,0,0,15297,565,344,16743.789,12384.240,2352.390,0.236,57.719,4689.773,5351.505,147.049,130,59,47,10,2,8279,24,4,0,100.000,69.229,0.000,0.000,0.000,6.454,4.333,0.000,1,0,0,0,0,0,0,0,0,0.000,0.000,0.000,0.000,0.000,0.000,0.000,0.000,0,0,0,0,0,0,0,0,0,0.000,0.000,0.000,0.000,0.000,0.000,0.000,0.000,0,0,0,0,0,0,0,0,0,0.000,0.000,0.000,0.000,0.000,0.000,0.000,0.000,0,0,0,0,0,0,0,0,0,0.000,0.000,0.000,0.000,0.000,0.000,0.000,0.000,0,0,0,0,0,0,0,0,0,0,0,0,0,0,0,0,0,0,31081,9081,3045,8393,3077,1426,240,60,120,0,0,0,13595,3733,2778,1726,542,339,0,0,0,0,0,0,555.834,66.212,2826.664,713.408,0,0,0,174,112,240,592,204,135,408,154,354,201,14,223,158,102,111,110,25,47,0,0,0,0,0,0,0,0,0,0,0,0,792,0,0,0,0,0,0,0,293,0,0,0,0,0,0,0,0,0,0,0,0,0,0,0,0,0,0,0,0,0,0,0,1.0000,1.0000,8,8,8,0.4223,0.3226,10,0,0
2131,71.0,2039,287,16,1437,602,0,0,129,251.43,0.723,0.610,0.259,0.035,0.463,-0.881,1.931,0.2676,2.0598,0.541,0.042,0.018,0.094,0.020,253,43,40,0,4,0,66810.63,12336.983,12171.519,73.997,3032.988,62.113,9652.815,7632.308,170.196,8071.253,6457.002,1269.622,189.749,550.473,0.000205,-0.029490,491,0,12,28,40,12,9398,58,28,73.806,0,0,0,0,0,0,0,0,0,0,0,0,0,0,17226,554,430,17209.997,12125.893,2974.254,0.191,73.806,5273.832,6580.775,145.324,106,57,41,12,4,11044,52,1,3,42.495,17.307,11.986,0.000,0.000,14.871,13.866,0.045,0,0,0,0,0,0,0,0,0,0.000,0.000,0.000,0.000,0.000,0.000,0.000,0.000,0,0,0,0,0,0,0,0,0,0.000,0.000,0.000,0.000,0.000,0.000,0.000,0.000,0,0,0,0,0,0,0,0,0,0.000,0.000,0.000,0.000,0.000,0.000,0.000,0.000,0,0,0,0,0,0,0,0,0,0.000,0.000,0.000,0.000,0.000,0.000,0.000,0.000,0,0,0,0,0,0,0,0,0,0,0,0,0,0,0,0,0,0,32755,9021,3051,8815,3210,1320,244,48,132,0,0,0,15375,4953,2081,1903,735,312,0,0,0,0,0,0,546.705,64.406,3895.566,537.454,0,0,0,213,130,279,573,217,98,410,155,384,225,17,246,199,83,157,95,19,49,0,0,0,0,0,0,0,0,0,0,0,0,872,0,0,0,0,0,0,0,320,0,0,0,0,0,0,0,0,0,0,0,0,0,0,0,0,0,0,0,0,0,0,0,1.0000,1.0000,8,8,8,0.4130,0.3311,10,0,0
2161,72.0,2144,275,16,1478,666,0,0,142,282.18,0.736,0.623,0.259,0.036,0.454,-0.881,1.941,0.2646,2.0858,0.548,0.039,0.012,0.095,0.018,239,66,73,0,9,0,70437.34,13418.181,14075.854,140.365,3580.067,59.187,10432.552,8245.200,190.589,9906.839,7925.471,2346.116,167.407,644.459,0.000177,-0.029730,563,0,17,56,73,17,9707,54,56,140.054,0,0,0,0,0,0,0,0,0,0,0,0,0,0,19070,645,507,19935.895,14020.718,3539.568,0.311,140.054,5823.255,7113.253,186.727,152,88,65,17,6,14569,60,0,2,11.481,0.000,7.906,0.000,0.000,17.341,19.994,0.000,0,0,0,0,0,0,0,0,0,0.000,0.000,0.000,0.000,0.000,0.000,0.000,0.000,0,0,0,0,0,0,0,0,0,0.000,0.000,0.000,0.000,0.000,0.000,0.000,0.000,0,0,0,0,0,0,0,0,0,0.000,0.000,0.000,0.000,0.000,0.000,0.000,0.000,0,0,0,0,0,0,0,0,0,0.000,0.000,0.000,0.000,0.000,0.000,0.000,0.000,0,0,0,0,0,0,0,0,0,0,0,0,0,0,0,0,0,0,34779,9350,3084,9000,3190,1316,270,1,179,0,0,0,17028,5251,2472,2102,718,281,0,0,0,0,0,0,561.431,60.610,4065.204,597.632,0,0,0,220,157,282,671,205,143,431,153,389,230,13,262,186,118,134,148,13,67,0,0,0,0,0,0,0,0,0,0,0,0,894,0,0,0,0,0,0,0,362,0,0,0,0,0,0,0,0,0,0,0,0,0,0,0,0,0,0,0,0,0,0,0,1.0000,1.0000,8,8,8,0.4104,0.3380,10,0,0
2191,73.0,2282,221,16,1539,743,0,0,168,304.74,0.748,0.637,0.261,0.039,0.446,-0.882,1.946,0.2636,2.1219,0.543,0.038,0.012,0.094,0.018,235,55,65,0,8,0,76503.67,14669.287,16302.806,126.738,4051.217,57.955,11169.381,8728.158,214.460,10178.964,8143.171,1893.886,207.603,783.215,0.000144,-0.030327,662,0,13,52,65,13,11017,99,52,125.545,0,0,0,0,0,0,0,0,0,0,0,0,0,0,21080,738,562,22853.306,16221.048,3990.234,0.182,125.545,6429.799,7525.141,208.353,149,72,54,13,5,9605,60,2,1,60.704,34.435,7.333,0.000,0.000,17.323,21.224,0.000,0,0,0,0,0,0,0,0,0,0.000,0.000,0.000,0.000,0.000,0.000,0.000,0.000,0,0,0,0,0,0,0,0,0,0.000,0.000,0.000,0.000,0.000,0.000,0.000,0.000,0,0,0,0,0,0,0,0,0,0.000,0.000,0.000,0.000,0.000,0.000,0.000,0.000,0,0,0,0,0,0,0,0,0,0.000,0.000,0.000,0.000,0.000,0.000,0.000,0.000,0,0,0,0,0,0,0,0,0,0,0,0,0,0,0,0,0,0,35726,9886,3290,9183,3256,1262,270,0,176,0,0,0,18587,5163,3547,2553,1017,496,0,0,0,0,0,0,598.305,63.733,4134.519,873.866,0,0,0,235,138,331,758,278,169,442,170,400,227,21,279,236,142,164,128,28,45,0,0,0,0,0,0,0,0,0,0,0,0,927,0,0,0,0,0,0,0,365,0,0,0,0,0,0,0,0,0,0,0,0,0,0,0,0,0,0,0,0,0,0,0,1.0000,1.0000,8,8,8,0.4033,0.3144,10,0,0
2221,74.0,2407,282,16,1602,805,0,0,194,273.34,0.755,0.648,0.266,0.041,0.442,-0.883,1.958,0.2687,2.1203,0.531,0.037,0.010,0.094,0.019,274,67,79,0,11,0,80220.02,15640.443,15754.652,136.849,4120.553,60.794,12021.684,9774.988,253.398,10832.475,8665.980,2608.632,201.708,788.697,0.000199,-0.030414,664,0,23,56,79,23,11980,75,56,136.523,0,0,0,0,0,0,0,0,0,0,0,0,0,0,23191,718,589,22458.520,15712.550,4091.499,0.326,136.523,7094.999,8487.867,257.945,158,95,65,23,7,12082,48,0,0,0.000,0.000,0.000,0.000,0.000,13.614,14.934,0.000,0,1,1,0,0,100,0,0,0,0.000,0.000,0.000,0.000,0.000,0.000,0.000,0.000,0,0,0,0,0,0,0,0,0,0.000,0.000,0.000,0.000,0.000,0.000,0.000,0.000,0,0,0,0,0,0,0,0,0,0.000,0.000,0.000,0.000,0.000,0.000,0.000,0.000,0,0,0,0,0,0,0,0,0,0.000,0.000,0.000,0.000,0.000,0.000,0.000,0.000,0,0,0,0,0,0,0,0,0,0,0,0,0,0,0,0,0,0,37443,10085,3978,9297,3141,1170,270,0,124,0,0,0,20385,5966,3759,2854,1075,669,0,0,0,0,0,0,613.283,72.005,4866.558,945.814,0,0,0,263,190,347,739,219,185,452,181,432,223,16,298,238,169,198,127,27,46,0,0,0,0,0,0,0,0,0,0,0,0,969,0,0,0,0,0,0,0,398,0,0,0,0,0,0,0,0,0,0,0,0,0,0,0,0,0,0,0,0,0,0,0,1.0000,1.0000,8,8,8,0.4074,0.3084,10,0,0
2251,75.0,2508,288,15,1645,863,0,0,206,221.06,0.764,0.659,0.275,0.042,0.437,-0.885,1.960,0.2727,2.1291,0.514,0.040,0.009,0.094,0.020,262,76,130,0,12,0,84005.88,16627.427,17906.268,208.222,4677.826,66.897,12666.797,10353.058,278.639,12450.214,9960.172,4076.621,175.145,915.759,0.000153,-0.030515,713,0,48,82,130,48,12369,61,82,205.704,0,0,0,0,0,0,0,0,0,0,0,0,0,0,24680,810,649,25280.462,17831.322,4598.029,0.898,205.704,7584.375,8967.047,292.134,192,134,76,48,10,19844,46,1,3,53.211,17.307,19.109,0.000,0.000,12.198,24.796,0.000,0,0,0,0,0,0,0,0,0,0.000,0.000,0.000,0.000,0.000,0.000,0.000,0.000,0,0,0,0,0,0,0,0,0,0.000,0.000,0.000,0.000,0.000,0.000,0.000,0.000,0,0,0,0,0,0,0,0,0,0.000,0.000,0.000,0.000,0.000,0.000,0.000,0.000,0,0,0,0,0,0,0,0,0,0.000,0.000,0.000,0.000,0.000,0.000,0.000,0.000,0,0,0,0,0,0,0,0,0,0,0,0,0,0,0,0,0,0,38680,10451,4277,9534,3251,1086,293,0,168,0,0,0,21562,6060,4019,3164,1121,780,0,0,0,0,0,0,645.916,73.095,4966.099,1035.632,0,0,0,256,162,421,833,254,159,463,192,452,216,13,309,233,140,180,200,27,83,0,0,0,0,0,0,0,0,0,0,0,0,990,0,0,0,0,0,0,0,490,0,0,0,0,0,0,0,0,0,0,0,0,0,0,0,0,0,0,0,0,0,0,0,1.0000,1.0000,8,8,8,0.3945,0.2903,10,0,0
2281,76.0,2650,293,15,1729,921,0,0,221,285.29,0.766,0.661,0.280,0.044,0.435,-0.886,1.976,0.2688,2.1160,0.495,0.032,0.011,0.094,0.023,238,90,107,0,10,0,88214.85,17667.020,18930.865,204.847,5576.908,57.984,13512.114,11079.658,302.231,13223.383,10578.707,3819.637,258.316,977.121,0.000247,-0.031007,847,0,38,69,107,38,13409,96,69,203.913,0,0,0,0,0,0,0,0,0,0,0,0,0,0,26550,857,750,27516.921,18800.963,5531.777,0.567,203.913,8219.736,9602.202,336.179,189,131,89,38,4,19158,60,4,1,108.003,68.856,5.540,0.000,0.000,15.771,19.828,0.000,0,0,0,0,0,0,0,0,0,0.000,0.000,0.000,0.000,0.000,0.000,0.000,0.000,0,0,0,0,0,0,0,0,0,0.000,0.000,0.000,0.000,0.000,0.000,0.000,0.000,0,0,0,0,0,0,0,0,0,0.000,0.000,0.000,0.000,0.000,0.000,0.000,0.000,0,0,0,0,0,0,0,0,0,0.000,0.000,0.000,0.000,0.000,0.000,0.000,0.000,0,0,0,0,0,0,0,0,0,0,0,0,0,0,0,0,0,0,40268,10918,4484,10008,3378,1127,296,0,162,0,0,0,22653,6194,3255,3957,1112,863,0,0,0,0,0,0,682.575,77.089,5087.272,895.237,0,0,0,271,185,435,886,274,152,494,195,488,213,17,322,268,157,184,206,34,72,0,0,0,0,0,0,0,0,0,0,0,0,1040,0,0,0,0,0,0,0,496,0,0,0,0,0,0,0,0,0,0,0,0,0,0,0,0,0,0,0,0,0,0,0,1.0000,1.0000,8,8,8,0.3936,0.3096,10,0,0
2311,77.0,2840,267,15,1808,1031,0,1,252,266.41,0.779,0.677,0.285,0.044,0.426,-0.886,1.990,0.2733,2.1266,0.493,0.028,0.012,0.094,0.025,267,78,98,0,10,0,94355.14,18758.185,21970.243,163.565,6613.953,59.907,14596.042,12421.687,343.856,14752.182,11801.746,3113.930,135.245,1190.502,0.000195,-0.031906,1082,0,33,65,98,33,14567,171,65,161.015,0,0,0,0,0,0,0,0,0,0,0,0,0,0,29164,984,911,31872.801,21825.198,6524.877,0.417,161.015,9075.219,10807.138,423.519,225,116,78,33,5,16356,75,4,0,100.000,68.483,0.000,0.000,0.000,19.852,25.766,0.000,1,0,0,0,0,0,11,0,0,0.000,0.000,0.000,0.000,0.000,1.194,0.341,0.000,0,0,0,0,0,0,0,0,0,0.000,0.000,0.000,0.000,0.000,0.000,0.000,0.000,0,0,0,0,0,0,0,0,0,0.000,0.000,0.000,0.000,0.000,0.000,0.000,0.000,0,0,0,0,0,0,0,0,0,0.000,0.000,0.000,0.000,0.000,0.000,0.000,0.000,0,0,0,0,0,0,0,1,0,0,0,0,0,0,0,0,0,0,42258,11367,5071,10298,3628,941,270,0,120,0,0,0,24454,7351,3836,4796,1275,917,0,0,0,0,0,0,708.216,86.428,5982.083,1074.783,0,0,0,331,219,437,1013,359,242,510,213,530,231,22,302,309,179,234,184,34,91,0,0,1,0,0,0,0,0,0,0,0,0,1085,0,0,0,0,0,0,0,543,0,0,0,0,0,0,0,1,0,0,0,0,0,0,0,0,0,0,0,0,0,0,0,1.0000,1.0000,8,8,8,0.4026,0.3298,10,0,0
2341,78.0,2998,249,15,1880,1117,0,1,296,239.16,0.785,0.688,0.280,0.044,0.421,-0.887,1.989,0.2721,2.1346,0.479,0.029,0.010,0.093,0.028,269,93,127,0,9,0,98829.63,20260.509,22673.933,210.090,7802.742,58.095,15796.406,14103.523,391.253,14869.786,11895.829,3848.467,158.246,1398.190,0.000173,-0.032333,1256,0,36,91,127,36,15918,162,91,209.628,0,0,0,0,0,0,0,0,0,0,0,0,0,0,32173,1018,1084,33992.357,22612.270,7677.998,0.461,209.628,10023.195,12371.896,497.718,221,136,93,36,7,20083,90,1,10,133.575,17.307,74.434,0.000,0.000,23.889,27.958,0.000,1,0,0,0,0,0,30,0,0,0.000,0.000,0.000,0.000,0.000,3.249,0.931,0.000,0,0,0,0,0,0,0,0,0,0.000,0.000,0.000,0.000,0.000,0.000,0.000,0.000,0,0,0,0,0,0,0,0,0,0.000,0.000,0.000,0.000,0.000,0.000,0.000,0.000,0,0,0,0,0,0,0,0,0,0.000,0.000,0.000,0.000,0.000,0.000,0.000,0.000,0,0,0,0,0,0,0,0,0,0,0,0,0,0,0,0,0,0,44356,11937,5570,10763,3716,1010,243,21,99,0,0,0,27106,8495,5224,5187,1178,775,0,0,0,0,0,0,728.509,96.451,6864.553,1364.481,0,0,0,306,239,476,1039,314,232,538,222,521,255,24,320,320,201,243,211,31,111,0,0,0,1,0,0,0,0,0,0,0,0,1120,0,0,0,0,0,0,0,596,0,0,0,0,0,0,0,1,0,0,0,0,0,0,0,0,0,0,0,0,0,0,0,1.0000,1.0000,8,8,8,0.3903,0.3152,10,0,0
2371,79.0,3113,245,15,1922,1190,0,1,324,272.11,0.796,0.697,0.286,0.048,0.416,-0.890,2.007,0.2723,2.1276,0.482,0.024,0.007,0.093,0.028,253,100,189,0,15,0,101436.40,21364.510,23822.038,300.087,7793.316,62.720,16654.690,15028.565,448.377,16390.881,13112.705,5861.389,146.115,1462.554,0.000210,-0.033626,1272,0,66,123,189,66,17081,137,123,298.086,0,0,0,0,0,0,0,0,0,0,0,0,0,0,34367,1067,1135,35304.647,23758.766,7741.864,0.716,298.086,10723.281,13156.347,583.122,250,176,98,66,12,23882,90,1,0,25.000,17.307,0.000,0.000,0.000,23.785,31.195,0.000,0,1,0,0,1,136,30,0,0,0.000,0.000,0.000,0.000,0.000,3.255,0.568,0.000,0,0,0,0,0,0,0,0,0,0.000,0.000,0.000,0.000,0.000,0.000,0.000,0.000,0,0,0,0,0,0,0,0,0,0.000,0.000,0.000,0.000,0.000,0.000,0.000,0.000,0,0,0,0,0,0,0,0,0,0.000,0.000,0.000,0.000,0.000,0.000,0.000,0.000,0,0,0,0,0,0,0,0,0,0,0,0,0,0,0,0,0,0,45594,12819,5458,11073,3667,1202,217,60,60,0,0,0,28996,8915,5661,5491,1036,784,0,0,0,0,0,0,768.021,101.790,7261.107,1435.862,0,0,0,351,247,488,1090,359,236,561,227,541,241,14,338,341,200,312,210,40,87,0,0,0,1,0,0,0,0,0,0,0,0,1134,0,0,0,0,0,0,0,649,0,0,0,0,0,0,0,1,0,0,0,0,0,0,0,0,0,0,0,0,0,0,0,1.0000,1.0000,8,8,8,0.4048,0.3394,10,0,0
2401,80.0,3182,189,15,1930,1251,0,1,371,258.66,0.808,0.708,0.296,0.047,0.410,-0.891,2.013,0.2749,2.1403,0.480,0.025,0.007,0.093,0.028,227,96,214,0,19,0,104847.04,22688.719,25528.513,322.669,8984.371,55.545,17444.476,15674.735,505.280,15783.443,12626.755,6460.876,87.656,1799.550,0.000193,-0.035657,1557,0,77,137,214,77,17568,236,137,319.509,0,0,0,0,0,0,0,0,0,0,0,0,0,0,36310,1142,1319,38434.701,25401.895,8907.229,0.778,319.509,11397.056,13730.328,625.343,248,186,95,77,14,22382,63,4,2,118.031,67.691,12.113,0.000,0.000,20.547,25.570,0.084,0,1,1,0,0,81,30,0,0,0.000,0.000,0.000,0.000,0.000,3.259,0.549,0.000,0,0,0,0,0,0,0,0,0,0.000,0.000,0.000,0.000,0.000,0.000,0.000,0.000,0,0,0,0,0,0,0,0,0,0.000,0.000,0.000,0.000,0.000,0.000,0.000,0.000,0,0,0,0,0,0,0,0,0,0.000,0.000,0.000,0.000,0.000,0.000,0.000,0.000,0,0,0,0,0,0,0,0,0,0,0,0,0,0,0,0,0,0,46466,13067,5674,11148,3894,1179,180,60,60,0,0,0,30562,8758,5513,5841,1603,657,0,0,0,0,0,0,792.137,104.307,7575.027,1380.593,0,0,0,343,236,532,1167,368,252,590,224,514,222,10,370,327,246,249,266,32,131,0,0,0,1,0,0,0,0,0,0,0,0,1116,0,0,0,0,0,0,0,678,0,0,0,0,0,0,0,1,0,0,0,0,0,0,0,0,0,0,0,0,0,0,0,1.0000,1.0000,7,7,7,0.4119,0.3288,10,0,0
2431,81.0,3292,183,15,1973,1318,0,1,430,252.93,0.816,0.714,0.304,0.047,0.406,-0.891,2.024,0.2699,2.1467,0.471,0.023,0.008,0.093,0.029,237,108,212,0,23,0,107118.52,23235.222,25931.308,329.231,9601.561,60.320,18364.742,16157.118,578.560,17642.842,14114.274,6601.221,203.497,1790.564,0.000204,-0.036397,1724,0,72,140,212,72,17074,318,136,321.532,0,0,0,0,0,0,0,0,0,0,0,0,0,0,38454,1164,1405,39534.547,25805.143,9522.790,0.934,321.532,12192.544,14141.108,606.258,261,197,108,72,17,27162,80,4,1,135.962,68.716,24.159,0.000,0.000,26.346,42.079,0.000,2,0,0,0,0,0,30,0,0,0.000,0.000,0.000,0.000,0.000,3.263,0.553,0.000,0,0,0,0,0,0,0,0,0,0.000,0.000,0.000,0.000,0.000,0.000,0.000,0.000,0,0,0,0,0,0,0,0,0,0.000,0.000,0.000,0.000,0.000,0.000,0.000,0.000,0,0,0,0,0,0,0,0,0,0.000,0.000,0.000,0.000,0.000,0.000,0.000,0.000,0,0,0,0,0,0,1,0,0,0,0,0,0,0,0,0,0,0,47368,14051,5752,11246,4381,996,187,82,60,0,0,0,32613,8590,5691,5951,1926,764,0,0,0,0,0,0,865.042,95.745,7522.296,1392.682,0,0,0,352,242,598,1198,359,241,638,236,505,243,4,347,356,224,277,273,60,128,0,0,0,1,0,0,0,0,0,0,0,0,1099,0,0,0,0,0,0,0,738,0,0,0,0,0,0,0,1,0,0,0,0,0,0,0,0,0,0,0,0,0,0,0,1.0000,1.0000,7,7,7,0.4076,0.3242,9,0,0
2461,82.0,3325,205,15,1973,1351,0,1,491,309.95,0.825,0.722,0.314,0.048,0.404,-0.893,2.031,0.2701,2.1454,0.465,0.025,0.009,0.093,0.029,243,110,229,0,31,0,108849.55,24033.006,25353.440,385.579,9639.336,57.510,18930.017,16411.777,666.254,15847.638,12678.111,7096.584,147.401,1619.434,0.000212,-0.037003,1718,0,73,156,229,73,17018,267,155,381.851,0,0,0,0,0,0,0,0,0,0,0,0,0,0,39718,1135,1449,38889.968,25306.363,9564.231,1.071,381.851,12680.024,14368.347,610.028,237,202,108,73,21,30935,111,0,2,14.726,0.000,10.004,0.000,0.000,32.872,47.589,0.000,0,2,2,0,0,121,30,0,0,0.000,0.000,0.000,0.000,0.000,3.258,0.452,0.000,0,0,0,0,0,0,0,0,0,0.000,0.000,0.000,0.000,0.000,0.000,0.000,0.000,0,0,0,0,0,0,0,0,0,0.000,0.000,0.000,0.000,0.000,0.000,0.000,0.000,0,0,0,0,0,0,0,0,0,0.000,0.000,0.000,0.000,0.000,0.000,0.000,0.000,0,0,0,0,0,0,0,0,0,0,0,0,0,0,0,0,0,0,47934,14712,6135,11170,4464,1016,150,90,60,0,0,0,34231,8461,6576,5628,1870,992,0,0,0,0,0,0,902.188,101.646,7306.923,1670.541,0,0,0,356,252,574,1160,349,255,643,243,503,256,4,324,372,235,319,255,32,138,0,0,0,1,0,0,0,0,0,0,0,0,1087,0,0,0,0,0,0,0,744,0,0,0,0,0,0,0,1,0,0,0,0,0,0,0,0,0,0,0,0,0,0,0,1.0000,1.0000,7,7,7,0.3951,0.3128,9,0,0
2491,83.0,3380,222,15,1941,1438,0,1,521,282.24,0.843,0.741,0.321,0.049,0.392,-0.895,2.040,0.2715,2.1196,0.474,0.022,0.010,0.093,0.029,233,112,246,0,36,0,111626.11,24740.127,27884.104,403.838,9983.431,60.440,19491.134,17288.142,753.686,18036.606,14429.285,7198.226,297.468,1615.535,0.000251,-0.037842,1735,0,69,177,246,69,16863,251,176,399.698,0,0,0,0,0,0,0,0,0,0,0,0,0,0,41455,1242,1484,41953.459,27798.338,9890.531,0.731,399.698,13292.922,15219.006,678.843,291,204,110,69,25,31547,60,1,0,25.000,17.307,0.000,0.000,0.000,12.503,9.269,0.000,0,0,0,0,0,0,30,0,0,0.000,0.000,0.000,0.000,0.000,3.251,0.450,0.000,0,0,0,0,0,0,0,0,0,0.000,0.000,0.000,0.000,0.000,0.000,0.000,0.000,0,0,0,0,0,0,0,0,0,0.000,0.000,0.000,0.000,0.000,0.000,0.000,0.000,0,0,0,0,0,0,0,0,0,0.000,0.000,0.000,0.000,0.000,0.000,0.000,0.000,0,0,0,0,0,0,0,0,0,0,0,0,0,0,0,0,0,0,47807,14703,6259,10813,4395,1025,150,90,60,0,0,0,36022,9210,6128,5523,2206,943,0,0,0,0,0,0,903.582,102.725,8019.903,1581.931,0,0,0,424,288,582,1277,412,289,628,255,506,257,5,290,393,243,347,285,39,131,0,0,0,1,0,0,0,0,0,0,0,0,1058,0,0,0,0,0,0,0,802,0,0,0,0,0,0,0,1,0,0,0,0,0,0,0,0,0,0,0,0,0,0,0,1.0000,1.0000,7,7,7,0.3822,0.3454,9,0,0
2521,84.0,3515,174,15,1972,1542,0,1,591,256.33,0.858,0.753,0.332,0.049,0.385,-0.896,2.039,0.2728,2.1371,0.478,0.025,0.008,0.093,0.029,229,109,225,0,24,0,116409.26,25610.701,31310.736,353.975,10135.854,54.808,20469.580,18633.058,835.317,19727.811,15782.249,6735.902,150.028,1722.817,0.000189,-0.037685,1746,0,80,145,225,80,17359,227,144,350.698,0,0,0,0,0,0,0,0,0,0,0,0,0,0,44456,1402,1518,46052.942,31231.848,10090.807,0.869,350.698,14269.735,16522.583,744.051,313,208,106,80,22,32269,51,0,1,1.045,0.000,0.724,0.000,0.000,11.195,10.257,0.000,0,1,1,0,0,88,23,0,0,0.000,0.000,0.000,0.000,0.000,3.322,1.230,0.000,0,1,1,0,0,204,0,0,0,0.000,0.000,0.000,0.000,0.000,0.000,0.000,0.000,0,0,0,0,0,0,0,0,0,0.000,0.000,0.000,0.000,0.000,0.000,0.000,0.000,0,0,0,0,0,0,0,0,0,0.000,0.000,0.000,0.000,0.000,0.000,0.000,0.000,0,0,0,0,0,0,0,1,0,0,0,0,0,0,0,0,0,0,48022,14266,6688,10362,4369,1180,150,90,60,0,0,0,38766,10689,6374,5764,2122,1351,0,0,0,0,0,0,876.628,112.262,9017.163,1761.760,0,0,0,454,303,630,1435,494,291,626,267,532,247,5,295,480,242,297,337,61,125,0,1,0,0,0,0,0,0,0,0,0,0,1079,0,0,0,0,0,0,0,820,0,0,0,0,0,0,0,0,0,0,0,0,0,0,0,0,0,0,0,0,0,0,0,1.0000,1.0000,7,7,7,0.4070,0.3271,10,0,0
2551,85.0,3583,160,14,2000,1582,0,1,664,240.88,0.863,0.754,0.342,0.049,0.383,-0.896,2.047,0.2694,2.1299,0.458,0.021,0.008,0.093,0.029,225,115,227,0,49,0,117129.08,25969.060,29751.998,390.699,10996.686,56.709,21570.828,20196.413,958.490,18077.232,14461.786,7106.508,183.399,1760.851,0.000234,-0.038265,1923,0,72,155,226,72,17482,277,153,387.107,0,0,0,0,0,0,0,0,0,0,0,0,0,0,47210,1324,1645,45111.017,29657.101,10907.983,1.198,387.107,15245.191,18039.331,770.025,267,226,115,71,40,35736,31,1,1,31.393,17.307,4.426,0.000,0.000,8.312,19.837,0.000,0,1,0,1,0,1,30,0,0,0.000,0.000,0.000,0.000,0.000,5.724,1.083,0.000,0,0,0,0,0,0,0,0,0,0.000,0.000,0.000,0.000,0.000,0.000,0.000,0.000,0,0,0,0,0,0,0,0,0,0.000,0.000,0.000,0.000,0.000,0.000,0.000,0.000,0,0,0,0,0,0,0,0,0,0.000,0.000,0.000,0.000,0.000,0.000,0.000,0.000,0,0,0,0,0,0,0,0,0,0,0,0,0,0,0,0,0,0,48804,13977,7220,10579,4470,1231,179,142,14,0,0,0,41240,12478,6868,6031,1639,1525,0,0,0,0,0,0,869.770,126.025,10251.185,1858.799,0,0,0,442,304,593,1353,452,311,636,295,535,234,7,293,452,281,325,327,62,135,0,1,0,0,0,0,0,0,0,0,0,0,1069,0,0,0,0,0,0,0,849,0,0,0,0,0,0,0,0,0,0,0,0,0,0,0,0,0,0,0,0,0,0,0,1.0000,1.0000,8,8,8,0.3812,0.3121,11,0,0
2581,86.0,3573,190,14,1993,1579,0,1,739,213.77,0.865,0.755,0.350,0.048,0.384,-0.898,2.066,0.2705,2.0936,0.470,0.022,0.008,0.093,0.028,209,130,258,0,47,0,116791.42,26306.974,29026.614,415.521,11728.362,59.671,21773.319,19624.447,1080.604,16966.919,13573.535,8196.710,86.405,1931.904,0.000275,-0.036028,2057,0,97,161,258,97,17081,275,161,405.440,0,0,0,0,0,0,0,0,0,0,0,0,0,0,47279,1291,1782,45158.443,28969.920,11650.844,1.089,405.440,15404.177,17502.091,759.769,260,262,130,97,35,38214,2,0,0,0.000,0.000,0.000,0.000,0.000,0.537,0.470,0.000,0,1,0,0,1,476,30,0,0,0.000,0.000,0.000,0.000,0.000,5.715,1.083,0.000,0,0,0,0,0,0,0,0,0,0.000,0.000,0.000,0.000,0.000,0.000,0.000,0.000,0,0,0,0,0,0,0,0,0,0.000,0.000,0.000,0.000,0.000,0.000,0.000,0.000,0,0,0,0,0,0,0,0,0,0.000,0.000,0.000,0.000,0.000,0.000,0.000,0.000,0,0,0,0,0,0,0,0,0,0,0,0,0,0,0,0,0,0,49393,13801,7849,10318,4509,1535,155,155,0,0,0,0,41548,11552,7649,5763,1335,984,0,0,0,0,0,0,863.532,142.200,9367.390,1910.516,0,0,0,448,307,588,1313,432,295,604,333,561,221,6,268,418,312,353,325,44,127,0,1,0,0,0,0,0,0,0,0,0,0,1056,0,0,0,0,0,0,0,849,0,0,0,0,0,0,0,0,0,0,0,0,0,0,0,0,0,0,0,0,0,0,0,1.0000,1.0000,8,8,8,0.4195,0.3187,11,0,0
2611,87.0,3677,164,14,2020,1656,0,1,800,239.41,0.873,0.763,0.352,0.047,0.379,-0.900,2.085,0.2721,2.1089,0.461,0.019,0.008,0.093,0.030,199,108,236,0,53,0,120104.35,27302.295,32436.455,386.211,12492.170,60.611,22275.853,19994.583,1210.155,20081.172,16064.938,7139.817,178.501,1996.887,0.000183,-0.035638,2201,0,80,156,236,80,17144,286,156,381.866,0,0,0,0,0,0,0,0,0,0,0,0,0,0,48429,1441,1915,49689.460,32390.826,12393.244,1.258,381.866,15857.544,17833.572,772.348,313,236,108,80,48,37672,0,0,0,0.000,0.000,0.000,0.000,0.000,0.000,0.000,0.000,0,0,0,0,0,0,30,0,0,0.000,0.000,0.000,0.000,0.000,5.683,1.083,0.000,0,0,0,0,0,0,0,0,0,0.000,0.000,0.000,0.000,0.000,0.000,0.000,0.000,0,0,0,0,0,0,0,0,0,0.000,0.000,0.000,0.000,0.000,0.000,0.000,0.000,0,0,0,0,0,0,0,0,0,0.000,0.000,0.000,0.000,0.000,0.000,0.000,0.000,0,0,0,0,0,0,0,0,0,0,0,0,0,0,0,0,0,0,50429,13986,8339,9965,4451,1708,115,115,0,0,0,0,42335,11675,7650,6124,1748,829,0,0,0,0,0,0,903.431,150.650,9656.557,1889.177,0,0,0,462,328,650,1466,482,325,622,326,599,234,6,233,459,309,355,357,53,123,0,1,0,0,0,0,0,0,0,0,0,0,1072,0,0,0,0,0,0,0,888,0,0,0,0,0,0,0,0,0,0,0,0,0,0,0,0,0,0,0,0,0,0,0,1.0000,1.0000,9,9,9,0.3910,0.3166,10,0,0
2641,88.0,3723,162,14,2016,1707,0,0,892,273.39,0.883,0.773,0.363,0.049,0.375,-0.901,2.099,0.2690,2.0847,0.467,0.019,0.008,0.093,0.030,188,114,247,0,67,0,121661.05,27607.280,32098.328,391.715,11357.803,58.095,23108.474,20812.322,1384.800,19005.081,15204.065,7403.735,188.186,1842.096,0.000284,-0.034322,2123,0,69,178,247,69,18016,312,174,385.384,0,0,0,0,0,0,0,0,0,0,0,0,0,0,50695,1421,1811,47884.082,32018.496,11259.954,1.020,385.384,16713.937,18646.013,802.488,290,239,113,69,57,41970,0,0,0,0.000,0.000,0.000,0.000,0.000,0.000,0.000,0.000,0,0,0,0,0,0,14,0,0,0.000,0.000,0.000,0.000,0.000,2.647,0.506,0.000,0,1,1,0,0,114,0,0,0,0.000,0.000,0.000,0.000,0.000,0.000,0.000,0.000,0,0,0,0,0,0,0,0,0,0.000,0.000,0.000,0.000,0.000,0.000,0.000,0.000,0,0,0,0,0,0,0,0,0,0.000,0.000,0.000,0.000,0.000,0.000,0.000,0.000,0,0,0,0,0,0,0,0,0,0,0,0,0,0,0,0,0,0,50592,13986,8187,9649,4294,1552,97,90,0,0,0,0,44563,12095,8589,6146,1940,980,0,0,0,0,0,0,891.901,139.504,10006.469,2096.684,0,0,0,451,314,686,1453,454,326,616,315,595,236,6,248,442,332,381,353,64,135,0,0,0,0,0,0,0,0,0,0,0,0,1085,0,0,0,0,0,0,0,933,0,0,0,0,0,0,0,0,0,0,0,0,0,0,0,0,0,0,0,0,0,0,0,1.0000,1.0000,9,9,9,0.3845,0.3212,10,0,0
2671,89.0,3702,183,14,1961,1741,0,0,993,263.60,0.896,0.785,0.376,0.050,0.368,-0.904,2.119,0.2633,2.0859,0.455,0.017,0.009,0.093,0.032,208,127,299,0,78,0,121808.24,27553.909,32472.783,533.727,12066.149,58.963,23574.237,20695.294,1531.555,19623.471,15698.777,8728.418,179.947,1779.077,0.000226,-0.035816,2085,0,76,223,299,76,17583,177,223,526.629,0,0,0,0,0,0,0,0,0,0,0,0,0,0,51890,1441,1908,49178.691,32433.993,12010.959,1.056,526.629,17240.402,18487.970,848.658,306,272,127,75,70,44273,0,0,0,0.000,0.000,0.000,0.000,0.000,0.000,0.000,0.000,0,0,0,0,0,0,0,0,0,0.000,0.000,0.000,0.000,0.000,0.000,0.000,0.000,0,0,0,0,0,0,0,0,0,0.000,0.000,0.000,0.000,0.000,0.000,0.000,0.000,0,0,0,0,0,0,0,0,0,0.000,0.000,0.000,0.000,0.000,0.000,0.000,0.000,0,0,0,0,0,0,20,0,0,0.000,0.000,0.000,0.000,0.000,1.404,0.330,0.000,0,1,0,1,0,20,0,0,1,0,0,0,0,0,0,0,0,0,50175,14111,7650,9106,4048,1017,94,90,0,0,0,0,46315,12031,8399,5595,1400,1056,0,0,0,0,0,0,888.813,115.888,9532.364,2073.018,0,0,0,452,313,712,1456,450,307,593,269,615,227,6,251,477,298,406,370,68,122,0,0,0,0,0,0,0,0,0,0,0,0,1099,0,0,0,0,0,0,0,966,0,0,0,0,0,0,0,0,0,0,0,0,0,0,0,0,0,0,0,0,0,0,0,1.0000,1.0000,8,8,8,0.3905,0.3127,9,0,0
2701,90.0,3727,171,14,1974,1753,0,0,1129,239.21,0.899,0.784,0.381,0.049,0.369,-0.904,2.129,0.2638,2.0623,0.451,0.019,0.007,0.094,0.033,188,112,221,0,93,0,122610.12,27710.051,31833.830,315.319,12917.613,59.486,23879.703,21149.086,1759.072,18243.712,14594.970,6562.018,103.016,1955.678,0.000228,-0.035898,2315,0,75,146,221,75,17373,286,143,310.358,0,0,0,0,0,0,0,0,0,0,0,0,0,0,52518,1414,2029,49240.736,31805.156,12744.291,1.115,310.358,17540.292,18937.148,880.612,284,272,112,75,85,45460,0,0,0,0.000,0.000,0.000,0.000,0.000,0.000,0.000,0.000,0,0,0,0,0,0,0,0,0,0.000,0.000,0.000,0.000,0.000,0.000,0.000,0.000,0,0,0,0,0,0,0,0,0,0.000,0.000,0.000,0.000,0.000,0.000,0.000,0.000,0,0,0,0,0,0,0,0,0,0.000,0.000,0.000,0.000,0.000,0.000,0.000,0.000,0,0,0,0,0,0,0,0,0,0.000,0.000,0.000,0.000,0.000,0.000,0.000,0.000,0,0,0,0,0,0,0,0,0,0,0,0,0,0,0,0,0,0,50339,13510,7115,8658,3918,769,90,90,0,0,0,0,47407,12479,8115,5111,1521,993,0,0,0,0,0,0,866.770,98.422,9871.480,1974.521,0,0,0,458,317,648,1435,460,311,572,266,632,230,11,263,461,310,408,365,74,135,0,0,0,0,0,0,0,0,0,0,0,0,1136,0,0,0,0,0,0,0,982,0,0,0,0,0,0,0,0,0,0,0,0,0,0,0,0,0,0,0,0,0,0,0,1.0000,1.0000,8,8,8,0.3742,0.3370,9,0,0
2731,91.0,3798,175,14,2003,1795,0,0,1279,219.57,0.902,0.787,0.386,0.048,0.368,-0.904,2.142,0.2628,2.0868,0.453,0.020,0.006,0.094,0.032,179,98,215,0,92,0,123561.85,28381.540,32094.389,353.896,12807.116,44.051,24272.217,21038.804,1999.821,19090.622,15272.498,6766.880,78.390,1903.867,0.000145,-0.035472,2261,0,67,148,215,67,17761,236,147,349.085,0,0,0,0,0,0,0,0,0,0,0,0,0,0,53356,1429,2025,49461.972,32025.099,12716.612,0.845,349.085,17871.957,18877.565,854.833,287,245,98,67,80,38417,0,0,0,0.000,0.000,0.000,0.000,0.000,0.000,0.000,0.000,0,0,0,0,0,0,0,0,0,0.000,0.000,0.000,0.000,0.000,0.000,0.000,0.000,0,0,0,0,0,0,0,0,0,0.000,0.000,0.000,0.000,0.000,0.000,0.000,0.000,0,0,0,0,0,0,0,0,0,0.000,0.000,0.000,0.000,0.000,0.000,0.000,0.000,0,0,0,0,0,0,0,0,0,0.000,0.000,0.000,0.000,0.000,0.000,0.000,0.000,0,0,0,0,0,0,0,0,0,0,0,0,0,0,0,0,0,0,50677,13144,7370,8618,3656,860,90,90,0,0,0,0,48190,12215,8172,5166,1476,949,0,0,0,0,0,0,826.615,99.371,9537.414,2018.111,0,0,0,467,327,671,1461,463,330,570,280,628,243,14,268,453,305,449,386,52,150,0,0,0,0,0,0,0,0,0,0,0,0,1153,0,0,0,0,0,0,0,1037,0,0,0,0,0,0,0,0,0,0,0,0,0,0,0,0,0,0,0,0,0,0,0,1.0000,1.0000,7,7,7,0.3710,0.2886,9,0,0
2761,92.0,3791,165,14,1962,1829,0,0,1376,273.76,0.914,0.799,0.395,0.048,0.362,-0.904,2.139,0.2636,2.0788,0.457,0.018,0.005,0.094,0.031,203,115,260,0,100,0,123543.45,28108.198,33356.484,408.497,12234.837,51.577,24707.852,21448.703,2248.158,19156.272,15325.018,7757.140,142.286,1756.180,0.000249,-0.035312,2154,0,73,187,260,73,18100,159,187,407.676,0,0,0,0,0,0,0,0,0,0,0,0,0,0,54312,1483,1995,50238.731,33302.669,12200.320,0.821,407.676,18221.822,19180.573,933.541,301,267,114,73,80,45717,0,0,0,0.000,0.000,0.000,0.000,0.000,0.000,0.000,0.000,0,0,0,0,0,0,0,0,0,0.000,0.000,0.000,0.000,0.000,0.000,0.000,0.000,0,0,0,0,0,0,0,0,0,0.000,0.000,0.000,0.000,0.000,0.000,0.000,0.000,0,0,0,0,0,0,0,0,0,0.000,0.000,0.000,0.000,0.000,0.000,0.000,0.000,0,0,0,0,0,0,0,0,0,0.000,0.000,0.000,0.000,0.000,0.000,0.000,0.000,0,0,0,0,0,0,0,0,0,0,0,0,0,0,0,0,0,0,50804,13608,7237,8735,3697,812,90,90,0,0,0,0,49269,12205,8381,5043,1406,954,0,0,0,0,0,0,845.981,105.890,9563.749,2057.429,0,0,0,485,305,712,1512,483,315,583,266,603,222,14,274,472,313,416,392,63,173,0,0,0,0,0,0,0,0,0,0,0,0,1113,0,0,0,0,0,0,0,1044,0,0,0,0,0,0,0,0,0,0,0,0,0,0,0,0,0,0,0,0,0,0,0,1.0000,1.0000,7,7,7,0.3747,0.3270,9,0,0
2791,93.0,3744,171,14,1951,1793,0,0,1467,246.99,0.915,0.797,0.402,0.048,0.365,-0.905,2.152,0.2599,2.1168,0.466,0.016,0.006,0.095,0.029,178,109,228,0,140,0,122481.77,27833.151,32794.470,360.492,12638.127,54.074,24789.645,22201.736,2442.043,17458.530,13966.825,7172.183,168.446,1784.037,0.000227,-0.037072,2200,0,68,160,228,68,18180,151,160,359.107,0,0,0,0,0,0,0,0,0,0,0,0,0,0,54358,1451,2049,49941.764,32755.028,12563.345,0.982,359.107,18340.475,19977.628,889.006,264,300,109,68,123,55785,0,0,0,0.000,0.000,0.000,0.000,0.000,0.000,0.000,0.000,0,0,0,0,0,0,0,0,0,0.000,0.000,0.000,0.000,0.000,0.000,0.000,0.000,0,0,0,0,0,0,0,0,0,0.000,0.000,0.000,0.000,0.000,0.000,0.000,0.000,0,0,0,0,0,0,0,0,0,0.000,0.000,0.000,0.000,0.000,0.000,0.000,0.000,0,0,0,0,0,0,0,0,0,0.000,0.000,0.000,0.000,0.000,0.000,0.000,0.000,0,0,0,0,0,0,0,0,0,0,0,0,0,0,0,0,0,0,50692,13999,7408,8041,3618,615,90,90,0,0,0,0,49614,13036,9058,4744,1519,829,0,0,0,0,0,0,857.477,109.849,10415.002,2215.867,0,0,0,485,344,649,1472,510,332,592,275,601,212,16,255,495,314,392,359,70,163,0,0,0,0,0,0,0,0,0,0,0,0,1084,0,0,0,0,0,0,0,984,0,0,0,0,0,0,0,0,0,0,0,0,0,0,0,0,0,0,0,0,0,0,0,1.0000,1.0000,7,7,7,0.3533,0.3070,10,0,0
2821,94.0,3774,160,14,1987,1787,0,0,1545,253.07,0.912,0.793,0.411,0.048,0.369,-0.906,2.151,0.2626,2.0977,0.456,0.014,0.005,0.096,0.030,188,109,190,0,129,0,123249.52,27888.737,33521.294,294.569,12266.672,57.348,24831.478,22133.795,2578.613,18353.971,14683.177,5939.836,96.356,1685.981,0.000224,-0.038921,2068,0,57,133,190,57,17868,121,133,292.906,0,0,0,0,0,0,0,0,0,0,0,0,0,0,53987,1479,1947,50329.762,33462.135,12203.674,0.610,292.906,18334.117,19916.576,850.597,272,278,109,57,112,51517,0,0,0,0.000,0.000,0.000,0.000,0.000,0.000,0.000,0.000,0,0,0,0,0,0,0,0,0,0.000,0.000,0.000,0.000,0.000,0.000,0.000,0.000,0,0,0,0,0,0,0,0,0,0.000,0.000,0.000,0.000,0.000,0.000,0.000,0.000,0,0,0,0,0,0,0,0,0,0.000,0.000,0.000,0.000,0.000,0.000,0.000,0.000,0,0,0,0,0,0,0,0,0,0.000,0.000,0.000,0.000,0.000,0.000,0.000,0.000,0,0,0,0,0,0,0,0,0,0,0,0,0,0,0,0,0,0,50946,14427,7654,7977,3567,583,90,90,0,0,0,0,49468,13405,9140,4519,1595,842,0,0,0,0,0,0,885.005,115.435,10710.920,2215.792,0,0,0,483,326,684,1504,498,330,610,278,588,236,10,265,510,345,354,377,50,151,0,0,0,0,0,0,0,0,0,0,0,0,1099,0,0,0,0,0,0,0,932,0,0,0,0,0,0,0,0,0,0,0,0,0,0,0,0,0,0,0,0,0,0,0,1.0000,1.0000,7,7,7,0.3711,0.3289,10,0,0
2851,95.0,3855,152,14,2023,1832,0,0,1693,253.41,0.918,0.795,0.414,0.049,0.369,-0.907,2.158,0.2629,2.0743,0.450,0.016,0.004,0.096,0.030,195,105,152,0,140,0,123168.57,27834.741,33411.496,261.605,13043.910,50.003,25192.240,22454.068,2753.342,19775.140,15820.112,5358.689,93.789,1781.629,0.000272,-0.039238,2299,0,46,106,152,46,17238,179,103,256.015,0,0,0,0,0,0,0,0,0,0,0,0,0,0,54416,1474,2120,50945.478,33380.161,12959.984,0.258,256.015,18564.102,20230.682,832.699,314,269,105,46,118,55377,0,0,0,0.000,0.000,0.000,0.000,0.000,0.000,0.000,0.000,0,0,0,0,0,0,0,0,0,0.000,0.000,0.000,0.000,0.000,0.000,0.000,0.000,0,0,0,0,0,0,0,0,0,0.000,0.000,0.000,0.000,0.000,0.000,0.000,0.000,0,0,0,0,0,0,0,0,0,0.000,0.000,0.000,0.000,0.000,0.000,0.000,0.000,0,0,0,0,0,0,0,0,0,0.000,0.000,0.000,0.000,0.000,0.000,0.000,0.000,0,0,0,0,0,0,0,0,0,0,0,0,0,0,0,0,0,0,52081,14721,7663,7895,3570,572,90,90,0,0,0,0,49669,14071,9506,4747,1489,1082,0,0,0,0,0,0,905.604,116.761,11099.160,2334.517,0,0,0,496,317,671,1492,491,322,627,276,600,245,8,267,508,364,387,385,50,138,0,0,0,0,0,0,0,0,0,0,0,0,1120,0,0,0,0,0,0,0,960,0,0,0,0,0,0,0,0,0,0,0,0,0,0,0,0,0,0,0,0,0,0,0,1.0000,1.0000,9,9,9,0.3856,0.3002,11,0,0
2881,96.0,3820,160,14,2027,1793,0,0,1802,238.74,0.915,0.789,0.419,0.046,0.373,-0.908,2.156,0.2593,2.0552,0.459,0.012,0.003,0.096,0.028,205,107,165,0,152,0,121034.87,27643.974,31274.950,271.594,13382.500,56.943,25534.713,22372.175,3014.658,16058.361,12846.689,5340.459,112.013,1738.531,0.000240,-0.040381,2334,0,47,118,165,47,16738,155,114,264.475,0,0,0,0,0,0,0,0,0,0,0,0,0,0,54602,1377,2179,48983.836,31223.225,13324.281,0.486,264.475,18821.781,20154.460,807.064,252,291,107,47,137,54832,0,0,0,0.000,0.000,0.000,0.000,0.000,0.000,0.000,0.000,0,0,0,0,0,0,0,0,0,0.000,0.000,0.000,0.000,0.000,0.000,0.000,0.000,0,0,0,0,0,0,0,0,0,0.000,0.000,0.000,0.000,0.000,0.000,0.000,0.000,0,0,0,0,0,0,0,0,0,0.000,0.000,0.000,0.000,0.000,0.000,0.000,0.000,0,0,0,0,0,0,0,0,0,0.000,0.000,0.000,0.000,0.000,0.000,0.000,0.000,0,0,0,0,0,0,0,0,0,0,0,0,0,0,0,0,0,0,53165,15661,7539,7496,3464,614,88,88,0,0,0,0,49885,13922,9248,4717,1123,990,0,0,0,0,0,0,928.518,118.544,10865.327,2222.813,0,0,0,458,309,640,1399,467,292,652,275,596,233,11,260,494,317,397,402,47,136,0,0,0,0,0,0,0,0,0,0,0,0,1100,0,0,0,0,0,0,0,982,0,0,0,0,0,0,0,0,0,0,0,0,0,0,0,0,0,0,0,0,0,0,0,1.0000,1.0000,9,9,9,0.3647,0.3088,10,0,0
2911,97.0,3815,131,14,2033,1782,0,0,1861,237.33,0.915,0.788,0.422,0.047,0.375,-0.909,2.175,0.2594,2.0749,0.457,0.014,0.003,0.097,0.028,194,90,134,0,145,0,119964.16,27656.979,30212.721,235.002,13202.506,56.029,25294.168,21838.869,3178.916,14845.991,11876.793,4240.011,18.095,1636.147,0.000296,-0.040991,2378,0,27,107,134,27,16807,178,104,231.259,0,0,0,0,0,0,0,0,0,0,0,0,0,0,53593,1327,2200,47515.694,30170.845,13156.607,0.268,231.259,18547.141,19653.084,757.033,226,237,90,27,120,42684,0,0,0,0.000,0.000,0.000,0.000,0.000,0.000,0.000,0.000,0,0,0,0,0,0,0,0,0,0.000,0.000,0.000,0.000,0.000,0.000,0.000,0.000,0,0,0,0,0,0,0,0,0,0.000,0.000,0.000,0.000,0.000,0.000,0.000,0.000,0,0,0,0,0,0,0,0,0,0.000,0.000,0.000,0.000,0.000,0.000,0.000,0.000,0,0,0,0,0,0,0,0,0,0.000,0.000,0.000,0.000,0.000,0.000,0.000,0.000,0,0,0,0,0,0,0,0,0,0,0,0,0,0,0,0,0,0,53209,16358,7350,7491,3415,793,90,90,0,0,0,0,48885,13478,8750,4708,1368,779,0,0,0,0,0,0,962.634,111.415,10605.029,2086.591,0,0,0,447,293,581,1350,471,301,669,278,602,215,14,255,488,323,383,385,58,145,0,0,0,0,0,0,0,0,0,0,0,0,1086,0,0,0,0,0,0,0,971,0,0,0,0,0,0,0,0,0,0,0,0,0,0,0,0,0,0,0,0,0,0,0,1.0000,1.0000,9,9,9,0.3749,0.3128,10,0,0
2941,98.0,3809,131,14,2039,1770,0,0,1875,313.59,0.914,0.787,0.423,0.046,0.377,-0.911,2.186,0.2583,2.0407,0.457,0.013,0.004,0.097,0.028,204,87,146,0,174,0,116674.58,27348.157,29347.040,201.704,13015.199,55.755,25279.571,21629.636,3251.701,16546.555,13237.244,4791.152,95.054,1830.059,0.000202,-0.042165,2596,0,43,103,146,43,16182,399,103,200.965,0,0,0,0,0,0,0,0,0,0,0,0,0,0,53267,1286,2197,46145.751,29292.113,12911.239,0.393,200.965,18509.013,19463.491,719.735,260,273,85,43,145,54645,0,0,0,0.000,0.000,0.000,0.000,0.000,0.000,0.000,0.000,0,0,0,0,0,0,0,0,0,0.000,0.000,0.000,0.000,0.000,0.000,0.000,0.000,0,0,0,0,0,0,0,0,0,0.000,0.000,0.000,0.000,0.000,0.000,0.000,0.000,0,0,0,0,0,0,0,0,0,0.000,0.000,0.000,0.000,0.000,0.000,0.000,0.000,0,0,0,0,0,0,0,0,0,0.000,0.000,0.000,0.000,0.000,0.000,0.000,0.000,0,0,0,0,0,0,1,0,0,0,0,0,0,0,0,0,0,0,53220,16752,7335,7592,3531,845,102,102,0,0,0,0,48762,12876,9255,4505,1273,819,0,0,0,0,0,0,977.687,106.709,10102.175,2216.147,0,0,0,399,286,632,1317,407,271,688,266,615,193,14,263,450,336,369,404,52,159,0,0,0,0,0,0,0,0,0,0,0,0,1085,0,0,0,0,0,0,0,984,0,0,0,0,0,0,0,0,0,0,0,0,0,0,0,0,0,0,0,0,0,0,0,1.0000,1.0000,10,10,10,0.3437,0.3136,10,0,0
2971,99.0,3764,118,14,2039,1725,0,0,1841,273.80,0.909,0.783,0.423,0.047,0.382,-0.913,2.193,0.2579,2.0439,0.461,0.012,0.005,0.097,0.028,210,87,140,0,178,0,113731.52,26642.128,28470.034,237.276,12512.439,47.750,25040.422,20944.019,3230.133,14641.080,11712.864,4451.301,59.729,1638.675,0.000181,-0.043542,2479,0,31,109,140,31,15727,350,109,235.039,0,0,0,0,0,0,0,0,0,0,0,0,0,0,52334,1245,2129,44555.170,28437.856,12437.851,0.280,235.039,18252.957,18817.704,705.282,223,268,86,31,151,54493,0,0,0,0.000,0.000,0.000,0.000,0.000,0.000,0.000,0.000,0,0,0,0,0,0,0,0,0,0.000,0.000,0.000,0.000,0.000,0.000,0.000,0.000,0,0,0,0,0,0,0,0,0,0.000,0.000,0.000,0.000,0.000,0.000,0.000,0.000,0,0,0,0,0,0,0,0,0,0.000,0.000,0.000,0.000,0.000,0.000,0.000,0.000,0,0,0,0,0,0,0,0,0,0.000,0.000,0.000,0.000,0.000,0.000,0.000,0.000,0,0,0,0,0,0,0,0,0,0,0,0,0,0,0,0,0,0,53367,16458,7453,7597,3669,726,120,120,0,0,0,0,48036,12331,8874,4298,1233,658,0,0,0,0,0,0,951.106,107.110,9691.017,2108.055,0,0,0,427,262,560,1262,435,266,660,281,618,205,12,263,464,327,382,376,51,125,0,0,0,0,0,0,0,0,0,0,0,0,1098,0,0,0,0,0,0,0,934,0,0,0,0,0,0,0,0,0,0,0,0,0,0,0,0,0,0,0,0,0,0,0,1.0000,1.0000,10,10,10,0.3683,0.3260,10,0,0
3001,100.0,3703,142,13,2062,1641,0,0,1864,254.85,0.896,0.770,0.429,0.046,0.393,-0.915,2.203,0.2597,2.0170,0.456,0.010,0.005,0.097,0.025,190,97,100,0,185,0,111007.62,26329.400,26269.891,161.342,11671.422,57.995,24449.348,20577.748,3185.034,13082.250,10465.800,3247.238,48.254,1360.467,0.000133,-0.043896,2399,0,25,75,99,25,15329,281,74,159.514,0,0,0,0,0,0,0,0,0,0,0,0,0,0,50258,1152,2118,41306.048,26229.842,11631.444,0.186,159.514,17609.809,18554.857,640.809,199,283,97,25,161,57353,0,0,0,0.000,0.000,0.000,0.000,0.000,0.000,0.000,0.000,0,0,0,0,0,0,0,0,0,0.000,0.000,0.000,0.000,0.000,0.000,0.000,0.000,0,0,0,0,0,0,0,0,0,0.000,0.000,0.000,0.000,0.000,0.000,0.000,0.000,0,0,0,0,0,0,0,0,0,0.000,0.000,0.000,0.000,0.000,0.000,0.000,0.000,0,0,0,0,0,0,0,0,0,0.000,0.000,0.000,0.000,0.000,0.000,0.000,0.000,0,0,0,0,0,0,0,0,0,0,0,0,0,0,0,0,0,0,53632,15994,7910,7596,3472,816,120,120,0,0,0,0,46212,12823,8302,4046,1092,773,0,0,0,0,0,0,901.333,120.329,10067.102,1999.365,0,0,0,375,280,543,1174,367,269,660,305,612,219,13,253,457,295,398,328,52,111,0,0,0,0,0,0,0,0,0,0,0,0,1097,0,0,0,0,0,0,0,889,0,0,0,0,0,0,0,0,0,0,0,0,0,0,0,0,0,0,0,0,0,0,0,1.0000,1.0000,10,10,10,0.3663,0.3268,11,0,0
3031,101.0,3687,120,13,2110,1577,0,0,1804,263.39,0.881,0.756,0.423,0.046,0.404,-0.916,2.217,0.2558,2.0373,0.449,0.008,0.005,0.098,0.024,178,79,68,0,200,0,109798.71,25666.274,26829.059,111.731,12283.935,58.600,23958.968,19677.753,3185.412,13590.156,10872.125,2796.450,73.392,1405.968,0.000185,-0.043128,2412,0,17,51,68,17,15050,233,51,111.608,0,0,0,0,0,0,0,0,0,0,0,0,0,0,48313,1171,2179,42531.873,26795.557,12240.860,0.123,111.608,16969.936,17726.853,561.451,208,272,77,17,178,56485,0,0,0,0.000,0.000,0.000,0.000,0.000,0.000,0.000,0.000,0,0,0,0,0,0,0,0,0,0.000,0.000,0.000,0.000,0.000,0.000,0.000,0.000,0,0,0,0,0,0,0,0,0,0.000,0.000,0.000,0.000,0.000,0.000,0.000,0.000,0,0,0,0,0,0,0,0,0,0.000,0.000,0.000,0.000,0.000,0.000,0.000,0.000,0,0,0,0,0,0,0,0,0,0.000,0.000,0.000,0.000,0.000,0.000,0.000,0.000,0,0,0,0,0,0,0,0,0,0,0,0,0,0,0,0,0,0,54953,16091,8551,7419,3580,840,120,120,0,0,0,0,44327,12051,8216,3986,1116,834,0,0,0,0,0,0,907.896,128.133,9395.698,2002.498,0,0,0,403,253,514,1192,407,264,661,318,638,228,13,252,438,291,383,275,59,131,0,0,0,0,0,0,0,0,0,0,0,0,1131,0,0,0,0,0,0,0,848,0,0,0,0,0,0,0,0,0,0,0,0,0,0,0,0,0,0,0,0,0,0,0,1.0000,1.0000,10,10,10,0.3490,0.3308,11,0,0
3061,102.0,3668,105,13,2109,1559,0,0,1783,255.00,0.879,0.751,0.426,0.047,0.405,-0.916,2.237,0.2530,2.0556,0.464,0.011,0.004,0.098,0.025,206,93,99,0,144,0,108272.88,25671.736,25746.692,183.575,11634.561,61.005,23606.903,19110.009,3068.650,13096.012,10476.810,3370.747,103.934,1248.395,0.000168,-0.042287,2249,0,19,80,99,19,14875,185,79,180.577,0,0,0,0,0,0,0,0,0,0,0,0,0,0,47058,1124,2064,40680.274,25712.296,11587.773,0.123,180.577,16549.285,17171.428,555.793,205,223,89,19,115,48251,0,0,0,0.000,0.000,0.000,0.000,0.000,0.000,0.000,0.000,0,0,0,0,0,0,0,0,0,0.000,0.000,0.000,0.000,0.000,0.000,0.000,0.000,0,0,0,0,0,0,0,0,0,0.000,0.000,0.000,0.000,0.000,0.000,0.000,0.000,0,0,0,0,0,0,0,0,0,0.000,0.000,0.000,0.000,0.000,0.000,0.000,0.000,0,0,0,0,0,0,0,0,0,0.000,0.000,0.000,0.000,0.000,0.000,0.000,0.000,0,0,0,0,0,0,0,0,0,0,0,0,0,0,0,0,0,0,55845,16395,8630,7087,3491,923,120,120,0,0,0,0,43280,11305,8461,3778,1159,806,0,0,0,0,0,0,899.765,130.527,8969.038,2048.605,0,0,0,357,246,526,1144,372,245,683,318,613,231,14,250,400,302,360,310,52,135,0,0,0,0,0,0,0,0,0,0,0,0,1108,0,0,0,0,0,0,0,857,0,0,0,0,0,0,0,0,0,0,0,0,0,0,0,0,0,0,0,0,0,0,0,1.0000,1.0000,10,10,10,0.3780,0.3486,11,0,0
3091,103.0,3588,112,13,2095,1493,0,0,1790,290.38,0.871,0.744,0.429,0.047,0.411,-0.918,2.254,0.2535,2.0483,0.461,0.012,0.004,0.099,0.024,189,94,96,0,155,0,104534.54,24799.124,22960.238,142.669,11361.361,64.835,23334.715,18335.064,3065.991,10952.096,8761.677,3334.584,133.919,1245.676,0.000193,-0.043581,2227,0,25,71,96,25,14715,190,70,141.330,0,0,0,0,0,0,0,0,0,0,0,0,0,0,45961,1000,2037,37249.706,22940.067,11303.968,0.328,141.330,16263.224,16416.191,521.689,172,238,91,25,122,53044,0,0,0,0.000,0.000,0.000,0.000,0.000,0.000,0.000,0.000,0,0,0,0,0,0,0,0,0,0.000,0.000,0.000,0.000,0.000,0.000,0.000,0.000,0,0,0,0,0,0,0,0,0,0.000,0.000,0.000,0.000,0.000,0.000,0.000,0.000,0,0,0,0,0,0,0,0,0,0.000,0.000,0.000,0.000,0.000,0.000,0.000,0.000,0,0,0,0,0,0,0,0,0,0.000,0.000,0.000,0.000,0.000,0.000,0.000,0.000,0,0,0,0,0,0,0,0,0,0,0,0,0,0,0,0,0,0,56046,17162,8510,6919,3463,905,93,93,0,0,0,0,42378,10454,8252,3583,1254,722,0,0,0,0,0,0,931.404,126.665,8335.410,2011.033,0,0,0,320,226,476,1015,317,227,700,301,596,236,10,252,398,286,307,333,45,124,0,0,0,0,0,0,0,0,0,0,0,0,1094,0,0,0,0,0,0,0,809,0,0,0,0,0,0,0,0,0,0,0,0,0,0,0,0,0,0,0,0,0,0,0,1.0000,1.0000,10,10,10,0.3559,0.3210,10,0,0
3121,104.0,3532,112,13,2091,1441,0,0,1768,283.05,0.863,0.737,0.428,0.047,0.417,-0.919,2.262,0.2559,2.0338,0.471,0.010,0.003,0.099,0.024,207,87,88,0,152,0,102496.36,24374.883,23017.205,141.209,10777.213,63.790,22603.709,18001.962,3054.250,11131.704,8905.363,2578.875,29.386,1076.950,0.000334,-0.045114,2119,0,11,77,87,11,14536,169,72,137.892,0,0,0,0,0,0,0,0,0,0,0,0,0,0,43752,999,1950,36646.387,22977.784,10759.719,0.070,137.892,15555.962,16158.321,445.461,168,221,85,11,125,46415,0,0,0,0.000,0.000,0.000,0.000,0.000,0.000,0.000,0.000,0,0,0,0,0,0,0,0,0,0.000,0.000,0.000,0.000,0.000,0.000,0.000,0.000,0,0,0,0,0,0,0,0,0,0.000,0.000,0.000,0.000,0.000,0.000,0.000,0.000,0,0,0,0,0,0,0,0,0,0.000,0.000,0.000,0.000,0.000,0.000,0.000,0.000,0,0,0,0,0,0,0,0,0,0.000,0.000,0.000,0.000,0.000,0.000,0.000,0.000,0,0,0,0,0,0,1,0,0,0,0,0,0,0,0,0,0,0,56053,17644,8118,6653,3488,818,90,90,0,0,0,0,40609,11202,7577,3143,1005,815,0,0,0,0,0,0,943.366,116.412,8777.965,1879.204,0,0,0,317,235,466,1018,317,234,720,286,598,230,11,246,405,308,257,307,57,107,0,0,0,0,0,0,0,0,0,0,0,0,1085,0,0,0,0,0,0,0,728,0,0,0,0,0,0,0,0,0,0,0,0,0,0,0,0,0,0,0,0,0,0,0,1.0000,1.0000,9,9,9,0.3765,0.3430,10,0,0
3151,105.0,3391,136,13,2045,1346,0,0,1671,285.57,0.856,0.728,0.435,0.047,0.426,-0.919,2.268,0.2528,1.9878,0.470,0.010,0.001,0.100,0.023,223,84,143,0,153,0,96987.66,23213.940,20426.802,237.177,9851.017,69.971,21856.932,17200.093,2928.848,9621.135,7696.908,4342.014,2.136,1132.365,0.000235,-0.046585,2053,0,31,112,143,31,13860,206,111,233.591,0,0,0,0,0,0,0,0,0,0,0,0,0,0,41688,888,1847,32817.571,20382.990,9800.283,0.178,233.591,14887.019,15369.814,456.999,139,234,80,31,123,50920,0,0,0,0.000,0.000,0.000,0.000,0.000,0.000,0.000,0.000,0,0,0,0,0,0,0,0,0,0.000,0.000,0.000,0.000,0.000,0.000,0.000,0.000,0,0,0,0,0,0,0,0,0,0.000,0.000,0.000,0.000,0.000,0.000,0.000,0.000,0,0,0,0,0,0,0,0,0,0.000,0.000,0.000,0.000,0.000,0.000,0.000,0.000,0,0,0,0,0,0,0,0,0,0.000,0.000,0.000,0.000,0.000,0.000,0.000,0.000,0,0,0,0,0,0,0,0,0,0,0,0,0,0,0,0,0,0,55245,17642,7694,6467,3560,705,90,90,0,0,0,0,38852,10860,7276,2836,918,715,0,0,0,0,0,0,932.042,106.920,8375.284,1795.449,0,0,0,293,208,432,909,294,200,702,272,584,232,16,239,377,240,315,279,47,88,0,0,0,0,0,0,0,0,0,0,0,0,1071,0,0,0,0,0,0,0,729,0,0,0,0,0,0,0,0,0,0,0,0,0,0,0,0,0,0,0,0,0,0,0,1.0000,1.0000,8,8,8,0.3572,0.3458,10,0,0
3181,106.0,3296,141,13,2040,1256,0,0,1634,277.32,0.842,0.714,0.436,0.046,0.437,-0.920,2.284,0.2507,2.0277,0.477,0.010,0.003,0.101,0.021,192,87,87,0,159,0,93668.78,22315.659,19754.834,149.960,8893.162,75.399,20963.690,16049.963,2787.312,9544.112,7635.290,2689.580,91.248,1048.720,0.000174,-0.048025,1898,0,15,72,87,15,13703,237,68,145.808,0,0,0,0,0,0,0,0,0,0,0,0,0,0,39008,858,1661,31045.390,19715.451,8843.605,0.127,145.808,14042.498,14292.093,401.915,138,228,84,15,129,51099,0,0,0,0.000,0.000,0.000,0.000,0.000,0.000,0.000,0.000,0,0,0,0,0,0,0,0,0,0.000,0.000,0.000,0.000,0.000,0.000,0.000,0.000,0,0,0,0,0,0,0,0,0,0.000,0.000,0.000,0.000,0.000,0.000,0.000,0.000,0,0,0,0,0,0,0,0,0,0.000,0.000,0.000,0.000,0.000,0.000,0.000,0.000,0,0,0,0,0,0,0,0,0,0.000,0.000,0.000,0.000,0.000,0.000,0.000,0.000,0,0,0,0,0,0,0,0,0,0,0,0,0,0,0,0,0,0,54566,17581,7286,6414,3609,533,90,90,0,0,0,0,36531,10010,6115,2477,792,445,0,0,0,0,0,0,915.300,100.284,7701.185,1465.298,0,0,0,310,186,384,875,310,170,714,249,583,236,11,247,348,197,275,283,42,111,0,0,0,0,0,0,0,0,0,0,0,0,1077,0,0,0,0,0,0,0,711,0,0,0,0,0,0,0,0,0,0,0,0,0,0,0,0,0,0,0,0,0,0,0,1.0000,1.0000,8,8,8,0.3557,0.3455,10,0,0
3211,107.0,3177,106,13,2003,1174,0,0,1497,293.16,0.833,0.703,0.437,0.045,0.445,-0.921,2.284,0.2521,1.9921,0.483,0.007,0.002,0.102,0.019,215,72,111,0,158,0,89328.70,21445.030,18203.620,155.966,8418.763,82.330,20128.309,15070.942,2668.173,9097.360,7277.888,3368.076,20.571,1069.160,0.000139,-0.048085,1843,0,26,85,109,26,13328,261,81,153.288,0,0,0,0,0,0,0,0,0,0,0,0,0,0,36542,789,1582,28718.071,18157.757,8357.237,0.232,153.288,13209.842,13303.328,398.153,139,221,71,26,124,53528,0,0,0,0.000,0.000,0.000,0.000,0.000,0.000,0.000,0.000,0,0,0,0,0,0,0,0,0,0.000,0.000,0.000,0.000,0.000,0.000,0.000,0.000,0,0,0,0,0,0,0,0,0,0.000,0.000,0.000,0.000,0.000,0.000,0.000,0.000,0,0,0,0,0,0,0,0,0,0.000,0.000,0.000,0.000,0.000,0.000,0.000,0.000,0,0,0,0,0,0,0,0,0,0.000,0.000,0.000,0.000,0.000,0.000,0.000,0.000,0,0,0,0,0,0,0,0,0,0,0,0,0,0,0,0,0,0,54431,17794,7073,6358,3544,456,90,90,0,0,0,0,34103,9346,6012,2439,671,514,0,0,0,0,0,0,923.194,95.325,7003.170,1428.023,0,0,0,249,177,352,813,273,175,716,250,578,220,8,231,316,221,228,243,42,124,0,0,0,0,0,0,0,0,0,0,0,0,1037,0,0,0,0,0,0,0,637,0,0,0,0,0,0,0,0,0,0,0,0,0,0,0,0,0,0,0,0,0,0,0,1.0000,1.0000,8,8,8,0.3600,0.3202,10,0,0
3241,108.0,3018,128,13,1966,1052,0,0,1422,328.14,0.815,0.684,0.439,0.045,0.459,-0.919,2.285,0.2525,2.0427,0.490,0.008,0.004,0.103,0.015,219,109,100,0,143,0,84887.45,20372.057,16525.994,173.616,7734.810,76.924,19043.622,14038.630,2453.236,7851.906,6281.525,3453.387,8.327,945.325,0.000160,-0.046277,1702,0,20,80,100,20,12560,266,75,165.387,0,0,0,0,0,0,0,0,0,0,0,0,0,0,33709,719,1436,26262.123,16496.188,7686.813,0.125,165.387,12248.049,12326.094,362.460,111,234,103,20,111,54612,21,0,0,0.000,0.000,0.000,0.000,0.000,2.985,0.189,0.000,0,0,0,0,0,0,0,0,0,0.000,0.000,0.000,0.000,0.000,0.000,0.000,0.000,0,0,0,0,0,0,0,0,0,0.000,0.000,0.000,0.000,0.000,0.000,0.000,0.000,0,0,0,0,0,0,0,0,0,0.000,0.000,0.000,0.000,0.000,0.000,0.000,0.000,0,0,0,0,0,0,0,0,0,0.000,0.000,0.000,0.000,0.000,0.000,0.000,0.000,0,0,0,0,0,0,1,0,0,0,0,0,0,0,0,0,0,0,53207,17762,7147,6136,3583,349,90,67,23,0,0,0,31434,8350,6089,2296,633,529,0,0,0,0,0,0,919.331,98.230,6392.591,1460.390,0,0,0,263,162,332,735,249,160,719,250,545,221,9,222,268,222,239,202,29,92,0,0,0,0,0,0,0,0,0,0,0,0,997,0,0,0,0,0,0,0,562,0,0,0,0,0,0,0,0,0,0,0,0,0,0,0,0,0,0,0,0,0,0,0,1.0000,1.0000,8,8,8,0.3696,0.3226,9,0,0
3271,109.0,2937,109,13,1941,996,0,0,1338,316.77,0.807,0.675,0.438,0.045,0.466,-0.918,2.296,0.2502,1.9935,0.481,0.007,0.004,0.103,0.015,212,68,79,0,133,0,81450.58,19182.859,15195.124,132.871,7153.235,74.685,17931.147,12688.119,2314.781,8116.828,6493.462,2554.125,0.000,836.192,0.000186,-0.045151,1517,0,11,68,79,11,12219,226,65,130.596,0,0,0,0,0,0,0,0,0,0,0,0,0,0,30769,661,1291,24224.045,15182.903,7109.483,0.064,130.596,11212.796,11051.645,318.709,119,176,66,11,99,40965,30,0,0,0.000,0.000,0.000,0.000,0.000,4.265,0.274,0.000,0,0,0,0,0,0,0,0,0,0.000,0.000,0.000,0.000,0.000,0.000,0.000,0.000,0,0,0,0,0,0,0,0,0,0.000,0.000,0.000,0.000,0.000,0.000,0.000,0.000,0,0,0,0,0,0,0,0,0,0.000,0.000,0.000,0.000,0.000,0.000,0.000,0.000,0,0,0,0,0,0,0,0,0,0.000,0.000,0.000,0.000,0.000,0.000,0.000,0.000,0,0,0,0,0,0,1,0,0,0,0,0,0,0,0,0,0,0,52484,17834,7154,6009,3547,357,90,60,30,0,0,0,28627,7833,5762,2172,593,326,0,0,0,0,0,0,907.830,96.206,5838.603,1355.132,0,0,0,201,136,318,674,229,130,716,249,537,223,10,206,286,192,199,217,32,70,0,0,0,0,0,0,0,0,0,0,0,0,976,0,0,0,0,0,0,0,518,0,0,0,0,0,0,0,0,0,0,0,0,0,0,0,0,0,0,0,0,0,0,0,1.0000,1.0000,8,8,8,0.3953,0.3580,9,0,0
3301,110.0,2818,122,13,1921,897,0,0,1232,350.20,0.786,0.656,0.436,0.045,0.479,-0.918,2.306,0.2482,1.9857,0.492,0.005,0.004,0.104,0.014,204,90,71,0,120,0,76989.09,18143.683,13289.962,129.943,6659.399,87.285,17106.515,12382.933,2135.060,6348.317,5078.654,2332.877,25.553,772.472,0.000136,-0.044161,1418,0,12,59,71,12,11710,207,58,127.546,0,0,0,0,0,0,0,0,0,0,0,0,0,0,28545,578,1211,21596.621,13271.872,6624.728,0.086,127.546,10458.667,10815.795,274.498,84,183,81,12,90,44497,30,0,0,0.000,0.000,0.000,0.000,0.000,4.266,0.275,0.000,0,0,0,0,0,0,0,0,0,0.000,0.000,0.000,0.000,0.000,0.000,0.000,0.000,0,0,0,0,0,0,0,0,0,0.000,0.000,0.000,0.000,0.000,0.000,0.000,0.000,0,0,0,0,0,0,0,0,0,0.000,0.000,0.000,0.000,0.000,0.000,0.000,0.000,0,0,0,0,0,0,0,0,0,0.000,0.000,0.000,0.000,0.000,0.000,0.000,0.000,0,0,0,0,0,0,0,0,0,0,0,0,0,0,0,0,0,0,51901,17790,7272,5875,3411,379,90,60,30,0,0,0,26527,8251,5008,2048,527,319,0,0,0,0,0,0,890.272,95.110,6276.944,1162.409,0,0,0,200,134,270,591,200,134,693,250,516,232,11,219,275,159,198,164,32,69,0,0,0,0,0,0,0,0,0,0,0,0,978,0,0,0,0,0,0,0,463,0,0,0,0,0,0,0,0,0,0,0,0,0,0,0,0,0,0,0,0,0,0,0,1.0000,1.0000,10,10,10,0.4034,0.3634,11,0,0
3331,111.0,2680,115,13,1870,810,0,0,1156,338.85,0.770,0.642,0.439,0.041,0.490,-0.917,2.323,0.2488,2.0005,0.492,0.012,0.004,0.105,0.010,225,93,96,0,110,0,73397.70,17249.203,13001.961,189.427,5680.442,100.006,16052.667,10879.004,1965.060,6502.473,5201.978,3081.304,33.617,719.841,0.000226,-0.044100,1243,0,14,82,96,14,11345,225,78,184.105,0,0,0,0,0,0,0,0,0,0,0,0,0,0,25753,566,1018,20250.282,12988.170,5647.425,0.106,184.105,9482.851,9378.656,264.098,92,179,85,14,80,44244,30,0,0,0.000,0.000,0.000,0.000,0.000,4.275,0.260,0.000,0,0,0,0,0,0,0,0,0,0.000,0.000,0.000,0.000,0.000,0.000,0.000,0.000,0,0,0,0,0,0,0,0,0,0.000,0.000,0.000,0.000,0.000,0.000,0.000,0.000,0,0,0,0,0,0,0,0,0,0.000,0.000,0.000,0.000,0.000,0.000,0.000,0.000,0,0,0,0,0,0,0,0,0,0.000,0.000,0.000,0.000,0.000,0.000,0.000,0.000,0,0,0,0,0,0,0,0,0,0,0,0,0,0,0,0,0,0,51135,17202,6976,5731,3315,351,90,60,9,0,0,0,23824,6730,4534,1959,551,311,0,0,0,0,0,0,839.485,85.744,5130.552,1094.109,0,0,0,203,111,251,572,193,121,670,243,525,216,11,205,212,159,180,183,21,55,0,0,0,0,0,0,0,0,0,0,0,0,957,0,0,0,0,0,0,0,439,0,0,0,0,0,0,0,0,0,0,0,0,0,0,0,0,0,0,0,0,0,0,0,1.0000,1.0000,10,10,10,0.3839,0.3352,11,0,0
3361,112.0,2601,127,13,1841,759,0,1,1095,396.58,0.759,0.632,0.441,0.041,0.496,-0.918,2.337,0.2496,1.9260,0.497,0.007,0.005,0.105,0.009,228,76,62,0,87,0,70320.97,16284.419,10831.811,119.688,5292.431,95.198,15060.011,9651.008,1843.075,5806.555,4645.244,1939.323,9.164,648.756,0.000129,-0.044231,1086,0,6,56,62,6,10704,193,51,115.962,0,0,0,0,0,0,0,0,0,0,0,0,0,0,23340,469,893,17434.248,10816.505,5255.734,0.058,115.962,8612.426,8214.588,246.988,79,131,71,6,54,30416,30,0,0,0.000,0.000,0.000,0.000,0.000,4.275,0.271,0.000,0,0,0,0,0,0,22,0,0,0.000,0.000,0.000,0.000,0.000,3.573,0.695,0.000,0,0,0,0,0,0,0,0,0,0.000,0.000,0.000,0.000,0.000,0.000,0.000,0.000,0,0,0,0,0,0,0,0,0,0.000,0.000,0.000,0.000,0.000,0.000,0.000,0.000,0,0,0,0,0,0,0,0,0,0.000,0.000,0.000,0.000,0.000,0.000,0.000,0.000,0,0,0,0,0,0,1,1,0,0,0,0,0,0,0,0,0,0,49963,16434,6842,5570,3302,369,90,60,0,0,0,0,21491,5669,4319,1901,503,372,0,0,0,0,0,0,803.700,85.003,4238.710,1071.903,0,0,0,171,118,204,481,163,120,643,239,535,220,9,195,212,142,148,152,34,71,0,0,0,0,0,1,0,0,0,0,0,0,959,0,0,0,0,0,0,0,405,0,0,0,0,0,0,0,1,0,0,0,0,0,0,0,0,0,0,0,0,0,0,0,1.0000,1.0000,9,9,9,0.3815,0.3660,11,0,0
3391,113.0,2506,147,13,1823,682,0,1,1029,348.48,0.740,0.615,0.438,0.040,0.510,-0.919,2.343,0.2485,1.9739,0.496,0.005,0.004,0.105,0.007,222,73,60,0,83,0,67435.77,15552.244,10517.287,105.911,4778.569,92.377,14407.213,9199.781,1719.395,4801.086,3840.869,2192.381,21.712,559.935,0.000237,-0.045417,1009,0,14,46,60,14,10555,140,46,102.347,0,0,0,0,0,0,0,0,0,0,0,0,0,0,21704,456,869,16521.293,10507.618,4757.060,0.099,102.347,8028.308,7836.411,234.716,66,143,67,14,62,35767,30,0,0,0.000,0.000,0.000,0.000,0.000,4.274,0.284,0.000,0,0,0,0,0,0,30,0,0,0.000,0.000,0.000,0.000,0.000,4.866,0.430,0.000,0,0,0,0,0,0,0,0,0,0.000,0.000,0.000,0.000,0.000,0.000,0.000,0.000,0,0,0,0,0,0,0,0,0,0.000,0.000,0.000,0.000,0.000,0.000,0.000,0.000,0,0,0,0,0,0,0,0,0,0.000,0.000,0.000,0.000,0.000,0.000,0.000,0.000,0,0,0,0,0,0,0,0,0,0,0,0,0,0,0,0,0,0,49436,15680,7050,5444,3092,474,90,60,0,0,0,0,20005,5693,3378,1759,385,479,0,0,0,0,0,0,751.618,90.337,4245.146,844.415,0,0,0,171,92,222,465,170,80,623,261,515,221,14,189,186,111,163,135,32,55,0,0,1,0,0,0,0,0,0,0,0,0,939,0,0,0,0,0,0,0,385,0,0,0,0,0,0,0,1,0,0,0,0,0,0,0,0,0,0,0,0,0,0,0,1.0000,1.0000,9,9,9,0.3733,0.3376,11,0,0
3421,114.0,2444,129,13,1817,626,0,1,981,389.92,0.722,0.599,0.434,0.040,0.520,-0.923,2.354,0.2499,1.8966,0.490,0.008,0.003,0.105,0.008,231,56,60,0,84,0,64362.48,14795.522,9334.145,78.858,4657.660,96.793,13585.000,8314.623,1634.578,5241.562,4193.250,2081.963,7.407,609.931,0.000161,-0.044839,1016,0,18,42,60,18,10589,182,41,77.045,0,0,0,0,0,0,0,0,0,0,0,0,0,0,19511,405,834,14982.995,9319.783,4604.703,0.158,77.045,7215.497,6953.711,248.664,66,122,48,18,56,32288,30,0,0,0.000,0.000,0.000,0.000,0.000,4.282,0.225,0.000,0,0,0,0,0,0,30,0,0,0.000,0.000,0.000,0.000,0.000,4.860,0.503,0.000,0,0,0,0,0,0,0,0,0,0.000,0.000,0.000,0.000,0.000,0.000,0.000,0.000,0,0,0,0,0,0,0,0,0,0.000,0.000,0.000,0.000,0.000,0.000,0.000,0.000,0,0,0,0,0,0,0,0,0,0.000,0.000,0.000,0.000,0.000,0.000,0.000,0.000,0,0,0,0,0,0,0,0,0,0,0,0,0,0,0,0,0,0,49398,15227,7542,5265,2879,433,90,60,0,0,0,0,18134,4954,3211,1437,382,294,0,0,0,0,0,0,732.669,100.545,3697.715,751.102,0,0,0,132,99,165,414,145,95,587,266,533,217,14,200,175,115,139,120,18,59,0,0,1,0,0,0,0,0,0,0,0,0,964,0,0,0,0,0,0,0,336,0,0,0,0,0,0,0,1,0,0,0,0,0,0,0,0,0,0,0,0,0,0,0,1.0000,1.0000,9,9,9,0.3970,0.3493,11,0,0
3451,115.0,2313,99,13,1764,548,0,1,867,395.87,0.703,0.580,0.438,0.039,0.533,-0.926,2.358,0.2466,1.9750,0.498,0.009,0.005,0.106,0.005,228,64,97,0,68,0,61704.75,14155.733,9122.997,150.508,4129.097,97.564,12796.844,7856.569,1494.493,3859.359,3087.487,2633.878,13.685,519.639,0.000147,-0.043735,823,0,24,73,96,24,10114,122,72,149.716,0,0,0,0,0,0,0,0,0,0,0,0,0,0,17669,395,701,14206.894,9099.909,4097.556,0.266,149.716,6542.606,6584.197,204.769,51,130,58,24,48,35379,30,0,0,0.000,0.000,0.000,0.000,0.000,4.288,0.208,0.000,0,0,0,0,0,0,30,0,0,0.000,0.000,0.000,0.000,0.000,4.864,0.335,0.000,0,0,0,0,0,0,0,0,0,0.000,0.000,0.000,0.000,0.000,0.000,0.000,0.000,0,0,0,0,0,0,0,0,0,0.000,0.000,0.000,0.000,0.000,0.000,0.000,0.000,0,0,0,0,0,0,0,0,0,0.000,0.000,0.000,0.000,0.000,0.000,0.000,0.000,0,0,0,0,0,0,1,0,0,0,0,0,0,0,0,0,0,0,48556,14864,7584,4910,2669,382,106,76,0,0,0,0,16395,4875,2638,1334,401,204,0,0,0,0,0,0,693.216,104.454,3750.424,625.927,0,0,0,129,76,169,404,144,84,582,263,505,193,11,210,160,97,120,115,22,34,0,0,1,0,0,0,0,0,0,0,0,0,919,0,0,0,0,0,0,0,291,0,0,0,0,0,0,0,1,0,0,0,0,0,0,0,0,0,0,0,0,0,0,0,1.0000,1.0000,8,8,8,0.3889,0.3810,11,0,0
3481,116.0,2266,150,13,1752,513,0,1,804,404.42,0.692,0.570,0.440,0.039,0.541,-0.926,2.365,0.2471,1.9529,0.495,0.007,0.006,0.107,0.005,231,52,58,0,60,0,59457.18,13472.658,7693.293,101.980,3232.463,111.490,12068.202,6869.868,1327.613,4779.990,3823.992,1770.078,68.108,455.626,0.000156,-0.044503,786,0,11,47,58,11,9516,192,47,100.769,0,0,0,0,0,0,0,0,0,0,0,0,0,0,15958,332,594,11691.120,7673.586,3198.767,0.095,100.769,5896.565,5652.830,155.791,61,96,46,11,39,22005,30,0,0,0.000,0.000,0.000,0.000,0.000,4.282,0.209,0.000,0,0,0,0,0,0,30,0,0,0.000,0.000,0.000,0.000,0.000,4.866,0.370,0.000,0,0,0,0,0,0,0,0,0,0.000,0.000,0.000,0.000,0.000,0.000,0.000,0.000,0,0,0,0,0,0,0,0,0,0.000,0.000,0.000,0.000,0.000,0.000,0.000,0.000,0,0,0,0,0,0,0,0,0,0.000,0.000,0.000,0.000,0.000,0.000,0.000,0.000,0,0,0,0,0,0,0,0,0,0,0,0,0,0,0,0,0,0,47712,14803,7329,4825,2499,408,120,90,0,0,0,0,14810,4112,2976,1208,269,165,0,0,0,0,0,0,690.863,103.205,3070.127,696.818,0,0,0,133,94,169,345,120,82,580,251,488,195,11,227,138,89,116,113,19,38,0,0,1,0,0,0,0,0,0,0,0,0,921,0,0,0,0,0,0,0,286,0,0,0,0,0,0,0,1,0,0,0,0,0,0,0,0,0,0,0,0,0,0,0,1.0000,1.0000,9,9,9,0.3948,0.3473,11,0,0
3511,117.0,2200,137,13,1724,475,0,1,747,467.17,0.682,0.562,0.441,0.039,0.548,-0.925,2.370,0.2498,1.9444,0.497,0.006,0.006,0.108,0.004,228,59,50,1,60,0,58390.22,13079.805,7706.769,105.673,3253.569,118.101,11581.423,6285.053,1212.868,4076.454,3261.163,1626.365,44.376,393.832,0.000128,-0.045417,670,0,6,44,50,6,9466,112,44,104.355,0,0,0,0,0,0,0,0,0,0,0,0,0,0,14745,331,558,11767.793,7703.703,3235.598,0.035,104.355,5443.396,5086.973,141.206,52,90,52,6,32,24079,30,0,0,0.000,0.000,0.000,0.000,0.000,4.288,0.201,0.000,0,0,0,0,0,0,30,0,0,0.000,0.000,0.000,0.000,0.000,4.863,0.367,0.000,0,0,0,0,0,0,0,0,0,0.000,0.000,0.000,0.000,0.000,0.000,0.000,0.000,0,0,0,0,0,0,0,0,0,0.000,0.000,0.000,0.000,0.000,0.000,0.000,0.000,0,0,0,0,0,0,0,0,0,0.000,0.000,0.000,0.000,0.000,0.000,0.000,0.000,0,0,0,0,0,0,0,0,0,0,0,0,0,0,0,0,0,0,47358,14455,7305,4679,2406,372,120,90,0,0,0,0,13545,3698,2260,1260,278,111,0,0,0,0,0,0,683.446,103.319,2682.826,528.570,0,0,0,106,70,147,336,106,72,547,251,480,188,17,241,133,79,113,97,19,34,0,0,1,0,0,0,0,0,0,0,0,0,926,0,0,0,0,0,0,0,263,0,0,0,0,0,0,0,1,0,0,0,0,0,0,0,0,0,0,0,0,0,0,0,1.0000,1.0000,8,8,8,0.3931,0.3333,11,0,0
3541,118.0,2152,122,13,1695,456,0,1,716,418.05,0.675,0.559,0.443,0.040,0.551,-0.925,2.381,0.2468,1.9776,0.497,0.009,0.007,0.107,0.004,246,52,45,0,41,0,57221.96,12683.068,6984.677,85.653,3122.779,114.329,11180.266,6003.591,1145.731,3610.148,2888.118,1377.466,44.809,447.765,0.000127,-0.045182,636,0,6,39,45,6,8827,103,39,84.490,0,0,0,0,0,0,0,0,0,0,0,0,0,0,13923,301,533,10838.500,6981.632,3092.337,0.046,84.490,5151.734,4874.690,122.864,53,72,44,5,23,15778,24,0,0,0.000,0.000,0.000,0.000,0.000,3.439,0.167,0.000,0,1,0,1,0,315,30,0,0,0.000,0.000,0.000,0.000,0.000,4.868,0.629,0.000,0,0,0,0,0,0,0,0,0,0.000,0.000,0.000,0.000,0.000,0.000,0.000,0.000,0,0,0,0,0,0,0,0,0,0.000,0.000,0.000,0.000,0.000,0.000,0.000,0.000,0,0,0,0,0,0,0,0,0,0.000,0.000,0.000,0.000,0.000,0.000,0.000,0.000,0,0,0,0,0,0,1,0,0,0,0,0,0,0,0,0,0,0,46363,13744,7189,4639,2288,334,120,90,0,0,0,0,12769,3605,2281,1208,272,106,0,0,0,0,0,0,636.590,99.391,2564.441,513.011,0,0,0,91,63,135,304,103,70,526,251,473,188,15,242,127,81,105,90,18,35,0,0,1,0,0,0,0,0,0,0,0,0,918,0,0,0,0,0,0,0,248,0,0,0,0,0,0,0,1,0,0,0,0,0,0,0,0,0,0,0,0,0,0,0,1.0000,1.0000,7,7,7,0.4008,0.3204,11,0,0
3571,119.0,2110,151,13,1676,434,0,0,666,487.36,0.671,0.552,0.444,0.041,0.556,-0.927,2.384,0.2468,1.9067,0.497,0.008,0.005,0.108,0.004,236,53,65,0,39,0,55962.40,12605.841,6532.188,123.934,3259.447,102.489,10915.270,5516.596,1060.370,4308.526,3446.821,1793.766,6.568,367.250,0.000148,-0.044368,642,0,5,60,64,5,9098,66,57,120.527,0,0,0,0,0,0,0,0,0,0,0,0,0,0,13329,282,576,10514.004,6519.791,3244.748,0.013,120.527,4930.207,4412.288,130.904,49,71,45,5,21,19214,0,0,0,0.000,0.000,0.000,0.000,0.000,0.000,0.000,0.000,0,0,0,0,0,0,30,0,0,0.000,0.000,0.000,0.000,0.000,4.866,0.469,0.000,0,1,0,0,1,232,0,0,0,0.000,0.000,0.000,0.000,0.000,0.000,0.000,0.000,0,0,0,0,0,0,0,0,0,0.000,0.000,0.000,0.000,0.000,0.000,0.000,0.000,0,0,0,0,0,0,0,0,0,0.000,0.000,0.000,0.000,0.000,0.000,0.000,0.000,0,0,0,0,0,0,0,0,0,0,0,0,0,0,0,0,0,0,45989,13294,6920,4538,2118,328,120,90,0,0,0,0,12165,3162,2384,1194,239,205,0,0,0,0,0,0,607.199,93.320,2155.833,563.069,0,0,0,116,74,126,287,90,66,501,233,474,208,14,246,107,95,98,95,10,29,0,0,0,0,0,0,0,0,0,0,0,0,942,0,0,0,0,0,0,0,232,0,0,0,0,0,0,0,0,0,0,0,0,0,0,0,0,0,0,0,0,0,0,0,1.0000,1.0000,8,8,8,0.3865,0.3123,11,0,0
3601,120.0,2101,142,15,1679,422,0,0,620,471.65,0.666,0.548,0.441,0.042,0.560,-0.929,2.394,0.2473,1.9588,0.495,0.008,0.007,0.108,0.004,251,47,40,0,40,0,56124.13,12544.758,7153.670,65.244,2910.449,105.439,10703.947,5479.588,989.716,4468.562,3574.850,1158.098,84.995,291.892,0.000143,-0.043554,544,0,8,32,40,8,9044,43,31,62.551,0,0,0,0,0,0,0,0,0,0,0,0,0,0,12780,309,501,10840.153,7150.198,2897.897,0.052,62.551,4734.578,4422.273,111.880,56,68,42,8,18,17479,0,0,0,0.000,0.000,0.000,0.000,0.000,0.000,0.000,0.000,0,0,0,0,0,0,0,0,0,0.000,0.000,0.000,0.000,0.000,0.000,0.000,0.000,0,0,0,0,0,0,0,0,0,0.000,0.000,0.000,0.000,0.000,0.000,0.000,0.000,0,0,0,0,0,0,0,0,0,0.000,0.000,0.000,0.000,0.000,0.000,0.000,0.000,0,0,0,0,0,0,0,0,0,0.000,0.000,0.000,0.000,0.000,0.000,0.000,0.000,0,0,0,0,0,0,0,0,0,0,0,0,0,0,0,0,0,0,45913,12911,6483,4405,1949,347,120,111,0,0,0,0,11604,3240,2391,1176,190,235,0,0,0,0,0,0,581.130,89.284,2386.738,561.165,0,0,0,87,72,144,312,92,82,500,219,479,220,16,245,113,80,91,91,19,28,0,0,0,0,0,0,0,0,0,0,0,0,960,0,0,0,0,0,0,0,229,0,0,0,0,0,0,0,0,0,0,0,0,0,0,0,0,0,0,0,0,0,0,0,1.0000,1.0000,8,8,8,0.4003,0.3049,12,0,0
3631,121.0,2070,143,15,1665,405,0,0,577,418.32,0.660,0.543,0.439,0.041,0.564,-0.930,2.405,0.2426,1.8845,0.502,0.008,0.010,0.108,0.004,219,53,35,0,36,0,56503.78,12607.787,6763.114,75.827,2531.621,104.522,10602.104,5340.301,909.171,3529.305,2823.444,1148.065,83.659,277.917,0.000130,-0.043194,486,0,2,33,35,2,8924,57,32,74.279,0,0,0,0,0,0,0,0,0,0,0,0,0,0,12500,289,429,9917.210,6750.924,2511.043,0.013,74.279,4648.020,4300.861,108.908,45,62,43,2,17,15446,0,0,0,0.000,0.000,0.000,0.000,0.000,0.000,0.000,0.000,0,0,0,0,0,0,0,0,0,0.000,0.000,0.000,0.000,0.000,0.000,0.000,0.000,0,0,0,0,0,0,0,0,0,0.000,0.000,0.000,0.000,0.000,0.000,0.000,0.000,0,0,0,0,0,0,0,0,0,0.000,0.000,0.000,0.000,0.000,0.000,0.000,0.000,0,0,0,0,0,0,0,0,0,0.000,0.000,0.000,0.000,0.000,0.000,0.000,0.000,0,0,0,0,0,0,0,0,0,0,0,0,0,0,0,0,0,0,45713,12830,6334,4311,1760,423,120,90,0,0,0,0,11337,2982,2424,1163,250,221,0,0,0,0,0,0,572.310,89.143,2270.298,551.477,0,0,0,91,72,135,297,86,72,494,220,471,228,13,239,99,88,85,88,14,31,0,0,0,0,0,0,0,0,0,0,0,0,951,0,0,0,0,0,0,0,218,0,0,0,0,0,0,0,0,0,0,0,0,0,0,0,0,0,0,0,0,0,0,0,1.0000,1.0000,7,7,7,0.3914,0.3712,11,0,0
3661,122.0,2091,149,15,1685,406,0,0,557,419.27,0.659,0.542,0.442,0.041,0.564,-0.930,2.416,0.2433,2.0079,0.495,0.012,0.010,0.108,0.006,223,41,48,0,32,0,56853.95,12852.839,6421.863,84.507,2618.688,111.102,10502.354,5039.401,842.124,5269.639,4215.711,1260.698,38.690,271.846,0.000117,-0.042564,509,0,5,43,48,5,9185,50,42,83.776,0,0,0,0,0,0,0,0,0,0,0,0,0,0,12124,275,459,9640.956,6415.897,2595.588,0.005,83.776,4512.411,4002.128,106.350,61,60,35,5,20,15934,0,0,0,0.000,0.000,0.000,0.000,0.000,0.000,0.000,0.000,0,0,0,0,0,0,0,0,0,0.000,0.000,0.000,0.000,0.000,0.000,0.000,0.000,0,0,0,0,0,0,0,0,0,0.000,0.000,0.000,0.000,0.000,0.000,0.000,0.000,0,0,0,0,0,0,0,0,0,0.000,0.000,0.000,0.000,0.000,0.000,0.000,0.000,0,0,0,0,0,0,0,0,0,0.000,0.000,0.000,0.000,0.000,0.000,0.000,0.000,0,0,0,0,0,0,0,0,0,0,0,0,0,0,0,0,0,0,45691,13186,5769,4322,1683,453,150,120,0,0,0,0,11055,2741,2183,1069,227,207,0,0,0,0,0,0,581.871,84.033,2005.438,510.821,0,0,0,92,65,129,280,91,55,500,206,477,229,20,253,102,72,88,100,13,31,0,0,0,0,0,0,0,0,0,0,0,0,979,0,0,0,0,0,0,0,232,0,0,0,0,0,0,0,0,0,0,0,0,0,0,0,0,0,0,0,0,0,0,0,1.0000,1.0000,7,7,7,0.3692,0.3397,10,0,0
3691,123.0,2125,152,15,1710,414,0,1,571,499.42,0.658,0.542,0.439,0.042,0.565,-0.930,2.428,0.2438,1.9588,0.500,0.011,0.010,0.107,0.008,220,39,23,0,30,0,58760.91,13108.228,7509.459,51.340,3151.475,107.522,10653.928,5009.014,832.744,4652.915,3722.332,802.842,89.966,442.986,0.000159,-0.041109,636,0,1,22,23,1,9217,136,20,49.667,0,0,0,0,0,0,0,0,0,0,0,0,0,0,12180,322,500,11359.992,7502.986,3105.077,0.000,49.667,4547.006,3956.603,109.468,54,46,34,1,11,13078,0,0,0,0.000,0.000,0.000,0.000,0.000,0.000,0.000,0.000,0,0,0,0,0,0,13,0,0,0.000,0.000,0.000,0.000,0.000,3.964,0.512,0.000,0,0,0,0,0,0,0,0,0,0.000,0.000,0.000,0.000,0.000,0.000,0.000,0.000,0,0,0,0,0,0,0,0,0,0.000,0.000,0.000,0.000,0.000,0.000,0.000,0.000,0,0,0,0,0,0,0,0,0,0.000,0.000,0.000,0.000,0.000,0.000,0.000,0.000,0,0,0,0,0,0,0,1,0,0,0,0,0,0,0,0,0,0,46445,13284,5641,4474,1634,461,150,120,0,0,0,0,11228,2701,2067,965,202,88,0,0,0,0,0,0,583.754,80.877,1869.065,478.330,0,0,0,95,85,149,326,108,81,502,205,486,230,22,265,95,74,107,93,16,29,0,0,1,0,0,0,0,0,0,0,0,0,1003,0,0,0,0,0,0,0,245,0,0,0,0,0,0,0,1,0,0,0,0,0,0,0,0,0,0,0,0,0,0,0,1.0000,1.0000,7,7,7,0.3684,0.3251,10,0,0
3721,124.0,2166,165,15,1720,445,0,1,547,504.30,0.668,0.552,0.439,0.043,0.559,-0.931,2.441,0.2421,1.9441,0.476,0.009,0.009,0.107,0.008,239,44,33,0,26,0,60171.29,13332.678,7641.828,76.637,2947.751,120.124,10873.412,5139.040,832.249,5761.240,4608.992,1105.502,117.907,420.411,0.000137,-0.041986,630,0,1,32,33,1,9335,165,30,74.187,0,0,0,0,0,0,0,0,0,0,0,0,0,0,12637,328,465,11301.637,7627.843,2912.967,0.013,74.187,4719.577,4072.080,109.535,80,51,37,1,13,13352,0,0,0,0.000,0.000,0.000,0.000,0.000,0.000,0.000,0.000,0,0,0,0,0,0,30,0,0,0.000,0.000,0.000,0.000,0.000,9.169,1.662,0.000,0,0,0,0,0,0,0,0,0,0.000,0.000,0.000,0.000,0.000,0.000,0.000,0.000,0,0,0,0,0,0,0,0,0,0.000,0.000,0.000,0.000,0.000,0.000,0.000,0.000,0,0,0,0,0,0,0,0,0,0.000,0.000,0.000,0.000,0.000,0.000,0.000,0.000,0,0,0,0,0,0,2,0,0,0,0,0,0,0,0,0,0,0,46818,13610,5647,4449,1590,406,150,120,0,0,0,0,11651,2803,2565,1016,62,104,0,0,0,0,0,0,599.569,81.581,1916.033,549.732,0,0,0,114,75,161,337,102,75,518,198,491,228,22,263,89,105,94,115,14,28,0,1,0,0,0,0,0,0,0,0,0,0,1004,0,0,0,0,0,0,0,251,0,0,0,0,0,0,0,0,0,0,0,0,0,0,0,0,0,0,0,0,0,0,0,1.0000,1.0000,7,7,7,0.3784,0.3289,10,0,0
3751,125.0,2194,169,15,1741,452,0,1,538,435.15,0.665,0.552,0.436,0.041,0.559,-0.931,2.457,0.2417,1.9305,0.483,0.010,0.009,0.106,0.010,248,35,34,0,33,0,62405.03,13942.713,8277.782,51.535,2909.392,119.263,11241.654,5459.764,801.656,4897.206,3917.765,1084.385,72.432,398.956,0.000202,-0.043463,612,0,10,24,34,10,9504,141,23,49.496,0,0,0,0,0,0,0,0,0,0,0,0,0,0,13472,355,471,11957.816,8269.595,2880.363,0.036,49.496,5014.842,4361.372,130.374,61,54,30,10,14,11622,0,0,0,0.000,0.000,0.000,0.000,0.000,0.000,0.000,0.000,0,0,0,0,0,0,30,0,0,0.000,0.000,0.000,0.000,0.000,9.203,1.679,0.000,0,0,0,0,0,0,0,0,0,0.000,0.000,0.000,0.000,0.000,0.000,0.000,0.000,0,0,0,0,0,0,0,0,0,0.000,0.000,0.000,0.000,0.000,0.000,0.000,0.000,0,0,0,0,0,0,0,0,0,0.000,0.000,0.000,0.000,0.000,0.000,0.000,0.000,0,0,0,0,0,0,0,0,0,0,0,0,0,0,0,0,0,0,47478,13793,5604,4427,1659,362,150,120,0,0,0,0,12421,3098,2726,1081,150,103,0,0,0,0,0,0,613.686,77.962,2168.503,589.069,0,0,0,132,85,150,363,121,90,511,202,491,239,19,279,126,84,89,109,16,28,0,1,0,0,0,0,0,0,0,0,0,0,1028,0,0,0,0,0,0,0,242,0,0,0,0,0,0,0,0,0,0,0,0,0,0,0,0,0,0,0,0,0,0,0,1.0000,1.0000,7,7,7,0.3852,0.2925,10,0,0
3781,126.0,2270,130,15,1792,478,0,0,527,437.87,0.668,0.555,0.435,0.042,0.557,-0.933,2.468,0.2434,1.9203,0.470,0.011,0.006,0.106,0.011,252,44,36,0,21,0,64587.54,14614.847,8470.166,57.463,3136.840,126.444,11447.415,5797.782,770.598,6664.567,5331.654,1088.054,30.901,492.296,0.000154,-0.043806,595,0,8,28,36,8,9521,87,28,55.520,0,0,0,0,0,0,0,0,0,0,0,0,0,0,13773,363,508,12392.631,8467.392,3117.876,0.048,55.520,5117.759,4711.257,118.110,81,57,43,8,6,10387,7,0,0,0.000,0.000,0.000,0.000,0.000,3.199,0.673,0.000,0,0,0,0,0,0,11,0,0,0.000,0.000,0.000,0.000,0.000,3.372,0.616,0.000,0,1,1,0,0,84,0,0,0,0.000,0.000,0.000,0.000,0.000,0.000,0.000,0.000,0,0,0,0,0,0,0,0,0,0.000,0.000,0.000,0.000,0.000,0.000,0.000,0.000,0,0,0,0,0,0,0,0,0,0.000,0.000,0.000,0.000,0.000,0.000,0.000,0.000,0,0,0,0,0,0,2,0,0,0,0,0,0,0,0,0,0,0,48536,13439,5748,4407,1624,414,150,120,0,0,0,0,12809,3649,2578,982,332,140,0,0,0,0,0,0,596.769,80.902,2662.337,565.357,0,0,0,109,66,152,366,138,72,503,213,514,248,24,290,146,87,101,107,15,22,0,0,0,0,0,0,0,0,0,0,0,0,1076,0,0,0,0,0,0,0,245,0,0,0,0,0,0,0,0,0,0,0,0,0,0,0,0,0,0,0,0,0,0,0,1.0000,1.0000,6,6,6,0.4142,0.3356,10,0,0
3811,127.0,2333,159,15,1829,504,0,0,530,432.10,0.673,0.559,0.434,0.043,0.554,-0.933,2.474,0.2427,1.8864,0.458,0.012,0.006,0.106,0.012,258,43,48,0,27,0,67026.88,15319.008,9115.465,115.936,3786.191,111.509,11868.791,6236.536,760.386,6679.437,5343.550,1464.602,47.121,397.754,0.000140,-0.044145,701,0,2,46,48,2,9706,70,46,115.917,0,0,0,0,0,0,0,0,0,0,0,0,0,0,14478,388,631,13716.569,9095.102,3770.335,0.019,115.917,5397.632,5154.643,120.931,76,51,35,2,14,10752,30,0,0,0.000,0.000,0.000,0.000,0.000,13.696,2.808,0.000,0,0,0,0,0,0,0,0,0,0.000,0.000,0.000,0.000,0.000,0.000,0.000,0.000,0,0,0,0,0,0,0,0,0,0.000,0.000,0.000,0.000,0.000,0.000,0.000,0.000,0,0,0,0,0,0,0,0,0,0.000,0.000,0.000,0.000,0.000,0.000,0.000,0.000,0,0,0,0,0,0,0,0,0,0.000,0.000,0.000,0.000,0.000,0.000,0.000,0.000,0,0,0,0,0,0,1,0,0,0,0,0,0,0,0,0,0,0,49880,13255,6234,4306,1511,391,150,120,0,0,0,0,13469,4071,2453,1039,493,97,0,0,0,0,0,0,565.912,91.138,3086.269,531.983,0,0,0,137,108,185,401,132,92,494,222,529,254,28,302,154,89,105,99,22,35,0,0,0,0,0,0,0,0,0,0,0,0,1113,0,0,0,0,0,0,0,261,0,0,0,0,0,0,0,0,0,0,0,0,0,0,0,0,0,0,0,0,0,0,0,1.0000,1.0000,7,7,7,0.4249,0.3410,11,0,0
3841,128.0,2393,189,15,1867,526,0,0,555,460.43,0.676,0.562,0.437,0.044,0.552,-0.935,2.481,0.2424,1.8928,0.454,0.012,0.006,0.106,0.013,238,48,48,0,28,0,70391.64,16205.720,9902.791,93.602,4412.241,107.454,12273.200,6510.848,799.728,6887.070,5509.656,1411.915,55.125,409.117,0.000127,-0.044578,717,0,6,42,47,6,10192,38,39,91.461,0,0,0,0,0,0,0,0,0,0,0,0,0,0,15233,424,679,15235.752,9875.215,4402.223,0.030,91.461,5663.602,5380.720,152.402,85,63,42,6,15,15240,24,0,0,0.000,0.000,0.000,0.000,0.000,10.547,1.198,0.000,0,1,1,0,0,44,0,0,0,0.000,0.000,0.000,0.000,0.000,0.000,0.000,0.000,0,0,0,0,0,0,0,0,0,0.000,0.000,0.000,0.000,0.000,0.000,0.000,0.000,0,0,0,0,0,0,0,0,0,0.000,0.000,0.000,0.000,0.000,0.000,0.000,0.000,0,0,0,0,0,0,0,0,0,0.000,0.000,0.000,0.000,0.000,0.000,0.000,0.000,0,0,0,0,0,0,1,0,0,0,0,0,0,0,0,0,0,0,50958,13360,6283,4388,1558,395,150,120,0,0,0,0,14151,4127,2319,1106,515,127,0,0,0,0,0,0,575.929,87.814,3166.835,521.472,0,0,0,167,89,213,439,156,88,503,212,565,246,27,314,165,82,109,112,19,39,0,0,0,0,0,0,0,0,0,0,0,0,1152,0,0,0,0,0,0,0,279,0,0,0,0,0,0,0,0,0,0,0,0,0,0,0,0,0,0,0,0,0,0,0,1.0000,1.0000,8,8,8,0.4218,0.3220,10,0,0
3871,129.0,2518,205,15,1933,583,0,2,588,436.08,0.688,0.574,0.435,0.044,0.544,-0.935,2.491,0.2425,1.9640,0.453,0.011,0.005,0.105,0.014,251,37,41,0,25,0,75176.22,17354.923,11673.292,76.777,4416.249,114.412,12947.510,6966.250,837.281,8606.052,6884.842,1327.064,43.783,477.323,0.000133,-0.044261,797,0,5,36,39,5,10931,81,33,74.675,0,0,0,0,0,0,0,0,0,0,0,0,0,0,16636,500,716,17089.721,11662.231,4406.367,0.061,74.675,6174.268,5801.839,160.460,105,48,31,5,12,8634,30,0,0,0.000,0.000,0.000,0.000,0.000,12.981,0.732,0.151,0,0,0,0,0,0,20,0,0,0.000,0.000,0.000,0.000,0.000,5.762,0.526,0.000,0,0,0,0,0,0,0,0,0,0.000,0.000,0.000,0.000,0.000,0.000,0.000,0.000,0,0,0,0,0,0,0,0,0,0.000,0.000,0.000,0.000,0.000,0.000,0.000,0.000,0,0,0,0,0,0,0,0,0,0.000,0.000,0.000,0.000,0.000,0.000,0.000,0.000,0,0,0,0,0,0,0,2,0,0,0,0,0,0,0,0,0,0,52286,13414,6042,4385,1573,237,150,120,0,0,0,0,15456,4147,2917,1230,630,55,0,0,0,0,0,0,598.206,75.114,3275.823,627.901,0,0,0,201,110,220,515,165,105,501,212,617,242,29,332,163,113,107,132,28,40,0,0,2,0,0,0,0,0,0,0,0,0,1220,0,0,0,0,0,0,0,307,0,0,0,0,0,0,0,2,0,0,0,0,0,0,0,0,0,0,0,0,0,0,0,1.0000,1.0000,7,7,7,0.4156,0.3454,11,0,0
3901,130.0,2685,217,14,2030,653,0,2,633,337.71,0.699,0.585,0.434,0.045,0.537,-0.935,2.502,0.2437,1.8932,0.442,0.013,0.003,0.105,0.019,238,53,37,0,17,0,80925.62,19149.439,12604.282,83.113,5777.913,102.200,13924.774,7323.461,891.772,10537.554,8430.043,1177.584,84.003,578.322,0.000144,-0.044129,972,0,3,34,37,3,11330,86,34,83.090,0,0,0,0,0,0,0,0,0,0,0,0,0,0,18445,538,886,19471.628,12585.687,5750.872,0.022,83.090,6867.306,6111.662,188.370,135,65,51,3,11,12782,21,0,0,0.000,0.000,0.000,0.000,0.000,6.849,1.167,0.010,0,1,1,0,0,49,60,0,0,0.000,0.000,0.000,0.000,0.000,17.278,1.864,0.000,0,0,0,0,0,0,0,0,0,0.000,0.000,0.000,0.000,0.000,0.000,0.000,0.000,0,0,0,0,0,0,0,0,0,0.000,0.000,0.000,0.000,0.000,0.000,0.000,0.000,0,0,0,0,0,0,0,0,0,0.000,0.000,0.000,0.000,0.000,0.000,0.000,0.000,0,0,0,0,0,0,1,0,0,0,0,0,0,0,0,0,0,0,54652,13357,6179,4477,1524,206,150,120,0,0,0,0,17237,4374,3542,1289,560,135,0,0,0,0,0,0,584.478,76.770,3303.180,755.124,0,0,0,190,124,244,546,191,124,504,222,648,264,27,365,179,130,144,140,19,41,0,1,1,0,0,0,0,0,0,0,0,0,1304,0,0,0,0,0,0,0,344,0,0,0,0,0,0,0,1,0,0,0,0,0,0,0,0,0,0,0,0,0,0,0,1.0000,1.0000,7,7,7,0.3903,0.3532,12,0,0
3931,131.0,2824,223,14,2091,731,0,2,710,362.28,0.712,0.600,0.436,0.046,0.526,-0.935,2.507,0.2475,1.8907,0.427,0.010,0.003,0.105,0.021,232,35,65,0,29,0,86361.02,20372.657,13893.820,163.658,6049.151,100.433,15061.127,8092.833,983.422,10238.810,8191.048,2178.017,50.679,580.895,0.000226,-0.045063,1027,0,5,60,64,5,11769,81,59,160.588,0,0,0,0,0,0,0,0,0,0,0,0,0,0,20558,593,946,21138.898,13853.459,6011.399,0.007,160.588,7689.721,6812.650,210.683,129,53,33,5,15,10802,81,0,0,0.000,0.000,0.000,0.000,0.000,26.415,3.186,2.646,0,0,0,0,0,0,60,0,0,0.000,0.000,0.000,0.000,0.000,17.271,2.327,0.000,0,0,0,0,0,0,0,0,0,0.000,0.000,0.000,0.000,0.000,0.000,0.000,0.000,0,0,0,0,0,0,0,0,0,0.000,0.000,0.000,0.000,0.000,0.000,0.000,0.000,0,0,0,0,0,0,0,0,0,0.000,0.000,0.000,0.000,0.000,0.000,0.000,0.000,0,0,0,0,0,0,2,0,0,0,0,0,0,0,0,0,0,0,57204,13713,6716,4417,1418,225,150,120,0,0,0,0,19519,5302,3701,1180,440,172,0,0,0,0,0,0,606.436,84.775,3730.582,826.661,0,0,0,212,131,271,608,215,129,511,240,661,270,29,380,212,120,163,166,24,46,0,1,1,0,0,0,0,0,0,0,0,0,1340,0,0,0,0,0,0,0,399,0,0,0,0,0,0,0,1,0,0,0,0,0,0,0,0,0,0,0,0,0,0,0,1.0000,1.0000,7,7,7,0.4021,0.3252,12,0,0
3961,132.0,3008,182,14,2189,819,0,0,777,341.45,0.723,0.614,0.434,0.048,0.518,-0.938,2.519,0.2458,1.8868,0.424,0.010,0.002,0.104,0.023,237,62,58,0,15,0,91797.15,21673.828,15272.877,134.643,7029.674,100.908,16343.894,9162.273,1093.823,12232.563,9786.051,1721.333,56.761,820.620,0.000219,-0.046441,1263,0,5,53,58,5,12647,131,53,133.700,0,0,0,0,0,0,0,0,0,0,0,0,0,0,23388,651,1132,23655.652,15232.526,6998.915,0.051,133.700,8724.326,7817.063,240.300,155,68,52,5,11,15705,108,0,0,0.000,0.000,0.000,0.000,0.000,31.571,3.635,1.333,0,1,1,0,0,52,41,0,0,0.000,0.000,0.000,0.000,0.000,11.860,1.605,0.000,0,2,2,0,0,181,0,0,0,0.000,0.000,0.000,0.000,0.000,0.000,0.000,0.000,0,0,0,0,0,0,0,0,0,0.000,0.000,0.000,0.000,0.000,0.000,0.000,0.000,0,0,0,0,0,0,0,0,0,0.000,0.000,0.000,0.000,0.000,0.000,0.000,0.000,0,0,0,0,0,0,2,0,0,0,0,0,0,0,0,0,0,0,59437,14206,7188,4506,1334,328,150,120,0,0,0,0,22327,6183,3718,1210,380,251,0,0,0,0,0,0,615.406,90.368,4351.810,844.636,0,0,0,199,143,285,668,239,140,528,264,690,263,29,415,226,132,167,205,38,51,0,0,0,0,0,0,0,0,0,0,0,0,1397,0,0,0,0,0,0,0,461,0,0,0,0,0,0,0,0,0,0,0,0,0,0,0,0,0,0,0,0,0,0,0,1.0000,1.0000,9,9,9,0.4026,0.3281,12,0,0
3991,133.0,3168,162,14,2254,914,0,0,877,350.83,0.741,0.631,0.436,0.048,0.508,-0.939,2.520,0.2504,1.8545,0.415,0.008,0.001,0.104,0.027,228,49,83,0,33,0,98626.45,23287.868,18285.187,167.093,8050.613,107.374,17576.476,10155.911,1229.537,12632.501,10106.001,2587.659,41.193,793.563,0.000275,-0.047647,1446,0,10,73,82,10,13526,139,71,165.369,0,0,0,0,0,0,0,0,0,0,0,0,0,0,25920,778,1307,27901.012,18240.709,8010.381,0.035,165.369,9689.408,8745.063,267.122,166,72,46,10,16,13155,75,0,0,0.000,0.000,0.000,0.000,0.000,16.462,1.465,2.396,0,1,1,0,0,82,0,0,0,0.000,0.000,0.000,0.000,0.000,0.000,0.000,0.000,0,0,0,0,0,0,0,0,0,0.000,0.000,0.000,0.000,0.000,0.000,0.000,0.000,0,0,0,0,0,0,0,0,0,0.000,0.000,0.000,0.000,0.000,0.000,0.000,0.000,0,0,0,0,0,0,0,0,0,0.000,0.000,0.000,0.000,0.000,0.000,0.000,0.000,0,0,0,0,0,0,2,0,0,0,0,0,0,0,0,0,0,0,61716,14634,7752,4606,1285,417,150,120,0,0,0,0,24567,6552,3917,1428,425,247,0,0,0,0,0,0,621.921,97.298,4791.760,876.691,0,0,0,264,157,351,792,271,168,538,272,717,271,25,431,249,154,181,207,43,80,0,0,0,0,0,0,0,0,0,0,0,0,1444,0,0,0,0,0,0,0,511,0,0,0,0,0,0,0,0,0,0,0,0,0,0,0,0,0,0,0,0,0,0,0,1.0000,1.0000,8,8,8,0.3889,0.3131,12,0,0
4021,134.0,3326,157,14,2309,1016,0,1,939,346.18,0.761,0.650,0.442,0.048,0.497,-0.939,2.524,0.2498,1.9269,0.398,0.010,0.002,0.104,0.028,208,46,133,0,30,0,103009.72,24630.892,19169.239,269.887,9424.780,97.488,19014.343,11498.703,1369.845,14379.749,11503.800,3979.918,49.458,898.536,0.000215,-0.047713,1648,0,20,113,132,20,13983,134,109,261.525,0,0,0,0,0,0,0,0,0,0,0,0,0,0,28981,814,1514,30148.124,19124.790,9360.344,0.132,261.525,10892.438,9947.320,374.407,185,82,44,20,18,14692,90,0,0,0.000,0.000,0.000,0.000,0.000,20.050,1.210,2.873,0,1,1,0,0,116,23,0,0,0.000,0.000,0.000,0.000,0.000,7.390,0.304,0.000,0,0,0,0,0,0,0,0,0,0.000,0.000,0.000,0.000,0.000,0.000,0.000,0.000,0,0,0,0,0,0,0,0,0,0.000,0.000,0.000,0.000,0.000,0.000,0.000,0.000,0,0,0,0,0,0,0,0,0,0.000,0.000,0.000,0.000,0.000,0.000,0.000,0.000,0,0,0,0,0,0,0,1,0,0,0,0,0,0,0,0,0,0,63603,15127,7644,4660,1305,513,171,120,0,0,0,0,27473,7299,4551,1621,507,330,0,0,0,0,0,0,627.376,95.457,5394.781,1050.100,0,0,0,245,196,385,831,260,187,566,286,739,250,24,444,275,163,194,243,41,100,0,0,0,0,1,0,0,0,0,0,0,0,1457,0,0,0,0,0,0,0,578,0,0,0,0,0,0,0,1,0,0,0,0,0,0,0,0,0,0,0,0,0,0,0,1.0000,1.0000,7,7,7,0.4287,0.2994,11,0,0
4051,135.0,3453,160,13,2367,1085,0,1,1013,296.10,0.769,0.660,0.442,0.047,0.492,-0.939,2.541,0.2514,1.8378,0.393,0.008,0.004,0.103,0.029,213,73,111,0,44,0,107870.57,25929.086,19328.683,189.402,10505.117,86.658,20229.803,12062.976,1480.824,13872.431,11097.945,3041.382,13.087,983.764,0.000190,-0.047313,1973,0,19,92,110,19,14363,216,89,186.853,0,0,0,0,0,0,0,0,0,0,0,0,0,0,31550,824,1757,31533.383,19303.836,10462.356,0.099,186.853,11888.074,10427.267,413.613,183,118,67,19,32,21725,117,0,0,0.000,0.000,0.000,0.000,0.000,25.770,2.928,0.025,0,0,0,0,0,0,30,0,0,0.000,0.000,0.000,0.000,0.000,9.636,0.339,0.000,0,0,0,0,0,0,0,0,0,0.000,0.000,0.000,0.000,0.000,0.000,0.000,0.000,0,0,0,0,0,0,0,0,0,0.000,0.000,0.000,0.000,0.000,0.000,0.000,0.000,0,0,0,0,0,0,0,0,0,0.000,0.000,0.000,0.000,0.000,0.000,0.000,0.000,0,0,0,0,0,0,4,0,0,0,0,0,0,0,0,0,0,0,65206,15657,7752,4682,1341,636,204,132,0,0,0,0,29935,7622,4962,1762,551,458,0,0,0,0,0,0,649.669,100.314,5500.855,1154.720,0,0,0,276,171,396,840,262,174,584,276,782,260,18,447,278,178,235,256,53,85,0,0,0,0,1,0,0,0,0,0,0,0,1507,0,0,0,0,0,0,0,629,0,0,0,0,0,0,0,1,0,0,0,0,0,0,0,0,0,0,0,0,0,0,0,1.0000,1.0000,8,8,8,0.4420,0.3184,11,0,0
4081,136.0,3647,149,13,2408,1237,0,2,1117,360.87,0.794,0.686,0.445,0.046,0.476,-0.940,2.543,0.2541,1.9099,0.396,0.007,0.003,0.103,0.032,229,58,125,0,46,0,113066.16,27273.628,21889.010,218.362,11647.747,92.748,21501.678,13186.188,1622.373,17233.695,13786.956,3454.260,19.155,955.010,0.000238,-0.049734,2068,0,19,106,121,19,15527,136,100,214.398,0,0,0,0,0,0,0,0,0,0,0,0,0,0,34588,927,1930,35336.507,21875.877,11575.004,0.148,214.398,13033.642,11448.016,481.838,250,100,55,19,26,17104,152,0,2,10.772,0.000,6.699,0.000,0.000,33.224,6.860,0.013,0,0,0,0,0,0,34,0,0,0.000,0.000,0.000,0.000,0.000,10.328,0.507,0.000,0,0,0,0,0,0,0,0,0,0.000,0.000,0.000,0.000,0.000,0.000,0.000,0.000,0,0,0,0,0,0,0,0,0,0.000,0.000,0.000,0.000,0.000,0.000,0.000,0.000,0,0,0,0,0,0,0,0,0,0.000,0.000,0.000,0.000,0.000,0.000,0.000,0.000,0,0,0,0,0,0,2,1,0,0,0,0,0,0,0,0,0,0,66340,16395,7807,4775,1363,597,210,104,0,0,0,0,32895,8355,5390,1879,880,390,0,0,0,0,0,0,676.854,96.512,6075.770,1275.371,0,0,0,290,197,441,939,303,194,604,291,771,262,17,463,328,212,286,268,56,87,0,0,0,1,1,0,0,0,0,0,0,0,1513,0,0,0,0,0,0,0,697,0,0,0,0,0,0,0,2,0,0,0,0,0,0,0,0,0,0,0,0,0,0,0,1.0000,1.0000,9,9,9,0.4538,0.3189,12,0,0
4111,137.0,3822,111,13,2468,1352,0,2,1229,312.05,0.810,0.699,0.449,0.046,0.468,-0.941,2.547,0.2541,1.9232,0.396,0.007,0.004,0.103,0.033,192,72,122,0,44,0,117287.64,29140.924,22728.161,230.362,12816.271,81.739,23201.551,14620.307,1802.798,16442.666,13154.133,3822.529,64.141,1078.114,0.000179,-0.051334,2310,0,20,102,122,20,16279,128,97,225.126,0,0,0,0,0,0,0,11,4,0,0,0,0,0,38321,962,2182,37489.680,22703.303,12771.814,0.111,225.126,14488.465,12761.528,552.870,226,114,68,20,26,21428,235,0,0,0.000,0.000,0.000,0.000,0.000,47.793,7.544,0.507,0,0,0,0,0,0,67,0,0,0.000,0.000,0.000,0.000,0.000,15.093,1.682,0.047,0,1,1,0,0,95,0,0,0,0.000,0.000,0.000,0.000,0.000,0.000,0.000,0.000,0,0,0,0,0,0,0,0,0,0.000,0.000,0.000,0.000,0.000,0.000,0.000,0.000,0,0,0,0,0,0,0,0,0,0.000,0.000,0.000,0.000,0.000,0.000,0.000,0.000,0,0,0,0,0,0,3,1,0,0,0,0,0,0,0,0,0,0,68278,16969,8208,4822,1486,559,210,70,0,0,0,0,36444,9248,6351,2179,1161,357,0,0,0,0,0,0,705.845,100.731,6793.692,1468.682,0,0,0,284,204,451,977,298,217,642,289,768,268,19,482,368,236,317,268,51,112,0,0,0,1,0,1,0,0,0,0,0,0,1537,0,0,0,0,0,0,0,748,0,0,0,0,0,0,0,2,0,0,0,0,0,0,0,0,0,0,0,0,0,0,0,1.0000,1.0000,7,7,7,0.4514,0.3366,11,1,0
4141,138.0,3938,130,13,2486,1448,0,4,1343,348.09,0.826,0.713,0.454,0.048,0.459,-0.941,2.554,0.2553,1.8712,0.378,0.006,0.002,0.102,0.035,191,86,166,0,60,0,120328.52,30267.238,24283.847,283.928,14067.715,78.476,24705.455,15802.640,1972.524,17305.525,13844.420,4528.315,13.693,1310.406,0.000321,-0.054829,2566,0,26,140,164,26,16941,154,134,277.073,0,0,0,0,0,0,0,1,0,0,0,0,0,0,41857,1029,2411,40480.800,24259.533,14033.582,0.101,277.073,15869.517,13789.964,648.851,242,146,79,26,41,23284,243,0,1,0.649,0.000,0.450,0.000,0.000,44.705,11.910,0.709,0,2,2,0,0,223,93,0,0,0.000,0.000,0.000,0.000,0.000,22.518,2.980,0.000,0,0,0,0,0,0,0,0,0,0.000,0.000,0.000,0.000,0.000,0.000,0.000,0.000,0,0,0,0,0,0,0,0,0,0.000,0.000,0.000,0.000,0.000,0.000,0.000,0.000,0,0,0,0,0,0,0,0,0,0.000,0.000,0.000,0.000,0.000,0.000,0.000,0.000,0,0,0,0,0,0,2,2,0,0,0,0,0,0,0,0,0,0,69356,17991,8431,4720,1455,573,210,30,0,0,0,0,39864,9800,7105,2329,1249,396,0,0,0,0,0,0,740.403,106.691,7173.353,1661.590,0,0,0,359,205,499,1044,338,203,653,312,753,272,15,481,367,263,344,300,52,122,0,0,2,1,0,1,0,0,0,0,0,0,1521,0,0,0,0,0,0,0,818,0,0,0,0,0,0,0,4,0,0,0,0,0,0,0,0,0,0,0,0,0,0,0,1.0000,1.0000,7,7,7,0.4792,0.3419,11,1,0
4171,139.0,4061,136,13,2504,1553,0,4,1445,319.62,0.843,0.726,0.456,0.048,0.450,-0.940,2.560,0.2530,1.8831,0.379,0.006,0.001,0.102,0.036,187,84,162,0,69,0,123685.75,30875.155,26459.337,251.259,14360.204,83.630,25998.552,16721.454,2169.841,17970.434,14376.348,4391.616,0.294,1352.667,0.000274,-0.054703,2795,0,28,134,161,28,16943,252,131,248.048,0,0,0,0,0,0,0,21,2,1,0,0,1,0,44778,1124,2543,43133.722,26437.825,14302.491,0.162,248.048,17074.787,14664.542,678.218,258,155,75,28,52,27072,286,1,0,7.500,3.663,0.000,0.000,0.000,51.781,18.023,1.683,0,1,1,0,0,142,120,0,0,0.000,0.000,0.000,0.000,0.000,31.322,3.840,0.035,0,0,0,0,0,0,0,0,0,0.000,0.000,0.000,0.000,0.000,0.000,0.000,0.000,0,0,0,0,0,0,0,0,0,0.000,0.000,0.000,0.000,0.000,0.000,0.000,0.000,0,0,0,0,0,0,0,0,0,0.000,0.000,0.000,0.000,0.000,0.000,0.000,0.000,0,0,0,0,0,0,3,0,0,0,0,0,0,0,0,0,0,0,69732,18338,9146,4842,1581,562,156,2,0,0,0,0,42654,10276,7997,2530,1338,469,0,0,0,0,0,0,753.229,117.197,7655.709,1814.276,0,0,0,368,255,522,1139,367,248,675,329,722,267,16,495,408,284,350,338,48,125,0,0,2,1,0,1,0,0,0,0,0,0,1500,0,0,0,0,0,0,0,861,0,0,0,0,0,0,0,4,0,0,0,0,0,0,0,0,0,0,0,0,0,0,0,1.0000,1.0000,7,7,7,0.4257,0.3082,10,0,0
4201,140.0,4214,104,12,2566,1646,0,2,1568,308.15,0.853,0.734,0.456,0.048,0.446,-0.943,2.576,0.2553,1.8843,0.372,0.006,0.001,0.102,0.037,194,104,124,0,77,0,128795.12,32694.580,28464.897,196.929,16040.829,80.536,27252.817,17878.649,2369.729,18799.592,15039.674,3669.397,28.590,1287.938,0.000222,-0.054858,3054,0,29,95,124,29,17935,156,93,193.594,0,0,0,0,0,0,0,30,25,2,0,0,2,0,47657,1204,2896,46896.410,28448.431,15992.414,0.293,193.594,18223.609,15781.994,680.812,273,178,96,29,53,33666,259,0,2,11.152,0.000,6.936,0.000,0.000,45.820,18.149,1.031,0,3,2,0,1,395,89,0,0,0.000,0.000,0.000,0.000,0.000,23.311,2.570,0.153,0,2,1,0,1,159,0,0,0,0.000,0.000,0.000,0.000,0.000,0.000,0.000,0.000,0,0,0,0,0,0,0,0,0,0.000,0.000,0.000,0.000,0.000,0.000,0.000,0.000,0,0,0,0,0,0,0,0,0,0.000,0.000,0.000,0.000,0.000,0.000,0.000,0.000,0,0,0,0,0,0,1,0,0,0,0,0,0,0,0,0,0,0,70560,19001,9469,5089,1648,635,150,0,0,0,0,0,45138,11357,8456,2867,1241,595,0,0,0,0,0,0,781.442,124.428,8422.411,1931.227,0,0,0,370,271,543,1216,405,258,707,350,701,269,24,515,427,323,372,337,55,132,0,0,1,1,0,0,0,0,0,0,0,0,1509,0,0,0,0,0,0,0,896,0,0,0,0,0,0,0,2,0,0,0,0,0,0,0,0,0,0,0,0,0,0,0,1.0000,1.0000,8,8,8,0.4054,0.3034,11,0,0
4231,141.0,4292,124,12,2579,1711,0,2,1697,331.77,0.862,0.742,0.457,0.049,0.441,-0.943,2.589,0.2532,1.8959,0.369,0.007,0.002,0.101,0.038,163,95,166,0,102,0,131164.78,33958.164,28321.292,276.224,16802.590,79.878,28409.165,19068.110,2591.755,17791.443,14233.154,5096.696,0.000,1462.009,0.000200,-0.054261,3260,0,30,136,166,30,18023,202,132,271.082,0,0,0,0,0,0,0,23,18,5,0,0,5,0,50173,1195,3057,47503.928,28288.122,16729.388,0.314,271.082,19247.485,16863.179,745.897,250,188,88,30,70,29177,214,0,1,5.159,0.000,3.209,0.000,0.000,38.124,15.254,0.620,0,1,1,0,0,84,60,0,0,0.000,0.000,0.000,0.000,0.000,11.521,1.153,0.153,0,0,0,0,0,0,0,0,0,0.000,0.000,0.000,0.000,0.000,0.000,0.000,0.000,0,0,0,0,0,0,0,0,0,0.000,0.000,0.000,0.000,0.000,0.000,0.000,0.000,0,0,0,0,0,0,0,0,0,0.000,0.000,0.000,0.000,0.000,0.000,0.000,0.000,0,0,0,0,0,0,4,0,0,0,0,0,0,0,0,0,0,0,71868,19587,9879,5164,1814,534,150,0,0,0,0,0,47295,12534,8506,3152,953,915,0,0,0,0,0,0,826.614,129.974,9099.066,1954.539,0,0,0,402,279,563,1224,400,273,725,343,689,271,26,525,474,321,367,351,43,155,0,0,1,1,0,0,0,0,0,0,0,0,1511,0,0,0,0,0,0,0,916,0,0,0,0,0,0,0,2,0,0,0,0,0,0,0,0,0,0,0,0,0,0,0,1.0000,1.0000,7,7,7,0.4303,0.3246,9,0,0
4261,142.0,4360,130,12,2556,1804,0,0,1828,325.76,0.881,0.757,0.464,0.049,0.431,-0.945,2.602,0.2508,1.8914,0.375,0.009,0.001,0.102,0.039,187,104,190,1,83,0,134041.30,34897.368,30614.724,318.354,17398.383,67.451,29378.944,20283.457,2793.546,18838.908,15071.127,5337.285,32.652,1360.254,0.000186,-0.052539,3558,0,36,154,189,36,18196,218,153,316.866,0,0,0,0,0,0,0,4,0,0,0,0,0,0,52591,1295,3340,50569.040,30603.716,17380.838,0.212,316.866,20243.635,18075.361,725.572,286,193,98,36,59,32041,163,0,0,0.000,0.000,0.000,0.000,0.000,29.206,9.462,0.085,0,3,3,0,0,455,18,0,0,0.000,0.000,0.000,0.000,0.000,3.269,0.308,0.000,0,2,1,0,1,280,0,0,0,0.000,0.000,0.000,0.000,0.000,0.000,0.000,0.000,0,0,0,0,0,0,0,0,0,0.000,0.000,0.000,0.000,0.000,0.000,0.000,0.000,0,0,0,0,0,0,0,0,0,0.000,0.000,0.000,0.000,0.000,0.000,0.000,0.000,0,0,0,0,0,0,3,0,0,0,0,0,0,0,0,0,0,0,71741,20263,9751,5083,1807,440,136,0,0,0,0,0,49563,13614,8972,3209,858,642,0,0,0,0,0,0,859.559,126.256,9787.623,2066.007,0,0,0,449,289,589,1321,434,284,746,330,659,281,24,516,484,318,404,372,55,171,0,0,0,0,0,0,0,0,0,0,0,0,1480,0,0,0,0,0,0,0,1002,0,0,0,0,0,0,0,0,0,0,0,0,0,0,0,0,0,0,0,0,0,0,0,1.0000,1.0000,7,7,7,0.4044,0.2943,8,0,0
4291,143.0,4468,92,12,2555,1911,0,2,1940,330.38,0.898,0.771,0.468,0.049,0.422,-0.946,2.616,0.2515,1.8288,0.375,0.008,0.003,0.102,0.041,172,94,153,0,104,0,136636.66,35974.292,30643.508,315.598,18235.381,78.133,30533.452,20903.287,2995.477,19257.864,15406.291,4734.180,48.847,1271.228,0.000323,-0.053469,3673,0,18,135,150,18,18570,164,130,311.588,0,0,0,0,0,0,0,0,0,0,0,0,0,0,55205,1294,3509,51400.048,30636.975,18189.413,0.117,311.588,21374.350,18623.199,778.023,286,180,84,18,78,36578,128,0,0,0.000,0.000,0.000,0.000,0.000,26.092,3.809,0.000,0,1,1,0,0,101,50,0,0,0.000,0.000,0.000,0.000,0.000,14.976,3.439,0.000,0,0,0,0,0,0,0,0,0,0.000,0.000,0.000,0.000,0.000,0.000,0.000,0.000,0,0,0,0,0,0,0,0,0,0.000,0.000,0.000,0.000,0.000,0.000,0.000,0.000,0,0,0,0,0,0,0,0,0,0.000,0.000,0.000,0.000,0.000,0.000,0.000,0.000,0,0,0,0,0,0,2,2,0,0,0,0,0,0,0,0,0,0,71595,20461,9602,4973,1753,368,120,0,0,0,0,0,52043,13934,9364,3340,667,640,0,0,0,0,0,0,882.967,127.959,9832.697,2149.174,0,0,0,410,287,569,1304,429,298,739,334,663,285,28,506,509,336,414,410,59,183,0,0,0,1,1,0,0,0,0,0,0,0,1482,0,0,0,0,0,0,0,1066,0,0,0,0,0,0,0,2,0,0,0,0,0,0,0,0,0,0,0,0,0,0,0,1.0000,1.0000,7,7,7,0.3701,0.2818,8,0,0
4321,144.0,4582,102,12,2593,1988,0,1,2019,267.98,0.904,0.776,0.475,0.049,0.418,-0.946,2.618,0.2480,1.8532,0.368,0.007,0.002,0.102,0.042,175,101,146,0,117,0,139095.22,36423.580,32529.479,277.564,18557.487,83.734,31805.858,21888.940,3172.239,19736.921,15789.537,4566.396,13.560,1377.685,0.000357,-0.055856,3878,0,26,120,145,26,18994,201,117,273.420,0,0,0,0,0,0,0,0,0,0,0,0,0,0,58068,1376,3677,53761.783,32519.982,18543.826,0.158,273.420,22583.914,19552.035,842.828,285,211,96,25,90,37277,135,0,0,0.000,0.000,0.000,0.000,0.000,28.166,2.608,0.000,0,1,0,1,0,222,59,0,0,0.000,0.000,0.000,0.000,0.000,18.504,4.154,0.000,0,1,1,0,0,50,0,0,0,0.000,0.000,0.000,0.000,0.000,0.000,0.000,0.000,0,0,0,0,0,0,0,0,0,0.000,0.000,0.000,0.000,0.000,0.000,0.000,0.000,0,0,0,0,0,0,0,0,0,0.000,0.000,0.000,0.000,0.000,0.000,0.000,0.000,0,0,0,0,0,0,4,0,0,0,0,0,0,0,0,0,0,0,71943,20842,9735,4925,1850,211,125,0,0,0,0,0,54960,14576,10028,3302,532,683,0,0,0,0,0,0,894.299,127.975,10209.695,2266.153,0,0,0,489,305,602,1386,498,296,777,340,669,295,28,484,510,389,410,431,59,189,0,0,0,1,0,0,0,0,0,0,0,0,1476,0,0,0,0,0,0,0,1089,0,0,0,0,0,0,0,1,0,0,0,0,0,0,0,0,0,0,0,0,0,0,0,1.0000,1.0000,7,7,7,0.3812,0.2856,8,0,0
4351,145.0,4603,107,15,2577,2025,0,1,2140,322.21,0.912,0.782,0.478,0.049,0.415,-0.947,2.634,0.2456,1.8559,0.364,0.007,0.001,0.101,0.043,169,113,176,0,126,0,139419.00,37161.685,31658.835,302.111,19085.542,82.262,32770.897,22459.367,3363.181,18034.242,14427.394,5176.138,54.847,1367.570,0.000284,-0.057417,4050,0,29,147,175,28,19256,201,147,300.246,0,0,0,0,0,0,0,0,0,0,0,0,0,0,60180,1335,3849,53349.332,31622.434,19056.830,0.287,300.246,23484.562,20023.997,945.795,263,224,104,28,92,43467,178,0,0,0.000,0.000,0.000,0.000,0.000,40.256,6.936,0.000,0,2,1,1,0,140,30,0,0,0.000,0.000,0.000,0.000,0.000,6.535,1.934,0.000,0,0,0,0,0,0,0,0,0,0.000,0.000,0.000,0.000,0.000,0.000,0.000,0.000,0,0,0,0,0,0,0,0,0,0.000,0.000,0.000,0.000,0.000,0.000,0.000,0.000,0,0,0,0,0,0,0,0,0,0.000,0.000,0.000,0.000,0.000,0.000,0.000,0.000,0,0,0,0,0,0,0,0,0,0,0,0,0,0,0,0,0,0,72203,21058,10102,4916,1833,140,120,0,0,0,0,0,57071,15057,10849,3317,593,690,0,0,0,0,0,0,913.215,131.347,10526.527,2462.885,0,0,0,442,285,622,1344,443,273,759,350,695,312,25,436,530,386,444,436,74,155,0,0,1,0,0,0,0,0,0,0,0,0,1468,0,0,0,0,0,0,0,1109,0,0,0,0,0,0,0,1,0,0,0,0,0,0,0,0,0,0,0,0,0,0,0,1.0000,1.0000,8,8,8,0.3762,0.3182,9,0,0
4381,146.0,4643,81,15,2567,2075,0,1,2318,308.14,0.921,0.788,0.483,0.049,0.411,-0.947,2.642,0.2448,1.8362,0.361,0.006,0.001,0.101,0.045,173,108,168,0,141,0,142110.56,37892.922,34547.455,290.725,19954.851,75.984,33296.001,22845.416,3603.735,19113.008,15290.406,5127.194,8.459,1336.127,0.000203,-0.057613,4128,0,25,143,166,25,19759,97,140,285.042,0,0,0,0,0,0,0,0,0,0,0,0,0,0,61260,1461,4031,57343.091,34541.809,19939.742,0.136,285.042,24050.522,20433.604,986.225,284,234,102,25,107,43601,109,0,0,0.000,0.000,0.000,0.000,0.000,25.220,5.223,0.000,0,2,1,0,1,179,39,0,0,0.000,0.000,0.000,0.000,0.000,7.609,1.758,0.000,0,1,0,0,1,110,0,0,0,0.000,0.000,0.000,0.000,0.000,0.000,0.000,0.000,0,0,0,0,0,0,0,0,0,0.000,0.000,0.000,0.000,0.000,0.000,0.000,0.000,0,0,0,0,0,0,0,0,0,0.000,0.000,0.000,0.000,0.000,0.000,0.000,0.000,0,0,0,0,0,0,2,1,0,0,0,0,0,0,0,0,0,0,71863,20753,10371,5010,1797,140,120,0,0,0,0,0,58180,15471,11502,3228,667,628,0,0,0,0,0,0,868.368,132.943,10873.246,2591.505,0,0,0,488,333,628,1475,512,340,755,353,711,307,29,412,569,379,449,453,64,161,0,0,1,0,0,0,0,0,0,0,0,0,1459,0,0,0,0,0,0,0,1127,0,0,0,0,0,0,0,1,0,0,0,0,0,0,0,0,0,0,0,0,0,0,0,1.0000,1.0000,9,9,9,0.3588,0.2969,9,0,0
4411,147.0,4717,94,15,2606,2110,0,1,2423,281.68,0.922,0.787,0.485,0.048,0.412,-0.948,2.650,0.2428,1.8387,0.364,0.005,0.000,0.100,0.047,181,104,149,0,160,0,143195.27,38666.066,33291.346,246.913,20030.206,75.958,34115.546,23449.387,3878.053,20089.544,16071.636,4263.823,29.072,1365.836,0.000190,-0.057228,4243,0,23,126,148,23,19646,142,123,243.535,0,0,0,0,0,0,0,7,0,0,0,0,0,0,62929,1402,4101,56003.448,33267.358,20002.368,0.121,243.535,24782.327,21002.723,1022.901,286,251,98,23,130,48332,134,0,0,0.000,0.000,0.000,0.000,0.000,31.774,9.626,0.000,0,1,0,0,1,101,30,0,0,0.000,0.000,0.000,0.000,0.000,5.050,0.441,0.000,0,0,0,0,0,0,0,0,0,0.000,0.000,0.000,0.000,0.000,0.000,0.000,0.000,0,0,0,0,0,0,0,0,0,0.000,0.000,0.000,0.000,0.000,0.000,0.000,0.000,0,0,0,0,0,0,0,0,0,0.000,0.000,0.000,0.000,0.000,0.000,0.000,0.000,0,0,0,0,0,0,1,0,0,0,0,0,0,0,0,0,0,0,72301,20969,10480,5206,1874,237,78,0,0,0,0,0,59854,16130,11508,3239,632,684,0,0,0,0,0,0,864.310,135.207,11220.788,2593.798,0,0,0,440,326,668,1421,430,321,767,362,736,301,35,405,545,423,425,476,66,175,0,0,1,0,0,0,0,0,0,0,0,0,1477,0,0,0,0,0,0,0,1142,0,0,0,0,0,0,0,1,0,0,0,0,0,0,0,0,0,0,0,0,0,0,0,1.0000,1.0000,9,9,9,0.3781,0.3018,9,0,0
4441,148.0,4750,86,15,2593,2156,0,1,2443,317.39,0.930,0.792,0.493,0.048,0.407,-0.950,2.666,0.2391,1.8513,0.369,0.005,0.000,0.099,0.047,150,112,171,0,167,0,146653.42,40480.801,35586.871,252.492,20599.462,83.591,34496.445,23354.817,3934.866,20547.979,16438.383,5582.601,11.724,1371.964,0.000219,-0.056627,4370,0,35,136,169,35,19769,89,133,250.719,0,0,0,0,0,0,0,6,0,0,0,0,0,0,63571,1496,4281,58941.214,35581.884,20584.269,0.343,250.719,25130.371,20917.287,1048.401,310,263,98,35,130,51576,83,0,0,0.000,0.000,0.000,0.000,0.000,18.516,4.771,0.000,0,2,1,0,1,107,30,0,0,0.000,0.000,0.000,0.000,0.000,5.047,0.426,0.000,0,0,0,0,0,0,0,0,0,0.000,0.000,0.000,0.000,0.000,0.000,0.000,0.000,0,0,0,0,0,0,0,0,0,0.000,0.000,0.000,0.000,0.000,0.000,0.000,0.000,0,0,0,0,0,0,0,0,0,0.000,0.000,0.000,0.000,0.000,0.000,0.000,0.000,0,0,0,0,0,0,1,0,0,0,0,0,0,0,0,0,0,0,72308,21199,10175,5423,1884,336,60,0,0,0,0,0,60452,15217,11601,3232,712,744,0,0,0,0,0,0,851.907,127.730,10757.838,2647.077,0,0,0,503,312,690,1513,501,322,764,343,761,290,36,399,555,405,459,488,90,159,0,0,1,0,0,0,0,0,0,0,0,0,1486,0,0,0,0,0,0,0,1196,0,0,0,0,0,0,0,1,0,0,0,0,0,0,0,0,0,0,0,0,0,0,0,1.0000,1.0000,9,9,9,0.4220,0.3014,10,0,0
4471,149.0,4833,97,15,2642,2188,0,3,2534,288.85,0.931,0.791,0.495,0.049,0.409,-0.950,2.668,0.2365,1.8407,0.364,0.006,0.000,0.099,0.048,166,98,147,0,174,0,148388.75,40537.246,34695.423,237.254,21186.451,74.727,35381.826,23997.633,4040.554,20616.655,16493.324,4791.899,3.608,1395.741,0.000187,-0.056349,4414,0,29,118,147,29,20034,87,118,233.540,0,0,0,0,0,0,0,12,0,0,0,0,0,0,65385,1462,4327,58663.490,34676.026,21175.148,0.243,233.540,25891.933,21548.505,1063.452,290,260,92,29,139,50811,97,0,0,0.000,0.000,0.000,0.000,0.000,18.297,4.582,0.000,0,1,1,0,0,81,74,0,0,0.000,0.000,0.000,0.000,0.000,12.851,4.616,0.000,0,0,0,0,0,0,0,0,0,0.000,0.000,0.000,0.000,0.000,0.000,0.000,0.000,0,0,0,0,0,0,0,0,0,0.000,0.000,0.000,0.000,0.000,0.000,0.000,0.000,0,0,0,0,0,0,0,0,0,0.000,0.000,0.000,0.000,0.000,0.000,0.000,0.000,0,0,0,0,0,0,3,2,0,0,0,0,0,0,0,0,0,0,72617,21230,9693,5795,1875,487,60,0,0,0,0,0,62303,16096,11932,3253,727,773,0,0,0,0,0,0,840.288,124.939,11402.438,2671.365,0,0,0,459,343,689,1480,463,336,778,331,778,300,37,418,550,410,484,502,73,169,1,0,1,1,0,0,0,0,0,0,0,0,1533,0,0,0,0,0,0,0,1228,0,0,0,0,0,0,0,2,0,0,0,0,0,0,0,0,0,0,0,0,0,0,0,1.0000,1.0000,10,10,10,0.4059,0.2999,10,0,0
4501,150.0,4896,65,14,2643,2250,0,3,2617,320.20,0.940,0.796,0.495,0.049,0.404,-0.950,2.676,0.2369,1.7840,0.361,0.005,0.000,0.098,0.050,164,103,169,0,185,0,150581.56,40828.383,36303.227,290.179,22219.685,73.743,35984.540,24067.681,4182.503,21908.046,17526.437,5106.602,0.000,1506.045,0.000234,-0.055111,4584,0,23,146,167,23,19796,129,143,286.894,0,0,0,0,0,0,0,9,1,0,0,0,0,0,66398,1524,4455,61354.834,36294.825,22206.691,0.140,286.894,26359.293,21591.059,1081.677,320,261,97,23,141,56470,131,0,0,0.000,0.000,0.000,0.000,0.000,27.489,8.100,0.579,0,0,0,0,0,0,90,0,0,0.000,0.000,0.000,0.000,0.000,15.746,5.899,0.007,0,0,0,0,0,0,0,0,0,0.000,0.000,0.000,0.000,0.000,0.000,0.000,0.000,0,0,0,0,0,0,0,0,0,0.000,0.000,0.000,0.000,0.000,0.000,0.000,0.000,0,0,0,0,0,0,0,0,0,0.000,0.000,0.000,0.000,0.000,0.000,0.000,0.000,0,0,0,0,0,0,3,0,0,0,0,0,0,0,0,0,0,0,73438,21475,9485,5869,1830,580,60,0,0,0,0,0,63321,15503,11579,3298,903,693,0,0,0,0,0,0,837.474,124.333,11125.992,2555.272,0,0,0,526,323,660,1541,546,325,784,339,758,300,39,423,564,413,512,511,83,167,0,1,1,1,0,0,0,0,0,0,0,0,1520,0,0,0,0,0,0,0,1273,0,0,0,0,0,0,0,2,0,0,0,0,0,0,0,0,0,0,0,0,0,0,0,1.0000,1.0000,9,9,9,0.3597,0.2972,9,0,0
4531,151.0,4952,75,14,2664,2283,1,4,2729,294.65,0.942,0.796,0.497,0.048,0.404,-0.949,2.702,0.2349,1.8277,0.353,0.006,0.000,0.098,0.051,176,105,152,0,176,0,151134.25,40867.133,34933.985,254.401,22226.191,77.045,36566.743,24149.823,4331.460,20394.030,16315.224,4828.031,0.097,1547.869,0.000187,-0.056038,4860,0,28,124,151,28,19394,204,122,247.161,0,0,0,0,0,0,0,0,0,0,0,0,0,0,67706,1466,4656,59869.607,34925.846,22199.263,0.119,247.161,26929.980,21686.708,1061.612,295,264,97,28,139,57577,168,0,0,0.000,0.000,0.000,0.000,0.000,36.279,12.024,2.042,0,1,1,0,0,55,94,0,0,0.000,0.000,0.000,0.000,0.000,16.498,3.687,0.000,0,0,0,0,0,0,0,0,0,0.000,0.000,0.000,0.000,0.000,0.000,0.000,0.000,0,0,0,0,0,0,0,0,0,0.000,0.000,0.000,0.000,0.000,0.000,0.000,0.000,0,0,0,0,0,0,15,0,0,0.000,0.000,0.000,0.000,0.000,1.069,0.681,0.000,0,0,0,0,0,0,3,1,1,0,0,0,0,0,0,0,0,0,73442,21953,9433,5914,1767,631,60,0,0,0,0,0,64914,15685,12288,3069,954,669,0,0,0,0,0,0,850.215,119.539,11174.771,2740.992,0,0,0,475,331,687,1483,472,318,791,340,788,290,41,414,549,480,510,496,73,175,0,1,2,0,0,1,0,0,0,0,0,1,1533,0,0,0,0,0,0,0,1254,0,0,0,0,0,0,0,3,0,0,0,0,0,0,0,1,0,0,0,0,0,0,0,1.0000,1.0000,9,9,9,0.3653,0.2751,9,0,0
4561,152.0,5023,77,14,2710,2309,0,4,2860,280.11,0.939,0.795,0.499,0.049,0.406,-0.951,2.718,0.2355,1.8348,0.353,0.006,0.000,0.098,0.051,167,103,107,0,190,0,152301.86,41433.973,35694.534,179.756,22299.034,71.082,37392.827,24758.379,4511.058,19673.717,15738.974,4016.682,0.000,1526.961,0.000230,-0.056121,5015,0,23,84,107,23,19666,259,82,176.830,0,0,0,0,0,0,0,23,13,0,0,0,0,0,69178,1503,4755,60853.270,35665.829,22265.384,0.141,176.830,27591.209,22244.750,1096.359,285,260,99,22,139,56129,180,0,0,0.000,0.000,0.000,0.000,0.000,37.791,18.492,1.515,0,2,2,0,0,105,126,1,1,28.820,10.347,1.581,0.000,0.000,27.231,8.411,0.613,0,1,0,0,1,91,0,0,0,0.000,0.000,0.000,0.000,0.000,0.000,0.000,0.000,0,0,0,0,0,0,0,0,0,0.000,0.000,0.000,0.000,0.000,0.000,0.000,0.000,0,0,0,0,0,0,28,0,0,0.000,0.000,0.000,0.000,0.000,1.995,1.258,0.000,0,1,0,1,0,43,3,1,0,0,0,0,0,0,0,0,0,0,74591,22349,9497,6080,1787,689,60,0,0,0,0,0,66708,16254,13357,2804,905,752,0,0,0,0,0,0,856.244,117.957,11597.409,2982.951,0,0,0,492,355,685,1530,495,359,822,332,801,302,44,409,567,472,525,502,74,169,1,1,1,0,0,1,0,0,0,0,0,0,1556,0,0,0,0,0,0,0,1270,0,0,0,0,0,0,0,2,0,0,0,0,0,0,0,0,0,0,0,0,0,0,0,1.0000,1.0000,9,9,9,0.3517,0.3214,9,0,0
4591,153.0,5042,72,14,2719,2320,0,3,2875,312.67,0.941,0.794,0.501,0.050,0.406,-0.951,2.734,0.2362,1.8162,0.363,0.004,0.001,0.097,0.052,175,82,137,0,238,0,152077.19,42287.564,34911.493,213.415,23234.413,63.814,37712.327,24510.035,4667.864,20292.848,16234.279,5018.077,55.765,1614.518,0.000242,-0.055553,5211,0,29,108,136,29,19643,287,107,213.077,0,0,0,0,0,0,0,25,5,1,0,0,0,1,69611,1467,4923,60932.240,34891.493,23205.255,0.186,213.077,27841.300,21959.099,1124.228,304,295,79,29,187,59125,140,0,0,0.000,0.000,0.000,0.000,0.000,26.296,9.381,1.821,0,1,0,0,1,87,110,0,1,5.532,0.000,2.290,0.000,0.000,23.262,7.563,0.196,0,1,1,0,0,45,0,0,0,0.000,0.000,0.000,0.000,0.000,0.000,0.000,0.000,0,0,0,0,0,0,0,0,0,0.000,0.000,0.000,0.000,0.000,0.000,0.000,0.000,0,0,0,0,0,0,0,0,0,0.000,0.000,0.000,0.000,0.000,0.000,0.000,0.000,0,0,0,0,0,0,3,0,0,0,0,0,0,0,0,0,0,0,75407,22867,9257,6092,1876,703,60,0,0,0,0,0,67420,15677,13416,2441,793,690,0,0,0,0,0,0,888.302,115.804,11068.831,2946.137,0,0,0,462,330,689,1486,465,328,823,332,827,313,46,378,542,463,500,532,84,199,1,0,1,0,0,1,0,0,0,0,0,0,1564,0,0,0,0,0,0,0,1315,0,0,0,0,0,0,0,2,0,0,0,0,0,0,0,0,0,0,0,0,0,0,0,1.0000,1.0000,9,9,9,0.3537,0.2919,9,0,0
4621,154.0,5076,77,14,2753,2322,0,1,2949,318.42,0.935,0.791,0.505,0.050,0.409,-0.952,2.751,0.2371,1.7855,0.359,0.005,0.000,0.097,0.053,165,96,147,0,194,0,150596.80,42373.246,33577.754,236.792,24011.983,69.905,37760.513,24506.157,4733.292,19533.091,15626.473,5115.683,71.698,1574.208,0.000201,-0.056152,5531,0,32,115,147,32,19703,294,115,236.663,0,0,0,0,0,0,0,2,0,0,0,0,0,0,69363,1406,5237,60236.228,33563.054,23991.001,0.129,236.663,27816.927,21935.725,1146.539,282,282,92,32,158,63851,184,0,0,0.000,0.000,0.000,0.000,0.000,41.412,16.647,0.898,0,1,0,0,1,89,55,0,0,0.000,0.000,0.000,0.000,0.000,9.659,4.353,0.000,0,2,1,0,1,233,0,0,0,0.000,0.000,0.000,0.000,0.000,0.000,0.000,0.000,0,0,0,0,0,0,0,0,0,0.000,0.000,0.000,0.000,0.000,0.000,0.000,0.000,0,0,0,0,0,0,0,0,0,0.000,0.000,0.000,0.000,0.000,0.000,0.000,0.000,0,0,0,0,0,0,3,0,0,0,0,0,0,0,0,0,0,0,76238,22876,9444,5829,1816,693,60,0,0,0,0,0,67378,16057,12594,2224,755,543,0,0,0,0,0,0,880.537,123.023,11245.396,2747.718,0,0,0,453,312,665,1425,450,312,828,340,848,314,44,379,573,420,516,524,96,193,0,0,0,0,0,1,0,0,0,0,0,0,1585,0,0,0,0,0,0,0,1329,0,0,0,0,0,0,0,1,0,0,0,0,0,0,0,0,0,0,0,0,0,0,0,1.0000,1.0000,9,9,9,0.3481,0.3039,9,0,0
4651,155.0,5049,77,17,2747,2299,1,2,2985,302.46,0.932,0.788,0.509,0.050,0.411,-0.951,2.757,0.2353,1.7674,0.356,0.004,0.000,0.097,0.053,174,92,147,0,230,0,150035.84,42126.856,33616.422,210.751,22693.617,68.964,37789.858,24108.421,4840.205,18476.640,14781.312,4663.833,18.173,1399.174,0.000242,-0.057348,5376,0,26,121,146,26,19309,148,120,210.589,0,0,0,0,0,0,0,3,0,0,0,0,0,0,69296,1410,5228,58920.933,33604.578,22692.039,0.162,210.589,27773.258,21553.929,1126.837,274,298,89,26,183,65887,177,0,0,0.000,0.000,0.000,0.000,0.000,37.213,11.686,0.577,0,2,1,0,1,137,33,0,0,0.000,0.000,0.000,0.000,0.000,5.515,1.077,0.000,0,0,0,0,0,0,0,0,0,0.000,0.000,0.000,0.000,0.000,0.000,0.000,0.000,0,0,0,0,0,0,0,0,0,0.000,0.000,0.000,0.000,0.000,0.000,0.000,0.000,0,0,0,0,0,0,14,0,0,0.000,0.000,0.000,0.000,0.000,1.638,0.438,0.000,0,0,0,0,0,0,3,1,1,0,0,0,0,0,0,0,0,0,76686,23066,9418,5913,1945,682,60,0,0,0,0,0,67252,15668,12442,2268,733,600,0,0,0,0,0,0,893.093,121.108,10820.831,2720.625,0,0,0,464,313,653,1430,467,313,830,330,846,319,37,385,542,442,551,489,89,186,0,0,0,0,0,2,0,0,1,0,0,0,1587,0,0,0,0,0,0,0,1315,0,0,0,0,0,0,0,2,0,0,0,0,0,0,0,1,0,0,0,0,0,0,0,1.0000,1.0000,11,11,11,0.3777,0.3055,12,0,0
4681,156.0,5043,83,17,2741,2298,1,3,2995,284.65,0.932,0.788,0.510,0.050,0.410,-0.951,2.769,0.2375,1.7765,0.363,0.003,0.000,0.097,0.054,192,73,150,0,241,0,149260.23,41764.193,34200.528,237.215,23420.278,79.190,37663.667,23763.224,4871.879,19509.739,15607.791,5240.352,15.595,1520.878,0.000265,-0.056927,5359,0,33,117,150,33,19133,187,117,237.081,0,0,0,0,0,0,0,5,0,0,0,0,0,0,68970,1434,5172,60266.054,34199.773,23409.372,0.134,237.081,27614.318,21249.992,1087.772,294,295,70,33,192,70742,162,0,0,0.000,0.000,0.000,0.000,0.000,35.263,9.738,0.888,0,2,1,0,1,638,69,0,0,0.000,0.000,0.000,0.000,0.000,13.231,5.378,0.000,0,0,0,0,0,0,0,0,0,0.000,0.000,0.000,0.000,0.000,0.000,0.000,0.000,0,0,0,0,0,0,0,0,0,0.000,0.000,0.000,0.000,0.000,0.000,0.000,0.000,0,0,0,0,0,0,30,0,0,0.000,0.000,0.000,0.000,0.000,3.511,0.971,0.000,0,0,0,0,0,0,2,1,0,0,0,0,0,0,0,0,0,0,76342,22848,9031,5971,2022,671,60,0,0,0,0,0,66953,15793,12208,2278,908,555,0,0,0,0,0,0,887.986,110.564,10753.449,2626.821,0,0,0,476,313,664,1447,473,310,823,321,817,342,34,404,573,407,551,497,92,178,1,1,0,0,0,1,0,0,1,0,0,0,1597,0,0,0,0,0,0,0,1318,0,0,0,0,0,0,0,1,0,0,0,0,0,0,0,1,0,0,0,0,0,0,0,1.0000,1.0000,10,10,10,0.4068,0.3058,12,0,0
4711,157.0,4959,73,17,2716,2239,1,3,3010,353.61,0.928,0.784,0.511,0.049,0.413,-0.952,2.774,0.2350,1.7691,0.369,0.004,0.001,0.097,0.054,172,87,176,0,220,0,146853.03,41492.623,32257.984,262.689,21330.610,71.343,37193.317,23892.306,4884.422,16657.158,13325.726,5709.635,0.000,1409.377,0.000203,-0.058145,5021,0,43,133,176,43,19180,191,133,262.475,0,0,0,0,0,0,0,0,0,0,0,0,0,0,67844,1351,4830,55997.979,32252.499,21303.050,0.214,262.475,27192.733,21396.259,1066.935,243,303,82,43,178,69374,130,0,0,0.000,0.000,0.000,0.000,0.000,32.335,9.512,1.332,0,1,0,0,1,239,76,0,0,0.000,0.000,0.000,0.000,0.000,19.963,9.573,0.000,0,1,1,0,0,327,0,0,0,0.000,0.000,0.000,0.000,0.000,0.000,0.000,0.000,0,0,0,0,0,0,0,0,0,0.000,0.000,0.000,0.000,0.000,0.000,0.000,0.000,0,0,0,0,0,0,30,0,0,0.000,0.000,0.000,0.000,0.000,3.514,1.072,0.000,0,0,0,0,0,0,2,1,0,0,0,0,0,0,0,0,0,0,75595,22917,8987,6110,2083,680,60,0,0,0,0,0,65935,16485,11889,2145,988,320,0,0,0,0,0,0,900.525,105.950,11220.805,2560.887,0,0,0,472,287,596,1365,476,290,846,325,777,345,35,388,572,419,513,460,88,187,1,1,1,0,0,0,0,1,0,0,0,0,1545,0,0,0,0,0,0,0,1248,0,0,0,0,0,0,0,1,0,0,0,0,0,0,0,0,0,0,0,0,0,0,0,1.0000,1.0000,10,10,10,0.3837,0.2979,11,0,0
4741,158.0,4942,75,17,2746,2194,1,1,3032,323.91,0.918,0.776,0.509,0.048,0.420,-0.954,2.786,0.2344,1.7673,0.360,0.002,0.000,0.097,0.056,175,84,137,0,236,0,142396.52,40574.874,29866.629,187.301,21663.668,78.464,36601.721,23236.594,4905.948,18328.800,14663.040,5287.062,10.877,1377.354,0.000266,-0.058593,4995,0,45,92,136,45,19755,131,91,186.813,0,0,0,0,0,0,0,27,27,5,0,0,5,0,66310,1253,4864,53798.681,29832.698,21646.823,0.303,186.813,26571.872,20789.452,998.206,267,311,72,45,194,67517,160,2,0,50.000,24.769,0.000,0.000,0.000,41.125,12.723,0.266,0,3,2,0,1,306,55,0,0,0.000,0.000,0.000,0.000,0.000,16.082,3.799,0.171,0,2,2,0,0,127,0,0,0,0.000,0.000,0.000,0.000,0.000,0.000,0.000,0.000,0,0,0,0,0,0,0,0,0,0.000,0.000,0.000,0.000,0.000,0.000,0.000,0.000,0,0,0,0,0,0,30,0,0,0.000,0.000,0.000,0.000,0.000,3.516,3.255,0.000,0,0,0,0,0,0,2,0,0,0,0,0,0,0,0,0,0,0,75634,23221,9472,6183,2230,701,60,0,0,0,0,0,64473,16158,12149,2082,1054,389,0,0,0,0,0,0,922.429,106.992,10881.775,2592.853,0,0,0,409,265,599,1271,416,255,852,352,779,340,36,387,564,400,524,461,73,172,0,0,1,0,0,0,1,0,0,0,0,0,1542,0,0,0,0,0,0,0,1230,0,0,0,0,0,0,0,1,0,0,0,0,0,0,0,0,0,0,0,0,0,0,0,1.0000,1.0000,10,10,10,0.4247,0.3032,12,0,0
4771,159.0,4853,93,17,2747,2105,0,1,2984,298.27,0.907,0.767,0.510,0.049,0.427,-0.955,2.796,0.2320,1.8126,0.353,0.004,0.000,0.096,0.057,187,95,122,0,232,0,139662.69,39105.128,29692.173,166.861,21173.645,72.513,35703.973,22211.641,4906.040,15076.830,12061.464,4449.763,1.102,1410.114,0.000217,-0.057760,4928,0,33,89,121,33,18833,184,88,166.564,0,0,0,0,0,0,0,20,20,4,0,0,4,0,63960,1243,4744,53130.804,29683.748,21157.787,0.286,166.564,25667.843,19870.981,946.665,221,309,90,33,186,75182,61,0,0,0.000,0.000,0.000,0.000,0.000,16.240,6.723,0.000,0,1,1,0,0,135,30,0,0,0.000,0.000,0.000,0.000,0.000,8.358,0.374,0.126,0,0,0,0,0,0,0,0,0,0.000,0.000,0.000,0.000,0.000,0.000,0.000,0.000,0,0,0,0,0,0,0,0,0,0.000,0.000,0.000,0.000,0.000,0.000,0.000,0.000,0,0,0,0,0,0,6,0,0,0.000,0.000,0.000,0.000,0.000,0.703,0.830,0.000,0,1,0,0,1,110,0,0,0,0,0,0,0,0,0,0,0,0,76229,23248,9640,6046,2201,941,60,0,0,0,0,0,62049,15234,11361,2008,1166,274,0,0,0,0,0,0,884.792,110.433,10392.026,2401.047,0,0,0,407,282,591,1262,394,286,846,351,770,356,40,384,526,379,460,509,60,171,0,0,1,0,0,0,0,0,0,0,0,0,1550,0,0,0,0,0,0,0,1200,0,0,0,0,0,0,0,1,0,0,0,0,0,0,0,0,0,0,0,0,0,0,0,1.0000,1.0000,10,10,10,0.4166,0.3356,12,0,0
4801,160.0,4762,74,16,2737,2024,0,1,2897,327.52,0.897,0.759,0.509,0.049,0.434,-0.955,2.804,0.2317,1.7655,0.354,0.002,0.001,0.096,0.058,171,95,145,0,235,0,137119.55,38168.801,29741.262,223.502,19416.608,78.970,34838.947,21406.166,4832.569,15949.736,12759.789,5137.297,0.000,1271.783,0.000246,-0.056040,4591,0,33,112,145,33,18279,142,112,223.438,0,0,0,0,0,0,0,4,3,2,0,0,2,0,61874,1245,4449,51349.901,29727.830,19398.112,0.064,223.438,24830.263,19136.120,913.861,229,312,91,33,188,72394,77,0,0,0.000,0.000,0.000,0.000,0.000,21.722,7.086,0.350,0,1,1,0,0,90,30,0,0,0.000,0.000,0.000,0.000,0.000,8.356,0.375,0.019,0,0,0,0,0,0,0,0,0,0.000,0.000,0.000,0.000,0.000,0.000,0.000,0.000,0,0,0,0,0,0,0,0,0,0.000,0.000,0.000,0.000,0.000,0.000,0.000,0.000,0,0,0,0,0,0,0,0,0,0.000,0.000,0.000,0.000,0.000,0.000,0.000,0.000,0,0,0,0,0,0,3,0,0,0,0,0,0,0,0,0,0,0,76154,23090,9249,5833,2200,1099,60,0,0,0,0,0,60045,14423,10797,1936,1004,262,0,0,0,0,0,0,850.748,109.162,9773.053,2284.884,0,0,0,407,252,585,1263,413,245,845,346,774,357,36,379,478,389,450,450,69,188,0,0,1,0,0,0,0,0,0,0,0,0,1546,0,0,0,0,0,0,0,1157,0,0,0,0,0,0,0,1,0,0,0,0,0,0,0,0,0,0,0,0,0,0,0,1.0000,1.0000,11,11,11,0.4279,0.3195,13,0,0
4831,161.0,4771,82,16,2772,1999,0,0,2888,312.80,0.891,0.752,0.509,0.049,0.439,-0.955,2.812,0.2327,1.7871,0.359,0.003,0.001,0.096,0.059,175,64,98,0,197,0,134945.39,37486.743,28341.834,142.055,19355.688,79.504,34299.371,20780.121,4721.500,15384.051,12307.241,4026.861,9.716,1230.411,0.000308,-0.054537,4618,0,30,68,98,30,18281,165,68,142.000,0,0,0,0,0,0,0,1,0,0,0,0,0,0,60299,1186,4453,49812.101,28329.594,19340.514,0.056,142.000,24260.526,18529.694,887.335,223,250,62,30,158,60154,65,0,0,0.000,0.000,0.000,0.000,0.000,17.139,3.365,0.700,0,0,0,0,0,0,1,0,0,0.000,0.000,0.000,0.000,0.000,0.278,0.015,0.000,0,1,0,0,1,98,0,0,0,0.000,0.000,0.000,0.000,0.000,0.000,0.000,0.000,0,0,0,0,0,0,0,0,0,0.000,0.000,0.000,0.000,0.000,0.000,0.000,0.000,0,0,0,0,0,0,0,0,0,0.000,0.000,0.000,0.000,0.000,0.000,0.000,0.000,0,0,0,0,0,0,2,0,0,0,0,0,0,0,0,0,0,0,76587,23191,9268,5920,2263,1188,31,0,0,0,0,0,58594,13526,11547,1771,783,263,0,0,0,0,0,0,860.134,111.784,9246.032,2457.135,0,0,0,380,265,568,1205,386,257,852,353,792,365,34,376,477,387,464,438,62,171,0,0,0,0,0,0,0,0,0,0,0,0,1567,0,0,0,0,0,0,0,1135,0,0,0,0,0,0,0,0,0,0,0,0,0,0,0,0,0,0,0,0,0,0,0,1.0000,1.0000,11,11,11,0.4454,0.2989,13,0,0
4861,162.0,4720,83,16,2771,1949,0,0,2871,310.39,0.885,0.745,0.510,0.050,0.443,-0.955,2.819,0.2304,1.8025,0.359,0.001,0.001,0.096,0.059,189,70,98,0,218,0,132419.36,36383.661,27204.010,162.003,19281.498,68.139,33842.342,19999.536,4669.500,14121.840,11297.472,3698.635,6.794,1234.523,0.000241,-0.055470,4588,0,20,78,98,20,18235,146,78,161.965,0,0,0,0,0,0,0,0,0,0,0,0,0,0,58767,1139,4442,48594.539,27196.529,19267.216,0.038,161.965,23707.740,17825.268,797.922,210,261,68,20,173,63698,108,0,0,0.000,0.000,0.000,0.000,0.000,31.050,5.778,0.438,0,1,1,0,0,63,0,0,0,0.000,0.000,0.000,0.000,0.000,0.000,0.000,0.000,0,0,0,0,0,0,0,0,0,0.000,0.000,0.000,0.000,0.000,0.000,0.000,0.000,0,0,0,0,0,0,0,0,0,0.000,0.000,0.000,0.000,0.000,0.000,0.000,0.000,0,0,0,0,0,0,0,0,0,0.000,0.000,0.000,0.000,0.000,0.000,0.000,0.000,0,0,0,0,0,0,2,0,0,0,0,0,0,0,0,0,0,0,77247,23583,9381,5882,2366,1119,30,0,0,0,0,0,56917,13007,10889,1958,857,454,0,0,0,0,0,0,880.268,106.508,8837.072,2377.067,0,0,0,376,257,522,1154,375,255,873,345,768,368,40,377,475,372,480,428,46,148,0,0,0,0,0,0,0,0,0,0,0,0,1553,0,0,0,0,0,0,0,1102,0,0,0,0,0,0,0,0,0,0,0,0,0,0,0,0,0,0,0,0,0,0,0,1.0000,1.0000,11,11,11,0.4506,0.2925,13,0,0
4891,163.0,4703,73,16,2778,1925,0,0,2856,401.70,0.881,0.743,0.509,0.049,0.446,-0.957,2.828,0.2338,1.7328,0.364,0.001,0.002,0.095,0.060,189,94,65,0,198,0,129343.73,35716.926,25300.401,95.220,18261.874,76.179,33631.015,19555.072,4689.020,14243.524,11394.819,2281.316,1.050,1182.005,0.000191,-0.055636,4590,0,12,53,65,12,17581,177,53,95.133,0,0,0,0,0,0,0,0,0,0,0,0,0,0,58097,1055,4413,45435.611,25292.211,18257.387,0.086,95.133,23458.740,17408.973,761.899,209,232,91,12,129,54595,104,0,0,0.000,0.000,0.000,0.000,0.000,29.648,7.604,0.000,0,2,0,0,2,225,0,0,0,0.000,0.000,0.000,0.000,0.000,0.000,0.000,0.000,0,0,0,0,0,0,0,0,0,0.000,0.000,0.000,0.000,0.000,0.000,0.000,0.000,0,0,0,0,0,0,0,0,0,0.000,0.000,0.000,0.000,0.000,0.000,0.000,0.000,0,0,0,0,0,0,0,0,0,0.000,0.000,0.000,0.000,0.000,0.000,0.000,0.000,0,0,0,0,0,0,1,0,0,0,0,0,0,0,0,0,0,0,77444,23452,9364,5831,2590,1005,30,0,0,0,0,0,56130,12723,10804,2071,874,471,0,0,0,0,0,0,874.668,101.796,8536.861,2327.294,0,0,0,326,246,486,1068,331,254,859,349,766,373,42,389,436,374,474,447,54,140,0,0,0,0,0,0,0,0,0,0,0,0,1570,0,0,0,0,0,0,0,1115,0,0,0,0,0,0,0,0,0,0,0,0,0,0,0,0,0,0,0,0,0,0,0,1.0000,1.0000,11,11,11,0.4407,0.3151,12,0,0
4921,164.0,4562,74,16,2733,1829,0,0,2818,345.02,0.870,0.734,0.510,0.049,0.452,-0.958,2.833,0.2321,1.7689,0.361,0.003,0.001,0.095,0.061,192,91,90,0,229,0,125220.61,34057.122,24507.043,141.062,17471.453,76.672,32948.669,18634.764,4629.489,11377.179,9101.743,3140.947,87.495,1111.546,0.000276,-0.057036,4395,0,7,83,89,7,17616,203,82,141.048,0,0,0,0,0,0,0,0,0,0,0,0,0,0,56461,1025,4192,43790.540,24504.197,17453.107,0.014,141.048,22866.840,16531.664,742.106,169,263,80,7,176,67981,30,0,0,0.000,0.000,0.000,0.000,0.000,9.634,2.084,0.000,0,2,2,0,0,134,0,0,0,0.000,0.000,0.000,0.000,0.000,0.000,0.000,0.000,0,0,0,0,0,0,0,0,0,0.000,0.000,0.000,0.000,0.000,0.000,0.000,0.000,0,0,0,0,0,0,0,0,0,0.000,0.000,0.000,0.000,0.000,0.000,0.000,0.000,0,0,0,0,0,0,0,0,0,0.000,0.000,0.000,0.000,0.000,0.000,0.000,0.000,0,0,0,0,0,0,0,0,0,0,0,0,0,0,0,0,0,0,76987,23345,9582,5659,2685,945,30,0,0,0,0,0,54495,11855,10143,1996,781,468,0,0,0,0,0,0,864.226,105.026,7903.794,2234.315,0,0,0,356,227,462,1044,361,218,866,361,717,371,42,376,403,342,478,400,73,133,0,0,0,0,0,0,0,0,0,0,0,0,1506,0,0,0,0,0,0,0,1084,0,0,0,0,0,0,0,0,0,0,0,0,0,0,0,0,0,0,0,0,0,0,0,1.0000,1.0000,11,11,11,0.4373,0.2918,12,0,0
4951,165.0,4537,53,16,2723,1814,0,0,2778,412.54,0.868,0.732,0.511,0.049,0.454,-0.959,2.848,0.2355,1.7536,0.366,0.002,0.001,0.095,0.062,183,74,56,0,192,0,121352.31,32762.868,24037.433,92.401,17230.967,85.772,32231.474,18088.590,4569.213,12698.227,10158.582,2409.278,0.000,922.795,0.000205,-0.058862,4335,0,8,48,56,8,17324,124,48,92.391,0,0,0,0,0,0,0,0,0,0,0,0,0,0,54809,1006,4211,43036.448,24025.174,17218.392,0.011,92.391,22250.064,16054.435,696.027,195,211,67,8,136,55582,0,0,0,0.000,0.000,0.000,0.000,0.000,0.000,0.000,0.000,0,0,0,0,0,0,0,0,0,0.000,0.000,0.000,0.000,0.000,0.000,0.000,0.000,0,0,0,0,0,0,0,0,0,0.000,0.000,0.000,0.000,0.000,0.000,0.000,0.000,0,0,0,0,0,0,0,0,0,0.000,0.000,0.000,0.000,0.000,0.000,0.000,0.000,0,0,0,0,0,0,0,0,0,0.000,0.000,0.000,0.000,0.000,0.000,0.000,0.000,0,0,0,0,0,0,1,0,0,0,0,0,0,0,0,0,0,0,76289,23298,10466,5610,2665,988,30,0,0,0,0,0,52866,11846,9579,1943,797,492,0,0,0,0,0,0,858.998,117.935,7786.376,2093.236,0,0,0,337,225,444,1027,349,225,868,393,698,359,45,360,444,340,430,388,68,144,0,0,0,0,0,0,0,0,0,0,0,0,1462,0,0,0,0,0,0,0,1030,0,0,0,0,0,0,0,0,0,0,0,0,0,0,0,0,0,0,0,0,0,0,0,1.0000,1.0000,11,11,11,0.4842,0.3179,14,2,0
4981,166.0,4383,51,16,2667,1716,0,0,2684,390.23,0.858,0.724,0.510,0.049,0.461,-0.958,2.849,0.2361,1.7213,0.369,0.001,0.001,0.094,0.062,177,88,55,0,224,0,113821.71,31079.693,20181.807,74.782,16291.493,81.193,31336.916,17995.528,4448.502,9209.185,7367.348,2186.304,0.000,1057.796,0.000196,-0.059604,4216,0,5,50,54,5,16865,158,49,74.762,0,0,0,0,0,0,0,0,0,0,0,0,0,0,52821,845,4058,38008.226,20178.260,16284.009,0.020,74.762,21504.459,16017.937,656.240,142,240,82,5,153,63959,0,0,0,0.000,0.000,0.000,0.000,0.000,0.000,0.000,0.000,0,0,0,0,0,0,0,0,0,0.000,0.000,0.000,0.000,0.000,0.000,0.000,0.000,0,0,0,0,0,0,0,0,0,0.000,0.000,0.000,0.000,0.000,0.000,0.000,0.000,0,0,0,0,0,0,0,0,0,0.000,0.000,0.000,0.000,0.000,0.000,0.000,0.000,0,0,0,0,0,0,0,0,0,0.000,0.000,0.000,0.000,0.000,0.000,0.000,0.000,0,0,0,0,0,0,0,0,0,0,0,0,0,0,0,0,0,0,75221,22925,10782,5503,2778,986,30,18,0,0,0,0,50994,12198,9361,1827,631,547,0,0,0,0,0,0,845.394,126.529,8080.806,2049.542,0,0,0,280,191,383,856,277,187,854,379,682,347,50,355,406,322,410,374,50,154,0,0,0,0,0,0,0,0,0,0,0,0,1434,0,0,0,0,0,0,0,988,0,0,0,0,0,0,0,0,0,0,0,0,0,0,0,0,0,0,0,0,0,0,0,1.0000,1.0000,11,11,11,0.4785,0.2962,13,2,0
5011,167.0,4260,63,16,2663,1597,0,0,2599,349.38,0.838,0.709,0.507,0.050,0.473,-0.958,2.858,0.2341,1.7234,0.371,0.002,0.001,0.094,0.063,184,95,37,1,217,0,108049.73,30038.029,19806.805,57.016,14523.091,81.437,29923.026,16539.818,4325.195,9541.727,7633.382,2044.984,18.288,914.175,0.000262,-0.061422,3799,0,7,30,37,7,16262,128,30,56.981,0,0,0,0,0,0,0,0,0,0,0,0,0,0,49568,830,3671,35860.882,19799.249,14520.282,0.036,56.981,20196.289,14663.209,585.137,139,258,87,7,164,69695,0,0,0,0.000,0.000,0.000,0.000,0.000,0.000,0.000,0.000,0,0,0,0,0,0,0,0,0,0.000,0.000,0.000,0.000,0.000,0.000,0.000,0.000,0,0,0,0,0,0,0,0,0,0.000,0.000,0.000,0.000,0.000,0.000,0.000,0.000,0,0,0,0,0,0,0,0,0,0.000,0.000,0.000,0.000,0.000,0.000,0.000,0.000,0,0,0,0,0,0,0,0,0,0.000,0.000,0.000,0.000,0.000,0.000,0.000,0.000,0,0,0,0,0,0,0,0,0,0,0,0,0,0,0,0,0,0,74599,22636,10566,5288,2731,955,30,30,0,0,0,0,47909,11092,8454,1659,459,515,0,0,0,0,0,0,819.610,124.690,7112.944,1853.533,0,0,0,283,178,398,847,267,184,844,387,666,341,50,375,374,282,386,360,46,149,0,0,0,0,0,0,0,0,0,0,0,0,1432,0,0,0,0,0,0,0,941,0,0,0,0,0,0,0,0,0,0,0,0,0,0,0,0,0,0,0,0,0,0,0,1.0000,1.0000,10,10,10,0.4652,0.3216,13,1,0
5041,168.0,4129,83,16,2652,1477,0,0,2410,409.45,0.818,0.691,0.506,0.049,0.485,-0.959,2.869,0.2352,1.7574,0.372,0.002,0.001,0.094,0.063,211,90,44,0,193,0,101499.39,28481.042,17455.044,58.084,13271.707,94.135,28507.766,15558.962,4081.553,8203.730,6562.984,1887.283,18.396,849.795,0.000233,-0.062573,3479,0,10,34,44,10,15562,108,34,58.025,0,0,0,0,0,0,0,0,0,0,0,0,0,0,46239,728,3371,31993.070,17443.559,13270.729,0.059,58.025,18862.380,13749.564,525.707,119,239,81,10,148,69960,0,0,0,0.000,0.000,0.000,0.000,0.000,0.000,0.000,0.000,0,0,0,0,0,0,0,0,0,0.000,0.000,0.000,0.000,0.000,0.000,0.000,0.000,0,0,0,0,0,0,0,0,0,0.000,0.000,0.000,0.000,0.000,0.000,0.000,0.000,0,0,0,0,0,0,0,0,0,0.000,0.000,0.000,0.000,0.000,0.000,0.000,0.000,0,0,0,0,0,0,0,0,0,0.000,0.000,0.000,0.000,0.000,0.000,0.000,0.000,0,0,0,0,0,0,0,0,0,0,0,0,0,0,0,0,0,0,74320,22646,10382,5013,2684,973,30,30,0,0,0,0,44661,10291,8109,1578,510,258,0,0,0,0,0,0,824.702,117.839,6749.774,1732.381,0,0,0,263,172,329,744,254,173,852,378,657,342,52,371,353,257,349,345,50,123,0,0,0,0,0,0,0,0,0,0,0,0,1422,0,0,0,0,0,0,0,867,0,0,0,0,0,0,0,0,0,0,0,0,0,0,0,0,0,0,0,0,0,0,0,1.0000,1.0000,10,10,10,0.4758,0.3200,13,1,0
5071,169.0,3974,76,16,2608,1366,0,0,2278,423.33,0.803,0.678,0.504,0.049,0.496,-0.960,2.872,0.2346,1.7281,0.374,0.002,0.001,0.093,0.063,224,90,34,0,203,0,97123.74,27612.586,16668.117,57.668,12332.267,89.528,27063.147,14390.062,3811.408,7171.531,5737.225,1411.232,19.028,584.838,0.000228,-0.064299,3237,0,0,34,34,0,15638,61,34,57.668,0,0,0,0,0,0,0,0,0,0,0,0,0,0,42656,693,3176,30121.850,16648.799,12329.215,0.000,57.668,17469.603,12645.054,472.701,104,215,80,0,135,59826,0,0,0,0.000,0.000,0.000,0.000,0.000,0.000,0.000,0.000,0,0,0,0,0,0,0,0,0,0.000,0.000,0.000,0.000,0.000,0.000,0.000,0.000,0,0,0,0,0,0,0,0,0,0.000,0.000,0.000,0.000,0.000,0.000,0.000,0.000,0,0,0,0,0,0,0,0,0,0.000,0.000,0.000,0.000,0.000,0.000,0.000,0.000,0,0,0,0,0,0,0,0,0,0.000,0.000,0.000,0.000,0.000,0.000,0.000,0.000,0,0,0,0,0,0,0,0,0,0,0,0,0,0,0,0,0,0,74181,22492,10378,4812,2646,898,30,30,0,0,0,0,41077,9431,7505,1579,546,276,0,0,0,0,0,0,821.809,112.851,6165.414,1596.960,0,0,0,233,154,313,707,239,160,831,364,670,339,53,351,323,224,317,347,43,112,0,0,0,0,0,0,0,0,0,0,0,0,1413,0,0,0,0,0,0,0,819,0,0,0,0,0,0,0,0,0,0,0,0,0,0,0,0,0,0,0,0,0,0,0,1.0000,1.0000,11,11,11,0.4678,0.3270,13,1,0
5101,170.0,3831,84,16,2581,1250,0,0,2115,420.83,0.782,0.660,0.501,0.049,0.508,-0.961,2.882,0.2335,1.7419,0.380,0.002,0.001,0.093,0.063,195,74,28,0,200,0,92504.27,26076.302,14875.277,47.293,11124.530,97.108,25579.763,13365.917,3535.241,6441.412,5153.130,1190.134,6.695,652.316,0.000261,-0.064850,3023,0,1,27,28,1,14967,151,27,47.293,0,0,0,0,0,0,0,0,0,0,0,0,0,0,39333,621,2872,27041.282,14873.593,11115.007,0.000,47.293,16147.235,11732.638,397.896,88,204,64,1,139,58481,0,0,0,0.000,0.000,0.000,0.000,0.000,0.000,0.000,0.000,0,0,0,0,0,0,0,0,0,0.000,0.000,0.000,0.000,0.000,0.000,0.000,0.000,0,0,0,0,0,0,0,0,0,0.000,0.000,0.000,0.000,0.000,0.000,0.000,0.000,0,0,0,0,0,0,0,0,0,0.000,0.000,0.000,0.000,0.000,0.000,0.000,0.000,0,0,0,0,0,0,0,0,0,0.000,0.000,0.000,0.000,0.000,0.000,0.000,0.000,0,0,0,0,0,0,0,0,0,0,0,0,0,0,0,0,0,0,72927,22412,9581,4744,2581,850,30,30,0,0,0,0,37732,8955,6378,1601,602,278,0,0,0,0,0,0,809.829,99.644,5849.584,1399.182,0,0,0,204,131,306,633,200,124,843,339,692,333,53,321,310,224,270,298,46,102,0,0,0,0,0,0,0,0,0,0,0,0,1399,0,0,0,0,0,0,0,716,0,0,0,0,0,0,0,0,0,0,0,0,0,0,0,0,0,0,0,0,0,0,0,1.0000,1.0000,11,11,11,0.4446,0.3313,13,1,0
5131,171.0,3692,78,16,2556,1136,0,0,1980,479.79,0.760,0.641,0.500,0.049,0.522,-0.962,2.895,0.2306,1.7606,0.379,0.004,0.001,0.092,0.063,210,75,30,0,193,0,89152.12,25456.228,13733.257,53.013,10480.741,103.669,24012.331,12031.829,3291.036,6415.360,5132.288,1317.302,30.484,628.578,0.000182,-0.066225,2823,0,4,26,30,4,15078,115,26,52.991,0,0,0,0,0,0,0,0,0,0,0,0,0,0,35630,571,2708,25131.720,13730.922,10475.539,0.022,52.991,14653.791,10468.011,351.965,87,201,71,4,126,62636,0,0,0,0.000,0.000,0.000,0.000,0.000,0.000,0.000,0.000,0,0,0,0,0,0,0,0,0,0.000,0.000,0.000,0.000,0.000,0.000,0.000,0.000,0,0,0,0,0,0,0,0,0,0.000,0.000,0.000,0.000,0.000,0.000,0.000,0.000,0,0,0,0,0,0,0,0,0,0.000,0.000,0.000,0.000,0.000,0.000,0.000,0.000,0,0,0,0,0,0,0,0,0,0.000,0.000,0.000,0.000,0.000,0.000,0.000,0.000,0,0,0,0,0,0,0,0,0,0,0,0,0,0,0,0,0,0,72442,22533,9050,4644,2573,890,30,30,0,0,0,0,34081,7931,6404,1549,571,335,0,0,0,0,0,0,803.942,94.144,5170.489,1351.565,0,0,0,204,131,236,577,208,135,826,331,675,336,58,330,266,213,253,271,35,98,0,0,0,0,0,0,0,0,0,0,0,0,1399,0,0,0,0,0,0,0,657,0,0,0,0,0,0,0,0,0,0,0,0,0,0,0,0,0,0,0,0,0,0,0,1.0000,1.0000,11,11,11,0.4521,0.3241,13,1,0
5161,172.0,3591,69,16,2516,1075,0,0,1896,485.30,0.749,0.633,0.496,0.049,0.528,-0.962,2.906,0.2328,1.7586,0.382,0.002,0.003,0.092,0.064,218,68,31,1,145,0,85793.95,23990.718,13113.615,51.330,9844.222,98.463,22850.451,11302.960,3091.871,5907.021,4725.617,1425.367,48.495,613.299,0.000107,-0.066275,2578,0,3,28,31,3,14652,100,28,51.330,0,0,0,0,0,0,0,0,0,0,0,0,0,0,33104,545,2478,23847.658,13112.085,9840.644,0.001,51.330,13617.196,9786.583,325.968,85,147,55,3,89,47721,0,0,0,0.000,0.000,0.000,0.000,0.000,0.000,0.000,0.000,0,0,0,0,0,0,0,0,0,0.000,0.000,0.000,0.000,0.000,0.000,0.000,0.000,0,0,0,0,0,0,0,0,0,0.000,0.000,0.000,0.000,0.000,0.000,0.000,0.000,0,0,0,0,0,0,0,0,0,0.000,0.000,0.000,0.000,0.000,0.000,0.000,0.000,0,0,0,0,0,0,0,0,0,0.000,0.000,0.000,0.000,0.000,0.000,0.000,0.000,0,0,0,0,0,0,1,0,0,0,0,0,0,0,0,0,0,0,71481,22046,8876,4520,2483,919,30,30,0,0,0,0,31649,7386,5670,1455,522,357,0,0,0,0,0,0,778.455,94.257,4740.700,1221.568,0,0,0,175,125,247,556,191,115,808,322,659,337,53,337,257,193,258,244,31,92,0,0,0,0,0,0,0,0,0,0,0,0,1386,0,0,0,0,0,0,0,625,0,0,0,0,0,0,0,0,0,0,0,0,0,0,0,0,0,0,0,0,0,0,0,1.0000,1.0000,11,11,11,0.4573,0.3512,13,1,0
5191,173.0,3433,67,16,2463,970,0,0,1780,511.15,0.727,0.616,0.490,0.049,0.541,-0.962,2.915,0.2343,1.7361,0.385,0.002,0.002,0.092,0.064,216,93,37,0,152,0,82066.30,22608.349,11842.317,62.096,8902.912,105.321,21745.869,10485.576,2957.175,4846.376,3877.101,1560.792,3.899,517.819,0.000223,-0.065619,2339,0,1,36,37,1,14735,146,36,62.092,0,0,0,0,0,0,0,0,0,0,0,0,0,0,30863,491,2193,21524.070,11835.329,8897.731,0.004,62.092,12688.671,9026.769,301.362,62,167,76,1,90,48144,0,0,0,0.000,0.000,0.000,0.000,0.000,0.000,0.000,0.000,0,0,0,0,0,0,0,0,0,0.000,0.000,0.000,0.000,0.000,0.000,0.000,0.000,0,0,0,0,0,0,0,0,0,0.000,0.000,0.000,0.000,0.000,0.000,0.000,0.000,0,0,0,0,0,0,0,0,0,0.000,0.000,0.000,0.000,0.000,0.000,0.000,0.000,0,0,0,0,0,0,0,0,0,0.000,0.000,0.000,0.000,0.000,0.000,0.000,0.000,0,0,0,0,0,0,0,0,0,0,0,0,0,0,0,0,0,0,70236,21395,8538,4440,2424,918,30,30,0,0,0,0,29415,6813,5287,1448,574,375,0,0,0,0,0,0,751.640,92.949,4376.015,1157.162,0,0,0,156,120,225,503,154,110,774,322,662,336,44,325,229,175,269,190,28,79,0,0,0,0,0,0,0,0,0,0,0,0,1367,0,0,0,0,0,0,0,566,0,0,0,0,0,0,0,0,0,0,0,0,0,0,0,0,0,0,0,0,0,0,0,1.0000,1.0000,11,11,11,0.4614,0.3066,13,1,0
5221,174.0,3331,100,16,2439,892,0,0,1668,464.36,0.710,0.601,0.485,0.049,0.552,-0.962,2.922,0.2326,1.7630,0.394,0.002,0.000,0.091,0.064,213,74,17,0,129,0,78682.63,21829.763,9696.957,27.220,8019.452,104.968,20299.483,9507.140,2707.401,4880.899,3904.719,853.012,0.000,594.398,0.000162,-0.065820,2045,0,1,16,17,1,14500,120,16,27.202,0,0,0,0,0,0,0,0,0,0,0,0,0,0,27799,404,1925,18423.971,9690.714,8010.821,0.018,27.202,11423.829,8142.807,262.506,69,148,68,1,79,47078,21,0,0,0.000,0.000,0.000,0.000,0.000,7.985,1.594,0.000,0,0,0,0,0,0,0,0,0,0.000,0.000,0.000,0.000,0.000,0.000,0.000,0.000,0,0,0,0,0,0,0,0,0,0.000,0.000,0.000,0.000,0.000,0.000,0.000,0.000,0,0,0,0,0,0,0,0,0,0.000,0.000,0.000,0.000,0.000,0.000,0.000,0.000,0,0,0,0,0,0,0,0,0,0.000,0.000,0.000,0.000,0.000,0.000,0.000,0.000,0,0,0,0,0,0,1,0,0,0,0,0,0,0,0,0,0,0,68972,20596,8814,4347,2251,937,30,30,0,0,0,0,26326,5911,4460,1494,659,266,0,0,0,0,0,0,707.211,95.411,3879.490,960.677,0,0,0,167,108,173,415,154,98,765,324,647,348,39,316,224,138,232,193,19,86,0,0,0,0,0,0,0,0,0,0,0,0,1350,0,0,0,0,0,0,0,530,0,0,0,0,0,0,0,0,0,0,0,0,0,0,0,0,0,0,0,0,0,0,0,1.0000,1.0000,11,11,11,0.4486,0.3392,13,1,0
5251,175.0,3231,85,17,2410,821,0,0,1560,518.99,0.693,0.587,0.481,0.050,0.562,-0.963,2.934,0.2329,1.7652,0.390,0.002,0.001,0.091,0.065,238,70,26,1,121,0,76056.76,20855.311,9570.976,45.665,7411.502,109.420,19339.707,8630.650,2539.223,4586.567,3669.254,1137.799,0.000,533.133,0.000175,-0.065799,1954,0,0,26,26,0,13926,150,26,45.665,0,0,0,0,0,0,0,0,0,0,0,0,0,0,25641,397,1804,17609.608,9568.491,7404.708,0.000,45.665,10543.239,7292.698,233.152,59,130,61,0,69,42426,30,0,0,0.000,0.000,0.000,0.000,0.000,11.410,1.285,0.000,0,0,0,0,0,0,0,0,0,0.000,0.000,0.000,0.000,0.000,0.000,0.000,0.000,0,0,0,0,0,0,0,0,0,0.000,0.000,0.000,0.000,0.000,0.000,0.000,0.000,0,0,0,0,0,0,0,0,0,0.000,0.000,0.000,0.000,0.000,0.000,0.000,0.000,0,0,0,0,0,0,0,0,0,0.000,0.000,0.000,0.000,0.000,0.000,0.000,0.000,0,0,0,0,0,0,0,0,0,0,0,0,0,0,0,0,0,0,68374,20353,8595,4350,2264,868,30,30,0,0,0,0,24205,5500,4232,1466,718,224,0,0,0,0,0,0,709.454,91.213,3521.667,876.424,0,0,0,115,77,195,402,128,83,739,318,648,359,37,309,188,162,208,175,21,67,0,0,0,0,0,0,0,0,0,0,0,0,1353,0,0,0,0,0,0,0,471,0,0,0,0,0,0,0,0,0,0,0,0,0,0,0,0,0,0,0,0,0,0,0,1.0000,1.0000,11,11,11,0.4362,0.3509,13,1,0
5281,176.0,3116,89,17,2367,749,0,0,1459,554.07,0.676,0.575,0.474,0.049,0.573,-0.964,2.940,0.2349,1.7453,0.390,0.002,0.003,0.091,0.066,203,64,16,0,139,0,73588.79,19828.859,8715.835,28.405,7348.639,115.566,18345.092,7984.219,2391.201,4199.831,3359.865,1010.224,0.000,470.368,0.000135,-0.065318,1759,0,0,16,16,0,13540,93,16,28.405,0,0,0,0,0,0,0,0,0,0,0,0,0,0,23561,361,1666,16654.187,8715.817,7343.318,0.000,28.405,9691.611,6714.085,196.359,57,128,49,0,79,42541,12,0,0,0.000,0.000,0.000,0.000,0.000,4.564,0.319,0.000,0,1,1,0,0,63,0,0,0,0.000,0.000,0.000,0.000,0.000,0.000,0.000,0.000,0,0,0,0,0,0,0,0,0,0.000,0.000,0.000,0.000,0.000,0.000,0.000,0.000,0,0,0,0,0,0,0,0,0,0.000,0.000,0.000,0.000,0.000,0.000,0.000,0.000,0,0,0,0,0,0,0,0,0,0.000,0.000,0.000,0.000,0.000,0.000,0.000,0.000,0,0,0,0,0,0,0,0,0,0,0,0,0,0,0,0,0,0,67512,20048,8494,4122,2125,733,30,30,0,0,0,0,22117,4955,4059,1456,627,318,0,0,0,0,0,0,693.426,88.789,3193.133,858.626,0,0,0,122,68,185,371,115,74,734,304,641,351,34,303,192,121,185,158,22,71,0,0,0,0,0,0,0,0,0,0,0,0,1329,0,0,0,0,0,0,0,436,0,0,0,0,0,0,0,0,0,0,0,0,0,0,0,0,0,0,0,0,0,0,0,1.0000,1.0000,11,11,11,0.4471,0.3462,13,1,0
5311,177.0,3027,90,17,2327,700,0,0,1373,612.97,0.664,0.566,0.469,0.050,0.580,-0.964,2.947,0.2349,1.7226,0.389,0.002,0.003,0.091,0.067,227,72,15,0,109,0,71489.41,18965.408,8276.395,32.215,6973.568,108.406,17445.101,7636.586,2201.254,4404.894,3523.915,809.405,0.000,400.068,0.000130,-0.065955,1642,0,1,14,15,1,13071,75,14,32.211,0,0,0,0,0,0,0,0,0,0,0,0,0,0,21749,344,1567,15829.735,8275.906,6971.499,0.003,32.211,8949.949,6389.444,180.981,64,113,54,1,58,39257,0,0,0,0.000,0.000,0.000,0.000,0.000,0.000,0.000,0.000,0,0,0,0,0,0,0,0,0,0.000,0.000,0.000,0.000,0.000,0.000,0.000,0.000,0,0,0,0,0,0,0,0,0,0.000,0.000,0.000,0.000,0.000,0.000,0.000,0.000,0,0,0,0,0,0,0,0,0,0.000,0.000,0.000,0.000,0.000,0.000,0.000,0.000,0,0,0,0,0,0,0,0,0,0.000,0.000,0.000,0.000,0.000,0.000,0.000,0.000,0,0,0,0,0,0,0,0,0,0,0,0,0,0,0,0,0,0,66614,19818,8358,3884,1982,684,30,30,0,0,0,0,20402,5094,3111,1347,579,229,0,0,0,0,0,0,691.404,85.818,3198.696,650.152,0,0,0,118,72,162,351,124,59,704,303,644,347,33,296,171,121,165,156,25,62,0,0,0,0,0,0,0,0,0,0,0,0,1320,0,0,0,0,0,0,0,408,0,0,0,0,0,0,0,0,0,0,0,0,0,0,0,0,0,0,0,0,0,0,0,1.0000,1.0000,11,11,11,0.4508,0.3146,13,1,0
5341,178.0,2984,100,17,2317,667,0,0,1337,685.96,0.654,0.556,0.465,0.050,0.587,-0.964,2.951,0.2324,1.6734,0.401,0.004,0.003,0.090,0.067,229,53,7,1,88,0,70181.65,18852.100,7504.713,19.163,5809.503,116.585,16809.483,6825.654,2096.247,3962.010,3169.608,806.154,0.000,353.803,0.000158,-0.064716,1411,0,0,7,7,0,12902,79,7,19.163,0,0,0,0,0,0,0,0,0,0,0,0,0,0,20508,311,1332,13810.905,7503.104,5808.525,0.000,19.163,8441.781,5618.838,169.017,45,78,42,0,36,25611,0,0,0,0.000,0.000,0.000,0.000,0.000,0.000,0.000,0.000,0,0,0,0,0,0,0,0,0,0.000,0.000,0.000,0.000,0.000,0.000,0.000,0.000,0,0,0,0,0,0,0,0,0,0.000,0.000,0.000,0.000,0.000,0.000,0.000,0.000,0,0,0,0,0,0,0,0,0,0.000,0.000,0.000,0.000,0.000,0.000,0.000,0.000,0,0,0,0,0,0,0,0,0,0.000,0.000,0.000,0.000,0.000,0.000,0.000,0.000,0,0,0,0,0,0,0,0,0,0,0,0,0,0,0,0,0,0,65862,19302,8388,3771,1859,658,30,30,0,0,0,0,19273,4322,3501,1235,515,235,0,0,0,0,0,0,668.984,86.007,2610.466,699.866,0,0,0,112,76,140,318,107,80,710,300,625,342,30,310,158,123,155,151,26,54,0,0,0,0,0,0,0,0,0,0,0,0,1307,0,0,0,0,0,0,0,386,0,0,0,0,0,0,0,0,0,0,0,0,0,0,0,0,0,0,0,0,0,0,0,1.0000,1.0000,11,11,11,0.4498,0.3211,13,0,0
5371,179.0,2934,107,17,2317,617,0,0,1270,587.76,0.639,0.543,0.458,0.050,0.597,-0.965,2.958,0.2328,1.7210,0.401,0.003,0.000,0.089,0.068,229,60,6,1,91,0,69968.73,18600.533,7574.008,9.973,5665.801,119.410,16240.083,6486.943,2003.433,4176.961,3341.569,455.290,0.000,376.285,0.000151,-0.063345,1363,0,1,5,6,1,12992,70,5,9.973,0,0,0,0,0,0,0,0,0,0,0,0,0,0,19166,313,1293,13696.740,7573.856,5663.244,0.000,9.973,7902.243,5315.080,140.005,51,101,47,1,53,33334,0,0,0,0.000,0.000,0.000,0.000,0.000,0.000,0.000,0.000,0,0,0,0,0,0,0,0,0,0.000,0.000,0.000,0.000,0.000,0.000,0.000,0.000,0,0,0,0,0,0,0,0,0,0.000,0.000,0.000,0.000,0.000,0.000,0.000,0.000,0,0,0,0,0,0,0,0,0,0.000,0.000,0.000,0.000,0.000,0.000,0.000,0.000,0,0,0,0,0,0,0,0,0,0.000,0.000,0.000,0.000,0.000,0.000,0.000,0.000,0,0,0,0,0,0,0,0,0,0,0,0,0,0,0,0,0,0,65784,19499,8237,3756,1853,679,30,28,2,0,0,0,17918,3935,3520,1248,388,296,0,0,0,0,0,0,665.555,85.423,2458.667,716.802,0,0,0,100,74,154,321,92,71,712,297,638,329,36,305,139,117,152,134,25,50,0,0,0,0,0,0,0,0,0,0,0,0,1308,0,0,0,0,0,0,0,361,0,0,0,0,0,0,0,0,0,0,0,0,0,0,0,0,0,0,0,0,0,0,0,1.0000,1.0000,11,11,11,0.4498,0.3309,13,0,0
5401,180.0,2938,89,20,2341,597,0,0,1269,563.47,0.630,0.536,0.452,0.050,0.603,-0.966,2.962,0.2344,1.6423,0.384,0.004,0.003,0.089,0.069,269,54,4,1,66,0,69605.42,18515.340,7063.547,8.305,5839.684,110.833,15922.584,6227.205,1927.763,4949.071,3959.257,462.887,28.121,392.128,0.000169,-0.062529,1445,0,0,4,4,0,13000,80,4,8.305,0,0,0,0,0,0,0,0,0,0,0,0,0,0,18288,292,1365,13347.893,7062.310,5839.405,0.000,8.305,7561.913,5050.719,143.375,61,81,47,0,34,22656,0,0,0,0.000,0.000,0.000,0.000,0.000,0.000,0.000,0.000,0,0,0,0,0,0,0,0,0,0.000,0.000,0.000,0.000,0.000,0.000,0.000,0.000,0,0,0,0,0,0,0,0,0,0.000,0.000,0.000,0.000,0.000,0.000,0.000,0.000,0,0,0,0,0,0,0,0,0,0.000,0.000,0.000,0.000,0.000,0.000,0.000,0.000,0,0,0,0,0,0,0,0,0,0.000,0.000,0.000,0.000,0.000,0.000,0.000,0.000,0,0,0,0,0,0,0,0,0,0,0,0,0,0,0,0,0,0,66080,19559,8338,3749,1908,657,30,0,30,0,0,0,17099,3840,2888,1189,452,147,0,0,0,0,0,0,665.096,87.373,2384.235,577.451,0,0,0,103,50,129,300,108,54,718,312,625,333,37,316,143,98,146,140,24,46,0,0,0,0,0,0,0,0,0,0,0,0,1311,0,0,0,0,0,0,0,356,0,0,0,0,0,0,0,0,0,0,0,0,0,0,0,0,0,0,0,0,0,0,0,1.0000,1.0000,16,16,16,0.3957,0.3021,17,0,0
5431,181.0,2915,93,20,2336,579,0,0,1207,593.28,0.626,0.531,0.448,0.050,0.607,-0.966,2.969,0.2358,1.6979,0.396,0.003,0.003,0.089,0.068,266,33,6,0,80,0,69941.41,18631.043,7102.231,9.422,5384.527,124.409,15698.924,6107.611,1877.742,3760.115,3008.092,555.478,11.179,403.757,0.000117,-0.062365,1282,0,0,6,5,0,13641,69,5,9.390,0,0,0,0,0,0,0,0,0,0,0,0,0,0,17529,294,1213,12937.081,7100.492,5383.282,0.000,9.390,7248.343,4942.387,129.154,46,64,25,0,39,21520,0,0,0,0.000,0.000,0.000,0.000,0.000,0.000,0.000,0.000,0,0,0,0,0,0,0,0,0,0.000,0.000,0.000,0.000,0.000,0.000,0.000,0.000,0,0,0,0,0,0,0,0,0,0.000,0.000,0.000,0.000,0.000,0.000,0.000,0.000,0,0,0,0,0,0,0,0,0,0.000,0.000,0.000,0.000,0.000,0.000,0.000,0.000,0,0,0,0,0,0,0,0,0,0.000,0.000,0.000,0.000,0.000,0.000,0.000,0.000,0,0,0,0,0,0,0,0,0,0,0,0,0,0,0,0,0,0,66463,19665,8760,3772,1974,650,7,0,7,0,0,0,16318,3659,2642,1211,495,88,0,0,0,0,0,0,665.038,93.638,2355.499,510.358,0,0,0,90,70,149,305,106,54,725,316,623,318,36,318,138,86,154,129,18,54,0,0,0,0,0,0,0,0,0,0,0,0,1295,0,0,0,0,0,0,0,355,0,0,0,0,0,0,0,0,0,0,0,0,0,0,0,0,0,0,0,0,0,0,0,1.0000,1.0000,17,17,17,0.4020,0.3180,17,0,0
5461,182.0,2917,109,20,2354,563,0,0,1174,604.89,0.620,0.525,0.444,0.050,0.612,-0.966,2.980,0.2325,1.7362,0.379,0.004,0.004,0.088,0.069,252,45,9,0,55,0,70749.68,18639.750,7231.650,13.591,5253.337,117.501,15572.498,6031.966,1832.484,4174.827,3339.861,373.893,15.383,415.525,0.000177,-0.062231,1233,0,1,8,9,1,13654,89,8,13.587,0,0,0,0,0,0,0,0,0,0,0,0,0,0,17122,298,1144,12886.603,7230.117,5251.096,0.004,13.587,7094.420,4872.103,114.657,46,62,36,1,25,18412,0,0,0,0.000,0.000,0.000,0.000,0.000,0.000,0.000,0.000,0,0,0,0,0,0,0,0,0,0.000,0.000,0.000,0.000,0.000,0.000,0.000,0.000,0,0,0,0,0,0,0,0,0,0.000,0.000,0.000,0.000,0.000,0.000,0.000,0.000,0,0,0,0,0,0,0,0,0,0.000,0.000,0.000,0.000,0.000,0.000,0.000,0.000,0,0,0,0,0,0,0,0,0,0.000,0.000,0.000,0.000,0.000,0.000,0.000,0.000,0,0,0,0,0,0,0,0,0,0,0,0,0,0,0,0,0,0,66674,19844,8884,3700,1990,575,0,0,0,0,0,0,15901,3841,2700,1221,511,98,0,0,0,0,0,0,669.977,94.764,2415.363,530.091,0,0,0,113,71,136,304,105,64,734,311,620,325,32,332,149,94,138,113,22,47,0,0,0,0,0,0,0,0,0,0,0,0,1309,0,0,0,0,0,0,0,320,0,0,0,0,0,0,0,0,0,0,0,0,0,0,0,0,0,0,0,0,0,0,0,1.0000,1.0000,17,17,17,0.3996,0.3402,17,0,0
5491,183.0,2925,127,20,2370,555,0,0,1123,623.11,0.615,0.521,0.440,0.050,0.615,-0.966,2.989,0.2351,1.6647,0.388,0.003,0.002,0.088,0.070,241,48,9,0,61,0,71412.28,19019.585,7035.898,8.989,5677.001,123.123,15543.962,6008.202,1736.871,4779.961,3823.969,714.288,0.000,442.560,0.000117,-0.061905,1273,0,2,7,7,2,13838,91,5,8.910,0,0,0,0,0,0,0,0,0,0,0,0,0,0,16839,291,1182,13144.246,7035.784,5675.167,0.006,8.910,6988.115,4829.165,121.322,57,65,35,2,28,22645,0,0,0,0.000,0.000,0.000,0.000,0.000,0.000,0.000,0.000,0,0,0,0,0,0,0,0,0,0.000,0.000,0.000,0.000,0.000,0.000,0.000,0.000,0,0,0,0,0,0,0,0,0,0.000,0.000,0.000,0.000,0.000,0.000,0.000,0.000,0,0,0,0,0,0,0,0,0,0.000,0.000,0.000,0.000,0.000,0.000,0.000,0.000,0,0,0,0,0,0,0,0,0,0.000,0.000,0.000,0.000,0.000,0.000,0.000,0.000,0,0,0,0,0,0,0,0,0,0,0,0,0,0,0,0,0,0,67279,20295,8609,3591,1856,593,0,0,0,0,0,0,15676,3895,2641,1163,491,194,0,0,0,0,0,0,683.233,92.352,2444.409,530.957,0,0,0,115,59,139,295,109,67,738,300,636,341,30,325,142,90,130,123,22,48,0,0,0,0,0,0,0,0,0,0,0,0,1332,0,0,0,0,0,0,0,323,0,0,0,0,0,0,0,0,0,0,0,0,0,0,0,0,0,0,0,0,0,0,0,1.0000,1.0000,16,16,16,0.4068,0.3287,17,0,0
5521,184.0,2923,126,20,2370,553,0,0,1053,652.37,0.614,0.521,0.435,0.051,0.617,-0.967,2.995,0.2341,1.7493,0.382,0.002,0.002,0.088,0.072,267,49,21,0,74,0,74082.16,19616.999,8328.199,30.119,5174.953,126.107,15438.780,5871.107,1655.529,5494.168,4395.334,840.732,0.000,400.451,0.000150,-0.062731,1112,0,2,19,20,2,13715,86,18,30.108,0,0,0,0,0,0,0,0,0,0,0,0,0,0,16562,345,1026,13964.479,8327.003,5174.446,0.001,30.108,6859.089,4663.178,147.185,68,70,42,2,26,25178,0,0,0,0.000,0.000,0.000,0.000,0.000,0.000,0.000,0.000,0,0,0,0,0,0,0,0,0,0.000,0.000,0.000,0.000,0.000,0.000,0.000,0.000,0,0,0,0,0,0,0,0,0,0.000,0.000,0.000,0.000,0.000,0.000,0.000,0.000,0,0,0,0,0,0,0,0,0,0.000,0.000,0.000,0.000,0.000,0.000,0.000,0.000,0,0,0,0,0,0,0,0,0,0.000,0.000,0.000,0.000,0.000,0.000,0.000,0.000,0,0,0,0,0,0,0,0,0,0,0,0,0,0,0,0,0,0,67622,20449,8172,3517,1817,686,0,0,0,0,0,0,15472,3668,2660,1090,433,193,0,0,0,0,0,0,687.961,88.345,2215.503,536.135,0,0,0,100,81,171,353,105,86,742,292,648,338,33,317,130,103,119,126,18,57,0,0,0,0,0,0,0,0,0,0,0,0,1336,0,0,0,0,0,0,0,320,0,0,0,0,0,0,0,0,0,0,0,0,0,0,0,0,0,0,0,0,0,0,0,1.0000,1.0000,16,16,16,0.4037,0.3236,17,0,0
5551,185.0,2977,109,22,2404,573,0,0,1065,596.98,0.618,0.526,0.429,0.049,0.616,-0.967,3.001,0.2364,1.7297,0.386,0.002,0.002,0.088,0.073,258,38,20,0,45,0,77499.66,20493.957,8865.400,40.614,5935.442,119.811,15688.451,6379.134,1598.777,5825.554,4660.443,610.561,0.000,540.435,0.000141,-0.062836,1263,0,1,19,20,1,13941,119,19,40.613,0,0,0,0,0,0,0,0,0,0,0,0,0,0,17092,368,1144,15321.336,8864.397,5928.385,0.000,40.613,7088.583,5156.416,156.870,63,43,29,1,13,13495,0,0,0,0.000,0.000,0.000,0.000,0.000,0.000,0.000,0.000,0,0,0,0,0,0,0,0,0,0.000,0.000,0.000,0.000,0.000,0.000,0.000,0.000,0,0,0,0,0,0,0,0,0,0.000,0.000,0.000,0.000,0.000,0.000,0.000,0.000,0,0,0,0,0,0,0,0,0,0.000,0.000,0.000,0.000,0.000,0.000,0.000,0.000,0,0,0,0,0,0,0,0,0,0.000,0.000,0.000,0.000,0.000,0.000,0.000,0.000,0,0,0,0,0,0,0,0,0,0,0,0,0,0,0,0,0,0,67973,20507,7986,3430,1830,715,0,0,0,0,0,0,15997,4173,2733,1095,382,164,0,0,0,0,0,0,698.780,85.689,2590.344,551.083,0,0,0,118,77,164,376,125,68,746,294,660,343,42,319,158,108,113,118,21,55,0,0,0,0,0,0,0,0,0,0,0,0,1364,0,0,0,0,0,0,0,307,0,0,0,0,0,0,0,0,0,0,0,0,0,0,0,0,0,0,0,0,0,0,0,1.0000,1.0000,16,16,16,0.4097,0.3228,18,0,0
5581,186.0,3046,93,22,2447,599,0,0,1031,578.93,0.622,0.530,0.428,0.050,0.614,-0.966,3.006,0.2355,1.7286,0.378,0.002,0.000,0.088,0.074,281,56,17,0,48,0,81005.35,21513.913,9095.953,46.392,6150.693,124.496,16038.262,6528.124,1565.909,7390.063,5912.050,1091.695,0.000,448.570,0.000154,-0.062860,1330,0,0,17,17,0,14219,141,17,46.392,0,0,0,0,0,0,0,0,0,0,0,0,0,0,17528,378,1189,15770.784,9092.839,6142.685,0.000,46.392,7287.164,5295.713,158.423,90,64,45,0,19,21670,0,0,0,0.000,0.000,0.000,0.000,0.000,0.000,0.000,0.000,0,0,0,0,0,0,0,0,0,0.000,0.000,0.000,0.000,0.000,0.000,0.000,0.000,0,0,0,0,0,0,0,0,0,0.000,0.000,0.000,0.000,0.000,0.000,0.000,0.000,0,0,0,0,0,0,0,0,0,0.000,0.000,0.000,0.000,0.000,0.000,0.000,0.000,0,0,0,0,0,0,0,0,0,0.000,0.000,0.000,0.000,0.000,0.000,0.000,0.000,0,0,0,0,0,0,0,0,0,0,0,0,0,0,0,0,0,0,69388,20459,8385,3367,1894,680,0,0,0,0,0,0,16385,4486,2966,1143,329,269,0,0,0,0,0,0,695.172,89.240,2726.743,608.851,0,0,0,126,77,170,389,122,91,738,317,678,343,43,328,171,100,116,141,18,53,0,0,0,0,0,0,0,0,0,0,0,0,1392,0,0,0,0,0,0,0,328,0,0,0,0,0,0,0,0,0,0,0,0,0,0,0,0,0,0,0,0,0,0,0,1.0000,1.0000,16,16,16,0.4031,0.3158,18,0,0
5611,187.0,3163,129,22,2532,631,0,0,1046,566.25,0.625,0.533,0.425,0.050,0.613,-0.967,3.018,0.2354,1.7379,0.360,0.004,0.000,0.087,0.075,270,50,18,0,41,0,85246.80,22443.636,9484.175,33.211,6938.111,121.007,16561.640,6595.656,1542.035,8373.808,6699.047,763.888,0.000,581.594,0.000165,-0.063109,1469,0,3,15,18,3,14769,141,15,33.211,0,0,0,0,0,0,0,0,0,0,0,0,0,0,18326,395,1328,17003.894,9483.919,6937.754,0.000,33.211,7609.334,5340.742,150.631,92,60,43,3,14,23126,0,0,0,0.000,0.000,0.000,0.000,0.000,0.000,0.000,0.000,0,0,0,0,0,0,0,0,0,0.000,0.000,0.000,0.000,0.000,0.000,0.000,0.000,0,0,0,0,0,0,0,0,0,0.000,0.000,0.000,0.000,0.000,0.000,0.000,0.000,0,0,0,0,0,0,0,0,0,0.000,0.000,0.000,0.000,0.000,0.000,0.000,0.000,0,0,0,0,0,0,0,0,0,0.000,0.000,0.000,0.000,0.000,0.000,0.000,0.000,0,0,0,0,0,0,0,0,0,0,0,0,0,0,0,0,0,0,71190,20624,8661,3319,1882,658,0,0,0,0,0,0,17105,4372,2941,1221,433,149,0,0,0,0,0,0,712.721,91.562,2660.349,598.018,0,0,0,145,114,179,402,132,89,755,314,726,354,49,334,159,117,138,160,21,36,0,0,0,0,0,0,0,0,0,0,0,0,1463,0,0,0,0,0,0,0,355,0,0,0,0,0,0,0,0,0,0,0,0,0,0,0,0,0,0,0,0,0,0,0,1.0000,1.0000,16,16,16,0.3919,0.3120,18,0,0
5641,188.0,3316,148,22,2622,694,0,0,1078,607.21,0.635,0.543,0.421,0.051,0.607,-0.967,3.019,0.2365,1.8005,0.350,0.004,0.000,0.087,0.076,257,39,18,0,39,0,90716.80,23690.429,11542.339,52.385,8169.272,104.297,17531.983,7091.879,1569.995,9511.064,7608.851,1086.882,0.000,632.205,0.000183,-0.062064,1798,0,2,16,18,2,15514,164,16,52.381,0,0,0,0,0,0,0,0,0,0,0,0,0,0,19962,479,1634,20368.404,11541.829,8168.667,0.004,52.381,8270.995,5789.321,171.252,113,50,32,2,16,12249,0,0,0,0.000,0.000,0.000,0.000,0.000,0.000,0.000,0.000,0,0,0,0,0,0,0,0,0,0.000,0.000,0.000,0.000,0.000,0.000,0.000,0.000,0,0,0,0,0,0,0,0,0,0.000,0.000,0.000,0.000,0.000,0.000,0.000,0.000,0,0,0,0,0,0,0,0,0,0.000,0.000,0.000,0.000,0.000,0.000,0.000,0.000,0,0,0,0,0,0,0,0,0,0.000,0.000,0.000,0.000,0.000,0.000,0.000,0.000,0,0,0,0,0,0,0,0,0,0,0,0,0,0,0,0,0,0,74007,20896,8887,3346,1820,669,0,0,0,0,0,0,18552,4582,3560,1410,602,206,0,0,0,0,0,0,713.903,92.986,2864.584,703.662,0,0,0,188,101,224,494,170,104,769,326,764,362,51,350,172,146,130,171,23,52,0,0,0,0,0,0,0,0,0,0,0,0,1527,0,0,0,0,0,0,0,376,0,0,0,0,0,0,0,0,0,0,0,0,0,0,0,0,0,0,0,0,0,0,0,1.0000,1.0000,16,16,16,0.4008,0.3254,18,0,0
5671,189.0,3471,142,22,2701,770,0,0,1156,616.73,0.648,0.555,0.420,0.051,0.599,-0.966,3.024,0.2403,1.7357,0.342,0.005,0.001,0.087,0.078,278,43,17,0,47,0,96312.05,25163.357,11898.709,41.512,8652.184,116.818,18507.576,7597.632,1656.113,10047.433,8037.946,1134.815,0.000,602.697,0.000211,-0.059636,1786,0,1,16,17,1,15855,109,16,41.512,0,0,0,0,0,0,0,0,0,0,0,0,0,0,21720,494,1677,21273.117,11898.505,8649.670,0.000,41.512,8964.689,6244.426,178.800,124,49,36,1,12,15650,25,0,0,0.000,0.000,0.000,0.000,0.000,7.935,3.373,0.177,0,0,0,0,0,0,0,0,0,0.000,0.000,0.000,0.000,0.000,0.000,0.000,0.000,0,0,0,0,0,0,0,0,0,0.000,0.000,0.000,0.000,0.000,0.000,0.000,0.000,0,0,0,0,0,0,0,0,0,0.000,0.000,0.000,0.000,0.000,0.000,0.000,0.000,0,0,0,0,0,0,0,0,0,0.000,0.000,0.000,0.000,0.000,0.000,0.000,0.000,0,0,0,0,0,0,1,0,0,0,0,0,0,0,0,0,0,0,76516,21447,9139,3331,1809,690,0,0,0,0,0,0,20158,4696,3974,1587,636,366,0,0,0,0,0,0,734.351,95.759,2968.899,819.643,0,0,0,176,121,205,508,181,123,774,333,798,368,45,383,193,152,152,182,26,65,0,0,0,0,0,0,0,0,0,0,0,0,1594,0,0,0,0,0,0,0,425,0,0,0,0,0,0,0,0,0,0,0,0,0,0,0,0,0,0,0,0,0,0,0,1.0000,1.0000,17,17,17,0.4011,0.3214,18,0,0
5701,190.0,3666,115,23,2791,875,0,0,1241,566.05,0.668,0.571,0.418,0.053,0.588,-0.966,3.030,0.2398,1.7768,0.340,0.004,0.001,0.087,0.079,247,40,27,0,45,0,101885.84,26576.406,13899.314,59.145,10279.009,112.781,19984.779,8820.621,1782.144,12066.854,9653.483,1190.566,63.233,706.371,0.000161,-0.059350,2111,0,2,25,27,2,16744,166,25,59.129,0,0,0,0,0,0,0,0,0,0,0,0,0,0,24737,575,1945,24979.157,13893.070,10274.717,0.015,59.129,10166.397,7414.720,206.847,155,50,33,2,15,12820,30,0,0,0.000,0.000,0.000,0.000,0.000,9.528,3.905,0.000,0,0,0,0,0,0,0,0,0,0.000,0.000,0.000,0.000,0.000,0.000,0.000,0.000,0,0,0,0,0,0,0,0,0,0.000,0.000,0.000,0.000,0.000,0.000,0.000,0.000,0,0,0,0,0,0,0,0,0,0.000,0.000,0.000,0.000,0.000,0.000,0.000,0.000,0,0,0,0,0,0,0,0,0,0.000,0.000,0.000,0.000,0.000,0.000,0.000,0.000,0,0,0,0,0,0,0,0,0,0,0,0,0,0,0,0,0,0,79000,21599,9475,3243,1736,682,0,0,0,0,0,0,22671,5717,4018,2096,725,506,0,0,0,0,0,0,742.514,98.250,3692.331,864.791,0,0,0,196,112,251,586,211,126,792,344,846,374,42,393,237,153,191,206,29,59,0,0,0,0,0,0,0,0,0,0,0,0,1655,0,0,0,0,0,0,0,485,0,0,0,0,0,0,0,0,0,0,0,0,0,0,0,0,0,0,0,0,0,0,0,1.0000,1.0000,18,18,18,0.4313,0.3340,19,1,0
5731,191.0,3819,121,23,2847,972,0,0,1350,512.11,0.688,0.587,0.418,0.054,0.578,-0.966,3.033,0.2428,1.7582,0.333,0.005,0.001,0.087,0.080,241,42,49,0,43,0,108309.12,28876.850,15282.527,104.270,11253.059,104.642,21371.893,9894.839,1934.770,11477.794,9182.236,1613.960,0.000,729.339,0.000211,-0.058233,2259,0,3,46,49,3,17400,131,46,104.263,0,0,0,0,0,0,0,0,0,0,0,0,0,0,27462,634,2128,27454.219,15281.577,11247.238,0.006,104.263,11266.839,8419.320,231.853,152,54,34,3,17,12269,10,0,0,0.000,0.000,0.000,0.000,0.000,3.180,1.281,0.221,0,1,1,0,0,65,0,0,0,0.000,0.000,0.000,0.000,0.000,0.000,0.000,0.000,0,0,0,0,0,0,0,0,0,0.000,0.000,0.000,0.000,0.000,0.000,0.000,0.000,0,0,0,0,0,0,0,0,0,0.000,0.000,0.000,0.000,0.000,0.000,0.000,0.000,0,0,0,0,0,0,0,0,0,0.000,0.000,0.000,0.000,0.000,0.000,0.000,0.000,0,0,0,0,0,0,0,0,0,0,0,0,0,0,0,0,0,0,81373,22098,9509,3339,1835,654,0,0,0,0,0,0,25026,6657,4439,2446,797,603,0,0,0,0,0,0,775.162,98.113,4310.158,961.743,0,0,0,237,145,275,651,248,129,798,337,890,371,41,410,256,192,213,202,30,79,0,0,0,0,0,0,0,0,0,0,0,0,1712,0,0,0,0,0,0,0,524,0,0,0,0,0,0,0,0,0,0,0,0,0,0,0,0,0,0,0,0,0,0,0,1.0000,1.0000,18,18,18,0.4358,0.3245,19,1,0
5761,192.0,3985,114,23,2921,1064,0,0,1447,498.79,0.702,0.600,0.413,0.055,0.570,-0.967,3.033,0.2442,1.8471,0.330,0.003,0.000,0.087,0.081,242,42,59,0,73,0,113843.77,30140.111,16668.741,138.007,12185.633,108.698,22849.676,10852.124,2114.223,13251.241,10600.993,2228.594,6.188,711.166,0.000336,-0.057747,2542,0,6,53,59,6,17564,128,53,137.993,0,0,0,0,0,0,0,0,0,0,0,0,0,0,30616,694,2414,29848.035,16664.366,12183.106,0.014,137.993,12558.504,9342.664,252.197,163,71,36,6,29,17901,0,0,0,0.000,0.000,0.000,0.000,0.000,0.000,0.000,0.000,0,0,0,0,0,0,0,0,0,0.000,0.000,0.000,0.000,0.000,0.000,0.000,0.000,0,0,0,0,0,0,0,0,0,0.000,0.000,0.000,0.000,0.000,0.000,0.000,0.000,0,0,0,0,0,0,0,0,0,0.000,0.000,0.000,0.000,0.000,0.000,0.000,0.000,0,0,0,0,0,0,0,0,0,0.000,0.000,0.000,0.000,0.000,0.000,0.000,0.000,0,0,0,0,0,0,0,0,0,0,0,0,0,0,0,0,0,0,83219,22185,9837,3264,1774,639,0,0,0,0,0,0,27784,7219,5662,2832,776,861,0,0,0,0,0,0,770.957,103.512,4615.464,1278.041,0,0,0,216,168,319,710,209,178,804,354,926,380,42,415,281,222,259,198,32,72,0,0,0,0,0,0,0,0,0,0,0,0,1763,0,0,0,0,0,0,0,561,0,0,0,0,0,0,0,0,0,0,0,0,0,0,0,0,0,0,0,0,0,0,0,1.0000,1.0000,18,18,18,0.4396,0.3226,19,1,0
5791,193.0,4191,102,23,3006,1185,0,0,1692,409.93,0.721,0.616,0.413,0.055,0.559,-0.967,3.033,0.2422,1.8078,0.323,0.003,0.001,0.087,0.081,232,58,47,0,44,0,120920.88,32522.071,18282.342,111.861,14036.589,94.233,24371.977,11771.162,2406.653,14454.140,11563.312,1529.967,18.301,850.278,0.000214,-0.057631,2890,0,1,46,46,1,18490,176,45,111.843,0,0,0,0,0,0,0,0,0,0,0,0,0,0,33718,761,2714,33413.355,18279.235,14036.090,0.000,111.843,13797.125,10216.193,261.332,196,75,54,1,20,17483,0,0,0,0.000,0.000,0.000,0.000,0.000,0.000,0.000,0.000,0,0,0,0,0,0,0,0,0,0.000,0.000,0.000,0.000,0.000,0.000,0.000,0.000,0,0,0,0,0,0,0,0,0,0.000,0.000,0.000,0.000,0.000,0.000,0.000,0.000,0,0,0,0,0,0,0,0,0,0.000,0.000,0.000,0.000,0.000,0.000,0.000,0.000,0,0,0,0,0,0,0,0,0,0.000,0.000,0.000,0.000,0.000,0.000,0.000,0.000,0,0,0,0,0,0,0,0,0,0,0,0,0,0,0,0,0,0,85872,22885,10158,3216,1663,538,0,0,0,0,0,0,30512,7892,5932,3206,772,857,0,0,0,0,0,0,781.338,108.254,5066.894,1312.941,0,0,0,247,172,340,771,259,164,829,356,937,407,35,442,301,239,276,258,34,77,0,0,0,0,0,0,0,0,0,0,0,0,1821,0,0,0,0,0,0,0,645,0,0,0,0,0,0,0,0,0,0,0,0,0,0,0,0,0,0,0,0,0,0,0,1.0000,1.0000,18,18,18,0.4388,0.3190,19,1,0
5821,194.0,4364,110,23,3081,1283,0,0,1867,449.48,0.734,0.626,0.412,0.054,0.552,-0.967,3.035,0.2444,1.8524,0.309,0.003,0.001,0.087,0.082,216,50,103,0,55,0,126178.76,33978.288,19508.640,192.076,15402.110,90.464,25884.743,12891.640,2705.735,14927.353,11941.883,2913.467,57.545,982.521,0.000183,-0.055979,3244,0,13,90,100,13,18910,180,87,192.023,0,0,0,0,0,0,0,0,0,0,0,0,0,0,36896,809,3064,36087.808,19507.644,15400.567,0.025,192.023,15087.559,11227.687,333.002,187,89,48,13,28,16869,0,0,0,0.000,0.000,0.000,0.000,0.000,0.000,0.000,0.000,0,0,0,0,0,0,0,0,0,0.000,0.000,0.000,0.000,0.000,0.000,0.000,0.000,0,0,0,0,0,0,0,0,0,0.000,0.000,0.000,0.000,0.000,0.000,0.000,0.000,0,0,0,0,0,0,0,0,0,0.000,0.000,0.000,0.000,0.000,0.000,0.000,0.000,0,0,0,0,0,0,0,0,0,0.000,0.000,0.000,0.000,0.000,0.000,0.000,0.000,0,0,0,0,0,0,0,0,0,0,0,0,0,0,0,0,0,0,88017,23363,10332,3098,1582,421,0,0,0,0,0,0,33348,8490,6334,3548,989,773,0,0,0,0,0,0,790.076,109.608,5522.391,1394.313,0,0,0,269,193,371,825,277,176,840,367,947,400,36,491,355,231,303,262,41,91,0,0,0,0,0,0,0,0,0,0,0,0,1874,0,0,0,0,0,0,0,697,0,0,0,0,0,0,0,0,0,0,0,0,0,0,0,0,0,0,0,0,0,0,0,1.0000,1.0000,18,18,18,0.4415,0.3161,19,1,0
5851,195.0,4571,72,23,3155,1415,0,1,2049,485.95,0.753,0.641,0.413,0.055,0.541,-0.967,3.033,0.2466,1.8019,0.313,0.003,0.001,0.087,0.082,219,56,50,0,84,0,131980.28,35695.554,21534.553,103.845,17169.215,89.710,27688.987,14189.250,3049.834,16292.461,13033.969,2258.178,0.341,1087.342,0.000245,-0.054781,3770,0,4,46,49,4,20101,184,45,103.812,0,0,0,0,0,0,0,11,11,10,0,0,10,0,40730,896,3586,39927.739,21533.964,17167.549,0.018,103.812,16627.889,12486.227,335.168,226,94,50,4,40,20496,0,0,0,0.000,0.000,0.000,0.000,0.000,0.000,0.000,0.000,0,0,0,0,0,0,26,0,0,0.000,0.000,0.000,0.000,0.000,9.912,0.977,1.187,0,0,0,0,0,0,0,0,0,0.000,0.000,0.000,0.000,0.000,0.000,0.000,0.000,0,0,0,0,0,0,0,0,0,0.000,0.000,0.000,0.000,0.000,0.000,0.000,0.000,0,0,0,0,0,0,0,0,0,0.000,0.000,0.000,0.000,0.000,0.000,0.000,0.000,0,0,0,0,0,0,0,1,0,0,0,0,0,0,0,0,0,0,90653,23892,10858,2961,1587,339,0,0,0,0,0,0,36808,9548,7124,3948,1424,668,0,0,0,0,0,0,800.872,113.685,6425.559,1510.782,0,0,0,286,192,397,913,293,207,869,365,951,410,39,521,385,264,308,308,48,102,0,0,1,0,0,0,0,0,0,0,0,0,1921,0,0,0,0,0,0,0,766,0,0,0,0,0,0,0,1,0,0,0,0,0,0,0,0,0,0,0,0,0,0,0,1.0000,1.0000,19,19,19,0.4494,0.3085,20,0,0
5881,196.0,4782,93,23,3263,1519,0,0,2256,432.47,0.762,0.650,0.411,0.055,0.536,-0.968,3.035,0.2465,1.8153,0.301,0.002,0.002,0.087,0.082,234,62,68,1,79,0,136974.44,38038.935,22314.862,124.641,19452.906,84.226,29330.663,15523.158,3364.449,16701.875,13361.500,2744.883,3.701,1177.058,0.000167,-0.054639,4316,0,14,54,66,14,20480,213,52,124.580,0,0,0,0,0,0,0,21,21,3,0,0,3,0,44093,923,4103,43104.507,22313.973,19451.595,0.014,124.580,17983.870,13686.677,390.040,216,112,59,14,39,25061,0,0,0,0.000,0.000,0.000,0.000,0.000,0.000,0.000,0.000,0,0,0,0,0,0,27,0,0,0.000,0.000,0.000,0.000,0.000,10.291,0.898,2.266,0,1,1,0,0,53,0,0,0,0.000,0.000,0.000,0.000,0.000,0.000,0.000,0.000,0,0,0,0,0,0,0,0,0,0.000,0.000,0.000,0.000,0.000,0.000,0.000,0.000,0,0,0,0,0,0,0,0,0,0.000,0.000,0.000,0.000,0.000,0.000,0.000,0.000,0,0,0,0,0,0,0,0,0,0,0,0,0,0,0,0,0,0,93269,25309,11004,2899,1578,296,0,0,0,0,0,0,39993,10507,7456,4127,1387,818,0,0,0,0,0,0,860.518,115.009,7097.073,1625.598,0,0,0,329,222,406,936,310,224,929,370,981,424,45,514,400,276,337,338,56,112,0,0,0,0,0,0,0,0,0,0,0,0,1964,0,0,0,0,0,0,0,843,0,0,0,0,0,0,0,0,0,0,0,0,0,0,0,0,0,0,0,0,0,0,0,1.0000,1.0000,18,18,18,0.4389,0.3125,19,0,0
5911,197.0,4958,83,23,3327,1631,0,0,2449,401.92,0.777,0.661,0.408,0.055,0.528,-0.968,3.042,0.2476,1.8309,0.305,0.002,0.001,0.088,0.082,236,53,72,0,98,0,141012.77,39881.827,22932.039,104.418,19987.068,83.883,31088.411,16749.392,3704.329,16500.044,13200.035,2686.815,9.037,1341.966,0.000223,-0.054264,4582,0,19,53,69,19,20933,235,50,104.378,0,0,0,0,0,0,0,0,0,0,0,0,0,0,47657,950,4347,44383.780,22930.901,19985.584,0.016,104.378,19459.443,14774.199,455.022,232,120,49,19,52,24561,0,0,0,0.000,0.000,0.000,0.000,0.000,0.000,0.000,0.000,0,0,0,0,0,0,0,0,0,0.000,0.000,0.000,0.000,0.000,0.000,0.000,0.000,0,0,0,0,0,0,0,0,0,0.000,0.000,0.000,0.000,0.000,0.000,0.000,0.000,0,0,0,0,0,0,0,0,0,0.000,0.000,0.000,0.000,0.000,0.000,0.000,0.000,0,0,0,0,0,0,0,0,0,0.000,0.000,0.000,0.000,0.000,0.000,0.000,0.000,0,0,0,0,0,0,0,0,0,0,0,0,0,0,0,0,0,0,96062,26879,11231,2964,1565,318,0,0,0,0,0,0,43299,11127,8280,4358,1519,640,0,0,0,0,0,0,930.019,118.047,7616.568,1718.343,0,0,0,308,248,405,971,324,236,963,387,991,439,39,508,419,314,365,346,57,130,0,0,0,0,0,0,0,0,0,0,0,0,1977,0,0,0,0,0,0,0,898,0,0,0,0,0,0,0,0,0,0,0,0,0,0,0,0,0,0,0,0,0,0,0,1.0000,1.0000,18,18,18,0.4391,0.3076,19,0,0
5941,198.0,5139,72,23,3385,1753,0,1,2673,442.48,0.792,0.675,0.410,0.057,0.520,-0.967,3.047,0.2504,1.8632,0.307,0.002,0.001,0.088,0.082,201,58,96,0,97,0,147020.28,42898.135,26099.577,162.577,21841.384,79.367,32592.038,17799.732,4119.794,17958.077,14366.462,3723.311,20.240,1306.032,0.000278,-0.054427,4891,0,19,77,95,19,21182,185,76,162.561,0,0,0,0,0,0,0,6,6,5,0,0,5,0,50816,1081,4706,49526.492,26095.166,21840.639,0.013,162.561,20793.127,15743.924,487.956,252,130,55,19,56,27247,0,0,0,0.000,0.000,0.000,0.000,0.000,0.000,0.000,0.000,0,0,0,0,0,0,15,0,0,0.000,0.000,0.000,0.000,0.000,5.401,1.398,0.775,0,0,0,0,0,0,0,0,0,0.000,0.000,0.000,0.000,0.000,0.000,0.000,0.000,0,0,0,0,0,0,0,0,0,0.000,0.000,0.000,0.000,0.000,0.000,0.000,0.000,0,0,0,0,0,0,0,0,0,0.000,0.000,0.000,0.000,0.000,0.000,0.000,0.000,0,0,0,0,0,0,0,1,0,0,0,0,0,0,0,0,0,0,97507,27874,11424,2902,1583,351,0,0,0,0,0,0,46122,11424,9077,4709,1549,773,0,0,0,0,0,0,979.182,118.709,7812.283,1920.187,0,0,0,378,235,487,1111,369,247,1000,412,990,432,34,517,445,317,414,362,61,154,0,1,0,0,0,0,0,0,0,0,0,0,1973,0,0,0,0,0,0,0,991,0,0,0,0,0,0,0,0,0,0,0,0,0,0,0,0,0,0,0,0,0,0,0,1.0000,1.0000,18,18,18,0.4317,0.3140,19,0,0
5971,199.0,5328,91,23,3464,1863,0,1,2880,410.11,0.804,0.684,0.413,0.056,0.514,-0.968,3.053,0.2503,1.8602,0.301,0.002,0.001,0.088,0.082,201,54,96,0,127,0,151562.94,45325.773,25378.301,137.410,24028.804,77.708,34295.228,18598.938,4524.241,19468.246,15574.597,3600.405,28.766,1357.615,0.000358,-0.055725,5499,0,23,73,95,23,21343,201,72,137.380,0,0,0,0,0,0,0,10,9,9,0,0,9,0,54090,1048,5298,50981.230,25376.691,24024.561,0.017,137.380,22212.355,16449.218,527.895,275,165,51,23,91,38491,0,0,0,0.000,0.000,0.000,0.000,0.000,0.000,0.000,0.000,0,0,0,0,0,0,30,0,0,0.000,0.000,0.000,0.000,0.000,10.799,1.891,1.163,0,0,0,0,0,0,0,0,0,0.000,0.000,0.000,0.000,0.000,0.000,0.000,0.000,0,0,0,0,0,0,0,0,0,0.000,0.000,0.000,0.000,0.000,0.000,0.000,0.000,0,0,0,0,0,0,0,0,0,0.000,0.000,0.000,0.000,0.000,0.000,0.000,0.000,0,0,0,0,0,0,0,0,0,0,0,0,0,0,0,0,0,0,100032,28951,12164,2926,1632,323,0,0,0,0,0,0,49342,11784,9207,4778,1615,982,0,0,0,0,0,0,1010.551,128.418,8060.354,1929.438,0,0,0,373,245,474,1073,368,240,1043,416,973,459,37,536,463,349,446,405,52,148,0,0,0,1,0,0,0,0,0,0,0,0,2005,0,0,0,0,0,0,0,1051,0,0,0,0,0,0,0,1,0,0,0,0,0,0,0,0,0,0,0,0,0,0,0,1.0000,1.0000,18,18,18,0.4426,0.2938,19,0,0
6001,200.0,5500,97,23,3517,1983,0,0,3062,428.27,0.817,0.692,0.416,0.057,0.506,-0.969,3.055,0.2461,1.8842,0.299,0.003,0.003,0.088,0.082,182,54,100,0,150,0,159389.30,47480.340,30005.543,151.472,25297.474,77.951,36013.217,19621.009,4870.878,19810.364,15848.291,4000.818,13.522,1329.467,0.000233,-0.057103,5831,0,17,83,100,17,21808,165,83,151.459,0,0,0,0,0,0,0,6,6,6,0,0,6,0,57772,1241,5666,57103.639,30002.918,25296.120,0.013,151.459,23722.884,17432.148,530.993,282,162,50,17,95,36391,0,0,0,0.000,0.000,0.000,0.000,0.000,0.000,0.000,0.000,0,0,0,0,0,0,10,0,0,0.000,0.000,0.000,0.000,0.000,3.599,0.617,0.775,0,1,1,0,0,55,0,0,0,0.000,0.000,0.000,0.000,0.000,0.000,0.000,0.000,0,0,0,0,0,0,0,0,0,0.000,0.000,0.000,0.000,0.000,0.000,0.000,0.000,0,0,0,0,0,0,0,0,0,0.000,0.000,0.000,0.000,0.000,0.000,0.000,0.000,0,0,0,0,0,0,0,0,0,0,0,0,0,0,0,0,0,0,102000,29995,12655,2879,1616,288,0,0,0,0,0,0,52657,12499,9014,5125,1836,1265,0,0,0,0,0,0,1037.556,136.806,8531.794,1945.532,0,0,0,426,266,577,1263,433,256,1068,438,971,461,36,543,495,353,465,446,68,156,0,0,0,0,0,0,0,0,0,0,0,0,2011,0,0,0,0,0,0,0,1135,0,0,0,0,0,0,0,0,0,0,0,0,0,0,0,0,0,0,0,0,0,0,0,1.0000,1.0000,20,20,20,0.4269,0.3061,20,0,0
6031,201.0,5678,76,23,3536,2142,0,0,3280,411.23,0.837,0.709,0.420,0.058,0.495,-0.968,3.059,0.2463,1.8486,0.296,0.003,0.002,0.088,0.082,194,47,114,0,149,0,164499.33,48706.797,30035.826,199.803,26794.725,75.852,37802.065,21174.307,5249.884,20846.756,16677.405,4102.337,24.580,1309.878,0.000261,-0.056872,6354,0,11,103,111,11,21916,212,100,199.773,0,0,0,0,0,0,0,0,0,0,0,0,0,0,61706,1244,6142,58684.598,30035.007,26793.785,0.008,199.773,25365.389,18871.935,611.739,313,154,47,11,96,32893,0,0,0,0.000,0.000,0.000,0.000,0.000,0.000,0.000,0.000,0,0,0,0,0,0,0,0,0,0.000,0.000,0.000,0.000,0.000,0.000,0.000,0.000,0,0,0,0,0,0,0,0,0,0.000,0.000,0.000,0.000,0.000,0.000,0.000,0.000,0,0,0,0,0,0,0,0,0,0.000,0.000,0.000,0.000,0.000,0.000,0.000,0.000,0,0,0,0,0,0,0,0,0,0.000,0.000,0.000,0.000,0.000,0.000,0.000,0.000,0,0,0,0,0,0,0,0,0,0,0,0,0,0,0,0,0,0,103146,31045,13153,2814,1620,279,0,0,0,0,0,0,56393,13777,9603,5313,2119,1335,0,0,0,0,0,0,1064.855,142.404,9521.971,2081.464,0,0,0,404,278,565,1268,417,279,1115,445,925,472,40,539,555,370,465,486,74,192,0,0,0,0,0,0,0,0,0,0,0,0,1976,0,0,0,0,0,0,0,1217,0,0,0,0,0,0,0,0,0,0,0,0,0,0,0,0,0,0,0,0,0,0,0,1.0000,1.0000,20,20,20,0.4394,0.3050,21,0,0
6061,202.0,5816,82,23,3558,2258,0,0,3457,373.65,0.851,0.718,0.421,0.057,0.488,-0.968,3.068,0.2438,1.8328,0.297,0.003,0.002,0.089,0.082,192,65,143,0,162,0,167875.98,50469.016,31054.338,213.149,27812.655,78.373,39698.878,22639.593,5618.320,21551.338,17241.071,4652.737,0.000,1440.053,0.000320,-0.056017,6706,0,27,116,140,27,21987,170,113,213.072,0,0,0,0,0,0,0,0,0,0,0,0,0,0,66135,1293,6536,60786.614,31053.511,27812.237,0.012,213.072,27216.627,20224.605,691.920,314,198,64,27,107,43395,0,0,0,0.000,0.000,0.000,0.000,0.000,0.000,0.000,0.000,0,0,0,0,0,0,0,0,0,0.000,0.000,0.000,0.000,0.000,0.000,0.000,0.000,0,0,0,0,0,0,0,0,0,0.000,0.000,0.000,0.000,0.000,0.000,0.000,0.000,0,0,0,0,0,0,0,0,0,0.000,0.000,0.000,0.000,0.000,0.000,0.000,0.000,0,0,0,0,0,0,0,0,0,0.000,0.000,0.000,0.000,0.000,0.000,0.000,0.000,0,0,0,0,0,0,0,0,0,0,0,0,0,0,0,0,0,0,103473,32165,12959,2789,1554,319,0,0,0,0,0,0,60342,14243,10275,5793,2469,1111,0,0,0,0,0,0,1104.764,138.324,10030.157,2181.461,0,0,0,449,289,587,1319,447,286,1143,439,937,448,42,549,556,385,505,502,92,218,0,0,0,0,0,0,0,0,0,0,0,0,1976,0,0,0,0,0,0,0,1317,0,0,0,0,0,0,0,0,0,0,0,0,0,0,0,0,0,0,0,0,0,0,0,1.0000,1.0000,20,20,20,0.4404,0.3067,20,0,0
6091,203.0,5954,67,23,3602,2352,0,0,3659,406.56,0.860,0.724,0.422,0.059,0.483,-0.968,3.069,0.2456,1.8177,0.291,0.004,0.001,0.089,0.082,167,63,135,0,201,0,170867.70,51395.243,33187.765,188.371,28786.991,81.494,41086.857,23854.233,5963.833,22505.013,18004.011,4791.551,33.921,1548.260,0.000426,-0.053090,7144,0,30,105,133,30,22280,204,103,188.273,0,0,0,0,0,0,0,0,0,0,0,0,0,0,69260,1377,6940,64023.334,33186.871,28785.486,0.056,188.273,28503.848,21338.041,764.609,324,230,62,30,138,52575,0,0,0,0.000,0.000,0.000,0.000,0.000,0.000,0.000,0.000,0,0,0,0,0,0,0,0,0,0.000,0.000,0.000,0.000,0.000,0.000,0.000,0.000,0,0,0,0,0,0,0,0,0,0.000,0.000,0.000,0.000,0.000,0.000,0.000,0.000,0,0,0,0,0,0,0,0,0,0.000,0.000,0.000,0.000,0.000,0.000,0.000,0.000,0,0,0,0,0,0,0,0,0,0.000,0.000,0.000,0.000,0.000,0.000,0.000,0.000,0,0,0,0,0,0,0,0,0,0,0,0,0,0,0,0,0,0,104490,33167,13084,2734,1464,312,0,0,0,0,0,0,63457,14880,10734,5803,2325,1081,0,0,0,0,0,0,1137.847,136.761,10468.636,2273.916,0,0,0,471,293,627,1406,483,297,1167,449,973,445,36,532,592,385,523,533,98,221,0,0,0,0,0,0,0,0,0,0,0,0,1986,0,0,0,0,0,0,0,1375,0,0,0,0,0,0,0,0,0,0,0,0,0,0,0,0,0,0,0,0,0,0,0,1.0000,1.0000,18,18,18,0.4344,0.3040,20,0,0
6121,204.0,6000,67,23,3595,2405,0,0,3819,346.63,0.867,0.730,0.423,0.058,0.479,-0.968,3.071,0.2436,1.8471,0.290,0.006,0.017,0.089,0.083,167,58,120,1,212,0,173455.61,52284.183,34039.549,158.977,31153.177,76.711,42089.959,24832.109,6295.339,18934.824,15147.860,5048.883,277.672,1563.876,0.000274,-0.052079,7614,0,34,86,117,34,21768,213,83,158.891,0,0,0,0,0,0,0,0,0,0,0,0,0,0,71508,1407,7401,67289.532,34039.474,31151.937,0.081,158.891,29400.365,22298.884,749.191,290,237,56,34,147,51956,0,0,0,0.000,0.000,0.000,0.000,0.000,0.000,0.000,0.000,0,0,0,0,0,0,0,0,0,0.000,0.000,0.000,0.000,0.000,0.000,0.000,0.000,0,0,0,0,0,0,0,0,0,0.000,0.000,0.000,0.000,0.000,0.000,0.000,0.000,0,0,0,0,0,0,0,0,0,0.000,0.000,0.000,0.000,0.000,0.000,0.000,0.000,0,0,0,0,0,0,0,0,0,0.000,0.000,0.000,0.000,0.000,0.000,0.000,0.000,0,0,0,0,0,0,0,0,0,0,0,0,0,0,0,0,0,0,105605,33790,13251,2735,1458,279,0,0,0,0,0,0,65953,16162,10543,5555,2017,985,0,0,0,0,0,0,1155.120,140.648,11108.024,2232.691,0,0,0,450,324,655,1429,457,323,1176,449,969,429,39,533,605,399,554,512,101,234,0,0,0,0,0,0,0,0,0,0,0,0,1970,0,0,0,0,0,0,0,1401,0,0,0,0,0,0,0,0,0,0,0,0,0,0,0,0,0,0,0,0,0,0,0,1.0000,1.0000,19,19,19,0.4172,0.3041,20,0,0
6151,205.0,6000,58,26,3560,2440,0,0,4002,350.47,0.873,0.735,0.424,0.059,0.476,-0.968,3.072,0.2425,1.8114,0.297,0.006,0.020,0.089,0.083,172,74,145,0,224,0,177272.23,53657.792,34924.537,188.557,30461.922,76.181,42414.170,25239.604,6620.118,19294.991,15435.993,5023.788,338.869,1458.712,0.000287,-0.052932,7393,0,30,115,141,30,21777,158,111,188.511,0,0,0,0,0,0,0,0,0,0,0,0,0,0,72518,1446,7235,67532.854,34923.487,30461.146,0.036,188.511,29819.485,22752.367,716.442,297,262,72,30,160,52162,0,0,0,0.000,0.000,0.000,0.000,0.000,0.000,0.000,0.000,0,0,0,0,0,0,0,0,0,0.000,0.000,0.000,0.000,0.000,0.000,0.000,0.000,0,0,0,0,0,0,0,0,0,0.000,0.000,0.000,0.000,0.000,0.000,0.000,0.000,0,0,0,0,0,0,0,0,0,0.000,0.000,0.000,0.000,0.000,0.000,0.000,0.000,0,0,0,0,0,0,0,0,0,0.000,0.000,0.000,0.000,0.000,0.000,0.000,0.000,0,0,0,0,0,0,0,0,0,0,0,0,0,0,0,0,0,0,104594,33970,12808,2854,1523,330,0,0,0,0,0,0,66993,16191,11051,5525,2058,956,0,0,0,0,0,0,1157.519,135.768,11245.392,2324.310,0,0,0,483,320,658,1470,482,320,1179,432,963,433,39,514,617,419,563,491,107,243,0,0,0,0,0,0,0,0,0,0,0,0,1949,0,0,0,0,0,0,0,1404,0,0,0,0,0,0,0,0,0,0,0,0,0,0,0,0,0,0,0,0,0,0,0,1.0000,1.0000,19,19,19,0.4351,0.3209,20,0,0
6181,206.0,6000,62,26,3522,2477,0,1,4027,372.51,0.882,0.739,0.425,0.060,0.472,-0.967,3.077,0.2445,1.8279,0.295,0.013,0.034,0.089,0.083,193,52,141,0,225,0,182379.67,55571.707,36064.458,190.613,31283.821,69.418,42836.120,25780.551,6752.312,18116.290,14493.032,5511.657,540.470,1674.976,0.000254,-0.053838,7661,0,30,111,140,30,21770,364,110,190.539,0,0,0,0,0,0,0,1,1,1,0,0,0,0,73775,1494,7294,69606.090,36061.856,31275.943,0.067,189.904,30355.392,23295.355,729.928,278,240,50,30,160,53736,18,0,1,10.254,0.000,4.645,0.000,0.000,2.641,1.087,0.000,0,0,0,0,0,0,21,0,2,2.932,0.000,1.175,0.000,0.635,5.657,0.852,0.764,0,0,0,0,0,0,0,0,0,0.000,0.000,0.000,0.000,0.000,0.000,0.000,0.000,0,0,0,0,0,0,0,0,0,0.000,0.000,0.000,0.000,0.000,0.000,0.000,0.000,0,0,0,0,0,0,0,0,0,0.000,0.000,0.000,0.000,0.000,0.000,0.000,0.000,0,0,0,0,0,0,0,0,0,0,1,0,0,0,0,0,0,0,103312,33898,12556,2841,1476,324,0,0,0,0,0,0,68174,17016,11349,5640,2101,1030,0,0,0,0,0,0,1154.972,131.677,11603.035,2380.867,0,0,0,500,292,735,1523,489,303,1181,431,969,407,44,490,638,405,569,529,83,253,0,0,1,0,0,0,0,0,0,0,0,0,1910,0,0,0,0,0,0,0,1434,0,0,0,0,0,0,0,1,0,0,0,0,0,0,0,0,0,0,0,0,0,0,0,1.0000,1.0000,19,19,19,0.4096,0.3158,20,0,0
6211,207.0,6000,65,26,3494,2505,0,1,4031,395.40,0.887,0.745,0.424,0.061,0.468,-0.967,3.081,0.2430,1.8543,0.299,0.013,0.051,0.089,0.083,168,37,129,0,219,0,187480.58,55431.694,36114.712,206.860,32283.823,68.676,43044.999,25905.261,6823.495,16616.631,13293.305,5070.501,927.630,1557.149,0.000236,-0.053353,7525,0,24,105,128,24,21811,236,104,206.680,0,0,0,0,0,0,0,0,0,0,0,0,0,0,74352,1496,7286,70615.708,36103.046,32278.027,0.180,206.680,30605.485,23433.123,710.471,253,225,37,24,164,50453,30,1,0,25.000,11.325,0.000,0.000,0.000,4.403,1.683,0.000,0,0,0,0,0,0,30,0,3,11.716,0.000,4.694,0.000,0.000,8.091,1.230,0.000,0,0,0,0,0,0,0,0,0,0.000,0.000,0.000,0.000,0.000,0.000,0.000,0.000,0,0,0,0,0,0,0,0,0,0.000,0.000,0.000,0.000,0.000,0.000,0.000,0.000,0,0,0,0,0,0,0,0,0,0.000,0.000,0.000,0.000,0.000,0.000,0.000,0.000,0,0,0,0,0,0,0,0,0,0,0,0,0,0,0,0,0,0,102645,34179,12514,2910,1471,345,0,0,0,0,0,0,68761,17314,11676,5651,2125,1088,0,0,0,0,0,0,1165.585,132.835,11832.745,2400.976,0,0,0,547,337,639,1520,553,335,1195,426,973,367,46,487,662,429,562,524,71,257,0,0,1,0,0,0,0,0,0,0,0,0,1873,0,0,0,0,0,0,0,1414,0,0,0,0,0,0,0,1,0,0,0,0,0,0,0,0,0,0,0,0,0,0,0,1.0000,1.0000,19,19,19,0.4159,0.3297,19,0,0
6241,208.0,5998,57,26,3436,2561,0,1,4127,403.77,0.900,0.753,0.426,0.062,0.462,-0.967,3.085,0.2420,1.8124,0.299,0.019,0.059,0.090,0.083,180,54,146,0,208,0,193157.09,55590.568,39164.487,189.692,31407.395,75.567,43518.727,26648.455,6883.658,18095.810,14476.648,5450.791,1578.381,1569.067,0.000310,-0.053546,7383,0,33,113,144,33,22025,253,111,189.463,0,0,0,0,0,0,0,0,0,0,0,0,0,0,75762,1627,7130,72896.871,39154.129,31406.526,0.220,189.463,31204.821,24179.081,711.530,288,232,52,33,147,54283,30,0,0,0.000,0.000,0.000,0.000,0.000,4.403,1.615,0.000,0,0,0,0,0,0,30,1,0,25.000,10.017,0.000,0.000,0.000,8.088,0.929,0.000,0,0,0,0,0,0,0,0,0,0.000,0.000,0.000,0.000,0.000,0.000,0.000,0.000,0,0,0,0,0,0,0,0,0,0.000,0.000,0.000,0.000,0.000,0.000,0.000,0.000,0,0,0,0,0,0,0,0,0,0.000,0.000,0.000,0.000,0.000,0.000,0.000,0.000,0,0,0,0,0,0,0,0,0,0,0,0,0,0,0,0,0,0,101285,34261,12506,2841,1442,356,0,0,0,0,0,0,70180,18477,11917,5642,2106,1135,0,0,0,0,0,0,1170.587,131.914,12463.541,2434.431,0,0,0,534,355,748,1645,550,337,1178,431,950,369,44,464,716,424,532,582,67,240,0,0,1,0,0,0,0,0,0,0,0,0,1827,0,0,0,0,0,0,0,1421,0,0,0,0,0,0,0,1,0,0,0,0,0,0,0,0,0,0,0,0,0,0,0,1.0000,1.0000,19,19,19,0.4208,0.3163,19,0,0
6271,209.0,5993,49,26,3398,2594,0,1,4057,412.95,0.908,0.758,0.430,0.063,0.457,-0.967,3.083,0.2426,1.8168,0.307,0.019,0.053,0.090,0.082,152,58,162,0,238,0,193463.69,55655.408,35899.511,208.612,32516.220,72.501,44098.213,27168.213,6922.669,19709.325,15767.460,6407.969,1145.063,1772.939,0.000344,-0.057165,7337,0,37,125,159,37,22087,223,122,208.414,0,0,0,0,0,0,0,0,0,0,0,0,0,0,77310,1491,7110,70598.111,35897.932,32501.238,0.153,208.414,31930.506,24682.082,742.564,302,269,57,37,175,68408,30,0,4,30.852,0.000,13.976,0.000,0.000,4.402,1.663,0.000,0,0,0,0,0,0,30,0,0,0.000,0.000,0.000,0.000,0.000,8.078,1.043,0.000,0,0,0,0,0,0,0,0,0,0.000,0.000,0.000,0.000,0.000,0.000,0.000,0.000,0,0,0,0,0,0,0,0,0,0.000,0.000,0.000,0.000,0.000,0.000,0.000,0.000,0,0,0,0,0,0,0,0,0,0.000,0.000,0.000,0.000,0.000,0.000,0.000,0.000,0,0,0,0,0,0,0,0,0,0,0,0,0,0,0,0,0,0,99751,33514,12865,2817,1424,393,0,0,0,0,0,0,71725,19551,12912,5645,2029,1378,0,0,0,0,0,0,1156.794,135.657,12915.991,2687.766,0,0,0,516,339,651,1514,523,346,1156,448,940,363,43,448,732,486,553,526,64,233,0,0,1,0,0,0,0,0,0,0,0,0,1794,0,0,0,0,0,0,0,1376,0,0,0,0,0,0,0,1,0,0,0,0,0,0,0,0,0,0,0,0,0,0,0,1.0000,1.0000,19,19,19,0.4231,0.3233,19,0,0
6301,210.0,5999,53,27,3371,2627,0,1,4079,367.86,0.915,0.762,0.432,0.064,0.454,-0.968,3.089,0.2411,1.8402,0.305,0.025,0.054,0.090,0.081,138,59,159,0,214,0,195930.28,56025.604,37165.382,206.209,32114.715,66.353,44451.218,27714.575,6831.984,19117.708,15294.167,5366.724,1150.714,1591.840,0.000307,-0.057449,7294,0,37,122,156,37,22022,199,119,206.007,0,0,0,0,0,0,0,0,0,0,0,0,0,0,78276,1541,7095,71491.538,37143.598,32113.758,0.179,206.007,32359.126,25242.202,749.113,295,262,59,37,166,64473,30,1,0,25.000,11.325,0.000,0.000,0.000,4.407,1.493,0.000,0,0,0,0,0,0,30,1,0,25.000,10.017,0.000,0.000,0.000,8.074,1.296,0.000,0,0,0,0,0,0,0,0,0,0.000,0.000,0.000,0.000,0.000,0.000,0.000,0.000,0,0,0,0,0,0,0,0,0,0.000,0.000,0.000,0.000,0.000,0.000,0.000,0.000,0,0,0,0,0,0,0,0,0,0.000,0.000,0.000,0.000,0.000,0.000,0.000,0.000,0,0,0,0,0,0,0,0,0,0,0,0,0,0,0,0,0,0,98889,33366,13007,2727,1396,390,0,0,0,0,0,0,72570,20248,13282,5766,2052,1431,0,0,0,0,0,0,1146.754,135.743,13282.136,2838.711,0,0,0,499,368,701,1564,511,358,1159,439,952,349,39,433,750,487,550,523,72,245,0,0,1,0,0,0,0,0,0,0,0,0,1773,0,0,0,0,0,0,0,1390,0,0,0,0,0,0,0,1,0,0,0,0,0,0,0,0,0,0,0,0,0,0,0,1.0000,1.0000,19,19,19,0.4300,0.3480,20,0,0
6331,211.0,5991,48,27,3342,2648,0,1,3995,368.93,0.921,0.766,0.436,0.064,0.452,-0.968,3.083,0.2416,1.8349,0.308,0.017,0.041,0.090,0.082,187,49,211,0,253,0,193121.69,55232.238,35920.938,328.168,32187.512,74.614,44816.205,27617.492,6798.969,21827.279,17461.823,7485.450,1454.042,1752.330,0.000398,-0.055542,7301,0,48,163,209,48,22201,221,161,327.888,0,0,0,0,0,0,0,0,0,0,0,0,0,0,78995,1489,7062,70227.066,35920.763,32165.359,0.262,327.888,32759.623,25137.557,760.856,327,306,48,48,210,67986,26,0,0,0.000,0.000,0.000,0.000,0.000,5.450,0.811,0.000,0,1,0,0,1,151,30,0,18,51.199,0.000,20.514,0.000,0.000,8.071,1.238,0.000,0,0,0,0,0,0,0,0,0,0.000,0.000,0.000,0.000,0.000,0.000,0.000,0.000,0,0,0,0,0,0,0,0,0,0.000,0.000,0.000,0.000,0.000,0.000,0.000,0.000,0,0,0,0,0,0,0,0,0,0.000,0.000,0.000,0.000,0.000,0.000,0.000,0.000,0,0,0,0,0,0,1,0,0,0,0,0,0,0,0,0,0,0,98292,33533,12668,2614,1325,380,0,0,0,0,0,0,73294,20248,13202,5757,2135,1278,0,0,0,0,0,0,1151.959,133.325,13237.411,2764.829,0,0,0,468,351,678,1502,471,336,1161,432,924,353,41,431,718,497,563,559,89,222,0,0,1,0,0,0,0,0,0,0,0,0,1749,0,0,0,0,0,0,0,1433,0,0,0,0,0,0,0,1,0,0,0,0,0,0,0,0,0,0,0,0,0,0,0,1.0000,1.0000,19,19,19,0.4171,0.3252,20,0,0
6361,212.0,6000,59,27,3323,2676,0,1,4036,400.75,0.927,0.769,0.439,0.063,0.449,-0.968,3.091,0.2404,1.7997,0.310,0.018,0.046,0.090,0.082,160,61,150,0,234,0,193726.09,55445.053,37014.658,196.611,34093.116,68.755,45131.022,26995.244,6742.446,19765.605,15812.484,6112.446,1497.462,1620.167,0.000265,-0.055739,7806,0,41,109,147,41,22331,136,106,196.334,0,0,0,0,0,0,0,0,0,0,0,0,0,0,79538,1531,7655,73350.582,37014.029,34087.560,0.248,196.334,33115.037,24507.772,762.453,299,271,58,41,172,64914,30,0,0,0.000,0.000,0.000,0.000,0.000,8.163,0.433,0.000,0,0,0,0,0,0,30,0,15,9.523,0.000,3.816,0.000,0.000,8.073,1.179,0.000,0,0,0,0,0,0,0,0,0,0.000,0.000,0.000,0.000,0.000,0.000,0.000,0.000,0,0,0,0,0,0,0,0,0,0.000,0.000,0.000,0.000,0.000,0.000,0.000,0.000,0,0,0,0,0,0,0,0,0,0.000,0.000,0.000,0.000,0.000,0.000,0.000,0.000,0,0,0,0,0,0,0,0,0,0,0,0,0,0,0,0,0,0,97748,33545,12683,2589,1289,395,0,0,0,0,0,0,73899,18558,13598,5699,1917,1305,0,0,0,0,0,0,1160.079,131.364,12143.252,2854.718,0,0,0,494,346,724,1553,482,345,1163,437,901,359,39,424,676,493,563,610,107,227,0,0,1,0,0,0,0,0,0,0,0,0,1723,0,0,0,0,0,0,0,1507,0,0,0,0,0,0,0,1,0,0,0,0,0,0,0,0,0,0,0,0,0,0,0,1.0000,1.0000,19,19,19,0.4065,0.3298,20,0,0
6391,213.0,6000,69,27,3284,2715,0,1,4098,357.18,0.935,0.775,0.442,0.061,0.445,-0.968,3.103,0.2418,1.8056,0.304,0.022,0.050,0.091,0.081,169,56,126,0,214,0,195045.72,54059.944,37712.762,181.400,32636.614,68.827,45609.301,27074.145,6827.608,17480.614,13984.491,4555.347,1427.492,1644.463,0.000354,-0.058811,7580,0,26,100,119,26,21950,251,93,181.235,0,0,0,0,0,0,0,0,0,0,0,0,0,0,80782,1559,7329,72573.762,37712.134,32633.146,0.125,181.235,33713.936,24560.615,794.517,273,234,56,26,152,55822,30,0,0,0.000,0.000,0.000,0.000,0.000,8.159,0.563,0.000,0,0,0,0,0,0,30,0,0,0.000,0.000,0.000,0.000,0.000,8.085,1.165,0.000,0,0,0,0,0,0,0,0,0,0.000,0.000,0.000,0.000,0.000,0.000,0.000,0.000,0,0,0,0,0,0,0,0,0,0.000,0.000,0.000,0.000,0.000,0.000,0.000,0.000,0,0,0,0,0,0,0,0,0,0.000,0.000,0.000,0.000,0.000,0.000,0.000,0.000,0,0,0,0,0,0,0,0,0,0,0,0,0,0,0,0,0,0,96498,33411,12897,2617,1174,432,0,0,0,0,0,0,75290,18571,13869,5552,1802,1167,0,0,0,0,0,0,1165.688,130.657,12091.048,2865.018,0,0,0,540,333,714,1577,540,329,1141,452,869,356,35,431,686,503,563,639,105,219,0,0,1,0,0,0,0,0,0,0,0,0,1691,0,0,0,0,0,0,0,1526,0,0,0,0,0,0,0,1,0,0,0,0,0,0,0,0,0,0,0,0,0,0,0,1.0000,1.0000,19,19,19,0.3944,0.3357,20,0,0
6421,214.0,6000,46,27,3246,2753,0,1,4147,430.88,0.941,0.782,0.445,0.062,0.440,-0.968,3.104,0.2384,1.8202,0.308,0.022,0.061,0.091,0.082,161,56,121,0,233,0,195092.47,53331.834,38098.006,186.557,31772.309,76.255,45932.979,27462.533,6911.319,18089.634,14471.708,4646.236,1533.327,1465.327,0.000251,-0.061478,7397,0,28,93,117,28,21642,192,89,186.453,0,0,0,0,0,0,0,0,0,0,0,0,0,0,81706,1576,7205,72062.275,38097.881,31771.430,0.087,186.453,34100.517,24976.802,794.851,282,245,55,28,162,62692,30,0,0,0.000,0.000,0.000,0.000,0.000,8.157,0.406,0.000,0,0,0,0,0,0,30,0,0,0.000,0.000,0.000,0.000,0.000,8.093,1.136,0.000,0,0,0,0,0,0,0,0,0,0.000,0.000,0.000,0.000,0.000,0.000,0.000,0.000,0,0,0,0,0,0,0,0,0,0.000,0.000,0.000,0.000,0.000,0.000,0.000,0.000,0,0,0,0,0,0,0,0,0,0.000,0.000,0.000,0.000,0.000,0.000,0.000,0.000,0,0,0,0,0,0,1,0,0,0,0,0,0,0,0,0,0,0,95656,33012,13052,2518,1121,403,0,0,0,0,0,0,76272,19179,14082,5494,1816,1350,0,0,0,0,0,0,1143.572,131.083,12317.966,2968.348,0,0,0,486,369,715,1593,507,366,1140,439,848,347,34,438,732,515,573,597,104,232,0,0,1,0,0,0,0,0,0,0,0,0,1667,0,0,0,0,0,0,0,1506,0,0,0,0,0,0,0,1,0,0,0,0,0,0,0,0,0,0,0,0,0,0,0,1.0000,1.0000,18,18,18,0.4119,0.3337,20,0,0
6451,215.0,5999,42,28,3221,2777,0,1,4146,378.45,0.945,0.784,0.448,0.063,0.438,-0.968,3.107,0.2398,1.8040,0.309,0.018,0.041,0.091,0.082,154,55,132,0,277,0,190253.23,52479.283,36666.149,191.597,31834.823,65.120,46341.277,28406.098,6930.357,20783.034,16626.427,5257.963,1632.526,1451.434,0.000260,-0.061935,7550,0,29,103,126,29,21638,145,97,191.454,0,0,0,0,0,0,0,0,0,0,0,0,0,0,82948,1517,7405,70696.570,36655.970,31834.555,0.106,191.454,34605.957,25959.106,781.809,330,305,53,29,223,77895,21,0,0,0.000,0.000,0.000,0.000,0.000,5.710,0.258,0.000,0,1,0,0,1,124,30,1,0,25.000,10.017,0.000,0.000,0.000,8.112,0.905,0.000,0,0,0,0,0,0,0,0,0,0.000,0.000,0.000,0.000,0.000,0.000,0.000,0.000,0,0,0,0,0,0,0,0,0,0.000,0.000,0.000,0.000,0.000,0.000,0.000,0.000,0,0,0,0,0,0,0,0,0,0.000,0.000,0.000,0.000,0.000,0.000,0.000,0.000,0,0,0,0,0,0,0,0,0,0,0,0,0,0,0,0,0,0,94496,32796,12642,2448,1176,316,0,0,0,0,0,0,77492,20412,13579,5507,1964,1406,0,0,0,0,0,0,1132.829,127.056,13381.018,2816.968,0,0,0,498,308,726,1536,505,300,1122,439,857,345,37,421,746,462,621,618,93,237,0,0,1,0,0,0,0,0,0,0,0,0,1660,0,0,0,0,0,0,0,1569,0,0,0,0,0,0,0,1,0,0,0,0,0,0,0,0,0,0,0,0,0,0,0,1.0000,1.0000,19,19,19,0.4074,0.3219,20,0,0
6481,216.0,6000,46,28,3243,2756,0,1,4168,424.29,0.943,0.780,0.450,0.062,0.440,-0.968,3.113,0.2360,1.8287,0.311,0.017,0.022,0.091,0.081,147,52,108,0,284,0,185403.58,51785.021,36030.944,160.249,31688.409,61.606,46408.052,28201.261,6932.456,19389.191,15511.353,5027.162,870.683,1508.418,0.000368,-0.060659,7791,0,22,86,105,22,21088,163,83,160.187,0,0,0,0,0,0,0,0,0,0,0,0,0,0,83027,1490,7628,69902.471,36030.481,31687.614,0.028,160.187,34652.823,25792.740,772.676,292,313,52,22,239,81641,0,0,0,0.000,0.000,0.000,0.000,0.000,0.000,0.000,0.000,0,0,0,0,0,0,30,0,0,0.000,0.000,0.000,0.000,0.000,8.097,0.478,0.000,0,0,0,0,0,0,0,0,0,0.000,0.000,0.000,0.000,0.000,0.000,0.000,0.000,0,0,0,0,0,0,0,0,0,0.000,0.000,0.000,0.000,0.000,0.000,0.000,0.000,0,0,0,0,0,0,0,0,0,0.000,0.000,0.000,0.000,0.000,0.000,0.000,0.000,0,0,0,0,0,0,0,0,0,0,0,0,0,0,0,0,0,0,94456,31942,13140,2439,1231,275,0,0,0,0,0,0,77668,19962,13193,5389,1980,1184,0,0,0,0,0,0,1093.635,132.263,13038.846,2719.110,0,0,0,515,311,687,1509,512,310,1095,456,894,342,35,421,719,483,635,590,95,234,0,0,1,0,0,0,0,0,0,0,0,0,1692,0,0,0,0,0,0,0,1554,0,0,0,0,0,0,0,1,0,0,0,0,0,0,0,0,0,0,0,0,0,0,0,1.0000,1.0000,19,19,19,0.4218,0.3272,20,0,0
6511,217.0,5997,61,28,3270,2727,0,0,4072,432.57,0.939,0.776,0.450,0.062,0.445,-0.968,3.122,0.2352,1.8018,0.311,0.003,0.005,0.091,0.081,163,49,133,0,331,0,176329.16,51666.114,31490.875,191.346,29938.952,65.165,46253.930,27394.289,6841.274,21738.356,17390.685,5796.911,346.567,1442.122,0.000356,-0.057476,7410,0,26,107,133,26,21311,188,107,191.328,0,0,0,0,0,0,0,0,0,0,0,0,0,0,82167,1308,7222,63477.761,31490.523,29938.424,0.018,191.328,34386.072,25057.424,733.337,314,343,47,26,270,89160,0,0,0,0.000,0.000,0.000,0.000,0.000,0.000,0.000,0.000,0,0,0,0,0,0,23,0,0,0.000,0.000,0.000,0.000,0.000,6.222,2.824,0.000,0,1,0,0,1,344,0,0,0,0.000,0.000,0.000,0.000,0.000,0.000,0.000,0.000,0,0,0,0,0,0,0,0,0,0.000,0.000,0.000,0.000,0.000,0.000,0.000,0.000,0,0,0,0,0,0,0,0,0,0.000,0.000,0.000,0.000,0.000,0.000,0.000,0.000,0,0,0,0,0,0,0,0,0,0,0,0,0,0,0,0,0,0,95364,31018,13725,2397,1248,254,0,0,0,0,0,0,76813,19207,13366,5377,1990,1303,0,0,0,0,0,0,1054.771,140.704,12238.933,2758.655,0,0,0,451,284,603,1323,439,281,1061,479,912,345,38,435,707,495,579,604,94,248,0,0,0,0,0,0,0,0,0,0,0,0,1730,0,0,0,0,0,0,0,1525,0,0,0,0,0,0,0,0,0,0,0,0,0,0,0,0,0,0,0,0,0,0,0,1.0000,1.0000,19,19,19,0.4146,0.3211,20,0,0
6541,218.0,5950,51,28,3266,2684,0,0,3997,357.27,0.935,0.771,0.453,0.059,0.447,-0.968,3.129,0.2362,1.7903,0.303,0.001,0.001,0.091,0.081,153,59,158,0,251,0,169106.34,50391.556,31991.021,209.158,29905.301,74.882,45868.187,27118.244,6698.563,17964.376,14371.501,5033.061,34.298,1469.324,0.000289,-0.057155,7634,0,36,122,152,36,20716,265,116,208.949,0,0,0,0,0,0,0,0,0,0,0,0,0,0,81113,1325,7369,63831.010,31990.585,29901.968,0.130,208.949,33968.095,24769.048,746.676,264,307,57,36,214,79213,0,0,0,0.000,0.000,0.000,0.000,0.000,0.000,0.000,0.000,0,0,0,0,0,0,0,0,0,0.000,0.000,0.000,0.000,0.000,0.000,0.000,0.000,0,0,0,0,0,0,0,0,0,0.000,0.000,0.000,0.000,0.000,0.000,0.000,0.000,0,0,0,0,0,0,0,0,0,0.000,0.000,0.000,0.000,0.000,0.000,0.000,0.000,0,0,0,0,0,0,0,0,0,0.000,0.000,0.000,0.000,0.000,0.000,0.000,0.000,0,0,0,0,0,0,0,0,0,0,0,0,0,0,0,0,0,0,95572,30188,14169,2327,1159,304,0,0,0,0,0,0,75767,19508,13157,5346,1842,1385,0,0,0,0,0,0,1038.305,147.412,12306.356,2769.703,0,0,0,448,299,585,1342,460,295,1033,480,932,336,38,447,721,466,559,621,84,233,0,0,0,0,0,0,0,0,0,0,0,0,1753,0,0,0,0,0,0,0,1497,0,0,0,0,0,0,0,0,0,0,0,0,0,0,0,0,0,0,0,0,0,0,0,1.0000,1.0000,19,19,19,0.4133,0.3210,20,0,0
6571,219.0,5826,56,28,3246,2580,0,0,3988,400.60,0.926,0.763,0.456,0.059,0.454,-0.968,3.132,0.2345,1.8217,0.303,0.001,0.002,0.091,0.081,161,69,110,0,300,0,162070.06,48806.866,30762.902,135.987,28371.995,67.491,44950.498,26499.474,6661.341,15329.506,12263.605,4065.649,17.088,1482.093,0.000206,-0.057069,7356,0,24,86,109,24,20583,241,85,135.929,0,0,0,0,0,0,0,0,0,0,0,0,0,0,78798,1275,7115,61049.219,30762.052,28371.651,0.054,135.929,33042.688,24212.338,715.176,227,331,67,24,240,89914,0,0,0,0.000,0.000,0.000,0.000,0.000,0.000,0.000,0.000,0,0,0,0,0,0,0,0,0,0.000,0.000,0.000,0.000,0.000,0.000,0.000,0.000,0,0,0,0,0,0,0,0,0,0.000,0.000,0.000,0.000,0.000,0.000,0.000,0.000,0,0,0,0,0,0,0,0,0,0.000,0.000,0.000,0.000,0.000,0.000,0.000,0.000,0,0,0,0,0,0,0,0,0,0.000,0.000,0.000,0.000,0.000,0.000,0.000,0.000,0,0,0,0,0,0,0,0,0,0,0,0,0,0,0,0,0,0,95495,29428,13591,2318,1114,236,0,0,0,0,0,0,73640,19367,12691,5158,1789,1222,0,0,0,0,0,0,1004.247,140.206,12165.289,2635.388,0,0,0,462,288,550,1295,453,290,995,443,960,362,31,455,671,471,568,570,80,220,0,0,0,0,0,0,0,0,0,0,0,0,1808,0,0,0,0,0,0,0,1438,0,0,0,0,0,0,0,0,0,0,0,0,0,0,0,0,0,0,0,0,0,0,0,1.0000,1.0000,19,19,19,0.4244,0.3065,20,0,0
6601,220.0,5664,62,28,3228,2436,0,0,3863,431.58,0.911,0.751,0.457,0.059,0.463,-0.969,3.129,0.2325,1.7577,0.306,0.001,0.002,0.091,0.081,191,81,113,0,339,0,156847.78,48039.592,30652.934,155.385,27023.836,73.895,43568.926,25072.155,6582.920,15847.727,12678.182,4158.322,168.927,1349.396,0.000247,-0.055547,6989,0,23,90,111,23,20312,243,88,155.277,0,0,0,0,0,0,0,0,0,0,0,0,0,0,75343,1271,6746,59494.841,30652.546,27023.056,0.063,155.277,31712.734,22878.909,671.745,232,376,78,23,275,98954,0,0,0,0.000,0.000,0.000,0.000,0.000,0.000,0.000,0.000,0,0,0,0,0,0,0,0,0,0.000,0.000,0.000,0.000,0.000,0.000,0.000,0.000,0,0,0,0,0,0,0,0,0,0.000,0.000,0.000,0.000,0.000,0.000,0.000,0.000,0,0,0,0,0,0,0,0,0,0.000,0.000,0.000,0.000,0.000,0.000,0.000,0.000,0,0,0,0,0,0,0,0,0,0.000,0.000,0.000,0.000,0.000,0.000,0.000,0.000,0,0,0,0,0,0,0,0,0,0,0,0,0,0,0,0,0,0,94787,28697,13049,2416,1076,254,0,0,0,0,0,0,70618,17811,12637,4725,1606,927,0,0,0,0,0,0,965.885,137.896,11185.636,2607.225,0,0,0,422,305,568,1289,411,300,993,431,961,358,34,451,637,421,538,549,85,206,0,0,0,0,0,0,0,0,0,0,0,0,1804,0,0,0,0,0,0,0,1378,0,0,0,0,0,0,0,0,0,0,0,0,0,0,0,0,0,0,0,0,0,0,0,1.0000,1.0000,21,21,21,0.4136,0.3168,21,0,0
6631,221.0,5538,53,28,3198,2340,0,0,3695,436.38,0.904,0.744,0.457,0.058,0.469,-0.969,3.135,0.2300,1.7872,0.313,0.002,0.001,0.092,0.081,158,75,109,0,292,0,152469.16,46492.124,29832.416,141.076,26288.763,69.271,42064.727,23829.374,6313.939,15102.472,12081.978,4377.562,33.738,1204.398,0.000275,-0.056620,6729,0,19,90,104,19,20081,163,85,140.924,0,0,0,0,0,0,0,0,0,0,0,0,0,0,71700,1234,6566,57874.807,29832.043,26288.313,0.097,140.924,30296.078,21718.096,606.731,222,318,70,19,229,88987,0,0,0,0.000,0.000,0.000,0.000,0.000,0.000,0.000,0.000,0,0,0,0,0,0,0,0,0,0.000,0.000,0.000,0.000,0.000,0.000,0.000,0.000,0,0,0,0,0,0,0,0,0,0.000,0.000,0.000,0.000,0.000,0.000,0.000,0.000,0,0,0,0,0,0,0,0,0,0.000,0.000,0.000,0.000,0.000,0.000,0.000,0.000,0,0,0,0,0,0,0,0,0,0.000,0.000,0.000,0.000,0.000,0.000,0.000,0.000,0,0,0,0,0,0,0,0,0,0,0,0,0,0,0,0,0,0,94184,28671,12605,2335,952,304,0,0,0,0,0,0,67397,16673,11845,4303,1417,909,0,0,0,0,0,0,954.746,134.857,10542.509,2429.787,0,0,0,397,261,586,1253,412,263,981,425,947,367,31,447,590,404,548,506,89,203,0,0,0,0,0,0,0,0,0,0,0,0,1792,0,0,0,0,0,0,0,1346,0,0,0,0,0,0,0,0,0,0,0,0,0,0,0,0,0,0,0,0,0,0,0,1.0000,1.0000,21,21,21,0.4088,0.3196,21,0,0
6661,222.0,5450,64,28,3182,2267,1,0,3689,426.17,0.898,0.738,0.455,0.059,0.474,-0.968,3.140,0.2309,1.7808,0.305,0.001,0.003,0.092,0.081,186,60,84,0,283,0,147634.84,44609.585,27733.602,113.351,25254.596,71.643,40896.286,22870.488,6188.448,14645.664,11716.532,3167.229,104.228,1135.046,0.000243,-0.057003,6648,0,17,67,84,17,19939,156,67,113.315,14,14,1,0,0,1,0,0,0,0,0,0,0,0,68899,1149,6492,54685.704,27733.131,25248.759,0.035,113.315,29129.503,20782.677,589.819,217,290,60,17,213,87496,0,0,0,0.000,0.000,0.000,0.000,0.000,0.000,0.000,0.000,0,0,0,0,0,0,0,0,0,0.000,0.000,0.000,0.000,0.000,0.000,0.000,0.000,0,0,0,0,0,0,0,0,0,0.000,0.000,0.000,0.000,0.000,0.000,0.000,0.000,0,0,0,0,0,0,0,0,0,0.000,0.000,0.000,0.000,0.000,0.000,0.000,0.000,0,0,0,0,0,0,14,0,0,0.000,0.000,0.000,0.000,0.000,4.279,0.882,0.496,0,0,0,0,0,0,0,0,1,0,0,0,0,0,0,0,0,0,93934,28568,12614,2251,930,258,0,0,0,0,0,0,64641,15815,10972,4272,1366,828,0,0,0,0,0,0,949.190,133.493,10061.676,2237.152,0,0,0,401,246,526,1162,391,243,975,423,930,377,28,449,587,373,531,486,77,213,0,0,0,0,0,0,0,0,1,0,0,0,1784,0,0,0,0,0,0,0,1307,0,0,0,0,0,0,0,0,0,0,0,0,0,0,0,1,0,0,0,0,0,0,0,1.0000,1.0000,21,21,21,0.4107,0.3176,21,0,0
6691,223.0,5328,58,28,3168,2159,1,0,3596,426.01,0.885,0.727,0.454,0.059,0.482,-0.969,3.143,0.2289,1.7801,0.310,0.002,0.003,0.092,0.081,188,57,74,0,310,0,142879.09,42712.131,27726.652,92.157,22691.699,68.574,39751.920,22279.869,6133.013,13888.125,11110.500,3265.486,7.292,1071.474,0.000275,-0.057433,6176,0,16,58,74,16,19522,165,58,92.139,30,7,3,0,0,3,0,0,0,0,0,0,0,0,66254,1143,6011,51955.728,27725.825,22690.716,0.018,92.139,28069.485,20273.005,527.931,209,317,54,16,247,90276,0,0,0,0.000,0.000,0.000,0.000,0.000,0.000,0.000,0.000,0,0,0,0,0,0,0,0,0,0.000,0.000,0.000,0.000,0.000,0.000,0.000,0.000,0,0,0,0,0,0,0,0,0,0.000,0.000,0.000,0.000,0.000,0.000,0.000,0.000,0,0,0,0,0,0,0,0,0,0.000,0.000,0.000,0.000,0.000,0.000,0.000,0.000,0,0,0,0,0,0,30,0,0,0.000,0.000,0.000,0.000,0.000,9.179,2.120,0.248,0,0,0,0,0,0,0,0,0,0,0,0,0,0,0,0,0,0,93046,28328,12550,2303,894,328,0,0,0,0,0,0,62156,15798,10898,4128,1428,831,0,0,0,0,0,0,935.047,132.424,9917.436,2262.525,0,0,0,383,265,503,1157,393,265,975,429,935,358,32,439,560,389,482,454,61,213,0,0,0,0,0,0,0,0,1,0,0,0,1764,0,0,0,0,0,0,0,1210,0,0,0,0,0,0,0,0,0,0,0,0,0,0,0,1,0,0,0,0,0,0,0,1.0000,1.0000,21,21,21,0.4102,0.3169,21,0,0
6721,224.0,5188,65,28,3135,2052,1,0,3462,454.86,0.873,0.717,0.451,0.058,0.490,-0.969,3.148,0.2280,1.7700,0.321,0.001,0.001,0.092,0.081,187,63,59,0,281,0,136740.88,41863.181,23596.360,79.578,22259.359,79.281,38575.751,21279.102,5993.431,11330.439,9064.352,2475.631,70.378,1016.962,0.000200,-0.057517,5634,0,9,50,56,9,19065,128,47,79.560,30,22,10,0,0,10,0,0,0,0,0,0,0,0,63634,974,5506,47311.138,23596.134,22258.846,0.002,79.560,26986.238,19337.690,464.772,167,274,59,9,206,74997,0,0,0,0.000,0.000,0.000,0.000,0.000,0.000,0.000,0.000,0,0,0,0,0,0,0,0,0,0.000,0.000,0.000,0.000,0.000,0.000,0.000,0.000,0,0,0,0,0,0,0,0,0,0.000,0.000,0.000,0.000,0.000,0.000,0.000,0.000,0,0,0,0,0,0,0,0,0,0.000,0.000,0.000,0.000,0.000,0.000,0.000,0.000,0,0,0,0,0,0,30,0,0,0.000,0.000,0.000,0.000,0.000,9.190,2.011,0.779,0,0,0,0,0,0,0,0,0,0,0,0,0,0,0,0,0,0,92312,28218,12384,2327,870,317,0,0,0,0,0,0,59850,15491,10535,3814,1400,762,0,0,0,0,0,0,940.689,130.798,9625.953,2136.610,0,0,0,348,212,431,984,344,201,963,413,926,365,30,438,536,361,492,419,76,168,0,0,0,0,0,0,0,0,1,0,0,0,1759,0,0,0,0,0,0,0,1155,0,0,0,0,0,0,0,0,0,0,0,0,0,0,0,1,0,0,0,0,0,0,0,1.0000,1.0000,21,21,21,0.4048,0.3127,21,0,0
6751,225.0,5058,72,29,3125,1933,0,0,3420,426.17,0.857,0.702,0.451,0.057,0.500,-0.969,3.149,0.2278,1.7789,0.320,0.001,0.002,0.091,0.081,188,56,54,0,273,0,131505.69,40542.062,23105.947,70.487,21314.474,73.859,37030.904,19864.533,5859.466,10656.620,8525.296,2963.051,57.494,1046.914,0.000259,-0.056371,5648,0,8,46,51,8,19090,152,43,70.442,9,9,0,0,0,0,0,0,0,0,0,0,0,0,60147,953,5496,45760.364,23105.927,21302.279,0.012,70.442,25522.745,17994.044,423.227,153,272,56,8,208,82763,0,0,0,0.000,0.000,0.000,0.000,0.000,0.000,0.000,0.000,0,0,0,0,0,0,0,0,0,0.000,0.000,0.000,0.000,0.000,0.000,0.000,0.000,0,0,0,0,0,0,0,0,0,0.000,0.000,0.000,0.000,0.000,0.000,0.000,0.000,0,0,0,0,0,0,0,0,0,0.000,0.000,0.000,0.000,0.000,0.000,0.000,0.000,0,0,0,0,0,0,9,0,0,0.000,0.000,0.000,0.000,0.000,2.757,0.687,0.319,0,1,0,0,1,83,0,0,0,0,0,0,0,0,0,0,0,0,91586,27916,12151,2347,822,283,0,0,0,0,0,0,56523,14160,9842,3633,1208,738,0,0,0,0,0,0,929.738,126.599,8768.000,1955.804,0,0,0,305,214,451,963,302,220,955,408,905,386,34,437,496,339,459,409,61,169,0,0,0,0,0,0,0,0,0,0,0,0,1762,0,0,0,0,0,0,0,1098,0,0,0,0,0,0,0,0,0,0,0,0,0,0,0,0,0,0,0,0,0,0,0,1.0000,1.0000,21,21,21,0.3856,0.3140,23,0,0
6781,226.0,4956,50,29,3117,1839,0,0,3295,414.69,0.843,0.690,0.449,0.057,0.509,-0.969,3.145,0.2271,1.7908,0.321,0.001,0.002,0.091,0.081,191,64,43,0,261,0,126787.28,38812.986,22823.025,55.693,20507.343,76.843,35677.879,18841.913,5750.576,11207.997,8966.398,2834.791,67.111,996.239,0.000240,-0.058489,5389,0,12,31,40,12,19051,162,28,55.640,0,0,0,0,0,0,0,0,0,0,0,0,0,0,56932,942,5227,44674.613,22822.586,20506.894,0.009,55.640,24163.068,17002.840,416.293,159,253,58,12,183,76410,0,0,0,0.000,0.000,0.000,0.000,0.000,0.000,0.000,0.000,0,0,0,0,0,0,0,0,0,0.000,0.000,0.000,0.000,0.000,0.000,0.000,0.000,0,0,0,0,0,0,0,0,0,0.000,0.000,0.000,0.000,0.000,0.000,0.000,0.000,0,0,0,0,0,0,0,0,0,0.000,0.000,0.000,0.000,0.000,0.000,0.000,0.000,0,0,0,0,0,0,0,0,0,0.000,0.000,0.000,0.000,0.000,0.000,0.000,0.000,0,0,0,0,0,0,0,0,0,0,0,0,0,0,0,0,0,0,91524,27854,12161,2412,812,308,0,0,0,0,0,0,53604,13540,9313,3328,1084,726,0,0,0,0,0,0,909.052,129.825,8221.660,1849.400,0,0,0,291,207,434,954,307,202,953,424,893,376,33,438,469,345,437,371,64,153,0,0,0,0,0,0,0,0,0,0,0,0,1740,0,0,0,0,0,0,0,1025,0,0,0,0,0,0,0,0,0,0,0,0,0,0,0,0,0,0,0,0,0,0,0,1.0000,1.0000,21,21,21,0.3899,0.3095,21,0,0
6811,227.0,4799,60,29,3075,1724,0,0,3130,478.80,0.829,0.678,0.447,0.057,0.518,-0.969,3.149,0.2265,1.7755,0.320,0.001,0.002,0.091,0.082,180,61,44,1,250,0,121444.27,37146.390,19495.705,41.744,18728.464,83.896,33973.166,17449.006,5522.809,8410.073,6728.058,2322.162,105.192,972.505,0.000236,-0.058572,4982,0,12,32,42,12,18941,178,30,41.718,0,0,0,0,0,0,0,0,0,0,0,0,0,0,53216,805,4804,39425.367,19495.297,18728.114,0.005,41.718,22607.727,15659.719,375.240,121,236,57,12,167,69719,0,0,0,0.000,0.000,0.000,0.000,0.000,0.000,0.000,0.000,0,0,0,0,0,0,0,0,0,0.000,0.000,0.000,0.000,0.000,0.000,0.000,0.000,0,0,0,0,0,0,0,0,0,0.000,0.000,0.000,0.000,0.000,0.000,0.000,0.000,0,0,0,0,0,0,0,0,0,0.000,0.000,0.000,0.000,0.000,0.000,0.000,0.000,0,0,0,0,0,0,0,0,0,0.000,0.000,0.000,0.000,0.000,0.000,0.000,0.000,0,0,0,0,0,0,0,0,0,0,0,0,0,0,0,0,0,0,90457,27765,12164,2403,830,279,0,0,0,0,0,0,50078,12295,9550,3138,1026,690,0,0,0,0,0,0,901.652,130.098,7400.510,1903.113,0,0,0,274,203,357,824,267,205,962,395,893,374,29,422,440,349,388,361,48,138,0,0,0,0,0,0,0,0,0,0,0,0,1718,0,0,0,0,0,0,0,935,0,0,0,0,0,0,0,0,0,0,0,0,0,0,0,0,0,0,0,0,0,0,0,1.0000,1.0000,21,21,21,0.3977,0.3205,21,0,0
6841,228.0,4626,51,29,3017,1609,0,0,2966,481.24,0.816,0.667,0.444,0.056,0.527,-0.969,3.158,0.2280,1.7790,0.321,0.001,0.002,0.091,0.083,184,67,45,2,250,0,115733.05,34779.255,18344.489,51.759,17248.631,80.879,32325.591,16554.451,5215.931,8089.436,6471.549,2345.372,31.198,796.284,0.000235,-0.058187,4645,0,5,40,40,5,18705,145,35,51.707,0,0,0,0,0,0,0,0,0,0,0,0,0,0,49808,756,4500,36706.637,18340.725,17246.863,0.019,51.707,21180.050,14794.655,360.598,115,230,60,5,165,69127,0,0,0,0.000,0.000,0.000,0.000,0.000,0.000,0.000,0.000,0,0,0,0,0,0,0,0,0,0.000,0.000,0.000,0.000,0.000,0.000,0.000,0.000,0,0,0,0,0,0,0,0,0,0.000,0.000,0.000,0.000,0.000,0.000,0.000,0.000,0,0,0,0,0,0,0,0,0,0.000,0.000,0.000,0.000,0.000,0.000,0.000,0.000,0,0,0,0,0,0,0,0,0,0.000,0.000,0.000,0.000,0.000,0.000,0.000,0.000,0,0,0,0,0,0,0,0,0,0,0,0,0,0,0,0,0,0,88906,27653,11365,2408,810,229,0,0,0,0,0,0,46761,11820,9312,3047,1070,712,0,0,0,0,0,0,901.316,119.964,7125.017,1849.869,0,0,0,253,171,340,773,259,176,938,374,897,364,29,415,398,324,379,332,36,140,0,0,0,0,0,0,0,0,0,0,0,0,1705,0,0,0,0,0,0,0,887,0,0,0,0,0,0,0,0,0,0,0,0,0,0,0,0,0,0,0,0,0,0,0,1.0000,1.0000,21,21,21,0.3946,0.3195,21,0,0
6871,229.0,4479,58,29,2971,1508,0,0,2821,552.33,0.803,0.656,0.442,0.056,0.536,-0.969,3.163,0.2281,1.7553,0.326,0.001,0.001,0.091,0.083,220,76,41,0,223,0,110542.13,33044.522,16897.807,52.447,15949.596,83.378,30946.661,15498.073,4986.149,8257.254,6605.803,1250.577,4.893,847.892,0.000132,-0.058255,4405,0,1,40,39,1,18644,160,38,52.428,0,0,0,0,0,0,0,0,0,0,0,0,0,0,46840,698,4245,33903.016,16897.257,15946.470,0.002,52.428,20002.659,13820.014,316.691,118,219,71,1,147,67128,0,0,0,0.000,0.000,0.000,0.000,0.000,0.000,0.000,0.000,0,0,0,0,0,0,0,0,0,0.000,0.000,0.000,0.000,0.000,0.000,0.000,0.000,0,0,0,0,0,0,0,0,0,0.000,0.000,0.000,0.000,0.000,0.000,0.000,0.000,0,0,0,0,0,0,0,0,0,0.000,0.000,0.000,0.000,0.000,0.000,0.000,0.000,0,0,0,0,0,0,0,0,0,0.000,0.000,0.000,0.000,0.000,0.000,0.000,0.000,0,0,0,0,0,0,0,0,0,0,0,0,0,0,0,0,0,0,87495,27137,10810,2359,819,210,0,0,0,0,0,0,43945,10435,8400,2895,935,651,0,0,0,0,0,0,871.284,113.737,6445.034,1673.458,0,0,0,243,154,321,711,237,148,931,359,882,362,30,407,354,306,365,310,27,146,0,0,0,0,0,0,0,0,0,0,0,0,1681,0,0,0,0,0,0,0,848,0,0,0,0,0,0,0,0,0,0,0,0,0,0,0,0,0,0,0,0,0,0,0,1.0000,1.0000,21,21,21,0.3916,0.3351,21,0,0
6901,230.0,4319,82,28,2913,1406,0,0,2708,459.20,0.789,0.645,0.438,0.056,0.544,-0.970,3.162,0.2254,1.7465,0.335,0.001,0.001,0.091,0.084,200,53,52,0,216,0,105172.87,31556.334,15869.898,73.216,14455.962,83.327,29379.589,14430.770,4748.280,6720.765,5376.612,2220.657,6.282,738.987,0.000239,-0.059615,3939,0,5,47,50,5,18340,139,45,73.189,0,0,0,0,0,0,0,0,0,0,0,0,0,0,43627,654,3800,31248.319,15869.723,14455.495,0.022,73.189,18658.732,12785.324,308.338,95,197,48,5,144,58405,0,0,0,0.000,0.000,0.000,0.000,0.000,0.000,0.000,0.000,0,0,0,0,0,0,0,0,0,0.000,0.000,0.000,0.000,0.000,0.000,0.000,0.000,0,0,0,0,0,0,0,0,0,0.000,0.000,0.000,0.000,0.000,0.000,0.000,0.000,0,0,0,0,0,0,0,0,0,0.000,0.000,0.000,0.000,0.000,0.000,0.000,0.000,0,0,0,0,0,0,0,0,0,0.000,0.000,0.000,0.000,0.000,0.000,0.000,0.000,0,0,0,0,0,0,0,0,0,0,0,0,0,0,0,0,0,0,85793,27139,9991,2348,840,210,0,0,0,0,0,0,40851,9544,7594,2776,814,561,0,0,0,0,0,0,862.475,106.856,5804.509,1500.236,0,0,0,235,147,303,661,219,151,932,330,877,348,36,390,345,253,351,287,50,120,0,0,0,0,0,0,0,0,0,0,0,0,1651,0,0,0,0,0,0,0,808,0,0,0,0,0,0,0,0,0,0,0,0,0,0,0,0,0,0,0,0,0,0,0,1.0000,1.0000,22,22,22,0.3975,0.3305,22,0,0
6931,231.0,4196,68,28,2859,1337,0,0,2555,589.03,0.781,0.638,0.435,0.055,0.550,-0.970,3.170,0.2258,1.7798,0.336,0.001,0.001,0.091,0.083,197,47,42,0,205,0,99294.08,29788.394,15009.760,70.495,14279.051,82.451,28131.843,13751.955,4561.446,7006.545,5605.236,2093.016,38.275,769.593,0.000146,-0.059503,3775,0,1,41,42,1,18179,109,41,70.479,0,0,0,0,0,0,0,0,0,0,0,0,0,0,41179,620,3666,30202.433,15009.575,14278.813,0.016,70.479,17601.604,12160.008,290.141,95,164,44,1,119,58949,0,0,0,0.000,0.000,0.000,0.000,0.000,0.000,0.000,0.000,0,0,0,0,0,0,0,0,0,0.000,0.000,0.000,0.000,0.000,0.000,0.000,0.000,0,0,0,0,0,0,0,0,0,0.000,0.000,0.000,0.000,0.000,0.000,0.000,0.000,0,0,0,0,0,0,0,0,0,0.000,0.000,0.000,0.000,0.000,0.000,0.000,0.000,0,0,0,0,0,0,0,0,0,0.000,0.000,0.000,0.000,0.000,0.000,0.000,0.000,0,0,0,0,0,0,0,0,0,0,0,0,0,0,0,0,0,0,84248,26693,10030,2232,829,191,0,0,0,0,0,0,38414,9485,6452,2765,778,593,0,0,0,0,0,0,838.375,106.801,5579.508,1312.228,0,0,0,200,116,300,630,203,119,916,346,844,331,35,387,325,236,335,271,40,130,0,0,0,0,0,0,0,0,0,0,0,0,1597,0,0,0,0,0,0,0,776,0,0,0,0,0,0,0,0,0,0,0,0,0,0,0,0,0,0,0,0,0,0,0,1.0000,1.0000,22,22,22,0.3898,0.3123,22,0,0
6961,232.0,3992,80,28,2776,1216,0,0,2409,556.79,0.764,0.623,0.435,0.054,0.560,-0.969,3.175,0.2239,1.7750,0.341,0.001,0.002,0.091,0.083,191,54,54,1,211,0,92629.77,27749.413,12455.930,64.821,12918.147,88.189,26711.063,12710.413,4306.117,4984.141,3987.313,1585.104,0.000,624.948,0.000208,-0.060987,3339,0,3,51,52,3,17747,86,49,64.753,0,0,0,0,0,0,0,0,0,0,0,0,0,0,38334,513,3253,26161.341,12454.711,12917.905,0.044,64.753,16402.252,11194.653,252.334,73,194,50,3,141,69285,0,0,0,0.000,0.000,0.000,0.000,0.000,0.000,0.000,0.000,0,0,0,0,0,0,0,0,0,0.000,0.000,0.000,0.000,0.000,0.000,0.000,0.000,0,0,0,0,0,0,0,0,0,0.000,0.000,0.000,0.000,0.000,0.000,0.000,0.000,0,0,0,0,0,0,0,0,0,0.000,0.000,0.000,0.000,0.000,0.000,0.000,0.000,0,0,0,0,0,0,0,0,0,0.000,0.000,0.000,0.000,0.000,0.000,0.000,0.000,0,0,0,0,0,0,0,0,0,0,0,0,0,0,0,0,0,0,82536,26400,10117,2151,777,180,0,0,0,0,0,0,35613,8433,6414,2721,760,615,0,0,0,0,0,0,811.585,107.795,5052.509,1293.202,0,0,0,196,116,231,531,199,114,893,345,819,322,30,367,286,219,315,247,32,117,0,0,0,0,0,0,0,0,0,0,0,0,1538,0,0,0,0,0,0,0,711,0,0,0,0,0,0,0,0,0,0,0,0,0,0,0,0,0,0,0,0,0,0,0,1.0000,1.0000,22,22,22,0.3958,0.3362,22,0,0
6991,233.0,3817,77,28,2712,1105,0,0,2272,623.89,0.745,0.610,0.431,0.054,0.571,-0.970,3.183,0.2252,1.7587,0.341,0.000,0.001,0.091,0.083,198,62,24,0,211,0,86989.69,26421.137,11213.513,31.687,10898.369,98.246,24946.654,11572.680,4053.799,5109.996,4087.997,1039.105,0.000,672.174,0.000189,-0.062642,2955,0,2,22,22,2,17441,107,20,31.683,0,0,0,0,0,0,0,0,0,0,0,0,0,0,34857,462,2848,22791.610,11213.202,10898.167,0.003,31.683,14912.715,10113.829,235.406,72,183,56,2,125,64381,0,0,0,0.000,0.000,0.000,0.000,0.000,0.000,0.000,0.000,0,0,0,0,0,0,0,0,0,0.000,0.000,0.000,0.000,0.000,0.000,0.000,0.000,0,0,0,0,0,0,0,0,0,0.000,0.000,0.000,0.000,0.000,0.000,0.000,0.000,0,0,0,0,0,0,0,0,0,0.000,0.000,0.000,0.000,0.000,0.000,0.000,0.000,0,0,0,0,0,0,0,0,0,0.000,0.000,0.000,0.000,0.000,0.000,0.000,0.000,0,0,0,0,0,0,0,0,0,0,0,0,0,0,0,0,0,0,80274,26005,9991,2108,692,237,0,0,0,0,0,0,32429,7639,5807,2428,771,436,0,0,0,0,0,0,786.376,106.954,4586.250,1182.933,0,0,0,144,128,200,475,155,116,882,340,802,307,22,359,259,205,283,236,24,98,0,0,0,0,0,0,0,0,0,0,0,0,1490,0,0,0,0,0,0,0,641,0,0,0,0,0,0,0,0,0,0,0,0,0,0,0,0,0,0,0,0,0,0,0,1.0000,1.0000,22,22,22,0.3896,0.3285,22,0,0
7021,234.0,3652,67,28,2658,994,0,0,2141,526.35,0.724,0.593,0.426,0.054,0.585,-0.970,3.186,0.2252,1.7668,0.350,0.000,0.001,0.091,0.083,232,74,30,0,172,0,82743.40,25248.539,11150.274,37.627,10149.549,96.263,23304.072,10658.568,3846.786,4550.035,3640.028,1496.087,0.000,467.212,0.000188,-0.064513,2676,0,3,27,27,3,16675,67,24,37.580,0,0,0,0,0,0,0,0,0,0,0,0,0,0,31566,460,2609,21948.151,11150.004,10149.431,0.015,37.580,13495.837,9224.013,216.782,62,173,66,3,104,56138,0,0,0,0.000,0.000,0.000,0.000,0.000,0.000,0.000,0.000,0,0,0,0,0,0,0,0,0,0.000,0.000,0.000,0.000,0.000,0.000,0.000,0.000,0,0,0,0,0,0,0,0,0,0.000,0.000,0.000,0.000,0.000,0.000,0.000,0.000,0,0,0,0,0,0,0,0,0,0.000,0.000,0.000,0.000,0.000,0.000,0.000,0.000,0,0,0,0,0,0,0,0,0,0.000,0.000,0.000,0.000,0.000,0.000,0.000,0.000,0,0,0,0,0,0,0,0,0,0,0,0,0,0,0,0,0,0,78639,25761,9755,1990,641,328,0,0,0,0,0,0,29474,7000,5325,2092,583,418,0,0,0,0,0,0,797.175,102.765,4262.879,1087.614,0,0,0,146,100,213,469,151,106,875,338,769,297,25,354,241,178,240,213,27,95,0,0,0,0,0,0,0,0,0,0,0,0,1445,0,0,0,0,0,0,0,575,0,0,0,0,0,0,0,0,0,0,0,0,0,0,0,0,0,0,0,0,0,0,0,1.0000,1.0000,22,22,22,0.3960,0.3231,22,0,0
7051,235.0,3502,68,28,2617,885,0,0,1972,517.79,0.700,0.572,0.424,0.053,0.600,-0.970,3.191,0.2244,1.7423,0.354,0.000,0.000,0.091,0.083,225,65,20,0,150,0,78517.44,24105.657,9068.484,30.578,8958.928,110.335,21710.952,9592.891,3532.258,3306.051,2644.841,1338.380,3.369,591.617,0.000240,-0.067060,2392,0,2,18,20,2,16680,139,18,30.577,0,0,0,0,0,0,0,0,0,0,0,0,0,0,28127,374,2253,18583.478,9068.165,8958.475,0.000,30.577,12052.358,8214.207,179.160,39,148,53,2,93,49453,0,0,0,0.000,0.000,0.000,0.000,0.000,0.000,0.000,0.000,0,0,0,0,0,0,0,0,0,0.000,0.000,0.000,0.000,0.000,0.000,0.000,0.000,0,0,0,0,0,0,0,0,0,0.000,0.000,0.000,0.000,0.000,0.000,0.000,0.000,0,0,0,0,0,0,0,0,0,0.000,0.000,0.000,0.000,0.000,0.000,0.000,0.000,0,0,0,0,0,0,0,0,0,0.000,0.000,0.000,0.000,0.000,0.000,0.000,0.000,0,0,0,0,0,0,0,0,0,0,0,0,0,0,0,0,0,0,77383,25423,9641,1878,604,300,0,0,0,0,0,0,26266,6425,4580,1861,570,414,0,0,0,0,0,0,783.756,100.840,3856.361,917.189,0,0,0,132,89,163,383,122,98,851,328,749,289,30,370,226,161,226,166,24,82,0,0,0,0,0,0,0,0,0,0,0,0,1438,0,0,0,0,0,0,0,498,0,0,0,0,0,0,0,0,0,0,0,0,0,0,0,0,0,0,0,0,0,0,0,1.0000,1.0000,22,22,22,0.4000,0.3393,23,0,0
7081,236.0,3354,91,28,2560,794,0,0,1805,571.82,0.682,0.557,0.422,0.052,0.612,-0.970,3.193,0.2237,1.7215,0.358,0.000,0.000,0.091,0.083,232,77,22,0,155,0,75698.22,23136.530,8695.800,29.237,8159.237,112.808,20452.583,8741.957,3266.448,4299.432,3439.545,950.358,0.000,409.550,0.000167,-0.066933,2032,0,1,21,22,1,16450,76,21,29.236,0,0,0,0,0,0,0,0,0,0,0,0,0,0,25467,359,1956,17375.428,8694.861,8159.023,0.001,29.236,10954.010,7424.717,154.528,56,147,62,1,84,54477,0,0,0,0.000,0.000,0.000,0.000,0.000,0.000,0.000,0.000,0,0,0,0,0,0,0,0,0,0.000,0.000,0.000,0.000,0.000,0.000,0.000,0.000,0,0,0,0,0,0,0,0,0,0.000,0.000,0.000,0.000,0.000,0.000,0.000,0.000,0,0,0,0,0,0,0,0,0,0.000,0.000,0.000,0.000,0.000,0.000,0.000,0.000,0,0,0,0,0,0,0,0,0,0.000,0.000,0.000,0.000,0.000,0.000,0.000,0.000,0,0,0,0,0,0,0,0,0,0,0,0,0,0,0,0,0,0,75952,24557,9614,1786,579,264,0,0,0,0,0,0,23727,5815,4326,1740,529,370,0,0,0,0,0,0,754.063,99.969,3387.063,860.033,0,0,0,146,88,160,371,143,74,825,323,728,286,33,365,207,140,183,160,22,82,0,0,0,0,0,0,0,0,0,0,0,0,1412,0,0,0,0,0,0,0,447,0,0,0,0,0,0,0,0,0,0,0,0,0,0,0,0,0,0,0,0,0,0,0,1.0000,1.0000,22,22,22,0.4038,0.3383,23,0,0
7111,237.0,3244,65,28,2527,717,0,0,1672,605.40,0.662,0.542,0.418,0.052,0.625,-0.971,3.196,0.2248,1.7677,0.363,0.001,0.001,0.092,0.083,244,52,7,1,145,0,74083.80,22560.487,8431.657,19.460,7259.292,106.601,19162.197,8121.308,2966.047,3796.474,3037.179,1204.173,0.000,413.007,0.000199,-0.068222,1818,0,0,7,7,0,15869,96,7,19.460,0,0,0,0,0,0,0,0,0,0,0,0,0,0,22822,347,1722,16147.848,8431.511,7259.107,0.000,19.460,9843.778,6847.092,141.016,49,126,45,0,81,41083,0,0,0,0.000,0.000,0.000,0.000,0.000,0.000,0.000,0.000,0,0,0,0,0,0,0,0,0,0.000,0.000,0.000,0.000,0.000,0.000,0.000,0.000,0,0,0,0,0,0,0,0,0,0.000,0.000,0.000,0.000,0.000,0.000,0.000,0.000,0,0,0,0,0,0,0,0,0,0.000,0.000,0.000,0.000,0.000,0.000,0.000,0.000,0,0,0,0,0,0,0,0,0,0.000,0.000,0.000,0.000,0.000,0.000,0.000,0.000,0,0,0,0,0,0,0,0,0,0,0,0,0,0,0,0,0,0,74489,23750,9325,1721,606,226,0,0,0,0,0,0,21233,5467,3725,1589,471,307,0,0,0,0,0,0,728.260,97.459,3248.533,733.443,0,0,0,114,77,139,356,130,79,809,320,719,300,34,345,172,129,186,143,17,70,0,0,0,0,0,0,0,0,0,0,0,0,1398,0,0,0,0,0,0,0,416,0,0,0,0,0,0,0,0,0,0,0,0,0,0,0,0,0,0,0,0,0,0,0,1.0000,1.0000,22,22,22,0.3863,0.3350,23,0,0
7141,238.0,3153,91,28,2501,652,0,0,1603,665.90,0.644,0.530,0.414,0.051,0.636,-0.970,3.199,0.2252,1.7566,0.354,0.001,0.003,0.091,0.083,265,58,5,0,124,0,73063.66,21587.343,7611.184,9.622,7035.963,109.292,18155.371,7241.533,2810.677,3569.516,2855.613,848.039,0.000,458.754,0.000165,-0.069483,1731,0,0,5,5,0,15751,123,5,9.622,0,0,0,0,0,0,0,0,0,0,0,0,0,0,20652,313,1608,15074.959,7611.147,7035.556,0.000,9.622,8910.966,5997.905,120.631,41,106,48,0,58,40025,0,0,0,0.000,0.000,0.000,0.000,0.000,0.000,0.000,0.000,0,0,0,0,0,0,0,0,0,0.000,0.000,0.000,0.000,0.000,0.000,0.000,0.000,0,0,0,0,0,0,0,0,0,0.000,0.000,0.000,0.000,0.000,0.000,0.000,0.000,0,0,0,0,0,0,0,0,0,0.000,0.000,0.000,0.000,0.000,0.000,0.000,0.000,0,0,0,0,0,0,0,0,0,0.000,0.000,0.000,0.000,0.000,0.000,0.000,0.000,0,0,0,0,0,0,0,0,0,0,0,0,0,0,0,0,0,0,73968,23474,9235,1680,593,276,0,0,0,0,0,0,19234,4562,3520,1418,371,250,0,0,0,0,0,0,725.015,95.023,2728.633,664.518,0,0,0,118,80,144,316,92,88,794,320,721,300,29,337,164,103,160,156,14,55,0,0,0,0,0,0,0,0,0,0,0,0,1387,0,0,0,0,0,0,0,385,0,0,0,0,0,0,0,0,0,0,0,0,0,0,0,0,0,0,0,0,0,0,0,1.0000,1.0000,20,20,20,0.3920,0.3359,23,0,0
7171,239.0,3114,100,28,2490,624,0,0,1553,674.95,0.636,0.523,0.410,0.052,0.641,-0.970,3.200,0.2243,1.7524,0.353,0.001,0.002,0.091,0.084,229,43,4,1,92,0,73867.40,21086.214,8108.993,5.661,6362.846,110.074,17359.855,6673.288,2670.498,4002.849,3202.279,496.424,0.000,396.497,0.000140,-0.069544,1465,0,0,4,3,0,15274,86,3,5.661,0,0,0,0,0,0,0,0,0,0,0,0,0,0,19069,334,1379,14905.157,8108.496,6362.660,0.000,5.661,8206.408,5442.429,110.868,49,77,33,0,44,30709,0,0,0,0.000,0.000,0.000,0.000,0.000,0.000,0.000,0.000,0,0,0,0,0,0,0,0,0,0.000,0.000,0.000,0.000,0.000,0.000,0.000,0.000,0,0,0,0,0,0,0,0,0,0.000,0.000,0.000,0.000,0.000,0.000,0.000,0.000,0,0,0,0,0,0,0,0,0,0.000,0.000,0.000,0.000,0.000,0.000,0.000,0.000,0,0,0,0,0,0,0,0,0,0.000,0.000,0.000,0.000,0.000,0.000,0.000,0.000,0,0,0,0,0,0,0,0,0,0,0,0,0,0,0,0,0,0,73241,23324,9198,1663,648,231,0,0,0,0,0,0,17791,4103,3332,1278,426,179,0,0,0,0,0,0,726.644,94.969,2435.831,647.909,0,0,0,114,68,171,344,115,62,802,315,729,285,32,327,144,131,129,142,15,63,0,0,0,0,0,0,0,0,0,0,0,0,1373,0,0,0,0,0,0,0,349,0,0,0,0,0,0,0,0,0,0,0,0,0,0,0,0,0,0,0,0,0,0,0,1.0000,1.0000,21,21,21,0.3977,0.3206,23,0,0
7201,240.0,3098,95,29,2475,623,0,0,1488,737.95,0.638,0.523,0.404,0.052,0.642,-0.970,3.207,0.2231,1.7911,0.362,0.000,0.003,0.092,0.083,266,44,8,0,94,0,74896.34,21081.897,8376.724,12.679,6586.425,118.259,17094.242,6807.245,2543.161,5234.431,4187.545,627.396,0.000,323.425,0.000189,-0.070634,1480,0,0,8,7,0,15427,50,7,12.668,0,0,0,0,0,0,0,0,0,0,0,0,0,0,18556,345,1430,15406.824,8376.592,6586.245,0.000,12.668,7998.235,5588.999,111.549,68,69,33,0,36,23842,0,0,0,0.000,0.000,0.000,0.000,0.000,0.000,0.000,0.000,0,0,0,0,0,0,0,0,0,0.000,0.000,0.000,0.000,0.000,0.000,0.000,0.000,0,0,0,0,0,0,0,0,0,0.000,0.000,0.000,0.000,0.000,0.000,0.000,0.000,0,0,0,0,0,0,0,0,0,0.000,0.000,0.000,0.000,0.000,0.000,0.000,0.000,0,0,0,0,0,0,0,0,0,0.000,0.000,0.000,0.000,0.000,0.000,0.000,0.000,0,0,0,0,0,0,0,0,0,0,0,0,0,0,0,0,0,0,72897,23138,9562,1639,643,183,0,0,0,0,0,0,17276,4358,3454,1280,533,154,0,0,0,0,0,0,719.704,98.609,2670.987,693.796,0,0,0,121,75,147,348,125,77,793,318,726,276,32,330,180,112,135,124,17,55,0,0,0,0,0,0,0,0,0,0,0,0,1364,0,0,0,0,0,0,0,331,0,0,0,0,0,0,0,0,0,0,0,0,0,0,0,0,0,0,0,0,0,0,0,1.0000,1.0000,22,22,22,0.3916,0.3474,24,0,0
7231,241.0,3067,103,29,2467,600,0,0,1452,747.34,0.631,0.518,0.402,0.053,0.646,-0.970,3.210,0.2231,1.7425,0.360,0.001,0.002,0.092,0.084,261,46,7,0,88,0,74878.91,21123.768,7212.233,10.631,6494.379,119.649,16948.153,6938.576,2447.429,4358.973,3487.178,741.420,0.000,416.691,0.000160,-0.071629,1438,0,0,7,6,0,15056,59,6,10.629,0,0,0,0,0,0,0,0,0,0,0,0,0,0,18321,298,1379,14160.170,7212.125,6494.064,0.000,10.629,7911.046,5732.196,93.221,54,77,31,0,46,32669,0,0,0,0.000,0.000,0.000,0.000,0.000,0.000,0.000,0.000,0,0,0,0,0,0,0,0,0,0.000,0.000,0.000,0.000,0.000,0.000,0.000,0.000,0,0,0,0,0,0,0,0,0,0.000,0.000,0.000,0.000,0.000,0.000,0.000,0.000,0,0,0,0,0,0,0,0,0,0.000,0.000,0.000,0.000,0.000,0.000,0.000,0.000,0,0,0,0,0,0,0,0,0,0.000,0.000,0.000,0.000,0.000,0.000,0.000,0.000,0,0,0,0,0,0,0,0,0,0,0,0,0,0,0,0,0,0,72570,23304,9421,1553,595,146,0,0,0,0,0,0,17053,4756,2969,1268,637,91,0,0,0,0,0,0,726.589,96.654,2926.678,593.720,0,0,0,116,66,132,306,112,59,790,318,723,279,32,325,170,97,124,133,17,59,0,0,0,0,0,0,0,0,0,0,0,0,1359,0,0,0,0,0,0,0,333,0,0,0,0,0,0,0,0,0,0,0,0,0,0,0,0,0,0,0,0,0,0,0,1.0000,1.0000,22,22,22,0.3987,0.3439,25,0,0
7261,242.0,3108,96,29,2506,602,0,0,1399,712.38,0.630,0.517,0.403,0.054,0.648,-0.970,3.217,0.2238,1.7704,0.353,0.001,0.005,0.092,0.083,268,42,6,0,63,0,76234.96,21186.094,8065.931,11.950,6511.840,126.044,16895.647,6725.301,2354.906,5732.053,4585.642,337.310,0.000,448.351,0.000179,-0.071269,1421,0,1,5,6,1,15125,86,5,11.950,0,0,0,0,0,0,0,0,0,0,0,0,0,0,18122,334,1335,15027.962,8065.593,6511.329,0.000,11.950,7830.098,5511.901,113.328,62,60,31,1,28,23239,0,0,0,0.000,0.000,0.000,0.000,0.000,0.000,0.000,0.000,0,0,0,0,0,0,0,0,0,0.000,0.000,0.000,0.000,0.000,0.000,0.000,0.000,0,0,0,0,0,0,0,0,0,0.000,0.000,0.000,0.000,0.000,0.000,0.000,0.000,0,0,0,0,0,0,0,0,0,0.000,0.000,0.000,0.000,0.000,0.000,0.000,0.000,0,0,0,0,0,0,0,0,0,0.000,0.000,0.000,0.000,0.000,0.000,0.000,0.000,0,0,0,0,0,0,0,0,0,0,0,0,0,0,0,0,0,0,72859,22931,9462,1594,553,173,0,0,0,0,0,0,16806,4646,2923,1316,587,183,0,0,0,0,0,0,717.169,95.845,2842.338,568.972,0,0,0,115,71,150,343,124,67,778,326,738,286,28,350,173,109,144,118,18,40,0,0,0,0,0,0,0,0,0,0,0,0,1402,0,0,0,0,0,0,0,320,0,0,0,0,0,0,0,0,0,0,0,0,0,0,0,0,0,0,0,0,0,0,0,1.0000,1.0000,21,21,21,0.4037,0.3490,25,0,0
7291,243.0,3089,83,29,2517,572,0,0,1401,633.48,0.620,0.509,0.399,0.053,0.655,-0.970,3.227,0.2211,1.7452,0.348,0.001,0.003,0.093,0.083,255,55,10,0,71,0,77136.34,21345.905,7316.063,15.446,6373.317,115.444,16854.412,6561.249,2292.001,4409.361,3527.489,660.871,15.047,510.582,0.000197,-0.072205,1432,0,1,9,9,1,15357,124,8,15.436,0,0,0,0,0,0,0,0,0,0,0,0,0,0,17654,302,1308,14111.488,7315.789,6372.974,0.000,15.436,7666.716,5345.036,112.746,47,77,44,1,32,28073,0,0,0,0.000,0.000,0.000,0.000,0.000,0.000,0.000,0.000,0,0,0,0,0,0,0,0,0,0.000,0.000,0.000,0.000,0.000,0.000,0.000,0.000,0,0,0,0,0,0,0,0,0,0.000,0.000,0.000,0.000,0.000,0.000,0.000,0.000,0,0,0,0,0,0,0,0,0,0.000,0.000,0.000,0.000,0.000,0.000,0.000,0.000,0,0,0,0,0,0,0,0,0,0.000,0.000,0.000,0.000,0.000,0.000,0.000,0.000,0,0,0,0,0,0,0,0,0,0,0,0,0,0,0,0,0,0,73797,22824,9737,1633,512,200,0,0,0,0,0,0,16373,4812,2815,1281,472,203,0,0,0,0,0,0,713.323,98.441,2843.074,559.687,0,0,0,103,67,124,307,108,71,772,335,732,302,32,344,161,109,130,116,14,42,0,0,0,0,0,0,0,0,0,0,0,0,1410,0,0,0,0,0,0,0,302,0,0,0,0,0,0,0,0,0,0,0,0,0,0,0,0,0,0,0,0,0,0,0,1.0000,1.0000,22,22,22,0.4043,0.3338,25,0,0
7321,244.0,3143,103,29,2555,588,0,0,1362,620.53,0.623,0.511,0.400,0.052,0.654,-0.970,3.226,0.2210,1.7612,0.356,0.001,0.005,0.093,0.083,275,42,8,1,55,0,80218.95,22375.187,8585.234,12.065,6574.640,113.526,16865.207,6350.183,2270.048,6397.479,5117.983,600.823,51.952,472.172,0.000144,-0.073402,1472,0,1,7,7,1,15448,187,6,12.054,0,0,0,0,0,0,0,0,0,0,0,0,0,0,17441,355,1285,15616.223,8585.022,6574.268,0.000,12.054,7621.565,5134.739,117.221,79,63,38,1,24,21918,0,0,0,0.000,0.000,0.000,0.000,0.000,0.000,0.000,0.000,0,0,0,0,0,0,0,0,0,0.000,0.000,0.000,0.000,0.000,0.000,0.000,0.000,0,0,0,0,0,0,0,0,0,0.000,0.000,0.000,0.000,0.000,0.000,0.000,0.000,0,0,0,0,0,0,0,0,0,0.000,0.000,0.000,0.000,0.000,0.000,0.000,0.000,0,0,0,0,0,0,0,0,0,0.000,0.000,0.000,0.000,0.000,0.000,0.000,0.000,0,0,0,0,0,0,0,0,0,0,0,0,0,0,0,0,0,0,74214,22524,10026,1637,510,150,0,0,0,0,0,0,16262,4332,3203,1179,261,263,0,0,0,0,0,0,703.111,100.552,2476.278,638.923,0,0,0,126,87,169,362,119,83,771,353,736,301,36,358,153,103,130,128,17,57,0,0,0,0,0,0,0,0,0,0,0,0,1431,0,0,0,0,0,0,0,332,0,0,0,0,0,0,0,0,0,0,0,0,0,0,0,0,0,0,0,0,0,0,0,1.0000,1.0000,23,23,23,0.3910,0.3304,25,0,0
7351,245.0,3207,116,30,2602,605,0,0,1364,605.24,0.624,0.512,0.400,0.053,0.654,-0.969,3.222,0.2216,1.7733,0.349,0.001,0.008,0.094,0.083,248,37,11,0,56,0,84658.32,23608.503,9411.758,19.371,7048.348,118.812,17216.958,6651.776,2207.656,6434.705,5147.764,668.074,42.175,526.680,0.000180,-0.075104,1537,0,0,11,9,0,15859,125,9,19.368,0,0,0,0,0,0,0,0,0,0,0,0,0,0,17794,390,1412,16975.132,9411.676,7048.110,0.000,19.368,7782.160,5426.057,128.525,74,57,30,0,27,17898,0,0,0,0.000,0.000,0.000,0.000,0.000,0.000,0.000,0.000,0,0,0,0,0,0,0,0,0,0.000,0.000,0.000,0.000,0.000,0.000,0.000,0.000,0,0,0,0,0,0,0,0,0,0.000,0.000,0.000,0.000,0.000,0.000,0.000,0.000,0,0,0,0,0,0,0,0,0,0.000,0.000,0.000,0.000,0.000,0.000,0.000,0.000,0,0,0,0,0,0,0,0,0,0.000,0.000,0.000,0.000,0.000,0.000,0.000,0.000,0,0,0,0,0,0,0,0,0,0,0,0,0,0,0,0,0,0,75661,22538,10357,1666,532,144,0,0,0,0,0,0,16620,4670,2859,1174,200,200,0,0,0,0,0,0,694.274,101.906,2715.288,581.386,0,0,0,150,95,165,397,141,77,769,353,754,322,38,366,162,113,133,136,14,47,0,0,0,0,0,0,0,0,0,0,0,0,1480,0,0,0,0,0,0,0,330,0,0,0,0,0,0,0,0,0,0,0,0,0,0,0,0,0,0,0,0,0,0,0,1.0000,1.0000,23,23,23,0.3949,0.3215,25,0,0
7381,246.0,3310,115,30,2660,650,0,0,1357,655.78,0.632,0.517,0.399,0.054,0.649,-0.968,3.228,0.2210,1.8140,0.344,0.003,0.005,0.094,0.083,256,26,25,0,65,0,88349.99,24386.680,9926.982,40.286,7933.258,112.163,17848.962,7145.211,2181.188,8259.707,6607.765,1192.525,35.032,607.411,0.000210,-0.075739,1618,0,2,23,23,2,16272,113,21,40.263,0,0,0,0,0,0,0,0,0,0,0,0,0,0,18968,411,1505,18445.323,9926.807,7932.940,0.000,40.263,8240.660,5907.359,131.681,92,47,21,2,24,17660,0,0,0,0.000,0.000,0.000,0.000,0.000,0.000,0.000,0.000,0,0,0,0,0,0,0,0,0,0.000,0.000,0.000,0.000,0.000,0.000,0.000,0.000,0,0,0,0,0,0,0,0,0,0.000,0.000,0.000,0.000,0.000,0.000,0.000,0.000,0,0,0,0,0,0,0,0,0,0.000,0.000,0.000,0.000,0.000,0.000,0.000,0.000,0,0,0,0,0,0,0,0,0,0.000,0.000,0.000,0.000,0.000,0.000,0.000,0.000,0,0,0,0,0,0,0,0,0,0,0,0,0,0,0,0,0,0,77198,22634,10281,1656,527,150,0,0,0,0,0,0,17756,5246,3121,1212,290,213,0,0,0,0,0,0,696.213,102.912,3028.129,653.698,0,0,0,135,98,188,422,143,112,786,345,782,344,36,367,194,112,151,120,22,51,0,0,0,0,0,0,0,0,0,0,0,0,1529,0,0,0,0,0,0,0,344,0,0,0,0,0,0,0,0,0,0,0,0,0,0,0,0,0,0,0,0,0,0,0,1.0000,1.0000,23,23,23,0.3870,0.3482,25,0,0
7411,247.0,3434,116,30,2736,698,0,0,1366,629.95,0.641,0.525,0.398,0.054,0.644,-0.968,3.235,0.2209,1.8120,0.332,0.002,0.004,0.095,0.082,248,35,7,0,53,0,93748.77,25561.468,11228.648,16.319,8930.667,117.007,18614.609,7656.307,2163.224,8549.572,6839.658,638.994,54.442,570.160,0.000157,-0.075414,1858,0,0,7,7,0,16459,145,7,16.319,0,0,0,0,0,0,0,0,0,0,0,0,0,0,20270,469,1713,20827.633,11227.841,8930.068,0.000,16.319,8764.741,6390.101,132.614,103,55,28,0,27,15364,0,0,0,0.000,0.000,0.000,0.000,0.000,0.000,0.000,0.000,0,0,0,0,0,0,0,0,0,0.000,0.000,0.000,0.000,0.000,0.000,0.000,0.000,0,0,0,0,0,0,0,0,0,0.000,0.000,0.000,0.000,0.000,0.000,0.000,0.000,0,0,0,0,0,0,0,0,0,0.000,0.000,0.000,0.000,0.000,0.000,0.000,0.000,0,0,0,0,0,0,0,0,0,0.000,0.000,0.000,0.000,0.000,0.000,0.000,0.000,0,0,0,0,0,0,0,0,0,0,0,0,0,0,0,0,0,0,79121,23209,10400,1774,527,154,0,0,0,0,0,0,18932,5458,3400,1338,420,187,0,0,0,0,0,0,710.819,103.846,3318.442,723.891,0,0,0,148,96,239,482,146,100,791,356,822,349,43,375,204,123,164,134,21,52,0,0,0,0,0,0,0,0,0,0,0,0,1589,0,0,0,0,0,0,0,371,0,0,0,0,0,0,0,0,0,0,0,0,0,0,0,0,0,0,0,0,0,0,0,1.0000,1.0000,23,23,23,0.3828,0.3461,25,0,0
7441,248.0,3586,98,30,2819,767,0,0,1405,532.07,0.655,0.535,0.399,0.056,0.637,-0.968,3.236,0.2187,1.7794,0.331,0.001,0.005,0.096,0.081,239,36,17,0,57,0,99048.84,27252.004,11870.712,28.647,9641.494,108.370,19637.875,8273.073,2181.060,10411.010,8328.808,1060.636,27.291,589.166,0.000240,-0.073739,1871,0,1,16,16,1,16923,119,15,28.639,0,0,0,0,0,0,0,0,0,0,0,0,0,0,21951,492,1752,22244.192,11870.077,9640.551,0.000,28.639,9523.311,6992.601,134.167,129,60,32,1,27,20262,0,0,0,0.000,0.000,0.000,0.000,0.000,0.000,0.000,0.000,0,0,0,0,0,0,0,0,0,0.000,0.000,0.000,0.000,0.000,0.000,0.000,0.000,0,0,0,0,0,0,0,0,0,0.000,0.000,0.000,0.000,0.000,0.000,0.000,0.000,0,0,0,0,0,0,0,0,0,0.000,0.000,0.000,0.000,0.000,0.000,0.000,0.000,0,0,0,0,0,0,0,0,0,0.000,0.000,0.000,0.000,0.000,0.000,0.000,0.000,0,0,0,0,0,0,0,0,0,0,0,0,0,0,0,0,0,0,81361,23424,10891,1810,450,210,0,0,0,0,0,0,20562,5970,3695,1389,594,54,0,0,0,0,0,0,706.883,108.238,3778.647,757.324,0,0,0,164,95,226,503,180,91,801,384,842,367,43,382,233,136,171,160,22,45,0,0,0,0,0,0,0,0,0,0,0,0,1634,0,0,0,0,0,0,0,398,0,0,0,0,0,0,0,0,0,0,0,0,0,0,0,0,0,0,0,0,0,0,0,1.0000,1.0000,23,23,23,0.3862,0.3352,25,0,0
7471,249.0,3759,109,30,2913,846,0,0,1505,528.11,0.669,0.546,0.402,0.055,0.629,-0.968,3.241,0.2198,1.8267,0.323,0.001,0.002,0.096,0.081,286,38,28,0,57,0,104470.26,28990.560,13028.620,46.319,10904.152,103.835,20912.946,8898.191,2307.892,11586.933,9269.547,1483.003,89.496,635.167,0.000259,-0.073267,2175,0,3,25,27,3,17659,81,24,46.319,0,0,0,0,0,0,0,0,0,0,0,0,0,0,24083,540,2094,24728.543,13028.321,10903.851,0.001,46.319,10443.705,7562.825,163.794,138,59,36,3,20,14834,0,0,0,0.000,0.000,0.000,0.000,0.000,0.000,0.000,0.000,0,0,0,0,0,0,0,0,0,0.000,0.000,0.000,0.000,0.000,0.000,0.000,0.000,0,0,0,0,0,0,0,0,0,0.000,0.000,0.000,0.000,0.000,0.000,0.000,0.000,0,0,0,0,0,0,0,0,0,0.000,0.000,0.000,0.000,0.000,0.000,0.000,0.000,0,0,0,0,0,0,0,0,0,0.000,0.000,0.000,0.000,0.000,0.000,0.000,0.000,0,0,0,0,0,0,0,0,0,0,0,0,0,0,0,0,0,0,84175,23894,11450,1874,420,231,0,0,0,0,0,0,22606,6367,4362,1477,556,231,0,0,0,0,0,0,717.674,117.528,4025.141,953.904,0,0,0,187,129,247,552,169,134,823,397,856,391,43,403,244,153,190,183,27,49,0,0,0,0,0,0,0,0,0,0,0,0,1693,0,0,0,0,0,0,0,449,0,0,0,0,0,0,0,0,0,0,0,0,0,0,0,0,0,0,0,0,0,0,0,1.0000,1.0000,23,23,23,0.3771,0.3253,25,0,0
7501,250.0,3951,107,29,3024,927,0,0,1621,503.42,0.682,0.555,0.403,0.056,0.622,-0.966,3.247,0.2186,1.8494,0.317,0.002,0.002,0.097,0.080,281,33,36,0,46,0,110227.40,30591.767,14503.097,72.255,12437.472,110.383,22291.207,9823.788,2459.295,12049.941,9639.953,1456.544,11.656,957.501,0.000186,-0.072779,2478,0,3,33,36,3,17855,165,33,72.252,0,0,0,0,0,0,0,0,0,0,0,0,0,0,26387,601,2313,27869.005,14500.297,12431.538,0.003,72.252,11469.969,8408.199,212.420,141,60,32,3,25,16334,0,0,0,0.000,0.000,0.000,0.000,0.000,0.000,0.000,0.000,0,0,0,0,0,0,0,0,0,0.000,0.000,0.000,0.000,0.000,0.000,0.000,0.000,0,0,0,0,0,0,0,0,0,0.000,0.000,0.000,0.000,0.000,0.000,0.000,0.000,0,0,0,0,0,0,0,0,0,0.000,0.000,0.000,0.000,0.000,0.000,0.000,0.000,0,0,0,0,0,0,0,0,0,0.000,0.000,0.000,0.000,0.000,0.000,0.000,0.000,0,0,0,0,0,0,0,0,0,0,0,0,0,0,0,0,0,0,87086,24444,11878,1941,430,254,0,0,0,0,0,0,24762,6768,4775,1625,690,222,0,0,0,0,0,0,722.748,122.114,4441.607,1052.233,0,0,0,220,137,258,617,217,135,840,411,888,418,45,422,253,173,215,200,25,61,0,0,0,0,0,0,0,0,0,0,0,0,1773,0,0,0,0,0,0,0,501,0,0,0,0,0,0,0,0,0,0,0,0,0,0,0,0,0,0,0,0,0,0,0,1.0000,1.0000,23,23,23,0.3784,0.3239,26,0,0
7531,251.0,4160,90,29,3124,1036,0,0,1739,552.36,0.699,0.567,0.401,0.056,0.612,-0.965,3.246,0.2179,1.8226,0.306,0.001,0.005,0.097,0.080,254,44,27,1,60,0,116285.79,32754.958,15266.553,43.894,13708.549,106.114,23903.158,10545.562,2694.406,13697.746,10958.197,1175.465,16.953,931.919,0.000185,-0.072390,2810,0,3,24,24,3,18340,189,21,43.886,0,0,0,0,0,0,0,0,0,0,0,0,0,0,29317,634,2621,30038.799,15266.075,13706.684,0.000,43.886,12722.291,9047.893,236.393,174,65,38,3,24,15073,0,0,0,0.000,0.000,0.000,0.000,0.000,0.000,0.000,0.000,0,0,0,0,0,0,0,0,0,0.000,0.000,0.000,0.000,0.000,0.000,0.000,0.000,0,0,0,0,0,0,0,0,0,0.000,0.000,0.000,0.000,0.000,0.000,0.000,0.000,0,0,0,0,0,0,0,0,0,0.000,0.000,0.000,0.000,0.000,0.000,0.000,0.000,0,0,0,0,0,0,0,0,0,0.000,0.000,0.000,0.000,0.000,0.000,0.000,0.000,0,0,0,0,0,0,0,0,0,0,0,0,0,0,0,0,0,0,90138,25362,12339,2058,430,270,0,0,0,0,0,0,27601,6988,5128,1716,660,321,0,0,0,0,0,0,761.572,125.210,4432.354,1159.923,0,0,0,219,123,291,650,219,136,881,431,925,406,48,433,282,165,236,239,33,81,0,0,0,0,0,0,0,0,0,0,0,0,1812,0,0,0,0,0,0,0,589,0,0,0,0,0,0,0,0,0,0,0,0,0,0,0,0,0,0,0,0,0,0,0,1.0000,1.0000,23,23,23,0.3693,0.3436,26,0,0
7561,252.0,4352,117,29,3226,1126,0,0,1925,634.69,0.711,0.577,0.400,0.056,0.605,-0.965,3.246,0.2194,1.8359,0.300,0.002,0.004,0.097,0.078,251,39,48,0,62,0,121763.56,34294.355,17278.618,73.326,15600.067,101.195,25521.396,11818.805,2948.625,13440.207,10752.166,2059.134,52.824,1079.706,0.000263,-0.070125,3413,0,9,39,48,9,19158,260,39,73.316,0,0,0,0,0,0,0,0,0,0,0,0,0,0,32369,721,3153,34098.371,17277.158,15598.807,0.010,73.316,14004.378,10225.219,276.851,164,74,35,9,30,20822,0,0,0,0.000,0.000,0.000,0.000,0.000,0.000,0.000,0.000,0,0,0,0,0,0,0,0,0,0.000,0.000,0.000,0.000,0.000,0.000,0.000,0.000,0,0,0,0,0,0,0,0,0,0.000,0.000,0.000,0.000,0.000,0.000,0.000,0.000,0,0,0,0,0,0,0,0,0,0.000,0.000,0.000,0.000,0.000,0.000,0.000,0.000,0,0,0,0,0,0,0,0,0,0.000,0.000,0.000,0.000,0.000,0.000,0.000,0.000,0,0,0,0,0,0,0,0,0,0,0,0,0,0,0,0,0,0,93310,26265,12871,2153,485,253,0,0,0,0,0,0,30515,8042,5055,1854,746,398,0,0,0,0,0,0,792.368,129.293,5239.883,1104.106,0,0,0,259,177,328,737,256,159,906,436,942,431,55,456,298,221,216,258,37,96,0,0,0,0,0,0,0,0,0,0,0,0,1884,0,0,0,0,0,0,0,607,0,0,0,0,0,0,0,0,0,0,0,0,0,0,0,0,0,0,0,0,0,0,0,1.0000,1.0000,24,24,24,0.3761,0.3418,26,0,0
7591,253.0,4543,95,29,3303,1240,0,0,2073,572.03,0.728,0.591,0.400,0.056,0.595,-0.964,3.253,0.2225,1.8690,0.291,0.002,0.004,0.098,0.078,254,35,67,0,78,0,126851.96,36238.919,18834.500,105.318,16418.823,104.926,26948.747,13159.017,3214.126,15047.619,12038.096,2745.475,27.546,985.907,0.000179,-0.069877,3553,0,14,53,66,14,20078,182,52,105.309,0,0,0,0,0,0,0,0,0,0,0,0,0,0,35233,787,3371,36542.819,18833.756,16418.237,0.003,105.309,15214.892,11509.013,299.303,195,81,33,14,34,20123,0,0,0,0.000,0.000,0.000,0.000,0.000,0.000,0.000,0.000,0,0,0,0,0,0,0,0,0,0.000,0.000,0.000,0.000,0.000,0.000,0.000,0.000,0,0,0,0,0,0,0,0,0,0.000,0.000,0.000,0.000,0.000,0.000,0.000,0.000,0,0,0,0,0,0,0,0,0,0.000,0.000,0.000,0.000,0.000,0.000,0.000,0.000,0,0,0,0,0,0,0,0,0,0.000,0.000,0.000,0.000,0.000,0.000,0.000,0.000,0,0,0,0,0,0,0,0,0,0,0,0,0,0,0,0,0,0,95384,27356,12756,2238,502,228,0,0,0,0,0,0,33354,9165,6254,1868,848,418,11,11,0,0,0,0,820.022,128.335,6133.447,1403.967,0,0,0,288,167,326,803,311,161,951,433,971,431,59,458,368,219,242,272,49,90,0,0,0,0,0,0,0,0,0,0,0,0,1919,0,0,0,0,0,0,0,653,0,0,0,0,0,0,0,0,0,0,0,0,0,0,0,0,0,0,0,0,0,0,0,1.0000,1.0000,23,23,23,0.3774,0.3187,25,0,0
7621,254.0,4677,81,29,3339,1338,0,0,2196,516.72,0.745,0.604,0.401,0.056,0.586,-0.963,3.251,0.2220,1.8782,0.289,0.003,0.005,0.099,0.078,249,52,90,0,90,0,132091.78,38159.939,20382.356,138.615,18371.591,105.497,28610.702,14269.417,3489.887,15233.254,12186.603,2764.499,22.274,1237.658,0.000237,-0.069902,4030,0,8,82,89,8,21076,261,81,138.575,0,0,0,0,0,0,0,0,0,0,0,0,0,0,38562,848,3769,40195.438,20381.946,18370.119,0.037,138.575,16659.088,12511.910,362.418,206,108,48,8,52,25691,0,0,0,0.000,0.000,0.000,0.000,0.000,0.000,0.000,0.000,0,0,0,0,0,0,0,0,0,0.000,0.000,0.000,0.000,0.000,0.000,0.000,0.000,0,0,0,0,0,0,0,0,0,0.000,0.000,0.000,0.000,0.000,0.000,0.000,0.000,0,0,0,0,0,0,0,0,0,0.000,0.000,0.000,0.000,0.000,0.000,0.000,0.000,0,0,0,0,0,0,0,0,0,0.000,0.000,0.000,0.000,0.000,0.000,0.000,0.000,0,0,0,0,0,0,0,0,0,0,0,0,0,0,0,0,0,0,97430,28431,12838,2335,543,183,0,0,0,0,0,0,36532,10012,6873,2000,1005,369,30,30,0,0,0,0,855.970,132.147,6629.939,1534.518,0,0,0,282,192,381,869,277,217,980,442,983,413,52,469,376,267,266,287,39,103,0,0,0,0,0,0,0,0,0,0,0,0,1917,0,0,0,0,0,0,0,695,0,0,0,0,0,0,0,0,0,0,0,0,0,0,0,0,0,0,0,0,0,0,0,1.0000,1.0000,22,22,22,0.3698,0.3257,25,0,0
7651,255.0,4910,92,30,3444,1466,0,0,2355,490.74,0.762,0.616,0.403,0.057,0.578,-0.964,3.255,0.2213,1.8346,0.283,0.002,0.002,0.099,0.079,234,50,72,0,82,0,137050.50,40475.789,21781.625,126.847,20623.789,101.492,30254.509,15549.035,3737.448,17891.537,14313.230,2796.660,16.638,1492.939,0.000171,-0.071343,4676,0,15,57,72,15,21294,308,57,126.818,0,0,0,0,0,0,0,0,0,0,0,0,0,0,41922,906,4368,43947.509,21781.192,20622.266,0.029,126.818,18144.157,13713.638,406.412,233,105,47,15,43,20136,0,0,0,0.000,0.000,0.000,0.000,0.000,0.000,0.000,0.000,0,0,0,0,0,0,0,0,0,0.000,0.000,0.000,0.000,0.000,0.000,0.000,0.000,0,0,0,0,0,0,0,0,0,0.000,0.000,0.000,0.000,0.000,0.000,0.000,0.000,0,0,0,0,0,0,0,0,0,0.000,0.000,0.000,0.000,0.000,0.000,0.000,0.000,0,0,0,0,0,0,0,0,0,0.000,0.000,0.000,0.000,0.000,0.000,0.000,0.000,0,0,0,0,0,0,0,0,0,0,0,0,0,0,0,0,0,0,98959,29138,12940,2419,571,191,0,0,0,0,0,0,39802,10831,7606,2090,1183,364,30,26,4,0,0,0,875.649,133.158,7266.540,1704.027,0,0,0,328,207,399,923,325,201,1014,439,1042,430,50,469,424,271,317,296,45,113,0,0,0,0,0,0,0,0,0,0,0,0,1991,0,0,0,0,0,0,0,771,0,0,0,0,0,0,0,0,0,0,0,0,0,0,0,0,0,0,0,0,0,0,0,1.0000,1.0000,25,25,25,0.3917,0.3269,27,0,0
7681,256.0,5160,76,30,3546,1614,0,0,2628,485.60,0.780,0.629,0.403,0.057,0.567,-0.964,3.259,0.2206,1.8519,0.280,0.001,0.004,0.100,0.078,226,56,61,1,85,0,143835.23,43217.921,24869.782,89.866,22928.529,102.153,32511.004,17243.969,4113.820,19059.510,15247.608,2250.381,75.436,1386.330,0.000272,-0.072903,5189,0,11,50,60,11,22014,240,49,89.851,0,0,0,0,0,0,0,0,0,0,0,0,0,0,46205,1038,4949,49527.111,24869.690,22926.655,0.016,89.851,20052.629,15328.618,438.508,261,113,54,11,48,25003,0,0,0,0.000,0.000,0.000,0.000,0.000,0.000,0.000,0.000,0,0,0,0,0,0,0,0,0,0.000,0.000,0.000,0.000,0.000,0.000,0.000,0.000,0,0,0,0,0,0,0,0,0,0.000,0.000,0.000,0.000,0.000,0.000,0.000,0.000,0,0,0,0,0,0,0,0,0,0.000,0.000,0.000,0.000,0.000,0.000,0.000,0.000,0,0,0,0,0,0,0,0,0,0.000,0.000,0.000,0.000,0.000,0.000,0.000,0.000,0,0,0,0,0,0,0,0,0,0,0,0,0,0,0,0,0,0,102133,30317,13085,2507,570,182,0,0,0,0,0,0,44052,11835,7760,2123,1336,339,30,24,6,0,0,0,904.674,136.665,8208.552,1736.178,0,0,0,356,223,457,1052,365,224,1044,451,1087,441,51,472,461,281,365,328,48,131,0,0,0,0,0,0,0,0,0,0,0,0,2051,0,0,0,0,0,0,0,872,0,0,0,0,0,0,0,0,0,0,0,0,0,0,0,0,0,0,0,0,0,0,0,1.0000,1.0000,25,25,25,0.3923,0.3470,27,0,0
7711,257.0,5342,64,30,3613,1729,0,0,2866,388.44,0.794,0.639,0.404,0.057,0.560,-0.965,3.257,0.2219,1.8696,0.275,0.002,0.001,0.100,0.078,240,49,63,0,124,0,147914.28,44979.993,24633.990,88.548,23679.936,102.538,34503.389,18439.413,4586.731,18160.085,14528.068,2926.944,33.815,1501.172,0.000213,-0.071283,5637,0,19,44,63,19,22733,305,44,88.474,0,0,0,0,0,0,0,0,0,0,0,0,0,0,50142,1023,5332,50048.698,24632.929,23677.603,0.074,88.474,21750.825,16436.078,491.720,262,147,49,19,79,32827,0,0,0,0.000,0.000,0.000,0.000,0.000,0.000,0.000,0.000,0,0,0,0,0,0,0,0,0,0.000,0.000,0.000,0.000,0.000,0.000,0.000,0.000,0,0,0,0,0,0,0,0,0,0.000,0.000,0.000,0.000,0.000,0.000,0.000,0.000,0,0,0,0,0,0,0,0,0,0.000,0.000,0.000,0.000,0.000,0.000,0.000,0.000,0,0,0,0,0,0,0,0,0,0.000,0.000,0.000,0.000,0.000,0.000,0.000,0.000,0,0,0,0,0,0,0,0,0,0,0,0,0,0,0,0,0,0,104727,30911,13482,2661,551,210,0,0,0,0,0,0,47837,12295,8751,2275,1398,340,30,9,21,0,0,0,922.604,138.946,8606.428,1892.342,0,0,0,332,243,458,1045,334,245,1067,455,1106,449,55,481,485,333,361,362,50,138,0,0,0,0,0,0,0,0,0,0,0,0,2091,0,0,0,0,0,0,0,911,0,0,0,0,0,0,0,0,0,0,0,0,0,0,0,0,0,0,0,0,0,0,0,1.0000,1.0000,26,26,26,0.3863,0.3261,26,0,0
7741,258.0,5503,75,30,3693,1810,0,0,3161,361.61,0.802,0.644,0.403,0.056,0.556,-0.965,3.258,0.2231,1.8567,0.277,0.002,0.003,0.100,0.078,234,62,58,0,144,0,152653.59,48074.633,25951.817,82.064,25121.985,97.665,36127.469,20029.534,5081.317,18004.698,14403.759,2951.158,82.555,1496.233,0.000146,-0.070784,6036,0,17,41,57,17,23004,252,40,82.020,0,0,0,0,0,0,0,0,0,0,0,0,0,0,53201,1074,5784,52839.472,25950.929,25121.075,0.026,82.020,23132.935,17957.552,516.507,245,164,60,17,87,35605,0,0,0,0.000,0.000,0.000,0.000,0.000,0.000,0.000,0.000,0,0,0,0,0,0,0,0,0,0.000,0.000,0.000,0.000,0.000,0.000,0.000,0.000,0,0,0,0,0,0,0,0,0,0.000,0.000,0.000,0.000,0.000,0.000,0.000,0.000,0,0,0,0,0,0,0,0,0,0.000,0.000,0.000,0.000,0.000,0.000,0.000,0.000,0,0,0,0,0,0,0,0,0,0.000,0.000,0.000,0.000,0.000,0.000,0.000,0.000,0,0,0,0,0,0,0,0,0,0,0,0,0,0,0,0,0,0,106830,31960,13412,2734,498,210,0,0,0,0,0,0,50844,13605,8877,2327,1343,421,30,0,30,0,0,0,953.332,139.321,9699.542,1938.050,0,0,0,392,223,500,1104,399,212,1109,463,1109,471,58,483,491,316,435,375,52,141,0,0,0,0,0,0,0,0,0,0,0,0,2121,0,0,0,0,0,0,0,1003,0,0,0,0,0,0,0,0,0,0,0,0,0,0,0,0,0,0,0,0,0,0,0,1.0000,1.0000,25,25,25,0.3950,0.3088,26,0,0
7771,259.0,5655,58,30,3740,1915,0,0,3433,433.52,0.816,0.654,0.404,0.057,0.550,-0.965,3.252,0.2211,1.8629,0.274,0.002,0.002,0.100,0.078,236,63,78,0,143,0,158869.83,50069.544,28486.403,98.853,27302.719,104.790,37505.270,20554.003,5560.059,19043.831,15235.065,3375.915,22.632,1611.913,0.000208,-0.071312,6550,0,21,57,77,21,23597,247,56,98.840,0,0,0,0,0,0,0,0,0,0,0,0,0,0,55731,1184,6303,57763.144,28485.797,27301.557,0.013,98.840,24301.414,18433.870,532.883,276,171,62,21,88,33590,0,0,0,0.000,0.000,0.000,0.000,0.000,0.000,0.000,0.000,0,0,0,0,0,0,0,0,0,0.000,0.000,0.000,0.000,0.000,0.000,0.000,0.000,0,0,0,0,0,0,0,0,0,0.000,0.000,0.000,0.000,0.000,0.000,0.000,0.000,0,0,0,0,0,0,0,0,0,0.000,0.000,0.000,0.000,0.000,0.000,0.000,0.000,0,0,0,0,0,0,0,0,0,0.000,0.000,0.000,0.000,0.000,0.000,0.000,0.000,0,0,0,0,0,0,0,0,0,0,0,0,0,0,0,0,0,0,108667,33144,13838,2856,484,218,0,0,0,0,0,0,53160,13534,9215,2571,1273,492,0,0,0,0,0,0,982.887,142.773,9517.205,2110.713,0,0,0,365,270,555,1207,372,276,1140,464,1107,476,60,493,498,345,435,424,57,156,0,0,0,0,0,0,0,0,0,0,0,0,2136,0,0,0,0,0,0,0,1072,0,0,0,0,0,0,0,0,0,0,0,0,0,0,0,0,0,0,0,0,0,0,0,1.0000,1.0000,24,24,24,0.3925,0.3145,26,0,0
7801,260.0,5852,63,31,3810,2042,0,0,3636,439.07,0.829,0.665,0.404,0.057,0.543,-0.965,3.253,0.2226,1.8053,0.278,0.001,0.001,0.101,0.078,222,41,66,2,160,0,164519.17,53272.095,28069.455,89.836,29948.058,90.704,39273.956,21582.421,5948.734,20048.727,16038.982,3382.693,49.615,1534.885,0.000256,-0.071942,7379,0,18,48,66,18,24361,174,48,89.810,0,0,0,0,0,0,0,0,0,0,0,0,0,0,59180,1168,7205,60129.770,28068.405,29946.727,0.026,89.810,25861.950,19381.993,574.967,286,159,40,18,101,30863,0,0,0,0.000,0.000,0.000,0.000,0.000,0.000,0.000,0.000,0,0,0,0,0,0,0,0,0,0.000,0.000,0.000,0.000,0.000,0.000,0.000,0.000,0,0,0,0,0,0,0,0,0,0.000,0.000,0.000,0.000,0.000,0.000,0.000,0.000,0,0,0,0,0,0,0,0,0,0.000,0.000,0.000,0.000,0.000,0.000,0.000,0.000,0,0,0,0,0,0,0,0,0,0.000,0.000,0.000,0.000,0.000,0.000,0.000,0.000,0,0,0,0,0,0,0,0,0,0,0,0,0,0,0,0,0,0,110417,34194,14014,3085,502,261,0,0,0,0,0,0,56349,13646,10175,2831,1406,439,0,0,0,0,0,0,1013.621,141.017,9710.413,2286.967,0,0,0,405,265,527,1192,398,260,1176,483,1115,488,61,487,512,383,479,429,64,175,0,0,0,0,0,0,0,0,0,0,0,0,2151,0,0,0,0,0,0,0,1147,0,0,0,0,0,0,0,0,0,0,0,0,0,0,0,0,0,0,0,0,0,0,0,1.0000,1.0000,27,27,27,0.3904,0.3152,28,0,0
7831,261.0,5998,70,31,3835,2163,0,0,3847,523.00,0.846,0.677,0.405,0.057,0.534,-0.964,3.260,0.2238,1.8385,0.275,0.002,0.004,0.101,0.077,223,59,116,0,174,0,169492.66,55159.365,30667.066,155.306,32130.109,85.890,41125.522,22907.626,6333.251,21392.089,17113.672,4358.093,52.633,1952.709,0.000224,-0.072973,8007,0,20,96,113,20,24672,285,93,155.270,0,0,0,0,0,0,0,0,0,0,0,0,0,0,63050,1273,7722,65113.083,30666.337,32129.088,0.015,155.270,27545.335,20584.929,633.104,306,185,54,20,111,46612,0,0,0,0.000,0.000,0.000,0.000,0.000,0.000,0.000,0.000,0,0,0,0,0,0,0,0,0,0.000,0.000,0.000,0.000,0.000,0.000,0.000,0.000,0,0,0,0,0,0,0,0,0,0.000,0.000,0.000,0.000,0.000,0.000,0.000,0.000,0,0,0,0,0,0,0,0,0,0.000,0.000,0.000,0.000,0.000,0.000,0.000,0.000,0,0,0,0,0,0,0,0,0,0.000,0.000,0.000,0.000,0.000,0.000,0.000,0.000,0,0,0,0,0,0,0,0,0,0,0,0,0,0,0,0,0,0,111785,35531,13783,3246,453,325,0,0,0,0,0,0,60290,14527,11704,2760,1303,441,0,0,0,0,0,0,1058.375,141.348,10115.933,2691.257,0,0,0,455,302,551,1301,444,299,1222,455,1096,501,59,502,546,418,491,470,63,175,0,0,0,0,0,0,0,0,0,0,0,0,2158,0,0,0,0,0,0,0,1199,0,0,0,0,0,0,0,0,0,0,0,0,0,0,0,0,0,0,0,0,0,0,0,1.0000,1.0000,27,27,27,0.3980,0.3324,28,0,0
7861,262.0,5995,66,31,3812,2183,0,0,4024,428.77,0.851,0.680,0.406,0.057,0.532,-0.964,3.261,0.2243,1.8704,0.275,0.015,0.036,0.102,0.077,219,50,129,1,183,0,177518.41,56864.711,34484.804,142.679,30490.574,91.782,42086.622,23745.698,6660.976,15708.013,12566.411,5415.460,600.520,1815.561,0.000363,-0.076339,7861,0,35,94,126,35,24947,208,91,142.524,0,0,0,0,0,0,0,0,0,0,0,0,0,0,65321,1434,7653,67354.981,34484.265,30489.460,0.094,142.524,28573.768,21355.333,677.065,230,210,46,35,129,43667,0,0,0,0.000,0.000,0.000,0.000,0.000,0.000,0.000,0.000,0,0,0,0,0,0,0,0,0,0.000,0.000,0.000,0.000,0.000,0.000,0.000,0.000,0,0,0,0,0,0,0,0,0,0.000,0.000,0.000,0.000,0.000,0.000,0.000,0.000,0,0,0,0,0,0,0,0,0,0.000,0.000,0.000,0.000,0.000,0.000,0.000,0.000,0,0,0,0,0,0,0,0,0,0.000,0.000,0.000,0.000,0.000,0.000,0.000,0.000,0,0,0,0,0,0,0,0,0,0,0,0,0,0,0,0,0,0,111284,36463,13191,3351,535,359,0,0,0,0,0,0,62625,15330,12118,2696,1206,386,0,0,0,0,0,0,1097.334,136.727,10655.543,2759.389,0,0,0,462,331,664,1461,482,318,1242,453,1080,485,61,491,554,406,545,437,63,178,0,0,0,0,0,0,0,0,0,0,0,0,2117,0,0,0,0,0,0,0,1223,0,0,0,0,0,0,0,0,0,0,0,0,0,0,0,0,0,0,0,0,0,0,0,1.0000,1.0000,27,27,27,0.4124,0.3323,28,0,0
7891,263.0,6000,60,31,3807,2193,0,0,4094,439.27,0.853,0.681,0.404,0.058,0.531,-0.963,3.263,0.2253,1.8341,0.277,0.019,0.061,0.102,0.077,186,28,111,1,208,0,184662.84,58613.446,32759.625,132.955,31812.846,91.702,42210.308,23833.411,6889.374,15165.452,12132.362,5154.882,1338.215,1902.309,0.000343,-0.075044,7594,0,37,74,107,37,25312,191,70,132.843,0,0,0,0,0,0,0,0,0,0,0,0,0,0,65607,1366,7403,67030.983,32757.932,31811.483,0.049,132.843,28741.191,21432.156,674.868,211,201,28,37,136,43970,0,0,0,0.000,0.000,0.000,0.000,0.000,0.000,0.000,0.000,0,0,0,0,0,0,0,0,0,0.000,0.000,0.000,0.000,0.000,0.000,0.000,0.000,0,0,0,0,0,0,0,0,0,0.000,0.000,0.000,0.000,0.000,0.000,0.000,0.000,0,0,0,0,0,0,0,0,0,0.000,0.000,0.000,0.000,0.000,0.000,0.000,0.000,0,0,0,0,0,0,0,0,0,0.000,0.000,0.000,0.000,0.000,0.000,0.000,0.000,0,0,0,0,0,0,0,0,0,0,0,0,0,0,0,0,0,0,110940,37242,13307,3405,559,373,0,0,0,0,0,0,62951,15454,11558,2656,1154,387,0,0,0,0,0,0,1130.630,135.137,10562.719,2631.806,0,0,0,433,318,644,1401,431,321,1268,458,1057,472,64,488,560,396,537,451,71,178,0,0,0,0,0,0,0,0,0,0,0,0,2081,0,0,0,0,0,0,0,1237,0,0,0,0,0,0,0,0,0,0,0,0,0,0,0,0,0,0,0,0,0,0,0,1.0000,1.0000,25,25,25,0.4132,0.3097,28,0,0
7921,264.0,6000,63,31,3785,2215,0,0,4177,447.01,0.859,0.685,0.405,0.058,0.528,-0.963,3.261,0.2217,1.8564,0.276,0.028,0.092,0.102,0.077,187,35,94,0,205,0,194410.45,59701.427,35749.553,138.514,33960.053,79.857,42350.607,24453.061,6993.049,14740.532,11792.426,4797.461,2397.367,1902.234,0.000257,-0.072011,7889,0,25,69,93,25,25165,194,68,138.460,0,0,0,0,0,0,0,0,0,0,0,0,0,0,65865,1490,7695,72314.174,35748.386,33958.449,0.053,138.460,28907.747,21998.042,708.856,220,198,33,25,140,41650,0,0,0,0.000,0.000,0.000,0.000,0.000,0.000,0.000,0.000,0,0,0,0,0,0,0,0,0,0.000,0.000,0.000,0.000,0.000,0.000,0.000,0.000,0,0,0,0,0,0,0,0,0,0.000,0.000,0.000,0.000,0.000,0.000,0.000,0.000,0,0,0,0,0,0,0,0,0,0.000,0.000,0.000,0.000,0.000,0.000,0.000,0.000,0,0,0,0,0,0,0,0,0,0.000,0.000,0.000,0.000,0.000,0.000,0.000,0.000,0,0,0,0,0,0,0,0,0,0,0,0,0,0,0,0,0,0,110640,37626,13347,3449,513,334,0,0,0,0,0,0,63182,16186,11188,2683,1294,350,0,0,0,0,0,0,1149.827,134.318,11170.329,2616.204,0,0,0,527,351,651,1526,534,342,1275,454,1031,466,69,490,599,388,504,451,65,208,0,0,0,0,0,0,0,0,0,0,0,0,2056,0,0,0,0,0,0,0,1228,0,0,0,0,0,0,0,0,0,0,0,0,0,0,0,0,0,0,0,0,0,0,0,1.0000,1.0000,25,25,25,0.4049,0.3440,28,0,0
7951,265.0,6000,66,34,3752,2248,0,0,4115,467.62,0.866,0.689,0.404,0.058,0.524,-0.963,3.258,0.2246,1.8573,0.281,0.036,0.129,0.102,0.076,192,32,104,2,189,0,202663.56,60856.023,35414.017,124.976,34323.289,88.991,42785.248,25099.177,7014.372,14508.206,11606.565,4669.711,3767.483,1904.278,0.000276,-0.072008,7702,0,24,80,98,24,24971,202,74,124.841,0,0,0,0,0,0,0,0,0,0,0,0,0,0,67042,1475,7500,72257.188,35411.779,34322.545,0.062,124.841,29459.570,22597.679,763.883,218,185,32,24,129,43349,0,0,0,0.000,0.000,0.000,0.000,0.000,0.000,0.000,0.000,0,0,0,0,0,0,0,0,0,0.000,0.000,0.000,0.000,0.000,0.000,0.000,0.000,0,0,0,0,0,0,0,0,0,0.000,0.000,0.000,0.000,0.000,0.000,0.000,0.000,0,0,0,0,0,0,0,0,0,0.000,0.000,0.000,0.000,0.000,0.000,0.000,0.000,0,0,0,0,0,0,0,0,0,0.000,0.000,0.000,0.000,0.000,0.000,0.000,0.000,0,0,0,0,0,0,0,0,0,0,0,0,0,0,0,0,0,0,109391,37659,13205,3525,534,296,0,0,0,0,0,0,64185,16649,11733,2857,1538,225,0,0,0,0,0,0,1151.288,131.637,11607.154,2655.072,0,0,0,537,308,676,1518,535,307,1270,454,1022,448,72,486,632,398,488,461,68,201,0,0,0,0,0,0,0,0,0,0,0,0,2028,0,0,0,0,0,0,0,1218,0,0,0,0,0,0,0,0,0,0,0,0,0,0,0,0,0,0,0,0,0,0,0,1.0000,1.0000,25,25,25,0.3910,0.3213,28,0,0
7981,266.0,6000,71,34,3713,2287,0,0,4101,527.10,0.874,0.695,0.407,0.058,0.520,-0.964,3.265,0.2231,1.8673,0.278,0.042,0.124,0.103,0.077,211,41,138,4,217,0,208943.78,61566.895,37049.831,210.258,34800.330,90.053,43103.077,25627.093,6979.419,17815.953,14252.763,6883.936,4531.788,1858.267,0.000215,-0.071774,7639,0,33,105,135,33,25278,145,102,210.146,0,0,0,0,0,0,0,0,0,0,0,0,0,0,67957,1542,7494,74436.601,37049.232,34799.702,0.108,210.146,29887.738,23117.449,796.147,265,226,38,33,155,51661,0,0,0,0.000,0.000,0.000,0.000,0.000,0.000,0.000,0.000,0,0,0,0,0,0,0,0,0,0.000,0.000,0.000,0.000,0.000,0.000,0.000,0.000,0,0,0,0,0,0,0,0,0,0.000,0.000,0.000,0.000,0.000,0.000,0.000,0.000,0,0,0,0,0,0,0,0,0,0.000,0.000,0.000,0.000,0.000,0.000,0.000,0.000,0,0,0,0,0,0,0,0,0,0.000,0.000,0.000,0.000,0.000,0.000,0.000,0.000,0,0,0,0,0,0,0,0,0,0,0,0,0,0,0,0,0,0,108431,37347,13246,3554,546,254,0,0,0,0,0,0,64988,17511,11830,2969,1659,255,0,0,0,0,0,0,1125.822,134.264,12153.325,2663.891,0,0,0,553,340,680,1568,559,332,1258,444,1031,423,73,484,627,411,485,495,61,208,0,0,0,0,0,0,0,0,0,0,0,0,2011,0,0,0,0,0,0,0,1249,0,0,0,0,0,0,0,0,0,0,0,0,0,0,0,0,0,0,0,0,0,0,0,1.0000,1.0000,25,25,25,0.3940,0.3240,29,0,0
8011,267.0,6000,57,34,3691,2309,0,0,4173,566.27,0.879,0.697,0.406,0.058,0.518,-0.964,3.260,0.2235,1.8528,0.280,0.043,0.159,0.103,0.076,200,31,126,1,170,0,215802.53,61233.591,36920.009,167.284,36891.856,91.198,43435.405,25831.457,7007.131,14014.690,11211.752,5218.244,4976.437,2190.519,0.000412,-0.070402,7840,0,27,99,124,27,24802,265,97,167.238,0,0,0,0,0,0,0,0,0,0,0,0,0,0,68855,1535,7575,76535.622,36919.087,36890.711,0.041,167.238,30325.290,23292.496,830.280,198,176,28,27,121,44347,0,0,0,0.000,0.000,0.000,0.000,0.000,0.000,0.000,0.000,0,0,0,0,0,0,0,0,0,0.000,0.000,0.000,0.000,0.000,0.000,0.000,0.000,0,0,0,0,0,0,0,0,0,0.000,0.000,0.000,0.000,0.000,0.000,0.000,0.000,0,0,0,0,0,0,0,0,0,0.000,0.000,0.000,0.000,0.000,0.000,0.000,0.000,0,0,0,0,0,0,0,0,0,0.000,0.000,0.000,0.000,0.000,0.000,0.000,0.000,0,0,0,0,0,0,0,0,0,0,0,0,0,0,0,0,0,0,107420,37239,12856,3700,554,279,0,0,0,0,0,0,65843,17839,11143,3012,1810,221,0,0,0,0,0,0,1121.642,130.706,12342.355,2466.804,0,0,0,535,313,692,1554,542,311,1259,429,1041,421,68,473,680,350,497,526,45,211,0,0,0,0,0,0,0,0,0,0,0,0,2003,0,0,0,0,0,0,0,1279,0,0,0,0,0,0,0,0,0,0,0,0,0,0,0,0,0,0,0,0,0,0,0,1.0000,1.0000,25,25,25,0.3965,0.3592,28,0,0
8041,268.0,6000,50,34,3614,2385,0,1,4208,521.93,0.896,0.709,0.410,0.058,0.508,-0.963,3.263,0.2234,1.8638,0.283,0.051,0.160,0.103,0.076,188,26,139,0,160,0,220421.58,61967.503,37163.893,249.587,38186.408,83.582,43927.114,26637.007,7130.863,14733.176,11786.541,6231.505,5808.380,2080.437,0.000400,-0.068945,8018,0,25,114,134,25,24924,266,109,249.533,0,0,0,0,0,0,0,4,4,3,0,0,3,0,70300,1547,7752,78136.864,37163.494,38185.392,0.045,249.533,30992.343,24056.162,888.863,227,150,26,25,99,32797,0,0,0,0.000,0.000,0.000,0.000,0.000,0.000,0.000,0.000,0,0,0,0,0,0,14,0,0,0.000,0.000,0.000,0.000,0.000,3.692,2.085,0.478,0,0,0,0,0,0,0,0,0,0.000,0.000,0.000,0.000,0.000,0.000,0.000,0.000,0,0,0,0,0,0,0,0,0,0.000,0.000,0.000,0.000,0.000,0.000,0.000,0.000,0,0,0,0,0,0,0,0,0,0.000,0.000,0.000,0.000,0.000,0.000,0.000,0.000,0,0,0,0,0,0,0,0,0,0,1,0,0,0,0,0,0,0,105884,36983,11932,3762,500,310,0,0,0,0,0,0,67296,18611,10855,3018,1913,249,0,0,0,0,0,0,1114.217,120.126,12863.637,2506.701,0,0,0,526,343,695,1571,546,334,1235,396,1047,403,71,462,686,389,532,512,67,199,0,0,1,0,0,0,0,0,0,0,0,0,1983,0,0,0,0,0,0,0,1310,0,0,0,0,0,0,0,1,0,0,0,0,0,0,0,0,0,0,0,0,0,0,0,1.0000,1.0000,25,25,25,0.4000,0.3332,28,0,0
8071,269.0,6000,64,34,3564,2435,0,1,4169,443.51,0.908,0.716,0.413,0.059,0.502,-0.963,3.267,0.2210,1.8481,0.279,0.049,0.169,0.103,0.075,171,43,162,1,190,0,221042.25,61076.657,37578.140,216.439,37422.503,90.162,44672.261,26951.699,7144.083,17894.128,14315.303,6984.658,6494.948,2424.086,0.000361,-0.068871,8088,0,50,112,158,50,24422,253,108,216.335,0,0,0,0,0,0,0,0,0,0,0,0,0,0,72353,1563,7827,77727.231,37567.909,37389.851,0.066,216.335,31939.178,24347.488,956.276,271,221,42,50,129,59860,0,0,0,0.000,0.000,0.000,0.000,0.000,0.000,0.000,0.000,0,0,0,0,0,0,30,1,8,108.913,9.326,31.303,0.000,0.000,7.915,4.523,0.000,0,0,0,0,0,0,0,0,0,0.000,0.000,0.000,0.000,0.000,0.000,0.000,0.000,0,0,0,0,0,0,0,0,0,0.000,0.000,0.000,0.000,0.000,0.000,0.000,0.000,0,0,0,0,0,0,0,0,0,0.000,0.000,0.000,0.000,0.000,0.000,0.000,0.000,0,0,0,0,0,0,0,0,0,0,0,0,0,0,0,0,0,0,103820,36078,11368,3769,488,305,0,0,0,0,0,0,69402,18558,11936,2981,1828,314,0,0,0,0,0,0,1076.629,114.719,12585.221,2810.306,0,0,0,519,347,733,1585,512,345,1204,387,1046,398,69,460,668,433,504,530,57,243,0,0,1,0,0,0,0,0,0,0,0,0,1973,0,0,0,0,0,0,0,1334,0,0,0,0,0,0,0,1,0,0,0,0,0,0,0,0,0,0,0,0,0,0,0,1.0000,1.0000,25,25,25,0.4034,0.3294,28,0,0
8101,270.0,6000,65,35,3531,2468,0,1,4191,471.45,0.915,0.722,0.415,0.059,0.498,-0.963,3.275,0.2210,1.8384,0.283,0.050,0.163,0.104,0.075,195,44,139,0,207,0,221422.27,60948.667,38692.510,185.369,38637.171,78.918,45092.248,27324.609,7194.221,17733.936,14187.149,7572.895,6294.195,2421.577,0.000472,-0.067072,8333,0,50,89,138,50,23885,245,88,185.293,0,0,0,0,0,0,0,4,2,0,0,0,0,0,73499,1610,8088,80148.114,38691.874,38635.890,0.075,185.293,32490.215,24769.132,920.676,273,240,42,50,148,60722,0,0,0,0.000,0.000,0.000,0.000,0.000,0.000,0.000,0.000,0,0,0,0,0,0,30,0,0,0.000,0.000,0.000,0.000,0.000,7.920,5.128,0.239,0,0,0,0,0,0,0,0,0,0.000,0.000,0.000,0.000,0.000,0.000,0.000,0.000,0,0,0,0,0,0,0,0,0,0.000,0.000,0.000,0.000,0.000,0.000,0.000,0.000,0,0,0,0,0,0,0,0,0,0.000,0.000,0.000,0.000,0.000,0.000,0.000,0.000,0,0,0,0,0,0,0,0,0,0,0,0,0,0,0,0,0,0,102544,35446,11156,3877,540,350,0,0,0,0,0,0,70661,18638,12308,2868,1802,235,0,0,0,0,0,0,1057.154,112.723,12624.433,2895.574,0,0,0,533,356,755,1643,535,340,1184,383,1032,401,69,462,680,402,535,526,70,255,0,0,1,0,0,0,0,0,0,0,0,0,1964,0,0,0,0,0,0,0,1386,0,0,0,0,0,0,0,1,0,0,0,0,0,0,0,0,0,0,0,0,0,0,0,1.0000,1.0000,25,25,25,0.4110,0.3364,30,0,0
8131,271.0,5996,56,35,3472,2523,0,1,4179,464.96,0.927,0.731,0.417,0.059,0.491,-0.964,3.275,0.2223,1.8578,0.287,0.053,0.158,0.104,0.075,167,29,154,1,189,0,221857.17,60961.633,39150.528,237.903,38062.330,81.658,45609.397,27926.967,7218.997,16755.034,13404.027,8021.536,5673.060,2114.195,0.000361,-0.064245,8269,0,37,117,152,37,23059,212,115,237.868,0,0,0,0,0,0,0,3,0,0,0,0,0,0,74924,1629,8057,79975.548,39148.754,38061.383,0.035,237.868,33135.866,25346.157,973.889,257,202,29,37,136,52880,0,0,0,0.000,0.000,0.000,0.000,0.000,0.000,0.000,0.000,0,0,0,0,0,0,30,0,0,0.000,0.000,0.000,0.000,0.000,7.931,4.791,0.000,0,0,0,0,0,0,0,0,0,0.000,0.000,0.000,0.000,0.000,0.000,0.000,0.000,0,0,0,0,0,0,0,0,0,0.000,0.000,0.000,0.000,0.000,0.000,0.000,0.000,0,0,0,0,0,0,0,0,0,0.000,0.000,0.000,0.000,0.000,0.000,0.000,0.000,0,0,0,0,0,0,0,0,0,0,0,0,0,0,0,0,0,0,100917,34656,11273,4063,557,359,0,0,0,0,0,0,72264,18951,12527,2690,1739,133,0,0,0,0,0,0,1040.863,113.526,12912.775,2923.349,0,0,0,564,353,741,1667,573,352,1162,382,982,403,75,468,708,427,570,509,62,247,0,0,1,0,0,0,0,0,0,0,0,0,1928,0,0,0,0,0,0,0,1388,0,0,0,0,0,0,0,1,0,0,0,0,0,0,0,0,0,0,0,0,0,0,0,1.0000,1.0000,24,24,24,0.4004,0.3410,30,0,0
8161,272.0,6000,66,35,3428,2570,1,1,4250,392.93,0.938,0.738,0.422,0.058,0.485,-0.963,3.277,0.2226,1.8464,0.287,0.050,0.137,0.104,0.075,165,42,150,0,192,0,220358.31,60413.036,37554.005,214.525,38474.611,72.439,46130.558,28790.888,7372.094,17781.625,14225.300,6709.472,4872.528,2248.572,0.000347,-0.063705,8323,0,46,104,145,46,23032,186,99,214.338,0,0,0,0,0,0,0,10,5,3,0,0,3,0,76220,1564,8137,78772.641,37552.222,38473.604,0.181,214.338,33770.507,26248.740,958.763,277,230,42,46,142,51320,0,0,0,0.000,0.000,0.000,0.000,0.000,0.000,0.000,0.000,0,0,0,0,0,0,30,0,0,0.000,0.000,0.000,0.000,0.000,7.946,4.643,0.598,0,0,0,0,0,0,0,0,0,0.000,0.000,0.000,0.000,0.000,0.000,0.000,0.000,0,0,0,0,0,0,0,0,0,0.000,0.000,0.000,0.000,0.000,0.000,0.000,0.000,0,0,0,0,0,0,8,0,0,0.000,0.000,0.000,0.000,0.000,0.646,0.396,0.000,0,0,0,0,0,0,0,0,1,0,0,0,0,0,0,0,0,0,99564,34571,10809,4133,533,361,0,0,0,0,0,0,73469,19719,12132,2789,1781,158,0,0,0,0,0,0,1026.718,108.463,13732.066,2757.092,0,0,0,567,335,702,1594,558,337,1169,374,973,410,69,433,726,406,576,525,74,263,0,0,0,0,0,1,0,0,0,0,0,1,1885,0,0,0,0,0,0,0,1438,0,0,0,0,0,0,0,1,0,0,0,0,0,0,0,1,0,0,0,0,0,0,0,1.0000,1.0000,25,25,25,0.4089,0.3263,30,0,0
8191,273.0,6000,54,35,3359,2640,1,0,4280,517.51,0.952,0.749,0.426,0.058,0.476,-0.963,3.289,0.2202,1.8256,0.289,0.037,0.111,0.104,0.074,160,40,157,1,207,0,215100.55,58865.663,36750.492,212.581,37142.414,65.986,46812.433,28896.125,7460.544,18517.930,14814.344,7286.349,4830.387,2097.071,0.000302,-0.060757,8176,0,37,120,153,37,23093,222,116,212.451,0,0,0,0,0,0,0,21,3,3,0,0,3,0,78060,1529,7954,76557.260,36749.931,37141.065,0.117,212.451,34634.511,26319.155,1016.187,288,218,39,37,142,55317,0,0,0,0.000,0.000,0.000,0.000,0.000,0.000,0.000,0.000,0,0,0,0,0,0,29,0,0,0.000,0.000,0.000,0.000,0.000,7.695,8.561,0.359,0,1,0,0,1,163,0,0,0,0.000,0.000,0.000,0.000,0.000,0.000,0.000,0.000,0,0,0,0,0,0,0,0,0,0.000,0.000,0.000,0.000,0.000,0.000,0.000,0.000,0,0,0,0,0,0,30,0,0,0.000,0.000,0.000,0.000,0.000,2.422,1.298,0.000,0,0,0,0,0,0,0,0,0,0,0,0,0,0,0,0,0,0,97703,34544,10490,4116,510,339,0,0,0,0,0,0,75244,19436,13012,2875,1860,210,0,0,0,0,0,0,1016.906,102.764,13474.978,2927.971,0,0,0,473,385,678,1548,490,366,1160,367,941,404,65,422,711,483,577,535,80,254,0,0,0,0,0,0,0,0,0,0,0,1,1832,0,0,0,0,0,0,0,1446,0,0,0,0,0,0,0,0,0,0,0,0,0,0,0,1,0,0,0,0,0,0,0,1.0000,1.0000,25,25,25,0.4004,0.3310,29,0,0
8221,274.0,5995,56,35,3261,2733,1,0,4233,473.57,0.973,0.764,0.428,0.058,0.465,-0.964,3.286,0.2197,1.8580,0.294,0.025,0.089,0.105,0.075,168,54,168,0,208,0,208875.69,57525.150,37476.154,242.936,39310.186,72.153,47679.205,29707.116,7506.774,20035.498,16028.399,6809.452,3640.232,2119.219,0.000286,-0.060822,8857,0,37,131,168,37,22587,276,131,242.894,0,0,0,0,0,0,0,0,0,0,0,0,0,0,80607,1555,8581,79497.023,37475.387,39308.675,0.042,242.894,35791.625,27087.263,1104.506,321,228,51,37,140,58322,0,0,0,0.000,0.000,0.000,0.000,0.000,0.000,0.000,0.000,0,0,0,0,0,0,0,0,0,0.000,0.000,0.000,0.000,0.000,0.000,0.000,0.000,0,0,0,0,0,0,0,0,0,0.000,0.000,0.000,0.000,0.000,0.000,0.000,0.000,0,0,0,0,0,0,0,0,0,0.000,0.000,0.000,0.000,0.000,0.000,0.000,0.000,0,0,0,0,0,0,30,0,0,0.000,0.000,0.000,0.000,0.000,2.425,0.881,0.000,0,0,0,0,0,0,0,0,0,0,0,0,0,0,0,0,0,0,95236,34193,10673,4050,466,355,0,0,0,0,0,0,77708,19621,13868,2929,1873,321,0,0,0,0,0,0,994.020,106.592,13646.142,3185.422,0,0,0,549,353,682,1582,549,351,1149,368,903,397,55,389,737,463,624,584,70,255,0,0,0,0,0,0,0,0,1,0,0,0,1744,0,0,0,0,0,0,0,1533,0,0,0,0,0,0,0,0,0,0,0,0,0,0,0,1,0,0,0,0,0,0,0,1.0000,1.0000,24,24,24,0.3922,0.3547,29,0,0
8251,275.0,6000,41,37,3204,2795,1,0,4274,475.77,0.986,0.773,0.431,0.058,0.457,-0.964,3.289,0.2188,1.8727,0.289,0.019,0.053,0.105,0.075,155,40,165,0,258,0,201138.69,56180.784,37054.026,196.985,36473.861,62.605,48373.121,30465.255,7514.679,21565.322,17252.258,6396.912,2142.299,1963.474,0.000420,-0.061570,8452,0,46,119,164,46,22329,176,118,196.881,0,0,0,0,0,0,0,0,0,0,0,0,0,0,82689,1540,8276,76144.718,37053.488,36473.029,0.102,196.881,36704.537,27877.259,1098.595,340,278,39,46,193,76635,0,0,0,0.000,0.000,0.000,0.000,0.000,0.000,0.000,0.000,0,0,0,0,0,0,0,0,0,0.000,0.000,0.000,0.000,0.000,0.000,0.000,0.000,0,0,0,0,0,0,0,0,0,0.000,0.000,0.000,0.000,0.000,0.000,0.000,0.000,0,0,0,0,0,0,0,0,0,0.000,0.000,0.000,0.000,0.000,0.000,0.000,0.000,0,0,0,0,0,0,30,0,0,0.000,0.000,0.000,0.000,0.000,2.426,0.828,0.000,0,0,0,0,0,0,0,0,0,0,0,0,0,0,0,0,0,0,93264,33997,10934,3977,450,371,0,0,0,0,0,0,79651,20541,13440,3068,1833,422,0,0,0,0,0,0,985.183,109.347,14308.770,3106.675,0,0,0,554,356,641,1566,553,364,1148,381,835,396,52,392,750,452,639,613,81,260,0,0,0,0,0,0,0,0,1,0,0,0,1675,0,0,0,0,0,0,0,1593,0,0,0,0,0,0,0,0,0,0,0,0,0,0,0,1,0,0,0,0,0,0,0,1.0000,1.0000,24,24,24,0.3888,0.3241,30,0,0
8281,276.0,6000,49,37,3180,2820,0,0,4233,428.81,0.991,0.777,0.430,0.058,0.454,-0.965,3.293,0.2189,1.8525,0.295,0.007,0.019,0.106,0.075,141,55,151,0,282,0,190348.03,54436.078,36476.084,170.969,34635.921,65.539,48947.794,31115.855,7542.132,22350.003,17880.003,6442.714,1337.529,2017.765,0.000354,-0.060754,8246,0,52,99,151,52,22551,191,99,170.880,0,0,0,0,0,0,0,0,0,0,0,0,0,0,84342,1515,8055,73625.935,36475.300,34635.029,0.090,170.880,37445.373,28551.091,1088.397,351,326,55,51,220,80432,0,0,0,0.000,0.000,0.000,0.000,0.000,0.000,0.000,0.000,0,0,0,0,0,0,0,0,0,0.000,0.000,0.000,0.000,0.000,0.000,0.000,0.000,0,0,0,0,0,0,0,0,0,0.000,0.000,0.000,0.000,0.000,0.000,0.000,0.000,0,0,0,0,0,0,0,0,0,0.000,0.000,0.000,0.000,0.000,0.000,0.000,0.000,0,0,0,0,0,0,2,0,0,0.000,0.000,0.000,0.000,0.000,0.162,0.045,0.000,0,1,0,1,0,100,0,0,0,0,0,0,0,0,0,0,0,0,91878,33804,11429,3740,487,345,0,0,0,0,0,0,81167,20988,13685,3177,2032,407,0,0,0,0,0,0,980.575,114.697,14721.853,3112.771,0,0,0,477,334,731,1534,479,327,1143,396,817,377,58,389,756,482,648,600,95,239,0,0,0,0,0,0,0,0,0,0,0,0,1641,0,0,0,0,0,0,0,1582,0,0,0,0,0,0,0,0,0,0,0,0,0,0,0,0,0,0,0,0,0,0,0,1.0000,1.0000,24,24,24,0.3856,0.3334,30,0,0
8311,277.0,5999,44,37,3165,2834,0,0,4146,409.02,0.995,0.780,0.428,0.059,0.453,-0.965,3.303,0.2199,1.8731,0.292,0.004,0.009,0.105,0.074,124,70,144,0,273,0,180802.20,53472.356,36329.333,180.229,31996.792,66.244,49111.998,30998.312,7426.848,21876.953,17501.563,5527.466,342.350,1745.385,0.000296,-0.059701,8251,0,40,104,143,40,22555,158,103,180.174,0,0,0,0,0,0,0,0,0,0,0,0,0,0,84855,1504,8093,70742.147,36328.660,31995.116,0.046,180.174,37666.616,28500.673,1025.102,331,317,67,40,210,89366,0,0,0,0.000,0.000,0.000,0.000,0.000,0.000,0.000,0.000,0,0,0,0,0,0,0,0,0,0.000,0.000,0.000,0.000,0.000,0.000,0.000,0.000,0,0,0,0,0,0,0,0,0,0.000,0.000,0.000,0.000,0.000,0.000,0.000,0.000,0,0,0,0,0,0,0,0,0,0.000,0.000,0.000,0.000,0.000,0.000,0.000,0.000,0,0,0,0,0,0,0,0,0,0.000,0.000,0.000,0.000,0.000,0.000,0.000,0.000,0,0,0,0,0,0,0,0,0,0,0,0,0,0,0,0,0,0,91416,33309,11619,3687,570,332,0,0,0,0,0,0,81597,20764,14451,3258,2087,422,0,0,0,0,0,0,969.903,116.686,14590.110,3331.846,0,0,0,522,329,665,1521,522,326,1119,401,831,372,51,391,752,499,622,627,80,254,0,0,0,0,0,0,0,0,0,0,0,0,1645,0,0,0,0,0,0,0,1583,0,0,0,0,0,0,0,0,0,0,0,0,0,0,0,0,0,0,0,0,0,0,0,1.0000,1.0000,24,24,24,0.3918,0.3249,30,0,0
8341,278.0,5998,45,37,3225,2773,0,0,4080,389.69,0.982,0.771,0.426,0.059,0.461,-0.966,3.312,0.2192,1.8286,0.287,0.001,0.002,0.106,0.074,163,77,80,0,299,0,171093.86,52297.363,33951.160,86.235,32997.533,60.461,48911.954,30416.124,7306.671,19988.403,15990.723,3557.895,146.245,1706.529,0.000272,-0.059551,8591,0,24,56,79,24,22093,211,55,86.207,0,0,0,0,0,0,0,0,0,0,0,0,0,0,84185,1412,8380,69301.527,33950.535,32996.765,0.028,86.207,37389.635,28020.008,926.609,291,352,77,24,251,98198,0,0,0,0.000,0.000,0.000,0.000,0.000,0.000,0.000,0.000,0,0,0,0,0,0,0,0,0,0.000,0.000,0.000,0.000,0.000,0.000,0.000,0.000,0,0,0,0,0,0,0,0,0,0.000,0.000,0.000,0.000,0.000,0.000,0.000,0.000,0,0,0,0,0,0,0,0,0,0.000,0.000,0.000,0.000,0.000,0.000,0.000,0.000,0,0,0,0,0,0,0,0,0,0.000,0.000,0.000,0.000,0.000,0.000,0.000,0.000,0,0,0,0,0,0,0,0,0,0,0,0,0,0,0,0,0,0,91974,33190,11832,3791,597,272,0,0,0,0,0,0,80734,20172,13743,3451,2160,530,0,0,0,0,0,0,963.328,118.186,14225.715,3198.518,0,0,0,518,284,637,1438,520,280,1121,415,842,385,54,408,701,486,636,615,87,248,0,0,0,0,0,0,0,0,0,0,0,0,1689,0,0,0,0,0,0,0,1586,0,0,0,0,0,0,0,0,0,0,0,0,0,0,0,0,0,0,0,0,0,0,0,1.0000,1.0000,24,24,24,0.3926,0.3282,30,0,0
8371,279.0,5864,42,37,3223,2641,0,0,4042,457.71,0.968,0.760,0.425,0.059,0.470,-0.966,3.313,0.2207,1.8445,0.293,0.002,0.002,0.106,0.075,186,75,96,2,323,0,163677.83,51660.922,33678.009,73.355,31462.708,67.150,47959.659,29022.328,7256.175,16058.392,12846.714,3501.580,84.097,1792.801,0.000327,-0.059239,8453,0,37,59,95,37,21210,233,58,73.277,0,0,0,0,0,0,0,0,0,0,0,0,0,0,81638,1398,8220,67360.255,33676.064,31461.615,0.068,73.277,36307.129,26673.184,877.495,238,370,74,37,259,99182,0,0,0,0.000,0.000,0.000,0.000,0.000,0.000,0.000,0.000,0,0,0,0,0,0,0,0,0,0.000,0.000,0.000,0.000,0.000,0.000,0.000,0.000,0,0,0,0,0,0,0,0,0,0.000,0.000,0.000,0.000,0.000,0.000,0.000,0.000,0,0,0,0,0,0,0,0,0,0.000,0.000,0.000,0.000,0.000,0.000,0.000,0.000,0,0,0,0,0,0,0,0,0,0.000,0.000,0.000,0.000,0.000,0.000,0.000,0.000,0,0,0,0,0,0,0,0,0,0,0,0,0,0,0,0,0,0,93039,32905,12089,3897,637,243,0,0,0,0,0,0,78091,18904,13835,3547,2055,527,0,0,0,0,0,0,958.048,120.002,13275.372,3225.505,0,0,0,491,324,604,1422,502,308,1102,409,862,393,57,400,696,477,585,580,101,202,0,0,0,0,0,0,0,0,0,0,0,0,1712,0,0,0,0,0,0,0,1468,0,0,0,0,0,0,0,0,0,0,0,0,0,0,0,0,0,0,0,0,0,0,0,1.0000,1.0000,24,24,24,0.3845,0.3330,30,0,0
8401,280.0,5676,36,40,3229,2447,0,0,3871,396.32,0.944,0.741,0.423,0.059,0.486,-0.966,3.318,0.2195,1.8518,0.298,0.001,0.001,0.106,0.074,162,92,89,0,353,0,156874.48,50886.373,31125.566,88.942,29107.427,72.248,45694.792,27242.938,7001.264,15172.152,12137.722,4338.249,60.709,1531.835,0.000369,-0.058592,7807,0,30,59,85,30,20669,213,55,88.866,0,0,0,0,0,0,0,0,0,0,0,0,0,0,76504,1289,7594,62284.759,31124.139,29106.805,0.075,88.866,34106.176,24993.578,791.972,217,411,89,30,292,115532,0,0,0,0.000,0.000,0.000,0.000,0.000,0.000,0.000,0.000,0,0,0,0,0,0,0,0,0,0.000,0.000,0.000,0.000,0.000,0.000,0.000,0.000,0,0,0,0,0,0,0,0,0,0.000,0.000,0.000,0.000,0.000,0.000,0.000,0.000,0,0,0,0,0,0,0,0,0,0.000,0.000,0.000,0.000,0.000,0.000,0.000,0.000,0,0,0,0,0,0,0,0,0,0.000,0.000,0.000,0.000,0.000,0.000,0.000,0.000,0,0,0,0,0,0,0,0,0,0,0,0,0,0,0,0,0,0,92654,32349,12131,3979,631,239,0,0,0,0,0,0,72842,17989,12621,3662,2088,415,0,0,0,0,0,0,944.553,119.077,12688.956,2864.137,0,0,0,451,283,573,1313,472,274,1101,413,881,374,54,406,640,399,558,561,93,196,0,0,0,0,0,0,0,0,0,0,0,0,1715,0,0,0,0,0,0,0,1408,0,0,0,0,0,0,0,0,0,0,0,0,0,0,0,0,0,0,0,0,0,0,0,1.0000,1.0000,25,25,25,0.4121,0.3264,32,0,0
8431,281.0,5565,42,40,3225,2340,0,0,3793,408.33,0.931,0.729,0.421,0.060,0.494,-0.967,3.325,0.2192,1.8464,0.298,0.001,0.000,0.106,0.074,143,58,90,0,326,0,153298.25,49864.078,31126.606,103.174,29027.335,70.183,43734.546,25520.181,6774.960,16150.997,12920.797,3877.801,15.256,1517.146,0.000325,-0.058936,7673,0,25,65,88,25,20295,181,63,103.130,0,0,0,0,0,0,0,0,0,0,0,0,0,0,71855,1295,7492,62241.311,31125.903,29026.760,0.037,103.130,32101.835,23291.000,769.470,238,345,57,25,263,103937,0,0,0,0.000,0.000,0.000,0.000,0.000,0.000,0.000,0.000,0,0,0,0,0,0,0,0,0,0.000,0.000,0.000,0.000,0.000,0.000,0.000,0.000,0,0,0,0,0,0,0,0,0,0.000,0.000,0.000,0.000,0.000,0.000,0.000,0.000,0,0,0,0,0,0,0,0,0,0.000,0.000,0.000,0.000,0.000,0.000,0.000,0.000,0,0,0,0,0,0,0,0,0,0.000,0.000,0.000,0.000,0.000,0.000,0.000,0.000,0,0,0,0,0,0,0,0,0,0,0,0,0,0,0,0,0,0,92892,32405,12220,4109,689,222,0,0,0,0,0,0,68094,16675,11590,3761,2049,497,0,0,0,0,0,0,943.672,119.217,11634.937,2658.319,0,0,0,448,297,580,1319,436,302,1096,412,879,369,55,414,615,387,551,524,73,190,0,0,0,0,0,0,0,0,0,0,0,0,1717,0,0,0,0,0,0,0,1338,0,0,0,0,0,0,0,0,0,0,0,0,0,0,0,0,0,0,0,0,0,0,0,1.0000,1.0000,24,24,24,0.4008,0.3372,31,0,0
8461,282.0,5413,49,40,3211,2202,0,0,3724,389.02,0.915,0.716,0.419,0.061,0.505,-0.967,3.323,0.2193,1.8112,0.301,0.002,0.000,0.106,0.074,175,63,67,1,320,0,148770.14,48598.174,27518.149,90.070,27578.097,82.275,42149.296,24395.124,6681.427,12932.575,10346.060,3461.630,9.529,1450.990,0.000252,-0.059799,7374,0,12,55,67,12,19680,221,55,90.009,0,0,0,0,0,0,0,0,0,0,0,0,0,0,68309,1140,7153,56916.457,27516.427,27577.315,0.061,90.009,30577.804,22257.529,694.944,183,321,60,12,249,90634,0,0,0,0.000,0.000,0.000,0.000,0.000,0.000,0.000,0.000,0,0,0,0,0,0,0,0,0,0.000,0.000,0.000,0.000,0.000,0.000,0.000,0.000,0,0,0,0,0,0,0,0,0,0.000,0.000,0.000,0.000,0.000,0.000,0.000,0.000,0,0,0,0,0,0,0,0,0,0.000,0.000,0.000,0.000,0.000,0.000,0.000,0.000,0,0,0,0,0,0,0,0,0,0.000,0.000,0.000,0.000,0.000,0.000,0.000,0.000,0,0,0,0,0,0,0,0,0,0,0,0,0,0,0,0,0,0,92278,31805,12302,4084,674,215,0,0,0,0,0,0,64527,16019,10580,3782,1949,567,0,0,0,0,0,0,926.616,121.304,11250.038,2420.561,0,0,0,407,245,513,1158,407,238,1080,423,878,366,55,409,579,355,530,504,64,170,0,0,0,0,0,0,0,0,0,0,0,0,1708,0,0,0,0,0,0,0,1268,0,0,0,0,0,0,0,0,0,0,0,0,0,0,0,0,0,0,0,0,0,0,0,1.0000,1.0000,23,23,23,0.4083,0.3245,31,0,0
8491,283.0,5365,46,40,3220,2145,0,0,3669,482.69,0.906,0.710,0.419,0.061,0.511,-0.966,3.324,0.2208,1.7959,0.299,0.002,0.000,0.106,0.074,184,58,78,0,258,0,146014.41,46635.943,28402.815,108.084,25677.997,74.049,40660.654,23285.698,6572.709,14904.078,11923.263,3057.416,1.167,1344.113,0.000329,-0.060178,6833,0,11,67,77,11,19421,225,66,108.059,0,0,0,0,0,0,0,0,0,0,0,0,0,0,64831,1181,6608,55922.103,28401.868,25677.131,0.025,108.059,29056.039,21159.916,674.447,206,263,58,11,194,76577,0,0,0,0.000,0.000,0.000,0.000,0.000,0.000,0.000,0.000,0,0,0,0,0,0,0,0,0,0.000,0.000,0.000,0.000,0.000,0.000,0.000,0.000,0,0,0,0,0,0,0,0,0,0.000,0.000,0.000,0.000,0.000,0.000,0.000,0.000,0,0,0,0,0,0,0,0,0,0.000,0.000,0.000,0.000,0.000,0.000,0.000,0.000,0,0,0,0,0,0,0,0,0,0.000,0.000,0.000,0.000,0.000,0.000,0.000,0.000,0,0,0,0,0,0,0,0,0,0,0,0,0,0,0,0,0,0,92491,31746,12572,4157,784,192,0,0,0,0,0,0,61309,14833,10222,3522,1841,420,0,0,0,0,0,0,931.320,125.039,10516.963,2365.795,0,0,0,428,247,535,1213,431,248,1070,420,875,373,57,425,541,379,506,472,54,193,0,0,0,0,0,0,0,0,0,0,0,0,1730,0,0,0,0,0,0,0,1225,0,0,0,0,0,0,0,0,0,0,0,0,0,0,0,0,0,0,0,0,0,0,0,1.0000,1.0000,24,24,24,0.4049,0.3307,32,0,0
8521,284.0,5259,61,40,3201,2058,0,0,3565,439.25,0.896,0.701,0.418,0.062,0.518,-0.967,3.324,0.2197,1.8098,0.304,0.002,0.001,0.106,0.073,178,52,67,0,268,0,138920.25,44525.150,23989.669,81.031,25373.323,80.751,39844.583,22709.215,6437.566,12238.466,9790.773,2852.056,4.301,1394.587,0.000230,-0.060663,6742,0,14,53,65,14,19657,209,51,81.028,0,0,0,0,0,0,0,0,0,0,0,0,0,0,63039,994,6533,51011.228,23989.454,25363.406,0.003,81.028,28262.557,20627.673,640.352,175,262,48,14,200,79242,0,0,0,0.000,0.000,0.000,0.000,0.000,0.000,0.000,0.000,0,0,0,0,0,0,0,0,0,0.000,0.000,0.000,0.000,0.000,0.000,0.000,0.000,0,0,0,0,0,0,0,0,0,0.000,0.000,0.000,0.000,0.000,0.000,0.000,0.000,0,0,0,0,0,0,0,0,0,0.000,0.000,0.000,0.000,0.000,0.000,0.000,0.000,0,0,0,0,0,0,0,0,0,0.000,0.000,0.000,0.000,0.000,0.000,0.000,0.000,0,0,0,0,0,0,0,0,0,0,0,0,0,0,0,0,0,0,92128,31196,12179,4316,735,180,0,0,0,0,0,0,59618,14468,10633,3421,1877,397,0,0,0,0,0,0,921.244,120.675,10376.266,2439.219,0,0,0,360,223,438,1006,356,216,1052,401,886,372,59,431,562,349,467,448,58,174,0,0,0,0,0,0,0,0,0,0,0,0,1748,0,0,0,0,0,0,0,1147,0,0,0,0,0,0,0,0,0,0,0,0,0,0,0,0,0,0,0,0,0,0,0,1.0000,1.0000,24,24,24,0.4045,0.3511,32,0,0
8551,285.0,5132,48,43,3184,1948,0,0,3407,443.92,0.881,0.689,0.417,0.061,0.527,-0.967,3.324,0.2178,1.8173,0.304,0.001,0.001,0.106,0.072,194,69,74,0,268,0,133061.80,43143.790,24414.772,109.506,22742.137,84.904,38491.234,22054.647,6160.574,12231.975,9785.580,3172.906,16.543,1184.228,0.000240,-0.062794,6000,0,12,62,72,12,19234,165,60,109.439,0,0,0,0,0,0,0,0,0,0,0,0,0,0,60084,1012,5835,48743.139,24414.242,22741.426,0.034,109.439,26998.241,20086.683,554.489,169,279,67,12,200,84319,0,0,0,0.000,0.000,0.000,0.000,0.000,0.000,0.000,0.000,0,0,0,0,0,0,0,0,0,0.000,0.000,0.000,0.000,0.000,0.000,0.000,0.000,0,0,0,0,0,0,0,0,0,0.000,0.000,0.000,0.000,0.000,0.000,0.000,0.000,0,0,0,0,0,0,0,0,0,0.000,0.000,0.000,0.000,0.000,0.000,0.000,0.000,0,0,0,0,0,0,0,0,0,0.000,0.000,0.000,0.000,0.000,0.000,0.000,0.000,0,0,0,0,0,0,0,0,0,0,0,0,0,0,0,0,0,0,91310,30482,11796,4268,728,181,0,0,0,0,0,0,56922,14430,10001,3162,1749,431,0,0,0,0,0,0,896.721,115.441,10302.674,2306.787,0,0,0,342,235,445,1035,352,229,1033,391,882,381,57,440,524,333,436,413,63,179,0,0,0,0,0,0,0,0,0,0,0,0,1760,0,0,0,0,0,0,0,1091,0,0,0,0,0,0,0,0,0,0,0,0,0,0,0,0,0,0,0,0,0,0,0,1.0000,1.0000,27,27,27,0.4090,0.3507,35,0,0
8581,286.0,4950,61,43,3146,1804,0,0,3258,494.95,0.862,0.673,0.416,0.059,0.539,-0.967,3.325,0.2167,1.8278,0.310,0.001,0.001,0.106,0.071,207,70,72,1,261,0,127761.53,41634.756,22152.673,95.371,22244.876,85.297,36806.379,20675.266,5889.697,9618.256,7694.605,2805.952,22.880,1059.240,0.000203,-0.062509,5920,0,14,58,72,14,18523,175,58,95.368,0,0,0,0,0,0,0,0,0,0,0,0,0,0,56327,918,5745,45874.166,22152.290,22244.467,0.003,95.368,25416.371,18800.350,491.600,133,277,68,14,195,91661,0,0,0,0.000,0.000,0.000,0.000,0.000,0.000,0.000,0.000,0,0,0,0,0,0,0,0,0,0.000,0.000,0.000,0.000,0.000,0.000,0.000,0.000,0,0,0,0,0,0,0,0,0,0.000,0.000,0.000,0.000,0.000,0.000,0.000,0.000,0,0,0,0,0,0,0,0,0,0.000,0.000,0.000,0.000,0.000,0.000,0.000,0.000,0,0,0,0,0,0,0,0,0,0.000,0.000,0.000,0.000,0.000,0.000,0.000,0.000,0,0,0,0,0,0,0,0,0,0,0,0,0,0,0,0,0,0,90523,30032,11606,4349,743,259,0,0,0,0,0,0,53551,13906,9553,2776,1530,341,0,0,0,0,0,0,885.468,115.260,9692.152,2180.520,0,0,0,345,202,395,929,337,201,1022,398,875,374,63,414,510,313,407,358,50,166,0,0,0,0,0,0,0,0,0,0,0,0,1726,0,0,0,0,0,0,0,981,0,0,0,0,0,0,0,0,0,0,0,0,0,0,0,0,0,0,0,0,0,0,0,1.0000,1.0000,27,27,27,0.4063,0.3586,34,0,0
8611,287.0,4774,64,43,3108,1666,0,0,3146,502.43,0.843,0.658,0.414,0.060,0.552,-0.967,3.327,0.2183,1.8207,0.312,0.002,0.001,0.106,0.071,203,66,77,2,258,0,122038.43,39295.985,20644.866,91.222,20411.717,94.535,34787.153,19254.064,5615.248,9419.598,7535.679,2983.187,0.107,1231.500,0.000244,-0.059967,5461,0,21,56,76,21,18197,219,55,91.190,0,0,0,0,0,0,0,0,0,0,0,0,0,0,52090,861,5242,42426.520,20643.953,20410.288,0.018,91.190,23545.473,17457.272,428.989,123,261,62,21,178,77298,0,0,0,0.000,0.000,0.000,0.000,0.000,0.000,0.000,0.000,0,0,0,0,0,0,0,0,0,0.000,0.000,0.000,0.000,0.000,0.000,0.000,0.000,0,0,0,0,0,0,0,0,0,0.000,0.000,0.000,0.000,0.000,0.000,0.000,0.000,0,0,0,0,0,0,0,0,0,0.000,0.000,0.000,0.000,0.000,0.000,0.000,0.000,0,0,0,0,0,0,0,0,0,0.000,0.000,0.000,0.000,0.000,0.000,0.000,0.000,0,0,0,0,0,0,0,0,0,0,0,0,0,0,0,0,0,0,89382,29751,11625,4365,797,267,0,0,0,0,0,0,49614,13164,8132,2476,1423,352,0,0,0,0,0,0,873.263,117.412,9132.715,1868.610,0,0,0,331,180,379,887,323,179,1011,393,863,383,56,402,460,258,380,362,41,165,0,0,0,0,0,0,0,0,0,0,0,0,1704,0,0,0,0,0,0,0,948,0,0,0,0,0,0,0,0,0,0,0,0,0,0,0,0,0,0,0,0,0,0,0,1.0000,1.0000,27,27,27,0.4081,0.3571,34,0,0
8641,288.0,4664,50,43,3096,1568,0,0,3016,451.82,0.826,0.646,0.409,0.061,0.562,-0.967,3.327,0.2179,1.8380,0.307,0.001,0.001,0.106,0.071,198,75,38,0,223,0,116849.89,37044.745,18923.751,50.462,19620.388,81.986,33052.998,17518.801,5416.279,9950.856,7960.685,2312.134,2.482,914.633,0.000339,-0.056696,5064,0,10,28,37,10,18013,85,27,50.363,0,0,0,0,0,0,0,0,0,0,0,0,0,0,48546,784,4979,39826.190,18922.781,19620.254,0.086,50.363,21888.429,15794.766,380.135,143,241,70,10,161,75751,0,0,0,0.000,0.000,0.000,0.000,0.000,0.000,0.000,0.000,0,0,0,0,0,0,0,0,0,0.000,0.000,0.000,0.000,0.000,0.000,0.000,0.000,0,0,0,0,0,0,0,0,0,0.000,0.000,0.000,0.000,0.000,0.000,0.000,0.000,0,0,0,0,0,0,0,0,0,0.000,0.000,0.000,0.000,0.000,0.000,0.000,0.000,0,0,0,0,0,0,0,0,0,0.000,0.000,0.000,0.000,0.000,0.000,0.000,0.000,0,0,0,0,0,0,0,0,0,0,0,0,0,0,0,0,0,0,88440,29117,11387,4579,865,248,0,0,0,0,0,0,46121,11785,7292,2425,1174,369,0,0,0,0,0,0,853.839,114.601,7892.800,1690.751,0,0,0,266,185,337,802,289,171,993,389,862,394,51,407,421,257,384,327,44,135,0,0,0,0,0,0,0,0,0,0,0,0,1714,0,0,0,0,0,0,0,890,0,0,0,0,0,0,0,0,0,0,0,0,0,0,0,0,0,0,0,0,0,0,0,1.0000,1.0000,25,25,25,0.4034,0.3369,32,0,0
8671,289.0,4501,49,43,3033,1468,0,0,2912,499.12,0.813,0.636,0.408,0.061,0.570,-0.968,3.327,0.2181,1.8067,0.308,0.002,0.001,0.106,0.071,220,62,44,0,224,0,111691.57,35095.886,17767.514,69.364,17813.434,90.846,31677.694,16653.186,5175.821,7446.852,5957.482,2171.267,5.909,917.836,0.000204,-0.055372,4859,0,4,40,43,4,17826,137,39,69.329,0,0,0,0,0,0,0,0,0,0,0,0,0,0,45701,738,4722,36765.856,17767.013,17812.729,0.025,69.329,20607.971,14961.773,362.833,109,209,56,4,149,62817,0,0,0,0.000,0.000,0.000,0.000,0.000,0.000,0.000,0.000,0,0,0,0,0,0,0,0,0,0.000,0.000,0.000,0.000,0.000,0.000,0.000,0.000,0,0,0,0,0,0,0,0,0,0.000,0.000,0.000,0.000,0.000,0.000,0.000,0.000,0,0,0,0,0,0,0,0,0,0.000,0.000,0.000,0.000,0.000,0.000,0.000,0.000,0,0,0,0,0,0,0,0,0,0.000,0.000,0.000,0.000,0.000,0.000,0.000,0.000,0,0,0,0,0,0,0,0,0,0,0,0,0,0,0,0,0,0,87512,28689,11331,4596,772,431,0,0,0,0,0,0,43399,11213,7169,2302,942,331,0,0,0,0,0,0,847.975,115.140,7474.877,1680.168,0,0,0,272,145,338,756,271,139,971,395,839,384,53,391,384,230,360,323,38,133,0,0,0,0,0,0,0,0,0,0,0,0,1667,0,0,0,0,0,0,0,854,0,0,0,0,0,0,0,0,0,0,0,0,0,0,0,0,0,0,0,0,0,0,0,1.0000,1.0000,25,25,25,0.4088,0.3591,31,0,0
8701,290.0,4339,60,44,2979,1360,0,0,2771,504.90,0.797,0.624,0.405,0.061,0.581,-0.967,3.329,0.2189,1.7938,0.318,0.002,0.001,0.106,0.071,214,68,55,0,214,0,105780.02,33457.304,15302.105,67.309,16093.702,96.761,30046.993,15352.705,4943.453,7415.433,5932.347,2056.938,2.358,852.730,0.000200,-0.055443,4347,0,6,49,54,6,17440,170,48,67.261,0,0,0,0,0,0,0,0,0,0,0,0,0,0,42530,637,4177,32446.438,15300.950,16092.737,0.041,67.261,19225.133,13745.996,306.617,100,208,63,6,139,65131,0,0,0,0.000,0.000,0.000,0.000,0.000,0.000,0.000,0.000,0,0,0,0,0,0,0,0,0,0.000,0.000,0.000,0.000,0.000,0.000,0.000,0.000,0,0,0,0,0,0,0,0,0,0.000,0.000,0.000,0.000,0.000,0.000,0.000,0.000,0,0,0,0,0,0,0,0,0,0.000,0.000,0.000,0.000,0.000,0.000,0.000,0.000,0,0,0,0,0,0,0,0,0,0.000,0.000,0.000,0.000,0.000,0.000,0.000,0.000,0,0,0,0,0,0,0,0,0,0,0,0,0,0,0,0,0,0,85373,28209,11095,4653,717,578,0,0,0,0,0,0,40498,9972,7253,2032,743,290,0,0,0,0,0,0,845.341,111.468,6592.666,1688.942,0,0,0,229,148,293,659,220,156,962,389,813,389,59,367,325,252,316,301,31,135,0,0,0,0,0,0,0,0,0,0,0,0,1628,0,0,0,0,0,0,0,783,0,0,0,0,0,0,0,0,0,0,0,0,0,0,0,0,0,0,0,0,0,0,0,1.0000,1.0000,24,24,24,0.4148,0.3380,32,0,0
8731,291.0,4231,63,44,2957,1274,0,0,2693,548.20,0.781,0.612,0.402,0.059,0.591,-0.967,3.332,0.2176,1.8113,0.315,0.001,0.002,0.107,0.069,231,59,19,1,203,0,100674.80,31723.211,14175.749,27.283,14814.239,104.632,28578.553,14044.038,4726.240,7609.731,6087.785,1433.974,4.494,722.219,0.000281,-0.053385,3930,0,5,14,19,5,17119,105,14,27.268,0,0,0,0,0,0,0,0,0,0,0,0,0,0,39526,589,3825,29930.351,14174.989,14813.808,0.015,27.268,17874.160,12508.223,238.611,109,195,51,5,139,70546,0,0,0,0.000,0.000,0.000,0.000,0.000,0.000,0.000,0.000,0,0,0,0,0,0,0,0,0,0.000,0.000,0.000,0.000,0.000,0.000,0.000,0.000,0,0,0,0,0,0,0,0,0,0.000,0.000,0.000,0.000,0.000,0.000,0.000,0.000,0,0,0,0,0,0,0,0,0,0.000,0.000,0.000,0.000,0.000,0.000,0.000,0.000,0,0,0,0,0,0,0,0,0,0.000,0.000,0.000,0.000,0.000,0.000,0.000,0.000,0,0,0,0,0,0,0,0,0,0,0,0,0,0,0,0,0,0,84359,28320,11284,4727,713,625,0,0,0,0,0,0,37645,8982,7111,1881,583,331,0,0,0,0,0,0,848.388,114.286,5807.328,1607.103,0,0,0,198,122,287,604,201,124,963,399,797,376,57,365,326,225,299,268,31,125,0,0,0,0,0,0,0,0,0,0,0,0,1595,0,0,0,0,0,0,0,723,0,0,0,0,0,0,0,0,0,0,0,0,0,0,0,0,0,0,0,0,0,0,0,1.0000,1.0000,23,23,23,0.4058,0.3310,33,0,0
8761,292.0,4100,53,44,2936,1164,0,0,2538,548.79,0.759,0.595,0.397,0.058,0.605,-0.967,3.334,0.2192,1.7967,0.325,0.001,0.002,0.107,0.069,207,65,24,0,192,0,95000.32,30171.774,12918.305,29.881,13601.033,97.063,27143.818,13298.770,4512.815,6221.121,4976.897,1703.967,28.363,862.493,0.000283,-0.051329,3712,0,4,20,22,4,16665,164,18,29.869,0,0,0,0,0,0,0,0,0,0,0,0,0,0,36557,539,3548,27437.661,12917.365,13600.228,0.006,29.869,16514.998,11808.644,211.885,80,190,58,4,128,61242,0,0,0,0.000,0.000,0.000,0.000,0.000,0.000,0.000,0.000,0,0,0,0,0,0,0,0,0,0.000,0.000,0.000,0.000,0.000,0.000,0.000,0.000,0,0,0,0,0,0,0,0,0,0.000,0.000,0.000,0.000,0.000,0.000,0.000,0.000,0,0,0,0,0,0,0,0,0,0.000,0.000,0.000,0.000,0.000,0.000,0.000,0.000,0,0,0,0,0,0,0,0,0,0.000,0.000,0.000,0.000,0.000,0.000,0.000,0.000,0,0,0,0,0,0,0,0,0,0,0,0,0,0,0,0,0,0,83642,28207,11378,4751,726,650,0,0,0,0,0,0,34784,8806,6157,1773,542,340,0,0,0,0,0,0,842.386,111.796,5715.423,1416.749,0,0,0,180,137,233,560,191,129,967,404,792,380,49,344,296,228,296,220,27,97,0,0,0,0,0,0,0,0,0,0,0,0,1565,0,0,0,0,0,0,0,640,0,0,0,0,0,0,0,0,0,0,0,0,0,0,0,0,0,0,0,0,0,0,0,1.0000,1.0000,22,22,22,0.4092,0.3521,32,0,0
8791,293.0,3959,56,44,2884,1075,0,0,2448,546.96,0.743,0.583,0.397,0.059,0.615,-0.967,3.337,0.2180,1.8361,0.330,0.001,0.002,0.107,0.068,208,56,16,0,180,0,89874.45,29006.277,11174.744,16.121,12627.770,109.281,25747.691,12275.316,4261.665,4745.576,3796.461,1262.829,10.680,815.721,0.000160,-0.050895,3390,0,2,14,15,2,16545,169,13,16.091,0,0,0,0,0,0,0,0,0,0,0,0,0,0,33728,464,3221,24602.577,11173.874,12627.107,0.004,16.091,15243.680,10820.776,197.085,65,154,50,2,102,46357,0,0,0,0.000,0.000,0.000,0.000,0.000,0.000,0.000,0.000,0,0,0,0,0,0,0,0,0,0.000,0.000,0.000,0.000,0.000,0.000,0.000,0.000,0,0,0,0,0,0,0,0,0,0.000,0.000,0.000,0.000,0.000,0.000,0.000,0.000,0,0,0,0,0,0,0,0,0,0.000,0.000,0.000,0.000,0.000,0.000,0.000,0.000,0,0,0,0,0,0,0,0,0,0.000,0.000,0.000,0.000,0.000,0.000,0.000,0.000,0,0,0,0,0,0,0,0,0,0,0,0,0,0,0,0,0,0,82540,27961,11471,4734,641,680,0,0,0,0,0,0,32123,8094,5901,1605,471,393,0,0,0,0,0,0,828.122,113.719,5245.762,1354.915,0,0,0,159,96,230,482,159,97,944,404,779,375,45,337,270,205,278,210,23,89,0,0,0,0,0,0,0,0,0,0,0,0,1536,0,0,0,0,0,0,0,600,0,0,0,0,0,0,0,0,0,0,0,0,0,0,0,0,0,0,0,0,0,0,0,1.0000,1.0000,21,21,21,0.4018,0.3350,29,0,0
8821,294.0,3812,53,44,2846,966,0,0,2249,510.36,0.720,0.566,0.394,0.059,0.629,-0.967,3.340,0.2172,1.8007,0.327,0.001,0.002,0.107,0.068,235,60,11,0,203,0,85306.22,27616.716,10161.155,11.652,11418.529,110.140,24234.933,11194.145,3968.594,5191.291,4153.033,1089.373,0.000,832.442,0.000158,-0.051006,3110,0,2,9,9,2,16025,161,7,11.631,0,0,0,0,0,0,0,0,0,0,0,0,0,0,30551,422,2949,22332.205,10160.727,11418.007,0.003,11.631,13866.778,9771.573,190.612,65,174,53,2,119,53271,0,0,0,0.000,0.000,0.000,0.000,0.000,0.000,0.000,0.000,0,0,0,0,0,0,0,0,0,0.000,0.000,0.000,0.000,0.000,0.000,0.000,0.000,0,0,0,0,0,0,0,0,0,0.000,0.000,0.000,0.000,0.000,0.000,0.000,0.000,0,0,0,0,0,0,0,0,0,0.000,0.000,0.000,0.000,0.000,0.000,0.000,0.000,0,0,0,0,0,0,0,0,0,0.000,0.000,0.000,0.000,0.000,0.000,0.000,0.000,0,0,0,0,0,0,0,0,0,0,0,0,0,0,0,0,0,0,81043,27464,11088,4876,701,671,0,0,0,0,0,0,29230,7316,5638,1321,419,228,0,0,0,0,0,0,810.392,107.757,4733.924,1313.728,0,0,0,152,103,180,438,147,104,928,402,762,368,42,344,245,186,253,196,20,66,0,0,0,0,0,0,0,0,0,0,0,0,1516,0,0,0,0,0,0,0,535,0,0,0,0,0,0,0,0,0,0,0,0,0,0,0,0,0,0,0,0,0,0,0,1.0000,1.0000,20,20,20,0.4069,0.3456,31,0,0
8851,295.0,3675,72,42,2806,869,0,0,2092,574.56,0.697,0.550,0.392,0.057,0.643,-0.967,3.347,0.2170,1.7625,0.331,0.001,0.001,0.107,0.068,245,59,17,1,177,0,82726.63,26298.804,10059.125,19.843,10602.490,114.481,22764.840,10024.221,3664.709,4800.328,3840.262,981.846,0.000,561.678,0.000184,-0.050972,2731,0,4,13,17,4,15793,109,13,19.836,0,0,0,0,0,0,0,0,0,0,0,0,0,0,27537,417,2622,21338.609,10059.048,10602.128,0.007,19.836,12524.799,8662.502,156.962,62,159,48,4,107,54059,0,0,0,0.000,0.000,0.000,0.000,0.000,0.000,0.000,0.000,0,0,0,0,0,0,0,0,0,0.000,0.000,0.000,0.000,0.000,0.000,0.000,0.000,0,0,0,0,0,0,0,0,0,0.000,0.000,0.000,0.000,0.000,0.000,0.000,0.000,0,0,0,0,0,0,0,0,0,0.000,0.000,0.000,0.000,0.000,0.000,0.000,0.000,0,0,0,0,0,0,0,0,0,0.000,0.000,0.000,0.000,0.000,0.000,0.000,0.000,0,0,0,0,0,0,0,0,0,0,0,0,0,0,0,0,0,0,79758,26710,11191,5036,704,696,0,0,0,0,0,0,26283,6309,5110,1254,372,195,0,0,0,0,0,0,789.529,107.645,4117.810,1130.553,0,0,0,159,98,186,424,148,93,905,387,727,391,38,358,204,165,228,172,22,78,0,0,0,0,0,0,0,0,0,0,0,0,1514,0,0,0,0,0,0,0,500,0,0,0,0,0,0,0,0,0,0,0,0,0,0,0,0,0,0,0,0,0,0,0,1.0000,1.0000,20,20,20,0.4116,0.3310,31,0,0
8881,296.0,3565,64,42,2757,808,0,0,1954,603.63,0.685,0.541,0.389,0.058,0.652,-0.967,3.345,0.2180,1.7810,0.338,0.001,0.002,0.107,0.067,231,48,18,3,139,0,80786.85,25500.166,9071.815,19.014,9777.272,104.865,21568.141,9140.251,3378.689,4215.427,3372.341,967.585,37.585,595.443,0.000167,-0.051353,2452,0,1,17,18,1,15928,101,17,19.014,0,0,0,0,0,0,0,0,0,0,0,0,0,0,25210,376,2351,19468.970,9071.268,9776.736,0.000,19.014,11497.574,7811.729,142.073,58,119,43,1,75,38591,0,0,0,0.000,0.000,0.000,0.000,0.000,0.000,0.000,0.000,0,0,0,0,0,0,0,0,0,0.000,0.000,0.000,0.000,0.000,0.000,0.000,0.000,0,0,0,0,0,0,0,0,0,0.000,0.000,0.000,0.000,0.000,0.000,0.000,0.000,0,0,0,0,0,0,0,0,0,0.000,0.000,0.000,0.000,0.000,0.000,0.000,0.000,0,0,0,0,0,0,0,0,0,0.000,0.000,0.000,0.000,0.000,0.000,0.000,0.000,0,0,0,0,0,0,0,0,0,0,0,0,0,0,0,0,0,0,78349,26240,10859,5049,773,643,0,0,0,0,0,0,23999,5457,4708,1211,403,179,0,0,0,0,0,0,774.151,104.334,3553.922,1006.558,0,0,0,120,85,174,387,121,87,903,376,715,370,40,353,188,156,197,171,20,76,0,0,0,0,0,0,0,0,0,0,0,0,1478,0,0,0,0,0,0,0,464,0,0,0,0,0,0,0,0,0,0,0,0,0,0,0,0,0,0,0,0,0,0,0,1.0000,1.0000,21,21,21,0.4120,0.3384,30,0,0
8911,297.0,3474,66,42,2716,758,0,0,1880,678.64,0.674,0.534,0.386,0.057,0.659,-0.967,3.345,0.2204,1.7672,0.339,0.001,0.001,0.108,0.067,246,60,13,0,120,0,79146.75,24594.068,8454.150,16.387,8899.724,115.500,20591.510,8713.829,3169.395,4108.518,3286.814,787.027,18.795,602.446,0.000160,-0.052086,2257,0,2,11,13,2,15483,115,11,16.380,0,0,0,0,0,0,0,0,0,0,0,0,0,0,23365,350,2142,17927.420,8453.863,8899.181,0.008,16.380,10684.957,7384.698,129.317,50,100,45,2,53,31621,0,0,0,0.000,0.000,0.000,0.000,0.000,0.000,0.000,0.000,0,0,0,0,0,0,0,0,0,0.000,0.000,0.000,0.000,0.000,0.000,0.000,0.000,0,0,0,0,0,0,0,0,0,0.000,0.000,0.000,0.000,0.000,0.000,0.000,0.000,0,0,0,0,0,0,0,0,0,0.000,0.000,0.000,0.000,0.000,0.000,0.000,0.000,0,0,0,0,0,0,0,0,0,0.000,0.000,0.000,0.000,0.000,0.000,0.000,0.000,0,0,0,0,0,0,0,0,0,0,0,0,0,0,0,0,0,0,76921,26068,10627,5005,832,679,0,0,0,0,0,0,22237,5417,4085,1128,360,153,0,0,0,0,0,0,788.682,104.695,3545.093,870.599,0,0,0,118,84,160,360,113,79,890,375,716,354,41,340,181,138,180,159,28,72,0,0,0,0,0,0,0,0,0,0,0,0,1451,0,0,0,0,0,0,0,439,0,0,0,0,0,0,0,0,0,0,0,0,0,0,0,0,0,0,0,0,0,0,0,1.0000,1.0000,20,20,20,0.4114,0.3305,27,0,0
8941,298.0,3397,90,42,2704,693,0,0,1769,661.77,0.655,0.520,0.384,0.056,0.671,-0.969,3.346,0.2183,1.7739,0.342,0.001,0.003,0.108,0.067,260,45,11,2,118,0,77737.74,24135.397,7429.296,19.442,8430.254,121.667,19791.544,8059.937,2989.061,3864.914,3091.931,749.257,0.000,630.356,0.000156,-0.052220,2136,0,0,11,11,0,15422,149,11,19.442,0,0,0,0,0,0,0,0,0,0,0,0,0,0,21822,306,1987,16346.893,7428.339,8429.528,0.000,19.442,9993.528,6771.063,109.351,44,109,36,0,73,38733,0,0,0,0.000,0.000,0.000,0.000,0.000,0.000,0.000,0.000,0,0,0,0,0,0,0,0,0,0.000,0.000,0.000,0.000,0.000,0.000,0.000,0.000,0,0,0,0,0,0,0,0,0,0.000,0.000,0.000,0.000,0.000,0.000,0.000,0.000,0,0,0,0,0,0,0,0,0,0.000,0.000,0.000,0.000,0.000,0.000,0.000,0.000,0,0,0,0,0,0,0,0,0,0.000,0.000,0.000,0.000,0.000,0.000,0.000,0.000,0,0,0,0,0,0,0,0,0,0,0,0,0,0,0,0,0,0,76097,25434,10719,5129,1001,627,0,0,0,0,0,0,20716,4827,3754,1106,337,173,0,0,0,0,0,0,773.905,105.411,3127.117,827.789,0,0,0,118,87,142,323,108,88,873,374,719,359,35,344,173,112,180,146,19,63,0,0,0,0,0,0,0,0,0,0,0,0,1457,0,0,0,0,0,0,0,408,0,0,0,0,0,0,0,0,0,0,0,0,0,0,0,0,0,0,0,0,0,0,0,1.0000,1.0000,19,19,19,0.4148,0.3435,27,0,0
8971,299.0,3344,85,42,2681,663,0,0,1703,647.96,0.647,0.515,0.380,0.056,0.676,-0.969,3.343,0.2189,1.7514,0.340,0.000,0.003,0.108,0.067,274,46,14,1,103,0,77087.55,23518.223,7707.805,20.053,8171.822,125.693,19007.146,7610.601,2810.421,4391.870,3513.496,1059.079,0.000,530.648,0.000173,-0.052085,1936,0,2,12,12,2,15316,131,10,20.033,0,0,0,0,0,0,0,0,0,0,0,0,0,0,20267,318,1805,16379.704,7707.182,8170.921,0.003,20.033,9285.399,6343.000,102.169,52,82,37,2,43,28814,0,0,0,0.000,0.000,0.000,0.000,0.000,0.000,0.000,0.000,0,0,0,0,0,0,0,0,0,0.000,0.000,0.000,0.000,0.000,0.000,0.000,0.000,0,0,0,0,0,0,0,0,0,0.000,0.000,0.000,0.000,0.000,0.000,0.000,0.000,0,0,0,0,0,0,0,0,0,0.000,0.000,0.000,0.000,0.000,0.000,0.000,0.000,0,0,0,0,0,0,0,0,0,0.000,0.000,0.000,0.000,0.000,0.000,0.000,0.000,0,0,0,0,0,0,0,0,0,0,0,0,0,0,0,0,0,0,75317,24926,10595,5286,1062,676,0,0,0,0,0,0,19214,4724,3269,1053,435,127,0,0,0,0,0,0,762.916,103.220,3026.583,714.667,0,0,0,129,83,113,330,136,73,860,382,705,369,33,332,171,125,169,126,14,58,0,0,0,0,0,0,0,0,0,0,0,0,1439,0,0,0,0,0,0,0,367,0,0,0,0,0,0,0,0,0,0,0,0,0,0,0,0,0,0,0,0,0,0,0,1.0000,1.0000,18,18,18,0.4248,0.3505,28,0,0
9001,300.0,3334,84,42,2696,638,0,0,1649,656.65,0.638,0.509,0.377,0.055,0.682,-0.969,3.344,0.2186,1.7622,0.340,0.000,0.002,0.108,0.067,271,53,12,1,74,0,77415.90,23329.107,7915.097,25.823,7826.684,128.097,18707.351,7334.241,2696.555,5178.018,4142.415,619.749,8.678,539.510,0.000143,-0.053189,1845,0,0,12,12,0,15253,146,12,25.823,0,0,0,0,0,0,0,0,0,0,0,0,0,0,19566,327,1699,16235.141,7914.510,7826.093,0.000,25.823,8991.820,6080.082,111.459,60,85,46,0,39,32047,0,0,0,0.000,0.000,0.000,0.000,0.000,0.000,0.000,0.000,0,0,0,0,0,0,0,0,0,0.000,0.000,0.000,0.000,0.000,0.000,0.000,0.000,0,0,0,0,0,0,0,0,0,0.000,0.000,0.000,0.000,0.000,0.000,0.000,0.000,0,0,0,0,0,0,0,0,0,0.000,0.000,0.000,0.000,0.000,0.000,0.000,0.000,0,0,0,0,0,0,0,0,0,0.000,0.000,0.000,0.000,0.000,0.000,0.000,0.000,0,0,0,0,0,0,0,0,0,0,0,0,0,0,0,0,0,0,75171,24498,10714,5391,1108,686,0,0,0,0,0,0,18472,4466,3525,1094,428,220,0,0,0,0,0,0,741.756,104.544,2866.985,764.943,0,0,0,122,78,133,334,113,81,852,379,708,377,38,342,150,121,175,126,14,52,0,0,0,0,0,0,0,0,0,0,0,0,1465,0,0,0,0,0,0,0,367,0,0,0,0,0,0,0,0,0,0,0,0,0,0,0,0,0,0,0,0,0,0,0,1.0000,1.0000,20,20,20,0.4134,0.3446,30,0,0
9031,301.0,3310,97,42,2694,616,0,0,1597,631.47,0.632,0.504,0.370,0.055,0.687,-0.969,3.347,0.2191,1.7673,0.339,0.000,0.002,0.108,0.066,265,36,10,0,98,0,77886.38,23520.993,7417.448,23.131,7797.621,122.561,18370.366,6958.248,2614.027,4582.464,3665.971,1086.054,1.229,544.667,0.000160,-0.054193,1930,0,1,9,9,1,15013,142,8,23.112,0,0,0,0,0,0,0,0,0,0,0,0,0,0,18642,307,1788,15690.573,7417.223,7797.219,0.000,23.112,8596.584,5711.471,103.205,48,70,27,1,42,26723,0,0,0,0.000,0.000,0.000,0.000,0.000,0.000,0.000,0.000,0,0,0,0,0,0,0,0,0,0.000,0.000,0.000,0.000,0.000,0.000,0.000,0.000,0,0,0,0,0,0,0,0,0,0.000,0.000,0.000,0.000,0.000,0.000,0.000,0.000,0,0,0,0,0,0,0,0,0,0.000,0.000,0.000,0.000,0.000,0.000,0.000,0.000,0,0,0,0,0,0,0,0,0,0.000,0.000,0.000,0.000,0.000,0.000,0.000,0.000,0,0,0,0,0,0,0,0,0,0,0,0,0,0,0,0,0,0,75518,24018,11180,5477,1165,582,0,0,0,0,0,0,17589,4136,3312,1053,442,225,0,0,0,0,0,0,730.091,108.641,2605.369,704.081,0,0,0,113,69,148,317,109,67,830,399,699,369,40,357,150,109,138,137,11,71,0,0,0,0,0,0,0,0,0,0,0,0,1465,0,0,0,0,0,0,0,357,0,0,0,0,0,0,0,0,0,0,0,0,0,0,0,0,0,0,0,0,0,0,0,1.0000,1.0000,20,20,20,0.4122,0.3174,29,0,0
9061,302.0,3271,109,42,2677,594,0,0,1552,676.57,0.626,0.500,0.365,0.053,0.691,-0.969,3.354,0.2201,1.7806,0.336,0.000,0.005,0.108,0.066,278,31,21,1,100,0,78646.45,23612.897,6920.656,25.998,7444.377,131.678,18020.787,6825.625,2498.290,4503.871,3603.097,862.897,2.415,688.697,0.000150,-0.054955,1780,0,1,20,20,1,14550,169,19,25.990,0,0,0,0,0,0,0,0,0,0,0,0,0,0,18081,286,1611,14835.523,6920.277,7443.678,0.001,25.990,8323.173,5589.340,103.775,52,74,25,1,48,24119,0,0,0,0.000,0.000,0.000,0.000,0.000,0.000,0.000,0.000,0,0,0,0,0,0,0,0,0,0.000,0.000,0.000,0.000,0.000,0.000,0.000,0.000,0,0,0,0,0,0,0,0,0,0.000,0.000,0.000,0.000,0.000,0.000,0.000,0.000,0,0,0,0,0,0,0,0,0,0.000,0.000,0.000,0.000,0.000,0.000,0.000,0.000,0,0,0,0,0,0,0,0,0,0.000,0.000,0.000,0.000,0.000,0.000,0.000,0.000,0,0,0,0,0,0,0,0,0,0,0,0,0,0,0,0,0,0,74897,23726,11462,5501,1253,510,0,0,0,0,0,0,17019,4031,2801,1062,439,260,0,0,0,0,0,0,724.900,109.405,2597.340,598.944,0,0,0,117,76,124,305,108,72,832,402,687,354,46,356,150,102,133,128,16,65,0,0,0,0,0,0,0,0,0,0,0,0,1443,0,0,0,0,0,0,0,342,0,0,0,0,0,0,0,0,0,0,0,0,0,0,0,0,0,0,0,0,0,0,0,1.0000,1.0000,20,20,20,0.4194,0.3419,29,0,0
9091,303.0,3282,110,42,2695,587,0,0,1470,673.16,0.622,0.497,0.364,0.053,0.694,-0.967,3.355,0.2203,1.7815,0.334,0.000,0.002,0.108,0.065,277,34,27,0,85,0,81264.95,23751.835,9079.301,53.046,7451.450,123.965,17856.794,6884.394,2395.353,5981.465,4785.172,1145.081,0.000,787.772,0.000205,-0.055375,1790,0,3,24,26,3,14279,232,23,53.044,0,0,0,0,0,0,0,0,0,0,0,0,0,0,17677,376,1558,17079.230,9078.770,7450.241,0.002,53.044,8128.912,5646.011,102.225,65,72,26,3,43,28985,0,0,0,0.000,0.000,0.000,0.000,0.000,0.000,0.000,0.000,0,0,0,0,0,0,0,0,0,0.000,0.000,0.000,0.000,0.000,0.000,0.000,0.000,0,0,0,0,0,0,0,0,0,0.000,0.000,0.000,0.000,0.000,0.000,0.000,0.000,0,0,0,0,0,0,0,0,0,0.000,0.000,0.000,0.000,0.000,0.000,0.000,0.000,0,0,0,0,0,0,0,0,0,0.000,0.000,0.000,0.000,0.000,0.000,0.000,0.000,0,0,0,0,0,0,0,0,0,0,0,0,0,0,0,0,0,0,75026,23554,11272,5582,1296,518,0,0,0,0,0,0,16601,4237,2755,1076,395,267,0,0,0,0,0,0,722.670,106.940,2764.245,590.852,0,0,0,131,87,166,383,139,83,822,396,718,363,41,355,147,112,117,131,18,62,0,0,0,0,0,0,0,0,0,0,0,0,1477,0,0,0,0,0,0,0,328,0,0,0,0,0,0,0,0,0,0,0,0,0,0,0,0,0,0,0,0,0,0,0,1.0000,1.0000,21,21,21,0.4092,0.3211,28,0,0
9121,304.0,3327,89,42,2715,612,0,0,1443,679.52,0.629,0.500,0.362,0.053,0.691,-0.968,3.355,0.2190,1.8029,0.328,0.000,0.002,0.108,0.065,289,27,19,1,64,0,84453.16,24235.934,8932.723,35.388,7619.373,136.590,18015.707,6869.141,2288.357,6331.774,5065.419,896.051,8.236,671.985,0.000163,-0.055441,1778,0,1,18,18,1,14051,218,17,35.387,0,0,0,0,0,0,0,0,0,0,0,0,0,0,17911,371,1560,17109.972,8931.619,7618.285,0.000,35.387,8233.590,5639.574,91.620,77,52,21,1,30,17469,0,0,0,0.000,0.000,0.000,0.000,0.000,0.000,0.000,0.000,0,0,0,0,0,0,0,0,0,0.000,0.000,0.000,0.000,0.000,0.000,0.000,0.000,0,0,0,0,0,0,0,0,0,0.000,0.000,0.000,0.000,0.000,0.000,0.000,0.000,0,0,0,0,0,0,0,0,0,0.000,0.000,0.000,0.000,0.000,0.000,0.000,0.000,0,0,0,0,0,0,0,0,0,0.000,0.000,0.000,0.000,0.000,0.000,0.000,0.000,0,0,0,0,0,0,0,0,0,0,0,0,0,0,0,0,0,0,75271,23447,11296,5761,1378,466,0,0,0,0,0,0,16849,4087,3085,1062,426,269,0,0,0,0,0,0,714.958,106.750,2686.493,681.307,0,0,0,125,73,170,389,127,82,837,389,712,388,37,352,164,111,136,132,18,51,0,0,0,0,0,0,0,0,0,0,0,0,1489,0,0,0,0,0,0,0,337,0,0,0,0,0,0,0,0,0,0,0,0,0,0,0,0,0,0,0,0,0,0,0,1.0000,1.0000,22,22,22,0.4211,0.3404,28,0,0
9151,305.0,3385,114,41,2746,639,0,0,1422,716.77,0.635,0.504,0.360,0.054,0.688,-0.967,3.357,0.2180,1.8253,0.329,0.000,0.000,0.108,0.065,274,28,29,0,66,0,88013.72,25148.619,9518.180,53.062,8253.277,130.279,18446.008,7324.193,2248.859,7061.540,5649.232,988.804,20.537,718.589,0.000168,-0.055193,1821,0,1,28,29,1,14192,148,28,53.062,0,0,0,0,0,0,0,0,0,0,0,0,0,0,18719,396,1673,18383.445,9517.438,8252.049,0.000,53.062,8589.575,6089.290,96.784,80,53,23,1,29,18357,0,0,0,0.000,0.000,0.000,0.000,0.000,0.000,0.000,0.000,0,0,0,0,0,0,0,0,0,0.000,0.000,0.000,0.000,0.000,0.000,0.000,0.000,0,0,0,0,0,0,0,0,0,0.000,0.000,0.000,0.000,0.000,0.000,0.000,0.000,0,0,0,0,0,0,0,0,0,0.000,0.000,0.000,0.000,0.000,0.000,0.000,0.000,0,0,0,0,0,0,0,0,0,0.000,0.000,0.000,0.000,0.000,0.000,0.000,0.000,0,0,0,0,0,0,0,0,0,0,0,0,0,0,0,0,0,0,75702,23634,11183,6070,1568,486,0,0,0,0,0,0,17590,4653,3032,1129,559,182,0,0,0,0,0,0,723.792,105.635,3192.589,652.515,0,0,0,138,95,203,411,145,82,834,396,743,394,37,342,183,103,133,148,19,53,0,0,0,0,0,0,0,0,0,0,0,0,1516,0,0,0,0,0,0,0,353,0,0,0,0,0,0,0,0,0,0,0,0,0,0,0,0,0,0,0,0,0,0,0,1.0000,1.0000,21,21,21,0.4093,0.3200,28,0,0
9181,306.0,3487,100,41,2810,677,0,0,1429,697.84,0.643,0.510,0.357,0.054,0.684,-0.967,3.358,0.2184,1.8232,0.320,0.000,0.000,0.108,0.065,274,30,7,0,84,0,92861.72,26234.823,11029.841,15.142,8762.434,124.241,19113.936,7620.697,2198.959,8782.596,7026.077,1033.758,2.099,705.835,0.000180,-0.055866,1929,0,0,7,5,0,13985,231,5,15.130,0,0,0,0,0,0,0,0,0,0,0,0,0,0,19734,455,1698,20425.253,11028.750,8760.774,0.000,15.130,9079.987,6376.982,98.135,100,62,25,0,37,18916,0,0,0,0.000,0.000,0.000,0.000,0.000,0.000,0.000,0.000,0,0,0,0,0,0,0,0,0,0.000,0.000,0.000,0.000,0.000,0.000,0.000,0.000,0,0,0,0,0,0,0,0,0,0.000,0.000,0.000,0.000,0.000,0.000,0.000,0.000,0,0,0,0,0,0,0,0,0,0.000,0.000,0.000,0.000,0.000,0.000,0.000,0.000,0,0,0,0,0,0,0,0,0,0.000,0.000,0.000,0.000,0.000,0.000,0.000,0.000,0,0,0,0,0,0,0,0,0,0,0,0,0,0,0,0,0,0,77200,23406,11717,6191,1560,507,0,0,0,0,0,0,18548,5170,3120,1186,588,154,0,0,0,0,0,0,715.586,110.094,3390.900,670.760,0,0,0,151,97,208,470,160,101,840,411,790,396,31,342,193,113,148,163,15,45,0,0,0,0,0,0,0,0,0,0,0,0,1559,0,0,0,0,0,0,0,371,0,0,0,0,0,0,0,0,0,0,0,0,0,0,0,0,0,0,0,0,0,0,0,1.0000,1.0000,22,22,22,0.4093,0.3313,27,0,0
9211,307.0,3612,101,41,2868,744,0,0,1443,717.91,0.658,0.520,0.356,0.056,0.676,-0.967,3.355,0.2185,1.7890,0.320,0.000,0.000,0.108,0.065,319,33,32,0,55,0,97884.63,27642.969,11385.971,44.583,10030.374,131.086,19913.088,7913.157,2218.253,9760.869,7808.695,1118.670,1.656,933.615,0.000201,-0.055605,2113,0,2,30,26,2,14463,161,24,44.505,0,0,0,0,0,0,0,0,0,0,0,0,0,0,21129,470,1952,22126.352,11385.131,10029.524,0.024,44.505,9701.050,6623.969,119.951,115,48,27,2,19,13376,0,0,0,0.000,0.000,0.000,0.000,0.000,0.000,0.000,0.000,0,0,0,0,0,0,0,0,0,0.000,0.000,0.000,0.000,0.000,0.000,0.000,0.000,0,0,0,0,0,0,0,0,0,0.000,0.000,0.000,0.000,0.000,0.000,0.000,0.000,0,0,0,0,0,0,0,0,0,0.000,0.000,0.000,0.000,0.000,0.000,0.000,0.000,0,0,0,0,0,0,0,0,0,0.000,0.000,0.000,0.000,0.000,0.000,0.000,0.000,0,0,0,0,0,0,0,0,0,0,0,0,0,0,0,0,0,0,78722,23676,11664,6420,1664,512,0,0,0,0,0,0,19772,5034,3569,1357,526,380,0,0,0,0,0,0,727.985,108.416,3268.064,816.854,0,0,0,157,111,223,490,141,114,851,396,824,413,29,355,188,153,165,149,27,62,0,0,0,0,0,0,0,0,0,0,0,0,1621,0,0,0,0,0,0,0,403,0,0,0,0,0,0,0,0,0,0,0,0,0,0,0,0,0,0,0,0,0,0,0,1.0000,1.0000,23,23,23,0.4057,0.3154,27,0,0
9241,308.0,3759,105,41,2956,803,0,0,1471,623.18,0.668,0.527,0.356,0.056,0.670,-0.967,3.361,0.2179,1.7900,0.312,0.000,0.001,0.109,0.065,265,41,41,0,56,0,102590.37,29411.887,11829.417,85.106,10711.260,134.243,21037.286,8693.372,2232.835,11039.389,8831.511,1631.034,21.183,797.091,0.000240,-0.053178,2240,0,0,41,38,0,14831,131,38,85.092,0,0,0,0,0,0,0,0,0,0,0,0,0,0,23120,491,2109,23307.436,11828.765,10709.984,0.000,85.092,10588.770,7335.438,161.613,120,61,36,0,25,20418,0,0,0,0.000,0.000,0.000,0.000,0.000,0.000,0.000,0.000,0,0,0,0,0,0,0,0,0,0.000,0.000,0.000,0.000,0.000,0.000,0.000,0.000,0,0,0,0,0,0,0,0,0,0.000,0.000,0.000,0.000,0.000,0.000,0.000,0.000,0,0,0,0,0,0,0,0,0,0.000,0.000,0.000,0.000,0.000,0.000,0.000,0.000,0,0,0,0,0,0,0,0,0,0.000,0.000,0.000,0.000,0.000,0.000,0.000,0.000,0,0,0,0,0,0,0,0,0,0,0,0,0,0,0,0,0,0,80893,24133,11249,6465,1766,468,0,0,0,0,0,0,21681,5397,4069,1439,552,543,0,0,0,0,0,0,746.623,102.127,3589.689,963.686,0,0,0,183,125,208,512,190,117,873,377,879,426,27,374,212,139,184,182,21,65,0,0,0,0,0,0,0,0,0,0,0,0,1706,0,0,0,0,0,0,0,452,0,0,0,0,0,0,0,0,0,0,0,0,0,0,0,0,0,0,0,0,0,0,0,1.0000,1.0000,23,23,23,0.4100,0.3401,29,0,0
9271,309.0,3960,121,41,3066,894,0,0,1616,484.13,0.684,0.537,0.356,0.056,0.661,-0.966,3.361,0.2204,1.8430,0.301,0.001,0.002,0.109,0.065,278,32,30,0,36,0,108269.64,30896.115,13456.530,48.265,13041.214,121.117,22381.639,9663.378,2347.140,11973.755,9579.004,948.219,15.245,971.268,0.000229,-0.050847,2716,0,1,29,29,1,15132,183,28,48.252,0,0,0,0,0,0,0,0,0,0,0,0,0,0,25390,557,2533,27375.295,13455.641,13040.504,0.000,48.252,11600.331,8276.319,151.076,142,51,30,1,20,11792,0,0,0,0.000,0.000,0.000,0.000,0.000,0.000,0.000,0.000,0,0,0,0,0,0,0,0,0,0.000,0.000,0.000,0.000,0.000,0.000,0.000,0.000,0,0,0,0,0,0,0,0,0,0.000,0.000,0.000,0.000,0.000,0.000,0.000,0.000,0,0,0,0,0,0,0,0,0,0.000,0.000,0.000,0.000,0.000,0.000,0.000,0.000,0,0,0,0,0,0,0,0,0,0.000,0.000,0.000,0.000,0.000,0.000,0.000,0.000,0,0,0,0,0,0,0,0,0,0,0,0,0,0,0,0,0,0,83533,24862,11102,6690,1826,551,0,0,0,0,0,0,23785,6062,3837,1605,675,542,0,0,0,0,0,0,771.981,102.938,4255.897,903.423,0,0,0,204,152,236,576,204,138,916,395,917,427,30,381,230,167,186,208,28,75,0,0,0,0,0,0,0,0,0,0,0,0,1755,0,0,0,0,0,0,0,497,0,0,0,0,0,0,0,0,0,0,0,0,0,0,0,0,0,0,0,0,0,0,0,1.0000,1.0000,23,23,23,0.4042,0.3304,28,0,0
9301,310.0,4140,100,41,3160,980,0,0,1736,527.46,0.697,0.548,0.357,0.057,0.653,-0.967,3.357,0.2195,1.8529,0.287,0.000,0.000,0.109,0.065,296,36,44,0,67,0,113917.33,32060.929,16265.949,80.133,13565.699,119.300,23933.150,10627.679,2553.100,13116.393,10493.115,1851.340,10.215,1160.555,0.000168,-0.052166,2903,0,4,40,42,4,15545,224,38,80.105,0,0,0,0,0,0,0,0,0,0,0,0,0,0,28103,675,2679,30824.355,16264.326,13564.268,0.003,80.105,12791.423,9148.889,193.964,161,75,36,4,35,21796,0,0,0,0.000,0.000,0.000,0.000,0.000,0.000,0.000,0.000,0,0,0,0,0,0,0,0,0,0.000,0.000,0.000,0.000,0.000,0.000,0.000,0.000,0,0,0,0,0,0,0,0,0,0.000,0.000,0.000,0.000,0.000,0.000,0.000,0.000,0,0,0,0,0,0,0,0,0,0.000,0.000,0.000,0.000,0.000,0.000,0.000,0.000,0,0,0,0,0,0,0,0,0,0.000,0.000,0.000,0.000,0.000,0.000,0.000,0.000,0,0,0,0,0,0,0,0,0,0,0,0,0,0,0,0,0,0,86376,26054,11208,7035,1843,625,0,0,0,0,0,0,26074,6706,4447,2029,767,671,0,0,0,0,0,0,808.372,104.779,4654.893,990.215,0,0,0,231,157,286,695,234,165,947,391,966,416,32,408,266,162,211,236,24,81,0,0,0,0,0,0,0,0,0,0,0,0,1822,0,0,0,0,0,0,0,552,0,0,0,0,0,0,0,0,0,0,0,0,0,0,0,0,0,0,0,0,0,0,0,1.0000,1.0000,22,22,22,0.4217,0.3372,31,0,0
9331,311.0,4308,91,41,3229,1079,0,0,1858,573.12,0.715,0.562,0.357,0.057,0.643,-0.968,3.360,0.2182,1.8233,0.295,0.001,0.002,0.108,0.066,278,35,66,0,59,0,120172.28,34565.414,17371.018,123.843,15231.354,117.529,25359.455,11544.029,2719.288,13327.542,10662.034,2307.919,5.048,1204.074,0.000226,-0.052079,3419,0,2,64,65,2,15891,275,63,123.827,0,0,0,0,0,0,0,0,0,0,0,0,0,0,30891,721,3144,33690.845,17369.635,15230.450,0.004,123.827,13986.814,9978.983,241.767,164,65,30,2,33,16408,0,0,0,0.000,0.000,0.000,0.000,0.000,0.000,0.000,0.000,0,0,0,0,0,0,0,0,0,0.000,0.000,0.000,0.000,0.000,0.000,0.000,0.000,0,0,0,0,0,0,0,0,0,0.000,0.000,0.000,0.000,0.000,0.000,0.000,0.000,0,0,0,0,0,0,0,0,0,0.000,0.000,0.000,0.000,0.000,0.000,0.000,0.000,0,0,0,0,0,0,0,0,0,0.000,0.000,0.000,0.000,0.000,0.000,0.000,0.000,0,0,0,0,0,0,0,0,0,0,0,0,0,0,0,0,0,0,88041,26548,11333,7392,1942,573,0,0,0,0,0,0,28553,7401,4528,2338,902,583,0,0,0,0,0,0,827.231,106.606,5094.812,966.960,0,0,0,249,163,323,744,252,158,959,397,994,412,42,425,295,176,247,239,37,85,0,0,0,0,0,0,0,0,0,0,0,0,1873,0,0,0,0,0,0,0,608,0,0,0,0,0,0,0,0,0,0,0,0,0,0,0,0,0,0,0,0,0,0,0,1.0000,1.0000,22,22,22,0.4406,0.3496,31,0,0
9361,312.0,4487,94,41,3297,1190,0,0,2004,590.56,0.733,0.574,0.356,0.058,0.632,-0.968,3.359,0.2183,1.8478,0.293,0.001,0.002,0.108,0.066,258,53,66,0,75,0,126401.68,37054.320,17997.545,99.241,16870.678,115.818,26904.918,12413.956,2917.635,15576.963,12461.571,2318.584,20.967,1230.262,0.000159,-0.051680,3793,0,12,54,63,12,16232,195,51,99.155,0,0,0,0,0,0,0,0,0,0,0,0,0,0,33904,747,3598,36003.713,17996.074,16868.897,0.056,99.155,15277.710,10790.149,253.370,207,96,48,12,36,22740,0,0,0,0.000,0.000,0.000,0.000,0.000,0.000,0.000,0.000,0,0,0,0,0,0,0,0,0,0.000,0.000,0.000,0.000,0.000,0.000,0.000,0.000,0,0,0,0,0,0,0,0,0,0.000,0.000,0.000,0.000,0.000,0.000,0.000,0.000,0,0,0,0,0,0,0,0,0,0.000,0.000,0.000,0.000,0.000,0.000,0.000,0.000,0,0,0,0,0,0,0,0,0,0.000,0.000,0.000,0.000,0.000,0.000,0.000,0.000,0,0,0,0,0,0,0,0,0,0,0,0,0,0,0,0,0,0,90277,27120,11341,7658,1823,693,0,0,0,0,0,0,31029,7718,5372,2875,1160,719,0,0,0,0,0,0,845.484,106.991,5284.371,1167.144,0,0,0,240,174,370,781,242,176,972,404,1036,398,46,441,307,218,289,249,27,100,0,0,0,0,0,0,0,0,0,0,0,0,1921,0,0,0,0,0,0,0,665,0,0,0,0,0,0,0,0,0,0,0,0,0,0,0,0,0,0,0,0,0,0,0,1.0000,1.0000,22,22,22,0.4419,0.3479,31,0,0
9391,313.0,4639,92,41,3362,1277,0,0,2139,593.32,0.746,0.582,0.355,0.058,0.625,-0.967,3.356,0.2210,1.8381,0.283,0.001,0.000,0.109,0.066,267,47,79,1,88,0,131034.23,38976.573,17866.696,125.270,18898.389,105.125,28501.690,13674.896,3116.232,14989.776,11991.821,2644.691,23.188,1377.326,0.000204,-0.052518,4199,0,14,65,73,14,16372,205,59,125.210,0,0,0,0,0,0,0,0,0,0,0,0,0,0,37160,741,3994,37991.605,17865.459,18896.976,0.026,125.210,16691.720,11977.512,296.725,189,102,43,14,45,21315,0,0,0,0.000,0.000,0.000,0.000,0.000,0.000,0.000,0.000,0,0,0,0,0,0,0,0,0,0.000,0.000,0.000,0.000,0.000,0.000,0.000,0.000,0,0,0,0,0,0,0,0,0,0.000,0.000,0.000,0.000,0.000,0.000,0.000,0.000,0,0,0,0,0,0,0,0,0,0.000,0.000,0.000,0.000,0.000,0.000,0.000,0.000,0,0,0,0,0,0,0,0,0,0.000,0.000,0.000,0.000,0.000,0.000,0.000,0.000,0,0,0,0,0,0,0,0,0,0,0,0,0,0,0,0,0,0,91920,27725,11660,8037,1881,755,0,0,0,0,0,0,33828,8337,5665,3332,1345,752,0,0,0,0,0,0,858.671,112.729,5905.178,1198.444,0,0,0,276,180,305,763,274,183,1001,421,1040,408,43,449,336,223,293,267,37,121,0,0,0,0,0,0,0,0,0,0,0,0,1940,0,0,0,0,0,0,0,718,0,0,0,0,0,0,0,0,0,0,0,0,0,0,0,0,0,0,0,0,0,0,0,1.0000,1.0000,22,22,22,0.4393,0.3488,31,0,0
9421,314.0,4794,84,41,3409,1385,0,0,2318,516.03,0.763,0.594,0.354,0.059,0.615,-0.966,3.364,0.2199,1.8389,0.279,0.002,0.001,0.109,0.065,264,45,104,0,89,0,136598.41,40774.002,21192.004,162.232,19796.364,101.141,29958.236,14831.719,3339.573,16234.725,12987.781,3485.813,17.957,1683.820,0.000240,-0.053849,4419,0,23,81,102,23,16535,280,79,162.179,0,0,0,0,0,0,0,0,0,0,0,0,0,0,40050,881,4139,42362.804,21190.980,19793.740,0.041,162.179,17969.001,13066.791,325.898,211,103,40,23,40,23021,0,0,0,0.000,0.000,0.000,0.000,0.000,0.000,0.000,0.000,0,0,0,0,0,0,0,0,0,0.000,0.000,0.000,0.000,0.000,0.000,0.000,0.000,0,0,0,0,0,0,0,0,0,0.000,0.000,0.000,0.000,0.000,0.000,0.000,0.000,0,0,0,0,0,0,0,0,0,0.000,0.000,0.000,0.000,0.000,0.000,0.000,0.000,0,0,0,0,0,0,0,0,0,0.000,0.000,0.000,0.000,0.000,0.000,0.000,0.000,0,0,0,0,0,0,0,0,0,0,0,0,0,0,0,0,0,0,93652,28696,11863,8244,1922,746,0,0,0,0,0,0,36471,9208,5975,3579,1433,878,0,0,0,0,0,0,893.757,114.323,6416.963,1332.964,0,0,0,314,192,382,896,313,199,1029,414,1054,412,48,452,377,225,342,254,52,135,0,0,0,0,0,0,0,0,0,0,0,0,1966,0,0,0,0,0,0,0,783,0,0,0,0,0,0,0,0,0,0,0,0,0,0,0,0,0,0,0,0,0,0,0,1.0000,1.0000,23,23,23,0.4450,0.3413,30,0,0
9451,315.0,4922,81,43,3419,1503,0,0,2499,555.05,0.785,0.609,0.356,0.059,0.602,-0.966,3.362,0.2193,1.8679,0.274,0.002,0.001,0.108,0.065,236,50,146,0,81,0,141762.06,42424.455,22823.217,274.181,22368.867,103.692,31474.926,16121.043,3621.079,17077.981,13662.385,4185.494,46.444,1493.616,0.000314,-0.054354,5134,0,21,125,144,21,16540,256,123,274.147,0,0,0,0,0,0,0,0,0,0,0,0,0,0,43306,943,4878,46691.545,22822.074,22367.677,0.020,274.147,19401.860,14290.953,367.166,228,110,48,21,41,22442,0,0,0,0.000,0.000,0.000,0.000,0.000,0.000,0.000,0.000,0,0,0,0,0,0,0,0,0,0.000,0.000,0.000,0.000,0.000,0.000,0.000,0.000,0,0,0,0,0,0,0,0,0,0.000,0.000,0.000,0.000,0.000,0.000,0.000,0.000,0,0,0,0,0,0,0,0,0,0.000,0.000,0.000,0.000,0.000,0.000,0.000,0.000,0,0,0,0,0,0,0,0,0,0.000,0.000,0.000,0.000,0.000,0.000,0.000,0.000,0,0,0,0,0,0,0,0,0,0,0,0,0,0,0,0,0,0,94309,29044,11472,8577,1954,739,0,0,0,0,0,0,39272,9925,5914,4034,1546,996,0,0,0,0,0,0,912.126,110.361,7015.450,1349.452,0,0,0,331,224,410,968,345,212,1034,396,1049,424,48,468,406,232,385,286,46,148,0,0,0,0,0,0,0,0,0,0,0,0,1989,0,0,0,0,0,0,0,865,0,0,0,0,0,0,0,0,0,0,0,0,0,0,0,0,0,0,0,0,0,0,0,1.0000,1.0000,23,23,23,0.4439,0.3533,31,0,0
9481,316.0,5074,84,43,3450,1624,0,0,2617,548.22,0.805,0.624,0.356,0.062,0.591,-0.967,3.367,0.2212,1.8643,0.272,0.001,0.001,0.108,0.065,221,38,145,2,102,0,144966.75,44248.905,22781.846,209.333,23532.506,92.042,33081.158,17173.756,3871.200,18812.483,15049.986,4493.306,51.536,1601.940,0.000281,-0.053457,5458,0,33,112,143,33,16664,276,110,209.253,0,0,0,0,0,0,0,0,0,0,0,0,0,0,46724,944,5182,47829.673,22779.953,23530.592,0.071,209.253,21001.082,15280.708,416.561,256,135,37,33,65,33234,0,0,0,0.000,0.000,0.000,0.000,0.000,0.000,0.000,0.000,0,0,0,0,0,0,0,0,0,0.000,0.000,0.000,0.000,0.000,0.000,0.000,0.000,0,0,0,0,0,0,0,0,0,0.000,0.000,0.000,0.000,0.000,0.000,0.000,0.000,0,0,0,0,0,0,0,0,0,0.000,0.000,0.000,0.000,0.000,0.000,0.000,0.000,0,0,0,0,0,0,0,0,0,0.000,0.000,0.000,0.000,0.000,0.000,0.000,0.000,0,0,0,0,0,0,0,0,0,0,0,0,0,0,0,0,0,0,94326,29153,11260,8834,1978,779,0,0,0,0,0,0,42250,10549,6749,4474,1893,1088,0,0,0,0,0,0,916.210,110.965,7467.624,1546.792,0,0,0,345,207,430,979,337,207,1050,401,1039,418,45,497,423,285,362,348,55,151,0,0,0,0,0,0,0,0,0,0,0,0,1999,0,0,0,0,0,0,0,916,0,0,0,0,0,0,0,0,0,0,0,0,0,0,0,0,0,0,0,0,0,0,0,1.0000,1.0000,24,24,24,0.4464,0.3450,31,0,0
9511,317.0,5165,72,43,3433,1732,0,0,2747,541.91,0.824,0.638,0.355,0.062,0.580,-0.967,3.366,0.2229,1.8288,0.274,0.001,0.001,0.108,0.065,238,53,172,0,101,0,150194.34,46371.259,26521.749,274.714,25272.705,91.090,34807.901,18408.408,4080.629,17940.090,14352.072,5098.084,51.392,1905.699,0.000237,-0.052377,5963,0,30,142,171,30,16620,410,141,274.626,0,0,0,0,0,0,0,0,0,0,0,0,0,0,50510,1097,5553,53458.270,26520.211,25270.790,0.080,274.626,22710.610,16428.051,493.218,249,141,51,30,60,30539,0,0,0,0.000,0.000,0.000,0.000,0.000,0.000,0.000,0.000,0,0,0,0,0,0,0,0,0,0.000,0.000,0.000,0.000,0.000,0.000,0.000,0.000,0,0,0,0,0,0,0,0,0,0.000,0.000,0.000,0.000,0.000,0.000,0.000,0.000,0,0,0,0,0,0,0,0,0,0.000,0.000,0.000,0.000,0.000,0.000,0.000,0.000,0,0,0,0,0,0,0,0,0,0.000,0.000,0.000,0.000,0.000,0.000,0.000,0.000,0,0,0,0,0,0,0,0,0,0,0,0,0,0,0,0,0,0,94470,29772,11176,9001,2056,868,0,0,0,0,0,0,45348,11246,7397,5162,2212,1311,0,0,0,0,0,0,918.200,113.219,8088.713,1756.681,0,0,0,386,228,504,1130,396,231,1075,398,983,431,49,497,454,303,401,362,59,153,0,0,0,0,0,0,0,0,0,0,0,0,1960,0,0,0,0,0,0,0,975,0,0,0,0,0,0,0,0,0,0,0,0,0,0,0,0,0,0,0,0,0,0,0,1.0000,1.0000,24,24,24,0.4320,0.3285,32,0,0
9541,318.0,5303,75,43,3433,1870,0,0,2867,521.95,0.847,0.654,0.355,0.063,0.566,-0.967,3.364,0.2216,1.8479,0.276,0.000,0.000,0.109,0.065,205,59,153,0,111,0,155848.34,48412.056,27840.629,218.161,26698.100,92.317,36347.883,19526.725,4324.411,19992.164,15993.732,4623.467,51.804,1944.131,0.000220,-0.051473,6571,0,30,123,152,30,16926,441,122,218.136,0,0,0,0,0,0,0,0,0,0,0,0,0,0,54141,1152,6130,56326.428,27839.796,26695.830,0.018,218.136,24325.130,17497.725,528.307,280,142,56,30,56,31620,0,0,0,0.000,0.000,0.000,0.000,0.000,0.000,0.000,0.000,0,0,0,0,0,0,0,0,0,0.000,0.000,0.000,0.000,0.000,0.000,0.000,0.000,0,0,0,0,0,0,0,0,0,0.000,0.000,0.000,0.000,0.000,0.000,0.000,0.000,0,0,0,0,0,0,0,0,0,0.000,0.000,0.000,0.000,0.000,0.000,0.000,0.000,0,0,0,0,0,0,0,0,0,0.000,0.000,0.000,0.000,0.000,0.000,0.000,0.000,0,0,0,0,0,0,0,0,0,0,0,0,0,0,0,0,0,0,93942,30072,10923,9098,2096,1009,0,0,0,0,0,0,48360,12075,7469,5781,2319,1576,0,0,0,0,0,0,930.718,115.373,8538.586,1817.474,0,0,0,420,233,524,1174,411,231,1080,396,989,411,54,503,510,310,470,354,61,165,0,0,0,0,0,0,0,0,0,0,0,0,1957,0,0,0,0,0,0,0,1050,0,0,0,0,0,0,0,0,0,0,0,0,0,0,0,0,0,0,0,0,0,0,0,1.0000,1.0000,23,23,23,0.4368,0.3520,32,0,0
9571,319.0,5491,58,43,3460,2031,0,0,3040,531.85,0.870,0.670,0.356,0.063,0.553,-0.967,3.370,0.2236,1.8278,0.275,0.000,0.000,0.109,0.066,220,41,135,1,121,0,161459.66,49944.568,30280.809,175.055,27962.293,90.396,38451.336,21501.064,4612.301,21209.345,16967.476,4095.755,27.925,1858.870,0.000249,-0.050443,6818,0,25,110,134,25,17472,346,109,175.000,0,0,0,0,0,0,0,0,0,0,0,0,0,0,58590,1259,6472,60249.851,30279.413,27959.954,0.052,175.000,26410.198,19443.593,557.622,296,135,38,25,72,29293,0,0,0,0.000,0.000,0.000,0.000,0.000,0.000,0.000,0.000,0,0,0,0,0,0,0,0,0,0.000,0.000,0.000,0.000,0.000,0.000,0.000,0.000,0,0,0,0,0,0,0,0,0,0.000,0.000,0.000,0.000,0.000,0.000,0.000,0.000,0,0,0,0,0,0,0,0,0,0.000,0.000,0.000,0.000,0.000,0.000,0.000,0.000,0,0,0,0,0,0,0,0,0,0.000,0.000,0.000,0.000,0.000,0.000,0.000,0.000,0,0,0,0,0,0,0,0,0,0,0,0,0,0,0,0,0,0,94377,30453,10949,9130,2169,1087,0,0,0,0,0,0,52246,13721,8227,6344,2683,1604,0,0,0,0,0,0,935.964,118.220,9951.036,1949.279,0,0,0,449,297,523,1286,461,292,1086,408,992,410,52,512,566,361,438,399,79,188,0,0,0,0,0,0,0,0,0,0,0,0,1966,0,0,0,0,0,0,0,1104,0,0,0,0,0,0,0,0,0,0,0,0,0,0,0,0,0,0,0,0,0,0,0,1.0000,1.0000,23,23,23,0.4298,0.3211,32,0,0
9601,320.0,5628,74,43,3513,2115,0,0,3222,387.45,0.879,0.676,0.358,0.063,0.549,-0.966,3.375,0.2231,1.8519,0.269,0.001,0.000,0.109,0.066,212,64,157,0,142,0,165024.78,51985.321,30755.653,187.120,29136.440,77.386,40141.899,22512.107,4922.502,21273.011,17018.409,5350.656,12.593,2168.615,0.000381,-0.051688,7115,0,47,110,156,47,17572,358,109,187.050,0,0,0,0,0,0,0,0,0,0,0,0,0,0,62187,1280,6757,61898.237,30754.042,29132.382,0.060,187.050,28059.555,20350.616,648.203,286,202,63,47,92,41938,0,0,0,0.000,0.000,0.000,0.000,0.000,0.000,0.000,0.000,0,0,0,0,0,0,0,0,0,0.000,0.000,0.000,0.000,0.000,0.000,0.000,0.000,0,0,0,0,0,0,0,0,0,0.000,0.000,0.000,0.000,0.000,0.000,0.000,0.000,0,0,0,0,0,0,0,0,0,0.000,0.000,0.000,0.000,0.000,0.000,0.000,0.000,0,0,0,0,0,0,0,0,0,0.000,0.000,0.000,0.000,0.000,0.000,0.000,0.000,0,0,0,0,0,0,0,0,0,0,0,0,0,0,0,0,0,0,94954,30593,11216,9363,2306,1049,0,0,0,0,0,0,55234,13877,9537,6953,3060,1765,0,0,0,0,0,0,939.483,120.820,10135.747,2250.907,0,0,0,456,281,593,1314,454,273,1105,409,996,415,49,539,579,365,457,445,55,214,0,0,0,0,0,0,0,0,0,0,0,0,1999,0,0,0,0,0,0,0,1171,0,0,0,0,0,0,0,0,0,0,0,0,0,0,0,0,0,0,0,0,0,0,0,1.0000,1.0000,23,23,23,0.4247,0.3304,33,0,0
9631,321.0,5715,63,43,3516,2199,0,0,3362,442.11,0.892,0.685,0.359,0.065,0.542,-0.966,3.370,0.2246,1.8479,0.267,0.000,0.001,0.109,0.066,211,46,192,1,153,0,168765.41,53109.484,32435.826,263.162,30030.055,79.590,41398.275,23371.778,5277.205,20761.492,16609.194,5891.412,6.553,1970.315,0.000284,-0.053293,7419,0,47,145,189,47,17312,336,142,263.069,0,0,0,0,0,0,0,0,0,0,0,0,0,0,64614,1347,7083,64625.065,32434.799,30028.133,0.047,263.069,29222.243,21154.060,669.862,288,204,45,47,112,42472,0,0,0,0.000,0.000,0.000,0.000,0.000,0.000,0.000,0.000,0,0,0,0,0,0,0,0,0,0.000,0.000,0.000,0.000,0.000,0.000,0.000,0.000,0,0,0,0,0,0,0,0,0,0.000,0.000,0.000,0.000,0.000,0.000,0.000,0.000,0,0,0,0,0,0,0,0,0,0.000,0.000,0.000,0.000,0.000,0.000,0.000,0.000,0,0,0,0,0,0,0,0,0,0.000,0.000,0.000,0.000,0.000,0.000,0.000,0.000,0,0,0,0,0,0,0,0,0,0,0,0,0,0,0,0,0,0,95814,30983,11063,9651,2318,1102,0,0,0,0,0,0,57464,14624,9780,7150,3136,1913,0,0,0,0,0,0,957.057,119.681,10554.704,2333.160,0,0,0,507,285,571,1374,508,297,1118,405,1004,394,47,548,609,408,487,428,56,211,0,0,0,0,0,0,0,0,0,0,0,0,1993,0,0,0,0,0,0,0,1182,0,0,0,0,0,0,0,0,0,0,0,0,0,0,0,0,0,0,0,0,0,0,0,1.0000,1.0000,23,23,23,0.4305,0.3372,33,0,0
9661,322.0,5802,45,43,3522,2280,0,0,3487,427.14,0.904,0.694,0.357,0.064,0.536,-0.966,3.362,0.2272,1.8087,0.268,0.000,0.001,0.109,0.067,193,63,185,1,180,0,171379.25,55078.599,33264.384,243.614,33044.410,82.700,42644.515,24544.401,5584.790,22907.208,18325.767,6530.965,110.655,1975.981,0.000304,-0.055168,7978,0,45,140,176,45,17650,369,131,243.468,0,0,0,0,0,0,0,0,0,0,0,0,0,0,67227,1382,7609,68569.873,33263.110,33042.247,0.082,243.468,30495.870,22244.829,727.143,327,246,62,45,139,56939,0,0,0,0.000,0.000,0.000,0.000,0.000,0.000,0.000,0.000,0,0,0,0,0,0,0,0,0,0.000,0.000,0.000,0.000,0.000,0.000,0.000,0.000,0,0,0,0,0,0,0,0,0,0.000,0.000,0.000,0.000,0.000,0.000,0.000,0.000,0,0,0,0,0,0,0,0,0,0.000,0.000,0.000,0.000,0.000,0.000,0.000,0.000,0,0,0,0,0,0,0,0,0,0.000,0.000,0.000,0.000,0.000,0.000,0.000,0.000,0,0,0,0,0,0,0,0,0,0,0,0,0,0,0,0,0,0,95651,31774,10917,9792,2336,1213,0,0,0,0,0,0,59798,15583,9646,7429,3302,1820,0,0,0,0,0,0,986.580,120.645,11265.199,2303.295,0,0,0,510,278,607,1413,517,276,1156,404,953,398,45,566,622,393,568,433,63,201,0,0,0,0,0,0,0,0,0,0,0,0,1962,0,0,0,0,0,0,0,1265,0,0,0,0,0,0,0,0,0,0,0,0,0,0,0,0,0,0,0,0,0,0,0,1.0000,1.0000,23,23,23,0.4284,0.3374,32,0,0
9691,323.0,5945,56,43,3554,2391,0,0,3636,402.22,0.917,0.703,0.356,0.065,0.529,-0.966,3.370,0.2280,1.8573,0.266,0.001,0.001,0.109,0.067,171,54,185,1,182,0,173861.91,56150.311,34907.890,226.923,33408.577,77.528,43881.342,25561.667,5841.151,24802.066,19841.653,6238.341,56.809,2262.756,0.000279,-0.056620,8272,0,44,141,181,44,17280,451,137,226.809,0,0,0,0,0,0,0,0,0,0,0,0,0,0,69830,1450,7821,70647.020,34907.069,33406.758,0.066,226.809,31692.606,23184.470,744.458,347,236,53,44,139,50866,0,0,0,0.000,0.000,0.000,0.000,0.000,0.000,0.000,0.000,0,0,0,0,0,0,0,0,0,0.000,0.000,0.000,0.000,0.000,0.000,0.000,0.000,0,0,0,0,0,0,0,0,0,0.000,0.000,0.000,0.000,0.000,0.000,0.000,0.000,0,0,0,0,0,0,0,0,0,0.000,0.000,0.000,0.000,0.000,0.000,0.000,0.000,0,0,0,0,0,0,0,0,0,0.000,0.000,0.000,0.000,0.000,0.000,0.000,0.000,0,0,0,0,0,0,0,0,0,0,0,0,0,0,0,0,0,0,96202,32794,11082,9911,2419,1222,0,0,0,0,0,0,62089,16222,10464,7741,3265,1792,0,0,0,0,0,0,1035.300,122.790,11702.226,2459.125,0,0,0,530,313,644,1476,543,301,1193,420,919,403,43,576,677,439,540,447,58,230,0,0,0,0,0,0,0,0,0,0,0,0,1941,0,0,0,0,0,0,0,1275,0,0,0,0,0,0,0,0,0,0,0,0,0,0,0,0,0,0,0,0,0,0,0,1.0000,1.0000,24,24,24,0.4310,0.3372,32,0,0
9721,324.0,5981,51,43,3552,2429,0,0,3794,349.52,0.924,0.707,0.358,0.066,0.527,-0.966,3.372,0.2279,1.8381,0.266,0.001,0.000,0.109,0.066,182,63,202,2,206,0,176297.69,57208.533,36524.781,253.909,32951.049,75.299,45129.003,26386.433,6192.555,22560.002,18048.002,7142.913,1.325,2187.203,0.000416,-0.055844,8334,0,71,131,199,71,17317,388,128,253.811,0,0,0,0,0,0,0,0,0,0,0,0,0,0,72342,1515,7946,71890.520,36523.622,32949.022,0.085,253.811,32910.717,23890.338,815.377,322,284,61,71,152,58270,0,0,0,0.000,0.000,0.000,0.000,0.000,0.000,0.000,0.000,0,0,0,0,0,0,0,0,0,0.000,0.000,0.000,0.000,0.000,0.000,0.000,0.000,0,0,0,0,0,0,0,0,0,0.000,0.000,0.000,0.000,0.000,0.000,0.000,0.000,0,0,0,0,0,0,0,0,0,0.000,0.000,0.000,0.000,0.000,0.000,0.000,0.000,0,0,0,0,0,0,0,0,0,0.000,0.000,0.000,0.000,0.000,0.000,0.000,0.000,0,0,0,0,0,0,0,0,0,0,0,0,0,0,0,0,0,0,96755,33751,11112,9888,2397,1273,0,0,0,0,0,0,64470,16947,10956,7872,3028,2181,0,0,0,0,0,0,1064.025,127.116,12003.658,2576.344,0,0,0,561,334,644,1544,568,327,1223,410,907,390,44,578,662,451,541,488,62,225,0,0,0,0,0,0,0,0,0,0,0,0,1919,0,0,0,0,0,0,0,1316,0,0,0,0,0,0,0,0,0,0,0,0,0,0,0,0,0,0,0,0,0,0,0,1.0000,1.0000,23,23,23,0.4431,0.3360,31,0,0
9751,325.0,6000,56,44,3539,2461,0,0,3866,463.65,0.931,0.710,0.360,0.067,0.523,-0.966,3.366,0.2276,1.8367,0.268,0.002,0.002,0.109,0.066,174,52,233,1,221,0,180036.84,58421.754,38245.167,339.462,33099.584,75.328,45621.469,26701.695,6402.384,22641.659,18113.328,7732.667,62.418,2218.266,0.000264,-0.057039,8334,0,55,178,231,55,17477,419,176,339.406,0,0,0,0,0,0,0,0,0,0,0,0,0,0,73170,1589,7915,73746.128,38244.611,33097.087,0.057,339.406,33403.634,24164.293,848.630,307,275,52,55,168,63050,0,0,0,0.000,0.000,0.000,0.000,0.000,0.000,0.000,0.000,0,0,0,0,0,0,0,0,0,0.000,0.000,0.000,0.000,0.000,0.000,0.000,0.000,0,0,0,0,0,0,0,0,0,0.000,0.000,0.000,0.000,0.000,0.000,0.000,0.000,0,0,0,0,0,0,0,0,0,0.000,0.000,0.000,0.000,0.000,0.000,0.000,0.000,0,0,0,0,0,0,0,0,0,0.000,0.000,0.000,0.000,0.000,0.000,0.000,0.000,0,0,0,0,0,0,0,0,0,0,0,0,0,0,0,0,0,0,96847,34498,11035,9855,2441,1218,0,0,0,0,0,0,65464,17144,11023,7706,3171,1968,0,0,0,0,0,0,1089.139,125.998,12267.339,2565.944,0,0,0,531,355,730,1611,531,347,1231,413,901,376,39,579,686,434,546,506,69,220,0,0,0,0,0,0,0,0,0,0,0,0,1895,0,0,0,0,0,0,0,1341,0,0,0,0,0,0,0,0,0,0,0,0,0,0,0,0,0,0,0,0,0,0,0,1.0000,1.0000,23,23,23,0.4414,0.3479,30,0,0
9781,326.0,6000,36,44,3528,2472,0,0,4008,376.34,0.936,0.712,0.361,0.067,0.522,-0.967,3.364,0.2285,1.8619,0.262,0.010,0.020,0.109,0.066,210,52,184,1,205,0,184523.17,59233.340,37644.169,242.961,34503.707,74.334,45965.608,27071.466,6653.915,19437.780,15550.224,6570.595,275.750,2209.249,0.000280,-0.056938,8493,0,54,130,181,54,16752,413,127,242.879,0,0,0,0,0,0,0,0,0,0,0,0,0,0,73911,1560,8080,74564.045,37642.787,34501.347,0.067,242.879,33829.361,24551.752,812.268,270,259,52,54,153,64656,0,0,0,0.000,0.000,0.000,0.000,0.000,0.000,0.000,0.000,0,0,0,0,0,0,0,0,0,0.000,0.000,0.000,0.000,0.000,0.000,0.000,0.000,0,0,0,0,0,0,0,0,0,0.000,0.000,0.000,0.000,0.000,0.000,0.000,0.000,0,0,0,0,0,0,0,0,0,0.000,0.000,0.000,0.000,0.000,0.000,0.000,0.000,0,0,0,0,0,0,0,0,0,0.000,0.000,0.000,0.000,0.000,0.000,0.000,0.000,0,0,0,0,0,0,0,0,0,0,0,0,0,0,0,0,0,0,96482,34997,11248,9573,2397,1294,0,0,0,0,0,0,66239,17282,11301,7672,3212,1756,0,0,0,0,0,0,1117.056,127.357,12567.158,2576.948,0,0,0,518,367,686,1591,525,375,1257,418,907,354,33,559,684,444,583,488,65,208,0,0,0,0,0,0,0,0,0,0,0,0,1853,0,0,0,0,0,0,0,1344,0,0,0,0,0,0,0,0,0,0,0,0,0,0,0,0,0,0,0,0,0,0,0,1.0000,1.0000,23,23,23,0.4380,0.3409,30,0,0
9811,327.0,5998,57,44,3490,2508,0,0,4039,343.86,0.944,0.719,0.363,0.067,0.517,-0.966,3.364,0.2288,1.8399,0.269,0.011,0.024,0.109,0.066,184,54,213,2,248,0,187691.86,59663.264,38071.738,283.242,35258.238,78.299,46357.174,27401.932,6809.328,22908.524,18326.819,6866.050,663.003,2170.368,0.000309,-0.058664,8553,0,49,164,213,49,16380,397,164,283.079,0,0,0,0,0,0,0,0,0,0,0,0,0,0,74781,1580,8156,75786.081,38070.422,35255.997,0.164,283.079,34318.607,24879.043,800.851,329,293,53,49,191,58837,0,0,0,0.000,0.000,0.000,0.000,0.000,0.000,0.000,0.000,0,0,0,0,0,0,0,0,0,0.000,0.000,0.000,0.000,0.000,0.000,0.000,0.000,0,0,0,0,0,0,0,0,0,0.000,0.000,0.000,0.000,0.000,0.000,0.000,0.000,0,0,0,0,0,0,0,0,0,0.000,0.000,0.000,0.000,0.000,0.000,0.000,0.000,0,0,0,0,0,0,0,0,0,0.000,0.000,0.000,0.000,0.000,0.000,0.000,0.000,0,0,0,0,0,0,0,0,0,0,0,0,0,0,0,0,0,0,95592,35194,11262,9578,2488,1366,0,0,0,0,0,0,66918,17835,11672,7863,3177,1740,0,0,0,0,0,0,1145.241,126.449,12801.549,2677.229,0,0,0,564,375,693,1611,556,355,1248,431,855,368,29,559,714,435,586,505,57,211,0,0,0,0,0,0,0,0,0,0,0,0,1811,0,0,0,0,0,0,0,1359,0,0,0,0,0,0,0,0,0,0,0,0,0,0,0,0,0,0,0,0,0,0,0,1.0000,1.0000,22,22,22,0.4416,0.3568,30,0,0
9841,328.0,6000,77,44,3477,2522,1,0,4110,369.77,0.949,0.722,0.365,0.067,0.516,-0.966,3.360,0.2301,1.8494,0.262,0.016,0.040,0.109,0.067,159,43,157,0,263,0,191623.91,59453.136,39205.469,208.736,35535.166,70.652,46715.112,27722.023,6918.602,20728.905,16583.124,6174.962,1130.515,2128.301,0.000265,-0.058989,8486,0,35,122,153,35,16616,359,118,208.617,14,0,0,0,0,0,0,0,0,0,0,0,0,0,75429,1627,8127,77270.230,39204.750,35533.407,0.086,208.617,34752.070,25239.914,780.733,294,280,41,35,204,68311,0,0,0,0.000,0.000,0.000,0.000,0.000,0.000,0.000,0.000,0,0,0,0,0,0,0,0,0,0.000,0.000,0.000,0.000,0.000,0.000,0.000,0.000,0,0,0,0,0,0,0,0,0,0.000,0.000,0.000,0.000,0.000,0.000,0.000,0.000,0,0,0,0,0,0,0,0,0,0.000,0.000,0.000,0.000,0.000,0.000,0.000,0.000,0,0,0,0,0,0,14,0,0,0.000,0.000,0.000,0.000,0.000,1.025,1.538,0.000,0,0,0,0,0,0,0,0,1,0,0,0,0,0,0,0,0,0,94874,34944,11422,9640,2442,1291,0,0,0,0,0,0,67756,18646,11565,7687,2957,1792,0,0,0,0,0,0,1126.258,128.134,13164.600,2697.009,0,0,0,583,406,690,1659,571,387,1235,427,862,358,31,564,712,456,591,504,61,198,0,0,0,0,0,0,1,0,0,0,0,0,1815,0,0,0,0,0,0,0,1354,0,0,0,0,0,0,0,0,0,0,0,0,0,0,0,0,0,0,0,0,0,0,0,1.0000,1.0000,22,22,22,0.4487,0.3475,28,0,0
9871,329.0,5998,44,44,3432,2565,1,0,4171,427.23,0.959,0.727,0.366,0.068,0.511,-0.966,3.360,0.2297,1.8317,0.265,0.023,0.043,0.109,0.067,204,43,176,1,236,0,194811.06,59240.545,40413.815,229.435,35436.718,71.336,47094.061,27931.341,7053.119,20626.128,16500.903,6932.331,1414.272,2146.286,0.000266,-0.058883,8525,0,40,136,173,40,15805,378,133,229.392,30,2,2,0,0,0,2,0,0,0,0,0,0,0,76295,1676,8147,78409.560,40412.518,35434.453,0.033,229.392,35239.836,25420.473,816.979,303,260,41,40,179,58531,0,0,0,0.000,0.000,0.000,0.000,0.000,0.000,0.000,0.000,0,0,0,0,0,0,0,0,0,0.000,0.000,0.000,0.000,0.000,0.000,0.000,0.000,0,0,0,0,0,0,0,0,0,0.000,0.000,0.000,0.000,0.000,0.000,0.000,0.000,0,0,0,0,0,0,0,0,0,0.000,0.000,0.000,0.000,0.000,0.000,0.000,0.000,0,0,0,0,0,0,30,0,0,0.000,0.000,0.000,0.000,0.000,2.196,3.093,0.020,0,0,0,0,0,0,0,0,0,0,0,0,0,0,0,0,0,0,93846,34476,11517,9785,2289,1261,0,0,0,0,0,0,68309,18737,12279,8016,2819,1753,0,0,0,0,0,0,1108.941,129.259,13101.814,2891.560,0,0,0,585,373,715,1706,611,385,1219,418,844,354,28,569,722,476,537,540,68,222,0,0,0,0,0,0,1,0,0,0,0,0,1795,0,0,0,0,0,0,0,1367,0,0,0,0,0,0,0,0,0,0,0,0,0,0,0,0,0,0,0,0,0,0,0,1.0000,1.0000,19,19,19,0.4507,0.3614,28,0,0
9901,330.0,5993,50,48,3404,2588,1,0,4181,382.60,0.965,0.732,0.366,0.069,0.508,-0.966,3.360,0.2310,1.8105,0.273,0.019,0.047,0.109,0.067,176,34,206,0,233,0,194951.94,59796.783,37956.996,275.238,34664.716,74.172,47469.602,28321.147,7148.654,20643.192,16514.554,7247.211,1330.769,2242.128,0.000388,-0.057589,8276,0,51,155,202,51,15825,388,151,275.122,30,10,0,0,0,0,0,0,0,0,0,0,0,0,77171,1576,7888,75063.095,37954.975,34661.698,0.099,275.122,35719.569,25754.122,871.383,287,264,34,51,179,57562,0,0,0,0.000,0.000,0.000,0.000,0.000,0.000,0.000,0.000,0,0,0,0,0,0,0,0,0,0.000,0.000,0.000,0.000,0.000,0.000,0.000,0.000,0,0,0,0,0,0,0,0,0,0.000,0.000,0.000,0.000,0.000,0.000,0.000,0.000,0,0,0,0,0,0,0,0,0,0.000,0.000,0.000,0.000,0.000,0.000,0.000,0.000,0,0,0,0,0,0,30,0,0,0.000,0.000,0.000,0.000,0.000,2.196,3.282,0.101,0,0,0,0,0,0,0,0,0,0,0,0,0,0,0,0,0,0,92947,34588,11037,9806,2290,1205,0,0,0,0,0,0,68902,19167,11936,8299,2843,1801,0,0,0,0,0,0,1123.352,122.661,13211.854,2852.925,0,0,0,540,359,727,1620,538,355,1231,400,807,371,28,567,732,445,599,511,67,234,0,0,0,0,0,0,1,0,0,0,0,0,1773,0,0,0,0,0,0,0,1411,0,0,0,0,0,0,0,0,0,0,0,0,0,0,0,0,0,0,0,0,0,0,0,1.0000,1.0000,27,27,27,0.4023,0.3450,32,0,0
9931,331.0,5999,46,48,3347,2652,0,0,4122,381.67,0.980,0.742,0.368,0.067,0.500,-0.966,3.372,0.2317,1.8069,0.272,0.014,0.032,0.110,0.067,180,48,230,2,255,0,193496.23,59801.890,38264.843,334.698,37013.568,75.483,48012.001,28499.437,7152.300,24628.945,19703.156,7730.201,1262.986,2274.423,0.000378,-0.057333,8408,0,47,183,227,47,15608,361,180,334.558,26,4,2,0,0,0,2,0,0,0,0,0,0,0,78467,1583,8047,77793.960,38263.895,37011.380,0.129,334.558,36374.890,25925.812,888.479,362,298,46,47,205,70930,0,0,0,0.000,0.000,0.000,0.000,0.000,0.000,0.000,0.000,0,0,0,0,0,0,0,0,0,0.000,0.000,0.000,0.000,0.000,0.000,0.000,0.000,0,0,0,0,0,0,0,0,0,0.000,0.000,0.000,0.000,0.000,0.000,0.000,0.000,0,0,0,0,0,0,0,0,0,0.000,0.000,0.000,0.000,0.000,0.000,0.000,0.000,0,0,0,0,0,0,26,0,0,0.000,0.000,0.000,0.000,0.000,1.903,2.860,0.041,0,1,0,0,1,100,0,0,0,0,0,0,0,0,0,0,0,0,91940,34655,10635,9513,2314,1143,0,0,0,0,0,0,70071,18753,11642,8422,2861,1848,0,0,0,0,0,0,1126.040,117.308,12964.345,2778.332,0,0,0,564,329,716,1613,553,334,1227,384,807,360,33,536,721,433,624,548,82,244,0,0,0,0,0,0,0,0,0,0,0,0,1736,0,0,0,0,0,0,0,1498,0,0,0,0,0,0,0,0,0,0,0,0,0,0,0,0,0,0,0,0,0,0,0,1.0000,1.0000,25,25,25,0.4042,0.3408,32,0,0
9961,332.0,6000,40,48,3326,2674,0,0,4101,341.60,0.986,0.745,0.371,0.067,0.498,-0.967,3.375,0.2302,1.8168,0.275,0.010,0.019,0.110,0.068,167,55,234,0,241,0,191576.08,59289.663,39965.198,310.152,36347.036,73.246,48544.734,28843.225,7114.239,23679.040,18943.232,8630.360,1011.053,2605.754,0.000328,-0.054559,8818,0,62,172,230,62,15270,519,168,309.873,0,0,0,0,0,0,0,0,0,0,0,0,0,0,79798,1654,8299,78876.116,39963.097,36344.337,0.208,309.873,37043.712,26289.982,874.714,335,313,55,62,196,72098,0,0,0,0.000,0.000,0.000,0.000,0.000,0.000,0.000,0.000,0,0,0,0,0,0,0,0,0,0.000,0.000,0.000,0.000,0.000,0.000,0.000,0.000,0,0,0,0,0,0,0,0,0,0.000,0.000,0.000,0.000,0.000,0.000,0.000,0.000,0,0,0,0,0,0,0,0,0,0.000,0.000,0.000,0.000,0.000,0.000,0.000,0.000,0,0,0,0,0,0,0,0,0,0.000,0.000,0.000,0.000,0.000,0.000,0.000,0.000,0,0,0,0,0,0,0,0,0,0,0,0,0,0,0,0,0,0,90706,34492,10238,9429,2220,1213,0,0,0,0,0,0,71286,18832,11681,8512,2632,1987,0,0,0,0,0,0,1123.270,114.763,13021.930,2798.453,0,0,0,578,338,762,1684,590,335,1224,382,821,333,40,526,723,468,615,559,70,239,0,0,0,0,0,0,0,0,0,0,0,0,1720,0,0,0,0,0,0,0,1483,0,0,0,0,0,0,0,0,0,0,0,0,0,0,0,0,0,0,0,0,0,0,0,1.0000,1.0000,24,24,24,0.4260,0.3422,33,1,0
9991,333.0,6000,47,48,3271,2728,1,0,4082,432.11,1.000,0.754,0.374,0.067,0.491,-0.966,3.371,0.2320,1.8015,0.275,0.006,0.011,0.110,0.068,164,43,242,0,254,0,188608.47,58363.295,39574.358,327.110,36028.787,59.165,49136.210,29248.813,7136.383,24504.958,19603.967,8002.721,818.872,1988.371,0.000272,-0.054474,8463,0,54,188,239,54,15209,251,185,326.929,8,0,0,0,0,0,0,0,0,0,0,0,0,0,81043,1638,8212,78105.792,39573.208,36027.439,0.159,326.929,37757.951,26667.806,913.410,357,303,42,54,207,71268,0,0,0,0.000,0.000,0.000,0.000,0.000,0.000,0.000,0.000,0,0,0,0,0,0,0,0,0,0.000,0.000,0.000,0.000,0.000,0.000,0.000,0.000,0,0,0,0,0,0,0,0,0,0.000,0.000,0.000,0.000,0.000,0.000,0.000,0.000,0,0,0,0,0,0,0,0,0,0.000,0.000,0.000,0.000,0.000,0.000,0.000,0.000,0,0,0,0,0,0,8,0,0,0.000,0.000,0.000,0.000,0.000,0.669,0.204,0.000,0,0,0,0,0,0,0,0,1,0,0,0,0,0,0,0,0,0,89572,34697,10197,9325,2244,1248,0,0,0,0,0,0,72366,19246,12264,8685,2746,1938,0,0,0,0,0,0,1127.580,114.516,13268.353,2910.924,0,0,0,601,357,713,1664,593,354,1241,381,801,318,49,481,726,519,603,554,74,252,0,0,0,0,0,0,0,0,1,0,0,0,1649,0,0,0,0,0,0,0,1483,0,0,0,0,0,0,0,0,0,0,0,0,0,0,0,1,0,0,0,0,0,0,0,1.0000,1.0000,26,26,26,0.4280,0.3512,33,1,0
10021,334.0,6000,46,48,3255,2744,1,0,4088,373.17,1.004,0.757,0.376,0.069,0.489,-0.966,3.373,0.2329,1.8177,0.276,0.002,0.003,0.110,0.068,179,51,218,1,262,0,184704.80,57540.990,39747.084,288.614,35654.425,58.415,49551.341,29576.614,7085.592,23551.022,18840.818,7966.631,396.651,2193.336,0.000313,-0.056524,8607,0,58,160,216,58,15317,340,158,288.427,30,0,0,0,0,0,0,0,0,0,0,0,0,0,81950,1646,8267,77923.415,39745.960,35652.993,0.184,288.427,38272.250,26944.463,970.816,329,313,51,58,204,69967,0,0,0,0.000,0.000,0.000,0.000,0.000,0.000,0.000,0.000,0,0,0,0,0,0,0,0,0,0.000,0.000,0.000,0.000,0.000,0.000,0.000,0.000,0,0,0,0,0,0,0,0,0,0.000,0.000,0.000,0.000,0.000,0.000,0.000,0.000,0,0,0,0,0,0,0,0,0,0.000,0.000,0.000,0.000,0.000,0.000,0.000,0.000,0,0,0,0,0,0,30,0,0,0.000,0.000,0.000,0.000,0.000,2.495,2.707,0.000,0,0,0,0,0,0,0,0,0,0,0,0,0,0,0,0,0,0,88434,34818,10031,9551,2358,1189,0,0,0,0,0,0,73253,19580,13028,8727,2890,2287,0,0,0,0,0,0,1130.984,112.132,13490.571,3096.077,0,0,0,571,386,722,1680,578,378,1226,361,809,338,49,472,767,501,606,543,78,249,0,0,0,0,0,0,1,0,0,0,0,0,1668,0,0,0,0,0,0,0,1476,0,0,0,0,0,0,0,0,0,0,0,0,0,0,0,0,0,0,0,0,0,0,0,1.0000,1.0000,27,27,27,0.4130,0.3441,31,0,0
10051,335.0,5952,46,50,3249,2702,1,0,4103,354.20,1.001,0.755,0.376,0.069,0.493,-0.966,3.369,0.2347,1.8248,0.274,0.001,0.001,0.110,0.068,150,64,225,1,276,0,178924.08,56840.772,37557.244,232.687,34609.269,65.953,49657.759,29954.111,7121.619,22872.354,18297.884,6988.353,28.241,2086.859,0.000352,-0.056098,8551,0,71,154,223,71,15063,317,152,232.494,30,4,0,0,0,0,0,0,0,0,0,0,0,0,82181,1558,8234,74619.888,37556.709,34608.031,0.190,232.494,38461.785,27311.104,986.962,316,358,62,71,225,85072,0,0,0,0.000,0.000,0.000,0.000,0.000,0.000,0.000,0.000,0,0,0,0,0,0,0,0,0,0.000,0.000,0.000,0.000,0.000,0.000,0.000,0.000,0,0,0,0,0,0,0,0,0,0.000,0.000,0.000,0.000,0.000,0.000,0.000,0.000,0,0,0,0,0,0,0,0,0,0.000,0.000,0.000,0.000,0.000,0.000,0.000,0.000,0,0,0,0,0,0,30,0,0,0.000,0.000,0.000,0.000,0.000,2.492,2.756,0.154,0,0,0,0,0,0,0,0,0,0,0,0,0,0,0,0,0,0,87544,33990,9887,9733,2526,1082,0,0,0,0,0,0,73929,20425,12605,8282,2906,2081,0,0,0,0,0,0,1112.840,110.071,13984.492,2937.150,0,0,0,559,347,683,1589,566,340,1207,381,810,338,51,462,780,484,610,516,79,233,0,0,0,0,0,0,1,0,0,0,0,0,1661,0,0,0,0,0,0,0,1438,0,0,0,0,0,0,0,0,0,0,0,0,0,0,0,0,0,0,0,0,0,0,0,1.0000,1.0000,28,28,28,0.4070,0.3531,33,0,0
10081,336.0,5854,42,50,3204,2649,1,0,3996,378.39,1.000,0.755,0.379,0.067,0.494,-0.966,3.372,0.2375,1.8257,0.274,0.001,0.001,0.110,0.069,166,46,237,0,280,0,173971.48,55090.344,37925.034,279.716,34079.235,64.647,48784.654,29100.305,7068.999,20492.776,16394.221,7153.473,95.951,1945.753,0.000223,-0.056150,8643,0,60,177,234,60,14607,212,174,279.554,30,0,0,0,0,0,0,0,0,0,0,0,0,0,80288,1574,8431,74484.336,37923.141,34077.901,0.158,279.554,37666.021,26538.609,923.913,284,337,43,60,234,77041,0,0,0,0.000,0.000,0.000,0.000,0.000,0.000,0.000,0.000,0,0,0,0,0,0,0,0,0,0.000,0.000,0.000,0.000,0.000,0.000,0.000,0.000,0,0,0,0,0,0,0,0,0,0.000,0.000,0.000,0.000,0.000,0.000,0.000,0.000,0,0,0,0,0,0,0,0,0,0.000,0.000,0.000,0.000,0.000,0.000,0.000,0.000,0,0,0,0,0,0,30,0,0,0.000,0.000,0.000,0.000,0.000,2.491,1.739,0.000,0,0,0,0,0,0,0,0,0,0,0,0,0,0,0,0,0,0,86968,33404,10385,9827,2555,1015,0,0,0,0,0,0,72545,19876,13135,7773,2781,2004,0,0,0,0,0,0,1102.472,119.108,13564.777,2978.641,0,0,0,558,347,699,1608,564,353,1188,375,795,317,53,476,738,519,606,486,77,223,0,0,0,0,0,0,0,1,0,0,0,0,1641,0,0,0,0,0,0,0,1392,0,0,0,0,0,0,0,0,0,0,0,0,0,0,0,0,0,0,0,0,0,0,0,1.0000,1.0000,27,27,27,0.4127,0.3491,33,0,0
10111,337.0,5787,49,50,3238,2548,1,0,3901,409.25,0.984,0.745,0.381,0.067,0.504,-0.965,3.372,0.2385,1.8033,0.279,0.001,0.001,0.110,0.069,172,68,165,0,283,0,170079.77,55275.563,35701.855,170.836,32805.872,67.556,47642.237,28177.454,6834.869,19592.741,15674.193,6345.779,63.719,2057.361,0.000238,-0.056570,8248,0,59,106,158,59,13827,275,99,170.659,30,5,4,0,0,0,4,0,0,0,0,0,0,0,77794,1479,7973,70872.403,35701.102,32804.541,0.092,170.659,36547.529,25703.079,837.343,266,367,68,59,240,94779,0,0,0,0.000,0.000,0.000,0.000,0.000,0.000,0.000,0.000,0,0,0,0,0,0,0,0,0,0.000,0.000,0.000,0.000,0.000,0.000,0.000,0.000,0,0,0,0,0,0,0,0,0,0.000,0.000,0.000,0.000,0.000,0.000,0.000,0.000,0,0,0,0,0,0,0,0,0,0.000,0.000,0.000,0.000,0.000,0.000,0.000,0.000,0,0,0,0,0,0,30,0,0,0.000,0.000,0.000,0.000,0.000,2.495,0.910,0.192,0,0,0,0,0,0,0,0,0,0,0,0,0,0,0,0,0,0,86772,33077,10177,9808,2456,1124,0,0,0,0,0,0,70591,18907,12677,7233,2631,1856,0,0,0,0,0,0,1091.794,121.973,13042.641,2846.771,0,0,0,517,319,676,1505,513,305,1187,375,799,326,48,503,721,442,586,507,60,232,0,0,0,0,0,0,0,1,0,0,0,0,1676,0,0,0,0,0,0,0,1385,0,0,0,0,0,0,0,0,0,0,0,0,0,0,0,0,0,0,0,0,0,0,0,1.0000,1.0000,27,27,27,0.4179,0.3521,34,0,0
10141,338.0,5725,42,50,3230,2495,0,0,3858,321.01,0.978,0.742,0.380,0.066,0.508,-0.966,3.380,0.2380,1.8036,0.278,0.001,0.001,0.110,0.068,145,59,162,0,292,0,166965.89,54285.602,35606.057,217.713,32539.625,65.344,46662.932,27559.015,6742.305,19917.395,15933.916,6386.788,76.545,1812.196,0.000308,-0.058237,8204,0,30,132,157,30,13730,280,127,217.565,15,0,0,0,0,0,0,0,0,0,0,0,0,0,75600,1479,7924,70548.775,35604.444,32538.284,0.057,217.565,35542.885,25104.158,796.862,278,331,57,30,244,82483,0,0,0,0.000,0.000,0.000,0.000,0.000,0.000,0.000,0.000,0,0,0,0,0,0,0,0,0,0.000,0.000,0.000,0.000,0.000,0.000,0.000,0.000,0,0,0,0,0,0,0,0,0,0.000,0.000,0.000,0.000,0.000,0.000,0.000,0.000,0,0,0,0,0,0,0,0,0,0.000,0.000,0.000,0.000,0.000,0.000,0.000,0.000,0,0,0,0,0,0,15,0,0,0.000,0.000,0.000,0.000,0.000,1.249,0.439,0.000,0,1,0,0,1,143,0,0,0,0,0,0,0,0,0,0,0,0,87104,33408,9850,9808,2193,1283,0,0,0,0,0,0,68958,18739,11854,6657,2528,1524,0,0,0,0,0,0,1106.521,119.996,12742.760,2640.759,0,0,0,530,322,651,1510,541,319,1193,360,780,346,44,507,685,451,566,505,53,235,0,0,0,0,0,0,0,0,0,0,0,0,1677,0,0,0,0,0,0,0,1359,0,0,0,0,0,0,0,0,0,0,0,0,0,0,0,0,0,0,0,0,0,0,0,1.0000,1.0000,27,27,27,0.4223,0.3501,35,0,0
10171,339.0,5683,49,50,3208,2475,0,0,3817,430.07,0.979,0.741,0.382,0.066,0.509,-0.966,3.382,0.2354,1.8230,0.282,0.001,0.001,0.110,0.069,161,60,120,0,266,0,164662.86,53157.796,34008.893,170.832,32275.138,65.950,46092.509,27010.556,6599.008,18173.845,14539.076,4349.186,53.769,1900.753,0.000292,-0.058427,8241,0,19,101,118,19,13606,311,99,170.793,0,0,0,0,0,0,0,0,0,0,0,0,0,0,74371,1409,7930,68640.113,34007.816,32272.146,0.025,170.793,34993.760,24608.494,740.208,259,279,58,19,202,75028,0,0,0,0.000,0.000,0.000,0.000,0.000,0.000,0.000,0.000,0,0,0,0,0,0,0,0,0,0.000,0.000,0.000,0.000,0.000,0.000,0.000,0.000,0,0,0,0,0,0,0,0,0,0.000,0.000,0.000,0.000,0.000,0.000,0.000,0.000,0,0,0,0,0,0,0,0,0,0.000,0.000,0.000,0.000,0.000,0.000,0.000,0.000,0,0,0,0,0,0,0,0,0,0.000,0.000,0.000,0.000,0.000,0.000,0.000,0.000,0,0,0,0,0,0,0,0,0,0,0,0,0,0,0,0,0,0,87068,33649,9403,9710,2087,1334,0,0,0,0,0,0,67967,18078,11617,6404,2353,1366,0,0,0,0,0,0,1113.829,115.661,12336.702,2564.819,0,0,0,533,283,627,1436,522,278,1182,357,763,359,38,509,661,462,546,490,78,238,0,0,0,0,0,0,0,0,0,0,0,0,1669,0,0,0,0,0,0,0,1352,0,0,0,0,0,0,0,0,0,0,0,0,0,0,0,0,0,0,0,0,0,0,0,1.0000,1.0000,27,27,27,0.4154,0.3524,34,0,0
10201,340.0,5636,47,48,3245,2391,0,0,3818,350.55,0.965,0.731,0.381,0.067,0.518,-0.966,3.384,0.2330,1.8046,0.285,0.001,0.000,0.110,0.070,180,74,97,0,274,0,161226.50,52492.500,31152.733,131.741,30798.453,66.359,45500.770,26355.508,6547.152,17443.418,13954.734,3573.452,26.896,1720.860,0.000295,-0.060301,7861,0,19,78,97,19,13299,254,78,131.715,0,0,0,0,0,0,0,0,0,0,0,0,0,0,72990,1295,7607,64135.325,31151.708,30797.205,0.026,131.715,34387.190,23999.639,712.874,239,323,73,19,231,80154,0,0,0,0.000,0.000,0.000,0.000,0.000,0.000,0.000,0.000,0,0,0,0,0,0,0,0,0,0.000,0.000,0.000,0.000,0.000,0.000,0.000,0.000,0,0,0,0,0,0,0,0,0,0.000,0.000,0.000,0.000,0.000,0.000,0.000,0.000,0,0,0,0,0,0,0,0,0,0.000,0.000,0.000,0.000,0.000,0.000,0.000,0.000,0,0,0,0,0,0,0,0,0,0.000,0.000,0.000,0.000,0.000,0.000,0.000,0.000,0,0,0,0,0,0,0,0,0,0,0,0,0,0,0,0,0,0,86909,33540,9351,9863,2152,1254,0,0,0,0,0,0,66889,17353,12106,6101,2231,1446,0,0,0,0,0,0,1102.785,115.198,11803.122,2674.958,0,0,0,452,268,600,1322,448,268,1201,341,779,376,37,511,627,445,536,477,73,233,0,0,0,0,0,0,0,0,0,0,0,0,1703,0,0,0,0,0,0,0,1319,0,0,0,0,0,0,0,0,0,0,0,0,0,0,0,0,0,0,0,0,0,0,0,1.0000,1.0000,28,28,28,0.4277,0.3543,35,0,0
10231,341.0,5502,49,48,3212,2290,0,0,3732,393.33,0.955,0.724,0.382,0.067,0.525,-0.965,3.383,0.2350,1.7836,0.290,0.001,0.000,0.111,0.070,180,71,124,1,274,0,157486.17,51169.165,29935.410,157.162,30125.822,70.773,44234.437,25216.528,6458.131,14839.252,11871.402,4339.116,9.934,1776.074,0.000250,-0.062267,7774,0,18,106,123,18,12776,311,105,157.122,0,0,0,0,0,0,0,0,0,0,0,0,0,0,70063,1243,7463,62181.913,29933.939,30124.560,0.040,157.122,33092.060,22907.780,660.707,203,304,69,18,217,73253,0,0,0,0.000,0.000,0.000,0.000,0.000,0.000,0.000,0.000,0,0,0,0,0,0,0,0,0,0.000,0.000,0.000,0.000,0.000,0.000,0.000,0.000,0,0,0,0,0,0,0,0,0,0.000,0.000,0.000,0.000,0.000,0.000,0.000,0.000,0,0,0,0,0,0,0,0,0,0.000,0.000,0.000,0.000,0.000,0.000,0.000,0.000,0,0,0,0,0,0,0,0,0,0.000,0.000,0.000,0.000,0.000,0.000,0.000,0.000,0,0,0,0,0,0,0,0,0,0,0,0,0,0,0,0,0,0,87247,33717,9280,9768,2189,1060,0,0,0,0,0,0,64342,16306,11386,5721,2165,1153,0,0,0,0,0,0,1114.667,110.299,11166.588,2487.018,0,0,0,438,289,551,1276,432,287,1185,349,791,366,33,488,617,390,496,492,64,231,0,0,0,0,0,0,0,0,0,0,0,0,1678,0,0,0,0,0,0,0,1283,0,0,0,0,0,0,0,0,0,0,0,0,0,0,0,0,0,0,0,0,0,0,0,1.0000,1.0000,27,27,27,0.4459,0.3560,37,1,0
10261,342.0,5406,65,48,3195,2211,0,0,3651,482.14,0.946,0.718,0.382,0.068,0.532,-0.965,3.385,0.2351,1.8049,0.290,0.001,0.000,0.111,0.070,187,72,110,0,246,0,151877.50,49156.511,27841.147,152.808,28856.939,75.955,43018.644,24410.863,6231.093,14690.897,11752.718,4622.892,13.921,1523.536,0.000268,-0.062420,7365,0,20,90,109,20,12195,208,89,152.703,0,0,0,0,0,0,0,0,0,0,0,0,0,0,67533,1157,7157,58699.213,27839.448,28856.018,0.059,152.703,31968.006,22151.144,629.394,204,283,69,20,194,79083,0,0,0,0.000,0.000,0.000,0.000,0.000,0.000,0.000,0.000,0,0,0,0,0,0,0,0,0,0.000,0.000,0.000,0.000,0.000,0.000,0.000,0.000,0,0,0,0,0,0,0,0,0,0.000,0.000,0.000,0.000,0.000,0.000,0.000,0.000,0,0,0,0,0,0,0,0,0,0.000,0.000,0.000,0.000,0.000,0.000,0.000,0.000,0,0,0,0,0,0,0,0,0,0.000,0.000,0.000,0.000,0.000,0.000,0.000,0.000,0,0,0,0,0,0,0,0,0,0,0,0,0,0,0,0,0,0,86350,32969,9299,9685,2253,969,0,0,0,0,0,0,61870,16155,10580,5663,2180,964,0,0,0,0,0,0,1093.010,110.187,10979.839,2294.531,0,0,0,440,260,502,1186,441,251,1169,337,833,370,30,456,593,381,482,471,54,230,0,0,0,0,0,0,0,0,0,0,0,0,1689,0,0,0,0,0,0,0,1237,0,0,0,0,0,0,0,0,0,0,0,0,0,0,0,0,0,0,0,0,0,0,0,1.0000,1.0000,25,25,25,0.4396,0.3584,35,1,0
10291,343.0,5315,47,48,3166,2148,1,0,3574,359.66,0.940,0.714,0.381,0.069,0.536,-0.965,3.386,0.2374,1.8082,0.289,0.000,0.000,0.110,0.070,188,58,95,0,265,0,148816.83,47846.417,29081.472,129.308,27917.587,76.676,42057.073,23582.549,6066.971,14700.906,11760.725,3700.693,46.824,1723.584,0.000283,-0.065504,7381,0,13,82,93,13,12092,326,80,129.281,0,0,0,0,0,0,0,0,0,0,0,0,0,0,65461,1207,7055,58951.183,29080.749,27915.908,0.024,129.281,31058.850,21359.458,601.339,209,272,56,13,203,75707,0,0,0,0.000,0.000,0.000,0.000,0.000,0.000,0.000,0.000,0,0,0,0,0,0,0,0,0,0.000,0.000,0.000,0.000,0.000,0.000,0.000,0.000,0,0,0,0,0,0,0,0,0,0.000,0.000,0.000,0.000,0.000,0.000,0.000,0.000,0,0,0,0,0,0,0,0,0,0.000,0.000,0.000,0.000,0.000,0.000,0.000,0.000,0,0,0,0,0,0,15,0,0,0.000,0.000,0.000,0.000,0.000,4.678,0.577,0.000,0,0,0,0,0,0,0,0,1,0,0,0,0,0,0,0,0,0,85757,32425,9166,9732,2307,905,0,0,0,0,0,0,59930,15329,10400,5546,2052,1012,0,0,0,0,0,0,1083.600,106.973,10481.362,2245.225,0,0,0,445,245,518,1226,462,250,1137,343,853,371,33,429,572,361,496,453,59,207,0,0,0,0,0,0,0,1,0,0,0,0,1686,0,0,0,0,0,0,0,1215,0,0,0,0,0,0,0,0,0,0,0,0,0,0,0,0,0,0,0,0,0,0,0,1.0000,1.0000,25,25,25,0.4424,0.3476,35,1,0
10321,344.0,5230,50,48,3139,2090,1,0,3453,468.89,0.935,0.712,0.383,0.068,0.540,-0.964,3.389,0.2377,1.7891,0.293,0.001,0.001,0.110,0.070,166,52,99,1,240,0,145322.59,46003.584,27903.280,132.944,27128.725,72.652,41230.867,22578.205,5886.584,13494.164,10795.331,3621.824,49.005,1468.722,0.000325,-0.069165,7169,0,14,85,92,14,11983,243,78,132.863,0,0,0,0,0,0,0,0,0,0,0,0,0,0,63741,1159,6926,56954.766,27901.232,27127.442,0.035,132.863,30320.983,20387.904,586.047,185,243,51,14,178,69646,0,0,0,0.000,0.000,0.000,0.000,0.000,0.000,0.000,0.000,0,0,0,0,0,0,0,0,0,0.000,0.000,0.000,0.000,0.000,0.000,0.000,0.000,0,0,0,0,0,0,0,0,0,0.000,0.000,0.000,0.000,0.000,0.000,0.000,0.000,0,0,0,0,0,0,0,0,0,0.000,0.000,0.000,0.000,0.000,0.000,0.000,0.000,0,0,0,0,0,0,30,0,0,0.000,0.000,0.000,0.000,0.000,9.356,1.137,0.000,0,0,0,0,0,0,0,0,0,0,0,0,0,0,0,0,0,0,85070,31688,9528,9455,2239,828,0,0,0,0,0,0,58383,14610,9785,5388,2028,992,0,0,0,0,0,0,1070.327,110.346,9766.745,2060.529,0,0,0,391,249,545,1182,395,247,1113,351,844,368,39,424,525,364,491,441,56,213,0,0,0,0,0,0,0,1,0,0,0,0,1675,0,0,0,0,0,0,0,1201,0,0,0,0,0,0,0,0,0,0,0,0,0,0,0,0,0,0,0,0,0,0,0,1.0000,1.0000,25,25,25,0.4218,0.3511,34,0,0
10351,345.0,5127,49,52,3110,2017,0,0,3371,409.78,0.927,0.706,0.382,0.067,0.545,-0.965,3.398,0.2392,1.7802,0.291,0.000,0.001,0.110,0.069,187,54,94,2,235,0,139024.42,43746.190,25343.515,92.715,25940.132,76.829,40280.008,21882.059,5661.828,12734.227,10187.382,3372.451,36.678,1700.720,0.000247,-0.070205,7105,0,26,68,94,26,11775,329,68,92.651,0,0,0,0,0,0,0,0,0,0,0,0,0,0,61852,1055,6776,53129.304,25342.965,25938.353,0.064,92.651,29479.844,19723.547,600.513,180,253,52,26,175,69993,0,0,0,0.000,0.000,0.000,0.000,0.000,0.000,0.000,0.000,0,0,0,0,0,0,0,0,0,0.000,0.000,0.000,0.000,0.000,0.000,0.000,0.000,0,0,0,0,0,0,0,0,0,0.000,0.000,0.000,0.000,0.000,0.000,0.000,0.000,0,0,0,0,0,0,0,0,0,0.000,0.000,0.000,0.000,0.000,0.000,0.000,0.000,0,0,0,0,0,0,17,0,0,0.000,0.000,0.000,0.000,0.000,5.302,1.265,0.000,0,1,1,0,0,62,0,0,0,0,0,0,0,0,0,0,0,0,84328,30704,9586,9299,2220,834,0,0,0,0,0,0,56744,13773,9770,5125,1853,1092,0,0,0,0,0,0,1034.687,110.019,9309.220,2051.615,0,0,0,377,220,480,1078,377,214,1091,342,874,343,47,413,503,357,489,413,57,198,0,0,0,0,0,0,0,0,0,0,0,0,1677,0,0,0,0,0,0,0,1157,0,0,0,0,0,0,0,0,0,0,0,0,0,0,0,0,0,0,0,0,0,0,0,1.0000,1.0000,29,29,29,0.4306,0.3437,39,0,0
10381,346.0,4980,44,52,3057,1923,0,0,3144,422.77,0.916,0.700,0.381,0.065,0.552,-0.965,3.408,0.2377,1.7792,0.295,0.001,0.002,0.110,0.067,192,66,100,1,251,0,131968.48,42101.030,23318.677,111.471,23789.985,80.746,38943.165,20864.902,5364.262,12190.948,9752.758,3498.924,105.452,1372.215,0.000223,-0.070014,6451,0,21,79,98,21,11290,248,77,111.405,0,0,0,0,0,0,0,0,0,0,0,0,0,0,59232,972,6203,48811.665,23318.252,23789.098,0.056,111.405,28294.870,18767.371,561.457,175,269,63,21,185,75125,0,0,0,0.000,0.000,0.000,0.000,0.000,0.000,0.000,0.000,0,0,0,0,0,0,0,0,0,0.000,0.000,0.000,0.000,0.000,0.000,0.000,0.000,0,0,0,0,0,0,0,0,0,0.000,0.000,0.000,0.000,0.000,0.000,0.000,0.000,0,0,0,0,0,0,0,0,0,0.000,0.000,0.000,0.000,0.000,0.000,0.000,0.000,0,0,0,0,0,0,0,0,0,0.000,0.000,0.000,0.000,0.000,0.000,0.000,0.000,0,0,0,0,0,0,0,0,0,0,0,0,0,0,0,0,0,0,83081,29593,9711,9159,2190,779,0,0,0,0,0,0,54215,13445,9346,5017,1798,1101,0,0,0,0,0,0,1007.907,110.914,9015.131,1971.184,0,0,0,346,222,413,986,349,220,1034,354,864,339,52,414,512,342,446,402,46,175,0,0,0,0,0,0,0,0,0,0,0,0,1669,0,0,0,0,0,0,0,1069,0,0,0,0,0,0,0,0,0,0,0,0,0,0,0,0,0,0,0,0,0,0,0,1.0000,1.0000,29,29,29,0.4265,0.3434,40,0,0
10411,347.0,4801,43,52,3009,1792,0,0,2975,408.02,0.900,0.689,0.380,0.065,0.563,-0.965,3.409,0.2379,1.7476,0.299,0.001,0.001,0.111,0.066,189,72,124,0,226,0,125086.77,40359.412,22054.569,148.226,22237.183,75.706,37188.824,19567.349,5001.653,10711.901,8569.521,3999.324,60.391,1484.010,0.000177,-0.070295,6340,0,33,91,121,32,11207,245,89,143.209,0,0,0,0,0,0,0,0,0,0,0,0,0,0,55802,916,6095,45833.791,22054.214,22235.740,0.084,143.209,26658.669,17537.167,538.815,146,277,70,33,174,81037,0,0,0,0.000,0.000,0.000,0.000,0.000,0.000,0.000,0.000,0,0,0,0,0,0,0,0,0,0.000,0.000,0.000,0.000,0.000,0.000,0.000,0.000,0,0,0,0,0,0,0,0,0,0.000,0.000,0.000,0.000,0.000,0.000,0.000,0.000,0,0,0,0,0,0,0,0,0,0.000,0.000,0.000,0.000,0.000,0.000,0.000,0.000,0,0,0,0,0,0,0,0,0,0.000,0.000,0.000,0.000,0.000,0.000,0.000,0.000,0,0,0,0,0,0,0,0,0,0,0,0,0,0,0,0,0,0,81971,28375,9739,9115,2143,587,0,0,0,0,0,0,50951,12778,9183,4851,1819,1165,0,0,0,0,0,0,966.853,108.632,8485.864,2014.273,0,0,0,331,198,401,931,334,193,991,345,850,355,44,424,475,324,411,369,40,173,0,0,0,0,0,0,0,0,0,0,0,0,1673,0,0,0,0,0,0,0,993,0,0,0,0,0,0,0,0,0,0,0,0,0,0,0,0,0,0,0,0,0,0,0,1.0000,1.0000,28,28,28,0.4291,0.3390,37,1,0
10441,348.0,4588,53,52,2920,1668,0,0,2776,444.43,0.887,0.681,0.382,0.064,0.571,-0.965,3.418,0.2371,1.7421,0.300,0.002,0.002,0.110,0.065,190,66,94,0,250,0,117927.58,37512.028,18964.731,108.472,21129.856,87.313,35166.240,18139.553,4644.946,8995.573,7196.458,2703.441,22.696,1268.423,0.000216,-0.071151,5890,0,12,82,93,12,10352,219,81,108.417,0,0,0,0,0,0,0,0,0,0,0,0,0,0,51934,787,5671,41517.282,18964.624,21128.937,0.036,108.417,24850.424,16219.780,463.995,133,257,63,12,182,75732,0,0,0,0.000,0.000,0.000,0.000,0.000,0.000,0.000,0.000,0,0,0,0,0,0,0,0,0,0.000,0.000,0.000,0.000,0.000,0.000,0.000,0.000,0,0,0,0,0,0,0,0,0,0.000,0.000,0.000,0.000,0.000,0.000,0.000,0.000,0,0,0,0,0,0,0,0,0,0.000,0.000,0.000,0.000,0.000,0.000,0.000,0.000,0,0,0,0,0,0,0,0,0,0.000,0.000,0.000,0.000,0.000,0.000,0.000,0.000,0,0,0,0,0,0,0,0,0,0,0,0,0,0,0,0,0,0,80212,27259,9591,8868,1945,600,0,0,0,0,0,0,47195,11670,8424,4739,1990,1012,0,0,0,0,0,0,934.096,105.985,7708.643,1806.019,0,0,0,266,178,369,803,259,174,956,348,815,350,37,414,433,297,402,337,41,158,0,0,0,0,0,0,0,0,0,0,0,0,1616,0,0,0,0,0,0,0,938,0,0,0,0,0,0,0,0,0,0,0,0,0,0,0,0,0,0,0,0,0,0,0,1.0000,1.0000,28,28,28,0.4234,0.3630,37,0,0
10471,349.0,4445,46,52,2879,1566,0,0,2697,468.48,0.871,0.672,0.380,0.064,0.581,-0.965,3.425,0.2360,1.7580,0.303,0.001,0.001,0.110,0.065,200,84,54,2,192,0,113149.90,35689.252,18675.074,71.532,18632.590,81.041,33391.069,17013.417,4406.357,8250.348,6600.279,1602.072,2.804,1147.750,0.000317,-0.073568,5191,0,2,52,53,2,9783,212,51,71.516,0,0,0,0,0,0,0,0,0,0,0,0,0,0,48640,776,4979,38648.188,18674.872,18631.564,0.005,71.516,23333.903,15208.301,395.100,113,215,76,2,137,63364,0,0,0,0.000,0.000,0.000,0.000,0.000,0.000,0.000,0.000,0,0,0,0,0,0,0,0,0,0.000,0.000,0.000,0.000,0.000,0.000,0.000,0.000,0,0,0,0,0,0,0,0,0,0.000,0.000,0.000,0.000,0.000,0.000,0.000,0.000,0,0,0,0,0,0,0,0,0,0.000,0.000,0.000,0.000,0.000,0.000,0.000,0.000,0,0,0,0,0,0,0,0,0,0.000,0.000,0.000,0.000,0.000,0.000,0.000,0.000,0,0,0,0,0,0,0,0,0,0,0,0,0,0,0,0,0,0,78035,26515,9699,8706,1795,745,0,0,0,0,0,0,43991,10825,7518,4649,1837,926,0,0,0,0,0,0,906.954,108.479,7276.330,1592.695,0,0,0,263,176,343,789,276,173,934,352,818,335,32,408,417,266,403,314,34,132,0,0,0,0,0,0,0,0,0,0,0,0,1593,0,0,0,0,0,0,0,883,0,0,0,0,0,0,0,0,0,0,0,0,0,0,0,0,0,0,0,0,0,0,0,1.0000,1.0000,26,26,26,0.4273,0.3359,35,0,0
10501,350.0,4264,50,52,2825,1439,0,0,2555,465.52,0.851,0.659,0.377,0.064,0.593,-0.965,3.432,0.2345,1.7375,0.307,0.001,0.001,0.110,0.065,193,77,77,1,202,0,106919.07,34047.846,16134.813,108.425,17805.608,89.646,31573.873,15613.850,4191.906,7498.629,5998.904,2388.572,14.089,1239.897,0.000189,-0.073831,5031,0,7,70,75,7,9386,274,68,108.392,0,0,0,0,0,0,0,0,0,0,0,0,0,0,45148,668,4757,35127.159,16132.928,17803.814,0.026,108.392,21656.119,13907.665,336.138,96,223,72,7,144,70250,0,0,0,0.000,0.000,0.000,0.000,0.000,0.000,0.000,0.000,0,0,0,0,0,0,0,0,0,0.000,0.000,0.000,0.000,0.000,0.000,0.000,0.000,0,0,0,0,0,0,0,0,0,0.000,0.000,0.000,0.000,0.000,0.000,0.000,0.000,0,0,0,0,0,0,0,0,0,0.000,0.000,0.000,0.000,0.000,0.000,0.000,0.000,0,0,0,0,0,0,0,0,0,0.000,0.000,0.000,0.000,0.000,0.000,0.000,0.000,0,0,0,0,0,0,0,0,0,0,0,0,0,0,0,0,0,0,77030,26141,9574,8549,1544,924,0,0,0,0,0,0,40734,10279,6967,4414,1602,868,0,0,0,0,0,0,871.494,108.503,6694.656,1481.053,0,0,0,239,150,302,687,236,153,919,350,796,327,36,397,377,240,348,306,33,135,0,0,0,0,0,0,0,0,0,0,0,0,1556,0,0,0,0,0,0,0,822,0,0,0,0,0,0,0,0,0,0,0,0,0,0,0,0,0,0,0,0,0,0,0,1.0000,1.0000,24,24,24,0.4130,0.3544,36,0,0
10531,351.0,4123,41,52,2793,1329,1,0,2412,544.46,0.831,0.647,0.375,0.064,0.606,-0.964,3.430,0.2374,1.7747,0.310,0.000,0.002,0.110,0.065,202,83,55,0,175,0,102527.95,31753.666,16026.608,77.690,16013.062,91.545,29773.395,14445.127,3959.355,7309.939,5847.951,1597.356,5.801,1006.054,0.000294,-0.075172,4343,0,6,49,54,6,9350,147,48,77.677,0,0,0,0,0,0,0,0,0,0,0,0,0,0,41638,663,4196,33174.133,16025.977,16012.280,0.013,77.677,20017.774,12820.625,290.645,95,205,72,6,127,64935,0,0,0,0.000,0.000,0.000,0.000,0.000,0.000,0.000,0.000,0,0,0,0,0,0,0,0,0,0.000,0.000,0.000,0.000,0.000,0.000,0.000,0.000,0,0,0,0,0,0,0,0,0,0.000,0.000,0.000,0.000,0.000,0.000,0.000,0.000,0,0,0,0,0,0,0,0,0,0.000,0.000,0.000,0.000,0.000,0.000,0.000,0.000,0,0,0,0,0,0,24,0,0,0.000,0.000,0.000,0.000,0.000,2.103,0.801,0.000,0,0,0,0,0,0,0,0,1,0,0,0,0,0,0,0,0,0,75744,25731,9647,8433,1526,998,0,0,0,0,0,0,37445,9469,6078,4217,1523,809,0,0,0,0,0,0,847.887,111.937,6158.608,1341.939,0,0,0,251,148,270,678,255,145,907,350,774,317,40,405,354,219,300,291,38,127,0,0,0,0,0,0,0,0,1,0,0,0,1536,0,0,0,0,0,0,0,756,0,0,0,0,0,0,0,0,0,0,0,0,0,0,0,1,0,0,0,0,0,0,0,1.0000,1.0000,24,24,24,0.4065,0.3568,34,0,0
10561,352.0,3985,59,52,2763,1221,1,0,2274,501.51,0.809,0.633,0.372,0.063,0.620,-0.964,3.436,0.2354,1.7484,0.309,0.001,0.002,0.110,0.066,190,66,31,0,191,0,96598.46,30249.799,13040.520,49.410,14471.342,88.044,28064.419,13426.724,3718.407,6326.171,5060.937,1677.462,2.250,1114.730,0.000152,-0.075104,4094,0,0,31,28,0,9224,241,28,49.378,0,0,0,0,0,0,0,0,0,0,0,0,0,0,38301,541,3853,28480.134,13039.703,14470.305,0.000,49.378,18425.951,11851.410,252.520,82,190,62,0,128,67733,0,0,0,0.000,0.000,0.000,0.000,0.000,0.000,0.000,0.000,0,0,0,0,0,0,0,0,0,0.000,0.000,0.000,0.000,0.000,0.000,0.000,0.000,0,0,0,0,0,0,0,0,0,0.000,0.000,0.000,0.000,0.000,0.000,0.000,0.000,0,0,0,0,0,0,0,0,0,0.000,0.000,0.000,0.000,0.000,0.000,0.000,0.000,0,0,0,0,0,0,30,0,0,0.000,0.000,0.000,0.000,0.000,2.631,1.150,0.000,0,0,0,0,0,0,0,0,0,0,0,0,0,0,0,0,0,0,74979,25344,9470,8426,1702,1007,0,0,0,0,0,0,34359,8516,5778,3972,1475,812,0,0,0,0,0,0,837.742,111.754,5658.284,1252.570,0,0,0,201,124,244,551,198,122,892,356,784,303,47,381,315,220,270,255,36,125,0,0,0,0,0,0,0,0,1,0,0,0,1515,0,0,0,0,0,0,0,686,0,0,0,0,0,0,0,0,0,0,0,0,0,0,0,1,0,0,0,0,0,0,0,1.0000,1.0000,24,24,24,0.3932,0.3574,33,0,0
10591,353.0,3839,53,52,2720,1118,1,0,2136,508.37,0.788,0.621,0.371,0.063,0.634,-0.964,3.437,0.2365,1.6983,0.316,0.001,0.001,0.111,0.065,200,73,35,0,186,0,92206.59,28852.563,12715.014,52.196,13221.094,91.556,26345.495,12486.259,3474.740,6457.482,5165.986,1544.953,2.179,866.520,0.000156,-0.074687,3622,0,3,32,34,3,9038,169,31,52.194,0,0,0,0,0,0,0,0,0,0,0,0,0,0,35026,527,3453,26831.015,12714.772,13220.332,0.002,52.194,16843.674,10977.018,210.301,88,191,66,3,122,62557,0,0,0,0.000,0.000,0.000,0.000,0.000,0.000,0.000,0.000,0,0,0,0,0,0,0,0,0,0.000,0.000,0.000,0.000,0.000,0.000,0.000,0.000,0,0,0,0,0,0,0,0,0,0.000,0.000,0.000,0.000,0.000,0.000,0.000,0.000,0,0,0,0,0,0,0,0,0,0.000,0.000,0.000,0.000,0.000,0.000,0.000,0.000,0,0,0,0,0,0,30,0,0,0.000,0.000,0.000,0.000,0.000,2.636,1.083,0.000,0,0,0,0,0,0,0,0,0,0,0,0,0,0,0,0,0,0,73915,24659,9778,8243,1740,1041,0,0,0,0,0,0,31499,7851,5180,3557,1342,636,0,0,0,0,0,0,813.659,112.470,5306.896,1070.671,0,0,0,205,122,208,541,202,117,867,368,755,297,53,380,288,192,255,233,39,111,0,0,0,0,0,0,0,0,1,0,0,0,1485,0,0,0,0,0,0,0,638,0,0,0,0,0,0,0,0,0,0,0,0,0,0,0,1,0,0,0,0,0,0,0,1.0000,1.0000,26,26,26,0.3763,0.3333,34,0,0
10621,354.0,3718,39,52,2695,1022,1,0,2043,455.08,0.765,0.606,0.370,0.062,0.648,-0.965,3.435,0.2371,1.6938,0.318,0.002,0.001,0.111,0.065,229,67,36,0,144,0,87708.62,27511.834,10875.911,55.250,12146.098,99.377,24820.952,11305.087,3279.868,5082.802,4066.242,1682.449,2.606,833.441,0.000159,-0.073358,3410,0,1,35,34,1,8867,216,33,55.232,0,0,0,0,0,0,0,0,0,0,0,0,0,0,32054,449,3194,23786.640,10875.792,12145.579,0.000,55.232,15430.446,9831.081,201.045,59,155,63,1,91,48395,0,0,0,0.000,0.000,0.000,0.000,0.000,0.000,0.000,0.000,0,0,0,0,0,0,0,0,0,0.000,0.000,0.000,0.000,0.000,0.000,0.000,0.000,0,0,0,0,0,0,0,0,0,0.000,0.000,0.000,0.000,0.000,0.000,0.000,0.000,0,0,0,0,0,0,0,0,0,0.000,0.000,0.000,0.000,0.000,0.000,0.000,0.000,0,0,0,0,0,0,30,0,0,0.000,0.000,0.000,0.000,0.000,2.639,1.084,0.000,0,0,0,0,0,0,0,0,0,0,0,0,0,0,0,0,0,0,72869,24177,9878,8256,1767,1016,0,0,0,0,0,0,28576,7071,4926,3508,1250,810,0,0,0,0,0,0,796.697,114.004,4714.764,1041.414,0,0,0,150,92,200,456,153,97,857,361,759,298,54,366,263,182,225,214,32,106,0,0,0,0,0,0,0,0,1,0,0,0,1477,0,0,0,0,0,0,0,577,0,0,0,0,0,0,0,0,0,0,0,0,0,0,0,1,0,0,0,0,0,0,0,1.0000,1.0000,24,24,24,0.3755,0.3357,32,0,0
10651,355.0,3609,72,53,2671,938,0,0,1901,595.99,0.744,0.594,0.368,0.063,0.661,-0.967,3.436,0.2384,1.7374,0.324,0.002,0.002,0.111,0.065,255,64,27,2,129,0,84843.15,26850.936,9798.317,46.673,11238.209,108.981,23396.236,10240.015,3101.039,4420.882,3536.705,1078.806,23.524,837.602,0.000169,-0.073218,3107,0,1,26,26,1,8763,178,25,46.662,0,0,0,0,0,0,0,0,0,0,0,0,0,0,29262,405,2929,21748.383,9797.718,11237.368,0.007,46.662,14091.260,8810.728,165.707,48,132,58,1,73,53063,0,0,0,0.000,0.000,0.000,0.000,0.000,0.000,0.000,0.000,0,0,0,0,0,0,0,0,0,0.000,0.000,0.000,0.000,0.000,0.000,0.000,0.000,0,0,0,0,0,0,0,0,0,0.000,0.000,0.000,0.000,0.000,0.000,0.000,0.000,0,0,0,0,0,0,0,0,0,0.000,0.000,0.000,0.000,0.000,0.000,0.000,0.000,0,0,0,0,0,0,13,0,0,0.000,0.000,0.000,0.000,0.000,1.146,0.413,0.000,0,1,0,0,1,127,0,0,0,0,0,0,0,0,0,0,0,0,72100,23822,9853,8263,1736,955,0,0,0,0,0,0,25978,6422,4564,3297,1153,776,0,0,0,0,0,0,789.985,113.205,4217.046,983.524,0,0,0,173,90,191,421,163,79,838,372,729,300,52,380,245,165,214,213,15,86,0,0,0,0,0,0,0,0,0,0,0,0,1461,0,0,0,0,0,0,0,528,0,0,0,0,0,0,0,0,0,0,0,0,0,0,0,0,0,0,0,0,0,0,0,1.0000,1.0000,26,26,26,0.3816,0.3501,33,0,0
10681,356.0,3515,69,53,2646,869,0,0,1812,506.95,0.727,0.583,0.365,0.062,0.672,-0.966,3.443,0.2405,1.7142,0.325,0.002,0.001,0.111,0.065,273,62,24,1,129,0,82044.59,25541.286,9276.578,42.589,11017.463,107.143,22350.564,9591.065,2911.376,5245.832,4196.665,927.648,37.904,791.290,0.000204,-0.074444,2924,0,0,24,24,0,8416,176,24,42.589,0,0,0,0,0,0,0,0,0,0,0,0,0,0,27232,384,2748,20965.154,9276.244,11016.819,0.000,42.589,13124.332,8200.901,147.573,69,138,58,0,80,43388,0,0,0,0.000,0.000,0.000,0.000,0.000,0.000,0.000,0.000,0,0,0,0,0,0,0,0,0,0.000,0.000,0.000,0.000,0.000,0.000,0.000,0.000,0,0,0,0,0,0,0,0,0,0.000,0.000,0.000,0.000,0.000,0.000,0.000,0.000,0,0,0,0,0,0,0,0,0,0.000,0.000,0.000,0.000,0.000,0.000,0.000,0.000,0,0,0,0,0,0,0,0,0,0.000,0.000,0.000,0.000,0.000,0.000,0.000,0.000,0,0,0,0,0,0,0,0,0,0,0,0,0,0,0,0,0,0,71609,23275,10177,8074,1691,822,0,0,0,0,0,0,24324,6318,3851,2908,1025,541,0,0,0,0,0,0,765.511,114.870,4076.665,786.962,0,0,0,141,98,155,397,144,96,829,369,730,294,47,377,239,135,211,187,23,74,0,0,0,0,0,0,0,0,0,0,0,0,1448,0,0,0,0,0,0,0,495,0,0,0,0,0,0,0,0,0,0,0,0,0,0,0,0,0,0,0,0,0,0,0,1.0000,1.0000,26,26,26,0.3872,0.3458,32,0,0
10711,357.0,3414,71,53,2614,800,0,0,1697,573.34,0.710,0.572,0.364,0.063,0.683,-0.967,3.446,0.2395,1.6905,0.320,0.001,0.001,0.111,0.064,291,67,27,2,119,0,80889.48,24753.531,9506.535,41.097,9771.817,122.366,21235.060,8791.631,2752.722,4660.037,3728.030,1062.008,17.008,665.828,0.000182,-0.074789,2647,0,2,25,24,2,7953,140,22,41.064,0,0,0,0,0,0,0,0,0,0,0,0,0,0,25062,393,2507,19909.748,9506.148,9770.196,0.001,41.064,12108.284,7433.417,129.230,56,125,53,2,70,41956,0,0,0,0.000,0.000,0.000,0.000,0.000,0.000,0.000,0.000,0,0,0,0,0,0,0,0,0,0.000,0.000,0.000,0.000,0.000,0.000,0.000,0.000,0,0,0,0,0,0,0,0,0,0.000,0.000,0.000,0.000,0.000,0.000,0.000,0.000,0,0,0,0,0,0,0,0,0,0.000,0.000,0.000,0.000,0.000,0.000,0.000,0.000,0,0,0,0,0,0,0,0,0,0.000,0.000,0.000,0.000,0.000,0.000,0.000,0.000,0,0,0,0,0,0,0,0,0,0,0,0,0,0,0,0,0,0,70684,23065,10166,8047,1795,725,0,0,0,0,0,0,22324,5896,3422,2738,904,516,0,0,0,0,0,0,760.992,114.342,3613.676,711.612,0,0,0,149,81,172,400,145,80,835,355,710,306,46,362,214,115,185,191,25,70,0,0,0,0,0,0,0,0,0,0,0,0,1424,0,0,0,0,0,0,0,471,0,0,0,0,0,0,0,0,0,0,0,0,0,0,0,0,0,0,0,0,0,0,0,1.0000,1.0000,26,26,26,0.3978,0.3535,32,0,0
10741,358.0,3361,55,53,2603,758,0,0,1673,552.00,0.698,0.564,0.364,0.063,0.691,-0.969,3.444,0.2367,1.6825,0.326,0.001,0.001,0.111,0.064,273,54,32,0,90,0,79907.02,24096.299,8861.722,62.771,9321.039,113.992,20436.735,8264.516,2642.440,4950.876,3960.701,910.364,0.552,758.477,0.000205,-0.072769,2468,0,0,32,32,0,7939,171,32,62.771,0,0,0,0,0,0,0,0,0,0,0,0,0,0,23455,367,2297,18781.869,8861.332,9320.047,0.000,62.771,11355.458,6938.618,116.945,58,100,48,0,52,36772,0,0,0,0.000,0.000,0.000,0.000,0.000,0.000,0.000,0.000,0,0,0,0,0,0,0,0,0,0.000,0.000,0.000,0.000,0.000,0.000,0.000,0.000,0,0,0,0,0,0,0,0,0,0.000,0.000,0.000,0.000,0.000,0.000,0.000,0.000,0,0,0,0,0,0,0,0,0,0.000,0.000,0.000,0.000,0.000,0.000,0.000,0.000,0,0,0,0,0,0,0,0,0,0.000,0.000,0.000,0.000,0.000,0.000,0.000,0.000,0,0,0,0,0,0,0,0,0,0,0,0,0,0,0,0,0,0,70075,22897,9876,8130,1932,685,0,0,0,0,0,0,20788,5418,3453,2667,949,525,0,0,0,0,0,0,749.794,111.034,3394.344,714.056,0,0,0,127,80,151,374,130,85,823,351,700,307,50,372,202,131,159,171,28,67,0,0,0,0,0,0,0,0,0,0,0,0,1429,0,0,0,0,0,0,0,425,0,0,0,0,0,0,0,0,0,0,0,0,0,0,0,0,0,0,0,0,0,0,0,1.0000,1.0000,23,23,23,0.3929,0.3417,33,0,0
10771,359.0,3285,85,53,2575,710,0,0,1583,583.94,0.685,0.556,0.362,0.063,0.700,-0.969,3.449,0.2374,1.7226,0.320,0.001,0.003,0.111,0.063,280,51,33,1,106,0,78027.91,23476.752,7862.079,52.974,9137.246,115.202,19713.294,7832.737,2548.838,4455.418,3564.334,1457.721,11.488,815.760,0.000187,-0.071639,2479,0,1,32,30,1,8118,210,29,52.929,0,0,0,0,0,0,0,0,0,0,0,0,0,0,22010,327,2269,17535.898,7860.689,9136.158,0.000,52.929,10663.534,6513.730,124.972,47,95,40,1,54,35538,0,0,0,0.000,0.000,0.000,0.000,0.000,0.000,0.000,0.000,0,0,0,0,0,0,0,0,0,0.000,0.000,0.000,0.000,0.000,0.000,0.000,0.000,0,0,0,0,0,0,0,0,0,0.000,0.000,0.000,0.000,0.000,0.000,0.000,0.000,0,0,0,0,0,0,0,0,0,0.000,0.000,0.000,0.000,0.000,0.000,0.000,0.000,0,0,0,0,0,0,0,0,0,0.000,0.000,0.000,0.000,0.000,0.000,0.000,0.000,0,0,0,0,0,0,0,0,0,0,0,0,0,0,0,0,0,0,69700,22471,9601,7999,1938,753,0,0,0,0,0,0,19519,4947,3128,2491,840,640,0,0,0,0,0,0,739.179,106.809,3129.312,659.226,0,0,0,130,81,161,342,108,79,802,334,696,316,47,380,189,122,156,153,30,60,0,0,0,0,0,0,0,0,0,0,0,0,1439,0,0,0,0,0,0,0,399,0,0,0,0,0,0,0,0,0,0,0,0,0,0,0,0,0,0,0,0,0,0,0,1.0000,1.0000,23,23,23,0.3815,0.3535,32,0,0
10801,360.0,3245,82,50,2561,684,0,0,1511,592.07,0.676,0.551,0.359,0.062,0.705,-0.970,3.455,0.2371,1.6774,0.319,0.001,0.001,0.111,0.063,284,43,29,3,96,0,77700.23,23001.353,8256.162,40.561,8243.008,117.213,19087.763,7347.107,2406.875,5275.830,4220.664,996.553,13.232,719.059,0.000168,-0.071244,2133,0,1,28,28,1,8068,198,27,40.539,0,0,0,0,0,0,0,0,0,0,0,0,0,0,20929,344,1935,16999.341,8255.821,8242.245,0.000,40.539,10118.415,6055.780,109.662,62,88,38,1,49,31691,0,0,0,0.000,0.000,0.000,0.000,0.000,0.000,0.000,0.000,0,0,0,0,0,0,0,0,0,0.000,0.000,0.000,0.000,0.000,0.000,0.000,0.000,0,0,0,0,0,0,0,0,0,0.000,0.000,0.000,0.000,0.000,0.000,0.000,0.000,0,0,0,0,0,0,0,0,0,0.000,0.000,0.000,0.000,0.000,0.000,0.000,0.000,0,0,0,0,0,0,0,0,0,0.000,0.000,0.000,0.000,0.000,0.000,0.000,0.000,0,0,0,0,0,0,0,0,0,0,0,0,0,0,0,0,0,0,68948,22508,8917,7990,1938,789,0,0,0,0,0,0,18666,4661,2950,2263,740,609,0,0,0,0,0,0,734.406,98.443,2806.694,644.029,0,0,0,125,97,126,351,138,92,818,319,687,325,43,369,174,122,154,165,21,48,0,0,0,0,0,0,0,0,0,0,0,0,1424,0,0,0,0,0,0,0,388,0,0,0,0,0,0,0,0,0,0,0,0,0,0,0,0,0,0,0,0,0,0,0,1.0000,1.0000,22,22,22,0.3929,0.3252,32,0,0
10831,361.0,3226,78,50,2554,672,0,0,1483,632.10,0.672,0.549,0.358,0.062,0.707,-0.970,3.454,0.2390,1.7167,0.322,0.001,0.001,0.111,0.064,274,38,40,2,73,0,77508.80,23028.986,8138.008,78.058,8170.702,120.455,18854.050,7221.237,2349.353,5275.705,4220.564,1243.919,5.317,707.463,0.000176,-0.070464,2179,0,0,40,40,0,7809,203,40,78.058,0,0,0,0,0,0,0,0,0,0,0,0,0,0,20521,337,1976,16805.974,8137.073,8170.146,0.000,78.058,9900.898,5914.673,128.556,58,70,31,0,39,28991,0,0,0,0.000,0.000,0.000,0.000,0.000,0.000,0.000,0.000,0,0,0,0,0,0,0,0,0,0.000,0.000,0.000,0.000,0.000,0.000,0.000,0.000,0,0,0,0,0,0,0,0,0,0.000,0.000,0.000,0.000,0.000,0.000,0.000,0.000,0,0,0,0,0,0,0,0,0,0.000,0.000,0.000,0.000,0.000,0.000,0.000,0.000,0,0,0,0,0,0,0,0,0,0.000,0.000,0.000,0.000,0.000,0.000,0.000,0.000,0,0,0,0,0,0,0,0,0,0,0,0,0,0,0,0,0,0,68784,22506,8724,7915,1965,826,0,0,0,0,0,0,18216,4580,2751,2305,803,579,0,0,0,0,0,0,737.218,100.112,2790.249,600.034,0,0,0,120,66,162,352,126,66,811,328,680,313,41,381,178,108,148,163,17,58,0,0,0,0,0,0,0,0,0,0,0,0,1415,0,0,0,0,0,0,0,386,0,0,0,0,0,0,0,0,0,0,0,0,0,0,0,0,0,0,0,0,0,0,0,1.0000,1.0000,22,22,22,0.3907,0.3390,32,0,0
10861,362.0,3193,79,50,2546,647,0,0,1462,621.38,0.665,0.545,0.357,0.062,0.713,-0.970,3.458,0.2370,1.7034,0.322,0.001,0.000,0.111,0.064,286,49,32,0,84,0,77990.30,23353.768,7805.901,58.498,8095.228,122.119,18461.642,7057.647,2298.180,5105.487,4084.389,1294.627,0.000,603.466,0.000217,-0.068876,2034,0,0,32,31,0,7438,176,31,58.498,0,0,0,0,0,0,0,0,0,0,0,0,0,0,19736,324,1858,16398.167,7805.608,8094.711,0.000,58.498,9524.332,5769.945,119.418,54,79,42,0,37,28661,0,0,0,0.000,0.000,0.000,0.000,0.000,0.000,0.000,0.000,0,0,0,0,0,0,0,0,0,0.000,0.000,0.000,0.000,0.000,0.000,0.000,0.000,0,0,0,0,0,0,0,0,0,0.000,0.000,0.000,0.000,0.000,0.000,0.000,0.000,0,0,0,0,0,0,0,0,0,0.000,0.000,0.000,0.000,0.000,0.000,0.000,0.000,0,0,0,0,0,0,0,0,0,0.000,0.000,0.000,0.000,0.000,0.000,0.000,0.000,0,0,0,0,0,0,0,0,0,0,0,0,0,0,0,0,0,0,68478,22257,8653,7858,1960,900,0,0,0,0,0,0,17451,4404,2608,2285,802,643,0,0,0,0,0,0,729.633,101.735,2738.447,585.427,0,0,0,131,72,131,333,116,78,809,307,697,319,40,374,169,119,141,147,11,60,0,0,0,0,0,0,0,0,0,0,0,0,1430,0,0,0,0,0,0,0,359,0,0,0,0,0,0,0,0,0,0,0,0,0,0,0,0,0,0,0,0,0,0,0,1.0000,1.0000,22,22,22,0.4081,0.3440,33,0,0
10891,363.0,3178,85,50,2554,623,1,0,1450,595.60,0.655,0.540,0.358,0.061,0.719,-0.968,3.458,0.2383,1.7209,0.322,0.001,0.003,0.112,0.063,259,36,33,0,70,0,79050.48,23676.844,7480.997,60.449,7882.378,110.595,18154.232,6870.754,2275.465,4657.179,3725.743,1241.977,4.082,680.180,0.000195,-0.067519,2030,0,1,32,33,1,7438,198,32,60.449,0,0,0,0,0,0,0,0,0,0,0,0,0,0,19034,309,1832,15844.803,7480.913,7881.586,0.000,60.449,9176.174,5586.795,105.453,46,70,32,1,37,26543,0,0,0,0.000,0.000,0.000,0.000,0.000,0.000,0.000,0.000,0,0,0,0,0,0,0,0,0,0.000,0.000,0.000,0.000,0.000,0.000,0.000,0.000,0,0,0,0,0,0,0,0,0,0.000,0.000,0.000,0.000,0.000,0.000,0.000,0.000,0,0,0,0,0,0,0,0,0,0.000,0.000,0.000,0.000,0.000,0.000,0.000,0.000,0,0,0,0,0,0,29,0,0,0.000,0.000,0.000,0.000,0.000,9.412,3.076,0.000,0,0,0,0,0,0,0,0,1,0,0,0,0,0,0,0,0,0,68549,22430,8284,7883,1788,842,0,0,0,0,0,0,16769,4154,2953,2275,850,531,19,19,0,0,0,0,727.388,99.514,2597.623,618.758,0,0,0,106,78,144,322,114,73,811,308,722,307,44,362,164,124,145,112,12,66,0,0,0,0,0,0,0,1,0,0,0,0,1435,0,0,0,0,0,0,0,335,0,0,0,0,0,0,0,0,0,0,0,0,0,0,0,0,0,0,0,0,0,0,0,1.0000,1.0000,23,23,23,0.4079,0.3424,32,0,0
10921,364.0,3189,116,50,2567,622,0,0,1444,603.98,0.654,0.539,0.357,0.061,0.720,-0.970,3.456,0.2378,1.7204,0.319,0.001,0.005,0.112,0.064,280,45,30,0,67,0,81738.96,24351.627,8365.956,49.903,8519.490,120.520,18058.604,6865.154,2263.185,6217.953,4974.363,936.545,19.094,692.827,0.000181,-0.066430,2056,0,2,28,30,2,7630,137,28,49.902,0,0,0,0,0,0,0,0,0,0,0,0,0,0,18680,346,1919,17397.406,8365.723,8518.643,0.002,49.902,9011.996,5565.264,119.824,74,75,38,2,35,24195,0,0,0,0.000,0.000,0.000,0.000,0.000,0.000,0.000,0.000,0,0,0,0,0,0,0,0,0,0.000,0.000,0.000,0.000,0.000,0.000,0.000,0.000,0,0,0,0,0,0,0,0,0,0.000,0.000,0.000,0.000,0.000,0.000,0.000,0.000,0,0,0,0,0,0,0,0,0,0.000,0.000,0.000,0.000,0.000,0.000,0.000,0.000,0,0,0,0,0,0,23,0,0,0.000,0.000,0.000,0.000,0.000,7.453,1.113,0.000,0,1,1,0,0,52,0,0,0,0,0,0,0,0,0,0,0,0,69084,22557,8367,7813,1778,893,0,0,0,0,0,0,16357,4005,3391,2317,908,409,29,29,0,0,0,0,726.818,99.448,2532.848,714.340,0,0,0,149,83,159,360,130,80,808,308,729,307,48,367,167,115,144,105,23,68,0,0,0,0,0,0,0,0,0,0,0,0,1451,0,0,0,0,0,0,0,340,0,0,0,0,0,0,0,0,0,0,0,0,0,0,0,0,0,0,0,0,0,0,0,1.0000,1.0000,23,23,23,0.3890,0.3264,31,0,0
10951,365.0,3212,128,49,2572,640,0,0,1426,650.28,0.659,0.543,0.356,0.061,0.717,-0.970,3.463,0.2373,1.7522,0.317,0.002,0.005,0.112,0.063,272,31,43,0,76,0,85395.92,24922.045,10078.001,81.278,8370.032,120.484,18117.772,7272.585,2232.105,6981.575,5585.260,1575.994,47.287,782.303,0.000263,-0.068231,1981,0,4,39,42,4,7764,177,38,81.275,0,0,0,0,0,0,0,0,0,0,0,0,0,0,18887,418,1804,19013.524,10077.155,8369.438,0.003,81.275,9087.741,5981.804,117.355,83,65,24,4,37,20049,0,0,0,0.000,0.000,0.000,0.000,0.000,0.000,0.000,0.000,0,0,0,0,0,0,0,0,0,0.000,0.000,0.000,0.000,0.000,0.000,0.000,0.000,0,0,0,0,0,0,0,0,0,0.000,0.000,0.000,0.000,0.000,0.000,0.000,0.000,0,0,0,0,0,0,0,0,0,0.000,0.000,0.000,0.000,0.000,0.000,0.000,0.000,0,0,0,0,0,0,0,0,0,0.000,0.000,0.000,0.000,0.000,0.000,0.000,0.000,0,0,0,0,0,0,0,0,0,0,0,0,0,0,0,0,0,0,68873,22459,8251,7899,1714,1035,0,0,0,0,0,0,16529,4410,2713,2358,1097,150,0,0,0,0,0,0,728.212,99.026,3006.786,565.869,0,0,0,141,96,207,432,154,75,807,311,717,322,44,371,192,82,170,110,23,63,0,0,0,0,0,0,0,0,0,0,0,0,1454,0,0,0,0,0,0,0,366,0,0,0,0,0,0,0,0,0,0,0,0,0,0,0,0,0,0,0,0,0,0,0,1.0000,1.0000,25,25,25,0.4085,0.3607,32,0,0
10981,366.0,3333,116,49,2631,702,0,0,1441,618.58,0.672,0.552,0.356,0.059,0.709,-0.970,3.466,0.2378,1.7471,0.315,0.002,0.003,0.111,0.062,291,29,24,0,59,0,89793.76,26044.846,11556.892,50.511,10382.478,114.637,18869.875,7887.997,2229.195,9452.474,7561.979,1475.205,76.600,825.048,0.000207,-0.068300,2254,0,1,23,23,1,7887,203,22,50.500,0,0,0,0,0,0,0,0,0,0,0,0,0,0,20214,478,2051,22619.065,11556.363,10381.511,0.000,50.500,9715.472,6583.855,119.221,116,54,26,1,27,17967,0,0,0,0.000,0.000,0.000,0.000,0.000,0.000,0.000,0.000,0,0,0,0,0,0,0,0,0,0.000,0.000,0.000,0.000,0.000,0.000,0.000,0.000,0,0,0,0,0,0,0,0,0,0.000,0.000,0.000,0.000,0.000,0.000,0.000,0.000,0,0,0,0,0,0,0,0,0,0.000,0.000,0.000,0.000,0.000,0.000,0.000,0.000,0,0,0,0,0,0,0,0,0,0.000,0.000,0.000,0.000,0.000,0.000,0.000,0.000,0,0,0,0,0,0,0,0,0,0,0,0,0,0,0,0,0,0,69736,22599,8378,8162,1791,1070,0,0,0,0,0,0,17486,4848,2569,2728,1298,184,0,0,0,0,0,0,737.499,99.013,3449.839,523.584,0,0,0,174,96,215,497,182,102,820,324,732,337,44,374,213,106,171,117,23,72,0,0,0,0,0,0,0,0,0,0,0,0,1487,0,0,0,0,0,0,0,383,0,0,0,0,0,0,0,0,0,0,0,0,0,0,0,0,0,0,0,0,0,0,0,1.0000,1.0000,26,26,26,0.4003,0.3386,31,0,0
11011,367.0,3438,110,49,2684,753,1,0,1441,579.22,0.683,0.560,0.358,0.059,0.702,-0.968,3.465,0.2394,1.7752,0.308,0.000,0.003,0.111,0.063,271,28,53,0,50,0,93732.37,27316.508,11378.565,105.332,10797.227,119.243,19849.860,8284.471,2264.755,9255.021,7404.017,1553.119,24.068,1034.518,0.000182,-0.068092,2482,0,4,49,53,4,8091,273,49,105.328,0,0,0,0,0,0,0,0,0,0,0,0,0,0,21918,468,2209,22822.171,11378.106,10795.795,0.004,105.328,10489.711,6940.394,129.028,101,50,26,4,20,17109,0,0,0,0.000,0.000,0.000,0.000,0.000,0.000,0.000,0.000,0,0,0,0,0,0,0,0,0,0.000,0.000,0.000,0.000,0.000,0.000,0.000,0.000,0,0,0,0,0,0,0,0,0,0.000,0.000,0.000,0.000,0.000,0.000,0.000,0.000,0,0,0,0,0,0,0,0,0,0.000,0.000,0.000,0.000,0.000,0.000,0.000,0.000,0,0,0,0,0,0,0,0,0,0.000,0.000,0.000,0.000,0.000,0.000,0.000,0.000,0,0,0,0,0,0,0,0,1,0,0,0,0,0,0,0,0,0,71087,23073,8558,8481,1847,1214,0,0,0,0,0,0,18710,5025,2961,3208,1489,420,0,0,0,0,0,0,753.814,102.042,3526.191,650.779,0,0,0,170,101,211,488,176,95,840,329,736,357,28,394,227,117,172,143,24,70,0,0,0,0,0,0,0,0,1,0,0,0,1515,0,0,0,0,0,0,0,409,0,0,0,0,0,0,0,0,0,0,0,0,0,0,0,1,0,0,0,0,0,0,0,1.0000,1.0000,25,25,25,0.4028,0.3509,31,0,0
11041,368.0,3591,101,49,2765,825,1,0,1493,561.29,0.696,0.570,0.360,0.060,0.694,-0.968,3.460,0.2393,1.7917,0.305,0.000,0.002,0.111,0.063,270,38,33,0,47,0,98779.93,28931.919,12537.136,47.178,12154.766,115.396,20897.896,8823.941,2291.495,11016.731,8813.385,1188.147,55.452,1008.398,0.000143,-0.067136,2651,0,3,30,31,3,7788,192,28,47.165,0,0,0,0,0,0,0,0,0,0,0,0,0,0,23669,518,2459,25463.003,12536.916,12152.633,0.002,47.165,11322.990,7454.128,127.895,133,61,34,3,24,15526,0,0,0,0.000,0.000,0.000,0.000,0.000,0.000,0.000,0.000,0,0,0,0,0,0,0,0,0,0.000,0.000,0.000,0.000,0.000,0.000,0.000,0.000,0,0,0,0,0,0,0,0,0,0.000,0.000,0.000,0.000,0.000,0.000,0.000,0.000,0,0,0,0,0,0,0,0,0,0.000,0.000,0.000,0.000,0.000,0.000,0.000,0.000,0,0,0,0,0,0,30,0,0,0.000,0.000,0.000,0.000,0.000,2.381,1.099,0.000,0,0,0,0,0,0,0,0,0,0,0,0,0,0,0,0,0,0,72557,23219,8886,8868,2043,1331,0,0,0,0,0,0,20108,5380,3469,3591,1622,483,0,0,0,0,0,0,762.729,106.389,3776.087,758.983,0,0,0,179,130,220,538,186,125,859,341,744,385,29,407,230,167,166,162,26,74,0,0,0,0,0,0,0,0,1,0,0,0,1565,0,0,0,0,0,0,0,428,0,0,0,0,0,0,0,0,0,0,0,0,0,0,0,1,0,0,0,0,0,0,0,1.0000,1.0000,24,24,24,0.4151,0.3315,31,0,0
11071,369.0,3763,98,49,2866,896,1,0,1525,503.98,0.707,0.579,0.357,0.061,0.688,-0.968,3.459,0.2405,1.8041,0.295,0.001,0.002,0.111,0.062,255,39,35,1,65,0,104171.80,30890.974,13787.798,56.076,13120.814,108.270,22255.448,9560.484,2383.479,12350.812,9880.650,1390.999,48.167,1234.243,0.000228,-0.064382,3001,0,2,33,33,2,8078,266,31,56.055,0,0,0,0,0,0,0,0,0,0,0,0,0,0,25882,570,2735,27719.367,13787.412,13118.642,0.002,56.055,12361.370,8118.215,159.122,140,69,35,2,32,16546,0,0,0,0.000,0.000,0.000,0.000,0.000,0.000,0.000,0.000,0,0,0,0,0,0,0,0,0,0.000,0.000,0.000,0.000,0.000,0.000,0.000,0.000,0,0,0,0,0,0,0,0,0,0.000,0.000,0.000,0.000,0.000,0.000,0.000,0.000,0,0,0,0,0,0,0,0,0,0.000,0.000,0.000,0.000,0.000,0.000,0.000,0.000,0,0,0,0,0,0,30,0,0,0.000,0.000,0.000,0.000,0.000,2.379,1.000,0.000,0,0,0,0,0,0,0,0,0,0,0,0,0,0,0,0,0,0,74989,23851,9080,9329,2114,1380,0,0,0,0,0,0,21872,5720,4171,4040,1549,772,0,0,0,0,0,0,779.414,110.740,4078.760,958.455,0,0,0,203,137,251,594,194,143,877,357,776,391,29,436,257,156,199,198,21,65,0,0,0,0,0,0,0,0,1,0,0,0,1632,0,0,0,0,0,0,0,483,0,0,0,0,0,0,0,0,0,0,0,0,0,0,0,1,0,0,0,0,0,0,0,1.0000,1.0000,24,24,24,0.4148,0.3451,32,0,0
11101,370.0,3937,115,53,2949,987,1,0,1677,558.59,0.722,0.590,0.356,0.061,0.678,-0.968,3.454,0.2453,1.8087,0.291,0.001,0.002,0.110,0.062,291,41,36,0,57,0,109136.09,32469.693,14234.732,68.637,14148.972,107.195,23624.062,10469.684,2522.903,12479.940,9983.953,1428.379,40.161,1227.590,0.000256,-0.064024,3311,0,5,31,36,5,8267,281,31,68.625,0,0,0,0,0,0,0,0,0,0,0,0,0,0,28196,587,3030,29268.707,14234.447,14147.942,0.012,68.625,13437.779,8944.802,187.220,153,62,35,5,22,12765,0,0,0,0.000,0.000,0.000,0.000,0.000,0.000,0.000,0.000,0,0,0,0,0,0,0,0,0,0.000,0.000,0.000,0.000,0.000,0.000,0.000,0.000,0,0,0,0,0,0,0,0,0,0.000,0.000,0.000,0.000,0.000,0.000,0.000,0.000,0,0,0,0,0,0,0,0,0,0.000,0.000,0.000,0.000,0.000,0.000,0.000,0.000,0,0,0,0,0,0,30,0,0,0.000,0.000,0.000,0.000,0.000,2.379,1.085,0.000,0,0,0,0,0,0,0,0,0,0,0,0,0,0,0,0,0,0,77201,24778,9327,9828,2157,1540,0,0,0,0,0,0,23717,6116,4331,4509,1813,799,0,0,0,0,0,0,818.818,113.356,4464.335,1002.984,0,0,0,246,131,247,607,239,118,914,373,791,404,32,435,277,189,208,195,22,96,0,0,0,0,0,0,0,0,1,0,0,0,1662,0,0,0,0,0,0,0,521,0,0,0,0,0,0,0,0,0,0,0,0,0,0,0,1,0,0,0,0,0,0,0,1.0000,1.0000,27,27,27,0.4211,0.3431,34,0,0
11131,371.0,4126,99,53,3037,1088,1,0,1803,539.26,0.739,0.602,0.356,0.061,0.667,-0.966,3.458,0.2434,1.7888,0.286,0.002,0.003,0.110,0.063,253,36,66,0,71,0,115939.53,34875.481,18468.691,96.050,16566.058,101.084,25269.948,11626.150,2772.946,15048.186,12038.549,2346.348,52.208,1559.545,0.000262,-0.062107,3957,0,16,50,64,16,8897,397,48,96.017,0,0,0,0,0,0,0,0,0,0,0,0,0,0,31050,767,3560,36163.833,18467.096,16563.436,0.015,96.017,14762.993,9980.014,261.788,190,89,32,16,41,25541,0,0,0,0.000,0.000,0.000,0.000,0.000,0.000,0.000,0.000,0,0,0,0,0,0,0,0,0,0.000,0.000,0.000,0.000,0.000,0.000,0.000,0.000,0,0,0,0,0,0,0,0,0,0.000,0.000,0.000,0.000,0.000,0.000,0.000,0.000,0,0,0,0,0,0,0,0,0,0.000,0.000,0.000,0.000,0.000,0.000,0.000,0.000,0,0,0,0,0,0,30,0,0,0.000,0.000,0.000,0.000,0.000,2.379,1.051,0.000,0,0,0,0,0,0,0,0,0,0,0,0,0,0,0,0,0,0,79635,25370,9952,10225,2166,1717,0,0,0,0,0,0,26024,7050,4693,5056,1919,1109,0,0,0,0,0,0,833.193,122.686,5100.753,1095.562,0,0,0,284,176,321,797,302,170,925,402,827,393,32,458,324,189,220,218,29,108,0,0,0,0,0,0,0,0,1,0,0,0,1710,0,0,0,0,0,0,0,575,0,0,0,0,0,0,0,0,0,0,0,0,0,0,0,1,0,0,0,0,0,0,0,1.0000,1.0000,27,27,27,0.4173,0.3345,35,0,0
11161,372.0,4266,124,53,3071,1194,1,0,1891,486.21,0.762,0.616,0.356,0.060,0.654,-0.966,3.454,0.2452,1.8198,0.287,0.002,0.003,0.110,0.063,222,40,111,0,75,0,119535.72,36943.500,17901.179,185.109,18431.723,99.056,27086.314,13114.897,2959.205,15209.863,12167.890,3720.857,8.080,1502.283,0.000153,-0.061099,4221,0,19,92,111,19,9119,252,92,185.088,0,0,0,0,0,0,0,0,0,0,0,0,0,0,34462,744,3969,37563.755,17900.568,18430.056,0.021,185.088,16369.480,11381.508,324.914,194,88,35,19,34,22285,0,0,0,0.000,0.000,0.000,0.000,0.000,0.000,0.000,0.000,0,0,0,0,0,0,0,0,0,0.000,0.000,0.000,0.000,0.000,0.000,0.000,0.000,0,0,0,0,0,0,0,0,0,0.000,0.000,0.000,0.000,0.000,0.000,0.000,0.000,0,0,0,0,0,0,0,0,0,0.000,0.000,0.000,0.000,0.000,0.000,0.000,0.000,0,0,0,0,0,0,30,0,0,0.000,0.000,0.000,0.000,0.000,2.379,1.378,0.000,0,0,0,0,0,0,0,0,0,0,0,0,0,0,0,0,0,0,81324,25780,10575,10472,2225,1724,0,0,0,0,0,0,28660,8014,4599,5832,2214,1389,0,0,0,0,0,0,835.791,130.993,5886.961,1128.912,0,0,0,282,193,317,767,270,178,950,415,832,387,32,455,364,192,275,219,31,113,0,0,0,0,0,0,0,0,0,0,0,1,1706,0,0,0,0,0,0,0,638,0,0,0,0,0,0,0,0,0,0,0,0,0,0,0,1,0,0,0,0,0,0,0,1.0000,1.0000,27,27,27,0.4246,0.3352,35,0,0
11191,373.0,4392,82,53,3105,1287,0,0,2043,468.64,0.779,0.629,0.355,0.061,0.644,-0.967,3.451,0.2464,1.7740,0.282,0.002,0.002,0.110,0.063,243,44,99,0,93,0,125725.34,38881.738,20528.269,156.857,19709.724,98.567,28338.850,13947.005,3159.963,15354.167,12283.334,3404.452,15.650,1440.496,0.000281,-0.060391,4508,0,21,78,99,21,8952,256,78,156.836,0,0,0,0,0,0,0,0,0,0,0,0,0,0,36968,857,4252,41572.612,20527.585,19708.224,0.021,156.836,17544.659,12196.343,326.336,202,109,39,21,49,26697,0,0,0,0.000,0.000,0.000,0.000,0.000,0.000,0.000,0.000,0,0,0,0,0,0,0,0,0,0.000,0.000,0.000,0.000,0.000,0.000,0.000,0.000,0,0,0,0,0,0,0,0,0,0.000,0.000,0.000,0.000,0.000,0.000,0.000,0.000,0,0,0,0,0,0,0,0,0,0.000,0.000,0.000,0.000,0.000,0.000,0.000,0.000,0,0,0,0,0,0,22,0,0,0.000,0.000,0.000,0.000,0.000,1.745,1.553,0.000,0,1,1,0,0,172,0,0,0,0,0,0,0,0,0,0,0,0,81848,26449,10628,10717,2408,1669,0,0,0,0,0,0,30535,8629,4389,6455,2446,1386,0,0,0,0,0,0,851.240,133.521,6354.255,1065.896,0,0,0,315,180,348,885,339,190,972,417,828,407,28,453,377,197,314,250,21,128,0,0,0,0,0,0,0,0,0,0,0,0,1716,0,0,0,0,0,0,0,713,0,0,0,0,0,0,0,0,0,0,0,0,0,0,0,0,0,0,0,0,0,0,0,1.0000,1.0000,27,27,27,0.4220,0.3231,35,0,0
11221,374.0,4542,86,53,3148,1394,0,0,2212,482.42,0.797,0.641,0.355,0.061,0.633,-0.967,3.452,0.2477,1.8096,0.286,0.001,0.001,0.110,0.064,240,45,113,1,84,0,129957.46,40728.315,20106.218,142.478,22343.139,99.134,29817.379,14709.575,3435.787,16751.164,13400.931,3743.173,77.202,1611.534,0.000211,-0.060060,5207,0,32,81,113,32,8552,214,81,142.442,0,0,0,0,0,0,0,0,0,0,0,0,0,0,39887,835,4993,43860.986,20105.258,22341.289,0.035,142.442,18865.506,12877.148,364.565,223,116,44,32,40,23802,0,0,0,0.000,0.000,0.000,0.000,0.000,0.000,0.000,0.000,0,0,0,0,0,0,0,0,0,0.000,0.000,0.000,0.000,0.000,0.000,0.000,0.000,0,0,0,0,0,0,0,0,0,0.000,0.000,0.000,0.000,0.000,0.000,0.000,0.000,0,0,0,0,0,0,0,0,0,0.000,0.000,0.000,0.000,0.000,0.000,0.000,0.000,0,0,0,0,0,0,0,0,0,0.000,0.000,0.000,0.000,0.000,0.000,0.000,0.000,0,0,0,0,0,0,0,0,0,0,0,0,0,0,0,0,0,0,83223,27539,10725,10912,2510,1739,0,0,0,0,0,0,32817,8648,4858,7070,2497,1417,0,0,0,0,0,0,899.046,131.081,6274.860,1206.053,0,0,0,299,178,394,867,290,182,1028,413,829,411,32,435,387,202,362,271,40,132,0,0,0,0,0,0,0,0,0,0,0,0,1707,0,0,0,0,0,0,0,805,0,0,0,0,0,0,0,0,0,0,0,0,0,0,0,0,0,0,0,0,0,0,0,1.0000,1.0000,26,26,26,0.4291,0.3576,36,0,0
11251,375.0,4777,81,56,3230,1547,0,0,2403,461.11,0.821,0.655,0.352,0.061,0.619,-0.967,3.450,0.2448,1.8276,0.286,0.001,0.001,0.110,0.063,234,36,96,0,67,0,138695.20,44178.681,23899.181,147.534,23027.603,92.698,31757.748,15932.985,3715.733,18538.525,14830.821,2748.904,113.639,1510.937,0.000201,-0.059324,5583,0,15,81,96,15,8870,276,81,147.516,0,0,0,0,0,0,0,0,0,0,0,0,0,0,43828,994,5307,48531.565,23898.805,23026.194,0.018,147.516,20660.632,14040.230,387.759,245,92,35,15,42,18229,0,0,0,0.000,0.000,0.000,0.000,0.000,0.000,0.000,0.000,0,0,0,0,0,0,0,0,0,0.000,0.000,0.000,0.000,0.000,0.000,0.000,0.000,0,0,0,0,0,0,0,0,0,0.000,0.000,0.000,0.000,0.000,0.000,0.000,0.000,0,0,0,0,0,0,0,0,0,0.000,0.000,0.000,0.000,0.000,0.000,0.000,0.000,0,0,0,0,0,0,0,0,0,0.000,0.000,0.000,0.000,0.000,0.000,0.000,0.000,0,0,0,0,0,0,0,0,0,0,0,0,0,0,0,0,0,0,84250,28314,10896,11328,2705,1778,0,0,0,0,0,0,36085,9233,5555,7743,2756,1536,0,0,0,0,0,0,936.054,130.881,6666.358,1392.126,0,0,0,358,216,441,1020,365,212,1048,428,858,431,36,429,412,266,377,298,47,147,0,0,0,0,0,0,0,0,0,0,0,0,1754,0,0,0,0,0,0,0,869,0,0,0,0,0,0,0,0,0,0,0,0,0,0,0,0,0,0,0,0,0,0,0,1.0000,1.0000,28,28,28,0.4398,0.3476,38,1,0
11281,376.0,4984,66,56,3289,1695,0,0,2622,428.76,0.842,0.668,0.349,0.061,0.606,-0.966,3.454,0.2477,1.8291,0.273,0.001,0.001,0.110,0.063,220,45,107,1,89,0,144331.23,45751.192,25153.206,156.069,26205.577,88.317,34184.214,17425.247,4087.407,19734.040,15787.233,3700.688,49.221,2030.849,0.000255,-0.059635,6455,0,24,83,105,24,8904,335,81,156.025,0,0,0,0,0,0,0,0,0,0,0,0,0,0,48516,1049,6120,53159.401,25151.346,26204.593,0.023,156.025,22849.031,15395.685,484.581,275,127,44,24,59,26228,0,0,0,0.000,0.000,0.000,0.000,0.000,0.000,0.000,0.000,0,0,0,0,0,0,0,0,0,0.000,0.000,0.000,0.000,0.000,0.000,0.000,0.000,0,0,0,0,0,0,0,0,0,0.000,0.000,0.000,0.000,0.000,0.000,0.000,0.000,0,0,0,0,0,0,0,0,0,0.000,0.000,0.000,0.000,0.000,0.000,0.000,0.000,0,0,0,0,0,0,0,0,0,0.000,0.000,0.000,0.000,0.000,0.000,0.000,0.000,0,0,0,0,0,0,0,0,0,0,0,0,0,0,0,0,0,0,86145,29196,11251,11703,2814,1789,0,0,0,0,0,0,40065,10434,6459,8451,2728,1925,0,0,0,0,0,0,963.280,133.079,7302.673,1649.435,0,0,0,408,223,429,1075,416,223,1087,438,855,445,31,433,473,300,410,311,47,154,0,0,0,0,0,0,0,0,0,0,0,0,1764,0,0,0,0,0,0,0,922,0,0,0,0,0,0,0,0,0,0,0,0,0,0,0,0,0,0,0,0,0,0,0,1.0000,1.0000,29,29,29,0.4537,0.3623,39,1,0
11311,377.0,5157,76,56,3332,1825,0,0,2779,403.55,0.862,0.679,0.348,0.061,0.595,-0.966,3.448,0.2482,1.8326,0.277,0.000,0.002,0.110,0.063,230,42,122,0,106,0,148669.31,48291.172,25913.201,169.743,27762.452,90.408,36414.967,19245.388,4382.128,19499.423,15599.539,4253.354,33.230,1807.086,0.000240,-0.059651,6878,0,29,93,119,29,9004,272,90,169.626,0,0,0,0,0,0,0,0,0,0,0,0,0,0,52982,1083,6606,55559.895,25912.294,27761.496,0.092,169.626,24952.258,17197.125,462.545,270,140,40,29,71,33830,0,0,0,0.000,0.000,0.000,0.000,0.000,0.000,0.000,0.000,0,0,0,0,0,0,0,0,0,0.000,0.000,0.000,0.000,0.000,0.000,0.000,0.000,0,0,0,0,0,0,0,0,0,0.000,0.000,0.000,0.000,0.000,0.000,0.000,0.000,0,0,0,0,0,0,0,0,0,0.000,0.000,0.000,0.000,0.000,0.000,0.000,0.000,0,0,0,0,0,0,0,0,0,0.000,0.000,0.000,0.000,0.000,0.000,0.000,0.000,0,0,0,0,0,0,0,0,0,0,0,0,0,0,0,0,0,0,87274,30248,11398,11910,2888,1797,0,0,0,0,0,0,43975,11855,7198,9007,2988,2038,0,0,0,0,0,0,999.331,133.640,8385.661,1858.222,0,0,0,392,253,469,1104,384,250,1117,450,888,434,25,418,515,319,434,334,47,176,0,0,0,0,0,0,0,0,0,0,0,0,1765,0,0,0,0,0,0,0,991,0,0,0,0,0,0,0,0,0,0,0,0,0,0,0,0,0,0,0,0,0,0,0,1.0000,1.0000,29,29,29,0.4493,0.3339,39,1,0
11341,378.0,5348,69,56,3369,1978,0,1,2922,488.18,0.884,0.693,0.349,0.062,0.582,-0.966,3.454,0.2479,1.8563,0.274,0.001,0.001,0.110,0.063,185,44,109,0,131,0,154373.89,51095.345,27866.179,143.941,30220.374,81.320,38440.664,20684.261,4643.571,20990.870,16792.697,3391.685,59.494,1983.049,0.000278,-0.059053,7699,0,19,90,105,19,9020,352,86,143.865,0,0,0,0,0,0,0,0,0,0,0,0,0,0,56947,1158,7347,60132.298,27865.265,30218.615,0.051,143.865,26802.772,18596.396,468.993,297,144,42,19,83,33463,0,0,0,0.000,0.000,0.000,0.000,0.000,0.000,0.000,0.000,0,0,0,0,0,0,0,0,0,0.000,0.000,0.000,0.000,0.000,0.000,0.000,0.000,0,0,0,0,0,0,0,0,0,0.000,0.000,0.000,0.000,0.000,0.000,0.000,0.000,0,0,0,0,0,0,0,0,0,0.000,0.000,0.000,0.000,0.000,0.000,0.000,0.000,0,0,0,0,0,0,0,0,0,0.000,0.000,0.000,0.000,0.000,0.000,0.000,0.000,0,0,0,0,0,0,0,1,0,0,0,0,0,0,0,0,0,0,88566,30680,11773,12150,3059,1835,0,0,0,0,0,0,47725,12890,7619,9222,2992,2254,0,0,0,0,0,0,1022.907,134.277,9209.607,1968.465,0,0,0,444,229,508,1188,452,218,1133,456,913,447,23,397,548,329,506,383,45,167,0,0,1,0,0,0,0,0,0,0,0,0,1780,0,0,0,0,0,0,0,1101,0,0,0,0,0,0,0,1,0,0,0,0,0,0,0,0,0,0,0,0,0,0,0,1.0000,1.0000,30,30,30,0.4540,0.3362,39,1,0
11371,379.0,5471,58,56,3387,2083,0,1,3100,411.02,0.898,0.701,0.348,0.063,0.573,-0.965,3.458,0.2458,1.8333,0.272,0.001,0.001,0.110,0.063,231,49,133,0,148,0,159157.91,52269.746,29949.809,190.255,31803.161,84.382,40280.607,21821.254,4895.362,19938.757,15951.006,4575.147,34.634,2031.033,0.000199,-0.059712,8076,0,24,109,132,24,9306,329,108,190.168,0,0,0,0,0,0,0,0,0,0,0,0,0,0,60774,1248,7747,63995.024,29948.621,31801.452,0.086,190.168,28583.212,19644.954,541.390,280,175,46,24,105,37993,0,0,0,0.000,0.000,0.000,0.000,0.000,0.000,0.000,0.000,0,0,0,0,0,0,0,0,0,0.000,0.000,0.000,0.000,0.000,0.000,0.000,0.000,0,0,0,0,0,0,30,0,0,0.000,0.000,0.000,0.000,0.000,3.950,0.679,0.000,0,0,0,0,0,0,0,0,0,0.000,0.000,0.000,0.000,0.000,0.000,0.000,0.000,0,0,0,0,0,0,0,0,0,0.000,0.000,0.000,0.000,0.000,0.000,0.000,0.000,0,0,0,0,0,0,0,0,0,0,0,0,0,0,0,0,0,0,88798,31007,11864,12465,3255,1876,0,0,0,0,0,0,51346,13470,8808,9458,3022,2372,0,0,0,0,0,0,1035.840,137.550,9622.533,2227.477,0,0,0,440,305,524,1280,454,299,1158,462,910,407,21,429,555,399,506,395,42,186,0,0,1,0,0,0,0,0,0,0,0,0,1767,0,0,0,0,0,0,0,1129,0,0,0,0,0,0,0,1,0,0,0,0,0,0,0,0,0,0,0,0,0,0,0,1.0000,1.0000,30,30,30,0.4481,0.3552,40,1,0
11401,380.0,5621,59,56,3441,2179,0,1,3308,425.80,0.907,0.707,0.349,0.064,0.568,-0.965,3.458,0.2470,1.8695,0.270,0.001,0.003,0.109,0.063,198,60,128,0,136,0,162593.12,53956.045,29625.092,175.282,31004.830,81.224,41966.368,22993.987,5245.866,20584.539,16467.631,3817.668,56.935,2123.464,0.000280,-0.061435,8205,0,28,100,128,28,9589,364,100,175.173,0,0,0,0,0,0,0,0,0,0,0,0,0,0,64084,1229,7841,62825.283,29623.404,31003.045,0.109,175.173,30133.422,20762.074,574.467,280,184,57,28,99,41511,0,0,0,0.000,0.000,0.000,0.000,0.000,0.000,0.000,0.000,0,0,0,0,0,0,0,0,0,0.000,0.000,0.000,0.000,0.000,0.000,0.000,0.000,0,0,0,0,0,0,30,0,0,0.000,0.000,0.000,0.000,0.000,3.954,0.734,0.000,0,0,0,0,0,0,0,0,0,0.000,0.000,0.000,0.000,0.000,0.000,0.000,0.000,0,0,0,0,0,0,0,0,0,0.000,0.000,0.000,0.000,0.000,0.000,0.000,0.000,0,0,0,0,0,0,0,0,0,0,0,0,0,0,0,0,0,0,89869,31504,12035,12683,3481,1838,0,0,0,0,0,0,53873,13846,9746,10241,3421,2743,0,0,0,0,0,0,1051.997,139.803,10148.330,2443.485,0,0,0,423,275,570,1267,423,272,1170,463,939,394,29,446,610,397,529,417,48,178,0,0,1,0,0,0,0,0,0,0,0,0,1808,0,0,0,0,0,0,0,1172,0,0,0,0,0,0,0,1,0,0,0,0,0,0,0,0,0,0,0,0,0,0,0,1.0000,1.0000,32,32,32,0.4451,0.3591,41,1,0
11431,381.0,5699,75,56,3445,2252,0,2,3417,389.55,0.918,0.714,0.350,0.063,0.562,-0.964,3.460,0.2475,1.8462,0.268,0.000,0.002,0.109,0.064,192,56,197,0,183,0,166784.22,56769.286,32568.786,262.631,33355.972,85.137,43137.864,24009.998,5543.820,22631.382,18105.106,5920.695,60.607,2210.352,0.000329,-0.059721,8690,0,43,154,195,43,9693,370,152,262.519,0,0,0,0,0,0,0,0,0,0,0,0,0,0,66367,1354,8320,68292.153,32567.623,33354.810,0.101,262.519,31215.816,21706.094,627.657,313,240,55,43,142,48246,0,0,0,0.000,0.000,0.000,0.000,0.000,0.000,0.000,0.000,0,0,0,0,0,0,0,0,0,0.000,0.000,0.000,0.000,0.000,0.000,0.000,0.000,0,0,0,0,0,0,52,0,0,0.000,0.000,0.000,0.000,0.000,7.425,0.899,0.000,0,0,0,0,0,0,0,0,0,0.000,0.000,0.000,0.000,0.000,0.000,0.000,0.000,0,0,0,0,0,0,0,0,0,0.000,0.000,0.000,0.000,0.000,0.000,0.000,0.000,0,0,0,0,0,0,0,1,0,0,0,0,0,0,0,0,0,0,90581,31462,11915,12866,3534,2013,0,0,0,0,0,0,55975,14508,9443,10444,3493,2770,0,0,0,0,0,0,1062.262,140.222,10741.596,2399.719,0,0,0,503,302,597,1386,489,302,1165,469,927,384,31,469,583,416,541,451,49,212,0,0,2,0,0,0,0,0,0,0,0,0,1811,0,0,0,0,0,0,0,1253,0,0,0,0,0,0,0,2,0,0,0,0,0,0,0,0,0,0,0,0,0,0,0,1.0000,1.0000,30,30,30,0.4383,0.3379,41,1,0
11461,382.0,5901,67,56,3519,2380,0,2,3599,393.21,0.929,0.720,0.349,0.064,0.556,-0.963,3.462,0.2484,1.8316,0.265,0.001,0.003,0.108,0.064,217,53,127,1,164,0,173369.45,58184.948,34636.024,141.113,35022.202,79.335,44719.920,24580.538,5771.731,24097.130,19277.705,4167.523,77.486,2240.229,0.000239,-0.060378,9174,0,40,87,125,40,10010,380,85,140.973,0,0,0,0,0,0,0,0,0,0,0,0,0,0,69591,1441,8794,72281.621,34635.097,35020.256,0.126,140.973,32697.638,22235.545,636.866,337,209,50,40,119,44623,0,0,0,0.000,0.000,0.000,0.000,0.000,0.000,0.000,0.000,0,0,0,0,0,0,0,0,0,0.000,0.000,0.000,0.000,0.000,0.000,0.000,0.000,0,0,0,0,0,0,60,0,0,0.000,0.000,0.000,0.000,0.000,8.700,1.086,0.000,0,0,0,0,0,0,0,0,0,0.000,0.000,0.000,0.000,0.000,0.000,0.000,0.000,0,0,0,0,0,0,0,0,0,0.000,0.000,0.000,0.000,0.000,0.000,0.000,0.000,0,0,0,0,0,0,0,0,0,0,0,0,0,0,0,0,0,0,91627,31878,11702,12924,3614,1943,0,0,0,0,0,0,58656,14222,9747,10995,3723,2843,0,0,0,0,0,0,1086.259,134.412,10552.177,2414.093,0,0,0,503,312,648,1471,502,319,1213,442,973,374,34,483,592,442,602,460,71,213,0,0,2,0,0,0,0,0,0,0,0,0,1864,0,0,0,0,0,0,0,1346,0,0,0,0,0,0,0,2,0,0,0,0,0,0,0,0,0,0,0,0,0,0,0,1.0000,1.0000,31,31,31,0.4511,0.3484,42,1,0
11491,383.0,6000,54,56,3542,2456,0,2,3779,298.72,0.937,0.725,0.348,0.064,0.552,-0.964,3.469,0.2500,1.8513,0.266,0.004,0.016,0.108,0.064,187,40,121,1,217,0,180562.66,60299.205,36527.943,129.310,36631.253,76.247,46367.793,25725.094,6034.713,21614.687,17291.750,4938.862,208.947,2164.905,0.000322,-0.061902,9544,0,38,83,121,38,9903,251,83,129.170,0,0,0,0,0,0,0,0,0,0,0,0,0,0,72959,1515,9293,75816.725,36526.204,36629.996,0.140,129.170,34219.995,23347.720,635.415,314,238,39,38,161,49493,0,0,0,0.000,0.000,0.000,0.000,0.000,0.000,0.000,0.000,0,0,0,0,0,0,0,0,0,0.000,0.000,0.000,0.000,0.000,0.000,0.000,0.000,0,0,0,0,0,0,60,0,0,0.000,0.000,0.000,0.000,0.000,8.714,0.964,0.000,0,0,0,0,0,0,0,0,0,0.000,0.000,0.000,0.000,0.000,0.000,0.000,0.000,0,0,0,0,0,0,0,0,0,0.000,0.000,0.000,0.000,0.000,0.000,0.000,0.000,0,0,0,0,0,0,0,0,0,0,0,0,0,0,0,0,0,0,92899,32615,11834,12980,3733,1770,0,0,0,0,0,0,61498,15025,10290,11521,4227,2843,0,0,0,0,0,0,1109.947,132.860,11197.120,2517.167,0,0,0,525,362,651,1551,550,348,1210,463,959,371,39,500,679,439,591,463,74,210,0,0,2,0,0,0,0,0,0,0,0,0,1869,0,0,0,0,0,0,0,1338,0,0,0,0,0,0,0,2,0,0,0,0,0,0,0,0,0,0,0,0,0,0,0,1.0000,1.0000,31,31,31,0.4520,0.3378,41,1,0
11521,384.0,6000,63,56,3527,2471,0,2,3932,413.92,0.940,0.728,0.349,0.064,0.550,-0.964,3.477,0.2472,1.8116,0.262,0.013,0.042,0.108,0.064,207,46,136,0,208,0,189166.80,61982.871,37089.184,171.513,37208.400,82.161,46712.765,26204.608,6301.646,17341.977,13873.582,4587.382,1069.211,2295.416,0.000501,-0.064290,9720,0,20,116,135,20,9579,361,115,171.437,0,0,0,0,0,0,0,0,0,0,0,0,0,0,73606,1539,9359,76950.892,37088.026,37205.890,0.071,171.437,34520.692,23829.867,612.374,244,229,45,20,164,51577,0,0,0,0.000,0.000,0.000,0.000,0.000,0.000,0.000,0.000,0,0,0,0,0,0,0,0,0,0.000,0.000,0.000,0.000,0.000,0.000,0.000,0.000,0,0,0,0,0,0,60,0,0,0.000,0.000,0.000,0.000,0.000,8.762,0.835,0.000,0,0,0,0,0,0,0,0,0,0.000,0.000,0.000,0.000,0.000,0.000,0.000,0.000,0,0,0,0,0,0,0,0,0,0.000,0.000,0.000,0.000,0.000,0.000,0.000,0.000,0,0,0,0,0,0,0,0,0,0,0,0,0,0,0,0,0,0,93307,32433,12106,12986,3727,1825,0,0,0,0,0,0,62296,16005,10503,11370,4087,2618,0,0,0,0,0,0,1117.079,136.571,11764.069,2529.540,0,0,0,581,344,655,1571,574,348,1206,467,939,360,37,518,667,423,583,508,63,227,0,0,2,0,0,0,0,0,0,0,0,0,1854,0,0,0,0,0,0,0,1381,0,0,0,0,0,0,0,2,0,0,0,0,0,0,0,0,0,0,0,0,0,0,0,1.0000,1.0000,31,31,31,0.4567,0.3451,42,2,0
11551,385.0,5997,85,59,3519,2476,0,2,4045,395.91,0.942,0.729,0.350,0.064,0.550,-0.964,3.474,0.2491,1.8547,0.267,0.026,0.083,0.109,0.065,222,39,80,0,202,0,201638.38,63902.445,38609.419,103.170,38933.172,93.005,46936.677,26101.173,6483.411,14359.730,11487.784,3677.974,1826.487,2245.782,0.000356,-0.068091,9511,0,14,66,77,14,9707,338,63,103.122,0,0,0,0,0,0,0,0,0,0,0,0,0,0,74167,1603,9173,80379.805,38609.196,38931.401,0.028,103.122,34775.656,23773.555,575.607,207,202,38,14,150,49593,0,0,0,0.000,0.000,0.000,0.000,0.000,0.000,0.000,0.000,0,0,0,0,0,0,0,0,0,0.000,0.000,0.000,0.000,0.000,0.000,0.000,0.000,0,0,0,0,0,0,60,0,0,0.000,0.000,0.000,0.000,0.000,8.753,0.930,0.000,0,0,0,0,0,0,0,0,0,0.000,0.000,0.000,0.000,0.000,0.000,0.000,0.000,0,0,0,0,0,0,0,0,0,0.000,0.000,0.000,0.000,0.000,0.000,0.000,0.000,0,0,0,0,0,0,0,0,0,0,0,0,0,0,0,0,0,0,92905,32449,11784,12835,3645,1871,0,0,0,0,0,0,62742,15887,9592,11485,3951,2690,0,0,0,0,0,0,1103.861,136.335,11550.544,2350.878,0,0,0,571,362,714,1625,565,345,1196,454,945,394,33,497,652,399,629,509,65,222,0,1,1,0,0,0,0,0,0,0,0,0,1869,0,0,0,0,0,0,0,1425,0,0,0,0,0,0,0,1,0,0,0,0,0,0,0,0,0,0,0,0,0,0,0,1.0000,1.0000,34,34,34,0.4251,0.3401,46,0,0
11581,386.0,6000,59,59,3451,2548,0,1,4083,432.61,0.959,0.739,0.350,0.063,0.540,-0.964,3.480,0.2491,1.8326,0.274,0.034,0.096,0.108,0.065,192,38,160,0,192,0,209349.20,65557.182,39679.567,242.987,41527.713,83.867,47383.239,26233.710,6619.971,18381.199,14704.959,7090.142,4018.193,2747.420,0.000417,-0.071495,10082,0,33,127,160,33,9260,425,127,242.942,0,0,0,0,0,0,0,0,0,0,0,0,0,0,75182,1646,9657,84027.345,39677.637,41526.143,0.045,242.942,35295.565,23918.930,595.578,281,209,37,33,139,48227,0,0,0,0.000,0.000,0.000,0.000,0.000,0.000,0.000,0.000,0,0,0,0,0,0,0,0,0,0.000,0.000,0.000,0.000,0.000,0.000,0.000,0.000,0,0,0,0,0,0,41,0,0,0.000,0.000,0.000,0.000,0.000,5.787,0.909,0.000,0,1,0,0,1,153,0,0,0,0.000,0.000,0.000,0.000,0.000,0.000,0.000,0.000,0,0,0,0,0,0,0,0,0,0.000,0.000,0.000,0.000,0.000,0.000,0.000,0.000,0,0,0,0,0,0,0,0,0,0,0,0,0,0,0,0,0,0,91987,31926,11958,12734,3739,1722,0,0,0,0,0,0,63666,15818,9860,11557,4073,2761,0,0,0,0,0,0,1085.074,135.725,11539.067,2445.384,0,0,0,591,364,700,1681,610,361,1184,457,942,361,31,476,703,439,666,460,63,217,0,1,0,0,0,0,0,0,0,0,0,0,1810,0,0,0,0,0,0,0,1406,0,0,0,0,0,0,0,0,0,0,0,0,0,0,0,0,0,0,0,0,0,0,0,1.0000,1.0000,35,35,35,0.4260,0.3625,46,0,0
11611,387.0,6000,61,59,3403,2597,0,0,4112,422.27,0.969,0.745,0.350,0.063,0.534,-0.965,3.478,0.2500,1.8081,0.272,0.033,0.110,0.108,0.065,212,23,169,0,188,0,215287.78,65446.116,38628.272,197.414,41960.905,84.555,48037.839,27225.073,6654.753,17130.230,13704.184,6742.207,3665.126,2582.173,0.000545,-0.075237,9818,0,46,123,169,46,9182,293,123,197.344,0,0,0,0,0,0,0,0,0,0,0,0,0,0,77019,1604,9525,83536.086,38627.106,41959.660,0.070,197.344,36126.310,24888.106,636.705,251,202,22,46,134,49723,0,0,0,0.000,0.000,0.000,0.000,0.000,0.000,0.000,0.000,0,0,0,0,0,0,0,0,0,0.000,0.000,0.000,0.000,0.000,0.000,0.000,0.000,0,0,0,0,0,0,16,0,0,0.000,0.000,0.000,0.000,0.000,2.182,0.419,0.000,0,1,0,0,1,256,0,0,0,0.000,0.000,0.000,0.000,0.000,0.000,0.000,0.000,0,0,0,0,0,0,0,0,0,0.000,0.000,0.000,0.000,0.000,0.000,0.000,0.000,0,0,0,0,0,0,0,0,0,0,0,0,0,0,0,0,0,0,90470,31832,11966,12447,3795,1670,0,0,0,0,0,0,65337,17100,10816,11698,4128,2826,0,0,0,0,0,0,1084.597,136.175,12482.600,2587.852,0,0,0,607,370,657,1632,605,373,1179,454,929,357,29,455,697,487,643,496,55,219,0,0,0,0,0,0,0,0,0,0,0,0,1770,0,0,0,0,0,0,0,1413,0,0,0,0,0,0,0,0,0,0,0,0,0,0,0,0,0,0,0,0,0,0,0,1.0000,1.0000,34,34,34,0.4279,0.3479,45,0,0
11641,388.0,5997,60,59,3350,2647,0,0,4174,395.08,0.981,0.751,0.350,0.065,0.527,-0.965,3.477,0.2488,1.8458,0.272,0.037,0.139,0.108,0.065,186,31,166,0,191,0,220745.11,65132.802,42043.437,232.040,42810.524,85.026,48572.160,27560.738,6723.536,17835.055,14268.045,7490.758,5174.333,2862.415,0.000398,-0.078755,9999,0,54,112,166,54,9293,421,112,231.912,0,0,0,0,0,0,0,0,0,0,0,0,0,0,78631,1745,9578,87898.682,42042.561,42809.011,0.128,231.912,36827.822,25179.885,712.070,270,220,30,54,136,54498,0,0,0,0.000,0.000,0.000,0.000,0.000,0.000,0.000,0.000,0,0,0,0,0,0,0,0,0,0.000,0.000,0.000,0.000,0.000,0.000,0.000,0.000,0,0,0,0,0,0,0,0,0,0.000,0.000,0.000,0.000,0.000,0.000,0.000,0.000,0,0,0,0,0,0,0,0,0,0.000,0.000,0.000,0.000,0.000,0.000,0.000,0.000,0,0,0,0,0,0,0,0,0,0.000,0.000,0.000,0.000,0.000,0.000,0.000,0.000,0,0,0,0,0,0,0,0,0,0,0,0,0,0,0,0,0,0,88702,31451,11847,12624,3969,1708,0,0,0,0,0,0,66546,17528,12243,12085,3845,2766,0,0,0,0,0,0,1069.512,135.977,12473.813,2834.586,0,0,0,608,383,787,1779,615,371,1177,449,894,357,27,446,720,505,634,519,55,214,0,0,0,0,0,0,0,0,0,0,0,0,1724,0,0,0,0,0,0,0,1422,0,0,0,0,0,0,0,0,0,0,0,0,0,0,0,0,0,0,0,0,0,0,0,1.0000,1.0000,35,35,35,0.4247,0.3463,45,0,0
11671,389.0,6000,49,59,3273,2727,0,0,4160,373.22,0.999,0.761,0.352,0.064,0.516,-0.965,3.481,0.2487,1.8252,0.277,0.037,0.131,0.108,0.065,166,29,190,1,170,0,222754.98,64677.430,41152.241,286.277,43397.831,70.881,49242.610,28238.391,6756.326,18647.288,14917.831,8283.376,5127.963,2727.950,0.000331,-0.080164,10204,0,51,139,189,51,9306,337,138,286.134,0,0,0,0,0,0,0,0,0,0,0,0,0,0,80310,1706,9867,87566.478,41150.447,43396.647,0.143,286.134,37658.245,25871.732,705.287,292,212,29,51,132,50416,0,0,0,0.000,0.000,0.000,0.000,0.000,0.000,0.000,0.000,0,0,0,0,0,0,0,0,0,0.000,0.000,0.000,0.000,0.000,0.000,0.000,0.000,0,0,0,0,0,0,0,0,0,0.000,0.000,0.000,0.000,0.000,0.000,0.000,0.000,0,0,0,0,0,0,0,0,0,0.000,0.000,0.000,0.000,0.000,0.000,0.000,0.000,0,0,0,0,0,0,0,0,0,0.000,0.000,0.000,0.000,0.000,0.000,0.000,0.000,0,0,0,0,0,0,0,0,0,0,0,0,0,0,0,0,0,0,87221,31245,11989,12402,4111,1544,0,0,0,0,0,0,68097,18419,12255,12213,3946,2636,0,0,0,0,0,0,1072.978,137.340,13077.957,2836.991,0,0,0,613,364,760,1748,625,358,1162,444,863,333,29,442,795,476,632,543,53,228,0,0,0,0,0,0,0,0,0,0,0,0,1667,0,0,0,0,0,0,0,1456,0,0,0,0,0,0,0,0,0,0,0,0,0,0,0,0,0,0,0,0,0,0,0,1.0000,1.0000,35,35,35,0.4305,0.3472,45,0,0
11701,390.0,6000,49,64,3200,2800,0,0,4108,372.20,1.016,0.771,0.354,0.065,0.506,-0.965,3.483,0.2487,1.8310,0.282,0.031,0.106,0.107,0.065,199,41,192,0,189,0,222852.14,63994.283,41208.833,301.624,41513.283,75.797,50236.989,29800.122,6695.487,19975.254,15980.203,7381.312,4842.538,2456.078,0.000369,-0.079601,9780,0,45,147,192,45,9329,282,147,301.562,0,0,0,0,0,0,0,0,0,0,0,0,0,0,82848,1712,9498,85732.569,41207.461,41512.049,0.062,301.562,38889.529,27457.400,736.078,311,238,40,45,153,56281,0,0,0,0.000,0.000,0.000,0.000,0.000,0.000,0.000,0.000,0,0,0,0,0,0,0,0,0,0.000,0.000,0.000,0.000,0.000,0.000,0.000,0.000,0,0,0,0,0,0,0,0,0,0.000,0.000,0.000,0.000,0.000,0.000,0.000,0.000,0,0,0,0,0,0,0,0,0,0.000,0.000,0.000,0.000,0.000,0.000,0.000,0.000,0,0,0,0,0,0,0,0,0,0.000,0.000,0.000,0.000,0.000,0.000,0.000,0.000,0,0,0,0,0,0,0,0,0,0,0,0,0,0,0,0,0,0,85378,30516,11899,11725,3864,1390,0,0,0,0,0,0,70514,20190,11826,12334,4160,2500,0,0,0,0,0,0,1031.291,136.689,14453.150,2716.996,0,0,0,594,375,771,1740,603,365,1135,448,819,322,34,442,828,481,621,557,63,250,0,0,0,0,0,0,0,0,0,0,0,0,1617,0,0,0,0,0,0,0,1491,0,0,0,0,0,0,0,0,0,0,0,0,0,0,0,0,0,0,0,0,0,0,0,1.0000,1.0000,37,37,37,0.4120,0.3468,45,1,0
11731,391.0,6000,45,64,3099,2901,0,0,4086,427.46,1.039,0.784,0.357,0.066,0.491,-0.964,3.486,0.2494,1.8184,0.286,0.031,0.074,0.106,0.066,152,39,228,1,186,0,220689.33,63633.878,40249.516,320.088,42421.794,69.033,51228.816,30370.519,6684.323,21588.620,17270.896,8006.984,3293.016,2464.921,0.000393,-0.077745,9962,0,48,180,228,48,9363,311,180,320.042,0,0,0,0,0,0,0,0,0,0,0,0,0,0,85334,1675,9651,85751.724,40248.103,42420.494,0.046,320.042,40105.735,28043.793,739.917,339,238,39,48,151,54489,0,0,0,0.000,0.000,0.000,0.000,0.000,0.000,0.000,0.000,0,0,0,0,0,0,0,0,0,0.000,0.000,0.000,0.000,0.000,0.000,0.000,0.000,0,0,0,0,0,0,0,0,0,0.000,0.000,0.000,0.000,0.000,0.000,0.000,0.000,0,0,0,0,0,0,0,0,0,0.000,0.000,0.000,0.000,0.000,0.000,0.000,0.000,0,0,0,0,0,0,0,0,0,0.000,0.000,0.000,0.000,0.000,0.000,0.000,0.000,0,0,0,0,0,0,0,0,0,0,0,0,0,0,0,0,0,0,83169,30233,11847,11446,3701,1412,0,0,0,0,0,0,72933,20640,12489,12401,4296,2568,0,0,0,0,0,0,1023.632,137.153,14732.083,2835.597,0,0,0,626,334,737,1701,638,331,1120,433,793,298,35,420,861,520,642,583,67,228,0,0,0,0,0,0,0,0,0,0,0,0,1546,0,0,0,0,0,0,0,1520,0,0,0,0,0,0,0,0,0,0,0,0,0,0,0,0,0,0,0,0,0,0,0,1.0000,1.0000,37,37,37,0.4271,0.3432,45,1,0
11761,392.0,6000,61,64,3055,2945,0,0,4031,439.64,1.050,0.789,0.358,0.066,0.485,-0.964,3.493,0.2478,1.8196,0.287,0.025,0.084,0.106,0.066,148,35,176,0,190,0,218380.91,62255.644,40749.607,259.148,42940.391,68.240,52036.507,31041.972,6620.902,18407.145,14725.716,6757.551,2927.226,2507.236,0.000358,-0.076138,10174,0,38,138,176,38,9259,303,138,259.051,0,0,0,0,0,0,0,0,0,0,0,0,0,0,87476,1700,9871,86805.178,40748.076,42939.388,0.097,259.051,41122.530,28762.456,713.113,272,228,35,38,155,61985,0,0,0,0.000,0.000,0.000,0.000,0.000,0.000,0.000,0.000,0,0,0,0,0,0,0,0,0,0.000,0.000,0.000,0.000,0.000,0.000,0.000,0.000,0,0,0,0,0,0,0,0,0,0.000,0.000,0.000,0.000,0.000,0.000,0.000,0.000,0,0,0,0,0,0,0,0,0,0.000,0.000,0.000,0.000,0.000,0.000,0.000,0.000,0,0,0,0,0,0,0,0,0,0.000,0.000,0.000,0.000,0.000,0.000,0.000,0.000,0,0,0,0,0,0,0,0,0,0,0,0,0,0,0,0,0,0,81321,30036,11213,11171,3532,1526,0,0,0,0,0,0,74912,21083,12879,12564,4540,2542,0,0,0,0,0,0,1014.785,128.715,15101.894,2942.986,0,0,0,658,331,761,1734,652,315,1112,412,772,293,32,434,850,518,658,601,68,250,0,0,0,0,0,0,0,0,0,0,0,0,1531,0,0,0,0,0,0,0,1577,0,0,0,0,0,0,0,0,0,0,0,0,0,0,0,0,0,0,0,0,0,0,0,1.0000,1.0000,35,35,35,0.4133,0.3610,45,1,0
11791,393.0,5992,46,64,2967,3025,0,0,3976,422.30,1.068,0.800,0.359,0.067,0.473,-0.964,3.494,0.2467,1.8045,0.287,0.021,0.059,0.105,0.065,146,43,183,0,234,0,212187.03,60412.620,41185.975,231.251,42067.669,62.649,52772.317,31444.404,6493.920,21719.825,17375.861,7775.380,2665.144,2528.600,0.000538,-0.069534,10051,0,41,142,182,41,9179,247,141,231.086,0,0,0,0,0,0,0,0,0,0,0,0,0,0,89559,1717,9804,86431.883,41185.155,42066.955,0.162,231.086,42063.970,29221.913,696.422,347,267,43,41,183,65908,0,0,0,0.000,0.000,0.000,0.000,0.000,0.000,0.000,0.000,0,0,0,0,0,0,0,0,0,0.000,0.000,0.000,0.000,0.000,0.000,0.000,0.000,0,0,0,0,0,0,0,0,0,0.000,0.000,0.000,0.000,0.000,0.000,0.000,0.000,0,0,0,0,0,0,0,0,0,0.000,0.000,0.000,0.000,0.000,0.000,0.000,0.000,0,0,0,0,0,0,0,0,0,0.000,0.000,0.000,0.000,0.000,0.000,0.000,0.000,0,0,0,0,0,0,0,0,0,0,0,0,0,0,0,0,0,0,79507,29548,10771,10902,3224,1555,0,0,0,0,0,0,76831,21305,13524,12717,4575,3056,11,0,9,0,0,0,986.079,124.958,15178.913,3145.688,0,0,0,638,357,725,1735,655,357,1076,416,758,273,37,407,883,531,673,624,64,250,0,0,0,0,0,0,0,0,0,0,0,0,1475,0,0,0,0,0,0,0,1611,0,0,0,0,0,0,0,0,0,0,0,0,0,0,0,0,0,0,0,0,0,0,0,1.0000,1.0000,35,35,35,0.4181,0.3301,45,1,0
11821,394.0,6000,47,64,2949,3051,0,0,4012,375.77,1.072,0.802,0.361,0.069,0.470,-0.963,3.497,0.2432,1.8233,0.284,0.018,0.040,0.104,0.064,152,46,144,0,247,0,205661.97,59055.326,40658.123,178.829,39582.398,65.940,53354.365,31901.613,6525.804,20928.427,16742.742,5680.739,2319.266,2449.870,0.000408,-0.064011,9950,0,48,96,144,48,8963,300,96,178.688,0,0,0,0,0,0,0,0,0,0,0,0,0,0,91213,1697,9650,83274.371,40656.918,39581.054,0.141,178.688,42799.103,29704.637,702.591,325,299,46,48,205,84186,0,0,0,0.000,0.000,0.000,0.000,0.000,0.000,0.000,0.000,0,0,0,0,0,0,0,0,0,0.000,0.000,0.000,0.000,0.000,0.000,0.000,0.000,0,0,0,0,0,0,0,0,0,0.000,0.000,0.000,0.000,0.000,0.000,0.000,0.000,0,0,0,0,0,0,0,0,0,0.000,0.000,0.000,0.000,0.000,0.000,0.000,0.000,0,0,0,0,0,0,0,0,0,0.000,0.000,0.000,0.000,0.000,0.000,0.000,0.000,0,0,0,0,0,0,0,0,0,0,0,0,0,0,0,0,0,0,78010,28798,11071,10733,3071,1479,0,0,0,0,0,0,78212,22011,13557,12971,4555,2837,30,0,0,0,0,0,955.399,127.057,15401.031,3083.415,0,0,0,624,386,703,1712,631,377,1046,420,753,262,41,427,878,572,670,595,66,270,0,0,0,0,0,0,0,0,0,0,0,0,1483,0,0,0,0,0,0,0,1601,0,0,0,0,0,0,0,0,0,0,0,0,0,0,0,0,0,0,0,0,0,0,0,1.0000,1.0000,33,33,33,0.4154,0.3337,46,1,0
11851,395.0,6000,36,61,2909,3091,0,0,4017,421.17,1.081,0.807,0.363,0.069,0.465,-0.964,3.499,0.2456,1.7972,0.284,0.013,0.025,0.104,0.063,146,54,156,0,277,0,196771.72,58158.595,38695.175,161.488,40023.580,62.349,53685.459,31557.005,6558.466,23189.422,18551.538,5743.276,1338.763,2384.660,0.000288,-0.062932,10288,0,39,117,155,39,8897,287,116,161.401,0,0,0,0,0,0,0,0,0,0,0,0,0,0,92118,1614,10001,81663.933,38694.146,40022.688,0.068,161.401,43208.196,29399.767,680.683,362,322,53,39,230,92183,0,0,0,0.000,0.000,0.000,0.000,0.000,0.000,0.000,0.000,0,0,0,0,0,0,0,0,0,0.000,0.000,0.000,0.000,0.000,0.000,0.000,0.000,0,0,0,0,0,0,0,0,0,0.000,0.000,0.000,0.000,0.000,0.000,0.000,0.000,0,0,0,0,0,0,0,0,0,0.000,0.000,0.000,0.000,0.000,0.000,0.000,0.000,0,0,0,0,0,0,0,0,0,0.000,0.000,0.000,0.000,0.000,0.000,0.000,0.000,0,0,0,0,0,0,0,0,0,0,0,0,0,0,0,0,0,0,77312,27968,10975,10536,3027,1355,0,0,0,0,0,0,78992,21640,14585,13096,4711,2889,30,1,0,0,0,0,930.110,123.870,15038.891,3196.701,0,0,0,572,352,709,1644,583,338,1024,398,758,271,42,416,897,574,701,574,72,273,0,0,0,0,0,0,0,0,0,0,0,0,1487,0,0,0,0,0,0,0,1620,0,0,0,0,0,0,0,0,0,0,0,0,0,0,0,0,0,0,0,0,0,0,0,1.0000,1.0000,32,32,32,0.4121,0.3435,49,0,0
11881,396.0,5997,37,61,2929,3068,0,0,4029,358.23,1.076,0.804,0.365,0.070,0.468,-0.964,3.500,0.2459,1.7954,0.283,0.006,0.011,0.104,0.063,153,72,128,0,301,0,188608.81,57008.330,39005.963,173.389,37884.164,57.510,53892.658,31611.055,6614.117,22982.597,18386.078,4642.656,800.540,2193.042,0.000370,-0.062561,10166,0,28,100,127,28,8775,295,99,173.301,0,0,0,0,0,0,0,0,0,0,0,0,0,0,92507,1629,9871,79809.622,39004.383,37883.294,0.084,173.301,43439.741,29487.674,664.509,342,365,72,28,265,101119,0,0,0,0.000,0.000,0.000,0.000,0.000,0.000,0.000,0.000,0,0,0,0,0,0,0,0,0,0.000,0.000,0.000,0.000,0.000,0.000,0.000,0.000,0,0,0,0,0,0,0,0,0,0.000,0.000,0.000,0.000,0.000,0.000,0.000,0.000,0,0,0,0,0,0,0,0,0,0.000,0.000,0.000,0.000,0.000,0.000,0.000,0.000,0,0,0,0,0,0,0,0,0,0.000,0.000,0.000,0.000,0.000,0.000,0.000,0.000,0,0,0,0,0,0,0,0,0,0,0,0,0,0,0,0,0,0,77110,27516,10973,10345,2896,1197,0,0,0,0,0,0,79389,21950,14469,13088,4766,2808,30,30,0,0,0,0,916.098,122.559,15087.837,3190.349,0,0,0,593,386,671,1649,591,386,1012,416,773,265,38,425,888,580,710,535,78,277,0,0,0,0,0,0,0,0,0,0,0,0,1501,0,0,0,0,0,0,0,1600,0,0,0,0,0,0,0,0,0,0,0,0,0,0,0,0,0,0,0,0,0,0,0,1.0000,1.0000,33,33,33,0.4178,0.3498,48,0,0
11911,397.0,5992,39,61,2955,3037,0,0,4067,341.98,1.070,0.802,0.366,0.070,0.472,-0.964,3.499,0.2463,1.8058,0.279,0.001,0.002,0.104,0.063,144,76,128,1,306,0,179596.67,55539.451,38097.273,162.651,36357.592,58.981,53537.194,31096.632,6671.528,23169.526,18535.622,4742.004,126.096,2004.150,0.000317,-0.061107,10050,0,33,95,127,33,8869,292,94,162.580,0,0,0,0,0,0,0,0,0,0,0,0,0,0,91538,1593,9758,77268.404,38096.128,36356.496,0.072,162.580,42996.868,28994.973,635.636,342,373,75,33,265,100277,0,0,0,0.000,0.000,0.000,0.000,0.000,0.000,0.000,0.000,0,0,0,0,0,0,0,0,0,0.000,0.000,0.000,0.000,0.000,0.000,0.000,0.000,0,0,0,0,0,0,0,0,0,0.000,0.000,0.000,0.000,0.000,0.000,0.000,0.000,0,0,0,0,0,0,0,0,0,0.000,0.000,0.000,0.000,0.000,0.000,0.000,0.000,0,0,0,0,0,0,0,0,0,0.000,0.000,0.000,0.000,0.000,0.000,0.000,0.000,0,0,0,0,0,0,0,0,0,0,0,0,0,0,0,0,0,0,77526,27421,10933,10813,2829,1204,0,0,0,0,0,0,78784,21509,14244,12724,4925,2623,30,30,0,0,0,0,906.511,123.609,14746.205,3126.694,0,0,0,548,387,686,1619,550,380,1012,395,794,268,34,452,870,533,703,568,71,292,0,0,0,0,0,0,0,0,0,0,0,0,1548,0,0,0,0,0,0,0,1634,0,0,0,0,0,0,0,0,0,0,0,0,0,0,0,0,0,0,0,0,0,0,0,1.0000,1.0000,34,34,34,0.4168,0.3530,48,0,0
11941,398.0,5853,64,61,2943,2910,0,0,4020,387.55,1.059,0.793,0.367,0.071,0.481,-0.963,3.505,0.2451,1.7866,0.284,0.000,0.002,0.104,0.063,174,82,135,1,333,0,171064.39,54446.164,36596.063,146.711,36171.141,67.805,52445.050,30089.206,6707.315,19043.804,15235.043,4598.279,80.461,1992.157,0.000289,-0.060178,10054,0,40,95,135,40,8781,217,95,146.644,0,0,0,0,0,0,0,0,0,0,0,0,0,0,88897,1522,9837,75513.104,36594.560,36170.251,0.067,146.644,41880.470,27968.913,645.179,285,412,79,40,293,104419,0,0,0,0.000,0.000,0.000,0.000,0.000,0.000,0.000,0.000,0,0,0,0,0,0,0,0,0,0.000,0.000,0.000,0.000,0.000,0.000,0.000,0.000,0,0,0,0,0,0,0,0,0,0.000,0.000,0.000,0.000,0.000,0.000,0.000,0.000,0,0,0,0,0,0,0,0,0,0.000,0.000,0.000,0.000,0.000,0.000,0.000,0.000,0,0,0,0,0,0,0,0,0,0.000,0.000,0.000,0.000,0.000,0.000,0.000,0.000,0,0,0,0,0,0,0,0,0,0,0,0,0,0,0,0,0,0,77648,27788,10484,10932,2953,1040,0,0,0,0,0,0,77091,19783,13885,11776,4895,1991,30,30,0,0,0,0,923.278,115.414,13711.767,2986.446,0,0,0,565,336,680,1556,553,329,1028,370,785,267,36,457,820,519,660,550,73,288,0,0,0,0,0,0,0,0,0,0,0,0,1545,0,0,0,0,0,0,0,1571,0,0,0,0,0,0,0,0,0,0,0,0,0,0,0,0,0,0,0,0,0,0,0,1.0000,1.0000,32,32,32,0.4230,0.3564,47,0,0
11971,399.0,5654,50,61,2891,2763,0,0,3975,425.61,1.047,0.786,0.368,0.073,0.489,-0.964,3.510,0.2449,1.7931,0.281,0.000,0.002,0.105,0.062,163,76,113,0,354,0,164292.09,52785.622,35593.380,152.940,33837.901,67.424,50536.488,28304.761,6648.748,16167.799,12934.239,4529.784,66.554,1984.347,0.000402,-0.059497,9779,0,22,91,112,22,8482,272,90,152.830,0,0,0,0,0,0,0,0,0,0,0,0,0,0,84842,1480,9507,72073.758,35592.252,33836.654,0.089,152.830,40086.780,26229.338,601.735,249,396,76,22,298,102531,0,0,0,0.000,0.000,0.000,0.000,0.000,0.000,0.000,0.000,0,0,0,0,0,0,0,0,0,0.000,0.000,0.000,0.000,0.000,0.000,0.000,0.000,0,0,0,0,0,0,0,0,0,0.000,0.000,0.000,0.000,0.000,0.000,0.000,0.000,0,0,0,0,0,0,0,0,0,0.000,0.000,0.000,0.000,0.000,0.000,0.000,0.000,0,0,0,0,0,0,0,0,0,0.000,0.000,0.000,0.000,0.000,0.000,0.000,0.000,0,0,0,0,0,0,0,0,0,0,0,0,0,0,0,0,0,0,76641,27766,10166,10769,2984,928,0,0,0,0,0,0,73763,18180,13912,11049,5062,1910,30,30,0,0,0,0,932.205,108.637,12746.192,2992.047,0,0,0,551,322,614,1501,562,320,1035,364,737,272,30,453,751,521,596,559,84,252,0,0,0,0,0,0,0,0,0,0,0,0,1492,0,0,0,0,0,0,0,1491,0,0,0,0,0,0,0,0,0,0,0,0,0,0,0,0,0,0,0,0,0,0,0,1.0000,1.0000,31,31,31,0.4389,0.3335,45,0,0
12001,400.0,5494,42,61,2880,2614,0,0,3805,382.65,1.030,0.776,0.368,0.072,0.500,-0.963,3.513,0.2449,1.7758,0.288,0.000,0.002,0.105,0.063,189,54,95,0,354,0,156524.86,51385.483,32007.483,140.293,31955.568,67.396,48616.213,27014.470,6494.972,15821.049,12656.840,4039.488,16.740,1954.393,0.000271,-0.056071,9197,0,19,76,95,19,7937,278,76,140.213,0,0,0,0,0,0,0,0,0,0,0,0,0,0,80911,1330,8919,66360.913,32006.768,31954.221,0.080,140.213,38280.018,25002.747,540.768,237,386,53,19,314,109294,0,0,0,0.000,0.000,0.000,0.000,0.000,0.000,0.000,0.000,0,0,0,0,0,0,0,0,0,0.000,0.000,0.000,0.000,0.000,0.000,0.000,0.000,0,0,0,0,0,0,0,0,0,0.000,0.000,0.000,0.000,0.000,0.000,0.000,0.000,0,0,0,0,0,0,0,0,0,0.000,0.000,0.000,0.000,0.000,0.000,0.000,0.000,0,0,0,0,0,0,0,0,0,0.000,0.000,0.000,0.000,0.000,0.000,0.000,0.000,0,0,0,0,0,0,0,0,0,0,0,0,0,0,0,0,0,0,75833,28028,9972,10566,2981,991,0,0,0,0,0,0,70384,17253,12879,10497,5024,1886,30,30,0,0,0,0,935.301,108.049,12310.084,2746.650,0,0,0,449,307,586,1350,456,297,1022,372,742,253,31,460,704,514,543,532,71,250,0,0,0,0,0,0,0,0,0,0,0,0,1486,0,0,0,0,0,0,0,1396,0,0,0,0,0,0,0,0,0,0,0,0,0,0,0,0,0,0,0,0,0,0,0,1.0000,1.0000,30,30,30,0.4181,0.3326,46,1,0
12031,401.0,5326,53,61,2861,2465,0,0,3613,373.32,1.012,0.765,0.368,0.072,0.511,-0.963,3.521,0.2477,1.7910,0.288,0.000,0.001,0.105,0.063,160,65,77,1,343,0,151789.36,50196.136,32319.575,82.855,28862.149,72.507,46532.110,25356.432,6202.921,14432.035,11545.628,4320.996,58.259,1976.945,0.000344,-0.052850,8440,0,24,53,76,24,7735,335,52,82.818,0,0,0,0,0,0,0,0,0,0,0,0,0,0,76507,1346,8105,63523.908,32318.544,28861.012,0.027,82.818,36236.876,23402.514,484.018,211,360,65,24,271,102356,0,0,0,0.000,0.000,0.000,0.000,0.000,0.000,0.000,0.000,0,0,0,0,0,0,0,0,0,0.000,0.000,0.000,0.000,0.000,0.000,0.000,0.000,0,0,0,0,0,0,0,0,0,0.000,0.000,0.000,0.000,0.000,0.000,0.000,0.000,0,0,0,0,0,0,0,0,0,0.000,0.000,0.000,0.000,0.000,0.000,0.000,0.000,0,0,0,0,0,0,0,0,0,0.000,0.000,0.000,0.000,0.000,0.000,0.000,0.000,0,0,0,0,0,0,0,0,0,0,0,0,0,0,0,0,0,0,75181,27728,9756,10734,3006,1098,0,0,0,0,0,0,66334,16032,12986,10143,4794,1766,30,30,0,0,0,0,937.323,106.648,11318.770,2822.775,0,0,0,447,341,595,1372,457,324,1028,360,739,258,31,445,661,468,533,496,66,241,0,0,0,0,0,0,0,0,0,0,0,0,1473,0,0,0,0,0,0,0,1336,0,0,0,0,0,0,0,0,0,0,0,0,0,0,0,0,0,0,0,0,0,0,0,1.0000,1.0000,34,34,34,0.4228,0.3280,44,1,0
12061,402.0,5247,47,61,2892,2355,0,0,3489,394.22,0.994,0.752,0.367,0.070,0.523,-0.963,3.522,0.2459,1.7903,0.287,0.000,0.002,0.105,0.063,203,67,69,0,270,0,150137.80,48561.941,31072.174,82.223,29248.169,80.231,44439.682,24075.586,5917.639,14198.582,11358.866,2276.160,43.912,1775.220,0.000411,-0.051197,7865,0,6,63,68,6,7805,235,62,82.217,0,0,0,0,0,0,0,0,0,0,0,0,0,0,72074,1299,7630,62674.082,31071.645,29247.427,0.002,82.217,34114.460,22119.559,475.796,192,302,65,6,231,88270,0,0,0,0.000,0.000,0.000,0.000,0.000,0.000,0.000,0.000,0,0,0,0,0,0,0,0,0,0.000,0.000,0.000,0.000,0.000,0.000,0.000,0.000,0,0,0,0,0,0,0,0,0,0.000,0.000,0.000,0.000,0.000,0.000,0.000,0.000,0,0,0,0,0,0,0,0,0,0.000,0.000,0.000,0.000,0.000,0.000,0.000,0.000,0,0,0,0,0,0,0,0,0,0.000,0.000,0.000,0.000,0.000,0.000,0.000,0.000,0,0,0,0,0,0,0,0,0,0,0,0,0,0,0,0,0,0,75274,28010,9514,10912,3117,1165,0,0,0,0,0,0,62290,15079,12231,9754,4501,1572,30,30,0,0,0,0,953.574,103.713,10690.714,2604.657,0,0,0,475,252,590,1323,467,260,1053,350,765,262,31,431,653,440,487,492,68,215,0,0,0,0,0,0,0,0,0,0,0,0,1489,0,0,0,0,0,0,0,1262,0,0,0,0,0,0,0,0,0,0,0,0,0,0,0,0,0,0,0,0,0,0,0,1.0000,1.0000,34,34,34,0.4388,0.3524,46,1,0
12091,403.0,5208,54,61,2944,2264,0,0,3395,393.12,0.975,0.741,0.367,0.070,0.535,-0.963,3.524,0.2467,1.7776,0.285,0.001,0.002,0.106,0.063,170,64,49,0,271,0,146761.23,47440.920,29341.027,61.652,27856.282,76.894,43314.360,23419.377,5766.557,15364.766,12291.813,2804.744,66.746,1775.417,0.000293,-0.048389,7876,0,11,38,48,11,7637,302,37,61.526,0,0,0,0,0,0,0,0,0,0,0,0,0,0,69263,1219,7574,59330.537,29340.031,27855.036,0.116,61.526,32834.036,21475.085,433.091,218,309,63,11,235,89532,0,0,0,0.000,0.000,0.000,0.000,0.000,0.000,0.000,0.000,0,0,0,0,0,0,0,0,0,0.000,0.000,0.000,0.000,0.000,0.000,0.000,0.000,0,0,0,0,0,0,0,0,0,0.000,0.000,0.000,0.000,0.000,0.000,0.000,0.000,0,0,0,0,0,0,0,0,0,0.000,0.000,0.000,0.000,0.000,0.000,0.000,0.000,0,0,0,0,0,0,0,0,0,0.000,0.000,0.000,0.000,0.000,0.000,0.000,0.000,0,0,0,0,0,0,0,0,0,0,0,0,0,0,0,0,0,0,76359,28633,9228,11187,3362,1312,0,0,0,0,0,0,59511,14911,11386,9722,4685,1486,30,30,0,0,0,0,989.980,103.619,10751.838,2428.265,0,0,0,457,288,509,1247,457,287,1077,350,771,267,36,443,662,408,480,451,67,196,0,0,0,0,0,0,0,0,0,0,0,0,1517,0,0,0,0,0,0,0,1194,0,0,0,0,0,0,0,0,0,0,0,0,0,0,0,0,0,0,0,0,0,0,0,1.0000,1.0000,30,30,30,0.4417,0.3685,46,1,0
12121,404.0,5149,54,61,2960,2189,0,0,3220,390.34,0.961,0.732,0.366,0.068,0.544,-0.964,3.526,0.2470,1.7573,0.287,0.000,0.001,0.106,0.063,188,58,34,0,272,0,142995.00,45914.310,28082.423,43.369,27200.267,81.419,42203.235,22870.028,5513.918,13947.701,11158.161,2455.643,67.920,1906.055,0.000299,-0.044857,7656,0,6,28,33,6,7162,320,27,43.366,0,0,0,0,0,0,0,0,0,0,0,0,0,0,66726,1167,7336,57393.606,28082.131,27199.117,0.003,43.366,31615.539,20950.976,389.176,206,281,56,6,219,83761,0,0,0,0.000,0.000,0.000,0.000,0.000,0.000,0.000,0.000,0,0,0,0,0,0,0,0,0,0.000,0.000,0.000,0.000,0.000,0.000,0.000,0.000,0,0,0,0,0,0,0,0,0,0.000,0.000,0.000,0.000,0.000,0.000,0.000,0.000,0,0,0,0,0,0,0,0,0,0.000,0.000,0.000,0.000,0.000,0.000,0.000,0.000,0,0,0,0,0,0,0,0,0,0.000,0.000,0.000,0.000,0.000,0.000,0.000,0.000,0,0,0,0,0,0,0,0,0,0,0,0,0,0,0,0,0,0,77218,29051,8902,11317,3404,1321,0,0,0,0,0,0,57009,14799,10696,9687,4680,1286,30,30,0,0,0,0,1009.056,99.299,10662.448,2289.977,0,0,0,418,277,496,1191,420,270,1075,338,802,281,35,429,655,377,463,433,68,193,0,0,0,0,0,0,0,0,0,0,0,0,1547,0,0,0,0,0,0,0,1157,0,0,0,0,0,0,0,0,0,0,0,0,0,0,0,0,0,0,0,0,0,0,0,1.0000,1.0000,29,29,29,0.4493,0.3600,47,1,0
12151,405.0,5028,40,63,2967,2061,0,0,3093,476.25,0.941,0.718,0.366,0.067,0.557,-0.964,3.528,0.2470,1.7608,0.284,0.000,0.001,0.106,0.063,178,80,66,0,256,0,139237.08,44488.120,26040.097,65.565,26362.302,81.426,40705.453,21729.290,5234.642,12459.436,9967.549,2571.263,43.434,1575.744,0.000379,-0.041874,7503,0,18,48,65,18,7157,251,47,65.411,0,0,0,0,0,0,0,0,0,0,0,0,0,0,63585,1085,7252,54409.609,26040.012,26361.601,0.154,65.411,30081.184,19823.672,390.382,178,306,77,18,211,93077,0,0,0,0.000,0.000,0.000,0.000,0.000,0.000,0.000,0.000,0,0,0,0,0,0,0,0,0,0.000,0.000,0.000,0.000,0.000,0.000,0.000,0.000,0,0,0,0,0,0,0,0,0,0.000,0.000,0.000,0.000,0.000,0.000,0.000,0.000,0,0,0,0,0,0,0,0,0,0.000,0.000,0.000,0.000,0.000,0.000,0.000,0.000,0,0,0,0,0,0,0,0,0,0.000,0.000,0.000,0.000,0.000,0.000,0.000,0.000,0,0,0,0,0,0,0,0,0,0,0,0,0,0,0,0,0,0,77430,28786,8912,11342,3141,1364,0,0,0,0,0,0,54208,14222,9652,9361,4560,1434,16,16,0,0,0,0,996.036,96.071,10141.556,2057.773,0,0,0,412,212,458,1096,432,213,1066,350,798,286,29,438,604,356,470,404,50,177,0,0,0,0,0,0,0,0,0,0,0,0,1551,0,0,0,0,0,0,0,1101,0,0,0,0,0,0,0,0,0,0,0,0,0,0,0,0,0,0,0,0,0,0,0,1.0000,1.0000,30,30,30,0.4405,0.3718,45,1,0
12181,406.0,4933,53,63,2957,1976,0,0,3020,455.04,0.928,0.710,0.368,0.066,0.565,-0.964,3.532,0.2453,1.7510,0.286,0.001,0.003,0.107,0.063,194,66,65,1,228,0,134105.48,42295.766,24895.683,77.642,24994.072,81.130,39273.621,20887.057,5057.742,11767.531,9414.025,3209.237,90.779,1528.739,0.000307,-0.041399,7163,0,19,46,65,19,7340,239,46,77.542,0,0,0,0,0,0,0,0,0,0,0,0,0,0,60559,1036,6924,51804.134,24895.022,24993.466,0.100,77.542,28659.295,18989.395,385.703,166,251,64,19,168,71944,0,0,0,0.000,0.000,0.000,0.000,0.000,0.000,0.000,0.000,0,0,0,0,0,0,0,0,0,0.000,0.000,0.000,0.000,0.000,0.000,0.000,0.000,0,0,0,0,0,0,0,0,0,0.000,0.000,0.000,0.000,0.000,0.000,0.000,0.000,0,0,0,0,0,0,0,0,0,0.000,0.000,0.000,0.000,0.000,0.000,0.000,0.000,0,0,0,0,0,0,0,0,0,0.000,0.000,0.000,0.000,0.000,0.000,0.000,0.000,0,0,0,0,0,0,0,0,0,0,0,0,0,0,0,0,0,0,77430,28886,9003,11252,3031,1197,0,0,0,0,0,0,51730,14056,8743,8829,4227,1352,0,0,0,0,0,0,987.226,94.234,9865.350,1846.433,0,0,0,371,226,474,1058,373,211,1054,344,797,306,27,429,590,337,437,397,28,187,0,0,0,0,0,0,0,0,0,0,0,0,1559,0,0,0,0,0,0,0,1049,0,0,0,0,0,0,0,0,0,0,0,0,0,0,0,0,0,0,0,0,0,0,0,1.0000,1.0000,30,30,30,0.4358,0.3480,44,1,0
12211,407.0,4827,60,63,2915,1912,0,0,3046,497.88,0.922,0.705,0.368,0.065,0.569,-0.963,3.537,0.2438,1.7481,0.286,0.000,0.003,0.107,0.063,205,76,43,1,226,0,127332.96,40425.687,21944.135,71.113,24846.736,87.325,38271.057,19938.192,5067.931,11058.526,8846.821,2190.179,29.848,1504.546,0.000321,-0.041534,7314,0,4,39,42,4,7203,269,38,71.095,0,0,0,0,0,0,0,0,0,0,0,0,0,0,58580,914,7045,48529.022,21943.226,24845.876,0.018,71.095,27718.188,18107.463,351.402,169,233,71,4,158,72246,0,0,0,0.000,0.000,0.000,0.000,0.000,0.000,0.000,0.000,0,0,0,0,0,0,0,0,0,0.000,0.000,0.000,0.000,0.000,0.000,0.000,0.000,0,0,0,0,0,0,0,0,0,0.000,0.000,0.000,0.000,0.000,0.000,0.000,0.000,0,0,0,0,0,0,0,0,0,0.000,0.000,0.000,0.000,0.000,0.000,0.000,0.000,0,0,0,0,0,0,0,0,0,0.000,0.000,0.000,0.000,0.000,0.000,0.000,0.000,0,0,0,0,0,0,0,0,0,0,0,0,0,0,0,0,0,0,77119,28466,9276,11170,2743,1290,0,0,0,0,0,0,50248,13551,8318,8332,3809,1342,0,0,0,0,0,0,955.319,99.218,9323.047,1720.310,0,0,0,355,202,380,930,347,192,1026,358,790,301,25,415,570,303,416,395,39,189,0,0,0,0,0,0,0,0,0,0,0,0,1531,0,0,0,0,0,0,0,1039,0,0,0,0,0,0,0,0,0,0,0,0,0,0,0,0,0,0,0,0,0,0,0,1.0000,1.0000,29,29,29,0.4377,0.3751,41,0,0
12241,408.0,4721,47,63,2893,1828,0,0,2969,408.38,0.910,0.698,0.367,0.064,0.577,-0.964,3.541,0.2455,1.7227,0.290,0.000,0.002,0.107,0.063,171,82,20,0,219,0,120715.60,38450.302,20764.197,22.988,21964.576,99.319,36899.239,19055.240,4959.871,10104.804,8083.844,1514.352,53.571,1351.618,0.000237,-0.040742,6919,0,3,17,20,3,6786,292,17,22.951,0,0,0,0,0,0,0,0,0,0,0,0,0,0,55919,865,6627,44371.015,20763.245,21963.292,0.036,22.951,26457.959,17313.455,296.261,155,239,73,3,163,67440,0,0,0,0.000,0.000,0.000,0.000,0.000,0.000,0.000,0.000,0,0,0,0,0,0,0,0,0,0.000,0.000,0.000,0.000,0.000,0.000,0.000,0.000,0,0,0,0,0,0,0,0,0,0.000,0.000,0.000,0.000,0.000,0.000,0.000,0.000,0,0,0,0,0,0,0,0,0,0.000,0.000,0.000,0.000,0.000,0.000,0.000,0.000,0,0,0,0,0,0,0,0,0,0.000,0.000,0.000,0.000,0.000,0.000,0.000,0.000,0,0,0,0,0,0,0,0,0,0,0,0,0,0,0,0,0,0,76295,27697,9533,11016,2621,1343,0,0,0,0,0,0,47913,13035,8244,8006,3501,1179,0,0,0,0,0,0,928.405,105.655,8803.295,1702.474,0,0,0,287,203,378,881,300,203,995,364,782,327,19,406,534,316,445,323,37,173,0,0,0,0,0,0,0,0,0,0,0,0,1534,0,0,0,0,0,0,0,978,0,0,0,0,0,0,0,0,0,0,0,0,0,0,0,0,0,0,0,0,0,0,0,1.0000,1.0000,27,27,27,0.4405,0.3473,41,0,0
12271,409.0,4571,60,63,2876,1695,0,0,2871,492.80,0.887,0.685,0.368,0.063,0.591,-0.964,3.544,0.2481,1.7379,0.299,0.000,0.002,0.108,0.062,174,79,21,3,229,0,115180.41,37308.475,19671.413,13.734,21824.265,92.223,35348.541,17784.076,4829.048,8105.288,6484.230,1778.909,4.922,1162.257,0.000267,-0.039322,6868,0,6,15,21,6,6780,174,15,13.688,0,0,0,0,0,0,0,0,0,0,0,0,0,0,52816,818,6694,43035.489,19670.438,21823.379,0.046,13.688,24981.766,16079.628,282.599,118,251,77,6,168,76712,0,0,0,0.000,0.000,0.000,0.000,0.000,0.000,0.000,0.000,0,0,0,0,0,0,0,0,0,0.000,0.000,0.000,0.000,0.000,0.000,0.000,0.000,0,0,0,0,0,0,0,0,0,0.000,0.000,0.000,0.000,0.000,0.000,0.000,0.000,0,0,0,0,0,0,0,0,0,0.000,0.000,0.000,0.000,0.000,0.000,0.000,0.000,0,0,0,0,0,0,0,0,0,0.000,0.000,0.000,0.000,0.000,0.000,0.000,0.000,0,0,0,0,0,0,0,0,0,0,0,0,0,0,0,0,0,0,75905,26951,9799,10773,2665,1278,0,0,0,0,0,0,45354,11912,7810,7462,3074,1328,0,0,0,0,0,0,909.489,110.420,8016.216,1629.255,0,0,0,299,190,361,837,299,180,980,369,769,343,22,393,479,288,392,323,42,171,0,0,0,0,0,0,0,0,0,0,0,0,1527,0,0,0,0,0,0,0,928,0,0,0,0,0,0,0,0,0,0,0,0,0,0,0,0,0,0,0,0,0,0,0,1.0000,1.0000,27,27,27,0.4416,0.3579,38,0,0
12301,410.0,4437,63,63,2826,1611,0,0,2808,574.97,0.876,0.678,0.366,0.062,0.598,-0.964,3.551,0.2452,1.7086,0.305,0.000,0.001,0.108,0.062,221,76,28,0,205,0,109823.34,35798.200,17661.403,25.413,19701.636,95.580,33467.743,16441.460,4691.095,8162.608,6530.086,1409.982,12.345,1186.942,0.000222,-0.038172,6404,0,5,23,28,5,6711,226,23,25.396,0,0,0,0,0,0,0,0,0,0,0,0,0,0,49314,734,6178,38782.427,17660.747,19700.350,0.017,25.396,23237.268,14768.935,281.537,125,209,68,5,136,76228,0,0,0,0.000,0.000,0.000,0.000,0.000,0.000,0.000,0.000,0,0,0,0,0,0,0,0,0,0.000,0.000,0.000,0.000,0.000,0.000,0.000,0.000,0,0,0,0,0,0,0,0,0,0.000,0.000,0.000,0.000,0.000,0.000,0.000,0.000,0,0,0,0,0,0,0,0,0,0.000,0.000,0.000,0.000,0.000,0.000,0.000,0.000,0,0,0,0,0,0,0,0,0,0.000,0.000,0.000,0.000,0.000,0.000,0.000,0.000,0,0,0,0,0,0,0,0,0,0,0,0,0,0,0,0,0,0,75086,26442,9766,10546,2643,1203,0,0,0,0,0,0,42420,11016,7154,6894,2694,1238,0,0,0,0,0,0,882.370,111.536,7178.348,1487.203,0,0,0,259,168,331,755,250,169,956,371,754,332,26,387,462,268,367,316,26,172,0,0,0,0,0,0,0,0,0,0,0,0,1499,0,0,0,0,0,0,0,881,0,0,0,0,0,0,0,0,0,0,0,0,0,0,0,0,0,0,0,0,0,0,0,1.0000,1.0000,27,27,27,0.4373,0.3584,39,0,0
12331,411.0,4290,59,63,2788,1502,0,0,2664,456.44,0.859,0.668,0.365,0.061,0.610,-0.963,3.553,0.2450,1.7451,0.305,0.000,0.003,0.109,0.062,225,63,26,0,212,0,102921.86,34137.513,15472.917,23.362,18697.968,101.061,32154.003,15619.071,4558.521,6962.250,5569.800,1754.742,11.511,1044.975,0.000153,-0.037511,6096,0,5,21,26,5,6693,193,21,23.360,0,0,0,0,0,0,0,0,0,0,0,0,0,0,46884,643,5903,35430.424,15471.932,18697.194,0.002,23.360,22077.996,14007.454,246.309,102,211,62,5,144,69232,0,0,0,0.000,0.000,0.000,0.000,0.000,0.000,0.000,0.000,0,0,0,0,0,0,0,0,0,0.000,0.000,0.000,0.000,0.000,0.000,0.000,0.000,0,0,0,0,0,0,0,0,0,0.000,0.000,0.000,0.000,0.000,0.000,0.000,0.000,0,0,0,0,0,0,0,0,0,0.000,0.000,0.000,0.000,0.000,0.000,0.000,0.000,0,0,0,0,0,0,0,0,0,0.000,0.000,0.000,0.000,0.000,0.000,0.000,0.000,0,0,0,0,0,0,0,0,0,0,0,0,0,0,0,0,0,0,73924,25936,9601,10345,2600,1240,0,0,0,0,0,0,40289,10606,7075,6595,2632,1100,0,0,0,0,0,0,863.263,109.538,6848.639,1448.678,0,0,0,244,133,281,662,252,135,942,357,756,332,27,374,427,257,354,279,39,146,0,0,0,0,0,0,0,0,0,0,0,0,1489,0,0,0,0,0,0,0,818,0,0,0,0,0,0,0,0,0,0,0,0,0,0,0,0,0,0,0,0,0,0,0,1.0000,1.0000,27,27,27,0.4295,0.3462,39,0,0
12361,412.0,4159,49,63,2741,1418,0,0,2556,527.54,0.846,0.661,0.366,0.061,0.618,-0.964,3.555,0.2460,1.7169,0.310,0.001,0.001,0.109,0.063,227,62,30,0,183,0,96118.59,32185.776,14021.832,28.742,16949.565,110.023,30681.201,14697.043,4340.542,6489.693,5191.755,1120.073,7.788,895.029,0.000241,-0.038163,5503,0,3,27,30,3,6508,179,27,28.741,0,0,0,0,0,0,0,0,0,0,0,0,0,0,43943,584,5324,32133.266,14021.228,16948.768,0.001,28.741,20735.634,13121.506,233.797,95,179,58,3,118,53948,0,0,0,0.000,0.000,0.000,0.000,0.000,0.000,0.000,0.000,0,0,0,0,0,0,0,0,0,0.000,0.000,0.000,0.000,0.000,0.000,0.000,0.000,0,0,0,0,0,0,0,0,0,0.000,0.000,0.000,0.000,0.000,0.000,0.000,0.000,0,0,0,0,0,0,0,0,0,0.000,0.000,0.000,0.000,0.000,0.000,0.000,0.000,0,0,0,0,0,0,0,0,0,0.000,0.000,0.000,0.000,0.000,0.000,0.000,0.000,0,0,0,0,0,0,0,0,0,0,0,0,0,0,0,0,0,0,72656,25321,9209,10262,2642,1051,0,0,0,0,0,0,37487,9409,6678,6456,2748,738,0,0,0,0,0,0,853.059,100.354,6285.588,1345.174,0,0,0,189,126,274,599,191,123,916,332,773,330,28,362,404,225,336,275,29,149,0,0,0,0,0,0,0,0,0,0,0,0,1493,0,0,0,0,0,0,0,789,0,0,0,0,0,0,0,0,0,0,0,0,0,0,0,0,0,0,0,0,0,0,0,1.0000,1.0000,27,27,27,0.4398,0.3562,37,0,0
12391,413.0,3951,60,63,2677,1274,0,0,2413,565.04,0.820,0.646,0.366,0.060,0.634,-0.964,3.554,0.2465,1.7158,0.310,0.000,0.000,0.109,0.063,225,66,37,1,210,0,89216.12,30593.399,12547.059,40.897,15456.601,98.651,28865.555,13755.186,4135.670,4702.857,3762.286,1464.130,0.000,922.717,0.000230,-0.038403,5208,0,6,31,36,6,6149,289,30,40.892,0,0,0,0,0,0,0,0,0,0,0,0,0,0,40458,523,4919,29062.131,12546.715,15455.689,0.005,40.892,19091.425,12232.860,222.138,68,212,60,6,146,69271,0,0,0,0.000,0.000,0.000,0.000,0.000,0.000,0.000,0.000,0,0,0,0,0,0,0,0,0,0.000,0.000,0.000,0.000,0.000,0.000,0.000,0.000,0,0,0,0,0,0,0,0,0,0.000,0.000,0.000,0.000,0.000,0.000,0.000,0.000,0,0,0,0,0,0,0,0,0,0.000,0.000,0.000,0.000,0.000,0.000,0.000,0.000,0,0,0,0,0,0,0,0,0,0.000,0.000,0.000,0.000,0.000,0.000,0.000,0.000,0,0,0,0,0,0,0,0,0,0,0,0,0,0,0,0,0,0,71165,24457,8942,10188,2609,1040,0,0,0,0,0,0,34627,8909,5948,5831,2482,679,0,0,0,0,0,0,818.871,95.361,5975.486,1234.048,0,0,0,209,130,206,534,205,128,886,335,743,325,31,357,349,214,306,230,38,137,0,0,0,0,0,0,0,0,0,0,0,0,1456,0,0,0,0,0,0,0,711,0,0,0,0,0,0,0,0,0,0,0,0,0,0,0,0,0,0,0,0,0,0,0,1.0000,1.0000,26,26,26,0.4296,0.3690,37,0,0
12421,414.0,3789,55,63,2630,1159,0,0,2239,583.35,0.797,0.633,0.363,0.060,0.649,-0.964,3.558,0.2473,1.6727,0.319,0.000,0.001,0.110,0.062,222,68,15,0,199,0,83675.08,29074.558,11651.904,16.604,14206.953,106.198,26844.846,12411.157,3907.883,5334.107,4267.285,1182.038,0.000,871.359,0.000149,-0.037947,4645,0,2,13,14,2,6144,291,12,16.588,0,0,0,0,0,0,0,0,0,0,0,0,0,0,36614,484,4354,26804.799,11651.324,14206.328,0.002,16.588,17272.830,10927.959,207.297,78,193,62,2,129,64524,0,0,0,0.000,0.000,0.000,0.000,0.000,0.000,0.000,0.000,0,0,0,0,0,0,0,0,0,0.000,0.000,0.000,0.000,0.000,0.000,0.000,0.000,0,0,0,0,0,0,0,0,0,0.000,0.000,0.000,0.000,0.000,0.000,0.000,0.000,0,0,0,0,0,0,0,0,0,0.000,0.000,0.000,0.000,0.000,0.000,0.000,0.000,0,0,0,0,0,0,0,0,0,0.000,0.000,0.000,0.000,0.000,0.000,0.000,0.000,0,0,0,0,0,0,0,0,0,0,0,0,0,0,0,0,0,0,69664,23966,8761,10056,2649,1011,0,0,0,0,0,0,31317,7903,5777,5297,2324,551,0,0,0,0,0,0,799.601,96.086,5296.051,1197.894,0,0,0,161,96,234,496,175,86,876,324,714,336,32,348,337,191,278,220,29,104,0,0,0,0,0,0,0,0,0,0,0,0,1430,0,0,0,0,0,0,0,631,0,0,0,0,0,0,0,0,0,0,0,0,0,0,0,0,0,0,0,0,0,0,0,1.0000,1.0000,24,24,24,0.4204,0.3424,36,0,0
12451,415.0,3621,65,60,2573,1048,0,0,2037,535.01,0.774,0.619,0.362,0.057,0.663,-0.965,3.560,0.2470,1.6888,0.321,0.000,0.003,0.111,0.062,236,75,21,0,181,0,79650.98,27743.123,10458.977,25.685,12974.085,111.805,24878.924,11132.833,3577.115,4821.423,3857.139,950.309,6.140,742.277,0.000131,-0.038310,4405,0,0,21,19,0,6060,259,19,25.685,0,0,0,0,0,0,0,0,0,0,0,0,0,0,32943,434,4146,24283.403,10458.540,12973.641,0.000,25.685,15494.701,9707.577,187.321,69,180,69,0,111,59196,0,0,0,0.000,0.000,0.000,0.000,0.000,0.000,0.000,0.000,0,0,0,0,0,0,0,0,0,0.000,0.000,0.000,0.000,0.000,0.000,0.000,0.000,0,0,0,0,0,0,0,0,0,0.000,0.000,0.000,0.000,0.000,0.000,0.000,0.000,0,0,0,0,0,0,0,0,0,0.000,0.000,0.000,0.000,0.000,0.000,0.000,0.000,0,0,0,0,0,0,0,0,0,0.000,0.000,0.000,0.000,0.000,0.000,0.000,0.000,0,0,0,0,0,0,0,0,0,0,0,0,0,0,0,0,0,0,68102,23217,8975,9998,2693,989,0,0,0,0,0,0,28195,7414,4697,4748,2097,653,0,0,0,0,0,0,777.723,99.722,4955.981,945.103,0,0,0,162,109,183,444,153,112,859,338,693,328,33,322,296,160,260,227,18,87,0,0,0,0,0,0,0,0,0,0,0,0,1376,0,0,0,0,0,0,0,592,0,0,0,0,0,0,0,0,0,0,0,0,0,0,0,0,0,0,0,0,0,0,0,1.0000,1.0000,23,23,23,0.4280,0.3557,34,0,0
12481,416.0,3480,74,60,2524,956,0,0,1869,590.77,0.753,0.608,0.361,0.057,0.676,-0.965,3.563,0.2474,1.6599,0.320,0.000,0.003,0.111,0.063,253,67,14,0,164,0,76454.20,26738.210,9415.298,14.797,12227.921,117.305,23347.489,10032.047,3314.558,4662.823,3730.259,914.868,12.381,811.176,0.000142,-0.038978,4035,0,0,14,13,0,5882,184,13,14.797,0,0,0,0,0,0,0,0,0,0,0,0,0,0,30123,391,3851,22445.046,9414.702,12227.285,0.000,14.797,14135.414,8654.181,164.968,68,160,60,0,100,61056,0,0,0,0.000,0.000,0.000,0.000,0.000,0.000,0.000,0.000,0,0,0,0,0,0,0,0,0,0.000,0.000,0.000,0.000,0.000,0.000,0.000,0.000,0,0,0,0,0,0,0,0,0,0.000,0.000,0.000,0.000,0.000,0.000,0.000,0.000,0,0,0,0,0,0,0,0,0,0.000,0.000,0.000,0.000,0.000,0.000,0.000,0.000,0,0,0,0,0,0,0,0,0,0.000,0.000,0.000,0.000,0.000,0.000,0.000,0.000,0,0,0,0,0,0,0,0,0,0,0,0,0,0,0,0,0,0,66911,22779,9321,9676,2543,959,0,0,0,0,0,0,25859,6602,4477,4264,1761,599,0,0,0,0,0,0,757.064,107.999,4321.908,891.040,0,0,0,137,92,182,402,125,96,833,341,674,322,32,322,251,183,242,190,23,67,0,0,0,0,0,0,0,0,0,0,0,0,1350,0,0,0,0,0,0,0,522,0,0,0,0,0,0,0,0,0,0,0,0,0,0,0,0,0,0,0,0,0,0,0,1.0000,1.0000,23,23,23,0.4114,0.3467,31,0,0
12511,417.0,3359,64,60,2495,864,0,0,1773,602.91,0.730,0.593,0.361,0.056,0.692,-0.965,3.567,0.2473,1.7003,0.311,0.000,0.003,0.111,0.062,260,67,11,1,142,0,74344.97,25045.253,9194.022,7.103,10572.279,116.279,21811.754,9012.913,3052.353,4125.185,3300.148,727.319,96.386,829.850,0.000137,-0.039939,3381,0,1,10,11,1,5664,213,10,7.103,0,0,0,0,0,0,0,0,0,0,0,0,0,0,27121,382,3168,20491.187,9193.879,10570.587,0.000,7.103,12752.060,7674.336,149.523,52,144,61,1,82,46795,0,0,0,0.000,0.000,0.000,0.000,0.000,0.000,0.000,0.000,0,0,0,0,0,0,0,0,0,0.000,0.000,0.000,0.000,0.000,0.000,0.000,0.000,0,0,0,0,0,0,0,0,0,0.000,0.000,0.000,0.000,0.000,0.000,0.000,0.000,0,0,0,0,0,0,0,0,0,0.000,0.000,0.000,0.000,0.000,0.000,0.000,0.000,0,0,0,0,0,0,0,0,0,0.000,0.000,0.000,0.000,0.000,0.000,0.000,0.000,0,0,0,0,0,0,0,0,0,0,0,0,0,0,0,0,0,0,65629,22496,9205,9627,2479,932,0,0,0,0,0,0,23272,5541,4597,3849,1523,598,0,0,0,0,0,0,745.099,106.361,3613.234,918.134,0,0,0,119,95,172,396,129,96,835,330,661,318,31,320,215,170,218,157,22,82,0,0,0,0,0,0,0,0,0,0,0,0,1330,0,0,0,0,0,0,0,479,0,0,0,0,0,0,0,0,0,0,0,0,0,0,0,0,0,0,0,0,0,0,0,1.0000,1.0000,22,22,22,0.4062,0.3423,30,0,0
12541,418.0,3257,93,60,2454,803,0,0,1660,612.65,0.714,0.584,0.361,0.056,0.701,-0.966,3.578,0.2487,1.6335,0.324,0.000,0.002,0.112,0.062,275,54,14,0,132,0,72419.05,24513.696,8115.484,17.953,9962.055,120.543,20760.328,8490.865,2921.391,4136.423,3309.139,686.697,66.723,819.769,0.000181,-0.041482,3220,0,2,12,13,2,5521,225,11,17.951,0,0,0,0,0,0,0,0,0,0,0,0,0,0,25093,336,2995,18734.131,8114.285,9961.169,0.002,17.951,11795.875,7179.662,131.164,56,117,39,2,76,43428,0,0,0,0.000,0.000,0.000,0.000,0.000,0.000,0.000,0.000,0,0,0,0,0,0,0,0,0,0.000,0.000,0.000,0.000,0.000,0.000,0.000,0.000,0,0,0,0,0,0,0,0,0,0.000,0.000,0.000,0.000,0.000,0.000,0.000,0.000,0,0,0,0,0,0,0,0,0,0.000,0.000,0.000,0.000,0.000,0.000,0.000,0.000,0,0,0,0,0,0,0,0,0,0.000,0.000,0.000,0.000,0.000,0.000,0.000,0.000,0,0,0,0,0,0,0,0,0,0,0,0,0,0,0,0,0,0,64818,22219,8969,9534,2464,879,30,0,0,0,0,0,21623,5466,3821,3470,1214,565,0,0,0,0,0,0,746.123,102.323,3420.033,800.959,0,0,0,133,91,160,355,119,89,813,325,653,315,29,319,207,130,213,159,17,77,0,0,0,0,0,0,0,0,0,0,0,0,1316,0,0,0,0,0,0,0,466,0,0,0,0,0,0,0,0,0,0,0,0,0,0,0,0,0,0,0,0,0,0,0,1.0000,1.0000,23,23,23,0.4050,0.3446,30,0,0
12571,419.0,3183,90,60,2444,739,0,0,1579,595.14,0.695,0.572,0.360,0.056,0.714,-0.966,3.578,0.2477,1.6689,0.320,0.001,0.004,0.112,0.062,254,49,9,1,111,0,71647.12,24012.524,7825.150,9.931,9636.720,128.341,19739.863,7900.408,2721.303,3860.550,3088.440,798.220,37.648,649.973,0.000128,-0.041420,2884,0,0,9,9,0,5453,143,9,9.931,0,0,0,0,0,0,0,0,0,0,0,0,0,0,23146,325,2741,18076.273,7824.625,9636.049,0.000,9.931,10871.204,6614.259,126.257,47,111,41,0,70,44548,0,0,0,0.000,0.000,0.000,0.000,0.000,0.000,0.000,0.000,0,0,0,0,0,0,0,0,0,0.000,0.000,0.000,0.000,0.000,0.000,0.000,0.000,0,0,0,0,0,0,0,0,0,0.000,0.000,0.000,0.000,0.000,0.000,0.000,0.000,0,0,0,0,0,0,0,0,0,0.000,0.000,0.000,0.000,0.000,0.000,0.000,0.000,0,0,0,0,0,0,0,0,0,0.000,0.000,0.000,0.000,0.000,0.000,0.000,0.000,0,0,0,0,0,0,0,0,0,0,0,0,0,0,0,0,0,0,64145,21649,8902,9225,2347,794,30,0,0,0,0,0,19891,5040,3443,3255,1119,507,0,0,0,0,0,0,728.750,101.619,3132.201,679.441,0,0,0,117,78,144,342,122,72,795,319,666,310,38,316,193,126,177,144,23,76,0,0,0,0,0,0,0,0,0,0,0,0,1330,0,0,0,0,0,0,0,420,0,0,0,0,0,0,0,0,0,0,0,0,0,0,0,0,0,0,0,0,0,0,0,1.0000,1.0000,23,23,23,0.3997,0.3439,30,0,0
12601,420.0,3124,100,57,2421,703,0,0,1479,660.20,0.685,0.568,0.357,0.056,0.721,-0.966,3.578,0.2457,1.6490,0.325,0.000,0.003,0.113,0.062,282,48,16,0,104,0,71969.06,23936.702,8165.494,16.759,8647.310,133.323,18943.819,7264.410,2557.729,4587.919,3670.335,1260.651,121.556,731.264,0.000223,-0.041602,2636,0,3,13,16,3,5391,195,13,16.758,0,0,0,0,0,0,0,0,0,0,0,0,0,0,21568,340,2441,17441.811,8165.351,8646.720,0.001,16.758,10139.751,5998.630,130.923,61,97,42,3,52,35240,0,0,0,0.000,0.000,0.000,0.000,0.000,0.000,0.000,0.000,0,0,0,0,0,0,0,0,0,0.000,0.000,0.000,0.000,0.000,0.000,0.000,0.000,0,0,0,0,0,0,0,0,0,0.000,0.000,0.000,0.000,0.000,0.000,0.000,0.000,0,0,0,0,0,0,0,0,0,0.000,0.000,0.000,0.000,0.000,0.000,0.000,0.000,0,0,0,0,0,0,0,0,0,0.000,0.000,0.000,0.000,0.000,0.000,0.000,0.000,0,0,0,0,0,0,0,0,0,0,0,0,0,0,0,0,0,0,63767,21501,8874,8938,2231,756,45,0,0,0,0,0,18553,4442,3443,3015,996,473,0,0,0,0,0,0,710.795,100.878,2688.903,693.986,0,0,0,134,77,148,349,126,72,787,326,654,295,37,322,173,127,165,144,21,73,0,0,0,0,0,0,0,0,0,0,0,0,1308,0,0,0,0,0,0,0,403,0,0,0,0,0,0,0,0,0,0,0,0,0,0,0,0,0,0,0,0,0,0,0,1.0000,1.0000,22,22,22,0.4006,0.3393,30,0,0
12631,421.0,3107,114,57,2411,696,0,0,1425,709.67,0.682,0.567,0.356,0.056,0.722,-0.965,3.584,0.2464,1.6720,0.324,0.000,0.000,0.113,0.061,289,37,13,1,87,0,73408.97,24328.338,7598.474,18.258,9543.150,136.439,18583.940,7013.154,2438.452,4915.874,3932.699,682.075,24.779,779.590,0.000137,-0.041161,2737,0,3,10,13,3,5126,184,10,18.257,0,0,0,0,0,0,0,0,0,0,0,0,0,0,20940,316,2553,17796.812,7598.247,9542.261,0.000,18.257,9795.899,5771.221,113.955,62,69,30,3,36,26889,0,0,0,0.000,0.000,0.000,0.000,0.000,0.000,0.000,0.000,0,0,0,0,0,0,0,0,0,0.000,0.000,0.000,0.000,0.000,0.000,0.000,0.000,0,0,0,0,0,0,0,0,0,0.000,0.000,0.000,0.000,0.000,0.000,0.000,0.000,0,0,0,0,0,0,0,0,0,0.000,0.000,0.000,0.000,0.000,0.000,0.000,0.000,0,0,0,0,0,0,0,0,0,0.000,0.000,0.000,0.000,0.000,0.000,0.000,0.000,0,0,0,0,0,0,0,0,0,0,0,0,0,0,0,0,0,0,63662,21154,9011,8882,2190,771,60,0,0,0,0,0,18084,4351,3304,2856,900,351,0,0,0,0,0,0,695.855,105.242,2598.912,622.506,0,0,0,130,62,146,324,116,60,770,325,654,307,38,317,184,106,172,154,15,65,0,0,0,0,0,0,0,0,0,0,0,0,1316,0,0,0,0,0,0,0,406,0,0,0,0,0,0,0,0,0,0,0,0,0,0,0,0,0,0,0,0,0,0,0,1.0000,1.0000,22,22,22,0.4132,0.3436,30,0,0
12661,422.0,3100,124,57,2399,701,0,0,1388,755.66,0.685,0.568,0.355,0.054,0.721,-0.965,3.589,0.2467,1.6731,0.321,0.000,0.001,0.113,0.062,284,34,16,1,78,0,74728.00,23850.826,7930.099,27.031,9750.581,127.463,18527.172,7086.911,2349.034,5050.622,4040.497,784.582,42.404,688.695,0.000204,-0.041111,2799,0,0,16,14,0,5239,157,14,27.028,0,0,0,0,0,0,0,0,0,0,0,0,0,0,21000,330,2642,18314.283,7929.593,9750.150,0.000,27.028,9802.103,5863.737,108.379,64,59,27,0,32,21078,0,0,0,0.000,0.000,0.000,0.000,0.000,0.000,0.000,0.000,0,0,0,0,0,0,0,0,0,0.000,0.000,0.000,0.000,0.000,0.000,0.000,0.000,0,0,0,0,0,0,0,0,0,0.000,0.000,0.000,0.000,0.000,0.000,0.000,0.000,0,0,0,0,0,0,0,0,0,0.000,0.000,0.000,0.000,0.000,0.000,0.000,0.000,0,0,0,0,0,0,0,0,0,0.000,0.000,0.000,0.000,0.000,0.000,0.000,0.000,0,0,0,0,0,0,0,0,0,0,0,0,0,0,0,0,0,0,63161,20792,8876,8804,2085,837,60,0,0,0,0,0,18126,4653,2794,2874,928,340,0,0,0,0,0,0,683.964,103.959,2734.308,531.147,0,0,0,127,65,158,340,116,68,755,328,660,299,38,319,183,94,186,159,13,66,0,0,0,0,0,0,0,0,0,0,0,0,1316,0,0,0,0,0,0,0,424,0,0,0,0,0,0,0,0,0,0,0,0,0,0,0,0,0,0,0,0,0,0,0,1.0000,1.0000,23,23,23,0.4136,0.3465,30,0,0
12691,423.0,3143,113,57,2430,713,0,0,1411,682.02,0.685,0.569,0.355,0.055,0.720,-0.965,3.597,0.2451,1.6648,0.318,0.000,0.003,0.113,0.061,261,41,16,0,55,0,77167.36,24124.674,9171.452,29.680,9580.653,124.790,18751.554,7213.024,2314.369,6274.522,5019.617,619.819,71.888,660.892,0.000113,-0.041774,2642,0,0,16,16,0,5400,130,16,29.680,0,0,0,0,0,0,0,0,0,0,0,0,0,0,21315,381,2512,19426.603,9170.537,9580.300,0.000,29.680,9969.819,5979.915,112.866,76,64,38,0,26,20761,0,0,0,0.000,0.000,0.000,0.000,0.000,0.000,0.000,0.000,0,0,0,0,0,0,0,0,0,0.000,0.000,0.000,0.000,0.000,0.000,0.000,0.000,0,0,0,0,0,0,0,0,0,0.000,0.000,0.000,0.000,0.000,0.000,0.000,0.000,0,0,0,0,0,0,0,0,0,0.000,0.000,0.000,0.000,0.000,0.000,0.000,0.000,0,0,0,0,0,0,0,0,0,0.000,0.000,0.000,0.000,0.000,0.000,0.000,0.000,0,0,0,0,0,0,0,0,0,0,0,0,0,0,0,0,0,0,63516,20622,8938,8880,2043,896,60,0,0,0,0,0,18594,4669,2857,2721,806,457,0,0,0,0,0,0,683.803,105.399,2730.566,548.360,0,0,0,142,91,162,406,156,81,757,328,658,311,41,335,186,121,182,134,17,73,0,0,0,0,0,0,0,0,0,0,0,0,1345,0,0,0,0,0,0,0,406,0,0,0,0,0,0,0,0,0,0,0,0,0,0,0,0,0,0,0,0,0,0,0,1.0000,1.0000,22,22,22,0.4371,0.3469,30,0,0
12721,424.0,3173,116,57,2436,737,0,0,1390,734.11,0.691,0.573,0.353,0.055,0.716,-0.964,3.598,0.2448,1.7018,0.316,0.000,0.003,0.113,0.061,273,46,21,0,69,0,80343.78,24755.451,9854.264,36.253,10126.117,118.355,18862.032,7327.205,2318.032,7124.178,5699.342,742.867,66.620,727.954,0.000158,-0.041040,2621,0,1,20,21,1,5626,134,20,36.249,0,0,0,0,0,0,0,0,0,0,0,0,0,0,21452,410,2487,20746.046,9853.923,10125.440,0.004,36.249,10025.144,6081.191,128.179,98,74,37,1,36,30726,0,0,0,0.000,0.000,0.000,0.000,0.000,0.000,0.000,0.000,0,0,0,0,0,0,0,0,0,0.000,0.000,0.000,0.000,0.000,0.000,0.000,0.000,0,0,0,0,0,0,0,0,0,0.000,0.000,0.000,0.000,0.000,0.000,0.000,0.000,0,0,0,0,0,0,0,0,0,0.000,0.000,0.000,0.000,0.000,0.000,0.000,0.000,0,0,0,0,0,0,0,0,0,0.000,0.000,0.000,0.000,0.000,0.000,0.000,0.000,0,0,0,0,0,0,0,0,0,0,0,0,0,0,0,0,0,0,63712,20588,9215,9109,2096,913,60,8,0,0,0,0,18927,4936,3208,2525,708,316,0,0,0,0,0,0,682.967,110.076,2791.263,595.765,0,0,0,149,94,184,424,145,96,764,336,653,308,39,336,202,122,181,141,13,78,0,0,0,0,0,0,0,0,0,0,0,0,1336,0,0,0,0,0,0,0,413,0,0,0,0,0,0,0,0,0,0,0,0,0,0,0,0,0,0,0,0,0,0,0,1.0000,1.0000,21,21,21,0.4259,0.3254,30,0,0
12751,425.0,3193,126,54,2429,764,0,0,1384,742.20,0.699,0.577,0.354,0.054,0.710,-0.964,3.607,0.2436,1.6805,0.315,0.001,0.001,0.113,0.061,282,33,29,0,75,0,82100.22,25445.954,9114.368,58.329,10779.968,111.300,19206.404,7706.807,2302.291,6427.780,5142.224,1548.281,31.408,781.470,0.000105,-0.040980,3025,0,2,27,28,2,5611,184,26,58.313,0,0,0,0,0,0,0,0,0,0,0,0,0,0,22304,379,2841,20652.079,9113.525,10779.377,0.003,58.313,10363.522,6452.445,118.604,82,55,25,2,28,21065,0,0,0,0.000,0.000,0.000,0.000,0.000,0.000,0.000,0.000,0,0,0,0,0,0,0,0,0,0.000,0.000,0.000,0.000,0.000,0.000,0.000,0.000,0,0,0,0,0,0,0,0,0,0.000,0.000,0.000,0.000,0.000,0.000,0.000,0.000,0,0,0,0,0,0,0,0,0,0.000,0.000,0.000,0.000,0.000,0.000,0.000,0.000,0,0,0,0,0,0,0,0,0,0.000,0.000,0.000,0.000,0.000,0.000,0.000,0.000,0,0,0,0,0,0,0,0,0,0,0,0,0,0,0,0,0,0,63833,20802,8992,9002,2097,931,60,20,0,0,0,0,19688,5466,3664,2616,730,315,0,0,0,0,0,0,704.214,105.316,3162.410,685.458,0,0,0,142,92,178,402,142,93,767,327,657,297,44,337,220,132,175,150,14,73,0,0,0,0,0,0,0,0,0,0,0,0,1335,0,0,0,0,0,0,0,412,0,0,0,0,0,0,0,0,0,0,0,0,0,0,0,0,0,0,0,0,0,0,0,1.0000,1.0000,23,23,23,0.4317,0.3620,32,0,0
12781,426.0,3289,127,54,2465,824,0,0,1410,693.57,0.714,0.585,0.352,0.054,0.701,-0.964,3.605,0.2438,1.6753,0.309,0.000,0.001,0.113,0.061,267,36,20,0,59,0,85596.27,26263.863,11125.011,27.177,11239.517,123.833,19901.844,8201.831,2266.485,8978.343,7182.675,820.782,26.479,906.907,0.000214,-0.042133,3032,0,4,16,20,4,5542,220,16,27.170,0,0,0,0,0,0,0,0,0,0,0,0,0,0,23733,463,2812,23213.260,11124.550,11238.585,0.007,27.170,11000.167,6949.933,122.869,120,60,30,4,26,20146,0,0,0,0.000,0.000,0.000,0.000,0.000,0.000,0.000,0.000,0,0,0,0,0,0,0,0,0,0.000,0.000,0.000,0.000,0.000,0.000,0.000,0.000,0,0,0,0,0,0,0,0,0,0.000,0.000,0.000,0.000,0.000,0.000,0.000,0.000,0,0,0,0,0,0,0,0,0,0.000,0.000,0.000,0.000,0.000,0.000,0.000,0.000,0,0,0,0,0,0,0,0,0,0.000,0.000,0.000,0.000,0.000,0.000,0.000,0.000,0,0,0,0,0,0,0,0,0,0,0,0,0,0,0,0,0,0,64271,20713,9181,8989,2121,932,60,0,0,0,0,0,21074,6041,3682,2659,790,343,0,0,0,0,0,0,696.504,106.507,3440.471,675.673,0,0,0,157,112,211,479,164,105,766,345,661,304,42,347,237,138,195,153,19,82,0,0,0,0,0,0,0,0,0,0,0,0,1354,0,0,0,0,0,0,0,449,0,0,0,0,0,0,0,0,0,0,0,0,0,0,0,0,0,0,0,0,0,0,0,1.0000,1.0000,24,24,24,0.4251,0.3445,32,0,0
12811,427.0,3377,152,54,2508,869,0,0,1483,577.19,0.723,0.589,0.352,0.054,0.695,-0.964,3.602,0.2437,1.6569,0.308,0.000,0.001,0.112,0.059,245,42,25,0,63,0,89786.23,27383.935,12419.402,41.658,12038.494,112.629,20660.111,8616.512,2364.890,9080.899,7264.720,1206.752,42.664,947.923,0.000283,-0.042578,3183,0,5,20,24,5,5739,172,19,41.646,0,0,0,0,0,0,0,0,0,0,0,0,0,0,25101,517,3011,25412.679,12418.813,12038.110,0.010,41.646,11619.394,7351.383,122.352,119,74,40,5,29,22194,0,0,0,0.000,0.000,0.000,0.000,0.000,0.000,0.000,0.000,0,0,0,0,0,0,0,0,0,0.000,0.000,0.000,0.000,0.000,0.000,0.000,0.000,0,0,0,0,0,0,0,0,0,0.000,0.000,0.000,0.000,0.000,0.000,0.000,0.000,0,0,0,0,0,0,0,0,0,0.000,0.000,0.000,0.000,0.000,0.000,0.000,0.000,0,0,0,0,0,0,0,0,0,0.000,0.000,0.000,0.000,0.000,0.000,0.000,0.000,0,0,0,0,0,0,0,0,0,0,0,0,0,0,0,0,0,0,65226,20807,9246,9212,2215,941,60,0,0,0,0,0,22388,6155,3777,2713,803,294,0,0,0,0,0,0,696.939,103.921,3612.231,711.587,0,0,0,202,131,231,539,184,123,777,339,683,304,46,359,240,152,197,180,14,86,0,0,0,0,0,0,0,0,0,0,0,0,1392,0,0,0,0,0,0,0,477,0,0,0,0,0,0,0,0,0,0,0,0,0,0,0,0,0,0,0,0,0,0,0,1.0000,1.0000,23,23,23,0.4369,0.3517,33,0,0
12841,428.0,3497,110,54,2548,949,0,0,1511,587.73,0.742,0.601,0.351,0.054,0.683,-0.963,3.611,0.2434,1.6877,0.304,0.001,0.003,0.112,0.059,251,29,30,1,69,0,94436.16,28950.343,13926.722,50.899,13388.928,114.813,21804.811,9337.013,2445.276,10740.487,8592.390,1466.232,49.425,1027.189,0.000217,-0.043180,3383,0,3,27,30,3,5879,183,27,50.894,0,0,0,0,0,0,0,0,0,0,0,0,0,0,27283,584,3200,28410.960,13926.090,13388.050,0.005,50.894,12605.197,8036.565,141.268,147,67,26,3,38,23666,0,0,0,0.000,0.000,0.000,0.000,0.000,0.000,0.000,0.000,0,0,0,0,0,0,0,0,0,0.000,0.000,0.000,0.000,0.000,0.000,0.000,0.000,0,0,0,0,0,0,0,0,0,0.000,0.000,0.000,0.000,0.000,0.000,0.000,0.000,0,0,0,0,0,0,0,0,0,0.000,0.000,0.000,0.000,0.000,0.000,0.000,0.000,0,0,0,0,0,0,0,0,0,0.000,0.000,0.000,0.000,0.000,0.000,0.000,0.000,0,0,0,0,0,0,0,0,0,0,0,0,0,0,0,0,0,0,66325,21236,9051,9454,2470,918,60,25,0,0,0,0,24406,6802,4177,2877,831,370,0,0,0,0,0,0,711.495,102.368,3972.553,787.834,0,0,0,208,101,248,599,220,119,804,333,699,307,46,359,273,161,222,187,18,88,0,0,0,0,0,0,0,0,0,0,0,0,1411,0,0,0,0,0,0,0,515,0,0,0,0,0,0,0,0,0,0,0,0,0,0,0,0,0,0,0,0,0,0,0,1.0000,1.0000,24,24,24,0.4362,0.3469,33,0,0
12871,429.0,3622,132,54,2600,1022,0,0,1565,630.80,0.755,0.610,0.350,0.054,0.674,-0.962,3.609,0.2410,1.7080,0.297,0.002,0.002,0.112,0.059,255,37,21,1,65,0,99245.70,30461.873,14380.908,35.029,14358.206,119.052,22957.798,10003.726,2501.683,10671.151,8536.921,1262.409,22.449,1185.973,0.000218,-0.043811,3685,0,3,18,21,3,6084,229,18,35.024,0,0,0,0,0,0,0,0,0,0,0,0,0,0,29525,601,3456,29904.515,14380.013,14357.339,0.005,35.024,13601.338,8654.524,173.856,145,72,35,3,34,22990,0,0,0,0.000,0.000,0.000,0.000,0.000,0.000,0.000,0.000,0,0,0,0,0,0,0,0,0,0.000,0.000,0.000,0.000,0.000,0.000,0.000,0.000,0,0,0,0,0,0,0,0,0,0.000,0.000,0.000,0.000,0.000,0.000,0.000,0.000,0,0,0,0,0,0,0,0,0,0.000,0.000,0.000,0.000,0.000,0.000,0.000,0.000,0,0,0,0,0,0,0,0,0,0.000,0.000,0.000,0.000,0.000,0.000,0.000,0.000,0,0,0,0,0,0,0,0,0,0,0,0,0,0,0,0,0,0,67535,21516,9114,9574,2789,899,31,17,0,0,0,0,26320,7386,4854,3205,1110,399,0,0,0,0,0,0,727.316,99.682,4397.688,895.016,0,0,0,216,144,285,623,203,150,829,329,719,307,49,367,295,172,254,191,25,85,0,0,0,0,0,0,0,0,0,0,0,0,1442,0,0,0,0,0,0,0,555,0,0,0,0,0,0,0,0,0,0,0,0,0,0,0,0,0,0,0,0,0,0,0,1.0000,1.0000,25,25,25,0.4535,0.3661,34,1,0
12901,430.0,3804,102,52,2689,1115,0,0,1631,576.24,0.771,0.620,0.351,0.053,0.665,-0.962,3.604,0.2437,1.7332,0.294,0.001,0.004,0.111,0.058,273,40,9,0,55,0,106662.22,32256.754,17149.432,8.493,15765.370,116.133,24324.057,10752.224,2578.924,12063.073,9650.459,685.361,46.119,1198.852,0.000182,-0.043444,4156,0,1,8,9,1,6309,238,8,8.491,0,0,0,0,0,0,0,0,0,0,0,0,0,0,31969,719,3918,34216.170,17148.813,15764.219,0.002,8.491,14721.178,9331.271,197.655,158,65,34,1,30,16517,0,0,0,0.000,0.000,0.000,0.000,0.000,0.000,0.000,0.000,0,0,0,0,0,0,0,0,0,0.000,0.000,0.000,0.000,0.000,0.000,0.000,0.000,0,0,0,0,0,0,0,0,0,0.000,0.000,0.000,0.000,0.000,0.000,0.000,0.000,0,0,0,0,0,0,0,0,0,0.000,0.000,0.000,0.000,0.000,0.000,0.000,0.000,0,0,0,0,0,0,0,0,0,0.000,0.000,0.000,0.000,0.000,0.000,0.000,0.000,0,0,0,0,0,0,0,0,0,0,0,0,0,0,0,0,0,0,69512,22286,8826,9738,2946,852,0,0,0,0,0,0,28385,7860,5061,3584,1231,474,0,0,0,0,0,0,767.612,93.714,4583.602,1013.134,0,0,0,253,153,310,746,267,157,855,320,778,311,51,374,324,185,264,206,28,108,0,0,0,0,0,0,0,0,0,0,0,0,1514,0,0,0,0,0,0,0,606,0,0,0,0,0,0,0,0,0,0,0,0,0,0,0,0,0,0,0,0,0,0,0,1.0000,1.0000,25,25,25,0.4528,0.3524,35,1,0
12931,431.0,3993,90,52,2764,1229,0,0,1742,566.47,0.791,0.633,0.349,0.054,0.652,-0.962,3.605,0.2454,1.7307,0.289,0.001,0.002,0.110,0.057,260,38,25,1,62,0,112415.24,34311.414,17390.356,37.847,17193.418,112.003,26136.261,12039.721,2695.056,13424.048,10739.239,1137.550,43.792,1249.403,0.000157,-0.042758,4416,0,0,25,25,0,6653,232,25,37.847,0,0,0,0,0,0,0,0,0,0,0,0,0,0,35276,728,4184,35942.694,17390.113,17192.154,0.000,37.847,16266.938,10556.842,226.203,180,66,38,0,28,21039,0,0,0,0.000,0.000,0.000,0.000,0.000,0.000,0.000,0.000,0,0,0,0,0,0,0,0,0,0.000,0.000,0.000,0.000,0.000,0.000,0.000,0.000,0,0,0,0,0,0,0,0,0,0.000,0.000,0.000,0.000,0.000,0.000,0.000,0.000,0,0,0,0,0,0,0,0,0,0.000,0.000,0.000,0.000,0.000,0.000,0.000,0.000,0,0,0,0,0,0,0,0,0,0.000,0.000,0.000,0.000,0.000,0.000,0.000,0.000,0,0,0,0,0,0,0,0,0,0,0,0,0,0,0,0,0,0,71762,22944,8579,9829,2963,846,0,0,0,0,0,0,31482,9105,5013,3794,1207,546,0,0,0,0,0,0,784.956,91.666,5302.607,1052.913,0,0,0,255,145,331,743,267,138,876,312,809,319,54,394,355,202,301,232,31,108,0,0,0,0,0,0,0,0,0,0,0,0,1576,0,0,0,0,0,0,0,672,0,0,0,0,0,0,0,0,0,0,0,0,0,0,0,0,0,0,0,0,0,0,0,1.0000,1.0000,26,26,26,0.4504,0.3345,34,0,0
12961,432.0,4193,116,52,2847,1346,0,0,1920,477.92,0.810,0.644,0.349,0.054,0.641,-0.962,3.608,0.2444,1.7356,0.287,0.001,0.001,0.110,0.057,255,41,23,0,81,0,117992.13,36827.345,18339.361,22.537,19710.963,103.694,27881.056,13199.462,2926.031,14971.514,11977.211,1145.700,39.743,1426.057,0.000232,-0.043241,5104,0,3,20,22,3,6795,221,19,22.535,0,0,0,0,0,0,0,0,0,0,0,0,0,0,38466,764,4883,39523.544,18338.365,19710.311,0.003,22.535,17720.554,11678.945,229.376,204,87,41,3,43,17793,0,0,0,0.000,0.000,0.000,0.000,0.000,0.000,0.000,0.000,0,0,0,0,0,0,0,0,0,0.000,0.000,0.000,0.000,0.000,0.000,0.000,0.000,0,0,0,0,0,0,0,0,0,0.000,0.000,0.000,0.000,0.000,0.000,0.000,0.000,0,0,0,0,0,0,0,0,0,0.000,0.000,0.000,0.000,0.000,0.000,0.000,0.000,0,0,0,0,0,0,0,0,0,0.000,0.000,0.000,0.000,0.000,0.000,0.000,0.000,0,0,0,0,0,0,0,0,0,0,0,0,0,0,0,0,0,0,74031,23363,9209,9959,2938,904,0,0,0,0,0,0,34368,9906,5741,4098,1354,595,0,0,0,0,0,0,803.101,99.807,5989.029,1168.871,0,0,0,304,181,327,786,299,160,886,354,812,336,58,401,387,227,323,262,36,111,0,0,0,0,0,0,0,0,0,0,0,0,1607,0,0,0,0,0,0,0,732,0,0,0,0,0,0,0,0,0,0,0,0,0,0,0,0,0,0,0,0,0,0,0,1.0000,1.0000,25,25,25,0.4412,0.3382,34,0,0
12991,433.0,4362,90,52,2916,1446,0,0,2043,545.05,0.824,0.652,0.349,0.054,0.633,-0.962,3.609,0.2443,1.7605,0.282,0.001,0.002,0.110,0.057,234,47,42,0,90,0,123455.12,39053.892,20193.207,71.186,21129.044,101.279,29814.435,14445.214,3172.344,14982.677,11986.142,2048.459,40.045,1338.265,0.000191,-0.042870,5416,0,2,40,42,2,7011,178,40,71.179,0,0,0,0,0,0,0,0,0,0,0,0,0,0,41976,844,5238,42970.471,20192.155,21123.815,0.007,71.179,19375.598,12846.180,266.867,204,104,45,2,57,25158,0,0,0,0.000,0.000,0.000,0.000,0.000,0.000,0.000,0.000,0,0,0,0,0,0,0,0,0,0.000,0.000,0.000,0.000,0.000,0.000,0.000,0.000,0,0,0,0,0,0,0,0,0,0.000,0.000,0.000,0.000,0.000,0.000,0.000,0.000,0,0,0,0,0,0,0,0,0,0.000,0.000,0.000,0.000,0.000,0.000,0.000,0.000,0,0,0,0,0,0,0,0,0,0.000,0.000,0.000,0.000,0.000,0.000,0.000,0.000,0,0,0,0,0,0,0,0,0,0,0,0,0,0,0,0,0,0,76240,23957,9456,10211,3121,1060,0,0,0,0,0,0,37430,10792,6022,4546,1657,584,0,0,0,0,0,0,825.240,104.642,6736.679,1195.153,0,0,0,299,187,353,865,317,204,914,352,827,348,51,424,427,220,349,281,36,133,0,0,0,0,0,0,0,0,0,0,0,0,1650,0,0,0,0,0,0,0,799,0,0,0,0,0,0,0,0,0,0,0,0,0,0,0,0,0,0,0,0,0,0,0,1.0000,1.0000,25,25,25,0.4310,0.3480,35,1,0
13021,434.0,4562,83,52,3007,1555,0,0,2188,482.51,0.837,0.660,0.351,0.055,0.625,-0.962,3.612,0.2432,1.7458,0.282,0.001,0.001,0.110,0.056,247,43,45,0,99,0,131071.90,42141.911,22448.982,73.162,22167.776,100.754,31352.250,15527.285,3390.267,16596.934,13277.548,1831.829,38.411,1587.855,0.000232,-0.042729,5915,0,5,40,45,5,7238,325,40,73.154,0,0,0,0,0,0,0,0,0,0,0,0,0,0,44740,940,5590,46399.761,22448.545,22166.158,0.008,73.154,20657.117,13854.845,301.824,221,112,40,5,67,32907,0,0,0,0.000,0.000,0.000,0.000,0.000,0.000,0.000,0.000,0,0,0,0,0,0,0,0,0,0.000,0.000,0.000,0.000,0.000,0.000,0.000,0.000,0,0,0,0,0,0,0,0,0,0.000,0.000,0.000,0.000,0.000,0.000,0.000,0.000,0,0,0,0,0,0,0,0,0,0.000,0.000,0.000,0.000,0.000,0.000,0.000,0.000,0,0,0,0,0,0,0,0,0,0.000,0.000,0.000,0.000,0.000,0.000,0.000,0.000,0,0,0,0,0,0,0,0,0,0,0,0,0,0,0,0,0,0,78182,24675,9758,10544,3204,1097,0,0,0,0,0,0,39841,11225,6482,4899,1880,556,0,0,0,0,0,0,849.341,107.978,7144.701,1255.427,0,0,0,372,194,390,963,374,194,938,375,840,369,50,435,461,251,323,325,36,159,0,0,0,0,0,0,0,0,0,0,0,0,1694,0,0,0,0,0,0,0,843,0,0,0,0,0,0,0,0,0,0,0,0,0,0,0,0,0,0,0,0,0,0,0,1.0000,1.0000,25,25,25,0.4337,0.3424,35,1,0
13051,435.0,4825,82,52,3135,1690,0,0,2374,437.80,0.851,0.670,0.350,0.054,0.617,-0.962,3.612,0.2453,1.7409,0.269,0.002,0.001,0.110,0.056,217,39,49,0,101,0,138173.72,44636.769,24184.012,67.573,25647.322,102.817,33445.135,16942.940,3662.878,19136.895,15309.516,2076.150,35.376,1796.667,0.000210,-0.042540,6771,0,6,43,49,6,7575,355,43,67.569,0,0,0,0,0,0,0,0,0,0,0,0,0,0,48487,1012,6416,51835.781,24183.302,25645.652,0.005,67.569,22386.862,15189.789,323.564,251,116,39,6,71,27150,0,0,0,0.000,0.000,0.000,0.000,0.000,0.000,0.000,0.000,0,0,0,0,0,0,0,0,0,0.000,0.000,0.000,0.000,0.000,0.000,0.000,0.000,0,0,0,0,0,0,0,0,0,0.000,0.000,0.000,0.000,0.000,0.000,0.000,0.000,0,0,0,0,0,0,0,0,0,0.000,0.000,0.000,0.000,0.000,0.000,0.000,0.000,0,0,0,0,0,0,0,0,0,0.000,0.000,0.000,0.000,0.000,0.000,0.000,0.000,0,0,0,0,0,0,0,0,0,0,0,0,0,0,0,0,0,0,81047,25556,10385,10923,3187,1254,0,0,0,0,0,0,43175,12188,7160,5312,2142,609,0,0,0,0,0,0,884.384,116.528,7871.135,1444.241,0,0,0,360,223,450,1034,363,221,971,396,895,392,46,435,489,275,374,343,40,169,0,0,0,0,0,0,0,0,0,0,0,0,1768,0,0,0,0,0,0,0,926,0,0,0,0,0,0,0,0,0,0,0,0,0,0,0,0,0,0,0,0,0,0,0,1.0000,1.0000,26,26,26,0.4389,0.3389,36,0,0
13081,436.0,5015,81,52,3185,1830,0,0,2638,505.67,0.871,0.681,0.349,0.055,0.604,-0.962,3.613,0.2457,1.7584,0.270,0.001,0.002,0.109,0.055,235,40,66,0,97,0,145824.39,47475.541,25717.565,118.487,27762.300,96.426,35760.578,18138.015,4016.828,17248.166,13798.533,2324.100,35.795,1935.981,0.000365,-0.042810,7347,0,4,62,65,4,7913,305,61,118.461,0,0,0,0,0,0,0,0,0,0,0,0,0,0,52798,1075,7042,55581.800,25716.075,27760.816,0.001,118.461,24415.275,16358.942,313.506,240,100,38,4,58,22934,0,0,0,0.000,0.000,0.000,0.000,0.000,0.000,0.000,0.000,0,0,0,0,0,0,0,0,0,0.000,0.000,0.000,0.000,0.000,0.000,0.000,0.000,0,0,0,0,0,0,0,0,0,0.000,0.000,0.000,0.000,0.000,0.000,0.000,0.000,0,0,0,0,0,0,0,0,0,0.000,0.000,0.000,0.000,0.000,0.000,0.000,0.000,0,0,0,0,0,0,0,0,0,0.000,0.000,0.000,0.000,0.000,0.000,0.000,0.000,0,0,0,0,0,0,0,0,0,0,0,0,0,0,0,0,0,0,83534,26097,10596,11222,3274,1292,0,0,0,0,0,0,46862,12962,7633,5936,2412,837,0,0,0,0,0,0,902.019,116.999,8394.045,1571.924,0,0,0,413,233,460,1107,415,231,998,398,890,402,46,451,547,284,391,372,45,191,0,0,0,0,0,0,0,0,0,0,0,0,1789,0,0,0,0,0,0,0,999,0,0,0,0,0,0,0,0,0,0,0,0,0,0,0,0,0,0,0,0,0,0,0,1.0000,1.0000,24,24,24,0.4337,0.3477,37,0,0
13111,437.0,5238,70,52,3261,1976,1,0,2859,391.78,0.888,0.690,0.349,0.055,0.594,-0.962,3.614,0.2447,1.7588,0.262,0.001,0.002,0.109,0.055,235,58,51,0,138,0,151539.77,49554.223,26661.099,80.907,29351.950,101.823,37998.001,19689.695,4449.140,21024.073,16819.259,2334.141,40.404,1864.647,0.000224,-0.043279,8048,0,5,46,51,5,8262,323,46,80.906,11,3,0,0,0,0,0,0,0,0,0,0,0,0,57243,1110,7725,58224.173,26659.634,29350.512,0.001,80.906,26439.251,17844.839,343.645,302,156,57,5,94,36081,0,0,0,0.000,0.000,0.000,0.000,0.000,0.000,0.000,0.000,0,0,0,0,0,0,0,0,0,0.000,0.000,0.000,0.000,0.000,0.000,0.000,0.000,0,0,0,0,0,0,0,0,0,0.000,0.000,0.000,0.000,0.000,0.000,0.000,0.000,0,0,0,0,0,0,11,0,0,0.000,0.000,0.000,0.000,0.000,1.227,0.612,0.022,0,0,0,0,0,0,0,0,0,0.000,0.000,0.000,0.000,0.000,0.000,0.000,0.000,0,0,0,0,0,0,0,0,1,0,0,0,0,0,0,0,0,0,84955,26768,11136,11662,3369,1356,0,0,0,0,0,0,50946,14638,7890,6308,2465,1033,0,0,0,0,0,0,923.243,123.070,9292.496,1685.228,0,0,0,409,252,468,1140,416,255,1012,429,897,400,52,471,589,320,431,394,63,179,0,0,0,0,0,0,0,0,1,0,0,0,1820,0,0,0,0,0,0,0,1067,0,0,0,0,0,0,0,0,0,0,0,0,0,0,0,1,0,0,0,0,0,0,0,1.0000,1.0000,25,25,25,0.4306,0.3549,36,0,0
13141,438.0,5458,76,52,3334,2123,1,0,3097,431.18,0.903,0.700,0.347,0.056,0.583,-0.962,3.613,0.2446,1.7736,0.259,0.001,0.002,0.109,0.054,255,52,56,0,135,0,158235.75,51944.574,29681.548,75.946,31268.531,98.022,40096.681,21158.838,4859.287,20852.379,16681.903,2421.464,105.787,2193.554,0.000220,-0.044813,8847,0,13,43,54,13,8151,392,41,75.919,30,9,2,0,0,0,2,0,0,0,0,0,0,0,61325,1234,8454,63297.884,29680.665,31267.186,0.015,75.919,28307.327,19285.785,341.626,304,157,49,13,95,35131,0,0,0,0.000,0.000,0.000,0.000,0.000,0.000,0.000,0.000,0,0,0,0,0,0,0,0,0,0.000,0.000,0.000,0.000,0.000,0.000,0.000,0.000,0,0,0,0,0,0,0,0,0,0.000,0.000,0.000,0.000,0.000,0.000,0.000,0.000,0,0,0,0,0,0,30,0,1,0.767,0.000,0.068,0.000,0.000,3.334,1.759,0.067,0,0,0,0,0,0,0,0,0,0.000,0.000,0.000,0.000,0.000,0.000,0.000,0.000,0,0,0,0,0,0,0,0,0,0,0,0,0,0,0,0,0,0,86879,27235,11707,11933,3464,1442,0,0,0,0,0,0,54761,15844,8547,6594,2329,1248,0,0,0,0,0,0,940.112,130.080,10082.068,1835.521,0,0,0,433,276,568,1271,428,271,1032,447,916,410,55,474,622,344,452,448,58,199,0,0,0,0,0,0,0,1,0,0,0,0,1855,0,0,0,0,0,0,0,1157,0,0,0,0,0,0,0,0,0,0,0,0,0,0,0,0,0,0,0,0,0,0,0,1.0000,1.0000,25,25,25,0.4130,0.3314,35,0,0
13171,439.0,5639,71,52,3383,2255,1,0,3324,439.74,0.919,0.708,0.347,0.057,0.574,-0.961,3.612,0.2442,1.7516,0.261,0.001,0.002,0.108,0.054,244,50,75,0,168,0,164256.33,54339.025,31613.192,106.722,33305.104,104.862,42338.518,22414.742,5263.325,21735.829,17388.664,3301.139,80.719,2292.760,0.000387,-0.044713,9605,0,15,60,74,15,7877,352,59,106.697,30,5,3,0,0,0,3,0,0,0,0,0,0,0,65760,1318,9253,67522.628,31612.577,33303.151,0.014,106.697,30358.514,20461.762,390.340,322,190,50,15,125,41795,0,0,0,0.000,0.000,0.000,0.000,0.000,0.000,0.000,0.000,0,0,0,0,0,0,0,0,0,0.000,0.000,0.000,0.000,0.000,0.000,0.000,0.000,0,0,0,0,0,0,0,0,0,0.000,0.000,0.000,0.000,0.000,0.000,0.000,0.000,0,0,0,0,0,0,30,0,0,0.000,0.000,0.000,0.000,0.000,3.346,1.415,0.037,0,0,0,0,0,0,0,0,0,0.000,0.000,0.000,0.000,0.000,0.000,0.000,0.000,0,0,0,0,0,0,0,0,0,0,0,0,0,0,0,0,0,0,88595,27878,11714,12019,3355,1440,0,0,0,0,0,0,58821,16400,9251,6969,2407,1352,0,0,0,0,0,0,965.901,131.987,10597.163,1925.084,0,0,0,471,285,591,1352,469,278,1042,436,933,421,60,491,628,358,535,469,71,194,0,0,0,0,0,0,0,1,0,0,0,0,1905,0,0,0,0,0,0,0,1269,0,0,0,0,0,0,0,0,0,0,0,0,0,0,0,0,0,0,0,0,0,0,0,1.0000,1.0000,23,23,23,0.4074,0.3412,36,0,0
13201,440.0,5808,84,52,3421,2386,1,0,3596,445.70,0.933,0.715,0.347,0.057,0.565,-0.962,3.617,0.2443,1.7723,0.256,0.000,0.002,0.108,0.054,214,58,77,0,171,0,168923.31,56975.882,31651.688,92.755,36081.349,98.112,44443.099,23755.062,5731.264,21704.017,17363.214,3362.271,122.635,2298.209,0.000389,-0.047533,10369,0,17,60,77,17,8347,296,60,92.732,30,4,0,0,0,0,0,0,0,0,0,0,0,0,69994,1315,10073,70351.605,31650.400,36080.214,0.023,92.732,32302.530,21744.400,418.752,324,193,54,17,122,44227,0,0,0,0.000,0.000,0.000,0.000,0.000,0.000,0.000,0.000,0,0,0,0,0,0,0,0,0,0.000,0.000,0.000,0.000,0.000,0.000,0.000,0.000,0,0,0,0,0,0,0,0,0,0.000,0.000,0.000,0.000,0.000,0.000,0.000,0.000,0,0,0,0,0,0,30,0,0,0.000,0.000,0.000,0.000,0.000,3.363,1.586,0.030,0,0,0,0,0,0,0,0,0,0.000,0.000,0.000,0.000,0.000,0.000,0.000,0.000,0,0,0,0,0,0,0,0,0,0,0,0,0,0,0,0,0,0,89832,28103,11523,12275,3382,1428,0,0,0,0,0,0,62461,17383,9933,7563,2714,1367,0,0,0,0,0,0,983.539,129.087,11189.940,2064.041,0,0,0,502,300,563,1352,500,291,1057,424,944,428,58,510,685,406,565,447,67,216,0,0,0,0,0,0,1,0,0,0,0,0,1940,0,0,0,0,0,0,0,1295,0,0,0,0,0,0,0,0,0,0,0,0,0,0,0,0,0,0,0,0,0,0,0,1.0000,1.0000,23,23,23,0.4165,0.3433,35,0,0
13231,441.0,5976,67,52,3445,2531,0,0,3804,405.47,0.952,0.726,0.347,0.058,0.554,-0.963,3.622,0.2445,1.7534,0.255,0.000,0.002,0.107,0.054,216,58,85,0,195,0,175044.53,58905.053,34461.407,103.269,36812.885,93.258,46214.915,24756.268,6165.823,23661.913,18929.531,3391.506,110.978,1976.633,0.000163,-0.047147,11070,0,12,73,78,12,8445,293,66,103.226,29,9,1,0,0,0,1,0,0,0,0,0,0,0,73655,1437,10777,74028.610,34460.373,36812.262,0.015,103.226,34005.372,22708.260,433.543,361,216,54,12,150,45210,0,0,0,0.000,0.000,0.000,0.000,0.000,0.000,0.000,0.000,0,0,0,0,0,0,0,0,0,0.000,0.000,0.000,0.000,0.000,0.000,0.000,0.000,0,0,0,0,0,0,0,0,0,0.000,0.000,0.000,0.000,0.000,0.000,0.000,0.000,0,0,0,0,0,0,29,0,0,0.000,0.000,0.000,0.000,0.000,3.222,4.355,0.067,0,1,1,0,0,130,0,0,0,0.000,0.000,0.000,0.000,0.000,0.000,0.000,0.000,0,0,0,0,0,0,0,0,0,0,0,0,0,0,0,0,0,0,90421,28035,11130,12391,3424,1351,0,0,0,0,0,0,65609,18029,11140,8075,2862,1345,0,0,0,0,0,0,988.481,122.109,11563.001,2295.071,0,0,0,524,319,615,1475,539,312,1038,414,992,433,52,516,710,453,566,503,65,234,0,0,0,0,0,0,0,0,0,0,0,0,1993,0,0,0,0,0,0,0,1368,0,0,0,0,0,0,0,0,0,0,0,0,0,0,0,0,0,0,0,0,0,0,0,1.0000,1.0000,24,24,24,0.4177,0.3288,36,0,0
13261,442.0,6000,57,52,3450,2550,0,0,4009,381.04,0.953,0.726,0.345,0.060,0.553,-0.963,3.627,0.2449,1.7632,0.254,0.005,0.029,0.107,0.054,220,53,83,0,195,0,182300.03,61207.739,35117.570,96.520,38036.438,93.461,47582.210,25385.587,6572.474,15932.550,12746.041,3564.380,520.049,2355.119,0.000382,-0.047316,11187,0,20,63,80,20,8617,408,60,96.509,0,0,0,0,0,0,0,0,0,0,0,0,0,0,76444,1464,10779,75968.917,35116.566,38034.946,0.010,96.509,35295.656,23306.865,464.102,234,215,51,20,144,51022,0,0,0,0.000,0.000,0.000,0.000,0.000,0.000,0.000,0.000,0,0,0,0,0,0,0,0,0,0.000,0.000,0.000,0.000,0.000,0.000,0.000,0.000,0,0,0,0,0,0,0,0,0,0.000,0.000,0.000,0.000,0.000,0.000,0.000,0.000,0,0,0,0,0,0,0,0,0,0.000,0.000,0.000,0.000,0.000,0.000,0.000,0.000,0,0,0,0,0,0,0,0,0,0.000,0.000,0.000,0.000,0.000,0.000,0.000,0.000,0,0,0,0,0,0,0,0,0,0,0,0,0,0,0,0,0,0,90904,28020,10878,12546,3277,1470,0,0,0,0,0,0,68095,18064,12291,8349,2952,1328,0,0,0,0,0,0,992.857,120.535,11568.610,2493.720,0,0,0,544,329,613,1496,545,333,1053,407,990,437,49,514,696,468,557,519,74,236,0,0,0,0,0,0,0,0,0,0,0,0,1990,0,0,0,0,0,0,0,1386,0,0,0,0,0,0,0,0,0,0,0,0,0,0,0,0,0,0,0,0,0,0,0,1.0000,1.0000,24,24,24,0.4160,0.3375,35,0,0
13291,443.0,6000,82,52,3421,2579,0,0,4081,352.99,0.960,0.729,0.346,0.059,0.549,-0.963,3.626,0.2469,1.7675,0.256,0.008,0.052,0.107,0.053,208,45,123,1,226,0,191145.97,63093.225,38813.741,117.373,39884.923,98.768,47728.079,25371.806,6848.527,18609.448,14887.559,5647.325,1186.446,2674.330,0.000332,-0.048212,11708,0,46,77,121,46,8648,417,75,117.326,0,0,0,0,0,0,0,0,0,0,0,0,0,0,76773,1623,11291,81772.174,38812.801,39883.481,0.040,117.326,35460.774,23168.283,569.610,284,255,45,46,164,56671,0,0,0,0.000,0.000,0.000,0.000,0.000,0.000,0.000,0.000,0,0,0,0,0,0,0,0,0,0.000,0.000,0.000,0.000,0.000,0.000,0.000,0.000,0,0,0,0,0,0,0,0,0,0.000,0.000,0.000,0.000,0.000,0.000,0.000,0.000,0,0,0,0,0,0,0,0,0,0.000,0.000,0.000,0.000,0.000,0.000,0.000,0.000,0,0,0,0,0,0,0,0,0,0.000,0.000,0.000,0.000,0.000,0.000,0.000,0.000,0,0,0,0,0,0,0,0,0,0,0,0,0,0,0,0,0,0,90665,28634,10940,12530,3388,1461,0,0,0,0,0,0,68608,18367,12357,8165,2666,1262,0,0,0,0,0,0,1018.752,121.944,11395.704,2465.400,0,0,0,588,370,725,1658,571,361,1076,418,977,402,53,495,690,453,564,565,83,224,0,0,0,0,0,0,0,0,0,0,0,0,1927,0,0,0,0,0,0,0,1436,0,0,0,0,0,0,0,0,0,0,0,0,0,0,0,0,0,0,0,0,0,0,0,1.0000,1.0000,24,24,24,0.4229,0.3493,36,0,0
13321,444.0,6000,61,52,3384,2616,0,0,4160,433.54,0.967,0.733,0.345,0.059,0.544,-0.963,3.628,0.2466,1.7430,0.254,0.016,0.071,0.107,0.052,227,41,93,0,218,0,198865.78,63351.684,38169.632,121.153,40125.615,98.577,48245.746,25688.907,7005.435,16648.701,13318.961,5023.012,2389.296,2240.511,0.000329,-0.049348,11210,0,24,69,91,24,8686,318,67,121.106,0,0,0,0,0,0,0,0,0,0,0,0,0,0,78141,1588,10892,81274.873,38168.742,40124.612,0.047,121.106,36122.547,23545.840,511.132,261,224,40,24,160,47670,0,0,0,0.000,0.000,0.000,0.000,0.000,0.000,0.000,0.000,0,0,0,0,0,0,0,0,0,0.000,0.000,0.000,0.000,0.000,0.000,0.000,0.000,0,0,0,0,0,0,0,0,0,0.000,0.000,0.000,0.000,0.000,0.000,0.000,0.000,0,0,0,0,0,0,0,0,0,0.000,0.000,0.000,0.000,0.000,0.000,0.000,0.000,0,0,0,0,0,0,0,0,0,0.000,0.000,0.000,0.000,0.000,0.000,0.000,0.000,0,0,0,0,0,0,0,0,0,0,0,0,0,0,0,0,0,0,89533,28503,11108,12290,3328,1462,0,0,0,0,0,0,69791,18642,12272,8350,2453,1535,0,0,0,0,0,0,1015.740,128.904,11417.226,2498.696,0,0,0,552,367,676,1616,583,352,1053,418,963,414,49,487,709,445,606,519,76,261,0,0,0,0,0,0,0,0,0,0,0,0,1913,0,0,0,0,0,0,0,1462,0,0,0,0,0,0,0,0,0,0,0,0,0,0,0,0,0,0,0,0,0,0,0,1.0000,1.0000,23,23,23,0.4221,0.3430,36,0,0
13351,445.0,6000,73,54,3323,2677,0,0,4229,429.36,0.981,0.740,0.344,0.059,0.536,-0.962,3.629,0.2441,1.7565,0.258,0.018,0.090,0.107,0.051,192,31,115,0,205,0,204346.08,63444.731,39498.432,151.573,41007.491,103.237,48610.148,26321.170,7191.988,17177.435,13741.948,6250.908,3180.933,2623.812,0.000394,-0.047418,11640,0,33,82,114,33,8632,366,81,151.512,0,0,0,0,0,0,0,0,0,0,0,0,0,0,79319,1641,11274,83580.020,39497.623,41005.595,0.038,151.512,36618.207,24194.824,523.887,279,218,29,33,156,47588,0,0,0,0.000,0.000,0.000,0.000,0.000,0.000,0.000,0.000,0,0,0,0,0,0,0,0,0,0.000,0.000,0.000,0.000,0.000,0.000,0.000,0.000,0,0,0,0,0,0,0,0,0,0.000,0.000,0.000,0.000,0.000,0.000,0.000,0.000,0,0,0,0,0,0,0,0,0,0.000,0.000,0.000,0.000,0.000,0.000,0.000,0.000,0,0,0,0,0,0,0,0,0,0.000,0.000,0.000,0.000,0.000,0.000,0.000,0.000,0,0,0,0,0,0,0,0,0,0,0,0,0,0,0,0,0,0,88457,28079,10949,12187,3176,1537,0,0,0,0,0,0,70849,19391,12339,8470,2497,1555,0,0,0,0,0,0,996.142,128.126,11874.580,2495.056,0,0,0,606,358,731,1683,603,352,1031,407,949,404,48,484,747,462,621,530,77,240,0,0,0,0,0,0,0,0,0,0,0,0,1885,0,0,0,0,0,0,0,1468,0,0,0,0,0,0,0,0,0,0,0,0,0,0,0,0,0,0,0,0,0,0,0,1.0000,1.0000,23,23,23,0.4154,0.3329,36,0,0
13381,446.0,5996,70,54,3294,2702,0,0,4284,459.03,0.986,0.744,0.344,0.059,0.532,-0.963,3.626,0.2444,1.7373,0.265,0.023,0.104,0.107,0.052,207,24,113,0,194,0,210242.11,65573.141,38588.285,138.971,42897.565,85.595,49112.070,26774.580,7361.401,15531.628,12425.302,5415.827,4113.548,2520.618,0.000287,-0.045863,11809,0,37,76,111,37,8402,341,74,138.899,0,0,0,0,0,0,0,0,0,0,0,0,0,0,80591,1607,11468,84574.690,38587.151,42896.244,0.072,138.899,37239.994,24626.541,567.564,247,222,24,37,161,49265,0,0,0,0.000,0.000,0.000,0.000,0.000,0.000,0.000,0.000,0,0,0,0,0,0,0,0,0,0.000,0.000,0.000,0.000,0.000,0.000,0.000,0.000,0,0,0,0,0,0,0,0,0,0.000,0.000,0.000,0.000,0.000,0.000,0.000,0.000,0,0,0,0,0,0,0,0,0,0.000,0.000,0.000,0.000,0.000,0.000,0.000,0.000,0,0,0,0,0,0,0,0,0,0.000,0.000,0.000,0.000,0.000,0.000,0.000,0.000,0,0,0,0,0,0,0,0,0,0,0,0,0,0,0,0,0,0,87385,27979,10552,11978,3110,1592,0,0,0,0,0,0,71904,20190,12817,8687,2407,1804,0,0,0,0,0,0,984.052,121.698,12331.787,2602.762,0,0,0,611,381,643,1638,612,381,1036,407,943,389,47,472,772,507,625,489,59,250,0,0,0,0,0,0,0,0,0,0,0,0,1851,0,0,0,0,0,0,0,1423,0,0,0,0,0,0,0,0,0,0,0,0,0,0,0,0,0,0,0,0,0,0,0,1.0000,1.0000,24,24,24,0.4264,0.3387,36,0,0
13411,447.0,5993,77,54,3230,2763,0,0,4339,476.20,1.000,0.752,0.344,0.059,0.523,-0.962,3.627,0.2481,1.7566,0.259,0.026,0.118,0.107,0.051,199,28,120,1,201,0,216808.55,65399.879,41154.766,144.284,42233.295,87.156,49521.318,27560.842,7438.513,16546.002,13236.802,5299.216,4535.977,2467.436,0.000502,-0.041069,11225,0,35,85,119,35,8584,272,84,144.199,0,0,0,0,0,0,0,0,0,0,0,0,0,0,81871,1715,10953,86643.867,41153.221,42232.261,0.082,144.199,37789.649,25416.927,561.583,260,199,27,35,137,52258,0,0,0,0.000,0.000,0.000,0.000,0.000,0.000,0.000,0.000,0,0,0,0,0,0,0,0,0,0.000,0.000,0.000,0.000,0.000,0.000,0.000,0.000,0,0,0,0,0,0,0,0,0,0.000,0.000,0.000,0.000,0.000,0.000,0.000,0.000,0,0,0,0,0,0,0,0,0,0.000,0.000,0.000,0.000,0.000,0.000,0.000,0.000,0,0,0,0,0,0,0,0,0,0.000,0.000,0.000,0.000,0.000,0.000,0.000,0.000,0,0,0,0,0,0,0,0,0,0,0,0,0,0,0,0,0,0,86480,27998,10319,11602,3003,1582,0,0,0,0,0,0,73196,20737,13623,8675,2452,1754,0,0,0,0,0,0,995.538,118.828,12884.648,2738.252,0,0,0,614,400,744,1751,614,396,1015,397,927,395,47,449,771,494,652,518,70,258,0,0,0,0,0,0,0,0,0,0,0,0,1818,0,0,0,0,0,0,0,1498,0,0,0,0,0,0,0,0,0,0,0,0,0,0,0,0,0,0,0,0,0,0,0,1.0000,1.0000,24,24,24,0.4262,0.3556,36,0,0
13441,448.0,5998,75,54,3175,2823,0,0,4354,446.52,1.014,0.759,0.344,0.060,0.515,-0.962,3.629,0.2474,1.7232,0.264,0.029,0.132,0.106,0.051,200,17,98,2,191,0,220994.84,65282.611,40702.915,125.102,44437.869,93.192,50265.652,27778.957,7523.871,15321.588,12257.271,5269.598,5432.833,2589.100,0.000352,-0.037348,11513,0,25,73,97,25,8424,342,72,125.044,0,0,0,0,0,0,0,0,0,0,0,0,0,0,83843,1689,11171,88346.631,40702.171,44436.898,0.054,125.044,38723.358,25671.632,561.054,251,191,14,25,152,56029,0,0,0,0.000,0.000,0.000,0.000,0.000,0.000,0.000,0.000,0,0,0,0,0,0,0,0,0,0.000,0.000,0.000,0.000,0.000,0.000,0.000,0.000,0,0,0,0,0,0,0,0,0,0.000,0.000,0.000,0.000,0.000,0.000,0.000,0.000,0,0,0,0,0,0,0,0,0,0.000,0.000,0.000,0.000,0.000,0.000,0.000,0.000,0,0,0,0,0,0,0,0,0,0.000,0.000,0.000,0.000,0.000,0.000,0.000,0.000,0,0,0,0,0,0,0,0,0,0,0,0,0,0,0,0,0,0,84951,27273,10282,11167,2987,1616,0,0,0,0,0,0,75136,20696,13550,8707,2316,1654,0,0,0,0,0,0,974.212,121.291,12690.584,2735.820,0,0,0,598,400,713,1713,597,400,1004,391,906,393,41,440,779,504,655,538,63,284,0,0,0,0,0,0,0,0,0,0,0,0,1780,0,0,0,0,0,0,0,1540,0,0,0,0,0,0,0,0,0,0,0,0,0,0,0,0,0,0,0,0,0,0,0,1.0000,1.0000,25,25,25,0.4337,0.3465,36,0,0
13471,449.0,6000,70,54,3125,2874,1,0,4321,415.52,1.024,0.765,0.343,0.060,0.508,-0.962,3.629,0.2456,1.7332,0.271,0.028,0.137,0.106,0.050,192,29,126,0,221,0,223175.44,66052.723,42817.799,136.409,43901.936,99.123,50910.314,28496.295,7547.385,18238.153,14590.523,7322.427,5928.892,2973.395,0.000295,-0.035789,11587,0,50,76,126,50,8208,352,76,136.361,22,2,0,0,0,0,0,0,0,0,0,0,0,0,85582,1781,11235,90161.143,42816.936,43900.683,0.049,136.361,39541.624,26371.385,601.414,295,244,28,50,166,62703,0,0,0,0.000,0.000,0.000,0.000,0.000,0.000,0.000,0.000,0,0,0,0,0,0,0,0,0,0.000,0.000,0.000,0.000,0.000,0.000,0.000,0.000,0,0,0,0,0,0,0,0,0,0.000,0.000,0.000,0.000,0.000,0.000,0.000,0.000,0,0,0,0,0,0,0,0,0,0.000,0.000,0.000,0.000,0.000,0.000,0.000,0.000,0,0,0,0,0,0,22,0,0,0.000,0.000,0.000,0.000,0.000,2.084,0.829,0.142,0,0,0,0,0,0,0,0,1,0,0,0,0,0,0,0,0,0,83370,26636,9822,10981,2851,1662,0,0,0,0,0,0,76758,21835,13327,8846,2316,1566,0,0,0,0,0,0,967.539,114.777,13213.270,2689.087,0,0,0,667,363,780,1815,676,358,966,383,922,400,36,418,817,508,654,553,72,270,0,0,0,0,0,0,0,0,1,0,0,0,1776,0,0,0,0,0,0,0,1549,0,0,0,0,0,0,0,0,0,0,0,0,0,0,0,1,0,0,0,0,0,0,0,1.0000,1.0000,24,24,24,0.4419,0.3227,37,0,0
13501,450.0,6000,78,54,3091,2908,1,0,4361,400.83,1.032,0.768,0.343,0.060,0.503,-0.962,3.625,0.2458,1.7161,0.264,0.027,0.127,0.106,0.050,178,39,112,0,226,0,222407.64,65584.385,41012.657,142.325,45537.416,87.327,51366.695,29046.935,7594.967,18281.457,14625.165,7155.794,5987.440,2699.040,0.000493,-0.038935,11746,0,38,74,112,38,8179,270,74,141.955,30,2,0,0,0,0,0,0,0,0,0,0,0,0,86722,1709,11476,89906.848,41011.688,45536.093,0.370,141.955,40092.203,26979.319,574.808,297,263,38,38,187,70442,0,0,0,0.000,0.000,0.000,0.000,0.000,0.000,0.000,0.000,0,0,0,0,0,0,0,0,0,0.000,0.000,0.000,0.000,0.000,0.000,0.000,0.000,0,0,0,0,0,0,0,0,0,0.000,0.000,0.000,0.000,0.000,0.000,0.000,0.000,0,0,0,0,0,0,0,0,0,0.000,0.000,0.000,0.000,0.000,0.000,0.000,0.000,0,0,0,0,0,0,30,0,0,0.000,0.000,0.000,0.000,0.000,2.847,1.133,0.142,0,0,0,0,0,0,0,0,0,0,0,0,0,0,0,0,0,0,82310,26034,9440,10900,2745,1855,0,0,0,0,0,0,77999,22431,12713,8753,2455,1338,0,0,0,0,0,0,937.265,111.229,13746.934,2544.792,0,0,0,624,380,747,1743,620,370,951,371,905,402,36,426,826,453,690,586,69,284,0,0,0,0,0,0,0,0,1,0,0,0,1769,0,0,0,0,0,0,0,1629,0,0,0,0,0,0,0,0,0,0,0,0,0,0,0,1,0,0,0,0,0,0,0,1.0000,1.0000,25,25,25,0.4401,0.3410,37,0,0
13531,451.0,6000,66,54,3052,2948,0,0,4349,464.52,1.042,0.772,0.342,0.061,0.497,-0.962,3.627,0.2440,1.7263,0.266,0.028,0.114,0.106,0.049,238,35,130,0,226,0,220558.12,64639.032,41498.862,113.676,43882.690,93.104,51755.694,28871.800,7634.863,18785.453,15028.363,7535.818,5708.914,2836.904,0.000480,-0.042351,11847,0,52,78,130,52,8139,258,78,113.403,12,7,4,0,0,0,4,0,0,0,0,0,0,0,87600,1732,11589,88735.869,41498.079,43881.646,0.273,113.403,40543.022,26784.729,615.597,300,260,35,51,174,63296,0,0,0,0.000,0.000,0.000,0.000,0.000,0.000,0.000,0.000,0,0,0,0,0,0,0,0,0,0.000,0.000,0.000,0.000,0.000,0.000,0.000,0.000,0,0,0,0,0,0,0,0,0,0.000,0.000,0.000,0.000,0.000,0.000,0.000,0.000,0,0,0,0,0,0,0,0,0,0.000,0.000,0.000,0.000,0.000,0.000,0.000,0.000,0,0,0,0,0,0,12,0,0,0.000,0.000,0.000,0.000,0.000,1.139,0.461,0.427,0,1,0,1,0,64,0,0,0,0,0,0,0,0,0,0,0,0,81604,25888,9190,10733,2656,1956,0,0,0,0,0,0,78937,22058,12490,8675,2584,1466,0,0,0,0,0,0,927.018,108.435,13488.327,2471.748,0,0,0,590,431,734,1767,596,434,953,378,886,391,42,402,831,494,695,570,70,288,0,0,0,0,0,0,0,0,0,0,0,0,1721,0,0,0,0,0,0,0,1623,0,0,0,0,0,0,0,0,0,0,0,0,0,0,0,0,0,0,0,0,0,0,0,1.0000,1.0000,24,24,24,0.4503,0.3288,37,0,0
13561,452.0,6000,68,54,3005,2995,0,0,4326,544.66,1.053,0.778,0.341,0.061,0.490,-0.962,3.625,0.2470,1.7376,0.273,0.023,0.113,0.106,0.048,205,34,122,0,199,0,221228.19,64795.803,41760.132,138.040,44386.236,97.402,52289.455,29287.743,7606.611,17358.194,13886.555,5354.763,5286.941,2726.751,0.000380,-0.044902,11924,0,38,84,120,38,8103,369,82,137.920,0,0,0,0,0,0,0,0,0,0,0,0,0,0,88886,1740,11555,89497.003,41759.124,44385.320,0.119,137.920,41214.742,27225.417,592.555,284,237,33,38,166,65715,0,0,0,0.000,0.000,0.000,0.000,0.000,0.000,0.000,0.000,0,0,0,0,0,0,0,0,0,0.000,0.000,0.000,0.000,0.000,0.000,0.000,0.000,0,0,0,0,0,0,0,0,0,0.000,0.000,0.000,0.000,0.000,0.000,0.000,0.000,0,0,0,0,0,0,0,0,0,0.000,0.000,0.000,0.000,0.000,0.000,0.000,0.000,0,0,0,0,0,0,0,0,0,0.000,0.000,0.000,0.000,0.000,0.000,0.000,0.000,0,0,0,0,0,0,0,0,0,0,0,0,0,0,0,0,0,0,80462,25645,9501,10587,2783,1835,0,0,0,0,0,0,80220,22137,13937,8666,2888,1509,0,0,0,0,0,0,931.043,110.998,13674.788,2783.971,0,0,0,622,383,768,1771,631,359,940,381,862,377,49,396,859,493,716,547,71,309,0,0,0,0,0,0,0,0,0,0,0,0,1684,0,0,0,0,0,0,0,1643,0,0,0,0,0,0,0,0,0,0,0,0,0,0,0,0,0,0,0,0,0,0,0,1.0000,1.0000,24,24,24,0.4285,0.3337,37,0,0
13591,453.0,5999,60,54,2947,3052,0,0,4301,405.86,1.066,0.785,0.341,0.063,0.482,-0.962,3.630,0.2461,1.7222,0.279,0.023,0.097,0.105,0.048,189,36,132,0,250,0,219008.38,63901.865,42348.631,146.020,44454.077,87.548,52931.635,30112.808,7564.442,20437.223,16349.779,6227.910,5190.043,2502.055,0.000260,-0.046761,12047,0,44,88,131,44,8603,200,87,145.872,0,0,0,0,0,0,0,0,0,0,0,0,0,0,90665,1769,11847,90244.169,42347.648,44453.394,0.148,145.872,42037.685,28027.527,625.045,335,278,36,44,198,78138,0,0,0,0.000,0.000,0.000,0.000,0.000,0.000,0.000,0.000,0,0,0,0,0,0,0,0,0,0.000,0.000,0.000,0.000,0.000,0.000,0.000,0.000,0,0,0,0,0,0,0,0,0,0.000,0.000,0.000,0.000,0.000,0.000,0.000,0.000,0,0,0,0,0,0,0,0,0,0.000,0.000,0.000,0.000,0.000,0.000,0.000,0.000,0,0,0,0,0,0,0,0,0,0.000,0.000,0.000,0.000,0.000,0.000,0.000,0.000,0,0,0,0,0,0,0,0,0,0,0,0,0,0,0,0,0,0,78940,25216,9739,10354,2805,1709,0,0,0,0,0,0,81672,22510,14090,8993,3305,1366,0,0,0,0,0,0,924.327,114.513,14291.620,2691.178,0,0,0,632,376,780,1796,636,382,923,385,829,360,45,405,850,557,701,537,86,321,0,0,0,0,0,0,0,0,0,0,0,0,1639,0,0,0,0,0,0,0,1645,0,0,0,0,0,0,0,0,0,0,0,0,0,0,0,0,0,0,0,0,0,0,0,1.0000,1.0000,24,24,24,0.4349,0.3521,36,0,0
13621,454.0,5998,71,54,2895,3102,1,0,4217,490.26,1.076,0.787,0.342,0.062,0.474,-0.962,3.636,0.2433,1.7298,0.276,0.019,0.081,0.105,0.048,174,37,160,2,241,0,214636.41,62858.078,41421.754,178.217,43990.937,86.827,53462.905,30115.626,7478.560,21316.924,17053.539,7189.212,3646.446,2673.876,0.000248,-0.046563,12290,0,58,102,158,58,8566,282,102,177.959,27,5,3,0,3,0,0,0,0,0,0,0,0,0,92103,1724,12008,88761.357,41420.384,43989.596,0.258,177.956,42691.042,28015.567,663.087,348,298,36,58,204,79333,0,0,0,0.000,0.000,0.000,0.000,0.000,0.000,0.000,0.000,0,0,0,0,0,0,0,0,0,0.000,0.000,0.000,0.000,0.000,0.000,0.000,0.000,0,0,0,0,0,0,0,0,0,0.000,0.000,0.000,0.000,0.000,0.000,0.000,0.000,0,0,0,0,0,0,0,0,0,0.000,0.000,0.000,0.000,0.000,0.000,0.000,0.000,0,0,0,0,0,0,27,0,0,0.000,0.000,0.000,0.000,0.003,3.113,0.354,2.248,0,0,0,0,0,0,0,0,1,0,0,0,0,0,0,0,0,0,77604,24858,9624,10215,2835,1568,0,0,0,0,0,0,83018,22876,14726,9112,3212,1322,0,0,0,0,0,0,909.729,113.408,14053.909,2793.578,0,0,0,645,395,729,1758,642,390,909,361,830,354,51,390,874,555,736,550,64,323,0,0,0,0,0,0,0,0,1,0,0,0,1625,0,0,0,0,0,0,0,1673,0,0,0,0,0,0,0,0,0,0,0,0,0,0,0,1,0,0,0,0,0,0,0,1.0000,1.0000,24,24,24,0.4467,0.3472,36,0,0
13651,455.0,5998,42,54,2853,3144,1,0,4132,478.55,1.085,0.792,0.343,0.062,0.468,-0.962,3.642,0.2435,1.6915,0.274,0.015,0.058,0.105,0.048,171,52,138,1,249,0,207816.34,60822.286,39924.172,141.927,41910.962,88.737,53993.809,30319.733,7373.201,21506.478,17205.183,6603.435,2519.885,2597.090,0.000264,-0.044246,12303,0,51,87,138,51,8379,310,87,141.873,30,0,0,0,0,0,0,0,0,0,0,0,0,0,93889,1663,11993,85108.409,39923.001,41910.162,0.054,141.873,43407.552,28236.187,684.785,354,312,50,51,211,88068,0,0,0,0.000,0.000,0.000,0.000,0.000,0.000,0.000,0.000,0,0,0,0,0,0,0,0,0,0.000,0.000,0.000,0.000,0.000,0.000,0.000,0.000,0,0,0,0,0,0,0,0,0,0.000,0.000,0.000,0.000,0.000,0.000,0.000,0.000,0,0,0,0,0,0,0,0,0,0.000,0.000,0.000,0.000,0.000,0.000,0.000,0.000,0,0,0,0,0,0,30,0,0,0.000,0.000,0.000,0.000,0.000,3.460,0.474,0.000,0,0,0,0,0,0,0,0,0,0,0,0,0,0,0,0,0,0,75857,24236,9172,10178,2738,1427,0,0,0,0,0,0,84638,23351,15068,9281,3364,1271,0,0,0,0,0,0,885.763,106.561,14010.154,2861.236,0,0,0,615,360,697,1701,643,356,902,361,820,344,46,380,899,550,716,575,86,318,0,0,0,0,0,0,0,1,0,0,0,0,1590,0,0,0,0,0,0,0,1695,0,0,0,0,0,0,0,0,0,0,0,0,0,0,0,0,0,0,0,0,0,0,0,1.0000,1.0000,24,24,24,0.4408,0.3648,38,0,0
13681,456.0,5999,45,54,2800,3198,1,0,4102,451.18,1.097,0.799,0.342,0.063,0.460,-0.962,3.647,0.2447,1.7080,0.275,0.010,0.024,0.105,0.047,185,45,156,0,276,0,198377.86,58281.349,39940.796,170.964,40463.548,80.222,54344.320,30816.080,7193.520,23011.363,18409.091,7113.528,1396.410,2365.463,0.000337,-0.042152,11977,0,50,106,156,50,8402,285,106,170.892,30,0,0,0,0,0,0,0,0,0,0,0,0,0,94914,1668,11692,83604.428,39940.097,40462.922,0.072,170.892,43867.593,28729.031,707.273,369,315,43,50,222,88227,0,0,0,0.000,0.000,0.000,0.000,0.000,0.000,0.000,0.000,0,0,0,0,0,0,0,0,0,0.000,0.000,0.000,0.000,0.000,0.000,0.000,0.000,0,0,0,0,0,0,0,0,0,0.000,0.000,0.000,0.000,0.000,0.000,0.000,0.000,0,0,0,0,0,0,0,0,0,0.000,0.000,0.000,0.000,0.000,0.000,0.000,0.000,0,0,0,0,0,0,30,0,0,0.000,0.000,0.000,0.000,0.000,3.461,0.609,0.000,0,0,0,0,0,0,0,0,0,0,0,0,0,0,0,0,0,0,75158,24018,9348,9814,2727,1379,0,0,0,0,0,0,85523,24064,15326,9421,3227,1345,0,0,0,0,0,0,874.768,106.471,14442.405,2874.032,0,0,0,608,373,721,1699,606,362,871,358,839,313,51,368,936,561,731,544,99,327,0,0,0,0,0,0,0,1,0,0,0,0,1571,0,0,0,0,0,0,0,1701,0,0,0,0,0,0,0,0,0,0,0,0,0,0,0,0,0,0,0,0,0,0,0,1.0000,1.0000,24,24,24,0.4416,0.3553,38,0,0
13711,457.0,5999,58,54,2794,3204,1,0,4047,459.60,1.098,0.800,0.342,0.063,0.459,-0.961,3.653,0.2442,1.7178,0.271,0.000,0.003,0.105,0.046,168,65,111,0,319,0,186879.58,55638.786,38861.415,101.364,37561.376,79.254,54772.465,31770.354,7130.374,23553.560,18842.849,5103.825,472.160,2139.957,0.000327,-0.041270,11588,0,33,78,110,33,8751,274,78,101.309,30,1,0,0,0,0,0,0,0,0,0,0,0,0,96154,1627,11314,79420.276,38860.624,37560.063,0.055,101.308,44415.910,29733.203,697.279,371,365,64,33,268,106718,0,0,0,0.000,0.000,0.000,0.000,0.000,0.000,0.000,0.000,0,0,0,0,0,0,0,0,0,0.000,0.000,0.000,0.000,0.000,0.000,0.000,0.000,0,0,0,0,0,0,0,0,0,0.000,0.000,0.000,0.000,0.000,0.000,0.000,0.000,0,0,0,0,0,0,0,0,0,0.000,0.000,0.000,0.000,0.000,0.000,0.000,0.000,0,0,0,0,0,0,30,0,0,0.000,0.000,0.000,0.000,0.001,3.460,0.491,0.450,0,0,0,0,0,0,0,0,0,0,0,0,0,0,0,0,0,0,74302,23301,9619,9480,2664,1335,0,0,0,0,0,0,86753,25648,15301,9431,2996,1229,0,0,0,0,0,0,837.851,110.493,15303.224,2830.756,0,0,0,607,362,696,1652,605,357,859,370,847,314,51,353,930,577,741,555,83,318,0,0,0,0,0,0,0,1,0,0,0,0,1565,0,0,0,0,0,0,0,1697,0,0,0,0,0,0,0,0,0,0,0,0,0,0,0,0,0,0,0,0,0,0,0,1.0000,1.0000,23,23,23,0.4301,0.3457,37,0,0
13741,458.0,5884,65,54,2776,3108,0,0,4116,500.25,1.090,0.795,0.343,0.062,0.465,-0.962,3.653,0.2440,1.7162,0.278,0.000,0.001,0.105,0.047,172,58,103,0,345,0,176549.73,55033.293,37439.514,86.393,37553.149,81.119,54251.639,30604.691,7234.656,18678.205,14942.564,4823.086,68.640,2170.703,0.000322,-0.041054,11692,0,33,70,103,33,8170,296,70,86.339,9,1,1,0,1,0,0,0,0,0,0,0,0,0,94982,1562,11396,77927.801,37438.142,37552.536,0.053,86.339,43904.606,28625.027,639.988,293,389,58,33,298,105314,0,0,0,0.000,0.000,0.000,0.000,0.000,0.000,0.000,0.000,0,0,0,0,0,0,0,0,0,0.000,0.000,0.000,0.000,0.000,0.000,0.000,0.000,0,0,0,0,0,0,0,0,0,0.000,0.000,0.000,0.000,0.000,0.000,0.000,0.000,0,0,0,0,0,0,0,0,0,0.000,0.000,0.000,0.000,0.000,0.000,0.000,0.000,0,0,0,0,0,0,9,0,0,0.000,0.000,0.000,0.000,0.000,1.038,0.129,0.450,0,1,0,0,1,126,0,0,0,0,0,0,0,0,0,0,0,0,74441,23069,9649,9430,2592,1345,0,0,0,0,0,0,85631,24464,16349,9360,2720,1408,0,0,0,0,0,0,831.981,112.987,14354.634,3039.530,0,0,0,556,357,686,1592,549,344,849,350,850,333,47,347,849,596,758,556,90,259,0,0,0,0,0,0,0,0,0,0,0,0,1577,0,0,0,0,0,0,0,1663,0,0,0,0,0,0,0,0,0,0,0,0,0,0,0,0,0,0,0,0,0,0,0,1.0000,1.0000,21,21,21,0.4198,0.3449,37,0,0
13771,459.0,5760,58,54,2746,3014,0,0,4073,388.12,1.084,0.790,0.344,0.061,0.469,-0.963,3.656,0.2429,1.7044,0.278,0.000,0.001,0.105,0.047,180,60,107,1,324,0,170043.16,54022.362,37928.986,117.601,34768.698,73.193,52805.613,28878.384,7213.179,17444.369,13955.495,4230.088,89.274,1870.100,0.000306,-0.042711,11090,0,24,83,107,24,8572,239,83,117.571,0,0,0,0,0,0,0,0,0,0,0,0,0,0,92020,1586,10851,75542.947,37928.036,34768.048,0.030,117.571,42600.659,26920.064,637.062,272,366,60,24,282,89359,0,0,0,0.000,0.000,0.000,0.000,0.000,0.000,0.000,0.000,0,0,0,0,0,0,0,0,0,0.000,0.000,0.000,0.000,0.000,0.000,0.000,0.000,0,0,0,0,0,0,0,0,0,0.000,0.000,0.000,0.000,0.000,0.000,0.000,0.000,0,0,0,0,0,0,0,0,0,0.000,0.000,0.000,0.000,0.000,0.000,0.000,0.000,0,0,0,0,0,0,0,0,0,0.000,0.000,0.000,0.000,0.000,0.000,0.000,0.000,0,0,0,0,0,0,0,0,0,0,0,0,0,0,0,0,0,0,73303,22807,8995,9366,2451,1218,0,0,0,0,0,0,83084,22870,16147,8936,2505,1428,0,0,0,0,0,0,827.038,104.270,13227.549,2981.239,0,0,0,557,372,676,1612,555,373,840,335,848,339,44,340,836,564,720,585,75,234,0,0,0,0,0,0,0,0,0,0,0,0,1571,0,0,0,0,0,0,0,1614,0,0,0,0,0,0,0,0,0,0,0,0,0,0,0,0,0,0,0,0,0,0,0,1.0000,1.0000,21,21,21,0.4294,0.3392,36,0,0
13801,460.0,5584,57,52,2724,2860,0,0,3973,415.75,1.070,0.781,0.345,0.062,0.479,-0.963,3.658,0.2441,1.7111,0.281,0.000,0.001,0.105,0.047,193,62,111,2,355,0,162051.12,52347.953,35624.287,110.860,34430.637,85.319,51148.711,27987.615,7103.196,16418.318,13134.655,4527.011,73.682,1951.265,0.000377,-0.044822,11048,0,38,73,111,38,8286,231,73,110.807,0,0,0,0,0,0,0,0,0,0,0,0,0,0,88451,1481,10817,72760.919,35623.841,34430.164,0.053,110.807,41004.840,26033.714,651.390,250,404,60,38,306,118109,0,0,0,0.000,0.000,0.000,0.000,0.000,0.000,0.000,0.000,0,0,0,0,0,0,0,0,0,0.000,0.000,0.000,0.000,0.000,0.000,0.000,0.000,0,0,0,0,0,0,0,0,0,0.000,0.000,0.000,0.000,0.000,0.000,0.000,0.000,0,0,0,0,0,0,0,0,0,0.000,0.000,0.000,0.000,0.000,0.000,0.000,0.000,0,0,0,0,0,0,0,0,0,0.000,0.000,0.000,0.000,0.000,0.000,0.000,0.000,0,0,0,0,0,0,0,0,0,0,0,0,0,0,0,0,0,0,72878,22494,8708,9214,2378,1142,0,0,0,0,0,0,80035,22058,15196,8416,2532,1315,0,0,0,0,0,0,811.823,100.818,12896.658,2771.577,0,0,0,519,365,612,1497,523,359,823,323,825,359,44,350,786,542,673,546,74,239,0,0,0,0,0,0,0,0,0,0,0,0,1578,0,0,0,0,0,0,0,1532,0,0,0,0,0,0,0,0,0,0,0,0,0,0,0,0,0,0,0,0,0,0,0,1.0000,1.0000,21,21,21,0.4425,0.3387,34,0,0
13831,461.0,5430,62,52,2680,2750,0,0,3867,496.45,1.064,0.776,0.347,0.062,0.484,-0.963,3.664,0.2435,1.7056,0.282,0.001,0.001,0.106,0.047,191,64,112,0,318,0,155713.19,50687.104,33975.390,103.193,32530.478,81.134,48989.343,26076.238,6898.262,16053.112,12842.490,3970.604,130.083,1828.459,0.000274,-0.043830,10626,0,30,82,112,30,8039,208,82,103.153,0,0,0,0,0,0,0,0,0,0,0,0,0,0,83913,1413,10418,69078.365,33974.929,32529.915,0.040,103.153,38978.615,24209.281,585.426,248,358,63,30,265,108458,0,0,0,0.000,0.000,0.000,0.000,0.000,0.000,0.000,0.000,0,0,0,0,0,0,0,0,0,0.000,0.000,0.000,0.000,0.000,0.000,0.000,0.000,0,0,0,0,0,0,0,0,0,0.000,0.000,0.000,0.000,0.000,0.000,0.000,0.000,0,0,0,0,0,0,0,0,0,0.000,0.000,0.000,0.000,0.000,0.000,0.000,0.000,0,0,0,0,0,0,0,0,0,0.000,0.000,0.000,0.000,0.000,0.000,0.000,0.000,0,0,0,0,0,0,0,0,0,0,0,0,0,0,0,0,0,0,71798,21850,8180,9109,2391,1076,0,0,0,0,0,0,75995,20007,14564,7918,2663,1308,0,0,0,0,0,0,790.083,93.458,11627.485,2674.348,0,0,0,538,304,598,1435,531,301,792,296,827,362,44,359,727,535,620,553,63,252,0,0,0,0,0,0,0,0,0,0,0,0,1592,0,0,0,0,0,0,0,1488,0,0,0,0,0,0,0,0,0,0,0,0,0,0,0,0,0,0,0,0,0,0,0,1.0000,1.0000,21,21,21,0.4373,0.3520,34,0,0
13861,462.0,5224,64,52,2656,2568,0,0,3671,398.05,1.045,0.764,0.348,0.061,0.497,-0.963,3.669,0.2415,1.6742,0.284,0.000,0.001,0.106,0.048,186,66,106,0,339,0,149568.78,48782.387,32347.947,84.208,30704.183,81.250,47115.414,24667.200,6668.521,14180.698,11344.558,4445.463,46.710,1579.509,0.000278,-0.043169,10117,0,37,69,105,37,8097,206,68,84.120,0,0,0,0,0,0,0,0,0,0,0,0,0,0,79859,1345,9911,65422.615,32346.961,30703.763,0.086,84.120,37182.528,22842.565,574.152,215,397,64,37,296,117400,0,0,0,0.000,0.000,0.000,0.000,0.000,0.000,0.000,0.000,0,0,0,0,0,0,0,0,0,0.000,0.000,0.000,0.000,0.000,0.000,0.000,0.000,0,0,0,0,0,0,0,0,0,0.000,0.000,0.000,0.000,0.000,0.000,0.000,0.000,0,0,0,0,0,0,0,0,0,0.000,0.000,0.000,0.000,0.000,0.000,0.000,0.000,0,0,0,0,0,0,0,0,0,0.000,0.000,0.000,0.000,0.000,0.000,0.000,0.000,0,0,0,0,0,0,0,0,0,0,0,0,0,0,0,0,0,0,71118,21321,8180,8913,2300,948,0,0,0,0,0,0,72485,19081,13209,7374,2683,1250,0,0,0,0,0,0,761.735,92.771,11105.265,2383.380,0,0,0,478,316,580,1372,485,309,781,317,797,350,39,372,697,482,580,548,47,214,0,0,0,0,0,0,0,0,0,0,0,0,1558,0,0,0,0,0,0,0,1389,0,0,0,0,0,0,0,0,0,0,0,0,0,0,0,0,0,0,0,0,0,0,0,1.0000,1.0000,21,21,21,0.4486,0.3519,34,0,0
13891,463.0,5097,68,52,2633,2464,0,0,3524,441.08,1.034,0.757,0.347,0.061,0.504,-0.964,3.671,0.2437,1.6856,0.282,0.000,0.002,0.107,0.047,168,55,82,0,305,0,143817.14,46447.087,30226.584,92.551,29149.306,80.221,45050.623,23316.513,6354.720,14666.951,11733.561,3306.144,18.754,1537.719,0.000299,-0.044772,9363,0,24,58,82,24,8228,185,58,92.503,0,0,0,0,0,0,0,0,0,0,0,0,0,0,75546,1257,9178,61607.536,30225.965,29148.852,0.048,92.503,35166.402,21519.001,567.009,225,329,54,24,251,99207,0,0,0,0.000,0.000,0.000,0.000,0.000,0.000,0.000,0.000,0,0,0,0,0,0,0,0,0,0.000,0.000,0.000,0.000,0.000,0.000,0.000,0.000,0,0,0,0,0,0,0,0,0,0.000,0.000,0.000,0.000,0.000,0.000,0.000,0.000,0,0,0,0,0,0,0,0,0,0.000,0.000,0.000,0.000,0.000,0.000,0.000,0.000,0,0,0,0,0,0,0,0,0,0.000,0.000,0.000,0.000,0.000,0.000,0.000,0.000,0,0,0,0,0,0,0,0,0,0,0,0,0,0,0,0,0,0,70625,20680,8774,8784,2356,961,0,0,0,0,0,0,68248,17855,13032,7298,2489,1609,0,0,0,0,0,0,740.639,98.136,10424.029,2372.659,0,0,0,461,287,533,1277,449,293,765,321,772,354,37,384,665,489,562,489,55,204,0,0,0,0,0,0,0,0,0,0,0,0,1547,0,0,0,0,0,0,0,1310,0,0,0,0,0,0,0,0,0,0,0,0,0,0,0,0,0,0,0,0,0,0,0,1.0000,1.0000,21,21,21,0.4436,0.3637,34,0,0
13921,464.0,4944,72,52,2612,2332,0,0,3248,454.48,1.019,0.748,0.348,0.060,0.515,-0.964,3.672,0.2419,1.6716,0.285,0.000,0.001,0.107,0.048,189,55,67,1,313,0,137442.84,44684.346,28149.641,83.085,27764.467,76.751,43283.342,22437.739,6009.141,13168.732,10534.986,3347.803,121.042,1458.555,0.000305,-0.046249,8845,0,10,57,66,10,8392,182,56,83.053,0,0,0,0,0,0,0,0,0,0,0,0,0,0,71945,1169,8663,58031.564,28149.287,27762.761,0.030,83.053,33465.600,20709.667,514.564,196,328,55,10,263,102097,0,0,0,0.000,0.000,0.000,0.000,0.000,0.000,0.000,0.000,0,0,0,0,0,0,0,0,0,0.000,0.000,0.000,0.000,0.000,0.000,0.000,0.000,0,0,0,0,0,0,0,0,0,0.000,0.000,0.000,0.000,0.000,0.000,0.000,0.000,0,0,0,0,0,0,0,0,0,0.000,0.000,0.000,0.000,0.000,0.000,0.000,0.000,0,0,0,0,0,0,0,0,0,0.000,0.000,0.000,0.000,0.000,0.000,0.000,0.000,0,0,0,0,0,0,0,0,0,0,0,0,0,0,0,0,0,0,70217,20389,8732,8641,2438,876,0,0,0,0,0,0,64848,17522,11917,7097,2338,1356,0,0,0,0,0,0,723.939,97.306,10100.452,2201.852,0,0,0,412,256,521,1185,402,266,769,315,754,351,41,382,649,414,548,451,53,217,0,0,0,0,0,0,0,0,0,0,0,0,1528,0,0,0,0,0,0,0,1269,0,0,0,0,0,0,0,0,0,0,0,0,0,0,0,0,0,0,0,0,0,0,0,1.0000,1.0000,20,20,20,0.4421,0.3302,32,0,0
13951,465.0,4806,74,51,2575,2231,0,0,3086,412.29,1.009,0.742,0.348,0.060,0.521,-0.964,3.678,0.2435,1.6896,0.292,0.000,0.001,0.108,0.049,201,70,72,0,243,0,131474.34,43296.405,25678.298,74.914,26703.881,85.492,41385.987,21340.870,5490.648,11507.256,9205.805,2815.334,108.867,1574.945,0.000263,-0.047420,8777,0,16,56,72,16,8151,216,56,74.866,0,0,0,0,0,0,0,0,0,0,0,0,0,0,68105,1069,8561,54374.785,25677.930,26703.423,0.048,74.866,31693.078,19680.371,472.258,178,279,67,16,196,87112,0,0,0,0.000,0.000,0.000,0.000,0.000,0.000,0.000,0.000,0,0,0,0,0,0,0,0,0,0.000,0.000,0.000,0.000,0.000,0.000,0.000,0.000,0,0,0,0,0,0,0,0,0,0.000,0.000,0.000,0.000,0.000,0.000,0.000,0.000,0,0,0,0,0,0,0,0,0,0.000,0.000,0.000,0.000,0.000,0.000,0.000,0.000,0,0,0,0,0,0,0,0,0,0.000,0.000,0.000,0.000,0.000,0.000,0.000,0.000,0,0,0,0,0,0,0,0,0,0,0,0,0,0,0,0,0,0,69186,20077,8788,8501,2467,820,0,0,0,0,0,0,61432,16562,10939,6673,2076,1342,0,0,0,0,0,0,701.440,98.164,9615.504,1989.426,0,0,0,403,235,449,1085,411,223,738,328,727,357,38,387,620,410,537,403,56,205,0,0,0,0,0,0,0,0,0,0,0,0,1509,0,0,0,0,0,0,0,1201,0,0,0,0,0,0,0,0,0,0,0,0,0,0,0,0,0,0,0,0,0,0,0,1.0000,1.0000,21,21,21,0.4395,0.3554,32,0,0
13981,466.0,4665,75,51,2569,2096,0,0,3002,503.10,0.990,0.729,0.351,0.060,0.535,-0.964,3.679,0.2409,1.6725,0.290,0.000,0.002,0.108,0.049,206,81,37,2,270,0,125982.07,41460.847,24525.786,37.961,24875.111,85.986,39745.033,20207.354,5309.926,11779.859,9423.888,2338.918,160.623,1399.050,0.000258,-0.047819,8012,0,11,26,37,11,8094,189,26,37.920,0,0,0,0,0,0,0,0,0,0,0,0,0,0,64582,1018,7823,51182.685,24525.060,24874.269,0.041,37.920,30068.304,18625.103,408.535,184,319,81,11,227,106319,0,0,0,0.000,0.000,0.000,0.000,0.000,0.000,0.000,0.000,0,0,0,0,0,0,0,0,0,0.000,0.000,0.000,0.000,0.000,0.000,0.000,0.000,0,0,0,0,0,0,0,0,0,0.000,0.000,0.000,0.000,0.000,0.000,0.000,0.000,0,0,0,0,0,0,0,0,0,0.000,0.000,0.000,0.000,0.000,0.000,0.000,0.000,0,0,0,0,0,0,0,0,0,0.000,0.000,0.000,0.000,0.000,0.000,0.000,0.000,0,0,0,0,0,0,0,0,0,0,0,0,0,0,0,0,0,0,68786,19776,8973,8540,2442,860,0,0,0,0,0,0,58288,15750,10708,6294,1947,1117,0,0,0,0,0,0,692.345,101.347,9202.966,1939.664,0,0,0,400,222,419,1040,393,225,741,329,721,361,39,378,561,407,496,391,47,194,0,0,0,0,0,0,0,0,0,0,0,0,1499,0,0,0,0,0,0,0,1128,0,0,0,0,0,0,0,0,0,0,0,0,0,0,0,0,0,0,0,0,0,0,0,1.0000,1.0000,22,22,22,0.4351,0.3272,32,0,0
14011,467.0,4553,59,51,2560,1993,0,0,2923,488.29,0.975,0.721,0.352,0.060,0.545,-0.965,3.683,0.2411,1.6638,0.296,0.000,0.002,0.109,0.049,216,64,39,1,232,0,120948.34,39643.125,23197.085,49.416,24865.726,95.074,38307.566,19208.328,5128.013,10382.090,8305.672,1882.780,68.858,1251.391,0.000157,-0.047621,8237,0,9,30,39,9,7864,192,30,49.386,0,0,0,0,0,0,0,0,0,0,0,0,0,0,61491,968,8045,49801.078,23196.689,24865.152,0.030,49.386,28659.799,17700.947,342.350,157,260,62,9,189,83753,0,0,0,0.000,0.000,0.000,0.000,0.000,0.000,0.000,0.000,0,0,0,0,0,0,0,0,0,0.000,0.000,0.000,0.000,0.000,0.000,0.000,0.000,0,0,0,0,0,0,0,0,0,0.000,0.000,0.000,0.000,0.000,0.000,0.000,0.000,0,0,0,0,0,0,0,0,0,0.000,0.000,0.000,0.000,0.000,0.000,0.000,0.000,0,0,0,0,0,0,0,0,0,0.000,0.000,0.000,0.000,0.000,0.000,0.000,0.000,0,0,0,0,0,0,0,0,0,0,0,0,0,0,0,0,0,0,68644,19513,9198,8424,2460,884,0,0,0,0,0,0,55496,14987,10390,5995,1842,966,0,0,0,0,0,0,685.743,104.286,8824.966,1833.793,0,0,0,368,211,397,992,376,206,727,340,719,350,45,379,564,356,456,391,42,184,0,0,0,0,0,0,0,0,0,0,0,0,1493,0,0,0,0,0,0,0,1073,0,0,0,0,0,0,0,0,0,0,0,0,0,0,0,0,0,0,0,0,0,0,0,1.0000,1.0000,22,22,22,0.4265,0.3168,31,0,0
14041,468.0,4419,69,51,2552,1867,0,0,2790,484.05,0.956,0.710,0.353,0.060,0.558,-0.964,3.690,0.2416,1.6736,0.292,0.000,0.002,0.110,0.049,211,74,48,2,234,0,114811.90,37647.048,21441.598,45.194,22427.006,99.219,36488.807,18342.665,4916.090,10219.068,8175.255,2233.577,10.612,1234.718,0.000149,-0.048070,7638,0,12,36,47,12,7576,209,35,45.178,0,0,0,0,0,0,0,0,0,0,0,0,0,0,57531,895,7429,45541.782,21441.066,22426.638,0.014,45.178,26868.425,16848.575,321.556,151,277,73,12,192,89700,0,0,0,0.000,0.000,0.000,0.000,0.000,0.000,0.000,0.000,0,0,0,0,0,0,0,0,0,0.000,0.000,0.000,0.000,0.000,0.000,0.000,0.000,0,0,0,0,0,0,0,0,0,0.000,0.000,0.000,0.000,0.000,0.000,0.000,0.000,0,0,0,0,0,0,0,0,0,0.000,0.000,0.000,0.000,0.000,0.000,0.000,0.000,0,0,0,0,0,0,0,0,0,0.000,0.000,0.000,0.000,0.000,0.000,0.000,0.000,0,0,0,0,0,0,0,0,0,0,0,0,0,0,0,0,0,0,68602,19675,9258,8227,2418,876,0,0,0,0,0,0,51796,14318,9310,5735,1910,870,0,0,0,0,0,0,694.641,106.744,8490.079,1655.445,0,0,0,299,215,412,916,301,208,736,337,713,343,48,375,527,319,431,366,44,180,0,0,0,0,0,0,0,0,0,0,0,0,1479,0,0,0,0,0,0,0,1021,0,0,0,0,0,0,0,0,0,0,0,0,0,0,0,0,0,0,0,0,0,0,0,1.0000,1.0000,20,20,20,0.4187,0.3362,32,0,0
14071,469.0,4262,62,51,2527,1735,0,0,2652,494.71,0.936,0.697,0.354,0.059,0.572,-0.965,3.700,0.2388,1.6393,0.291,0.001,0.001,0.111,0.050,197,72,41,3,234,0,107969.14,35622.751,18919.932,55.829,20619.990,92.204,34826.660,16954.346,4664.598,8729.303,6983.442,2150.026,29.887,1069.889,0.000278,-0.051225,7280,0,7,34,41,7,7572,207,34,55.826,0,0,0,0,0,0,0,0,0,0,0,0,0,0,54113,786,7073,40982.038,18919.355,20619.581,0.003,55.826,25303.239,15469.763,323.517,124,256,69,7,180,77959,0,0,0,0.000,0.000,0.000,0.000,0.000,0.000,0.000,0.000,0,0,0,0,0,0,0,0,0,0.000,0.000,0.000,0.000,0.000,0.000,0.000,0.000,0,0,0,0,0,0,0,0,0,0.000,0.000,0.000,0.000,0.000,0.000,0.000,0.000,0,0,0,0,0,0,0,0,0,0.000,0.000,0.000,0.000,0.000,0.000,0.000,0.000,0,0,0,0,0,0,0,0,0,0.000,0.000,0.000,0.000,0.000,0.000,0.000,0.000,0,0,0,0,0,0,0,0,0,0,0,0,0,0,0,0,0,0,68055,19646,9249,8044,2416,837,0,0,0,0,0,0,48941,12711,8778,5172,1706,809,0,0,0,0,0,0,692.980,105.251,7417.995,1550.098,0,0,0,286,173,340,806,286,176,752,330,674,353,41,377,457,324,432,308,51,163,0,0,0,0,0,0,0,0,0,0,0,0,1445,0,0,0,0,0,0,0,954,0,0,0,0,0,0,0,0,0,0,0,0,0,0,0,0,0,0,0,0,0,0,0,1.0000,1.0000,20,20,20,0.3965,0.3346,31,0,0
14101,470.0,4106,81,48,2476,1630,0,0,2554,512.88,0.923,0.689,0.356,0.059,0.582,-0.966,3.709,0.2387,1.6444,0.299,0.001,0.001,0.111,0.050,196,68,34,0,209,0,102018.98,33872.241,17323.604,26.661,19160.198,88.420,33051.189,15725.030,4408.972,7338.096,5870.477,1462.309,6.772,1050.779,0.000253,-0.052744,6723,0,7,27,34,7,7025,153,27,26.652,0,0,0,0,0,0,0,0,0,0,0,0,0,0,50474,719,6570,37758.631,17323.052,19159.876,0.010,26.652,23641.220,14301.137,270.933,114,219,64,7,148,73694,0,0,0,0.000,0.000,0.000,0.000,0.000,0.000,0.000,0.000,0,0,0,0,0,0,0,0,0,0.000,0.000,0.000,0.000,0.000,0.000,0.000,0.000,0,0,0,0,0,0,0,0,0,0.000,0.000,0.000,0.000,0.000,0.000,0.000,0.000,0,0,0,0,0,0,0,0,0,0.000,0.000,0.000,0.000,0.000,0.000,0.000,0.000,0,0,0,0,0,0,0,0,0,0.000,0.000,0.000,0.000,0.000,0.000,0.000,0.000,0,0,0,0,0,0,0,0,0,0,0,0,0,0,0,0,0,0,67250,19810,8850,7805,2386,762,0,0,0,0,0,0,45736,11669,8364,4738,1494,696,0,0,0,0,0,0,696.014,102.260,6780.327,1463.168,0,0,0,270,160,328,739,259,158,727,313,654,368,39,375,419,283,393,335,35,165,0,0,0,0,0,0,0,0,0,0,0,0,1436,0,0,0,0,0,0,0,928,0,0,0,0,0,0,0,0,0,0,0,0,0,0,0,0,0,0,0,0,0,0,0,1.0000,1.0000,22,22,22,0.4056,0.3180,33,0,0
14131,471.0,3936,67,48,2425,1511,0,0,2390,634.47,0.906,0.680,0.357,0.059,0.594,-0.966,3.714,0.2389,1.6421,0.301,0.001,0.001,0.111,0.050,231,69,23,4,215,0,97232.54,32274.509,16353.888,25.405,18253.539,98.111,31200.533,14701.140,4158.732,6747.103,5397.683,1029.716,30.093,970.606,0.000256,-0.055328,6210,0,2,21,23,2,7074,204,21,25.387,0,0,0,0,0,0,0,0,0,0,0,0,0,0,46849,678,6006,35783.939,16353.265,18252.661,0.018,25.387,21948.931,13335.219,229.577,105,224,65,2,157,82484,0,0,0,0.000,0.000,0.000,0.000,0.000,0.000,0.000,0.000,0,0,0,0,0,0,0,0,0,0.000,0.000,0.000,0.000,0.000,0.000,0.000,0.000,0,0,0,0,0,0,0,0,0,0.000,0.000,0.000,0.000,0.000,0.000,0.000,0.000,0,0,0,0,0,0,0,0,0,0.000,0.000,0.000,0.000,0.000,0.000,0.000,0.000,0,0,0,0,0,0,0,0,0,0.000,0.000,0.000,0.000,0.000,0.000,0.000,0.000,0,0,0,0,0,0,0,0,0,0,0,0,0,0,0,0,0,0,65907,19538,8787,7697,2326,793,0,0,0,0,0,0,42755,11109,7090,4094,1197,681,0,0,0,0,0,0,693.562,103.302,6320.374,1258.997,0,0,0,247,148,287,696,260,141,725,311,638,359,45,347,410,250,370,279,48,154,0,0,0,0,0,0,0,0,0,0,0,0,1389,0,0,0,0,0,0,0,851,0,0,0,0,0,0,0,0,0,0,0,0,0,0,0,0,0,0,0,0,0,0,0,1.0000,1.0000,19,19,19,0.4021,0.3361,33,0,0
14161,472.0,3802,72,48,2393,1409,0,0,2240,572.38,0.889,0.669,0.357,0.058,0.605,-0.966,3.713,0.2373,1.6136,0.303,0.000,0.000,0.112,0.051,227,57,17,2,186,0,91852.96,30521.585,14438.486,26.499,16136.725,99.431,29577.004,13646.917,3864.416,5971.888,4777.510,1126.275,13.685,943.472,0.000227,-0.056312,5588,0,1,16,17,1,7010,187,16,26.499,0,0,0,0,0,0,0,0,0,0,0,0,0,0,43783,600,5401,31658.422,14438.180,16135.932,0.000,26.499,20529.130,12330.032,197.009,89,191,54,1,136,67431,0,0,0,0.000,0.000,0.000,0.000,0.000,0.000,0.000,0.000,0,0,0,0,0,0,0,0,0,0.000,0.000,0.000,0.000,0.000,0.000,0.000,0.000,0,0,0,0,0,0,0,0,0,0.000,0.000,0.000,0.000,0.000,0.000,0.000,0.000,0,0,0,0,0,0,0,0,0,0.000,0.000,0.000,0.000,0.000,0.000,0.000,0.000,0,0,0,0,0,0,0,0,0,0.000,0.000,0.000,0.000,0.000,0.000,0.000,0.000,0,0,0,0,0,0,0,0,0,0,0,0,0,0,0,0,0,0,64442,19345,8561,7548,2344,789,0,0,0,0,0,0,40127,10589,7197,3656,1080,691,0,0,0,0,0,0,699.857,97.931,5812.841,1281.043,0,0,0,196,150,281,622,186,154,718,320,630,349,49,327,368,261,308,282,38,152,0,0,0,0,0,0,0,0,0,0,0,0,1355,0,0,0,0,0,0,0,780,0,0,0,0,0,0,0,0,0,0,0,0,0,0,0,0,0,0,0,0,0,0,0,1.0000,1.0000,20,20,20,0.4091,0.3479,33,0,0
14191,473.0,3661,66,48,2366,1295,0,0,2131,519.45,0.866,0.656,0.357,0.058,0.620,-0.967,3.715,0.2369,1.6328,0.308,0.000,0.000,0.112,0.050,227,83,20,1,159,0,86699.41,28951.037,13314.641,22.663,15764.388,106.663,27978.672,12746.866,3671.122,5461.079,4368.864,1103.004,0.925,849.085,0.000183,-0.056408,5454,0,3,17,20,3,6985,189,17,22.659,0,0,0,0,0,0,0,0,0,0,0,0,0,0,40484,553,5265,30122.923,13313.705,15763.890,0.004,22.659,19010.681,11467.888,171.367,80,194,76,3,115,65837,0,0,0,0.000,0.000,0.000,0.000,0.000,0.000,0.000,0.000,0,0,0,0,0,0,0,0,0,0.000,0.000,0.000,0.000,0.000,0.000,0.000,0.000,0,0,0,0,0,0,0,0,0,0.000,0.000,0.000,0.000,0.000,0.000,0.000,0.000,0,0,0,0,0,0,0,0,0,0.000,0.000,0.000,0.000,0.000,0.000,0.000,0.000,0,0,0,0,0,0,0,0,0,0.000,0.000,0.000,0.000,0.000,0.000,0.000,0.000,0,0,0,0,0,0,0,0,0,0,0,0,0,0,0,0,0,0,63973,19001,8595,7434,2287,745,0,0,0,0,0,0,37100,9707,6308,3384,1154,644,0,0,0,0,0,0,692.697,96.512,5512.049,1118.635,0,0,0,208,116,238,568,211,121,702,307,642,352,45,318,360,212,285,265,41,132,0,0,0,0,0,0,0,0,0,0,0,0,1357,0,0,0,0,0,0,0,723,0,0,0,0,0,0,0,0,0,0,0,0,0,0,0,0,0,0,0,0,0,0,0,1.0000,1.0000,20,20,20,0.4170,0.3545,32,0,0
14221,474.0,3495,65,48,2313,1182,0,0,1957,622.93,0.844,0.644,0.357,0.057,0.635,-0.967,3.721,0.2380,1.6287,0.310,0.000,0.001,0.113,0.051,236,70,33,2,185,0,82401.16,27542.216,12993.625,28.343,13829.691,108.373,26313.702,11705.808,3389.099,5567.852,4454.281,1488.813,3.691,847.742,0.000217,-0.057148,4894,0,8,25,33,8,6587,140,25,28.331,0,0,0,0,0,0,0,0,0,0,0,0,0,0,37278,541,4754,27794.764,12993.444,13829.342,0.012,28.331,17498.057,10472.171,166.702,81,194,64,8,122,65060,0,0,0,0.000,0.000,0.000,0.000,0.000,0.000,0.000,0.000,0,0,0,0,0,0,0,0,0,0.000,0.000,0.000,0.000,0.000,0.000,0.000,0.000,0,0,0,0,0,0,0,0,0,0.000,0.000,0.000,0.000,0.000,0.000,0.000,0.000,0,0,0,0,0,0,0,0,0,0.000,0.000,0.000,0.000,0.000,0.000,0.000,0.000,0,0,0,0,0,0,0,0,0,0.000,0.000,0.000,0.000,0.000,0.000,0.000,0.000,0,0,0,0,0,0,0,0,0,0,0,0,0,0,0,0,0,0,62924,18395,8572,7226,2301,696,0,0,0,0,0,0,33953,8956,5842,3325,1166,761,0,0,0,0,0,0,663.763,95.843,5058.745,1066.221,0,0,0,186,137,229,553,184,137,682,312,614,359,36,310,310,220,264,252,28,108,0,0,0,0,0,0,0,0,0,0,0,0,1319,0,0,0,0,0,0,0,652,0,0,0,0,0,0,0,0,0,0,0,0,0,0,0,0,0,0,0,0,0,0,0,1.0000,1.0000,20,20,20,0.4253,0.3387,32,0,0
14251,475.0,3366,77,47,2280,1086,0,0,1805,608.12,0.822,0.630,0.355,0.058,0.649,-0.967,3.721,0.2358,1.6115,0.304,0.000,0.001,0.114,0.050,247,61,26,3,151,0,77335.87,25871.972,10286.545,30.899,12397.229,126.032,24488.164,10473.711,3111.241,4856.568,3885.255,1249.104,6.601,954.580,0.000231,-0.059074,4426,0,6,20,26,6,6661,243,20,30.879,0,0,0,0,0,0,0,0,0,0,0,0,0,0,33928,426,4183,23469.164,10285.195,12396.752,0.019,30.879,15880.099,9279.506,162.135,66,162,51,6,105,60344,0,0,0,0.000,0.000,0.000,0.000,0.000,0.000,0.000,0.000,0,0,0,0,0,0,0,0,0,0.000,0.000,0.000,0.000,0.000,0.000,0.000,0.000,0,0,0,0,0,0,0,0,0,0.000,0.000,0.000,0.000,0.000,0.000,0.000,0.000,0,0,0,0,0,0,0,0,0,0.000,0.000,0.000,0.000,0.000,0.000,0.000,0.000,0,0,0,0,0,0,0,0,0,0.000,0.000,0.000,0.000,0.000,0.000,0.000,0.000,0,0,0,0,0,0,0,0,0,0,0,0,0,0,0,0,0,0,61553,17919,8729,7078,2254,770,0,0,0,0,0,0,30775,7623,5931,3153,1150,669,0,0,0,0,0,0,639.829,100.242,4358.154,1091.673,0,0,0,170,101,184,443,168,102,665,314,606,356,31,308,283,203,269,212,26,93,0,0,0,0,0,0,0,0,0,0,0,0,1301,0,0,0,0,0,0,0,600,0,0,0,0,0,0,0,0,0,0,0,0,0,0,0,0,0,0,0,0,0,0,0,1.0000,1.0000,22,22,22,0.4121,0.3425,30,0,0
14281,476.0,3244,75,47,2243,1001,0,0,1644,621.16,0.805,0.621,0.354,0.059,0.662,-0.967,3.725,0.2338,1.5897,0.315,0.000,0.002,0.114,0.051,251,67,18,2,143,0,73935.52,24560.053,10481.607,14.982,12167.705,128.008,23276.234,9935.817,2856.169,4756.248,3804.999,701.901,13.916,721.697,0.000146,-0.059951,4276,0,7,11,18,7,6520,191,11,14.963,0,0,0,0,0,0,0,0,0,0,0,0,0,0,31489,436,4085,23491.698,10481.556,12167.444,0.019,14.963,14754.806,8766.779,146.643,67,152,63,7,82,48913,0,0,0,0.000,0.000,0.000,0.000,0.000,0.000,0.000,0.000,0,0,0,0,0,0,0,0,0,0.000,0.000,0.000,0.000,0.000,0.000,0.000,0.000,0,0,0,0,0,0,0,0,0,0.000,0.000,0.000,0.000,0.000,0.000,0.000,0.000,0,0,0,0,0,0,0,0,0,0.000,0.000,0.000,0.000,0.000,0.000,0.000,0.000,0,0,0,0,0,0,0,0,0,0.000,0.000,0.000,0.000,0.000,0.000,0.000,0.000,0,0,0,0,0,0,0,0,0,0,0,0,0,0,0,0,0,0,61051,17703,8733,6956,2137,787,0,0,0,0,0,0,28516,7356,5274,2973,1052,591,0,0,0,0,0,0,627.836,98.247,4219.897,939.592,0,0,0,163,102,183,450,172,92,664,315,583,347,28,306,277,182,242,183,21,96,0,0,0,0,0,0,0,0,0,0,0,0,1264,0,0,0,0,0,0,0,542,0,0,0,0,0,0,0,0,0,0,0,0,0,0,0,0,0,0,0,0,0,0,0,1.0000,1.0000,22,22,22,0.4147,0.3370,30,0,0
14311,477.0,3142,75,47,2224,918,0,0,1532,582.51,0.782,0.608,0.355,0.059,0.677,-0.967,3.722,0.2336,1.6128,0.319,0.000,0.002,0.115,0.051,231,76,15,0,116,0,71135.95,24084.471,9563.654,17.178,10698.229,125.761,22019.160,9318.437,2632.268,4514.774,3611.820,847.406,14.617,730.027,0.000151,-0.059511,3825,0,2,13,15,2,6471,189,13,17.176,0,0,0,0,0,0,0,0,0,0,0,0,0,0,28929,396,3636,20957.398,9563.073,10697.774,0.002,17.176,13601.741,8174.631,140.060,60,143,72,2,69,52509,0,0,0,0.000,0.000,0.000,0.000,0.000,0.000,0.000,0.000,0,0,0,0,0,0,0,0,0,0.000,0.000,0.000,0.000,0.000,0.000,0.000,0.000,0,0,0,0,0,0,0,0,0,0.000,0.000,0.000,0.000,0.000,0.000,0.000,0.000,0,0,0,0,0,0,0,0,0,0.000,0.000,0.000,0.000,0.000,0.000,0.000,0.000,0,0,0,0,0,0,0,0,0,0.000,0.000,0.000,0.000,0.000,0.000,0.000,0.000,0,0,0,0,0,0,0,0,0,0,0,0,0,0,0,0,0,0,60353,17665,8794,6686,2062,774,0,0,0,0,0,0,26153,6914,4971,2776,1056,535,0,0,0,0,0,0,619.574,97.435,3973.455,872.105,0,0,0,155,87,168,410,151,83,652,321,577,345,24,305,266,158,207,170,22,95,0,0,0,0,0,0,0,0,0,0,0,0,1251,0,0,0,0,0,0,0,494,0,0,0,0,0,0,0,0,0,0,0,0,0,0,0,0,0,0,0,0,0,0,0,1.0000,1.0000,21,21,21,0.4243,0.3371,30,0,0
14341,478.0,3036,74,47,2195,841,0,0,1460,634.92,0.762,0.596,0.353,0.059,0.690,-0.967,3.728,0.2348,1.5865,0.313,0.000,0.002,0.115,0.051,247,67,5,0,127,0,68612.55,23355.763,8026.393,12.131,10643.050,117.569,20810.473,8563.172,2467.537,4056.495,3245.196,578.292,2.014,684.911,0.000146,-0.059679,3447,0,0,5,5,0,6515,170,5,12.131,0,0,0,0,0,0,0,0,0,0,0,0,0,0,26492,333,3277,19321.468,8026.149,10642.508,0.000,12.131,12460.139,7431.630,128.272,56,133,52,0,81,48129,0,0,0,0.000,0.000,0.000,0.000,0.000,0.000,0.000,0.000,0,0,0,0,0,0,0,0,0,0.000,0.000,0.000,0.000,0.000,0.000,0.000,0.000,0,0,0,0,0,0,0,0,0,0.000,0.000,0.000,0.000,0.000,0.000,0.000,0.000,0,0,0,0,0,0,0,0,0,0.000,0.000,0.000,0.000,0.000,0.000,0.000,0.000,0,0,0,0,0,0,0,0,0,0.000,0.000,0.000,0.000,0.000,0.000,0.000,0.000,0,0,0,0,0,0,0,0,0,0,0,0,0,0,0,0,0,0,59674,17573,8700,6716,2104,765,0,0,0,0,0,0,23955,6277,4526,2537,978,370,0,0,0,0,0,0,623.424,95.739,3591.720,750.400,0,0,0,140,63,142,346,140,66,659,311,572,334,23,296,229,150,205,149,19,89,0,0,0,0,0,0,0,0,0,0,0,0,1225,0,0,0,0,0,0,0,462,0,0,0,0,0,0,0,0,0,0,0,0,0,0,0,0,0,0,0,0,0,0,0,1.0000,1.0000,20,20,20,0.4289,0.3504,29,0,0
14371,479.0,2978,95,47,2194,784,0,0,1321,653.11,0.745,0.587,0.354,0.059,0.703,-0.967,3.732,0.2348,1.5984,0.310,0.000,0.001,0.116,0.052,252,53,4,3,95,0,67488.07,22581.262,8042.339,2.446,9222.177,139.696,19580.558,7843.501,2268.237,4043.445,3234.756,581.720,1.115,666.704,0.000129,-0.060102,3155,0,1,3,4,1,6615,184,3,2.446,0,0,0,0,0,0,0,0,0,0,0,0,0,0,23991,333,2971,17870.605,8041.961,9221.696,0.000,2.446,11311.611,6741.577,104.452,50,107,45,1,61,41568,0,0,0,0.000,0.000,0.000,0.000,0.000,0.000,0.000,0.000,0,0,0,0,0,0,0,0,0,0.000,0.000,0.000,0.000,0.000,0.000,0.000,0.000,0,0,0,0,0,0,0,0,0,0.000,0.000,0.000,0.000,0.000,0.000,0.000,0.000,0,0,0,0,0,0,0,0,0,0.000,0.000,0.000,0.000,0.000,0.000,0.000,0.000,0,0,0,0,0,0,0,0,0,0.000,0.000,0.000,0.000,0.000,0.000,0.000,0.000,0,0,0,0,0,0,0,0,0,0,0,0,0,0,0,0,0,0,58926,17491,8703,6744,2123,781,0,0,0,0,0,0,21767,5902,4108,2224,807,272,0,0,0,0,0,0,627.032,94.516,3276.538,663.460,0,0,0,146,71,150,346,143,59,648,315,581,329,27,294,218,142,184,141,17,82,0,0,0,0,0,0,0,0,0,0,0,0,1231,0,0,0,0,0,0,0,424,0,0,0,0,0,0,0,0,0,0,0,0,0,0,0,0,0,0,0,0,0,0,0,1.0000,1.0000,19,19,19,0.4558,0.3269,29,0,0
14401,480.0,2946,121,46,2191,755,0,0,1262,606.16,0.736,0.582,0.353,0.060,0.709,-0.967,3.734,0.2359,1.6306,0.309,0.000,0.001,0.116,0.052,272,58,8,2,82,0,67563.44,22534.360,8846.183,9.565,9788.278,139.415,19193.619,7643.881,2100.138,5163.221,4130.577,651.304,13.428,679.723,0.000187,-0.060171,3062,0,0,8,8,0,6683,164,8,9.565,0,0,0,0,0,0,0,0,0,0,0,0,0,0,23037,366,2898,19259.944,8845.589,9787.495,0.000,9.565,10896.151,6540.314,111.403,70,99,53,0,46,39311,0,0,0,0.000,0.000,0.000,0.000,0.000,0.000,0.000,0.000,0,0,0,0,0,0,0,0,0,0.000,0.000,0.000,0.000,0.000,0.000,0.000,0.000,0,0,0,0,0,0,0,0,0,0.000,0.000,0.000,0.000,0.000,0.000,0.000,0.000,0,0,0,0,0,0,0,0,0,0.000,0.000,0.000,0.000,0.000,0.000,0.000,0.000,0,0,0,0,0,0,0,0,0,0.000,0.000,0.000,0.000,0.000,0.000,0.000,0.000,0,0,0,0,0,0,0,0,0,0,0,0,0,0,0,0,0,0,58997,17266,8727,6793,2028,852,0,0,0,0,0,0,20788,5717,3895,2249,760,254,0,0,0,0,0,0,610.733,95.244,3132.920,636.007,0,0,0,152,99,154,379,140,96,637,325,587,314,29,299,203,157,163,130,20,82,0,0,0,0,0,0,0,0,0,0,0,0,1229,0,0,0,0,0,0,0,395,0,0,0,0,0,0,0,0,0,0,0,0,0,0,0,0,0,0,0,0,0,0,0,1.0000,1.0000,20,20,20,0.4594,0.3394,29,0,0
14431,481.0,2913,96,46,2177,736,0,0,1251,752.67,0.731,0.580,0.353,0.061,0.712,-0.967,3.739,0.2332,1.6015,0.318,0.000,0.001,0.117,0.052,284,42,7,6,88,0,68590.17,22330.942,9227.193,7.597,9487.095,141.971,18808.409,7265.325,2037.972,4649.569,3719.655,734.175,22.158,741.047,0.000108,-0.060041,3018,0,1,6,7,1,6802,151,6,7.597,0,0,0,0,0,0,0,0,0,0,0,0,0,0,22258,382,2867,19366.834,9226.883,9486.363,0.000,7.597,10533.003,6154.227,124.561,60,79,36,1,42,28072,0,0,0,0.000,0.000,0.000,0.000,0.000,0.000,0.000,0.000,0,0,0,0,0,0,0,0,0,0.000,0.000,0.000,0.000,0.000,0.000,0.000,0.000,0,0,0,0,0,0,0,0,0,0.000,0.000,0.000,0.000,0.000,0.000,0.000,0.000,0,0,0,0,0,0,0,0,0,0.000,0.000,0.000,0.000,0.000,0.000,0.000,0.000,0,0,0,0,0,0,0,0,0,0.000,0.000,0.000,0.000,0.000,0.000,0.000,0.000,0,0,0,0,0,0,0,0,0,0,0,0,0,0,0,0,0,0,58834,17200,8704,6780,1908,978,0,0,0,0,0,0,20007,5417,4060,2251,602,354,0,0,0,0,0,0,608.659,94.471,2876.403,674.082,0,0,0,127,88,155,395,140,94,639,319,583,305,33,298,200,139,173,129,16,79,0,0,0,0,0,0,0,0,0,0,0,0,1219,0,0,0,0,0,0,0,397,0,0,0,0,0,0,0,0,0,0,0,0,0,0,0,0,0,0,0,0,0,0,0,1.0000,1.0000,20,20,20,0.4822,0.3435,29,0,0
14461,482.0,2911,117,46,2174,737,0,0,1205,792.61,0.730,0.581,0.354,0.061,0.712,-0.968,3.739,0.2360,1.6479,0.310,0.000,0.003,0.117,0.052,264,35,14,0,86,0,69617.70,22553.889,8786.399,14.766,9373.482,141.989,18644.554,7263.884,1988.930,5663.228,4530.583,713.381,15.361,568.774,0.000130,-0.060201,2957,0,3,11,14,3,6968,150,11,14.766,0,0,0,0,0,0,0,0,0,0,0,0,0,0,22014,363,2807,18741.606,8785.743,9373.019,0.000,14.766,10436.152,6171.007,118.745,76,75,29,3,43,26052,0,0,0,0.000,0.000,0.000,0.000,0.000,0.000,0.000,0.000,0,0,0,0,0,0,0,0,0,0.000,0.000,0.000,0.000,0.000,0.000,0.000,0.000,0,0,0,0,0,0,0,0,0,0.000,0.000,0.000,0.000,0.000,0.000,0.000,0.000,0,0,0,0,0,0,0,0,0,0.000,0.000,0.000,0.000,0.000,0.000,0.000,0.000,0,0,0,0,0,0,0,0,0,0.000,0.000,0.000,0.000,0.000,0.000,0.000,0.000,0,0,0,0,0,0,0,0,0,0,0,0,0,0,0,0,0,0,58560,17260,8618,6621,1739,1091,0,0,0,0,0,0,19853,5498,3901,2161,640,265,0,0,0,0,0,0,597.781,98.108,2891.186,652.616,0,0,0,141,90,167,377,136,90,642,324,595,293,32,288,212,139,169,114,26,77,0,0,0,0,0,0,0,0,0,0,0,0,1208,0,0,0,0,0,0,0,386,0,0,0,0,0,0,0,0,0,0,0,0,0,0,0,0,0,0,0,0,0,0,0,1.0000,1.0000,20,20,20,0.4613,0.3556,27,1,0
14491,483.0,2900,136,46,2171,729,0,0,1173,687.33,0.728,0.579,0.352,0.061,0.714,-0.968,3.746,0.2335,1.5647,0.315,0.000,0.000,0.117,0.053,252,46,16,2,74,0,71832.54,23281.887,9258.385,13.379,9647.129,144.232,18614.554,7185.759,1896.706,5393.764,4315.011,799.264,0.000,763.772,0.000156,-0.060549,2999,0,4,12,14,4,7018,197,10,13.379,0,0,0,0,0,0,0,0,0,0,0,0,0,0,22006,384,2802,19525.264,9258.129,9646.333,0.000,13.379,10420.557,6099.842,112.531,70,78,36,4,38,28902,0,0,0,0.000,0.000,0.000,0.000,0.000,0.000,0.000,0.000,0,0,0,0,0,0,0,0,0,0.000,0.000,0.000,0.000,0.000,0.000,0.000,0.000,0,0,0,0,0,0,0,0,0,0.000,0.000,0.000,0.000,0.000,0.000,0.000,0.000,0,0,0,0,0,0,0,0,0,0.000,0.000,0.000,0.000,0.000,0.000,0.000,0.000,0,0,0,0,0,0,0,0,0,0.000,0.000,0.000,0.000,0.000,0.000,0.000,0.000,0,0,0,0,0,0,0,0,0,0,0,0,0,0,0,0,0,0,58577,17320,8328,6542,1685,1108,0,0,0,0,0,0,19936,5636,3872,2070,564,297,0,0,0,0,0,0,596.264,98.060,2922.647,615.013,0,0,0,143,90,181,395,134,74,631,303,611,298,33,295,203,132,169,148,14,63,0,0,0,0,0,0,0,0,0,0,0,0,1237,0,0,0,0,0,0,0,394,0,0,0,0,0,0,0,0,0,0,0,0,0,0,0,0,0,0,0,0,0,0,0,1.0000,1.0000,19,19,19,0.4683,0.3279,26,0,0
14521,484.0,2946,126,46,2200,746,0,0,1190,678.51,0.729,0.581,0.352,0.061,0.713,-0.969,3.748,0.2353,1.6595,0.312,0.001,0.001,0.117,0.053,251,37,10,0,54,0,75214.55,23927.520,9789.420,8.462,10365.728,149.592,18685.406,7095.591,1894.183,6188.303,4950.642,751.930,1.023,677.594,0.000133,-0.060805,3072,0,4,6,10,4,7109,202,6,8.459,0,0,0,0,0,0,0,0,0,0,0,0,0,0,22001,406,2870,20778.666,9788.980,10365.381,0.003,8.459,10420.648,6003.045,114.771,79,62,32,4,26,20575,0,0,0,0.000,0.000,0.000,0.000,0.000,0.000,0.000,0.000,0,0,0,0,0,0,0,0,0,0.000,0.000,0.000,0.000,0.000,0.000,0.000,0.000,0,0,0,0,0,0,0,0,0,0.000,0.000,0.000,0.000,0.000,0.000,0.000,0.000,0,0,0,0,0,0,0,0,0,0.000,0.000,0.000,0.000,0.000,0.000,0.000,0.000,0,0,0,0,0,0,0,0,0,0.000,0.000,0.000,0.000,0.000,0.000,0.000,0.000,0,0,0,0,0,0,0,0,0,0,0,0,0,0,0,0,0,0,59139,17485,7672,6543,1650,1009,0,0,0,0,0,0,19885,5435,3906,2116,676,321,0,0,0,0,0,0,604.158,88.352,2904.710,638.347,0,0,0,137,87,182,416,146,90,644,283,650,299,32,292,218,123,171,156,12,66,0,0,0,0,0,0,0,0,0,0,0,0,1273,0,0,0,0,0,0,0,405,0,0,0,0,0,0,0,0,0,0,0,0,0,0,0,0,0,0,0,0,0,0,0,1.0000,1.0000,20,20,20,0.4644,0.3362,26,0,0
14551,485.0,3027,136,46,2238,789,0,0,1171,670.32,0.739,0.585,0.350,0.062,0.706,-0.969,3.751,0.2308,1.6540,0.311,0.000,0.001,0.117,0.053,245,30,13,0,56,0,78789.36,24890.075,10301.167,9.158,11097.768,130.338,19248.687,7513.186,1870.873,7565.246,6052.197,723.539,4.875,751.386,0.000185,-0.059881,3135,0,6,7,13,6,7170,115,7,9.158,0,0,0,0,0,0,0,0,0,0,0,0,0,0,23066,426,3020,22091.754,10300.747,11097.480,0.000,9.158,10901.927,6393.346,128.961,97,54,27,6,21,20135,0,0,0,0.000,0.000,0.000,0.000,0.000,0.000,0.000,0.000,0,0,0,0,0,0,0,0,0,0.000,0.000,0.000,0.000,0.000,0.000,0.000,0.000,0,0,0,0,0,0,0,0,0,0.000,0.000,0.000,0.000,0.000,0.000,0.000,0.000,0,0,0,0,0,0,0,0,0,0.000,0.000,0.000,0.000,0.000,0.000,0.000,0.000,0,0,0,0,0,0,0,0,0,0.000,0.000,0.000,0.000,0.000,0.000,0.000,0.000,0,0,0,0,0,0,0,0,0,0,0,0,0,0,0,0,0,0,59629,17743,7386,6690,1572,967,0,0,0,0,0,0,20838,5706,3801,2228,780,337,0,0,0,0,0,0,612.809,86.058,3058.031,656.674,0,0,0,163,91,198,442,158,88,649,273,670,317,33,296,221,159,167,144,24,74,0,0,0,0,0,0,0,0,0,0,0,0,1316,0,0,0,0,0,0,0,409,0,0,0,0,0,0,0,0,0,0,0,0,0,0,0,0,0,0,0,0,0,0,0,1.0000,1.0000,21,21,21,0.4981,0.3355,29,1,0
14581,486.0,3113,135,46,2280,833,0,0,1224,683.15,0.748,0.590,0.349,0.063,0.700,-0.968,3.749,0.2302,1.6102,0.301,0.000,0.002,0.117,0.052,260,37,16,1,60,0,83098.75,25990.227,11394.916,19.600,11525.075,126.987,20025.464,7788.611,1924.395,8434.077,6747.262,842.872,29.756,797.434,0.000200,-0.060954,3207,0,3,13,12,3,7379,126,9,19.546,0,0,0,0,0,0,0,0,0,0,0,0,0,0,24344,473,3081,23707.916,11394.201,11524.478,0.054,19.546,11479.947,6657.483,136.246,107,63,32,3,28,21503,0,0,0,0.000,0.000,0.000,0.000,0.000,0.000,0.000,0.000,0,0,0,0,0,0,0,0,0,0.000,0.000,0.000,0.000,0.000,0.000,0.000,0.000,0,0,0,0,0,0,0,0,0,0.000,0.000,0.000,0.000,0.000,0.000,0.000,0.000,0,0,0,0,0,0,0,0,0,0.000,0.000,0.000,0.000,0.000,0.000,0.000,0.000,0,0,0,0,0,0,0,0,0,0.000,0.000,0.000,0.000,0.000,0.000,0.000,0.000,0,0,0,0,0,0,0,0,0,0,0,0,0,0,0,0,0,0,60983,17946,7434,6889,1604,841,0,0,0,0,0,0,21963,6097,4493,2381,679,378,0,0,0,0,0,0,609.304,82.865,3167.381,765.360,0,0,0,172,101,217,491,163,106,647,279,687,321,36,310,228,163,187,171,27,57,0,0,0,0,0,0,0,0,0,0,0,0,1354,0,0,0,0,0,0,0,442,0,0,0,0,0,0,0,0,0,0,0,0,0,0,0,0,0,0,0,0,0,0,0,1.0000,1.0000,22,22,22,0.4976,0.3373,30,1,0
14611,487.0,3228,138,46,2322,906,0,0,1240,717.86,0.767,0.599,0.347,0.063,0.689,-0.968,3.750,0.2311,1.6413,0.298,0.001,0.003,0.117,0.052,261,32,12,2,64,0,88100.67,27053.398,13325.996,24.747,12039.688,135.640,20973.526,8322.045,1986.332,9861.857,7889.486,1133.703,44.866,969.379,0.000261,-0.062992,3211,0,1,11,10,1,7759,183,9,24.747,0,0,0,0,0,0,0,0,0,0,0,0,0,0,26060,552,3028,26191.442,13325.700,12038.982,0.000,24.747,12289.333,7183.706,130.574,133,60,28,1,31,26534,0,0,0,0.000,0.000,0.000,0.000,0.000,0.000,0.000,0.000,0,0,0,0,0,0,0,0,0,0.000,0.000,0.000,0.000,0.000,0.000,0.000,0.000,0,0,0,0,0,0,0,0,0,0.000,0.000,0.000,0.000,0.000,0.000,0.000,0.000,0,0,0,0,0,0,0,0,0,0.000,0.000,0.000,0.000,0.000,0.000,0.000,0.000,0,0,0,0,0,0,0,0,0,0.000,0.000,0.000,0.000,0.000,0.000,0.000,0.000,0,0,0,0,0,0,0,0,0,0,0,0,0,0,0,0,0,0,61806,17931,7524,7216,1610,760,0,0,0,0,0,0,23314,6498,4182,2746,747,325,0,0,0,0,0,0,611.962,83.501,3382.575,746.196,0,0,0,199,109,264,569,184,109,655,275,696,329,36,331,261,134,215,202,24,70,0,0,0,0,0,0,0,0,0,0,0,0,1392,0,0,0,0,0,0,0,511,0,0,0,0,0,0,0,0,0,0,0,0,0,0,0,0,0,0,0,0,0,0,0,1.0000,1.0000,22,22,22,0.4922,0.3499,30,1,0
14641,488.0,3383,134,46,2391,992,0,0,1304,693.30,0.782,0.610,0.346,0.064,0.678,-0.967,3.748,0.2295,1.6348,0.296,0.000,0.005,0.116,0.051,233,37,27,1,46,0,94004.03,29056.879,14564.184,33.141,14045.529,128.528,22199.311,9304.019,2043.604,11104.487,8883.590,887.636,92.702,1002.674,0.000184,-0.064008,3723,0,2,25,25,2,7972,140,23,33.061,0,0,0,0,0,0,0,0,0,0,0,0,0,0,28396,604,3583,29579.273,14563.918,14044.958,0.072,33.061,13350.460,8122.739,158.617,143,57,32,2,23,16281,0,0,0,0.000,0.000,0.000,0.000,0.000,0.000,0.000,0.000,0,0,0,0,0,0,0,0,0,0.000,0.000,0.000,0.000,0.000,0.000,0.000,0.000,0,0,0,0,0,0,0,0,0,0.000,0.000,0.000,0.000,0.000,0.000,0.000,0.000,0,0,0,0,0,0,0,0,0,0.000,0.000,0.000,0.000,0.000,0.000,0.000,0.000,0,0,0,0,0,0,0,0,0,0.000,0.000,0.000,0.000,0.000,0.000,0.000,0.000,0,0,0,0,0,0,0,0,0,0,0,0,0,0,0,0,0,0,63120,18064,7474,7508,1693,818,0,0,0,0,0,0,25323,7348,4401,3073,871,368,0,0,0,0,0,0,610.510,83.890,4002.053,808.378,0,0,0,224,132,258,618,236,132,662,279,726,337,38,349,285,179,236,195,23,74,0,0,0,0,0,0,0,0,0,0,0,0,1450,0,0,0,0,0,0,0,528,0,0,0,0,0,0,0,0,0,0,0,0,0,0,0,0,0,0,0,0,0,0,0,1.0000,1.0000,21,21,21,0.4863,0.3421,30,0,0
14671,489.0,3536,145,46,2457,1079,0,0,1385,621.13,0.799,0.619,0.345,0.065,0.668,-0.967,3.749,0.2308,1.6640,0.290,0.002,0.003,0.116,0.051,255,35,36,0,55,0,99687.30,30789.273,15236.644,53.222,14643.987,122.750,23626.274,10069.499,2163.403,11764.729,9411.783,1010.731,108.775,1064.240,0.000130,-0.064957,4107,0,3,33,31,3,8097,195,28,53.215,0,0,0,0,0,0,0,0,0,0,0,0,0,0,30993,631,3912,30910.639,15236.198,14643.598,0.001,53.215,14548.545,8844.049,175.388,152,65,32,3,30,19966,0,0,0,0.000,0.000,0.000,0.000,0.000,0.000,0.000,0.000,0,0,0,0,0,0,0,0,0,0.000,0.000,0.000,0.000,0.000,0.000,0.000,0.000,0,0,0,0,0,0,0,0,0,0.000,0.000,0.000,0.000,0.000,0.000,0.000,0.000,0,0,0,0,0,0,0,0,0,0.000,0.000,0.000,0.000,0.000,0.000,0.000,0.000,0,0,0,0,0,0,0,0,0,0.000,0.000,0.000,0.000,0.000,0.000,0.000,0.000,0,0,0,0,0,0,0,0,0,0,0,0,0,0,0,0,0,0,65054,18301,7709,7570,1603,965,0,0,0,0,0,0,27783,7626,5266,3210,939,586,0,0,0,0,0,0,611.555,87.110,4344.375,1016.382,0,0,0,238,144,274,645,228,140,672,297,712,346,38,392,297,201,265,220,22,74,0,0,0,0,0,0,0,0,0,0,0,0,1488,0,0,0,0,0,0,0,581,0,0,0,0,0,0,0,0,0,0,0,0,0,0,0,0,0,0,0,0,0,0,0,1.0000,1.0000,23,23,23,0.4688,0.3405,31,0,0
14701,490.0,3715,109,52,2550,1165,0,0,1485,648.63,0.810,0.624,0.345,0.066,0.661,-0.967,3.745,0.2325,1.6619,0.283,0.001,0.003,0.116,0.050,247,45,17,1,64,0,105094.30,32088.542,16646.581,27.317,16556.983,123.329,25181.873,11016.499,2327.537,12875.436,10300.349,1110.347,32.685,1111.407,0.000229,-0.067000,4384,0,1,16,14,1,8152,226,13,27.317,0,0,0,0,0,0,0,0,0,0,0,0,0,0,33772,690,4158,34310.493,16646.374,16556.018,0.000,27.317,15821.681,9761.826,185.498,165,79,43,1,35,24351,0,0,0,0.000,0.000,0.000,0.000,0.000,0.000,0.000,0.000,0,0,0,0,0,0,0,0,0,0.000,0.000,0.000,0.000,0.000,0.000,0.000,0.000,0,0,0,0,0,0,0,0,0,0.000,0.000,0.000,0.000,0.000,0.000,0.000,0.000,0,0,0,0,0,0,0,0,0,0.000,0.000,0.000,0.000,0.000,0.000,0.000,0.000,0,0,0,0,0,0,0,0,0,0.000,0.000,0.000,0.000,0.000,0.000,0.000,0.000,0,0,0,0,0,0,0,0,0,0,0,0,0,0,0,0,0,0,67288,18615,8097,7835,1666,1002,0,0,0,0,0,0,30208,8062,5880,3564,1056,616,0,0,0,0,0,0,613.764,91.756,4715.014,1136.308,0,0,0,221,147,307,711,257,145,686,310,737,360,39,418,318,212,301,217,21,96,0,0,0,0,0,0,0,0,0,0,0,0,1554,0,0,0,0,0,0,0,635,0,0,0,0,0,0,0,0,0,0,0,0,0,0,0,0,0,0,0,0,0,0,0,1.0000,1.0000,22,22,22,0.4705,0.3333,34,1,0
14731,491.0,3909,114,52,2621,1288,0,0,1657,493.43,0.833,0.635,0.343,0.068,0.647,-0.966,3.744,0.2336,1.6989,0.278,0.001,0.004,0.116,0.050,259,50,28,0,68,0,110654.22,33875.205,18275.964,39.095,19207.627,113.647,26730.431,11932.062,2540.026,15149.623,12119.699,1138.124,39.219,1220.558,0.000386,-0.069808,4918,0,4,24,26,4,8713,177,22,39.084,0,0,0,0,0,0,0,0,0,0,0,0,0,0,36424,757,4741,38790.680,18275.584,19206.878,0.002,39.084,17087.096,10607.953,211.485,213,90,49,4,37,22894,0,0,0,0.000,0.000,0.000,0.000,0.000,0.000,0.000,0.000,0,0,0,0,0,0,0,0,0,0.000,0.000,0.000,0.000,0.000,0.000,0.000,0.000,0,0,0,0,0,0,0,0,0,0.000,0.000,0.000,0.000,0.000,0.000,0.000,0.000,0,0,0,0,0,0,0,0,0,0.000,0.000,0.000,0.000,0.000,0.000,0.000,0.000,0,0,0,0,0,0,0,0,0,0.000,0.000,0.000,0.000,0.000,0.000,0.000,0.000,0,0,0,0,0,0,0,0,0,0,0,0,0,0,0,0,0,0,69521,19123,8450,8033,1752,991,0,0,0,0,0,0,32506,8784,5855,3918,1159,861,0,0,0,0,0,0,633.813,96.024,5105.198,1135.261,0,0,0,279,174,324,772,256,180,702,317,747,383,37,435,344,253,328,233,25,105,0,0,0,0,0,0,0,0,0,0,0,0,1602,0,0,0,0,0,0,0,691,0,0,0,0,0,0,0,0,0,0,0,0,0,0,0,0,0,0,0,0,0,0,0,1.0000,1.0000,23,23,23,0.4492,0.3437,33,0,0
14761,492.0,4094,110,52,2699,1395,0,0,1791,455.05,0.847,0.644,0.340,0.071,0.637,-0.967,3.739,0.2329,1.6873,0.278,0.001,0.005,0.115,0.050,243,43,34,0,69,0,117990.73,36850.577,20845.327,41.857,20600.661,110.192,28758.075,13189.037,2847.719,14576.998,11661.599,1352.918,82.377,1255.721,0.000206,-0.071025,5606,0,5,29,32,5,8812,216,27,41.844,0,0,0,0,0,0,0,0,0,0,0,0,0,0,40215,865,5390,42848.583,20844.603,20599.832,0.012,41.844,18861.644,11796.002,249.756,201,94,42,5,47,23271,0,0,0,0.000,0.000,0.000,0.000,0.000,0.000,0.000,0.000,0,0,0,0,0,0,0,0,0,0.000,0.000,0.000,0.000,0.000,0.000,0.000,0.000,0,0,0,0,0,0,0,0,0,0.000,0.000,0.000,0.000,0.000,0.000,0.000,0.000,0,0,0,0,0,0,0,0,0,0.000,0.000,0.000,0.000,0.000,0.000,0.000,0.000,0,0,0,0,0,0,0,0,0,0.000,0.000,0.000,0.000,0.000,0.000,0.000,0.000,0,0,0,0,0,0,0,0,0,0,0,0,0,0,0,0,0,0,71579,19226,8891,8118,1811,952,0,0,0,0,0,0,35893,9565,6147,4322,1281,1132,0,0,0,0,0,0,642.321,98.727,5644.481,1253.888,0,0,0,321,196,363,884,329,197,707,340,757,392,40,463,390,248,331,256,46,124,0,0,0,0,0,0,0,0,0,0,0,0,1652,0,0,0,0,0,0,0,757,0,0,0,0,0,0,0,0,0,0,0,0,0,0,0,0,0,0,0,0,0,0,0,1.0000,1.0000,22,22,22,0.4507,0.3427,34,0,0
14791,493.0,4310,95,52,2758,1552,0,0,1960,524.04,0.874,0.660,0.339,0.072,0.620,-0.967,3.743,0.2331,1.7189,0.274,0.001,0.006,0.115,0.051,235,29,52,1,75,0,125055.30,38899.227,23438.909,68.104,22217.805,105.986,30768.710,14737.454,3059.443,16625.651,13300.521,2137.355,79.947,1233.628,0.000248,-0.071903,6111,0,10,42,50,10,9084,150,40,68.076,0,0,0,0,0,0,0,0,0,0,0,0,0,0,44002,970,5961,47156.296,23438.470,22216.932,0.028,68.076,20636.201,13263.673,298.172,234,77,27,10,40,19554,0,0,0,0.000,0.000,0.000,0.000,0.000,0.000,0.000,0.000,0,0,0,0,0,0,0,0,0,0.000,0.000,0.000,0.000,0.000,0.000,0.000,0.000,0,0,0,0,0,0,0,0,0,0.000,0.000,0.000,0.000,0.000,0.000,0.000,0.000,0,0,0,0,0,0,0,0,0,0.000,0.000,0.000,0.000,0.000,0.000,0.000,0.000,0,0,0,0,0,0,0,0,0,0.000,0.000,0.000,0.000,0.000,0.000,0.000,0.000,0,0,0,0,0,0,0,0,0,0,0,0,0,0,0,0,0,0,73624,19812,9543,8141,1967,862,0,0,0,0,0,0,39497,11090,6687,4505,1598,1140,0,0,0,0,0,0,659.364,103.738,6648.942,1365.793,0,0,0,361,196,417,989,374,192,738,363,760,393,30,474,460,281,362,258,47,144,0,0,0,0,0,0,0,0,0,0,0,0,1657,0,0,0,0,0,0,0,811,0,0,0,0,0,0,0,0,0,0,0,0,0,0,0,0,0,0,0,0,0,0,0,1.0000,1.0000,21,21,21,0.4380,0.3291,33,0,0
14821,494.0,4482,101,52,2811,1671,0,0,2155,452.12,0.891,0.669,0.338,0.071,0.609,-0.966,3.740,0.2335,1.7094,0.276,0.000,0.004,0.114,0.050,221,50,45,0,94,0,130895.91,41478.190,23463.486,58.504,23971.438,111.051,32925.999,16054.855,3404.867,16314.495,13051.596,1874.405,126.431,1510.118,0.000195,-0.073112,6801,0,9,36,42,9,9559,252,33,58.482,0,0,0,0,0,0,0,0,0,0,0,0,0,0,48145,971,6549,49066.530,23462.603,23970.546,0.022,58.482,22587.217,14552.308,304.755,235,116,48,9,59,24750,0,0,0,0.000,0.000,0.000,0.000,0.000,0.000,0.000,0.000,0,0,0,0,0,0,0,0,0,0.000,0.000,0.000,0.000,0.000,0.000,0.000,0.000,0,0,0,0,0,0,0,0,0,0.000,0.000,0.000,0.000,0.000,0.000,0.000,0.000,0,0,0,0,0,0,0,0,0,0.000,0.000,0.000,0.000,0.000,0.000,0.000,0.000,0,0,0,0,0,0,0,0,0,0.000,0.000,0.000,0.000,0.000,0.000,0.000,0.000,0,0,0,0,0,0,0,0,0,0,0,0,0,0,0,0,0,0,75343,20333,10284,8293,2041,926,0,0,0,0,0,0,43039,11905,7673,5106,1817,1320,0,0,0,0,0,0,679.822,110.845,7290.099,1599.574,0,0,0,363,203,438,998,366,196,756,376,757,394,41,487,466,325,372,329,35,144,0,0,0,0,0,0,0,0,0,0,0,0,1679,0,0,0,0,0,0,0,880,0,0,0,0,0,0,0,0,0,0,0,0,0,0,0,0,0,0,0,0,0,0,0,1.0000,1.0000,21,21,21,0.4401,0.3206,34,0,0
14851,495.0,4691,88,52,2881,1810,0,0,2311,441.46,0.909,0.679,0.336,0.073,0.597,-0.966,3.736,0.2342,1.7208,0.268,0.001,0.004,0.114,0.050,196,55,58,0,102,0,136758.47,43863.855,25590.650,74.454,26279.902,111.023,34945.425,17205.142,3694.725,19020.003,15216.003,2273.545,123.187,1620.368,0.000283,-0.073642,7522,0,9,49,55,9,10041,265,46,74.425,0,0,0,0,0,0,0,0,0,0,0,0,0,0,52102,1061,7257,53667.992,25589.561,26278.769,0.029,74.425,24419.010,15620.349,349.674,270,131,54,9,68,33713,0,0,0,0.000,0.000,0.000,0.000,0.000,0.000,0.000,0.000,0,0,0,0,0,0,0,0,0,0.000,0.000,0.000,0.000,0.000,0.000,0.000,0.000,0,0,0,0,0,0,0,0,0,0.000,0.000,0.000,0.000,0.000,0.000,0.000,0.000,0,0,0,0,0,0,0,0,0,0.000,0.000,0.000,0.000,0.000,0.000,0.000,0.000,0,0,0,0,0,0,0,0,0,0.000,0.000,0.000,0.000,0.000,0.000,0.000,0.000,0,0,0,0,0,0,0,0,0,0,0,0,0,0,0,0,0,0,77058,21018,10311,8278,2233,899,0,0,0,0,0,0,46729,12693,8983,5373,1885,1307,0,0,0,0,0,0,704.082,109.590,7739.397,1866.603,0,0,0,387,238,447,1085,387,242,789,378,771,409,45,489,504,345,390,367,45,159,0,0,0,0,0,0,0,0,0,0,0,0,1714,0,0,0,0,0,0,0,961,0,0,0,0,0,0,0,0,0,0,0,0,0,0,0,0,0,0,0,0,0,0,0,1.0000,1.0000,23,23,23,0.4464,0.3209,38,0,0
14881,496.0,4862,94,52,2934,1927,1,0,2466,379.15,0.923,0.688,0.336,0.072,0.588,-0.966,3.740,0.2336,1.6866,0.264,0.001,0.004,0.114,0.050,246,54,80,0,114,0,142076.30,45753.844,27149.437,76.348,27455.901,109.795,36962.618,18311.426,3974.962,19136.485,15309.188,2563.989,185.111,1836.406,0.000396,-0.073401,7962,0,23,57,75,23,10282,259,52,76.286,13,0,0,0,0,0,0,0,0,0,0,0,0,0,55906,1126,7703,56499.365,27148.856,27454.711,0.062,76.286,26194.846,16632.564,397.993,280,163,54,23,86,37216,0,0,0,0.000,0.000,0.000,0.000,0.000,0.000,0.000,0.000,0,0,0,0,0,0,0,0,0,0.000,0.000,0.000,0.000,0.000,0.000,0.000,0.000,0,0,0,0,0,0,0,0,0,0.000,0.000,0.000,0.000,0.000,0.000,0.000,0.000,0,0,0,0,0,0,0,0,0,0.000,0.000,0.000,0.000,0.000,0.000,0.000,0.000,0,0,0,0,0,0,13,0,0,0.000,0.000,0.000,0.000,0.000,1.442,0.045,0.000,0,0,0,0,0,0,0,0,1,0,0,0,0,0,0,0,0,0,78976,21952,10547,8465,2270,962,0,0,0,0,0,0,50014,13775,8769,5905,1789,1203,0,0,0,0,0,0,724.333,114.099,8210.883,1757.168,0,0,0,407,248,495,1144,414,229,833,388,775,391,52,495,544,346,401,420,39,177,0,0,0,0,0,0,0,0,1,0,0,0,1713,0,0,0,0,0,0,0,1037,0,0,0,0,0,0,0,0,0,0,0,0,0,0,0,1,0,0,0,0,0,0,0,1.0000,1.0000,23,23,23,0.4499,0.3023,38,0,0
14911,497.0,5028,81,52,2975,2051,2,0,2630,468.77,0.940,0.697,0.337,0.072,0.578,-0.964,3.739,0.2367,1.7189,0.264,0.001,0.005,0.114,0.050,218,60,92,3,122,0,147813.39,47650.272,29625.400,116.527,28918.331,110.417,38925.522,19550.130,4273.961,20091.479,16073.183,2867.459,271.138,1748.597,0.000357,-0.075125,8857,0,17,75,89,17,10445,390,72,116.473,30,0,0,0,0,0,0,0,0,0,0,0,0,0,59677,1227,8467,60559.388,29624.903,28917.560,0.054,116.473,28003.033,17797.397,413.905,288,164,58,17,89,38078,0,0,0,0.000,0.000,0.000,0.000,0.000,0.000,0.000,0.000,0,0,0,0,0,0,0,0,0,0.000,0.000,0.000,0.000,0.000,0.000,0.000,0.000,0,0,0,0,0,0,0,0,0,0.000,0.000,0.000,0.000,0.000,0.000,0.000,0.000,0,0,0,0,0,0,0,0,0,0.000,0.000,0.000,0.000,0.000,0.000,0.000,0.000,0,0,0,0,0,0,34,0,0,0.000,0.000,0.000,0.000,0.000,3.661,0.493,0.000,0,0,0,0,0,0,0,0,1,0,0,0,0,0,0,0,0,0,80554,23264,10707,8305,2311,887,0,0,0,0,0,0,53484,15053,9495,6227,1978,1148,0,0,0,0,0,0,769.943,113.761,9003.008,1835.286,0,0,0,452,259,529,1253,466,262,867,385,763,391,60,509,582,354,475,411,51,178,0,0,0,0,0,0,1,0,1,0,0,0,1723,0,0,0,0,0,0,0,1115,0,0,0,0,0,0,0,0,0,0,0,0,0,0,0,1,0,0,0,0,0,0,0,1.0000,1.0000,25,25,25,0.4461,0.3202,38,0,0
14941,498.0,5212,85,52,3029,2181,2,0,2817,443.40,0.954,0.703,0.338,0.072,0.569,-0.965,3.739,0.2369,1.6938,0.265,0.002,0.004,0.114,0.049,220,46,87,1,126,0,155090.70,50796.692,31152.749,86.012,31103.178,106.628,40665.514,20588.304,4571.940,20146.352,16117.082,3031.766,129.033,1742.308,0.000334,-0.078470,9234,0,24,63,80,24,10883,353,56,85.958,30,1,1,0,0,0,1,0,0,0,0,0,0,0,63162,1292,8881,64317.195,31151.425,31102.066,0.028,85.958,29623.167,18771.411,423.347,294,164,45,24,95,33897,0,0,0,0.000,0.000,0.000,0.000,0.000,0.000,0.000,0.000,0,0,0,0,0,0,0,0,0,0.000,0.000,0.000,0.000,0.000,0.000,0.000,0.000,0,0,0,0,0,0,0,0,0,0.000,0.000,0.000,0.000,0.000,0.000,0.000,0.000,0,0,0,0,0,0,0,0,0,0.000,0.000,0.000,0.000,0.000,0.000,0.000,0.000,0,0,0,0,0,0,60,0,0,0.000,0.000,0.000,0.000,0.000,5.794,2.726,0.291,0,0,0,0,0,0,0,0,0,0,0,0,0,0,0,0,0,0,81350,24136,10474,8583,2475,926,0,0,0,0,0,0,56644,15556,10258,6578,2207,1134,0,0,0,0,0,0,809.827,112.503,9306.358,2031.419,0,0,0,472,295,551,1314,467,302,904,381,773,388,60,523,622,396,506,424,40,193,0,0,0,0,0,0,1,0,1,0,0,0,1744,0,0,0,0,0,0,0,1163,0,0,0,0,0,0,0,0,0,0,0,0,0,0,0,1,0,0,0,0,0,0,0,1.0000,1.0000,26,26,26,0.4596,0.3341,38,0,0
14971,499.0,5452,75,52,3105,2345,2,0,3051,371.38,0.969,0.711,0.337,0.072,0.559,-0.965,3.738,0.2386,1.7064,0.260,0.001,0.004,0.114,0.049,237,57,50,1,135,0,162961.47,53425.976,33413.616,60.819,32724.555,102.458,42944.595,22274.688,4956.711,22369.688,17895.751,2364.160,102.605,1912.958,0.000272,-0.079075,9955,0,14,36,49,14,11108,423,35,60.811,30,6,6,0,0,0,6,0,0,0,0,0,0,0,67658,1385,9532,68377.610,33413.138,32723.811,0.008,60.811,31688.077,20398.588,457.872,334,170,56,14,100,40137,0,0,0,0.000,0.000,0.000,0.000,0.000,0.000,0.000,0.000,0,0,0,0,0,0,0,0,0,0.000,0.000,0.000,0.000,0.000,0.000,0.000,0.000,0,0,0,0,0,0,0,0,0,0.000,0.000,0.000,0.000,0.000,0.000,0.000,0.000,0,0,0,0,0,0,0,0,0,0.000,0.000,0.000,0.000,0.000,0.000,0.000,0.000,0,0,0,0,0,0,60,0,0,0.000,0.000,0.000,0.000,0.000,5.785,2.781,1.746,0,0,0,0,0,0,0,0,0,0,0,0,0,0,0,0,0,0,82980,24917,10495,8929,2493,942,0,0,0,0,0,0,60474,16768,11181,7244,2675,1266,0,0,0,0,0,0,830.564,110.755,10243.259,2262.077,0,0,0,519,313,571,1413,524,305,943,375,800,389,59,539,692,440,505,432,50,226,0,0,0,0,0,0,1,0,1,0,0,0,1787,0,0,0,0,0,0,0,1213,0,0,0,0,0,0,0,0,0,0,0,0,0,0,0,1,0,0,0,0,0,0,0,1.0000,1.0000,26,26,26,0.4548,0.3217,38,0,0
15001,500.0,5665,62,51,3192,2472,1,0,3295,425.02,0.978,0.715,0.335,0.072,0.553,-0.966,3.738,0.2371,1.7029,0.249,0.001,0.003,0.114,0.050,204,58,49,2,163,0,169226.11,55447.488,34455.361,68.051,34834.015,100.329,45008.950,23905.037,5387.065,22191.527,17753.222,2447.175,210.151,2309.578,0.000353,-0.079993,10289,0,9,40,48,9,11404,446,39,68.040,11,0,0,0,0,0,0,0,0,0,0,0,0,0,71692,1427,9843,71676.028,34455.091,34832.883,0.011,68.040,33485.077,21926.729,486.077,326,199,58,9,132,44688,0,0,0,0.000,0.000,0.000,0.000,0.000,0.000,0.000,0.000,0,0,0,0,0,0,0,0,0,0.000,0.000,0.000,0.000,0.000,0.000,0.000,0.000,0,0,0,0,0,0,0,0,0,0.000,0.000,0.000,0.000,0.000,0.000,0.000,0.000,0,0,0,0,0,0,0,0,0,0.000,0.000,0.000,0.000,0.000,0.000,0.000,0.000,0,0,0,0,0,0,41,0,0,0.000,0.000,0.000,0.000,0.000,3.666,2.357,0.000,0,1,0,0,1,114,0,0,0,0,0,0,0,0,0,0,0,0,85323,26240,10305,9108,2610,893,0,0,0,0,0,0,64034,18270,11127,7699,2892,1331,0,0,0,0,0,0,877.596,107.579,11202.033,2209.236,0,0,0,489,337,614,1453,505,325,983,375,823,399,66,546,727,438,554,454,65,234,0,0,0,0,0,0,0,0,1,0,0,0,1834,0,0,0,0,0,0,0,1307,0,0,0,0,0,0,0,0,0,0,0,0,0,0,0,1,0,0,0,0,0,0,0,1.0000,1.0000,25,25,25,0.4610,0.3532,38,0,0
