tick,sim_second,organisms,food,species,plants,grazers,hunters,omnivores,infected,avg_lifespan,avg_body_size,avg_speed,avg_armor,avg_attack,avg_photo,avg_diet,avg_photo_area,avg_speed_plants,avg_speed_eaters,avg_light_share,ready_share_plants,ready_share_eaters,avg_disease_resistance,avg_symbiosis_rate,symbiotic_pairs,deaths_starvation,deaths_predation,deaths_old_age,deaths_disease,deaths_event,energy_total,flow_photosynthesis,flow_food,flow_predation,flow_grazing,flow_symbiosis,flow_metabolism,flow_movement,flow_disease,flow_reproduction_spent,flow_reproduction_received,flow_death,flow_clamp,flow_digestion,ledger_max_residual,ledger_cumulative_residual,grazes_eat,grazes_attack,kills_consumer,kills_plant,grazer_kills,grazer_kills_consumer,attacks_no_plant_in_reach,grazes_eat_by_plant,kills_plant_by_consumer,plant_kill_energy_consumer,hunter_intents,hunter_strikes,hunter_consumer_in_reach,hunter_kills_consumer,hunter_rejected_size,hunter_rejected_damage,hunter_rejected_both,omnivore_intents,omnivore_strikes,omnivore_consumer_in_reach,omnivore_kills_consumer,omnivore_rejected_size,omnivore_rejected_damage,omnivore_rejected_both,g1_ticks,g1_food_items,g1_bite_count,g1_plant_gross,g1_food,g1_bites,g1_kill_consumer,g1_kill_plant,g1_metabolism,g1_movement,g1_strike,g1_births,g1_deaths,g1_deaths_starvation,g1_deaths_predation,g1_deaths_disease,g1_death_age_sum,g2_ticks,g2_food_items,g2_bite_count,g2_plant_gross,g2_food,g2_bites,g2_kill_consumer,g2_kill_plant,g2_metabolism,g2_movement,g2_strike,g2_births,g2_deaths,g2_deaths_starvation,g2_deaths_predation,g2_deaths_disease,g2_death_age_sum,o1_ticks,o1_food_items,o1_bite_count,o1_plant_gross,o1_food,o1_bites,o1_kill_consumer,o1_kill_plant,o1_metabolism,o1_movement,o1_strike,o1_births,o1_deaths,o1_deaths_starvation,o1_deaths_predation,o1_deaths_disease,o1_death_age_sum,o2_ticks,o2_food_items,o2_bite_count,o2_plant_gross,o2_food,o2_bites,o2_kill_consumer,o2_kill_plant,o2_metabolism,o2_movement,o2_strike,o2_births,o2_deaths,o2_deaths_starvation,o2_deaths_predation,o2_deaths_disease,o2_death_age_sum,h1_ticks,h1_food_items,h1_bite_count,h1_plant_gross,h1_food,h1_bites,h1_kill_consumer,h1_kill_plant,h1_metabolism,h1_movement,h1_strike,h1_births,h1_deaths,h1_deaths_starvation,h1_deaths_predation,h1_deaths_disease,h1_death_age_sum,h2_ticks,h2_food_items,h2_bite_count,h2_plant_gross,h2_food,h2_bites,h2_kill_consumer,h2_kill_plant,h2_metabolism,h2_movement,h2_strike,h2_births,h2_deaths,h2_deaths_starvation,h2_deaths_predation,h2_deaths_disease,h2_death_age_sum,cross_plant_grazer,cross_plant_omnivore,cross_plant_hunter,cross_grazer_plant,cross_grazer_omnivore,cross_grazer_hunter,cross_omnivore_plant,cross_omnivore_grazer,cross_omnivore_hunter,cross_hunter_plant,cross_hunter_grazer,cross_hunter_omnivore
31,1.0,449,11342,0,137,148,79,85,1,12.09,0.864,0.809,0.225,0.187,0.211,-0.164,1.530,0.3246,1.2042,0.730,0.431,0.199,0.106,-0.010,33,0,44,0,0,0,25960.97,1174.223,8958.344,72.969,56.912,11.662,2306.646,606.359,0.144,3340.171,2672.137,2399.621,1352.129,262.970,0.000114,-0.001661,38,0,28,16,32,22,3597,21,16,32.651,670,88,64,6,0,49,9,669,137,128,3,0,123,2,2230,459,3,5434.503,4415.871,26.373,1.135,16.116,420.383,116.440,6.429,44,6,0,6,0,123,1729,386,4,4120.363,2251.353,8.625,3.371,11.146,403.356,122.887,7.871,23,8,0,8,0,110,1563,334,5,3630.736,1220.263,9.369,2.731,2.068,349.778,99.966,4.170,5,3,0,3,0,36,1005,249,2,2785.793,510.076,1.524,0.000,3.172,237.307,61.518,1.901,1,6,0,6,0,47,1341,285,3,2957.789,201.231,1.636,17.005,0.150,298.719,84.253,1.976,0,3,0,3,0,31,1143,205,0,2937.500,23.938,0.000,16.076,0.000,222.712,62.845,1.184,0,2,0,2,0,27,0,0,0,0,8,1,0,0,0,0,0,0
61,2.0,568,9730,0,144,258,78,88,1,19.61,0.895,0.834,0.240,0.153,0.180,-0.285,1.529,0.3167,1.3027,0.720,0.465,0.158,0.110,-0.026,47,0,40,0,0,0,30039.50,1107.068,11415.535,30.798,79.145,16.816,2718.095,703.563,2.156,6098.532,4878.826,1788.932,1772.332,270.087,0.000137,-0.002534,38,0,34,6,34,28,4444,19,6,13.367,626,60,43,0,0,40,3,721,137,121,10,0,102,9,3307,488,6,7942.916,6206.925,36.191,0.859,6.180,592.051,182.409,7.130,94,12,0,12,0,288,2515,485,7,6607.210,3522.051,31.902,3.914,4.838,627.244,181.948,11.304,40,12,0,12,0,236,1535,278,1,2594.571,907.182,0.819,3.865,2.349,352.796,93.421,3.031,6,6,0,6,0,142,1041,196,1,2244.519,398.722,1.059,8.793,0.000,246.600,59.052,2.965,4,2,0,2,0,96,1274,200,4,2336.566,146.411,2.134,0.000,0.000,284.564,72.159,0.463,0,1,0,1,0,34,1064,156,0,2237.500,18.279,0.000,0.000,0.000,210.041,52.084,0.424,0,1,0,1,0,45,1,0,1,0,2,0,0,1,0,0,0,0
91,3.0,730,8130,0,141,419,77,93,1,22.86,0.931,0.872,0.227,0.149,0.145,-0.384,1.528,0.3143,1.4363,0.771,0.475,0.115,0.113,-0.037,61,1,36,0,0,0,36053.91,1154.631,14533.477,40.365,193.299,22.734,3653.541,1014.124,2.156,7842.418,6273.934,1415.818,1807.910,252.024,0.000139,-0.004052,52,0,29,7,25,18,6335,20,7,18.631,607,51,42,0,0,39,3,757,159,136,12,2,121,1,5678,629,11,10648.685,8204.842,67.463,0.352,13.772,1023.743,323.947,15.521,125,20,0,20,0,247,4329,584,16,9134.727,4920.580,91.081,1.840,3.357,1098.834,342.106,18.666,63,8,0,8,0,248,1584,201,4,1921.553,651.675,12.288,0.666,1.502,362.713,90.091,2.801,3,1,1,0,0,80,1122,214,1,2956.630,544.391,0.968,18.876,0.000,266.646,62.226,5.058,4,0,0,0,0,0,1290,164,0,1860.000,119.900,0.000,0.000,0.000,286.907,68.634,0.352,0,0,0,0,0,0,1043,110,0,1717.500,12.770,0.000,0.000,0.000,207.658,47.556,0.709,0,1,0,1,0,84,0,0,0,0,0,0,0,1,0,0,0,0
121,4.0,942,6492,0,139,634,76,93,1,28.35,0.962,0.905,0.190,0.142,0.119,-0.471,1.529,0.3182,1.6231,0.776,0.446,0.098,0.114,-0.046,99,3,49,0,0,0,43849.56,1134.271,18454.994,24.392,301.556,26.317,4855.540,1444.314,2.156,10540.300,8432.240,1838.417,1225.183,344.340,0.000165,-0.005613,49,0,45,4,46,42,8230,4,4,11.360,585,45,27,0,0,22,5,753,266,236,8,1,224,3,9373,786,26,14925.824,11464.500,245.426,1.627,9.059,1728.298,565.185,21.713,195,30,0,30,0,776,6364,711,10,10799.377,5981.132,52.924,2.275,0.000,1590.099,520.948,28.679,63,13,3,10,0,542,1548,133,0,1277.500,434.228,0.000,5.575,2.301,360.238,92.581,5.342,0,3,0,3,0,258,1219,143,2,1968.574,374.776,0.580,3.555,0.000,285.261,61.024,3.394,3,1,0,1,0,111,1290,106,5,1254.883,90.574,1.045,0.000,0.000,287.023,65.468,0.696,0,0,0,0,0,0,1003,86,2,1369.433,11.163,0.014,0.000,0.000,201.550,44.535,0.255,0,1,0,1,0,104,0,1,0,0,0,0,0,0,0,0,0,0
151,5.0,1299,4143,36,135,988,73,103,2,41.86,0.996,0.952,0.167,0.125,0.093,-0.531,1.533,0.3194,1.8092,0.792,0.437,0.075,0.116,-0.059,92,12,70,0,0,0,56483.05,1148.549,28520.267,57.929,307.173,23.082,6594.118,2032.061,2.237,17881.124,14304.900,2891.555,1613.249,383.813,0.000147,-0.005404,47,0,64,6,60,54,10197,0,6,22.820,625,75,70,6,0,59,5,864,378,339,8,0,330,1,14290,1067,26,20282.770,15660.757,248.023,1.326,18.659,2738.475,892.069,29.300,253,43,7,36,0,1840,9565,1235,10,20715.812,11623.013,53.274,9.179,4.161,2297.921,749.573,36.906,179,24,4,20,0,1003,1651,180,5,1993.480,659.482,5.256,2.365,0.000,396.080,106.650,5.519,3,5,0,5,0,190,1290,144,0,2252.500,428.676,0.000,4.009,0.000,301.132,67.971,4.188,2,1,1,0,0,105,1243,93,4,1056.331,78.254,0.619,0.000,0.000,272.594,60.435,0.532,0,2,0,2,0,255,984,79,2,1366.534,13.105,0.001,18.230,0.000,198.975,43.301,3.278,0,1,0,1,0,145,0,0,0,0,11,0,0,0,0,0,0,0
181,6.0,1604,2182,36,130,1306,68,100,4,64.14,1.016,0.978,0.160,0.112,0.082,-0.568,1.532,0.3156,1.8808,0.826,0.423,0.062,0.119,-0.063,106,20,85,0,0,0,67134.81,1160.458,29062.878,100.450,231.816,26.862,8948.836,2871.765,4.764,16865.945,13492.756,3092.759,1056.893,323.812,0.000171,-0.006444,41,0,80,5,57,53,11809,0,5,15.894,573,126,125,26,0,98,0,874,441,422,8,2,410,2,20424,998,16,20817.778,16300.463,216.649,0.856,5.388,4047.062,1364.905,30.720,245,59,2,57,0,3243,13987,1254,0,21112.500,12023.215,0.000,7.200,7.851,3314.536,1111.462,40.104,160,26,11,15,0,2051,1737,87,25,993.793,336.915,15.167,6.195,2.641,427.010,109.985,7.195,1,6,2,4,0,688,1303,85,0,1617.500,302.597,0.000,0.753,0.000,304.607,68.479,2.988,3,3,2,1,0,328,1202,67,0,660.000,51.805,0.000,25.718,0.000,272.292,55.976,5.885,0,2,1,1,0,334,917,25,0,310.000,2.426,0.000,43.834,0.013,195.531,37.834,5.599,0,3,1,2,0,500,0,0,0,0,2,0,0,0,0,0,0,0
211,7.0,1715,1159,36,132,1435,60,88,8,85.48,1.029,0.986,0.159,0.104,0.080,-0.588,1.536,0.3095,1.8932,0.782,0.364,0.047,0.118,-0.067,117,45,139,0,1,0,65950.88,1195.434,20916.490,80.924,490.146,26.254,10533.919,3576.916,7.629,12229.873,9783.898,5535.874,477.631,798.840,0.000131,-0.007069,63,0,138,1,121,120,12744,0,1,3.685,527,79,79,14,0,54,11,763,391,361,9,2,349,1,24609,730,28,15921.822,12293.042,289.591,1.939,0.000,4963.332,1764.380,59.060,186,95,13,81,1,6685,17169,784,25,14673.804,8177.151,190.165,23.465,3.685,4116.499,1409.436,60.352,107,66,19,47,0,5096,1674,70,7,667.654,241.058,7.890,3.921,0.000,404.304,106.858,6.006,0,8,5,3,0,1410,1149,49,0,717.500,145.703,0.000,7.741,0.000,259.971,54.466,3.122,0,7,2,5,0,1049,1116,22,3,284.549,13.190,2.500,23.556,0.000,247.839,48.616,2.737,0,3,2,1,0,579,790,10,0,127.500,0.779,0.000,16.618,0.000,163.725,28.496,3.373,0,5,4,1,0,975,0,0,0,0,3,0,0,0,0,0,0,0
241,8.0,1679,1015,36,133,1424,45,77,9,120.23,1.024,0.988,0.147,0.098,0.081,-0.606,1.538,0.3181,1.9235,0.826,0.323,0.043,0.119,-0.067,89,77,105,0,2,0,60347.50,1227.469,12340.587,50.901,685.803,21.637,10640.560,3562.679,10.483,5940.570,4752.456,3068.108,227.745,524.644,0.000076,-0.006851,94,0,104,1,82,81,12005,11,1,3.286,417,99,99,8,0,86,5,571,271,264,19,0,245,0,25432,443,53,10699.942,7937.490,512.895,2.239,0.000,5143.556,1725.769,44.933,100,105,32,72,1,11058,17580,358,30,7390.887,4201.585,153.057,5.377,0.000,4241.077,1505.369,43.883,44,50,24,26,0,5405,1426,35,0,315.000,113.714,0.000,2.688,3.286,334.687,95.049,3.585,0,7,6,1,0,1091,1011,19,0,282.500,58.069,0.000,21.083,0.000,227.312,48.139,6.468,1,5,4,1,0,1118,931,18,0,240.000,13.223,0.000,4.098,0.000,199.333,38.760,2.063,0,9,5,3,1,1997,611,2,0,32.500,0.684,0.000,12.130,0.000,114.674,16.576,2.671,0,6,5,1,0,1337,0,0,0,0,0,0,0,0,0,0,0,0
271,9.0,1656,823,36,137,1415,35,69,9,128.76,1.013,0.993,0.138,0.094,0.083,-0.618,1.533,0.3172,1.9621,0.781,0.343,0.035,0.121,-0.068,112,94,99,0,3,0,56825.86,1288.488,13899.894,40.701,239.969,19.878,10262.714,3500.948,13.572,6730.706,5384.565,3086.751,118.470,422.130,0.000147,-0.006906,38,0,98,1,85,84,11929,0,1,3.343,351,63,59,7,2,46,4,521,207,197,11,0,183,3,25080,443,13,10031.630,7777.810,117.993,3.104,0.000,5055.382,1623.866,41.277,99,113,50,60,3,13566,17268,489,18,10067.417,5915.712,114.050,7.330,3.343,4091.611,1585.455,38.850,69,64,29,35,0,7494,1273,36,4,339.758,116.706,5.803,4.368,0.000,294.446,87.696,2.622,0,4,3,1,0,709,894,17,3,276.648,52.994,2.123,8.030,0.000,197.136,43.038,3.885,0,4,2,2,0,784,722,9,0,190.000,9.723,0.000,7.558,0.000,155.525,29.090,2.219,0,6,6,0,0,1488,498,4,0,47.500,0.880,0.000,6.968,0.000,86.621,12.401,1.467,0,4,4,0,0,1042,0,0,0,0,0,0,0,0,0,0,0,0
301,10.0,1605,632,33,138,1380,30,57,9,147.32,0.998,0.993,0.121,0.091,0.085,-0.629,1.535,0.3151,2.0105,0.778,0.333,0.032,0.122,-0.071,74,124,86,0,0,0,55949.10,1331.541,15468.581,56.427,372.525,23.053,9824.458,3496.006,12.749,5994.105,4795.284,2650.234,123.753,427.288,0.000143,-0.008319,49,0,81,5,72,67,11703,0,5,14.367,292,25,25,8,0,16,1,443,150,146,13,0,132,1,24735,531,22,12105.159,9362.253,215.863,1.218,5.077,4933.323,1659.982,32.075,101,106,56,50,0,14361,16978,512,26,10239.084,5901.659,156.659,8.945,9.290,3890.457,1587.517,36.523,51,81,55,26,0,10465,1084,34,0,290.000,109.356,0.000,4.112,0.000,251.917,73.979,3.577,0,8,6,2,0,1802,785,18,0,275.000,56.467,0.000,3.676,0.000,174.468,36.848,2.456,0,4,2,2,0,1002,598,6,0,62.500,2.964,0.000,8.236,0.000,124.631,22.456,1.288,0,3,2,1,0,871,384,1,1,32.541,0.167,0.003,15.872,0.000,59.141,6.640,2.437,0,2,2,0,0,566,0,0,0,0,0,0,0,0,0,0,0,0
331,11.0,1568,520,33,138,1353,26,51,10,159.10,0.993,0.994,0.114,0.089,0.087,-0.636,1.528,0.3286,2.0396,0.800,0.268,0.030,0.122,-0.072,73,98,80,0,1,0,54548.98,1373.378,14851.433,72.094,699.467,18.111,9440.573,3469.322,12.267,5644.970,4515.976,2976.612,121.371,547.882,0.000163,-0.009632,82,0,73,7,69,62,11697,0,7,31.868,259,35,35,7,0,19,9,416,148,140,13,0,126,1,24485,511,44,11840.195,8907.110,417.665,1.974,27.410,4845.124,1717.203,36.031,92,102,49,52,1,13641,16480,507,38,10263.215,5752.493,281.802,6.518,4.458,3673.448,1527.905,31.449,43,60,41,19,0,10132,926,33,0,422.500,140.409,0.000,6.112,0.000,220.351,65.112,3.107,0,4,3,1,0,1067,689,12,0,230.000,45.024,0.000,7.011,0.000,152.982,30.733,1.839,0,2,1,1,0,471,493,1,0,25.000,1.341,0.000,0.000,0.000,103.494,17.403,0.298,0,3,3,0,0,946,356,5,0,37.500,0.298,0.000,18.611,0.000,53.519,5.791,3.423,0,1,1,0,0,327,0,0,0,0,0,0,0,0,0,0,0,0
361,12.0,1549,592,33,137,1350,21,41,12,178.95,0.991,0.994,0.102,0.087,0.088,-0.649,1.519,0.3315,2.0709,0.764,0.263,0.029,0.123,-0.073,70,95,64,0,1,0,55242.72,1339.651,15561.381,35.479,636.326,15.029,9207.248,3381.679,15.333,5657.251,4525.801,1905.096,157.300,444.662,0.000140,-0.010781,72,0,59,5,58,54,11966,0,5,11.152,225,33,33,5,0,14,14,372,128,125,4,0,119,2,24398,569,44,13063.779,9854.626,434.664,1.637,5.263,4846.150,1738.720,35.903,93,82,37,44,1,11822,16057,459,27,9821.898,5597.085,197.595,4.500,5.202,3525.227,1442.809,25.925,44,58,47,11,0,10578,796,20,1,212.550,71.775,4.067,2.670,0.000,192.206,57.551,2.544,0,4,2,2,0,1362,573,11,0,117.500,26.095,0.000,0.000,0.687,129.264,23.702,1.476,0,6,6,0,0,1536,394,5,0,55.000,4.399,0.000,13.278,0.000,82.734,16.250,1.536,0,3,2,1,0,1027,296,0,0,0.000,0.000,0.000,2.242,0.000,43.592,5.301,0.574,0,2,1,1,0,688,0,0,0,0,0,0,0,0,0,0,0,0
391,13.0,1570,646,33,136,1383,13,38,14,180.76,0.995,0.991,0.097,0.084,0.087,-0.661,1.517,0.3311,2.0678,0.779,0.272,0.023,0.125,-0.072,65,76,70,0,1,0,56563.52,1366.866,16557.113,23.864,504.677,11.692,9186.584,3480.653,19.750,6716.016,5372.813,2036.908,172.721,387.225,0.000112,-0.010882,75,0,66,4,58,57,12024,0,4,3.216,240,23,22,5,0,14,3,322,129,117,5,0,110,2,25120,591,56,13480.796,10279.280,395.890,2.400,2.387,5001.691,1804.827,45.479,115,76,32,44,0,11503,15849,485,16,10540.398,6188.158,106.216,3.039,0.000,3414.540,1479.846,22.207,50,56,36,20,0,11074,750,13,0,115.000,41.950,0.000,0.187,0.000,178.800,53.844,2.470,0,1,1,0,0,262,453,12,3,175.555,31.584,2.571,2.795,0.584,102.005,20.205,1.917,0,2,1,1,0,617,291,3,0,75.000,5.446,0.000,2.135,0.000,60.149,11.245,0.595,0,6,5,0,1,2277,251,4,0,47.500,0.623,0.000,10.091,0.245,37.044,6.750,2.153,0,2,1,1,0,763,0,0,0,0,0,0,0,0,0,0,0,0
421,14.0,1621,613,33,132,1445,9,35,15,201.30,1.001,0.993,0.091,0.081,0.086,-0.672,1.508,0.3279,2.0710,0.827,0.258,0.030,0.127,-0.073,73,60,82,0,2,0,58938.70,1397.384,19281.548,73.769,478.753,14.134,9398.033,3672.710,22.943,7962.006,6369.605,2932.418,283.117,475.898,0.000161,-0.009494,85,0,74,8,60,55,12405,0,8,9.803,209,43,42,14,0,24,4,312,152,148,5,0,135,8,26310,681,46,15679.212,12217.725,248.649,2.163,5.952,5266.494,1911.786,43.399,126,70,27,42,1,12527,16031,516,39,11978.696,6921.111,230.104,6.666,3.530,3440.245,1570.300,29.342,64,58,25,32,1,11555,668,30,0,260.000,93.090,0.000,0.000,0.000,159.843,46.895,2.409,1,3,3,0,0,1081,392,12,0,195.000,38.037,0.000,9.142,0.000,88.499,18.632,2.030,0,1,1,0,0,385,172,4,0,82.500,5.154,0.000,0.000,0.000,33.495,6.634,0.379,0,2,2,0,0,834,174,5,0,37.500,0.828,0.000,45.995,0.321,26.646,7.295,5.943,0,2,2,0,0,806,0,0,0,0,0,0,0,0,0,0,0,0
451,15.0,1678,714,29,136,1507,8,27,18,204.73,1.003,0.995,0.084,0.079,0.087,-0.683,1.506,0.3453,2.1044,0.779,0.265,0.019,0.129,-0.072,81,68,91,0,2,0,62610.70,1392.732,21313.133,51.157,504.457,10.904,9682.206,3860.823,22.449,8808.668,7046.934,3108.545,177.703,471.569,0.000144,-0.010717,60,0,90,1,76,75,12751,0,1,4.735,165,21,21,9,0,11,1,282,84,68,7,0,61,0,27951,757,45,18129.540,14028.883,388.890,2.944,4.735,5630.190,2089.073,47.375,148,94,32,62,0,17202,16091,511,15,12014.717,7179.612,115.568,6.686,0.000,3425.087,1601.007,27.965,65,57,27,28,2,12061,544,15,0,200.000,67.072,0.000,0.427,0.000,124.588,34.372,1.590,0,5,5,0,0,1863,336,8,0,112.500,21.856,0.000,9.251,0.000,76.337,15.925,1.659,0,3,3,0,0,1299,109,0,0,0.000,0.000,0.000,0.000,0.000,22.546,4.612,0.015,0,1,1,0,0,440,150,3,0,22.500,0.620,0.000,27.115,0.000,22.884,6.258,3.830,0,0,0,0,0,0,0,0,0,0,0,0,0,0,0,0,0,0
481,16.0,1814,720,29,137,1649,7,21,22,190.09,1.012,1.001,0.079,0.075,0.084,-0.686,1.503,0.3464,2.1424,0.756,0.219,0.022,0.129,-0.072,69,41,94,0,1,0,68128.45,1458.966,24955.961,67.248,619.199,13.935,10340.803,4185.032,28.517,10990.262,8792.210,3233.936,435.236,542.840,0.000092,-0.010846,88,0,89,5,83,78,13348,0,5,16.013,159,15,15,8,0,5,2,237,118,72,4,0,68,0,30449,883,57,21518.123,16530.207,448.415,3.486,6.280,6194.008,2366.888,55.873,192,90,23,66,1,14281,16874,621,26,14208.461,8345.373,163.901,3.089,9.733,3553.025,1652.593,25.713,74,34,14,20,0,6222,474,19,0,160.000,54.216,0.000,1.113,0.000,108.340,26.905,2.030,0,3,1,2,0,1346,262,2,5,68.218,7.256,6.883,4.636,0.000,58.873,13.488,1.302,0,3,3,0,0,1320,90,2,0,32.500,1.763,0.000,0.000,0.000,16.592,2.866,0.000,0,0,0,0,0,0,140,3,0,22.500,0.620,0.000,38.910,0.000,21.874,5.720,3.598,0,1,0,1,0,471,0,0,0,0,0,0,0,0,0,0,0,0
511,17.0,1957,622,29,134,1799,5,19,23,193.27,1.020,1.004,0.076,0.073,0.080,-0.695,1.508,0.3381,2.1378,0.806,0.201,0.029,0.129,-0.073,77,62,99,0,1,0,73906.68,1541.512,26997.137,56.059,772.205,11.499,11273.574,4521.274,31.675,12366.406,9893.125,3483.853,404.716,628.112,0.000210,-0.009851,114,0,93,6,84,78,14416,0,6,11.811,117,36,36,7,0,26,3,223,96,96,8,0,88,0,33714,968,68,23715.993,18253.858,512.807,3.189,11.811,6900.030,2624.344,57.183,222,88,32,55,1,14426,18095,630,46,14698.945,8673.709,259.397,5.611,0.000,3803.127,1730.785,28.883,80,64,27,37,0,12411,415,9,0,137.500,46.125,0.000,0.000,0.000,96.041,22.077,1.713,0,1,1,0,0,506,203,3,0,22.500,5.275,0.000,15.004,0.000,48.873,11.987,2.159,0,1,1,0,0,465,73,2,0,50.000,2.889,0.000,0.000,0.000,15.159,3.672,0.289,0,1,0,1,0,494,101,0,0,0.000,0.000,0.000,20.445,0.000,17.947,4.534,5.632,0,1,1,0,0,492,0,0,0,0,0,0,0,0,0,0,0,0
541,18.0,2057,607,29,134,1902,5,16,21,196.01,1.029,1.006,0.074,0.075,0.078,-0.700,1.507,0.3349,2.1242,0.777,0.201,0.026,0.129,-0.075,69,45,127,0,4,0,78200.55,1577.542,27295.888,61.533,560.419,12.107,12064.766,4785.922,28.719,11400.591,9120.473,4370.800,451.143,659.620,0.000153,-0.008195,90,0,124,3,115,112,15093,1,3,8.599,111,23,23,8,3,10,2,203,57,55,6,0,49,0,36892,1013,57,24567.491,18970.987,355.717,3.547,3.346,7580.258,2825.711,64.770,206,105,23,80,2,19551,18592,601,31,13839.306,8227.105,201.641,9.204,5.253,3938.103,1794.518,33.301,67,65,19,44,2,11498,361,17,0,162.500,58.299,0.000,1.248,0.000,84.991,19.962,0.815,0,2,2,0,0,1053,170,2,0,15.000,3.517,0.000,7.209,0.000,42.748,9.347,1.159,0,1,1,0,0,516,60,1,1,34.649,1.444,0.557,0.000,0.000,14.234,3.178,0.222,0,0,0,0,0,0,90,0,0,0.000,0.000,0.000,31.725,0.000,17.141,2.510,3.085,0,0,0,0,0,0,0,0,0,0,0,0,0,0,0,0,0,0
571,19.0,2181,630,29,131,2034,4,12,24,204.30,1.042,1.014,0.075,0.075,0.076,-0.705,1.517,0.3516,2.1333,0.785,0.137,0.029,0.130,-0.076,60,56,161,0,2,0,82273.55,1579.488,29970.408,58.785,876.415,13.064,12875.384,5079.604,30.226,14128.313,11302.651,5422.103,463.240,839.462,0.000195,-0.007237,109,0,153,8,148,140,15934,0,8,20.509,94,21,21,10,0,9,2,171,76,61,4,0,57,0,39888,1065,74,26381.382,20009.882,657.447,4.830,7.997,8293.533,3057.519,75.925,232,130,32,97,1,22938,19007,701,33,16478.903,9903.882,216.221,10.117,9.374,4072.563,1847.737,39.023,106,76,19,56,1,16359,266,7,0,87.500,34.695,0.000,0.647,3.138,62.661,13.684,1.529,0,3,3,0,0,1504,131,5,2,51.756,8.792,2.747,6.382,0.000,36.170,6.648,1.278,0,1,1,0,0,506,60,1,0,25.000,1.444,0.000,0.000,0.000,14.459,2.249,0.200,0,0,0,0,0,0,69,0,0,0.000,0.000,0.000,16.300,0.000,15.436,2.395,4.533,0,1,1,0,0,550,0,0,0,0,0,0,0,0,0,0,0,0
601,20.0,2314,617,24,134,2166,4,10,26,200.60,1.053,1.020,0.072,0.075,0.074,-0.707,1.527,0.3355,2.1530,0.764,0.142,0.023,0.130,-0.078,73,65,162,0,2,0,86519.66,1676.600,31588.357,57.192,859.098,10.698,13888.647,5519.130,36.753,15063.592,12050.874,5326.761,466.087,825.953,0.000209,-0.006292,114,0,158,4,146,142,16698,0,4,5.658,90,21,21,9,0,12,0,150,49,45,8,0,37,0,42883,1166,78,28710.728,21777.873,678.800,4.316,3.062,9042.772,3340.097,90.795,250,155,45,110,0,29607,20078,703,36,16086.380,9761.468,180.298,11.132,2.597,4346.097,1991.475,43.046,105,68,19,47,2,15146,236,6,0,115.000,35.881,0.000,1.124,0.000,55.981,11.946,0.694,0,1,0,1,0,597,91,0,0,0.000,0.000,0.000,10.990,0.000,26.046,4.267,1.788,0,1,1,0,0,561,60,1,0,25.000,1.444,0.000,0.000,0.000,14.643,2.141,0.266,0,0,0,0,0,0,60,0,0,0.000,0.000,0.000,23.971,0.000,14.816,2.346,3.755,0,0,0,0,0,0,0,0,0,0,0,0,0,0,0,0,0,0
631,21.0,2422,477,24,128,2283,3,8,23,215.16,1.067,1.025,0.067,0.075,0.071,-0.708,1.526,0.3359,2.1484,0.775,0.117,0.023,0.128,-0.078,69,68,217,0,1,0,91675.23,1704.716,35677.812,63.642,761.937,15.156,14698.049,5995.033,34.902,16499.568,13199.655,6802.842,477.049,982.804,0.000118,-0.004956,119,0,208,9,208,199,16415,23,9,21.406,86,13,13,7,0,6,0,150,41,39,4,0,35,0,45420,1316,85,32435.002,24687.911,681.806,6.725,13.182,9708.290,3738.727,103.497,284,179,37,141,1,32465,20811,757,10,17746.222,10959.882,76.530,14.483,8.224,4510.836,2060.993,46.890,107,95,28,67,0,19123,184,3,1,50.703,14.071,3.482,1.589,0.000,44.415,8.036,0.866,0,1,1,0,0,533,65,1,0,7.500,0.940,0.000,3.156,0.000,17.801,2.337,0.526,0,1,1,0,0,606,49,0,0,0.000,0.000,0.000,0.000,0.000,11.841,1.880,0.133,0,1,1,0,0,620,60,0,0,0.000,0.000,0.000,16.283,0.000,15.029,2.346,3.074,0,0,0,0,0,0,0,0,0,0,0,0,0,0,0,0,0,0
661,22.0,2483,489,24,130,2344,3,6,22,195.16,1.079,1.026,0.069,0.072,0.072,-0.710,1.523,0.3282,2.1380,0.768,0.108,0.025,0.128,-0.078,78,76,208,0,2,0,95615.15,1729.859,35378.330,64.281,938.760,11.338,15434.117,6374.840,34.273,14615.197,11692.157,7003.632,407.216,1055.447,0.000184,-0.004615,159,0,205,3,190,187,16874,31,3,7.136,60,10,10,10,0,0,0,150,69,68,8,0,60,0,47761,1370,95,33744.637,25695.687,714.469,6.326,5.000,10362.314,4037.446,107.858,263,193,57,135,1,31222,21054,648,32,15922.538,9653.881,221.810,13.633,2.137,4614.551,2137.315,46.820,78,87,18,68,1,20745,162,3,1,47.602,13.188,2.473,0.000,0.000,40.900,6.889,1.223,0,2,0,2,0,886,60,2,0,15.000,1.880,0.000,11.432,0.000,16.376,1.960,2.020,0,0,0,0,0,0,30,2,0,50.000,5.115,0.000,0.000,0.000,6.761,1.765,0.000,0,0,0,0,0,0,60,1,0,7.500,0.125,0.000,25.753,0.000,15.228,2.346,4.234,0,0,0,0,0,0,0,0,0,0,0,0,0,0,0,0,0,0
691,23.0,2676,472,24,140,2529,3,4,23,167.12,1.090,1.032,0.069,0.072,0.072,-0.712,1.523,0.3356,2.1492,0.749,0.079,0.021,0.128,-0.078,65,79,168,0,1,0,103135.02,1809.419,39711.269,47.317,722.135,15.981,16518.004,6768.621,33.120,18562.393,14849.915,5765.152,387.709,863.039,0.000218,-0.004795,122,0,167,1,152,151,17512,22,1,5.213,60,7,7,7,0,0,0,146,83,81,9,0,72,0,51046,1534,60,37924.709,29196.323,462.678,6.882,5.213,11282.497,4398.916,115.555,331,182,58,123,1,29340,21566,703,40,17184.509,10499.775,259.453,5.497,0.000,4776.491,2164.494,46.927,99,63,19,44,0,12443,91,1,0,25.000,8.132,0.000,0.000,0.000,27.323,4.625,1.564,0,2,2,0,0,1235,60,0,0,0.000,0.000,0.000,13.387,0.000,16.605,1.960,2.188,0,0,0,0,0,0,30,2,0,50.000,5.115,0.000,0.000,0.000,6.856,1.629,0.000,0,0,0,0,0,0,60,0,0,0.000,0.000,0.000,16.338,0.000,15.340,2.346,2.523,0,0,0,0,0,0,0,0,0,0,0,0,0,0,0,0,0,0
721,24.0,2836,414,24,142,2689,2,3,32,187.51,1.102,1.035,0.068,0.070,0.071,-0.717,1.527,0.3333,2.1467,0.717,0.070,0.022,0.129,-0.078,76,68,197,0,0,0,107380.71,1856.375,40678.045,69.264,996.134,14.713,18055.825,7555.123,37.651,18139.802,14511.842,7443.457,505.887,1132.097,0.000172,-0.004679,169,0,189,8,186,179,18237,15,8,21.435,37,8,7,7,0,0,0,113,55,51,4,0,47,0,56055,1579,106,39221.212,30006.124,717.258,7.282,16.807,12547.570,5020.272,125.533,317,178,43,135,0,32616,22451,704,47,17499.688,10650.959,276.109,15.198,4.506,5039.568,2305.651,60.493,98,77,24,53,0,13457,60,1,1,33.499,7.096,2.765,1.260,0.000,21.075,3.613,1.113,0,0,0,0,0,0,53,2,0,50.000,9.635,0.000,2.623,0.000,14.572,1.576,0.884,0,1,1,0,0,714,30,0,0,0.000,0.000,0.000,0.000,0.000,6.945,1.445,0.000,0,0,0,0,0,0,37,3,0,22.500,0.620,0.000,21.466,0.122,11.235,3.823,3.827,0,1,0,1,0,698,0,0,0,0,0,0,0,0,0,0,0,0
751,25.0,2949,388,17,139,2806,2,2,27,190.04,1.112,1.040,0.069,0.069,0.069,-0.719,1.531,0.3407,2.1381,0.696,0.079,0.023,0.128,-0.078,66,78,220,0,4,0,111746.36,1846.094,42219.962,51.066,1019.067,15.495,19067.432,7813.993,44.268,17681.923,14145.539,7772.407,366.471,1150.518,0.000206,-0.005309,167,0,215,5,211,206,19027,0,5,12.197,30,9,9,9,0,0,0,81,41,41,0,0,41,0,59296,1638,118,41135.196,31436.807,806.784,8.232,10.087,13426.229,5288.433,135.676,316,210,49,160,1,34366,22888,705,49,17540.603,10752.715,212.283,11.175,2.110,5184.967,2292.438,59.006,97,86,28,55,3,19303,51,1,0,25.000,7.096,0.000,0.000,0.000,18.558,2.695,1.002,0,1,1,0,0,607,30,1,0,25.000,4.818,0.000,0.000,0.000,7.286,0.313,0.147,0,0,0,0,0,0,30,1,0,25.000,2.557,0.000,0.000,0.000,7.038,1.336,0.000,0,0,0,0,0,0,30,1,0,7.500,0.207,0.000,19.462,0.000,10.069,1.347,4.306,0,0,0,0,0,0,0,0,0,0,0,0,0,0,0,0,0,0
781,26.0,3000,386,17,135,2861,2,2,33,209.24,1.122,1.041,0.069,0.070,0.069,-0.722,1.535,0.3342,2.1335,0.683,0.067,0.027,0.129,-0.077,52,102,237,0,2,0,114515.76,1805.049,41597.519,65.121,972.100,16.069,19828.533,7973.452,45.224,16762.740,13410.192,7901.289,428.301,1168.948,0.000228,-0.004359,184,0,225,12,229,217,19275,3,12,28.116,30,8,8,8,0,0,0,60,15,15,1,0,14,0,61920,1632,134,41119.419,31470.656,736.542,8.139,22.662,14156.568,5456.881,149.212,293,228,75,151,2,40904,22875,667,47,16419.266,10106.568,234.568,12.708,5.454,5219.495,2269.303,62.257,91,101,27,74,0,22790,30,1,0,25.000,7.096,0.000,0.747,0.000,12.211,0.465,0.126,0,0,0,0,0,0,30,0,0,0.000,0.000,0.000,0.000,0.000,7.384,0.313,0.231,0,0,0,0,0,0,30,1,0,25.000,2.557,0.000,0.000,0.000,7.126,1.263,0.000,0,0,0,0,0,0,30,3,0,22.500,0.620,0.000,15.411,0.000,10.204,1.347,3.827,0,0,0,0,0,0,0,0,0,0,0,0,0,0,0,0,0,0
811,27.0,3074,349,17,122,2949,2,1,45,216.40,1.132,1.044,0.071,0.071,0.065,-0.723,1.540,0.3258,2.1274,0.705,0.049,0.025,0.129,-0.076,63,90,253,0,2,0,116986.81,1701.353,43412.774,66.140,920.329,15.403,20577.185,8229.702,61.432,18021.578,14417.263,8550.409,490.451,1195.713,0.000154,-0.004845,167,0,237,16,243,229,19755,4,16,25.522,30,10,8,8,0,0,0,38,35,35,0,0,35,0,64370,1711,129,42757.928,32726.300,718.518,11.754,17.252,14863.998,5699.710,153.930,321,229,62,166,1,41691,22983,687,34,17231.826,10678.181,201.742,7.493,8.048,5294.323,2282.456,58.337,95,99,28,70,1,21493,30,0,0,0.000,0.000,0.000,0.000,0.000,12.372,0.465,0.910,0,0,0,0,0,0,8,0,0,0.000,0.000,0.000,0.000,0.000,1.986,0.083,0.105,0,1,0,1,0,789,30,2,0,50.000,5.115,0.000,0.000,0.000,7.217,1.233,0.000,0,0,0,0,0,0,30,0,0,0.000,0.000,0.000,21.371,0.222,10.339,1.679,4.784,0,0,0,0,0,0,0,0,0,0,0,0,0,0,0,0,0,0
841,28.0,3046,357,17,118,2926,1,1,53,225.14,1.139,1.045,0.073,0.072,0.065,-0.725,1.544,0.3236,2.1183,0.718,0.051,0.027,0.129,-0.076,61,109,303,0,6,0,117215.91,1692.805,43215.658,78.521,833.216,15.070,20903.704,8301.111,70.990,16697.427,13357.942,10108.374,678.790,1355.439,0.000183,-0.005048,180,0,298,5,287,282,19864,36,5,7.840,30,16,16,16,0,0,0,30,22,22,0,0,22,0,66002,1702,105,42784.859,32908.139,630.507,11.480,0.883,15339.247,5833.756,161.542,310,292,84,206,2,54548,22197,678,39,16601.995,10288.725,160.265,14.653,6.957,5172.960,2201.195,67.582,79,120,25,92,3,28430,30,1,0,25.000,7.096,0.000,0.000,0.000,12.538,0.465,0.691,0,0,0,0,0,0,0,0,0,0.000,0.000,0.000,0.000,0.000,0.000,0.000,0.000,0,0,0,0,0,0,15,0,0,0.000,0.000,0.000,0.000,0.000,3.643,0.470,0.000,0,1,0,0,1,826,30,1,0,7.500,0.207,0.000,44.548,0.000,10.475,3.839,7.654,0,0,0,0,0,0,0,0,0,0,0,0,0,0,0,0,0,0
871,29.0,3041,342,17,118,2922,1,0,58,218.18,1.149,1.045,0.075,0.070,0.065,-0.727,1.555,0.3353,2.0949,0.734,0.034,0.028,0.128,-0.077,67,102,289,0,7,0,119166.83,1729.961,44042.011,60.851,951.359,14.490,20970.645,8271.047,90.012,17002.641,13602.113,9108.069,788.180,1253.420,0.000216,-0.006840,169,0,285,4,280,276,19535,0,4,5.364,30,9,9,9,0,0,0,19,12,12,0,0,12,0,66085,1739,137,43617.082,33275.617,821.393,10.906,5.364,15476.844,5837.581,152.406,307,295,77,212,6,59347,21642,696,32,17114.648,10758.048,129.966,11.780,0.000,5113.840,2184.125,63.724,82,98,24,73,1,23961,19,0,0,0.000,0.000,0.000,0.000,0.000,8.027,0.294,0.377,0,1,1,0,0,860,0,0,0,0.000,0.000,0.000,0.000,0.000,0.000,0.000,0.000,0,0,0,0,0,0,0,0,0,0.000,0.000,0.000,0.000,0.000,0.000,0.000,0.000,0,0,0,0,0,0,30,2,0,15.000,0.413,0.000,32.801,0.000,10.610,3.839,4.306,0,0,0,0,0,0,0,0,0,0,0,0,0,0,0,0,0,0
901,30.0,3024,372,14,114,2908,1,1,67,200.25,1.156,1.047,0.080,0.070,0.064,-0.728,1.564,0.3278,2.0644,0.719,0.035,0.027,0.128,-0.079,60,90,323,0,6,0,118649.32,1729.470,44345.714,86.480,787.026,13.528,21096.415,8270.612,96.928,17474.747,13979.798,11578.405,657.231,1484.631,0.000176,-0.008380,197,0,314,9,308,299,19626,48,9,24.336,30,15,15,15,0,0,0,0,0,0,0,0,0,0,66277,1748,111,43854.534,33713.542,627.692,12.783,17.461,15659.787,5873.877,154.443,311,308,72,231,5,62842,21212,683,38,16852.902,10627.091,159.304,13.921,6.875,5068.616,2141.231,64.955,85,102,18,83,1,22446,10,0,0,0.000,0.000,0.000,0.000,0.000,1.848,0.510,0.000,0,0,0,0,0,0,0,0,0,0.000,0.000,0.000,0.000,0.000,0.000,0.000,0.000,0,0,0,0,0,0,0,0,0,0.000,0.000,0.000,0.000,0.000,0.000,0.000,0.000,0,0,0,0,0,0,30,0,0,0.000,0.000,0.000,35.440,0.000,10.745,3.485,7.176,0,0,0,0,0,0,0,1,0,0,0,0,0,0,0,0,0,0
931,31.0,3033,344,14,112,2920,1,0,87,219.56,1.165,1.050,0.084,0.066,0.064,-0.729,1.563,0.3187,2.0748,0.721,0.036,0.027,0.128,-0.079,67,77,312,0,5,0,120309.98,1715.006,46161.848,56.259,816.373,13.698,21302.673,8356.986,119.933,17564.559,14051.648,10914.320,627.217,1438.407,0.000216,-0.008993,197,0,305,7,302,296,19928,44,7,10.611,30,10,10,9,0,0,0,0,0,0,0,0,0,0,66640,1865,115,46818.044,35921.743,645.361,12.666,6.503,15888.892,6043.503,163.608,312,293,60,230,3,57877,20912,656,38,16281.056,10232.526,170.999,11.376,4.061,5042.921,2047.953,68.383,86,93,17,74,2,18203,8,0,0,0.000,0.000,0.000,0.000,0.000,1.479,0.408,0.000,0,1,0,1,0,18,0,0,0,0.000,0.000,0.000,0.000,0.000,0.000,0.000,0.000,0,0,0,0,0,0,0,0,0,0.000,0.000,0.000,0.000,0.000,0.000,0.000,0.000,0,0,0,0,0,0,30,1,0,7.500,0.207,0.000,21.606,0.047,10.880,2.953,4.784,0,0,0,0,0,0,0,0,0,0,0,0,0,0,0,0,0,0
961,32.0,2973,324,14,106,2866,1,0,104,213.78,1.174,1.053,0.089,0.067,0.063,-0.730,1.585,0.3202,2.0622,0.704,0.019,0.025,0.128,-0.080,58,93,347,0,6,0,117577.34,1632.620,43095.016,59.703,860.844,15.246,21323.236,8263.715,156.193,17017.008,13613.607,12406.665,355.849,1610.929,0.000205,-0.009398,153,0,339,8,339,331,19568,0,8,14.542,30,8,8,8,0,0,0,0,0,0,0,0,0,0,66676,1769,123,44628.115,34063.839,721.289,14.238,13.359,16082.482,6083.808,170.176,310,323,68,250,5,64418,19996,577,30,14313.184,9026.712,139.555,11.009,1.183,4884.643,1910.134,69.077,74,115,25,89,1,24757,0,0,0,0.000,0.000,0.000,0.000,0.000,0.000,0.000,0.000,0,0,0,0,0,0,0,0,0,0.000,0.000,0.000,0.000,0.000,0.000,0.000,0.000,0,0,0,0,0,0,0,0,0,0.000,0.000,0.000,0.000,0.000,0.000,0.000,0.000,0,0,0,0,0,0,30,3,0,22.500,0.620,0.000,19.915,0.000,11.015,2.530,3.827,0,0,0,0,0,0,0,0,0,0,0,0,0,0,0,0,0,0
991,33.0,2905,354,14,92,2812,1,0,115,199.52,1.183,1.059,0.089,0.068,0.061,-0.732,1.613,0.3035,2.0694,0.716,0.033,0.025,0.128,-0.083,50,77,366,0,10,0,115661.03,1485.818,44576.299,73.940,688.754,14.062,21057.609,8119.229,172.638,16873.835,13499.068,13167.410,461.835,1698.872,0.000226,-0.009136,153,0,349,17,358,341,18631,38,17,29.809,30,8,8,8,0,0,0,0,0,0,0,0,0,0,66252,1848,80,46304.225,35728.370,482.828,15.721,25.873,16130.123,6072.253,171.802,320,339,52,278,9,64665,18700,557,35,14014.462,8846.978,199.055,9.646,3.937,4610.721,1782.089,66.312,62,97,25,71,1,21450,0,0,0,0.000,0.000,0.000,0.000,0.000,0.000,0.000,0.000,0,0,0,0,0,0,0,0,0,0.000,0.000,0.000,0.000,0.000,0.000,0.000,0.000,0,0,0,0,0,0,0,0,0,0.000,0.000,0.000,0.000,0.000,0.000,0.000,0.000,0,0,0,0,0,0,30,1,0,7.500,0.207,0.000,18.764,0.000,11.150,1.347,3.827,0,0,0,0,0,0,0,0,0,0,0,0,0,0,0,0,0,0
1021,34.0,2918,322,14,87,2830,1,0,135,217.77,1.190,1.060,0.093,0.067,0.059,-0.734,1.602,0.3016,2.0523,0.743,0.046,0.027,0.128,-0.082,65,90,301,0,15,0,116007.09,1479.427,44406.583,59.979,639.095,11.904,21107.504,8007.313,195.466,18416.169,14732.935,10724.173,544.282,1337.966,0.000224,-0.008673,122,0,292,9,294,285,18434,18,9,19.873,30,7,7,7,0,0,0,0,0,0,0,0,0,0,66628,1865,84,46793.270,35880.136,545.108,12.519,17.843,16334.321,6051.942,155.561,347,311,70,229,12,59039,18050,536,20,13284.204,8526.307,92.659,7.409,2.030,4473.348,1715.908,58.984,68,86,20,63,3,21504,0,0,0,0.000,0.000,0.000,0.000,0.000,0.000,0.000,0.000,0,0,0,0,0,0,0,0,0,0.000,0.000,0.000,0.000,0.000,0.000,0.000,0.000,0,0,0,0,0,0,0,0,0,0.000,0.000,0.000,0.000,0.000,0.000,0.000,0.000,0,0,0,0,0,0,30,0,0,0.000,0.000,0.000,20.178,0.000,11.285,1.347,3.349,0,0,0,0,0,0,0,0,0,0,0,0,0,0,0,0,0,0
1051,35.0,2822,319,12,88,2733,1,0,132,238.80,1.198,1.060,0.099,0.067,0.060,-0.737,1.590,0.3030,2.0354,0.711,0.045,0.025,0.127,-0.082,71,94,349,0,18,0,112278.15,1415.234,42581.867,60.959,631.544,11.900,21033.013,8013.681,209.922,16167.744,12934.195,12920.947,828.383,1547.501,0.000244,-0.007513,93,0,344,5,339,334,18731,0,5,12.539,30,10,10,10,0,0,0,0,0,0,0,0,0,0,66872,1818,78,45489.945,34989.787,555.801,14.597,12.539,16571.157,6143.223,179.195,308,354,74,267,13,79715,16730,479,15,11812.968,7576.274,75.743,8.645,0.000,4167.570,1605.359,59.850,51,102,20,77,5,26719,0,0,0,0.000,0.000,0.000,0.000,0.000,0.000,0.000,0.000,0,0,0,0,0,0,0,0,0,0.000,0.000,0.000,0.000,0.000,0.000,0.000,0.000,0,0,0,0,0,0,0,0,0,0.000,0.000,0.000,0.000,0.000,0.000,0.000,0.000,0,0,0,0,0,0,30,1,0,7.500,0.207,0.000,25.178,0.000,11.420,1.347,4.784,0,0,0,0,0,0,0,0,0,0,0,0,0,0,0,0,0,0
1081,36.0,2796,338,12,89,2706,1,0,139,218.52,1.203,1.063,0.104,0.067,0.061,-0.738,1.596,0.2978,2.0448,0.680,0.045,0.022,0.126,-0.082,57,76,292,0,10,0,111004.84,1292.887,42541.132,69.387,595.120,15.143,20714.963,7862.611,212.189,15581.973,12465.579,11204.105,720.001,1346.454,0.000149,-0.006650,93,0,285,7,283,276,18891,0,7,20.756,30,9,9,9,0,0,0,0,0,0,0,0,0,0,65916,1819,72,45659.275,35119.613,482.911,13.017,17.074,16499.419,6096.010,192.744,294,305,60,236,9,67070,15687,462,21,11582.987,7419.099,112.208,5.392,3.681,3932.524,1492.286,57.171,50,66,16,49,1,15629,0,0,0,0.000,0.000,0.000,0.000,0.000,0.000,0.000,0.000,0,0,0,0,0,0,0,0,0,0.000,0.000,0.000,0.000,0.000,0.000,0.000,0.000,0,0,0,0,0,0,0,0,0,0.000,0.000,0.000,0.000,0.000,0.000,0.000,0.000,0,0,0,0,0,0,30,0,0,0.000,0.000,0.000,30.223,0.000,11.555,1.347,4.306,0,0,0,0,0,0,0,0,0,0,0,0,0,0,0,0,0,0
1111,37.0,2777,313,12,86,2690,1,0,143,208.88,1.209,1.066,0.107,0.066,0.061,-0.740,1.588,0.3123,2.0337,0.705,0.035,0.023,0.126,-0.082,75,103,288,0,12,0,109509.69,1248.635,42102.030,49.993,636.728,16.964,20798.076,7800.456,211.723,17107.273,13685.819,10720.454,617.170,1326.478,0.000166,-0.006501,105,0,283,5,281,276,19180,0,5,11.033,30,7,7,7,0,0,0,0,0,0,0,0,0,0,66593,1851,89,46410.396,35680.798,553.087,12.617,11.033,16759.542,6105.762,195.442,328,324,82,232,10,65943,14820,406,16,10084.105,6421.232,83.641,6.773,0.000,3750.587,1418.704,56.231,54,74,21,51,2,19174,0,0,0,0.000,0.000,0.000,0.000,0.000,0.000,0.000,0.000,0,0,0,0,0,0,0,0,0,0.000,0.000,0.000,0.000,0.000,0.000,0.000,0.000,0,0,0,0,0,0,0,0,0,0.000,0.000,0.000,0.000,0.000,0.000,0.000,0.000,0,0,0,0,0,0,30,0,0,0.000,0.000,0.000,19.570,0.000,11.690,1.347,3.349,0,0,0,0,0,0,0,0,0,0,0,0,0,0,0,0,0,0
1141,38.0,2602,297,12,81,2520,1,0,151,193.57,1.216,1.068,0.113,0.066,0.061,-0.740,1.580,0.3123,2.0457,0.691,0.049,0.024,0.125,-0.082,61,84,391,0,18,0,103728.88,1208.786,39868.803,77.025,615.912,14.225,20185.437,7568.858,219.062,14194.580,11355.664,13989.382,458.898,1674.864,0.000195,-0.006668,112,0,381,10,382,372,18070,0,10,18.759,30,9,9,9,0,0,0,0,0,0,0,0,0,0,64923,1754,89,44056.596,33768.906,491.218,16.046,18.759,16467.174,6000.272,181.610,272,394,67,311,16,72521,13489,378,23,9568.685,6095.470,124.694,10.765,0.000,3439.416,1312.459,49.978,41,89,17,70,2,21251,0,0,0,0.000,0.000,0.000,0.000,0.000,0.000,0.000,0.000,0,0,0,0,0,0,0,0,0,0.000,0.000,0.000,0.000,0.000,0.000,0.000,0.000,0,0,0,0,0,0,0,0,0,0.000,0.000,0.000,0.000,0.000,0.000,0.000,0.000,0,0,0,0,0,0,30,0,0,0.000,0.000,0.000,31.455,0.000,11.825,1.347,4.306,0,0,0,0,0,0,0,0,0,0,0,0,0,0,0,0,0,0
1171,39.0,2526,287,12,75,2450,1,0,138,233.85,1.226,1.069,0.118,0.066,0.059,-0.740,1.594,0.3084,2.0218,0.709,0.040,0.025,0.124,-0.083,79,93,334,0,12,0,100028.93,1065.624,39780.414,52.276,617.581,16.780,19431.021,7252.397,221.128,16318.845,13055.076,12415.878,508.728,1505.346,0.000129,-0.006666,107,0,327,7,325,319,16929,0,7,8.489,30,9,8,8,0,0,0,0,0,0,0,0,0,0,62194,1761,86,44260.396,34030.390,509.901,13.806,8.372,15952.543,5801.861,175.282,311,359,78,270,11,76947,12505,358,21,9025.256,5750.024,107.680,10.175,0.000,3214.287,1206.421,44.666,51,73,15,57,1,20051,0,0,0,0.000,0.000,0.000,0.000,0.000,0.000,0.000,0.000,0,0,0,0,0,0,0,0,0,0.000,0.000,0.000,0.000,0.000,0.000,0.000,0.000,0,0,0,0,0,0,0,0,0,0.000,0.000,0.000,0.000,0.000,0.000,0.000,0.000,0,0,0,0,0,0,30,0,0,0.000,0.000,0.000,19.806,0.116,11.960,2.204,4.306,0,0,0,0,0,0,0,0,0,0,0,0,0,0,0,0,0,0
1201,40.0,2386,318,12,66,2319,1,0,135,216.20,1.231,1.072,0.123,0.067,0.059,-0.742,1.617,0.2775,2.0129,0.741,0.030,0.027,0.124,-0.083,70,84,354,0,21,0,95327.82,958.484,38088.697,73.243,405.102,15.636,18648.730,6949.835,210.240,14342.455,11473.964,13371.101,264.524,1508.608,0.000150,-0.006342,81,0,345,9,343,334,15676,2,9,21.912,30,11,11,11,0,0,0,0,0,0,0,0,0,0,59977,1696,74,42701.395,32688.872,379.594,15.169,21.912,15496.865,5615.034,172.340,278,364,64,288,12,67093,11181,337,5,8393.213,5396.906,25.403,8.005,0.000,2909.298,1103.119,37.320,40,85,20,57,8,25685,0,0,0,0.000,0.000,0.000,0.000,0.000,0.000,0.000,0.000,0,0,0,0,0,0,0,0,0,0.000,0.000,0.000,0.000,0.000,0.000,0.000,0.000,0,0,0,0,0,0,0,0,0,0.000,0.000,0.000,0.000,0.000,0.000,0.000,0.000,0,0,0,0,0,0,30,2,0,15.000,0.413,0.000,28.156,0.000,12.095,2.257,5.262,0,0,0,0,0,0,0,0,0,0,0,0,0,0,0,0,0,0
1231,41.0,2310,289,12,61,2248,1,0,114,233.74,1.238,1.075,0.130,0.068,0.058,-0.744,1.612,0.2785,2.0130,0.763,0.000,0.023,0.124,-0.081,66,79,293,0,16,0,92434.23,864.261,36546.547,42.160,525.944,13.909,18064.173,6689.826,194.752,14081.687,11265.350,10832.308,419.604,1329.559,0.000312,-0.005084,88,0,284,9,288,279,15605,0,9,13.113,30,5,5,5,0,0,0,0,0,0,0,0,0,0,58496,1666,74,41709.920,31972.215,453.085,13.104,13.113,15244.220,5500.582,178.729,280,331,70,247,14,72058,9944,283,14,7156.322,4573.475,72.858,4.360,0.000,2595.108,962.999,30.253,28,48,9,37,2,14522,0,0,0,0.000,0.000,0.000,0.000,0.000,0.000,0.000,0.000,0,0,0,0,0,0,0,0,0,0.000,0.000,0.000,0.000,0.000,0.000,0.000,0.000,0,0,0,0,0,0,0,0,0,0.000,0.000,0.000,0.000,0.000,0.000,0.000,0.000,0,0,0,0,0,0,30,0,0,0.000,0.000,0.000,11.584,0.000,12.230,1.347,2.392,0,0,0,0,0,0,0,0,0,0,0,0,0,0,0,0,0,0
1261,42.0,2260,248,12,63,2196,1,0,124,211.48,1.244,1.074,0.135,0.070,0.060,-0.745,1.616,0.2728,1.9949,0.777,0.016,0.026,0.124,-0.081,68,67,264,0,3,0,89998.95,835.180,35143.670,43.654,451.517,14.902,17753.960,6533.766,174.894,12850.713,10280.571,9753.842,489.416,1181.771,0.000235,-0.004176,82,0,264,0,256,256,15408,0,0,0.000,30,8,8,8,0,0,0,0,0,0,0,0,0,0,57240,1595,68,40001.433,30664.408,371.311,12.616,0.000,15034.904,5394.273,179.901,252,289,55,231,3,56097,9534,276,14,6949.238,4475.569,80.205,4.141,0.000,2502.953,911.283,30.176,30,45,12,33,0,11936,0,0,0,0.000,0.000,0.000,0.000,0.000,0.000,0.000,0.000,0,0,0,0,0,0,0,0,0,0.000,0.000,0.000,0.000,0.000,0.000,0.000,0.000,0,0,0,0,0,0,0,0,0,0.000,0.000,0.000,0.000,0.000,0.000,0.000,0.000,0,0,0,0,0,0,30,0,0,0.000,0.000,0.000,26.896,0.000,12.365,1.513,3.827,0,0,0,0,0,0,0,0,0,0,0,0,0,0,0,0,0,0
1291,43.0,2179,284,12,62,2116,1,0,111,238.00,1.249,1.075,0.143,0.069,0.060,-0.746,1.623,0.2717,1.9999,0.787,0.000,0.027,0.123,-0.081,81,91,232,0,9,0,86415.10,869.846,31949.681,61.320,428.117,13.948,17381.575,6380.991,187.048,11397.552,9118.042,8569.401,630.096,1036.064,0.000275,-0.004984,89,0,229,3,217,214,14811,0,3,2.895,30,15,15,15,0,0,0,0,0,0,0,0,0,0,55882,1469,66,36751.126,28170.138,349.143,11.312,1.799,14798.630,5308.942,171.141,228,283,81,196,6,59905,8858,231,23,5882.971,3773.110,78.974,4.665,1.097,2362.610,846.835,29.532,21,46,10,33,3,14272,0,0,0,0.000,0.000,0.000,0.000,0.000,0.000,0.000,0.000,0,0,0,0,0,0,0,0,0,0.000,0.000,0.000,0.000,0.000,0.000,0.000,0.000,0,0,0,0,0,0,0,0,0,0.000,0.000,0.000,0.000,0.000,0.000,0.000,0.000,0,0,0,0,0,0,30,0,0,0.000,0.000,0.000,42.447,0.000,12.501,3.839,7.176,0,0,0,0,0,0,0,0,0,0,0,0,0,0,0,0,0,0
1321,44.0,2138,230,12,59,2078,1,0,112,269.27,1.255,1.076,0.148,0.068,0.060,-0.748,1.622,0.2680,1.9955,0.796,0.000,0.028,0.123,-0.080,77,95,208,0,13,0,85012.15,803.627,32770.699,40.456,430.340,13.133,17073.629,6232.297,173.690,12455.394,9964.316,7804.856,314.808,927.382,0.000125,-0.005665,74,0,205,3,202,199,14865,0,3,6.963,30,6,6,6,0,0,0,0,0,0,0,0,0,0,55163,1534,71,38364.319,29511.406,413.332,10.043,3.882,14728.714,5279.530,167.098,254,259,78,173,8,62859,7948,200,3,5008.535,3250.972,17.008,4.219,3.082,2132.714,744.185,22.147,21,54,17,32,5,18600,0,0,0,0.000,0.000,0.000,0.000,0.000,0.000,0.000,0.000,0,0,0,0,0,0,0,0,0,0.000,0.000,0.000,0.000,0.000,0.000,0.000,0.000,0,0,0,0,0,0,0,0,0,0.000,0.000,0.000,0.000,0.000,0.000,0.000,0.000,0,0,0,0,0,0,30,0,0,0.000,0.000,0.000,19.230,0.000,12.636,3.839,2.870,0,0,0,0,0,0,0,0,0,0,0,0,0,0,0,0,0,0
1351,45.0,2081,232,10,60,2020,1,0,114,237.37,1.255,1.073,0.155,0.068,0.061,-0.749,1.623,0.2692,1.9789,0.808,0.017,0.027,0.123,-0.080,60,75,182,0,10,0,81939.43,779.042,28856.225,59.210,311.736,14.054,16801.423,6143.359,179.691,9484.280,7587.424,6734.457,239.620,771.783,0.000142,-0.005726,67,0,182,0,167,167,14905,3,0,0.000,30,15,15,15,0,0,0,0,0,0,0,0,0,0,54449,1343,56,33475.416,25707.529,282.799,7.954,0.000,14610.557,5236.891,172.029,190,240,69,163,8,54562,7342,192,8,4842.325,3145.444,28.631,4.184,0.000,1980.200,687.997,22.944,19,27,6,19,2,7325,0,0,0,0.000,0.000,0.000,0.000,0.000,0.000,0.000,0.000,0,0,0,0,0,0,0,0,0,0.000,0.000,0.000,0.000,0.000,0.000,0.000,0.000,0,0,0,0,0,0,0,0,0,0.000,0.000,0.000,0.000,0.000,0.000,0.000,0.000,0,0,0,0,0,0,30,0,0,0.000,0.000,0.000,47.071,0.000,12.771,3.780,7.176,0,0,0,0,0,0,0,0,0,0,0,0,0,0,0,0,0,0
1381,46.0,2021,210,10,61,1959,1,0,111,265.61,1.259,1.074,0.159,0.068,0.062,-0.750,1.624,0.2583,1.9760,0.771,0.000,0.024,0.123,-0.078,60,81,168,0,9,0,78743.00,744.406,26758.872,25.031,249.620,13.218,16297.560,5909.723,173.484,9004.520,7203.616,5460.230,420.445,662.395,0.000211,-0.006695,47,0,167,1,163,162,15002,0,1,0.961,30,5,5,5,0,0,0,0,0,0,0,0,0,0,52585,1244,43,30918.490,23822.974,224.597,7.037,0.961,14155.029,5006.459,170.548,181,225,71,146,8,54769,7081,179,4,4495.034,2932.025,25.023,2.915,0.000,1924.607,696.211,20.418,15,32,10,21,1,10992,0,0,0,0.000,0.000,0.000,0.000,0.000,0.000,0.000,0.000,0,0,0,0,0,0,0,0,0,0.000,0.000,0.000,0.000,0.000,0.000,0.000,0.000,0,0,0,0,0,0,0,0,0,0.000,0.000,0.000,0.000,0.000,0.000,0.000,0.000,0,0,0,0,0,0,30,0,0,0.000,0.000,0.000,14.118,0.000,12.906,1.508,2.392,0,0,0,0,0,0,0,0,0,0,0,0,0,0,0,0,0,0
1411,47.0,1965,200,10,63,1901,1,0,101,251.65,1.261,1.074,0.161,0.068,0.063,-0.749,1.631,0.2600,1.9751,0.769,0.000,0.025,0.123,-0.077,65,101,134,0,8,0,74694.89,710.895,24873.676,22.060,411.806,13.352,15935.218,5762.386,160.839,8483.532,6786.826,5066.328,371.625,661.640,0.000181,-0.007258,68,0,132,2,130,128,14429,0,2,4.042,30,4,4,4,0,0,0,0,0,0,0,0,0,0,51215,1165,58,29186.384,22400.421,377.974,7.644,4.042,13847.614,4886.642,170.629,163,215,88,119,8,52170,6780,151,10,3810.007,2469.382,33.833,0.592,0.000,1864.604,670.993,18.521,20,26,13,13,0,9258,0,0,0,0.000,0.000,0.000,0.000,0.000,0.000,0.000,0.000,0,0,0,0,0,0,0,0,0,0.000,0.000,0.000,0.000,0.000,0.000,0.000,0.000,0,0,0,0,0,0,0,0,0,0.000,0.000,0.000,0.000,0.000,0.000,0.000,0.000,0,0,0,0,0,0,30,0,0,0.000,0.000,0.000,9.783,0.000,13.041,1.347,1.914,0,0,0,0,0,0,0,0,0,0,0,0,0,0,0,0,0,0
1441,48.0,1870,160,10,63,1806,1,0,81,266.43,1.264,1.076,0.164,0.068,0.065,-0.750,1.632,0.2555,1.9837,0.798,0.000,0.024,0.123,-0.076,57,84,133,0,16,0,70932.55,679.753,23573.664,19.664,291.525,14.174,15306.395,5534.707,134.398,6301.010,5040.808,4736.700,470.707,592.312,0.000131,-0.008405,51,0,132,1,128,127,13982,0,1,1.232,30,5,5,5,0,0,0,0,0,0,0,0,0,0,48992,1091,48,27359.572,20996.115,275.402,7.523,1.232,13300.434,4691.771,166.120,126,198,70,115,13,49318,6420,157,3,3934.258,2574.197,16.124,0.904,0.000,1778.755,640.469,20.272,11,34,14,17,3,11140,0,0,0,0.000,0.000,0.000,0.000,0.000,0.000,0.000,0.000,0,0,0,0,0,0,0,0,0,0.000,0.000,0.000,0.000,0.000,0.000,0.000,0.000,0,0,0,0,0,0,0,0,0,0.000,0.000,0.000,0.000,0.000,0.000,0.000,0.000,0,0,0,0,0,0,30,0,0,0.000,0.000,0.000,10.004,0.000,13.176,1.347,2.392,0,0,0,0,0,0,0,0,0,0,0,0,0,0,0,0,0,0
1471,49.0,1795,172,10,60,1734,1,0,83,282.08,1.269,1.079,0.161,0.069,0.064,-0.749,1.643,0.2630,1.9649,0.791,0.000,0.022,0.123,-0.077,59,105,102,0,7,0,66400.28,641.538,20882.777,30.401,337.393,12.358,14781.468,5329.823,132.637,6345.967,5076.773,3759.838,324.934,489.086,0.000155,-0.009265,58,0,98,4,96,92,13886,0,4,6.933,30,6,6,6,0,0,0,0,0,0,0,0,0,0,47065,961,54,24142.651,18496.159,320.245,4.489,6.933,12839.514,4521.084,158.285,124,193,97,90,6,51366,6127,145,4,3650.513,2383.229,17.148,0.588,0.000,1720.743,618.360,16.257,14,17,8,8,1,6259,0,0,0,0.000,0.000,0.000,0.000,0.000,0.000,0.000,0.000,0,0,0,0,0,0,0,0,0,0.000,0.000,0.000,0.000,0.000,0.000,0.000,0.000,0,0,0,0,0,0,0,0,0,0.000,0.000,0.000,0.000,0.000,0.000,0.000,0.000,0,0,0,0,0,0,30,0,0,0.000,0.000,0.000,18.391,0.000,13.311,1.347,2.870,0,0,0,0,0,0,0,0,0,0,0,0,0,0,0,0,0,0
1501,50.0,1699,158,10,58,1640,1,0,80,279.27,1.269,1.080,0.161,0.068,0.064,-0.750,1.653,0.2624,1.9587,0.806,0.017,0.021,0.122,-0.075,46,104,107,0,14,0,62030.33,572.633,19991.310,26.250,223.554,9.558,14068.750,5057.124,127.303,5964.694,4771.756,3858.958,184.018,471.049,0.000157,-0.010506,44,0,105,2,102,100,13426,0,2,3.630,30,5,5,5,0,0,0,0,0,0,0,0,0,0,44675,922,39,23166.035,17888.045,199.901,5.485,3.630,12213.178,4284.137,140.948,118,187,85,91,11,50520,5809,128,5,3221.629,2103.265,23.653,0.860,0.000,1642.266,600.894,15.752,11,36,19,14,3,11430,0,0,0,0.000,0.000,0.000,0.000,0.000,0.000,0.000,0.000,0,0,0,0,0,0,0,0,0,0.000,0.000,0.000,0.000,0.000,0.000,0.000,0.000,0,0,0,0,0,0,0,0,0,0.000,0.000,0.000,0.000,0.000,0.000,0.000,0.000,0,0,0,0,0,0,30,0,0,0.000,0.000,0.000,16.275,0.000,13.446,1.347,2.392,0,0,0,0,0,0,0,0,0,0,0,0,0,0,0,0,0,0
1531,51.0,1621,144,10,57,1563,1,0,76,288.55,1.268,1.081,0.162,0.068,0.065,-0.750,1.657,0.2706,1.9855,0.777,0.000,0.024,0.122,-0.074,56,120,70,0,7,0,58909.59,533.485,18684.281,17.283,300.718,11.023,13467.012,4898.613,121.599,5363.864,4291.091,2313.372,153.683,328.744,0.000139,-0.010296,54,0,67,3,66,64,12962,0,3,3.234,30,4,3,3,0,0,0,0,0,0,0,0,0,0,42999,884,51,22172.740,16915.917,289.488,3.022,3.198,11773.665,4191.605,137.659,109,173,106,60,7,48535,5205,107,3,2691.641,1768.365,11.230,1.059,0.000,1483.506,540.156,14.006,8,21,14,7,0,6449,0,0,0,0.000,0.000,0.000,0.000,0.000,0.000,0.000,0.000,0,0,0,0,0,0,0,0,0,0.000,0.000,0.000,0.000,0.000,0.000,0.000,0.000,0,0,0,0,0,0,0,0,0,0.000,0.000,0.000,0.000,0.000,0.000,0.000,0.000,0,0,0,0,0,0,30,0,0,0.000,0.000,0.000,9.968,0.035,13.581,1.347,1.914,0,0,0,0,0,0,0,0,0,0,0,0,0,0,0,0,0,0
1561,52.0,1533,128,10,55,1477,1,0,81,284.13,1.269,1.081,0.162,0.067,0.066,-0.750,1.666,0.2579,1.9616,0.786,0.000,0.022,0.122,-0.073,46,102,96,0,4,0,54552.97,487.726,17361.937,23.575,169.163,10.337,12767.007,4682.431,118.357,5236.854,4189.483,3093.024,154.329,367.335,0.000151,-0.010957,37,0,94,2,88,86,12392,0,2,4.429,30,8,8,8,0,0,0,0,0,0,0,0,0,0,40892,818,34,20496.614,15761.580,162.575,4.173,4.429,11202.856,4040.064,130.670,106,177,90,83,4,46708,4765,96,3,2409.994,1593.939,6.589,0.675,0.000,1357.836,483.878,11.395,8,23,12,11,0,10082,0,0,0,0.000,0.000,0.000,0.000,0.000,0.000,0.000,0.000,0,0,0,0,0,0,0,0,0,0.000,0.000,0.000,0.000,0.000,0.000,0.000,0.000,0,0,0,0,0,0,0,0,0,0.000,0.000,0.000,0.000,0.000,0.000,0.000,0.000,0,0,0,0,0,0,30,1,0,7.500,0.207,0.000,14.297,0.000,13.716,1.347,3.827,0,0,0,0,0,0,0,0,0,0,0,0,0,0,0,0,0,0
1591,53.0,1445,142,10,55,1389,1,0,72,303.22,1.272,1.080,0.162,0.067,0.067,-0.750,1.666,0.2664,1.9798,0.792,0.000,0.021,0.122,-0.072,51,102,61,0,6,0,49847.07,461.946,14412.623,5.596,191.434,10.372,12054.743,4396.218,122.914,3750.594,3000.475,1882.366,124.079,255.622,0.000097,-0.011079,36,0,61,0,59,59,11681,0,0,0.000,30,2,2,2,0,0,0,0,0,0,0,0,0,0,38659,668,34,16799.478,12827.991,186.933,2.967,0.000,10630.531,3821.285,116.885,74,148,91,52,5,43034,4260,96,2,2406.656,1584.632,4.501,0.500,0.000,1217.871,435.197,9.505,7,21,11,9,1,9181,0,0,0,0.000,0.000,0.000,0.000,0.000,0.000,0.000,0.000,0,0,0,0,0,0,0,0,0,0.000,0.000,0.000,0.000,0.000,0.000,0.000,0.000,0,0,0,0,0,0,0,0,0,0.000,0.000,0.000,0.000,0.000,0.000,0.000,0.000,0,0,0,0,0,0,30,0,0,0.000,0.000,0.000,2.129,0.000,13.851,1.347,0.957,0,0,0,0,0,0,0,0,0,0,0,0,0,0,0,0,0,0
1621,54.0,1333,129,10,57,1275,1,0,69,308.46,1.267,1.081,0.163,0.065,0.070,-0.750,1.666,0.2760,1.9631,0.753,0.000,0.016,0.122,-0.071,53,126,54,0,9,0,46112.25,454.152,14347.956,8.344,198.364,10.986,11346.464,4127.975,113.837,3438.215,2750.572,1835.408,175.329,258.628,0.000137,-0.011208,43,0,54,0,52,52,10958,0,0,0.000,30,2,2,2,0,0,0,0,0,0,0,0,0,0,36393,688,33,17283.778,13261.897,163.410,2.679,0.000,10035.399,3618.664,108.794,72,174,113,52,9,51435,3807,66,10,1701.819,1086.059,34.955,0.173,0.000,1100.996,377.983,8.958,3,15,13,2,0,6303,0,0,0,0.000,0.000,0.000,0.000,0.000,0.000,0.000,0.000,0,0,0,0,0,0,0,0,0,0.000,0.000,0.000,0.000,0.000,0.000,0.000,0.000,0,0,0,0,0,0,0,0,0,0.000,0.000,0.000,0.000,0.000,0.000,0.000,0.000,0,0,0,0,0,0,30,0,0,0.000,0.000,0.000,5.492,0.000,13.986,1.347,0.957,0,0,0,0,0,0,0,0,0,0,0,0,0,0,0,0,0,0
1651,55.0,1222,159,9,57,1164,1,0,61,328.94,1.267,1.080,0.160,0.065,0.073,-0.751,1.666,0.2713,1.9536,0.768,0.018,0.019,0.122,-0.071,72,121,43,0,12,0,42880.96,437.288,12793.409,9.061,105.716,10.031,10315.712,3698.466,107.789,2987.855,2390.284,1417.296,144.836,189.372,0.000123,-0.010865,23,0,43,0,41,41,9807,0,0,0.000,30,2,2,2,0,0,0,0,0,0,0,0,0,0,33000,607,16,15169.880,11747.423,74.569,2.169,0.000,9119.202,3250.871,97.112,63,155,104,40,11,51614,3372,63,7,1625.319,1042.846,31.147,0.492,0.000,980.860,326.998,8.341,2,21,17,3,1,7011,0,0,0,0.000,0.000,0.000,0.000,0.000,0.000,0.000,0.000,0,0,0,0,0,0,0,0,0,0.000,0.000,0.000,0.000,0.000,0.000,0.000,0.000,0,0,0,0,0,0,0,0,0,0.000,0.000,0.000,0.000,0.000,0.000,0.000,0.000,0,0,0,0,0,0,30,0,0,0.000,0.000,0.000,6.400,0.000,14.121,2.204,0.957,0,0,0,0,0,0,0,0,0,0,0,0,0,0,0,0,0,0
1681,56.0,1184,120,9,57,1126,1,0,62,344.18,1.268,1.081,0.160,0.066,0.074,-0.752,1.668,0.2672,1.9556,0.785,0.018,0.021,0.122,-0.070,56,80,19,0,2,0,41103.05,429.472,12361.084,6.273,131.973,10.018,9780.684,3500.283,101.193,2880.752,2304.601,477.124,53.181,86.126,0.000140,-0.010737,27,0,19,0,15,15,9661,0,0,0.000,30,4,4,4,0,0,0,0,0,0,0,0,0,0,31220,585,27,14707.556,11303.884,131.973,0.698,0.000,8664.379,3088.169,92.928,60,91,71,18,2,28574,3095,64,0,1600.000,1054.061,0.000,0.000,0.000,900.343,296.896,6.996,2,9,8,1,0,3429,0,0,0,0.000,0.000,0.000,0.000,0.000,0.000,0.000,0.000,0,0,0,0,0,0,0,0,0,0.000,0.000,0.000,0.000,0.000,0.000,0.000,0.000,0,0,0,0,0,0,0,0,0,0.000,0.000,0.000,0.000,0.000,0.000,0.000,0.000,0,0,0,0,0,0,30,0,0,0.000,0.000,0.000,5.575,0.000,14.256,1.668,1.914,0,0,0,0,0,0,0,0,0,0,0,0,0,0,0,0,0,0
1711,57.0,1099,93,9,53,1045,1,0,47,365.45,1.269,1.081,0.155,0.064,0.074,-0.752,1.684,0.2666,1.9437,0.778,0.019,0.021,0.122,-0.070,70,102,25,0,12,0,38052.25,400.065,10785.485,9.945,79.557,12.199,9329.368,3369.598,90.213,2452.274,1961.819,722.725,153.240,90.689,0.000108,-0.010604,17,0,21,4,25,21,9433,0,4,8.536,30,0,0,0,0,0,0,0,0,0,0,0,0,0,29724,514,17,12846.754,9932.723,79.557,1.337,8.536,8265.330,2974.034,90.966,51,126,96,21,9,43564,2923,52,0,1300.000,852.762,0.000,0.072,0.000,855.256,285.068,7.125,3,9,6,0,3,4669,0,0,0,0.000,0.000,0.000,0.000,0.000,0.000,0.000,0.000,0,0,0,0,0,0,0,0,0,0.000,0.000,0.000,0.000,0.000,0.000,0.000,0.000,0,0,0,0,0,0,0,0,0,0.000,0.000,0.000,0.000,0.000,0.000,0.000,0.000,0,0,0,0,0,0,30,0,0,0.000,0.000,0.000,0.000,0.000,14.391,1.347,0.000,0,0,0,0,0,0,0,0,0,0,0,0,0,0,0,0,0,0
1741,58.0,1025,99,9,53,971,1,0,43,375.75,1.265,1.080,0.154,0.065,0.077,-0.751,1.684,0.2669,1.9539,0.758,0.038,0.023,0.122,-0.070,70,84,24,0,6,0,35335.17,362.183,10074.326,8.060,133.897,14.690,8689.480,3072.229,68.651,1792.747,1434.198,772.872,78.239,121.634,0.000097,-0.010190,28,0,24,0,22,22,8945,0,0,0.000,30,2,2,2,0,0,0,0,0,0,0,0,0,0,27596,477,26,12073.998,9320.949,127.281,1.376,0.000,7675.552,2704.955,84.172,38,106,77,23,6,40468,2757,45,2,1134.638,750.297,6.616,0.250,0.000,808.958,264.716,5.523,2,8,7,1,0,3174,0,0,0,0.000,0.000,0.000,0.000,0.000,0.000,0.000,0.000,0,0,0,0,0,0,0,0,0,0.000,0.000,0.000,0.000,0.000,0.000,0.000,0.000,0,0,0,0,0,0,0,0,0,0.000,0.000,0.000,0.000,0.000,0.000,0.000,0.000,0,0,0,0,0,0,30,1,0,7.500,0.207,0.000,6.434,0.000,14.527,1.596,0.957,0,0,0,0,0,0,0,0,0,0,0,0,0,0,0,0,0,0
1771,59.0,936,139,9,53,882,1,0,42,361.26,1.258,1.079,0.157,0.064,0.080,-0.753,1.681,0.2579,1.9025,0.761,0.019,0.023,0.122,-0.069,56,92,34,0,4,0,32110.80,350.253,9045.963,11.973,128.213,12.204,8009.786,2817.707,64.769,1810.300,1448.240,1209.560,4.593,164.081,0.000125,-0.009317,25,0,33,1,32,31,8579,0,1,2.483,30,2,2,2,0,0,0,0,0,0,0,0,0,0,25469,434,21,10888.995,8362.968,112.251,1.874,2.483,7077.342,2477.586,76.524,38,116,81,32,3,39218,2465,41,4,1048.894,678.916,15.962,0.000,0.000,725.091,243.997,4.195,2,13,11,1,1,5058,0,0,0,0.000,0.000,0.000,0.000,0.000,0.000,0.000,0.000,0,0,0,0,0,0,0,0,0,0.000,0.000,0.000,0.000,0.000,0.000,0.000,0.000,0,0,0,0,0,0,0,0,0,0.000,0.000,0.000,0.000,0.000,0.000,0.000,0.000,0,0,0,0,0,0,30,1,0,7.500,0.207,0.000,7.616,0.000,14.662,3.839,0.957,0,0,0,0,0,0,0,0,0,0,0,0,0,0,0,0,0,0
1801,60.0,888,145,7,52,836,0,0,41,360.57,1.251,1.082,0.158,0.062,0.081,-0.758,1.677,0.2626,1.9792,0.764,0.000,0.017,0.121,-0.070,53,84,26,0,4,0,30850.22,350.539,9765.349,1.929,86.893,12.477,7323.885,2602.289,63.158,2983.083,2386.466,663.408,32.977,96.065,0.000126,-0.008224,22,0,25,1,26,25,8031,0,1,0.660,4,0,0,0,0,0,0,0,0,0,0,0,0,0,23482,483,19,12072.800,9363.594,80.126,1.155,0.000,6524.320,2319.756,74.481,64,97,69,24,4,32511,2077,25,3,635.055,401.755,6.767,0.114,0.660,607.315,194.644,2.110,2,15,14,1,0,6962,0,0,0,0.000,0.000,0.000,0.000,0.000,0.000,0.000,0.000,0,0,0,0,0,0,0,0,0,0.000,0.000,0.000,0.000,0.000,0.000,0.000,0.000,0,0,0,0,0,0,0,0,0,0.000,0.000,0.000,0.000,0.000,0.000,0.000,0.000,0,0,0,0,0,0,4,0,0,0.000,0.000,0.000,0.000,0.000,1.965,0.512,0.000,0,1,1,0,0,1775,0,0,0,0,0,0,0,0,0,0,0,0
1831,61.0,867,142,7,54,813,0,0,40,389.33,1.247,1.083,0.155,0.063,0.083,-0.760,1.671,0.2713,1.9515,0.777,0.000,0.018,0.121,-0.071,51,75,12,0,3,0,30457.46,376.192,10182.294,0.577,108.239,13.934,7095.834,2591.444,62.778,3121.825,2497.460,438.746,63.301,75.350,0.000117,-0.008891,16,0,12,0,12,12,8256,0,0,0.000,0,0,0,0,0,0,0,0,0,0,0,0,0,0,22919,493,16,12338.793,9549.831,108.239,0.484,0.000,6351.345,2323.611,74.332,64,83,68,12,3,32894,1881,38,0,950.000,631.554,0.000,0.093,0.000,552.388,179.373,2.950,2,6,6,0,0,2723,0,0,0,0.000,0.000,0.000,0.000,0.000,0.000,0.000,0.000,0,0,0,0,0,0,0,0,0,0.000,0.000,0.000,0.000,0.000,0.000,0.000,0.000,0,0,0,0,0,0,0,0,0,0.000,0.000,0.000,0.000,0.000,0.000,0.000,0.000,0,0,0,0,0,0,0,0,0,0.000,0.000,0.000,0.000,0.000,0.000,0.000,0.000,0,0,0,0,0,0,0,0,0,0,0,0,0,0,0,0,0,0
1861,62.0,834,158,7,51,783,0,0,35,420.58,1.246,1.086,0.153,0.062,0.082,-0.762,1.687,0.2526,1.9733,0.799,0.000,0.019,0.121,-0.071,67,56,23,0,4,0,29565.17,369.081,9367.025,5.065,125.232,9.737,6818.439,2531.871,57.849,2220.102,1776.082,647.452,27.204,106.629,0.000139,-0.008843,23,0,20,3,23,20,8038,1,3,4.149,0,0,0,0,0,0,0,0,0,0,0,0,0,0,22180,446,20,11245.114,8680.549,114.722,0.916,4.149,6132.552,2277.259,69.089,48,71,50,17,4,31287,1700,42,2,1064.071,686.476,9.746,0.000,0.000,497.760,171.752,3.147,2,9,6,3,0,3227,0,0,0,0.000,0.000,0.000,0.000,0.000,0.000,0.000,0.000,0,0,0,0,0,0,0,0,0,0.000,0.000,0.000,0.000,0.000,0.000,0.000,0.000,0,0,0,0,0,0,0,0,0,0.000,0.000,0.000,0.000,0.000,0.000,0.000,0.000,0,0,0,0,0,0,0,0,0,0.000,0.000,0.000,0.000,0.000,0.000,0.000,0.000,0,0,0,0,0,0,0,0,0,0,0,0,0,0,0,0,0,0
1891,63.0,826,156,7,52,774,0,0,32,415.59,1.242,1.086,0.151,0.063,0.084,-0.762,1.690,0.2799,1.9889,0.774,0.000,0.021,0.121,-0.071,55,57,16,0,4,0,29947.41,376.590,10426.644,1.646,78.130,10.708,6655.371,2451.350,52.753,3095.288,2476.230,482.424,93.911,67.771,0.000075,-0.009005,14,0,15,1,16,15,7770,0,1,0.889,0,0,0,0,0,0,0,0,0,0,0,0,0,0,21731,504,13,12635.739,9836.437,72.549,0.570,0.000,5990.963,2220.755,61.413,65,71,52,15,4,26709,1598,36,1,908.497,586.955,5.581,0.187,0.889,474.479,155.401,3.369,2,5,5,0,0,1730,0,0,0,0.000,0.000,0.000,0.000,0.000,0.000,0.000,0.000,0,0,0,0,0,0,0,0,0,0.000,0.000,0.000,0.000,0.000,0.000,0.000,0.000,0,0,0,0,0,0,0,0,0,0.000,0.000,0.000,0.000,0.000,0.000,0.000,0.000,0,0,0,0,0,0,0,0,0,0.000,0.000,0.000,0.000,0.000,0.000,0.000,0.000,0,0,0,0,0,0,0,0,0,0,0,0,0,0,0,0,0,0
1921,64.0,810,196,7,52,758,0,0,30,377.14,1.240,1.089,0.150,0.063,0.084,-0.763,1.690,0.2665,1.9918,0.776,0.000,0.021,0.121,-0.071,70,56,20,0,4,0,30546.38,373.985,10822.746,1.448,89.638,11.527,6564.207,2456.581,50.320,2897.307,2317.846,707.665,141.768,99.204,0.000081,-0.009158,19,0,20,0,20,20,7882,0,0,0.000,0,0,0,0,0,0,0,0,0,0,0,0,0,0,21488,517,19,13000.588,10122.343,89.638,1.028,0.000,5905.097,2224.582,74.274,60,72,51,17,4,24565,1553,43,0,1075.000,700.404,0.000,0.419,0.000,466.816,145.161,2.305,4,8,5,3,0,3310,0,0,0,0.000,0.000,0.000,0.000,0.000,0.000,0.000,0.000,0,0,0,0,0,0,0,0,0,0.000,0.000,0.000,0.000,0.000,0.000,0.000,0.000,0,0,0,0,0,0,0,0,0,0.000,0.000,0.000,0.000,0.000,0.000,0.000,0.000,0,0,0,0,0,0,0,0,0,0.000,0.000,0.000,0.000,0.000,0.000,0.000,0.000,0,0,0,0,0,0,0,0,0,0,0,0,0,0,0,0,0,0
1951,65.0,835,180,7,53,782,0,0,29,366.03,1.243,1.092,0.147,0.064,0.084,-0.764,1.689,0.2729,2.0047,0.816,0.000,0.019,0.121,-0.072,61,34,26,0,6,0,32319.64,412.454,12552.203,1.561,71.314,9.261,6585.700,2493.909,49.297,4109.106,3287.285,990.135,120.562,131.535,0.000111,-0.009477,20,0,26,0,26,26,8001,0,0,0.000,0,0,0,0,0,0,0,0,0,0,0,0,0,0,21633,612,20,15305.277,11959.005,71.314,1.293,0.000,5955.260,2263.397,85.054,88,61,31,24,6,22031,1433,36,0,900.000,586.494,0.000,0.268,0.000,434.418,133.015,2.253,2,5,3,2,0,1820,0,0,0,0.000,0.000,0.000,0.000,0.000,0.000,0.000,0.000,0,0,0,0,0,0,0,0,0,0.000,0.000,0.000,0.000,0.000,0.000,0.000,0.000,0,0,0,0,0,0,0,0,0,0.000,0.000,0.000,0.000,0.000,0.000,0.000,0.000,0,0,0,0,0,0,0,0,0,0.000,0.000,0.000,0.000,0.000,0.000,0.000,0.000,0,0,0,0,0,0,0,0,0,0,0,0,0,0,0,0,0,0
1981,66.0,867,193,7,50,817,0,0,25,365.05,1.248,1.100,0.149,0.066,0.081,-0.766,1.689,0.2779,1.9942,0.777,0.020,0.022,0.122,-0.073,71,34,25,0,4,0,33790.42,421.543,12500.932,12.751,102.895,9.290,6802.167,2582.613,42.848,4299.500,3439.600,942.226,122.519,112.173,0.000111,-0.009050,21,0,22,3,25,22,8216,0,3,11.207,0,0,0,0,0,0,0,0,0,0,0,0,0,0,22326,611,21,15365.878,12003.106,102.895,1.005,11.207,6181.072,2357.760,88.931,93,56,31,21,4,19905,1402,31,0,757.500,497.826,0.000,0.538,0.000,426.323,122.999,2.361,1,3,2,1,0,2445,0,0,0,0.000,0.000,0.000,0.000,0.000,0.000,0.000,0.000,0,0,0,0,0,0,0,0,0,0.000,0.000,0.000,0.000,0.000,0.000,0.000,0.000,0,0,0,0,0,0,0,0,0,0.000,0.000,0.000,0.000,0.000,0.000,0.000,0.000,0,0,0,0,0,0,0,0,0,0.000,0.000,0.000,0.000,0.000,0.000,0.000,0.000,0,0,0,0,0,0,0,0,0,0,0,0,0,0,0,0,0,0
2011,67.0,892,206,7,50,842,0,0,22,364.89,1.252,1.105,0.150,0.066,0.080,-0.769,1.691,0.2702,2.0341,0.757,0.020,0.024,0.122,-0.074,63,43,29,0,5,0,35660.82,409.622,13790.332,5.753,122.503,11.690,7203.794,2797.191,39.121,4637.329,3709.863,1073.916,156.782,137.041,0.000116,-0.009176,31,0,28,1,29,28,8866,0,1,3.641,0,0,0,0,0,0,0,0,0,0,0,0,0,0,23722,671,30,16782.966,13138.274,119.158,1.616,3.641,6590.373,2564.210,95.357,96,69,38,26,5,22667,1388,39,1,980.041,648.806,3.344,0.496,0.000,424.499,124.484,2.849,5,7,5,2,0,3111,0,0,0,0.000,0.000,0.000,0.000,0.000,0.000,0.000,0.000,0,0,0,0,0,0,0,0,0,0.000,0.000,0.000,0.000,0.000,0.000,0.000,0.000,0,0,0,0,0,0,0,0,0,0.000,0.000,0.000,0.000,0.000,0.000,0.000,0.000,0,0,0,0,0,0,0,0,0,0.000,0.000,0.000,0.000,0.000,0.000,0.000,0.000,0,0,0,0,0,0,0,0,0,0,0,0,0,0,0,0,0,0
2041,68.0,947,214,7,49,898,0,0,22,352.63,1.254,1.110,0.151,0.066,0.077,-0.771,1.703,0.2673,2.0103,0.757,0.000,0.022,0.121,-0.075,70,34,32,0,2,0,38051.88,428.978,15024.993,6.368,187.974,9.744,7483.735,2925.732,35.139,5567.204,4453.763,1150.058,166.947,194.226,0.000108,-0.009275,44,0,30,2,32,30,9407,18,2,4.030,0,0,0,0,0,0,0,0,0,0,0,0,0,0,24806,732,26,18364.641,14311.686,171.179,1.584,4.030,6895.668,2688.708,103.066,121,64,32,30,2,20459,1285,44,0,1082.500,713.307,0.000,0.753,0.000,396.755,118.776,4.787,1,2,2,0,0,897,0,0,0,0.000,0.000,0.000,0.000,0.000,0.000,0.000,0.000,0,0,0,0,0,0,0,0,0,0.000,0.000,0.000,0.000,0.000,0.000,0.000,0.000,0,0,0,0,0,0,0,0,0,0.000,0.000,0.000,0.000,0.000,0.000,0.000,0.000,0,0,0,0,0,0,0,0,0,0.000,0.000,0.000,0.000,0.000,0.000,0.000,0.000,0,0,0,0,0,0,0,0,0,0,0,0,0,0,0,0,0,0
2071,69.0,994,232,7,44,950,0,0,19,319.42,1.259,1.117,0.154,0.064,0.072,-0.772,1.703,0.2663,2.0598,0.749,0.045,0.022,0.122,-0.075,70,28,43,0,5,0,40685.91,433.439,16466.757,17.034,137.151,9.960,7928.133,3148.501,33.214,5615.679,4492.543,1556.843,297.334,196.041,0.000119,-0.009135,25,0,38,5,43,38,9918,0,5,15.062,0,0,0,0,0,0,0,0,0,0,0,0,0,0,26402,797,24,19911.728,15616.688,126.827,1.872,15.062,7330.731,2900.332,113.903,119,69,28,36,5,19186,1319,53,1,1305.483,849.212,10.323,0.100,0.000,412.498,122.157,2.285,4,2,0,2,0,309,0,0,0,0.000,0.000,0.000,0.000,0.000,0.000,0.000,0.000,0,0,0,0,0,0,0,0,0,0.000,0.000,0.000,0.000,0.000,0.000,0.000,0.000,0,0,0,0,0,0,0,0,0,0.000,0.000,0.000,0.000,0.000,0.000,0.000,0.000,0,0,0,0,0,0,0,0,0,0.000,0.000,0.000,0.000,0.000,0.000,0.000,0.000,0,0,0,0,0,0,0,0,0,0,0,0,0,0,0,0,0,0
2101,70.0,1076,231,7,45,1031,0,0,16,282.93,1.263,1.118,0.152,0.064,0.071,-0.773,1.705,0.2638,2.0613,0.759,0.022,0.021,0.122,-0.075,70,48,39,0,1,0,44115.29,434.069,18290.620,2.610,66.443,11.489,8412.623,3362.180,27.559,7731.796,6185.437,1535.754,221.742,191.704,0.000098,-0.009262,9,0,39,0,39,39,10629,0,0,0.000,0,0,0,0,0,0,0,0,0,0,0,0,0,0,28029,894,8,22281.932,17575.362,55.792,1.747,0.000,7778.065,3088.715,120.331,163,83,44,38,1,22964,1458,43,1,1091.196,708.867,10.651,0.864,0.000,456.799,138.461,5.824,6,5,4,1,0,826,0,0,0,0.000,0.000,0.000,0.000,0.000,0.000,0.000,0.000,0,0,0,0,0,0,0,0,0,0.000,0.000,0.000,0.000,0.000,0.000,0.000,0.000,0,0,0,0,0,0,0,0,0,0.000,0.000,0.000,0.000,0.000,0.000,0.000,0.000,0,0,0,0,0,0,0,0,0,0.000,0.000,0.000,0.000,0.000,0.000,0.000,0.000,0,0,0,0,0,0,0,0,0,0,0,0,0,0,0,0,0,0
2131,71.0,1184,205,7,47,1137,0,0,14,257.36,1.270,1.123,0.155,0.064,0.069,-0.774,1.697,0.2560,2.0713,0.738,0.021,0.024,0.121,-0.076,60,29,46,0,2,0,48755.52,448.633,20790.964,2.647,97.800,12.752,9261.319,3712.855,24.101,8418.028,6734.423,1523.422,196.311,200.400,0.000120,-0.009086,23,0,46,0,46,46,11850,6,0,0.000,0,0,0,0,0,0,0,0,0,0,0,0,0,0,30955,1002,17,25046.247,19806.250,92.981,2.001,0.000,8600.319,3409.972,134.656,178,75,29,44,2,17847,1532,59,0,1475.000,978.435,0.000,0.645,0.000,479.822,153.860,5.576,5,2,0,2,0,652,0,0,0,0.000,0.000,0.000,0.000,0.000,0.000,0.000,0.000,0,0,0,0,0,0,0,0,0,0.000,0.000,0.000,0.000,0.000,0.000,0.000,0.000,0,0,0,0,0,0,0,0,0,0.000,0.000,0.000,0.000,0.000,0.000,0.000,0.000,0,0,0,0,0,0,0,0,0,0.000,0.000,0.000,0.000,0.000,0.000,0.000,0.000,0,0,0,0,0,0,0,0,0,0,0,0,0,0,0,0,0,0
2161,72.0,1292,238,7,47,1245,0,0,13,227.90,1.273,1.129,0.159,0.064,0.067,-0.776,1.697,0.2724,2.0812,0.749,0.021,0.025,0.121,-0.077,82,34,50,0,2,0,52991.59,480.648,22184.680,4.602,168.746,10.352,10191.371,4118.183,24.128,8864.230,7091.384,1917.116,161.940,248.271,0.000159,-0.010072,27,0,49,1,50,49,13066,0,1,1.595,0,0,0,0,0,0,0,0,0,0,0,0,0,0,34004,1092,27,27156.821,21348.149,168.746,1.936,1.595,9508.136,3780.543,169.062,189,82,33,47,2,17308,1579,51,0,1275.000,836.531,0.000,1.071,0.000,497.095,151.915,7.368,4,3,1,2,0,292,0,0,0,0.000,0.000,0.000,0.000,0.000,0.000,0.000,0.000,0,0,0,0,0,0,0,0,0,0.000,0.000,0.000,0.000,0.000,0.000,0.000,0.000,0,0,0,0,0,0,0,0,0,0.000,0.000,0.000,0.000,0.000,0.000,0.000,0.000,0,0,0,0,0,0,0,0,0,0.000,0.000,0.000,0.000,0.000,0.000,0.000,0.000,0,0,0,0,0,0,0,0,0,0,0,0,0,0,0,0,0,0
2191,73.0,1390,208,7,49,1341,0,0,12,207.32,1.275,1.131,0.162,0.065,0.066,-0.777,1.672,0.2804,2.0999,0.775,0.000,0.025,0.121,-0.078,90,55,59,0,1,0,57286.59,543.983,24446.949,4.107,173.098,13.029,11088.592,4524.052,19.702,9723.596,7778.877,2345.475,466.788,310.712,0.000150,-0.009413,29,0,59,0,59,59,14112,0,0,0.000,0,0,0,0,0,0,0,0,0,0,0,0,0,0,36995,1195,28,29843.984,23535.815,166.274,2.872,0.000,10376.427,4145.861,193.871,203,111,53,57,1,21810,1654,55,1,1385.837,910.225,6.824,1.235,0.000,520.551,170.179,4.157,8,4,2,2,0,1124,0,0,0,0.000,0.000,0.000,0.000,0.000,0.000,0.000,0.000,0,0,0,0,0,0,0,0,0,0.000,0.000,0.000,0.000,0.000,0.000,0.000,0.000,0,0,0,0,0,0,0,0,0,0.000,0.000,0.000,0.000,0.000,0.000,0.000,0.000,0,0,0,0,0,0,0,0,0,0.000,0.000,0.000,0.000,0.000,0.000,0.000,0.000,0,0,0,0,0,0,0,0,0,0,0,0,0,0,0,0,0,0
2221,74.0,1488,217,7,52,1436,0,0,15,204.60,1.277,1.135,0.159,0.064,0.067,-0.777,1.676,0.2777,2.1107,0.767,0.019,0.021,0.121,-0.077,80,52,75,0,0,0,61722.52,609.851,26301.830,4.412,188.588,14.188,11879.090,4873.860,23.551,10186.613,8149.291,2905.863,385.299,375.178,0.000184,-0.009192,31,0,75,0,75,75,14606,0,0,0.000,0,0,0,0,0,0,0,0,0,0,0,0,0,0,39665,1287,30,32095.997,25253.871,184.285,3.901,0.000,11133.459,4467.229,199.573,213,123,50,73,0,25918,1743,63,1,1581.486,1044.607,4.302,0.511,0.000,544.333,190.429,5.924,9,4,2,2,0,737,0,0,0,0.000,0.000,0.000,0.000,0.000,0.000,0.000,0.000,0,0,0,0,0,0,0,0,0,0.000,0.000,0.000,0.000,0.000,0.000,0.000,0.000,0,0,0,0,0,0,0,0,0,0.000,0.000,0.000,0.000,0.000,0.000,0.000,0.000,0,0,0,0,0,0,0,0,0,0.000,0.000,0.000,0.000,0.000,0.000,0.000,0.000,0,0,0,0,0,0,0,0,0,0,0,0,0,0,0,0,0,0
2251,75.0,1621,198,7,57,1564,0,0,16,201.59,1.278,1.136,0.160,0.064,0.067,-0.777,1.676,0.2814,2.0990,0.685,0.035,0.022,0.121,-0.077,87,43,73,0,0,0,67313.99,663.381,29016.687,4.546,302.598,14.833,12849.684,5264.376,30.214,11358.743,9086.994,2917.693,363.020,396.412,0.000139,-0.010000,42,0,73,0,73,73,15654,0,0,0.000,0,0,0,0,0,0,0,0,0,0,0,0,0,0,42631,1390,39,34867.365,27382.068,281.361,4.201,0.000,11962.506,4791.554,211.914,233,113,42,71,0,24064,2210,99,3,2506.794,1633.710,21.238,0.345,0.000,672.661,243.795,5.571,11,3,1,2,0,174,0,0,0,0.000,0.000,0.000,0.000,0.000,0.000,0.000,0.000,0,0,0,0,0,0,0,0,0,0.000,0.000,0.000,0.000,0.000,0.000,0.000,0.000,0,0,0,0,0,0,0,0,0,0.000,0.000,0.000,0.000,0.000,0.000,0.000,0.000,0,0,0,0,0,0,0,0,0,0.000,0.000,0.000,0.000,0.000,0.000,0.000,0.000,0,0,0,0,0,0,0,0,0,0,0,0,0,0,0,0,0,0
2281,76.0,1770,183,7,59,1711,0,0,20,221.59,1.281,1.138,0.162,0.066,0.066,-0.776,1.675,0.2687,2.1220,0.672,0.000,0.021,0.121,-0.077,88,49,56,0,1,0,73402.95,719.432,30451.061,5.146,411.323,14.933,14038.456,5800.705,28.317,11663.504,9330.803,1980.280,577.829,328.385,0.000163,-0.009615,68,0,55,1,56,55,16724,0,1,1.854,0,0,0,0,0,0,0,0,0,0,0,0,0,0,46687,1477,65,37066.454,29091.359,390.221,2.749,1.854,13092.398,5294.493,246.720,243,101,46,54,1,22958,2363,82,3,2081.148,1346.260,21.102,0.542,0.000,716.103,241.112,6.065,9,4,3,1,0,1612,0,0,0,0.000,0.000,0.000,0.000,0.000,0.000,0.000,0.000,0,0,0,0,0,0,0,0,0,0.000,0.000,0.000,0.000,0.000,0.000,0.000,0.000,0,0,0,0,0,0,0,0,0,0.000,0.000,0.000,0.000,0.000,0.000,0.000,0.000,0,0,0,0,0,0,0,0,0,0.000,0.000,0.000,0.000,0.000,0.000,0.000,0.000,0,0,0,0,0,0,0,0,0,0,0,0,0,0,0,0,0,0
2311,77.0,1870,210,7,59,1811,0,0,23,239.73,1.283,1.140,0.165,0.067,0.065,-0.778,1.682,0.2588,2.1087,0.674,0.017,0.019,0.121,-0.078,78,61,96,0,1,0,77307.48,737.406,31680.050,9.636,271.204,15.042,15142.147,6232.388,35.295,11775.693,9420.554,3686.254,590.272,481.065,0.000234,-0.011934,48,0,94,2,96,94,17729,1,2,3.808,0,0,0,0,0,0,0,0,0,0,0,0,0,0,50466,1565,43,39017.212,30782.883,246.371,5.470,3.808,14174.982,5710.271,248.384,251,149,58,90,1,33208,2443,54,4,1379.981,897.167,20.266,0.358,0.000,734.629,256.257,5.327,5,7,3,4,0,2450,0,0,0,0.000,0.000,0.000,0.000,0.000,0.000,0.000,0.000,0,0,0,0,0,0,0,0,0,0.000,0.000,0.000,0.000,0.000,0.000,0.000,0.000,0,0,0,0,0,0,0,0,0,0.000,0.000,0.000,0.000,0.000,0.000,0.000,0.000,0,0,0,0,0,0,0,0,0,0.000,0.000,0.000,0.000,0.000,0.000,0.000,0.000,0,0,0,0,0,0,0,0,0,0,0,0,0,0,0,0,0,0
2341,78.0,2045,164,7,61,1984,0,0,26,222.83,1.286,1.145,0.168,0.068,0.064,-0.779,1.678,0.2699,2.1093,0.673,0.016,0.020,0.121,-0.078,102,58,89,0,2,0,83623.56,762.303,35792.859,5.071,373.720,14.118,16352.676,6793.131,43.524,14878.516,11902.813,3241.424,384.364,453.336,0.000163,-0.011614,61,0,89,0,89,89,18738,0,0,0.000,0,0,0,0,0,0,0,0,0,0,0,0,0,0,54597,1743,56,43699.577,34490.842,354.894,4.134,0.000,15342.107,6217.601,277.032,315,145,56,87,2,31588,2593,77,5,1953.567,1292.067,18.826,0.937,0.000,772.982,279.476,7.012,7,4,2,2,0,2202,0,0,0,0.000,0.000,0.000,0.000,0.000,0.000,0.000,0.000,0,0,0,0,0,0,0,0,0,0.000,0.000,0.000,0.000,0.000,0.000,0.000,0.000,0,0,0,0,0,0,0,0,0,0.000,0.000,0.000,0.000,0.000,0.000,0.000,0.000,0,0,0,0,0,0,0,0,0,0.000,0.000,0.000,0.000,0.000,0.000,0.000,0.000,0,0,0,0,0,0,0,0,0,0,0,0,0,0,0,0,0,0
2371,79.0,2177,138,7,61,2116,0,0,32,264.61,1.292,1.150,0.168,0.069,0.063,-0.782,1.674,0.2712,2.1429,0.684,0.033,0.019,0.120,-0.079,78,72,124,0,4,0,88915.61,790.546,38055.519,13.267,421.610,18.948,17542.001,7484.256,48.159,15296.572,12237.258,4417.296,427.977,588.276,0.000183,-0.010510,77,0,120,4,124,120,20220,0,4,7.183,0,0,0,0,0,0,0,0,0,0,0,0,0,0,58752,1843,74,46284.720,36525.750,407.670,5.565,7.183,16552.603,6867.070,310.606,321,184,68,112,4,46163,2538,92,3,2321.094,1522.368,13.940,0.518,0.000,753.498,288.386,6.085,7,12,4,8,0,2440,0,0,0,0.000,0.000,0.000,0.000,0.000,0.000,0.000,0.000,0,0,0,0,0,0,0,0,0,0.000,0.000,0.000,0.000,0.000,0.000,0.000,0.000,0,0,0,0,0,0,0,0,0,0.000,0.000,0.000,0.000,0.000,0.000,0.000,0.000,0,0,0,0,0,0,0,0,0,0.000,0.000,0.000,0.000,0.000,0.000,0.000,0.000,0,0,0,0,0,0,0,0,0,0,0,0,0,0,0,0,0,0
2401,80.0,2239,178,7,59,2180,0,0,40,194.54,1.298,1.153,0.168,0.067,0.062,-0.784,1.674,0.2741,2.1082,0.694,0.017,0.022,0.120,-0.079,91,64,161,0,1,0,92088.80,838.662,38522.000,13.454,406.549,18.013,18428.829,7894.371,57.800,13348.582,10678.866,5984.045,405.656,760.509,0.000148,-0.011641,68,0,159,2,161,159,21272,0,2,3.098,0,0,0,0,0,0,0,0,0,0,0,0,0,0,61750,1874,66,46876.986,37111.327,398.869,8.862,3.098,17455.381,7268.100,334.079,281,216,62,153,1,39274,2462,85,2,2136.126,1407.321,7.679,1.494,0.000,735.156,270.013,9.739,7,8,2,6,0,3058,0,0,0,0.000,0.000,0.000,0.000,0.000,0.000,0.000,0.000,0,0,0,0,0,0,0,0,0,0.000,0.000,0.000,0.000,0.000,0.000,0.000,0.000,0,0,0,0,0,0,0,0,0,0.000,0.000,0.000,0.000,0.000,0.000,0.000,0.000,0,0,0,0,0,0,0,0,0,0.000,0.000,0.000,0.000,0.000,0.000,0.000,0.000,0,0,0,0,0,0,0,0,0,0,0,0,0,0,0,0,0,0
2431,81.0,2354,166,7,61,2293,0,0,49,194.61,1.300,1.154,0.166,0.066,0.062,-0.785,1.675,0.2760,2.1281,0.652,0.016,0.019,0.119,-0.081,81,88,137,0,1,0,97299.20,858.406,40560.060,10.445,497.711,14.834,19240.965,8176.800,77.690,15795.660,12636.528,4567.413,362.645,633.873,0.000155,-0.012361,91,0,136,1,137,136,21729,0,1,2.619,0,0,0,0,0,0,0,0,0,0,0,0,0,0,64405,1961,87,49336.782,39080.175,484.240,6.810,2.619,18250.526,7522.595,340.493,325,217,85,131,1,40421,2558,90,4,2270.049,1476.533,13.472,1.015,0.000,756.648,290.745,10.667,13,8,3,5,0,4423,0,0,0,0.000,0.000,0.000,0.000,0.000,0.000,0.000,0.000,0,0,0,0,0,0,0,0,0,0.000,0.000,0.000,0.000,0.000,0.000,0.000,0.000,0,0,0,0,0,0,0,0,0,0.000,0.000,0.000,0.000,0.000,0.000,0.000,0.000,0,0,0,0,0,0,0,0,0,0.000,0.000,0.000,0.000,0.000,0.000,0.000,0.000,0,0,0,0,0,0,0,0,0,0,0,0,0,0,0,0,0,0
2461,82.0,2585,133,7,59,2526,0,0,70,221.62,1.306,1.160,0.166,0.065,0.060,-0.786,1.695,0.2916,2.1220,0.659,0.017,0.017,0.120,-0.081,98,73,67,0,1,0,105736.40,876.148,43551.645,6.695,400.699,16.352,20739.819,8720.751,99.475,17262.816,13810.253,2351.996,274.852,357.828,0.000234,-0.012776,67,0,64,3,67,64,22470,0,3,3.121,0,0,0,0,0,0,0,0,0,0,0,0,0,0,69305,2115,65,53149.299,42324.942,389.623,3.150,3.121,19690.142,8039.204,350.142,364,134,71,62,1,28391,2750,74,2,1866.699,1223.830,11.076,0.424,0.000,812.544,309.753,9.101,7,4,2,2,0,1071,0,0,0,0.000,0.000,0.000,0.000,0.000,0.000,0.000,0.000,0,0,0,0,0,0,0,0,0,0.000,0.000,0.000,0.000,0.000,0.000,0.000,0.000,0,0,0,0,0,0,0,0,0,0.000,0.000,0.000,0.000,0.000,0.000,0.000,0.000,0,0,0,0,0,0,0,0,0,0.000,0.000,0.000,0.000,0.000,0.000,0.000,0.000,0,0,0,0,0,0,0,0,0,0,0,0,0,0,0,0,0,0
2491,83.0,2699,146,7,58,2641,0,0,87,215.09,1.311,1.162,0.165,0.066,0.059,-0.787,1.687,0.2914,2.1016,0.689,0.000,0.014,0.119,-0.082,75,91,110,0,4,0,109560.29,909.698,43055.610,13.131,552.679,14.859,22455.649,9315.194,126.648,14763.019,11810.415,4093.670,624.187,586.593,0.000173,-0.012210,96,0,106,4,110,106,23670,0,4,6.918,0,0,0,0,0,0,0,0,0,0,0,0,0,0,75037,2088,88,52548.877,41687.556,507.294,4.803,3.770,21401.002,8587.314,382.984,310,193,87,102,4,41171,2789,82,8,2119.075,1368.054,45.385,1.410,3.147,822.854,318.452,14.325,6,8,4,4,0,2606,0,0,0,0.000,0.000,0.000,0.000,0.000,0.000,0.000,0.000,0,0,0,0,0,0,0,0,0,0.000,0.000,0.000,0.000,0.000,0.000,0.000,0.000,0,0,0,0,0,0,0,0,0,0.000,0.000,0.000,0.000,0.000,0.000,0.000,0.000,0,0,0,0,0,0,0,0,0,0.000,0.000,0.000,0.000,0.000,0.000,0.000,0.000,0,0,0,0,0,0,0,0,0,0,0,0,0,0,0,0,0,0
2521,84.0,2830,132,7,61,2769,0,0,88,212.88,1.315,1.163,0.166,0.066,0.059,-0.787,1.671,0.2973,2.1327,0.663,0.000,0.014,0.119,-0.081,82,109,138,0,10,0,113771.20,958.260,46627.667,10.142,547.124,15.943,23519.480,9698.261,141.386,18017.026,14413.621,5321.820,391.252,709.562,0.000244,-0.011284,100,0,137,1,138,137,23878,0,1,2.595,0,0,0,0,0,0,0,0,0,0,0,0,0,0,78593,2261,93,56952.055,45285.326,504.669,7.547,2.595,22500.475,8985.130,385.368,374,249,105,134,10,49861,2684,80,7,2066.779,1338.344,42.455,0.000,0.000,785.565,306.900,8.415,10,7,4,3,0,1928,0,0,0,0.000,0.000,0.000,0.000,0.000,0.000,0.000,0.000,0,0,0,0,0,0,0,0,0,0.000,0.000,0.000,0.000,0.000,0.000,0.000,0.000,0,0,0,0,0,0,0,0,0,0.000,0.000,0.000,0.000,0.000,0.000,0.000,0.000,0,0,0,0,0,0,0,0,0,0.000,0.000,0.000,0.000,0.000,0.000,0.000,0.000,0,0,0,0,0,0,0,0,0,0,0,0,0,0,0,0,0,0
2551,85.0,2919,122,7,58,2861,0,0,119,218.40,1.320,1.163,0.167,0.066,0.058,-0.789,1.668,0.2921,2.1238,0.706,0.000,0.012,0.119,-0.081,89,125,160,0,5,0,116775.30,1026.498,47259.026,11.799,567.453,17.115,24455.472,10069.763,174.987,17662.221,14129.777,5954.679,312.538,793.331,0.000196,-0.011691,110,0,157,3,160,157,23803,0,3,3.773,0,0,0,0,0,0,0,0,0,0,0,0,0,0,81766,2301,106,58018.244,46233.460,550.818,8.026,3.773,23457.808,9362.782,399.439,373,276,123,148,5,54419,2571,62,4,1575.210,1024.709,16.635,0.000,0.000,758.573,287.695,6.993,6,11,2,9,0,3612,0,0,0,0.000,0.000,0.000,0.000,0.000,0.000,0.000,0.000,0,0,0,0,0,0,0,0,0,0.000,0.000,0.000,0.000,0.000,0.000,0.000,0.000,0,0,0,0,0,0,0,0,0,0.000,0.000,0.000,0.000,0.000,0.000,0.000,0.000,0,0,0,0,0,0,0,0,0,0.000,0.000,0.000,0.000,0.000,0.000,0.000,0.000,0,0,0,0,0,0,0,0,0,0,0,0,0,0,0,0,0,0
2581,86.0,3026,105,7,61,2965,0,0,153,217.23,1.322,1.165,0.173,0.067,0.058,-0.790,1.664,0.3045,2.1161,0.684,0.000,0.013,0.118,-0.081,74,109,142,0,15,0,119992.27,1018.853,48010.257,12.018,548.143,14.391,25334.191,10465.840,207.489,17297.617,13838.094,5272.855,348.823,735.448,0.000236,-0.011457,115,0,139,3,142,139,24339,12,3,3.905,0,0,0,0,0,0,0,0,0,0,0,0,0,0,84579,2330,99,58743.430,46745.328,519.542,8.113,3.905,24363.922,9775.952,399.692,358,252,105,135,12,52174,2472,76,4,1927.767,1258.538,18.424,0.000,0.000,729.619,270.203,7.316,9,11,4,4,3,5231,0,0,0,0.000,0.000,0.000,0.000,0.000,0.000,0.000,0.000,0,0,0,0,0,0,0,0,0,0.000,0.000,0.000,0.000,0.000,0.000,0.000,0.000,0,0,0,0,0,0,0,0,0,0.000,0.000,0.000,0.000,0.000,0.000,0.000,0.000,0,0,0,0,0,0,0,0,0,0.000,0.000,0.000,0.000,0.000,0.000,0.000,0.000,0,0,0,0,0,0,0,0,0,0,0,0,0,0,0,0,0,0
2611,87.0,3121,113,7,62,3059,0,0,180,215.90,1.325,1.165,0.176,0.067,0.058,-0.791,1.658,0.3072,2.1108,0.717,0.000,0.014,0.118,-0.081,68,136,129,0,18,0,122186.51,1024.449,48235.427,7.627,573.965,15.740,26444.024,10961.985,271.945,17659.766,14127.813,4793.349,410.178,659.824,0.000158,-0.011086,117,0,129,0,129,129,24690,0,0,0.000,0,0,0,0,0,0,0,0,0,0,0,0,0,0,88232,2355,114,59279.221,47252.702,559.328,7.627,0.000,25500.263,10264.569,414.645,373,280,135,128,17,61691,2384,59,3,1496.444,979.586,14.637,0.000,0.000,699.760,262.952,6.588,4,3,1,1,1,516,0,0,0,0.000,0.000,0.000,0.000,0.000,0.000,0.000,0.000,0,0,0,0,0,0,0,0,0,0.000,0.000,0.000,0.000,0.000,0.000,0.000,0.000,0,0,0,0,0,0,0,0,0,0.000,0.000,0.000,0.000,0.000,0.000,0.000,0.000,0,0,0,0,0,0,0,0,0,0.000,0.000,0.000,0.000,0.000,0.000,0.000,0.000,0,0,0,0,0,0,0,0,0,0,0,0,0,0,0,0,0,0
2641,88.0,3211,105,7,59,3152,0,0,225,212.79,1.331,1.167,0.177,0.067,0.057,-0.792,1.646,0.3207,2.1092,0.707,0.000,0.013,0.118,-0.082,62,157,101,0,31,0,126668.63,1004.700,50638.932,14.152,506.992,15.496,27352.242,11347.873,338.039,17796.584,14237.268,3823.533,247.670,506.982,0.000233,-0.011001,96,0,96,5,101,96,24500,0,5,8.904,0,0,0,0,0,0,0,0,0,0,0,0,0,0,91143,2470,92,62087.997,49585.681,488.735,5.247,8.904,26435.693,10663.248,416.641,371,277,154,92,31,59558,2298,63,4,1601.930,1047.779,18.258,0.000,0.000,676.056,249.521,5.474,6,7,3,4,0,1823,0,0,0,0.000,0.000,0.000,0.000,0.000,0.000,0.000,0.000,0,0,0,0,0,0,0,0,0,0.000,0.000,0.000,0.000,0.000,0.000,0.000,0.000,0,0,0,0,0,0,0,0,0,0.000,0.000,0.000,0.000,0.000,0.000,0.000,0.000,0,0,0,0,0,0,0,0,0,0.000,0.000,0.000,0.000,0.000,0.000,0.000,0.000,0,0,0,0,0,0,0,0,0,0,0,0,0,0,0,0,0,0
2671,89.0,3302,101,7,60,3242,0,0,278,230.26,1.336,1.167,0.175,0.067,0.057,-0.793,1.646,0.3089,2.0855,0.721,0.000,0.014,0.118,-0.083,81,130,122,0,34,0,129008.41,1000.882,49902.421,6.411,549.992,16.126,28081.211,11596.248,408.449,17704.569,14163.655,4115.248,224.094,603.769,0.000267,-0.009521,117,0,122,0,122,122,24876,0,0,0.000,0,0,0,0,0,0,0,0,0,0,0,0,0,0,93389,2427,110,61037.171,48794.903,517.135,6.300,0.000,27212.957,10904.742,437.541,372,278,125,120,33,64522,2119,66,7,1700.992,1094.523,32.856,0.111,0.000,628.628,235.709,5.331,4,8,5,2,1,3425,0,0,0,0.000,0.000,0.000,0.000,0.000,0.000,0.000,0.000,0,0,0,0,0,0,0,0,0,0.000,0.000,0.000,0.000,0.000,0.000,0.000,0.000,0,0,0,0,0,0,0,0,0,0.000,0.000,0.000,0.000,0.000,0.000,0.000,0.000,0,0,0,0,0,0,0,0,0,0.000,0.000,0.000,0.000,0.000,0.000,0.000,0.000,0,0,0,0,0,0,0,0,0,0,0,0,0,0,0,0,0,0
2701,90.0,3335,93,7,58,3277,0,0,333,211.07,1.338,1.168,0.176,0.067,0.056,-0.795,1.630,0.3182,2.0766,0.719,0.000,0.013,0.118,-0.084,79,158,135,0,41,0,130377.02,976.985,50961.772,18.266,627.389,16.460,28689.656,11772.323,482.148,17197.208,13757.767,5272.057,222.015,710.786,0.000197,-0.007931,137,0,130,5,135,130,24505,0,5,10.710,0,0,0,0,0,0,0,0,0,0,0,0,0,0,95312,2490,136,62783.077,50120.680,625.669,7.556,10.710,27843.880,11097.227,432.726,355,319,153,128,38,68250,2051,50,1,1252.582,831.065,1.719,0.000,0.000,610.148,222.687,6.663,9,10,5,2,3,3686,0,0,0,0.000,0.000,0.000,0.000,0.000,0.000,0.000,0.000,0,0,0,0,0,0,0,0,0,0.000,0.000,0.000,0.000,0.000,0.000,0.000,0.000,0,0,0,0,0,0,0,0,0,0.000,0.000,0.000,0.000,0.000,0.000,0.000,0.000,0,0,0,0,0,0,0,0,0,0.000,0.000,0.000,0.000,0.000,0.000,0.000,0.000,0,0,0,0,0,0,0,0,0,0,0,0,0,0,0,0,0,0
2731,91.0,3368,82,7,62,3306,0,0,401,268.40,1.340,1.167,0.175,0.067,0.057,-0.797,1.635,0.3268,2.0701,0.681,0.000,0.011,0.118,-0.085,64,186,107,0,52,0,131670.70,997.964,50447.616,7.864,404.128,16.108,29191.866,11869.987,573.523,17872.761,14298.209,4272.133,142.808,534.883,0.000274,-0.005926,102,0,105,2,107,105,24145,0,2,2.897,0,0,0,0,0,0,0,0,0,0,0,0,0,0,96980,2478,102,62120.019,49857.404,404.128,4.967,2.897,28394.491,11220.179,433.123,370,333,182,101,50,79814,1882,35,0,875.000,586.961,0.000,0.000,0.000,558.854,196.429,6.309,2,10,4,4,2,5409,0,0,0,0.000,0.000,0.000,0.000,0.000,0.000,0.000,0.000,0,0,0,0,0,0,0,0,0,0.000,0.000,0.000,0.000,0.000,0.000,0.000,0.000,0,0,0,0,0,0,0,0,0,0.000,0.000,0.000,0.000,0.000,0.000,0.000,0.000,0,0,0,0,0,0,0,0,0,0.000,0.000,0.000,0.000,0.000,0.000,0.000,0.000,0,0,0,0,0,0,0,0,0,0,0,0,0,0,0,0,0,0
2761,92.0,3432,89,7,62,3370,0,0,512,266.61,1.344,1.168,0.176,0.066,0.056,-0.799,1.635,0.3294,2.0928,0.748,0.000,0.010,0.117,-0.085,75,131,130,0,54,0,131519.00,1012.743,50387.381,9.218,478.028,13.512,29570.034,11971.581,720.675,17908.812,14327.050,4976.874,122.959,617.170,0.000226,-0.005321,110,0,129,1,130,129,23982,0,1,2.362,0,0,0,0,0,0,0,0,0,0,0,0,0,0,98153,2464,109,61922.341,49642.689,473.915,6.856,2.362,28830.086,11342.313,427.014,374,304,129,121,54,77325,1688,44,1,1105.946,741.197,4.113,0.000,0.000,497.186,182.302,5.650,4,10,2,8,0,3329,0,0,0,0.000,0.000,0.000,0.000,0.000,0.000,0.000,0.000,0,0,0,0,0,0,0,0,0,0.000,0.000,0.000,0.000,0.000,0.000,0.000,0.000,0,0,0,0,0,0,0,0,0,0.000,0.000,0.000,0.000,0.000,0.000,0.000,0.000,0,0,0,0,0,0,0,0,0,0.000,0.000,0.000,0.000,0.000,0.000,0.000,0.000,0,0,0,0,0,0,0,0,0,0,0,0,0,0,0,0,0,0
2791,93.0,3434,81,7,63,3371,0,0,605,249.36,1.346,1.168,0.175,0.068,0.056,-0.800,1.624,0.3314,2.0609,0.725,0.000,0.009,0.117,-0.085,71,143,130,0,70,0,130402.05,1074.739,50099.573,8.995,556.525,16.742,30028.957,12194.861,900.808,16293.338,13034.671,5158.149,106.618,652.184,0.000213,-0.005785,121,0,129,1,130,129,23564,0,1,2.046,0,0,0,0,0,0,0,0,0,0,0,0,0,0,99655,2455,121,61795.046,49544.782,556.525,6.948,2.046,29356.690,11586.363,425.079,341,333,139,125,69,79940,1430,33,0,825.000,551.818,0.000,0.000,0.000,425.024,162.768,5.756,2,9,4,4,1,3559,0,0,0,0.000,0.000,0.000,0.000,0.000,0.000,0.000,0.000,0,0,0,0,0,0,0,0,0,0.000,0.000,0.000,0.000,0.000,0.000,0.000,0.000,0,0,0,0,0,0,0,0,0,0.000,0.000,0.000,0.000,0.000,0.000,0.000,0.000,0,0,0,0,0,0,0,0,0,0.000,0.000,0.000,0.000,0.000,0.000,0.000,0.000,0,0,0,0,0,0,0,0,0,0,0,0,0,0,0,0,0,0
2821,94.0,3394,69,7,64,3330,0,0,681,279.50,1.348,1.166,0.174,0.070,0.056,-0.800,1.614,0.3321,2.0464,0.715,0.000,0.008,0.117,-0.085,66,152,141,0,92,0,128068.58,1082.281,48990.798,11.440,601.528,15.241,29918.088,12011.610,1023.342,16298.680,13038.944,5413.766,111.771,679.684,0.000192,-0.005119,137,0,139,2,141,139,21954,0,2,3.704,0,0,0,0,0,0,0,0,0,0,0,0,0,0,99234,2390,137,60380.841,48403.922,601.528,7.736,3.704,29270.593,11430.374,402.498,341,379,151,138,90,91600,1333,34,0,850.000,571.698,0.000,0.000,0.000,396.987,158.534,4.673,1,4,1,1,2,1633,0,0,0,0.000,0.000,0.000,0.000,0.000,0.000,0.000,0.000,0,0,0,0,0,0,0,0,0,0.000,0.000,0.000,0.000,0.000,0.000,0.000,0.000,0,0,0,0,0,0,0,0,0,0.000,0.000,0.000,0.000,0.000,0.000,0.000,0.000,0,0,0,0,0,0,0,0,0,0.000,0.000,0.000,0.000,0.000,0.000,0.000,0.000,0,0,0,0,0,0,0,0,0,0,0,0,0,0,0,0,0,0
2851,95.0,3375,80,7,66,3309,0,0,769,295.17,1.349,1.166,0.171,0.070,0.057,-0.801,1.605,0.3575,2.0475,0.753,0.000,0.006,0.117,-0.085,57,140,110,0,115,0,127305.97,1082.543,49124.769,4.744,652.522,14.594,29656.019,11894.256,1163.166,16309.256,13047.405,4330.405,132.686,536.286,0.000204,-0.006893,146,0,110,0,110,110,20980,0,0,0.000,0,0,0,0,0,0,0,0,0,0,0,0,0,0,98260,2396,146,60470.307,48545.329,652.522,4.744,0.000,29033.275,11358.645,369.602,342,358,136,109,113,99084,1231,35,0,875.000,579.439,0.000,0.000,0.000,367.610,145.711,2.983,2,7,4,1,2,4066,0,0,0,0.000,0.000,0.000,0.000,0.000,0.000,0.000,0.000,0,0,0,0,0,0,0,0,0,0.000,0.000,0.000,0.000,0.000,0.000,0.000,0.000,0,0,0,0,0,0,0,0,0,0.000,0.000,0.000,0.000,0.000,0.000,0.000,0.000,0,0,0,0,0,0,0,0,0,0.000,0.000,0.000,0.000,0.000,0.000,0.000,0.000,0,0,0,0,0,0,0,0,0,0,0,0,0,0,0,0,0,0
2881,96.0,3337,80,7,65,3272,0,0,874,265.36,1.353,1.167,0.168,0.071,0.056,-0.801,1.590,0.3662,2.0519,0.709,0.000,0.009,0.117,-0.085,60,130,98,0,131,0,125847.16,1014.780,47867.779,8.399,573.089,13.119,29621.859,11951.130,1341.556,15200.317,12160.254,3788.045,86.520,520.598,0.000214,-0.007738,124,0,96,2,98,96,20375,0,2,3.192,0,0,0,0,0,0,0,0,0,0,0,0,0,0,98029,2336,119,58840.712,47315.854,556.301,5.208,3.192,29027.798,11433.252,356.286,320,353,127,96,130,97072,1116,32,5,825.496,528.353,16.787,0.000,0.000,335.468,141.451,1.919,0,4,3,0,1,916,0,0,0,0.000,0.000,0.000,0.000,0.000,0.000,0.000,0.000,0,0,0,0,0,0,0,0,0,0.000,0.000,0.000,0.000,0.000,0.000,0.000,0.000,0,0,0,0,0,0,0,0,0,0.000,0.000,0.000,0.000,0.000,0.000,0.000,0.000,0,0,0,0,0,0,0,0,0,0.000,0.000,0.000,0.000,0.000,0.000,0.000,0.000,0,0,0,0,0,0,0,0,0,0,0,0,0,0,0,0,0,0
2911,97.0,3310,88,7,65,3245,0,0,977,269.17,1.356,1.165,0.161,0.069,0.057,-0.802,1.590,0.3572,2.0360,0.744,0.000,0.009,0.117,-0.086,63,124,74,0,132,0,124664.34,985.877,46527.502,3.539,484.054,14.454,29234.196,11762.895,1494.632,14432.729,11546.183,2837.771,109.865,373.826,0.000213,-0.006966,112,0,74,0,74,74,19876,0,0,0.000,0,0,0,0,0,0,0,0,0,0,0,0,0,0,96632,2280,111,57344.995,46152.100,480.343,3.539,0.000,28651.800,11262.082,346.684,301,328,124,74,130,88844,1063,22,1,555.708,369.040,3.710,0.000,0.000,322.545,134.732,1.508,2,2,0,0,2,885,0,0,0,0.000,0.000,0.000,0.000,0.000,0.000,0.000,0.000,0,0,0,0,0,0,0,0,0,0.000,0.000,0.000,0.000,0.000,0.000,0.000,0.000,0,0,0,0,0,0,0,0,0,0.000,0.000,0.000,0.000,0.000,0.000,0.000,0.000,0,0,0,0,0,0,0,0,0,0.000,0.000,0.000,0.000,0.000,0.000,0.000,0.000,0,0,0,0,0,0,0,0,0,0,0,0,0,0,0,0,0,0
2941,98.0,3258,77,7,62,3196,0,0,1048,303.15,1.359,1.167,0.159,0.070,0.056,-0.803,1.617,0.3562,2.0270,0.763,0.000,0.007,0.117,-0.087,55,112,56,0,145,0,122115.64,937.537,44216.557,4.963,500.623,15.107,29134.839,11668.194,1668.660,12413.193,9930.555,2366.427,79.282,307.719,0.000208,-0.006915,113,0,54,2,56,54,19048,0,2,2.414,0,0,0,0,0,0,0,0,0,0,0,0,0,0,96132,2161,111,54253.199,43861.656,491.639,2.550,2.414,28551.298,11209.654,319.913,258,305,110,54,141,91658,1062,21,2,539.336,351.550,8.984,0.000,0.000,323.814,119.314,2.122,2,4,2,0,2,1773,0,0,0,0.000,0.000,0.000,0.000,0.000,0.000,0.000,0.000,0,0,0,0,0,0,0,0,0,0.000,0.000,0.000,0.000,0.000,0.000,0.000,0.000,0,0,0,0,0,0,0,0,0,0.000,0.000,0.000,0.000,0.000,0.000,0.000,0.000,0,0,0,0,0,0,0,0,0,0.000,0.000,0.000,0.000,0.000,0.000,0.000,0.000,0,0,0,0,0,0,0,0,0,0,0,0,0,0,0,0,0,0
2971,99.0,3209,59,7,62,3147,0,0,1101,290.14,1.360,1.165,0.159,0.069,0.057,-0.805,1.604,0.3586,2.0413,0.727,0.016,0.007,0.117,-0.087,63,112,65,0,159,0,119995.26,877.711,44603.605,2.774,461.081,13.104,28557.270,11405.140,1767.667,13621.394,10897.115,2715.433,75.544,359.140,0.000289,-0.008078,106,0,65,0,65,65,17792,0,0,0.000,0,0,0,0,0,0,0,0,0,0,0,0,0,0,94154,2169,106,54601.180,44209.768,461.081,2.774,0.000,28003.926,10975.224,300.199,285,330,111,65,154,90163,994,23,0,575.000,387.825,0.000,0.000,0.000,304.595,112.323,2.101,0,4,0,0,4,1932,0,0,0,0.000,0.000,0.000,0.000,0.000,0.000,0.000,0.000,0,0,0,0,0,0,0,0,0,0.000,0.000,0.000,0.000,0.000,0.000,0.000,0.000,0,0,0,0,0,0,0,0,0,0.000,0.000,0.000,0.000,0.000,0.000,0.000,0.000,0,0,0,0,0,0,0,0,0,0.000,0.000,0.000,0.000,0.000,0.000,0.000,0.000,0,0,0,0,0,0,0,0,0,0,0,0,0,0,0,0,0,0
3001,100.0,3131,76,6,60,3071,0,0,1151,312.48,1.363,1.165,0.156,0.069,0.057,-0.807,1.592,0.3618,2.0295,0.737,0.000,0.008,0.117,-0.088,47,113,47,0,168,0,115604.65,856.369,40855.847,5.123,440.088,11.948,28130.954,11170.406,1867.581,11875.503,9500.402,2251.205,24.251,288.449,0.000173,-0.009185,102,0,45,2,47,45,17077,0,2,2.898,0,0,0,0,0,0,0,0,0,0,0,0,0,0,92707,1990,102,49975.945,40533.115,440.088,2.225,2.898,27609.587,10769.571,279.240,248,321,112,44,165,97163,882,19,0,475.000,319.650,0.000,0.000,0.000,275.442,104.877,1.197,1,4,1,1,2,1408,0,0,0,0.000,0.000,0.000,0.000,0.000,0.000,0.000,0.000,0,0,0,0,0,0,0,0,0,0.000,0.000,0.000,0.000,0.000,0.000,0.000,0.000,0,0,0,0,0,0,0,0,0,0.000,0.000,0.000,0.000,0.000,0.000,0.000,0.000,0,0,0,0,0,0,0,0,0,0.000,0.000,0.000,0.000,0.000,0.000,0.000,0.000,0,0,0,0,0,0,0,0,0,0,0,0,0,0,0,0,0,0
3031,101.0,3054,69,6,60,2994,0,0,1175,341.79,1.367,1.163,0.158,0.071,0.057,-0.809,1.586,0.3777,2.0334,0.717,0.000,0.008,0.117,-0.088,55,104,37,0,178,0,111374.77,835.573,39820.903,1.897,406.601,12.630,27453.815,10839.495,1930.329,11540.328,9232.262,2081.060,44.456,231.031,0.000204,-0.009670,102,0,37,0,37,37,15903,0,0,0.000,0,0,0,0,0,0,0,0,0,0,0,0,0,0,90285,1946,102,48865.972,39601.970,406.601,1.897,0.000,26968.363,10484.594,248.750,239,312,101,37,174,99798,789,13,0,325.000,215.793,0.000,0.000,0.000,248.206,89.999,0.809,1,5,3,0,2,3047,0,0,0,0.000,0.000,0.000,0.000,0.000,0.000,0.000,0.000,0,0,0,0,0,0,0,0,0,0.000,0.000,0.000,0.000,0.000,0.000,0.000,0.000,0,0,0,0,0,0,0,0,0,0.000,0.000,0.000,0.000,0.000,0.000,0.000,0.000,0,0,0,0,0,0,0,0,0,0.000,0.000,0.000,0.000,0.000,0.000,0.000,0.000,0,0,0,0,0,0,0,0,0,0,0,0,0,0,0,0,0,0
3061,102.0,3014,58,6,60,2954,0,0,1226,319.98,1.369,1.163,0.157,0.071,0.058,-0.809,1.586,0.3656,1.9992,0.783,0.000,0.007,0.117,-0.088,54,88,21,0,164,0,107715.37,848.178,38563.511,1.096,570.386,13.568,26973.263,10485.002,1998.987,11089.957,8871.966,1135.769,67.040,194.132,0.000129,-0.009168,129,0,21,0,21,21,14871,0,0,0.000,0,0,0,0,0,0,0,0,0,0,0,0,0,0,88459,1869,129,47276.026,38219.358,570.386,1.096,0.000,26481.718,10138.849,236.131,231,272,87,21,164,86859,808,20,0,500.000,334.507,0.000,0.000,0.000,252.425,92.611,1.350,2,1,1,0,0,740,0,0,0,0.000,0.000,0.000,0.000,0.000,0.000,0.000,0.000,0,0,0,0,0,0,0,0,0,0.000,0.000,0.000,0.000,0.000,0.000,0.000,0.000,0,0,0,0,0,0,0,0,0,0.000,0.000,0.000,0.000,0.000,0.000,0.000,0.000,0,0,0,0,0,0,0,0,0,0.000,0.000,0.000,0.000,0.000,0.000,0.000,0.000,0,0,0,0,0,0,0,0,0,0,0,0,0,0,0,0,0,0
3091,103.0,2907,62,6,60,2847,0,0,1223,348.58,1.372,1.163,0.155,0.072,0.058,-0.810,1.586,0.3748,1.9895,0.775,0.000,0.004,0.117,-0.087,58,106,16,0,207,0,103908.13,815.186,37382.028,0.718,368.656,13.721,26371.977,10198.493,2015.011,10654.973,8523.979,1116.589,35.229,136.877,0.000265,-0.007440,110,0,16,0,16,16,13772,0,0,0.000,0,0,0,0,0,0,0,0,0,0,0,0,0,0,86339,1807,110,45520.521,37009.778,368.656,0.718,0.000,25889.600,9882.427,215.237,222,326,106,16,204,109576,768,22,0,550.000,369.157,0.000,0.000,0.000,241.320,83.561,1.637,0,3,0,0,3,1906,0,0,0,0.000,0.000,0.000,0.000,0.000,0.000,0.000,0.000,0,0,0,0,0,0,0,0,0,0.000,0.000,0.000,0.000,0.000,0.000,0.000,0.000,0,0,0,0,0,0,0,0,0,0.000,0.000,0.000,0.000,0.000,0.000,0.000,0.000,0,0,0,0,0,0,0,0,0,0.000,0.000,0.000,0.000,0.000,0.000,0.000,0.000,0,0,0,0,0,0,0,0,0,0,0,0,0,0,0,0,0,0
3121,104.0,2780,54,6,60,2720,0,0,1183,329.90,1.373,1.163,0.154,0.071,0.059,-0.812,1.603,0.3669,1.9929,0.785,0.000,0.006,0.117,-0.088,61,88,11,0,207,0,100183.38,786.271,35363.259,0.307,402.962,14.375,25339.567,9728.014,1993.317,8507.986,6806.389,982.000,20.896,109.197,0.000167,-0.006931,116,0,11,0,11,11,12372,0,0,0.000,0,0,0,0,0,0,0,0,0,0,0,0,0,0,82824,1716,116,43229.590,35204.260,402.962,0.307,0.000,24879.146,9449.175,187.790,178,302,88,10,204,98531,694,9,0,225.000,151.966,0.000,0.000,0.000,218.433,74.234,1.329,0,3,0,1,2,1937,0,0,0,0.000,0.000,0.000,0.000,0.000,0.000,0.000,0.000,0,0,0,0,0,0,0,0,0,0.000,0.000,0.000,0.000,0.000,0.000,0.000,0.000,0,0,0,0,0,0,0,0,0,0.000,0.000,0.000,0.000,0.000,0.000,0.000,0.000,0,0,0,0,0,0,0,0,0,0.000,0.000,0.000,0.000,0.000,0.000,0.000,0.000,0,0,0,0,0,0,0,0,0,0,0,0,0,0,0,0,0,0
3151,105.0,2677,52,8,58,2619,0,0,1121,355.86,1.375,1.162,0.152,0.071,0.059,-0.813,1.607,0.3661,1.9758,0.805,0.000,0.004,0.117,-0.088,54,102,13,0,180,0,95526.71,773.655,33070.852,0.335,428.344,13.316,24378.305,9443.839,1913.509,9179.820,7343.856,786.415,5.523,137.958,0.000135,-0.006397,121,0,13,0,13,13,11296,8,0,0.000,0,0,0,0,0,0,0,0,0,0,0,0,0,0,79595,1593,113,40308.149,32765.902,426.625,0.335,0.000,23940.879,9187.029,170.145,192,291,99,13,179,97251,639,18,0,450.000,300.902,0.000,0.000,0.000,195.468,70.045,1.263,0,2,2,0,0,951,0,0,0,0.000,0.000,0.000,0.000,0.000,0.000,0.000,0.000,0,0,0,0,0,0,0,0,0,0.000,0.000,0.000,0.000,0.000,0.000,0.000,0.000,0,0,0,0,0,0,0,0,0,0.000,0.000,0.000,0.000,0.000,0.000,0.000,0.000,0,0,0,0,0,0,0,0,0,0.000,0.000,0.000,0.000,0.000,0.000,0.000,0.000,0,0,0,0,0,0,0,0,0,0,0,0,0,0,0,0,0,0
3181,106.0,2516,60,8,55,2461,0,0,1061,371.88,1.376,1.162,0.149,0.067,0.059,-0.815,1.623,0.3598,1.9584,0.802,0.000,0.006,0.117,-0.089,79,104,11,0,200,0,88697.19,721.679,29002.240,2.564,292.555,13.776,23204.092,8960.101,1811.736,7365.326,5892.261,979.998,18.633,108.381,0.000309,-0.005256,80,0,10,1,11,10,9890,0,1,2.234,0,0,0,0,0,0,0,0,0,0,0,0,0,0,75812,1403,79,35373.952,28866.401,290.819,0.330,2.234,22802.190,8729.000,148.007,153,306,102,10,194,104808,599,8,1,202.502,135.839,1.736,0.000,0.000,183.445,67.534,1.029,0,5,2,0,3,1627,0,0,0,0.000,0.000,0.000,0.000,0.000,0.000,0.000,0.000,0,0,0,0,0,0,0,0,0,0.000,0.000,0.000,0.000,0.000,0.000,0.000,0.000,0,0,0,0,0,0,0,0,0,0.000,0.000,0.000,0.000,0.000,0.000,0.000,0.000,0,0,0,0,0,0,0,0,0,0.000,0.000,0.000,0.000,0.000,0.000,0.000,0.000,0,0,0,0,0,0,0,0,0,0,0,0,0,0,0,0,0,0
3211,107.0,2377,66,8,55,2322,0,0,982,362.23,1.378,1.161,0.147,0.066,0.060,-0.815,1.623,0.3573,1.9825,0.799,0.000,0.005,0.117,-0.089,44,101,7,0,179,0,83823.90,683.959,28608.035,0.240,380.451,14.344,21857.918,8429.642,1692.751,7083.547,5666.838,654.827,0.000,113.677,0.000163,-0.005318,109,0,7,0,7,7,8597,0,0,0.000,0,0,0,0,0,0,0,0,0,0,0,0,0,0,71321,1384,109,35031.669,28485.082,380.451,0.240,0.000,21483.875,8229.023,123.268,148,286,100,7,179,101049,513,7,0,175.000,120.080,0.000,0.000,0.000,156.591,61.801,1.063,0,1,1,0,0,212,0,0,0,0.000,0.000,0.000,0.000,0.000,0.000,0.000,0.000,0,0,0,0,0,0,0,0,0,0.000,0.000,0.000,0.000,0.000,0.000,0.000,0.000,0,0,0,0,0,0,0,0,0,0.000,0.000,0.000,0.000,0.000,0.000,0.000,0.000,0,0,0,0,0,0,0,0,0,0.000,0.000,0.000,0.000,0.000,0.000,0.000,0.000,0,0,0,0,0,0,0,0,0,0,0,0,0,0,0,0,0,0
3241,108.0,2245,66,8,55,2190,0,0,913,374.28,1.379,1.160,0.146,0.066,0.061,-0.816,1.625,0.3681,1.9723,0.802,0.000,0.004,0.117,-0.090,63,88,6,0,172,0,79494.27,658.609,27424.146,0.150,220.062,14.039,20632.972,7967.148,1559.277,6439.599,5151.679,894.321,0.000,70.891,0.000184,-0.004898,68,0,6,0,6,6,7935,0,0,0.000,0,0,0,0,0,0,0,0,0,0,0,0,0,0,67164,1321,66,33285.259,27233.621,212.924,0.150,0.000,20267.053,7778.088,110.144,132,261,86,6,169,95971,489,11,2,285.348,187.431,7.138,0.000,0.000,149.766,63.195,1.553,1,4,2,0,2,2597,0,0,0,0.000,0.000,0.000,0.000,0.000,0.000,0.000,0.000,0,0,0,0,0,0,0,0,0,0.000,0.000,0.000,0.000,0.000,0.000,0.000,0.000,0,0,0,0,0,0,0,0,0,0.000,0.000,0.000,0.000,0.000,0.000,0.000,0.000,0,0,0,0,0,0,0,0,0,0.000,0.000,0.000,0.000,0.000,0.000,0.000,0.000,0,0,0,0,0,0,0,0,0,0,0,0,0,0,0,0,0,0
3271,109.0,2082,48,8,56,2026,0,0,816,354.12,1.379,1.161,0.143,0.066,0.062,-0.817,1.621,0.3633,1.9427,0.787,0.000,0.002,0.117,-0.091,50,88,6,0,179,0,73778.41,620.064,23688.867,0.138,176.273,13.445,19419.752,7460.556,1430.657,5280.778,4224.622,603.988,0.000,53.834,0.000140,-0.004624,48,0,6,0,6,6,7087,0,0,0.000,0,0,0,0,0,0,0,0,0,0,0,0,0,0,63088,1142,47,28742.480,23583.453,175.514,0.138,0.000,19070.409,7301.703,94.705,109,273,88,6,179,100466,420,6,1,151.094,102.275,0.759,0.000,0.000,130.026,48.990,0.643,0,0,0,0,0,0,0,0,0,0.000,0.000,0.000,0.000,0.000,0.000,0.000,0.000,0,0,0,0,0,0,0,0,0,0.000,0.000,0.000,0.000,0.000,0.000,0.000,0.000,0,0,0,0,0,0,0,0,0,0.000,0.000,0.000,0.000,0.000,0.000,0.000,0.000,0,0,0,0,0,0,0,0,0,0.000,0.000,0.000,0.000,0.000,0.000,0.000,0.000,0,0,0,0,0,0,0,0,0,0,0,0,0,0,0,0,0,0
3301,110.0,1964,52,6,57,1907,0,0,752,352.87,1.378,1.158,0.141,0.066,0.064,-0.819,1.612,0.3667,1.9561,0.754,0.000,0.004,0.117,-0.091,52,89,4,0,134,0,68204.05,610.483,21848.424,0.217,294.003,13.357,18171.227,7025.212,1290.855,5198.511,4158.809,400.453,31.228,74.796,0.000180,-0.003535,81,0,3,1,4,3,6010,0,1,0.120,0,0,0,0,0,0,0,0,0,0,0,0,0,0,58947,1052,81,26654.853,21754.774,294.003,0.098,0.120,17838.212,6891.440,72.955,107,223,87,3,133,78988,364,5,0,125.000,84.223,0.000,0.000,0.000,112.103,44.698,0.979,0,3,2,0,1,1073,0,0,0,0.000,0.000,0.000,0.000,0.000,0.000,0.000,0.000,0,0,0,0,0,0,0,0,0,0.000,0.000,0.000,0.000,0.000,0.000,0.000,0.000,0,0,0,0,0,0,0,0,0,0.000,0.000,0.000,0.000,0.000,0.000,0.000,0.000,0,0,0,0,0,0,0,0,0,0.000,0.000,0.000,0.000,0.000,0.000,0.000,0.000,0,0,0,0,0,0,0,0,0,0,0,0,0,0,0,0,0,0
3331,111.0,1861,42,6,58,1803,0,0,660,359.07,1.375,1.157,0.138,0.066,0.066,-0.819,1.611,0.3610,1.9621,0.783,0.000,0.003,0.117,-0.091,57,88,5,0,105,0,62652.88,590.712,19958.252,0.150,288.208,13.278,17078.528,6471.585,1137.417,4529.834,3623.867,420.779,7.490,78.524,0.000175,-0.001977,72,0,5,0,5,5,5504,0,0,0.000,0,0,0,0,0,0,0,0,0,0,0,0,0,0,55353,963,72,24334.261,19891.028,288.208,0.150,0.000,16753.123,6354.293,66.068,94,197,87,5,105,70963,322,4,0,100.000,67.224,0.000,0.000,0.000,97.633,33.984,1.552,0,1,1,0,0,410,0,0,0,0.000,0.000,0.000,0.000,0.000,0.000,0.000,0.000,0,0,0,0,0,0,0,0,0,0.000,0.000,0.000,0.000,0.000,0.000,0.000,0.000,0,0,0,0,0,0,0,0,0,0.000,0.000,0.000,0.000,0.000,0.000,0.000,0.000,0,0,0,0,0,0,0,0,0,0.000,0.000,0.000,0.000,0.000,0.000,0.000,0.000,0,0,0,0,0,0,0,0,0,0,0,0,0,0,0,0,0,0
3361,112.0,1689,44,6,55,1634,0,0,565,390.66,1.374,1.156,0.139,0.067,0.067,-0.820,1.619,0.3678,1.9338,0.834,0.018,0.002,0.117,-0.092,45,93,21,0,122,0,56204.58,582.228,17417.462,0.584,215.144,14.394,15810.753,5990.132,1008.938,3060.378,2448.303,881.351,21.781,123.543,0.000146,-0.002085,66,0,21,0,21,21,5018,0,0,0.000,0,0,0,0,0,0,0,0,0,0,0,0,0,0,51258,841,64,21226.879,17341.863,209.767,0.584,0.000,15508.452,5872.389,64.897,63,232,90,21,121,86665,284,4,2,107.804,67.964,5.377,0.000,0.000,84.580,36.965,0.487,1,1,1,0,0,249,0,0,0,0.000,0.000,0.000,0.000,0.000,0.000,0.000,0.000,0,0,0,0,0,0,0,0,0,0.000,0.000,0.000,0.000,0.000,0.000,0.000,0.000,0,0,0,0,0,0,0,0,0,0.000,0.000,0.000,0.000,0.000,0.000,0.000,0.000,0,0,0,0,0,0,0,0,0,0.000,0.000,0.000,0.000,0.000,0.000,0.000,0.000,0,0,0,0,0,0,0,0,0,0,0,0,0,0,0,0,0,0
3391,113.0,1534,46,6,53,1481,0,0,459,429.20,1.374,1.154,0.134,0.068,0.069,-0.821,1.603,0.3763,1.9311,0.820,0.000,0.003,0.118,-0.094,55,106,9,0,114,0,51044.64,540.984,16140.816,1.570,253.844,12.704,14349.976,5372.106,822.285,3513.622,2810.898,512.668,14.939,68.611,0.000157,-0.001993,58,0,8,1,9,8,4597,0,1,1.396,0,0,0,0,0,0,0,0,0,0,0,0,0,0,46381,779,58,19738.857,16076.019,253.844,0.174,1.396,14059.829,5270.368,54.114,72,222,103,8,111,90665,277,4,0,100.000,64.797,0.000,0.000,0.000,82.518,32.270,0.372,0,3,2,0,1,764,0,0,0,0.000,0.000,0.000,0.000,0.000,0.000,0.000,0.000,0,0,0,0,0,0,0,0,0,0.000,0.000,0.000,0.000,0.000,0.000,0.000,0.000,0,0,0,0,0,0,0,0,0,0.000,0.000,0.000,0.000,0.000,0.000,0.000,0.000,0,0,0,0,0,0,0,0,0,0.000,0.000,0.000,0.000,0.000,0.000,0.000,0.000,0,0,0,0,0,0,0,0,0,0,0,0,0,0,0,0,0,0
3421,114.0,1383,49,6,53,1330,0,0,367,400.10,1.372,1.151,0.131,0.067,0.071,-0.821,1.603,0.3747,1.8949,0.817,0.000,0.002,0.118,-0.094,60,108,11,0,88,0,47025.84,501.954,14938.630,0.287,221.458,11.771,12956.403,4834.784,650.656,2704.166,2163.333,396.635,0.000,80.362,0.000079,-0.001773,53,0,11,0,11,11,3783,0,0,0.000,0,0,0,0,0,0,0,0,0,0,0,0,0,0,41848,724,53,18276.795,14938.630,221.458,0.287,0.000,12689.693,4751.040,42.334,56,206,107,11,88,82213,218,0,0,0.000,0.000,0.000,0.000,0.000,66.457,26.661,0.258,0,1,1,0,0,391,0,0,0,0.000,0.000,0.000,0.000,0.000,0.000,0.000,0.000,0,0,0,0,0,0,0,0,0,0.000,0.000,0.000,0.000,0.000,0.000,0.000,0.000,0,0,0,0,0,0,0,0,0,0.000,0.000,0.000,0.000,0.000,0.000,0.000,0.000,0,0,0,0,0,0,0,0,0,0.000,0.000,0.000,0.000,0.000,0.000,0.000,0.000,0,0,0,0,0,0,0,0,0,0,0,0,0,0,0,0,0,0
3451,115.0,1274,53,6,52,1222,0,0,322,417.39,1.370,1.150,0.129,0.069,0.073,-0.821,1.593,0.3833,1.8366,0.814,0.000,0.002,0.118,-0.094,58,109,7,0,51,0,43745.07,470.204,14202.511,0.181,150.398,11.648,11831.806,4448.549,548.250,2754.550,2203.640,489.548,26.981,57.615,0.000114,-0.001866,40,0,7,0,7,7,3401,0,0,0.000,0,0,0,0,0,0,0,0,0,0,0,0,0,0,38065,683,40,17189.028,14151.144,150.398,0.181,0.000,11580.517,4376.498,35.141,57,163,108,7,48,62502,181,3,0,75.000,51.367,0.000,0.000,0.000,56.406,22.198,0.487,0,2,0,0,2,843,0,0,0,0.000,0.000,0.000,0.000,0.000,0.000,0.000,0.000,0,0,0,0,0,0,0,0,0,0.000,0.000,0.000,0.000,0.000,0.000,0.000,0.000,0,0,0,0,0,0,0,0,0,0.000,0.000,0.000,0.000,0.000,0.000,0.000,0.000,0,0,0,0,0,0,0,0,0,0.000,0.000,0.000,0.000,0.000,0.000,0.000,0.000,0,0,0,0,0,0,0,0,0,0,0,0,0,0,0,0,0,0
3481,116.0,1195,50,6,52,1143,0,0,265,405.10,1.367,1.149,0.130,0.065,0.074,-0.823,1.593,0.3877,1.9914,0.832,0.019,0.003,0.118,-0.096,60,88,6,0,53,0,40396.98,449.858,12705.706,0.141,100.398,13.038,11022.110,4145.464,456.375,3270.630,2616.504,173.620,12.281,39.820,0.000157,-0.001264,32,0,6,0,6,6,3069,0,0,0.000,0,0,0,0,0,0,0,0,0,0,0,0,0,0,35411,611,32,15395.927,12688.504,100.398,0.141,0.000,10784.997,4083.942,30.346,68,145,87,6,52,58963,133,1,0,25.000,17.202,0.000,0.000,0.000,41.593,17.116,0.086,0,2,1,0,1,1218,0,0,0,0.000,0.000,0.000,0.000,0.000,0.000,0.000,0.000,0,0,0,0,0,0,0,0,0,0.000,0.000,0.000,0.000,0.000,0.000,0.000,0.000,0,0,0,0,0,0,0,0,0,0.000,0.000,0.000,0.000,0.000,0.000,0.000,0.000,0,0,0,0,0,0,0,0,0,0.000,0.000,0.000,0.000,0.000,0.000,0.000,0.000,0,0,0,0,0,0,0,0,0,0,0,0,0,0,0,0,0,0
3511,117.0,1111,59,6,51,1060,0,0,218,441.61,1.366,1.148,0.129,0.066,0.076,-0.823,1.598,0.3776,1.9115,0.834,0.000,0.003,0.118,-0.097,60,95,1,0,37,0,37762.43,423.238,11970.895,2.664,96.600,13.044,10273.063,3857.029,369.090,2344.385,1875.508,43.771,0.000,19.517,0.000094,-0.001415,29,0,0,1,1,0,2857,0,1,2.664,0,0,0,0,0,0,0,0,0,0,0,0,0,0,32948,575,29,14490.622,11921.386,96.600,0.000,2.664,10045.517,3799.864,28.322,48,131,94,0,37,57379,120,3,0,75.000,49.509,0.000,0.000,0.000,34.808,15.517,0.000,0,0,0,0,0,0,0,0,0,0.000,0.000,0.000,0.000,0.000,0.000,0.000,0.000,0,0,0,0,0,0,0,0,0,0.000,0.000,0.000,0.000,0.000,0.000,0.000,0.000,0,0,0,0,0,0,0,0,0,0.000,0.000,0.000,0.000,0.000,0.000,0.000,0.000,0,0,0,0,0,0,0,0,0,0.000,0.000,0.000,0.000,0.000,0.000,0.000,0.000,0,0,0,0,0,0,0,0,0,0,0,0,0,0,0,0,0,0
3541,118.0,1036,46,6,52,984,0,0,175,478.27,1.363,1.148,0.126,0.065,0.079,-0.824,1.600,0.3680,1.9479,0.821,0.000,0.003,0.117,-0.097,54,84,2,0,33,0,35543.89,407.864,11304.079,0.034,132.161,11.926,9492.147,3523.075,297.900,2085.784,1668.627,170.695,0.000,29.550,0.000098,-0.001125,28,0,2,0,2,2,2603,0,0,0.000,0,0,0,0,0,0,0,0,0,0,0,0,0,0,30364,543,28,13733.254,11236.591,132.161,0.034,0.000,9271.476,3473.442,21.921,43,118,83,2,33,54757,97,4,0,100.000,64.614,0.000,0.000,0.000,28.392,14.683,0.000,0,1,1,0,0,476,0,0,0,0.000,0.000,0.000,0.000,0.000,0.000,0.000,0.000,0,0,0,0,0,0,0,0,0,0.000,0.000,0.000,0.000,0.000,0.000,0.000,0.000,0,0,0,0,0,0,0,0,0,0.000,0.000,0.000,0.000,0.000,0.000,0.000,0.000,0,0,0,0,0,0,0,0,0,0.000,0.000,0.000,0.000,0.000,0.000,0.000,0.000,0,0,0,0,0,0,0,0,0,0,0,0,0,0,0,0,0,0
3571,119.0,991,40,6,50,941,0,0,154,459.83,1.365,1.148,0.125,0.064,0.080,-0.824,1.609,0.3774,1.9074,0.822,0.000,0.002,0.117,-0.098,58,68,2,0,26,0,33588.76,388.512,10978.596,0.054,162.592,13.734,9017.743,3365.546,251.058,2430.578,1944.462,163.483,0.000,38.344,0.000094,-0.000963,30,0,2,0,2,2,2408,0,0,0.000,0,0,0,0,0,0,0,0,0,0,0,0,0,0,28797,528,30,13392.854,10961.765,162.592,0.054,0.000,8803.393,3319.950,20.726,51,93,66,2,25,39198,82,1,0,25.000,16.831,0.000,0.000,0.000,23.756,12.317,0.000,0,1,1,0,0,767,0,0,0,0.000,0.000,0.000,0.000,0.000,0.000,0.000,0.000,0,0,0,0,0,0,0,0,0,0.000,0.000,0.000,0.000,0.000,0.000,0.000,0.000,0,0,0,0,0,0,0,0,0,0.000,0.000,0.000,0.000,0.000,0.000,0.000,0.000,0,0,0,0,0,0,0,0,0,0.000,0.000,0.000,0.000,0.000,0.000,0.000,0.000,0,0,0,0,0,0,0,0,0,0,0,0,0,0,0,0,0,0
3601,120.0,937,47,6,50,887,0,0,126,446.84,1.365,1.148,0.128,0.063,0.081,-0.825,1.609,0.3779,1.8904,0.846,0.000,0.001,0.117,-0.097,49,70,4,0,24,0,32073.62,399.118,10635.188,0.057,94.060,10.474,8591.592,3187.828,210.851,2128.679,1702.943,106.918,0.000,26.576,0.000113,-0.000553,17,0,4,0,4,4,2093,0,0,0.000,0,0,0,0,0,0,0,0,0,0,0,0,0,0,27318,512,17,12912.173,10632.315,94.060,0.057,0.000,8389.850,3152.667,17.314,44,97,70,4,23,43039,48,0,0,0.000,0.000,0.000,0.000,0.000,12.679,5.403,0.000,0,1,0,0,1,241,0,0,0,0.000,0.000,0.000,0.000,0.000,0.000,0.000,0.000,0,0,0,0,0,0,0,0,0,0.000,0.000,0.000,0.000,0.000,0.000,0.000,0.000,0,0,0,0,0,0,0,0,0,0.000,0.000,0.000,0.000,0.000,0.000,0.000,0.000,0,0,0,0,0,0,0,0,0,0.000,0.000,0.000,0.000,0.000,0.000,0.000,0.000,0,0,0,0,0,0,0,0,0,0,0,0,0,0,0,0,0,0
3631,121.0,869,64,6,51,818,0,0,102,430.23,1.358,1.147,0.129,0.063,0.085,-0.825,1.609,0.3858,1.9084,0.842,0.000,0.000,0.117,-0.096,46,75,0,0,29,0,31340.55,404.472,10519.142,0.000,76.718,10.892,8069.104,3028.424,175.960,1721.502,1377.201,22.069,0.000,16.836,0.000116,-0.000568,17,0,0,0,0,0,1837,0,0,0.000,0,0,0,0,0,0,0,0,0,0,0,0,0,0,25520,507,17,12768.553,10519.142,76.718,0.000,0.000,7870.494,3002.042,11.273,35,104,75,0,29,44035,30,0,0,0.000,0.000,0.000,0.000,0.000,7.465,2.383,0.000,0,0,0,0,0,0,0,0,0,0.000,0.000,0.000,0.000,0.000,0.000,0.000,0.000,0,0,0,0,0,0,0,0,0,0.000,0.000,0.000,0.000,0.000,0.000,0.000,0.000,0,0,0,0,0,0,0,0,0,0.000,0.000,0.000,0.000,0.000,0.000,0.000,0.000,0,0,0,0,0,0,0,0,0,0.000,0.000,0.000,0.000,0.000,0.000,0.000,0.000,0,0,0,0,0,0,0,0,0,0,0,0,0,0,0,0,0,0
3661,122.0,855,67,6,52,803,0,0,84,437.07,1.356,1.148,0.127,0.064,0.087,-0.824,1.610,0.3902,1.9833,0.847,0.019,0.001,0.117,-0.096,41,46,4,0,17,0,31153.59,434.290,10856.676,0.114,201.254,12.271,7674.658,2862.590,139.348,2524.707,2019.765,242.001,0.000,54.496,0.000122,-0.000416,36,0,4,0,4,4,1681,0,0,0.000,0,0,0,0,0,0,0,0,0,0,0,0,0,0,24178,525,36,13363.725,10856.676,201.254,0.114,0.000,7465.744,2835.461,9.276,52,67,46,4,17,30818,51,0,0,0.000,0.000,0.000,0.000,0.000,12.926,4.311,0.000,0,0,0,0,0,0,0,0,0,0.000,0.000,0.000,0.000,0.000,0.000,0.000,0.000,0,0,0,0,0,0,0,0,0,0.000,0.000,0.000,0.000,0.000,0.000,0.000,0.000,0,0,0,0,0,0,0,0,0,0.000,0.000,0.000,0.000,0.000,0.000,0.000,0.000,0,0,0,0,0,0,0,0,0,0.000,0.000,0.000,0.000,0.000,0.000,0.000,0.000,0,0,0,0,0,0,0,0,0,0,0,0,0,0,0,0,0,0
3691,123.0,847,73,6,51,796,0,0,69,484.34,1.356,1.154,0.124,0.063,0.087,-0.826,1.617,0.4047,2.0131,0.822,0.000,0.000,0.117,-0.098,59,63,1,0,14,0,31536.87,424.104,11248.349,0.020,98.662,10.028,7576.858,2825.393,121.158,3313.023,2650.419,81.025,0.000,22.162,0.000113,0.000298,13,0,1,0,1,1,1721,0,0,0.000,0,0,0,0,0,0,0,0,0,0,0,0,0,0,23871,542,13,13650.346,11231.172,98.662,0.020,0.000,7369.999,2792.806,13.893,68,75,60,1,14,35860,60,1,0,25.000,17.176,0.000,0.000,0.000,15.288,5.087,0.000,0,0,0,0,0,0,0,0,0,0.000,0.000,0.000,0.000,0.000,0.000,0.000,0.000,0,0,0,0,0,0,0,0,0,0.000,0.000,0.000,0.000,0.000,0.000,0.000,0.000,0,0,0,0,0,0,0,0,0,0.000,0.000,0.000,0.000,0.000,0.000,0.000,0.000,0,0,0,0,0,0,0,0,0,0.000,0.000,0.000,0.000,0.000,0.000,0.000,0.000,0,0,0,0,0,0,0,0,0,0,0,0,0,0,0,0,0,0
3721,124.0,864,66,6,51,813,0,0,55,484.36,1.353,1.159,0.122,0.062,0.085,-0.825,1.617,0.4053,2.0248,0.839,0.000,0.002,0.116,-0.097,63,52,5,0,9,0,33087.01,436.102,12801.429,0.145,160.942,12.348,7611.064,2950.439,87.990,3953.855,3163.084,192.676,0.000,54.594,0.000085,0.000720,24,0,5,0,5,5,1755,0,0,0.000,0,0,0,0,0,0,0,0,0,0,0,0,0,0,24059,617,24,15566.440,12801.429,160.942,0.145,0.000,7405.997,2917.460,13.238,83,66,52,5,9,27625,60,0,0,0.000,0.000,0.000,0.000,0.000,15.230,6.204,0.000,0,0,0,0,0,0,0,0,0,0.000,0.000,0.000,0.000,0.000,0.000,0.000,0.000,0,0,0,0,0,0,0,0,0,0.000,0.000,0.000,0.000,0.000,0.000,0.000,0.000,0,0,0,0,0,0,0,0,0,0.000,0.000,0.000,0.000,0.000,0.000,0.000,0.000,0,0,0,0,0,0,0,0,0,0.000,0.000,0.000,0.000,0.000,0.000,0.000,0.000,0,0,0,0,0,0,0,0,0,0,0,0,0,0,0,0,0,0
3751,125.0,911,66,6,52,859,0,0,48,480.01,1.354,1.162,0.121,0.063,0.084,-0.826,1.613,0.4088,2.0068,0.801,0.000,0.000,0.116,-0.097,54,40,2,0,5,0,33981.23,444.891,12583.030,0.044,144.594,13.188,7903.887,3098.395,83.039,4463.331,3570.665,120.579,0.000,35.173,0.000106,0.000727,26,0,2,0,2,2,1735,0,0,0.000,0,0,0,0,0,0,0,0,0,0,0,0,0,0,25038,606,26,15288.039,12565.854,144.594,0.044,0.000,7693.015,3063.406,15.222,93,47,40,2,5,22082,71,1,0,25.000,17.176,0.000,0.000,0.000,18.263,6.623,0.000,0,0,0,0,0,0,0,0,0,0.000,0.000,0.000,0.000,0.000,0.000,0.000,0.000,0,0,0,0,0,0,0,0,0,0.000,0.000,0.000,0.000,0.000,0.000,0.000,0.000,0,0,0,0,0,0,0,0,0,0.000,0.000,0.000,0.000,0.000,0.000,0.000,0.000,0,0,0,0,0,0,0,0,0,0.000,0.000,0.000,0.000,0.000,0.000,0.000,0.000,0,0,0,0,0,0,0,0,0,0,0,0,0,0,0,0,0,0
3781,126.0,944,75,6,55,889,0,0,38,438.43,1.353,1.162,0.120,0.063,0.085,-0.826,1.610,0.4073,2.0135,0.770,0.000,0.001,0.116,-0.097,68,45,3,0,6,0,36132.58,442.442,14125.544,0.047,112.739,14.184,8178.829,3223.590,63.958,4111.435,3289.148,96.630,0.000,31.391,0.000082,0.000392,19,0,3,0,3,3,1721,0,0,0.000,0,0,0,0,0,0,0,0,0,0,0,0,0,0,25907,677,19,17025.790,14091.867,112.739,0.047,0.000,7959.809,3189.386,11.192,84,53,44,3,6,23961,83,2,0,50.000,33.677,0.000,0.000,0.000,21.837,9.857,0.000,0,1,1,0,0,294,0,0,0,0.000,0.000,0.000,0.000,0.000,0.000,0.000,0.000,0,0,0,0,0,0,0,0,0,0.000,0.000,0.000,0.000,0.000,0.000,0.000,0.000,0,0,0,0,0,0,0,0,0,0.000,0.000,0.000,0.000,0.000,0.000,0.000,0.000,0,0,0,0,0,0,0,0,0,0.000,0.000,0.000,0.000,0.000,0.000,0.000,0.000,0,0,0,0,0,0,0,0,0,0,0,0,0,0,0,0,0,0
3811,127.0,990,86,6,55,935,0,0,33,424.90,1.355,1.167,0.119,0.067,0.083,-0.827,1.610,0.4198,2.0784,0.768,0.018,0.002,0.115,-0.097,64,52,2,0,7,0,38558.61,462.945,15176.370,0.049,193.167,13.633,8589.291,3451.760,53.003,5108.006,4086.405,53.788,0.000,43.894,0.000089,0.000873,33,0,2,0,2,2,1758,0,0,0.000,0,0,0,0,0,0,0,0,0,0,0,0,0,0,27226,725,33,18354.761,15139.554,193.167,0.049,0.000,8367.253,3417.792,13.118,106,61,52,2,7,22045,60,2,0,50.000,33.677,0.000,0.000,0.000,16.211,7.109,0.000,1,0,0,0,0,0,0,0,0,0.000,0.000,0.000,0.000,0.000,0.000,0.000,0.000,0,0,0,0,0,0,0,0,0,0.000,0.000,0.000,0.000,0.000,0.000,0.000,0.000,0,0,0,0,0,0,0,0,0,0.000,0.000,0.000,0.000,0.000,0.000,0.000,0.000,0,0,0,0,0,0,0,0,0,0.000,0.000,0.000,0.000,0.000,0.000,0.000,0.000,0,0,0,0,0,0,0,0,0,0,0,0,0,0,0,0,0,0
3841,128.0,1067,78,6,60,1007,0,0,30,405.10,1.354,1.167,0.117,0.071,0.083,-0.827,1.630,0.4031,2.0524,0.731,0.000,0.004,0.115,-0.097,69,50,2,0,5,0,41418.47,494.982,16473.169,0.028,190.666,13.396,9072.905,3637.771,45.025,6326.741,5061.393,25.022,18.006,44.237,0.000118,0.000344,36,0,2,0,2,2,1924,4,0,0.000,0,0,0,0,0,0,0,0,0,0,0,0,0,0,28814,791,32,19967.619,16438.816,189.361,0.028,0.000,8840.910,3599.630,14.338,129,57,50,2,5,20746,60,2,0,50.000,34.352,0.000,0.000,0.000,16.151,9.492,0.000,0,0,0,0,0,0,0,0,0,0.000,0.000,0.000,0.000,0.000,0.000,0.000,0.000,0,0,0,0,0,0,0,0,0,0.000,0.000,0.000,0.000,0.000,0.000,0.000,0.000,0,0,0,0,0,0,0,0,0,0.000,0.000,0.000,0.000,0.000,0.000,0.000,0.000,0,0,0,0,0,0,0,0,0,0.000,0.000,0.000,0.000,0.000,0.000,0.000,0.000,0,0,0,0,0,0,0,0,0,0,0,0,0,0,0,0,0,0
3871,129.0,1151,90,6,63,1088,0,0,30,372.32,1.355,1.170,0.118,0.073,0.082,-0.827,1.628,0.4029,2.0645,0.736,0.000,0.004,0.115,-0.098,77,47,2,0,1,0,44992.52,549.511,18318.059,0.072,173.007,11.023,9850.725,4001.319,44.072,6352.669,5082.136,86.055,0.000,40.892,0.000110,0.000311,30,0,2,0,2,2,2087,0,0,0.000,0,0,0,0,0,0,0,0,0,0,0,0,0,0,31364,880,30,22168.205,18318.059,173.007,0.072,0.000,9607.483,3957.164,18.074,131,50,47,2,1,15495,60,0,0,0.000,0.000,0.000,0.000,0.000,16.092,10.877,0.000,0,0,0,0,0,0,0,0,0,0.000,0.000,0.000,0.000,0.000,0.000,0.000,0.000,0,0,0,0,0,0,0,0,0,0.000,0.000,0.000,0.000,0.000,0.000,0.000,0.000,0,0,0,0,0,0,0,0,0,0.000,0.000,0.000,0.000,0.000,0.000,0.000,0.000,0,0,0,0,0,0,0,0,0,0.000,0.000,0.000,0.000,0.000,0.000,0.000,0.000,0,0,0,0,0,0,0,0,0,0,0,0,0,0,0,0,0,0
3901,130.0,1255,87,6,65,1190,0,0,33,322.73,1.355,1.172,0.117,0.073,0.081,-0.827,1.626,0.4016,2.0527,0.730,0.015,0.003,0.115,-0.099,81,41,6,0,1,0,49537.86,596.574,20748.311,0.173,194.320,14.401,10666.313,4318.418,49.047,7207.842,5766.274,224.576,39.340,60.461,0.000132,0.000507,37,0,6,0,6,6,2222,0,0,0.000,0,0,0,0,0,0,0,0,0,0,0,0,0,0,34042,999,37,25151.489,20748.311,194.320,0.173,0.000,10419.122,4276.259,19.759,150,47,40,6,1,12771,43,0,0,0.000,0.000,0.000,0.000,0.000,11.118,6.604,0.000,0,1,1,0,0,138,0,0,0,0.000,0.000,0.000,0.000,0.000,0.000,0.000,0.000,0,0,0,0,0,0,0,0,0,0.000,0.000,0.000,0.000,0.000,0.000,0.000,0.000,0,0,0,0,0,0,0,0,0,0.000,0.000,0.000,0.000,0.000,0.000,0.000,0.000,0,0,0,0,0,0,0,0,0,0.000,0.000,0.000,0.000,0.000,0.000,0.000,0.000,0,0,0,0,0,0,0,0,0,0,0,0,0,0,0,0,0,0
3931,131.0,1386,91,6,67,1319,0,0,33,310.77,1.359,1.176,0.119,0.071,0.079,-0.827,1.625,0.4128,2.0681,0.753,0.000,0.003,0.116,-0.099,83,52,2,1,1,0,53682.97,662.834,22020.504,0.067,276.101,14.710,11709.805,4796.242,50.725,8873.300,7098.640,94.095,43.512,69.254,0.000140,0.000783,52,0,2,0,2,2,2459,0,0,0.000,0,0,0,0,0,0,0,0,0,0,0,0,0,0,37449,1055,52,26640.410,21982.900,276.101,0.067,0.000,11452.025,4745.391,25.047,184,55,52,2,1,13965,60,2,0,50.000,34.352,0.000,0.000,0.000,15.011,9.028,0.000,0,0,0,0,0,0,0,0,0,0.000,0.000,0.000,0.000,0.000,0.000,0.000,0.000,0,0,0,0,0,0,0,0,0,0.000,0.000,0.000,0.000,0.000,0.000,0.000,0.000,0,0,0,0,0,0,0,0,0,0.000,0.000,0.000,0.000,0.000,0.000,0.000,0.000,0,0,0,0,0,0,0,0,0,0.000,0.000,0.000,0.000,0.000,0.000,0.000,0.000,0,0,0,0,0,0,0,0,0,0,0,0,0,0,0,0,0,0
3961,132.0,1507,82,6,69,1438,0,0,40,303.25,1.362,1.177,0.118,0.071,0.077,-0.829,1.629,0.4203,2.0314,0.732,0.014,0.004,0.116,-0.099,89,57,3,0,1,0,59082.95,722.751,24765.067,0.071,229.392,16.264,12798.956,5183.309,55.629,8642.388,6913.911,138.996,122.739,59.796,0.000179,0.000890,38,0,3,0,3,3,2482,0,0,0.000,0,0,0,0,0,0,0,0,0,0,0,0,0,0,41062,1183,38,29781.773,24658.546,229.392,0.071,0.000,12539.492,5134.378,22.208,179,61,57,3,1,19933,60,6,0,150.000,102.473,0.000,0.000,0.000,14.992,9.403,0.000,1,0,0,0,0,0,0,0,0,0.000,0.000,0.000,0.000,0.000,0.000,0.000,0.000,0,0,0,0,0,0,0,0,0,0.000,0.000,0.000,0.000,0.000,0.000,0.000,0.000,0,0,0,0,0,0,0,0,0,0.000,0.000,0.000,0.000,0.000,0.000,0.000,0.000,0,0,0,0,0,0,0,0,0,0.000,0.000,0.000,0.000,0.000,0.000,0.000,0.000,0,0,0,0,0,0,0,0,0,0,0,0,0,0,0,0,0,0
3991,133.0,1590,69,6,73,1517,0,0,46,295.58,1.361,1.177,0.119,0.072,0.078,-0.829,1.625,0.4380,2.0737,0.728,0.000,0.003,0.116,-0.099,85,89,4,0,6,0,63795.75,786.459,25523.407,0.070,342.970,16.440,13818.312,5711.865,68.578,8624.385,6899.508,129.490,60.592,83.426,0.000169,0.001037,51,0,4,0,4,4,2600,0,0,0.000,0,0,0,0,0,0,0,0,0,0,0,0,0,0,44397,1226,51,30884.615,25471.878,342.970,0.070,0.000,13548.132,5656.256,26.459,177,99,89,4,6,25956,60,3,0,75.000,51.529,0.000,0.000,0.000,14.978,10.475,0.000,1,0,0,0,0,0,0,0,0,0.000,0.000,0.000,0.000,0.000,0.000,0.000,0.000,0,0,0,0,0,0,0,0,0,0.000,0.000,0.000,0.000,0.000,0.000,0.000,0.000,0,0,0,0,0,0,0,0,0,0.000,0.000,0.000,0.000,0.000,0.000,0.000,0.000,0,0,0,0,0,0,0,0,0,0.000,0.000,0.000,0.000,0.000,0.000,0.000,0.000,0,0,0,0,0,0,0,0,0,0,0,0,0,0,0,0,0,0
4021,134.0,1715,85,6,74,1641,0,0,49,250.43,1.365,1.182,0.119,0.074,0.076,-0.829,1.627,0.4390,2.1397,0.724,0.014,0.004,0.116,-0.098,79,75,5,0,5,0,68752.06,839.793,27328.710,3.448,383.402,14.861,14688.962,6109.311,73.681,10033.721,8026.977,214.983,22.432,99.525,0.000117,0.000795,66,0,4,1,5,4,2665,0,1,3.360,0,0,0,0,0,0,0,0,0,0,0,0,0,0,47222,1315,66,33178.612,27291.265,383.402,0.088,3.360,14411.546,6053.682,25.355,208,84,75,4,5,20296,60,2,0,50.000,34.352,0.000,0.000,0.000,14.979,10.722,0.000,0,0,0,0,0,0,0,0,0,0.000,0.000,0.000,0.000,0.000,0.000,0.000,0.000,0,0,0,0,0,0,0,0,0,0.000,0.000,0.000,0.000,0.000,0.000,0.000,0.000,0,0,0,0,0,0,0,0,0,0.000,0.000,0.000,0.000,0.000,0.000,0.000,0.000,0,0,0,0,0,0,0,0,0,0.000,0.000,0.000,0.000,0.000,0.000,0.000,0.000,0,0,0,0,0,0,0,0,0,0,0,0,0,0,0,0,0,0
4051,135.0,1875,92,6,76,1799,0,0,59,241.49,1.370,1.187,0.119,0.078,0.074,-0.830,1.625,0.4465,2.0744,0.697,0.026,0.003,0.116,-0.098,87,72,6,0,6,0,74410.97,946.144,30245.654,0.127,575.909,15.840,16025.971,6663.810,83.088,11656.256,9325.005,240.308,52.657,135.939,0.000166,0.001520,89,0,6,0,6,6,2810,0,0,0.000,0,0,0,0,0,0,0,0,0,0,0,0,0,0,51425,1453,89,36748.537,30225.339,575.909,0.127,0.000,15748.158,6605.268,29.721,242,83,71,6,6,17497,41,1,0,25.000,17.176,0.000,0.000,0.000,10.358,8.138,0.000,0,1,1,0,0,137,0,0,0,0.000,0.000,0.000,0.000,0.000,0.000,0.000,0.000,0,0,0,0,0,0,0,0,0,0.000,0.000,0.000,0.000,0.000,0.000,0.000,0.000,0,0,0,0,0,0,0,0,0,0.000,0.000,0.000,0.000,0.000,0.000,0.000,0.000,0,0,0,0,0,0,0,0,0,0.000,0.000,0.000,0.000,0.000,0.000,0.000,0.000,0,0,0,0,0,0,0,0,0,0,0,0,0,0,0,0,0,0
4081,136.0,2036,68,6,80,1956,0,0,59,234.55,1.373,1.189,0.120,0.077,0.073,-0.831,1.636,0.4425,2.1098,0.658,0.000,0.003,0.117,-0.099,85,74,12,0,11,0,80671.81,1034.292,33396.378,0.225,601.463,17.280,17581.635,7252.071,91.908,12283.570,9826.856,482.545,141.715,163.460,0.000183,0.001540,111,0,12,0,12,12,2916,0,0,0.000,0,0,0,0,0,0,0,0,0,0,0,0,0,0,56314,1598,111,40613.229,33393.238,601.463,0.225,0.000,17295.047,7193.474,29.744,254,97,74,12,11,25516,30,0,0,0.000,0.000,0.000,0.000,0.000,7.678,6.523,0.000,0,0,0,0,0,0,0,0,0,0.000,0.000,0.000,0.000,0.000,0.000,0.000,0.000,0,0,0,0,0,0,0,0,0,0.000,0.000,0.000,0.000,0.000,0.000,0.000,0.000,0,0,0,0,0,0,0,0,0,0.000,0.000,0.000,0.000,0.000,0.000,0.000,0.000,0,0,0,0,0,0,0,0,0,0.000,0.000,0.000,0.000,0.000,0.000,0.000,0.000,0,0,0,0,0,0,0,0,0,0,0,0,0,0,0,0,0,0
4111,137.0,2199,76,6,86,2113,0,0,76,264.77,1.373,1.190,0.117,0.075,0.072,-0.832,1.646,0.4445,2.1326,0.674,0.000,0.003,0.117,-0.098,71,80,2,0,12,0,87083.19,1090.383,35133.839,0.048,542.631,15.479,18987.092,7844.905,108.968,12253.299,9802.640,204.117,106.616,110.543,0.000207,0.002519,105,0,2,0,2,2,3188,0,0,0.000,0,0,0,0,0,0,0,0,0,0,0,0,0,0,60977,1678,105,42543.479,35099.487,542.631,0.048,0.000,18688.231,7778.014,37.475,250,94,80,2,12,25530,30,2,0,50.000,34.352,0.000,0.000,0.000,7.680,6.498,0.000,1,0,0,0,0,0,0,0,0,0.000,0.000,0.000,0.000,0.000,0.000,0.000,0.000,0,0,0,0,0,0,0,0,0,0.000,0.000,0.000,0.000,0.000,0.000,0.000,0.000,0,0,0,0,0,0,0,0,0,0.000,0.000,0.000,0.000,0.000,0.000,0.000,0.000,0,0,0,0,0,0,0,0,0,0.000,0.000,0.000,0.000,0.000,0.000,0.000,0.000,0,0,0,0,0,0,0,0,0,0,0,0,0,0,0,0,0,0
4141,138.0,2389,90,6,91,2298,0,0,98,226.56,1.375,1.194,0.116,0.076,0.072,-0.831,1.649,0.4491,2.1044,0.679,0.000,0.003,0.117,-0.098,74,99,10,0,13,0,92568.57,1216.981,37181.902,0.267,500.500,16.661,20531.618,8579.631,131.958,14900.591,11920.473,517.426,43.069,129.946,0.000190,0.003127,115,0,10,0,10,10,3412,0,0,0.000,0,0,0,0,0,0,0,0,0,0,0,0,0,0,66070,1778,115,44988.557,37164.725,500.500,0.267,0.000,20213.044,8507.016,41.007,307,122,99,10,13,26270,30,1,0,25.000,17.176,0.000,0.000,0.000,7.676,6.306,0.000,0,0,0,0,0,0,0,0,0,0.000,0.000,0.000,0.000,0.000,0.000,0.000,0.000,0,0,0,0,0,0,0,0,0,0.000,0.000,0.000,0.000,0.000,0.000,0.000,0.000,0,0,0,0,0,0,0,0,0,0.000,0.000,0.000,0.000,0.000,0.000,0.000,0.000,0,0,0,0,0,0,0,0,0,0.000,0.000,0.000,0.000,0.000,0.000,0.000,0.000,0,0,0,0,0,0,0,0,0,0,0,0,0,0,0,0,0,0
4171,139.0,2546,63,6,97,2449,0,0,109,216.35,1.373,1.193,0.116,0.074,0.072,-0.831,1.634,0.4675,2.1137,0.654,0.010,0.003,0.118,-0.097,81,107,10,0,17,0,98690.29,1371.964,39553.486,0.281,753.153,17.846,22054.400,9253.422,162.617,13809.491,11047.593,335.285,61.201,175.191,0.000285,0.003517,154,0,10,0,10,10,3868,0,0,0.000,0,0,0,0,0,0,0,0,0,0,0,0,0,0,71126,1894,154,48123.769,39532.742,753.153,0.281,0.000,21718.100,9175.699,43.241,285,134,107,10,17,29833,30,1,0,25.000,17.176,0.000,0.000,0.000,7.736,6.606,0.000,0,0,0,0,0,0,0,0,0,0.000,0.000,0.000,0.000,0.000,0.000,0.000,0.000,0,0,0,0,0,0,0,0,0,0.000,0.000,0.000,0.000,0.000,0.000,0.000,0.000,0,0,0,0,0,0,0,0,0,0.000,0.000,0.000,0.000,0.000,0.000,0.000,0.000,0,0,0,0,0,0,0,0,0,0.000,0.000,0.000,0.000,0.000,0.000,0.000,0.000,0,0,0,0,0,0,0,0,0,0,0,0,0,0,0,0,0,0
4201,140.0,2730,64,6,102,2628,0,0,134,205.35,1.375,1.194,0.117,0.075,0.071,-0.831,1.638,0.4742,2.1314,0.671,0.000,0.003,0.118,-0.096,78,126,14,0,19,0,105277.12,1538.003,42873.098,0.399,957.394,14.181,23533.305,9939.834,184.017,16404.312,13123.450,546.254,103.089,237.306,0.000239,0.003608,200,0,14,0,14,14,4266,0,0,0.000,0,0,0,0,0,0,0,0,0,0,0,0,0,0,75938,2048,200,52285.079,42855.922,957.394,0.399,0.000,23176.978,9847.221,51.918,338,159,126,14,19,31794,54,1,0,25.000,17.176,0.000,0.000,0.000,13.071,10.637,0.000,0,0,0,0,0,0,0,0,0,0.000,0.000,0.000,0.000,0.000,0.000,0.000,0.000,0,0,0,0,0,0,0,0,0,0.000,0.000,0.000,0.000,0.000,0.000,0.000,0.000,0,0,0,0,0,0,0,0,0,0.000,0.000,0.000,0.000,0.000,0.000,0.000,0.000,0,0,0,0,0,0,0,0,0,0.000,0.000,0.000,0.000,0.000,0.000,0.000,0.000,0,0,0,0,0,0,0,0,0,0,0,0,0,0,0,0,0,0
4231,141.0,2860,70,6,104,2756,0,0,160,221.43,1.376,1.194,0.117,0.077,0.071,-0.832,1.648,0.4798,2.1321,0.667,0.010,0.003,0.117,-0.096,79,145,13,0,25,0,110028.80,1695.447,42495.567,0.371,963.866,19.771,24910.427,10482.185,226.669,15011.194,12008.955,496.088,90.409,231.694,0.000234,0.004294,201,0,13,0,13,13,4715,0,0,0.000,0,0,0,0,0,0,0,0,0,0,0,0,0,0,80378,2029,201,51711.805,42425.319,963.866,0.371,0.000,24542.067,10380.403,57.295,311,183,145,13,25,41917,60,4,0,100.000,67.488,0.000,0.000,0.000,14.490,12.084,0.000,0,0,0,0,0,0,0,0,0,0.000,0.000,0.000,0.000,0.000,0.000,0.000,0.000,0,0,0,0,0,0,0,0,0,0.000,0.000,0.000,0.000,0.000,0.000,0.000,0.000,0,0,0,0,0,0,0,0,0,0.000,0.000,0.000,0.000,0.000,0.000,0.000,0.000,0,0,0,0,0,0,0,0,0,0.000,0.000,0.000,0.000,0.000,0.000,0.000,0.000,0,0,0,0,0,0,0,0,0,0,0,0,0,0,0,0,0,0
4261,142.0,2997,80,6,104,2893,0,0,199,226.38,1.381,1.195,0.117,0.078,0.069,-0.833,1.644,0.4775,2.1268,0.704,0.019,0.002,0.117,-0.097,90,153,23,0,35,0,113563.79,1829.364,44105.688,6.590,876.828,18.765,26323.594,11138.675,282.051,16712.170,13369.736,950.820,131.718,237.366,0.000247,0.004798,173,0,21,2,23,21,5137,0,2,6.185,0,0,0,0,0,0,0,0,0,0,0,0,0,0,84821,2113,173,53557.085,44102.549,876.828,0.405,6.185,25947.730,11027.233,66.899,345,208,153,21,34,47855,60,0,0,0.000,0.000,0.000,0.000,0.000,14.602,11.797,0.000,0,0,0,0,0,0,0,0,0,0.000,0.000,0.000,0.000,0.000,0.000,0.000,0.000,0,0,0,0,0,0,0,0,0,0.000,0.000,0.000,0.000,0.000,0.000,0.000,0.000,0,0,0,0,0,0,0,0,0,0.000,0.000,0.000,0.000,0.000,0.000,0.000,0.000,0,0,0,0,0,0,0,0,0,0.000,0.000,0.000,0.000,0.000,0.000,0.000,0.000,0,0,0,0,0,0,0,0,0,0,0,0,0,0,0,0,0,0
4291,143.0,3129,73,6,109,3020,0,0,271,228.62,1.383,1.196,0.117,0.077,0.070,-0.833,1.648,0.4791,2.1336,0.704,0.000,0.002,0.117,-0.096,91,186,27,0,33,0,118997.78,1911.822,48083.721,3.369,1009.577,19.262,27584.289,11621.402,366.673,18081.090,14464.872,1006.175,73.665,296.496,0.000273,0.005530,190,0,26,1,27,26,5176,0,1,2.669,0,0,0,0,0,0,0,0,0,0,0,0,0,0,88697,2304,190,58538.368,48057.552,1009.577,0.699,2.669,27199.580,11511.240,63.837,372,245,186,26,33,55712,60,1,0,25.000,17.176,0.000,0.000,0.000,14.718,12.383,0.000,0,0,0,0,0,0,0,0,0,0.000,0.000,0.000,0.000,0.000,0.000,0.000,0.000,0,0,0,0,0,0,0,0,0,0.000,0.000,0.000,0.000,0.000,0.000,0.000,0.000,0,0,0,0,0,0,0,0,0,0.000,0.000,0.000,0.000,0.000,0.000,0.000,0.000,0,0,0,0,0,0,0,0,0,0.000,0.000,0.000,0.000,0.000,0.000,0.000,0.000,0,0,0,0,0,0,0,0,0,0,0,0,0,0,0,0,0,0
4321,144.0,3217,56,6,114,3103,0,0,350,209.18,1.383,1.195,0.116,0.076,0.070,-0.834,1.644,0.4897,2.0958,0.672,0.009,0.001,0.117,-0.096,78,182,27,0,60,0,124139.13,2078.755,48787.784,2.439,1250.411,18.157,28610.247,11943.995,479.392,17100.290,13680.232,926.267,8.019,339.646,0.000207,0.005175,256,0,25,2,27,25,5137,2,2,1.865,0,0,0,0,0,0,0,0,0,0,0,0,0,0,91877,2332,254,59584.354,48784.645,1249.764,0.574,1.865,28209.655,11833.473,64.935,350,266,182,25,59,54800,49,0,0,0.000,0.000,0.000,0.000,0.000,12.439,9.063,0.000,0,1,0,0,1,133,0,0,0,0.000,0.000,0.000,0.000,0.000,0.000,0.000,0.000,0,0,0,0,0,0,0,0,0,0.000,0.000,0.000,0.000,0.000,0.000,0.000,0.000,0,0,0,0,0,0,0,0,0,0.000,0.000,0.000,0.000,0.000,0.000,0.000,0.000,0,0,0,0,0,0,0,0,0,0.000,0.000,0.000,0.000,0.000,0.000,0.000,0.000,0,0,0,0,0,0,0,0,0,0,0,0,0,0,0,0,0,0
4351,145.0,3344,53,6,118,3226,0,0,471,223.89,1.385,1.196,0.114,0.075,0.070,-0.834,1.641,0.4835,2.1161,0.695,0.000,0.002,0.116,-0.095,78,179,26,0,59,0,128879.74,2144.198,50201.596,0.659,1367.255,19.978,29578.787,12260.801,638.719,18757.270,15005.816,1031.297,3.933,340.860,0.000185,0.005642,255,0,26,0,26,26,5418,0,0,0.000,0,0,0,0,0,0,0,0,0,0,0,0,0,0,94852,2400,255,61334.974,50180.163,1367.255,0.659,0.000,29173.576,12154.476,68.112,385,261,179,25,57,58399,2,0,0,0.000,0.000,0.000,0.000,0.000,0.558,0.472,0.000,0,1,0,1,0,683,0,0,0,0.000,0.000,0.000,0.000,0.000,0.000,0.000,0.000,0,0,0,0,0,0,0,0,0,0.000,0.000,0.000,0.000,0.000,0.000,0.000,0.000,0,0,0,0,0,0,0,0,0,0.000,0.000,0.000,0.000,0.000,0.000,0.000,0.000,0,0,0,0,0,0,0,0,0,0.000,0.000,0.000,0.000,0.000,0.000,0.000,0.000,0,0,0,0,0,0,0,0,0,0,0,0,0,0,0,0,0,0
4381,146.0,3465,57,6,124,3341,0,0,574,244.49,1.387,1.196,0.116,0.075,0.070,-0.835,1.643,0.4912,2.1032,0.703,0.000,0.001,0.117,-0.095,65,160,32,0,86,0,133336.02,2318.039,52213.618,0.868,1478.977,19.059,30700.199,12690.344,806.948,19242.073,15393.658,1626.772,7.013,396.559,0.000253,0.005712,316,0,32,0,32,32,5605,0,0,0.000,0,0,0,0,0,0,0,0,0,0,0,0,0,0,98246,2491,316,63849.045,52210.744,1478.977,0.868,0.000,30282.728,12576.279,74.924,393,278,160,32,86,68123,0,0,0,0.000,0.000,0.000,0.000,0.000,0.000,0.000,0.000,0,0,0,0,0,0,0,0,0,0.000,0.000,0.000,0.000,0.000,0.000,0.000,0.000,0,0,0,0,0,0,0,0,0,0.000,0.000,0.000,0.000,0.000,0.000,0.000,0.000,0,0,0,0,0,0,0,0,0,0.000,0.000,0.000,0.000,0.000,0.000,0.000,0.000,0,0,0,0,0,0,0,0,0,0.000,0.000,0.000,0.000,0.000,0.000,0.000,0.000,0,0,0,0,0,0,0,0,0,0,0,0,0,0,0,0,0,0
4411,147.0,3573,60,6,128,3445,0,0,695,253.08,1.388,1.197,0.117,0.073,0.070,-0.836,1.640,0.4829,2.0982,0.705,0.008,0.001,0.117,-0.095,81,146,41,0,96,0,135196.98,2439.651,51555.155,7.314,1434.663,20.895,31940.689,13188.030,1007.666,18757.681,15006.145,1834.658,0.000,418.564,0.000217,0.006126,306,0,38,3,41,38,5832,3,3,5.949,0,0,0,0,0,0,0,0,0,0,0,0,0,0,102060,2454,303,62778.705,51545.737,1424.664,1.365,5.949,31500.042,13072.254,75.639,384,280,146,38,96,73218,0,0,0,0.000,0.000,0.000,0.000,0.000,0.000,0.000,0.000,0,0,0,0,0,0,0,0,0,0.000,0.000,0.000,0.000,0.000,0.000,0.000,0.000,0,0,0,0,0,0,0,0,0,0.000,0.000,0.000,0.000,0.000,0.000,0.000,0.000,0,0,0,0,0,0,0,0,0,0.000,0.000,0.000,0.000,0.000,0.000,0.000,0.000,0,0,0,0,0,0,0,0,0,0.000,0.000,0.000,0.000,0.000,0.000,0.000,0.000,0,0,0,0,0,0,0,0,0,0,0,0,0,0,0,0,0,0
4441,148.0,3630,62,6,137,3493,0,0,856,258.88,1.388,1.194,0.118,0.072,0.072,-0.836,1.637,0.4898,2.1282,0.693,0.007,0.001,0.116,-0.096,82,142,44,0,134,0,135456.77,2607.503,51168.665,1.797,1683.013,16.813,32699.759,13405.055,1204.629,18058.471,14446.777,2107.758,0.000,489.294,0.000249,0.005507,362,0,44,0,44,44,6044,1,0,0.000,0,0,0,0,0,0,0,0,0,0,0,0,0,0,104222,2444,361,62734.317,51152.755,1682.498,1.797,0.000,32240.308,13284.337,79.559,368,320,142,44,134,85227,0,0,0,0.000,0.000,0.000,0.000,0.000,0.000,0.000,0.000,0,0,0,0,0,0,0,0,0,0.000,0.000,0.000,0.000,0.000,0.000,0.000,0.000,0,0,0,0,0,0,0,0,0,0.000,0.000,0.000,0.000,0.000,0.000,0.000,0.000,0,0,0,0,0,0,0,0,0,0.000,0.000,0.000,0.000,0.000,0.000,0.000,0.000,0,0,0,0,0,0,0,0,0,0.000,0.000,0.000,0.000,0.000,0.000,0.000,0.000,0,0,0,0,0,0,0,0,0,0,0,0,0,0,0,0,0,0
4471,149.0,3672,67,6,144,3528,0,0,1020,249.76,1.389,1.192,0.118,0.073,0.073,-0.836,1.636,0.4964,2.0882,0.707,0.014,0.001,0.117,-0.096,72,149,44,0,139,0,137209.70,2749.982,52954.738,1.159,1445.688,16.500,33094.112,13461.831,1482.888,17994.898,14395.918,1889.093,0.000,426.044,0.000246,0.005305,340,0,44,0,44,44,6231,5,0,0.000,0,0,0,0,0,0,0,0,0,0,0,0,0,0,105197,2527,335,64620.784,52928.814,1430.944,1.159,0.000,32596.209,13329.794,79.839,367,332,149,44,139,90645,54,1,0,25.000,16.706,0.000,0.000,0.000,16.659,8.237,0.000,0,0,0,0,0,0,0,0,0,0.000,0.000,0.000,0.000,0.000,0.000,0.000,0.000,0,0,0,0,0,0,0,0,0,0.000,0.000,0.000,0.000,0.000,0.000,0.000,0.000,0,0,0,0,0,0,0,0,0,0.000,0.000,0.000,0.000,0.000,0.000,0.000,0.000,0,0,0,0,0,0,0,0,0,0.000,0.000,0.000,0.000,0.000,0.000,0.000,0.000,0,0,0,0,0,0,0,0,0,0,0,0,0,0,0,0,0,0
4501,150.0,3700,58,8,148,3552,0,0,1159,302.12,1.389,1.193,0.117,0.074,0.073,-0.836,1.634,0.4942,2.1176,0.678,0.007,0.000,0.117,-0.096,66,142,35,0,165,0,139027.05,2884.104,52962.982,5.203,1808.581,14.866,33437.769,13413.226,1746.245,17701.700,14161.360,1428.717,5.270,463.373,0.000275,0.004992,380,0,32,3,35,32,6338,0,3,4.027,0,0,0,0,0,0,0,0,0,0,0,0,0,0,105879,2519,380,64970.533,52894.819,1808.581,1.176,4.027,32904.804,13275.162,77.369,362,339,142,32,165,91100,133,4,0,100.000,67.254,0.000,0.000,0.000,35.702,15.366,0.000,1,0,0,0,0,0,0,0,0,0.000,0.000,0.000,0.000,0.000,0.000,0.000,0.000,0,0,0,0,0,0,0,0,0,0.000,0.000,0.000,0.000,0.000,0.000,0.000,0.000,0,0,0,0,0,0,0,0,0,0.000,0.000,0.000,0.000,0.000,0.000,0.000,0.000,0,0,0,0,0,0,0,0,0,0.000,0.000,0.000,0.000,0.000,0.000,0.000,0.000,0,0,0,0,0,0,0,0,0,0,0,0,0,0,0,0,0,0
4531,151.0,3750,61,8,153,3597,0,0,1320,296.35,1.389,1.194,0.116,0.073,0.074,-0.836,1.634,0.5083,2.1360,0.713,0.007,0.001,0.117,-0.096,83,129,31,0,203,0,139994.88,3037.812,53916.506,2.738,1786.700,16.660,33890.191,13630.918,1958.445,19827.991,15862.393,2065.743,10.656,467.681,0.000355,0.005687,378,0,30,1,31,30,6703,21,1,1.711,0,0,0,0,0,0,0,0,0,0,0,0,0,0,107098,2566,355,65997.057,53907.715,1767.549,1.027,1.711,33350.207,13485.840,85.847,406,360,129,30,201,104907,129,0,2,4.044,0.000,2.696,0.000,0.000,30.895,12.110,0.000,0,1,0,0,1,65,0,0,0,0.000,0.000,0.000,0.000,0.000,0.000,0.000,0.000,0,0,0,0,0,0,0,0,0,0.000,0.000,0.000,0.000,0.000,0.000,0.000,0.000,0,0,0,0,0,0,0,0,0,0.000,0.000,0.000,0.000,0.000,0.000,0.000,0.000,0,0,0,0,0,0,0,0,0,0.000,0.000,0.000,0.000,0.000,0.000,0.000,0.000,0,0,0,0,0,0,0,0,0,0,0,0,0,0,0,0,0,0
4561,152.0,3725,48,8,160,3565,0,0,1423,335.61,1.390,1.194,0.117,0.074,0.076,-0.836,1.625,0.5132,2.1170,0.709,0.006,0.001,0.117,-0.096,77,108,46,0,224,0,137960.66,3137.452,50941.706,1.361,2010.890,18.250,34040.017,13806.323,2196.886,16978.588,13582.871,2125.000,3.813,546.982,0.000208,0.007322,433,0,46,0,46,46,7013,0,0,0.000,0,0,0,0,0,0,0,0,0,0,0,0,0,0,107255,2426,433,62833.457,50901.646,2010.890,1.361,0.000,33483.609,13647.651,94.565,346,378,108,46,224,121537,144,2,0,50.000,34.161,0.000,0.000,0.000,34.709,14.562,0.000,0,0,0,0,0,0,0,0,0,0.000,0.000,0.000,0.000,0.000,0.000,0.000,0.000,0,0,0,0,0,0,0,0,0,0.000,0.000,0.000,0.000,0.000,0.000,0.000,0.000,0,0,0,0,0,0,0,0,0,0.000,0.000,0.000,0.000,0.000,0.000,0.000,0.000,0,0,0,0,0,0,0,0,0,0.000,0.000,0.000,0.000,0.000,0.000,0.000,0.000,0,0,0,0,0,0,0,0,0,0,0,0,0,0,0,0,0,0
4591,153.0,3713,46,8,167,3546,0,0,1522,304.32,1.390,1.194,0.117,0.072,0.077,-0.837,1.626,0.5061,2.1027,0.694,0.006,0.001,0.117,-0.096,78,110,25,0,215,0,136851.75,3176.011,51198.995,3.170,1924.776,18.568,33987.997,13838.632,2358.180,16252.148,13001.718,1594.060,10.431,447.355,0.000257,0.008370,463,0,24,1,25,24,6992,0,1,2.358,0,0,0,0,0,0,0,0,0,0,0,0,0,0,106739,2435,460,62729.184,51106.178,1906.334,0.813,2.358,33405.511,13676.388,92.628,329,348,109,24,215,101820,150,4,3,126.807,66.349,18.442,0.000,0.000,36.563,17.177,0.000,0,0,0,0,0,0,0,0,0,0.000,0.000,0.000,0.000,0.000,0.000,0.000,0.000,0,0,0,0,0,0,0,0,0,0.000,0.000,0.000,0.000,0.000,0.000,0.000,0.000,0,0,0,0,0,0,0,0,0,0.000,0.000,0.000,0.000,0.000,0.000,0.000,0.000,0,0,0,0,0,0,0,0,0,0.000,0.000,0.000,0.000,0.000,0.000,0.000,0.000,0,0,0,0,0,0,0,0,0,0,0,0,0,0,0,0,0,0
4621,154.0,3640,56,8,177,3463,0,0,1616,373.02,1.389,1.191,0.117,0.070,0.080,-0.838,1.613,0.5189,2.1238,0.684,0.006,0.001,0.117,-0.097,90,105,31,0,247,0,136549.14,3222.919,51605.353,3.106,1921.662,16.858,33561.515,13645.254,2535.055,14889.914,11911.931,1884.967,50.305,478.910,0.000239,0.008764,443,0,30,1,31,30,6937,0,1,1.842,0,0,0,0,0,0,0,0,0,0,0,0,0,0,105196,2449,440,63312.345,51580.146,1909.791,1.263,1.842,32957.005,13483.837,88.664,298,381,105,30,246,127326,150,0,3,17.215,0.000,11.872,0.000,0.000,36.573,15.558,0.000,0,0,0,0,0,0,0,0,0,0.000,0.000,0.000,0.000,0.000,0.000,0.000,0.000,0,0,0,0,0,0,0,0,0,0.000,0.000,0.000,0.000,0.000,0.000,0.000,0.000,0,0,0,0,0,0,0,0,0,0.000,0.000,0.000,0.000,0.000,0.000,0.000,0.000,0,0,0,0,0,0,0,0,0,0.000,0.000,0.000,0.000,0.000,0.000,0.000,0.000,0,0,0,0,0,0,0,0,0,0,0,0,0,0,0,0,0,0
4651,155.0,3649,61,13,183,3466,0,0,1651,312.86,1.390,1.189,0.120,0.069,0.081,-0.839,1.602,0.5136,2.0893,0.710,0.000,0.001,0.117,-0.097,64,78,33,0,251,0,136199.72,3311.873,51593.192,5.795,1843.929,16.118,33121.061,13465.684,2628.847,17924.558,14339.647,1973.775,28.755,457.254,0.000243,0.008591,386,0,31,2,33,31,6948,1,2,4.394,0,0,0,0,0,0,0,0,0,0,0,0,0,0,103587,2444,385,63047.684,51483.210,1841.717,1.401,4.394,32491.430,13301.341,89.475,362,359,78,31,250,112995,150,5,0,125.000,81.765,0.000,0.000,0.000,36.651,15.161,0.000,0,0,0,0,0,0,0,0,0,0.000,0.000,0.000,0.000,0.000,0.000,0.000,0.000,0,0,0,0,0,0,0,0,0,0.000,0.000,0.000,0.000,0.000,0.000,0.000,0.000,0,0,0,0,0,0,0,0,0,0.000,0.000,0.000,0.000,0.000,0.000,0.000,0.000,0,0,0,0,0,0,0,0,0,0.000,0.000,0.000,0.000,0.000,0.000,0.000,0.000,0,0,0,0,0,0,0,0,0,0,0,0,0,0,0,0,0,0
4681,156.0,3615,39,13,184,3431,0,0,1701,345.65,1.390,1.189,0.120,0.067,0.082,-0.839,1.602,0.5254,2.0841,0.735,0.000,0.001,0.117,-0.096,65,89,19,0,271,0,135373.50,3284.112,50668.780,0.689,2078.550,15.547,32950.295,13394.147,2697.160,16681.197,13344.958,1925.857,13.715,462.377,0.000270,0.008317,469,0,19,0,19,19,6894,1,0,0.000,0,0,0,0,0,0,0,0,0,0,0,0,0,0,102738,2396,467,62223.816,50578.764,2067.439,0.689,0.000,32308.048,13238.073,77.004,340,374,89,19,266,126815,162,5,1,129.529,84.003,3.141,0.000,0.000,41.561,20.414,0.000,0,1,0,0,1,212,0,0,0,0.000,0.000,0.000,0.000,0.000,0.000,0.000,0.000,0,0,0,0,0,0,0,0,0,0.000,0.000,0.000,0.000,0.000,0.000,0.000,0.000,0,0,0,0,0,0,0,0,0,0.000,0.000,0.000,0.000,0.000,0.000,0.000,0.000,0,0,0,0,0,0,0,0,0,0.000,0.000,0.000,0.000,0.000,0.000,0.000,0.000,0,0,0,0,0,0,0,0,0,0,0,0,0,0,0,0,0,0
4711,157.0,3608,48,13,188,3420,0,0,1733,300.58,1.392,1.188,0.120,0.066,0.083,-0.840,1.598,0.5109,2.0882,0.703,0.005,0.001,0.117,-0.097,71,76,17,0,244,0,133257.39,3226.370,48891.675,0.697,1955.983,15.779,33091.250,13465.380,2782.178,16005.011,12804.009,1253.593,25.159,416.296,0.000170,0.009049,406,0,17,0,17,17,6970,0,0,0.000,0,0,0,0,0,0,0,0,0,0,0,0,0,0,103020,2308,406,59906.112,48865.417,1955.983,0.697,0.000,32442.976,13309.236,77.491,325,335,76,16,243,102510,144,1,0,25.000,16.706,0.000,0.000,0.000,36.602,19.302,0.000,0,1,0,1,0,168,0,0,0,0.000,0.000,0.000,0.000,0.000,0.000,0.000,0.000,0,0,0,0,0,0,0,0,0,0.000,0.000,0.000,0.000,0.000,0.000,0.000,0.000,0,0,0,0,0,0,0,0,0,0.000,0.000,0.000,0.000,0.000,0.000,0.000,0.000,0,0,0,0,0,0,0,0,0,0.000,0.000,0.000,0.000,0.000,0.000,0.000,0.000,0,0,0,0,0,0,0,0,0,0,0,0,0,0,0,0,0,0
4741,158.0,3572,43,13,191,3381,0,0,1745,305.66,1.394,1.189,0.119,0.066,0.084,-0.840,1.601,0.5096,2.0754,0.699,0.010,0.001,0.117,-0.097,66,91,20,0,251,0,129836.02,3166.888,47604.315,5.043,1877.659,16.203,32659.381,13220.085,2794.458,15887.397,12709.918,1921.386,0.000,424.818,0.000226,0.008539,440,0,17,3,20,17,6827,3,3,3.832,0,0,0,0,0,0,0,0,0,0,0,0,0,0,101494,2245,437,58202.667,47476.856,1875.074,1.212,3.832,32007.047,13069.395,75.839,320,359,91,17,251,115976,120,7,0,175.000,115.597,0.000,0.000,0.000,29.407,14.986,0.000,0,0,0,0,0,0,0,0,0,0.000,0.000,0.000,0.000,0.000,0.000,0.000,0.000,0,0,0,0,0,0,0,0,0,0.000,0.000,0.000,0.000,0.000,0.000,0.000,0.000,0,0,0,0,0,0,0,0,0,0.000,0.000,0.000,0.000,0.000,0.000,0.000,0.000,0,0,0,0,0,0,0,0,0,0.000,0.000,0.000,0.000,0.000,0.000,0.000,0.000,0,0,0,0,0,0,0,0,0,0,0,0,0,0,0,0,0,0
4771,159.0,3448,58,13,194,3254,0,0,1753,366.77,1.393,1.185,0.121,0.064,0.086,-0.842,1.599,0.5223,2.0915,0.702,0.015,0.002,0.116,-0.097,64,97,17,0,283,0,126966.36,3064.297,46397.367,1.128,1693.218,15.700,32203.137,12979.050,2846.116,13188.267,10550.614,1296.327,11.591,358.583,0.000199,0.009241,446,0,17,0,17,17,7018,0,0,0.000,0,0,0,0,0,0,0,0,0,0,0,0,0,0,99794,2181,446,56494.406,46351.257,1693.218,1.128,0.000,31533.976,12824.058,76.801,264,392,97,17,278,133015,120,2,0,50.000,33.374,0.000,0.000,0.000,29.411,14.932,0.000,1,0,0,0,0,0,0,0,0,0.000,0.000,0.000,0.000,0.000,0.000,0.000,0.000,0,0,0,0,0,0,0,0,0,0.000,0.000,0.000,0.000,0.000,0.000,0.000,0.000,0,0,0,0,0,0,0,0,0,0.000,0.000,0.000,0.000,0.000,0.000,0.000,0.000,0,0,0,0,0,0,0,0,0,0.000,0.000,0.000,0.000,0.000,0.000,0.000,0.000,0,0,0,0,0,0,0,0,0,0,0,0,0,0,0,0,0,0
4801,160.0,3371,47,12,198,3173,0,0,1709,306.53,1.390,1.183,0.123,0.065,0.088,-0.842,1.602,0.5304,2.0905,0.689,0.005,0.002,0.116,-0.098,76,73,15,0,268,0,122386.55,3019.194,43610.776,4.125,1851.885,16.229,31132.175,12579.279,2825.141,13375.175,10700.140,1574.186,59.124,368.964,0.000280,0.009368,465,0,13,2,15,13,6900,2,2,3.536,0,0,0,0,0,0,0,0,0,0,0,0,0,0,96391,2059,463,53531.639,43538.882,1851.587,0.588,3.536,30454.683,12424.136,73.092,268,350,73,13,264,110142,140,3,0,75.000,48.177,0.000,0.000,0.000,33.252,17.500,0.000,1,0,0,0,0,0,0,0,0,0.000,0.000,0.000,0.000,0.000,0.000,0.000,0.000,0,0,0,0,0,0,0,0,0,0.000,0.000,0.000,0.000,0.000,0.000,0.000,0.000,0,0,0,0,0,0,0,0,0,0.000,0.000,0.000,0.000,0.000,0.000,0.000,0.000,0,0,0,0,0,0,0,0,0,0.000,0.000,0.000,0.000,0.000,0.000,0.000,0.000,0,0,0,0,0,0,0,0,0,0,0,0,0,0,0,0,0,0
4831,161.0,3266,57,12,203,3063,0,0,1663,326.96,1.387,1.181,0.121,0.065,0.091,-0.843,1.606,0.5389,2.1055,0.673,0.000,0.002,0.116,-0.098,77,70,27,0,268,0,118286.90,3020.645,42779.435,4.085,1685.036,15.817,30260.101,12253.266,2750.067,12560.349,10048.280,1726.313,13.824,388.180,0.000202,0.008698,456,0,26,1,27,26,6750,2,1,2.662,0,0,0,0,0,0,0,0,0,0,0,0,0,0,93568,2017,453,52225.908,42678.909,1678.230,1.423,2.662,29565.715,12090.006,72.231,251,361,70,26,265,117273,191,5,1,133.888,82.988,5.939,0.000,0.000,43.236,22.935,0.000,1,1,0,0,1,157,0,0,0,0.000,0.000,0.000,0.000,0.000,0.000,0.000,0.000,0,0,0,0,0,0,0,0,0,0.000,0.000,0.000,0.000,0.000,0.000,0.000,0.000,0,0,0,0,0,0,0,0,0,0.000,0.000,0.000,0.000,0.000,0.000,0.000,0.000,0,0,0,0,0,0,0,0,0,0.000,0.000,0.000,0.000,0.000,0.000,0.000,0.000,0,0,0,0,0,0,0,0,0,0,0,0,0,0,0,0,0,0
4861,162.0,3171,46,12,202,2969,0,0,1605,336.64,1.387,1.180,0.121,0.065,0.092,-0.843,1.601,0.5435,2.0792,0.736,0.005,0.002,0.116,-0.098,64,71,6,0,236,0,115092.98,3010.393,40584.122,1.588,1970.163,14.436,29198.666,11749.560,2654.946,10645.255,8516.204,666.072,14.957,376.768,0.000208,0.007901,549,0,5,1,6,5,6675,2,1,1.289,0,0,0,0,0,0,0,0,0,0,0,0,0,0,90178,1913,547,49951.028,40479.953,1968.341,0.299,1.289,28491.362,11591.280,62.111,217,311,71,5,235,101473,210,5,0,125.000,82.410,0.000,0.000,0.000,46.480,25.160,0.000,0,0,0,0,0,0,0,0,0,0.000,0.000,0.000,0.000,0.000,0.000,0.000,0.000,0,0,0,0,0,0,0,0,0,0.000,0.000,0.000,0.000,0.000,0.000,0.000,0.000,0,0,0,0,0,0,0,0,0,0.000,0.000,0.000,0.000,0.000,0.000,0.000,0.000,0,0,0,0,0,0,0,0,0,0.000,0.000,0.000,0.000,0.000,0.000,0.000,0.000,0,0,0,0,0,0,0,0,0,0,0,0,0,0,0,0,0,0
4891,163.0,3064,45,12,203,2861,0,0,1579,311.70,1.384,1.178,0.122,0.066,0.094,-0.844,1.602,0.5484,2.0614,0.708,0.000,0.001,0.116,-0.099,63,69,16,0,235,0,110018.85,3085.151,37799.406,2.585,1872.414,13.193,28286.442,11334.866,2608.749,10411.014,8328.811,1265.560,4.274,379.174,0.000161,0.007205,480,0,15,1,16,15,6445,0,1,1.795,0,0,0,0,0,0,0,0,0,0,0,0,0,0,87174,1772,480,46440.482,37677.278,1872.414,0.790,1.795,27571.751,11178.471,60.107,211,319,69,15,235,99862,210,6,0,150.000,99.288,0.000,0.000,0.000,46.457,23.703,0.000,0,0,0,0,0,0,0,0,0,0.000,0.000,0.000,0.000,0.000,0.000,0.000,0.000,0,0,0,0,0,0,0,0,0,0.000,0.000,0.000,0.000,0.000,0.000,0.000,0.000,0,0,0,0,0,0,0,0,0,0.000,0.000,0.000,0.000,0.000,0.000,0.000,0.000,0,0,0,0,0,0,0,0,0,0.000,0.000,0.000,0.000,0.000,0.000,0.000,0.000,0,0,0,0,0,0,0,0,0,0,0,0,0,0,0,0,0,0
4921,164.0,2935,50,12,198,2737,0,0,1481,322.80,1.383,1.178,0.122,0.066,0.095,-0.845,1.599,0.5406,2.0550,0.697,0.015,0.001,0.116,-0.099,54,92,13,0,236,0,104953.52,2853.936,36599.730,3.366,1623.797,13.987,27302.412,10991.817,2486.238,10298.330,8238.664,1330.262,9.090,342.881,0.000217,0.006607,490,0,12,1,13,12,6345,2,1,2.765,0,0,0,0,0,0,0,0,0,0,0,0,0,0,84073,1713,488,44669.660,36484.108,1623.498,0.601,2.765,26588.268,10837.982,57.263,212,336,92,12,232,104884,210,5,0,125.000,82.333,0.000,0.000,0.000,46.705,24.889,0.000,0,0,0,0,0,0,0,0,0,0.000,0.000,0.000,0.000,0.000,0.000,0.000,0.000,0,0,0,0,0,0,0,0,0,0.000,0.000,0.000,0.000,0.000,0.000,0.000,0.000,0,0,0,0,0,0,0,0,0,0.000,0.000,0.000,0.000,0.000,0.000,0.000,0.000,0,0,0,0,0,0,0,0,0,0.000,0.000,0.000,0.000,0.000,0.000,0.000,0.000,0,0,0,0,0,0,0,0,0,0,0,0,0,0,0,0,0,0
4951,165.0,2785,51,12,200,2585,0,0,1377,353.24,1.380,1.175,0.122,0.067,0.098,-0.846,1.600,0.5417,2.0607,0.729,0.000,0.002,0.117,-0.099,50,88,12,0,244,0,99650.64,2737.052,33902.388,1.997,1448.568,13.938,25820.019,10348.934,2309.015,9386.110,7508.888,1274.536,19.465,295.118,0.000150,0.005318,405,0,11,1,12,11,6066,2,1,1.466,0,0,0,0,0,0,0,0,0,0,0,0,0,0,79218,1591,403,41352.368,33836.629,1448.484,0.531,1.466,25110.188,10200.085,50.299,188,339,88,11,240,112556,202,4,0,100.000,65.758,0.000,0.000,0.000,43.931,28.337,0.000,0,1,0,0,1,133,0,0,0,0.000,0.000,0.000,0.000,0.000,0.000,0.000,0.000,0,0,0,0,0,0,0,0,0,0.000,0.000,0.000,0.000,0.000,0.000,0.000,0.000,0,0,0,0,0,0,0,0,0,0.000,0.000,0.000,0.000,0.000,0.000,0.000,0.000,0,0,0,0,0,0,0,0,0,0.000,0.000,0.000,0.000,0.000,0.000,0.000,0.000,0,0,0,0,0,0,0,0,0,0,0,0,0,0,0,0,0,0
4981,166.0,2676,41,12,194,2482,0,0,1263,358.39,1.380,1.176,0.120,0.070,0.099,-0.846,1.593,0.5354,2.0816,0.749,0.000,0.002,0.116,-0.100,51,80,4,0,198,0,93951.02,2629.717,31094.699,1.849,1437.886,14.124,24798.629,9775.798,2141.085,8438.340,6750.673,753.661,15.747,253.300,0.000153,0.005684,406,0,2,2,4,2,5575,0,2,1.794,0,0,0,0,0,0,0,0,0,0,0,0,0,0,75853,1455,405,37947.599,30981.231,1433.058,0.056,1.794,24099.953,9639.616,40.866,171,275,80,2,193,96384,201,6,1,157.308,97.136,4.828,0.000,0.000,40.567,27.153,0.000,1,0,0,0,0,0,0,0,0,0.000,0.000,0.000,0.000,0.000,0.000,0.000,0.000,0,0,0,0,0,0,0,0,0,0.000,0.000,0.000,0.000,0.000,0.000,0.000,0.000,0,0,0,0,0,0,0,0,0,0.000,0.000,0.000,0.000,0.000,0.000,0.000,0.000,0,0,0,0,0,0,0,0,0,0.000,0.000,0.000,0.000,0.000,0.000,0.000,0.000,0,0,0,0,0,0,0,0,0,0,0,0,0,0,0,0,0,0
5011,167.0,2554,39,12,192,2362,0,0,1170,354.86,1.377,1.175,0.120,0.072,0.101,-0.847,1.590,0.5316,2.0708,0.764,0.010,0.002,0.116,-0.100,65,73,6,0,191,0,88381.31,2489.441,29425.948,2.714,1147.693,13.873,23738.211,9271.182,1977.377,7198.548,5758.838,820.580,15.851,224.903,0.000152,0.006238,326,0,5,1,6,5,5598,1,1,2.357,0,0,0,0,0,0,0,0,0,0,0,0,0,0,72473,1390,325,35804.519,29393.761,1147.406,0.356,2.357,23051.746,9133.680,41.330,146,265,72,5,188,93417,194,1,0,25.000,16.706,0.000,0.000,0.000,38.209,29.843,0.000,0,1,1,0,0,523,0,0,0,0.000,0.000,0.000,0.000,0.000,0.000,0.000,0.000,0,0,0,0,0,0,0,0,0,0.000,0.000,0.000,0.000,0.000,0.000,0.000,0.000,0,0,0,0,0,0,0,0,0,0.000,0.000,0.000,0.000,0.000,0.000,0.000,0.000,0,0,0,0,0,0,0,0,0,0.000,0.000,0.000,0.000,0.000,0.000,0.000,0.000,0,0,0,0,0,0,0,0,0,0,0,0,0,0,0,0,0,0
5041,168.0,2412,42,12,195,2217,0,0,1092,325.27,1.373,1.171,0.119,0.070,0.105,-0.848,1.592,0.5368,2.0717,0.745,0.000,0.002,0.117,-0.101,53,89,4,0,175,0,83513.05,2455.692,27712.863,0.150,1259.314,13.291,22555.776,8697.174,1811.473,6068.879,4855.103,477.516,64.735,216.520,0.000189,0.006981,324,0,4,0,4,4,5504,3,0,0.000,0,0,0,0,0,0,0,0,0,0,0,0,0,0,68674,1298,321,33791.176,27693.637,1258.089,0.150,0.000,21867.030,8572.008,37.619,121,265,89,4,172,80932,172,0,0,0.000,0.000,0.000,0.000,0.000,32.960,19.358,0.000,0,1,0,0,1,574,0,0,0,0.000,0.000,0.000,0.000,0.000,0.000,0.000,0.000,0,0,0,0,0,0,0,0,0,0.000,0.000,0.000,0.000,0.000,0.000,0.000,0.000,0,0,0,0,0,0,0,0,0,0.000,0.000,0.000,0.000,0.000,0.000,0.000,0.000,0,0,0,0,0,0,0,0,0,0.000,0.000,0.000,0.000,0.000,0.000,0.000,0.000,0,0,0,0,0,0,0,0,0,0,0,0,0,0,0,0,0,0
5071,169.0,2278,34,12,196,2082,0,0,974,385.25,1.367,1.167,0.121,0.070,0.108,-0.849,1.594,0.5420,2.0284,0.763,0.000,0.002,0.117,-0.101,59,96,9,0,157,0,77600.55,2305.051,24882.699,6.314,1205.895,12.093,21157.250,8098.095,1665.396,6186.272,4949.018,701.070,9.049,238.446,0.000206,0.008701,326,0,7,2,9,7,5404,0,2,5.889,0,0,0,0,0,0,0,0,0,0,0,0,0,0,64215,1163,326,30386.244,24810.483,1205.895,0.425,5.889,20469.317,7982.684,34.857,125,259,96,7,156,96883,126,4,0,100.000,65.758,0.000,0.000,0.000,24.323,12.528,0.000,0,1,0,0,1,87,0,0,0,0.000,0.000,0.000,0.000,0.000,0.000,0.000,0.000,0,0,0,0,0,0,0,0,0,0.000,0.000,0.000,0.000,0.000,0.000,0.000,0.000,0,0,0,0,0,0,0,0,0,0.000,0.000,0.000,0.000,0.000,0.000,0.000,0.000,0,0,0,0,0,0,0,0,0,0.000,0.000,0.000,0.000,0.000,0.000,0.000,0.000,0,0,0,0,0,0,0,0,0,0,0,0,0,0,0,0,0,0
5101,170.0,2099,37,12,200,1899,0,0,876,373.02,1.359,1.161,0.122,0.068,0.115,-0.850,1.600,0.5432,2.0380,0.748,0.000,0.002,0.116,-0.101,53,91,10,0,175,0,71488.64,2273.155,22396.697,0.529,1013.530,13.612,19678.781,7497.629,1463.819,4684.028,3747.223,979.844,26.091,199.326,0.000152,0.009934,272,0,10,0,10,10,5307,2,0,0.000,0,0,0,0,0,0,0,0,0,0,0,0,0,0,59531,1047,269,27347.299,22359.384,1008.190,0.529,0.000,18984.505,7377.384,39.362,92,275,91,10,174,98876,120,1,1,31.881,15.735,4.331,0.000,0.000,23.290,11.755,0.000,0,0,0,0,0,0,0,0,0,0.000,0.000,0.000,0.000,0.000,0.000,0.000,0.000,0,0,0,0,0,0,0,0,0,0.000,0.000,0.000,0.000,0.000,0.000,0.000,0.000,0,0,0,0,0,0,0,0,0,0.000,0.000,0.000,0.000,0.000,0.000,0.000,0.000,0,0,0,0,0,0,0,0,0,0.000,0.000,0.000,0.000,0.000,0.000,0.000,0.000,0,0,0,0,0,0,0,0,0,0,0,0,0,0,0,0,0,0
5131,171.0,1973,45,12,199,1774,0,0,783,375.63,1.353,1.158,0.123,0.068,0.119,-0.850,1.604,0.5440,2.1130,0.754,0.005,0.003,0.117,-0.101,63,92,6,0,136,0,65895.70,2178.101,20440.033,0.126,1069.010,14.852,18380.892,7040.226,1322.664,5230.109,4184.087,224.928,0.000,196.465,0.000178,0.010967,283,0,6,0,6,6,5230,0,0,0.000,0,0,0,0,0,0,0,0,0,0,0,0,0,0,55363,954,283,25048.207,20374.599,1069.010,0.126,0.000,17672.794,6922.080,34.554,106,231,91,6,134,87421,120,2,0,50.000,32.253,0.000,0.000,0.000,23.508,12.607,0.000,0,0,0,0,0,0,0,0,0,0.000,0.000,0.000,0.000,0.000,0.000,0.000,0.000,0,0,0,0,0,0,0,0,0,0.000,0.000,0.000,0.000,0.000,0.000,0.000,0.000,0,0,0,0,0,0,0,0,0,0.000,0.000,0.000,0.000,0.000,0.000,0.000,0.000,0,0,0,0,0,0,0,0,0,0.000,0.000,0.000,0.000,0.000,0.000,0.000,0.000,0,0,0,0,0,0,0,0,0,0,0,0,0,0,0,0,0,0
5161,172.0,1853,49,12,201,1652,0,0,693,369.48,1.344,1.153,0.124,0.069,0.124,-0.851,1.598,0.5481,2.0305,0.759,0.000,0.002,0.117,-0.102,59,76,2,0,125,0,60867.04,2062.010,19242.758,0.159,984.686,12.502,17176.772,6543.619,1174.155,3966.257,3173.006,438.982,11.335,195.481,0.000149,0.011943,278,0,2,0,2,2,5191,15,0,0.000,0,0,0,0,0,0,0,0,0,0,0,0,0,0,51519,898,263,23543.770,19187.012,974.935,0.159,0.000,16458.647,6430.657,30.397,80,202,76,2,124,73692,120,2,0,50.000,33.506,0.000,0.000,0.000,23.587,12.209,0.000,0,0,0,0,0,0,0,0,0,0.000,0.000,0.000,0.000,0.000,0.000,0.000,0.000,0,0,0,0,0,0,0,0,0,0.000,0.000,0.000,0.000,0.000,0.000,0.000,0.000,0,0,0,0,0,0,0,0,0,0.000,0.000,0.000,0.000,0.000,0.000,0.000,0.000,0,0,0,0,0,0,0,0,0,0.000,0.000,0.000,0.000,0.000,0.000,0.000,0.000,0,0,0,0,0,0,0,0,0,0,0,0,0,0,0,0,0,0
5191,173.0,1710,37,12,204,1506,0,0,588,425.54,1.333,1.145,0.126,0.068,0.132,-0.852,1.607,0.5462,2.0345,0.767,0.000,0.003,0.117,-0.103,54,98,2,0,119,0,55968.84,2012.872,17004.865,0.647,890.138,11.541,15806.808,5969.396,1004.275,3584.531,2867.625,229.650,32.203,157.339,0.000145,0.012460,243,0,1,1,2,1,4915,0,1,0.602,0,0,0,0,0,0,0,0,0,0,0,0,0,0,47194,794,243,20838.120,16968.282,890.138,0.045,0.602,15085.926,5862.914,23.500,70,216,98,1,117,87553,120,2,0,50.000,32.535,0.000,0.000,0.000,23.740,12.639,0.000,0,0,0,0,0,0,0,0,0,0.000,0.000,0.000,0.000,0.000,0.000,0.000,0.000,0,0,0,0,0,0,0,0,0,0.000,0.000,0.000,0.000,0.000,0.000,0.000,0.000,0,0,0,0,0,0,0,0,0,0.000,0.000,0.000,0.000,0.000,0.000,0.000,0.000,0,0,0,0,0,0,0,0,0,0.000,0.000,0.000,0.000,0.000,0.000,0.000,0.000,0,0,0,0,0,0,0,0,0,0,0,0,0,0,0,0,0,0
5221,174.0,1572,36,12,206,1366,0,0,510,376.87,1.324,1.136,0.126,0.069,0.140,-0.852,1.611,0.5488,1.9829,0.783,0.000,0.003,0.118,-0.103,52,97,2,0,101,0,52595.62,1955.563,16546.406,0.063,929.955,12.618,14477.554,5489.922,860.267,2962.417,2369.934,234.640,38.247,182.139,0.000145,0.012294,281,0,2,0,2,2,4891,45,0,0.000,0,0,0,0,0,0,0,0,0,0,0,0,0,0,42937,768,236,20220.249,16508.948,908.806,0.063,0.000,13740.061,5378.357,25.936,60,199,97,2,100,74940,116,1,0,25.000,16.799,0.000,0.000,0.000,23.065,14.538,0.000,0,1,0,0,1,434,0,0,0,0.000,0.000,0.000,0.000,0.000,0.000,0.000,0.000,0,0,0,0,0,0,0,0,0,0.000,0.000,0.000,0.000,0.000,0.000,0.000,0.000,0,0,0,0,0,0,0,0,0,0.000,0.000,0.000,0.000,0.000,0.000,0.000,0.000,0,0,0,0,0,0,0,0,0,0.000,0.000,0.000,0.000,0.000,0.000,0.000,0.000,0,0,0,0,0,0,0,0,0,0,0,0,0,0,0,0,0,0
5251,175.0,1491,34,15,205,1286,0,0,440,422.05,1.317,1.132,0.125,0.069,0.145,-0.853,1.616,0.5418,1.9637,0.789,0.005,0.004,0.117,-0.104,55,80,3,0,75,0,49465.21,1883.925,15366.215,0.133,818.992,13.241,13441.531,5058.732,747.783,3747.373,2997.899,184.060,53.410,145.693,0.000133,0.012606,226,0,3,0,3,3,4953,1,0,0.000,0,0,0,0,0,0,0,0,0,0,0,0,0,0,39607,714,225,18780.719,15326.114,816.374,0.133,0.000,12700.887,4955.621,24.699,76,156,79,3,74,66410,90,2,0,50.000,33.599,0.000,0.000,0.000,17.896,8.421,0.000,0,0,0,0,0,0,0,0,0,0.000,0.000,0.000,0.000,0.000,0.000,0.000,0.000,0,0,0,0,0,0,0,0,0,0.000,0.000,0.000,0.000,0.000,0.000,0.000,0.000,0,0,0,0,0,0,0,0,0,0.000,0.000,0.000,0.000,0.000,0.000,0.000,0.000,0,0,0,0,0,0,0,0,0,0.000,0.000,0.000,0.000,0.000,0.000,0.000,0.000,0,0,0,0,0,0,0,0,0,0,0,0,0,0,0,0,0,0
5281,176.0,1388,35,15,207,1181,0,0,381,417.64,1.304,1.125,0.126,0.066,0.154,-0.854,1.615,0.5523,1.9705,0.786,0.000,0.004,0.118,-0.106,53,99,1,1,62,0,45288.48,1800.619,12709.533,0.140,695.715,12.284,12522.886,4556.954,633.954,2800.916,2240.733,269.601,22.250,121.198,0.000125,0.013702,197,0,1,0,1,1,4876,0,0,0.000,0,0,0,0,0,0,0,0,0,0,0,0,0,0,36752,592,197,15591.939,12705.966,695.715,0.140,0.000,11785.170,4458.817,21.368,55,159,98,1,60,60650,79,0,0,0.000,0.000,0.000,0.000,0.000,15.917,5.936,0.000,0,1,1,0,0,448,0,0,0,0.000,0.000,0.000,0.000,0.000,0.000,0.000,0.000,0,0,0,0,0,0,0,0,0,0.000,0.000,0.000,0.000,0.000,0.000,0.000,0.000,0,0,0,0,0,0,0,0,0,0.000,0.000,0.000,0.000,0.000,0.000,0.000,0.000,0,0,0,0,0,0,0,0,0,0.000,0.000,0.000,0.000,0.000,0.000,0.000,0.000,0,0,0,0,0,0,0,0,0,0,0,0,0,0,0,0,0,0
5311,177.0,1298,42,15,209,1089,0,0,355,418.74,1.293,1.120,0.126,0.065,0.162,-0.854,1.612,0.5516,2.0038,0.792,0.000,0.004,0.118,-0.107,49,83,0,0,56,0,41174.58,1809.048,11378.144,0.000,746.867,11.262,11722.361,4310.824,579.723,2316.577,1853.262,73.506,29.275,122.087,0.000097,0.014542,195,0,0,0,0,0,4778,0,0,0.000,0,0,0,0,0,0,0,0,0,0,0,0,0,0,34154,527,194,14036.586,11326.637,742.229,0.000,0.000,10976.365,4214.549,18.243,45,138,83,0,55,57297,66,2,1,57.368,33.599,4.638,0.000,0.000,13.286,5.865,0.000,1,0,0,0,0,0,0,0,0,0.000,0.000,0.000,0.000,0.000,0.000,0.000,0.000,0,0,0,0,0,0,0,0,0,0.000,0.000,0.000,0.000,0.000,0.000,0.000,0.000,0,0,0,0,0,0,0,0,0,0.000,0.000,0.000,0.000,0.000,0.000,0.000,0.000,0,0,0,0,0,0,0,0,0,0.000,0.000,0.000,0.000,0.000,0.000,0.000,0.000,0,0,0,0,0,0,0,0,0,0,0,0,0,0,0,0,0,0
5341,178.0,1199,46,15,206,993,0,0,275,415.93,1.281,1.111,0.127,0.062,0.170,-0.855,1.617,0.5503,1.9766,0.815,0.005,0.005,0.117,-0.108,62,75,2,0,69,0,38803.43,1743.442,11786.875,0.068,528.728,13.871,10711.101,3899.421,484.730,2279.570,1823.656,237.190,14.003,99.181,0.000105,0.014349,127,0,2,0,2,2,4589,0,0,0.000,0,0,0,0,0,0,0,0,0,0,0,0,0,0,30951,546,124,14231.387,11764.294,526.103,0.068,0.000,9961.665,3804.604,15.874,47,143,74,2,67,56099,90,1,3,28.907,15.735,2.625,0.000,0.000,17.241,7.769,0.000,0,0,0,0,0,0,0,0,0,0.000,0.000,0.000,0.000,0.000,0.000,0.000,0.000,0,0,0,0,0,0,0,0,0,0.000,0.000,0.000,0.000,0.000,0.000,0.000,0.000,0,0,0,0,0,0,0,0,0,0.000,0.000,0.000,0.000,0.000,0.000,0.000,0.000,0,0,0,0,0,0,0,0,0,0.000,0.000,0.000,0.000,0.000,0.000,0.000,0.000,0,0,0,0,0,0,0,0,0,0,0,0,0,0,0,0,0,0
5371,179.0,1123,45,15,209,914,0,0,247,426.84,1.266,1.100,0.129,0.062,0.180,-0.857,1.620,0.5535,2.0239,0.788,0.010,0.002,0.118,-0.109,45,74,1,0,43,0,37128.57,1705.836,11281.761,0.127,684.212,12.036,9966.423,3581.048,407.914,1968.800,1575.040,191.108,5.233,117.097,0.000084,0.014350,140,0,1,0,1,1,4492,0,0,0.000,0,0,0,0,0,0,0,0,0,0,0,0,0,0,28625,519,140,13769.499,11246.466,684.212,0.127,0.000,9207.742,3485.740,16.309,39,118,74,1,43,52094,90,2,0,50.000,32.535,0.000,0.000,0.000,17.369,8.508,0.000,0,0,0,0,0,0,0,0,0,0.000,0.000,0.000,0.000,0.000,0.000,0.000,0.000,0,0,0,0,0,0,0,0,0,0.000,0.000,0.000,0.000,0.000,0.000,0.000,0.000,0,0,0,0,0,0,0,0,0,0.000,0.000,0.000,0.000,0.000,0.000,0.000,0.000,0,0,0,0,0,0,0,0,0,0.000,0.000,0.000,0.000,0.000,0.000,0.000,0.000,0,0,0,0,0,0,0,0,0,0,0,0,0,0,0,0,0,0
5401,180.0,1082,36,14,210,872,0,0,201,423.68,1.257,1.096,0.131,0.060,0.186,-0.858,1.620,0.5550,1.9885,0.801,0.010,0.002,0.119,-0.110,65,52,8,0,42,0,35856.73,1690.628,11114.076,0.233,629.088,10.281,9367.934,3334.440,353.027,2924.750,2339.800,309.026,0.000,127.395,0.000106,0.013970,128,0,8,0,8,8,4506,0,0,0.000,0,0,0,0,0,0,0,0,0,0,0,0,0,0,26694,516,128,13607.848,11097.277,629.088,0.233,0.000,8598.950,3240.440,15.750,60,102,52,8,42,43051,90,1,0,25.000,16.799,0.000,0.000,0.000,17.640,7.980,0.000,0,0,0,0,0,0,0,0,0,0.000,0.000,0.000,0.000,0.000,0.000,0.000,0.000,0,0,0,0,0,0,0,0,0,0.000,0.000,0.000,0.000,0.000,0.000,0.000,0.000,0,0,0,0,0,0,0,0,0,0.000,0.000,0.000,0.000,0.000,0.000,0.000,0.000,0,0,0,0,0,0,0,0,0,0.000,0.000,0.000,0.000,0.000,0.000,0.000,0.000,0,0,0,0,0,0,0,0,0,0,0,0,0,0,0,0,0,0
5431,181.0,1041,63,14,207,834,0,0,167,457.49,1.252,1.093,0.133,0.062,0.190,-0.859,1.618,0.5689,2.0548,0.805,0.005,0.005,0.119,-0.111,50,49,5,1,25,0,33804.27,1704.603,9450.500,2.203,575.193,10.441,9008.566,3253.154,283.813,1849.614,1479.691,187.049,7.523,99.742,0.000086,0.013767,132,0,2,3,5,2,4436,2,3,2.140,0,0,0,0,0,0,0,0,0,0,0,0,0,0,25492,438,130,11596.891,9419.029,573.715,0.063,2.140,8235.927,3163.392,12.327,37,74,49,2,23,33041,69,2,0,50.000,31.471,0.000,0.000,0.000,13.542,7.390,0.000,0,1,0,0,1,611,0,0,0,0.000,0.000,0.000,0.000,0.000,0.000,0.000,0.000,0,0,0,0,0,0,0,0,0,0.000,0.000,0.000,0.000,0.000,0.000,0.000,0.000,0,0,0,0,0,0,0,0,0,0.000,0.000,0.000,0.000,0.000,0.000,0.000,0.000,0,0,0,0,0,0,0,0,0,0.000,0.000,0.000,0.000,0.000,0.000,0.000,0.000,0,0,0,0,0,0,0,0,0,0,0,0,0,0,0,0,0,0
5461,182.0,1002,61,14,203,799,0,0,150,504.73,1.244,1.094,0.134,0.060,0.193,-0.859,1.623,0.5674,2.0858,0.781,0.005,0.008,0.119,-0.111,54,76,2,2,23,0,33967.05,1697.856,11440.672,0.226,557.204,10.663,8611.106,3133.843,241.641,3070.663,2456.531,223.141,55.543,96.569,0.000085,0.013392,120,0,2,0,2,2,4464,0,0,0.000,0,0,0,0,0,0,0,0,0,0,0,0,0,0,24353,529,120,13849.165,11424.936,557.204,0.226,0.000,7859.456,3044.612,11.885,64,99,76,2,21,43321,60,1,0,25.000,15.735,0.000,0.000,0.000,11.760,7.991,0.000,0,0,0,0,0,0,0,0,0,0.000,0.000,0.000,0.000,0.000,0.000,0.000,0.000,0,0,0,0,0,0,0,0,0,0.000,0.000,0.000,0.000,0.000,0.000,0.000,0.000,0,0,0,0,0,0,0,0,0,0.000,0.000,0.000,0.000,0.000,0.000,0.000,0.000,0,0,0,0,0,0,0,0,0,0.000,0.000,0.000,0.000,0.000,0.000,0.000,0.000,0,0,0,0,0,0,0,0,0,0,0,0,0,0,0,0,0,0
5491,183.0,996,57,14,202,794,0,0,126,478.27,1.244,1.096,0.134,0.058,0.193,-0.861,1.619,0.5651,2.1015,0.795,0.005,0.004,0.119,-0.111,54,61,7,0,24,0,34817.89,1736.221,12130.793,5.152,512.888,11.042,8444.992,3092.722,216.412,4061.767,3249.414,309.349,43.584,101.905,0.000147,0.012782,96,0,4,3,7,4,4415,0,3,4.839,0,0,0,0,0,0,0,0,0,0,0,0,0,0,23851,560,96,14520.895,12059.186,512.888,0.312,4.839,7693.379,3000.040,16.033,81,86,60,4,22,35340,60,4,0,100.000,65.069,0.000,0.000,0.000,11.831,7.757,0.000,0,0,0,0,0,0,0,0,0,0.000,0.000,0.000,0.000,0.000,0.000,0.000,0.000,0,0,0,0,0,0,0,0,0,0.000,0.000,0.000,0.000,0.000,0.000,0.000,0.000,0,0,0,0,0,0,0,0,0,0.000,0.000,0.000,0.000,0.000,0.000,0.000,0.000,0,0,0,0,0,0,0,0,0,0.000,0.000,0.000,0.000,0.000,0.000,0.000,0.000,0,0,0,0,0,0,0,0,0,0,0,0,0,0,0,0,0,0
5521,184.0,1011,66,14,203,808,0,0,107,465.96,1.248,1.100,0.133,0.055,0.192,-0.860,1.619,0.5590,2.0898,0.797,0.005,0.005,0.120,-0.111,73,48,4,0,14,0,36474.07,1744.414,12699.626,0.068,517.700,12.620,8447.875,3090.081,171.364,3914.827,3131.861,173.855,20.852,100.945,0.000175,0.012110,106,0,4,0,4,4,4418,0,0,0.000,0,0,0,0,0,0,0,0,0,0,0,0,0,0,23784,586,106,15215.298,12630.071,517.700,0.068,0.000,7696.858,3000.673,12.917,79,65,48,4,13,26935,60,3,0,75.000,48.270,0.000,0.000,0.000,12.006,7.948,0.000,0,0,0,0,0,0,0,0,0,0.000,0.000,0.000,0.000,0.000,0.000,0.000,0.000,0,0,0,0,0,0,0,0,0,0.000,0.000,0.000,0.000,0.000,0.000,0.000,0.000,0,0,0,0,0,0,0,0,0,0.000,0.000,0.000,0.000,0.000,0.000,0.000,0.000,0,0,0,0,0,0,0,0,0,0.000,0.000,0.000,0.000,0.000,0.000,0.000,0.000,0,0,0,0,0,0,0,0,0,0,0,0,0,0,0,0,0,0
5551,185.0,1029,71,14,208,821,0,0,98,458.70,1.247,1.099,0.134,0.054,0.193,-0.861,1.619,0.5577,2.1425,0.776,0.019,0.004,0.119,-0.111,60,55,3,0,6,0,38459.75,1830.425,13072.500,2.905,525.834,12.987,8654.938,3176.410,153.530,3793.686,3034.949,78.796,9.391,88.341,0.000147,0.011536,89,0,2,1,3,2,4479,1,1,2.886,0,0,0,0,0,0,0,0,0,0,0,0,0,0,24331,606,88,15633.216,12990.065,525.255,0.020,2.886,7881.924,3079.811,13.570,73,62,55,2,5,28090,106,4,0,100.000,66.133,0.000,0.000,0.000,23.460,13.192,0.000,2,0,0,0,0,0,0,0,0,0.000,0.000,0.000,0.000,0.000,0.000,0.000,0.000,0,0,0,0,0,0,0,0,0,0.000,0.000,0.000,0.000,0.000,0.000,0.000,0.000,0,0,0,0,0,0,0,0,0,0.000,0.000,0.000,0.000,0.000,0.000,0.000,0.000,0,0,0,0,0,0,0,0,0,0.000,0.000,0.000,0.000,0.000,0.000,0.000,0.000,0,0,0,0,0,0,0,0,0,0,0,0,0,0,0,0,0,0
5581,186.0,1120,65,14,216,904,0,0,80,452.83,1.256,1.108,0.133,0.058,0.186,-0.861,1.616,0.5750,2.1561,0.762,0.014,0.004,0.119,-0.111,58,29,3,0,5,0,40855.82,1870.717,14699.222,4.570,664.418,13.941,9157.751,3425.378,126.893,6020.318,4816.254,114.284,35.070,114.997,0.000167,0.011183,115,0,2,1,3,2,4628,1,1,4.533,0,0,0,0,0,0,0,0,0,0,0,0,0,0,25749,677,107,17607.579,14587.661,651.723,0.037,4.533,8348.896,3319.612,15.429,119,36,29,2,5,13396,150,5,7,136.331,81.321,7.848,0.000,0.000,31.720,18.532,0.000,0,0,0,0,0,0,0,0,0,0.000,0.000,0.000,0.000,0.000,0.000,0.000,0.000,0,0,0,0,0,0,0,0,0,0.000,0.000,0.000,0.000,0.000,0.000,0.000,0.000,0,0,0,0,0,0,0,0,0,0.000,0.000,0.000,0.000,0.000,0.000,0.000,0.000,0,0,0,0,0,0,0,0,0,0.000,0.000,0.000,0.000,0.000,0.000,0.000,0.000,0,0,0,0,0,0,0,0,0,0,0,0,0,0,0,0,0,0
5611,187.0,1181,90,14,219,962,0,0,77,447.35,1.262,1.116,0.132,0.056,0.180,-0.860,1.616,0.5752,2.1289,0.769,0.014,0.004,0.120,-0.110,58,48,1,0,6,0,43219.46,1982.405,15407.019,3.752,735.304,12.666,9835.276,3705.399,113.352,5538.999,4431.199,120.093,29.422,118.191,0.000093,0.010990,113,0,0,1,1,0,4769,0,1,3.752,0,0,0,0,0,0,0,0,0,0,0,0,0,0,27778,711,113,18505.653,15306.757,735.304,0.000,3.752,8997.263,3591.166,17.057,110,54,48,0,6,24894,192,6,0,150.000,97.371,0.000,0.000,0.000,39.029,23.965,0.000,2,0,0,0,0,0,0,0,0,0.000,0.000,0.000,0.000,0.000,0.000,0.000,0.000,0,0,0,0,0,0,0,0,0,0.000,0.000,0.000,0.000,0.000,0.000,0.000,0.000,0,0,0,0,0,0,0,0,0,0.000,0.000,0.000,0.000,0.000,0.000,0.000,0.000,0,0,0,0,0,0,0,0,0,0.000,0.000,0.000,0.000,0.000,0.000,0.000,0.000,0,0,0,0,0,0,0,0,0,0,0,0,0,0,0,0,0,0
5641,188.0,1238,61,14,225,1013,0,0,73,404.77,1.266,1.121,0.130,0.056,0.178,-0.861,1.616,0.5782,2.1502,0.759,0.013,0.003,0.120,-0.109,79,47,7,0,6,0,46653.50,2144.538,17298.103,0.115,690.970,12.156,10392.543,3945.019,109.798,5583.487,4466.790,293.653,5.643,145.368,0.000083,0.010595,126,0,7,0,7,7,4922,19,0,0.000,0,0,0,0,0,0,0,0,0,0,0,0,0,0,29447,797,107,20614.805,17247.073,670.659,0.115,0.000,9529.998,3834.246,17.643,110,59,46,7,6,18410,226,3,0,75.000,48.270,0.000,0.000,0.000,44.970,17.826,0.000,1,1,1,0,0,87,0,0,0,0.000,0.000,0.000,0.000,0.000,0.000,0.000,0.000,0,0,0,0,0,0,0,0,0,0.000,0.000,0.000,0.000,0.000,0.000,0.000,0.000,0,0,0,0,0,0,0,0,0,0.000,0.000,0.000,0.000,0.000,0.000,0.000,0.000,0,0,0,0,0,0,0,0,0,0.000,0.000,0.000,0.000,0.000,0.000,0.000,0.000,0,0,0,0,0,0,0,0,0,0,0,0,0,0,0,0,0,0
5671,189.0,1316,82,14,232,1084,0,0,62,347.52,1.270,1.125,0.132,0.053,0.174,-0.862,1.622,0.5819,2.2018,0.755,0.026,0.004,0.120,-0.109,83,54,9,0,6,0,50525.60,2275.903,18843.497,1.711,1094.562,13.210,10934.696,4186.131,99.636,6967.531,5574.025,399.456,28.813,206.773,0.000115,0.011035,218,0,8,1,9,8,4988,50,1,1.568,0,0,0,0,0,0,0,0,0,0,0,0,0,0,31081,868,168,22763.388,18742.178,1046.705,0.143,1.568,10054.183,4072.613,19.357,138,67,54,8,5,16797,210,5,0,125.000,82.467,0.000,0.000,0.000,42.440,16.276,0.000,0,0,0,0,0,0,0,0,0,0.000,0.000,0.000,0.000,0.000,0.000,0.000,0.000,0,0,0,0,0,0,0,0,0,0.000,0.000,0.000,0.000,0.000,0.000,0.000,0.000,0,0,0,0,0,0,0,0,0,0.000,0.000,0.000,0.000,0.000,0.000,0.000,0.000,0,0,0,0,0,0,0,0,0,0.000,0.000,0.000,0.000,0.000,0.000,0.000,0.000,0,0,0,0,0,0,0,0,0,0,0,0,0,0,0,0,0,0
5701,190.0,1436,79,14,246,1190,0,0,62,329.73,1.273,1.130,0.129,0.054,0.171,-0.862,1.622,0.5784,2.1908,0.736,0.016,0.004,0.120,-0.109,91,42,4,0,3,0,54824.97,2485.739,20373.243,0.076,1005.470,13.351,11826.053,4628.583,87.196,7879.399,6303.519,123.537,133.865,184.572,0.000142,0.009877,219,0,4,0,4,4,5302,60,0,0.000,0,0,0,0,0,0,0,0,0,0,0,0,0,0,33815,933,159,24318.560,20205.898,919.731,0.076,0.000,10902.550,4497.369,23.385,152,49,42,4,3,17132,279,10,0,250.000,167.345,0.000,0.000,0.000,54.413,26.106,0.000,3,0,0,0,0,0,0,0,0,0.000,0.000,0.000,0.000,0.000,0.000,0.000,0.000,0,0,0,0,0,0,0,0,0,0.000,0.000,0.000,0.000,0.000,0.000,0.000,0.000,0,0,0,0,0,0,0,0,0,0.000,0.000,0.000,0.000,0.000,0.000,0.000,0.000,0,0,0,0,0,0,0,0,0,0.000,0.000,0.000,0.000,0.000,0.000,0.000,0.000,0,0,0,0,0,0,0,0,0,0,0,0,0,0,0,0,0,0
5731,191.0,1538,74,14,249,1289,0,0,66,325.60,1.283,1.137,0.129,0.055,0.165,-0.861,1.627,0.5766,2.1744,0.713,0.016,0.003,0.121,-0.107,83,54,4,0,5,0,59767.79,2622.768,22224.781,5.119,1201.504,14.539,12808.840,5067.886,98.085,7848.586,6278.869,125.008,37.081,203.235,0.000191,0.009800,254,0,1,3,4,1,5465,45,3,5.100,0,0,0,0,0,0,0,0,0,0,0,0,0,0,36754,1020,208,26776.572,22103.522,1141.240,0.019,5.100,11845.430,4924.611,26.623,156,58,54,1,3,19600,310,6,1,155.295,100.015,3.509,0.000,0.000,59.675,29.833,0.000,1,0,0,0,0,0,0,0,0,0.000,0.000,0.000,0.000,0.000,0.000,0.000,0.000,0,0,0,0,0,0,0,0,0,0.000,0.000,0.000,0.000,0.000,0.000,0.000,0.000,0,0,0,0,0,0,0,0,0,0.000,0.000,0.000,0.000,0.000,0.000,0.000,0.000,0,0,0,0,0,0,0,0,0,0.000,0.000,0.000,0.000,0.000,0.000,0.000,0.000,0,0,0,0,0,0,0,0,0,0,0,0,0,0,0,0,0,0
5761,192.0,1679,88,14,255,1424,0,0,74,313.06,1.289,1.147,0.129,0.056,0.157,-0.863,1.629,0.5828,2.2228,0.704,0.016,0.005,0.121,-0.107,85,60,8,0,9,0,66430.25,2795.539,26009.725,11.863,1332.474,17.186,13887.448,5491.114,102.083,10296.245,8236.996,317.247,82.777,214.747,0.000127,0.010212,259,0,3,5,8,3,5926,4,5,11.775,0,0,0,0,0,0,0,0,0,0,0,0,0,0,40130,1189,254,31216.186,25891.832,1320.298,0.087,11.775,12896.302,5344.408,25.715,205,71,60,3,8,17384,355,7,1,184.548,115.002,6.327,0.000,0.000,67.750,34.556,0.000,1,0,0,0,0,0,0,0,0,0.000,0.000,0.000,0.000,0.000,0.000,0.000,0.000,0,0,0,0,0,0,0,0,0,0.000,0.000,0.000,0.000,0.000,0.000,0.000,0.000,0,0,0,0,0,0,0,0,0,0.000,0.000,0.000,0.000,0.000,0.000,0.000,0.000,0,0,0,0,0,0,0,0,0,0.000,0.000,0.000,0.000,0.000,0.000,0.000,0.000,0,0,0,0,0,0,0,0,0,0,0,0,0,0,0,0,0,0
5791,193.0,1848,72,14,261,1587,0,0,84,272.14,1.300,1.156,0.128,0.056,0.149,-0.865,1.630,0.5817,2.1845,0.709,0.023,0.004,0.121,-0.106,85,58,7,0,7,0,72956.22,2997.533,28140.940,7.914,1492.001,13.574,15354.221,6276.445,117.096,11507.153,9205.722,303.139,20.225,247.861,0.000157,0.010087,284,0,4,3,7,4,6340,0,3,7.858,0,0,0,0,0,0,0,0,0,0,0,0,0,0,44783,1286,284,33802.912,28008.325,1492.001,0.056,7.858,14341.133,6122.246,35.535,232,67,57,3,7,13214,338,8,0,200.000,129.440,0.000,0.000,0.000,64.924,29.647,0.000,0,2,1,1,0,313,0,0,0,0.000,0.000,0.000,0.000,0.000,0.000,0.000,0.000,0,0,0,0,0,0,0,0,0,0.000,0.000,0.000,0.000,0.000,0.000,0.000,0.000,0,0,0,0,0,0,0,0,0,0.000,0.000,0.000,0.000,0.000,0.000,0.000,0.000,0,0,0,0,0,0,0,0,0,0.000,0.000,0.000,0.000,0.000,0.000,0.000,0.000,0,0,0,0,0,0,0,0,0,0,0,0,0,0,0,0,0,0
5821,194.0,2037,69,14,276,1761,0,0,99,271.27,1.306,1.162,0.128,0.056,0.145,-0.865,1.634,0.5744,2.2330,0.701,0.011,0.003,0.121,-0.105,80,50,22,0,10,0,79192.79,3285.529,30832.292,11.678,1442.568,14.166,16971.552,6998.531,138.956,12716.931,10173.545,888.356,62.394,289.756,0.000149,0.010161,249,0,16,6,22,16,6897,2,6,11.509,0,0,0,0,0,0,0,0,0,0,0,0,0,0,49816,1405,247,36722.761,30596.685,1441.940,0.169,11.509,15931.149,6830.738,37.801,247,76,50,16,10,17554,359,14,0,350.000,229.538,0.000,0.000,0.000,65.133,38.565,0.000,3,0,0,0,0,0,0,0,0,0.000,0.000,0.000,0.000,0.000,0.000,0.000,0.000,0,0,0,0,0,0,0,0,0,0.000,0.000,0.000,0.000,0.000,0.000,0.000,0.000,0,0,0,0,0,0,0,0,0,0.000,0.000,0.000,0.000,0.000,0.000,0.000,0.000,0,0,0,0,0,0,0,0,0,0.000,0.000,0.000,0.000,0.000,0.000,0.000,0.000,0,0,0,0,0,0,0,0,0,0,0,0,0,0,0,0,0,0
5851,195.0,2184,80,15,285,1899,0,0,92,255.02,1.312,1.167,0.127,0.056,0.142,-0.866,1.632,0.5771,2.2199,0.707,0.032,0.004,0.121,-0.103,87,78,29,0,11,0,84465.00,3658.369,32069.154,2.364,1846.251,14.316,18491.392,7695.965,138.524,12684.860,10147.888,1096.350,78.406,420.064,0.000169,0.010242,354,0,28,1,29,28,7630,17,1,2.129,0,0,0,0,0,0,0,0,0,0,0,0,0,0,54535,1463,336,38621.498,31922.482,1832.166,0.235,2.129,17423.995,7519.062,47.764,253,113,78,25,10,24208,336,7,1,183.535,116.298,5.735,0.000,0.000,59.642,34.379,0.000,1,3,0,3,0,349,0,0,0,0.000,0.000,0.000,0.000,0.000,0.000,0.000,0.000,0,0,0,0,0,0,0,0,0,0.000,0.000,0.000,0.000,0.000,0.000,0.000,0.000,0,0,0,0,0,0,0,0,0,0.000,0.000,0.000,0.000,0.000,0.000,0.000,0.000,0,0,0,0,0,0,0,0,0,0.000,0.000,0.000,0.000,0.000,0.000,0.000,0.000,0,0,0,0,0,0,0,0,0,0,0,0,0,0,0,0,0,0
5881,196.0,2372,75,15,298,2074,0,0,110,249.87,1.316,1.171,0.127,0.056,0.139,-0.867,1.628,0.5874,2.2388,0.710,0.020,0.004,0.121,-0.103,79,77,15,0,16,0,90964.40,3997.036,34532.853,12.684,2036.418,14.859,19916.225,8198.156,147.646,13966.008,11172.806,600.084,47.324,340.536,0.000166,0.010704,375,0,10,5,15,10,7971,1,5,12.503,0,0,0,0,0,0,0,0,0,0,0,0,0,0,58896,1580,374,41717.277,34402.522,2035.993,0.181,12.503,18814.281,8018.529,47.635,275,102,77,10,15,23234,335,8,0,200.000,130.331,0.000,0.000,0.000,59.444,31.629,0.000,1,0,0,0,0,0,0,0,0,0.000,0.000,0.000,0.000,0.000,0.000,0.000,0.000,0,0,0,0,0,0,0,0,0,0.000,0.000,0.000,0.000,0.000,0.000,0.000,0.000,0,0,0,0,0,0,0,0,0,0.000,0.000,0.000,0.000,0.000,0.000,0.000,0.000,0,0,0,0,0,0,0,0,0,0.000,0.000,0.000,0.000,0.000,0.000,0.000,0.000,0,0,0,0,0,0,1,0,0,0,0,0,0,0,0,0,0,0
5911,197.0,2549,71,15,318,2231,0,0,119,256.30,1.316,1.174,0.127,0.057,0.138,-0.867,1.629,0.5909,2.2350,0.701,0.000,0.004,0.121,-0.103,76,112,20,0,17,0,97758.84,4550.065,37375.651,1.755,2417.966,17.453,21647.292,8939.412,171.274,15403.138,12322.510,783.441,82.806,428.186,0.000208,0.011136,448,0,19,1,20,19,8440,0,1,1.616,0,0,0,0,0,0,0,0,0,0,0,0,0,0,64200,1708,448,45340.698,37156.067,2417.966,0.139,1.616,20483.537,8740.507,54.800,299,144,110,19,15,36207,397,13,0,325.000,216.444,0.000,0.000,0.000,68.795,37.216,0.000,4,2,2,0,0,323,0,0,0,0.000,0.000,0.000,0.000,0.000,0.000,0.000,0.000,0,0,0,0,0,0,0,0,0,0.000,0.000,0.000,0.000,0.000,0.000,0.000,0.000,0,0,0,0,0,0,0,0,0,0.000,0.000,0.000,0.000,0.000,0.000,0.000,0.000,0,0,0,0,0,0,0,0,0,0.000,0.000,0.000,0.000,0.000,0.000,0.000,0.000,0,0,0,0,0,0,0,0,0,0,0,0,0,0,0,0,0,0
5941,198.0,2743,58,15,330,2413,0,0,139,248.16,1.320,1.178,0.127,0.057,0.135,-0.868,1.628,0.5953,2.2130,0.703,0.015,0.004,0.121,-0.102,100,97,20,0,19,0,104329.75,4969.027,39028.689,13.527,2848.487,15.436,23115.222,9644.226,189.870,15644.982,12515.986,767.961,123.389,470.660,0.000179,0.010873,563,0,15,5,20,15,8559,7,5,13.315,0,0,0,0,0,0,0,0,0,0,0,0,0,0,68742,1783,556,47641.027,38807.060,2843.604,0.212,13.315,21901.922,9435.041,55.811,309,128,96,14,18,26714,427,12,0,300.000,197.141,0.000,0.000,0.000,71.959,39.423,0.000,3,2,1,1,0,724,0,0,0,0.000,0.000,0.000,0.000,0.000,0.000,0.000,0.000,0,0,0,0,0,0,0,0,0,0.000,0.000,0.000,0.000,0.000,0.000,0.000,0.000,0,0,0,0,0,0,0,0,0,0.000,0.000,0.000,0.000,0.000,0.000,0.000,0.000,0,0,0,0,0,0,0,0,0,0.000,0.000,0.000,0.000,0.000,0.000,0.000,0.000,0,0,0,0,0,0,0,0,0,0,0,0,0,0,0,0,0,0
5971,199.0,2955,49,15,343,2612,0,0,162,235.46,1.323,1.182,0.126,0.057,0.132,-0.869,1.630,0.5872,2.2351,0.700,0.020,0.004,0.121,-0.101,70,127,6,0,21,0,113675.91,5223.319,43901.907,5.368,3033.972,14.652,24970.038,10379.569,212.310,17365.361,13892.289,266.936,45.259,437.246,0.000231,0.010927,609,0,4,2,6,4,8938,0,2,5.297,0,0,0,0,0,0,0,0,0,0,0,0,0,0,74530,2000,609,53246.910,43643.468,3033.972,0.071,5.297,23699.178,10159.507,56.754,348,151,127,4,20,34494,491,15,0,375.000,245.703,0.000,0.000,0.000,82.385,45.352,0.000,2,0,0,0,0,0,0,0,0,0.000,0.000,0.000,0.000,0.000,0.000,0.000,0.000,0,0,0,0,0,0,0,0,0,0.000,0.000,0.000,0.000,0.000,0.000,0.000,0.000,0,0,0,0,0,0,0,0,0,0.000,0.000,0.000,0.000,0.000,0.000,0.000,0.000,0,0,0,0,0,0,0,0,0,0.000,0.000,0.000,0.000,0.000,0.000,0.000,0.000,0,0,0,0,0,0,0,0,0,0,0,0,0,0,0,0,0,0
6001,200.0,3120,55,18,367,2753,0,0,213,200.10,1.323,1.181,0.126,0.057,0.133,-0.871,1.625,0.5957,2.2468,0.693,0.016,0.003,0.121,-0.101,83,147,19,0,18,0,119642.05,5578.593,43003.478,1.131,3178.636,13.651,26708.865,11185.285,272.905,16501.032,13200.826,620.541,26.483,502.776,0.000177,0.011092,660,0,18,1,19,18,9373,5,1,0.859,0,0,0,0,0,0,0,0,0,0,0,0,0,0,79936,1960,650,52452.910,42872.581,3159.455,0.271,0.859,25376.648,10946.058,61.470,323,182,147,17,18,34901,530,7,5,185.357,111.456,6.662,0.000,0.000,89.134,52.629,0.000,1,1,0,1,0,20,0,0,0,0.000,0.000,0.000,0.000,0.000,0.000,0.000,0.000,0,0,0,0,0,0,0,0,0,0.000,0.000,0.000,0.000,0.000,0.000,0.000,0.000,0,0,0,0,0,0,0,0,0,0.000,0.000,0.000,0.000,0.000,0.000,0.000,0.000,0,0,0,0,0,0,0,0,0,0.000,0.000,0.000,0.000,0.000,0.000,0.000,0.000,0,0,0,0,0,0,0,0,0,0,0,0,0,0,0,0,0,0
6031,201.0,3369,52,18,381,2988,0,0,257,194.18,1.328,1.184,0.126,0.057,0.130,-0.871,1.624,0.5949,2.2573,0.689,0.010,0.004,0.121,-0.101,88,131,16,0,28,0,125889.87,5982.848,46529.078,5.545,3884.282,15.722,28528.344,12002.023,348.051,20356.103,16284.883,638.088,77.550,604.389,0.000218,0.011433,752,0,15,1,16,15,9973,10,1,5.303,0,0,0,0,0,0,0,0,0,0,0,0,0,0,84941,2117,741,57304.515,46357.740,3871.518,0.242,5.303,27141.609,11743.541,71.474,406,173,131,15,27,34671,535,10,1,256.531,164.839,4.389,0.000,0.000,89.255,55.591,0.000,2,0,0,0,0,0,0,0,0,0.000,0.000,0.000,0.000,0.000,0.000,0.000,0.000,0,0,0,0,0,0,0,0,0,0.000,0.000,0.000,0.000,0.000,0.000,0.000,0.000,0,0,0,0,0,0,0,0,0,0.000,0.000,0.000,0.000,0.000,0.000,0.000,0.000,0,0,0,0,0,0,0,0,0,0.000,0.000,0.000,0.000,0.000,0.000,0.000,0.000,0,0,0,0,0,0,0,0,0,0,0,0,0,0,0,0,0,0
6061,202.0,3560,74,18,392,3168,0,0,362,227.40,1.330,1.186,0.125,0.057,0.128,-0.873,1.618,0.5918,2.2623,0.684,0.005,0.003,0.121,-0.101,86,155,14,0,38,0,132441.81,6403.436,49261.124,14.069,3678.321,14.358,30771.292,12926.071,480.505,18940.870,15152.696,522.978,103.572,534.086,0.000182,0.011866,795,0,7,7,14,7,10627,29,6,12.488,0,0,0,0,0,0,0,0,0,0,0,0,0,0,91917,2242,766,60127.949,49064.431,3671.293,0.085,12.488,29343.834,12654.214,77.845,378,196,155,5,36,43257,524,11,0,275.000,175.690,0.000,0.000,0.000,87.352,55.060,0.000,1,3,0,2,1,760,0,0,0,0.000,0.000,0.000,0.000,0.000,0.000,0.000,0.000,0,0,0,0,0,0,0,0,0,0.000,0.000,0.000,0.000,0.000,0.000,0.000,0.000,0,0,0,0,0,0,0,0,0,0.000,0.000,0.000,0.000,0.000,0.000,0.000,0.000,0,0,0,0,0,0,0,0,0,0.000,0.000,0.000,0.000,0.000,0.000,0.000,0.000,0,0,0,0,0,0,0,0,0,0,0,0,0,0,0,0,0,0
6091,203.0,3698,58,18,407,3291,0,0,475,224.01,1.330,1.186,0.125,0.058,0.128,-0.872,1.620,0.5931,2.2489,0.672,0.005,0.002,0.121,-0.101,95,176,8,0,67,0,137710.06,6725.197,49649.143,3.184,4177.216,15.422,32216.683,13406.356,656.519,18520.764,14816.612,445.451,49.834,630.286,0.000226,0.012073,858,0,6,2,8,6,11043,15,0,0.000,0,0,0,0,0,0,0,0,0,0,0,0,0,0,96427,2256,839,61094.465,49492.352,4159.197,0.151,0.000,30759.878,13129.740,84.543,370,248,175,6,67,54983,481,8,4,221.826,129.112,14.309,0.000,0.000,81.025,49.778,0.000,2,1,1,0,0,118,0,0,0,0.000,0.000,0.000,0.000,0.000,0.000,0.000,0.000,0,0,0,0,0,0,0,0,0,0.000,0.000,0.000,0.000,0.000,0.000,0.000,0.000,0,0,0,0,0,0,0,0,0,0.000,0.000,0.000,0.000,0.000,0.000,0.000,0.000,0,0,0,0,0,0,0,0,0,0.000,0.000,0.000,0.000,0.000,0.000,0.000,0.000,0,0,0,0,0,0,0,0,0,0,0,0,0,0,0,0,0,0
6121,204.0,3820,43,18,418,3402,0,0,646,243.30,1.332,1.187,0.125,0.057,0.127,-0.873,1.617,0.6007,2.2394,0.688,0.017,0.003,0.121,-0.101,82,183,19,0,89,0,142223.20,7061.718,50988.497,10.608,4390.346,14.330,33298.307,13857.009,873.485,19767.137,15813.710,759.648,119.886,685.907,0.000202,0.011770,896,0,14,5,19,14,11505,1,5,10.362,0,0,0,0,0,0,0,0,0,0,0,0,0,0,99651,2316,892,62768.565,50811.308,4376.737,0.246,10.362,31794.195,13561.257,94.591,393,281,183,13,85,63107,502,8,3,220.434,131.153,12.542,0.000,0.000,84.227,53.218,0.000,0,2,0,1,1,236,0,0,0,0.000,0.000,0.000,0.000,0.000,0.000,0.000,0.000,0,0,0,0,0,0,0,0,0,0.000,0.000,0.000,0.000,0.000,0.000,0.000,0.000,0,0,0,0,0,0,0,0,0,0.000,0.000,0.000,0.000,0.000,0.000,0.000,0.000,0,0,0,0,0,0,0,0,0,0.000,0.000,0.000,0.000,0.000,0.000,0.000,0.000,0,0,0,0,0,0,1,0,0,0,0,0,0,0,0,0,0,0
6151,205.0,3937,46,19,424,3513,0,0,846,226.81,1.335,1.188,0.124,0.056,0.126,-0.874,1.619,0.6021,2.2354,0.676,0.009,0.003,0.121,-0.101,81,171,13,0,121,0,146792.38,7352.899,52833.556,12.149,4563.396,14.798,34422.836,14289.702,1206.787,20211.925,16169.540,834.532,148.598,684.603,0.000314,0.013571,952,0,6,7,13,6,11757,11,3,6.012,0,0,0,0,0,0,0,0,0,0,0,0,0,0,102959,2403,937,65151.768,52718.038,4539.306,0.164,6.012,32885.203,13985.241,96.130,405,295,171,6,118,67964,510,6,4,175.727,97.440,16.880,0.000,0.000,87.518,53.690,0.000,1,0,0,0,0,0,0,0,0,0.000,0.000,0.000,0.000,0.000,0.000,0.000,0.000,0,0,0,0,0,0,0,0,0,0.000,0.000,0.000,0.000,0.000,0.000,0.000,0.000,0,0,0,0,0,0,0,0,0,0.000,0.000,0.000,0.000,0.000,0.000,0.000,0.000,0,0,0,0,0,0,0,0,0,0.000,0.000,0.000,0.000,0.000,0.000,0.000,0.000,0,0,0,0,0,0,0,0,0,0,0,0,0,0,0,0,0,0
6181,206.0,4073,42,19,440,3633,0,0,1123,253.86,1.335,1.188,0.125,0.055,0.126,-0.875,1.623,0.5988,2.2567,0.680,0.009,0.003,0.121,-0.100,95,156,5,0,144,0,150890.62,7730.899,54124.203,0.168,4684.087,15.491,35684.405,14903.172,1595.768,21097.446,16877.957,580.699,129.824,643.661,0.000141,0.013251,993,0,5,0,5,5,11997,3,0,0.000,0,0,0,0,0,0,0,0,0,0,0,0,0,0,106622,2458,989,66572.282,53921.513,4679.748,0.168,0.000,34105.045,14594.368,96.085,419,299,153,5,141,72602,519,11,1,279.649,181.212,3.124,0.000,0.000,90.401,53.658,0.000,3,3,3,0,0,635,0,0,0,0.000,0.000,0.000,0.000,0.000,0.000,0.000,0.000,0,0,0,0,0,0,0,0,0,0.000,0.000,0.000,0.000,0.000,0.000,0.000,0.000,0,0,0,0,0,0,0,0,0,0.000,0.000,0.000,0.000,0.000,0.000,0.000,0.000,0,0,0,0,0,0,0,0,0,0.000,0.000,0.000,0.000,0.000,0.000,0.000,0.000,0,0,0,0,0,0,0,0,0,0,0,0,0,0,0,0,0,0
6211,207.0,4161,41,19,458,3703,0,0,1355,260.12,1.334,1.185,0.125,0.055,0.128,-0.875,1.629,0.5992,2.2190,0.680,0.013,0.002,0.121,-0.100,94,121,17,0,199,0,153162.58,8172.751,54108.503,11.690,4976.963,15.522,36607.270,15254.481,2006.821,20196.553,16157.243,1325.689,100.969,686.452,0.000382,0.011232,1068,0,12,5,17,12,12355,1,3,7.892,0,0,0,0,0,0,0,0,0,0,0,0,0,0,109264,2457,1066,66787.195,53898.578,4971.168,0.317,7.892,34978.325,14940.723,95.896,395,328,119,12,197,87884,562,12,1,306.760,197.653,4.354,0.000,0.000,98.985,57.767,0.000,4,2,2,0,0,397,0,0,0,0.000,0.000,0.000,0.000,0.000,0.000,0.000,0.000,0,0,0,0,0,0,0,0,0,0.000,0.000,0.000,0.000,0.000,0.000,0.000,0.000,0,0,0,0,0,0,0,0,0,0.000,0.000,0.000,0.000,0.000,0.000,0.000,0.000,0,0,0,0,0,0,0,0,0,0.000,0.000,0.000,0.000,0.000,0.000,0.000,0.000,0,0,0,0,0,0,1,0,0,0,0,0,0,0,0,0,0,0
6241,208.0,4244,35,19,478,3766,0,0,1596,270.58,1.330,1.185,0.126,0.055,0.130,-0.875,1.631,0.5973,2.2325,0.659,0.013,0.002,0.120,-0.100,85,119,8,0,231,0,156211.55,8717.942,55532.820,0.864,5255.436,14.974,37297.307,15514.762,2418.231,20881.374,16705.100,1028.188,42.060,725.830,0.000532,0.007703,1126,0,7,1,8,7,12395,7,1,0.715,0,0,0,0,0,0,0,0,0,0,0,0,0,0,111253,2525,1116,68846.374,55341.364,5240.546,0.149,0.715,35606.685,15195.119,93.250,415,353,119,7,227,98372,576,10,3,256.980,164.104,4.472,0.000,0.000,99.175,58.265,0.000,1,0,0,0,0,0,0,0,0,0.000,0.000,0.000,0.000,0.000,0.000,0.000,0.000,0,0,0,0,0,0,0,0,0,0.000,0.000,0.000,0.000,0.000,0.000,0.000,0.000,0,0,0,0,0,0,0,0,0,0.000,0.000,0.000,0.000,0.000,0.000,0.000,0.000,0,0,0,0,0,0,0,0,0,0.000,0.000,0.000,0.000,0.000,0.000,0.000,0.000,0,0,0,0,0,0,0,0,0,0,0,0,0,0,0,0,0,0
6271,209.0,4291,54,19,497,3794,0,0,1789,283.24,1.329,1.182,0.126,0.055,0.132,-0.876,1.635,0.5990,2.2273,0.659,0.016,0.002,0.120,-0.100,81,108,24,0,248,0,157942.33,9152.828,56019.798,5.664,5916.821,15.427,38047.082,15803.143,2796.020,20227.937,16182.350,1698.870,166.048,890.765,0.000259,0.009364,1325,0,21,3,24,21,12856,12,3,5.453,0,0,0,0,0,0,0,0,0,0,0,0,0,0,113382,2549,1312,70155.422,55862.234,5877.008,0.211,5.453,36300.747,15479.249,94.333,399,368,107,19,242,104236,578,9,1,218.777,137.005,7.098,0.000,0.000,98.281,53.655,0.000,2,5,1,2,2,1332,0,0,0,0.000,0.000,0.000,0.000,0.000,0.000,0.000,0.000,0,0,0,0,0,0,0,0,0,0.000,0.000,0.000,0.000,0.000,0.000,0.000,0.000,0,0,0,0,0,0,0,0,0,0.000,0.000,0.000,0.000,0.000,0.000,0.000,0.000,0,0,0,0,0,0,0,0,0,0.000,0.000,0.000,0.000,0.000,0.000,0.000,0.000,0,0,0,0,0,0,0,0,0,0,0,0,0,0,0,0,0,0
6301,210.0,4365,54,19,519,3846,0,0,2020,296.43,1.328,1.181,0.126,0.056,0.135,-0.877,1.635,0.6059,2.2132,0.669,0.010,0.003,0.121,-0.100,62,96,10,0,264,0,158683.03,9607.905,54775.716,4.872,6471.400,12.531,38411.179,15943.227,3126.078,21131.551,16905.241,1002.083,55.156,883.760,0.000244,0.011450,1388,0,7,3,10,7,13319,2,2,3.466,0,0,0,0,0,0,0,0,0,0,0,0,0,0,114304,2488,1384,69353.026,54628.279,6462.092,0.077,3.466,36624.093,15618.177,96.544,418,362,96,6,260,115253,469,6,2,156.925,97.971,4.654,0.000,0.000,78.817,44.797,0.000,0,4,0,1,3,1102,0,0,0,0.000,0.000,0.000,0.000,0.000,0.000,0.000,0.000,0,0,0,0,0,0,0,0,0,0.000,0.000,0.000,0.000,0.000,0.000,0.000,0.000,0,0,0,0,0,0,0,0,0,0.000,0.000,0.000,0.000,0.000,0.000,0.000,0.000,0,0,0,0,0,0,0,0,0,0.000,0.000,0.000,0.000,0.000,0.000,0.000,0.000,0,0,0,0,0,0,0,0,0,0,0,0,0,0,0,0,0,0
6331,211.0,4403,46,19,529,3874,0,0,2200,268.83,1.327,1.180,0.126,0.057,0.136,-0.878,1.634,0.6158,2.2174,0.670,0.002,0.003,0.121,-0.100,79,99,11,0,307,0,159526.36,9985.690,56233.272,0.182,6328.212,12.723,38883.631,16093.790,3477.028,21893.299,17514.639,1518.079,138.780,885.837,0.000294,0.010323,1426,0,11,0,11,11,13603,2,0,0.000,0,0,0,0,0,0,0,0,0,0,0,0,0,0,115599,2560,1421,70874.546,56141.830,6305.957,0.182,0.000,37064.372,15775.117,94.084,437,408,98,11,299,123840,364,5,3,136.971,72.237,19.803,0.000,0.000,63.338,35.348,0.000,1,2,1,0,1,303,0,0,0,0.000,0.000,0.000,0.000,0.000,0.000,0.000,0.000,0,0,0,0,0,0,0,0,0,0.000,0.000,0.000,0.000,0.000,0.000,0.000,0.000,0,0,0,0,0,0,0,0,0,0.000,0.000,0.000,0.000,0.000,0.000,0.000,0.000,0,0,0,0,0,0,0,0,0,0.000,0.000,0.000,0.000,0.000,0.000,0.000,0.000,0,0,0,0,0,0,0,0,0,0,0,0,0,0,0,0,0,0
6361,212.0,4417,45,19,533,3884,0,0,2394,304.64,1.328,1.179,0.127,0.055,0.136,-0.880,1.630,0.6182,2.2143,0.685,0.006,0.002,0.121,-0.101,87,75,26,0,310,0,159882.78,10253.795,56406.940,15.697,6201.610,13.016,39215.102,16094.091,3824.923,20484.719,16387.776,2150.756,39.207,898.984,0.000299,0.010425,1395,0,19,7,26,19,14064,4,7,15.510,0,0,0,0,0,0,0,0,0,0,0,0,0,0,116495,2559,1391,70708.892,56344.035,6195.074,0.186,15.510,37377.373,15772.449,100.989,408,394,74,19,301,122864,299,1,0,25.000,16.799,0.000,0.000,0.000,52.274,28.300,0.000,0,4,1,0,3,890,0,0,0,0.000,0.000,0.000,0.000,0.000,0.000,0.000,0.000,0,0,0,0,0,0,0,0,0,0.000,0.000,0.000,0.000,0.000,0.000,0.000,0.000,0,0,0,0,0,0,0,0,0,0.000,0.000,0.000,0.000,0.000,0.000,0.000,0.000,0,0,0,0,0,0,0,0,0,0.000,0.000,0.000,0.000,0.000,0.000,0.000,0.000,0,0,0,0,0,0,0,0,0,0,0,0,0,0,0,0,0,0
6391,213.0,4443,44,19,551,3892,0,0,2586,289.98,1.328,1.176,0.128,0.056,0.139,-0.880,1.632,0.6185,2.2104,0.662,0.009,0.002,0.121,-0.101,73,60,16,0,315,0,159234.03,10295.453,54882.698,11.706,6338.755,11.981,39228.200,16031.292,4152.343,19956.174,15964.939,1574.803,0.000,860.743,0.000310,0.012797,1362,0,11,5,16,11,14125,13,5,11.654,0,0,0,0,0,0,0,0,0,0,0,0,0,0,116269,2482,1348,69063.656,54812.743,6319.488,0.052,11.654,37361.728,15708.922,105.329,390,382,59,11,312,116146,240,3,1,78.461,48.637,2.326,0.000,0.000,43.080,21.623,0.000,0,1,1,0,0,129,0,0,0,0.000,0.000,0.000,0.000,0.000,0.000,0.000,0.000,0,0,0,0,0,0,0,0,0,0.000,0.000,0.000,0.000,0.000,0.000,0.000,0.000,0,0,0,0,0,0,0,0,0,0.000,0.000,0.000,0.000,0.000,0.000,0.000,0.000,0,0,0,0,0,0,0,0,0,0.000,0.000,0.000,0.000,0.000,0.000,0.000,0.000,0,0,0,0,0,0,1,0,0,0,0,0,0,0,0,0,0,0
6421,214.0,4371,36,19,558,3813,0,0,2643,286.28,1.324,1.172,0.128,0.055,0.142,-0.881,1.631,0.6127,2.2025,0.670,0.005,0.003,0.121,-0.102,86,69,23,0,381,0,157554.50,10534.404,54077.102,5.705,6357.598,12.682,39122.648,16003.987,4388.442,19240.812,15392.650,2035.448,31.668,866.396,0.000190,0.013523,1324,0,18,5,23,18,14615,5,4,4.059,0,0,0,0,0,0,0,0,0,0,0,0,0,0,115560,2444,1318,68032.730,53956.166,6344.688,0.088,4.059,37210.673,15676.378,104.139,380,461,69,18,374,134409,251,5,1,128.324,83.300,2.233,0.000,0.000,44.604,23.207,0.000,2,0,0,0,0,0,0,0,0,0.000,0.000,0.000,0.000,0.000,0.000,0.000,0.000,0,0,0,0,0,0,0,0,0,0.000,0.000,0.000,0.000,0.000,0.000,0.000,0.000,0,0,0,0,0,0,0,0,0,0.000,0.000,0.000,0.000,0.000,0.000,0.000,0.000,0,0,0,0,0,0,0,0,0,0.000,0.000,0.000,0.000,0.000,0.000,0.000,0.000,0,0,0,0,0,0,0,0,0,0,0,0,0,0,0,0,0,0
6451,215.0,4333,34,21,570,3763,0,0,2691,298.60,1.320,1.170,0.129,0.055,0.145,-0.881,1.633,0.6108,2.2297,0.677,0.012,0.002,0.121,-0.102,75,47,31,2,361,0,155704.72,10458.524,53974.415,13.222,6564.051,11.197,38491.399,15650.574,4523.932,19091.432,15273.146,2847.784,21.361,942.607,0.000211,0.014024,1454,0,24,7,31,24,14525,5,7,12.897,0,0,0,0,0,0,0,0,0,0,0,0,0,0,113616,2447,1446,68307.113,53861.771,6548.286,0.324,12.897,36549.694,15322.131,99.554,376,426,47,24,355,130224,266,6,3,162.191,100.375,8.192,0.000,0.000,46.617,23.306,0.000,1,1,0,0,1,643,0,0,0,0.000,0.000,0.000,0.000,0.000,0.000,0.000,0.000,0,0,0,0,0,0,0,0,0,0.000,0.000,0.000,0.000,0.000,0.000,0.000,0.000,0,0,0,0,0,0,0,0,0,0.000,0.000,0.000,0.000,0.000,0.000,0.000,0.000,0,0,0,0,0,0,0,0,0,0.000,0.000,0.000,0.000,0.000,0.000,0.000,0.000,0,0,0,0,0,0,0,0,0,0,0,0,0,0,0,0,0,0
6481,216.0,4288,47,21,570,3718,0,0,2712,358.67,1.320,1.170,0.131,0.056,0.146,-0.882,1.631,0.6126,2.2342,0.686,0.007,0.002,0.121,-0.102,57,47,33,0,349,0,153336.17,10573.196,52519.656,14.827,6442.691,10.045,38134.167,15507.923,4586.239,18416.900,14733.520,2575.339,43.711,945.461,0.000263,0.013228,1396,0,26,7,33,26,14209,5,7,14.553,0,0,0,0,0,0,0,0,0,0,0,0,0,0,112180,2373,1391,66277.613,52446.691,6425.075,0.273,14.553,36166.225,15180.985,98.930,363,408,47,26,335,129281,254,3,0,75.000,48.637,0.000,0.000,0.000,43.803,21.977,0.000,1,2,0,0,2,1411,0,0,0,0.000,0.000,0.000,0.000,0.000,0.000,0.000,0.000,0,0,0,0,0,0,0,0,0,0.000,0.000,0.000,0.000,0.000,0.000,0.000,0.000,0,0,0,0,0,0,0,0,0,0.000,0.000,0.000,0.000,0.000,0.000,0.000,0.000,0,0,0,0,0,0,0,0,0,0.000,0.000,0.000,0.000,0.000,0.000,0.000,0.000,0,0,0,0,0,0,1,0,0,0,0,0,0,0,0,0,0,0
6511,217.0,4171,43,21,574,3597,0,0,2589,293.04,1.317,1.167,0.134,0.057,0.150,-0.884,1.630,0.6041,2.2188,0.709,0.010,0.003,0.122,-0.102,70,46,47,0,384,0,150962.92,10785.843,51345.549,19.456,6533.420,11.886,37407.030,15281.549,4503.971,17182.680,13746.145,2874.964,39.482,980.563,0.000195,0.014057,1445,0,36,11,47,36,13934,57,10,17.048,0,0,0,0,0,0,0,0,0,0,0,0,0,0,109824,2321,1388,64985.561,51284.598,6455.606,0.315,17.048,35446.037,14960.318,95.340,341,461,45,36,380,133426,238,3,0,75.000,48.637,0.000,0.000,0.000,40.882,20.831,0.000,0,1,1,0,0,274,0,0,0,0.000,0.000,0.000,0.000,0.000,0.000,0.000,0.000,0,0,0,0,0,0,0,0,0,0.000,0.000,0.000,0.000,0.000,0.000,0.000,0.000,0,0,0,0,0,0,0,0,0,0.000,0.000,0.000,0.000,0.000,0.000,0.000,0.000,0,0,0,0,0,0,0,0,0,0.000,0.000,0.000,0.000,0.000,0.000,0.000,0.000,0,0,0,0,0,0,0,0,0,0,0,0,0,0,0,0,0,0
6541,218.0,4127,49,21,578,3549,0,0,2525,319.46,1.314,1.167,0.134,0.058,0.152,-0.884,1.630,0.6060,2.2253,0.697,0.005,0.003,0.122,-0.102,51,44,38,3,337,0,148361.16,10636.472,49857.401,11.820,6632.489,12.786,36627.769,14843.834,4357.922,18039.483,14431.587,2691.649,47.056,931.343,0.000306,0.018208,1517,0,32,6,38,32,14245,28,5,10.057,0,0,0,0,0,0,0,0,0,0,0,0,0,0,107277,2253,1488,63435.466,49817.542,6620.185,0.267,10.057,34666.211,14517.097,99.478,354,402,44,32,326,118979,244,1,1,27.886,16.103,1.991,0.000,0.000,41.430,21.960,0.000,1,1,0,0,1,221,0,0,0,0.000,0.000,0.000,0.000,0.000,0.000,0.000,0.000,0,0,0,0,0,0,0,0,0,0.000,0.000,0.000,0.000,0.000,0.000,0.000,0.000,0,0,0,0,0,0,0,0,0,0.000,0.000,0.000,0.000,0.000,0.000,0.000,0.000,0,0,0,0,0,0,0,0,0,0.000,0.000,0.000,0.000,0.000,0.000,0.000,0.000,0,0,0,0,0,0,0,0,0,0,0,0,0,0,0,0,0,0
6571,219.0,4057,41,21,587,3470,0,0,2501,346.93,1.310,1.164,0.133,0.057,0.155,-0.886,1.627,0.6164,2.2311,0.678,0.000,0.002,0.122,-0.101,69,62,41,0,307,0,145012.48,10353.051,47860.891,16.885,6957.648,12.941,35890.509,14445.362,4264.249,16181.825,12945.460,2756.388,9.063,977.565,0.000327,0.022325,1585,0,33,8,41,33,14087,16,7,14.078,0,0,0,0,0,0,0,0,0,0,0,0,0,0,104996,2157,1569,61390.304,47777.289,6947.032,0.292,14.078,33935.161,14126.723,94.363,316,393,61,32,300,121320,194,1,0,25.000,17.074,0.000,0.000,0.000,29.897,17.343,0.000,0,2,1,1,0,2162,0,0,0,0.000,0.000,0.000,0.000,0.000,0.000,0.000,0.000,0,0,0,0,0,0,0,0,0,0.000,0.000,0.000,0.000,0.000,0.000,0.000,0.000,0,0,0,0,0,0,0,0,0,0.000,0.000,0.000,0.000,0.000,0.000,0.000,0.000,0,0,0,0,0,0,0,0,0,0.000,0.000,0.000,0.000,0.000,0.000,0.000,0.000,0,0,0,0,0,0,0,0,0,0,0,0,0,0,0,0,0,0
6601,220.0,4007,30,22,590,3417,0,0,2426,312.51,1.310,1.161,0.134,0.059,0.157,-0.888,1.628,0.6099,2.2268,0.677,0.007,0.001,0.122,-0.102,72,33,40,0,324,0,141583.81,9973.543,47126.922,23.005,6291.025,13.199,35336.470,14203.432,4164.003,16692.708,13354.166,2631.638,14.428,863.625,0.000283,0.024405,1517,0,29,11,40,29,14384,1,9,18.169,0,0,0,0,0,0,0,0,0,0,0,0,0,0,103001,2121,1516,59725.618,47058.438,6290.636,0.155,18.169,33350.751,13891.697,89.300,328,380,33,29,318,110423,174,2,0,50.000,34.045,0.000,0.000,0.000,25.782,14.868,0.000,0,1,0,0,1,922,0,0,0,0.000,0.000,0.000,0.000,0.000,0.000,0.000,0.000,0,0,0,0,0,0,0,0,0,0.000,0.000,0.000,0.000,0.000,0.000,0.000,0.000,0,0,0,0,0,0,0,0,0,0.000,0.000,0.000,0.000,0.000,0.000,0.000,0.000,0,0,0,0,0,0,0,0,0,0.000,0.000,0.000,0.000,0.000,0.000,0.000,0.000,0,0,0,0,0,0,0,0,0,0,0,0,0,0,0,0,0,0
6631,221.0,3897,48,22,583,3314,0,0,2333,331.37,1.309,1.161,0.133,0.060,0.159,-0.888,1.633,0.6113,2.2025,0.676,0.003,0.002,0.123,-0.101,68,43,71,0,301,0,135179.66,9494.363,43811.144,14.125,6103.808,12.734,34734.669,13832.379,4072.319,14732.525,11786.020,3116.767,54.630,966.527,0.000273,0.027983,1454,0,60,11,71,60,13698,6,9,10.043,0,0,0,0,0,0,0,0,0,0,0,0,0,0,100865,1971,1447,55982.964,43757.987,6096.990,0.364,10.043,32759.356,13517.301,92.973,297,398,43,60,295,119685,164,1,1,26.957,17.246,1.226,0.000,0.000,24.178,16.213,0.000,0,2,0,0,2,331,0,0,0,0.000,0.000,0.000,0.000,0.000,0.000,0.000,0.000,0,0,0,0,0,0,0,0,0,0.000,0.000,0.000,0.000,0.000,0.000,0.000,0.000,0,0,0,0,0,0,0,0,0,0.000,0.000,0.000,0.000,0.000,0.000,0.000,0.000,0,0,0,0,0,0,0,0,0,0.000,0.000,0.000,0.000,0.000,0.000,0.000,0.000,0,0,0,0,0,0,0,0,0,0,0,0,0,0,0,0,0,0
6661,222.0,3703,34,22,583,3120,0,0,2194,322.68,1.302,1.155,0.134,0.062,0.165,-0.889,1.636,0.6126,2.2220,0.673,0.005,0.002,0.123,-0.102,72,55,89,1,296,0,126976.91,8934.119,41109.297,8.835,5218.354,13.805,33415.209,13310.654,3858.574,11752.171,9401.737,4341.714,20.051,958.358,0.000331,0.031642,1318,0,81,8,89,81,13277,20,8,8.302,0,0,0,0,0,0,0,0,0,0,0,0,0,0,96662,1848,1298,51821.228,41073.784,5193.806,0.532,8.302,31465.993,13012.430,88.795,232,423,55,79,289,113470,83,0,0,0.000,0.000,0.000,0.000,0.000,12.083,8.803,0.000,0,3,0,2,1,378,0,0,0,0.000,0.000,0.000,0.000,0.000,0.000,0.000,0.000,0,0,0,0,0,0,0,0,0,0.000,0.000,0.000,0.000,0.000,0.000,0.000,0.000,0,0,0,0,0,0,0,0,0,0.000,0.000,0.000,0.000,0.000,0.000,0.000,0.000,0,0,0,0,0,0,0,0,0,0.000,0.000,0.000,0.000,0.000,0.000,0.000,0.000,0,0,0,0,0,0,0,0,0,0,0,0,0,0,0,0,0,0
6691,223.0,3553,33,22,577,2976,0,0,2069,320.63,1.299,1.154,0.135,0.061,0.169,-0.889,1.636,0.6077,2.1834,0.688,0.005,0.002,0.124,-0.102,61,55,67,0,300,0,121969.98,8652.614,41032.600,15.790,5095.907,12.607,31805.578,12669.092,3625.682,13193.232,10554.586,3136.981,0.000,831.958,0.000167,0.031481,1241,0,57,10,67,57,13100,30,10,15.165,0,0,0,0,0,0,0,0,0,0,0,0,0,0,91551,1850,1211,51686.950,41016.758,5067.371,0.626,15.165,29877.711,12385.029,80.930,263,407,55,57,295,121409,30,0,0,0.000,0.000,0.000,0.000,0.000,3.880,2.432,0.000,0,0,0,0,0,0,0,0,0,0.000,0.000,0.000,0.000,0.000,0.000,0.000,0.000,0,0,0,0,0,0,0,0,0,0.000,0.000,0.000,0.000,0.000,0.000,0.000,0.000,0,0,0,0,0,0,0,0,0,0.000,0.000,0.000,0.000,0.000,0.000,0.000,0.000,0,0,0,0,0,0,0,0,0,0.000,0.000,0.000,0.000,0.000,0.000,0.000,0.000,0,0,0,0,0,0,0,0,0,0,0,0,0,0,0,0,0,0
6721,224.0,3450,45,22,584,2866,0,0,1964,319.77,1.292,1.149,0.136,0.062,0.175,-0.891,1.639,0.6173,2.1657,0.697,0.005,0.002,0.124,-0.102,77,69,30,0,260,0,119040.83,8418.438,39565.914,3.056,4638.183,10.880,30593.579,12115.653,3383.743,12230.142,9784.114,1695.786,37.022,644.747,0.000189,0.029790,1112,0,28,2,30,28,12756,12,2,2.851,0,0,0,0,0,0,0,0,0,0,0,0,0,0,87616,1779,1100,49347.493,39510.935,4619.206,0.205,2.851,28666.794,11848.542,63.387,242,352,69,28,255,109497,30,2,0,50.000,34.492,0.000,0.000,0.000,3.911,3.154,0.000,0,0,0,0,0,0,0,0,0,0.000,0.000,0.000,0.000,0.000,0.000,0.000,0.000,0,0,0,0,0,0,0,0,0,0.000,0.000,0.000,0.000,0.000,0.000,0.000,0.000,0,0,0,0,0,0,0,0,0,0.000,0.000,0.000,0.000,0.000,0.000,0.000,0.000,0,0,0,0,0,0,0,0,0,0.000,0.000,0.000,0.000,0.000,0.000,0.000,0.000,0,0,0,0,0,0,0,0,0,0,0,0,0,0,0,0,0,0
6751,225.0,3332,47,23,582,2750,0,0,1913,360.45,1.287,1.143,0.137,0.061,0.179,-0.892,1.637,0.6174,2.2009,0.697,0.005,0.002,0.124,-0.102,69,59,34,0,211,0,112983.14,8109.218,34960.045,17.684,4968.547,11.816,29534.489,11548.937,3289.865,8960.281,7168.225,2226.428,45.062,707.802,0.000195,0.030056,1236,0,27,7,34,27,12421,18,6,14.549,0,0,0,0,0,0,0,0,0,0,0,0,0,0,84264,1574,1217,44605.068,34936.937,4948.521,0.337,14.549,27570.369,11279.300,58.139,176,292,58,27,207,94689,57,1,1,26.717,17.046,1.171,0.000,0.000,12.845,7.787,0.000,0,0,0,0,0,0,0,0,0,0.000,0.000,0.000,0.000,0.000,0.000,0.000,0.000,0,0,0,0,0,0,0,0,0,0.000,0.000,0.000,0.000,0.000,0.000,0.000,0.000,0,0,0,0,0,0,0,0,0,0.000,0.000,0.000,0.000,0.000,0.000,0.000,0.000,0,0,0,0,0,0,0,0,0,0.000,0.000,0.000,0.000,0.000,0.000,0.000,0.000,0,0,0,0,0,0,0,0,0,0,0,0,0,0,0,0,0,0
6781,226.0,3196,35,23,583,2613,0,0,1817,374.17,1.281,1.137,0.138,0.062,0.185,-0.892,1.635,0.6128,2.1914,0.689,0.005,0.003,0.124,-0.103,72,76,31,0,231,0,108008.71,7840.583,33556.136,8.505,4426.732,12.794,28291.340,10894.111,3162.987,9572.066,7657.653,1498.499,7.034,611.270,0.000188,0.029765,1099,0,23,8,31,23,12519,1,7,6.593,0,0,0,0,0,0,0,0,0,0,0,0,0,0,80284,1506,1097,42524.937,33529.490,4417.157,0.247,6.593,26327.982,10628.880,55.903,188,325,76,23,226,107199,60,0,1,5.581,0.000,3.850,0.000,0.000,13.838,6.364,0.000,0,0,0,0,0,0,0,0,0,0.000,0.000,0.000,0.000,0.000,0.000,0.000,0.000,0,0,0,0,0,0,0,0,0,0.000,0.000,0.000,0.000,0.000,0.000,0.000,0.000,0,0,0,0,0,0,0,0,0,0.000,0.000,0.000,0.000,0.000,0.000,0.000,0.000,0,0,0,0,0,0,0,0,0,0.000,0.000,0.000,0.000,0.000,0.000,0.000,0.000,0,0,0,0,0,0,0,0,0,0,0,0,0,0,0,0,0,0
6811,227.0,3020,29,23,576,2444,0,0,1647,362.60,1.270,1.134,0.139,0.063,0.191,-0.893,1.634,0.6198,2.1522,0.714,0.009,0.003,0.125,-0.103,65,59,31,1,262,0,102695.10,7403.675,31590.265,9.532,3988.986,12.610,26751.663,10348.895,2939.643,8428.235,6742.588,1949.686,52.960,588.588,0.000171,0.029813,988,0,26,5,31,26,12285,0,5,9.253,0,0,0,0,0,0,0,0,0,0,0,0,0,0,75647,1419,987,39763.331,31567.443,3986.306,0.279,9.253,24811.439,10092.686,54.486,169,337,59,25,253,108766,37,1,1,28.930,17.046,2.680,0.000,0.000,10.862,4.375,0.000,0,1,0,1,0,385,0,0,0,0.000,0.000,0.000,0.000,0.000,0.000,0.000,0.000,0,0,0,0,0,0,0,0,0,0.000,0.000,0.000,0.000,0.000,0.000,0.000,0.000,0,0,0,0,0,0,0,0,0,0.000,0.000,0.000,0.000,0.000,0.000,0.000,0.000,0,0,0,0,0,0,0,0,0,0.000,0.000,0.000,0.000,0.000,0.000,0.000,0.000,0,0,0,0,0,0,0,0,0,0,0,0,0,0,0,0,0,0
6841,228.0,2898,35,23,571,2327,0,0,1577,314.64,1.263,1.129,0.140,0.060,0.197,-0.893,1.634,0.6155,2.1732,0.718,0.007,0.003,0.125,-0.104,71,66,36,1,196,0,96427.45,7116.039,28588.028,14.586,4025.025,12.738,25518.312,9794.233,2746.886,8369.422,6695.537,1557.306,127.296,568.393,0.000193,0.029028,1019,0,27,9,36,27,12162,5,8,12.632,0,0,0,0,0,0,0,0,0,0,0,0,0,0,71922,1279,1012,36358.482,28559.202,4007.435,0.215,12.632,23593.629,9542.437,51.241,165,282,66,27,189,86544,30,1,2,35.982,17.046,7.488,0.000,0.000,9.939,4.021,0.000,0,0,0,0,0,0,0,0,0,0.000,0.000,0.000,0.000,0.000,0.000,0.000,0.000,0,0,0,0,0,0,0,0,0,0.000,0.000,0.000,0.000,0.000,0.000,0.000,0.000,0,0,0,0,0,0,0,0,0,0.000,0.000,0.000,0.000,0.000,0.000,0.000,0.000,0,0,0,0,0,0,0,0,0,0.000,0.000,0.000,0.000,0.000,0.000,0.000,0.000,0,0,0,0,0,0,0,0,0,0,0,0,0,0,0,0,0,0
6871,229.0,2765,37,23,573,2192,0,0,1452,399.86,1.251,1.123,0.141,0.059,0.205,-0.893,1.632,0.6173,2.1862,0.714,0.003,0.003,0.126,-0.104,58,66,20,1,198,0,90358.03,6773.879,26444.882,6.350,3661.125,11.490,24108.934,9129.051,2572.560,7229.826,5783.861,1526.573,39.299,472.136,0.000257,0.027648,912,0,15,5,20,15,11955,3,5,6.202,0,0,0,0,0,0,0,0,0,0,0,0,0,0,67590,1189,909,33653.666,26444.882,3660.314,0.148,6.202,22176.835,8878.035,50.132,143,278,66,15,197,100324,30,0,0,0.000,0.000,0.000,0.000,0.000,9.997,4.328,0.000,0,0,0,0,0,0,0,0,0,0.000,0.000,0.000,0.000,0.000,0.000,0.000,0.000,0,0,0,0,0,0,0,0,0,0.000,0.000,0.000,0.000,0.000,0.000,0.000,0.000,0,0,0,0,0,0,0,0,0,0.000,0.000,0.000,0.000,0.000,0.000,0.000,0.000,0,0,0,0,0,0,0,0,0,0.000,0.000,0.000,0.000,0.000,0.000,0.000,0.000,0,0,0,0,0,0,0,0,0,0,0,0,0,0,0,0,0,0
6901,230.0,2628,29,25,565,2063,0,0,1318,377.39,1.242,1.118,0.143,0.058,0.211,-0.893,1.633,0.6189,2.1350,0.715,0.004,0.002,0.126,-0.105,70,57,29,1,183,0,84795.90,6418.609,25147.767,10.638,3332.128,10.927,22807.182,8522.675,2343.264,6308.547,5046.838,1698.762,25.537,480.018,0.000235,0.027254,829,0,23,6,29,23,12229,3,3,7.287,0,0,0,0,0,0,0,0,0,0,0,0,0,0,63676,1125,826,31717.487,25129.041,3325.982,0.191,7.287,20882.587,8273.092,48.909,126,255,57,23,175,81139,30,0,0,0.000,0.000,0.000,0.000,0.000,9.954,3.398,0.000,0,0,0,0,0,0,0,0,0,0.000,0.000,0.000,0.000,0.000,0.000,0.000,0.000,0,0,0,0,0,0,0,0,0,0.000,0.000,0.000,0.000,0.000,0.000,0.000,0.000,0,0,0,0,0,0,0,0,0,0.000,0.000,0.000,0.000,0.000,0.000,0.000,0.000,0,0,0,0,0,0,0,0,0,0.000,0.000,0.000,0.000,0.000,0.000,0.000,0.000,0,0,0,0,0,0,0,0,0,0,0,0,0,0,0,0,0,0
6931,231.0,2475,33,25,560,1915,0,0,1212,390.61,1.227,1.112,0.144,0.059,0.220,-0.894,1.633,0.6123,2.1909,0.735,0.004,0.001,0.127,-0.106,54,59,24,1,189,0,77749.73,6258.936,21267.747,3.407,3084.036,12.247,21489.968,7918.211,2117.992,5649.408,4519.526,1482.439,2.260,435.500,0.000188,0.027451,786,0,22,2,24,22,11905,4,2,3.284,0,0,0,0,0,0,0,0,0,0,0,0,0,0,59586,953,782,27157.516,21231.354,3079.103,0.123,3.284,19588.528,7678.541,44.484,112,260,58,22,180,87032,30,0,0,0.000,0.000,0.000,0.000,0.000,9.949,3.155,0.000,0,0,0,0,0,0,0,0,0,0.000,0.000,0.000,0.000,0.000,0.000,0.000,0.000,0,0,0,0,0,0,0,0,0,0.000,0.000,0.000,0.000,0.000,0.000,0.000,0.000,0,0,0,0,0,0,0,0,0,0.000,0.000,0.000,0.000,0.000,0.000,0.000,0.000,0,0,0,0,0,0,0,0,0,0.000,0.000,0.000,0.000,0.000,0.000,0.000,0.000,0,0,0,0,0,0,0,0,0,0,0,0,0,0,0,0,0,0
6961,232.0,2322,33,25,548,1774,0,0,1114,401.22,1.214,1.108,0.145,0.059,0.228,-0.895,1.634,0.6200,2.1490,0.737,0.005,0.002,0.128,-0.106,53,67,22,2,169,0,71589.33,5951.988,20067.783,9.221,2926.787,12.872,20108.784,7420.909,1938.506,5073.498,4058.798,1287.845,51.698,366.958,0.000185,0.028177,705,0,17,5,22,17,11719,2,3,4.913,0,0,0,0,0,0,0,0,0,0,0,0,0,0,55549,900,703,25590.606,20058.424,2925.411,0.032,4.913,18244.393,7191.975,40.085,102,242,66,17,159,87694,3,0,0,0.000,0.000,0.000,0.000,0.000,0.997,0.235,0.000,0,1,0,0,1,210,0,0,0,0.000,0.000,0.000,0.000,0.000,0.000,0.000,0.000,0,0,0,0,0,0,0,0,0,0.000,0.000,0.000,0.000,0.000,0.000,0.000,0.000,0,0,0,0,0,0,0,0,0,0.000,0.000,0.000,0.000,0.000,0.000,0.000,0.000,0,0,0,0,0,0,0,0,0,0.000,0.000,0.000,0.000,0.000,0.000,0.000,0.000,0,0,0,0,0,0,0,0,0,0,0,0,0,0,0,0,0,0
6991,233.0,2179,36,25,549,1630,0,0,967,353.64,1.196,1.099,0.145,0.060,0.241,-0.895,1.633,0.6219,2.1981,0.741,0.004,0.002,0.129,-0.106,62,68,12,0,155,0,67051.28,5658.023,19019.833,0.036,2733.805,12.759,18683.658,6881.971,1742.559,4280.892,3424.714,681.624,41.268,328.686,0.000124,0.028594,662,0,12,0,12,12,11393,5,0,0.000,0,0,0,0,0,0,0,0,0,0,0,0,0,0,51266,845,657,24092.218,19000.209,2713.986,0.036,0.000,16832.518,6658.889,36.279,85,229,68,12,149,75167,0,0,0,0.000,0.000,0.000,0.000,0.000,0.000,0.000,0.000,0,0,0,0,0,0,0,0,0,0.000,0.000,0.000,0.000,0.000,0.000,0.000,0.000,0,0,0,0,0,0,0,0,0,0.000,0.000,0.000,0.000,0.000,0.000,0.000,0.000,0,0,0,0,0,0,0,0,0,0.000,0.000,0.000,0.000,0.000,0.000,0.000,0.000,0,0,0,0,0,0,0,0,0,0.000,0.000,0.000,0.000,0.000,0.000,0.000,0.000,0,0,0,0,0,0,0,0,0,0,0,0,0,0,0,0,0,0
7021,234.0,2031,43,25,548,1483,0,0,832,407.91,1.173,1.088,0.146,0.056,0.255,-0.896,1.633,0.6183,2.2236,0.732,0.000,0.001,0.130,-0.108,58,73,28,0,132,0,61996.18,5454.048,16587.168,5.649,2535.446,14.314,17173.571,6269.172,1491.087,3869.534,3095.628,1004.412,29.659,360.150,0.000104,0.028620,615,0,23,5,28,23,11162,4,5,5.581,0,0,0,0,0,0,0,0,0,0,0,0,0,0,46687,738,611,21230.631,16565.929,2534.148,0.069,5.581,15314.273,6049.943,31.834,75,223,72,23,128,85862,0,0,0,0.000,0.000,0.000,0.000,0.000,0.000,0.000,0.000,0,0,0,0,0,0,0,0,0,0.000,0.000,0.000,0.000,0.000,0.000,0.000,0.000,0,0,0,0,0,0,0,0,0,0.000,0.000,0.000,0.000,0.000,0.000,0.000,0.000,0,0,0,0,0,0,0,0,0,0.000,0.000,0.000,0.000,0.000,0.000,0.000,0.000,0,0,0,0,0,0,0,0,0,0.000,0.000,0.000,0.000,0.000,0.000,0.000,0.000,0,0,0,0,0,0,1,0,0,0,0,0,0,0,0,0,0,0
7051,235.0,1907,29,25,545,1362,0,0,725,442.42,1.154,1.079,0.146,0.055,0.267,-0.896,1.635,0.6273,2.1605,0.735,0.004,0.002,0.131,-0.108,64,71,23,1,115,0,58292.03,5204.574,16020.500,3.044,2400.209,14.163,15818.402,5561.924,1293.860,3915.596,3132.477,1081.387,34.892,358.689,0.000115,0.028605,554,0,21,2,23,21,10768,16,2,2.927,0,0,0,0,0,0,0,0,0,0,0,0,0,0,42612,711,538,20421.949,16011.219,2387.009,0.116,2.927,13962.241,5348.911,26.425,77,198,68,21,109,73582,0,0,0,0.000,0.000,0.000,0.000,0.000,0.000,0.000,0.000,0,0,0,0,0,0,0,0,0,0.000,0.000,0.000,0.000,0.000,0.000,0.000,0.000,0,0,0,0,0,0,0,0,0,0.000,0.000,0.000,0.000,0.000,0.000,0.000,0.000,0,0,0,0,0,0,0,0,0,0.000,0.000,0.000,0.000,0.000,0.000,0.000,0.000,0,0,0,0,0,0,0,0,0,0.000,0.000,0.000,0.000,0.000,0.000,0.000,0.000,0,0,0,0,0,0,0,0,0,0,0,0,0,0,0,0,0,0
7081,236.0,1787,35,25,534,1253,0,0,620,514.90,1.137,1.072,0.147,0.054,0.278,-0.897,1.635,0.6317,2.1416,0.756,0.002,0.002,0.131,-0.107,71,65,15,3,109,0,54501.55,5002.783,13943.868,3.566,2117.467,15.175,14688.168,5200.964,1119.005,3270.784,2616.628,785.852,0.000,292.548,0.000158,0.029263,491,0,12,3,15,12,10551,2,3,3.485,0,0,0,0,0,0,0,0,0,0,0,0,0,0,39351,620,489,17835.740,13937.719,2115.356,0.081,3.485,12861.174,4994.590,21.887,64,173,63,12,98,69288,0,0,0,0.000,0.000,0.000,0.000,0.000,0.000,0.000,0.000,0,0,0,0,0,0,0,0,0,0.000,0.000,0.000,0.000,0.000,0.000,0.000,0.000,0,0,0,0,0,0,0,0,0,0.000,0.000,0.000,0.000,0.000,0.000,0.000,0.000,0,0,0,0,0,0,0,0,0,0.000,0.000,0.000,0.000,0.000,0.000,0.000,0.000,0,0,0,0,0,0,0,0,0,0.000,0.000,0.000,0.000,0.000,0.000,0.000,0.000,0,0,0,0,0,0,0,0,0,0,0,0,0,0,0,0,0,0
7111,237.0,1680,47,25,524,1156,0,0,523,511.18,1.117,1.067,0.147,0.054,0.289,-0.898,1.636,0.6375,2.1526,0.757,0.008,0.003,0.132,-0.107,73,81,8,2,87,0,51729.30,4779.325,12993.634,5.321,2104.330,12.134,13525.614,4769.126,925.230,3153.204,2522.563,442.857,0.000,257.061,0.000138,0.029801,453,0,6,2,8,6,10583,4,2,5.288,0,0,0,0,0,0,0,0,0,0,0,0,0,0,36003,578,449,16782.025,12983.870,2097.434,0.033,5.288,11749.865,4570.371,20.594,66,163,80,6,77,62800,0,0,0,0.000,0.000,0.000,0.000,0.000,0.000,0.000,0.000,0,0,0,0,0,0,0,0,0,0.000,0.000,0.000,0.000,0.000,0.000,0.000,0.000,0,0,0,0,0,0,0,0,0,0.000,0.000,0.000,0.000,0.000,0.000,0.000,0.000,0,0,0,0,0,0,0,0,0,0.000,0.000,0.000,0.000,0.000,0.000,0.000,0.000,0,0,0,0,0,0,0,0,0,0.000,0.000,0.000,0.000,0.000,0.000,0.000,0.000,0,0,0,0,0,0,0,0,0,0,0,0,0,0,0,0,0,0
7141,238.0,1607,45,25,522,1085,0,0,459,507.69,1.097,1.062,0.148,0.054,0.299,-0.897,1.637,0.6428,2.2511,0.737,0.004,0.002,0.133,-0.107,65,70,11,1,63,0,49540.96,4628.611,12553.291,5.753,1955.486,11.925,12724.336,4450.376,802.985,3252.917,2602.334,506.987,0.000,240.738,0.000136,0.031116,398,0,8,3,11,8,10397,13,3,5.676,0,0,0,0,0,0,0,0,0,0,0,0,0,0,33772,558,385,16084.407,12523.565,1939.776,0.077,5.676,10972.881,4256.246,18.527,65,136,70,8,58,56006,0,0,0,0.000,0.000,0.000,0.000,0.000,0.000,0.000,0.000,0,0,0,0,0,0,0,0,0,0.000,0.000,0.000,0.000,0.000,0.000,0.000,0.000,0,0,0,0,0,0,0,0,0,0.000,0.000,0.000,0.000,0.000,0.000,0.000,0.000,0,0,0,0,0,0,0,0,0,0.000,0.000,0.000,0.000,0.000,0.000,0.000,0.000,0,0,0,0,0,0,0,0,0,0.000,0.000,0.000,0.000,0.000,0.000,0.000,0.000,0,0,0,0,0,0,0,0,0,0,0,0,0,0,0,0,0,0
7171,239.0,1551,30,25,522,1029,0,0,407,480.25,1.076,1.058,0.148,0.052,0.308,-0.897,1.635,0.6437,2.2269,0.736,0.006,0.003,0.134,-0.105,71,70,5,0,51,0,47971.00,4462.471,11919.108,8.524,1726.907,13.610,11941.967,4160.913,695.824,3019.653,2415.722,340.033,22.566,194.820,0.000099,0.031235,367,0,1,4,5,1,10495,14,1,1.905,0,0,0,0,0,0,0,0,0,0,0,0,0,0,31585,530,353,15142.004,11919.108,1712.259,0.010,1.905,10193.738,3967.090,18.214,64,120,70,1,49,49592,0,0,0,0.000,0.000,0.000,0.000,0.000,0.000,0.000,0.000,0,0,0,0,0,0,0,0,0,0.000,0.000,0.000,0.000,0.000,0.000,0.000,0.000,0,0,0,0,0,0,0,0,0,0.000,0.000,0.000,0.000,0.000,0.000,0.000,0.000,0,0,0,0,0,0,0,0,0,0.000,0.000,0.000,0.000,0.000,0.000,0.000,0.000,0,0,0,0,0,0,0,0,0,0.000,0.000,0.000,0.000,0.000,0.000,0.000,0.000,0,0,0,0,0,0,0,0,0,0,0,0,0,0,0,0,0,0
7201,240.0,1519,33,25,521,998,0,0,373,471.14,1.055,1.062,0.149,0.053,0.314,-0.898,1.637,0.6293,2.1611,0.753,0.000,0.004,0.135,-0.103,64,69,7,0,45,0,47119.35,4420.357,12246.266,7.436,1878.675,14.032,11458.903,4126.589,608.965,3719.874,2975.899,276.778,70.902,239.600,0.000091,0.030687,384,0,4,3,7,4,10518,2,3,7.423,0,0,0,0,0,0,0,0,0,0,0,0,0,0,30464,545,382,15709.799,12246.266,1876.321,0.013,7.423,9709.480,3935.744,18.883,78,109,67,4,38,45179,0,0,0,0.000,0.000,0.000,0.000,0.000,0.000,0.000,0.000,0,0,0,0,0,0,0,0,0,0.000,0.000,0.000,0.000,0.000,0.000,0.000,0.000,0,0,0,0,0,0,0,0,0,0.000,0.000,0.000,0.000,0.000,0.000,0.000,0.000,0,0,0,0,0,0,0,0,0,0.000,0.000,0.000,0.000,0.000,0.000,0.000,0.000,0,0,0,0,0,0,0,0,0,0.000,0.000,0.000,0.000,0.000,0.000,0.000,0.000,0,0,0,0,0,0,0,0,0,0,0,0,0,0,0,0,0,0
7231,241.0,1510,31,25,526,984,0,0,347,454.57,1.041,1.067,0.150,0.055,0.318,-0.900,1.634,0.6425,2.2540,0.747,0.000,0.004,0.136,-0.102,68,56,12,0,37,0,46661.35,4537.255,12344.514,1.487,1904.058,14.945,11118.497,4039.170,560.997,4174.425,3339.540,421.459,115.734,250.517,0.000147,0.030240,374,0,10,2,12,10,10617,8,1,0.922,0,0,0,0,0,0,0,0,0,0,0,0,0,0,29615,545,366,15727.145,12313.341,1892.980,0.051,0.922,9345.981,3847.105,17.427,88,102,56,10,36,40699,0,0,0,0.000,0.000,0.000,0.000,0.000,0.000,0.000,0.000,0,0,0,0,0,0,0,0,0,0.000,0.000,0.000,0.000,0.000,0.000,0.000,0.000,0,0,0,0,0,0,0,0,0,0.000,0.000,0.000,0.000,0.000,0.000,0.000,0.000,0,0,0,0,0,0,0,0,0,0.000,0.000,0.000,0.000,0.000,0.000,0.000,0.000,0,0,0,0,0,0,0,0,0,0.000,0.000,0.000,0.000,0.000,0.000,0.000,0.000,0,0,0,0,0,0,0,0,0,0,0,0,0,0,0,0,0,0
7261,242.0,1490,36,25,531,959,0,0,307,473.19,1.023,1.068,0.149,0.055,0.325,-0.901,1.637,0.6452,2.3787,0.726,0.004,0.004,0.137,-0.101,68,58,8,0,31,0,45786.20,4539.720,11237.801,1.921,1672.343,14.549,10915.595,3951.393,503.911,3220.406,2576.325,347.536,71.545,220.527,0.000124,0.029713,346,0,6,2,8,6,10605,23,1,0.897,0,0,0,0,0,0,0,0,0,0,0,0,0,0,29197,497,323,14218.536,11222.267,1631.089,0.043,0.897,9124.958,3759.497,16.168,67,92,58,6,28,39745,0,0,0,0.000,0.000,0.000,0.000,0.000,0.000,0.000,0.000,0,0,0,0,0,0,0,0,0,0.000,0.000,0.000,0.000,0.000,0.000,0.000,0.000,0,0,0,0,0,0,0,0,0,0.000,0.000,0.000,0.000,0.000,0.000,0.000,0.000,0,0,0,0,0,0,0,0,0,0.000,0.000,0.000,0.000,0.000,0.000,0.000,0.000,0,0,0,0,0,0,0,0,0,0.000,0.000,0.000,0.000,0.000,0.000,0.000,0.000,0,0,0,0,0,0,0,0,0,0,0,0,0,0,0,0,0,0
7291,243.0,1490,45,25,542,948,0,0,274,443.39,1.005,1.068,0.150,0.057,0.331,-0.901,1.636,0.6388,2.3502,0.735,0.009,0.004,0.138,-0.100,65,48,17,0,44,0,46004.72,4692.384,12340.019,6.508,1811.979,14.155,10605.430,3891.125,440.209,4510.374,3608.299,640.259,88.650,252.640,0.000140,0.029558,336,0,15,2,17,15,10782,2,1,4.024,0,0,0,0,0,0,0,0,0,0,0,0,0,0,28437,546,334,15633.239,12312.472,1805.232,0.127,4.024,8796.701,3697.847,16.060,92,103,48,15,40,37447,0,0,0,0.000,0.000,0.000,0.000,0.000,0.000,0.000,0.000,0,0,0,0,0,0,0,0,0,0.000,0.000,0.000,0.000,0.000,0.000,0.000,0.000,0,0,0,0,0,0,0,0,0,0.000,0.000,0.000,0.000,0.000,0.000,0.000,0.000,0,0,0,0,0,0,0,0,0,0.000,0.000,0.000,0.000,0.000,0.000,0.000,0.000,0,0,0,0,0,0,0,0,0,0.000,0.000,0.000,0.000,0.000,0.000,0.000,0.000,0,0,0,0,0,0,0,0,0,0,0,0,0,0,0,0,0,0
7321,244.0,1501,50,25,552,949,0,0,238,402.49,0.988,1.073,0.149,0.060,0.334,-0.901,1.639,0.6422,2.4525,0.735,0.004,0.003,0.139,-0.099,60,50,10,1,32,0,46914.71,4851.026,12330.339,0.103,1690.636,13.318,10481.817,3814.419,386.707,4238.064,3390.452,439.461,82.874,218.585,0.000150,0.029656,319,0,10,0,10,10,10803,0,0,0.000,0,0,0,0,0,0,0,0,0,0,0,0,0,0,28289,545,319,15495.368,12313.233,1690.636,0.103,0.000,8629.629,3615.222,17.247,90,89,50,10,29,33583,0,0,0,0.000,0.000,0.000,0.000,0.000,0.000,0.000,0.000,0,0,0,0,0,0,0,0,0,0.000,0.000,0.000,0.000,0.000,0.000,0.000,0.000,0,0,0,0,0,0,0,0,0,0.000,0.000,0.000,0.000,0.000,0.000,0.000,0.000,0,0,0,0,0,0,0,0,0,0.000,0.000,0.000,0.000,0.000,0.000,0.000,0.000,0,0,0,0,0,0,0,0,0,0.000,0.000,0.000,0.000,0.000,0.000,0.000,0.000,0,0,0,0,0,0,0,0,0,0,0,0,0,0,0,0,0,0
7351,245.0,1541,53,25,560,981,0,0,197,430.19,0.973,1.087,0.149,0.060,0.330,-0.904,1.637,0.6256,2.4975,0.732,0.000,0.003,0.140,-0.094,70,64,16,1,22,0,49381.02,5086.821,14413.340,5.208,1951.337,17.517,10542.685,4032.955,333.165,5828.459,4662.767,682.101,6.364,276.101,0.000114,0.030335,360,0,14,2,16,14,10980,31,2,4.993,0,0,0,0,0,0,0,0,0,0,0,0,0,0,28978,635,329,18005.575,14407.278,1928.689,0.195,4.993,8654.701,3833.259,18.065,127,96,62,14,20,35904,0,0,0,0.000,0.000,0.000,0.000,0.000,0.000,0.000,0.000,0,0,0,0,0,0,0,0,0,0.000,0.000,0.000,0.000,0.000,0.000,0.000,0.000,0,0,0,0,0,0,0,0,0,0.000,0.000,0.000,0.000,0.000,0.000,0.000,0.000,0,0,0,0,0,0,0,0,0,0.000,0.000,0.000,0.000,0.000,0.000,0.000,0.000,0,0,0,0,0,0,0,0,0,0.000,0.000,0.000,0.000,0.000,0.000,0.000,0.000,0,0,0,0,0,0,1,0,0,0,0,0,0,0,0,0,0,0
7381,246.0,1623,54,25,582,1041,0,0,192,441.49,0.959,1.103,0.148,0.062,0.327,-0.904,1.636,0.6312,2.5339,0.731,0.009,0.005,0.141,-0.088,61,57,3,0,12,0,52547.03,5346.215,14606.903,0.031,1766.622,14.387,10751.202,4117.542,286.078,6212.698,4970.158,177.727,16.466,195.587,0.000107,0.029675,341,0,3,0,3,3,11376,32,0,0.000,0,0,0,0,0,0,0,0,0,0,0,0,0,0,30164,646,309,18062.801,14584.359,1754.153,0.031,0.000,8827.603,3918.683,14.380,132,72,57,3,12,30120,0,0,0,0.000,0.000,0.000,0.000,0.000,0.000,0.000,0.000,0,0,0,0,0,0,0,0,0,0.000,0.000,0.000,0.000,0.000,0.000,0.000,0.000,0,0,0,0,0,0,0,0,0,0.000,0.000,0.000,0.000,0.000,0.000,0.000,0.000,0,0,0,0,0,0,0,0,0,0.000,0.000,0.000,0.000,0.000,0.000,0.000,0.000,0,0,0,0,0,0,0,0,0,0.000,0.000,0.000,0.000,0.000,0.000,0.000,0.000,0,0,0,0,0,0,0,0,0,0,0,0,0,0,0,0,0,0
7411,247.0,1742,44,25,614,1128,0,0,179,425.87,0.951,1.119,0.149,0.063,0.322,-0.904,1.635,0.6395,2.5980,0.707,0.007,0.005,0.140,-0.085,78,37,2,0,24,0,57936.56,5821.962,17784.916,0.029,2194.904,13.791,11309.298,4589.704,269.025,7287.774,5830.219,366.595,0.000,225.199,0.000168,0.030738,405,0,2,0,2,2,12053,32,0,0.000,0,0,0,0,0,0,0,0,0,0,0,0,0,0,32420,786,373,21982.303,17755.377,2191.793,0.029,0.000,9298.701,4374.923,19.036,150,63,37,2,24,26440,0,0,0,0.000,0.000,0.000,0.000,0.000,0.000,0.000,0.000,0,0,0,0,0,0,0,0,0,0.000,0.000,0.000,0.000,0.000,0.000,0.000,0.000,0,0,0,0,0,0,0,0,0,0.000,0.000,0.000,0.000,0.000,0.000,0.000,0.000,0,0,0,0,0,0,0,0,0,0.000,0.000,0.000,0.000,0.000,0.000,0.000,0.000,0,0,0,0,0,0,0,0,0,0.000,0.000,0.000,0.000,0.000,0.000,0.000,0.000,0,0,0,0,0,0,0,0,0,0,0,0,0,0,0,0,0,0
7441,248.0,1897,54,25,637,1260,0,0,189,383.17,0.952,1.141,0.145,0.065,0.308,-0.904,1.634,0.6371,2.7347,0.705,0.013,0.003,0.141,-0.080,82,44,15,0,11,0,63811.03,6483.706,19825.607,3.312,2337.301,15.979,12179.537,5091.605,259.708,9195.611,7356.489,701.799,49.635,316.752,0.000150,0.031882,412,0,14,1,15,14,12897,25,1,3.158,0,0,0,0,0,0,0,0,0,0,0,0,0,0,35734,878,387,24457.237,19819.545,2320.793,0.155,3.158,10073.305,4866.685,21.048,200,69,44,14,11,20012,0,0,0,0.000,0.000,0.000,0.000,0.000,0.000,0.000,0.000,0,0,0,0,0,0,0,0,0,0.000,0.000,0.000,0.000,0.000,0.000,0.000,0.000,0,0,0,0,0,0,0,0,0,0.000,0.000,0.000,0.000,0.000,0.000,0.000,0.000,0,0,0,0,0,0,0,0,0,0.000,0.000,0.000,0.000,0.000,0.000,0.000,0.000,0,0,0,0,0,0,0,0,0,0.000,0.000,0.000,0.000,0.000,0.000,0.000,0.000,0,0,0,0,0,0,1,0,0,0,0,0,0,0,0,0,0,0
7471,249.0,2046,57,25,674,1372,0,0,190,331.41,0.946,1.153,0.145,0.063,0.304,-0.906,1.635,0.6297,2.8287,0.682,0.012,0.003,0.141,-0.077,83,49,17,0,19,0,68776.17,6908.841,20031.222,4.243,2877.179,13.075,13121.433,5563.432,273.852,9348.557,7478.846,739.298,35.793,375.644,0.000124,0.031301,485,0,15,2,17,15,13699,9,2,4.076,0,0,0,0,0,0,0,0,0,0,0,0,0,0,39457,883,476,25151.148,20002.852,2854.592,0.167,4.076,10914.966,5321.253,26.612,194,82,49,15,18,23287,0,0,0,0.000,0.000,0.000,0.000,0.000,0.000,0.000,0.000,0,0,0,0,0,0,0,0,0,0.000,0.000,0.000,0.000,0.000,0.000,0.000,0.000,0,0,0,0,0,0,0,0,0,0.000,0.000,0.000,0.000,0.000,0.000,0.000,0.000,0,0,0,0,0,0,0,0,0,0.000,0.000,0.000,0.000,0.000,0.000,0.000,0.000,0,0,0,0,0,0,0,0,0,0.000,0.000,0.000,0.000,0.000,0.000,0.000,0.000,0,0,0,0,0,0,0,0,0,0,0,0,0,0,0,0,0,0
7501,250.0,2248,60,24,718,1530,0,0,200,260.70,0.947,1.166,0.145,0.064,0.296,-0.906,1.633,0.6381,2.7520,0.672,0.019,0.003,0.141,-0.074,74,48,20,0,17,0,75174.68,7370.490,23020.566,0.219,3062.377,12.675,14202.811,6140.769,272.391,11617.994,9294.395,624.038,42.738,386.427,0.000126,0.032584,506,0,20,0,20,20,14632,9,0,0.000,0,0,0,0,0,0,0,0,0,0,0,0,0,0,43482,1015,497,28711.135,22999.225,3041.342,0.164,0.000,11872.511,5883.724,27.254,243,85,48,20,17,19371,12,0,0,0.000,0.000,0.000,0.000,0.000,2.288,2.020,0.000,0,0,0,0,0,0,0,0,0,0.000,0.000,0.000,0.000,0.000,0.000,0.000,0.000,0,0,0,0,0,0,0,0,0,0.000,0.000,0.000,0.000,0.000,0.000,0.000,0.000,0,0,0,0,0,0,0,0,0,0.000,0.000,0.000,0.000,0.000,0.000,0.000,0.000,0,0,0,0,0,0,0,0,0,0.000,0.000,0.000,0.000,0.000,0.000,0.000,0.000,0,0,0,0,0,0,0,0,0,0,0,0,0,0,0,0,0,0
7531,251.0,2448,63,24,758,1690,0,0,231,265.85,0.946,1.181,0.143,0.065,0.288,-0.907,1.629,0.6351,2.8159,0.681,0.017,0.004,0.141,-0.069,75,48,19,0,17,0,82205.21,8281.556,24586.552,0.964,3505.025,18.235,15488.233,6785.068,302.675,11258.602,9006.882,593.435,15.116,402.291,0.000180,0.033430,585,0,18,1,19,18,15547,4,1,0.747,0,0,0,0,0,0,0,0,0,0,0,0,0,0,48243,1080,580,30828.110,24536.917,3495.184,0.191,0.747,13017.788,6497.373,36.594,241,81,48,18,15,20714,30,2,1,58.960,34.380,6.161,0.000,0.000,5.703,7.373,0.000,0,0,0,0,0,0,0,0,0,0.000,0.000,0.000,0.000,0.000,0.000,0.000,0.000,0,0,0,0,0,0,0,0,0,0.000,0.000,0.000,0.000,0.000,0.000,0.000,0.000,0,0,0,0,0,0,0,0,0,0.000,0.000,0.000,0.000,0.000,0.000,0.000,0.000,0,0,0,0,0,0,0,0,0,0.000,0.000,0.000,0.000,0.000,0.000,0.000,0.000,0,0,0,0,0,0,0,0,0,0,0,0,0,0,0,0,0,0
7561,252.0,2693,58,24,818,1875,0,0,248,262.77,0.948,1.191,0.143,0.066,0.284,-0.907,1.633,0.6331,2.8665,0.652,0.018,0.004,0.142,-0.067,77,56,23,0,19,0,89877.22,9327.557,27089.219,5.923,3903.676,13.336,16889.219,7532.062,335.784,13655.616,10924.493,772.088,36.419,454.001,0.000260,0.035349,634,0,21,2,23,21,16744,2,2,5.694,0,0,0,0,0,0,0,0,0,0,0,0,0,0,53176,1192,632,34003.562,27053.340,3895.415,0.187,5.694,14275.377,7220.603,43.747,279,94,56,21,17,20602,30,0,0,0.000,0.000,0.000,0.000,0.000,5.707,7.518,0.000,0,0,0,0,0,0,0,0,0,0.000,0.000,0.000,0.000,0.000,0.000,0.000,0.000,0,0,0,0,0,0,0,0,0,0.000,0.000,0.000,0.000,0.000,0.000,0.000,0.000,0,0,0,0,0,0,0,0,0,0.000,0.000,0.000,0.000,0.000,0.000,0.000,0.000,0,0,0,0,0,0,0,0,0,0.000,0.000,0.000,0.000,0.000,0.000,0.000,0.000,0,0,0,0,0,0,0,0,0,0,0,0,0,0,0,0,0,0
7591,253.0,2944,47,24,868,2076,0,0,281,253.55,0.948,1.203,0.142,0.066,0.277,-0.908,1.634,0.6387,2.8744,0.636,0.017,0.003,0.142,-0.065,82,74,29,0,33,0,97788.16,10249.403,29791.598,21.117,4828.803,14.522,18508.880,8424.892,377.602,15520.638,12416.510,1174.539,30.058,531.077,0.000262,0.038155,761,0,20,9,29,20,17730,8,6,13.155,0,0,0,0,0,0,0,0,0,0,0,0,0,0,59085,1312,753,37992.243,29720.396,4810.899,0.101,13.155,15751.169,8088.268,51.888,323,123,73,20,30,30034,42,2,0,50.000,34.380,0.000,0.000,0.000,7.969,10.126,0.000,1,0,0,0,0,0,0,0,0,0.000,0.000,0.000,0.000,0.000,0.000,0.000,0.000,0,0,0,0,0,0,0,0,0,0.000,0.000,0.000,0.000,0.000,0.000,0.000,0.000,0,0,0,0,0,0,0,0,0,0.000,0.000,0.000,0.000,0.000,0.000,0.000,0.000,0,0,0,0,0,0,0,0,0,0.000,0.000,0.000,0.000,0.000,0.000,0.000,0.000,0,0,0,0,0,0,0,0,0,0,0,0,0,0,0,0,0,0
7621,254.0,3207,37,24,936,2271,0,0,339,256.14,0.948,1.207,0.142,0.065,0.275,-0.909,1.633,0.6357,2.9480,0.628,0.015,0.003,0.142,-0.064,87,73,34,0,24,0,104756.04,11046.147,30729.480,9.413,5757.998,12.387,20162.449,9233.867,431.272,15632.333,12505.866,1132.453,52.272,678.386,0.000283,0.040896,951,0,29,5,34,29,18971,14,4,6.720,0,0,0,0,0,0,0,0,0,0,0,0,0,0,65090,1353,937,40025.761,30709.083,5731.674,0.258,6.720,17227.240,8863.688,60.500,320,125,73,29,23,27695,60,0,0,0.000,0.000,0.000,0.000,0.000,11.392,13.610,0.000,0,0,0,0,0,0,0,0,0,0.000,0.000,0.000,0.000,0.000,0.000,0.000,0.000,0,0,0,0,0,0,0,0,0,0.000,0.000,0.000,0.000,0.000,0.000,0.000,0.000,0,0,0,0,0,0,0,0,0,0.000,0.000,0.000,0.000,0.000,0.000,0.000,0.000,0,0,0,0,0,0,0,0,0,0.000,0.000,0.000,0.000,0.000,0.000,0.000,0.000,0,0,0,0,0,0,0,0,0,0,0,0,0,0,0,0,0,0
7651,255.0,3444,52,24,992,2452,0,0,391,265.64,0.950,1.211,0.142,0.066,0.272,-0.908,1.632,0.6397,2.9141,0.625,0.013,0.002,0.143,-0.064,88,90,71,0,41,0,111587.73,12184.287,33942.689,21.404,6513.443,14.660,21775.112,10208.205,518.956,17634.468,14107.574,2395.056,19.079,873.392,0.000172,0.041241,1108,0,60,11,71,60,20617,5,10,18.392,0,0,0,0,0,0,0,0,0,0,0,0,0,0,70615,1494,1101,44432.404,33882.591,6499.778,0.508,18.392,18666.386,9806.445,74.996,371,190,90,60,40,42295,60,3,2,88.012,51.570,8.947,0.000,0.000,11.412,12.845,0.000,0,0,0,0,0,0,0,0,0,0.000,0.000,0.000,0.000,0.000,0.000,0.000,0.000,0,0,0,0,0,0,0,0,0,0.000,0.000,0.000,0.000,0.000,0.000,0.000,0.000,0,0,0,0,0,0,0,0,0,0.000,0.000,0.000,0.000,0.000,0.000,0.000,0.000,0,0,0,0,0,0,0,0,0,0.000,0.000,0.000,0.000,0.000,0.000,0.000,0.000,0,0,0,0,0,0,0,0,0,0,0,0,0,0,0,0,0,0
7681,256.0,3710,57,24,1050,2660,0,0,493,197.73,0.951,1.218,0.142,0.067,0.268,-0.908,1.633,0.6351,2.9205,0.627,0.016,0.003,0.142,-0.062,82,111,49,0,45,0,120246.54,13480.467,36354.567,23.993,7613.815,13.668,23359.222,10955.683,624.229,19029.716,15223.773,1521.718,57.261,876.155,0.000191,0.040622,1340,0,38,11,49,38,21778,11,10,21.214,0,0,0,0,0,0,0,0,0,0,0,0,0,0,76328,1596,1329,48164.652,36209.277,7593.544,0.281,21.214,20073.514,10520.167,83.829,401,193,111,37,45,36905,74,3,0,75.000,51.570,0.000,0.000,0.000,14.068,16.835,0.000,1,1,0,1,0,95,0,0,0,0.000,0.000,0.000,0.000,0.000,0.000,0.000,0.000,0,0,0,0,0,0,0,0,0,0.000,0.000,0.000,0.000,0.000,0.000,0.000,0.000,0,0,0,0,0,0,0,0,0,0.000,0.000,0.000,0.000,0.000,0.000,0.000,0.000,0,0,0,0,0,0,0,0,0,0.000,0.000,0.000,0.000,0.000,0.000,0.000,0.000,0,0,0,0,0,0,0,0,0,0,0,0,0,0,0,0,0,0
7711,257.0,4015,47,24,1109,2906,0,0,641,238.79,0.958,1.225,0.141,0.067,0.263,-0.908,1.630,0.6323,2.9185,0.609,0.009,0.002,0.143,-0.061,98,95,55,0,61,0,130162.50,14789.559,40201.664,17.340,8281.558,12.304,25318.912,12001.501,819.905,21013.318,16810.654,1706.551,72.649,970.417,0.000236,0.038771,1498,0,46,9,55,46,23174,8,9,16.788,0,0,0,0,0,0,0,0,0,0,0,0,0,0,83393,1771,1490,53213.523,40155.382,8267.054,0.517,16.788,21867.823,11535.932,101.482,442,198,95,46,57,41837,60,1,0,25.000,17.190,0.000,0.000,0.000,11.392,11.978,0.000,0,0,0,0,0,0,0,0,0,0.000,0.000,0.000,0.000,0.000,0.000,0.000,0.000,0,0,0,0,0,0,0,0,0,0.000,0.000,0.000,0.000,0.000,0.000,0.000,0.000,0,0,0,0,0,0,0,0,0,0.000,0.000,0.000,0.000,0.000,0.000,0.000,0.000,0,0,0,0,0,0,0,0,0,0.000,0.000,0.000,0.000,0.000,0.000,0.000,0.000,0,0,0,0,0,0,2,0,0,0,0,0,0,0,0,0,0,0
7741,258.0,4296,30,24,1169,3127,0,0,887,206.36,0.960,1.231,0.141,0.069,0.260,-0.908,1.636,0.6385,2.9557,0.612,0.013,0.003,0.144,-0.059,73,104,76,0,73,0,139131.75,16405.881,41621.581,18.098,9490.846,11.823,27269.350,12799.197,1109.544,21398.387,17118.710,2341.175,113.051,1164.313,0.000244,0.038610,1777,0,66,10,76,66,24827,19,10,17.260,0,0,0,0,0,0,0,0,0,0,0,0,0,0,90319,1832,1757,56061.642,41531.626,9463.635,0.724,17.260,23649.939,12308.981,109.443,460,238,104,65,69,49943,60,2,1,63.276,34.380,9.129,0.000,0.000,11.412,7.149,0.000,0,1,0,1,0,81,0,0,0,0.000,0.000,0.000,0.000,0.000,0.000,0.000,0.000,0,0,0,0,0,0,0,0,0,0.000,0.000,0.000,0.000,0.000,0.000,0.000,0.000,0,0,0,0,0,0,0,0,0,0.000,0.000,0.000,0.000,0.000,0.000,0.000,0.000,0,0,0,0,0,0,0,0,0,0.000,0.000,0.000,0.000,0.000,0.000,0.000,0.000,0,0,0,0,0,0,0,0,0,0,0,0,0,0,0,0,0,0
7771,259.0,4490,51,24,1221,3269,0,0,1171,256.87,0.967,1.229,0.141,0.068,0.260,-0.908,1.636,0.6343,2.8956,0.618,0.011,0.002,0.143,-0.060,90,106,102,0,100,0,146995.09,17923.397,42548.862,35.035,10364.828,11.449,28910.707,13702.956,1547.542,20509.016,16407.213,3020.634,73.302,1287.006,0.000255,0.037506,1942,0,84,18,102,84,26197,49,16,31.786,0,0,0,0,0,0,0,0,0,0,0,0,0,0,95447,1874,1893,58026.407,42481.419,10305.193,0.905,31.786,25121.679,13173.162,131.731,426,285,105,84,96,62855,30,0,0,0.000,0.000,0.000,0.000,0.000,5.701,3.532,0.000,0,0,0,0,0,0,0,0,0,0.000,0.000,0.000,0.000,0.000,0.000,0.000,0.000,0,0,0,0,0,0,0,0,0,0.000,0.000,0.000,0.000,0.000,0.000,0.000,0.000,0,0,0,0,0,0,0,0,0,0.000,0.000,0.000,0.000,0.000,0.000,0.000,0.000,0,0,0,0,0,0,0,0,0,0.000,0.000,0.000,0.000,0.000,0.000,0.000,0.000,0,0,0,0,0,0,1,0,0,0,0,0,0,0,0,0,0,0
7801,260.0,4732,54,25,1262,3470,0,0,1498,263.40,0.978,1.233,0.141,0.069,0.256,-0.909,1.640,0.6318,2.8965,0.588,0.017,0.002,0.143,-0.060,88,76,139,0,129,0,153568.88,19142.885,45591.452,72.984,11567.441,12.925,30879.678,14568.012,2061.648,24113.302,19290.642,4471.275,18.055,1412.217,0.000260,0.036047,2117,0,109,30,139,109,26919,13,24,55.845,0,0,0,0,0,0,0,0,0,0,0,0,0,0,101648,2002,2104,62582.983,45546.267,11556.400,0.944,55.845,26958.073,14013.041,139.604,504,304,76,109,119,62112,30,0,0,0.000,0.000,0.000,0.000,0.000,5.691,3.579,0.000,0,0,0,0,0,0,0,0,0,0.000,0.000,0.000,0.000,0.000,0.000,0.000,0.000,0,0,0,0,0,0,0,0,0,0.000,0.000,0.000,0.000,0.000,0.000,0.000,0.000,0,0,0,0,0,0,0,0,0,0.000,0.000,0.000,0.000,0.000,0.000,0.000,0.000,0,0,0,0,0,0,0,0,0,0.000,0.000,0.000,0.000,0.000,0.000,0.000,0.000,0,0,0,0,0,0,1,0,0,0,0,0,0,0,0,0,0,0
7831,261.0,4887,37,25,1277,3610,0,0,1878,294.64,0.989,1.240,0.140,0.070,0.252,-0.910,1.641,0.6383,2.8817,0.590,0.021,0.003,0.144,-0.060,96,87,158,0,171,0,161254.86,19630.000,49754.150,103.043,11799.537,11.995,32338.926,15343.576,2605.261,23727.763,18982.211,5225.162,33.219,1509.510,0.000251,0.036930,2233,0,109,49,158,109,28314,14,43,92.782,0,0,0,0,0,0,0,0,0,0,0,0,0,0,105996,2183,2218,67417.181,49653.454,11782.810,1.094,92.782,28341.114,14772.062,150.213,496,357,87,109,161,73048,30,1,1,31.899,17.190,4.744,0.000,0.000,5.709,3.399,0.000,0,0,0,0,0,0,0,0,0,0.000,0.000,0.000,0.000,0.000,0.000,0.000,0.000,0,0,0,0,0,0,0,0,0,0.000,0.000,0.000,0.000,0.000,0.000,0.000,0.000,0,0,0,0,0,0,0,0,0,0.000,0.000,0.000,0.000,0.000,0.000,0.000,0.000,0,0,0,0,0,0,0,0,0,0.000,0.000,0.000,0.000,0.000,0.000,0.000,0.000,0,0,0,0,0,0,1,0,0,0,0,0,0,0,0,0,0,0
7861,262.0,4964,37,25,1293,3671,0,0,2270,250.86,0.999,1.236,0.140,0.069,0.252,-0.911,1.643,0.6373,2.8556,0.589,0.023,0.002,0.144,-0.061,89,73,232,0,199,0,163681.58,20317.909,49010.130,97.218,11975.548,12.298,33700.265,16229.450,3269.004,24506.487,19605.190,7170.559,0.000,1727.969,0.000193,0.038366,2311,0,184,48,232,184,29124,24,47,93.329,0,0,0,0,0,0,0,0,0,0,0,0,0,0,109634,2143,2287,66593.258,48963.657,11927.870,1.505,93.329,29664.578,15621.685,175.548,511,451,73,184,194,100032,44,2,0,50.000,34.380,0.000,0.000,0.000,8.350,5.359,0.000,1,0,0,0,0,0,0,0,0,0.000,0.000,0.000,0.000,0.000,0.000,0.000,0.000,0,0,0,0,0,0,0,0,0,0.000,0.000,0.000,0.000,0.000,0.000,0.000,0.000,0,0,0,0,0,0,0,0,0,0.000,0.000,0.000,0.000,0.000,0.000,0.000,0.000,0,0,0,0,0,0,0,0,0,0.000,0.000,0.000,0.000,0.000,0.000,0.000,0.000,0,0,0,0,0,0,0,0,0,0,0,0,0,0,0,0,0,0
7891,263.0,5032,42,25,1316,3716,0,0,2570,277.52,1.010,1.232,0.141,0.069,0.253,-0.912,1.648,0.6439,2.8650,0.592,0.013,0.002,0.144,-0.063,93,41,285,0,210,0,165988.14,21225.547,51046.086,145.315,12508.668,11.492,34421.526,16436.449,3820.262,25086.781,20069.425,8522.046,12.574,1880.177,0.000290,0.041138,2549,0,213,72,285,213,29274,14,67,135.029,0,0,0,0,0,0,0,0,0,0,0,0,0,0,110654,2239,2535,69390.649,50960.236,12484.673,1.513,135.029,30334.256,15819.032,178.244,499,454,40,213,201,107111,60,2,0,50.000,34.380,0.000,0.000,0.000,11.411,7.763,0.000,0,0,0,0,0,0,0,0,0,0.000,0.000,0.000,0.000,0.000,0.000,0.000,0.000,0,0,0,0,0,0,0,0,0,0.000,0.000,0.000,0.000,0.000,0.000,0.000,0.000,0,0,0,0,0,0,0,0,0,0.000,0.000,0.000,0.000,0.000,0.000,0.000,0.000,0,0,0,0,0,0,0,0,0,0.000,0.000,0.000,0.000,0.000,0.000,0.000,0.000,0,0,0,0,0,0,0,0,0,0,0,0,0,0,0,0,0,0
7921,264.0,5015,49,25,1298,3717,0,0,2748,284.47,1.022,1.231,0.142,0.069,0.251,-0.911,1.650,0.6432,2.8516,0.596,0.019,0.003,0.144,-0.065,103,48,307,1,270,0,168014.36,22204.974,53370.944,137.612,12452.834,12.825,35097.889,16549.010,4257.052,25561.779,20449.424,10611.023,25.169,2034.810,0.000213,0.042719,2474,0,236,71,307,236,30067,17,69,133.923,0,0,0,0,0,0,0,0,0,0,0,0,0,0,111536,2337,2456,71878.815,53313.305,12415.302,1.781,133.923,30990.205,15911.035,183.044,534,533,48,236,249,122100,113,2,1,60.777,33.831,7.410,0.000,0.000,21.320,18.220,0.000,0,0,0,0,0,0,0,0,0,0.000,0.000,0.000,0.000,0.000,0.000,0.000,0.000,0,0,0,0,0,0,0,0,0,0.000,0.000,0.000,0.000,0.000,0.000,0.000,0.000,0,0,0,0,0,0,0,0,0,0.000,0.000,0.000,0.000,0.000,0.000,0.000,0.000,0,0,0,0,0,0,0,0,0,0.000,0.000,0.000,0.000,0.000,0.000,0.000,0.000,0,0,0,0,0,0,0,0,0,0,0,0,0,0,0,0,0,0
7951,265.0,5058,51,29,1298,3760,0,0,2858,296.20,1.033,1.228,0.142,0.070,0.249,-0.913,1.651,0.6559,2.8634,0.588,0.022,0.002,0.143,-0.066,104,34,319,1,237,0,171185.42,22032.675,56067.565,159.833,12723.827,12.056,35518.799,16808.991,4506.640,26677.920,21342.337,10767.437,83.110,2068.439,0.000221,0.041986,2406,0,242,77,319,242,30221,9,76,157.265,0,0,0,0,0,0,0,0,0,0,0,0,0,0,112079,2454,2397,75033.593,55950.001,12709.523,1.513,157.265,31459.785,16173.592,193.798,542,495,32,238,225,107147,73,2,0,50.000,34.380,0.000,0.000,0.000,14.234,12.237,0.000,0,4,0,4,0,528,0,0,0,0.000,0.000,0.000,0.000,0.000,0.000,0.000,0.000,0,0,0,0,0,0,0,0,0,0.000,0.000,0.000,0.000,0.000,0.000,0.000,0.000,0,0,0,0,0,0,0,0,0,0.000,0.000,0.000,0.000,0.000,0.000,0.000,0.000,0,0,0,0,0,0,0,0,0,0.000,0.000,0.000,0.000,0.000,0.000,0.000,0.000,0,0,0,0,0,0,0,0,0,0,0,0,0,0,0,0,0,0
7981,266.0,5057,37,29,1315,3742,0,0,2918,320.68,1.040,1.220,0.144,0.071,0.252,-0.914,1.656,0.6432,2.7907,0.581,0.014,0.001,0.143,-0.067,86,35,347,1,271,0,172531.36,22113.175,55898.767,157.918,12808.386,11.967,35999.859,16744.129,4712.490,27452.483,21961.987,11598.022,80.012,2198.923,0.000239,0.043734,2484,0,267,80,347,267,31074,80,76,150.833,0,0,0,0,0,0,0,0,0,0,0,0,0,0,112464,2442,2404,74555.519,55755.110,12660.851,1.568,150.833,31924.192,16087.004,216.387,544,562,33,267,262,127654,45,1,0,25.000,17.190,0.000,0.000,0.000,8.609,4.939,0.000,0,0,0,0,0,0,0,0,0,0.000,0.000,0.000,0.000,0.000,0.000,0.000,0.000,0,0,0,0,0,0,0,0,0,0.000,0.000,0.000,0.000,0.000,0.000,0.000,0.000,0,0,0,0,0,0,0,0,0,0.000,0.000,0.000,0.000,0.000,0.000,0.000,0.000,0,0,0,0,0,0,0,0,0,0.000,0.000,0.000,0.000,0.000,0.000,0.000,0.000,0,0,0,0,0,0,0,0,0,0,0,0,0,0,0,0,0,0
8011,267.0,5059,53,29,1294,3765,0,0,3001,294.57,1.051,1.223,0.145,0.071,0.249,-0.915,1.662,0.6426,2.7819,0.589,0.013,0.002,0.142,-0.067,87,24,320,0,275,0,175139.06,22138.135,57158.854,161.187,13520.993,9.212,36220.446,16711.686,4839.820,26594.673,21275.739,11462.367,92.099,2205.126,0.000231,0.043133,2539,0,241,79,320,241,31599,85,75,154.281,0,0,0,0,0,0,0,0,0,0,0,0,0,0,112215,2495,2454,76820.374,57058.517,13465.407,1.368,154.281,32193.668,16058.486,220.287,548,524,24,241,259,116293,50,2,0,50.000,31.842,0.000,0.000,0.000,9.595,4.883,0.000,0,1,0,0,1,154,0,0,0,0.000,0.000,0.000,0.000,0.000,0.000,0.000,0.000,0,0,0,0,0,0,0,0,0,0.000,0.000,0.000,0.000,0.000,0.000,0.000,0.000,0,0,0,0,0,0,0,0,0,0.000,0.000,0.000,0.000,0.000,0.000,0.000,0.000,0,0,0,0,0,0,0,0,0,0.000,0.000,0.000,0.000,0.000,0.000,0.000,0.000,0,0,0,0,0,0,0,0,0,0,0,0,0,0,0,0,0,0
8041,268.0,5100,47,29,1293,3807,0,0,3088,251.23,1.062,1.224,0.147,0.071,0.248,-0.916,1.666,0.6363,2.7554,0.571,0.019,0.002,0.142,-0.067,75,17,364,1,260,0,175797.23,22167.736,58327.292,154.431,13655.296,12.346,36761.603,16895.854,5011.461,29366.609,23493.288,13021.348,47.273,2380.430,0.000222,0.044044,2654,0,295,69,364,295,31108,80,65,146.839,0,0,0,0,0,0,0,0,0,0,0,0,0,0,113402,2549,2574,78196.664,58247.671,13611.778,1.441,146.839,32797.243,16242.107,232.263,595,553,17,295,241,126768,30,1,0,25.000,15.921,0.000,0.000,0.000,5.798,2.450,0.000,0,0,0,0,0,0,0,0,0,0.000,0.000,0.000,0.000,0.000,0.000,0.000,0.000,0,0,0,0,0,0,0,0,0,0.000,0.000,0.000,0.000,0.000,0.000,0.000,0.000,0,0,0,0,0,0,0,0,0,0.000,0.000,0.000,0.000,0.000,0.000,0.000,0.000,0,0,0,0,0,0,0,0,0,0.000,0.000,0.000,0.000,0.000,0.000,0.000,0.000,0,0,0,0,0,0,0,0,0,0,0,0,0,0,0,0,0,0
8071,269.0,5139,42,29,1293,3846,0,0,3103,279.00,1.072,1.224,0.149,0.072,0.247,-0.917,1.669,0.6426,2.7287,0.576,0.013,0.002,0.142,-0.068,78,19,365,0,254,0,178304.75,21902.147,60673.080,131.890,13369.287,14.261,37348.593,16991.075,5102.033,29268.982,23415.186,12575.102,4.354,2324.636,0.000322,0.043510,2603,0,293,72,365,293,31370,43,69,126.211,0,0,0,0,0,0,0,0,0,0,0,0,0,0,113982,2645,2559,80387.479,60617.610,13344.606,1.297,126.211,33352.869,16335.598,228.302,591,553,19,293,241,123155,52,1,1,33.399,15.921,5.349,0.000,0.000,9.979,3.694,0.000,1,0,0,0,0,0,0,0,0,0.000,0.000,0.000,0.000,0.000,0.000,0.000,0.000,0,0,0,0,0,0,0,0,0,0.000,0.000,0.000,0.000,0.000,0.000,0.000,0.000,0,0,0,0,0,0,0,0,0,0.000,0.000,0.000,0.000,0.000,0.000,0.000,0.000,0,0,0,0,0,0,0,0,0,0.000,0.000,0.000,0.000,0.000,0.000,0.000,0.000,0,0,0,0,0,0,0,0,0,0,0,0,0,0,0,0,0,0
8101,270.0,5103,50,32,1247,3856,0,0,3188,278.85,1.091,1.225,0.148,0.070,0.241,-0.917,1.667,0.6385,2.7335,0.582,0.008,0.001,0.142,-0.068,75,31,394,1,256,0,175856.98,21461.352,58089.946,209.927,13042.314,11.733,38012.362,17049.675,5228.416,28110.175,22488.141,13999.767,9.078,2287.665,0.000258,0.044528,2606,0,289,105,394,289,30504,34,100,201.352,0,0,0,0,0,0,0,0,0,0,0,0,0,0,115297,2536,2572,77289.636,57996.489,12991.824,1.432,201.352,34109.126,16395.996,230.759,566,557,31,289,237,121907,80,4,0,100.000,64.250,0.000,0.000,0.000,16.638,9.087,0.000,0,0,0,0,0,0,0,0,0,0.000,0.000,0.000,0.000,0.000,0.000,0.000,0.000,0,0,0,0,0,0,0,0,0,0.000,0.000,0.000,0.000,0.000,0.000,0.000,0.000,0,0,0,0,0,0,0,0,0,0.000,0.000,0.000,0.000,0.000,0.000,0.000,0.000,0,0,0,0,0,0,0,0,0,0.000,0.000,0.000,0.000,0.000,0.000,0.000,0.000,0,0,0,0,0,0,1,0,0,0,0,0,0,0,0,0,0,0
8131,271.0,5108,40,32,1218,3890,0,0,3202,234.83,1.105,1.226,0.147,0.070,0.237,-0.917,1.671,0.6266,2.6763,0.587,0.011,0.001,0.141,-0.067,75,26,343,0,271,0,177368.50,21247.217,60582.577,165.120,12451.790,15.438,38597.518,17312.734,5324.212,28363.587,22690.870,11493.365,12.515,2070.337,0.000241,0.044248,2416,0,258,85,343,258,29795,14,80,156.205,0,0,0,0,0,0,0,0,0,0,0,0,0,0,116437,2635,2402,79149.192,60512.866,12419.797,1.154,156.205,34840.518,16690.281,221.578,574,540,26,257,257,112964,86,1,0,25.000,16.862,0.000,0.000,0.000,17.519,8.869,0.000,0,1,0,1,0,36,0,0,0,0.000,0.000,0.000,0.000,0.000,0.000,0.000,0.000,0,0,0,0,0,0,0,0,0,0.000,0.000,0.000,0.000,0.000,0.000,0.000,0.000,0,0,0,0,0,0,0,0,0,0.000,0.000,0.000,0.000,0.000,0.000,0.000,0.000,0,0,0,0,0,0,0,0,0,0.000,0.000,0.000,0.000,0.000,0.000,0.000,0.000,0,0,0,0,0,0,1,0,0,0,0,0,0,0,0,0,0,0
8161,272.0,5077,39,32,1196,3881,0,0,3293,282.27,1.120,1.226,0.148,0.071,0.235,-0.919,1.674,0.6249,2.6639,0.591,0.008,0.001,0.141,-0.067,88,25,304,0,283,0,175525.69,21092.465,56767.441,164.012,13367.342,14.768,39050.181,17504.746,5418.573,25755.482,20604.386,10718.724,0.000,2023.411,0.000253,0.045110,2567,0,224,80,304,224,28907,24,80,163.128,0,0,0,0,0,0,0,0,0,0,0,0,0,0,116716,2463,2542,75820.987,56646.550,13316.573,0.871,163.128,35333.813,16888.622,223.447,507,515,25,223,267,108870,74,3,1,82.166,49.645,4.966,0.000,0.000,14.198,10.679,0.000,0,1,0,1,0,179,0,0,0,0.000,0.000,0.000,0.000,0.000,0.000,0.000,0.000,0,0,0,0,0,0,0,0,0,0.000,0.000,0.000,0.000,0.000,0.000,0.000,0.000,0,0,0,0,0,0,0,0,0,0.000,0.000,0.000,0.000,0.000,0.000,0.000,0.000,0,0,0,0,0,0,0,0,0,0.000,0.000,0.000,0.000,0.000,0.000,0.000,0.000,0,0,0,0,0,0,0,0,0,0,0,0,0,0,0,0,0,0
8191,273.0,5015,50,32,1150,3865,0,0,3170,269.64,1.135,1.228,0.148,0.069,0.231,-0.921,1.683,0.6201,2.6212,0.602,0.011,0.001,0.141,-0.067,76,29,336,0,308,0,173903.84,20895.191,58203.482,194.187,12646.829,12.907,39156.707,17543.577,5414.999,27274.287,21819.430,11395.271,14.772,1934.509,0.000221,0.043639,2515,0,235,101,336,235,27915,21,98,189.944,0,0,0,0,0,0,0,0,0,0,0,0,0,0,116254,2533,2494,76640.853,58186.840,12592.544,0.994,189.944,35527.873,16941.483,218.797,547,563,29,235,299,130426,60,0,0,0.000,0.000,0.000,0.000,0.000,11.479,8.427,0.000,0,0,0,0,0,0,0,0,0,0.000,0.000,0.000,0.000,0.000,0.000,0.000,0.000,0,0,0,0,0,0,0,0,0,0.000,0.000,0.000,0.000,0.000,0.000,0.000,0.000,0,0,0,0,0,0,0,0,0,0.000,0.000,0.000,0.000,0.000,0.000,0.000,0.000,0,0,0,0,0,0,0,0,0,0.000,0.000,0.000,0.000,0.000,0.000,0.000,0.000,0,0,0,0,0,0,0,0,0,0,0,0,0,0,0,0,0,0
8221,274.0,4917,36,32,1093,3824,0,0,3067,277.50,1.146,1.234,0.149,0.071,0.225,-0.922,1.686,0.6201,2.6374,0.605,0.011,0.001,0.142,-0.067,85,40,359,0,321,0,170470.03,20202.494,58005.025,210.448,12475.738,13.047,39117.184,17397.981,5268.448,27394.459,21915.568,12566.898,0.000,2022.384,0.000243,0.044487,2568,0,238,121,359,238,27263,13,119,207.373,0,0,0,0,0,0,0,0,0,0,0,0,0,0,115816,2523,2554,76201.740,57934.725,12451.291,1.215,207.373,35654.534,16812.373,223.295,546,586,39,237,310,128250,42,2,1,58.523,34.653,5.749,0.000,0.000,8.024,6.203,0.000,0,1,0,1,0,82,0,0,0,0.000,0.000,0.000,0.000,0.000,0.000,0.000,0.000,0,0,0,0,0,0,0,0,0,0.000,0.000,0.000,0.000,0.000,0.000,0.000,0.000,0,0,0,0,0,0,0,0,0,0.000,0.000,0.000,0.000,0.000,0.000,0.000,0.000,0,0,0,0,0,0,0,0,0,0.000,0.000,0.000,0.000,0.000,0.000,0.000,0.000,0,0,0,0,0,0,0,0,0,0,0,0,0,0,0,0,0,0
8251,275.0,4794,38,37,1020,3774,0,0,2992,270.35,1.159,1.244,0.149,0.071,0.216,-0.923,1.689,0.6101,2.6136,0.617,0.018,0.001,0.142,-0.064,58,30,364,0,301,0,166881.05,19617.206,56769.379,254.440,12287.544,11.671,38553.928,17096.591,5150.242,25452.087,20361.670,12307.306,45.992,1985.540,0.000311,0.045796,2469,0,240,124,364,240,25840,30,121,246.515,0,0,0,0,0,0,0,0,0,0,0,0,0,0,114051,2465,2439,74601.187,56745.801,12199.404,0.953,246.515,35288.848,16530.223,221.237,509,561,29,240,292,121334,30,0,0,0.000,0.000,0.000,0.000,0.000,5.744,5.470,0.000,0,0,0,0,0,0,0,0,0,0.000,0.000,0.000,0.000,0.000,0.000,0.000,0.000,0,0,0,0,0,0,0,0,0,0.000,0.000,0.000,0.000,0.000,0.000,0.000,0.000,0,0,0,0,0,0,0,0,0,0.000,0.000,0.000,0.000,0.000,0.000,0.000,0.000,0,0,0,0,0,0,0,0,0,0.000,0.000,0.000,0.000,0.000,0.000,0.000,0.000,0,0,0,0,0,0,2,0,0,0,0,0,0,0,0,0,0,0
8281,276.0,4591,44,37,947,3644,0,0,2821,253.13,1.170,1.251,0.149,0.072,0.211,-0.923,1.678,0.6238,2.5932,0.642,0.012,0.001,0.142,-0.063,58,33,429,0,292,0,161082.28,18039.870,57114.315,220.171,11026.592,10.604,37760.593,16762.765,4923.926,24530.405,19624.324,14704.336,0.000,2115.414,0.000219,0.045357,2260,0,311,118,429,311,24696,26,115,215.215,0,0,0,0,0,0,0,0,0,0,0,0,0,0,111348,2478,2234,73610.536,57062.331,10996.057,1.065,215.215,34705.078,16218.695,222.020,488,622,33,311,278,125673,30,1,0,25.000,16.862,0.000,0.000,0.000,5.736,5.359,0.000,0,0,0,0,0,0,0,0,0,0.000,0.000,0.000,0.000,0.000,0.000,0.000,0.000,0,0,0,0,0,0,0,0,0,0.000,0.000,0.000,0.000,0.000,0.000,0.000,0.000,0,0,0,0,0,0,0,0,0,0.000,0.000,0.000,0.000,0.000,0.000,0.000,0.000,0,0,0,0,0,0,0,0,0,0.000,0.000,0.000,0.000,0.000,0.000,0.000,0.000,0,0,0,0,0,0,4,0,0,0,0,0,0,0,0,0,0,0
8311,277.0,4432,41,37,902,3530,0,0,2699,221.66,1.178,1.253,0.150,0.073,0.210,-0.923,1.684,0.6099,2.5671,0.634,0.010,0.001,0.142,-0.063,70,29,404,0,281,0,154260.23,16670.230,54119.050,181.697,10518.296,10.956,36438.469,16105.396,4616.952,24897.789,19918.231,13593.864,1.786,2057.011,0.000283,0.048837,2040,0,303,101,404,303,23700,19,100,179.406,0,0,0,0,0,0,0,0,0,0,0,0,0,0,107014,2347,2021,69799.778,54078.674,10481.682,1.089,179.406,33556.176,15604.804,197.743,494,608,29,303,276,120484,30,0,0,0.000,0.000,0.000,0.000,0.000,5.731,5.187,0.000,0,0,0,0,0,0,0,0,0,0.000,0.000,0.000,0.000,0.000,0.000,0.000,0.000,0,0,0,0,0,0,0,0,0,0.000,0.000,0.000,0.000,0.000,0.000,0.000,0.000,0,0,0,0,0,0,0,0,0,0.000,0.000,0.000,0.000,0.000,0.000,0.000,0.000,0,0,0,0,0,0,0,0,0,0.000,0.000,0.000,0.000,0.000,0.000,0.000,0.000,0,0,0,0,0,0,0,0,0,0,0,0,0,0,0,0,0,0
8341,278.0,4190,45,37,831,3359,0,0,2518,262.03,1.193,1.255,0.152,0.072,0.205,-0.924,1.683,0.5954,2.5457,0.662,0.011,0.001,0.142,-0.063,78,32,423,0,293,0,146833.86,15648.460,53673.174,234.075,9368.933,11.172,35400.682,15637.816,4450.145,22775.418,18220.334,14915.373,2.937,2020.051,0.000313,0.051065,1869,0,311,112,423,311,22718,6,109,228.659,0,0,0,0,0,0,0,0,0,0,0,0,0,0,103510,2325,1863,68121.222,53650.859,9354.936,1.638,228.659,32652.578,15165.034,189.676,453,623,32,311,280,137639,15,0,0,0.000,0.000,0.000,0.000,0.000,2.856,2.745,0.000,0,1,0,0,1,277,0,0,0,0.000,0.000,0.000,0.000,0.000,0.000,0.000,0.000,0,0,0,0,0,0,0,0,0,0.000,0.000,0.000,0.000,0.000,0.000,0.000,0.000,0,0,0,0,0,0,0,0,0,0.000,0.000,0.000,0.000,0.000,0.000,0.000,0.000,0,0,0,0,0,0,0,0,0,0.000,0.000,0.000,0.000,0.000,0.000,0.000,0.000,0,0,0,0,0,0,0,0,0,0,0,0,0,0,0,0,0,0
8371,279.0,3907,47,37,753,3154,0,0,2316,296.36,1.205,1.265,0.154,0.072,0.201,-0.925,1.689,0.5937,2.5864,0.649,0.007,0.001,0.142,-0.060,77,33,431,0,282,0,137608.41,13899.096,50316.846,250.841,7984.404,11.310,33822.742,14864.485,4104.625,21063.962,16851.170,14798.500,0.120,1888.970,0.000204,0.051228,1528,0,314,117,431,314,20426,11,116,248.081,0,0,0,0,0,0,0,0,0,0,0,0,0,0,98302,2184,1517,62919.986,50302.372,7967.354,1.454,248.081,31336.488,14434.250,180.844,411,618,33,314,271,131241,0,0,0,0.000,0.000,0.000,0.000,0.000,0.000,0.000,0.000,0,0,0,0,0,0,0,0,0,0.000,0.000,0.000,0.000,0.000,0.000,0.000,0.000,0,0,0,0,0,0,0,0,0,0.000,0.000,0.000,0.000,0.000,0.000,0.000,0.000,0,0,0,0,0,0,0,0,0,0.000,0.000,0.000,0.000,0.000,0.000,0.000,0.000,0,0,0,0,0,0,0,0,0,0.000,0.000,0.000,0.000,0.000,0.000,0.000,0.000,0,0,0,0,0,0,2,0,0,0,0,0,0,0,0,0,0,0
8401,280.0,3594,40,36,666,2928,0,0,2042,268.33,1.216,1.275,0.158,0.071,0.195,-0.925,1.687,0.5953,2.5563,0.663,0.018,0.001,0.141,-0.057,59,29,432,0,267,0,128930.16,12367.267,48048.410,217.951,7096.926,13.699,31522.091,13715.085,3685.084,18780.718,15024.575,14670.612,77.285,1885.570,0.000220,0.053145,1332,0,323,109,432,323,18990,60,104,207.574,0,0,0,0,0,0,0,0,0,0,0,0,0,0,91215,2082,1272,59544.563,48037.412,7022.919,1.039,207.574,29280.854,13311.197,180.013,382,610,29,323,258,118660,0,0,0,0.000,0.000,0.000,0.000,0.000,0.000,0.000,0.000,0,0,0,0,0,0,0,0,0,0.000,0.000,0.000,0.000,0.000,0.000,0.000,0.000,0,0,0,0,0,0,0,0,0,0.000,0.000,0.000,0.000,0.000,0.000,0.000,0.000,0,0,0,0,0,0,0,0,0,0.000,0.000,0.000,0.000,0.000,0.000,0.000,0.000,0,0,0,0,0,0,0,0,0,0.000,0.000,0.000,0.000,0.000,0.000,0.000,0.000,0,0,0,0,0,0,2,0,0,0,0,0,0,0,0,0,0,0
8431,281.0,3431,38,36,644,2787,0,0,1861,228.42,1.214,1.278,0.160,0.072,0.197,-0.925,1.687,0.5939,2.5488,0.649,0.014,0.002,0.141,-0.057,66,39,367,0,219,0,122392.77,11235.840,46893.442,167.446,6010.194,15.269,29923.981,12843.711,3351.207,20301.497,16241.198,13003.576,3.138,1648.218,0.000277,0.056391,1084,0,291,76,367,291,18149,26,75,163.948,0,0,0,0,0,0,0,0,0,0,0,0,0,0,86273,2032,1058,57129.793,46893.442,5986.294,0.889,163.948,27840.094,12477.998,158.306,400,541,39,291,211,116770,0,0,0,0.000,0.000,0.000,0.000,0.000,0.000,0.000,0.000,0,0,0,0,0,0,0,0,0,0.000,0.000,0.000,0.000,0.000,0.000,0.000,0.000,0,0,0,0,0,0,0,0,0,0.000,0.000,0.000,0.000,0.000,0.000,0.000,0.000,0,0,0,0,0,0,0,0,0,0.000,0.000,0.000,0.000,0.000,0.000,0.000,0.000,0,0,0,0,0,0,0,0,0,0.000,0.000,0.000,0.000,0.000,0.000,0.000,0.000,0,0,0,0,0,0,0,0,0,0,0,0,0,0,0,0,0,0
8461,282.0,3251,39,36,595,2656,0,0,1727,247.45,1.221,1.283,0.163,0.073,0.193,-0.924,1.681,0.5867,2.5124,0.655,0.012,0.002,0.141,-0.058,63,46,318,0,196,0,118768.22,9871.114,45426.572,170.499,5712.605,9.255,28263.110,12068.632,3032.277,17159.908,13727.926,10865.913,21.700,1409.125,0.000288,0.057404,1029,0,237,81,318,237,17048,9,80,168.440,0,0,0,0,0,0,0,0,0,0,0,0,0,0,81146,1972,1020,55233.883,45393.680,5704.123,0.567,168.440,26261.110,11717.926,150.844,339,472,46,237,189,93763,0,0,0,0.000,0.000,0.000,0.000,0.000,0.000,0.000,0.000,0,0,0,0,0,0,0,0,0,0.000,0.000,0.000,0.000,0.000,0.000,0.000,0.000,0,0,0,0,0,0,0,0,0,0.000,0.000,0.000,0.000,0.000,0.000,0.000,0.000,0,0,0,0,0,0,0,0,0,0.000,0.000,0.000,0.000,0.000,0.000,0.000,0.000,0,0,0,0,0,0,0,0,0,0.000,0.000,0.000,0.000,0.000,0.000,0.000,0.000,0,0,0,0,0,0,2,0,0,0,0,0,0,0,0,0,0,0
8491,283.0,3178,49,36,569,2609,0,0,1642,230.91,1.223,1.293,0.163,0.074,0.190,-0.925,1.693,0.5852,2.5185,0.649,0.007,0.002,0.141,-0.055,68,44,246,0,178,0,113766.39,8987.819,41819.621,145.947,5182.102,9.817,27504.199,11747.330,2863.496,17612.269,14089.815,9149.565,11.555,1156.615,0.000254,0.056664,951,0,184,62,246,184,16123,0,60,141.855,0,0,0,0,0,0,0,0,0,0,0,0,0,0,79021,1814,951,50744.585,41808.030,5182.102,0.640,141.855,25600.857,11409.432,150.118,352,400,42,184,174,82598,0,0,0,0.000,0.000,0.000,0.000,0.000,0.000,0.000,0.000,0,0,0,0,0,0,0,0,0,0.000,0.000,0.000,0.000,0.000,0.000,0.000,0.000,0,0,0,0,0,0,0,0,0,0.000,0.000,0.000,0.000,0.000,0.000,0.000,0.000,0,0,0,0,0,0,0,0,0,0.000,0.000,0.000,0.000,0.000,0.000,0.000,0.000,0,0,0,0,0,0,0,0,0,0.000,0.000,0.000,0.000,0.000,0.000,0.000,0.000,0,0,0,0,0,0,1,0,0,0,0,0,0,0,0,0,0,0
8521,284.0,3077,34,36,536,2541,0,0,1560,278.50,1.226,1.300,0.163,0.076,0.186,-0.925,1.693,0.5919,2.5195,0.661,0.013,0.001,0.141,-0.053,69,47,211,0,186,0,109633.36,8281.622,39338.366,115.188,4676.897,11.431,26837.161,11367.300,2721.368,15529.022,12423.217,6763.374,94.939,978.255,0.000192,0.055885,873,0,157,54,211,157,15251,6,54,114.704,0,0,0,0,0,0,0,0,0,0,0,0,0,0,77201,1707,867,47416.874,39338.366,4663.722,0.484,114.704,25023.521,11055.829,135.563,317,386,47,157,182,85730,0,0,0,0.000,0.000,0.000,0.000,0.000,0.000,0.000,0.000,0,0,0,0,0,0,0,0,0,0.000,0.000,0.000,0.000,0.000,0.000,0.000,0.000,0,0,0,0,0,0,0,0,0,0.000,0.000,0.000,0.000,0.000,0.000,0.000,0.000,0,0,0,0,0,0,0,0,0,0.000,0.000,0.000,0.000,0.000,0.000,0.000,0.000,0,0,0,0,0,0,0,0,0,0.000,0.000,0.000,0.000,0.000,0.000,0.000,0.000,0,0,0,0,0,0,1,0,0,0,0,0,0,0,0,0,0,0
8551,285.0,2926,35,36,495,2431,0,0,1449,268.71,1.236,1.309,0.163,0.074,0.181,-0.924,1.695,0.5867,2.4857,0.679,0.020,0.002,0.141,-0.051,54,61,237,0,155,0,101993.54,7589.946,36193.213,128.351,4527.303,12.601,25879.332,11144.670,2535.858,13855.010,11084.009,8129.034,15.266,1076.169,0.000170,0.055606,861,0,180,57,237,180,14439,1,56,126.683,0,0,0,0,0,0,0,0,0,0,0,0,0,0,74598,1576,860,43922.175,36187.015,4525.328,0.802,126.683,24185.919,10838.455,138.670,280,390,60,180,150,92443,0,0,0,0.000,0.000,0.000,0.000,0.000,0.000,0.000,0.000,0,0,0,0,0,0,0,0,0,0.000,0.000,0.000,0.000,0.000,0.000,0.000,0.000,0,0,0,0,0,0,0,0,0,0.000,0.000,0.000,0.000,0.000,0.000,0.000,0.000,0,0,0,0,0,0,0,0,0,0.000,0.000,0.000,0.000,0.000,0.000,0.000,0.000,0,0,0,0,0,0,0,0,0,0.000,0.000,0.000,0.000,0.000,0.000,0.000,0.000,0,0,0,0,0,0,0,0,0,0,0,0,0,0,0,0,0,0
8581,286.0,2714,34,36,467,2247,0,0,1289,255.52,1.231,1.309,0.165,0.074,0.184,-0.925,1.690,0.5872,2.4723,0.661,0.013,0.001,0.142,-0.049,53,38,237,1,196,0,93879.89,6803.987,33459.845,101.345,3734.086,11.784,24496.005,10423.853,2321.932,11528.977,9223.182,7908.509,23.226,999.508,0.000166,0.053684,707,0,186,51,237,186,14248,4,50,99.087,0,0,0,0,0,0,0,0,0,0,0,0,0,0,70242,1451,703,40163.964,33459.845,3727.791,0.898,99.087,22892.477,10127.709,136.634,229,413,38,186,189,87810,0,0,0,0.000,0.000,0.000,0.000,0.000,0.000,0.000,0.000,0,0,0,0,0,0,0,0,0,0.000,0.000,0.000,0.000,0.000,0.000,0.000,0.000,0,0,0,0,0,0,0,0,0,0.000,0.000,0.000,0.000,0.000,0.000,0.000,0.000,0,0,0,0,0,0,0,0,0,0.000,0.000,0.000,0.000,0.000,0.000,0.000,0.000,0,0,0,0,0,0,0,0,0,0.000,0.000,0.000,0.000,0.000,0.000,0.000,0.000,0,0,0,0,0,0,0,0,0,0,0,0,0,0,0,0,0,0
8611,287.0,2502,43,36,442,2060,0,0,1141,242.36,1.222,1.318,0.170,0.075,0.188,-0.925,1.687,0.5895,2.5277,0.687,0.009,0.001,0.142,-0.045,45,67,233,0,160,0,85735.98,6299.127,31162.659,72.218,3380.002,15.289,22627.097,9768.727,2054.907,11161.698,8929.359,7955.180,15.599,1024.068,0.000179,0.053649,642,0,197,36,233,197,13354,4,36,71.134,0,0,0,0,0,0,0,0,0,0,0,0,0,0,64783,1354,638,37266.317,31149.601,3373.550,1.084,71.134,21131.824,9492.750,129.485,229,417,65,197,155,100699,0,0,0,0.000,0.000,0.000,0.000,0.000,0.000,0.000,0.000,0,0,0,0,0,0,0,0,0,0.000,0.000,0.000,0.000,0.000,0.000,0.000,0.000,0,0,0,0,0,0,0,0,0,0.000,0.000,0.000,0.000,0.000,0.000,0.000,0.000,0,0,0,0,0,0,0,0,0,0.000,0.000,0.000,0.000,0.000,0.000,0.000,0.000,0,0,0,0,0,0,0,0,0,0.000,0.000,0.000,0.000,0.000,0.000,0.000,0.000,0,0,0,0,0,0,1,0,0,0,0,0,0,0,0,0,0,0
8641,288.0,2323,39,36,424,1899,0,0,1021,269.89,1.210,1.322,0.171,0.074,0.192,-0.926,1.689,0.5845,2.5977,0.689,0.007,0.001,0.143,-0.041,65,73,184,0,142,0,80141.73,5699.913,29650.754,78.480,2978.540,13.442,20796.619,8990.086,1822.017,9698.489,7758.792,6645.540,12.137,817.288,0.000100,0.053178,547,0,147,37,184,147,12344,4,36,74.740,0,0,0,0,0,0,0,0,0,0,0,0,0,0,59466,1286,543,35239.186,29650.754,2971.472,0.909,74.740,19368.556,8734.734,115.799,199,360,73,147,140,91001,0,0,0,0.000,0.000,0.000,0.000,0.000,0.000,0.000,0.000,0,0,0,0,0,0,0,0,0,0.000,0.000,0.000,0.000,0.000,0.000,0.000,0.000,0,0,0,0,0,0,0,0,0,0.000,0.000,0.000,0.000,0.000,0.000,0.000,0.000,0,0,0,0,0,0,0,0,0,0.000,0.000,0.000,0.000,0.000,0.000,0.000,0.000,0,0,0,0,0,0,0,0,0,0.000,0.000,0.000,0.000,0.000,0.000,0.000,0.000,0,0,0,0,0,0,0,0,0,0,0,0,0,0,0,0,0,0
8671,289.0,2128,51,36,407,1721,0,0,859,294.64,1.196,1.322,0.175,0.075,0.200,-0.926,1.691,0.5721,2.6180,0.673,0.007,0.001,0.143,-0.039,45,51,219,0,142,0,72862.66,5186.448,26192.268,65.892,2667.549,12.332,19098.507,8163.874,1555.033,9671.657,7737.326,7077.461,17.022,877.451,0.000152,0.052721,476,0,184,35,219,184,11059,2,35,64.869,0,0,0,0,0,0,0,0,0,0,0,0,0,0,54718,1136,474,31125.893,26186.649,2664.772,1.023,64.869,17731.816,7931.410,101.919,195,373,50,184,139,88843,0,0,0,0.000,0.000,0.000,0.000,0.000,0.000,0.000,0.000,0,0,0,0,0,0,0,0,0,0.000,0.000,0.000,0.000,0.000,0.000,0.000,0.000,0,0,0,0,0,0,0,0,0,0.000,0.000,0.000,0.000,0.000,0.000,0.000,0.000,0,0,0,0,0,0,0,0,0,0.000,0.000,0.000,0.000,0.000,0.000,0.000,0.000,0,0,0,0,0,0,0,0,0,0.000,0.000,0.000,0.000,0.000,0.000,0.000,0.000,0,0,0,0,0,0,0,0,0,0,0,0,0,0,0,0,0,0
8701,290.0,1988,48,37,388,1600,0,0,726,264.88,1.184,1.330,0.178,0.077,0.204,-0.925,1.689,0.5737,2.6345,0.686,0.010,0.001,0.145,-0.034,41,61,159,0,125,0,68473.66,4746.468,25171.717,57.140,2357.710,14.313,17314.271,7289.004,1303.146,9121.603,7297.282,5918.316,6.729,708.544,0.000141,0.052258,409,0,132,27,159,132,10285,3,27,56.614,0,0,0,0,0,0,0,0,0,0,0,0,0,0,49497,1092,406,29664.611,25166.184,2345.426,0.525,56.614,15994.069,7068.901,95.860,190,313,60,132,121,70651,0,0,0,0.000,0.000,0.000,0.000,0.000,0.000,0.000,0.000,0,0,0,0,0,0,0,0,0,0.000,0.000,0.000,0.000,0.000,0.000,0.000,0.000,0,0,0,0,0,0,0,0,0,0.000,0.000,0.000,0.000,0.000,0.000,0.000,0.000,0,0,0,0,0,0,0,0,0,0.000,0.000,0.000,0.000,0.000,0.000,0.000,0.000,0,0,0,0,0,0,0,0,0,0.000,0.000,0.000,0.000,0.000,0.000,0.000,0.000,0,0,0,0,0,0,2,0,0,0,0,0,0,0,0,0,0,0
8731,291.0,1867,45,37,367,1500,0,0,619,265.76,1.181,1.335,0.180,0.077,0.205,-0.926,1.687,0.5689,2.5581,0.689,0.005,0.001,0.145,-0.030,48,46,159,0,81,0,64388.87,4308.763,23504.824,89.446,2095.060,10.967,16370.021,6931.678,1122.000,7225.935,5780.748,5486.117,0.000,632.815,0.000197,0.050579,395,0,124,35,159,124,9868,3,35,88.964,0,0,0,0,0,0,0,0,0,0,0,0,0,0,46821,1017,392,27612.154,23504.824,2091.357,0.482,88.964,15110.953,6729.319,84.645,148,248,46,124,78,56100,0,0,0,0.000,0.000,0.000,0.000,0.000,0.000,0.000,0.000,0,0,0,0,0,0,0,0,0,0.000,0.000,0.000,0.000,0.000,0.000,0.000,0.000,0,0,0,0,0,0,0,0,0,0.000,0.000,0.000,0.000,0.000,0.000,0.000,0.000,0,0,0,0,0,0,0,0,0,0.000,0.000,0.000,0.000,0.000,0.000,0.000,0.000,0,0,0,0,0,0,0,0,0,0.000,0.000,0.000,0.000,0.000,0.000,0.000,0.000,0,0,0,0,0,0,0,0,0,0,0,0,0,0,0,0,0,0
8761,292.0,1691,41,37,336,1355,0,0,506,321.46,1.171,1.345,0.181,0.077,0.207,-0.926,1.696,0.5635,2.6071,0.689,0.015,0.001,0.145,-0.027,57,65,182,1,82,0,58858.60,3829.841,20873.949,77.478,1865.785,12.639,15067.376,6175.542,924.408,6780.825,5424.660,6041.585,37.505,708.961,0.000163,0.049290,334,0,147,35,182,147,9355,0,35,77.155,0,0,0,0,0,0,0,0,0,0,0,0,0,0,43050,905,334,24586.268,20873.949,1865.785,0.323,77.155,13892.058,5989.827,77.559,143,288,64,147,77,73843,0,0,0,0.000,0.000,0.000,0.000,0.000,0.000,0.000,0.000,0,0,0,0,0,0,0,0,0,0.000,0.000,0.000,0.000,0.000,0.000,0.000,0.000,0,0,0,0,0,0,0,0,0,0.000,0.000,0.000,0.000,0.000,0.000,0.000,0.000,0,0,0,0,0,0,0,0,0,0.000,0.000,0.000,0.000,0.000,0.000,0.000,0.000,0,0,0,0,0,0,0,0,0,0.000,0.000,0.000,0.000,0.000,0.000,0.000,0.000,0,0,0,0,0,0,0,0,0,0,0,0,0,0,0,0,0,0
8791,293.0,1552,35,37,311,1241,0,0,432,284.24,1.165,1.349,0.183,0.078,0.209,-0.927,1.695,0.5584,2.5187,0.710,0.016,0.002,0.145,-0.026,48,66,167,0,50,0,53746.48,3370.420,18783.310,83.475,1407.562,9.100,13601.024,5515.370,760.268,6293.517,5034.814,5590.604,10.456,612.895,0.000139,0.048199,260,0,129,38,167,129,8801,0,38,83.086,0,0,0,0,0,0,0,0,0,0,0,0,0,0,38954,808,260,21665.576,18771.263,1407.562,0.389,83.086,12535.453,5357.002,62.454,128,242,64,129,49,59539,0,0,0,0.000,0.000,0.000,0.000,0.000,0.000,0.000,0.000,0,0,0,0,0,0,0,0,0,0.000,0.000,0.000,0.000,0.000,0.000,0.000,0.000,0,0,0,0,0,0,0,0,0,0.000,0.000,0.000,0.000,0.000,0.000,0.000,0.000,0,0,0,0,0,0,0,0,0,0.000,0.000,0.000,0.000,0.000,0.000,0.000,0.000,0,0,0,0,0,0,0,0,0,0.000,0.000,0.000,0.000,0.000,0.000,0.000,0.000,0,0,0,0,0,0,0,0,0,0,0,0,0,0,0,0,0,0
8821,294.0,1427,34,37,282,1145,0,0,329,324.41,1.158,1.366,0.183,0.077,0.207,-0.929,1.686,0.5617,2.6087,0.691,0.021,0.002,0.145,-0.021,43,48,177,0,52,0,48857.77,3001.894,17856.546,85.874,1285.612,11.568,12503.919,5167.799,613.103,6537.656,5230.125,5624.003,0.000,616.673,0.000181,0.047503,219,0,138,39,177,138,8311,0,39,85.384,0,0,0,0,0,0,0,0,0,0,0,0,0,0,35919,768,219,20561.249,17856.546,1285.612,0.490,85.384,11518.418,5010.771,69.847,139,236,48,138,50,62944,0,0,0,0.000,0.000,0.000,0.000,0.000,0.000,0.000,0.000,0,0,0,0,0,0,0,0,0,0.000,0.000,0.000,0.000,0.000,0.000,0.000,0.000,0,0,0,0,0,0,0,0,0,0.000,0.000,0.000,0.000,0.000,0.000,0.000,0.000,0,0,0,0,0,0,0,0,0,0.000,0.000,0.000,0.000,0.000,0.000,0.000,0.000,0,0,0,0,0,0,0,0,0,0.000,0.000,0.000,0.000,0.000,0.000,0.000,0.000,0,0,0,0,0,0,1,0,0,0,0,0,0,0,0,0,0,0
8851,295.0,1318,28,31,262,1056,0,0,281,297.61,1.148,1.374,0.183,0.079,0.208,-0.930,1.699,0.5715,2.5427,0.704,0.015,0.001,0.146,-0.016,52,73,147,0,34,0,44790.08,2667.050,16337.328,62.723,988.742,9.451,11432.521,4724.344,479.485,6243.951,4995.161,4700.937,30.453,518.259,0.000150,0.047360,160,0,116,31,147,116,7608,0,30,61.320,0,0,0,0,0,0,0,0,0,0,0,0,0,0,33051,700,160,18540.601,16321.741,988.742,0.420,61.320,10523.745,4584.365,60.931,130,219,72,116,31,55895,0,0,0,0.000,0.000,0.000,0.000,0.000,0.000,0.000,0.000,0,0,0,0,0,0,0,0,0,0.000,0.000,0.000,0.000,0.000,0.000,0.000,0.000,0,0,0,0,0,0,0,0,0,0.000,0.000,0.000,0.000,0.000,0.000,0.000,0.000,0,0,0,0,0,0,0,0,0,0.000,0.000,0.000,0.000,0.000,0.000,0.000,0.000,0,0,0,0,0,0,0,0,0,0.000,0.000,0.000,0.000,0.000,0.000,0.000,0.000,0,0,0,0,0,0,0,0,0,0,0,0,0,0,0,0,0,0
8881,296.0,1209,43,31,245,964,0,0,233,313.48,1.138,1.379,0.187,0.080,0.212,-0.930,1.701,0.5675,2.5815,0.732,0.012,0.002,0.146,-0.010,45,58,120,1,38,0,41042.82,2454.832,14206.278,42.399,981.228,13.911,10494.383,4327.145,409.668,4807.951,3846.361,3816.519,0.000,441.456,0.000095,0.047961,148,0,101,19,120,101,7057,0,19,42.058,0,0,0,0,0,0,0,0,0,0,0,0,0,0,30435,612,148,16266.627,14206.278,981.228,0.342,42.058,9642.765,4204.655,47.658,103,195,56,101,38,51801,16,0,0,0.000,0.000,0.000,0.000,0.000,3.034,2.034,0.000,0,0,0,0,0,0,0,0,0,0.000,0.000,0.000,0.000,0.000,0.000,0.000,0.000,0,0,0,0,0,0,0,0,0,0.000,0.000,0.000,0.000,0.000,0.000,0.000,0.000,0,0,0,0,0,0,0,0,0,0.000,0.000,0.000,0.000,0.000,0.000,0.000,0.000,0,0,0,0,0,0,0,0,0,0.000,0.000,0.000,0.000,0.000,0.000,0.000,0.000,0,0,0,0,0,0,0,0,0,0,0,0,0,0,0,0,0,0
8911,297.0,1155,42,31,237,918,0,0,187,324.33,1.126,1.390,0.187,0.080,0.214,-0.931,1.699,0.5803,2.6826,0.734,0.025,0.001,0.146,-0.007,36,61,82,0,25,0,39414.36,2282.145,13946.105,53.036,822.059,12.610,9699.490,3953.417,325.786,4906.892,3925.514,2615.793,38.033,295.857,0.000114,0.048083,131,0,63,19,82,63,6354,0,19,52.832,0,0,0,0,0,0,0,0,0,0,0,0,0,0,28174,600,131,15851.248,13946.105,822.059,0.204,52.832,8889.377,3850.757,30.532,103,149,61,63,25,41406,30,0,0,0.000,0.000,0.000,0.000,0.000,5.668,4.218,0.000,0,0,0,0,0,0,0,0,0,0.000,0.000,0.000,0.000,0.000,0.000,0.000,0.000,0,0,0,0,0,0,0,0,0,0.000,0.000,0.000,0.000,0.000,0.000,0.000,0.000,0,0,0,0,0,0,0,0,0,0.000,0.000,0.000,0.000,0.000,0.000,0.000,0.000,0,0,0,0,0,0,0,0,0,0.000,0.000,0.000,0.000,0.000,0.000,0.000,0.000,0,0,0,0,0,0,0,0,0,0,0,0,0,0,0,0,0,0
8941,298.0,1105,22,31,223,882,0,0,147,289.88,1.122,1.406,0.188,0.077,0.211,-0.932,1.696,0.5541,2.5601,0.719,0.022,0.002,0.146,0.003,42,46,108,0,24,0,36859.02,2147.905,13531.652,67.453,739.516,11.972,9250.231,3915.910,253.866,5444.242,4355.394,3435.015,0.000,358.473,0.000112,0.048484,118,0,80,28,108,80,6040,0,28,67.257,0,0,0,0,0,0,0,0,0,0,0,0,0,0,27033,582,118,15290.026,13531.652,739.516,0.196,67.257,8466.837,3812.846,33.914,113,149,46,80,23,38130,56,0,0,0.000,0.000,0.000,0.000,0.000,11.229,4.694,0.000,0,0,0,0,0,0,0,0,0,0.000,0.000,0.000,0.000,0.000,0.000,0.000,0.000,0,0,0,0,0,0,0,0,0,0.000,0.000,0.000,0.000,0.000,0.000,0.000,0.000,0,0,0,0,0,0,0,0,0,0.000,0.000,0.000,0.000,0.000,0.000,0.000,0.000,0,0,0,0,0,0,0,0,0,0.000,0.000,0.000,0.000,0.000,0.000,0.000,0.000,0,0,0,0,0,0,0,0,0,0,0,0,0,0,0,0,0,0
8971,299.0,1041,30,31,222,819,0,0,112,285.56,1.109,1.410,0.192,0.078,0.221,-0.932,1.698,0.5542,2.6104,0.699,0.018,0.002,0.147,0.004,34,60,100,0,19,0,34325.77,2064.481,12579.209,46.295,700.573,10.927,8724.726,3619.185,192.117,4820.561,3856.449,3346.267,2.394,374.431,0.000079,0.048421,119,0,82,18,100,82,5750,9,18,46.083,0,0,0,0,0,0,0,0,0,0,0,0,0,0,25309,539,110,14212.707,12561.938,688.017,0.212,46.083,7955.640,3519.655,32.545,97,159,60,81,18,37098,55,1,0,25.000,17.271,0.000,0.000,0.000,11.133,4.359,0.000,0,1,0,1,0,101,0,0,0,0.000,0.000,0.000,0.000,0.000,0.000,0.000,0.000,0,0,0,0,0,0,0,0,0,0.000,0.000,0.000,0.000,0.000,0.000,0.000,0.000,0,0,0,0,0,0,0,0,0,0.000,0.000,0.000,0.000,0.000,0.000,0.000,0.000,0,0,0,0,0,0,0,0,0,0.000,0.000,0.000,0.000,0.000,0.000,0.000,0.000,0,0,0,0,0,0,0,0,0,0,0,0,0,0,0,0,0,0
9001,300.0,984,34,26,217,767,0,0,86,277.58,1.094,1.408,0.195,0.084,0.227,-0.933,1.716,0.5503,2.7024,0.696,0.028,0.005,0.148,0.001,51,63,104,0,8,0,32298.44,1977.533,12014.707,42.065,675.822,9.545,8092.345,3267.766,141.746,4947.187,3957.749,3216.732,0.000,353.614,0.000117,0.048935,131,0,85,19,104,85,5599,29,19,41.757,0,0,0,0,0,0,0,0,0,0,0,0,0,0,23455,516,102,13601.106,11998.155,665.526,0.308,41.757,7334.751,3166.605,36.921,104,156,63,85,8,36314,30,1,0,25.000,16.552,0.000,0.000,0.000,6.476,1.994,0.000,0,0,0,0,0,0,0,0,0,0.000,0.000,0.000,0.000,0.000,0.000,0.000,0.000,0,0,0,0,0,0,0,0,0,0.000,0.000,0.000,0.000,0.000,0.000,0.000,0.000,0,0,0,0,0,0,0,0,0,0.000,0.000,0.000,0.000,0.000,0.000,0.000,0.000,0,0,0,0,0,0,0,0,0,0.000,0.000,0.000,0.000,0.000,0.000,0.000,0.000,0,0,0,0,0,0,0,0,0,0,0,0,0,0,0,0,0,0
9031,301.0,926,40,26,207,719,0,0,73,301.97,1.085,1.416,0.199,0.091,0.230,-0.933,1.726,0.5567,2.6406,0.709,0.019,0.008,0.148,0.006,37,68,89,0,8,0,31268.91,1962.113,11677.537,47.791,734.560,10.656,7620.970,3114.626,121.515,4534.430,3627.544,2655.829,0.000,297.146,0.000123,0.049301,109,0,69,20,89,69,5562,0,20,47.475,0,0,0,0,0,0,0,0,0,0,0,0,0,0,22140,502,109,13317.870,11677.537,734.560,0.316,47.475,6892.168,3019.571,33.675,96,143,68,68,7,35385,20,0,0,0.000,0.000,0.000,0.000,0.000,4.303,1.315,0.000,0,1,0,1,0,106,0,0,0,0.000,0.000,0.000,0.000,0.000,0.000,0.000,0.000,0,0,0,0,0,0,0,0,0,0.000,0.000,0.000,0.000,0.000,0.000,0.000,0.000,0,0,0,0,0,0,0,0,0,0.000,0.000,0.000,0.000,0.000,0.000,0.000,0.000,0,0,0,0,0,0,0,0,0,0.000,0.000,0.000,0.000,0.000,0.000,0.000,0.000,0,0,0,0,0,0,0,0,0,0,0,0,0,0,0,0,0,0
9061,302.0,880,39,26,201,679,0,0,50,284.60,1.073,1.424,0.198,0.091,0.234,-0.932,1.744,0.5580,2.7925,0.698,0.015,0.006,0.148,0.011,43,46,92,0,12,0,31308.51,1917.371,13280.959,28.785,634.152,11.493,7252.079,3114.068,87.747,4497.056,3597.645,3337.814,106.759,389.643,0.000082,0.049681,87,0,80,12,92,80,5584,0,12,28.496,0,0,0,0,0,0,0,0,0,0,0,0,0,0,21139,567,87,14865.578,13280.959,634.152,0.290,28.496,6554.635,3025.541,30.276,96,136,45,80,11,36019,0,0,0,0.000,0.000,0.000,0.000,0.000,0.000,0.000,0.000,0,0,0,0,0,0,0,0,0,0.000,0.000,0.000,0.000,0.000,0.000,0.000,0.000,0,0,0,0,0,0,0,0,0,0.000,0.000,0.000,0.000,0.000,0.000,0.000,0.000,0,0,0,0,0,0,0,0,0,0.000,0.000,0.000,0.000,0.000,0.000,0.000,0.000,0,0,0,0,0,0,0,0,0,0.000,0.000,0.000,0.000,0.000,0.000,0.000,0.000,0,0,0,0,0,0,0,0,0,0,0,0,0,0,0,0,0,0
9091,303.0,872,44,26,192,680,0,0,34,237.04,1.078,1.441,0.194,0.089,0.227,-0.935,1.737,0.5475,2.7432,0.711,0.021,0.006,0.147,0.018,49,38,101,0,8,0,31026.92,1893.936,12832.202,61.375,516.348,10.048,6947.848,3096.242,63.783,5917.909,4734.327,3402.638,37.636,337.367,0.000069,0.049877,78,0,78,23,101,78,5596,0,23,61.059,0,0,0,0,0,0,0,0,0,0,0,0,0,0,20295,547,78,14206.215,12832.202,516.348,0.316,61.059,6265.581,2999.940,39.220,123,122,38,78,6,23811,0,0,0,0.000,0.000,0.000,0.000,0.000,0.000,0.000,0.000,0,0,0,0,0,0,0,0,0,0.000,0.000,0.000,0.000,0.000,0.000,0.000,0.000,0,0,0,0,0,0,0,0,0,0.000,0.000,0.000,0.000,0.000,0.000,0.000,0.000,0,0,0,0,0,0,0,0,0,0.000,0.000,0.000,0.000,0.000,0.000,0.000,0.000,0,0,0,0,0,0,0,0,0,0.000,0.000,0.000,0.000,0.000,0.000,0.000,0.000,0,0,0,0,0,0,0,0,0,0,0,0,0,0,0,0,0,0
9121,304.0,893,40,26,191,702,0,0,32,247.71,1.083,1.452,0.196,0.088,0.222,-0.938,1.746,0.5490,2.8052,0.687,0.037,0.007,0.147,0.023,41,33,82,0,3,0,32336.73,1870.599,14134.626,36.389,756.477,8.816,7044.846,3193.326,48.741,5897.463,4717.970,2880.871,56.208,328.319,0.000089,0.049675,102,0,68,14,82,68,5612,0,14,36.087,0,0,0,0,0,0,0,0,0,0,0,0,0,0,20637,604,102,15884.260,14129.637,756.477,0.302,36.087,6378.448,3092.880,45.510,125,103,32,68,3,18512,0,0,0,0.000,0.000,0.000,0.000,0.000,0.000,0.000,0.000,0,0,0,0,0,0,0,0,0,0.000,0.000,0.000,0.000,0.000,0.000,0.000,0.000,0,0,0,0,0,0,0,0,0,0.000,0.000,0.000,0.000,0.000,0.000,0.000,0.000,0,0,0,0,0,0,0,0,0,0.000,0.000,0.000,0.000,0.000,0.000,0.000,0.000,0,0,0,0,0,0,0,0,0,0.000,0.000,0.000,0.000,0.000,0.000,0.000,0.000,0,0,0,0,0,0,0,0,0,0,0,0,0,0,0,0,0,0
9151,305.0,903,59,25,199,704,0,0,23,227.89,1.076,1.453,0.202,0.093,0.227,-0.939,1.748,0.5543,2.8644,0.706,0.020,0.007,0.147,0.027,51,29,107,0,5,0,32990.84,1973.013,14693.589,20.609,546.328,14.100,7186.600,3242.095,42.298,6386.747,5109.398,3789.607,48.643,446.510,0.000103,0.050350,75,0,99,8,107,99,5915,0,8,20.105,0,0,0,0,0,0,0,0,0,0,0,0,0,0,21083,627,75,16230.497,14688.218,546.328,0.504,20.105,6504.496,3145.078,41.853,135,133,29,99,5,22749,0,0,0,0.000,0.000,0.000,0.000,0.000,0.000,0.000,0.000,0,0,0,0,0,0,0,0,0,0.000,0.000,0.000,0.000,0.000,0.000,0.000,0.000,0,0,0,0,0,0,0,0,0,0.000,0.000,0.000,0.000,0.000,0.000,0.000,0.000,0,0,0,0,0,0,0,0,0,0.000,0.000,0.000,0.000,0.000,0.000,0.000,0.000,0,0,0,0,0,0,0,0,0,0.000,0.000,0.000,0.000,0.000,0.000,0.000,0.000,0,0,0,0,0,0,0,0,0,0,0,0,0,0,0,0,0,0
9181,306.0,948,48,25,197,751,0,0,18,251.05,1.080,1.465,0.202,0.090,0.216,-0.938,1.747,0.5594,2.8863,0.691,0.051,0.008,0.146,0.034,44,27,103,1,1,0,35901.64,2049.309,17075.745,51.832,523.137,9.313,7393.592,3377.708,30.693,7420.002,5936.002,3512.694,90.508,376.899,0.000116,0.050626,73,0,84,19,103,84,5920,0,18,49.743,0,0,0,0,0,0,0,0,0,0,0,0,0,0,21717,729,73,18753.636,17075.745,523.137,0.484,49.743,6698.549,3278.244,42.377,158,112,27,84,1,20100,0,0,0,0.000,0.000,0.000,0.000,0.000,0.000,0.000,0.000,0,0,0,0,0,0,0,0,0,0.000,0.000,0.000,0.000,0.000,0.000,0.000,0.000,0,0,0,0,0,0,0,0,0,0.000,0.000,0.000,0.000,0.000,0.000,0.000,0.000,0,0,0,0,0,0,0,0,0,0.000,0.000,0.000,0.000,0.000,0.000,0.000,0.000,0,0,0,0,0,0,0,0,0,0.000,0.000,0.000,0.000,0.000,0.000,0.000,0.000,0,0,0,0,0,0,1,0,0,0,0,0,0,0,0,0,0,0
9211,307.0,1005,71,25,195,810,0,0,13,239.03,1.096,1.485,0.203,0.088,0.203,-0.939,1.760,0.5575,2.9846,0.690,0.031,0.005,0.146,0.039,51,33,100,0,1,0,38107.06,2064.302,17251.587,51.200,581.867,11.361,7915.280,3596.975,25.516,8231.315,6585.052,3539.300,74.868,363.463,0.000121,0.051125,75,0,82,18,100,82,6260,0,17,48.697,0,0,0,0,0,0,0,0,0,0,0,0,0,0,23536,735,75,18980.387,17251.587,581.867,0.540,48.697,7218.361,3487.020,53.322,175,116,33,82,1,22451,0,0,0,0.000,0.000,0.000,0.000,0.000,0.000,0.000,0.000,0,0,0,0,0,0,0,0,0,0.000,0.000,0.000,0.000,0.000,0.000,0.000,0.000,0,0,0,0,0,0,0,0,0,0.000,0.000,0.000,0.000,0.000,0.000,0.000,0.000,0,0,0,0,0,0,0,0,0,0.000,0.000,0.000,0.000,0.000,0.000,0.000,0.000,0,0,0,0,0,0,0,0,0,0.000,0.000,0.000,0.000,0.000,0.000,0.000,0.000,0,0,0,0,0,0,0,0,0,0,0,0,0,0,0,0,0,0
9241,308.0,1056,66,25,185,871,0,0,12,190.91,1.112,1.515,0.207,0.089,0.187,-0.941,1.781,0.5542,2.9425,0.690,0.049,0.005,0.145,0.052,47,21,154,0,1,0,39951.62,2066.849,20053.719,73.621,555.939,9.818,8422.086,3977.317,17.851,9805.046,7844.037,5385.208,30.748,555.409,0.000091,0.050923,67,0,130,24,154,130,6156,0,24,72.979,0,0,0,0,0,0,0,0,0,0,0,0,0,0,25166,852,67,21872.220,20048.730,555.939,0.641,72.979,7735.079,3861.214,58.465,213,152,21,130,1,23001,0,0,0,0.000,0.000,0.000,0.000,0.000,0.000,0.000,0.000,0,0,0,0,0,0,0,0,0,0.000,0.000,0.000,0.000,0.000,0.000,0.000,0.000,0,0,0,0,0,0,0,0,0,0.000,0.000,0.000,0.000,0.000,0.000,0.000,0.000,0,0,0,0,0,0,0,0,0,0.000,0.000,0.000,0.000,0.000,0.000,0.000,0.000,0,0,0,0,0,0,0,0,0,0.000,0.000,0.000,0.000,0.000,0.000,0.000,0.000,0,0,0,0,0,0,0,0,0,0,0,0,0,0,0,0,0,0
9271,309.0,1105,66,25,191,914,0,0,10,170.73,1.119,1.523,0.205,0.091,0.184,-0.940,1.799,0.5426,2.9768,0.640,0.031,0.004,0.145,0.057,47,38,155,0,2,0,41848.01,2082.114,21328.372,42.944,722.378,7.294,8918.018,4257.029,18.308,10495.219,8396.176,5587.042,55.057,622.539,0.000125,0.050573,88,0,139,16,155,139,6583,0,16,41.938,0,0,0,0,0,0,0,0,0,0,0,0,0,0,26797,907,88,23423.611,21328.372,722.378,1.005,41.938,8237.377,4129.892,68.935,222,179,38,139,2,27621,0,0,0,0.000,0.000,0.000,0.000,0.000,0.000,0.000,0.000,0,0,0,0,0,0,0,0,0,0.000,0.000,0.000,0.000,0.000,0.000,0.000,0.000,0,0,0,0,0,0,0,0,0,0.000,0.000,0.000,0.000,0.000,0.000,0.000,0.000,0,0,0,0,0,0,0,0,0,0.000,0.000,0.000,0.000,0.000,0.000,0.000,0.000,0,0,0,0,0,0,0,0,0,0.000,0.000,0.000,0.000,0.000,0.000,0.000,0.000,0,0,0,0,0,0,0,0,0,0,0,0,0,0,0,0,0,0
9301,310.0,1152,74,23,195,957,0,0,7,167.84,1.126,1.530,0.205,0.093,0.181,-0.942,1.822,0.5651,2.9761,0.652,0.056,0.009,0.144,0.060,51,34,159,0,1,0,44598.18,2165.253,23046.083,21.557,679.792,6.444,9396.714,4507.222,11.914,10482.178,8385.743,5755.717,55.489,659.231,0.000118,0.049404,78,0,150,9,159,150,6988,0,9,20.630,0,0,0,0,0,0,0,0,0,0,0,0,0,0,28036,981,78,25192.163,23024.055,679.792,0.927,20.630,8691.395,4376.134,69.340,228,185,34,150,1,27664,0,0,0,0.000,0.000,0.000,0.000,0.000,0.000,0.000,0.000,0,0,0,0,0,0,0,0,0,0.000,0.000,0.000,0.000,0.000,0.000,0.000,0.000,0,0,0,0,0,0,0,0,0,0.000,0.000,0.000,0.000,0.000,0.000,0.000,0.000,0,0,0,0,0,0,0,0,0,0.000,0.000,0.000,0.000,0.000,0.000,0.000,0.000,0,0,0,0,0,0,0,0,0,0.000,0.000,0.000,0.000,0.000,0.000,0.000,0.000,0,0,0,0,0,0,0,0,0,0,0,0,0,0,0,0,0,0
9331,311.0,1235,80,23,195,1040,0,0,8,155.51,1.143,1.546,0.212,0.091,0.170,-0.943,1.827,0.5572,2.9697,0.613,0.067,0.007,0.143,0.067,50,40,180,0,1,0,48113.40,2270.227,26003.968,45.570,774.507,7.934,9942.560,4803.540,12.286,13327.035,10661.628,6514.580,141.655,724.518,0.000115,0.048639,92,0,163,17,180,163,6777,0,16,43.134,0,0,0,0,0,0,0,0,0,0,0,0,0,0,29589,1109,92,28421.965,25998.006,774.507,0.810,43.134,9233.780,4668.334,76.092,286,203,39,163,1,28279,0,0,0,0.000,0.000,0.000,0.000,0.000,0.000,0.000,0.000,0,0,0,0,0,0,0,0,0,0.000,0.000,0.000,0.000,0.000,0.000,0.000,0.000,0,0,0,0,0,0,0,0,0,0.000,0.000,0.000,0.000,0.000,0.000,0.000,0.000,0,0,0,0,0,0,0,0,0,0.000,0.000,0.000,0.000,0.000,0.000,0.000,0.000,0,0,0,0,0,0,0,0,0,0.000,0.000,0.000,0.000,0.000,0.000,0.000,0.000,0,0,0,0,0,0,0,0,0,0,0,0,0,0,0,0,0,0
9361,312.0,1309,71,23,206,1103,0,0,11,172.05,1.146,1.555,0.223,0.092,0.171,-0.944,1.836,0.5484,3.0349,0.593,0.044,0.007,0.143,0.071,49,32,189,0,1,0,50913.81,2367.059,27029.403,49.242,864.493,8.458,10891.761,5432.647,12.980,12839.725,10271.780,6880.539,85.346,774.079,0.000114,0.048356,120,0,172,17,189,172,7417,2,17,48.576,0,0,0,0,0,0,0,0,0,0,0,0,0,0,32233,1153,118,29565.317,27029.403,859.284,0.666,48.576,10151.646,5264.091,105.340,268,205,32,172,1,27864,0,0,0,0.000,0.000,0.000,0.000,0.000,0.000,0.000,0.000,0,0,0,0,0,0,0,0,0,0.000,0.000,0.000,0.000,0.000,0.000,0.000,0.000,0,0,0,0,0,0,0,0,0,0.000,0.000,0.000,0.000,0.000,0.000,0.000,0.000,0,0,0,0,0,0,0,0,0,0.000,0.000,0.000,0.000,0.000,0.000,0.000,0.000,0,0,0,0,0,0,0,0,0,0.000,0.000,0.000,0.000,0.000,0.000,0.000,0.000,0,0,0,0,0,0,0,0,0,0,0,0,0,0,0,0,0,0
9391,313.0,1373,77,23,213,1160,0,0,11,166.97,1.163,1.557,0.233,0.101,0.169,-0.945,1.846,0.5498,2.9992,0.615,0.061,0.007,0.143,0.074,43,29,247,0,1,0,53829.19,2597.568,30773.842,42.397,979.600,7.393,11556.203,5714.775,16.803,15220.724,12176.579,9037.056,120.053,1009.393,0.000172,0.047329,135,0,232,15,247,232,8059,0,15,41.252,0,0,0,0,0,0,0,0,0,0,0,0,0,0,33847,1305,135,33473.294,30768.179,979.600,1.144,41.252,10768.566,5535.812,115.357,319,262,29,232,1,33894,0,0,0,0.000,0.000,0.000,0.000,0.000,0.000,0.000,0.000,0,0,0,0,0,0,0,0,0,0.000,0.000,0.000,0.000,0.000,0.000,0.000,0.000,0,0,0,0,0,0,0,0,0,0.000,0.000,0.000,0.000,0.000,0.000,0.000,0.000,0,0,0,0,0,0,0,0,0,0.000,0.000,0.000,0.000,0.000,0.000,0.000,0.000,0,0,0,0,0,0,0,0,0,0.000,0.000,0.000,0.000,0.000,0.000,0.000,0.000,0,0,0,0,0,0,0,0,0,0,0,0,0,0,0,0,0,0
9421,314.0,1408,68,23,196,1212,0,0,6,153.74,1.192,1.579,0.238,0.099,0.156,-0.947,1.851,0.5704,2.9283,0.631,0.036,0.006,0.142,0.080,58,55,273,0,4,0,56095.82,2671.174,32912.590,94.302,977.366,11.327,12359.750,6129.427,13.507,16589.609,13271.687,10380.838,106.180,1103.805,0.000164,0.046548,119,0,238,35,273,238,8116,0,35,92.982,0,0,0,0,0,0,0,0,0,0,0,0,0,0,35833,1406,119,35843.861,32912.590,977.366,1.320,92.982,11584.847,5941.263,128.377,347,296,54,238,4,38154,0,0,0,0.000,0.000,0.000,0.000,0.000,0.000,0.000,0.000,0,0,0,0,0,0,0,0,0,0.000,0.000,0.000,0.000,0.000,0.000,0.000,0.000,0,0,0,0,0,0,0,0,0,0.000,0.000,0.000,0.000,0.000,0.000,0.000,0.000,0,0,0,0,0,0,0,0,0,0.000,0.000,0.000,0.000,0.000,0.000,0.000,0.000,0,0,0,0,0,0,0,0,0,0.000,0.000,0.000,0.000,0.000,0.000,0.000,0.000,0,0,0,0,0,0,1,0,0,0,0,0,0,0,0,0,0,0
9451,315.0,1522,80,19,198,1324,0,0,9,136.62,1.209,1.590,0.238,0.099,0.147,-0.948,1.838,0.5907,2.9692,0.566,0.056,0.006,0.141,0.083,47,49,237,0,0,0,61319.06,2534.357,36167.603,69.584,803.827,10.680,13268.905,6616.206,11.579,17942.907,14354.326,8835.765,263.078,964.198,0.000121,0.046266,107,0,213,24,237,213,8520,0,23,66.703,0,0,0,0,0,0,0,0,0,0,0,0,0,0,38241,1532,107,39049.409,36156.407,803.827,1.134,66.703,12525.514,6402.316,158.784,374,262,49,213,0,31438,0,0,0,0.000,0.000,0.000,0.000,0.000,0.000,0.000,0.000,0,0,0,0,0,0,0,0,0,0.000,0.000,0.000,0.000,0.000,0.000,0.000,0.000,0,0,0,0,0,0,0,0,0,0.000,0.000,0.000,0.000,0.000,0.000,0.000,0.000,0,0,0,0,0,0,0,0,0,0.000,0.000,0.000,0.000,0.000,0.000,0.000,0.000,0,0,0,0,0,0,0,0,0,0.000,0.000,0.000,0.000,0.000,0.000,0.000,0.000,0,0,0,0,0,0,0,0,0,0,0,0,0,0,0,0,0,0
9481,316.0,1673,63,19,201,1472,0,0,9,130.60,1.222,1.607,0.241,0.095,0.139,-0.949,1.834,0.5916,3.0023,0.571,0.045,0.006,0.141,0.087,64,40,249,0,1,0,65528.08,2520.141,38292.506,49.284,1000.242,10.458,14572.310,7393.256,13.263,20002.135,16001.708,9520.232,90.910,1062.510,0.000223,0.045933,131,0,231,18,249,231,9447,0,18,47.872,0,0,0,0,0,0,0,0,0,0,0,0,0,0,41858,1617,131,41360.067,38280.919,1000.242,1.120,47.872,13787.108,7159.845,173.047,418,272,40,231,1,29220,0,0,0,0.000,0.000,0.000,0.000,0.000,0.000,0.000,0.000,0,0,0,0,0,0,0,0,0,0.000,0.000,0.000,0.000,0.000,0.000,0.000,0.000,0,0,0,0,0,0,0,0,0,0.000,0.000,0.000,0.000,0.000,0.000,0.000,0.000,0,0,0,0,0,0,0,0,0,0.000,0.000,0.000,0.000,0.000,0.000,0.000,0.000,0,0,0,0,0,0,0,0,0,0.000,0.000,0.000,0.000,0.000,0.000,0.000,0.000,0,0,0,0,0,0,2,0,0,0,0,0,0,0,0,0,0,0
9511,317.0,1735,73,19,187,1548,0,0,14,127.97,1.251,1.624,0.251,0.097,0.127,-0.951,1.859,0.5967,2.9958,0.566,0.027,0.004,0.140,0.097,57,68,308,0,2,0,68987.91,2604.531,41733.946,99.636,1049.978,8.995,15652.664,8050.703,18.466,20191.342,16153.074,11689.531,276.533,1252.118,0.000197,0.046567,134,0,274,34,308,274,10181,0,34,98.021,0,0,0,0,0,0,0,0,0,0,0,0,0,0,44858,1757,134,44992.564,41733.946,1049.978,1.539,98.021,14888.205,7770.785,220.582,420,344,68,274,2,39048,0,0,0,0.000,0.000,0.000,0.000,0.000,0.000,0.000,0.000,0,0,0,0,0,0,0,0,0,0.000,0.000,0.000,0.000,0.000,0.000,0.000,0.000,0,0,0,0,0,0,0,0,0,0.000,0.000,0.000,0.000,0.000,0.000,0.000,0.000,0,0,0,0,0,0,0,0,0,0.000,0.000,0.000,0.000,0.000,0.000,0.000,0.000,0,0,0,0,0,0,0,0,0,0.000,0.000,0.000,0.000,0.000,0.000,0.000,0.000,0,0,0,0,0,0,0,0,0,0,0,0,0,0,0,0,0,0
9541,318.0,1740,91,19,180,1560,0,0,11,109.84,1.270,1.628,0.267,0.096,0.125,-0.951,1.851,0.5830,2.9530,0.569,0.011,0.006,0.138,0.099,46,58,362,0,3,0,71205.87,2538.258,43976.924,73.923,980.458,8.311,16316.470,8510.178,20.074,19815.124,15852.099,13785.405,250.503,1525.494,0.000131,0.045838,165,0,337,25,362,337,10344,50,25,72.050,0,0,0,0,0,0,0,0,0,0,0,0,0,0,46040,1851,115,47167.501,43971.692,868.533,1.785,72.050,15572.423,8218.702,234.244,407,396,56,337,3,40718,0,0,0,0.000,0.000,0.000,0.000,0.000,0.000,0.000,0.000,0,0,0,0,0,0,0,0,0,0.000,0.000,0.000,0.000,0.000,0.000,0.000,0.000,0,0,0,0,0,0,0,0,0,0.000,0.000,0.000,0.000,0.000,0.000,0.000,0.000,0,0,0,0,0,0,0,0,0,0.000,0.000,0.000,0.000,0.000,0.000,0.000,0.000,0,0,0,0,0,0,0,0,0,0.000,0.000,0.000,0.000,0.000,0.000,0.000,0.000,0,0,0,0,0,0,1,0,0,0,0,0,0,0,0,0,0,0
9571,319.0,1770,90,19,176,1594,0,0,19,133.10,1.290,1.631,0.288,0.098,0.121,-0.953,1.864,0.5535,2.9378,0.558,0.068,0.006,0.138,0.097,47,61,393,0,1,0,73913.70,2526.090,47993.871,72.569,878.512,8.404,17146.898,8886.653,18.936,22515.727,18012.582,15513.096,110.446,1705.520,0.000265,0.044314,126,0,368,25,393,368,10762,2,24,68.470,0,0,0,0,0,0,0,0,0,0,0,0,0,0,47777,2017,124,51242.656,47988.883,876.342,2.664,68.470,16434.353,8575.710,256.926,464,430,61,368,1,48741,0,0,0,0.000,0.000,0.000,0.000,0.000,0.000,0.000,0.000,0,0,0,0,0,0,0,0,0,0.000,0.000,0.000,0.000,0.000,0.000,0.000,0.000,0,0,0,0,0,0,0,0,0,0.000,0.000,0.000,0.000,0.000,0.000,0.000,0.000,0,0,0,0,0,0,0,0,0,0.000,0.000,0.000,0.000,0.000,0.000,0.000,0.000,0,0,0,0,0,0,0,0,0,0.000,0.000,0.000,0.000,0.000,0.000,0.000,0.000,0,0,0,0,0,0,0,0,0,0,0,0,0,0,0,0,0,0
9601,320.0,1858,76,17,180,1678,0,0,18,125.96,1.308,1.636,0.305,0.101,0.119,-0.954,1.875,0.5413,2.8885,0.563,0.017,0.005,0.138,0.097,54,61,359,0,3,0,76964.90,2694.383,48387.787,57.695,1170.748,8.205,18068.690,9317.574,26.713,23820.226,19056.181,14157.283,171.893,1582.471,0.000191,0.044100,154,0,339,20,359,339,11401,0,20,55.309,0,0,0,0,0,0,0,0,0,0,0,0,0,0,49515,2039,154,52047.306,48372.910,1170.748,1.996,55.309,17349.334,8972.411,292.679,485,402,60,339,3,45857,0,0,0,0.000,0.000,0.000,0.000,0.000,0.000,0.000,0.000,0,0,0,0,0,0,0,0,0,0.000,0.000,0.000,0.000,0.000,0.000,0.000,0.000,0,0,0,0,0,0,0,0,0,0.000,0.000,0.000,0.000,0.000,0.000,0.000,0.000,0,0,0,0,0,0,0,0,0,0.000,0.000,0.000,0.000,0.000,0.000,0.000,0.000,0,0,0,0,0,0,0,0,0,0.000,0.000,0.000,0.000,0.000,0.000,0.000,0.000,0,0,0,0,0,0,1,0,0,0,0,0,0,0,0,0,0,0
9631,321.0,1844,75,17,161,1683,0,0,18,105.24,1.323,1.653,0.331,0.101,0.109,-0.955,1.883,0.5375,2.9513,0.615,0.019,0.005,0.137,0.104,45,64,441,0,2,0,77327.48,2724.440,49846.211,95.865,1225.486,10.232,18567.835,9604.446,27.481,23286.551,18629.241,17406.511,124.695,1915.657,0.000126,0.043843,191,0,404,37,441,404,11364,0,34,86.852,0,0,0,0,0,0,0,0,0,0,0,0,0,0,50316,2099,191,53560.618,49841.058,1225.486,2.604,86.852,17864.977,9245.799,307.297,475,470,64,404,2,50674,0,0,0,0.000,0.000,0.000,0.000,0.000,0.000,0.000,0.000,0,0,0,0,0,0,0,0,0,0.000,0.000,0.000,0.000,0.000,0.000,0.000,0.000,0,0,0,0,0,0,0,0,0,0.000,0.000,0.000,0.000,0.000,0.000,0.000,0.000,0,0,0,0,0,0,0,0,0,0.000,0.000,0.000,0.000,0.000,0.000,0.000,0.000,0,0,0,0,0,0,0,0,0,0.000,0.000,0.000,0.000,0.000,0.000,0.000,0.000,0,0,0,0,0,0,0,0,0,0,0,0,0,0,0,0,0,0
9661,322.0,1951,81,17,164,1787,0,0,15,102.05,1.333,1.666,0.350,0.098,0.107,-0.953,1.894,0.5369,2.9513,0.575,0.037,0.006,0.136,0.114,52,69,357,0,3,0,80800.59,2731.996,51024.328,47.254,1218.934,8.070,19214.379,9937.396,20.997,25417.999,20334.400,14334.167,129.542,1610.388,0.000226,0.042383,178,0,342,15,357,342,11438,0,13,41.179,0,0,0,0,0,0,0,0,0,0,0,0,0,0,51648,2155,178,54798.684,51018.389,1218.934,2.575,41.179,18515.423,9579.369,307.394,518,414,69,342,3,41230,0,0,0,0.000,0.000,0.000,0.000,0.000,0.000,0.000,0.000,0,0,0,0,0,0,0,0,0,0.000,0.000,0.000,0.000,0.000,0.000,0.000,0.000,0,0,0,0,0,0,0,0,0,0.000,0.000,0.000,0.000,0.000,0.000,0.000,0.000,0,0,0,0,0,0,0,0,0,0.000,0.000,0.000,0.000,0.000,0.000,0.000,0.000,0,0,0,0,0,0,0,0,0,0.000,0.000,0.000,0.000,0.000,0.000,0.000,0.000,0,0,0,0,0,0,0,0,0,0,0,0,0,0,0,0,0,0
9691,323.0,2070,96,17,169,1901,0,0,12,108.28,1.346,1.671,0.374,0.097,0.105,-0.953,1.909,0.5507,2.9283,0.569,0.041,0.007,0.135,0.119,50,67,357,0,1,0,86506.81,2878.259,55159.907,47.192,1617.198,9.897,20829.356,10797.361,15.549,25756.763,20605.411,13952.210,42.639,1590.663,0.000220,0.041573,233,0,340,17,357,340,12302,0,17,44.628,0,0,0,0,0,0,0,0,0,0,0,0,0,0,55456,2325,233,59577.770,55153.575,1617.198,2.448,44.628,20105.850,10398.872,348.707,521,408,67,340,1,44340,0,0,0,0.000,0.000,0.000,0.000,0.000,0.000,0.000,0.000,0,0,0,0,0,0,0,0,0,0.000,0.000,0.000,0.000,0.000,0.000,0.000,0.000,0,0,0,0,0,0,0,0,0,0.000,0.000,0.000,0.000,0.000,0.000,0.000,0.000,0,0,0,0,0,0,0,0,0,0.000,0.000,0.000,0.000,0.000,0.000,0.000,0.000,0,0,0,0,0,0,0,0,0,0.000,0.000,0.000,0.000,0.000,0.000,0.000,0.000,0,0,0,0,0,0,1,0,0,0,0,0,0,0,0,0,0,0
9721,324.0,2183,72,17,172,2011,0,0,12,102.06,1.350,1.676,0.406,0.098,0.101,-0.952,1.883,0.5491,2.8642,0.587,0.041,0.007,0.134,0.125,48,79,408,0,1,0,89946.83,3039.969,57637.724,38.424,1321.300,9.319,22261.310,11165.606,13.946,28732.141,22985.713,16019.937,236.907,1831.968,0.000279,0.039704,181,0,395,13,408,395,13092,1,13,35.183,0,0,0,0,0,0,0,0,0,0,0,0,0,0,58665,2432,180,61898.422,57614.867,1320.177,3.134,35.183,21516.262,10730.203,383.866,584,475,79,395,1,46987,0,0,0,0.000,0.000,0.000,0.000,0.000,0.000,0.000,0.000,0,0,0,0,0,0,0,0,0,0.000,0.000,0.000,0.000,0.000,0.000,0.000,0.000,0,0,0,0,0,0,0,0,0,0.000,0.000,0.000,0.000,0.000,0.000,0.000,0.000,0,0,0,0,0,0,0,0,0,0.000,0.000,0.000,0.000,0.000,0.000,0.000,0.000,0,0,0,0,0,0,0,0,0,0.000,0.000,0.000,0.000,0.000,0.000,0.000,0.000,0,0,0,0,0,0,1,0,0,0,0,0,0,0,0,0,0,0
9751,325.0,2244,75,20,171,2073,0,0,16,113.57,1.358,1.684,0.445,0.097,0.099,-0.953,1.885,0.5588,2.8717,0.557,0.041,0.005,0.132,0.131,60,91,429,0,0,0,91609.17,2858.207,58459.328,64.126,1451.476,7.475,23284.846,11491.769,12.981,27728.717,22182.974,17186.115,264.131,1933.723,0.000247,0.037628,204,0,407,22,429,407,13746,4,18,55.604,0,0,0,0,0,0,0,0,0,0,0,0,0,0,60903,2469,200,62916.492,58433.156,1447.632,2.461,55.604,22532.866,11017.569,418.628,560,498,91,407,0,55280,0,0,0,0.000,0.000,0.000,0.000,0.000,0.000,0.000,0.000,0,0,0,0,0,0,0,0,0,0.000,0.000,0.000,0.000,0.000,0.000,0.000,0.000,0,0,0,0,0,0,0,0,0,0.000,0.000,0.000,0.000,0.000,0.000,0.000,0.000,0,0,0,0,0,0,0,0,0,0.000,0.000,0.000,0.000,0.000,0.000,0.000,0.000,0,0,0,0,0,0,0,0,0,0.000,0.000,0.000,0.000,0.000,0.000,0.000,0.000,0,0,0,0,0,0,0,0,0,0,0,0,0,0,0,0,0,0
9781,326.0,2346,79,20,176,2170,0,0,19,107.39,1.364,1.693,0.466,0.092,0.099,-0.954,1.875,0.5434,2.8349,0.580,0.040,0.003,0.133,0.136,36,110,326,0,2,0,96874.27,2962.846,57804.048,27.211,1620.444,7.145,24508.734,11668.483,24.023,25891.290,20713.032,12481.534,219.120,1448.866,0.000193,0.036638,236,0,313,13,326,313,14205,12,11,22.730,0,0,0,0,0,0,0,0,0,0,0,0,0,0,63225,2432,224,62265.428,57779.520,1603.931,1.541,22.730,23726.967,11188.867,423.348,522,425,110,313,2,44204,0,0,0,0.000,0.000,0.000,0.000,0.000,0.000,0.000,0.000,0,0,0,0,0,0,0,0,0,0.000,0.000,0.000,0.000,0.000,0.000,0.000,0.000,0,0,0,0,0,0,0,0,0,0.000,0.000,0.000,0.000,0.000,0.000,0.000,0.000,0,0,0,0,0,0,0,0,0,0.000,0.000,0.000,0.000,0.000,0.000,0.000,0.000,0,0,0,0,0,0,0,0,0,0.000,0.000,0.000,0.000,0.000,0.000,0.000,0.000,0,0,0,0,0,0,0,0,0,0,0,0,0,0,0,0,0,0
9811,327.0,2557,50,20,162,2395,0,0,16,130.33,1.382,1.711,0.486,0.091,0.088,-0.954,1.827,0.5595,2.7507,0.581,0.025,0.003,0.133,0.143,37,116,287,0,7,0,104924.21,2981.164,62650.835,74.031,1506.904,7.427,26848.776,12736.251,22.210,29978.761,23983.009,10747.600,118.044,1187.448,0.000207,0.035354,238,0,255,32,287,255,14476,0,32,72.168,0,0,0,0,0,0,0,0,0,0,0,0,0,0,68772,2642,238,67328.386,62639.292,1506.904,1.863,72.168,26086.748,12204.335,478.433,603,378,116,255,7,42415,0,0,0,0.000,0.000,0.000,0.000,0.000,0.000,0.000,0.000,0,0,0,0,0,0,0,0,0,0.000,0.000,0.000,0.000,0.000,0.000,0.000,0.000,0,0,0,0,0,0,0,0,0,0.000,0.000,0.000,0.000,0.000,0.000,0.000,0.000,0,0,0,0,0,0,0,0,0,0.000,0.000,0.000,0.000,0.000,0.000,0.000,0.000,0,0,0,0,0,0,0,0,0,0.000,0.000,0.000,0.000,0.000,0.000,0.000,0.000,0,0,0,0,0,0,0,0,0,0,0,0,0,0,0,0,0,0
9841,328.0,2644,51,20,171,2473,0,0,23,110.04,1.385,1.714,0.516,0.090,0.089,-0.954,1.807,0.5547,2.8042,0.607,0.012,0.003,0.133,0.146,36,130,347,0,2,0,105570.18,3130.502,59806.664,25.737,1890.806,6.365,28680.907,13403.868,21.650,27286.830,21829.465,13048.036,182.673,1522.433,0.000230,0.033742,268,0,336,11,347,336,15084,3,11,23.515,0,0,0,0,0,0,0,0,0,0,0,0,0,0,72790,2528,265,64666.970,59795.365,1885.259,2.100,23.515,27913.135,12848.950,497.037,546,468,130,336,2,47650,0,0,0,0.000,0.000,0.000,0.000,0.000,0.000,0.000,0.000,0,0,0,0,0,0,0,0,0,0.000,0.000,0.000,0.000,0.000,0.000,0.000,0.000,0,0,0,0,0,0,0,0,0,0.000,0.000,0.000,0.000,0.000,0.000,0.000,0.000,0,0,0,0,0,0,0,0,0,0.000,0.000,0.000,0.000,0.000,0.000,0.000,0.000,0,0,0,0,0,0,0,0,0,0.000,0.000,0.000,0.000,0.000,0.000,0.000,0.000,0,0,0,0,0,0,0,0,0,0,0,0,0,0,0,0,0,0
9871,329.0,2702,47,20,163,2539,0,0,26,113.26,1.392,1.721,0.542,0.088,0.086,-0.954,1.801,0.5134,2.7859,0.642,0.043,0.002,0.132,0.150,38,191,302,0,5,0,109135.76,3408.461,61534.677,47.824,1907.033,7.558,29674.791,13693.374,30.707,26941.987,21553.590,11223.423,100.446,1314.242,0.000260,0.031950,264,0,281,21,302,281,14989,0,20,43.152,0,0,0,0,0,0,0,0,0,0,0,0,0,0,74463,2592,264,66477.130,61524.456,1907.033,2.052,43.152,28892.723,13133.702,503.026,543,477,191,281,5,52430,0,0,0,0.000,0.000,0.000,0.000,0.000,0.000,0.000,0.000,0,0,0,0,0,0,0,0,0,0.000,0.000,0.000,0.000,0.000,0.000,0.000,0.000,0,0,0,0,0,0,0,0,0,0.000,0.000,0.000,0.000,0.000,0.000,0.000,0.000,0,0,0,0,0,0,0,0,0,0.000,0.000,0.000,0.000,0.000,0.000,0.000,0.000,0,0,0,0,0,0,0,0,0,0.000,0.000,0.000,0.000,0.000,0.000,0.000,0.000,0,0,0,0,0,0,0,0,0,0,0,0,0,0,0,0,0,0
9901,330.0,2829,45,20,169,2660,0,0,30,125.68,1.396,1.726,0.561,0.086,0.085,-0.954,1.811,0.5246,2.7539,0.594,0.018,0.003,0.131,0.151,34,165,262,0,3,0,112376.28,3152.263,61782.924,55.252,1559.697,5.764,31136.225,14113.594,30.150,26858.672,21486.938,9915.644,54.814,1127.752,0.000278,0.030688,225,0,244,18,262,244,14612,0,17,49.676,0,0,0,0,0,0,0,0,0,0,0,0,0,0,77664,2607,225,66334.186,61782.924,1559.697,2.005,49.676,30369.974,13576.528,482.392,533,412,165,244,3,47656,0,0,0,0.000,0.000,0.000,0.000,0.000,0.000,0.000,0.000,0,0,0,0,0,0,0,0,0,0.000,0.000,0.000,0.000,0.000,0.000,0.000,0.000,0,0,0,0,0,0,0,0,0,0.000,0.000,0.000,0.000,0.000,0.000,0.000,0.000,0,0,0,0,0,0,0,0,0,0.000,0.000,0.000,0.000,0.000,0.000,0.000,0.000,0,0,0,0,0,0,0,0,0,0.000,0.000,0.000,0.000,0.000,0.000,0.000,0.000,0,0,0,0,0,0,0,0,0,0,0,0,0,0,0,0,0,0
9931,331.0,2932,46,20,167,2765,0,0,39,114.29,1.402,1.731,0.578,0.085,0.083,-0.955,1.819,0.5204,2.8070,0.593,0.036,0.003,0.131,0.153,41,187,224,0,4,0,115887.18,3102.854,62396.817,32.660,1892.300,6.416,32800.286,14841.063,40.902,25276.339,20221.072,8156.116,151.550,976.250,0.000259,0.029213,288,0,212,12,224,212,14391,0,10,26.937,0,0,0,0,0,0,0,0,0,0,0,0,0,0,81243,2629,288,67341.209,62385.518,1892.300,1.572,26.937,31999.615,14285.765,497.534,507,403,187,212,4,48932,0,0,0,0.000,0.000,0.000,0.000,0.000,0.000,0.000,0.000,0,0,0,0,0,0,0,0,0,0.000,0.000,0.000,0.000,0.000,0.000,0.000,0.000,0,0,0,0,0,0,0,0,0,0.000,0.000,0.000,0.000,0.000,0.000,0.000,0.000,0,0,0,0,0,0,0,0,0,0.000,0.000,0.000,0.000,0.000,0.000,0.000,0.000,0,0,0,0,0,0,0,0,0,0.000,0.000,0.000,0.000,0.000,0.000,0.000,0.000,0,0,0,0,0,0,1,0,0,0,0,0,0,0,0,0,0,0
9961,332.0,3051,38,20,166,2885,0,0,52,142.01,1.406,1.736,0.593,0.083,0.081,-0.955,1.807,0.5099,2.7473,0.602,0.024,0.002,0.131,0.156,35,222,212,0,6,0,116831.79,3044.671,61877.729,28.281,2142.399,7.085,34390.813,15616.211,60.388,27185.351,21748.281,7474.527,113.435,913.625,0.000239,0.026993,359,0,199,13,212,199,14178,0,13,26.492,0,0,0,0,0,0,0,0,0,0,0,0,0,0,84763,2609,359,67115.790,61871.398,2142.399,1.705,26.492,33570.988,15063.129,496.264,546,427,222,199,6,55391,0,0,0,0.000,0.000,0.000,0.000,0.000,0.000,0.000,0.000,0,0,0,0,0,0,0,0,0,0.000,0.000,0.000,0.000,0.000,0.000,0.000,0.000,0,0,0,0,0,0,0,0,0,0.000,0.000,0.000,0.000,0.000,0.000,0.000,0.000,0,0,0,0,0,0,0,0,0,0.000,0.000,0.000,0.000,0.000,0.000,0.000,0.000,0,0,0,0,0,0,0,0,0,0.000,0.000,0.000,0.000,0.000,0.000,0.000,0.000,0,0,0,0,0,0,1,0,0,0,0,0,0,0,0,0,0,0
9991,333.0,3058,25,20,167,2891,0,0,50,132.79,1.408,1.738,0.603,0.081,0.081,-0.954,1.813,0.4958,2.7218,0.619,0.018,0.001,0.131,0.155,30,249,194,0,22,0,116569.11,3024.656,60794.620,11.125,1769.493,7.891,35463.930,15859.099,76.674,23082.124,18465.700,6943.950,271.783,861.218,0.000239,0.025681,312,0,188,6,194,188,13663,0,6,9.583,0,0,0,0,0,0,0,0,0,0,0,0,0,0,86960,2563,312,65534.183,60784.420,1769.493,1.224,9.583,34645.602,15326.590,477.084,465,459,249,188,22,56541,0,0,0,0.000,0.000,0.000,0.000,0.000,0.000,0.000,0.000,0,0,0,0,0,0,0,0,0,0.000,0.000,0.000,0.000,0.000,0.000,0.000,0.000,0,0,0,0,0,0,0,0,0,0.000,0.000,0.000,0.000,0.000,0.000,0.000,0.000,0,0,0,0,0,0,0,0,0,0.000,0.000,0.000,0.000,0.000,0.000,0.000,0.000,0,0,0,0,0,0,0,0,0,0.000,0.000,0.000,0.000,0.000,0.000,0.000,0.000,0,0,0,0,0,0,0,0,0,0,0,0,0,0,0,0,0,0
10021,334.0,3035,42,20,163,2872,0,0,53,146.29,1.413,1.735,0.612,0.080,0.082,-0.955,1.790,0.4846,2.7263,0.606,0.006,0.002,0.131,0.155,27,286,237,0,16,0,114212.64,2972.922,60578.774,35.452,1820.541,6.893,35613.391,15758.122,76.042,25238.524,20190.820,8441.152,1.269,1005.937,0.000270,0.025094,309,0,222,15,237,222,13047,0,14,30.631,0,0,0,0,0,0,0,0,0,0,0,0,0,0,86677,2548,309,65328.793,60578.774,1820.541,2.471,30.631,34796.957,15232.903,470.857,504,523,285,222,16,72550,0,0,0,0.000,0.000,0.000,0.000,0.000,0.000,0.000,0.000,0,0,0,0,0,0,0,0,0,0.000,0.000,0.000,0.000,0.000,0.000,0.000,0.000,0,0,0,0,0,0,0,0,0,0.000,0.000,0.000,0.000,0.000,0.000,0.000,0.000,0,0,0,0,0,0,0,0,0,0.000,0.000,0.000,0.000,0.000,0.000,0.000,0.000,0,0,0,0,0,0,0,0,0,0.000,0.000,0.000,0.000,0.000,0.000,0.000,0.000,0,0,0,0,0,0,0,0,0,0,0,0,0,0,0,0,0,0
10051,335.0,3005,34,23,158,2847,0,0,45,166.93,1.417,1.737,0.627,0.081,0.081,-0.955,1.803,0.4801,2.7430,0.630,0.000,0.003,0.131,0.158,29,289,193,0,14,0,114211.55,2825.859,59947.502,35.880,1840.510,6.755,35333.265,15240.960,71.736,22806.806,18245.445,6758.075,30.550,814.383,0.000259,0.025844,325,0,180,13,193,180,12237,2,13,33.988,0,0,0,0,0,0,0,0,0,0,0,0,0,0,85330,2520,323,64680.010,59934.839,1839.603,1.892,33.988,34527.743,14770.228,420.179,458,483,289,180,14,71858,0,0,0,0.000,0.000,0.000,0.000,0.000,0.000,0.000,0.000,0,0,0,0,0,0,0,0,0,0.000,0.000,0.000,0.000,0.000,0.000,0.000,0.000,0,0,0,0,0,0,0,0,0,0.000,0.000,0.000,0.000,0.000,0.000,0.000,0.000,0,0,0,0,0,0,0,0,0,0.000,0.000,0.000,0.000,0.000,0.000,0.000,0.000,0,0,0,0,0,0,0,0,0,0.000,0.000,0.000,0.000,0.000,0.000,0.000,0.000,0,0,0,0,0,0,0,0,0,0,0,0,0,0,0,0,0,0
10081,336.0,3010,24,23,160,2850,0,0,44,147.93,1.419,1.738,0.635,0.080,0.082,-0.954,1.794,0.4841,2.6414,0.616,0.000,0.003,0.131,0.160,20,295,172,0,9,0,112305.35,2798.858,57251.550,14.872,1690.174,6.178,35657.594,15109.263,65.972,23548.102,18838.482,5623.355,105.072,700.602,0.000243,0.026342,283,0,165,7,172,165,12028,0,7,12.959,0,0,0,0,0,0,0,0,0,0,0,0,0,0,85640,2406,283,61602.474,57251.550,1690.174,1.667,12.959,34852.446,14647.175,409.179,472,469,295,165,9,68804,0,0,0,0.000,0.000,0.000,0.000,0.000,0.000,0.000,0.000,0,0,0,0,0,0,0,0,0,0.000,0.000,0.000,0.000,0.000,0.000,0.000,0.000,0,0,0,0,0,0,0,0,0,0.000,0.000,0.000,0.000,0.000,0.000,0.000,0.000,0,0,0,0,0,0,0,0,0,0.000,0.000,0.000,0.000,0.000,0.000,0.000,0.000,0,0,0,0,0,0,0,0,0,0.000,0.000,0.000,0.000,0.000,0.000,0.000,0.000,0,0,0,0,0,0,0,0,0,0,0,0,0,0,0,0,0,0
10111,337.0,2962,40,23,151,2811,0,0,50,148.59,1.422,1.741,0.650,0.080,0.081,-0.955,1.786,0.4794,2.6721,0.641,0.007,0.004,0.131,0.162,35,313,148,0,15,0,110881.36,2655.480,56546.687,16.181,1526.448,5.333,35504.390,14904.344,70.998,21066.185,16852.948,5148.941,157.969,642.464,0.000155,0.027023,273,0,139,9,148,139,11512,2,9,14.912,0,0,0,0,0,0,0,0,0,0,0,0,0,0,84811,2372,271,60771.095,56541.455,1523.637,1.269,14.912,34726.530,14467.282,388.359,425,465,311,139,15,69858,0,0,0,0.000,0.000,0.000,0.000,0.000,0.000,0.000,0.000,0,0,0,0,0,0,0,0,0,0.000,0.000,0.000,0.000,0.000,0.000,0.000,0.000,0,0,0,0,0,0,0,0,0,0.000,0.000,0.000,0.000,0.000,0.000,0.000,0.000,0,0,0,0,0,0,0,0,0,0.000,0.000,0.000,0.000,0.000,0.000,0.000,0.000,0,0,0,0,0,0,0,0,0,0.000,0.000,0.000,0.000,0.000,0.000,0.000,0.000,0,0,0,0,0,0,1,0,0,0,0,0,0,0,0,0,0,0
10141,338.0,2937,36,23,145,2792,0,0,55,169.08,1.424,1.744,0.656,0.080,0.080,-0.955,1.795,0.4801,2.6694,0.622,0.021,0.003,0.130,0.162,27,309,105,0,10,0,108626.95,2513.421,53244.126,39.865,1406.009,6.861,35272.098,14600.915,83.024,19443.045,15554.436,3634.589,135.633,436.952,0.000227,0.027627,239,0,90,15,105,90,10975,0,15,38.756,0,0,0,0,0,0,0,0,0,0,0,0,0,0,83979,2237,239,57236.948,53244.126,1406.009,1.109,38.756,34526.788,14173.592,383.518,390,409,309,90,10,64250,0,0,0,0.000,0.000,0.000,0.000,0.000,0.000,0.000,0.000,0,0,0,0,0,0,0,0,0,0.000,0.000,0.000,0.000,0.000,0.000,0.000,0.000,0,0,0,0,0,0,0,0,0,0.000,0.000,0.000,0.000,0.000,0.000,0.000,0.000,0,0,0,0,0,0,0,0,0,0.000,0.000,0.000,0.000,0.000,0.000,0.000,0.000,0,0,0,0,0,0,0,0,0,0.000,0.000,0.000,0.000,0.000,0.000,0.000,0.000,0,0,0,0,0,0,0,0,0,0,0,0,0,0,0,0,0,0
10171,339.0,2888,38,23,149,2739,0,0,67,172.16,1.422,1.741,0.662,0.080,0.082,-0.955,1.815,0.4710,2.6642,0.652,0.000,0.003,0.130,0.162,25,337,92,0,8,0,106966.04,2533.506,52406.123,9.483,1483.413,7.028,34984.265,14434.083,93.086,18920.001,15136.001,2849.595,79.591,385.404,0.000190,0.027129,269,0,88,4,92,88,10877,0,4,9.009,0,0,0,0,0,0,0,0,0,0,0,0,0,0,83008,2204,269,56494.563,52384.433,1483.413,0.474,9.009,34233.469,14033.242,358.509,378,431,335,88,8,68956,0,0,0,0.000,0.000,0.000,0.000,0.000,0.000,0.000,0.000,0,0,0,0,0,0,0,0,0,0.000,0.000,0.000,0.000,0.000,0.000,0.000,0.000,0,0,0,0,0,0,0,0,0,0.000,0.000,0.000,0.000,0.000,0.000,0.000,0.000,0,0,0,0,0,0,0,0,0,0.000,0.000,0.000,0.000,0.000,0.000,0.000,0.000,0,0,0,0,0,0,0,0,0,0.000,0.000,0.000,0.000,0.000,0.000,0.000,0.000,0,0,0,0,0,0,0,0,0,0,0,0,0,0,0,0,0,0
10201,340.0,2815,35,22,151,2664,0,0,65,168.24,1.420,1.740,0.663,0.078,0.084,-0.955,1.822,0.4718,2.6461,0.681,0.013,0.003,0.130,0.163,24,330,73,0,20,0,104963.05,2481.551,50423.245,4.918,1491.278,5.052,34394.202,13967.354,97.258,17216.100,13772.880,2561.987,85.798,362.878,0.000181,0.026295,274,0,71,2,73,71,10431,1,2,4.540,0,0,0,0,0,0,0,0,0,0,0,0,0,0,81302,2118,273,54316.800,50423.245,1490.515,0.378,4.540,33622.829,13607.530,318.698,344,419,328,71,20,72038,0,0,0,0.000,0.000,0.000,0.000,0.000,0.000,0.000,0.000,0,0,0,0,0,0,0,0,0,0.000,0.000,0.000,0.000,0.000,0.000,0.000,0.000,0,0,0,0,0,0,0,0,0,0.000,0.000,0.000,0.000,0.000,0.000,0.000,0.000,0,0,0,0,0,0,0,0,0,0.000,0.000,0.000,0.000,0.000,0.000,0.000,0.000,0,0,0,0,0,0,0,0,0,0.000,0.000,0.000,0.000,0.000,0.000,0.000,0.000,0,0,0,0,0,0,0,0,0,0,0,0,0,0,0,0,0,0
10231,341.0,2783,34,22,154,2629,0,0,76,185.65,1.421,1.739,0.667,0.076,0.086,-0.955,1.838,0.4756,2.6274,0.658,0.000,0.003,0.130,0.163,25,289,60,0,19,0,102722.05,2489.642,48415.953,11.851,1324.316,6.231,33803.965,13578.494,99.676,16462.176,13169.741,2009.866,93.845,280.174,0.000232,0.026548,249,0,55,5,60,55,9891,8,5,11.317,0,0,0,0,0,0,0,0,0,0,0,0,0,0,79523,2032,241,52031.954,48415.953,1317.074,0.534,11.317,33042.145,13255.887,281.590,328,363,289,55,19,65702,0,0,0,0.000,0.000,0.000,0.000,0.000,0.000,0.000,0.000,0,0,0,0,0,0,0,0,0,0.000,0.000,0.000,0.000,0.000,0.000,0.000,0.000,0,0,0,0,0,0,0,0,0,0.000,0.000,0.000,0.000,0.000,0.000,0.000,0.000,0,0,0,0,0,0,0,0,0,0.000,0.000,0.000,0.000,0.000,0.000,0.000,0.000,0,0,0,0,0,0,0,0,0,0.000,0.000,0.000,0.000,0.000,0.000,0.000,0.000,0,0,0,0,0,0,0,0,0,0,0,0,0,0,0,0,0,0
10261,342.0,2711,17,22,147,2564,0,0,79,187.78,1.422,1.742,0.665,0.073,0.086,-0.955,1.833,0.4748,2.6218,0.665,0.020,0.004,0.130,0.163,19,329,60,0,15,0,99840.10,2379.080,46932.471,18.805,1359.352,5.233,33194.042,13152.295,112.455,16311.001,13048.801,2060.851,142.030,288.425,0.000232,0.027974,223,0,52,8,60,52,9258,0,8,18.321,0,0,0,0,0,0,0,0,0,0,0,0,0,0,77950,1969,223,50553.314,46932.471,1359.352,0.483,18.321,32448.595,12854.787,257.787,331,396,329,52,15,73887,0,0,0,0.000,0.000,0.000,0.000,0.000,0.000,0.000,0.000,0,0,0,0,0,0,0,0,0,0.000,0.000,0.000,0.000,0.000,0.000,0.000,0.000,0,0,0,0,0,0,0,0,0,0.000,0.000,0.000,0.000,0.000,0.000,0.000,0.000,0,0,0,0,0,0,0,0,0,0.000,0.000,0.000,0.000,0.000,0.000,0.000,0.000,0,0,0,0,0,0,0,0,0,0.000,0.000,0.000,0.000,0.000,0.000,0.000,0.000,0,0,0,0,0,0,0,0,0,0,0,0,0,0,0,0,0,0
10291,343.0,2635,32,22,145,2490,0,0,89,218.67,1.423,1.741,0.658,0.072,0.086,-0.955,1.837,0.4775,2.5956,0.682,0.021,0.004,0.130,0.163,23,311,35,0,26,0,95740.28,2290.489,43080.863,9.143,1426.552,6.353,32436.635,12762.914,122.623,14627.362,11701.890,996.755,56.207,179.707,0.000159,0.027869,240,0,31,4,35,31,8731,3,4,8.925,0,0,0,0,0,0,0,0,0,0,0,0,0,0,76026,1808,237,46601.268,43073.473,1423.573,0.218,8.925,31699.192,12490.974,232.600,294,368,311,31,26,77474,0,0,0,0.000,0.000,0.000,0.000,0.000,0.000,0.000,0.000,0,0,0,0,0,0,0,0,0,0.000,0.000,0.000,0.000,0.000,0.000,0.000,0.000,0,0,0,0,0,0,0,0,0,0.000,0.000,0.000,0.000,0.000,0.000,0.000,0.000,0,0,0,0,0,0,0,0,0,0.000,0.000,0.000,0.000,0.000,0.000,0.000,0.000,0,0,0,0,0,0,0,0,0,0.000,0.000,0.000,0.000,0.000,0.000,0.000,0.000,0,0,0,0,0,0,0,0,0,0,0,0,0,0,0,0,0,0
10321,344.0,2504,31,22,143,2361,0,0,82,208.40,1.423,1.742,0.657,0.069,0.088,-0.954,1.849,0.4841,2.5641,0.684,0.007,0.003,0.129,0.163,19,309,46,0,24,0,91036.70,2284.921,40906.987,15.959,1382.406,5.215,31221.925,12196.074,130.832,12206.251,9765.001,1623.384,43.997,253.997,0.000171,0.027418,259,0,40,6,46,40,8217,0,6,15.619,0,0,0,0,0,0,0,0,0,0,0,0,0,0,72854,1718,259,44270.694,40902.094,1382.406,0.341,15.619,30482.248,11954.344,201.856,244,373,309,40,24,77076,0,0,0,0.000,0.000,0.000,0.000,0.000,0.000,0.000,0.000,0,0,0,0,0,0,0,0,0,0.000,0.000,0.000,0.000,0.000,0.000,0.000,0.000,0,0,0,0,0,0,0,0,0,0.000,0.000,0.000,0.000,0.000,0.000,0.000,0.000,0,0,0,0,0,0,0,0,0,0.000,0.000,0.000,0.000,0.000,0.000,0.000,0.000,0,0,0,0,0,0,0,0,0,0.000,0.000,0.000,0.000,0.000,0.000,0.000,0.000,0,0,0,0,0,0,0,0,0,0,0,0,0,0,0,0,0,0
10351,345.0,2373,28,28,143,2230,0,0,75,222.93,1.422,1.738,0.653,0.070,0.090,-0.955,1.853,0.4797,2.5576,0.656,0.007,0.003,0.130,0.163,27,306,25,0,26,0,86348.41,2140.804,37930.619,7.875,1224.485,5.374,29811.503,11410.458,111.945,11162.235,8929.788,991.204,54.866,155.161,0.000193,0.025789,225,0,22,3,25,22,7604,0,3,7.666,0,0,0,0,0,0,0,0,0,0,0,0,0,0,69167,1593,225,40983.916,37925.726,1224.485,0.209,7.666,29079.596,11190.348,180.023,223,354,306,22,26,72987,0,0,0,0.000,0.000,0.000,0.000,0.000,0.000,0.000,0.000,0,0,0,0,0,0,0,0,0,0.000,0.000,0.000,0.000,0.000,0.000,0.000,0.000,0,0,0,0,0,0,0,0,0,0.000,0.000,0.000,0.000,0.000,0.000,0.000,0.000,0,0,0,0,0,0,0,0,0,0.000,0.000,0.000,0.000,0.000,0.000,0.000,0.000,0,0,0,0,0,0,0,0,0,0.000,0.000,0.000,0.000,0.000,0.000,0.000,0.000,0,0,0,0,0,0,0,0,0,0,0,0,0,0,0,0,0,0
10381,346.0,2263,21,28,146,2117,0,0,66,202.54,1.418,1.732,0.647,0.072,0.094,-0.955,1.853,0.4783,2.5295,0.651,0.007,0.003,0.130,0.162,20,274,21,0,27,0,81157.20,2041.445,34723.707,5.620,1296.204,6.140,28250.594,10745.411,101.093,10344.414,8275.532,651.230,12.733,132.029,0.000141,0.024810,255,0,18,3,21,18,7255,7,3,5.443,0,0,0,0,0,0,0,0,0,0,0,0,0,0,65185,1456,248,37711.842,34718.718,1290.993,0.176,5.443,27516.046,10543.378,161.128,206,319,274,18,27,67403,0,0,0,0.000,0.000,0.000,0.000,0.000,0.000,0.000,0.000,0,0,0,0,0,0,0,0,0,0.000,0.000,0.000,0.000,0.000,0.000,0.000,0.000,0,0,0,0,0,0,0,0,0,0.000,0.000,0.000,0.000,0.000,0.000,0.000,0.000,0,0,0,0,0,0,0,0,0,0.000,0.000,0.000,0.000,0.000,0.000,0.000,0.000,0,0,0,0,0,0,0,0,0,0.000,0.000,0.000,0.000,0.000,0.000,0.000,0.000,0,0,0,0,0,0,0,0,0,0,0,0,0,0,0,0,0,0
10411,347.0,2136,29,28,149,1987,0,0,64,257.11,1.412,1.727,0.642,0.074,0.099,-0.956,1.854,0.4776,2.5645,0.680,0.007,0.002,0.131,0.160,25,283,18,0,20,0,76645.17,1997.001,33024.691,0.089,1101.051,5.574,26964.678,10005.294,93.845,9584.931,7667.945,447.316,0.000,105.691,0.000135,0.025291,216,0,18,0,18,18,7057,0,0,0.000,0,0,0,0,0,0,0,0,0,0,0,0,0,0,62075,1383,216,35703.805,33019.618,1101.051,0.089,0.000,26213.358,9818.334,146.101,191,321,283,18,20,82706,0,0,0,0.000,0.000,0.000,0.000,0.000,0.000,0.000,0.000,0,0,0,0,0,0,0,0,0,0.000,0.000,0.000,0.000,0.000,0.000,0.000,0.000,0,0,0,0,0,0,0,0,0,0.000,0.000,0.000,0.000,0.000,0.000,0.000,0.000,0,0,0,0,0,0,0,0,0,0.000,0.000,0.000,0.000,0.000,0.000,0.000,0.000,0,0,0,0,0,0,0,0,0,0.000,0.000,0.000,0.000,0.000,0.000,0.000,0.000,0,0,0,0,0,0,0,0,0,0,0,0,0,0,0,0,0,0
10441,348.0,2045,28,28,150,1895,0,0,56,274.06,1.408,1.722,0.636,0.073,0.102,-0.956,1.856,0.4773,2.5324,0.688,0.000,0.002,0.131,0.160,22,261,13,0,19,0,71446.98,1937.170,30444.128,0.720,1001.664,6.143,25427.409,9393.207,87.363,9975.147,7980.117,564.108,8.673,104.428,0.000231,0.026341,205,0,12,1,13,12,6754,0,1,0.622,0,0,0,0,0,0,0,0,0,0,0,0,0,0,58423,1273,205,32835.338,30439.235,1001.664,0.098,0.622,24658.745,9222.532,128.759,199,291,260,12,19,75779,0,0,0,0.000,0.000,0.000,0.000,0.000,0.000,0.000,0.000,0,0,0,0,0,0,0,0,0,0.000,0.000,0.000,0.000,0.000,0.000,0.000,0.000,0,0,0,0,0,0,0,0,0,0.000,0.000,0.000,0.000,0.000,0.000,0.000,0.000,0,0,0,0,0,0,0,0,0,0.000,0.000,0.000,0.000,0.000,0.000,0.000,0.000,0,0,0,0,0,0,0,0,0,0.000,0.000,0.000,0.000,0.000,0.000,0.000,0.000,0,0,0,0,0,0,0,0,0,0,0,0,0,0,0,0,0,0
10471,349.0,1916,21,28,150,1766,0,0,51,247.95,1.401,1.717,0.635,0.074,0.106,-0.956,1.856,0.4733,2.4712,0.694,0.000,0.002,0.131,0.159,22,252,14,0,12,0,67155.73,1793.010,28569.076,5.078,798.816,4.844,23904.958,8690.000,75.455,7375.231,5900.185,404.233,26.534,82.188,0.000137,0.025624,157,0,12,2,14,12,6181,0,2,4.946,0,0,0,0,0,0,0,0,0,0,0,0,0,0,54803,1195,157,30672.709,28569.076,798.816,0.132,4.946,23136.964,8541.391,108.188,147,276,252,12,12,70962,0,0,0,0.000,0.000,0.000,0.000,0.000,0.000,0.000,0.000,0,0,0,0,0,0,0,0,0,0.000,0.000,0.000,0.000,0.000,0.000,0.000,0.000,0,0,0,0,0,0,0,0,0,0.000,0.000,0.000,0.000,0.000,0.000,0.000,0.000,0,0,0,0,0,0,0,0,0,0.000,0.000,0.000,0.000,0.000,0.000,0.000,0.000,0,0,0,0,0,0,0,0,0,0.000,0.000,0.000,0.000,0.000,0.000,0.000,0.000,0,0,0,0,0,0,0,0,0,0,0,0,0,0,0,0,0,0
10501,350.0,1776,17,22,151,1625,0,0,41,258.24,1.395,1.707,0.632,0.073,0.111,-0.957,1.859,0.4874,2.4047,0.665,0.000,0.002,0.132,0.157,29,245,10,0,13,0,61936.16,1675.139,24965.597,4.079,802.985,6.127,22288.007,7884.476,60.650,6294.862,5035.889,232.781,73.155,66.343,0.000161,0.025002,155,0,8,2,10,8,5710,5,2,4.015,0,0,0,0,0,0,0,0,0,0,0,0,0,0,50807,1040,150,26833.334,24965.597,797.143,0.064,4.015,21506.622,7755.955,88.744,125,266,245,8,13,71199,0,0,0,0.000,0.000,0.000,0.000,0.000,0.000,0.000,0.000,0,0,0,0,0,0,0,0,0,0.000,0.000,0.000,0.000,0.000,0.000,0.000,0.000,0,0,0,0,0,0,0,0,0,0.000,0.000,0.000,0.000,0.000,0.000,0.000,0.000,0,0,0,0,0,0,0,0,0,0.000,0.000,0.000,0.000,0.000,0.000,0.000,0.000,0,0,0,0,0,0,0,0,0,0.000,0.000,0.000,0.000,0.000,0.000,0.000,0.000,0,0,0,0,0,0,0,0,0,0,0,0,0,0,0,0,0,0
10531,351.0,1655,27,22,149,1506,0,0,35,320.92,1.391,1.702,0.624,0.072,0.116,-0.959,1.863,0.4915,2.4818,0.692,0.000,0.003,0.132,0.158,22,226,8,0,10,0,56930.55,1623.926,22977.440,4.309,878.831,5.511,20764.353,7213.903,47.653,6092.964,4874.371,297.939,5.640,63.201,0.000108,0.025097,171,0,7,1,8,7,5515,0,1,4.235,0,0,0,0,0,0,0,0,0,0,0,0,0,0,47140,959,171,24871.804,22977.440,878.831,0.074,4.235,19983.383,7100.123,74.617,122,241,224,7,10,74879,0,0,0,0.000,0.000,0.000,0.000,0.000,0.000,0.000,0.000,0,0,0,0,0,0,0,0,0,0.000,0.000,0.000,0.000,0.000,0.000,0.000,0.000,0,0,0,0,0,0,0,0,0,0.000,0.000,0.000,0.000,0.000,0.000,0.000,0.000,0,0,0,0,0,0,0,0,0,0.000,0.000,0.000,0.000,0.000,0.000,0.000,0.000,0,0,0,0,0,0,0,0,0,0.000,0.000,0.000,0.000,0.000,0.000,0.000,0.000,0,0,0,0,0,0,0,0,0,0,0,0,0,0,0,0,0,0
10561,352.0,1559,24,22,147,1412,0,0,29,309.51,1.385,1.699,0.611,0.072,0.119,-0.958,1.866,0.4779,2.4011,0.675,0.000,0.006,0.133,0.157,22,183,5,0,8,0,54153.89,1552.219,22839.704,0.973,690.279,5.943,19268.502,6644.331,41.139,4913.381,3930.705,141.841,45.598,45.471,0.000114,0.025365,144,0,4,1,5,4,5289,0,1,0.925,0,0,0,0,0,0,0,0,0,0,0,0,0,0,43628,953,144,24487.175,22833.315,690.279,0.048,0.925,18490.414,6538.814,67.507,100,194,182,4,8,58251,0,0,0,0.000,0.000,0.000,0.000,0.000,0.000,0.000,0.000,0,0,0,0,0,0,0,0,0,0.000,0.000,0.000,0.000,0.000,0.000,0.000,0.000,0,0,0,0,0,0,0,0,0,0.000,0.000,0.000,0.000,0.000,0.000,0.000,0.000,0,0,0,0,0,0,0,0,0,0.000,0.000,0.000,0.000,0.000,0.000,0.000,0.000,0,0,0,0,0,0,0,0,0,0.000,0.000,0.000,0.000,0.000,0.000,0.000,0.000,0,0,0,0,0,0,0,0,0,0,0,0,0,0,0,0,0,0
10591,353.0,1448,27,22,143,1305,0,0,26,316.99,1.382,1.694,0.609,0.071,0.123,-0.960,1.869,0.4742,2.3989,0.702,0.000,0.004,0.133,0.155,29,209,8,0,4,0,50003.26,1469.595,19914.095,4.999,686.645,9.114,18125.244,6171.544,35.781,5456.890,4365.512,56.336,17.811,41.223,0.000150,0.025688,137,0,6,2,8,6,5009,1,2,4.992,0,0,0,0,0,0,0,0,0,0,0,0,0,0,40924,832,136,21447.894,19914.095,685.030,0.007,4.992,17376.358,6072.703,61.813,109,216,206,6,4,64547,0,0,0,0.000,0.000,0.000,0.000,0.000,0.000,0.000,0.000,0,0,0,0,0,0,0,0,0,0.000,0.000,0.000,0.000,0.000,0.000,0.000,0.000,0,0,0,0,0,0,0,0,0,0.000,0.000,0.000,0.000,0.000,0.000,0.000,0.000,0,0,0,0,0,0,0,0,0,0.000,0.000,0.000,0.000,0.000,0.000,0.000,0.000,0,0,0,0,0,0,0,0,0,0.000,0.000,0.000,0.000,0.000,0.000,0.000,0.000,0,0,0,0,0,0,0,0,0,0,0,0,0,0,0,0,0,0
10621,354.0,1361,32,22,141,1220,0,0,23,309.52,1.376,1.691,0.607,0.070,0.127,-0.960,1.884,0.4847,2.4461,0.691,0.007,0.003,0.133,0.153,34,170,7,0,5,0,45698.60,1427.431,18001.288,6.120,527.682,9.812,16857.687,5664.757,32.380,4648.512,3718.810,162.620,56.333,36.023,0.000109,0.025604,115,0,5,2,7,5,4866,1,2,6.104,0,0,0,0,0,0,0,0,0,0,0,0,0,0,37908,752,114,19328.491,18001.288,526.979,0.015,6.104,16120.311,5569.345,58.469,92,177,167,5,5,51921,0,0,0,0.000,0.000,0.000,0.000,0.000,0.000,0.000,0.000,0,0,0,0,0,0,0,0,0,0.000,0.000,0.000,0.000,0.000,0.000,0.000,0.000,0,0,0,0,0,0,0,0,0,0.000,0.000,0.000,0.000,0.000,0.000,0.000,0.000,0,0,0,0,0,0,0,0,0,0.000,0.000,0.000,0.000,0.000,0.000,0.000,0.000,0,0,0,0,0,0,0,0,0,0.000,0.000,0.000,0.000,0.000,0.000,0.000,0.000,0,0,0,0,0,0,0,0,0,0,0,0,0,0,0,0,0,0
10651,355.0,1254,26,21,137,1117,0,0,17,336.08,1.367,1.687,0.599,0.066,0.132,-0.960,1.884,0.4944,2.4450,0.691,0.000,0.005,0.133,0.150,27,165,7,0,4,0,41979.13,1366.636,16854.807,2.097,622.411,8.285,15709.614,5239.070,24.749,3337.836,2670.269,220.853,36.742,44.413,0.000126,0.025182,135,0,4,3,7,4,4646,0,3,2.066,0,0,0,0,0,0,0,0,0,0,0,0,0,0,35232,702,135,18196.342,16854.807,622.411,0.031,2.066,14999.896,5156.034,46.898,66,169,162,4,3,54846,0,0,0,0.000,0.000,0.000,0.000,0.000,0.000,0.000,0.000,0,0,0,0,0,0,0,0,0,0.000,0.000,0.000,0.000,0.000,0.000,0.000,0.000,0,0,0,0,0,0,0,0,0,0.000,0.000,0.000,0.000,0.000,0.000,0.000,0.000,0,0,0,0,0,0,0,0,0,0.000,0.000,0.000,0.000,0.000,0.000,0.000,0.000,0,0,0,0,0,0,0,0,0,0.000,0.000,0.000,0.000,0.000,0.000,0.000,0.000,0,0,0,0,0,0,0,0,0,0,0,0,0,0,0,0,0,0
10681,356.0,1158,27,21,139,1019,0,0,12,332.56,1.351,1.676,0.592,0.067,0.142,-0.960,1.888,0.4797,2.4742,0.701,0.000,0.005,0.134,0.145,27,174,1,0,6,0,39253.40,1313.391,15969.576,0.001,520.961,9.839,14299.415,4825.425,19.757,4114.271,3291.416,-42.331,62.798,20.776,0.000089,0.025153,122,0,1,0,1,1,4542,0,0,0.000,0,0,0,0,0,0,0,0,0,0,0,0,0,0,32054,668,122,17205.828,15969.576,520.961,0.001,0.000,13605.625,4751.199,38.368,82,180,173,1,6,60140,0,0,0,0.000,0.000,0.000,0.000,0.000,0.000,0.000,0.000,0,0,0,0,0,0,0,0,0,0.000,0.000,0.000,0.000,0.000,0.000,0.000,0.000,0,0,0,0,0,0,0,0,0,0.000,0.000,0.000,0.000,0.000,0.000,0.000,0.000,0,0,0,0,0,0,0,0,0,0.000,0.000,0.000,0.000,0.000,0.000,0.000,0.000,0,0,0,0,0,0,0,0,0,0.000,0.000,0.000,0.000,0.000,0.000,0.000,0.000,0,0,0,0,0,0,0,0,0,0,0,0,0,0,0,0,0,0
10711,357.0,1057,40,21,137,920,0,0,12,378.78,1.339,1.665,0.594,0.068,0.150,-0.961,1.890,0.4965,2.4457,0.713,0.000,0.004,0.134,0.141,26,149,1,0,1,0,36552.62,1378.302,13834.011,0.003,415.504,9.264,13026.401,4356.803,15.039,2483.628,1986.902,-14.400,7.382,25.149,0.000122,0.025189,83,0,1,0,1,1,4433,1,0,0.000,0,0,0,0,0,0,0,0,0,0,0,0,0,0,29104,578,82,14884.706,13834.011,414.021,0.003,0.000,12327.643,4283.350,37.028,49,148,146,1,1,54698,0,0,0,0.000,0.000,0.000,0.000,0.000,0.000,0.000,0.000,0,0,0,0,0,0,0,0,0,0.000,0.000,0.000,0.000,0.000,0.000,0.000,0.000,0,0,0,0,0,0,0,0,0,0.000,0.000,0.000,0.000,0.000,0.000,0.000,0.000,0,0,0,0,0,0,0,0,0,0.000,0.000,0.000,0.000,0.000,0.000,0.000,0.000,0,0,0,0,0,0,0,0,0,0.000,0.000,0.000,0.000,0.000,0.000,0.000,0.000,0,0,0,0,0,0,0,0,0,0,0,0,0,0,0,0,0,0
10741,358.0,1013,38,21,135,878,0,0,12,387.23,1.335,1.662,0.592,0.067,0.154,-0.960,1.899,0.4883,2.3460,0.716,0.015,0.003,0.134,0.141,27,115,2,0,1,0,34480.77,1353.986,13525.298,0.009,576.474,8.629,12122.925,3973.527,14.181,3622.912,2898.330,51.146,33.701,31.076,0.000112,0.025711,100,0,2,0,2,2,4263,0,0,0.000,0,0,0,0,0,0,0,0,0,0,0,0,0,0,27017,565,100,14705.024,13525.298,576.474,0.009,0.000,11448.136,3904.834,32.235,73,115,112,2,1,40401,0,0,0,0.000,0.000,0.000,0.000,0.000,0.000,0.000,0.000,0,0,0,0,0,0,0,0,0,0.000,0.000,0.000,0.000,0.000,0.000,0.000,0.000,0,0,0,0,0,0,0,0,0,0.000,0.000,0.000,0.000,0.000,0.000,0.000,0.000,0,0,0,0,0,0,0,0,0,0.000,0.000,0.000,0.000,0.000,0.000,0.000,0.000,0,0,0,0,0,0,0,0,0,0.000,0.000,0.000,0.000,0.000,0.000,0.000,0.000,0,0,0,0,0,0,0,0,0,0,0,0,0,0,0,0,0,0
10771,359.0,948,27,21,138,810,0,0,12,364.15,1.322,1.646,0.594,0.065,0.165,-0.959,1.896,0.5019,2.3816,0.720,0.007,0.005,0.135,0.137,31,125,3,0,1,0,32782.48,1388.530,12824.225,0.002,588.659,8.998,11438.103,3726.941,15.915,3075.450,2460.360,78.747,0.000,36.260,0.000117,0.026542,102,0,3,0,3,3,4139,0,0,0.000,0,0,0,0,0,0,0,0,0,0,0,0,0,0,25296,538,102,14009.638,12812.849,588.659,0.002,0.000,10755.324,3662.837,25.476,61,129,125,3,1,46739,0,0,0,0.000,0.000,0.000,0.000,0.000,0.000,0.000,0.000,0,0,0,0,0,0,0,0,0,0.000,0.000,0.000,0.000,0.000,0.000,0.000,0.000,0,0,0,0,0,0,0,0,0,0.000,0.000,0.000,0.000,0.000,0.000,0.000,0.000,0,0,0,0,0,0,0,0,0,0.000,0.000,0.000,0.000,0.000,0.000,0.000,0.000,0,0,0,0,0,0,0,0,0,0.000,0.000,0.000,0.000,0.000,0.000,0.000,0.000,0,0,0,0,0,0,0,0,0,0,0,0,0,0,0,0,0,0
10801,360.0,899,34,21,138,761,0,0,9,378.92,1.307,1.639,0.594,0.065,0.172,-0.960,1.896,0.5102,2.3718,0.704,0.000,0.004,0.135,0.133,27,97,2,0,3,0,31811.00,1439.528,12154.494,0.007,545.756,10.553,10583.609,3400.887,13.883,2555.254,2044.203,15.926,12.011,28.141,0.000103,0.026443,99,0,2,0,2,2,3955,0,0,0.000,0,0,0,0,0,0,0,0,0,0,0,0,0,0,23374,508,99,13216.070,12144.272,545.756,0.007,0.000,9888.818,3343.602,17.113,53,102,97,2,3,40699,0,0,0,0.000,0.000,0.000,0.000,0.000,0.000,0.000,0.000,0,0,0,0,0,0,0,0,0,0.000,0.000,0.000,0.000,0.000,0.000,0.000,0.000,0,0,0,0,0,0,0,0,0,0.000,0.000,0.000,0.000,0.000,0.000,0.000,0.000,0,0,0,0,0,0,0,0,0,0.000,0.000,0.000,0.000,0.000,0.000,0.000,0.000,0,0,0,0,0,0,0,0,0,0.000,0.000,0.000,0.000,0.000,0.000,0.000,0.000,0,0,0,0,0,0,0,0,0,0,0,0,0,0,0,0,0,0
10831,361.0,892,34,21,138,754,0,0,11,405.64,1.304,1.638,0.582,0.066,0.174,-0.961,1.899,0.4982,2.3588,0.705,0.022,0.004,0.135,0.133,24,84,2,0,1,0,31842.79,1467.728,13031.994,0.007,313.268,8.255,10212.976,3309.584,12.661,3885.776,3108.621,44.720,84.017,26.820,0.000092,0.027178,66,0,2,0,2,2,3900,9,0,0.000,0,0,0,0,0,0,0,0,0,0,0,0,0,0,22619,544,57,13859.029,13031.994,298.939,0.007,0.000,9510.098,3252.700,16.413,79,86,83,2,1,34519,0,0,0,0.000,0.000,0.000,0.000,0.000,0.000,0.000,0.000,0,0,0,0,0,0,0,0,0,0.000,0.000,0.000,0.000,0.000,0.000,0.000,0.000,0,0,0,0,0,0,0,0,0,0.000,0.000,0.000,0.000,0.000,0.000,0.000,0.000,0,0,0,0,0,0,0,0,0,0.000,0.000,0.000,0.000,0.000,0.000,0.000,0.000,0,0,0,0,0,0,0,0,0,0.000,0.000,0.000,0.000,0.000,0.000,0.000,0.000,0,0,0,0,0,0,0,0,0,0,0,0,0,0,0,0,0,0
10861,362.0,887,31,21,142,745,0,0,8,387.85,1.295,1.637,0.580,0.068,0.178,-0.959,1.898,0.5047,2.3933,0.687,0.035,0.004,0.135,0.132,29,83,1,0,3,0,31998.50,1512.201,13072.631,0.005,726.869,9.753,10144.168,3342.419,11.918,3883.165,3106.532,26.262,94.453,33.275,0.000106,0.028284,99,0,1,0,1,1,3929,1,0,0.000,0,0,0,0,0,0,0,0,0,0,0,0,0,0,22557,547,98,14393.200,13067.738,725.851,0.005,0.000,9434.344,3282.445,18.065,77,86,82,1,3,31420,0,0,0,0.000,0.000,0.000,0.000,0.000,0.000,0.000,0.000,0,0,0,0,0,0,0,0,0,0.000,0.000,0.000,0.000,0.000,0.000,0.000,0.000,0,0,0,0,0,0,0,0,0,0.000,0.000,0.000,0.000,0.000,0.000,0.000,0.000,0,0,0,0,0,0,0,0,0,0.000,0.000,0.000,0.000,0.000,0.000,0.000,0.000,0,0,0,0,0,0,0,0,0,0.000,0.000,0.000,0.000,0.000,0.000,0.000,0.000,0,0,0,0,0,0,0,0,0,0,0,0,0,0,0,0,0,0
10891,363.0,897,37,21,146,751,0,0,6,384.42,1.289,1.636,0.567,0.071,0.180,-0.960,1.896,0.4944,2.3699,0.696,0.014,0.004,0.135,0.131,28,70,1,0,1,0,32587.33,1576.133,13352.886,0.001,683.142,10.226,10096.553,3374.799,11.045,3947.669,3158.135,-12.355,48.496,32.124,0.000100,0.029214,113,0,1,0,1,1,4015,1,0,0.000,0,0,0,0,0,0,0,0,0,0,0,0,0,0,22459,560,112,14677.355,13352.886,681.906,0.001,0.000,9358.218,3317.733,14.283,78,72,70,1,1,25893,0,0,0,0.000,0.000,0.000,0.000,0.000,0.000,0.000,0.000,0,0,0,0,0,0,0,0,0,0.000,0.000,0.000,0.000,0.000,0.000,0.000,0.000,0,0,0,0,0,0,0,0,0,0.000,0.000,0.000,0.000,0.000,0.000,0.000,0.000,0,0,0,0,0,0,0,0,0,0.000,0.000,0.000,0.000,0.000,0.000,0.000,0.000,0,0,0,0,0,0,0,0,0,0.000,0.000,0.000,0.000,0.000,0.000,0.000,0.000,0,0,0,0,0,0,0,0,0,0,0,0,0,0,0,0,0,0
10921,364.0,917,37,21,153,764,0,0,6,347.25,1.284,1.632,0.558,0.068,0.184,-0.960,1.893,0.4941,2.4050,0.670,0.020,0.004,0.135,0.130,34,74,1,0,1,0,33583.51,1613.966,13929.477,0.007,512.910,9.203,10142.966,3414.737,9.214,4510.214,3608.171,44.217,11.329,22.764,0.000084,0.029668,86,0,1,0,1,1,4075,0,0,0.000,0,0,0,0,0,0,0,0,0,0,0,0,0,0,22676,585,86,15066.018,13929.477,512.910,0.007,0.000,9388.121,3359.193,12.368,88,75,73,1,1,23950,0,0,0,0.000,0.000,0.000,0.000,0.000,0.000,0.000,0.000,0,0,0,0,0,0,0,0,0,0.000,0.000,0.000,0.000,0.000,0.000,0.000,0.000,0,0,0,0,0,0,0,0,0,0.000,0.000,0.000,0.000,0.000,0.000,0.000,0.000,0,0,0,0,0,0,0,0,0,0.000,0.000,0.000,0.000,0.000,0.000,0.000,0.000,0,0,0,0,0,0,0,0,0,0.000,0.000,0.000,0.000,0.000,0.000,0.000,0.000,0,0,0,0,0,0,0,0,0,0,0,0,0,0,0,0,0,0
10951,365.0,952,48,19,163,789,0,0,6,345.79,1.280,1.628,0.557,0.068,0.188,-0.958,1.898,0.5020,2.5121,0.653,0.025,0.005,0.134,0.129,44,77,2,0,1,0,35482.29,1701.804,15338.516,0.000,596.937,10.403,10421.243,3554.686,9.515,5440.291,4352.233,32.589,5.567,29.881,0.000095,0.029449,97,0,2,0,2,2,4120,3,0,0.000,0,0,0,0,0,0,0,0,0,0,0,0,0,0,23290,643,94,16638.371,15338.516,593.651,0.000,0.000,9622.701,3492.339,15.213,105,80,77,2,1,29218,0,0,0,0.000,0.000,0.000,0.000,0.000,0.000,0.000,0.000,0,0,0,0,0,0,0,0,0,0.000,0.000,0.000,0.000,0.000,0.000,0.000,0.000,0,0,0,0,0,0,0,0,0,0.000,0.000,0.000,0.000,0.000,0.000,0.000,0.000,0,0,0,0,0,0,0,0,0,0.000,0.000,0.000,0.000,0.000,0.000,0.000,0.000,0,0,0,0,0,0,0,0,0,0.000,0.000,0.000,0.000,0.000,0.000,0.000,0.000,0,0,0,0,0,0,0,0,0,0,0,0,0,0,0,0,0,0
10981,366.0,1025,45,19,171,854,0,0,8,350.38,1.285,1.635,0.552,0.068,0.184,-0.958,1.896,0.4968,2.4796,0.648,0.035,0.006,0.134,0.132,42,49,5,0,0,0,39362.34,1866.152,18370.353,0.023,583.334,14.876,10957.075,3884.508,10.163,6033.617,4826.894,213.438,36.676,47.899,0.000143,0.028751,88,0,5,0,5,5,4253,0,0,0.000,0,0,0,0,0,0,0,0,0,0,0,0,0,0,24539,773,88,19825.862,18365.073,583.334,0.023,0.000,10121.155,3817.018,17.382,119,54,49,5,0,18081,0,0,0,0.000,0.000,0.000,0.000,0.000,0.000,0.000,0.000,0,0,0,0,0,0,0,0,0,0.000,0.000,0.000,0.000,0.000,0.000,0.000,0.000,0,0,0,0,0,0,0,0,0,0.000,0.000,0.000,0.000,0.000,0.000,0.000,0.000,0,0,0,0,0,0,0,0,0,0.000,0.000,0.000,0.000,0.000,0.000,0.000,0.000,0,0,0,0,0,0,0,0,0,0.000,0.000,0.000,0.000,0.000,0.000,0.000,0.000,0,0,0,0,0,0,0,0,0,0,0,0,0,0,0,0,0,0
11011,367.0,1098,32,19,176,922,0,0,11,314.58,1.292,1.647,0.544,0.072,0.178,-0.957,1.895,0.4925,2.5380,0.655,0.028,0.004,0.133,0.134,36,64,5,0,0,0,41212.04,1962.731,17567.291,0.034,902.463,10.200,11783.903,4203.619,13.194,6845.804,5476.643,175.940,73.817,60.712,0.000140,0.028056,134,0,5,0,5,5,4581,4,0,0.000,0,0,0,0,0,0,0,0,0,0,0,0,0,0,26548,737,130,19331.949,17557.527,891.185,0.034,0.000,10910.659,4124.884,26.403,137,69,64,5,0,16427,0,0,0,0.000,0.000,0.000,0.000,0.000,0.000,0.000,0.000,0,0,0,0,0,0,0,0,0,0.000,0.000,0.000,0.000,0.000,0.000,0.000,0.000,0,0,0,0,0,0,0,0,0,0.000,0.000,0.000,0.000,0.000,0.000,0.000,0.000,0,0,0,0,0,0,0,0,0,0.000,0.000,0.000,0.000,0.000,0.000,0.000,0.000,0,0,0,0,0,0,0,0,0,0.000,0.000,0.000,0.000,0.000,0.000,0.000,0.000,0,0,0,0,0,0,0,0,0,0,0,0,0,0,0,0,0,0
11041,368.0,1156,29,19,183,973,0,0,12,267.33,1.290,1.650,0.538,0.072,0.177,-0.957,1.896,0.4991,2.4635,0.651,0.016,0.004,0.134,0.134,34,82,4,0,2,0,44727.67,2183.277,20119.875,0.046,985.495,12.849,12542.070,4556.850,15.466,6925.189,5540.151,185.083,34.251,68.816,0.000138,0.028502,155,0,4,0,4,4,4994,0,0,0.000,0,0,0,0,0,0,0,0,0,0,0,0,0,0,28397,840,155,21995.842,20119.875,985.495,0.046,0.000,11639.182,4473.073,30.580,139,88,82,4,2,22148,0,0,0,0.000,0.000,0.000,0.000,0.000,0.000,0.000,0.000,0,0,0,0,0,0,0,0,0,0.000,0.000,0.000,0.000,0.000,0.000,0.000,0.000,0,0,0,0,0,0,0,0,0,0.000,0.000,0.000,0.000,0.000,0.000,0.000,0.000,0,0,0,0,0,0,0,0,0,0.000,0.000,0.000,0.000,0.000,0.000,0.000,0.000,0,0,0,0,0,0,0,0,0,0.000,0.000,0.000,0.000,0.000,0.000,0.000,0.000,0,0,0,0,0,0,0,0,0,0,0,0,0,0,0,0,0,0
11071,369.0,1265,47,19,187,1078,0,0,13,259.14,1.298,1.668,0.530,0.073,0.168,-0.957,1.896,0.5056,2.6368,0.672,0.027,0.005,0.134,0.140,48,60,14,0,3,0,49202.09,2402.341,23075.799,3.353,1040.121,14.020,13430.515,5148.284,21.028,8952.204,7161.763,506.536,11.487,98.783,0.000177,0.030525,172,0,13,1,14,13,5189,1,1,3.301,0,0,0,0,0,0,0,0,0,0,0,0,0,0,30724,966,171,25213.728,23070.810,1038.411,0.052,3.301,12494.065,5054.396,38.761,181,76,60,13,3,21336,0,0,0,0.000,0.000,0.000,0.000,0.000,0.000,0.000,0.000,0,0,0,0,0,0,0,0,0,0.000,0.000,0.000,0.000,0.000,0.000,0.000,0.000,0,0,0,0,0,0,0,0,0,0.000,0.000,0.000,0.000,0.000,0.000,0.000,0.000,0,0,0,0,0,0,0,0,0,0.000,0.000,0.000,0.000,0.000,0.000,0.000,0.000,0,0,0,0,0,0,0,0,0,0.000,0.000,0.000,0.000,0.000,0.000,0.000,0.000,0,0,0,0,0,0,0,0,0,0,0,0,0,0,0,0,0,0
11101,370.0,1363,44,20,197,1166,0,0,16,263.82,1.302,1.676,0.523,0.075,0.165,-0.957,1.903,0.5032,2.6325,0.664,0.015,0.004,0.133,0.142,42,75,6,0,3,0,52309.19,2585.621,22693.128,6.481,1267.835,8.849,14623.465,5467.117,23.263,8635.748,6908.598,192.815,69.096,75.231,0.000166,0.031269,190,0,4,2,6,4,5341,0,2,6.458,0,0,0,0,0,0,0,0,0,0,0,0,0,0,33678,950,190,25026.318,22678.562,1267.835,0.023,6.458,13663.757,5373.656,36.909,169,81,75,4,2,18412,0,0,0,0.000,0.000,0.000,0.000,0.000,0.000,0.000,0.000,0,0,0,0,0,0,0,0,0,0.000,0.000,0.000,0.000,0.000,0.000,0.000,0.000,0,0,0,0,0,0,0,0,0,0.000,0.000,0.000,0.000,0.000,0.000,0.000,0.000,0,0,0,0,0,0,0,0,0,0.000,0.000,0.000,0.000,0.000,0.000,0.000,0.000,0,0,0,0,0,0,0,0,0,0.000,0.000,0.000,0.000,0.000,0.000,0.000,0.000,0,0,0,0,0,0,0,0,0,0,0,0,0,0,0,0,0,0
11131,371.0,1482,38,20,210,1272,0,0,18,251.74,1.305,1.679,0.519,0.073,0.164,-0.957,1.915,0.5127,2.6452,0.654,0.033,0.003,0.133,0.144,32,82,11,0,3,0,56874.86,2843.719,26255.066,2.499,1093.001,11.776,15865.192,6095.218,28.844,10210.750,8168.600,312.689,105.146,86.372,0.000110,0.032044,185,0,10,1,11,10,5554,0,1,2.466,0,0,0,0,0,0,0,0,0,0,0,0,0,0,36595,1098,185,28563.560,26248.901,1093.001,0.034,2.466,14841.463,5991.378,42.143,200,94,82,10,2,20302,0,0,0,0.000,0.000,0.000,0.000,0.000,0.000,0.000,0.000,0,0,0,0,0,0,0,0,0,0.000,0.000,0.000,0.000,0.000,0.000,0.000,0.000,0,0,0,0,0,0,0,0,0,0.000,0.000,0.000,0.000,0.000,0.000,0.000,0.000,0,0,0,0,0,0,0,0,0,0.000,0.000,0.000,0.000,0.000,0.000,0.000,0.000,0,0,0,0,0,0,0,0,0,0.000,0.000,0.000,0.000,0.000,0.000,0.000,0.000,0,0,0,0,0,0,0,0,0,0,0,0,0,0,0,0,0,0
11161,372.0,1591,48,20,221,1370,0,0,23,224.15,1.306,1.684,0.515,0.074,0.161,-0.957,1.926,0.5129,2.6748,0.618,0.018,0.003,0.133,0.145,35,100,22,0,1,0,60864.66,3070.789,27794.914,2.029,1374.961,9.242,17053.391,6589.438,32.898,11020.563,8816.451,792.786,48.167,157.139,0.000109,0.032316,220,0,21,1,22,21,5904,15,1,1.989,0,0,0,0,0,0,0,0,0,0,0,0,0,0,39585,1164,205,30407.105,27784.852,1355.556,0.041,1.989,15975.911,6478.979,43.820,220,122,100,21,1,26290,0,0,0,0.000,0.000,0.000,0.000,0.000,0.000,0.000,0.000,0,0,0,0,0,0,0,0,0,0.000,0.000,0.000,0.000,0.000,0.000,0.000,0.000,0,0,0,0,0,0,0,0,0,0.000,0.000,0.000,0.000,0.000,0.000,0.000,0.000,0,0,0,0,0,0,0,0,0,0.000,0.000,0.000,0.000,0.000,0.000,0.000,0.000,0,0,0,0,0,0,0,0,0,0.000,0.000,0.000,0.000,0.000,0.000,0.000,0.000,0,0,0,0,0,0,0,0,0,0,0,0,0,0,0,0,0,0
11191,373.0,1753,47,20,239,1514,0,0,26,198.46,1.311,1.686,0.518,0.074,0.159,-0.958,1.938,0.5098,2.6179,0.595,0.008,0.003,0.133,0.149,40,87,22,0,3,0,65923.26,3360.945,31268.589,2.712,1698.806,10.223,18677.739,7320.309,36.865,12993.355,10394.684,789.714,0.000,150.353,0.000108,0.032543,270,0,21,1,22,21,6296,10,1,2.561,0,0,0,0,0,0,0,0,0,0,0,0,0,0,43515,1312,260,34408.508,31268.589,1688.731,0.151,2.561,17541.078,7190.287,58.326,255,111,87,21,3,19596,0,0,0,0.000,0.000,0.000,0.000,0.000,0.000,0.000,0.000,0,0,0,0,0,0,0,0,0,0.000,0.000,0.000,0.000,0.000,0.000,0.000,0.000,0,0,0,0,0,0,0,0,0,0.000,0.000,0.000,0.000,0.000,0.000,0.000,0.000,0,0,0,0,0,0,0,0,0,0.000,0.000,0.000,0.000,0.000,0.000,0.000,0.000,0,0,0,0,0,0,0,0,0,0.000,0.000,0.000,0.000,0.000,0.000,0.000,0.000,0,0,0,0,0,0,0,0,0,0,0,0,0,0,0,0,0,0
11221,374.0,1885,32,20,250,1635,0,0,31,184.97,1.318,1.689,0.513,0.073,0.156,-0.958,1.939,0.5269,2.6344,0.610,0.024,0.002,0.134,0.150,31,103,40,0,5,0,70598.77,3500.790,33530.186,6.342,1717.081,7.700,20223.963,7930.029,45.206,13397.117,10717.693,1234.838,46.960,201.391,0.000128,0.032092,276,0,37,3,40,37,6661,7,3,6.104,0,0,0,0,0,0,0,0,0,0,0,0,0,0,47126,1402,269,36663.638,33525.294,1707.424,0.238,6.104,19027.418,7789.081,65.067,266,145,103,37,5,26836,0,0,0,0.000,0.000,0.000,0.000,0.000,0.000,0.000,0.000,0,0,0,0,0,0,0,0,0,0.000,0.000,0.000,0.000,0.000,0.000,0.000,0.000,0,0,0,0,0,0,0,0,0,0.000,0.000,0.000,0.000,0.000,0.000,0.000,0.000,0,0,0,0,0,0,0,0,0,0.000,0.000,0.000,0.000,0.000,0.000,0.000,0.000,0,0,0,0,0,0,0,0,0,0.000,0.000,0.000,0.000,0.000,0.000,0.000,0.000,0,0,0,0,0,0,0,0,0,0,0,0,0,0,0,0,0,0
11251,375.0,2003,36,20,257,1746,0,0,31,166.23,1.324,1.692,0.511,0.073,0.152,-0.958,1.942,0.5301,2.6561,0.618,0.019,0.003,0.134,0.151,36,130,39,0,7,0,75593.70,3871.237,35663.066,5.767,2293.146,8.861,21537.458,8638.694,50.655,14170.157,11336.126,1199.377,55.673,229.247,0.000116,0.032656,356,0,35,4,39,35,7047,1,4,5.641,0,0,0,0,0,0,0,0,0,0,0,0,0,0,50257,1491,355,39557.509,35652.714,2291.777,0.126,5.641,20296.611,8480.492,78.134,283,172,130,35,7,27628,0,0,0,0.000,0.000,0.000,0.000,0.000,0.000,0.000,0.000,0,0,0,0,0,0,0,0,0,0.000,0.000,0.000,0.000,0.000,0.000,0.000,0.000,0,0,0,0,0,0,0,0,0,0.000,0.000,0.000,0.000,0.000,0.000,0.000,0.000,0,0,0,0,0,0,0,0,0,0.000,0.000,0.000,0.000,0.000,0.000,0.000,0.000,0,0,0,0,0,0,0,0,0,0.000,0.000,0.000,0.000,0.000,0.000,0.000,0.000,0,0,0,0,0,0,0,0,0,0,0,0,0,0,0,0,0,0
11281,376.0,2154,43,20,268,1886,0,0,36,196.57,1.331,1.699,0.507,0.071,0.149,-0.958,1.946,0.5252,2.7514,0.628,0.026,0.002,0.135,0.154,37,155,25,0,7,0,82058.42,4262.889,39405.078,2.758,2231.401,8.681,23146.740,9550.074,59.114,16353.926,13083.141,908.321,71.221,199.754,0.000171,0.032450,397,0,24,1,25,24,7522,27,1,2.640,0,0,0,0,0,0,0,0,0,0,0,0,0,0,54152,1651,370,43401.690,39390.119,2212.752,0.118,2.640,21856.190,9382.838,87.052,325,185,155,24,6,35628,0,0,0,0.000,0.000,0.000,0.000,0.000,0.000,0.000,0.000,0,0,0,0,0,0,0,0,0,0.000,0.000,0.000,0.000,0.000,0.000,0.000,0.000,0,0,0,0,0,0,0,0,0,0.000,0.000,0.000,0.000,0.000,0.000,0.000,0.000,0,0,0,0,0,0,0,0,0,0.000,0.000,0.000,0.000,0.000,0.000,0.000,0.000,0,0,0,0,0,0,0,0,0,0.000,0.000,0.000,0.000,0.000,0.000,0.000,0.000,0,0,0,0,0,0,0,0,0,0,0,0,0,0,0,0,0,0
11311,377.0,2334,37,20,289,2045,0,0,48,178.43,1.332,1.699,0.506,0.073,0.149,-0.958,1.942,0.5441,2.7280,0.618,0.024,0.002,0.135,0.154,35,151,24,0,5,0,88575.40,4749.876,41976.459,7.614,2370.520,7.960,25155.943,10483.843,67.914,17106.772,13685.418,780.853,108.375,198.686,0.000189,0.032240,353,0,20,4,24,20,7779,7,4,7.566,0,0,0,0,0,0,0,0,0,0,0,0,0,0,58856,1753,346,46246.867,41976.459,2363.477,0.048,7.566,23798.505,10305.844,91.769,335,176,151,20,5,27283,0,0,0,0.000,0.000,0.000,0.000,0.000,0.000,0.000,0.000,0,0,0,0,0,0,0,0,0,0.000,0.000,0.000,0.000,0.000,0.000,0.000,0.000,0,0,0,0,0,0,0,0,0,0.000,0.000,0.000,0.000,0.000,0.000,0.000,0.000,0,0,0,0,0,0,0,0,0,0.000,0.000,0.000,0.000,0.000,0.000,0.000,0.000,0,0,0,0,0,0,0,0,0,0.000,0.000,0.000,0.000,0.000,0.000,0.000,0.000,0,0,0,0,0,0,0,0,0,0,0,0,0,0,0,0,0,0
11341,378.0,2512,37,20,303,2209,0,0,55,176.20,1.336,1.703,0.507,0.075,0.146,-0.957,1.944,0.5484,2.7124,0.635,0.020,0.002,0.134,0.156,29,162,30,0,7,0,93893.07,5363.316,43523.192,5.532,3126.485,7.448,27189.198,11282.966,80.393,18131.508,14505.207,1111.233,30.142,254.138,0.000190,0.031655,436,0,28,2,30,28,8443,0,2,5.285,0,0,0,0,0,0,0,0,0,0,0,0,0,0,63805,1818,436,48653.666,43497.881,3126.485,0.247,5.285,25756.928,11092.350,97.529,361,197,162,28,7,30615,0,0,0,0.000,0.000,0.000,0.000,0.000,0.000,0.000,0.000,0,0,0,0,0,0,0,0,0,0.000,0.000,0.000,0.000,0.000,0.000,0.000,0.000,0,0,0,0,0,0,0,0,0,0.000,0.000,0.000,0.000,0.000,0.000,0.000,0.000,0,0,0,0,0,0,0,0,0,0.000,0.000,0.000,0.000,0.000,0.000,0.000,0.000,0,0,0,0,0,0,0,0,0,0.000,0.000,0.000,0.000,0.000,0.000,0.000,0.000,0,0,0,0,0,0,0,0,0,0,0,0,0,0,0,0,0,0
11371,379.0,2663,33,20,319,2344,0,0,68,169.15,1.337,1.704,0.507,0.075,0.146,-0.958,1.950,0.5463,2.6900,0.614,0.016,0.003,0.134,0.156,28,194,43,0,11,0,99903.30,5668.563,47403.793,22.475,3081.558,6.436,28987.890,12104.103,92.472,19024.685,15219.749,1616.358,173.446,305.399,0.000148,0.031933,438,0,35,8,43,35,8777,0,8,22.131,0,0,0,0,0,0,0,0,0,0,0,0,0,0,68126,1988,438,52695.885,47371.143,3081.558,0.344,22.131,27503.356,11901.552,105.864,375,240,194,35,11,35479,0,0,0,0.000,0.000,0.000,0.000,0.000,0.000,0.000,0.000,0,0,0,0,0,0,0,0,0,0.000,0.000,0.000,0.000,0.000,0.000,0.000,0.000,0,0,0,0,0,0,0,0,0,0.000,0.000,0.000,0.000,0.000,0.000,0.000,0.000,0,0,0,0,0,0,0,0,0,0.000,0.000,0.000,0.000,0.000,0.000,0.000,0.000,0,0,0,0,0,0,0,0,0,0.000,0.000,0.000,0.000,0.000,0.000,0.000,0.000,0,0,0,0,0,0,0,0,0,0,0,0,0,0,0,0,0,0
11401,380.0,2834,33,19,341,2493,0,0,85,170.79,1.335,1.703,0.509,0.076,0.146,-0.958,1.950,0.5517,2.7611,0.591,0.015,0.002,0.134,0.157,31,202,46,0,12,0,105329.99,6035.701,49095.305,5.944,4058.318,9.058,30644.749,12730.718,118.705,20606.794,16485.436,1569.665,169.764,355.293,0.000141,0.031219,615,0,44,2,46,44,9271,24,2,5.496,0,0,0,0,0,0,0,0,0,0,0,0,0,0,72102,2057,591,55428.965,49062.849,4043.373,0.448,5.496,29071.242,12495.954,129.985,407,258,202,44,12,43749,0,0,0,0.000,0.000,0.000,0.000,0.000,0.000,0.000,0.000,0,0,0,0,0,0,0,0,0,0.000,0.000,0.000,0.000,0.000,0.000,0.000,0.000,0,0,0,0,0,0,0,0,0,0.000,0.000,0.000,0.000,0.000,0.000,0.000,0.000,0,0,0,0,0,0,0,0,0,0.000,0.000,0.000,0.000,0.000,0.000,0.000,0.000,0,0,0,0,0,0,0,0,0,0.000,0.000,0.000,0.000,0.000,0.000,0.000,0.000,0,0,0,0,0,0,0,0,0,0,0,0,0,0,0,0,0,0
11431,381.0,2989,26,19,358,2631,0,0,105,154.45,1.336,1.701,0.510,0.079,0.146,-0.958,1.948,0.5493,2.6326,0.574,0.022,0.002,0.134,0.159,29,230,32,0,19,0,110166.94,6372.695,50743.714,4.761,4084.642,7.842,32626.597,13688.221,149.610,20976.022,16780.818,1135.938,173.564,315.089,0.000218,0.030889,671,0,30,2,32,30,9791,0,2,4.542,0,0,0,0,0,0,0,0,0,0,0,0,0,0,76836,2120,671,57097.789,50733.712,4084.642,0.219,4.542,30966.312,13437.909,138.105,417,279,230,30,19,41952,0,0,0,0.000,0.000,0.000,0.000,0.000,0.000,0.000,0.000,0,0,0,0,0,0,0,0,0,0.000,0.000,0.000,0.000,0.000,0.000,0.000,0.000,0,0,0,0,0,0,0,0,0,0.000,0.000,0.000,0.000,0.000,0.000,0.000,0.000,0,0,0,0,0,0,0,0,0,0.000,0.000,0.000,0.000,0.000,0.000,0.000,0.000,0,0,0,0,0,0,0,0,0,0.000,0.000,0.000,0.000,0.000,0.000,0.000,0.000,0,0,0,0,0,0,0,0,0,0,0,0,0,0,0,0,0,0
11461,382.0,3128,30,19,377,2751,0,0,114,146.43,1.336,1.700,0.509,0.077,0.146,-0.959,1.952,0.5555,2.7196,0.595,0.008,0.004,0.134,0.159,36,240,30,0,24,0,116827.48,6869.164,53943.632,3.523,4239.209,7.897,34308.901,14367.140,178.490,20713.767,16571.014,850.965,47.575,259.951,0.000215,0.031255,752,0,28,2,30,28,10465,1,2,3.103,0,0,0,0,0,0,0,0,0,0,0,0,0,0,80759,2257,751,60612.131,53923.951,4236.769,0.420,3.103,32565.695,14103.311,145.162,412,292,240,28,24,43162,0,0,0,0.000,0.000,0.000,0.000,0.000,0.000,0.000,0.000,0,0,0,0,0,0,0,0,0,0.000,0.000,0.000,0.000,0.000,0.000,0.000,0.000,0,0,0,0,0,0,0,0,0,0.000,0.000,0.000,0.000,0.000,0.000,0.000,0.000,0,0,0,0,0,0,0,0,0,0.000,0.000,0.000,0.000,0.000,0.000,0.000,0.000,0,0,0,0,0,0,0,0,0,0.000,0.000,0.000,0.000,0.000,0.000,0.000,0.000,0,0,0,0,0,0,0,0,0,0,0,0,0,0,0,0,0,0
11491,383.0,3276,27,19,396,2880,0,0,105,171.18,1.336,1.702,0.512,0.075,0.147,-0.959,1.947,0.5557,2.7796,0.603,0.025,0.003,0.135,0.158,35,256,36,0,35,0,122976.86,7759.320,56037.873,3.286,4849.913,6.176,36056.413,15268.936,171.893,22833.777,18267.022,1143.665,106.822,336.616,0.000208,0.030349,798,0,34,2,36,34,11046,17,2,3.009,0,0,0,0,0,0,0,0,0,0,0,0,0,0,84869,2341,781,63379.915,56027.520,4812.068,0.277,3.009,34229.382,14997.450,144.970,453,324,255,34,35,51416,0,0,0,0.000,0.000,0.000,0.000,0.000,0.000,0.000,0.000,0,0,0,0,0,0,0,0,0,0.000,0.000,0.000,0.000,0.000,0.000,0.000,0.000,0,0,0,0,0,0,0,0,0,0.000,0.000,0.000,0.000,0.000,0.000,0.000,0.000,0,0,0,0,0,0,0,0,0,0.000,0.000,0.000,0.000,0.000,0.000,0.000,0.000,0,0,0,0,0,0,0,0,0,0.000,0.000,0.000,0.000,0.000,0.000,0.000,0.000,0,0,0,0,0,0,0,0,0,0,0,0,0,0,0,0,0,0
11521,384.0,3454,26,19,413,3041,0,0,111,152.37,1.339,1.705,0.513,0.075,0.146,-0.959,1.961,0.5730,2.6372,0.596,0.010,0.003,0.135,0.159,42,259,45,0,27,0,126873.48,8152.537,56290.005,10.496,5002.358,7.273,37770.183,15859.045,168.420,24511.694,19609.355,1428.554,67.279,360.592,0.000292,0.030856,801,0,38,7,45,38,11576,2,7,9.932,0,0,0,0,0,0,0,0,0,0,0,0,0,0,88765,2356,799,63880.123,56285.112,4998.884,0.564,9.932,35852.731,15583.748,142.986,485,324,259,38,27,50814,0,0,0,0.000,0.000,0.000,0.000,0.000,0.000,0.000,0.000,0,0,0,0,0,0,0,0,0,0.000,0.000,0.000,0.000,0.000,0.000,0.000,0.000,0,0,0,0,0,0,0,0,0,0.000,0.000,0.000,0.000,0.000,0.000,0.000,0.000,0,0,0,0,0,0,0,0,0,0.000,0.000,0.000,0.000,0.000,0.000,0.000,0.000,0,0,0,0,0,0,0,0,0,0.000,0.000,0.000,0.000,0.000,0.000,0.000,0.000,0,0,0,0,0,0,0,0,0,0,0,0,0,0,0,0,0,0
11551,385.0,3595,31,21,432,3163,0,0,136,158.79,1.339,1.705,0.515,0.074,0.146,-0.959,1.961,0.5594,2.7360,0.605,0.023,0.003,0.135,0.158,34,308,45,0,25,0,131025.37,8777.532,59264.748,13.901,5739.104,7.670,39719.075,16775.734,192.365,24988.794,19991.035,1625.869,184.833,408.665,0.000238,0.030965,949,0,39,6,45,39,11616,21,6,13.521,0,0,0,0,0,0,0,0,0,0,0,0,0,0,93237,2486,928,67792.657,59249.701,5727.419,0.381,13.521,37742.643,16497.999,139.025,494,372,308,39,25,58756,0,0,0,0.000,0.000,0.000,0.000,0.000,0.000,0.000,0.000,0,0,0,0,0,0,0,0,0,0.000,0.000,0.000,0.000,0.000,0.000,0.000,0.000,0,0,0,0,0,0,0,0,0,0.000,0.000,0.000,0.000,0.000,0.000,0.000,0.000,0,0,0,0,0,0,0,0,0,0.000,0.000,0.000,0.000,0.000,0.000,0.000,0.000,0,0,0,0,0,0,0,0,0,0.000,0.000,0.000,0.000,0.000,0.000,0.000,0.000,0,0,0,0,0,0,0,0,0,0,0,0,0,0,0,0,0,0
11581,386.0,3746,31,21,457,3289,0,0,159,182.19,1.337,1.706,0.516,0.073,0.148,-0.959,1.959,0.5580,2.7473,0.587,0.028,0.002,0.134,0.158,24,326,36,0,34,0,135811.36,9372.374,61005.056,18.591,5986.769,5.988,41179.150,17346.679,223.322,26060.304,20848.244,1119.598,167.699,361.529,0.000260,0.032428,1029,0,26,10,36,26,11817,1,10,18.483,0,0,0,0,0,0,0,0,0,0,0,0,0,0,96403,2549,1028,69759.190,60982.663,5983.332,0.108,18.483,39091.196,17055.202,141.702,512,386,326,26,34,66586,0,0,0,0.000,0.000,0.000,0.000,0.000,0.000,0.000,0.000,0,0,0,0,0,0,0,0,0,0.000,0.000,0.000,0.000,0.000,0.000,0.000,0.000,0,0,0,0,0,0,0,0,0,0.000,0.000,0.000,0.000,0.000,0.000,0.000,0.000,0,0,0,0,0,0,0,0,0,0.000,0.000,0.000,0.000,0.000,0.000,0.000,0.000,0,0,0,0,0,0,0,0,0,0.000,0.000,0.000,0.000,0.000,0.000,0.000,0.000,0,0,0,0,0,0,0,0,0,0,0,0,0,0,0,0,0,0
11611,387.0,3870,18,21,485,3385,0,0,188,152.64,1.334,1.703,0.519,0.072,0.151,-0.959,1.966,0.5566,2.7033,0.573,0.019,0.003,0.135,0.157,36,356,32,0,42,0,140703.73,9730.897,63110.913,10.588,6240.357,7.777,42724.921,18006.499,253.689,26477.723,21182.179,1200.824,96.847,381.690,0.000194,0.032882,1030,0,27,5,32,27,12096,6,5,10.295,0,0,0,0,0,0,0,0,0,0,0,0,0,0,100002,2640,1024,72212.314,63089.284,6234.313,0.292,10.295,40555.806,17716.900,132.622,521,425,356,27,42,68344,0,0,0,0.000,0.000,0.000,0.000,0.000,0.000,0.000,0.000,0,0,0,0,0,0,0,0,0,0.000,0.000,0.000,0.000,0.000,0.000,0.000,0.000,0,0,0,0,0,0,0,0,0,0.000,0.000,0.000,0.000,0.000,0.000,0.000,0.000,0,0,0,0,0,0,0,0,0,0.000,0.000,0.000,0.000,0.000,0.000,0.000,0.000,0,0,0,0,0,0,0,0,0,0.000,0.000,0.000,0.000,0.000,0.000,0.000,0.000,0,0,0,0,0,0,0,0,0,0,0,0,0,0,0,0,0,0
11641,388.0,4015,38,21,516,3499,0,0,225,158.45,1.331,1.699,0.520,0.073,0.154,-0.960,1.966,0.5615,2.7590,0.559,0.014,0.002,0.135,0.156,30,327,34,0,43,0,142281.80,10300.997,61257.576,19.411,6931.702,8.425,44266.804,18605.042,294.176,26249.396,20999.517,1146.773,46.817,390.439,0.000221,0.035599,1150,0,29,5,34,29,12881,12,5,18.894,0,0,0,0,0,0,0,0,0,0,0,0,0,0,103343,2563,1138,71042.232,61219.491,6915.884,0.517,18.894,41940.693,18300.370,137.195,513,399,327,29,43,71633,0,0,0,0.000,0.000,0.000,0.000,0.000,0.000,0.000,0.000,0,0,0,0,0,0,0,0,0,0.000,0.000,0.000,0.000,0.000,0.000,0.000,0.000,0,0,0,0,0,0,0,0,0,0.000,0.000,0.000,0.000,0.000,0.000,0.000,0.000,0,0,0,0,0,0,0,0,0,0.000,0.000,0.000,0.000,0.000,0.000,0.000,0.000,0,0,0,0,0,0,0,0,0,0.000,0.000,0.000,0.000,0.000,0.000,0.000,0.000,0,0,0,0,0,0,0,0,0,0,0,0,0,0,0,0,0,0
11671,389.0,4112,26,21,546,3566,0,0,253,165.10,1.327,1.696,0.525,0.074,0.158,-0.960,1.972,0.5673,2.7826,0.563,0.020,0.003,0.135,0.155,34,370,22,0,59,0,144227.73,11000.102,62312.655,2.988,7213.816,7.380,45471.688,18988.003,340.504,26213.598,20970.879,812.086,141.000,373.804,0.000225,0.035418,1288,0,21,1,22,21,13450,3,1,2.686,0,0,0,0,0,0,0,0,0,0,0,0,0,0,105857,2604,1285,72409.021,62301.996,7210.470,0.302,2.686,43026.060,18658.682,149.596,517,450,370,21,59,74965,0,0,0,0.000,0.000,0.000,0.000,0.000,0.000,0.000,0.000,0,0,0,0,0,0,0,0,0,0.000,0.000,0.000,0.000,0.000,0.000,0.000,0.000,0,0,0,0,0,0,0,0,0,0.000,0.000,0.000,0.000,0.000,0.000,0.000,0.000,0,0,0,0,0,0,0,0,0,0.000,0.000,0.000,0.000,0.000,0.000,0.000,0.000,0,0,0,0,0,0,0,0,0,0.000,0.000,0.000,0.000,0.000,0.000,0.000,0.000,0,0,0,0,0,0,0,0,0,0,0,0,0,0,0,0,0,0
11701,390.0,4155,31,24,570,3585,0,0,295,162.14,1.322,1.692,0.527,0.077,0.162,-0.959,1.976,0.5715,2.7125,0.551,0.012,0.003,0.135,0.153,31,392,29,0,70,0,144343.03,11446.368,61240.543,13.380,7758.318,6.438,46383.415,19200.694,400.122,25601.004,20480.803,896.262,152.075,432.227,0.000219,0.034156,1351,0,23,6,29,23,13764,16,6,13.117,0,0,0,0,0,0,0,0,0,0,0,0,0,0,107534,2555,1335,71853.316,61217.646,7744.269,0.263,13.117,43814.332,18869.778,138.601,504,485,392,23,70,78511,0,0,0,0.000,0.000,0.000,0.000,0.000,0.000,0.000,0.000,0,0,0,0,0,0,0,0,0,0.000,0.000,0.000,0.000,0.000,0.000,0.000,0.000,0,0,0,0,0,0,0,0,0,0.000,0.000,0.000,0.000,0.000,0.000,0.000,0.000,0,0,0,0,0,0,0,0,0,0.000,0.000,0.000,0.000,0.000,0.000,0.000,0.000,0,0,0,0,0,0,0,0,0,0.000,0.000,0.000,0.000,0.000,0.000,0.000,0.000,0,0,0,0,0,0,0,0,0,0,0,0,0,0,0,0,0,0
11731,391.0,4184,17,24,597,3587,0,0,354,177.98,1.316,1.683,0.531,0.078,0.166,-0.959,1.974,0.5651,2.7136,0.560,0.010,0.004,0.135,0.151,40,405,35,0,82,0,145962.70,12089.331,62864.015,10.932,8144.637,5.949,46574.843,19161.578,472.059,26340.673,21072.538,1275.859,145.833,446.302,0.000242,0.035606,1462,0,29,6,35,29,14662,8,5,6.980,0,0,0,0,0,0,0,0,0,0,0,0,0,0,107443,2622,1454,73964.204,62843.575,8136.390,0.402,6.980,43882.716,18807.879,150.349,518,516,405,29,82,87461,0,0,0,0.000,0.000,0.000,0.000,0.000,0.000,0.000,0.000,0,0,0,0,0,0,0,0,0,0.000,0.000,0.000,0.000,0.000,0.000,0.000,0.000,0,0,0,0,0,0,0,0,0,0.000,0.000,0.000,0.000,0.000,0.000,0.000,0.000,0,0,0,0,0,0,0,0,0,0.000,0.000,0.000,0.000,0.000,0.000,0.000,0.000,0,0,0,0,0,0,0,0,0,0.000,0.000,0.000,0.000,0.000,0.000,0.000,0.000,0,0,0,0,0,0,0,0,0,0,0,0,0,0,0,0,0,0
11761,392.0,4251,24,24,616,3635,0,0,463,186.65,1.315,1.679,0.528,0.077,0.169,-0.959,1.977,0.5660,2.6982,0.565,0.015,0.002,0.136,0.149,35,352,16,0,95,0,148399.22,12691.661,63061.010,7.239,8728.682,6.356,46993.556,19449.942,607.124,25563.770,20451.016,576.388,148.887,434.747,0.000173,0.035231,1549,0,13,3,16,13,15208,5,3,7.164,0,0,0,0,0,0,0,0,0,0,0,0,0,0,108164,2627,1544,74758.391,63046.024,8724.603,0.075,7.164,44209.839,19089.384,149.626,507,459,351,13,95,90958,0,0,0,0.000,0.000,0.000,0.000,0.000,0.000,0.000,0.000,0,0,0,0,0,0,0,0,0,0.000,0.000,0.000,0.000,0.000,0.000,0.000,0.000,0,0,0,0,0,0,0,0,0,0.000,0.000,0.000,0.000,0.000,0.000,0.000,0.000,0,0,0,0,0,0,0,0,0,0.000,0.000,0.000,0.000,0.000,0.000,0.000,0.000,0,0,0,0,0,0,0,0,0,0.000,0.000,0.000,0.000,0.000,0.000,0.000,0.000,0,0,0,0,0,0,0,0,0,0,0,0,0,0,0,0,0,0
11791,393.0,4340,23,24,637,3703,0,0,607,218.21,1.314,1.678,0.529,0.077,0.170,-0.959,1.980,0.5658,2.7434,0.555,0.013,0.003,0.136,0.148,28,325,23,0,115,0,149517.30,13213.780,63205.273,6.120,8887.133,7.515,47812.245,19858.976,801.241,26634.260,21307.408,908.733,163.006,436.044,0.000235,0.035201,1612,0,21,2,23,21,15676,11,2,6.003,0,0,0,0,0,0,0,0,0,0,0,0,0,0,109904,2635,1601,75016.960,63172.423,8878.107,0.117,6.003,44929.173,19482.298,158.504,527,459,324,21,114,93799,0,0,0,0.000,0.000,0.000,0.000,0.000,0.000,0.000,0.000,0,0,0,0,0,0,0,0,0,0.000,0.000,0.000,0.000,0.000,0.000,0.000,0.000,0,0,0,0,0,0,0,0,0,0.000,0.000,0.000,0.000,0.000,0.000,0.000,0.000,0,0,0,0,0,0,0,0,0,0.000,0.000,0.000,0.000,0.000,0.000,0.000,0.000,0,0,0,0,0,0,0,0,0,0.000,0.000,0.000,0.000,0.000,0.000,0.000,0.000,0,0,0,0,0,0,0,0,0,0,0,0,0,0,0,0,0,0
11821,394.0,4289,27,24,660,3629,0,0,741,224.47,1.308,1.669,0.531,0.076,0.176,-0.960,1.981,0.5631,2.7453,0.566,0.008,0.003,0.137,0.146,23,345,23,0,167,0,148776.69,13496.306,60618.832,13.973,9063.944,6.099,48170.952,19815.198,1031.350,23037.802,18430.242,646.396,181.180,417.083,0.000240,0.034186,1759,0,14,9,23,14,16434,54,7,11.452,0,0,0,0,0,0,0,0,0,0,0,0,0,0,110298,2533,1705,72521.426,60593.269,9035.430,0.052,11.452,45192.968,19436.059,154.591,451,525,345,14,166,111624,0,0,0,0.000,0.000,0.000,0.000,0.000,0.000,0.000,0.000,0,0,0,0,0,0,0,0,0,0.000,0.000,0.000,0.000,0.000,0.000,0.000,0.000,0,0,0,0,0,0,0,0,0,0.000,0.000,0.000,0.000,0.000,0.000,0.000,0.000,0,0,0,0,0,0,0,0,0,0.000,0.000,0.000,0.000,0.000,0.000,0.000,0.000,0,0,0,0,0,0,0,0,0,0.000,0.000,0.000,0.000,0.000,0.000,0.000,0.000,0,0,0,0,0,0,0,0,0,0,0,0,0,0,0,0,0,0
11851,395.0,4302,12,27,689,3613,0,0,876,235.85,1.303,1.664,0.534,0.078,0.182,-0.960,1.982,0.5656,2.7010,0.573,0.004,0.003,0.137,0.143,34,306,12,0,186,0,148510.58,14126.277,60047.037,11.897,9393.377,7.078,47772.553,19531.921,1243.712,24781.139,19824.911,360.241,198.463,388.203,0.000268,0.033493,1751,0,7,5,12,7,16802,43,4,10.126,0,0,0,0,0,0,0,0,0,0,0,0,0,0,108729,2509,1708,72237.057,60042.145,9378.683,0.032,10.126,44673.550,19162.071,136.159,483,499,306,7,186,115098,0,0,0,0.000,0.000,0.000,0.000,0.000,0.000,0.000,0.000,0,0,0,0,0,0,0,0,0,0.000,0.000,0.000,0.000,0.000,0.000,0.000,0.000,0,0,0,0,0,0,0,0,0,0.000,0.000,0.000,0.000,0.000,0.000,0.000,0.000,0,0,0,0,0,0,0,0,0,0.000,0.000,0.000,0.000,0.000,0.000,0.000,0.000,0,0,0,0,0,0,0,0,0,0.000,0.000,0.000,0.000,0.000,0.000,0.000,0.000,0,0,0,0,0,0,0,0,0,0,0,0,0,0,0,0,0,0
11881,396.0,4318,19,27,701,3617,0,0,1017,228.46,1.303,1.662,0.537,0.079,0.184,-0.960,1.986,0.5690,2.6986,0.559,0.003,0.002,0.138,0.143,34,253,21,0,221,0,146966.09,14265.567,59352.264,18.709,9834.458,5.881,47842.366,19392.159,1441.094,24746.898,19797.519,837.918,269.931,448.178,0.000294,0.034992,1732,0,11,10,21,11,16864,7,10,18.679,0,0,0,0,0,0,0,0,0,0,0,0,0,0,108345,2480,1725,72007.127,59317.517,9825.573,0.030,18.679,44651.496,19018.646,135.031,487,483,253,11,219,115981,0,0,0,0.000,0.000,0.000,0.000,0.000,0.000,0.000,0.000,0,0,0,0,0,0,0,0,0,0.000,0.000,0.000,0.000,0.000,0.000,0.000,0.000,0,0,0,0,0,0,0,0,0,0.000,0.000,0.000,0.000,0.000,0.000,0.000,0.000,0,0,0,0,0,0,0,0,0,0.000,0.000,0.000,0.000,0.000,0.000,0.000,0.000,0,0,0,0,0,0,0,0,0,0.000,0.000,0.000,0.000,0.000,0.000,0.000,0.000,0,0,0,0,0,0,0,0,0,0,0,0,0,0,0,0,0,0
11911,397.0,4218,21,27,717,3501,0,0,1192,269.67,1.295,1.653,0.542,0.079,0.190,-0.960,1.987,0.5567,2.7034,0.553,0.004,0.003,0.138,0.141,39,272,29,0,248,0,144867.53,14352.010,57726.007,5.731,9665.815,7.384,47361.267,18895.866,1692.270,21711.398,17369.119,1264.754,122.016,503.863,0.000359,0.036175,1792,0,25,4,29,25,17114,8,4,5.624,0,0,0,0,0,0,0,0,0,0,0,0,0,0,106764,2407,1784,70067.840,57678.732,9654.611,0.107,5.624,44115.677,18512.889,138.128,426,542,271,25,246,133270,0,0,0,0.000,0.000,0.000,0.000,0.000,0.000,0.000,0.000,0,0,0,0,0,0,0,0,0,0.000,0.000,0.000,0.000,0.000,0.000,0.000,0.000,0,0,0,0,0,0,0,0,0,0.000,0.000,0.000,0.000,0.000,0.000,0.000,0.000,0,0,0,0,0,0,0,0,0,0.000,0.000,0.000,0.000,0.000,0.000,0.000,0.000,0,0,0,0,0,0,0,0,0,0.000,0.000,0.000,0.000,0.000,0.000,0.000,0.000,0,0,0,0,0,0,0,0,0,0,0,0,0,0,0,0,0,0
11941,398.0,4161,16,27,727,3434,0,0,1318,260.73,1.293,1.647,0.541,0.079,0.195,-0.961,1.991,0.5653,2.7025,0.576,0.007,0.002,0.139,0.139,20,230,19,1,246,0,141475.98,14342.449,55340.004,5.872,10291.533,7.868,46503.309,18627.158,1950.833,21315.320,17052.257,1174.129,59.451,501.926,0.000216,0.035100,1992,0,16,3,19,16,17184,5,3,5.820,0,0,0,0,0,0,0,0,0,0,0,0,0,0,104347,2313,1987,68237.293,55325.438,10281.706,0.052,5.820,43173.844,18255.309,122.392,420,487,230,16,241,120558,0,0,0,0.000,0.000,0.000,0.000,0.000,0.000,0.000,0.000,0,0,0,0,0,0,0,0,0,0.000,0.000,0.000,0.000,0.000,0.000,0.000,0.000,0,0,0,0,0,0,0,0,0,0.000,0.000,0.000,0.000,0.000,0.000,0.000,0.000,0,0,0,0,0,0,0,0,0,0.000,0.000,0.000,0.000,0.000,0.000,0.000,0.000,0,0,0,0,0,0,0,0,0,0.000,0.000,0.000,0.000,0.000,0.000,0.000,0.000,0,0,0,0,0,0,0,0,0,0,0,0,0,0,0,0,0,0
11971,399.0,4077,19,27,747,3330,0,0,1409,276.00,1.285,1.637,0.546,0.076,0.202,-0.960,1.995,0.5620,2.6492,0.552,0.005,0.002,0.140,0.136,26,200,19,0,278,0,137376.80,14590.047,52395.763,7.030,9536.964,5.453,45329.036,17908.507,2106.845,19941.139,15952.911,1201.351,86.248,471.803,0.000324,0.033680,1890,0,17,2,19,17,17379,9,2,6.939,0,0,0,0,0,0,0,0,0,0,0,0,0,0,101291,2190,1881,64519.658,52375.353,9524.601,0.090,6.939,41920.940,17545.486,107.003,391,495,200,17,278,141913,0,0,0,0.000,0.000,0.000,0.000,0.000,0.000,0.000,0.000,0,0,0,0,0,0,0,0,0,0.000,0.000,0.000,0.000,0.000,0.000,0.000,0.000,0,0,0,0,0,0,0,0,0,0.000,0.000,0.000,0.000,0.000,0.000,0.000,0.000,0,0,0,0,0,0,0,0,0,0.000,0.000,0.000,0.000,0.000,0.000,0.000,0.000,0,0,0,0,0,0,0,0,0,0.000,0.000,0.000,0.000,0.000,0.000,0.000,0.000,0,0,0,0,0,0,0,0,0,0,0,0,0,0,0,0,0,0
12001,400.0,3953,19,24,751,3202,0,0,1521,249.74,1.279,1.628,0.545,0.076,0.208,-0.961,1.997,0.5567,2.6645,0.547,0.004,0.002,0.141,0.132,16,142,28,0,302,0,133306.19,14044.499,50994.114,10.751,9515.700,7.548,44096.867,17151.683,2278.492,16915.149,13532.119,1699.143,29.008,481.758,0.000219,0.032321,1884,0,24,4,28,24,17188,12,3,7.723,0,0,0,0,0,0,0,0,0,0,0,0,0,0,98122,2127,1872,62988.547,50994.114,9504.607,0.169,7.723,40637.554,16788.334,100.617,331,459,141,24,294,125635,0,0,0,0.000,0.000,0.000,0.000,0.000,0.000,0.000,0.000,0,0,0,0,0,0,0,0,0,0.000,0.000,0.000,0.000,0.000,0.000,0.000,0.000,0,0,0,0,0,0,0,0,0,0.000,0.000,0.000,0.000,0.000,0.000,0.000,0.000,0,0,0,0,0,0,0,0,0,0.000,0.000,0.000,0.000,0.000,0.000,0.000,0.000,0,0,0,0,0,0,0,0,0,0.000,0.000,0.000,0.000,0.000,0.000,0.000,0.000,0,0,0,0,0,0,0,0,0,0,0,0,0,0,0,0,0,0
12031,401.0,3787,18,24,756,3031,0,0,1529,303.52,1.271,1.614,0.543,0.076,0.216,-0.961,1.998,0.5649,2.6410,0.549,0.001,0.002,0.141,0.129,23,171,32,0,314,0,128447.61,13492.207,48163.004,9.474,8864.533,6.281,42330.264,16360.071,2334.105,17008.065,13606.452,1624.319,32.617,440.272,0.000221,0.030909,1802,0,26,6,32,26,17365,45,6,9.289,0,0,0,0,0,0,0,0,0,0,0,0,0,0,93767,2005,1757,59261.680,48146.254,8833.396,0.185,9.289,38843.089,15996.571,102.686,334,505,171,26,308,145597,0,0,0,0.000,0.000,0.000,0.000,0.000,0.000,0.000,0.000,0,0,0,0,0,0,0,0,0,0.000,0.000,0.000,0.000,0.000,0.000,0.000,0.000,0,0,0,0,0,0,0,0,0,0.000,0.000,0.000,0.000,0.000,0.000,0.000,0.000,0,0,0,0,0,0,0,0,0,0.000,0.000,0.000,0.000,0.000,0.000,0.000,0.000,0,0,0,0,0,0,0,0,0,0.000,0.000,0.000,0.000,0.000,0.000,0.000,0.000,0,0,0,0,0,0,0,0,0,0,0,0,0,0,0,0,0,0
12061,402.0,3697,21,24,747,2950,0,0,1526,286.77,1.269,1.610,0.544,0.076,0.219,-0.961,1.993,0.5613,2.6087,0.579,0.005,0.003,0.142,0.129,34,113,33,0,290,0,124899.14,13159.400,46474.068,22.575,8237.678,6.115,40559.592,15184.999,2351.716,16922.506,13538.005,1287.777,21.918,414.010,0.000199,0.030189,1679,0,20,13,33,20,17342,27,13,22.404,0,0,0,0,0,0,0,0,0,0,0,0,0,0,89529,1941,1652,56912.034,46452.449,8223.529,0.172,22.404,37079.021,14828.045,96.877,336,417,112,20,285,115256,0,0,0,0.000,0.000,0.000,0.000,0.000,0.000,0.000,0.000,0,0,0,0,0,0,0,0,0,0.000,0.000,0.000,0.000,0.000,0.000,0.000,0.000,0,0,0,0,0,0,0,0,0,0.000,0.000,0.000,0.000,0.000,0.000,0.000,0.000,0,0,0,0,0,0,0,0,0,0.000,0.000,0.000,0.000,0.000,0.000,0.000,0.000,0,0,0,0,0,0,0,0,0,0.000,0.000,0.000,0.000,0.000,0.000,0.000,0.000,0,0,0,0,0,0,0,0,0,0,0,0,0,0,0,0,0,0
12091,403.0,3579,20,24,746,2833,0,0,1534,296.71,1.264,1.600,0.546,0.076,0.225,-0.961,1.993,0.5621,2.6552,0.579,0.008,0.003,0.142,0.127,23,130,30,0,260,0,120002.46,12727.256,44072.145,16.509,7918.928,8.093,39391.305,14681.891,2364.709,14683.397,11746.718,1857.186,35.390,445.429,0.000256,0.030171,1649,0,22,8,30,22,17124,11,6,12.599,0,0,0,0,0,0,0,0,0,0,0,0,0,0,86795,1846,1638,54081.381,44056.910,7911.041,0.051,12.599,35933.356,14346.384,78.793,285,402,129,22,251,121030,0,0,0,0.000,0.000,0.000,0.000,0.000,0.000,0.000,0.000,0,0,0,0,0,0,0,0,0,0.000,0.000,0.000,0.000,0.000,0.000,0.000,0.000,0,0,0,0,0,0,0,0,0,0.000,0.000,0.000,0.000,0.000,0.000,0.000,0.000,0,0,0,0,0,0,0,0,0,0.000,0.000,0.000,0.000,0.000,0.000,0.000,0.000,0,0,0,0,0,0,0,0,0,0.000,0.000,0.000,0.000,0.000,0.000,0.000,0.000,0,0,0,0,0,0,0,0,0,0,0,0,0,0,0,0,0,0
12121,404.0,3477,16,24,747,2730,0,0,1485,312.38,1.261,1.594,0.549,0.077,0.231,-0.961,1.996,0.5617,2.5879,0.576,0.007,0.003,0.143,0.125,28,116,17,0,280,0,114880.26,12250.645,41427.804,16.604,7565.623,9.415,37941.163,13892.863,2331.613,15112.403,12089.923,1206.175,51.797,371.158,0.000274,0.028807,1541,0,11,6,17,11,17028,10,6,16.590,0,0,0,0,0,0,0,0,0,0,0,0,0,0,83085,1730,1531,50999.634,41422.731,7555.959,0.014,16.590,34482.178,13553.976,82.555,297,400,116,11,273,117216,0,0,0,0.000,0.000,0.000,0.000,0.000,0.000,0.000,0.000,0,0,0,0,0,0,0,0,0,0.000,0.000,0.000,0.000,0.000,0.000,0.000,0.000,0,0,0,0,0,0,0,0,0,0.000,0.000,0.000,0.000,0.000,0.000,0.000,0.000,0,0,0,0,0,0,0,0,0,0.000,0.000,0.000,0.000,0.000,0.000,0.000,0.000,0,0,0,0,0,0,0,0,0,0.000,0.000,0.000,0.000,0.000,0.000,0.000,0.000,0,0,0,0,0,0,0,0,0,0,0,0,0,0,0,0,0,0
12151,405.0,3327,16,23,749,2578,0,0,1436,344.92,1.251,1.581,0.555,0.077,0.239,-0.961,1.993,0.5593,2.6142,0.588,0.007,0.002,0.143,0.121,34,105,24,0,245,0,108473.23,11640.580,38103.598,10.870,6590.624,11.690,36719.165,13382.176,2289.664,10777.294,8621.835,1302.644,0.000,312.977,0.000155,0.028163,1392,0,17,7,24,17,17289,26,6,10.105,0,0,0,0,0,0,0,0,0,0,0,0,0,0,79883,1589,1366,46452.677,38098.526,6563.002,0.037,10.105,33240.026,13044.615,82.640,207,359,105,17,237,103227,0,0,0,0.000,0.000,0.000,0.000,0.000,0.000,0.000,0.000,0,0,0,0,0,0,0,0,0,0.000,0.000,0.000,0.000,0.000,0.000,0.000,0.000,0,0,0,0,0,0,0,0,0,0.000,0.000,0.000,0.000,0.000,0.000,0.000,0.000,0,0,0,0,0,0,0,0,0,0.000,0.000,0.000,0.000,0.000,0.000,0.000,0.000,0,0,0,0,0,0,0,0,0,0.000,0.000,0.000,0.000,0.000,0.000,0.000,0.000,0,0,0,0,0,0,0,0,0,0,0,0,0,0,0,0,0,0
12181,406.0,3158,25,23,751,2407,0,0,1342,312.32,1.239,1.565,0.559,0.076,0.250,-0.961,1.992,0.5629,2.5911,0.575,0.005,0.001,0.144,0.117,32,116,21,0,258,0,103187.69,11377.448,36460.397,11.824,6781.866,12.857,34724.860,12532.506,2176.362,10921.430,8737.144,1181.531,0.000,335.665,0.000235,0.028188,1381,0,16,5,21,16,17502,2,3,8.901,0,0,0,0,0,0,0,0,0,0,0,0,0,0,75037,1520,1379,44970.982,36439.450,6779.446,0.037,8.901,31236.240,12201.840,78.056,212,383,115,16,252,111003,0,0,0,0.000,0.000,0.000,0.000,0.000,0.000,0.000,0.000,0,0,0,0,0,0,0,0,0,0.000,0.000,0.000,0.000,0.000,0.000,0.000,0.000,0,0,0,0,0,0,0,0,0,0.000,0.000,0.000,0.000,0.000,0.000,0.000,0.000,0,0,0,0,0,0,0,0,0,0.000,0.000,0.000,0.000,0.000,0.000,0.000,0.000,0,0,0,0,0,0,0,0,0,0.000,0.000,0.000,0.000,0.000,0.000,0.000,0.000,0,0,0,0,0,0,0,0,0,0,0,0,0,0,0,0,0,0
12211,407.0,3025,26,23,755,2270,0,0,1202,295.64,1.227,1.553,0.566,0.076,0.260,-0.961,1.998,0.5603,2.6083,0.586,0.007,0.001,0.145,0.112,36,116,30,1,228,0,98473.71,10723.536,34552.110,9.255,5767.884,12.139,32605.622,11504.147,1983.227,11791.222,9432.978,1238.043,0.000,309.592,0.000280,0.026620,1215,0,24,6,30,24,17169,7,4,6.708,0,0,0,0,0,0,0,0,0,0,0,0,0,0,69842,1439,1208,41925.975,34526.682,5761.391,0.052,6.708,29085.643,11182.693,70.661,228,365,115,24,226,103034,0,0,0,0.000,0.000,0.000,0.000,0.000,0.000,0.000,0.000,0,0,0,0,0,0,0,0,0,0.000,0.000,0.000,0.000,0.000,0.000,0.000,0.000,0,0,0,0,0,0,0,0,0,0.000,0.000,0.000,0.000,0.000,0.000,0.000,0.000,0,0,0,0,0,0,0,0,0,0.000,0.000,0.000,0.000,0.000,0.000,0.000,0.000,0,0,0,0,0,0,0,0,0,0.000,0.000,0.000,0.000,0.000,0.000,0.000,0.000,0,0,0,0,0,0,0,0,0,0,0,0,0,0,0,0,0,0
12241,408.0,2895,19,23,745,2150,0,0,1080,332.64,1.217,1.544,0.570,0.077,0.267,-0.961,1.998,0.5553,2.5486,0.598,0.007,0.001,0.145,0.109,25,105,25,0,214,0,94018.84,10124.300,32927.033,8.604,5802.459,11.681,31121.182,10793.689,1795.735,10324.577,8259.662,1423.716,0.711,314.849,0.000271,0.024509,1208,0,19,6,25,19,17198,6,4,5.964,0,0,0,0,0,0,0,0,0,0,0,0,0,0,66260,1371,1202,40258.059,32917.365,5796.224,0.050,5.964,27599.169,10483.716,66.145,203,323,103,19,201,91985,0,0,0,0.000,0.000,0.000,0.000,0.000,0.000,0.000,0.000,0,0,0,0,0,0,0,0,0,0.000,0.000,0.000,0.000,0.000,0.000,0.000,0.000,0,0,0,0,0,0,0,0,0,0.000,0.000,0.000,0.000,0.000,0.000,0.000,0.000,0,0,0,0,0,0,0,0,0,0.000,0.000,0.000,0.000,0.000,0.000,0.000,0.000,0,0,0,0,0,0,0,0,0,0.000,0.000,0.000,0.000,0.000,0.000,0.000,0.000,0,0,0,0,0,0,0,0,0,0,0,0,0,0,0,0,0,0
12271,409.0,2832,12,23,752,2080,0,0,1049,279.98,1.209,1.534,0.571,0.078,0.274,-0.960,1.996,0.5554,2.5308,0.599,0.003,0.001,0.145,0.106,27,109,7,0,156,0,88507.82,9769.231,29796.581,3.958,5614.189,11.441,30106.934,10430.443,1700.553,10076.404,8061.123,556.412,18.401,252.768,0.000275,0.022179,1201,0,4,3,7,4,17305,11,2,2.544,0,0,0,0,0,0,0,0,0,0,0,0,0,0,63830,1245,1190,36858.342,29780.038,5607.270,0.040,2.544,26567.810,10128.033,61.213,196,266,109,4,153,73550,0,0,0,0.000,0.000,0.000,0.000,0.000,0.000,0.000,0.000,0,0,0,0,0,0,0,0,0,0.000,0.000,0.000,0.000,0.000,0.000,0.000,0.000,0,0,0,0,0,0,0,0,0,0.000,0.000,0.000,0.000,0.000,0.000,0.000,0.000,0,0,0,0,0,0,0,0,0,0.000,0.000,0.000,0.000,0.000,0.000,0.000,0.000,0,0,0,0,0,0,0,0,0,0.000,0.000,0.000,0.000,0.000,0.000,0.000,0.000,0,0,0,0,0,0,0,0,0,0,0,0,0,0,0,0,0,0
12301,410.0,2678,24,22,743,1935,0,0,985,339.91,1.194,1.520,0.575,0.077,0.284,-0.961,1.996,0.5593,2.5895,0.599,0.003,0.002,0.146,0.101,38,128,11,0,171,0,81215.39,9486.339,25597.860,11.856,5261.272,12.177,28691.602,9679.183,1622.356,7488.643,5990.914,660.738,11.909,224.971,0.000180,0.021640,1135,0,5,6,11,5,17197,5,4,7.690,0,0,0,0,0,0,0,0,0,0,0,0,0,0,60386,1068,1130,32113.614,25585.081,5257.850,0.014,7.690,25148.952,9380.859,57.304,148,293,125,5,163,89551,0,0,0,0.000,0.000,0.000,0.000,0.000,0.000,0.000,0.000,0,0,0,0,0,0,0,0,0,0.000,0.000,0.000,0.000,0.000,0.000,0.000,0.000,0,0,0,0,0,0,0,0,0,0.000,0.000,0.000,0.000,0.000,0.000,0.000,0.000,0,0,0,0,0,0,0,0,0,0.000,0.000,0.000,0.000,0.000,0.000,0.000,0.000,0,0,0,0,0,0,0,0,0,0.000,0.000,0.000,0.000,0.000,0.000,0.000,0.000,0,0,0,0,0,0,0,0,0,0,0,0,0,0,0,0,0,0
12331,411.0,2528,20,22,738,1790,0,0,889,330.20,1.180,1.501,0.581,0.076,0.296,-0.960,2.000,0.5634,2.4958,0.601,0.003,0.002,0.147,0.095,38,118,17,1,160,0,75310.16,8881.072,25171.489,3.330,4478.113,11.848,26860.910,8932.690,1505.687,7078.664,5662.931,995.921,8.843,241.339,0.000235,0.020638,1014,0,15,2,17,15,17008,3,2,3.224,0,0,0,0,0,0,0,0,0,0,0,0,0,0,56030,1050,1011,30885.246,25165.154,4475.291,0.105,3.224,23343.836,8639.485,53.145,137,282,117,15,150,80417,0,0,0,0.000,0.000,0.000,0.000,0.000,0.000,0.000,0.000,0,0,0,0,0,0,0,0,0,0.000,0.000,0.000,0.000,0.000,0.000,0.000,0.000,0,0,0,0,0,0,0,0,0,0.000,0.000,0.000,0.000,0.000,0.000,0.000,0.000,0,0,0,0,0,0,0,0,0,0.000,0.000,0.000,0.000,0.000,0.000,0.000,0.000,0,0,0,0,0,0,0,0,0,0.000,0.000,0.000,0.000,0.000,0.000,0.000,0.000,0,0,0,0,0,0,0,0,0,0,0,0,0,0,0,0,0,0
12361,412.0,2325,23,22,725,1600,0,0,800,395.96,1.159,1.478,0.591,0.075,0.314,-0.960,2.006,0.5612,2.4874,0.587,0.000,0.002,0.147,0.088,44,128,21,0,159,0,69063.12,8423.012,21810.377,5.688,4222.607,13.758,24783.557,8045.129,1342.855,5110.776,4088.621,1007.167,36.345,248.905,0.000150,0.019403,981,0,18,3,21,18,16466,23,2,4.137,0,0,0,0,0,0,0,0,0,0,0,0,0,0,51093,915,958,27122.084,21810.377,4211.492,0.291,4.137,21293.481,7759.065,49.875,101,291,125,18,148,88608,0,0,0,0.000,0.000,0.000,0.000,0.000,0.000,0.000,0.000,0,0,0,0,0,0,0,0,0,0.000,0.000,0.000,0.000,0.000,0.000,0.000,0.000,0,0,0,0,0,0,0,0,0,0.000,0.000,0.000,0.000,0.000,0.000,0.000,0.000,0,0,0,0,0,0,0,0,0,0.000,0.000,0.000,0.000,0.000,0.000,0.000,0.000,0,0,0,0,0,0,0,0,0,0.000,0.000,0.000,0.000,0.000,0.000,0.000,0.000,0,0,0,0,0,0,0,0,0,0,0,0,0,0,0,0,0,0
12391,413.0,2184,23,22,708,1476,0,0,721,377.55,1.146,1.465,0.593,0.073,0.324,-0.961,2.011,0.5643,2.4803,0.597,0.001,0.002,0.147,0.083,42,125,12,0,129,0,63607.52,7859.818,19849.383,1.623,3645.333,19.471,22687.613,7179.749,1214.994,6128.219,4902.575,671.045,0.000,187.381,0.000164,0.017828,814,0,10,2,12,10,16174,24,1,0.615,0,0,0,0,0,0,0,0,0,0,0,0,0,0,46211,830,790,24460.417,19849.383,3640.717,0.241,0.615,19259.490,6899.817,45.145,122,246,120,10,116,70052,0,0,0,0.000,0.000,0.000,0.000,0.000,0.000,0.000,0.000,0,0,0,0,0,0,0,0,0,0.000,0.000,0.000,0.000,0.000,0.000,0.000,0.000,0,0,0,0,0,0,0,0,0,0.000,0.000,0.000,0.000,0.000,0.000,0.000,0.000,0,0,0,0,0,0,0,0,0,0.000,0.000,0.000,0.000,0.000,0.000,0.000,0.000,0,0,0,0,0,0,0,0,0,0.000,0.000,0.000,0.000,0.000,0.000,0.000,0.000,0,0,0,0,0,0,0,0,0,0,0,0,0,0,0,0,0,0
12421,414.0,2045,20,22,701,1344,0,0,615,348.80,1.125,1.445,0.603,0.074,0.340,-0.960,2.015,0.5626,2.4317,0.605,0.004,0.001,0.147,0.075,39,125,9,0,115,0,58713.75,7501.554,17988.440,1.942,3530.923,17.073,21034.025,6529.094,1061.993,5263.196,4210.557,545.312,0.000,162.643,0.000212,0.016527,778,0,8,1,9,8,16113,9,1,1.850,0,0,0,0,0,0,0,0,0,0,0,0,0,0,42397,754,769,22379.281,17976.922,3520.635,0.092,1.850,17671.312,6263.660,37.785,104,236,123,8,105,74861,0,0,0,0.000,0.000,0.000,0.000,0.000,0.000,0.000,0.000,0,0,0,0,0,0,0,0,0,0.000,0.000,0.000,0.000,0.000,0.000,0.000,0.000,0,0,0,0,0,0,0,0,0,0.000,0.000,0.000,0.000,0.000,0.000,0.000,0.000,0,0,0,0,0,0,0,0,0,0.000,0.000,0.000,0.000,0.000,0.000,0.000,0.000,0,0,0,0,0,0,0,0,0,0.000,0.000,0.000,0.000,0.000,0.000,0.000,0.000,0,0,0,0,0,0,0,0,0,0,0,0,0,0,0,0,0,0
12451,415.0,1933,24,23,688,1245,0,0,546,360.14,1.112,1.429,0.608,0.076,0.351,-0.961,2.017,0.5567,2.4131,0.600,0.003,0.003,0.148,0.070,52,108,12,1,97,0,55256.66,7285.219,17550.389,13.556,2980.785,19.120,19548.023,6123.685,922.409,5079.614,4063.691,541.401,14.084,140.728,0.000121,0.016049,723,0,4,8,12,4,15795,4,7,11.990,0,0,0,0,0,0,0,0,0,0,0,0,0,0,38856,735,719,21345.670,17530.827,2978.633,0.071,11.990,16204.097,5861.096,34.275,98,197,107,4,86,58370,0,0,0,0.000,0.000,0.000,0.000,0.000,0.000,0.000,0.000,0,0,0,0,0,0,0,0,0,0.000,0.000,0.000,0.000,0.000,0.000,0.000,0.000,0,0,0,0,0,0,0,0,0,0.000,0.000,0.000,0.000,0.000,0.000,0.000,0.000,0,0,0,0,0,0,0,0,0,0.000,0.000,0.000,0.000,0.000,0.000,0.000,0.000,0,0,0,0,0,0,0,0,0,0.000,0.000,0.000,0.000,0.000,0.000,0.000,0.000,0,0,0,0,0,0,0,0,0,0,0,0,0,0,0,0,0,0
12481,416.0,1823,18,23,678,1145,0,0,464,376.88,1.093,1.409,0.614,0.072,0.365,-0.961,2.022,0.5608,2.3840,0.616,0.004,0.003,0.149,0.066,41,101,6,1,83,0,51891.80,6957.860,15342.047,3.325,2857.028,21.537,18287.336,5502.585,798.551,3880.091,3104.073,176.519,0.000,127.081,0.000147,0.015471,670,0,3,3,6,3,15401,25,3,3.299,0,0,0,0,0,0,0,0,0,0,0,0,0,0,35908,641,645,18935.859,15329.900,2848.215,0.026,3.299,14981.760,5247.157,30.942,77,177,99,3,75,55815,0,0,0,0.000,0.000,0.000,0.000,0.000,0.000,0.000,0.000,0,0,0,0,0,0,0,0,0,0.000,0.000,0.000,0.000,0.000,0.000,0.000,0.000,0,0,0,0,0,0,0,0,0,0.000,0.000,0.000,0.000,0.000,0.000,0.000,0.000,0,0,0,0,0,0,0,0,0,0.000,0.000,0.000,0.000,0.000,0.000,0.000,0.000,0,0,0,0,0,0,0,0,0,0.000,0.000,0.000,0.000,0.000,0.000,0.000,0.000,0,0,0,0,0,0,0,0,0,0,0,0,0,0,0,0,0,0
12511,417.0,1736,20,23,670,1066,0,0,400,384.83,1.077,1.393,0.619,0.071,0.377,-0.961,2.024,0.5591,2.4065,0.594,0.003,0.004,0.148,0.060,39,102,6,0,56,0,49500.42,6630.545,14950.607,3.282,2810.854,19.923,17035.965,5112.673,670.108,3739.982,2991.985,284.396,0.000,124.669,0.000114,0.014180,600,0,3,3,6,3,15152,10,2,2.018,0,0,0,0,0,0,0,0,0,0,0,0,0,0,33058,624,590,18464.061,14940.127,2805.383,0.010,2.018,13745.671,4859.768,31.839,74,153,99,3,51,52799,0,0,0,0.000,0.000,0.000,0.000,0.000,0.000,0.000,0.000,0,0,0,0,0,0,0,0,0,0.000,0.000,0.000,0.000,0.000,0.000,0.000,0.000,0,0,0,0,0,0,0,0,0,0.000,0.000,0.000,0.000,0.000,0.000,0.000,0.000,0,0,0,0,0,0,0,0,0,0.000,0.000,0.000,0.000,0.000,0.000,0.000,0.000,0,0,0,0,0,0,0,0,0,0.000,0.000,0.000,0.000,0.000,0.000,0.000,0.000,0,0,0,0,0,0,0,0,0,0,0,0,0,0,0,0,0,0
12541,418.0,1643,20,23,663,980,0,0,358,399.27,1.056,1.372,0.625,0.069,0.392,-0.961,2.022,0.5643,2.4054,0.628,0.003,0.002,0.149,0.054,40,95,5,0,67,0,46693.76,6524.655,13057.882,3.188,2375.718,17.617,15980.506,4715.272,581.959,3489.511,2791.609,317.144,0.000,99.599,0.000189,0.012279,518,0,3,2,5,3,15212,5,1,2.028,0,0,0,0,0,0,0,0,0,0,0,0,0,0,30623,548,513,16050.874,13051.827,2370.787,0.023,2.028,12713.824,4468.889,30.678,68,154,89,3,62,49963,0,0,0,0.000,0.000,0.000,0.000,0.000,0.000,0.000,0.000,0,0,0,0,0,0,0,0,0,0.000,0.000,0.000,0.000,0.000,0.000,0.000,0.000,0,0,0,0,0,0,0,0,0,0.000,0.000,0.000,0.000,0.000,0.000,0.000,0.000,0,0,0,0,0,0,0,0,0,0.000,0.000,0.000,0.000,0.000,0.000,0.000,0.000,0,0,0,0,0,0,0,0,0,0.000,0.000,0.000,0.000,0.000,0.000,0.000,0.000,0,0,0,0,0,0,0,0,0,0,0,0,0,0,0,0,0,0
12571,419.0,1581,15,23,659,922,0,0,317,322.01,1.040,1.353,0.631,0.065,0.403,-0.961,2.025,0.5626,2.2930,0.621,0.000,0.003,0.149,0.048,44,94,3,0,41,0,44762.81,6457.392,12725.592,0.050,2457.021,19.917,15126.995,4378.049,520.999,3601.346,2881.077,158.296,97.443,111.934,0.000116,0.012827,522,0,3,0,3,3,15108,9,0,0.000,0,0,0,0,0,0,0,0,0,0,0,0,0,0,28604,532,513,15793.550,12720.603,2449.690,0.050,0.000,11855.827,4137.505,24.151,71,129,91,3,35,36935,0,0,0,0.000,0.000,0.000,0.000,0.000,0.000,0.000,0.000,0,0,0,0,0,0,0,0,0,0.000,0.000,0.000,0.000,0.000,0.000,0.000,0.000,0,0,0,0,0,0,0,0,0,0.000,0.000,0.000,0.000,0.000,0.000,0.000,0.000,0,0,0,0,0,0,0,0,0,0.000,0.000,0.000,0.000,0.000,0.000,0.000,0.000,0,0,0,0,0,0,0,0,0,0.000,0.000,0.000,0.000,0.000,0.000,0.000,0.000,0,0,0,0,0,0,0,0,0,0,0,0,0,0,0,0,0,0
12601,420.0,1523,28,24,657,866,0,0,292,365.89,1.027,1.334,0.634,0.066,0.415,-0.960,2.023,0.5609,2.3589,0.619,0.003,0.005,0.150,0.043,48,93,7,0,33,0,43023.66,6335.339,11977.920,1.031,2052.548,24.875,14373.788,3992.705,465.072,3521.768,2817.415,332.568,64.491,120.470,0.000130,0.014305,444,0,5,2,7,5,14978,11,2,0.963,0,0,0,0,0,0,0,0,0,0,0,0,0,0,26765,500,433,14576.270,11971.598,2036.711,0.068,0.963,11096.873,3755.727,22.793,67,123,90,5,28,40979,0,0,0,0.000,0.000,0.000,0.000,0.000,0.000,0.000,0.000,0,0,0,0,0,0,0,0,0,0.000,0.000,0.000,0.000,0.000,0.000,0.000,0.000,0,0,0,0,0,0,0,0,0,0.000,0.000,0.000,0.000,0.000,0.000,0.000,0.000,0,0,0,0,0,0,0,0,0,0.000,0.000,0.000,0.000,0.000,0.000,0.000,0.000,0,0,0,0,0,0,0,0,0,0.000,0.000,0.000,0.000,0.000,0.000,0.000,0.000,0,0,0,0,0,0,0,0,0,0,0,0,0,0,0,0,0,0
12631,421.0,1479,25,24,657,822,0,0,264,377.70,1.014,1.319,0.636,0.067,0.425,-0.961,2.025,0.5639,2.3079,0.632,0.009,0.005,0.151,0.038,47,79,7,0,34,0,43172.61,6409.287,12843.952,7.123,2076.365,24.939,13825.064,3834.684,419.996,3578.547,2862.838,212.872,5.769,97.313,0.000080,0.014542,414,0,4,3,7,4,14888,8,1,2.845,0,0,0,0,0,0,0,0,0,0,0,0,0,0,25366,535,406,15506.367,12836.673,2070.035,0.037,2.845,10545.153,3595.611,24.160,68,112,77,4,31,35825,0,0,0,0.000,0.000,0.000,0.000,0.000,0.000,0.000,0.000,0,0,0,0,0,0,0,0,0,0.000,0.000,0.000,0.000,0.000,0.000,0.000,0.000,0,0,0,0,0,0,0,0,0,0.000,0.000,0.000,0.000,0.000,0.000,0.000,0.000,0,0,0,0,0,0,0,0,0,0.000,0.000,0.000,0.000,0.000,0.000,0.000,0.000,0,0,0,0,0,0,0,0,0,0.000,0.000,0.000,0.000,0.000,0.000,0.000,0.000,0,0,0,0,0,0,0,0,0,0,0,0,0,0,0,0,0,0
12661,422.0,1468,33,24,658,810,0,0,235,359.23,1.008,1.314,0.632,0.071,0.429,-0.961,2.028,0.5664,2.3410,0.619,0.002,0.005,0.150,0.037,53,70,1,0,36,0,43336.85,6410.089,12311.455,0.919,2166.804,22.382,13418.129,3701.116,367.589,4498.942,3599.154,69.355,23.694,78.551,0.000125,0.014541,403,0,0,1,1,0,14798,10,0,0.000,0,0,0,0,0,0,0,0,0,0,0,0,0,0,24387,514,393,15010.772,12311.455,2155.991,0.000,0.000,10114.020,3462.449,21.726,87,99,69,0,30,31346,0,0,0,0.000,0.000,0.000,0.000,0.000,0.000,0.000,0.000,0,0,0,0,0,0,0,0,0,0.000,0.000,0.000,0.000,0.000,0.000,0.000,0.000,0,0,0,0,0,0,0,0,0,0.000,0.000,0.000,0.000,0.000,0.000,0.000,0.000,0,0,0,0,0,0,0,0,0,0.000,0.000,0.000,0.000,0.000,0.000,0.000,0.000,0,0,0,0,0,0,0,0,0,0.000,0.000,0.000,0.000,0.000,0.000,0.000,0.000,0,0,0,0,0,0,0,0,0,0,0,0,0,0,0,0,0,0
12691,423.0,1478,37,24,663,815,0,0,206,352.29,1.006,1.314,0.633,0.071,0.430,-0.961,2.026,0.5590,2.4214,0.616,0.006,0.002,0.150,0.037,60,57,1,0,25,0,45417.75,6520.356,13928.188,2.249,1980.247,23.931,13355.416,3678.437,312.448,4341.403,3473.122,65.707,0.000,89.600,0.000131,0.013727,370,0,0,1,1,0,15036,17,1,2.249,0,0,0,0,0,0,0,0,0,0,0,0,0,0,24201,583,353,16546.718,13917.819,1959.808,0.000,2.249,10018.435,3443.027,22.020,83,78,56,0,22,24285,0,0,0,0.000,0.000,0.000,0.000,0.000,0.000,0.000,0.000,0,0,0,0,0,0,0,0,0,0.000,0.000,0.000,0.000,0.000,0.000,0.000,0.000,0,0,0,0,0,0,0,0,0,0.000,0.000,0.000,0.000,0.000,0.000,0.000,0.000,0,0,0,0,0,0,0,0,0,0.000,0.000,0.000,0.000,0.000,0.000,0.000,0.000,0,0,0,0,0,0,0,0,0,0.000,0.000,0.000,0.000,0.000,0.000,0.000,0.000,0,0,0,0,0,0,0,0,0,0,0,0,0,0,0,0,0,0
12721,424.0,1511,30,24,668,843,0,0,189,369.35,1.011,1.322,0.627,0.073,0.424,-0.960,2.024,0.5676,2.3817,0.598,0.012,0.002,0.150,0.039,65,59,2,0,16,0,47482.79,6689.402,14254.714,0.025,2298.755,25.330,13560.435,3805.637,286.359,5258.599,4206.880,66.352,10.268,98.341,0.000138,0.014313,410,0,2,0,2,2,15187,6,0,0.000,0,0,0,0,0,0,0,0,0,0,0,0,0,0,24638,595,404,17201.903,14248.889,2290.067,0.025,0.000,10165.407,3564.436,22.746,103,75,58,2,15,26571,0,0,0,0.000,0.000,0.000,0.000,0.000,0.000,0.000,0.000,0,0,0,0,0,0,0,0,0,0.000,0.000,0.000,0.000,0.000,0.000,0.000,0.000,0,0,0,0,0,0,0,0,0,0.000,0.000,0.000,0.000,0.000,0.000,0.000,0.000,0,0,0,0,0,0,0,0,0,0.000,0.000,0.000,0.000,0.000,0.000,0.000,0.000,0,0,0,0,0,0,0,0,0,0.000,0.000,0.000,0.000,0.000,0.000,0.000,0.000,0,0,0,0,0,0,0,0,0,0,0,0,0,0,0,0,0,0
12751,425.0,1556,31,23,674,882,0,0,164,403.45,1.020,1.333,0.620,0.073,0.416,-0.959,2.025,0.5623,2.3937,0.611,0.012,0.003,0.149,0.042,51,60,3,0,12,0,49667.84,6949.058,15034.359,7.733,2557.104,24.996,14111.365,4099.784,248.772,5529.226,4423.381,80.785,51.715,107.833,0.000134,0.014835,439,0,0,3,3,0,15385,6,3,7.733,0,0,0,0,0,0,0,0,0,0,0,0,0,0,25988,630,433,18328.757,15017.827,2546.786,0.000,7.733,10683.001,3861.219,19.610,106,67,56,0,11,22470,0,0,0,0.000,0.000,0.000,0.000,0.000,0.000,0.000,0.000,0,0,0,0,0,0,0,0,0,0.000,0.000,0.000,0.000,0.000,0.000,0.000,0.000,0,0,0,0,0,0,0,0,0,0.000,0.000,0.000,0.000,0.000,0.000,0.000,0.000,0,0,0,0,0,0,0,0,0,0.000,0.000,0.000,0.000,0.000,0.000,0.000,0.000,0,0,0,0,0,0,0,0,0,0.000,0.000,0.000,0.000,0.000,0.000,0.000,0.000,0,0,0,0,0,0,0,0,0,0,0,0,0,0,0,0,0,0
12781,426.0,1632,42,23,693,939,0,0,139,386.85,1.026,1.342,0.616,0.073,0.409,-0.960,2.022,0.5555,2.5061,0.591,0.007,0.004,0.148,0.045,64,59,3,0,15,0,52349.57,7332.640,16411.603,0.053,3010.093,20.220,14729.519,4402.965,209.767,6971.609,5577.288,128.531,56.474,140.983,0.000099,0.014483,509,0,3,0,3,3,15596,13,0,0.000,0,0,0,0,0,0,0,0,0,0,0,0,0,0,27438,686,496,20235.454,16401.837,2996.377,0.053,0.000,11221.487,4153.854,24.792,131,74,57,3,14,21059,0,0,0,0.000,0.000,0.000,0.000,0.000,0.000,0.000,0.000,0,0,0,0,0,0,0,0,0,0.000,0.000,0.000,0.000,0.000,0.000,0.000,0.000,0,0,0,0,0,0,0,0,0,0.000,0.000,0.000,0.000,0.000,0.000,0.000,0.000,0,0,0,0,0,0,0,0,0,0.000,0.000,0.000,0.000,0.000,0.000,0.000,0.000,0,0,0,0,0,0,0,0,0,0.000,0.000,0.000,0.000,0.000,0.000,0.000,0.000,0,0,0,0,0,0,0,0,0,0,0,0,0,0,0,0,0,0
12811,427.0,1692,24,23,703,989,0,0,128,367.05,1.034,1.355,0.613,0.073,0.402,-0.960,2.021,0.5591,2.4078,0.603,0.007,0.006,0.147,0.048,42,63,6,0,11,0,55559.24,7806.077,17360.804,6.441,2889.793,23.294,15430.503,4691.572,181.515,6504.686,5203.749,176.678,63.299,119.148,0.000133,0.013838,480,0,2,4,6,2,15871,3,2,1.336,0,0,0,0,0,0,0,0,0,0,0,0,0,0,28969,722,477,21029.062,17350.399,2887.548,0.036,1.336,11844.537,4438.100,25.899,122,72,59,2,11,19605,0,0,0,0.000,0.000,0.000,0.000,0.000,0.000,0.000,0.000,0,0,0,0,0,0,0,0,0,0.000,0.000,0.000,0.000,0.000,0.000,0.000,0.000,0,0,0,0,0,0,0,0,0,0.000,0.000,0.000,0.000,0.000,0.000,0.000,0.000,0,0,0,0,0,0,0,0,0,0.000,0.000,0.000,0.000,0.000,0.000,0.000,0.000,0,0,0,0,0,0,0,0,0,0.000,0.000,0.000,0.000,0.000,0.000,0.000,0.000,0,0,0,0,0,0,0,0,0,0,0,0,0,0,0,0,0,0
12841,428.0,1782,31,23,710,1072,0,0,123,337.00,1.050,1.376,0.603,0.071,0.388,-0.960,2.022,0.5600,2.4725,0.594,0.011,0.007,0.147,0.054,53,56,5,0,12,0,59783.16,8076.397,19487.917,8.599,3071.609,17.247,16176.751,4988.314,169.668,7686.224,6148.979,293.064,48.171,135.777,0.000129,0.012922,523,0,2,3,5,2,15955,13,2,6.564,0,0,0,0,0,0,0,0,0,0,0,0,0,0,30714,811,510,23436.162,19471.370,3058.837,0.009,6.564,12526.822,4735.543,21.202,152,69,56,2,11,17817,0,0,0,0.000,0.000,0.000,0.000,0.000,0.000,0.000,0.000,0,0,0,0,0,0,0,0,0,0.000,0.000,0.000,0.000,0.000,0.000,0.000,0.000,0,0,0,0,0,0,0,0,0,0.000,0.000,0.000,0.000,0.000,0.000,0.000,0.000,0,0,0,0,0,0,0,0,0,0.000,0.000,0.000,0.000,0.000,0.000,0.000,0.000,0,0,0,0,0,0,0,0,0,0.000,0.000,0.000,0.000,0.000,0.000,0.000,0.000,0,0,0,0,0,0,0,0,0,0,0,0,0,0,0,0,0,0
12871,429.0,1901,47,23,730,1171,0,0,110,299.27,1.062,1.393,0.596,0.071,0.376,-0.961,2.028,0.5608,2.5214,0.591,0.014,0.007,0.146,0.061,58,70,9,0,5,0,65321.00,8659.242,22317.647,14.626,3321.170,17.187,17329.824,5586.568,153.073,9256.140,7404.912,307.982,74.342,150.659,0.000140,0.011682,512,0,3,6,9,3,16189,14,4,10.128,0,0,0,0,0,0,0,0,0,0,0,0,0,0,33573,929,498,26599.738,22295.411,3301.445,0.023,10.128,13620.895,5320.837,29.915,172,73,66,3,4,15425,0,0,0,0.000,0.000,0.000,0.000,0.000,0.000,0.000,0.000,0,0,0,0,0,0,0,0,0,0.000,0.000,0.000,0.000,0.000,0.000,0.000,0.000,0,0,0,0,0,0,0,0,0,0.000,0.000,0.000,0.000,0.000,0.000,0.000,0.000,0,0,0,0,0,0,0,0,0,0.000,0.000,0.000,0.000,0.000,0.000,0.000,0.000,0,0,0,0,0,0,0,0,0,0.000,0.000,0.000,0.000,0.000,0.000,0.000,0.000,0,0,0,0,0,0,0,0,0,0,0,0,0,0,0,0,0,0
12901,430.0,2052,26,23,746,1306,0,0,112,303.17,1.082,1.418,0.588,0.072,0.359,-0.960,2.025,0.5631,2.5018,0.585,0.005,0.005,0.145,0.068,52,70,6,0,7,0,71362.19,9168.800,24699.195,11.495,4354.980,18.740,18872.812,6176.812,153.401,10974.048,8779.238,205.148,44.193,191.127,0.000116,0.011683,699,0,2,4,6,2,16566,17,2,5.458,0,0,0,0,0,0,0,0,0,0,0,0,0,0,37219,1030,682,30158.046,24668.817,4330.757,0.030,5.458,15054.127,5896.926,35.169,214,79,70,2,7,20381,0,0,0,0.000,0.000,0.000,0.000,0.000,0.000,0.000,0.000,0,0,0,0,0,0,0,0,0,0.000,0.000,0.000,0.000,0.000,0.000,0.000,0.000,0,0,0,0,0,0,0,0,0,0.000,0.000,0.000,0.000,0.000,0.000,0.000,0.000,0,0,0,0,0,0,0,0,0,0.000,0.000,0.000,0.000,0.000,0.000,0.000,0.000,0,0,0,0,0,0,0,0,0,0.000,0.000,0.000,0.000,0.000,0.000,0.000,0.000,0,0,0,0,0,0,0,0,0,0,0,0,0,0,0,0,0,0
12931,431.0,2225,32,23,763,1462,0,0,115,264.70,1.103,1.443,0.577,0.072,0.342,-0.962,2.026,0.5584,2.5696,0.583,0.008,0.003,0.144,0.075,63,70,18,0,3,0,77029.22,9670.558,26943.368,24.784,4324.856,19.588,20653.091,6946.016,149.193,12254.785,9803.828,526.949,37.999,207.481,0.000159,0.011300,697,0,8,10,18,8,16876,28,6,14.088,0,0,0,0,0,0,0,0,0,0,0,0,0,0,41458,1119,669,32385.056,26915.096,4286.499,0.076,14.088,16735.142,6651.317,42.762,236,80,70,8,2,15770,0,0,0,0.000,0.000,0.000,0.000,0.000,0.000,0.000,0.000,0,0,0,0,0,0,0,0,0,0.000,0.000,0.000,0.000,0.000,0.000,0.000,0.000,0,0,0,0,0,0,0,0,0,0.000,0.000,0.000,0.000,0.000,0.000,0.000,0.000,0,0,0,0,0,0,0,0,0,0.000,0.000,0.000,0.000,0.000,0.000,0.000,0.000,0,0,0,0,0,0,0,0,0,0.000,0.000,0.000,0.000,0.000,0.000,0.000,0.000,0,0,0,0,0,0,0,0,0,0,0,0,0,0,0,0,0,0
12961,432.0,2372,27,23,787,1585,0,0,110,259.34,1.115,1.458,0.576,0.072,0.333,-0.962,2.027,0.5632,2.5654,0.590,0.014,0.004,0.144,0.079,47,100,11,1,12,0,82555.59,10551.144,28325.207,10.348,5253.688,14.427,22476.520,7685.850,151.238,12655.964,10124.772,285.222,7.780,222.528,0.000109,0.010518,870,0,7,4,11,7,17645,17,4,10.302,0,0,0,0,0,0,0,0,0,0,0,0,0,0,45654,1180,853,34785.161,28310.352,5231.022,0.046,10.302,18463.983,7379.233,49.005,241,118,99,7,12,24238,0,0,0,0.000,0.000,0.000,0.000,0.000,0.000,0.000,0.000,0,0,0,0,0,0,0,0,0,0.000,0.000,0.000,0.000,0.000,0.000,0.000,0.000,0,0,0,0,0,0,0,0,0,0.000,0.000,0.000,0.000,0.000,0.000,0.000,0.000,0,0,0,0,0,0,0,0,0,0.000,0.000,0.000,0.000,0.000,0.000,0.000,0.000,0,0,0,0,0,0,0,0,0,0.000,0.000,0.000,0.000,0.000,0.000,0.000,0.000,0,0,0,0,0,0,0,0,0,0,0,0,0,0,0,0,0,0
12991,433.0,2538,38,23,814,1724,0,0,102,254.65,1.126,1.474,0.573,0.072,0.324,-0.962,2.032,0.5604,2.6606,0.561,0.014,0.003,0.143,0.084,32,109,15,1,12,0,88718.27,11284.998,31028.478,16.902,5673.092,15.206,24120.252,8237.967,140.818,13967.282,11173.826,543.385,50.680,281.133,0.000172,0.010456,989,0,10,5,15,10,18611,15,5,16.825,0,0,0,0,0,0,0,0,0,0,0,0,0,0,49339,1297,974,38183.641,31009.769,5661.055,0.077,16.825,19988.055,7921.119,53.156,267,128,107,10,11,23958,0,0,0,0.000,0.000,0.000,0.000,0.000,0.000,0.000,0.000,0,0,0,0,0,0,0,0,0,0.000,0.000,0.000,0.000,0.000,0.000,0.000,0.000,0,0,0,0,0,0,0,0,0,0.000,0.000,0.000,0.000,0.000,0.000,0.000,0.000,0,0,0,0,0,0,0,0,0,0.000,0.000,0.000,0.000,0.000,0.000,0.000,0.000,0,0,0,0,0,0,0,0,0,0.000,0.000,0.000,0.000,0.000,0.000,0.000,0.000,0,0,0,0,0,0,0,0,0,0,0,0,0,0,0,0,0,0
13021,434.0,2741,43,23,851,1890,0,0,97,199.77,1.138,1.488,0.568,0.072,0.315,-0.961,2.029,0.5697,2.5521,0.568,0.012,0.004,0.143,0.088,50,115,14,0,11,0,95077.66,12024.205,33865.525,11.284,6288.208,17.044,26246.161,9109.457,130.039,15889.220,12711.376,469.459,104.768,303.894,0.000173,0.010357,1025,0,9,5,14,9,19157,15,3,6.893,0,0,0,0,0,0,0,0,0,0,0,0,0,0,54194,1413,1010,41722.709,33853.674,6260.793,0.045,6.893,21983.825,8778.365,57.264,299,133,115,9,9,21574,0,0,0,0.000,0.000,0.000,0.000,0.000,0.000,0.000,0.000,0,0,0,0,0,0,0,0,0,0.000,0.000,0.000,0.000,0.000,0.000,0.000,0.000,0,0,0,0,0,0,0,0,0,0.000,0.000,0.000,0.000,0.000,0.000,0.000,0.000,0,0,0,0,0,0,0,0,0,0.000,0.000,0.000,0.000,0.000,0.000,0.000,0.000,0,0,0,0,0,0,0,0,0,0.000,0.000,0.000,0.000,0.000,0.000,0.000,0.000,0,0,0,0,0,0,0,0,0,0,0,0,0,0,0,0,0,0
13051,435.0,2910,32,23,872,2038,0,0,109,228.23,1.149,1.501,0.561,0.072,0.306,-0.961,2.029,0.5677,2.6490,0.568,0.010,0.003,0.142,0.093,67,137,21,0,8,0,103897.09,12951.082,38485.651,23.767,7269.017,13.930,28220.093,10053.935,131.031,15716.116,12572.893,612.310,146.871,333.610,0.000171,0.009243,1255,0,11,10,21,11,19490,26,9,21.528,0,0,0,0,0,0,0,0,0,0,0,0,0,0,58738,1606,1229,47536.656,38452.604,7231.097,0.087,21.528,23808.015,9694.528,68.553,303,155,136,11,8,28253,0,0,0,0.000,0.000,0.000,0.000,0.000,0.000,0.000,0.000,0,0,0,0,0,0,0,0,0,0.000,0.000,0.000,0.000,0.000,0.000,0.000,0.000,0,0,0,0,0,0,0,0,0,0.000,0.000,0.000,0.000,0.000,0.000,0.000,0.000,0,0,0,0,0,0,0,0,0,0.000,0.000,0.000,0.000,0.000,0.000,0.000,0.000,0,0,0,0,0,0,0,0,0,0.000,0.000,0.000,0.000,0.000,0.000,0.000,0.000,0,0,0,0,0,0,0,0,0,0,0,0,0,0,0,0,0,0
13081,436.0,3150,33,23,901,2249,0,0,112,195.90,1.162,1.519,0.556,0.074,0.294,-0.961,2.033,0.5713,2.6962,0.563,0.013,0.004,0.142,0.099,50,127,22,0,12,0,110554.13,14043.216,39658.975,13.068,8443.845,13.858,30535.673,11168.301,144.088,18860.623,15088.499,879.439,139.572,419.014,0.000215,0.008943,1461,0,15,7,22,15,20342,18,7,12.925,0,0,0,0,0,0,0,0,0,0,0,0,0,0,64200,1655,1443,49985.539,39621.923,8422.769,0.143,12.925,25998.092,10782.250,83.238,364,153,127,15,11,25820,0,0,0,0.000,0.000,0.000,0.000,0.000,0.000,0.000,0.000,0,0,0,0,0,0,0,0,0,0.000,0.000,0.000,0.000,0.000,0.000,0.000,0.000,0,0,0,0,0,0,0,0,0,0.000,0.000,0.000,0.000,0.000,0.000,0.000,0.000,0,0,0,0,0,0,0,0,0,0.000,0.000,0.000,0.000,0.000,0.000,0.000,0.000,0,0,0,0,0,0,0,0,0,0.000,0.000,0.000,0.000,0.000,0.000,0.000,0.000,0,0,0,0,0,0,0,0,0,0,0,0,0,0,0,0,0,0
13111,437.0,3372,23,23,930,2442,0,0,115,224.39,1.173,1.529,0.553,0.074,0.286,-0.961,2.036,0.5682,2.6450,0.546,0.005,0.002,0.142,0.103,53,134,36,0,18,0,117510.79,14783.821,43058.107,18.974,8695.136,13.414,33033.988,12272.440,148.499,19186.360,15349.088,1062.018,116.320,433.715,0.000235,0.009278,1551,0,25,11,36,25,21073,26,10,17.280,0,0,0,0,0,0,0,0,0,0,0,0,0,0,70094,1798,1525,53795.984,43042.871,8672.263,0.170,17.280,28366.388,11869.529,89.762,368,175,134,25,16,32311,0,0,0,0.000,0.000,0.000,0.000,0.000,0.000,0.000,0.000,0,0,0,0,0,0,0,0,0,0.000,0.000,0.000,0.000,0.000,0.000,0.000,0.000,0,0,0,0,0,0,0,0,0,0.000,0.000,0.000,0.000,0.000,0.000,0.000,0.000,0,0,0,0,0,0,0,0,0,0.000,0.000,0.000,0.000,0.000,0.000,0.000,0.000,0,0,0,0,0,0,0,0,0,0.000,0.000,0.000,0.000,0.000,0.000,0.000,0.000,0,0,0,0,0,0,0,0,0,0,0,0,0,0,0,0,0,0
13141,438.0,3546,26,23,942,2604,0,0,128,236.66,1.184,1.542,0.547,0.076,0.277,-0.962,2.033,0.5677,2.7102,0.552,0.008,0.003,0.141,0.106,34,181,38,0,18,0,122855.59,15825.289,43585.306,27.512,9784.415,10.165,35333.749,13060.701,155.587,19466.767,15573.414,1134.029,44.269,471.615,0.000183,0.008139,1715,0,23,15,38,23,21496,4,12,22.844,0,0,0,0,0,0,0,0,0,0,0,0,0,0,75585,1818,1711,55448.424,43558.129,9777.451,0.231,22.844,30573.586,12659.939,82.789,381,219,180,23,16,40889,0,0,0,0.000,0.000,0.000,0.000,0.000,0.000,0.000,0.000,0,0,0,0,0,0,0,0,0,0.000,0.000,0.000,0.000,0.000,0.000,0.000,0.000,0,0,0,0,0,0,0,0,0,0.000,0.000,0.000,0.000,0.000,0.000,0.000,0.000,0,0,0,0,0,0,0,0,0,0.000,0.000,0.000,0.000,0.000,0.000,0.000,0.000,0,0,0,0,0,0,0,0,0,0.000,0.000,0.000,0.000,0.000,0.000,0.000,0.000,0,0,0,0,0,0,0,0,0,0,0,0,0,0,0,0,0,0
13171,439.0,3726,24,23,973,2753,0,0,136,185.51,1.190,1.549,0.545,0.075,0.274,-0.961,2.033,0.5681,2.6950,0.545,0.004,0.003,0.141,0.107,38,205,29,0,23,0,128944.06,16798.124,46282.065,13.062,10292.383,9.934,37344.843,13893.956,169.743,20648.251,16518.601,848.706,109.274,508.606,0.000112,0.008274,1883,0,23,6,29,23,22149,31,6,12.913,0,0,0,0,0,0,0,0,0,0,0,0,0,0,80275,1931,1852,58740.413,46239.049,10255.610,0.149,12.913,32478.222,13479.265,88.293,400,251,205,23,23,42585,0,0,0,0.000,0.000,0.000,0.000,0.000,0.000,0.000,0.000,0,0,0,0,0,0,0,0,0,0.000,0.000,0.000,0.000,0.000,0.000,0.000,0.000,0,0,0,0,0,0,0,0,0,0.000,0.000,0.000,0.000,0.000,0.000,0.000,0.000,0,0,0,0,0,0,0,0,0,0.000,0.000,0.000,0.000,0.000,0.000,0.000,0.000,0,0,0,0,0,0,0,0,0,0.000,0.000,0.000,0.000,0.000,0.000,0.000,0.000,0,0,0,0,0,0,0,0,0,0,0,0,0,0,0,0,0,0
13201,440.0,3936,27,26,997,2939,0,0,188,199.16,1.196,1.558,0.545,0.075,0.267,-0.961,2.034,0.5728,2.7158,0.544,0.009,0.005,0.141,0.109,51,212,36,0,15,0,136545.41,17871.645,50704.006,33.091,11004.393,8.995,39681.804,14906.429,207.243,22242.891,17794.313,1047.408,194.792,521.150,0.000261,0.007562,1977,0,21,15,36,21,22557,26,14,31.562,0,0,0,0,0,0,0,0,0,0,0,0,0,0,85693,2111,1951,64019.196,50646.239,10976.818,0.179,31.562,34660.956,14470.901,93.780,432,246,212,21,13,37911,0,0,0,0.000,0.000,0.000,0.000,0.000,0.000,0.000,0.000,0,0,0,0,0,0,0,0,0,0.000,0.000,0.000,0.000,0.000,0.000,0.000,0.000,0,0,0,0,0,0,0,0,0,0.000,0.000,0.000,0.000,0.000,0.000,0.000,0.000,0,0,0,0,0,0,0,0,0,0.000,0.000,0.000,0.000,0.000,0.000,0.000,0.000,0,0,0,0,0,0,0,0,0,0.000,0.000,0.000,0.000,0.000,0.000,0.000,0.000,0,0,0,0,0,0,0,0,0,0,0,0,0,0,0,0,0,0
13231,441.0,4148,18,26,1029,3119,0,0,220,203.65,1.201,1.565,0.545,0.076,0.263,-0.962,2.035,0.5763,2.6612,0.539,0.008,0.005,0.140,0.111,43,231,46,0,30,0,142164.55,18986.710,52071.617,13.343,12119.943,7.964,41923.280,15806.551,262.606,24373.714,19498.971,1711.086,235.056,639.201,0.000198,0.008445,2222,0,39,7,46,39,23184,12,6,11.131,0,0,0,0,0,0,0,0,0,0,0,0,0,0,91066,2172,2210,66625.991,52053.577,12080.596,0.196,11.131,36791.091,15352.569,103.381,478,298,230,39,29,52248,0,0,0,0.000,0.000,0.000,0.000,0.000,0.000,0.000,0.000,0,0,0,0,0,0,0,0,0,0.000,0.000,0.000,0.000,0.000,0.000,0.000,0.000,0,0,0,0,0,0,0,0,0,0.000,0.000,0.000,0.000,0.000,0.000,0.000,0.000,0,0,0,0,0,0,0,0,0,0.000,0.000,0.000,0.000,0.000,0.000,0.000,0.000,0,0,0,0,0,0,0,0,0,0.000,0.000,0.000,0.000,0.000,0.000,0.000,0.000,0,0,0,0,0,0,0,0,0,0,0,0,0,0,0,0,0,0
13261,442.0,4315,21,26,1048,3267,0,0,270,207.95,1.205,1.571,0.542,0.077,0.259,-0.963,2.036,0.5734,2.7400,0.540,0.004,0.005,0.140,0.112,43,259,55,0,38,0,147298.84,19575.430,54049.837,38.984,12578.939,8.441,43883.126,16682.074,316.842,24349.605,19479.684,1890.603,213.788,673.607,0.000267,0.008799,2317,0,36,19,55,36,23545,37,18,37.912,0,0,0,0,0,0,0,0,0,0,0,0,0,0,95795,2251,2280,69169.790,54007.059,12532.947,0.275,37.912,38641.877,16207.714,110.207,479,331,259,36,36,60672,0,0,0,0.000,0.000,0.000,0.000,0.000,0.000,0.000,0.000,0,0,0,0,0,0,0,0,0,0.000,0.000,0.000,0.000,0.000,0.000,0.000,0.000,0,0,0,0,0,0,0,0,0,0.000,0.000,0.000,0.000,0.000,0.000,0.000,0.000,0,0,0,0,0,0,0,0,0,0.000,0.000,0.000,0.000,0.000,0.000,0.000,0.000,0,0,0,0,0,0,0,0,0,0.000,0.000,0.000,0.000,0.000,0.000,0.000,0.000,0,0,0,0,0,0,0,0,0,0,0,0,0,0,0,0,0,0
13291,443.0,4480,24,26,1064,3416,0,0,344,200.80,1.212,1.577,0.542,0.077,0.254,-0.963,2.033,0.5723,2.7507,0.541,0.006,0.005,0.140,0.114,43,263,65,0,47,0,151899.00,20103.029,56392.654,34.961,13042.307,9.576,45772.926,17664.380,403.591,25535.791,20428.633,2058.439,227.408,696.581,0.000245,0.009740,2462,0,44,21,65,44,24109,22,20,32.155,0,0,0,0,0,0,0,0,0,0,0,0,0,0,100119,2346,2440,72019.355,56353.226,13013.930,0.328,32.155,40423.265,17175.842,119.835,501,352,262,44,46,60447,0,0,0,0.000,0.000,0.000,0.000,0.000,0.000,0.000,0.000,0,0,0,0,0,0,0,0,0,0.000,0.000,0.000,0.000,0.000,0.000,0.000,0.000,0,0,0,0,0,0,0,0,0,0.000,0.000,0.000,0.000,0.000,0.000,0.000,0.000,0,0,0,0,0,0,0,0,0,0.000,0.000,0.000,0.000,0.000,0.000,0.000,0.000,0,0,0,0,0,0,0,0,0,0.000,0.000,0.000,0.000,0.000,0.000,0.000,0.000,0,0,0,0,0,0,0,0,0,0,0,0,0,0,0,0,0,0
13321,444.0,4616,26,26,1079,3537,0,0,427,222.45,1.216,1.581,0.543,0.077,0.252,-0.962,2.031,0.5728,2.6610,0.543,0.007,0.005,0.140,0.115,28,293,48,0,60,0,155698.53,21400.005,56706.184,32.398,13608.337,10.866,47614.993,18487.585,516.638,25461.525,20369.220,1689.666,258.040,679.832,0.000187,0.011493,2617,0,33,15,48,33,24335,13,15,32.073,0,0,0,0,0,0,0,0,0,0,0,0,0,0,104311,2361,2604,72959.556,56677.308,13596.841,0.324,32.073,42168.258,17983.127,130.011,503,382,292,33,57,65932,0,0,0,0.000,0.000,0.000,0.000,0.000,0.000,0.000,0.000,0,0,0,0,0,0,0,0,0,0.000,0.000,0.000,0.000,0.000,0.000,0.000,0.000,0,0,0,0,0,0,0,0,0,0.000,0.000,0.000,0.000,0.000,0.000,0.000,0.000,0,0,0,0,0,0,0,0,0,0.000,0.000,0.000,0.000,0.000,0.000,0.000,0.000,0,0,0,0,0,0,0,0,0,0.000,0.000,0.000,0.000,0.000,0.000,0.000,0.000,0,0,0,0,0,0,0,0,0,0,0,0,0,0,0,0,0,0
13351,445.0,4703,23,29,1100,3603,0,0,516,215.71,1.216,1.581,0.545,0.076,0.252,-0.963,2.030,0.5643,2.7783,0.530,0.009,0.005,0.140,0.115,41,284,52,0,106,0,161455.16,22212.825,59923.472,35.020,15081.617,9.875,48915.987,18879.345,651.999,25165.218,20132.174,1850.992,379.215,704.110,0.000267,0.014054,2893,0,38,14,52,38,24888,19,14,34.785,0,0,0,0,0,0,0,0,0,0,0,0,0,0,107066,2496,2874,77745.639,59887.565,15061.606,0.234,34.785,43376.421,18371.215,128.550,491,425,284,38,103,77358,0,0,0,0.000,0.000,0.000,0.000,0.000,0.000,0.000,0.000,0,0,0,0,0,0,0,0,0,0.000,0.000,0.000,0.000,0.000,0.000,0.000,0.000,0,0,0,0,0,0,0,0,0,0.000,0.000,0.000,0.000,0.000,0.000,0.000,0.000,0,0,0,0,0,0,0,0,0,0.000,0.000,0.000,0.000,0.000,0.000,0.000,0.000,0,0,0,0,0,0,0,0,0,0.000,0.000,0.000,0.000,0.000,0.000,0.000,0.000,0,0,0,0,0,0,0,0,0,0,0,0,0,0,0,0,0,0
13381,446.0,4833,19,29,1125,3708,0,0,670,249.92,1.220,1.584,0.548,0.078,0.251,-0.963,2.033,0.5613,2.7465,0.517,0.006,0.004,0.139,0.116,44,286,56,0,103,0,166206.45,22481.542,60900.683,29.866,14069.384,7.597,50131.628,19182.350,817.054,27307.483,21845.987,1934.562,410.011,723.698,0.000188,0.013679,2708,0,36,20,56,36,24969,46,18,27.212,0,0,0,0,0,0,0,0,0,0,0,0,0,0,109466,2538,2662,77757.352,60854.048,14011.720,0.159,27.212,44481.425,18672.066,121.757,528,423,286,36,101,76173,0,0,0,0.000,0.000,0.000,0.000,0.000,0.000,0.000,0.000,0,0,0,0,0,0,0,0,0,0.000,0.000,0.000,0.000,0.000,0.000,0.000,0.000,0,0,0,0,0,0,0,0,0,0.000,0.000,0.000,0.000,0.000,0.000,0.000,0.000,0,0,0,0,0,0,0,0,0,0.000,0.000,0.000,0.000,0.000,0.000,0.000,0.000,0,0,0,0,0,0,0,0,0,0.000,0.000,0.000,0.000,0.000,0.000,0.000,0.000,0,0,0,0,0,0,0,0,0,0,0,0,0,0,0,0,0,0
13411,447.0,4993,22,29,1153,3840,0,0,853,257.35,1.224,1.587,0.550,0.078,0.250,-0.963,2.034,0.5649,2.7094,0.521,0.005,0.004,0.139,0.118,50,264,55,0,125,0,170317.41,23055.014,62737.550,22.878,15823.540,8.384,52038.024,19988.620,1092.285,28783.609,23026.888,1927.051,115.291,786.497,0.000238,0.015313,3122,0,43,12,55,43,25184,41,10,20.872,0,0,0,0,0,0,0,0,0,0,0,0,0,0,113258,2609,3081,81434.216,62676.887,15792.879,0.305,20.872,46269.880,19461.096,127.798,562,430,263,43,124,86062,0,0,0,0.000,0.000,0.000,0.000,0.000,0.000,0.000,0.000,0,0,0,0,0,0,0,0,0,0.000,0.000,0.000,0.000,0.000,0.000,0.000,0.000,0,0,0,0,0,0,0,0,0,0.000,0.000,0.000,0.000,0.000,0.000,0.000,0.000,0,0,0,0,0,0,0,0,0,0.000,0.000,0.000,0.000,0.000,0.000,0.000,0.000,0,0,0,0,0,0,0,0,0,0.000,0.000,0.000,0.000,0.000,0.000,0.000,0.000,0,0,0,0,0,0,0,0,0,0,0,0,0,0,0,0,0,0
13441,448.0,5076,21,29,1169,3907,0,0,1088,238.45,1.226,1.587,0.551,0.077,0.250,-0.963,2.031,0.5622,2.7556,0.521,0.007,0.004,0.139,0.118,35,241,72,0,176,0,172228.11,23676.755,62617.406,54.468,15703.971,11.504,53475.828,20336.374,1464.535,27136.638,21709.311,2632.055,321.675,780.142,0.000210,0.015474,3096,0,48,24,72,48,25519,40,24,54.131,0,0,0,0,0,0,0,0,0,0,0,0,0,0,116295,2608,3056,81257.767,62566.600,15671.237,0.337,54.131,47619.987,19793.732,138.429,529,462,241,48,173,104841,0,0,0,0.000,0.000,0.000,0.000,0.000,0.000,0.000,0.000,0,0,0,0,0,0,0,0,0,0.000,0.000,0.000,0.000,0.000,0.000,0.000,0.000,0,0,0,0,0,0,0,0,0,0.000,0.000,0.000,0.000,0.000,0.000,0.000,0.000,0,0,0,0,0,0,0,0,0,0.000,0.000,0.000,0.000,0.000,0.000,0.000,0.000,0,0,0,0,0,0,0,0,0,0.000,0.000,0.000,0.000,0.000,0.000,0.000,0.000,0,0,0,0,0,0,0,0,0,0,0,0,0,0,0,0,0,0
13471,449.0,5160,21,29,1183,3977,0,0,1335,258.80,1.227,1.587,0.553,0.078,0.249,-0.962,2.036,0.5604,2.6778,0.519,0.005,0.005,0.140,0.119,51,225,56,0,242,0,174371.86,24153.707,63546.489,34.697,16343.181,11.476,54457.571,20528.305,1853.920,28975.724,23180.579,2090.704,108.958,756.531,0.000244,0.016128,3183,0,40,16,56,40,25976,12,16,34.201,0,0,0,0,0,0,0,0,0,0,0,0,0,0,118210,2641,3171,82868.160,63505.446,16330.062,0.496,34.201,48512.503,19973.302,144.504,570,500,225,40,235,110691,0,0,0,0.000,0.000,0.000,0.000,0.000,0.000,0.000,0.000,0,0,0,0,0,0,0,0,0,0.000,0.000,0.000,0.000,0.000,0.000,0.000,0.000,0,0,0,0,0,0,0,0,0,0.000,0.000,0.000,0.000,0.000,0.000,0.000,0.000,0,0,0,0,0,0,0,0,0,0.000,0.000,0.000,0.000,0.000,0.000,0.000,0.000,0,0,0,0,0,0,0,0,0,0.000,0.000,0.000,0.000,0.000,0.000,0.000,0.000,0,0,0,0,0,0,0,0,0,0,0,0,0,0,0,0,0,0
13501,450.0,5201,23,30,1189,4012,0,0,1641,247.76,1.230,1.589,0.556,0.077,0.249,-0.962,2.038,0.5616,2.6727,0.523,0.008,0.005,0.140,0.119,28,208,72,0,237,0,173923.62,24462.264,63059.696,32.127,16088.883,9.434,55459.962,21031.913,2386.828,26819.349,21455.480,2833.912,74.976,850.858,0.000227,0.015614,3196,0,50,22,72,50,26799,74,22,31.677,0,0,0,0,0,0,0,0,0,0,0,0,0,0,120306,2640,3122,82146.771,63036.337,16005.038,0.450,31.677,49472.543,20461.422,156.930,525,490,207,50,233,109247,0,0,0,0.000,0.000,0.000,0.000,0.000,0.000,0.000,0.000,0,0,0,0,0,0,0,0,0,0.000,0.000,0.000,0.000,0.000,0.000,0.000,0.000,0,0,0,0,0,0,0,0,0,0.000,0.000,0.000,0.000,0.000,0.000,0.000,0.000,0,0,0,0,0,0,0,0,0,0.000,0.000,0.000,0.000,0.000,0.000,0.000,0.000,0,0,0,0,0,0,0,0,0,0.000,0.000,0.000,0.000,0.000,0.000,0.000,0.000,0,0,0,0,0,0,0,0,0,0,0,0,0,0,0,0,0,0
13531,451.0,5186,21,30,1194,3992,0,0,1929,264.99,1.228,1.588,0.560,0.076,0.250,-0.963,2.041,0.5557,2.7063,0.537,0.003,0.005,0.140,0.118,26,204,58,0,329,0,173751.75,24686.586,63480.652,42.391,16156.477,10.414,55657.208,21067.145,2913.728,27558.981,22047.185,2307.984,144.978,778.676,0.000199,0.015951,3192,0,35,23,58,35,26725,35,23,42.085,0,0,0,0,0,0,0,0,0,0,0,0,0,0,120236,2655,3157,82619.971,63438.788,16111.468,0.306,42.085,49637.021,20496.231,158.964,536,556,201,35,320,133247,0,0,0,0.000,0.000,0.000,0.000,0.000,0.000,0.000,0.000,0,0,0,0,0,0,0,0,0,0.000,0.000,0.000,0.000,0.000,0.000,0.000,0.000,0,0,0,0,0,0,0,0,0,0.000,0.000,0.000,0.000,0.000,0.000,0.000,0.000,0,0,0,0,0,0,0,0,0,0.000,0.000,0.000,0.000,0.000,0.000,0.000,0.000,0,0,0,0,0,0,0,0,0,0.000,0.000,0.000,0.000,0.000,0.000,0.000,0.000,0,0,0,0,0,0,0,0,0,0,0,0,0,0,0,0,0,0
13561,452.0,5176,21,30,1193,3983,0,0,2275,270.26,1.229,1.588,0.563,0.075,0.251,-0.962,2.040,0.5562,2.7418,0.543,0.008,0.005,0.140,0.117,39,151,60,0,342,0,174455.97,25155.064,63927.146,45.551,16501.745,8.119,55333.911,20757.779,3446.835,25958.841,20767.073,2751.817,190.939,750.496,0.000150,0.016954,3290,0,35,25,60,35,26644,57,24,44.250,0,0,0,0,0,0,0,0,0,0,0,0,0,0,119287,2665,3233,83354.205,63887.515,16448.608,0.318,44.250,49309.091,20200.474,146.374,513,522,151,35,336,135990,0,0,0,0.000,0.000,0.000,0.000,0.000,0.000,0.000,0.000,0,0,0,0,0,0,0,0,0,0.000,0.000,0.000,0.000,0.000,0.000,0.000,0.000,0,0,0,0,0,0,0,0,0,0.000,0.000,0.000,0.000,0.000,0.000,0.000,0.000,0,0,0,0,0,0,0,0,0,0.000,0.000,0.000,0.000,0.000,0.000,0.000,0.000,0,0,0,0,0,0,0,0,0,0.000,0.000,0.000,0.000,0.000,0.000,0.000,0.000,0,0,0,0,0,0,0,0,0,0,0,0,0,0,0,0,0,0
13591,453.0,5126,17,30,1191,3935,0,0,2560,281.58,1.228,1.587,0.566,0.073,0.253,-0.962,2.043,0.5500,2.6385,0.534,0.003,0.004,0.140,0.116,37,123,72,0,379,0,173064.86,24851.507,62908.381,33.536,16627.693,8.503,55231.420,20762.368,4062.448,25073.791,20059.033,3202.109,84.216,827.201,0.000234,0.016137,3345,0,48,24,72,48,26333,30,24,33.230,0,0,0,0,0,0,0,0,0,0,0,0,0,0,118834,2625,3315,82537.716,62878.718,16600.284,0.297,33.230,49195.909,20208.688,142.390,492,540,123,48,369,136085,0,0,0,0.000,0.000,0.000,0.000,0.000,0.000,0.000,0.000,0,0,0,0,0,0,0,0,0,0.000,0.000,0.000,0.000,0.000,0.000,0.000,0.000,0,0,0,0,0,0,0,0,0,0.000,0.000,0.000,0.000,0.000,0.000,0.000,0.000,0,0,0,0,0,0,0,0,0,0.000,0.000,0.000,0.000,0.000,0.000,0.000,0.000,0,0,0,0,0,0,0,0,0,0.000,0.000,0.000,0.000,0.000,0.000,0.000,0.000,0,0,0,0,0,0,0,0,0,0,0,0,0,0,0,0,0,0
13621,454.0,5027,13,30,1179,3848,0,0,2755,298.21,1.228,1.584,0.570,0.073,0.255,-0.962,2.044,0.5485,2.6797,0.542,0.006,0.003,0.140,0.115,26,94,59,2,430,0,170495.97,24289.984,61046.916,43.222,15974.009,9.735,54420.244,20153.975,4461.762,23433.738,18746.991,3388.966,73.680,763.645,0.000193,0.017293,3264,0,37,22,59,37,25873,15,22,42.982,0,0,0,0,0,0,0,0,0,0,0,0,0,0,116748,2546,3249,79932.943,61002.542,15955.395,0.240,42.982,48422.630,19623.624,126.937,459,546,94,37,415,155602,0,0,0,0.000,0.000,0.000,0.000,0.000,0.000,0.000,0.000,0,0,0,0,0,0,0,0,0,0.000,0.000,0.000,0.000,0.000,0.000,0.000,0.000,0,0,0,0,0,0,0,0,0,0.000,0.000,0.000,0.000,0.000,0.000,0.000,0.000,0,0,0,0,0,0,0,0,0,0.000,0.000,0.000,0.000,0.000,0.000,0.000,0.000,0,0,0,0,0,0,0,0,0,0.000,0.000,0.000,0.000,0.000,0.000,0.000,0.000,0,0,0,0,0,0,0,0,0,0,0,0,0,0,0,0,0,0
13651,455.0,4979,23,35,1170,3809,0,0,2905,312.96,1.231,1.584,0.571,0.074,0.255,-0.962,2.043,0.5487,2.6544,0.530,0.004,0.004,0.140,0.114,38,71,52,0,409,0,167337.20,24055.441,59827.915,35.787,15723.326,6.944,53730.586,19624.428,4782.807,23608.285,18886.628,3310.846,152.579,755.008,0.000222,0.017773,3147,0,31,21,52,31,25798,16,21,35.569,0,0,0,0,0,0,0,0,0,0,0,0,0,0,114869,2503,3131,78388.606,59760.372,15708.601,0.219,35.569,47756.269,19107.800,116.720,465,504,71,31,402,136196,0,0,0,0.000,0.000,0.000,0.000,0.000,0.000,0.000,0.000,0,0,0,0,0,0,0,0,0,0.000,0.000,0.000,0.000,0.000,0.000,0.000,0.000,0,0,0,0,0,0,0,0,0,0.000,0.000,0.000,0.000,0.000,0.000,0.000,0.000,0,0,0,0,0,0,0,0,0,0.000,0.000,0.000,0.000,0.000,0.000,0.000,0.000,0,0,0,0,0,0,0,0,0,0.000,0.000,0.000,0.000,0.000,0.000,0.000,0.000,0,0,0,0,0,0,0,0,0,0,0,0,0,0,0,0,0,0
13681,456.0,4911,11,35,1168,3743,0,0,2922,279.57,1.229,1.579,0.571,0.076,0.257,-0.962,2.042,0.5484,2.6108,0.545,0.006,0.003,0.141,0.112,38,56,39,0,457,0,164210.25,23352.580,58899.003,22.078,14668.284,8.231,53273.469,19377.392,4942.523,23445.529,18756.424,2330.521,144.306,643.296,0.000251,0.019474,3027,0,23,16,39,23,25506,32,16,22.001,0,0,0,0,0,0,0,0,0,0,0,0,0,0,113407,2455,2995,76357.446,58871.740,14638.081,0.077,22.001,47309.870,18874.963,103.585,458,525,56,23,446,137236,0,0,0,0.000,0.000,0.000,0.000,0.000,0.000,0.000,0.000,0,0,0,0,0,0,0,0,0,0.000,0.000,0.000,0.000,0.000,0.000,0.000,0.000,0,0,0,0,0,0,0,0,0,0.000,0.000,0.000,0.000,0.000,0.000,0.000,0.000,0,0,0,0,0,0,0,0,0,0.000,0.000,0.000,0.000,0.000,0.000,0.000,0.000,0,0,0,0,0,0,0,0,0,0.000,0.000,0.000,0.000,0.000,0.000,0.000,0.000,0,0,0,0,0,0,1,0,0,0,0,0,0,0,0,0,0,0
13711,457.0,4830,16,35,1181,3649,0,0,2928,277.74,1.225,1.570,0.574,0.075,0.263,-0.962,2.043,0.5456,2.6633,0.541,0.004,0.004,0.141,0.110,31,75,22,1,442,0,161337.59,23116.735,57087.629,23.156,14669.879,8.449,52284.415,18836.263,4961.882,21978.489,17582.791,1944.151,51.904,625.863,0.000200,0.021375,3052,0,12,10,22,12,25398,12,6,18.967,0,0,0,0,0,0,0,0,0,0,0,0,0,0,110877,2385,3040,74569.567,57044.014,14651.759,0.110,18.967,46279.151,18346.883,86.925,425,519,75,12,432,139864,0,0,0,0.000,0.000,0.000,0.000,0.000,0.000,0.000,0.000,0,0,0,0,0,0,0,0,0,0.000,0.000,0.000,0.000,0.000,0.000,0.000,0.000,0,0,0,0,0,0,0,0,0,0.000,0.000,0.000,0.000,0.000,0.000,0.000,0.000,0,0,0,0,0,0,0,0,0,0.000,0.000,0.000,0.000,0.000,0.000,0.000,0.000,0,0,0,0,0,0,0,0,0,0.000,0.000,0.000,0.000,0.000,0.000,0.000,0.000,0,0,0,0,0,0,0,0,0,0,0,0,0,0,0,0,0,0
13741,458.0,4724,16,35,1177,3547,0,0,2859,337.60,1.221,1.563,0.577,0.075,0.267,-0.962,2.043,0.5463,2.6448,0.553,0.004,0.004,0.142,0.108,27,61,44,1,434,0,156692.67,22824.959,54641.077,13.691,14447.226,8.744,51319.065,18286.346,4884.582,20950.157,16760.126,2549.924,180.679,714.036,0.000351,0.025931,2992,0,36,8,44,36,25778,28,8,13.620,0,0,0,0,0,0,0,0,0,0,0,0,0,0,108229,2277,2964,71689.393,54618.144,14414.390,0.065,13.620,45274.451,17793.282,95.937,410,512,61,36,415,130806,0,0,0,0.000,0.000,0.000,0.000,0.000,0.000,0.000,0.000,0,0,0,0,0,0,0,0,0,0.000,0.000,0.000,0.000,0.000,0.000,0.000,0.000,0,0,0,0,0,0,0,0,0,0.000,0.000,0.000,0.000,0.000,0.000,0.000,0.000,0,0,0,0,0,0,0,0,0,0.000,0.000,0.000,0.000,0.000,0.000,0.000,0.000,0,0,0,0,0,0,0,0,0,0.000,0.000,0.000,0.000,0.000,0.000,0.000,0.000,0,0,0,0,0,0,0,0,0,0,0,0,0,0,0,0,0,0
13771,459.0,4629,15,35,1173,3456,0,0,2803,303.61,1.215,1.557,0.580,0.073,0.271,-0.963,2.044,0.5477,2.6617,0.557,0.003,0.004,0.143,0.107,41,61,54,0,376,0,154572.75,22611.270,55203.758,27.123,14000.210,9.256,49973.032,17714.210,4752.028,18995.023,15196.019,2958.970,67.275,697.545,0.000245,0.028388,2953,0,38,16,54,38,25549,19,14,24.166,0,0,0,0,0,0,0,0,0,0,0,0,0,0,105034,2298,2934,71751.894,55159.316,13982.101,0.063,24.166,43935.390,17215.476,94.744,376,467,61,38,368,121285,0,0,0,0.000,0.000,0.000,0.000,0.000,0.000,0.000,0.000,0,0,0,0,0,0,0,0,0,0.000,0.000,0.000,0.000,0.000,0.000,0.000,0.000,0,0,0,0,0,0,0,0,0,0.000,0.000,0.000,0.000,0.000,0.000,0.000,0.000,0,0,0,0,0,0,0,0,0,0.000,0.000,0.000,0.000,0.000,0.000,0.000,0.000,0,0,0,0,0,0,0,0,0,0.000,0.000,0.000,0.000,0.000,0.000,0.000,0.000,0,0,0,0,0,0,0,0,0,0,0,0,0,0,0,0,0,0
13801,460.0,4553,19,38,1163,3390,0,0,2733,310.32,1.212,1.556,0.579,0.075,0.272,-0.963,2.044,0.5441,2.6266,0.543,0.002,0.004,0.143,0.107,41,56,33,0,401,0,152051.97,22020.037,53129.955,21.904,14008.358,8.999,48938.298,17193.595,4629.275,19934.358,15947.487,2303.483,42.621,598.545,0.000291,0.029114,2964,0,20,13,33,20,25164,64,11,18.334,0,0,0,0,0,0,0,0,0,0,0,0,0,0,102735,2211,2900,69536.252,53100.132,13940.289,0.106,18.334,42910.761,16717.929,76.812,395,461,56,20,385,126599,0,0,0,0.000,0.000,0.000,0.000,0.000,0.000,0.000,0.000,0,0,0,0,0,0,0,0,0,0.000,0.000,0.000,0.000,0.000,0.000,0.000,0.000,0,0,0,0,0,0,0,0,0,0.000,0.000,0.000,0.000,0.000,0.000,0.000,0.000,0,0,0,0,0,0,0,0,0,0.000,0.000,0.000,0.000,0.000,0.000,0.000,0.000,0,0,0,0,0,0,0,0,0,0.000,0.000,0.000,0.000,0.000,0.000,0.000,0.000,0,0,0,0,0,0,0,0,0,0,0,0,0,0,0,0,0,0
13831,461.0,4455,16,38,1148,3307,0,0,2629,351.92,1.209,1.556,0.583,0.075,0.274,-0.963,2.046,0.5430,2.6050,0.553,0.003,0.005,0.143,0.106,33,59,36,0,394,0,145386.14,20681.583,48672.428,15.774,12553.771,11.251,48092.969,16717.838,4469.030,18900.344,15120.276,2320.852,69.413,585.442,0.000346,0.031138,2730,0,23,13,36,23,24801,38,10,13.335,0,0,0,0,0,0,0,0,0,0,0,0,0,0,100476,2027,2692,63455.248,48637.998,12513.275,0.042,13.335,42098.774,16252.808,72.203,373,456,59,23,374,115138,0,0,0,0.000,0.000,0.000,0.000,0.000,0.000,0.000,0.000,0,0,0,0,0,0,0,0,0,0.000,0.000,0.000,0.000,0.000,0.000,0.000,0.000,0,0,0,0,0,0,0,0,0,0.000,0.000,0.000,0.000,0.000,0.000,0.000,0.000,0,0,0,0,0,0,0,0,0,0.000,0.000,0.000,0.000,0.000,0.000,0.000,0.000,0,0,0,0,0,0,0,0,0,0.000,0.000,0.000,0.000,0.000,0.000,0.000,0.000,0,0,0,0,0,0,0,0,0,0,0,0,0,0,0,0,0,0
13861,462.0,4351,23,38,1138,3213,0,0,2493,315.76,1.206,1.552,0.584,0.073,0.278,-0.963,2.051,0.5436,2.5490,0.560,0.001,0.003,0.144,0.104,41,74,29,0,366,0,141790.81,20373.820,49509.664,21.583,12548.870,8.891,47059.288,16144.681,4209.403,17678.711,14142.969,1943.680,68.839,538.767,0.000233,0.033277,2758,0,17,12,29,17,24461,27,11,20.664,0,0,0,0,0,0,0,0,0,0,0,0,0,0,97989,2057,2731,64281.183,49473.300,12512.009,0.024,20.664,41128.982,15695.776,63.524,348,442,73,17,352,112366,0,0,0,0.000,0.000,0.000,0.000,0.000,0.000,0.000,0.000,0,0,0,0,0,0,0,0,0,0.000,0.000,0.000,0.000,0.000,0.000,0.000,0.000,0,0,0,0,0,0,0,0,0,0.000,0.000,0.000,0.000,0.000,0.000,0.000,0.000,0,0,0,0,0,0,0,0,0,0.000,0.000,0.000,0.000,0.000,0.000,0.000,0.000,0,0,0,0,0,0,0,0,0,0.000,0.000,0.000,0.000,0.000,0.000,0.000,0.000,0,0,0,0,0,0,0,0,0,0,0,0,0,0,0,0,0,0
13891,463.0,4205,18,38,1113,3092,0,0,2345,341.67,1.205,1.547,0.583,0.074,0.280,-0.964,2.052,0.5436,2.6168,0.551,0.003,0.005,0.144,0.103,34,69,35,2,351,0,133210.27,18878.141,43524.466,30.867,11808.144,9.979,45700.168,15611.709,4006.798,15133.060,12106.448,2145.374,15.500,507.844,0.000242,0.032086,2642,0,18,17,35,18,24094,30,15,29.189,0,0,0,0,0,0,0,0,0,0,0,0,0,0,94898,1808,2612,57377.634,43524.466,11781.904,0.014,29.189,39854.692,15166.432,66.675,299,420,67,18,335,105346,0,0,0,0.000,0.000,0.000,0.000,0.000,0.000,0.000,0.000,0,0,0,0,0,0,0,0,0,0.000,0.000,0.000,0.000,0.000,0.000,0.000,0.000,0,0,0,0,0,0,0,0,0,0.000,0.000,0.000,0.000,0.000,0.000,0.000,0.000,0,0,0,0,0,0,0,0,0,0.000,0.000,0.000,0.000,0.000,0.000,0.000,0.000,0,0,0,0,0,0,0,0,0,0.000,0.000,0.000,0.000,0.000,0.000,0.000,0.000,0,0,0,0,0,0,0,0,0,0,0,0,0,0,0,0,0,0
13921,464.0,4008,20,38,1093,2915,0,0,2201,362.31,1.197,1.536,0.585,0.073,0.288,-0.965,2.055,0.5452,2.5985,0.563,0.001,0.004,0.144,0.100,35,103,34,1,350,0,126148.61,17973.271,42323.661,11.667,10821.006,8.768,43807.062,14849.441,3710.492,14221.291,11377.033,1625.766,29.660,503.586,0.000212,0.031011,2493,0,23,11,34,23,23686,21,10,11.354,0,0,0,0,0,0,0,0,0,0,0,0,0,0,90436,1761,2472,55107.545,42300.801,10800.619,0.020,11.354,38051.636,14424.564,56.168,282,459,99,23,337,119218,0,0,0,0.000,0.000,0.000,0.000,0.000,0.000,0.000,0.000,0,0,0,0,0,0,0,0,0,0.000,0.000,0.000,0.000,0.000,0.000,0.000,0.000,0,0,0,0,0,0,0,0,0,0.000,0.000,0.000,0.000,0.000,0.000,0.000,0.000,0,0,0,0,0,0,0,0,0,0.000,0.000,0.000,0.000,0.000,0.000,0.000,0.000,0,0,0,0,0,0,0,0,0,0.000,0.000,0.000,0.000,0.000,0.000,0.000,0.000,0,0,0,0,0,0,0,0,0,0,0,0,0,0,0,0,0,0
13951,465.0,3881,18,38,1084,2797,0,0,2062,342.07,1.191,1.530,0.589,0.073,0.293,-0.965,2.052,0.5432,2.5337,0.559,0.002,0.004,0.145,0.097,38,68,15,1,347,0,119481.30,17083.264,40179.144,3.242,9717.343,9.345,41902.724,14004.430,3452.229,14809.400,11847.520,1197.181,2.799,411.709,0.000277,0.032285,2306,0,13,2,15,13,23169,28,2,3.229,0,0,0,0,0,0,0,0,0,0,0,0,0,0,85931,1666,2278,51595.167,40130.340,9696.489,0.013,3.229,36207.068,13596.045,45.864,295,413,67,13,333,110287,0,0,0,0.000,0.000,0.000,0.000,0.000,0.000,0.000,0.000,0,0,0,0,0,0,0,0,0,0.000,0.000,0.000,0.000,0.000,0.000,0.000,0.000,0,0,0,0,0,0,0,0,0,0.000,0.000,0.000,0.000,0.000,0.000,0.000,0.000,0,0,0,0,0,0,0,0,0,0.000,0.000,0.000,0.000,0.000,0.000,0.000,0.000,0,0,0,0,0,0,0,0,0,0.000,0.000,0.000,0.000,0.000,0.000,0.000,0.000,0,0,0,0,0,0,0,0,0,0,0,0,0,0,0,0,0,0
13981,466.0,3652,16,38,1064,2588,0,0,1877,293.65,1.177,1.515,0.595,0.075,0.304,-0.965,2.056,0.5352,2.5422,0.569,0.002,0.003,0.146,0.094,42,101,16,1,340,0,112484.96,16255.959,36641.982,9.103,8592.634,12.606,39817.668,12975.463,3153.332,11040.598,8832.479,1379.290,19.158,350.358,0.000142,0.031839,2026,0,7,9,16,7,22626,21,8,8.063,0,0,0,0,0,0,0,0,0,0,0,0,0,0,80954,1521,2005,46801.239,36607.471,8570.345,0.000,8.063,34185.080,12580.238,41.674,222,431,101,7,323,111571,0,0,0,0.000,0.000,0.000,0.000,0.000,0.000,0.000,0.000,0,0,0,0,0,0,0,0,0,0.000,0.000,0.000,0.000,0.000,0.000,0.000,0.000,0,0,0,0,0,0,0,0,0,0.000,0.000,0.000,0.000,0.000,0.000,0.000,0.000,0,0,0,0,0,0,0,0,0,0.000,0.000,0.000,0.000,0.000,0.000,0.000,0.000,0,0,0,0,0,0,0,0,0,0.000,0.000,0.000,0.000,0.000,0.000,0.000,0.000,0,0,0,0,0,0,0,0,0,0,0,0,0,0,0,0,0,0
14011,467.0,3500,21,38,1054,2446,0,0,1759,309.77,1.167,1.501,0.598,0.074,0.312,-0.965,2.058,0.5357,2.4809,0.563,0.004,0.003,0.146,0.090,31,111,4,0,243,0,106716.84,15308.446,34170.975,3.364,8461.266,11.224,37583.768,11919.632,2906.300,9958.436,7966.749,467.906,72.140,309.467,0.000245,0.033310,1965,0,0,4,4,0,22539,20,4,3.364,0,0,0,0,0,0,0,0,0,0,0,0,0,0,75735,1423,1945,44149.642,34159.880,8446.046,0.000,3.364,31981.949,11539.499,35.314,197,339,110,0,229,88448,0,0,0,0.000,0.000,0.000,0.000,0.000,0.000,0.000,0.000,0,0,0,0,0,0,0,0,0,0.000,0.000,0.000,0.000,0.000,0.000,0.000,0.000,0,0,0,0,0,0,0,0,0,0.000,0.000,0.000,0.000,0.000,0.000,0.000,0.000,0,0,0,0,0,0,0,0,0,0.000,0.000,0.000,0.000,0.000,0.000,0.000,0.000,0,0,0,0,0,0,0,0,0,0.000,0.000,0.000,0.000,0.000,0.000,0.000,0.000,0,0,0,0,0,0,0,0,0,0,0,0,0,0,0,0,0,0
14041,468.0,3328,16,38,1048,2280,0,0,1597,302.16,1.153,1.483,0.600,0.075,0.324,-0.965,2.059,0.5351,2.4586,0.580,0.002,0.003,0.148,0.086,36,93,4,0,289,0,99979.32,14563.715,31051.843,1.620,7706.354,10.459,35679.042,11025.505,2661.048,10308.378,8246.703,630.876,16.888,279.668,0.000172,0.034186,1765,0,2,2,4,2,22203,18,2,1.616,0,0,0,0,0,0,0,0,0,0,0,0,0,0,71193,1287,1747,40048.817,31015.298,7690.326,0.003,1.616,30099.498,10652.679,32.346,204,370,92,2,276,94448,0,0,0,0.000,0.000,0.000,0.000,0.000,0.000,0.000,0.000,0,0,0,0,0,0,0,0,0,0.000,0.000,0.000,0.000,0.000,0.000,0.000,0.000,0,0,0,0,0,0,0,0,0,0.000,0.000,0.000,0.000,0.000,0.000,0.000,0.000,0,0,0,0,0,0,0,0,0,0.000,0.000,0.000,0.000,0.000,0.000,0.000,0.000,0,0,0,0,0,0,0,0,0,0.000,0.000,0.000,0.000,0.000,0.000,0.000,0.000,0,0,0,0,0,0,0,0,0,0,0,0,0,0,0,0,0,0
14071,469.0,3167,18,38,1033,2134,0,0,1436,386.82,1.140,1.468,0.605,0.074,0.334,-0.965,2.061,0.5363,2.4172,0.579,0.000,0.004,0.148,0.082,33,106,4,2,235,0,94146.45,13881.458,28868.487,2.843,7195.260,15.076,33471.840,10139.393,2386.544,9043.649,7234.919,503.638,19.295,256.216,0.000169,0.034542,1710,0,2,2,4,2,21666,26,1,2.479,0,0,0,0,0,0,0,0,0,0,0,0,0,0,66149,1196,1684,37297.821,28828.878,7178.395,0.026,2.479,27944.468,9775.395,27.176,177,323,102,2,219,90723,0,0,0,0.000,0.000,0.000,0.000,0.000,0.000,0.000,0.000,0,0,0,0,0,0,0,0,0,0.000,0.000,0.000,0.000,0.000,0.000,0.000,0.000,0,0,0,0,0,0,0,0,0,0.000,0.000,0.000,0.000,0.000,0.000,0.000,0.000,0,0,0,0,0,0,0,0,0,0.000,0.000,0.000,0.000,0.000,0.000,0.000,0.000,0,0,0,0,0,0,0,0,0,0.000,0.000,0.000,0.000,0.000,0.000,0.000,0.000,0,0,0,0,0,0,0,0,0,0,0,0,0,0,0,0,0,0
14101,470.0,3010,23,37,1008,2002,0,0,1319,416.39,1.129,1.460,0.610,0.074,0.341,-0.965,2.061,0.5360,2.4094,0.575,0.003,0.006,0.149,0.079,30,104,6,4,216,0,89000.34,12974.288,27594.827,6.135,6361.282,16.353,31655.857,9384.661,2140.099,8324.200,6659.360,592.953,50.534,232.423,0.000137,0.033461,1567,0,1,5,6,1,21301,58,5,6.134,0,0,0,0,0,0,0,0,0,0,0,0,0,0,62113,1142,1509,35081.075,27577.756,6331.888,0.002,6.134,26246.223,9029.133,27.405,166,298,102,1,195,83371,0,0,0,0.000,0.000,0.000,0.000,0.000,0.000,0.000,0.000,0,0,0,0,0,0,0,0,0,0.000,0.000,0.000,0.000,0.000,0.000,0.000,0.000,0,0,0,0,0,0,0,0,0,0.000,0.000,0.000,0.000,0.000,0.000,0.000,0.000,0,0,0,0,0,0,0,0,0,0.000,0.000,0.000,0.000,0.000,0.000,0.000,0.000,0,0,0,0,0,0,0,0,0,0.000,0.000,0.000,0.000,0.000,0.000,0.000,0.000,0,0,0,0,0,0,0,0,0,0,0,0,0,0,0,0,0,0
14131,471.0,2883,18,37,1002,1881,0,0,1219,354.42,1.118,1.446,0.614,0.073,0.352,-0.965,2.062,0.5391,2.4035,0.571,0.002,0.005,0.149,0.076,44,96,3,1,183,0,83150.83,12409.750,24851.319,4.887,6029.018,15.644,30019.582,8746.461,1975.508,7530.845,6024.677,561.545,92.713,213.484,0.000212,0.031216,1464,0,1,2,3,1,21209,32,1,1.493,0,0,0,0,0,0,0,0,0,0,0,0,0,0,58355,1035,1432,31976.732,24834.916,6004.935,0.000,1.493,24668.764,8395.297,23.515,148,269,96,1,172,80094,0,0,0,0.000,0.000,0.000,0.000,0.000,0.000,0.000,0.000,0,0,0,0,0,0,0,0,0,0.000,0.000,0.000,0.000,0.000,0.000,0.000,0.000,0,0,0,0,0,0,0,0,0,0.000,0.000,0.000,0.000,0.000,0.000,0.000,0.000,0,0,0,0,0,0,0,0,0,0.000,0.000,0.000,0.000,0.000,0.000,0.000,0.000,0,0,0,0,0,0,0,0,0,0.000,0.000,0.000,0.000,0.000,0.000,0.000,0.000,0,0,0,0,0,0,0,0,0,0,0,0,0,0,0,0,0,0
14161,472.0,2727,18,37,988,1739,0,0,1108,454.27,1.105,1.428,0.616,0.072,0.365,-0.964,2.067,0.5380,2.4069,0.571,0.003,0.006,0.149,0.071,46,109,7,0,176,0,77764.06,11560.634,23048.308,11.049,5454.904,16.359,28257.633,8112.696,1780.710,6367.580,5094.064,365.354,13.009,203.830,0.000241,0.027848,1354,0,0,7,7,0,20596,9,7,11.049,0,0,0,0,0,0,0,0,0,0,0,0,0,0,54126,960,1345,29509.058,23027.526,5448.070,0.000,11.049,22954.924,7766.411,20.337,122,264,104,0,160,79488,0,0,0,0.000,0.000,0.000,0.000,0.000,0.000,0.000,0.000,0,0,0,0,0,0,0,0,0,0.000,0.000,0.000,0.000,0.000,0.000,0.000,0.000,0,0,0,0,0,0,0,0,0,0.000,0.000,0.000,0.000,0.000,0.000,0.000,0.000,0,0,0,0,0,0,0,0,0,0.000,0.000,0.000,0.000,0.000,0.000,0.000,0.000,0,0,0,0,0,0,0,0,0,0.000,0.000,0.000,0.000,0.000,0.000,0.000,0.000,0,0,0,0,0,0,0,0,0,0,0,0,0,0,0,0,0,0
14191,473.0,2570,14,37,965,1605,0,0,992,495.14,1.089,1.414,0.619,0.073,0.377,-0.964,2.066,0.5384,2.3921,0.581,0.000,0.004,0.150,0.066,33,104,7,6,157,0,71435.15,10962.932,20140.233,9.555,4979.674,22.922,26404.555,7587.828,1581.413,5630.104,4504.084,523.149,28.066,190.606,0.000167,0.026120,1260,0,3,4,7,3,20318,26,4,9.554,0,0,0,0,0,0,0,0,0,0,0,0,0,0,50072,839,1234,25993.783,20126.161,4954.848,0.001,9.554,21218.755,7249.716,19.430,112,246,101,3,142,67997,0,0,0,0.000,0.000,0.000,0.000,0.000,0.000,0.000,0.000,0,0,0,0,0,0,0,0,0,0.000,0.000,0.000,0.000,0.000,0.000,0.000,0.000,0,0,0,0,0,0,0,0,0,0.000,0.000,0.000,0.000,0.000,0.000,0.000,0.000,0,0,0,0,0,0,0,0,0,0.000,0.000,0.000,0.000,0.000,0.000,0.000,0.000,0,0,0,0,0,0,0,0,0,0.000,0.000,0.000,0.000,0.000,0.000,0.000,0.000,0,0,0,0,0,0,0,0,0,0,0,0,0,0,0,0,0,0
14221,474.0,2405,17,37,942,1463,0,0,891,447.49,1.071,1.395,0.624,0.072,0.390,-0.965,2.063,0.5460,2.3581,0.590,0.000,0.003,0.150,0.060,39,117,11,2,141,0,65376.72,10455.520,18137.461,12.746,4171.938,17.671,24587.321,6854.396,1415.203,5099.154,4079.323,600.877,27.368,159.157,0.000159,0.024014,1077,0,3,8,11,3,19977,28,6,9.323,0,0,0,0,0,0,0,0,0,0,0,0,0,0,46106,753,1049,23032.235,18123.887,4138.756,0.000,9.323,19521.400,6524.431,21.024,100,242,112,3,127,77076,0,0,0,0.000,0.000,0.000,0.000,0.000,0.000,0.000,0.000,0,0,0,0,0,0,0,0,0,0.000,0.000,0.000,0.000,0.000,0.000,0.000,0.000,0,0,0,0,0,0,0,0,0,0.000,0.000,0.000,0.000,0.000,0.000,0.000,0.000,0,0,0,0,0,0,0,0,0,0.000,0.000,0.000,0.000,0.000,0.000,0.000,0.000,0,0,0,0,0,0,0,0,0,0.000,0.000,0.000,0.000,0.000,0.000,0.000,0.000,0,0,0,0,0,0,0,0,0,0,0,0,0,0,0,0,0,0
14251,475.0,2265,17,36,919,1346,0,0,793,470.71,1.050,1.378,0.632,0.072,0.402,-0.965,2.066,0.5394,2.3275,0.597,0.001,0.004,0.151,0.055,47,102,9,2,122,0,60701.98,9977.132,17144.012,10.010,3997.413,21.549,22828.379,6206.387,1256.796,4456.701,3565.361,414.714,41.552,166.718,0.000186,0.022825,1018,0,4,5,9,4,19552,22,5,10.010,0,0,0,0,0,0,0,0,0,0,0,0,0,0,42275,712,996,21847.202,17127.639,3975.829,0.000,10.010,17849.756,5886.224,16.093,89,206,96,4,106,56787,0,0,0,0.000,0.000,0.000,0.000,0.000,0.000,0.000,0.000,0,0,0,0,0,0,0,0,0,0.000,0.000,0.000,0.000,0.000,0.000,0.000,0.000,0,0,0,0,0,0,0,0,0,0.000,0.000,0.000,0.000,0.000,0.000,0.000,0.000,0,0,0,0,0,0,0,0,0,0.000,0.000,0.000,0.000,0.000,0.000,0.000,0.000,0,0,0,0,0,0,0,0,0,0.000,0.000,0.000,0.000,0.000,0.000,0.000,0.000,0,0,0,0,0,0,0,0,0,0,0,0,0,0,0,0,0,0
14281,476.0,2122,22,36,901,1221,0,0,678,469.83,1.027,1.357,0.635,0.071,0.419,-0.965,2.066,0.5372,2.3770,0.575,0.001,0.005,0.151,0.048,48,100,13,0,100,0,56139.33,9347.399,15253.205,6.761,3302.052,27.497,21093.382,5646.376,1094.456,3165.371,2532.297,525.258,27.724,149.747,0.000169,0.022087,821,0,9,4,13,9,18992,12,4,6.761,0,0,0,0,0,0,0,0,0,0,0,0,0,0,38588,637,809,19215.308,15242.318,3286.050,0.000,6.761,16234.082,5334.163,19.066,61,186,95,9,82,57771,0,0,0,0.000,0.000,0.000,0.000,0.000,0.000,0.000,0.000,0,0,0,0,0,0,0,0,0,0.000,0.000,0.000,0.000,0.000,0.000,0.000,0.000,0,0,0,0,0,0,0,0,0,0.000,0.000,0.000,0.000,0.000,0.000,0.000,0.000,0,0,0,0,0,0,0,0,0,0.000,0.000,0.000,0.000,0.000,0.000,0.000,0.000,0,0,0,0,0,0,0,0,0,0.000,0.000,0.000,0.000,0.000,0.000,0.000,0.000,0,0,0,0,0,0,0,0,0,0,0,0,0,0,0,0,0,0
14311,477.0,1960,21,36,882,1078,0,0,566,476.11,0.998,1.324,0.641,0.067,0.441,-0.966,2.067,0.5381,2.3231,0.604,0.003,0.008,0.152,0.040,59,122,15,1,101,0,51977.78,8940.567,13424.291,13.668,3355.598,24.456,19114.450,4986.673,913.429,3543.281,2834.625,614.155,24.849,177.869,0.000106,0.021600,842,0,10,5,15,10,18550,54,4,10.997,0,0,0,0,0,0,0,0,0,0,0,0,0,0,34378,559,788,17340.232,13412.415,3314.140,0.000,10.997,14367.688,4683.942,12.846,71,214,118,10,86,70333,0,0,0,0.000,0.000,0.000,0.000,0.000,0.000,0.000,0.000,0,0,0,0,0,0,0,0,0,0.000,0.000,0.000,0.000,0.000,0.000,0.000,0.000,0,0,0,0,0,0,0,0,0,0.000,0.000,0.000,0.000,0.000,0.000,0.000,0.000,0,0,0,0,0,0,0,0,0,0.000,0.000,0.000,0.000,0.000,0.000,0.000,0.000,0,0,0,0,0,0,0,0,0,0.000,0.000,0.000,0.000,0.000,0.000,0.000,0.000,0,0,0,0,0,0,0,0,0,0,0,0,0,0,0,0,0,0
14341,478.0,1857,28,36,856,1001,0,0,476,567.99,0.984,1.312,0.646,0.067,0.451,-0.966,2.066,0.5427,2.3284,0.591,0.002,0.008,0.152,0.036,57,90,9,3,75,0,50541.16,8552.914,14143.597,10.075,3165.582,24.905,17586.558,4522.873,749.771,3476.829,2781.464,417.342,36.504,134.790,0.000129,0.022218,741,0,3,6,9,3,18310,70,6,10.075,0,0,0,0,0,0,0,0,0,0,0,0,0,0,31130,587,671,17875.009,14119.188,3125.891,0.000,10.075,12957.875,4230.880,9.700,71,148,83,3,62,50164,0,0,0,0.000,0.000,0.000,0.000,0.000,0.000,0.000,0.000,0,0,0,0,0,0,0,0,0,0.000,0.000,0.000,0.000,0.000,0.000,0.000,0.000,0,0,0,0,0,0,0,0,0,0.000,0.000,0.000,0.000,0.000,0.000,0.000,0.000,0,0,0,0,0,0,0,0,0,0.000,0.000,0.000,0.000,0.000,0.000,0.000,0.000,0,0,0,0,0,0,0,0,0,0.000,0.000,0.000,0.000,0.000,0.000,0.000,0.000,0,0,0,0,0,0,0,0,0,0,0,0,0,0,0,0,0,0
14371,479.0,1787,27,36,841,946,0,0,430,509.43,0.971,1.299,0.653,0.065,0.459,-0.965,2.065,0.5433,2.3235,0.601,0.001,0.012,0.152,0.033,52,91,11,1,40,0,49147.61,8256.429,13100.900,12.917,2684.662,26.639,16679.281,4174.871,651.501,3479.434,2783.548,424.989,18.139,119.125,0.000141,0.020626,666,0,6,5,11,6,18190,80,5,12.917,0,0,0,0,0,0,0,0,0,0,0,0,0,0,29264,546,586,16300.344,13075.270,2662.145,0.000,12.917,12145.704,3888.493,12.371,73,128,87,6,35,41896,0,0,0,0.000,0.000,0.000,0.000,0.000,0.000,0.000,0.000,0,0,0,0,0,0,0,0,0,0.000,0.000,0.000,0.000,0.000,0.000,0.000,0.000,0,0,0,0,0,0,0,0,0,0.000,0.000,0.000,0.000,0.000,0.000,0.000,0.000,0,0,0,0,0,0,0,0,0,0.000,0.000,0.000,0.000,0.000,0.000,0.000,0.000,0,0,0,0,0,0,0,0,0,0.000,0.000,0.000,0.000,0.000,0.000,0.000,0.000,0,0,0,0,0,0,0,0,0,0,0,0,0,0,0,0,0,0
14401,480.0,1727,27,31,823,904,0,0,348,484.89,0.963,1.291,0.653,0.062,0.464,-0.965,2.069,0.5409,2.3244,0.605,0.004,0.010,0.153,0.031,51,89,8,2,50,0,47707.23,8170.863,12333.488,6.323,2899.203,25.070,15958.017,4005.112,558.086,4215.927,3372.742,367.697,86.531,132.432,0.000126,0.020075,649,0,5,3,8,5,17786,39,3,6.323,0,0,0,0,0,0,0,0,0,0,0,0,0,0,27861,514,610,15685.364,12301.658,2883.480,0.000,6.323,11489.979,3721.298,13.581,87,129,79,5,45,40562,0,0,0,0.000,0.000,0.000,0.000,0.000,0.000,0.000,0.000,0,0,0,0,0,0,0,0,0,0.000,0.000,0.000,0.000,0.000,0.000,0.000,0.000,0,0,0,0,0,0,0,0,0,0.000,0.000,0.000,0.000,0.000,0.000,0.000,0.000,0,0,0,0,0,0,0,0,0,0.000,0.000,0.000,0.000,0.000,0.000,0.000,0.000,0,0,0,0,0,0,0,0,0,0.000,0.000,0.000,0.000,0.000,0.000,0.000,0.000,0,0,0,0,0,0,0,0,0,0,0,0,0,0,0,0,0,0
14431,481.0,1686,28,31,814,872,0,0,292,499.82,0.959,1.286,0.656,0.059,0.470,-0.965,2.070,0.5428,2.3108,0.604,0.004,0.009,0.153,0.029,51,84,3,0,34,0,47574.11,8114.980,12403.498,1.853,2698.547,27.759,15433.673,3842.579,446.928,3834.945,3067.956,16.265,40.355,106.663,0.000103,0.020089,587,0,1,2,3,1,17641,47,2,1.853,0,0,0,0,0,0,0,0,0,0,0,0,0,0,26698,519,540,15604.460,12391.780,2670.059,0.000,1.853,11034.385,3568.555,10.882,78,110,80,1,29,38397,0,0,0,0.000,0.000,0.000,0.000,0.000,0.000,0.000,0.000,0,0,0,0,0,0,0,0,0,0.000,0.000,0.000,0.000,0.000,0.000,0.000,0.000,0,0,0,0,0,0,0,0,0,0.000,0.000,0.000,0.000,0.000,0.000,0.000,0.000,0,0,0,0,0,0,0,0,0,0.000,0.000,0.000,0.000,0.000,0.000,0.000,0.000,0,0,0,0,0,0,0,0,0,0.000,0.000,0.000,0.000,0.000,0.000,0.000,0.000,0,0,0,0,0,0,0,0,0,0,0,0,0,0,0,0,0,0
14461,482.0,1685,27,31,809,876,0,0,248,592.07,0.959,1.288,0.654,0.058,0.468,-0.965,2.070,0.5432,2.3154,0.597,0.004,0.013,0.152,0.031,58,67,7,3,17,0,48012.19,8002.381,12959.664,8.463,2686.680,28.890,15157.188,3730.858,376.767,4147.777,3318.222,248.371,88.058,101.625,0.000114,0.019380,588,0,1,6,7,1,17446,71,6,8.463,0,0,0,0,0,0,0,0,0,0,0,0,0,0,26121,539,517,16119.066,12936.470,2643.399,0.000,8.463,10788.887,3457.257,11.261,79,75,62,1,12,27410,0,0,0,0.000,0.000,0.000,0.000,0.000,0.000,0.000,0.000,0,0,0,0,0,0,0,0,0,0.000,0.000,0.000,0.000,0.000,0.000,0.000,0.000,0,0,0,0,0,0,0,0,0,0.000,0.000,0.000,0.000,0.000,0.000,0.000,0.000,0,0,0,0,0,0,0,0,0,0.000,0.000,0.000,0.000,0.000,0.000,0.000,0.000,0,0,0,0,0,0,0,0,0,0.000,0.000,0.000,0.000,0.000,0.000,0.000,0.000,0,0,0,0,0,0,0,0,0,0,0,0,0,0,0,0,0,0
14491,483.0,1695,43,31,807,888,0,0,225,553.66,0.958,1.293,0.653,0.058,0.464,-0.965,2.073,0.5476,2.3597,0.591,0.006,0.009,0.152,0.033,61,84,0,0,16,0,49603.61,8132.088,13992.578,0.000,2423.456,30.316,15239.488,3822.521,318.582,5107.497,4085.998,12.115,29.216,89.820,0.000096,0.019206,538,0,0,0,0,0,17474,63,0,0.000,0,0,0,0,0,0,0,0,0,0,0,0,0,0,26502,581,475,16917.675,13949.188,2398.927,0.000,0.000,10878.424,3548.729,13.024,103,91,77,0,14,26147,0,0,0,0.000,0.000,0.000,0.000,0.000,0.000,0.000,0.000,0,0,0,0,0,0,0,0,0,0.000,0.000,0.000,0.000,0.000,0.000,0.000,0.000,0,0,0,0,0,0,0,0,0,0.000,0.000,0.000,0.000,0.000,0.000,0.000,0.000,0,0,0,0,0,0,0,0,0,0.000,0.000,0.000,0.000,0.000,0.000,0.000,0.000,0,0,0,0,0,0,0,0,0,0.000,0.000,0.000,0.000,0.000,0.000,0.000,0.000,0,0,0,0,0,0,0,0,0,0,0,0,0,0,0,0,0,0
14521,484.0,1709,35,31,802,907,0,0,186,467.61,0.960,1.304,0.651,0.060,0.459,-0.965,2.072,0.5433,2.3467,0.605,0.011,0.011,0.151,0.034,52,68,5,1,30,0,52026.30,8277.338,15277.638,6.509,2979.716,23.646,15352.088,3914.026,271.345,5341.646,4273.317,314.661,114.138,104.205,0.000185,0.018069,599,0,1,4,5,1,17370,51,3,4.774,0,0,0,0,0,0,0,0,0,0,0,0,0,0,26989,637,548,18873.587,15270.353,2958.784,0.000,4.774,11004.842,3641.838,13.274,107,88,64,1,23,29606,0,0,0,0.000,0.000,0.000,0.000,0.000,0.000,0.000,0.000,0,0,0,0,0,0,0,0,0,0.000,0.000,0.000,0.000,0.000,0.000,0.000,0.000,0,0,0,0,0,0,0,0,0,0.000,0.000,0.000,0.000,0.000,0.000,0.000,0.000,0,0,0,0,0,0,0,0,0,0.000,0.000,0.000,0.000,0.000,0.000,0.000,0.000,0,0,0,0,0,0,0,0,0,0.000,0.000,0.000,0.000,0.000,0.000,0.000,0.000,0,0,0,0,0,0,0,0,0,0,0,0,0,0,0,0,0,0
14551,485.0,1772,31,30,803,969,0,0,179,465.45,0.968,1.326,0.647,0.059,0.445,-0.965,2.068,0.5490,2.3781,0.598,0.005,0.010,0.151,0.039,56,60,3,1,13,0,55190.06,8422.063,16357.477,5.413,2920.276,27.113,15711.308,4063.734,236.768,6341.033,5072.826,117.970,118.241,104.971,0.000143,0.018831,547,0,0,3,3,0,17242,29,3,5.413,0,0,0,0,0,0,0,0,0,0,0,0,0,0,28031,687,518,19948.012,16357.477,2901.144,0.000,5.413,11354.140,3795.419,10.868,128,66,57,0,9,19924,0,0,0,0.000,0.000,0.000,0.000,0.000,0.000,0.000,0.000,0,0,0,0,0,0,0,0,0,0.000,0.000,0.000,0.000,0.000,0.000,0.000,0.000,0,0,0,0,0,0,0,0,0,0.000,0.000,0.000,0.000,0.000,0.000,0.000,0.000,0,0,0,0,0,0,0,0,0,0.000,0.000,0.000,0.000,0.000,0.000,0.000,0.000,0,0,0,0,0,0,0,0,0,0.000,0.000,0.000,0.000,0.000,0.000,0.000,0.000,0,0,0,0,0,0,0,0,0,0,0,0,0,0,0,0,0,0
14581,486.0,1850,36,30,819,1031,0,0,161,427.02,0.973,1.341,0.646,0.058,0.436,-0.964,2.071,0.5475,2.4061,0.582,0.009,0.009,0.150,0.043,54,63,3,1,18,0,58020.91,8702.571,16813.011,0.000,3025.702,26.294,16449.626,4299.757,221.864,7280.069,5824.055,89.708,42.691,125.074,0.000115,0.017654,534,0,3,0,3,3,17515,10,0,0.000,0,0,0,0,0,0,0,0,0,0,0,0,0,0,29902,706,524,20559.646,16788.402,3007.976,0.000,0.000,12025.175,4031.020,8.069,143,81,61,3,17,24534,0,0,0,0.000,0.000,0.000,0.000,0.000,0.000,0.000,0.000,0,0,0,0,0,0,0,0,0,0.000,0.000,0.000,0.000,0.000,0.000,0.000,0.000,0,0,0,0,0,0,0,0,0,0.000,0.000,0.000,0.000,0.000,0.000,0.000,0.000,0,0,0,0,0,0,0,0,0,0.000,0.000,0.000,0.000,0.000,0.000,0.000,0.000,0,0,0,0,0,0,0,0,0,0.000,0.000,0.000,0.000,0.000,0.000,0.000,0.000,0,0,0,0,0,0,0,0,0,0,0,0,0,0,0,0,0,0
14611,487.0,1940,39,30,833,1107,0,0,150,397.88,0.980,1.361,0.641,0.058,0.425,-0.965,2.072,0.5423,2.4251,0.586,0.010,0.009,0.148,0.048,60,64,2,0,8,0,60491.82,9109.035,17354.771,3.505,3568.291,25.914,17375.700,4591.811,201.313,7259.238,5807.390,185.548,69.364,120.812,0.000118,0.017029,658,0,1,1,2,1,17762,8,1,3.503,0,0,0,0,0,0,0,0,0,0,0,0,0,0,32162,727,650,21672.447,17343.573,3556.951,0.003,3.503,12869.800,4317.362,9.500,144,68,59,1,8,18056,0,0,0,0.000,0.000,0.000,0.000,0.000,0.000,0.000,0.000,0,0,0,0,0,0,0,0,0,0.000,0.000,0.000,0.000,0.000,0.000,0.000,0.000,0,0,0,0,0,0,0,0,0,0.000,0.000,0.000,0.000,0.000,0.000,0.000,0.000,0,0,0,0,0,0,0,0,0,0.000,0.000,0.000,0.000,0.000,0.000,0.000,0.000,0,0,0,0,0,0,0,0,0,0.000,0.000,0.000,0.000,0.000,0.000,0.000,0.000,0,0,0,0,0,0,0,0,0,0,0,0,0,0,0,0,0,0
14641,488.0,2039,29,30,847,1192,0,0,138,390.18,0.985,1.380,0.632,0.060,0.414,-0.965,2.074,0.5430,2.4545,0.579,0.015,0.010,0.148,0.051,57,77,1,1,11,0,65059.14,9799.282,20097.082,3.208,3672.769,23.011,18268.651,4893.608,184.578,8331.265,6665.012,23.522,167.240,128.407,0.000172,0.014980,657,0,0,1,1,0,17677,12,0,0.000,0,0,0,0,0,0,0,0,0,0,0,0,0,0,34427,833,645,24548.098,20079.224,3655.278,0.000,0.000,13675.199,4608.992,12.137,170,85,74,0,11,21988,0,0,0,0.000,0.000,0.000,0.000,0.000,0.000,0.000,0.000,0,0,0,0,0,0,0,0,0,0.000,0.000,0.000,0.000,0.000,0.000,0.000,0.000,0,0,0,0,0,0,0,0,0,0.000,0.000,0.000,0.000,0.000,0.000,0.000,0.000,0,0,0,0,0,0,0,0,0,0.000,0.000,0.000,0.000,0.000,0.000,0.000,0.000,0,0,0,0,0,0,0,0,0,0.000,0.000,0.000,0.000,0.000,0.000,0.000,0.000,0,0,0,0,0,0,0,0,0,0,0,0,0,0,0,0,0,0
14671,489.0,2175,29,30,874,1301,0,0,136,402.36,0.991,1.399,0.628,0.059,0.404,-0.964,2.072,0.5472,2.3755,0.562,0.008,0.008,0.147,0.056,54,75,1,1,9,0,70185.17,10292.642,21828.316,2.715,4035.310,18.449,19350.799,5278.534,169.487,9615.556,7692.445,62.833,45.870,167.007,0.000179,0.013479,702,0,0,1,1,0,18292,21,1,2.715,0,0,0,0,0,0,0,0,0,0,0,0,0,0,37416,906,681,26794.483,21812.945,4005.153,0.000,2.715,14670.474,4989.135,10.267,189,80,72,0,8,25186,0,0,0,0.000,0.000,0.000,0.000,0.000,0.000,0.000,0.000,0,0,0,0,0,0,0,0,0,0.000,0.000,0.000,0.000,0.000,0.000,0.000,0.000,0,0,0,0,0,0,0,0,0,0.000,0.000,0.000,0.000,0.000,0.000,0.000,0.000,0,0,0,0,0,0,0,0,0,0.000,0.000,0.000,0.000,0.000,0.000,0.000,0.000,0,0,0,0,0,0,0,0,0,0.000,0.000,0.000,0.000,0.000,0.000,0.000,0.000,0,0,0,0,0,0,0,0,0,0,0,0,0,0,0,0,0,0
14701,490.0,2326,26,30,896,1430,0,0,128,368.26,1.000,1.421,0.627,0.059,0.390,-0.964,2.073,0.5493,2.4509,0.578,0.011,0.007,0.146,0.061,42,82,2,0,12,0,76157.91,11165.132,24012.268,0.003,4982.063,18.761,20732.938,5758.611,163.907,10902.971,8722.377,114.920,53.796,199.890,0.000203,0.012484,826,0,2,0,2,2,18913,20,0,0.000,0,0,0,0,0,0,0,0,0,0,0,0,0,0,40920,996,806,29997.752,23965.829,4960.389,0.000,0.000,15925.420,5456.631,13.279,222,93,80,2,11,24018,0,0,0,0.000,0.000,0.000,0.000,0.000,0.000,0.000,0.000,0,0,0,0,0,0,0,0,0,0.000,0.000,0.000,0.000,0.000,0.000,0.000,0.000,0,0,0,0,0,0,0,0,0,0.000,0.000,0.000,0.000,0.000,0.000,0.000,0.000,0,0,0,0,0,0,0,0,0,0.000,0.000,0.000,0.000,0.000,0.000,0.000,0.000,0,0,0,0,0,0,0,0,0,0.000,0.000,0.000,0.000,0.000,0.000,0.000,0.000,0,0,0,0,0,0,0,0,0,0,0,0,0,0,0,0,0,0
14731,491.0,2515,34,30,921,1594,0,0,134,281.98,1.019,1.447,0.620,0.061,0.374,-0.963,2.073,0.5516,2.3782,0.569,0.010,0.007,0.145,0.067,50,74,3,0,11,0,83266.41,11969.460,27359.947,4.074,5479.617,19.066,22570.637,6514.048,161.298,12560.708,10048.567,194.634,40.489,231.740,0.000141,0.011113,889,0,1,2,3,1,19395,9,1,2.448,0,0,0,0,0,0,0,0,0,0,0,0,0,0,45382,1143,880,34070.101,27328.541,5463.404,0.003,2.448,17641.100,6201.461,17.697,250,86,74,1,11,19891,0,0,0,0.000,0.000,0.000,0.000,0.000,0.000,0.000,0.000,0,0,0,0,0,0,0,0,0,0.000,0.000,0.000,0.000,0.000,0.000,0.000,0.000,0,0,0,0,0,0,0,0,0,0.000,0.000,0.000,0.000,0.000,0.000,0.000,0.000,0,0,0,0,0,0,0,0,0,0.000,0.000,0.000,0.000,0.000,0.000,0.000,0.000,0,0,0,0,0,0,0,0,0,0.000,0.000,0.000,0.000,0.000,0.000,0.000,0.000,0,0,0,0,0,0,0,0,0,0,0,0,0,0,0,0,0,0
14761,492.0,2710,19,30,945,1765,0,0,137,258.52,1.034,1.469,0.613,0.060,0.359,-0.964,2.072,0.5513,2.5011,0.563,0.013,0.011,0.144,0.074,51,93,5,0,12,0,90924.23,12825.349,30064.451,1.145,6156.569,21.153,24526.478,7263.501,166.333,13664.945,10931.956,168.637,143.335,231.855,0.000217,0.010326,979,0,4,1,5,4,20016,13,1,1.127,0,0,0,0,0,0,0,0,0,0,0,0,0,0,50146,1254,966,37467.084,30017.550,6131.939,0.018,1.127,19460.866,6937.409,20.238,278,107,92,4,11,25537,0,0,0,0.000,0.000,0.000,0.000,0.000,0.000,0.000,0.000,0,0,0,0,0,0,0,0,0,0.000,0.000,0.000,0.000,0.000,0.000,0.000,0.000,0,0,0,0,0,0,0,0,0,0.000,0.000,0.000,0.000,0.000,0.000,0.000,0.000,0,0,0,0,0,0,0,0,0,0.000,0.000,0.000,0.000,0.000,0.000,0.000,0.000,0,0,0,0,0,0,0,0,0,0.000,0.000,0.000,0.000,0.000,0.000,0.000,0.000,0,0,0,0,0,0,0,0,0,0,0,0,0,0,0,0,0,0
14791,493.0,2899,20,30,979,1920,0,0,141,249.43,1.043,1.485,0.604,0.059,0.350,-0.963,2.072,0.5479,2.4390,0.556,0.011,0.009,0.144,0.077,48,110,2,0,17,0,98364.05,13946.064,31688.311,3.390,6936.775,15.609,26479.534,7995.436,168.973,14127.288,11301.830,217.476,249.027,262.029,0.000201,0.008749,1135,0,1,1,2,1,20288,22,1,3.390,0,0,0,0,0,0,0,0,0,0,0,0,0,0,54941,1318,1113,40029.311,31656.192,6902.225,0.000,3.390,21260.449,7652.788,24.356,281,126,109,1,16,26496,0,0,0,0.000,0.000,0.000,0.000,0.000,0.000,0.000,0.000,0,0,0,0,0,0,0,0,0,0.000,0.000,0.000,0.000,0.000,0.000,0.000,0.000,0,0,0,0,0,0,0,0,0,0.000,0.000,0.000,0.000,0.000,0.000,0.000,0.000,0,0,0,0,0,0,0,0,0,0.000,0.000,0.000,0.000,0.000,0.000,0.000,0.000,0,0,0,0,0,0,0,0,0,0.000,0.000,0.000,0.000,0.000,0.000,0.000,0.000,0,0,0,0,0,0,0,0,0,0,0,0,0,0,0,0,0,0
14821,494.0,3158,28,30,1025,2133,0,0,160,253.41,1.056,1.503,0.598,0.058,0.339,-0.964,2.071,0.5527,2.4769,0.549,0.006,0.008,0.143,0.081,39,101,3,2,7,0,104551.42,14947.732,33030.037,0.012,8294.580,15.188,28836.054,8783.540,189.351,16624.313,13299.451,61.077,255.026,340.497,0.000270,0.005545,1364,0,3,0,3,3,21243,13,0,0.000,0,0,0,0,0,0,0,0,0,0,0,0,0,0,60704,1375,1351,42827.418,32979.144,8281.696,0.012,0.000,23447.746,8420.400,28.629,324,111,101,3,7,22547,0,0,0,0.000,0.000,0.000,0.000,0.000,0.000,0.000,0.000,0,0,0,0,0,0,0,0,0,0.000,0.000,0.000,0.000,0.000,0.000,0.000,0.000,0,0,0,0,0,0,0,0,0,0.000,0.000,0.000,0.000,0.000,0.000,0.000,0.000,0,0,0,0,0,0,0,0,0,0.000,0.000,0.000,0.000,0.000,0.000,0.000,0.000,0,0,0,0,0,0,0,0,0,0.000,0.000,0.000,0.000,0.000,0.000,0.000,0.000,0,0,0,0,0,0,0,0,0,0,0,0,0,0,0,0,0,0
14851,495.0,3347,22,33,1059,2288,0,0,155,207.09,1.062,1.515,0.595,0.057,0.333,-0.964,2.069,0.5552,2.5186,0.557,0.014,0.008,0.142,0.084,46,140,3,1,22,0,112426.05,16322.068,36496.173,0.006,8777.353,15.620,31222.658,9751.692,199.808,15876.109,12700.887,28.008,240.585,325.641,0.000260,0.004043,1490,0,3,0,3,3,22317,8,0,0.000,0,0,0,0,0,0,0,0,0,0,0,0,0,0,66378,1514,1482,46879.213,36438.402,8766.829,0.004,0.000,25626.218,9370.713,30.533,318,163,138,3,22,28820,0,0,0,0.000,0.000,0.000,0.000,0.000,0.000,0.000,0.000,0,0,0,0,0,0,0,0,0,0.000,0.000,0.000,0.000,0.000,0.000,0.000,0.000,0,0,0,0,0,0,0,0,0,0.000,0.000,0.000,0.000,0.000,0.000,0.000,0.000,0,0,0,0,0,0,0,0,0,0.000,0.000,0.000,0.000,0.000,0.000,0.000,0.000,0,0,0,0,0,0,0,0,0,0.000,0.000,0.000,0.000,0.000,0.000,0.000,0.000,0,0,0,0,0,0,0,0,0,0,0,0,0,0,0,0,0,0
14881,496.0,3587,19,33,1094,2493,0,0,164,219.05,1.073,1.532,0.592,0.057,0.324,-0.963,2.068,0.5583,2.5796,0.549,0.005,0.007,0.141,0.088,52,131,12,0,24,0,120377.40,17389.794,39323.121,6.862,10153.030,13.815,33368.863,10741.981,204.900,18266.197,14612.958,298.640,64.168,436.645,0.000191,0.004599,1689,0,9,3,12,9,22569,23,2,3.585,0,0,0,0,0,0,0,0,0,0,0,0,0,0,71592,1633,1666,51232.332,39271.646,10111.481,0.003,3.585,27622.367,10341.921,35.152,367,162,129,9,24,29444,0,0,0,0.000,0.000,0.000,0.000,0.000,0.000,0.000,0.000,0,0,0,0,0,0,0,0,0,0.000,0.000,0.000,0.000,0.000,0.000,0.000,0.000,0,0,0,0,0,0,0,0,0,0.000,0.000,0.000,0.000,0.000,0.000,0.000,0.000,0,0,0,0,0,0,0,0,0,0.000,0.000,0.000,0.000,0.000,0.000,0.000,0.000,0,0,0,0,0,0,0,0,0,0.000,0.000,0.000,0.000,0.000,0.000,0.000,0.000,0,0,0,0,0,0,0,0,0,0,0,0,0,0,0,0,0,0
14911,497.0,3813,29,33,1125,2688,0,0,199,205.88,1.081,1.545,0.586,0.058,0.315,-0.964,2.068,0.5552,2.5711,0.546,0.012,0.006,0.141,0.091,41,170,11,0,14,0,127383.60,18357.472,41134.579,16.829,10987.304,13.949,35910.235,11688.193,235.850,18904.160,15123.328,291.447,158.633,437.487,0.000167,0.003955,1856,0,4,7,11,4,23420,18,5,12.456,0,0,0,0,0,0,0,0,0,0,0,0,0,0,77825,1709,1838,53999.392,41107.636,10967.128,0.017,12.456,30007.447,11274.374,36.095,383,188,170,4,14,30783,0,0,0,0.000,0.000,0.000,0.000,0.000,0.000,0.000,0.000,0,0,0,0,0,0,0,0,0,0.000,0.000,0.000,0.000,0.000,0.000,0.000,0.000,0,0,0,0,0,0,0,0,0,0.000,0.000,0.000,0.000,0.000,0.000,0.000,0.000,0,0,0,0,0,0,0,0,0,0.000,0.000,0.000,0.000,0.000,0.000,0.000,0.000,0,0,0,0,0,0,0,0,0,0.000,0.000,0.000,0.000,0.000,0.000,0.000,0.000,0,0,0,0,0,0,0,0,0,0,0,0,0,0,0,0,0,0
14941,498.0,4068,17,33,1170,2898,0,0,226,188.24,1.089,1.556,0.582,0.058,0.309,-0.964,2.066,0.5573,2.5648,0.539,0.013,0.008,0.141,0.093,56,189,17,0,28,0,136667.70,19984.401,46416.969,7.903,10796.249,11.213,38314.225,12698.061,283.618,21930.062,17544.050,829.349,123.971,489.929,0.000170,0.002856,1900,0,12,5,17,12,24023,94,3,4.519,0,0,0,0,0,0,0,0,0,0,0,0,0,0,83607,1927,1806,59081.654,46336.266,10695.460,0.035,4.519,32223.681,12262.525,41.450,437,227,189,12,26,37551,0,0,0,0.000,0.000,0.000,0.000,0.000,0.000,0.000,0.000,0,0,0,0,0,0,0,0,0,0.000,0.000,0.000,0.000,0.000,0.000,0.000,0.000,0,0,0,0,0,0,0,0,0,0.000,0.000,0.000,0.000,0.000,0.000,0.000,0.000,0,0,0,0,0,0,0,0,0,0.000,0.000,0.000,0.000,0.000,0.000,0.000,0.000,0,0,0,0,0,0,0,0,0,0.000,0.000,0.000,0.000,0.000,0.000,0.000,0.000,0,0,0,0,0,0,0,0,0,0,0,0,0,0,0,0,0,0
14971,499.0,4333,19,33,1210,3123,0,0,281,229.37,1.097,1.567,0.579,0.058,0.302,-0.965,2.064,0.5578,2.5837,0.530,0.017,0.007,0.140,0.097,41,180,18,0,38,0,144578.20,21201.827,47790.687,9.101,13390.276,12.400,41037.182,13697.871,339.915,22468.385,17974.708,771.945,155.541,594.984,0.000276,0.002817,2304,0,13,5,18,13,24953,56,4,7.438,0,0,0,0,0,0,0,0,0,0,0,0,0,0,90042,1984,2248,63337.748,47736.772,13339.320,0.108,7.438,34746.720,13240.908,47.068,452,227,179,13,35,37149,0,0,0,0.000,0.000,0.000,0.000,0.000,0.000,0.000,0.000,0,0,0,0,0,0,0,0,0,0.000,0.000,0.000,0.000,0.000,0.000,0.000,0.000,0,0,0,0,0,0,0,0,0,0.000,0.000,0.000,0.000,0.000,0.000,0.000,0.000,0,0,0,0,0,0,0,0,0,0.000,0.000,0.000,0.000,0.000,0.000,0.000,0.000,0,0,0,0,0,0,0,0,0,0.000,0.000,0.000,0.000,0.000,0.000,0.000,0.000,0,0,0,0,0,0,0,0,0,0,0,0,0,0,0,0,0,0
15001,500.0,4613,24,34,1271,3342,0,0,364,202.59,1.104,1.571,0.575,0.059,0.299,-0.964,2.063,0.5585,2.5757,0.525,0.009,0.007,0.140,0.098,53,204,11,0,47,0,152554.36,22540.896,50887.219,2.904,14057.226,8.644,43967.373,14883.340,449.335,24358.652,19486.922,505.124,192.507,585.453,0.000205,0.002849,2380,0,9,2,11,9,25799,26,0,0.000,0,0,0,0,0,0,0,0,0,0,0,0,0,0,96988,2114,2354,67225.865,50824.764,14029.124,0.045,0.000,37447.746,14400.820,53.865,476,257,203,9,45,47569,0,0,0,0.000,0.000,0.000,0.000,0.000,0.000,0.000,0.000,0,0,0,0,0,0,0,0,0,0.000,0.000,0.000,0.000,0.000,0.000,0.000,0.000,0,0,0,0,0,0,0,0,0,0.000,0.000,0.000,0.000,0.000,0.000,0.000,0.000,0,0,0,0,0,0,0,0,0,0.000,0.000,0.000,0.000,0.000,0.000,0.000,0.000,0,0,0,0,0,0,0,0,0,0.000,0.000,0.000,0.000,0.000,0.000,0.000,0.000,0,0,0,0,0,0,0,0,0,0,0,0,0,0,0,0,0,0
