tick,sim_second,organisms,food,species,plants,grazers,hunters,omnivores,infected,avg_lifespan,avg_body_size,avg_speed,avg_armor,avg_attack,avg_photo,avg_diet,avg_photo_area,avg_speed_plants,avg_speed_eaters,avg_light_share,ready_share_plants,ready_share_eaters,avg_disease_resistance,avg_symbiosis_rate,symbiotic_pairs,deaths_starvation,deaths_predation,deaths_old_age,deaths_disease,deaths_event,energy_total,flow_photosynthesis,flow_food,flow_predation,flow_grazing,flow_symbiosis,flow_metabolism,flow_movement,flow_disease,flow_reproduction_spent,flow_reproduction_received,flow_death,flow_clamp,flow_digestion,ledger_max_residual,ledger_cumulative_residual,grazes_eat,grazes_attack,kills_consumer,kills_plant,grazer_kills,grazer_kills_consumer,attacks_no_plant_in_reach,grazes_eat_by_plant,kills_plant_by_consumer,plant_kill_energy_consumer,hunter_intents,hunter_strikes,hunter_consumer_in_reach,hunter_kills_consumer,hunter_rejected_size,hunter_rejected_damage,hunter_rejected_both,omnivore_intents,omnivore_strikes,omnivore_consumer_in_reach,omnivore_kills_consumer,omnivore_rejected_size,omnivore_rejected_damage,omnivore_rejected_both,g1_ticks,g1_food_items,g1_bite_count,g1_plant_gross,g1_food,g1_bites,g1_kill_consumer,g1_kill_plant,g1_metabolism,g1_movement,g1_strike,g1_births,g1_deaths,g1_deaths_starvation,g1_deaths_predation,g1_deaths_disease,g1_death_age_sum,g2_ticks,g2_food_items,g2_bite_count,g2_plant_gross,g2_food,g2_bites,g2_kill_consumer,g2_kill_plant,g2_metabolism,g2_movement,g2_strike,g2_births,g2_deaths,g2_deaths_starvation,g2_deaths_predation,g2_deaths_disease,g2_death_age_sum,o1_ticks,o1_food_items,o1_bite_count,o1_plant_gross,o1_food,o1_bites,o1_kill_consumer,o1_kill_plant,o1_metabolism,o1_movement,o1_strike,o1_births,o1_deaths,o1_deaths_starvation,o1_deaths_predation,o1_deaths_disease,o1_death_age_sum,o2_ticks,o2_food_items,o2_bite_count,o2_plant_gross,o2_food,o2_bites,o2_kill_consumer,o2_kill_plant,o2_metabolism,o2_movement,o2_strike,o2_births,o2_deaths,o2_deaths_starvation,o2_deaths_predation,o2_deaths_disease,o2_death_age_sum,h1_ticks,h1_food_items,h1_bite_count,h1_plant_gross,h1_food,h1_bites,h1_kill_consumer,h1_kill_plant,h1_metabolism,h1_movement,h1_strike,h1_births,h1_deaths,h1_deaths_starvation,h1_deaths_predation,h1_deaths_disease,h1_death_age_sum,h2_ticks,h2_food_items,h2_bite_count,h2_plant_gross,h2_food,h2_bites,h2_kill_consumer,h2_kill_plant,h2_metabolism,h2_movement,h2_strike,h2_births,h2_deaths,h2_deaths_starvation,h2_deaths_predation,h2_deaths_disease,h2_death_age_sum,cross_plant_grazer,cross_plant_omnivore,cross_plant_hunter,cross_grazer_plant,cross_grazer_omnivore,cross_grazer_hunter,cross_omnivore_plant,cross_omnivore_grazer,cross_omnivore_hunter,cross_hunter_plant,cross_hunter_grazer,cross_hunter_omnivore
31,1.0,445,12818,0,148,103,78,116,1,18.63,0.858,0.791,0.187,0.196,0.236,-0.056,1.588,0.3279,1.2655,0.734,0.405,0.189,0.101,0.001,46,0,19,0,0,0,25126.34,1253.146,6861.201,49.517,31.613,16.130,2327.628,601.539,0.164,2315.804,1852.643,1089.534,1889.452,80.171,0.000103,-0.000061,7,0,13,6,2,2,2761,0,6,1.420,616,71,34,7,0,27,0,709,140,93,5,0,88,0,1413,288,2,3286.496,2798.208,22.694,0.045,0.000,326.346,84.775,1.547,13,2,0,2,0,32,1477,254,3,2742.664,1584.706,7.449,0.000,0.000,279.911,94.367,0.659,10,0,0,0,0,0,1533,292,1,3261.786,1045.833,1.098,1.021,0.000,320.909,90.074,1.287,5,2,0,2,0,29,2013,420,1,4359.387,773.319,0.372,8.646,0.979,473.775,127.753,2.585,8,5,0,5,0,126,1291,359,0,4477.500,290.165,0.000,7.018,0.287,284.556,75.344,1.787,3,2,0,2,0,33,1151,231,0,2677.500,29.380,0.000,31.368,0.154,249.652,79.430,3.611,0,2,0,2,0,47,0,2,2,0,4,1,0,0,1,0,0,1
61,2.0,482,11551,0,162,123,74,123,1,27.30,0.865,0.784,0.192,0.185,0.236,-0.110,1.575,0.3126,1.2454,0.724,0.481,0.194,0.103,0.002,66,0,25,0,0,0,26168.07,1313.078,6708.785,75.377,106.549,19.168,2433.822,592.255,2.453,2421.097,1936.877,1247.591,2147.510,147.659,0.000117,-0.000612,74,0,24,1,5,4,2963,61,1,5.557,540,31,26,15,0,10,1,627,133,103,5,0,98,0,1760,271,2,3594.003,3066.865,2.849,0.099,5.557,392.301,100.395,3.882,26,11,0,11,0,246,1616,280,3,3074.416,1779.263,17.071,0.000,0.000,317.591,97.300,0.833,11,5,0,5,0,196,1586,231,6,2404.836,800.686,16.323,0.000,0.000,333.566,85.746,1.186,4,3,0,3,0,132,1981,322,0,3342.500,596.745,0.000,10.486,0.000,472.084,119.607,3.549,4,0,0,0,0,0,1249,211,2,3056.674,200.787,0.192,5.217,0.000,273.188,68.776,0.758,1,1,0,1,0,34,1018,217,0,2695.000,36.302,0.000,54.017,0.000,212.070,65.362,4.489,0,4,0,4,0,182,0,1,0,0,1,0,0,0,0,0,0,0
91,3.0,516,10320,0,159,163,72,122,1,36.13,0.889,0.779,0.193,0.179,0.220,-0.188,1.573,0.3221,1.2308,0.758,0.459,0.196,0.104,0.005,73,2,17,0,0,0,27668.42,1337.860,7635.025,22.584,29.702,22.988,2676.493,620.838,2.453,2132.075,1705.660,739.213,2929.134,100.567,0.000123,-0.000188,28,0,10,7,4,3,3148,23,7,6.501,484,17,11,5,0,4,2,625,98,45,2,0,42,1,2319,329,0,4585.000,3972.507,0.000,0.010,0.000,513.345,125.363,2.878,33,4,0,4,0,99,1962,308,2,3427.811,1995.667,9.349,0.000,3.798,418.268,107.621,1.050,13,2,0,2,0,112,1667,204,0,2090.000,699.876,0.000,0.000,0.000,342.243,86.289,0.323,1,1,1,0,0,82,1999,260,2,3074.258,526.887,0.646,3.302,2.206,484.203,124.079,2.815,0,2,0,2,0,141,1230,225,1,2818.291,194.480,0.860,6.819,0.494,269.346,69.488,1.153,1,3,1,2,0,220,960,183,0,2265.000,32.556,0.000,5.952,0.003,202.465,57.613,1.395,0,0,0,0,0,0,0,1,0,0,0,0,0,0,0,0,0,0
121,4.0,566,9249,0,162,206,70,128,1,44.35,0.904,0.787,0.186,0.169,0.209,-0.262,1.565,0.3358,1.2500,0.764,0.469,0.178,0.106,0.005,72,3,16,0,0,0,29435.11,1391.036,7514.374,39.018,76.664,23.109,2931.606,684.950,2.453,2766.059,2212.848,687.240,2253.308,64.972,0.000112,0.000692,13,0,12,4,6,3,3969,0,4,9.348,504,28,21,9,0,10,1,614,52,20,0,0,17,3,3208,357,9,5140.295,4553.567,56.887,0.008,4.833,719.379,181.046,5.342,44,9,0,9,0,371,2188,282,2,2548.135,1454.348,19.553,0.146,4.462,475.222,120.400,1.300,11,1,0,1,0,93,1763,237,0,2092.500,743.445,0.000,0.000,0.000,348.399,93.497,0.309,6,2,1,1,0,185,2004,228,0,2725.000,466.159,0.000,0.000,0.000,485.036,119.255,0.462,1,1,1,0,0,103,1200,151,0,1780.000,119.582,0.000,4.234,0.000,257.380,61.303,0.884,0,0,0,0,0,0,930,160,2,1772.320,21.247,0.223,25.282,0.052,196.443,56.590,2.471,0,2,1,1,0,211,0,0,0,0,2,0,0,0,0,0,0,0
151,5.0,627,8215,45,169,264,70,124,1,51.06,0.923,0.784,0.173,0.155,0.200,-0.339,1.570,0.3309,1.2690,0.722,0.444,0.157,0.107,0.007,79,4,8,0,0,0,31875.76,1416.124,8799.231,13.237,37.924,18.392,3294.146,774.839,2.453,2993.573,2394.858,282.942,2753.463,81.389,0.000126,0.001589,22,0,4,4,5,2,5345,14,4,9.888,506,19,18,2,0,16,0,652,74,27,0,0,27,0,4636,430,0,6182.500,5498.421,0.000,0.028,5.513,1050.129,259.929,10.430,51,2,0,2,0,10,2420,331,5,3340.076,1902.910,20.765,0.000,4.243,530.119,140.781,1.466,8,0,0,0,0,0,1831,224,0,2135.000,719.759,0.000,0.000,0.000,351.821,95.802,0.489,1,1,1,0,0,110,1942,189,2,1991.893,357.289,5.021,0.000,0.000,457.573,109.048,0.603,0,4,3,1,0,479,1209,126,0,1400.000,90.556,0.000,1.221,0.132,258.568,58.609,0.312,1,0,0,0,0,0,889,119,1,1350.457,15.654,0.000,2.099,0.000,187.980,54.303,0.446,0,1,0,1,0,140,0,1,0,0,0,0,0,1,0,0,0,0
181,6.0,685,7223,45,175,319,64,127,1,75.33,0.931,0.785,0.166,0.144,0.191,-0.405,1.581,0.3235,1.2344,0.679,0.400,0.153,0.108,0.008,76,13,19,0,0,0,33837.01,1440.321,10356.996,54.967,172.639,16.899,3711.070,852.858,2.453,3613.677,2890.942,1259.768,3185.045,157.102,0.000102,0.001517,34,0,13,6,6,4,5840,17,6,18.951,452,32,14,7,0,5,2,556,81,34,2,0,31,1,5819,493,7,7983.917,7007.643,80.388,0.015,15.942,1338.260,330.403,12.048,53,9,5,4,0,996,2775,344,6,3582.538,1992.584,33.905,0.000,0.000,622.997,164.158,1.583,17,5,1,4,0,632,1887,220,0,1930.000,677.863,0.000,0.000,0.000,369.525,96.260,0.556,7,2,0,2,0,336,1875,187,4,2095.964,365.333,5.018,4.931,2.770,444.105,94.351,1.415,1,4,4,0,0,686,1211,106,0,1145.000,74.122,0.000,4.342,0.239,266.396,55.543,1.289,0,2,0,2,0,343,835,127,0,1670.000,25.201,0.000,26.729,0.000,180.593,49.589,2.843,0,4,3,1,0,689,0,0,0,0,1,0,0,0,0,0,0,0
211,7.0,794,6231,45,182,431,56,125,1,95.71,0.959,0.777,0.156,0.115,0.173,-0.503,1.587,0.3157,1.2740,0.707,0.374,0.145,0.111,0.012,86,26,18,0,0,0,38755.23,1558.503,14588.891,3.517,262.235,19.080,4196.459,1063.087,2.372,6424.579,5139.663,918.162,3625.456,142.237,0.000121,0.001702,40,0,15,3,12,12,7284,8,3,0.851,439,30,16,2,2,12,0,557,45,9,1,0,7,1,7906,720,27,12789.163,11199.185,225.879,0.032,0.000,1785.695,539.088,18.036,120,21,11,10,0,2567,3165,356,4,3784.989,2063.511,16.673,0.599,0.000,720.130,186.270,2.049,19,7,5,2,0,1040,2028,197,0,2055.000,695.129,0.000,0.000,0.000,389.374,95.063,0.133,4,2,1,1,0,385,1762,195,1,2236.084,395.275,0.706,0.396,0.000,408.413,86.060,0.874,0,3,3,0,0,595,1124,83,0,1007.500,69.608,0.000,1.639,0.607,240.385,49.525,0.814,0,4,4,0,0,798,710,78,0,1162.500,19.846,0.000,0.000,0.244,148.975,39.751,1.564,0,4,2,2,0,804,0,0,0,0,0,0,0,1,0,0,0,0
241,8.0,982,5094,45,195,622,45,120,5,118.12,0.991,0.770,0.139,0.099,0.154,-0.611,1.591,0.3315,1.3073,0.718,0.328,0.114,0.114,0.021,106,31,31,0,0,0,47132.98,1755.928,19918.453,19.048,409.512,19.375,5160.581,1510.783,1.645,10653.385,8522.708,1281.982,2973.172,256.849,0.000137,0.002211,74,0,29,2,26,24,10648,28,2,10.940,352,29,11,4,2,2,3,508,91,45,1,0,44,0,12354,990,35,19088.988,16684.052,375.035,0.219,10.940,2779.550,975.552,36.151,211,33,10,23,0,2135,3529,385,2,4003.352,2225.859,18.850,0.000,0.000,805.134,197.467,1.909,20,7,4,3,0,1061,2018,164,1,1498.070,519.719,8.955,0.000,0.000,377.508,93.878,0.547,2,4,3,1,0,902,1672,153,0,1602.500,299.294,0.000,0.442,0.000,379.842,83.657,1.103,2,5,5,0,0,1135,955,81,0,870.000,62.184,0.000,1.844,0.000,187.104,45.091,0.658,0,6,5,1,0,1306,533,57,8,964.100,15.988,0.529,5.603,0.000,102.590,27.401,0.921,0,5,4,1,0,1108,0,0,0,0,0,0,0,0,0,0,0,0
271,9.0,1265,3969,45,211,902,37,115,8,135.02,1.031,0.776,0.118,0.083,0.134,-0.697,1.579,0.3283,1.3677,0.693,0.303,0.093,0.116,0.027,122,26,39,0,2,0,57948.13,1956.318,24809.462,10.805,505.827,22.111,6635.507,2080.271,11.407,15044.751,12035.801,1591.274,2336.084,297.938,0.000143,0.002264,93,0,36,3,29,29,15472,32,3,0.265,305,17,8,2,1,1,4,436,112,77,5,0,69,3,18703,1210,46,24623.598,21583.594,476.323,0.332,0.000,4230.338,1521.082,60.126,315,41,9,30,2,2482,3886,348,2,4030.461,2235.297,12.603,0.453,0.000,887.037,219.846,1.978,11,5,4,1,0,919,2009,169,0,1442.500,516.587,0.000,0.000,0.000,363.031,87.484,0.919,4,6,3,3,0,1142,1557,138,8,1563.506,297.389,3.816,7.766,0.000,347.592,79.418,0.986,1,4,4,0,0,1003,841,69,5,755.317,43.511,2.085,1.239,0.243,162.726,37.956,0.517,0,2,0,2,0,513,416,42,0,857.500,16.578,0.000,0.750,0.023,79.317,19.418,0.757,0,6,6,0,0,1562,0,0,0,0,0,0,0,0,0,0,0,0
301,10.0,1645,2786,38,218,1292,32,103,13,130.78,1.073,0.791,0.100,0.065,0.112,-0.766,1.577,0.3425,1.4426,0.685,0.261,0.078,0.117,0.034,128,34,52,0,1,0,73918.11,2048.045,34513.521,40.352,945.736,19.846,8800.619,3075.520,13.391,20312.914,16250.331,2037.973,2238.575,403.276,0.000187,0.003375,156,0,45,7,44,37,21746,31,7,20.863,258,30,26,3,0,16,7,455,144,113,5,0,102,6,28252,1614,103,36883.784,32216.954,842.325,0.389,15.699,6465.082,2483.632,99.075,437,46,7,39,0,2750,3981,271,16,2864.269,1542.792,88.986,0.000,4.289,909.460,233.044,3.033,13,14,10,4,0,2152,1866,118,0,1200.000,424.371,0.000,0.000,0.875,334.449,80.654,1.279,3,4,4,0,0,1042,1377,106,5,1101.962,195.362,6.420,7.152,0.000,303.177,72.426,1.990,0,11,8,2,1,3091,784,34,0,552.500,36.995,0.000,11.948,0.000,147.412,34.608,0.743,0,2,2,0,0,576,248,19,1,392.705,6.083,0.521,0.000,0.000,43.292,12.239,0.173,0,3,3,0,0,851,0,0,0,0,0,0,0,0,0,0,0,0
331,11.0,2118,1666,38,224,1771,21,102,19,128.79,1.101,0.808,0.093,0.052,0.094,-0.811,1.580,0.3339,1.5088,0.694,0.223,0.060,0.120,0.041,144,43,67,0,0,0,90889.46,2244.699,41672.780,39.761,1543.495,19.059,12053.339,4425.758,21.842,25456.298,20365.039,2661.358,2212.585,519.748,0.000153,0.003789,166,0,65,2,54,52,32495,14,2,9.018,215,22,22,7,0,10,5,444,130,97,6,0,90,1,42686,1882,138,46010.580,40051.694,1462.240,0.410,9.018,9788.625,3782.130,150.231,570,90,28,62,0,7783,3894,171,11,1982.458,1064.678,42.793,0.693,0.000,891.030,237.535,4.155,2,3,3,0,0,607,1907,88,0,975.000,351.481,0.000,0.000,0.000,345.645,88.089,0.994,3,2,1,1,0,476,1172,71,3,747.980,131.158,4.809,10.914,0.000,262.962,63.654,2.168,0,2,1,1,0,476,659,34,0,325.000,25.665,0.000,18.726,0.000,120.320,32.321,1.856,0,8,8,0,0,2555,165,15,0,340.000,6.689,0.000,0.000,0.000,28.633,7.805,0.057,0,3,2,1,0,937,0,0,0,0,0,0,0,0,0,0,0,0
361,12.0,2403,1228,38,232,2055,19,97,24,131.82,1.112,0.817,0.087,0.043,0.089,-0.827,1.584,0.3359,1.5386,0.680,0.172,0.050,0.121,0.042,149,41,71,0,1,0,97962.00,2466.449,32006.747,32.099,1593.428,22.869,14460.458,5261.784,29.518,17292.228,13833.783,2524.776,1241.441,456.335,0.000215,0.005179,192,0,67,4,64,60,39576,0,4,16.871,150,33,33,4,0,10,19,453,164,110,6,0,81,23,53581,1487,174,35786.593,30785.591,1562.080,0.535,16.871,12298.278,4617.081,182.067,382,89,28,60,1,9545,3747,129,6,1607.458,869.927,16.628,0.068,0.000,852.772,215.558,3.000,4,13,7,6,0,2851,1873,58,12,616.395,193.020,14.720,1.393,0.000,332.758,92.409,1.682,0,2,2,0,0,499,1098,44,0,487.500,87.686,0.000,3.730,0.000,248.930,63.848,1.518,0,3,2,1,0,986,487,5,0,55.000,3.284,0.000,9.502,0.000,81.967,23.274,1.026,0,2,2,0,0,699,120,1,0,25.000,0.301,0.000,0.000,0.000,17.566,4.480,0.304,0,0,0,0,0,0,0,0,0,0,0,0,0,0,0,0,0,0
391,13.0,2618,932,38,242,2273,13,90,31,135.96,1.123,0.824,0.083,0.041,0.086,-0.841,1.582,0.3418,1.5593,0.688,0.157,0.045,0.120,0.041,116,58,106,0,4,0,102466.94,2684.853,33491.668,15.836,2067.422,17.158,16207.972,6219.709,36.866,16692.939,13354.351,3999.965,1185.995,698.325,0.000124,0.005433,309,0,102,4,102,99,43673,55,4,11.576,90,4,4,0,0,3,1,353,145,108,3,0,103,2,61286,1544,237,38330.845,32626.230,1891.308,0.875,10.936,14123.859,5578.132,202.618,367,141,44,94,3,14984,3483,89,15,1184.496,608.812,43.138,0.305,0.000,791.705,208.758,3.043,2,10,5,4,1,2481,1797,47,2,429.285,142.083,2.707,0.000,0.000,314.876,87.780,1.131,0,6,3,3,0,1870,1046,26,0,300.000,54.723,0.000,3.080,0.640,239.189,60.412,1.083,0,1,1,0,0,387,403,11,0,187.500,15.211,0.000,0.000,0.000,64.120,14.924,0.023,0,4,3,1,0,1517,82,1,0,25.000,0.623,0.000,0.000,0.000,12.066,2.765,0.033,0,2,2,0,0,744,0,0,0,0,0,0,0,0,0,0,0,0
421,14.0,2771,694,38,249,2433,9,80,42,138.64,1.131,0.825,0.082,0.041,0.085,-0.851,1.587,0.3507,1.5607,0.704,0.133,0.044,0.121,0.041,124,119,99,0,2,0,107956.78,2959.245,35470.501,26.145,1796.221,16.554,17552.551,6849.122,49.815,16316.999,13053.599,3344.279,1341.345,565.533,0.000212,0.005399,286,0,96,3,94,91,47147,60,3,16.714,58,8,4,0,0,2,2,353,130,95,7,0,74,14,67211,1610,221,40106.231,34637.619,1680.336,1.060,16.714,15564.604,6243.166,199.452,359,195,104,89,2,22413,3308,90,5,1177.742,627.944,17.446,1.382,0.000,758.471,196.828,3.969,4,8,5,3,0,1978,1598,35,0,262.500,98.579,0.000,1.421,0.000,270.686,76.361,0.789,0,7,4,3,0,2015,991,29,0,322.500,57.147,0.000,5.568,0.000,227.085,56.184,1.732,0,3,2,1,0,1225,285,7,0,122.500,9.716,0.000,0.000,0.000,44.041,9.110,0.096,0,3,3,0,0,1218,51,0,0,0.000,0.000,0.000,0.000,0.000,7.902,1.683,0.000,0,1,1,0,0,412,0,0,0,0,0,0,0,0,0,0,0,0
451,15.0,2952,565,33,262,2613,8,69,45,145.44,1.138,0.824,0.080,0.039,0.085,-0.860,1.591,0.3450,1.5589,0.656,0.092,0.041,0.123,0.042,122,115,113,0,7,0,113764.16,3065.675,38330.070,23.381,2277.305,17.783,18743.691,7318.493,61.206,18121.800,14497.441,3854.681,1366.382,642.935,0.000194,0.005713,315,0,106,7,109,102,50972,18,7,15.915,30,4,0,0,0,0,0,327,125,109,6,0,91,12,72246,1737,292,44106.617,37754.181,2241.814,1.501,15.915,16819.202,6708.818,228.335,393,208,100,102,6,24789,3197,55,3,840.326,460.228,5.029,0.642,0.000,744.856,190.134,3.728,2,7,3,4,0,2505,1407,10,1,95.161,32.814,0.688,1.652,0.000,233.899,68.967,1.485,0,6,6,0,0,1589,866,24,1,234.600,43.062,0.470,3.672,0.000,199.031,45.626,0.642,0,5,5,0,0,1959,227,9,0,155.000,14.734,0.000,0.000,0.000,32.923,9.033,0.055,0,1,1,0,0,438,30,1,0,25.000,0.623,0.000,0.000,0.000,5.723,1.196,0.000,0,0,0,0,0,0,0,0,0,0,0,0,0,0,0,0,0,0
481,16.0,3128,522,33,273,2786,6,63,48,161.59,1.145,0.819,0.079,0.034,0.084,-0.867,1.593,0.3467,1.5618,0.625,0.088,0.039,0.124,0.042,99,125,110,0,7,0,120164.97,3241.878,39849.859,24.914,1888.872,13.617,20023.239,7764.336,66.376,18160.860,14528.688,3974.762,615.638,639.323,0.000280,0.008419,279,0,105,5,104,99,55129,4,5,11.259,30,3,3,0,0,0,3,292,100,88,13,0,62,13,77785,1823,259,45639.522,39403.328,1855.785,0.921,9.567,18196.281,7163.734,249.273,401,217,110,100,7,29043,2954,43,6,638.487,342.482,21.342,0.601,1.692,683.030,177.678,3.474,1,12,11,1,0,4024,1222,13,5,163.763,48.199,5.206,5.206,0.000,204.199,58.466,1.082,0,5,2,3,0,1657,774,8,5,88.418,12.125,6.181,6.927,0.000,170.554,38.167,1.013,0,1,1,0,0,475,196,7,0,122.500,12.777,0.000,0.000,0.000,25.794,8.018,0.041,0,1,1,0,0,467,10,0,0,0.000,0.000,0.000,0.000,0.000,1.908,0.387,0.000,0,1,0,1,0,461,0,0,0,0,0,0,0,0,0,0,0,0
511,17.0,3292,482,33,283,2954,4,51,61,182.59,1.149,0.816,0.076,0.031,0.083,-0.876,1.589,0.3639,1.5525,0.619,0.060,0.040,0.125,0.043,73,128,112,0,3,0,126690.27,3396.736,41382.654,29.286,2527.469,13.686,21201.606,8193.884,76.174,17765.961,14212.769,3968.913,592.160,697.441,0.000140,0.009008,391,0,106,6,98,94,58282,1,6,13.559,30,6,6,0,0,0,6,261,79,77,14,0,55,8,83230,1882,382,48099.550,40928.427,2503.353,0.614,13.116,19509.639,7615.387,267.647,391,205,106,97,2,30376,2523,43,5,593.031,315.643,13.389,1.222,0.000,587.493,151.780,3.382,0,18,11,6,1,5137,1072,19,3,254.861,74.926,6.829,1.462,0.000,180.324,49.339,0.754,0,4,3,1,0,1359,636,10,0,127.500,21.413,0.000,12.429,0.444,135.953,30.353,2.981,0,8,7,1,0,3713,171,0,0,0.000,0.000,0.000,0.000,0.000,21.212,6.542,0.083,0,2,1,1,0,1013,0,0,0,0.000,0.000,0.000,0.000,0.000,0.000,0.000,0.000,0,0,0,0,0,0,0,0,0,0,0,0,0,0,0,0,0,0
541,18.0,3483,451,33,285,3154,3,41,78,188.02,1.156,0.818,0.075,0.029,0.081,-0.883,1.592,0.3527,1.5598,0.653,0.046,0.037,0.125,0.043,75,123,109,0,6,0,136003.28,3690.941,46096.398,36.345,2605.326,11.353,22503.375,8855.618,96.150,18925.696,15140.557,3940.057,646.167,684.167,0.000243,0.009880,487,0,102,7,103,96,62649,27,7,24.856,30,4,4,0,0,0,4,206,102,95,9,0,73,13,89442,2079,458,53447.894,45793.609,2590.764,0.544,24.856,20974.402,8294.651,293.518,419,209,104,101,4,32875,2075,27,0,395.000,217.579,0.000,0.649,0.000,476.385,124.634,2.730,0,10,9,0,1,2863,945,10,2,153.931,48.993,3.563,2.748,0.000,153.706,42.997,0.953,0,6,6,0,0,3152,462,5,0,55.000,9.168,0.000,7.548,0.000,98.417,22.106,1.483,0,4,4,0,0,2080,115,0,0,0.000,0.000,0.000,0.000,0.000,12.538,5.149,0.055,0,1,0,1,0,453,0,0,0,0.000,0.000,0.000,0.000,0.000,0.000,0.000,0.000,0,0,0,0,0,0,0,0,0,0,0,0,0,0,0,0,0,0
571,19.0,3715,436,33,297,3383,3,32,107,192.80,1.163,0.818,0.072,0.028,0.080,-0.889,1.599,0.3544,1.5664,0.668,0.051,0.037,0.126,0.045,65,116,127,0,3,0,145434.94,4114.957,48731.918,22.896,2273.297,13.134,24050.507,9609.788,130.822,20953.102,16762.482,4149.239,615.273,691.876,0.000230,0.010347,423,0,120,7,126,119,67037,2,7,20.560,30,10,10,0,0,0,10,158,46,45,1,0,29,15,96218,2182,416,55868.297,48397.564,2266.606,0.644,20.560,22659.349,9066.142,325.116,458,216,96,117,3,36512,1735,29,4,434.684,237.760,4.305,0.396,0.000,386.730,94.897,1.816,1,14,12,2,0,4722,745,5,1,45.452,13.947,2.156,0.000,0.000,119.917,35.483,0.456,0,6,6,0,0,2661,323,10,0,180.000,29.511,0.000,1.296,0.000,65.738,14.251,0.312,0,3,2,1,0,1422,90,1,0,25.000,2.518,0.000,0.000,0.000,9.591,2.984,0.138,0,0,0,0,0,0,0,0,0,0.000,0.000,0.000,0.000,0.000,0.000,0.000,0.000,0,0,0,0,0,0,0,0,0,0,0,0,0,0,0,0,0,0
601,20.0,3951,355,31,297,3623,2,29,152,188.07,1.169,0.819,0.072,0.027,0.077,-0.892,1.592,0.3657,1.5717,0.678,0.030,0.036,0.127,0.046,67,126,158,0,4,0,154127.28,4381.350,52374.947,19.292,3056.395,10.070,25801.352,10337.549,184.323,23190.521,18552.417,5558.779,618.885,944.256,0.000331,0.009049,523,0,149,9,157,148,71926,1,9,16.628,30,4,4,0,0,1,3,135,28,25,1,0,10,14,103727,2342,516,60766.084,52119.596,3026.886,0.977,16.628,24484.600,9779.759,364.275,514,265,114,147,4,43548,1391,21,5,380.802,179.685,26.417,0.630,0.000,311.313,74.591,2.361,1,10,8,2,0,4470,640,6,1,107.198,27.313,2.599,0.000,0.000,108.155,30.645,0.287,0,2,2,0,0,1036,298,6,0,80.000,14.411,0.000,1.058,0.000,61.907,12.138,0.291,0,1,1,0,0,599,89,0,0,0.000,0.000,0.000,0.000,0.000,9.558,3.090,0.055,0,1,1,0,0,458,0,0,0,0.000,0.000,0.000,0.000,0.000,0.000,0.000,0.000,0,0,0,0,0,0,0,0,0,0,0,0,0,0,0,0,0,0
631,21.0,4139,382,31,306,3807,2,24,178,208.95,1.175,0.819,0.073,0.025,0.077,-0.895,1.591,0.3704,1.5552,0.673,0.020,0.033,0.128,0.048,69,137,153,0,17,0,160938.81,4515.351,52729.889,18.459,3182.709,10.790,27444.708,10807.140,230.391,21821.113,17456.890,5958.743,668.083,978.866,0.000189,0.008782,593,0,145,8,153,145,76857,0,8,17.173,30,11,11,0,0,0,11,89,18,13,0,0,10,3,110407,2363,587,61318.796,52510.235,3167.575,1.002,17.173,26185.691,10232.654,402.410,478,285,127,143,15,53397,1134,16,2,258.733,135.074,9.055,0.284,0.000,264.105,60.476,1.005,0,9,7,0,2,3643,542,5,2,86.725,20.805,3.907,0.000,0.000,96.016,25.311,0.026,0,4,3,1,0,2043,254,6,2,128.179,17.948,2.172,0.000,0.000,53.402,10.820,0.031,0,1,0,1,0,615,60,0,0,0.000,0.000,0.000,0.000,0.000,6.062,2.044,0.152,0,0,0,0,0,0,0,0,0,0.000,0.000,0.000,0.000,0.000,0.000,0.000,0.000,0,0,0,0,0,0,0,0,0,0,0,0,0,0,0,0,0,0
661,22.0,4394,338,31,304,4067,2,21,224,198.46,1.184,0.821,0.072,0.026,0.074,-0.896,1.593,0.3739,1.5560,0.651,0.016,0.031,0.127,0.049,62,142,159,0,19,0,169793.23,4724.867,57988.291,36.831,3093.785,11.756,29116.118,11490.910,283.790,25581.789,20465.431,5820.751,1144.058,923.583,0.000271,0.009883,579,0,144,15,159,144,81653,4,15,35.033,30,8,6,0,0,0,6,111,37,37,0,0,31,6,116971,2600,568,67245.196,57793.660,3077.655,1.015,35.033,27891.769,10898.761,433.483,560,299,138,144,17,55969,979,14,4,263.653,134.996,10.211,0.783,0.000,235.144,48.049,1.634,1,2,2,0,0,958,449,8,1,96.775,31.088,0.776,0.000,0.000,82.943,20.960,0.338,0,3,2,0,1,1417,240,0,2,17.334,0.000,2.665,0.000,0.000,51.350,10.856,0.033,0,0,0,0,0,0,60,0,0,0.000,0.000,0.000,0.000,0.000,6.176,1.770,0.111,0,0,0,0,0,0,0,0,0,0.000,0.000,0.000,0.000,0.000,0.000,0.000,0.000,0,0,0,0,0,0,0,0,0,0,0,0,0,0,0,0,0,0
691,23.0,4582,339,31,305,4260,2,15,298,217.70,1.191,0.822,0.074,0.025,0.072,-0.898,1.591,0.3865,1.5584,0.675,0.010,0.031,0.127,0.049,59,142,206,0,18,0,174254.58,4985.759,57049.222,16.643,3646.976,9.897,30917.977,12225.836,382.491,24719.035,19775.228,7014.920,992.371,1112.889,0.000331,0.008935,655,0,198,8,206,198,86013,2,8,14.943,30,4,4,0,0,0,4,105,49,44,0,0,31,13,123836,2542,651,66767.015,56917.107,3642.872,1.355,14.943,29717.201,11576.810,496.443,545,348,133,197,18,66824,926,9,1,138.551,73.399,0.480,0.346,0.000,225.521,46.509,0.938,0,4,4,0,0,1692,360,4,1,40.832,10.081,2.937,0.000,0.000,65.188,17.024,0.583,0,2,2,0,0,1352,205,2,0,32.500,5.413,0.000,0.000,0.000,44.994,8.553,0.025,0,4,3,1,0,2713,60,0,0,0.000,0.000,0.000,0.000,0.000,6.258,1.497,0.055,0,0,0,0,0,0,0,0,0,0.000,0.000,0.000,0.000,0.000,0.000,0.000,0.000,0,0,0,0,0,0,0,0,0,0,0,0,0,0,0,0,0,0
721,24.0,4752,312,31,319,4419,1,13,400,203.40,1.194,0.821,0.075,0.026,0.072,-0.900,1.591,0.3766,1.5624,0.682,0.013,0.032,0.128,0.050,47,185,181,0,22,0,181695.44,5339.274,60616.451,13.617,3390.053,8.690,32314.179,12787.664,523.085,24772.050,19817.640,5824.035,1134.604,990.501,0.000185,0.010244,716,0,175,6,181,175,89266,6,6,11.881,27,3,3,0,0,0,3,104,55,50,0,0,37,13,129253,2700,704,70199.208,60343.150,3376.518,1.216,11.881,31165.738,12125.308,518.793,537,375,181,173,21,70002,775,19,3,348.175,190.874,6.528,0.520,0.000,195.839,41.855,1.040,0,3,2,1,0,1473,289,2,1,39.674,10.058,1.945,0.000,0.000,49.519,14.718,0.624,0,2,2,0,0,1215,120,5,2,92.575,14.255,0.424,0.000,0.000,28.678,5.681,0.038,0,0,0,0,0,0,57,0,0,0.000,0.000,0.000,0.000,0.000,6.029,1.452,0.028,0,1,0,1,0,718,0,0,0,0.000,0.000,0.000,0.000,0.000,0.000,0.000,0.000,0,0,0,0,0,0,0,0,0,0,0,0,0,0,0,0,0,0
751,25.0,4934,295,29,328,4594,1,11,566,206.98,1.198,0.822,0.073,0.026,0.072,-0.901,1.590,0.3798,1.5556,0.704,0.015,0.031,0.128,0.050,57,169,150,0,40,0,189453.67,5792.485,62241.251,9.735,3828.842,7.955,33759.427,13504.123,753.216,24114.107,19291.286,5408.270,1035.343,1002.033,0.000267,0.011167,750,0,145,5,150,145,93440,10,5,8.420,0,0,0,0,0,0,0,84,43,39,0,0,23,16,134599,2774,733,72745.124,62138.205,3813.553,1.166,7.352,32595.380,12821.360,542.898,525,345,165,144,36,65437,672,8,2,116.475,59.774,2.150,0.149,1.068,176.165,37.065,0.813,0,5,3,1,1,3079,265,2,4,36.910,6.204,5.899,0.000,0.000,45.709,13.615,0.352,0,1,0,0,1,746,110,2,1,50.788,7.964,0.189,0.000,0.000,25.395,5.094,0.033,0,1,1,0,0,741,30,0,0,0.000,0.000,0.000,0.000,0.000,2.913,0.408,0.000,0,0,0,0,0,0,0,0,0,0.000,0.000,0.000,0.000,0.000,0.000,0.000,0.000,0,0,0,0,0,0,0,0,0,0,0,0,0,0,0,0,0,0
781,26.0,5103,273,29,334,4758,1,10,736,206.46,1.203,0.822,0.072,0.026,0.071,-0.901,1.585,0.3804,1.5565,0.671,0.006,0.030,0.128,0.051,52,154,165,0,65,0,195627.59,5980.259,63401.824,12.695,3973.488,7.603,35091.334,14061.329,1032.892,24866.589,19893.272,5836.271,1204.938,1020.774,0.000313,0.011086,767,0,160,5,165,160,96818,4,5,10.396,0,0,0,0,0,0,0,83,32,32,0,0,23,9,139561,2821,760,74060.200,63207.206,3962.787,1.699,10.396,33966.495,13348.682,577.695,542,375,152,159,64,75156,547,14,2,231.779,129.599,2.517,0.600,0.000,139.118,32.142,1.312,0,3,2,0,1,1425,231,5,1,77.140,19.972,1.548,0.000,0.000,36.384,12.296,0.123,0,1,0,1,0,772,90,1,0,7.500,0.931,0.000,0.000,0.000,18.473,4.776,0.044,0,0,0,0,0,0,30,0,0,0.000,0.000,0.000,0.000,0.000,2.918,0.484,0.000,0,0,0,0,0,0,0,0,0,0.000,0.000,0.000,0.000,0.000,0.000,0.000,0.000,0,0,0,0,0,0,0,0,0,0,0,0,0,0,0,0,0,0
811,27.0,5207,290,29,332,4866,1,8,1003,233.42,1.207,0.823,0.071,0.026,0.070,-0.903,1.583,0.3775,1.5580,0.685,0.012,0.027,0.128,0.051,52,160,229,0,73,0,198760.56,6053.271,64649.991,54.080,3643.486,7.294,36235.288,14537.851,1396.592,25213.572,20170.858,8233.325,963.577,1215.034,0.000348,0.012566,739,0,206,23,229,206,99139,4,23,51.466,0,0,0,0,0,0,0,67,25,25,0,0,15,10,143643,2866,733,74897.505,64537.796,3632.768,2.191,51.466,35109.211,13795.740,614.794,544,433,157,205,71,100280,495,7,2,136.785,63.455,7.294,0.423,0.000,122.486,27.028,0.651,0,3,2,0,1,1760,175,2,0,32.500,8.638,0.000,0.000,0.000,28.729,10.640,0.141,0,2,1,1,0,1529,90,2,0,32.500,5.051,0.000,0.000,0.000,18.682,5.302,0.025,0,0,0,0,0,0,30,0,0,0.000,0.000,0.000,0.000,0.000,2.926,0.387,0.000,0,0,0,0,0,0,0,0,0,0.000,0.000,0.000,0.000,0.000,0.000,0.000,0.000,0,0,0,0,0,0,0,0,0,0,0,0,0,0,0,0,0,0
841,28.0,5286,222,29,346,4931,1,8,1300,220.01,1.209,0.824,0.070,0.025,0.071,-0.904,1.584,0.3867,1.5524,0.682,0.006,0.028,0.127,0.052,42,174,192,0,100,0,202725.11,6349.258,66310.042,12.729,4436.537,7.711,37132.343,14816.994,1878.726,24364.429,19491.543,7916.081,891.195,1199.252,0.000288,0.012804,836,0,184,8,192,184,101222,3,8,11.294,0,0,0,0,0,0,0,78,35,33,0,0,20,13,146686,2931,833,77614.804,66209.184,4435.296,1.435,11.294,36016.253,14038.597,653.110,522,456,174,184,98,98763,394,6,0,97.500,52.591,0.000,0.000,0.000,92.450,24.132,0.217,0,1,0,0,1,628,150,4,0,65.000,17.277,0.000,0.000,0.000,25.511,9.152,0.223,0,0,0,0,0,0,90,3,0,57.500,8.895,0.000,0.000,0.000,18.946,4.988,0.040,0,0,0,0,0,0,30,0,0,0.000,0.000,0.000,0.000,0.000,2.965,0.387,0.000,0,0,0,0,0,0,0,0,0,0.000,0.000,0.000,0.000,0.000,0.000,0.000,0.000,0,0,0,0,0,0,0,0,0,0,0,0,0,0,0,0,0,0
871,29.0,5300,266,29,346,4946,1,7,1623,218.29,1.214,0.824,0.071,0.025,0.072,-0.905,1.579,0.3961,1.5495,0.687,0.014,0.026,0.127,0.052,38,132,281,0,135,0,202562.12,6611.411,66754.934,27.885,4233.586,8.368,37523.188,14821.808,2438.789,25346.110,20276.889,11088.379,1051.019,1564.811,0.000381,0.012731,798,0,268,13,281,268,100873,1,13,25.693,0,0,0,0,0,0,0,64,31,31,0,0,19,12,147433,2960,797,77810.211,66685.807,4231.643,2.192,25.693,36404.521,14015.171,688.501,547,530,132,268,130,120737,344,4,0,30.000,18.774,0.000,0.000,0.000,80.359,17.462,0.203,0,2,0,0,2,1491,136,1,0,7.500,1.939,0.000,0.000,0.000,23.266,7.587,0.141,0,1,0,0,1,857,90,0,0,0.000,0.000,0.000,0.000,0.000,19.359,3.699,0.035,0,0,0,0,0,0,30,0,0,0.000,0.000,0.000,0.000,0.000,3.003,0.387,0.000,0,0,0,0,0,0,0,0,0,0.000,0.000,0.000,0.000,0.000,0.000,0.000,0.000,0,0,0,0,0,0,0,0,0,0,0,0,0,0,0,0,0,0
901,30.0,5360,272,27,356,4999,1,4,2023,260.42,1.217,0.825,0.070,0.025,0.073,-0.907,1.586,0.3930,1.5557,0.670,0.014,0.026,0.128,0.052,41,136,199,0,151,0,206341.77,6649.423,68337.037,27.345,4385.673,8.765,38076.549,15019.743,3103.409,24524.959,19619.967,8159.930,778.501,1191.050,0.000308,0.012400,831,0,187,12,199,187,101913,5,12,25.586,0,0,0,0,0,0,0,33,5,5,0,0,0,5,148749,3024,824,79641.695,68276.744,4376.727,1.760,25.586,36960.979,14233.040,674.147,521,466,132,187,147,109167,307,1,2,38.206,13.480,6.744,0.000,0.000,72.735,13.587,0.174,0,2,1,0,1,1192,104,1,0,25.000,6.700,0.000,0.000,0.000,16.643,4.813,0.044,0,1,1,0,0,885,52,1,0,25.000,3.843,0.000,0.000,0.000,9.462,1.810,0.000,0,2,2,0,0,1764,30,0,0,0.000,0.000,0.000,0.000,0.000,3.042,0.387,0.000,0,0,0,0,0,0,0,0,0,0.000,0.000,0.000,0.000,0.000,0.000,0.000,0.000,0,0,0,0,0,0,0,0,0,0,0,0,0,0,0,0,0,0
931,31.0,5405,206,27,358,5043,1,3,2429,241.50,1.222,0.825,0.069,0.025,0.073,-0.907,1.585,0.4029,1.5552,0.665,0.006,0.027,0.128,0.052,49,104,249,0,180,0,207893.86,6753.352,70155.135,28.821,4584.980,8.610,38698.885,15281.073,3818.859,26055.451,20844.361,10201.769,760.485,1413.045,0.000292,0.014313,912,0,237,12,249,237,102924,10,12,26.479,0,0,0,0,0,0,0,30,5,5,0,0,0,5,150356,3104,902,81880.237,70071.488,4582.206,2.341,26.479,37578.209,14461.281,707.323,560,516,104,236,176,117099,270,5,0,107.500,56.250,0.000,0.000,0.000,63.608,13.177,0.213,0,0,0,0,0,0,90,0,0,0.000,0.000,0.000,0.000,0.000,13.330,4.459,0.044,0,0,0,0,0,0,21,0,0,0.000,0.000,0.000,0.000,0.000,2.334,0.186,0.000,0,1,0,1,0,696,30,0,0,0.000,0.000,0.000,0.000,0.000,3.081,0.387,0.000,0,0,0,0,0,0,0,0,0,0.000,0.000,0.000,0.000,0.000,0.000,0.000,0.000,0,0,0,0,0,0,0,0,0,0,0,0,0,0,0,0,0,0
961,32.0,5429,209,27,350,5075,1,3,2818,250.35,1.227,0.825,0.068,0.025,0.072,-0.908,1.589,0.4007,1.5419,0.674,0.006,0.028,0.127,0.053,42,79,221,0,210,0,207355.67,6614.880,67911.237,37.517,4451.955,6.573,39077.818,15333.710,4542.676,24202.747,19362.198,8944.288,1115.402,1247.384,0.000304,0.014917,927,0,202,19,221,202,103368,0,19,35.833,0,0,0,0,0,0,0,30,11,10,0,0,0,10,151074,3014,923,79316.497,67833.708,4439.393,1.684,35.833,37963.008,14522.771,700.181,521,489,79,202,208,114990,270,3,4,81.973,30.388,12.563,0.000,0.000,64.317,13.034,0.188,0,0,0,0,0,0,90,2,0,15.000,5.848,0.000,0.000,0.000,13.516,4.582,0.096,0,0,0,0,0,0,0,0,0,0.000,0.000,0.000,0.000,0.000,0.000,0.000,0.000,0,0,0,0,0,0,30,0,0,0.000,0.000,0.000,0.000,0.000,3.119,0.387,0.000,0,0,0,0,0,0,0,0,0,0.000,0.000,0.000,0.000,0.000,0.000,0.000,0.000,0,0,0,0,0,0,0,0,0,0,0,0,0,0,0,0,0,0
991,33.0,5395,232,27,351,5041,1,2,3100,254.57,1.231,0.825,0.067,0.026,0.072,-0.908,1.589,0.3965,1.5372,0.704,0.006,0.027,0.127,0.052,36,80,192,0,284,0,205908.53,6695.719,67033.200,18.982,4298.252,6.411,39333.897,15391.630,5130.451,23732.343,18985.875,8560.531,838.811,1193.250,0.000214,0.015496,896,0,184,8,192,184,103259,30,8,16.981,0,0,0,0,0,0,0,30,9,8,0,0,0,8,151269,2968,864,78335.098,67004.788,4272.654,2.001,16.981,38236.570,14590.319,692.279,508,540,79,184,277,136923,253,1,2,27.544,12.766,1.534,0.000,0.000,61.931,13.002,0.155,0,2,1,0,1,1676,76,2,0,15.000,5.003,0.000,0.000,0.000,11.414,4.269,0.079,0,1,0,0,1,894,0,0,0,0.000,0.000,0.000,0.000,0.000,0.000,0.000,0.000,0,0,0,0,0,0,30,0,0,0.000,0.000,0.000,0.000,0.000,3.176,0.387,0.000,0,0,0,0,0,0,0,0,0,0.000,0.000,0.000,0.000,0.000,0.000,0.000,0.000,0,0,0,0,0,0,0,0,0,0,0,0,0,0,0,0,0,0
1021,34.0,5333,214,27,363,4967,1,2,3282,264.23,1.232,0.824,0.067,0.025,0.074,-0.909,1.594,0.4048,1.5336,0.677,0.003,0.029,0.127,0.052,51,72,224,0,292,0,201966.81,6652.281,65797.774,10.365,4254.698,7.552,39253.823,15264.319,5553.720,23730.011,18984.009,9675.933,666.136,1242.208,0.000283,0.016638,932,0,219,5,224,219,102806,31,5,7.831,0,0,0,0,0,0,0,30,8,6,0,0,0,6,150184,2904,901,76730.940,65742.779,4238.117,2.534,7.831,38151.263,14452.199,706.513,505,578,72,218,288,159374,185,1,0,7.500,4.523,0.000,0.000,0.000,46.352,8.601,0.119,0,1,0,1,0,406,60,2,0,15.000,5.003,0.000,0.000,0.000,8.980,3.337,0.070,0,0,0,0,0,0,0,0,0,0.000,0.000,0.000,0.000,0.000,0.000,0.000,0.000,0,0,0,0,0,0,30,0,0,0.000,0.000,0.000,0.000,0.000,3.229,0.387,0.000,0,0,0,0,0,0,0,0,0,0.000,0.000,0.000,0.000,0.000,0.000,0.000,0.000,0,0,0,0,0,0,0,0,0,0,0,0,0,0,0,0,0,0
1051,35.0,5294,275,26,359,4933,1,1,3411,249.01,1.237,0.825,0.068,0.025,0.074,-0.910,1.591,0.4003,1.5404,0.665,0.008,0.026,0.127,0.052,51,65,200,0,299,0,198108.59,6624.911,65534.950,21.539,4256.357,8.143,39054.891,15063.633,5872.587,23878.783,19103.027,9323.648,761.782,1187.331,0.000377,0.017965,978,0,189,11,200,189,100286,6,11,19.174,0,0,0,0,0,0,0,30,8,8,0,0,0,8,148629,2904,972,76439.321,65491.142,4254.151,2.365,19.174,37946.876,14267.152,691.228,508,540,65,188,287,144998,143,1,0,7.500,4.523,0.000,0.000,0.000,35.919,6.268,0.055,0,2,0,0,2,1657,46,0,0,0.000,0.000,0.000,0.000,0.000,7.020,3.207,0.070,0,1,0,1,0,1037,0,0,0,0.000,0.000,0.000,0.000,0.000,0.000,0.000,0.000,0,0,0,0,0,0,30,0,0,0.000,0.000,0.000,0.000,0.000,3.247,0.387,0.000,0,0,0,0,0,0,0,0,0,0.000,0.000,0.000,0.000,0.000,0.000,0.000,0.000,0,0,0,0,0,0,0,0,0,0,0,0,0,0,0,0,0,0
1081,36.0,5210,204,26,350,4858,1,1,3388,294.92,1.242,0.825,0.068,0.025,0.074,-0.910,1.598,0.4145,1.5332,0.670,0.003,0.028,0.127,0.052,54,44,194,0,357,0,196405.67,6423.643,66609.171,33.209,4090.588,7.097,38788.140,14945.002,5974.125,23255.467,18604.374,8527.338,800.228,1083.023,0.000273,0.018637,876,0,177,17,194,177,99778,11,17,30.777,0,0,0,0,0,0,0,30,6,6,0,0,0,6,146887,2937,865,77355.109,66564.599,4084.479,2.432,30.777,37715.255,14154.728,688.542,498,571,44,177,350,150764,90,2,0,50.000,24.001,0.000,0.000,0.000,16.417,5.479,0.000,0,2,0,0,2,2005,30,0,0,0.000,0.000,0.000,0.000,0.000,4.732,2.741,0.052,0,0,0,0,0,0,0,0,0,0.000,0.000,0.000,0.000,0.000,0.000,0.000,0.000,0,0,0,0,0,0,30,0,0,0.000,0.000,0.000,0.000,0.000,3.280,0.387,0.000,0,0,0,0,0,0,0,0,0,0.000,0.000,0.000,0.000,0.000,0.000,0.000,0.000,0,0,0,0,0,0,0,0,0,0,0,0,0,0,0,0,0,0
1111,37.0,5075,212,26,342,4731,1,1,3390,274.08,1.243,0.825,0.068,0.025,0.075,-0.911,1.596,0.4294,1.5399,0.661,0.003,0.026,0.126,0.051,44,51,248,0,318,0,189944.33,6136.238,63035.584,29.869,4081.926,7.337,38199.015,14678.972,5952.018,21936.046,17548.837,10465.698,602.711,1377.399,0.000288,0.019679,994,0,231,17,248,231,97697,59,17,26.947,0,0,0,0,0,0,0,30,7,5,0,0,0,5,144137,2773,935,73248.928,63000.735,4078.134,2.923,26.947,37140.507,13892.091,686.498,468,595,51,231,313,164419,60,0,0,0.000,0.000,0.000,0.000,0.000,11.049,4.383,0.000,0,0,0,0,0,0,30,0,0,0.000,0.000,0.000,0.000,0.000,4.788,2.697,0.061,0,0,0,0,0,0,0,0,0,0.000,0.000,0.000,0.000,0.000,0.000,0.000,0.000,0,0,0,0,0,0,30,0,0,0.000,0.000,0.000,0.000,0.000,3.333,0.388,0.000,0,0,0,0,0,0,0,0,0,0.000,0.000,0.000,0.000,0.000,0.000,0.000,0.000,0,0,0,0,0,0,0,0,0,0,0,0,0,0,0,0,0,0
1141,38.0,4904,227,26,334,4568,1,1,3225,269.67,1.245,0.825,0.068,0.025,0.075,-0.912,1.588,0.4330,1.5296,0.668,0.003,0.025,0.127,0.051,52,50,249,0,333,0,181189.14,5831.470,59944.812,41.075,3666.019,8.111,37234.183,14210.800,5781.704,21032.447,16825.958,11074.240,818.600,1246.536,0.000319,0.022890,904,0,229,20,249,229,94997,19,20,38.050,0,0,0,0,0,0,0,30,14,14,0,0,0,14,139989,2643,885,69560.816,59918.067,3664.792,3.025,38.050,36197.203,13439.237,673.480,445,608,50,229,329,164095,60,1,0,25.000,12.000,0.000,0.000,0.000,11.119,4.790,0.000,0,0,0,0,0,0,30,0,0,0.000,0.000,0.000,0.000,0.000,4.843,2.355,0.122,0,0,0,0,0,0,0,0,0,0.000,0.000,0.000,0.000,0.000,0.000,0.000,0.000,0,0,0,0,0,0,30,0,0,0.000,0.000,0.000,0.000,0.000,3.392,0.388,0.000,0,0,0,0,0,0,0,0,0,0.000,0.000,0.000,0.000,0.000,0.000,0.000,0.000,0,0,0,0,0,0,0,0,0,0,0,0,0,0,0,0,0,0
1171,39.0,4766,237,26,323,4441,1,1,3051,284.99,1.249,0.824,0.067,0.024,0.075,-0.913,1.588,0.4196,1.5288,0.720,0.000,0.025,0.127,0.051,43,68,195,0,304,0,174987.30,5776.106,57964.618,29.263,3265.318,7.990,36279.365,13874.083,5504.702,19550.693,15640.555,8856.781,541.210,1005.553,0.000267,0.023420,784,0,180,15,195,180,91503,0,15,27.116,0,0,0,0,0,0,0,30,10,10,0,0,0,10,135921,2550,784,66829.637,57918.157,3265.318,2.147,27.116,35269.717,13139.328,641.163,419,545,67,180,298,153394,31,1,0,25.000,12.000,0.000,0.000,0.000,6.754,2.240,0.000,0,1,1,0,0,1142,30,0,0,0.000,0.000,0.000,0.000,0.000,4.898,1.835,0.087,0,0,0,0,0,0,0,0,0,0.000,0.000,0.000,0.000,0.000,0.000,0.000,0.000,0,0,0,0,0,0,30,0,0,0.000,0.000,0.000,0.000,0.000,3.438,0.388,0.000,0,0,0,0,0,0,0,0,0,0.000,0.000,0.000,0.000,0.000,0.000,0.000,0.000,0,0,0,0,0,0,0,0,0,0,0,0,0,0,0,0,0,0
1201,40.0,4604,243,26,322,4280,1,1,2879,296.77,1.249,0.821,0.067,0.023,0.077,-0.913,1.590,0.4358,1.5209,0.727,0.003,0.025,0.126,0.051,37,57,183,0,347,0,169307.02,5655.780,55928.341,12.043,3286.155,7.612,35008.205,13300.972,5177.765,19405.589,15524.471,8394.300,532.996,981.083,0.000186,0.023962,784,0,173,10,183,173,87538,1,10,9.957,0,0,0,0,0,0,0,30,5,5,0,0,0,5,130525,2466,783,64644.928,55904.143,3285.809,2.086,9.957,34015.411,12607.964,603.692,409,570,57,173,340,161248,30,0,0,0.000,0.000,0.000,0.000,0.000,6.678,1.949,0.000,0,0,0,0,0,0,30,0,0,0.000,0.000,0.000,0.000,0.000,4.953,3.215,0.044,0,0,0,0,0,0,0,0,0,0.000,0.000,0.000,0.000,0.000,0.000,0.000,0.000,0,0,0,0,0,0,30,0,0,0.000,0.000,0.000,0.000,0.000,3.458,0.388,0.000,0,0,0,0,0,0,0,0,0,0.000,0.000,0.000,0.000,0.000,0.000,0.000,0.000,0,0,0,0,0,0,0,0,0,0,0,0,0,0,0,0,0,0
1231,41.0,4532,228,26,328,4202,1,1,2676,273.83,1.250,0.819,0.068,0.023,0.079,-0.914,1.592,0.4359,1.5320,0.726,0.006,0.025,0.126,0.051,42,63,122,0,290,0,167453.84,5514.471,55219.009,10.930,3589.312,9.587,34168.053,12873.495,4836.728,18469.942,14775.954,5630.264,593.093,801.961,0.000268,0.022738,830,0,116,6,122,116,84198,5,6,9.400,0,0,0,0,0,0,0,30,5,5,0,0,0,5,126911,2425,825,64200.514,55205.252,3588.667,1.530,9.400,33170.588,12216.801,565.527,389,467,63,116,288,125758,30,0,0,0.000,0.000,0.000,0.000,0.000,6.758,1.950,0.000,0,0,0,0,0,0,30,0,0,0.000,0.000,0.000,0.000,0.000,5.009,2.948,0.044,0,0,0,0,0,0,0,0,0,0.000,0.000,0.000,0.000,0.000,0.000,0.000,0.000,0,0,0,0,0,0,30,0,0,0.000,0.000,0.000,0.000,0.000,3.496,0.388,0.000,0,0,0,0,0,0,0,0,0,0.000,0.000,0.000,0.000,0.000,0.000,0.000,0.000,0,0,0,0,0,0,0,0,0,0,0,0,0,0,0,0,0,0
1261,42.0,4439,215,26,330,4108,1,0,2581,300.46,1.252,0.818,0.068,0.023,0.080,-0.915,1.597,0.4334,1.5163,0.696,0.003,0.025,0.126,0.051,39,77,97,0,296,0,163625.27,5300.431,51302.330,14.906,3120.303,8.675,33796.897,12727.361,4547.598,17209.852,13767.882,4966.253,343.177,622.992,0.000281,0.020977,721,0,89,8,97,89,83267,6,8,13.497,0,0,0,0,0,0,0,11,1,1,0,0,0,1,124861,2258,715,59276.587,51291.342,3112.326,1.409,13.497,32781.593,12091.544,545.128,363,457,77,89,291,130203,30,0,0,0.000,0.000,0.000,0.000,0.000,6.835,1.981,0.000,0,0,0,0,0,0,11,0,0,0.000,0.000,0.000,0.000,0.000,1.850,0.791,0.009,0,1,0,0,1,1242,0,0,0,0.000,0.000,0.000,0.000,0.000,0.000,0.000,0.000,0,0,0,0,0,0,30,0,0,0.000,0.000,0.000,0.000,0.000,3.535,0.388,0.000,0,0,0,0,0,0,0,0,0,0.000,0.000,0.000,0.000,0.000,0.000,0.000,0.000,0,0,0,0,0,0,0,0,0,0,0,0,0,0,0,0,0,0
1291,43.0,4355,230,26,331,4023,1,0,2449,311.92,1.253,0.818,0.068,0.024,0.082,-0.916,1.596,0.4307,1.5294,0.703,0.003,0.028,0.126,0.051,45,62,110,0,275,0,158743.73,5169.085,49199.317,16.688,3330.319,9.619,33201.818,12469.131,4368.327,16686.500,13349.200,4665.915,528.639,695.487,0.000186,0.021981,772,0,99,11,110,99,80299,6,11,15.543,0,0,0,0,0,0,0,0,0,0,0,0,0,0,122050,2163,766,57277.236,49189.644,3328.458,1.145,15.543,32185.734,11846.877,533.818,351,436,62,99,275,124535,30,0,0,0.000,0.000,0.000,0.000,0.000,6.925,1.948,0.000,0,0,0,0,0,0,0,0,0,0.000,0.000,0.000,0.000,0.000,0.000,0.000,0.000,0,0,0,0,0,0,0,0,0,0.000,0.000,0.000,0.000,0.000,0.000,0.000,0.000,0,0,0,0,0,0,30,0,0,0.000,0.000,0.000,0.000,0.000,3.574,0.441,0.000,0,0,0,0,0,0,0,0,0,0.000,0.000,0.000,0.000,0.000,0.000,0.000,0.000,0,0,0,0,0,0,0,0,0,0,0,0,0,0,0,0,0,0
1321,44.0,4196,207,26,328,3867,1,0,2388,291.79,1.254,0.818,0.069,0.023,0.083,-0.916,1.597,0.4299,1.5298,0.734,0.003,0.025,0.125,0.051,31,70,143,0,270,0,151878.84,5060.831,46996.075,13.783,3159.606,9.153,32466.006,12119.596,4150.276,14872.498,11897.999,5808.118,658.790,758.302,0.000269,0.023980,766,0,134,9,143,134,77722,5,9,12.352,0,0,0,0,0,0,0,0,0,0,0,0,0,0,118779,2061,761,54596.703,46995.450,3156.679,1.431,12.352,31451.970,11522.784,509.910,313,469,70,134,265,137526,30,0,0,0.000,0.000,0.000,0.000,0.000,7.049,1.996,0.000,0,0,0,0,0,0,0,0,0,0.000,0.000,0.000,0.000,0.000,0.000,0.000,0.000,0,0,0,0,0,0,0,0,0,0.000,0.000,0.000,0.000,0.000,0.000,0.000,0.000,0,0,0,0,0,0,30,0,0,0.000,0.000,0.000,0.000,0.000,3.616,0.458,0.000,0,0,0,0,0,0,0,0,0,0.000,0.000,0.000,0.000,0.000,0.000,0.000,0.000,0,0,0,0,0,0,0,0,0,0,0,0,0,0,0,0,0,0
1351,45.0,3985,224,29,329,3655,1,0,2215,301.29,1.251,0.815,0.068,0.022,0.086,-0.916,1.596,0.4231,1.5176,0.717,0.006,0.025,0.125,0.050,40,97,124,0,269,0,143345.02,4968.470,42370.539,6.986,2808.103,8.097,31057.192,11420.466,3931.279,12799.837,10239.870,5712.309,485.130,713.484,0.000345,0.027907,681,0,117,7,124,117,73852,1,7,5.742,0,0,0,0,0,0,0,0,0,0,0,0,0,0,112924,1854,678,49129.944,42357.244,2802.863,1.244,5.742,30033.454,10851.813,480.335,269,481,97,117,267,146008,30,0,2,10.125,0.000,4.860,0.000,0.000,7.145,2.535,0.000,0,0,0,0,0,0,0,0,0,0.000,0.000,0.000,0.000,0.000,0.000,0.000,0.000,0,0,0,0,0,0,0,0,0,0.000,0.000,0.000,0.000,0.000,0.000,0.000,0.000,0,0,0,0,0,0,30,0,0,0.000,0.000,0.000,0.000,0.000,3.674,0.458,0.000,0,0,0,0,0,0,0,0,0,0.000,0.000,0.000,0.000,0.000,0.000,0.000,0.000,0,0,0,0,0,0,0,0,0,0,0,0,0,0,0,0,0,0
1381,46.0,3784,250,29,333,3450,1,0,2108,309.12,1.248,0.811,0.066,0.023,0.090,-0.916,1.600,0.4347,1.5044,0.728,0.006,0.025,0.125,0.050,47,74,115,0,257,0,135508.91,4759.369,39766.368,13.379,2753.848,10.373,29599.775,10678.131,3701.499,11180.807,8944.646,5108.196,367.079,684.380,0.000147,0.028615,701,0,105,10,115,105,69716,4,10,11.633,0,0,0,0,0,0,0,0,0,0,0,0,0,0,107025,1751,697,46366.061,39744.761,2752.161,1.746,11.633,28575.744,10147.365,442.141,231,435,74,105,256,128327,25,0,0,0.000,0.000,0.000,0.000,0.000,5.991,2.111,0.000,0,1,0,0,1,1376,0,0,0,0.000,0.000,0.000,0.000,0.000,0.000,0.000,0.000,0,0,0,0,0,0,0,0,0,0.000,0.000,0.000,0.000,0.000,0.000,0.000,0.000,0,0,0,0,0,0,30,0,0,0.000,0.000,0.000,0.000,0.000,3.713,0.458,0.000,0,0,0,0,0,0,0,0,0,0.000,0.000,0.000,0.000,0.000,0.000,0.000,0.000,0,0,0,0,0,0,0,0,0,0,0,0,0,0,0,0,0,0
1411,47.0,3599,236,29,328,3270,1,0,1990,339.77,1.247,0.812,0.067,0.023,0.092,-0.917,1.609,0.4322,1.5154,0.716,0.006,0.023,0.125,0.050,50,84,114,0,235,0,128482.39,4562.274,38219.742,20.825,2474.461,10.356,28055.976,10089.141,3434.001,11419.033,9135.226,4979.290,348.825,638.314,0.000197,0.027322,575,0,104,10,114,104,65827,0,10,19.205,0,0,0,0,0,0,0,0,0,0,0,0,0,0,100971,1669,575,44268.600,38184.743,2474.461,1.620,19.205,27032.124,9597.360,404.350,241,421,84,104,233,139888,0,0,0,0.000,0.000,0.000,0.000,0.000,0.000,0.000,0.000,0,0,0,0,0,0,0,0,0,0.000,0.000,0.000,0.000,0.000,0.000,0.000,0.000,0,0,0,0,0,0,0,0,0,0.000,0.000,0.000,0.000,0.000,0.000,0.000,0.000,0,0,0,0,0,0,30,0,0,0.000,0.000,0.000,0.000,0.000,3.752,0.458,0.000,0,0,0,0,0,0,0,0,0,0.000,0.000,0.000,0.000,0.000,0.000,0.000,0.000,0,0,0,0,0,0,0,0,0,0,0,0,0,0,0,0,0,0
1441,48.0,3458,249,29,340,3117,1,0,1840,339.47,1.243,0.808,0.067,0.023,0.098,-0.917,1.613,0.4308,1.5035,0.700,0.000,0.022,0.125,0.049,57,91,100,0,204,0,120203.95,4228.431,34558.987,10.579,2680.042,11.375,26766.479,9588.683,3207.634,11503.759,9203.007,4251.583,338.126,623.187,0.000310,0.029404,589,0,96,4,100,96,61930,2,4,8.987,0,0,0,0,0,0,0,0,0,0,0,0,0,0,95863,1512,587,40433.039,34550.866,2679.470,1.592,8.987,25727.893,9124.703,377.008,237,390,91,96,203,123877,0,0,0,0.000,0.000,0.000,0.000,0.000,0.000,0.000,0.000,0,0,0,0,0,0,0,0,0,0.000,0.000,0.000,0.000,0.000,0.000,0.000,0.000,0,0,0,0,0,0,0,0,0,0.000,0.000,0.000,0.000,0.000,0.000,0.000,0.000,0,0,0,0,0,0,30,0,0,0.000,0.000,0.000,0.000,0.000,3.791,0.458,0.000,0,0,0,0,0,0,0,0,0,0.000,0.000,0.000,0.000,0.000,0.000,0.000,0.000,0,0,0,0,0,0,0,0,0,0,0,0,0,0,0,0,0,0
1471,49.0,3244,212,29,342,2902,0,0,1672,315.51,1.239,0.806,0.067,0.023,0.103,-0.917,1.612,0.4415,1.5159,0.730,0.003,0.023,0.124,0.049,44,92,96,0,214,0,111933.94,4249.180,31761.589,9.647,2012.286,9.710,25537.180,9149.786,2923.681,8627.294,6901.836,4078.893,325.141,550.286,0.000228,0.030370,509,0,92,4,96,92,59064,5,4,8.035,0,0,0,0,0,0,0,0,0,0,0,0,0,0,90894,1388,504,36718.106,31749.577,2010.645,1.612,8.035,24487.737,8710.293,351.634,179,394,92,92,210,124886,0,0,0,0.000,0.000,0.000,0.000,0.000,0.000,0.000,0.000,0,0,0,0,0,0,0,0,0,0.000,0.000,0.000,0.000,0.000,0.000,0.000,0.000,0,0,0,0,0,0,0,0,0,0.000,0.000,0.000,0.000,0.000,0.000,0.000,0.000,0,0,0,0,0,0,7,0,0,0.000,0.000,0.000,0.000,0.000,0.890,0.107,0.000,0,1,0,0,1,1421,0,0,0,0.000,0.000,0.000,0.000,0.000,0.000,0.000,0.000,0,0,0,0,0,0,0,0,0,0,0,0,0,0,0,0,0,0
1501,50.0,3072,218,29,331,2741,0,0,1476,346.68,1.240,0.806,0.067,0.022,0.104,-0.917,1.609,0.4356,1.5076,0.713,0.003,0.023,0.124,0.048,34,102,61,0,190,0,105597.31,4022.782,29460.254,30.279,2403.927,8.511,24011.204,8534.185,2586.510,8296.668,6637.334,2399.505,277.438,381.772,0.000307,0.031958,593,0,45,16,61,45,55098,4,16,29.661,0,0,0,0,0,0,0,0,0,0,0,0,0,0,84796,1288,589,34670.408,29436.753,2401.179,0.619,29.661,22955.836,8135.287,309.597,172,333,102,45,186,112064,0,0,0,0.000,0.000,0.000,0.000,0.000,0.000,0.000,0.000,0,0,0,0,0,0,0,0,0,0.000,0.000,0.000,0.000,0.000,0.000,0.000,0.000,0,0,0,0,0,0,0,0,0,0.000,0.000,0.000,0.000,0.000,0.000,0.000,0.000,0,0,0,0,0,0,0,0,0,0.000,0.000,0.000,0.000,0.000,0.000,0.000,0.000,0,0,0,0,0,0,0,0,0,0.000,0.000,0.000,0.000,0.000,0.000,0.000,0.000,0,0,0,0,0,0,0,0,0,0,0,0,0,0,0,0,0,0
1531,51.0,2894,211,29,328,2566,0,0,1314,361.01,1.237,0.805,0.067,0.023,0.108,-0.918,1.610,0.4258,1.5169,0.731,0.003,0.022,0.124,0.047,39,94,48,0,192,0,98644.70,3798.088,26839.189,4.476,1976.860,9.102,22721.268,8117.187,2280.115,7194.120,5755.296,2405.964,302.576,328.426,0.000213,0.033484,477,0,45,3,48,45,52619,2,3,3.968,0,0,0,0,0,0,0,0,0,0,0,0,0,0,79816,1174,475,31292.301,26830.331,1975.583,0.508,3.968,21684.481,7744.669,285.551,150,325,94,45,186,115274,0,0,0,0.000,0.000,0.000,0.000,0.000,0.000,0.000,0.000,0,0,0,0,0,0,0,0,0,0.000,0.000,0.000,0.000,0.000,0.000,0.000,0.000,0,0,0,0,0,0,0,0,0,0.000,0.000,0.000,0.000,0.000,0.000,0.000,0.000,0,0,0,0,0,0,0,0,0,0.000,0.000,0.000,0.000,0.000,0.000,0.000,0.000,0,0,0,0,0,0,0,0,0,0.000,0.000,0.000,0.000,0.000,0.000,0.000,0.000,0,0,0,0,0,0,0,0,0,0,0,0,0,0,0,0,0,0
1561,52.0,2705,223,29,336,2369,0,0,1164,373.45,1.229,0.800,0.069,0.023,0.115,-0.918,1.613,0.4327,1.5129,0.736,0.000,0.024,0.123,0.046,46,100,55,0,163,0,90738.98,3706.129,23732.398,3.992,2038.538,9.869,21263.219,7645.139,1979.616,5761.238,4608.990,2588.789,310.494,408.737,0.000196,0.034617,485,0,52,3,55,52,48795,0,3,3.199,0,0,0,0,0,0,0,0,0,0,0,0,0,0,74110,1046,485,28044.133,23725.203,2038.538,0.793,3.199,20216.747,7292.426,264.220,115,312,100,52,160,109771,0,0,0,0.000,0.000,0.000,0.000,0.000,0.000,0.000,0.000,0,0,0,0,0,0,0,0,0,0.000,0.000,0.000,0.000,0.000,0.000,0.000,0.000,0,0,0,0,0,0,0,0,0,0.000,0.000,0.000,0.000,0.000,0.000,0.000,0.000,0,0,0,0,0,0,0,0,0,0.000,0.000,0.000,0.000,0.000,0.000,0.000,0.000,0,0,0,0,0,0,0,0,0,0.000,0.000,0.000,0.000,0.000,0.000,0.000,0.000,0,0,0,0,0,0,0,0,0,0,0,0,0,0,0,0,0,0
1591,53.0,2521,223,29,332,2189,0,0,997,396.77,1.222,0.797,0.072,0.023,0.121,-0.918,1.613,0.4365,1.5187,0.746,0.000,0.025,0.123,0.044,45,113,43,0,160,0,83751.06,3558.100,21799.487,13.631,1548.175,10.685,19891.750,7098.746,1723.402,6022.596,4818.077,1921.940,259.463,259.317,0.000189,0.035194,405,0,34,9,43,34,45955,24,9,13.338,0,0,0,0,0,0,0,0,0,0,0,0,0,0,68818,963,381,25400.872,21794.388,1533.833,0.294,13.338,18837.995,6773.269,236.142,122,302,113,34,155,115920,0,0,0,0.000,0.000,0.000,0.000,0.000,0.000,0.000,0.000,0,0,0,0,0,0,0,0,0,0.000,0.000,0.000,0.000,0.000,0.000,0.000,0.000,0,0,0,0,0,0,0,0,0,0.000,0.000,0.000,0.000,0.000,0.000,0.000,0.000,0,0,0,0,0,0,0,0,0,0.000,0.000,0.000,0.000,0.000,0.000,0.000,0.000,0,0,0,0,0,0,0,0,0,0.000,0.000,0.000,0.000,0.000,0.000,0.000,0.000,0,0,0,0,0,0,0,0,0,0,0,0,0,0,0,0,0,0
1621,54.0,2325,228,29,329,1996,0,0,861,443.22,1.215,0.795,0.073,0.023,0.128,-0.917,1.615,0.4342,1.5197,0.732,0.003,0.026,0.122,0.043,54,116,30,0,148,0,77565.68,3396.598,19480.098,8.863,1550.705,11.033,18281.832,6427.168,1448.203,4492.708,3594.166,1483.008,317.060,215.130,0.000171,0.035738,372,0,24,6,30,24,41650,4,6,8.331,0,0,0,0,0,0,0,0,0,0,0,0,0,0,62817,856,368,22843.363,19468.848,1549.768,0.532,8.331,17231.726,6135.045,204.680,92,285,116,24,145,120493,0,0,0,0.000,0.000,0.000,0.000,0.000,0.000,0.000,0.000,0,0,0,0,0,0,0,0,0,0.000,0.000,0.000,0.000,0.000,0.000,0.000,0.000,0,0,0,0,0,0,0,0,0,0.000,0.000,0.000,0.000,0.000,0.000,0.000,0.000,0,0,0,0,0,0,0,0,0,0.000,0.000,0.000,0.000,0.000,0.000,0.000,0.000,0,0,0,0,0,0,0,0,0,0.000,0.000,0.000,0.000,0.000,0.000,0.000,0.000,0,0,0,0,0,0,0,0,0,0,0,0,0,0,0,0,0,0
1651,55.0,2199,255,28,334,1865,0,0,749,396.65,1.206,0.792,0.075,0.024,0.136,-0.919,1.616,0.4343,1.5285,0.732,0.006,0.022,0.122,0.042,54,108,48,0,85,0,72263.70,3217.009,18793.767,14.947,1373.358,12.283,16968.095,5947.395,1267.658,5162.213,4129.771,1744.234,110.875,257.008,0.000126,0.035694,335,0,42,6,48,42,38037,10,6,14.571,0,0,0,0,0,0,0,0,0,0,0,0,0,0,57882,823,325,21802.961,18782.357,1370.941,0.376,14.571,15911.241,5673.941,186.377,103,234,108,42,84,93650,0,0,0,0.000,0.000,0.000,0.000,0.000,0.000,0.000,0.000,0,0,0,0,0,0,0,0,0,0.000,0.000,0.000,0.000,0.000,0.000,0.000,0.000,0,0,0,0,0,0,0,0,0,0.000,0.000,0.000,0.000,0.000,0.000,0.000,0.000,0,0,0,0,0,0,0,0,0,0.000,0.000,0.000,0.000,0.000,0.000,0.000,0.000,0,0,0,0,0,0,0,0,0,0.000,0.000,0.000,0.000,0.000,0.000,0.000,0.000,0,0,0,0,0,0,0,0,0,0,0,0,0,0,0,0,0,0
1681,56.0,2061,227,28,330,1731,0,0,657,386.02,1.202,0.792,0.076,0.025,0.142,-0.919,1.625,0.4367,1.5374,0.746,0.006,0.020,0.122,0.041,51,130,39,0,92,0,67150.91,3165.490,17524.506,11.298,1537.078,13.412,15977.616,5637.764,1074.724,5670.349,4536.279,1519.234,206.160,264.517,0.000152,0.035719,368,0,34,5,39,34,34752,25,5,10.737,0,0,0,0,0,0,0,0,0,0,0,0,0,0,54017,765,343,20661.321,17512.819,1532.117,0.560,10.737,14919.501,5384.406,166.813,116,250,129,34,87,93486,0,0,0,0.000,0.000,0.000,0.000,0.000,0.000,0.000,0.000,0,0,0,0,0,0,0,0,0,0.000,0.000,0.000,0.000,0.000,0.000,0.000,0.000,0,0,0,0,0,0,0,0,0,0.000,0.000,0.000,0.000,0.000,0.000,0.000,0.000,0,0,0,0,0,0,0,0,0,0.000,0.000,0.000,0.000,0.000,0.000,0.000,0.000,0,0,0,0,0,0,0,0,0,0.000,0.000,0.000,0.000,0.000,0.000,0.000,0.000,0,0,0,0,0,0,0,0,0,0,0,0,0,0,0,0,0,0
1711,57.0,1909,225,28,327,1582,0,0,552,409.60,1.191,0.790,0.077,0.023,0.150,-0.921,1.625,0.4372,1.5403,0.760,0.003,0.021,0.121,0.040,62,104,38,0,87,0,62577.32,3151.121,15496.895,3.915,1422.477,12.130,14897.608,5252.941,931.143,3510.850,2808.680,1066.917,145.302,229.440,0.000139,0.035523,353,0,33,5,38,33,31967,4,5,3.574,0,0,0,0,0,0,0,0,0,0,0,0,0,0,49888,675,349,18283.382,15483.044,1422.274,0.342,3.574,13839.372,5021.589,145.953,72,221,103,33,85,89066,0,0,0,0.000,0.000,0.000,0.000,0.000,0.000,0.000,0.000,0,0,0,0,0,0,0,0,0,0.000,0.000,0.000,0.000,0.000,0.000,0.000,0.000,0,0,0,0,0,0,0,0,0,0.000,0.000,0.000,0.000,0.000,0.000,0.000,0.000,0,0,0,0,0,0,0,0,0,0.000,0.000,0.000,0.000,0.000,0.000,0.000,0.000,0,0,0,0,0,0,0,0,0,0.000,0.000,0.000,0.000,0.000,0.000,0.000,0.000,0,0,0,0,0,0,0,0,0,0,0,0,0,0,0,0,0,0
1741,58.0,1819,263,28,333,1486,0,0,477,455.62,1.180,0.788,0.078,0.024,0.158,-0.921,1.620,0.4427,1.5479,0.779,0.003,0.022,0.120,0.040,64,104,16,0,66,0,58309.65,3129.190,13912.388,1.913,1503.550,11.478,13789.632,4842.972,762.071,4323.833,3459.066,758.452,103.660,189.600,0.000141,0.035669,343,0,15,1,16,15,29391,4,1,1.639,0,0,0,0,0,0,0,0,0,0,0,0,0,0,45811,606,339,16687.711,13905.961,1499.936,0.274,1.639,12728.750,4632.253,125.384,86,182,102,15,65,79962,0,0,0,0.000,0.000,0.000,0.000,0.000,0.000,0.000,0.000,0,0,0,0,0,0,0,0,0,0.000,0.000,0.000,0.000,0.000,0.000,0.000,0.000,0,0,0,0,0,0,0,0,0,0.000,0.000,0.000,0.000,0.000,0.000,0.000,0.000,0,0,0,0,0,0,0,0,0,0.000,0.000,0.000,0.000,0.000,0.000,0.000,0.000,0,0,0,0,0,0,0,0,0,0.000,0.000,0.000,0.000,0.000,0.000,0.000,0.000,0,0,0,0,0,0,0,0,0,0,0,0,0,0,0,0,0,0
1771,59.0,1725,260,28,337,1388,0,0,406,433.86,1.170,0.784,0.080,0.024,0.167,-0.922,1.618,0.4454,1.5553,0.760,0.003,0.022,0.120,0.038,51,107,21,0,52,0,55523.29,3136.738,14000.558,10.481,1120.374,13.943,13048.517,4562.761,653.249,3758.360,3006.688,662.462,107.278,148.205,0.000139,0.035454,237,0,13,8,20,13,28115,1,7,9.772,0,0,0,0,0,0,0,0,0,0,0,0,0,0,42959,607,236,16299.654,13988.070,1118.832,0.224,9.772,11971.949,4359.800,113.703,70,168,105,13,50,67813,0,0,0,0.000,0.000,0.000,0.000,0.000,0.000,0.000,0.000,0,0,0,0,0,0,0,0,0,0.000,0.000,0.000,0.000,0.000,0.000,0.000,0.000,0,0,0,0,0,0,0,0,0,0.000,0.000,0.000,0.000,0.000,0.000,0.000,0.000,0,0,0,0,0,0,0,0,0,0.000,0.000,0.000,0.000,0.000,0.000,0.000,0.000,0,0,0,0,0,0,0,0,0,0.000,0.000,0.000,0.000,0.000,0.000,0.000,0.000,0,0,0,0,0,0,0,0,0,0,0,0,0,0,0,0,0,0
1801,60.0,1632,263,28,341,1291,0,0,338,448.53,1.159,0.782,0.084,0.023,0.178,-0.922,1.623,0.4425,1.5553,0.759,0.003,0.021,0.119,0.037,58,111,18,0,56,0,52965.57,3175.525,13285.270,7.940,1263.293,13.002,12360.211,4229.101,547.841,4001.784,3201.427,805.332,135.962,147.650,0.000141,0.034984,281,0,13,5,18,13,26720,3,5,7.765,0,0,0,0,0,0,0,0,0,0,0,0,0,0,40269,578,278,15734.911,13268.824,1257.180,0.175,7.765,11264.585,4033.904,104.280,76,173,110,13,50,71397,0,0,0,0.000,0.000,0.000,0.000,0.000,0.000,0.000,0.000,0,0,0,0,0,0,0,0,0,0.000,0.000,0.000,0.000,0.000,0.000,0.000,0.000,0,0,0,0,0,0,0,0,0,0.000,0.000,0.000,0.000,0.000,0.000,0.000,0.000,0,0,0,0,0,0,0,0,0,0.000,0.000,0.000,0.000,0.000,0.000,0.000,0.000,0,0,0,0,0,0,0,0,0,0.000,0.000,0.000,0.000,0.000,0.000,0.000,0.000,0,0,0,0,0,0,0,0,0,0,0,0,0,0,0,0,0,0
1831,61.0,1566,293,28,347,1219,0,0,283,439.58,1.147,0.779,0.086,0.027,0.187,-0.923,1.625,0.4426,1.5680,0.745,0.000,0.023,0.118,0.037,69,93,23,0,42,0,51907.12,3239.344,13537.926,9.661,1264.704,14.375,11676.604,3954.862,449.089,4096.692,3277.354,670.752,70.454,204.276,0.000133,0.035828,294,0,18,5,23,18,25266,20,5,9.475,0,0,0,0,0,0,0,0,0,0,0,0,0,0,37571,590,274,15989.243,13524.341,1255.598,0.186,9.475,10562.925,3760.081,103.756,80,152,93,18,41,64357,0,0,0,0.000,0.000,0.000,0.000,0.000,0.000,0.000,0.000,0,0,0,0,0,0,0,0,0,0.000,0.000,0.000,0.000,0.000,0.000,0.000,0.000,0,0,0,0,0,0,0,0,0,0.000,0.000,0.000,0.000,0.000,0.000,0.000,0.000,0,0,0,0,0,0,0,0,0,0.000,0.000,0.000,0.000,0.000,0.000,0.000,0.000,0,0,0,0,0,0,0,0,0,0.000,0.000,0.000,0.000,0.000,0.000,0.000,0.000,0,0,0,0,0,0,0,0,0,0,0,0,0,0,0,0,0,0
1861,62.0,1531,302,28,349,1182,0,0,244,441.38,1.142,0.779,0.090,0.028,0.192,-0.924,1.626,0.4411,1.5710,0.741,0.003,0.019,0.119,0.036,58,90,26,0,30,0,51434.64,3200.308,13979.364,18.285,1151.844,13.792,11269.681,3836.992,376.854,4993.666,3994.933,922.328,73.634,192.221,0.000142,0.036905,271,0,18,8,24,18,24312,31,6,17.013,0,0,0,0,0,0,0,0,0,0,0,0,0,0,35990,604,240,16290.776,13973.260,1144.394,0.264,17.013,10134.758,3647.335,96.810,100,137,90,18,29,58153,0,0,0,0.000,0.000,0.000,0.000,0.000,0.000,0.000,0.000,0,0,0,0,0,0,0,0,0,0.000,0.000,0.000,0.000,0.000,0.000,0.000,0.000,0,0,0,0,0,0,0,0,0,0.000,0.000,0.000,0.000,0.000,0.000,0.000,0.000,0,0,0,0,0,0,0,0,0,0.000,0.000,0.000,0.000,0.000,0.000,0.000,0.000,0,0,0,0,0,0,0,0,0,0.000,0.000,0.000,0.000,0.000,0.000,0.000,0.000,0,0,0,0,0,0,0,0,0,0,0,0,0,0,0,0,0,0
1891,63.0,1514,307,28,358,1156,0,0,205,446.18,1.133,0.778,0.090,0.028,0.199,-0.926,1.626,0.4479,1.5914,0.737,0.003,0.024,0.118,0.035,52,91,17,0,17,0,51878.38,3293.204,14088.727,11.568,1324.129,10.933,11034.864,3802.515,324.031,4714.853,3771.883,573.856,125.077,146.450,0.000129,0.036357,258,0,12,5,17,12,23703,1,5,11.390,0,0,0,0,0,0,0,0,0,0,0,0,0,0,35065,610,257,16591.106,14077.946,1323.736,0.178,11.390,9890.614,3611.462,95.309,90,116,90,12,14,50497,0,0,0,0.000,0.000,0.000,0.000,0.000,0.000,0.000,0.000,0,0,0,0,0,0,0,0,0,0.000,0.000,0.000,0.000,0.000,0.000,0.000,0.000,0,0,0,0,0,0,0,0,0,0.000,0.000,0.000,0.000,0.000,0.000,0.000,0.000,0,0,0,0,0,0,0,0,0,0.000,0.000,0.000,0.000,0.000,0.000,0.000,0.000,0,0,0,0,0,0,0,0,0,0.000,0.000,0.000,0.000,0.000,0.000,0.000,0.000,0,0,0,0,0,0,0,0,0,0,0,0,0,0,0,0,0,0
1921,64.0,1504,370,28,371,1133,0,0,177,445.55,1.123,0.773,0.091,0.026,0.206,-0.926,1.635,0.4471,1.5831,0.741,0.005,0.028,0.118,0.035,57,66,26,0,26,0,53262.37,3487.384,14938.198,15.066,950.088,15.167,10816.737,3756.262,271.575,4633.279,3706.623,822.754,301.592,161.077,0.000111,0.035933,217,0,18,8,26,18,23495,19,8,14.767,0,0,0,0,0,0,0,0,0,0,0,0,0,0,34182,646,198,17088.422,14923.776,933.325,0.299,14.767,9635.860,3564.440,93.356,87,110,66,18,26,46133,0,0,0,0.000,0.000,0.000,0.000,0.000,0.000,0.000,0.000,0,0,0,0,0,0,0,0,0,0.000,0.000,0.000,0.000,0.000,0.000,0.000,0.000,0,0,0,0,0,0,0,0,0,0.000,0.000,0.000,0.000,0.000,0.000,0.000,0.000,0,0,0,0,0,0,0,0,0,0.000,0.000,0.000,0.000,0.000,0.000,0.000,0.000,0,0,0,0,0,0,0,0,0,0.000,0.000,0.000,0.000,0.000,0.000,0.000,0.000,0,0,0,0,0,0,0,0,0,0,0,0,0,0,0,0,0,0
1951,65.0,1550,408,25,393,1157,0,0,147,419.62,1.119,0.771,0.091,0.026,0.211,-0.926,1.635,0.4481,1.5888,0.728,0.020,0.029,0.117,0.034,73,60,28,0,19,0,55484.87,3765.164,16122.739,11.949,1480.076,13.899,10968.012,3763.142,231.506,6642.341,5313.873,911.952,262.325,211.947,0.000119,0.036369,276,0,21,7,28,21,23556,18,7,11.639,0,0,0,0,0,0,0,0,0,0,0,0,0,0,34367,698,258,18910.493,16114.002,1472.068,0.309,11.639,9719.882,3564.149,95.748,123,99,60,21,18,40751,0,0,0,0.000,0.000,0.000,0.000,0.000,0.000,0.000,0.000,0,0,0,0,0,0,0,0,0,0.000,0.000,0.000,0.000,0.000,0.000,0.000,0.000,0,0,0,0,0,0,0,0,0,0.000,0.000,0.000,0.000,0.000,0.000,0.000,0.000,0,0,0,0,0,0,0,0,0,0.000,0.000,0.000,0.000,0.000,0.000,0.000,0.000,0,0,0,0,0,0,0,0,0,0.000,0.000,0.000,0.000,0.000,0.000,0.000,0.000,0,0,0,0,0,0,0,0,0,0,0,0,0,0,0,0,0,0
1981,66.0,1600,430,25,405,1195,0,0,121,440.66,1.121,0.773,0.092,0.025,0.211,-0.926,1.639,0.4537,1.5814,0.742,0.015,0.029,0.117,0.034,79,67,32,0,15,0,58691.86,4048.756,17641.069,11.312,1490.960,13.188,11328.187,3892.707,185.524,7277.095,5821.676,993.650,406.897,231.757,0.000109,0.036319,287,0,24,8,32,24,24140,10,7,10.623,0,0,0,0,0,0,0,0,0,0,0,0,0,0,35257,770,277,20608.674,17625.526,1486.507,0.438,10.623,10043.929,3688.232,99.332,142,104,66,24,14,44137,0,0,0,0.000,0.000,0.000,0.000,0.000,0.000,0.000,0.000,0,0,0,0,0,0,0,0,0,0.000,0.000,0.000,0.000,0.000,0.000,0.000,0.000,0,0,0,0,0,0,0,0,0,0.000,0.000,0.000,0.000,0.000,0.000,0.000,0.000,0,0,0,0,0,0,0,0,0,0.000,0.000,0.000,0.000,0.000,0.000,0.000,0.000,0,0,0,0,0,0,0,0,0,0.000,0.000,0.000,0.000,0.000,0.000,0.000,0.000,0,0,0,0,0,0,0,0,0,0,0,0,0,0,0,0,0,0
2011,67.0,1697,473,25,427,1270,0,0,112,435.52,1.121,0.779,0.089,0.027,0.211,-0.927,1.638,0.4556,1.5971,0.731,0.009,0.033,0.116,0.033,79,67,26,0,8,0,62892.76,4375.419,19128.065,26.443,1708.136,14.698,11856.283,4094.489,161.502,8654.374,6923.499,917.698,357.939,210.245,0.000131,0.036533,302,0,16,10,26,16,24939,2,9,25.586,0,0,0,0,0,0,0,0,0,0,0,0,0,0,36987,827,300,22424.948,19115.788,1706.907,0.527,25.586,10516.106,3880.609,105.043,166,91,67,16,8,34987,0,0,0,0.000,0.000,0.000,0.000,0.000,0.000,0.000,0.000,0,0,0,0,0,0,0,0,0,0.000,0.000,0.000,0.000,0.000,0.000,0.000,0.000,0,0,0,0,0,0,0,0,0,0.000,0.000,0.000,0.000,0.000,0.000,0.000,0.000,0,0,0,0,0,0,0,0,0,0.000,0.000,0.000,0.000,0.000,0.000,0.000,0.000,0,0,0,0,0,0,0,0,0,0.000,0.000,0.000,0.000,0.000,0.000,0.000,0.000,0,0,0,0,0,0,0,0,0,0,0,0,0,0,0,0,0,0
2041,68.0,1832,454,25,452,1380,0,0,92,367.11,1.126,0.784,0.086,0.027,0.208,-0.927,1.638,0.4535,1.6016,0.731,0.009,0.034,0.116,0.034,70,56,33,0,10,0,69070.59,4858.259,22359.668,8.257,1975.573,13.820,12632.333,4414.915,141.864,10455.647,8364.517,1074.960,423.193,269.956,0.000178,0.036423,379,0,29,4,33,29,25969,15,4,7.796,0,0,0,0,0,0,0,0,0,0,0,0,0,0,39501,974,364,26164.391,22332.383,1969.102,0.461,7.796,11221.843,4179.085,122.258,205,95,56,29,10,29276,0,0,0,0.000,0.000,0.000,0.000,0.000,0.000,0.000,0.000,0,0,0,0,0,0,0,0,0,0.000,0.000,0.000,0.000,0.000,0.000,0.000,0.000,0,0,0,0,0,0,0,0,0,0.000,0.000,0.000,0.000,0.000,0.000,0.000,0.000,0,0,0,0,0,0,0,0,0,0.000,0.000,0.000,0.000,0.000,0.000,0.000,0.000,0,0,0,0,0,0,0,0,0,0.000,0.000,0.000,0.000,0.000,0.000,0.000,0.000,0,0,0,0,0,0,0,0,0,0,0,0,0,0,0,0,0,0
2071,69.0,1999,408,25,476,1523,0,0,88,319.76,1.136,0.790,0.084,0.028,0.202,-0.929,1.639,0.4687,1.6278,0.734,0.015,0.032,0.116,0.035,73,56,41,0,7,0,75603.35,5313.258,24669.105,22.296,2378.098,13.146,13748.299,4883.408,129.140,12192.246,9753.797,1515.193,388.705,368.705,0.000124,0.037085,557,0,33,8,41,33,28457,141,8,21.631,0,0,0,0,0,0,0,0,0,0,0,0,0,0,43177,1066,416,28992.616,24649.579,2350.711,0.665,21.631,12260.030,4612.893,146.262,239,96,56,33,7,29404,0,0,0,0.000,0.000,0.000,0.000,0.000,0.000,0.000,0.000,0,0,0,0,0,0,0,0,0,0.000,0.000,0.000,0.000,0.000,0.000,0.000,0.000,0,0,0,0,0,0,0,0,0,0.000,0.000,0.000,0.000,0.000,0.000,0.000,0.000,0,0,0,0,0,0,0,0,0,0.000,0.000,0.000,0.000,0.000,0.000,0.000,0.000,0,0,0,0,0,0,0,0,0,0.000,0.000,0.000,0.000,0.000,0.000,0.000,0.000,0,0,0,0,0,0,0,0,0,0,0,0,0,0,0,0,0,0
2101,70.0,2141,456,26,501,1640,0,0,106,326.27,1.139,0.793,0.086,0.030,0.198,-0.930,1.644,0.4696,1.6281,0.726,0.008,0.031,0.116,0.034,74,58,69,0,2,0,81327.06,5893.422,26476.950,29.283,2635.346,12.323,14979.430,5283.232,126.980,12020.302,9616.242,2785.598,621.159,475.487,0.000159,0.038203,507,0,54,15,69,54,30869,79,15,27.931,0,0,0,0,0,0,0,0,0,0,0,0,0,0,47302,1143,428,31156.033,26442.430,2629.896,1.353,27.931,13417.367,4980.962,170.704,231,114,58,54,2,34104,0,0,0,0.000,0.000,0.000,0.000,0.000,0.000,0.000,0.000,0,0,0,0,0,0,0,0,0,0.000,0.000,0.000,0.000,0.000,0.000,0.000,0.000,0,0,0,0,0,0,0,0,0,0.000,0.000,0.000,0.000,0.000,0.000,0.000,0.000,0,0,0,0,0,0,0,0,0,0.000,0.000,0.000,0.000,0.000,0.000,0.000,0.000,0,0,0,0,0,0,0,0,0,0.000,0.000,0.000,0.000,0.000,0.000,0.000,0.000,0,0,0,0,0,0,0,0,0,0,0,0,0,0,0,0,0,0
2131,71.0,2336,446,26,541,1795,0,0,106,279.60,1.141,0.795,0.087,0.029,0.197,-0.930,1.641,0.4674,1.6475,0.689,0.011,0.031,0.116,0.032,65,73,56,0,6,0,89723.37,6455.354,29855.061,30.239,3057.580,12.916,16220.751,5781.833,146.086,14453.417,11562.734,1889.128,563.466,452.404,0.000232,0.039899,579,0,43,13,56,43,32900,71,13,29.720,0,0,0,0,0,0,0,0,0,0,0,0,0,0,51383,1295,508,35315.040,29829.385,3047.915,0.519,29.720,14566.263,5454.162,185.804,275,121,73,43,5,29165,0,0,0,0.000,0.000,0.000,0.000,0.000,0.000,0.000,0.000,0,0,0,0,0,0,0,0,0,0.000,0.000,0.000,0.000,0.000,0.000,0.000,0.000,0,0,0,0,0,0,0,0,0,0.000,0.000,0.000,0.000,0.000,0.000,0.000,0.000,0,0,0,0,0,0,0,0,0,0.000,0.000,0.000,0.000,0.000,0.000,0.000,0.000,0,0,0,0,0,0,0,0,0,0.000,0.000,0.000,0.000,0.000,0.000,0.000,0.000,0,0,0,0,0,0,1,0,0,0,0,0,0,0,0,0,0,0
2161,72.0,2508,444,26,561,1947,0,0,111,315.07,1.150,0.802,0.086,0.031,0.192,-0.931,1.639,0.4680,1.6509,0.686,0.014,0.028,0.116,0.034,80,76,85,0,6,0,97760.30,7070.138,32326.733,39.792,3449.512,13.207,17704.416,6436.252,147.325,15234.398,12187.518,2976.971,523.639,564.245,0.000217,0.039615,613,0,65,20,85,65,36298,62,20,39.167,0,0,0,0,0,0,0,0,0,0,0,0,0,0,56384,1402,551,38377.132,32292.975,3436.859,0.626,39.167,15955.363,6061.693,224.166,299,147,76,65,6,39270,0,0,0,0.000,0.000,0.000,0.000,0.000,0.000,0.000,0.000,0,0,0,0,0,0,0,0,0,0.000,0.000,0.000,0.000,0.000,0.000,0.000,0.000,0,0,0,0,0,0,0,0,0,0.000,0.000,0.000,0.000,0.000,0.000,0.000,0.000,0,0,0,0,0,0,0,0,0,0.000,0.000,0.000,0.000,0.000,0.000,0.000,0.000,0,0,0,0,0,0,0,0,0,0.000,0.000,0.000,0.000,0.000,0.000,0.000,0.000,0,0,0,0,0,0,0,0,0,0,0,0,0,0,0,0,0,0
2191,73.0,2735,420,26,599,2136,0,0,121,297.23,1.156,0.808,0.087,0.030,0.189,-0.931,1.640,0.4707,1.6648,0.679,0.017,0.031,0.117,0.035,75,67,100,0,7,0,106738.38,7826.001,36036.978,63.245,3878.768,11.729,19197.535,7054.620,159.941,17713.064,14170.452,3685.941,704.208,603.293,0.000143,0.038899,677,0,77,23,100,77,38453,9,23,62.437,0,0,0,0,0,0,0,0,0,0,0,0,0,0,61414,1559,668,42771.365,36006.088,3875.647,0.809,62.437,17380.270,6637.357,258.793,339,150,67,77,6,39055,0,0,0,0.000,0.000,0.000,0.000,0.000,0.000,0.000,0.000,0,0,0,0,0,0,0,0,0,0.000,0.000,0.000,0.000,0.000,0.000,0.000,0.000,0,0,0,0,0,0,0,0,0,0.000,0.000,0.000,0.000,0.000,0.000,0.000,0.000,0,0,0,0,0,0,0,0,0,0.000,0.000,0.000,0.000,0.000,0.000,0.000,0.000,0,0,0,0,0,0,0,0,0,0.000,0.000,0.000,0.000,0.000,0.000,0.000,0.000,0,0,0,0,0,0,0,0,0,0,0,0,0,0,0,0,0,0
2221,74.0,2914,350,26,619,2295,0,0,136,257.92,1.163,0.813,0.089,0.033,0.185,-0.932,1.639,0.4727,1.6768,0.666,0.011,0.028,0.117,0.035,65,83,140,0,10,0,115467.30,8607.305,38868.106,59.445,4395.548,12.210,20693.092,7763.325,181.426,18487.042,14789.634,5031.349,624.115,815.210,0.000250,0.038208,748,0,113,27,140,113,41604,8,27,58.340,0,0,0,0,0,0,0,0,0,0,0,0,0,0,66410,1678,740,46370.741,38829.414,4392.900,1.105,58.340,18789.398,7291.383,305.867,365,206,83,113,10,49690,0,0,0,0.000,0.000,0.000,0.000,0.000,0.000,0.000,0.000,0,0,0,0,0,0,0,0,0,0.000,0.000,0.000,0.000,0.000,0.000,0.000,0.000,0,0,0,0,0,0,0,0,0,0.000,0.000,0.000,0.000,0.000,0.000,0.000,0.000,0,0,0,0,0,0,0,0,0,0.000,0.000,0.000,0.000,0.000,0.000,0.000,0.000,0,0,0,0,0,0,0,0,0,0.000,0.000,0.000,0.000,0.000,0.000,0.000,0.000,0,0,0,0,0,0,0,0,0,0,0,0,0,0,0,0,0,0
2251,75.0,3091,403,26,635,2456,0,0,155,272.32,1.171,0.819,0.088,0.035,0.181,-0.931,1.629,0.4745,1.6692,0.655,0.014,0.028,0.118,0.035,81,70,183,0,5,0,122350.95,9368.281,40193.405,87.293,5447.664,11.453,22009.238,8295.159,213.493,19357.675,15486.141,6527.708,824.851,1023.355,0.000205,0.038179,903,0,138,45,183,138,43788,8,45,86.277,0,0,0,0,0,0,0,0,0,0,0,0,0,0,70711,1739,895,48839.839,40145.217,5443.317,1.015,86.277,20047.621,7764.351,352.754,374,213,70,138,5,47662,0,0,0,0.000,0.000,0.000,0.000,0.000,0.000,0.000,0.000,0,0,0,0,0,0,0,0,0,0.000,0.000,0.000,0.000,0.000,0.000,0.000,0.000,0,0,0,0,0,0,0,0,0,0.000,0.000,0.000,0.000,0.000,0.000,0.000,0.000,0,0,0,0,0,0,0,0,0,0.000,0.000,0.000,0.000,0.000,0.000,0.000,0.000,0,0,0,0,0,0,0,0,0,0.000,0.000,0.000,0.000,0.000,0.000,0.000,0.000,0,0,0,0,0,0,0,0,0,0,0,0,0,0,0,0,0,0
2281,76.0,3300,403,26,672,2628,0,0,197,254.76,1.177,0.823,0.089,0.034,0.180,-0.931,1.625,0.4751,1.6853,0.670,0.009,0.029,0.118,0.035,93,64,179,0,12,0,131782.03,10022.911,45273.732,51.704,5385.171,11.566,23805.168,8959.397,260.160,20769.800,16615.840,6706.085,993.019,1039.471,0.000201,0.038076,913,0,155,24,179,155,47022,13,24,50.349,0,0,0,0,0,0,0,0,0,0,0,0,0,0,76293,1966,900,54396.918,45220.775,5381.894,1.107,50.349,21770.758,8397.702,372.950,402,230,64,155,11,53061,0,0,0,0.000,0.000,0.000,0.000,0.000,0.000,0.000,0.000,0,0,0,0,0,0,0,0,0,0.000,0.000,0.000,0.000,0.000,0.000,0.000,0.000,0,0,0,0,0,0,0,0,0,0.000,0.000,0.000,0.000,0.000,0.000,0.000,0.000,0,0,0,0,0,0,0,0,0,0.000,0.000,0.000,0.000,0.000,0.000,0.000,0.000,0,0,0,0,0,0,0,0,0,0.000,0.000,0.000,0.000,0.000,0.000,0.000,0.000,0,0,0,0,0,0,0,0,0,0,0,0,0,0,0,0,0,0
2311,77.0,3554,385,26,691,2863,0,0,244,264.11,1.188,0.831,0.088,0.033,0.174,-0.931,1.628,0.4790,1.6926,0.656,0.009,0.028,0.118,0.036,79,81,164,0,16,0,141851.50,10850.319,46919.656,78.508,6374.067,12.836,25644.936,9707.036,318.356,23304.948,18643.959,5608.018,843.704,995.974,0.000289,0.036258,1043,0,125,39,164,125,49964,8,39,77.405,0,0,0,0,0,0,0,0,0,0,0,0,0,0,82277,2035,1035,57135.551,46881.920,6368.519,1.103,77.405,23520.697,9120.973,391.531,457,222,81,125,16,47383,0,0,0,0.000,0.000,0.000,0.000,0.000,0.000,0.000,0.000,0,0,0,0,0,0,0,0,0,0.000,0.000,0.000,0.000,0.000,0.000,0.000,0.000,0,0,0,0,0,0,0,0,0,0.000,0.000,0.000,0.000,0.000,0.000,0.000,0.000,0,0,0,0,0,0,0,0,0,0.000,0.000,0.000,0.000,0.000,0.000,0.000,0.000,0,0,0,0,0,0,0,0,0,0.000,0.000,0.000,0.000,0.000,0.000,0.000,0.000,0,0,0,0,0,0,0,0,0,0,0,0,0,0,0,0,0,0
2341,78.0,3832,373,26,718,3113,0,1,294,279.08,1.197,0.836,0.092,0.032,0.169,-0.930,1.630,0.4855,1.6939,0.669,0.010,0.027,0.118,0.036,68,73,185,0,12,0,152431.58,11711.235,51072.104,84.786,7330.786,11.065,27801.061,10607.036,390.606,24794.504,19835.604,6509.111,824.875,1196.453,0.000275,0.035707,1279,0,147,38,185,147,53528,24,37,82.168,0,0,0,0,0,0,0,0,0,0,0,0,0,0,89472,2208,1255,62642.597,51026.852,7318.552,1.097,82.168,25602.151,9972.328,429.257,482,232,73,147,12,53562,0,0,0,0.000,0.000,0.000,0.000,0.000,0.000,0.000,0.000,0,0,0,0,0,0,0,0,0,0.000,0.000,0.000,0.000,0.000,0.000,0.000,0.000,0,0,0,0,0,0,14,0,0,0.000,0.000,0.000,0.000,0.000,1.428,0.403,0.000,0,0,0,0,0,0,0,0,0,0.000,0.000,0.000,0.000,0.000,0.000,0.000,0.000,0,0,0,0,0,0,0,0,0,0.000,0.000,0.000,0.000,0.000,0.000,0.000,0.000,0,0,0,0,0,0,0,1,0,0,0,0,0,0,0,0,0,0
2371,79.0,4167,287,26,771,3395,0,1,352,216.88,1.200,0.840,0.093,0.032,0.168,-0.931,1.626,0.4852,1.7035,0.658,0.009,0.028,0.118,0.037,75,98,137,0,17,0,164561.97,12893.362,54122.388,50.681,8257.899,13.283,30189.185,11598.935,462.263,26363.456,21090.766,5294.407,961.627,1156.931,0.000265,0.036774,1512,0,114,23,136,114,57740,16,22,49.059,0,0,0,0,0,0,0,0,0,0,0,0,0,0,97371,2344,1496,66977.436,54086.689,8250.378,1.171,49.059,27861.472,10900.408,483.427,509,227,98,114,15,42989,0,0,0,0.000,0.000,0.000,0.000,0.000,0.000,0.000,0.000,0,0,0,0,0,0,0,0,0,0.000,0.000,0.000,0.000,0.000,0.000,0.000,0.000,0,0,0,0,0,0,30,0,0,0.000,0.000,0.000,0.000,0.000,3.059,0.746,0.000,0,0,0,0,0,0,0,0,0,0.000,0.000,0.000,0.000,0.000,0.000,0.000,0.000,0,0,0,0,0,0,0,0,0,0.000,0.000,0.000,0.000,0.000,0.000,0.000,0.000,0,0,0,0,0,0,0,0,0,0,0,0,0,0,0,0,0,0
2401,80.0,4484,274,26,805,3677,0,2,435,226.24,1.207,0.843,0.092,0.030,0.165,-0.930,1.632,0.4873,1.7077,0.666,0.010,0.024,0.119,0.037,70,92,159,0,26,0,175779.45,14362.170,56411.661,58.079,8964.657,12.645,32824.935,12723.998,579.143,27030.798,21624.639,6038.839,767.246,1274.117,0.000326,0.034344,1616,0,131,28,159,131,61758,26,28,56.498,0,0,0,0,0,0,0,11,1,1,0,0,0,1,106120,2437,1590,70091.560,56372.905,8953.362,1.196,56.498,30370.651,11952.930,541.650,529,247,92,131,24,56977,0,0,0,0.000,0.000,0.000,0.000,0.000,0.000,0.000,0.000,0,0,0,0,0,0,0,0,0,0.000,0.000,0.000,0.000,0.000,0.000,0.000,0.000,0,0,0,0,0,0,48,0,0,0.000,0.000,0.000,0.000,0.000,4.474,1.385,0.000,0,0,0,0,0,0,0,0,0,0.000,0.000,0.000,0.000,0.000,0.000,0.000,0.000,0,0,0,0,0,0,0,0,0,0.000,0.000,0.000,0.000,0.000,0.000,0.000,0.000,0,0,0,0,0,0,0,1,0,0,0,0,0,0,0,0,0,0
2431,81.0,4774,242,26,850,3922,0,2,573,222.90,1.210,0.844,0.092,0.031,0.164,-0.930,1.634,0.4904,1.7059,0.662,0.008,0.025,0.118,0.036,48,107,167,0,37,0,186383.66,15715.131,58555.257,70.437,10309.715,11.504,35286.281,13649.132,731.968,27158.545,21726.836,6400.803,899.105,1337.616,0.000339,0.031976,1867,0,136,31,167,136,65827,29,31,68.460,0,0,0,0,0,0,0,13,0,0,0,0,0,0,114229,2530,1838,73767.738,58512.600,10295.775,1.604,68.460,32735.489,12808.036,603.242,524,279,107,136,36,58390,0,0,0,0.000,0.000,0.000,0.000,0.000,0.000,0.000,0.000,0,0,0,0,0,0,0,0,0,0.000,0.000,0.000,0.000,0.000,0.000,0.000,0.000,0,0,0,0,0,0,60,0,0,0.000,0.000,0.000,0.000,0.000,5.427,1.548,0.000,0,0,0,0,0,0,0,0,0,0.000,0.000,0.000,0.000,0.000,0.000,0.000,0.000,0,0,0,0,0,0,0,0,0,0.000,0.000,0.000,0.000,0.000,0.000,0.000,0.000,0,0,0,0,0,0,0,0,0,0,0,0,0,0,0,0,0,0
2461,82.0,5028,244,26,863,4163,0,2,741,227.05,1.219,0.848,0.092,0.031,0.159,-0.930,1.640,0.4892,1.7061,0.652,0.003,0.023,0.119,0.037,44,118,211,0,43,0,194727.12,16422.412,60772.986,104.046,11944.255,8.541,37465.597,14579.192,954.060,28625.852,22900.682,7523.577,1102.324,1606.054,0.000397,0.028202,2252,0,162,49,211,162,67984,26,49,102.356,0,0,0,0,0,0,0,17,2,0,0,0,0,0,121155,2630,2226,77972.308,60731.151,11931.832,1.690,102.356,34814.967,13665.016,668.371,560,319,117,162,40,65648,0,0,0,0.000,0.000,0.000,0.000,0.000,0.000,0.000,0.000,0,0,0,0,0,0,0,0,0,0.000,0.000,0.000,0.000,0.000,0.000,0.000,0.000,0,0,0,0,0,0,60,0,0,0.000,0.000,0.000,0.000,0.000,5.425,1.494,0.000,0,0,0,0,0,0,0,0,0,0.000,0.000,0.000,0.000,0.000,0.000,0.000,0.000,0,0,0,0,0,0,0,0,0,0.000,0.000,0.000,0.000,0.000,0.000,0.000,0.000,0,0,0,0,0,0,0,0,0,0,0,0,0,0,0,0,0,0
2491,83.0,5261,207,26,884,4376,0,1,954,233.36,1.224,0.852,0.094,0.032,0.157,-0.931,1.645,0.4892,1.7053,0.652,0.011,0.023,0.119,0.037,54,125,225,0,55,0,201883.88,17193.702,63053.493,65.293,11574.959,7.482,39578.817,15610.099,1256.237,29230.710,23384.569,8388.080,796.553,1679.805,0.000332,0.024950,2361,0,187,38,225,187,70418,39,38,62.578,0,0,0,0,0,0,0,9,0,0,0,0,0,0,127986,2723,2322,79928.526,63006.109,11562.754,2.018,62.578,36867.824,14649.593,706.123,578,365,125,186,54,71500,0,0,0,0.000,0.000,0.000,0.000,0.000,0.000,0.000,0.000,0,0,0,0,0,0,0,0,0,0.000,0.000,0.000,0.000,0.000,0.000,0.000,0.000,0,0,0,0,0,0,41,0,0,0.000,0.000,0.000,0.000,0.000,3.932,0.988,0.000,0,1,0,1,0,89,0,0,0,0.000,0.000,0.000,0.000,0.000,0.000,0.000,0.000,0,0,0,0,0,0,0,0,0,0.000,0.000,0.000,0.000,0.000,0.000,0.000,0.000,0,0,0,0,0,0,0,0,0,0,0,0,0,0,0,0,0,0
2521,84.0,5496,195,26,898,4597,0,1,1222,260.15,1.231,0.855,0.095,0.032,0.153,-0.932,1.648,0.4941,1.7208,0.655,0.002,0.023,0.119,0.038,61,120,190,0,81,0,211930.22,18003.588,66678.463,96.058,12493.035,9.387,41470.381,16447.391,1629.426,28688.830,22951.064,6815.539,1119.765,1511.505,0.000366,0.024850,2436,0,144,46,189,144,73893,11,42,89.617,0,0,0,0,0,0,0,0,0,0,0,0,0,0,134171,2878,2425,84629.259,66637.028,12486.795,1.460,89.617,38703.057,15443.508,743.375,563,342,120,144,78,75921,0,0,0,0.000,0.000,0.000,0.000,0.000,0.000,0.000,0.000,0,0,0,0,0,0,0,0,0,0.000,0.000,0.000,0.000,0.000,0.000,0.000,0.000,0,0,0,0,0,0,30,0,0,0.000,0.000,0.000,0.000,0.000,3.068,0.859,0.000,0,0,0,0,0,0,0,0,0,0.000,0.000,0.000,0.000,0.000,0.000,0.000,0.000,0,0,0,0,0,0,0,0,0,0.000,0.000,0.000,0.000,0.000,0.000,0.000,0.000,0,0,0,0,0,0,0,0,0,0,0,0,0,0,0,0,0,0
2551,85.0,5685,200,26,918,4767,0,0,1657,264.77,1.236,0.854,0.094,0.032,0.152,-0.933,1.654,0.4931,1.7096,0.650,0.001,0.023,0.119,0.038,53,120,224,0,92,0,217624.62,18492.661,66171.049,76.324,12992.805,9.974,43456.673,17258.819,2237.065,28817.658,23054.127,7969.040,713.757,1646.742,0.000468,0.024232,2606,0,185,39,224,185,75205,24,39,75.103,0,0,0,0,0,0,0,0,0,0,0,0,0,0,140406,2865,2582,84663.123,66108.161,12983.878,1.221,75.103,40621.718,16205.073,788.431,563,393,120,185,88,93432,0,0,0,0.000,0.000,0.000,0.000,0.000,0.000,0.000,0.000,0,0,0,0,0,0,0,0,0,0.000,0.000,0.000,0.000,0.000,0.000,0.000,0.000,0,0,0,0,0,0,6,0,0,0.000,0.000,0.000,0.000,0.000,0.614,0.162,0.000,0,1,0,0,1,200,0,0,0,0.000,0.000,0.000,0.000,0.000,0.000,0.000,0.000,0,0,0,0,0,0,0,0,0,0.000,0.000,0.000,0.000,0.000,0.000,0.000,0.000,0,0,0,0,0,0,0,0,0,0,0,0,0,0,0,0,0,0
2581,86.0,5745,184,26,879,4866,0,0,2099,270.01,1.249,0.859,0.093,0.032,0.146,-0.933,1.667,0.4876,1.6999,0.659,0.002,0.023,0.120,0.039,46,105,283,0,145,0,220914.09,18642.640,68026.646,116.897,12994.062,8.777,44656.178,17695.996,3013.638,27718.215,22174.572,9742.148,1002.505,1842.602,0.000361,0.020559,2664,0,212,71,283,212,77790,22,71,115.308,0,0,0,0,0,0,0,0,0,0,0,0,0,0,144325,2939,2642,86620.987,67989.787,12986.371,1.589,115.308,41857.774,16602.420,837.957,547,448,105,212,131,108915,0,0,0,0.000,0.000,0.000,0.000,0.000,0.000,0.000,0.000,0,0,0,0,0,0,0,0,0,0.000,0.000,0.000,0.000,0.000,0.000,0.000,0.000,0,0,0,0,0,0,0,0,0,0.000,0.000,0.000,0.000,0.000,0.000,0.000,0.000,0,0,0,0,0,0,0,0,0,0.000,0.000,0.000,0.000,0.000,0.000,0.000,0.000,0,0,0,0,0,0,0,0,0,0.000,0.000,0.000,0.000,0.000,0.000,0.000,0.000,0,0,0,0,0,0,0,0,0,0,0,0,0,0,0,0,0,0
2611,87.0,5712,199,26,850,4862,0,0,2518,270.61,1.256,0.860,0.096,0.032,0.143,-0.933,1.676,0.4889,1.6949,0.676,0.004,0.023,0.121,0.039,42,92,362,0,176,0,220706.08,18743.523,69903.128,127.977,12576.811,9.205,45345.915,17890.466,3793.193,27764.091,22211.273,13229.880,1063.033,2107.338,0.000333,0.017146,2574,0,293,69,362,293,78627,28,68,124.790,0,0,0,0,0,0,0,0,0,0,0,0,0,0,146417,3027,2546,88226.834,69860.555,12569.002,1.933,124.790,42608.712,16758.127,881.872,549,554,92,293,169,128583,6,0,0,0.000,0.000,0.000,0.000,0.000,1.035,0.104,0.000,0,0,0,0,0,0,0,0,0,0.000,0.000,0.000,0.000,0.000,0.000,0.000,0.000,0,0,0,0,0,0,0,0,0,0.000,0.000,0.000,0.000,0.000,0.000,0.000,0.000,0,0,0,0,0,0,0,0,0,0.000,0.000,0.000,0.000,0.000,0.000,0.000,0.000,0,0,0,0,0,0,0,0,0,0.000,0.000,0.000,0.000,0.000,0.000,0.000,0.000,0,0,0,0,0,0,1,0,0,0,0,0,0,0,0,0,0,0
2641,88.0,5665,192,26,827,4838,0,0,2871,301.39,1.263,0.861,0.098,0.032,0.141,-0.933,1.681,0.4873,1.6948,0.678,0.004,0.020,0.121,0.039,49,71,421,0,198,0,216851.19,18064.399,70429.329,132.191,12666.821,7.728,45329.337,17780.413,4494.499,29707.624,23766.099,15974.895,587.799,2372.338,0.000436,0.012032,2569,0,345,76,421,345,79150,6,76,130.364,0,0,0,0,0,0,0,0,0,0,0,0,0,0,146011,3040,2563,88761.016,70392.719,12664.665,1.827,130.364,42656.401,16645.694,891.479,583,607,70,345,192,153442,30,0,0,0.000,0.000,0.000,0.000,0.000,5.175,0.540,0.000,0,0,0,0,0,0,0,0,0,0.000,0.000,0.000,0.000,0.000,0.000,0.000,0.000,0,0,0,0,0,0,0,0,0,0.000,0.000,0.000,0.000,0.000,0.000,0.000,0.000,0,0,0,0,0,0,0,0,0,0.000,0.000,0.000,0.000,0.000,0.000,0.000,0.000,0,0,0,0,0,0,0,0,0,0.000,0.000,0.000,0.000,0.000,0.000,0.000,0.000,0,0,0,0,0,0,0,0,0,0,0,0,0,0,0,0,0,0
2671,89.0,5554,196,26,796,4758,0,0,3084,240.98,1.269,0.863,0.101,0.032,0.139,-0.933,1.686,0.4827,1.6840,0.682,0.003,0.021,0.121,0.039,47,69,421,0,235,0,213440.77,18099.487,70652.100,128.169,11492.978,9.299,44813.836,17547.474,4992.667,28617.361,22893.889,16093.667,826.243,2292.811,0.000571,0.008260,2392,0,351,70,421,351,79454,9,70,126.275,0,0,0,0,0,0,0,0,0,0,0,0,0,0,143639,3053,2383,87815.618,70616.388,11489.320,1.894,126.275,42199.077,16423.746,885.680,560,641,69,351,221,154233,57,0,0,0.000,0.000,0.000,0.000,0.000,7.479,1.136,0.000,0,0,0,0,0,0,0,0,0,0.000,0.000,0.000,0.000,0.000,0.000,0.000,0.000,0,0,0,0,0,0,0,0,0,0.000,0.000,0.000,0.000,0.000,0.000,0.000,0.000,0,0,0,0,0,0,0,0,0,0.000,0.000,0.000,0.000,0.000,0.000,0.000,0.000,0,0,0,0,0,0,0,0,0,0.000,0.000,0.000,0.000,0.000,0.000,0.000,0.000,0,0,0,0,0,0,1,0,0,0,0,0,0,0,0,0,0,0
2701,90.0,5481,184,29,780,4701,0,0,3243,266.36,1.274,0.862,0.103,0.033,0.139,-0.934,1.696,0.4752,1.6814,0.667,0.004,0.019,0.122,0.040,49,67,376,0,270,0,211742.69,17511.128,71305.164,129.501,11415.215,9.565,44304.792,17314.166,5372.393,29741.225,23792.980,14880.042,725.125,2099.108,0.000389,0.003871,2331,0,308,68,376,308,77145,15,68,127.469,0,0,0,0,0,0,0,0,0,0,0,0,0,0,141752,3079,2316,88387.637,71251.806,11408.136,2.032,127.469,41769.086,16218.854,867.983,577,634,67,308,259,160420,60,0,0,0.000,0.000,0.000,0.000,0.000,7.739,1.071,0.000,0,0,0,0,0,0,0,0,0,0.000,0.000,0.000,0.000,0.000,0.000,0.000,0.000,0,0,0,0,0,0,0,0,0,0.000,0.000,0.000,0.000,0.000,0.000,0.000,0.000,0,0,0,0,0,0,0,0,0,0.000,0.000,0.000,0.000,0.000,0.000,0.000,0.000,0,0,0,0,0,0,0,0,0,0.000,0.000,0.000,0.000,0.000,0.000,0.000,0.000,0,0,0,0,0,0,0,0,0,0,0,0,0,0,0,0,0,0
2731,91.0,5424,205,29,775,4648,0,1,3347,264.17,1.276,0.860,0.106,0.032,0.139,-0.934,1.701,0.4756,1.6705,0.667,0.005,0.020,0.122,0.039,54,49,378,0,271,0,209054.20,17430.316,70639.540,108.614,11212.987,9.131,43947.633,16903.319,5638.206,29658.516,23726.814,15573.887,727.899,2144.307,0.000428,0.004401,2229,0,321,57,378,321,76577,11,57,106.205,0,0,0,0,0,0,0,0,0,0,0,0,0,0,140196,3048,2218,87356.845,70616.628,11208.323,2.409,106.205,41464.540,15815.301,863.802,577,629,49,321,259,147916,58,0,0,0.000,0.000,0.000,0.000,0.000,7.399,1.328,0.000,0,1,0,0,1,124,0,0,0,0.000,0.000,0.000,0.000,0.000,0.000,0.000,0.000,0,0,0,0,0,0,3,0,0,0.000,0.000,0.000,0.000,0.000,0.288,0.140,0.000,0,0,0,0,0,0,0,0,0,0.000,0.000,0.000,0.000,0.000,0.000,0.000,0.000,0,0,0,0,0,0,0,0,0,0.000,0.000,0.000,0.000,0.000,0.000,0.000,0.000,0,0,0,0,0,0,0,1,0,0,0,0,0,0,0,0,0,0
2761,92.0,5400,198,29,764,4635,0,1,3442,288.23,1.279,0.860,0.110,0.032,0.139,-0.935,1.707,0.4687,1.6753,0.674,0.005,0.020,0.122,0.040,53,50,332,0,274,0,208963.66,17011.549,71561.267,107.611,11340.760,9.281,43753.580,16839.732,5836.822,29503.706,23602.965,13475.286,1039.215,1925.597,0.000395,0.004059,2274,0,276,56,331,276,75666,20,55,105.280,0,0,0,0,0,0,0,0,0,0,0,0,0,0,139144,3085,2254,88474.976,71535.702,11331.470,1.535,105.280,41292.297,15772.840,846.422,575,588,50,276,262,144761,30,0,0,0.000,0.000,0.000,0.000,0.000,2.579,0.896,0.000,0,0,0,0,0,0,0,0,0,0.000,0.000,0.000,0.000,0.000,0.000,0.000,0.000,0,0,0,0,0,0,30,0,0,0.000,0.000,0.000,0.000,0.000,2.877,1.616,0.000,0,0,0,0,0,0,0,0,0,0.000,0.000,0.000,0.000,0.000,0.000,0.000,0.000,0,0,0,0,0,0,0,0,0,0.000,0.000,0.000,0.000,0.000,0.000,0.000,0.000,0,0,0,0,0,0,0,0,0,0,0,0,0,0,0,0,0,0
2791,93.0,5378,207,29,768,4609,0,1,3478,274.64,1.282,0.860,0.112,0.032,0.140,-0.935,1.719,0.4739,1.6675,0.652,0.004,0.019,0.122,0.039,56,46,351,0,283,0,208190.25,17296.179,70991.161,92.248,10744.495,9.315,43745.477,16823.197,5976.937,30519.247,24415.398,13947.604,587.679,1968.257,0.000327,0.005933,2200,0,295,56,351,295,75609,10,56,90.077,0,0,0,0,0,0,0,0,0,0,0,0,0,0,138631,3063,2190,87276.723,70970.416,10741.700,2.171,90.077,41258.842,15760.487,840.334,589,614,46,295,273,162657,14,0,0,0.000,0.000,0.000,0.000,0.000,1.214,0.424,0.000,0,1,0,0,1,131,0,0,0,0.000,0.000,0.000,0.000,0.000,0.000,0.000,0.000,0,0,0,0,0,0,30,0,0,0.000,0.000,0.000,0.000,0.000,2.867,1.562,0.000,0,0,0,0,0,0,0,0,0,0.000,0.000,0.000,0.000,0.000,0.000,0.000,0.000,0,0,0,0,0,0,0,0,0,0.000,0.000,0.000,0.000,0.000,0.000,0.000,0.000,0,0,0,0,0,0,0,0,0,0,0,0,0,0,0,0,0,0
2821,94.0,5279,174,29,731,4547,0,1,3448,270.70,1.290,0.862,0.113,0.032,0.137,-0.935,1.712,0.4751,1.6643,0.665,0.008,0.019,0.123,0.039,50,37,361,0,302,0,205538.31,16520.837,69725.035,127.104,10814.390,8.142,43442.642,16698.454,5964.165,28215.098,22572.079,14542.416,745.101,1989.104,0.000368,0.005911,2058,0,291,70,361,291,75985,4,70,125.432,0,0,0,0,0,0,0,0,0,0,0,0,0,0,137361,3003,2054,85973.934,69696.280,10812.466,1.672,125.432,41019.066,15645.485,835.539,551,613,36,291,286,158568,0,0,0,0.000,0.000,0.000,0.000,0.000,0.000,0.000,0.000,0,0,0,0,0,0,0,0,0,0.000,0.000,0.000,0.000,0.000,0.000,0.000,0.000,0,0,0,0,0,0,30,0,0,0.000,0.000,0.000,0.000,0.000,2.859,1.566,0.000,0,0,0,0,0,0,0,0,0,0.000,0.000,0.000,0.000,0.000,0.000,0.000,0.000,0,0,0,0,0,0,0,0,0,0.000,0.000,0.000,0.000,0.000,0.000,0.000,0.000,0,0,0,0,0,0,0,0,0,0,0,0,0,0,0,0,0,0
2851,95.0,5149,176,28,708,4440,0,1,3340,247.58,1.292,0.862,0.115,0.033,0.136,-0.936,1.707,0.4762,1.6647,0.681,0.006,0.019,0.122,0.039,37,40,371,0,277,0,200902.14,16215.728,66847.028,116.045,10711.099,9.296,42764.020,16352.712,5863.851,26145.968,20916.775,14765.738,777.013,2062.457,0.000368,0.008828,2158,0,306,65,370,306,74217,48,64,113.617,0,0,0,0,0,0,0,0,0,0,0,0,0,0,134927,2882,2110,82751.721,66805.281,10693.300,1.976,113.617,40397.980,15311.554,828.915,505,612,40,306,266,148851,0,0,0,0.000,0.000,0.000,0.000,0.000,0.000,0.000,0.000,0,0,0,0,0,0,0,0,0,0.000,0.000,0.000,0.000,0.000,0.000,0.000,0.000,0,0,0,0,0,0,30,0,0,0.000,0.000,0.000,0.000,0.000,2.855,1.578,0.000,0,0,0,0,0,0,0,0,0,0.000,0.000,0.000,0.000,0.000,0.000,0.000,0.000,0,0,0,0,0,0,0,0,0,0.000,0.000,0.000,0.000,0.000,0.000,0.000,0.000,0,0,0,0,0,0,0,0,0,0,0,0,0,0,0,0,0,0
2881,96.0,4996,211,28,695,4299,0,2,3126,251.02,1.293,0.864,0.116,0.034,0.138,-0.936,1.713,0.4777,1.6386,0.675,0.006,0.020,0.122,0.039,46,43,396,0,272,0,194112.58,15632.381,65578.048,138.542,9496.229,7.250,41839.461,15903.131,5594.741,26107.439,20885.952,16576.286,849.937,2153.485,0.000332,0.008015,1865,0,336,60,396,336,73321,31,60,136.304,0,0,0,0,0,0,0,0,0,0,0,0,0,0,131496,2824,1834,80133.446,65538.374,9490.528,2.238,136.304,39540.304,14887.907,807.310,501,642,43,336,263,152187,0,0,0,0.000,0.000,0.000,0.000,0.000,0.000,0.000,0.000,0,0,0,0,0,0,0,0,0,0.000,0.000,0.000,0.000,0.000,0.000,0.000,0.000,0,0,0,0,0,0,46,0,0,0.000,0.000,0.000,0.000,0.000,4.254,1.932,0.000,0,0,0,0,0,0,0,0,0,0.000,0.000,0.000,0.000,0.000,0.000,0.000,0.000,0,0,0,0,0,0,0,0,0,0.000,0.000,0.000,0.000,0.000,0.000,0.000,0.000,0,0,0,0,0,0,0,1,0,0,0,0,0,0,0,0,0,0
2911,97.0,4890,212,28,683,4206,0,1,2887,273.04,1.297,0.864,0.120,0.034,0.138,-0.936,1.726,0.4705,1.6524,0.664,0.003,0.017,0.122,0.039,50,50,368,0,261,0,190470.33,14892.243,65591.524,125.649,10038.050,10.546,40858.959,15497.638,5142.839,26767.444,21413.956,14620.982,780.410,1997.350,0.000291,0.007260,1955,0,311,57,368,311,70712,46,57,123.626,0,0,0,0,0,0,0,0,0,0,0,0,0,0,127784,2825,1909,80719.245,65548.796,10028.821,2.023,123.626,38599.737,14526.904,766.367,519,612,50,311,251,157408,0,0,0,0.000,0.000,0.000,0.000,0.000,0.000,0.000,0.000,0,0,0,0,0,0,0,0,0,0.000,0.000,0.000,0.000,0.000,0.000,0.000,0.000,0,0,0,0,0,0,44,0,0,0.000,0.000,0.000,0.000,0.000,3.956,1.465,0.000,0,1,0,0,1,167,0,0,0,0.000,0.000,0.000,0.000,0.000,0.000,0.000,0.000,0,0,0,0,0,0,0,0,0,0.000,0.000,0.000,0.000,0.000,0.000,0.000,0.000,0,0,0,0,0,0,0,0,0,0,0,0,0,0,0,0,0,0
2941,98.0,4767,191,28,662,4104,0,1,2710,272.14,1.301,0.862,0.124,0.034,0.138,-0.935,1.726,0.4740,1.6463,0.661,0.009,0.017,0.122,0.039,44,61,371,0,251,0,184844.89,14202.536,63884.877,128.075,8960.943,9.370,40130.042,15256.688,4776.044,26356.469,21085.175,15716.185,716.870,1973.810,0.000294,0.007466,1780,0,306,65,371,306,68480,7,65,125.781,0,0,0,0,0,0,0,0,0,0,0,0,0,0,125037,2749,1773,77677.326,63840.197,8958.922,2.294,125.781,37897.732,14315.331,739.420,507,609,61,306,242,148179,0,0,0,0.000,0.000,0.000,0.000,0.000,0.000,0.000,0.000,0,0,0,0,0,0,0,0,0,0.000,0.000,0.000,0.000,0.000,0.000,0.000,0.000,0,0,0,0,0,0,30,0,0,0.000,0.000,0.000,0.000,0.000,2.624,0.729,0.000,0,0,0,0,0,0,0,0,0,0.000,0.000,0.000,0.000,0.000,0.000,0.000,0.000,0,0,0,0,0,0,0,0,0,0.000,0.000,0.000,0.000,0.000,0.000,0.000,0.000,0,0,0,0,0,0,0,0,0,0,0,0,0,0,0,0,0,0
2971,99.0,4611,216,28,673,3937,0,1,2619,240.80,1.296,0.861,0.128,0.034,0.144,-0.937,1.729,0.4791,1.6500,0.662,0.006,0.018,0.122,0.038,44,62,347,0,255,0,178379.20,13961.377,59838.861,92.804,8504.020,9.852,38910.524,14728.956,4484.097,23695.102,18956.082,14672.456,891.845,1931.834,0.000263,0.007928,1708,0,305,42,347,305,66300,14,42,90.415,0,0,0,0,0,0,0,0,0,0,0,0,0,0,120649,2576,1694,72828.241,59824.902,8500.973,2.389,90.415,36679.766,13816.818,711.481,451,618,62,305,251,143544,0,0,0,0.000,0.000,0.000,0.000,0.000,0.000,0.000,0.000,0,0,0,0,0,0,0,0,0,0.000,0.000,0.000,0.000,0.000,0.000,0.000,0.000,0,0,0,0,0,0,30,0,0,0.000,0.000,0.000,0.000,0.000,2.626,0.661,0.000,0,0,0,0,0,0,0,0,0,0.000,0.000,0.000,0.000,0.000,0.000,0.000,0.000,0,0,0,0,0,0,0,0,0,0.000,0.000,0.000,0.000,0.000,0.000,0.000,0.000,0,0,0,0,0,0,0,0,0,0,0,0,0,0,0,0,0,0
3001,100.0,4516,210,30,659,3856,0,1,2499,250.63,1.300,0.862,0.131,0.034,0.144,-0.937,1.736,0.4838,1.6508,0.661,0.003,0.017,0.123,0.040,51,61,320,0,234,0,175122.48,13301.515,59621.572,127.883,8431.239,9.893,37986.452,14238.958,4314.417,24439.388,19551.511,12600.790,583.084,1696.098,0.000214,0.009593,1649,0,264,56,320,264,64801,12,56,125.911,0,0,0,0,0,0,0,25,4,4,0,0,0,4,117154,2561,1637,72393.166,59584.251,8426.903,1.972,125.911,35756.294,13354.699,683.450,470,551,61,263,227,136344,0,0,0,0.000,0.000,0.000,0.000,0.000,0.000,0.000,0.000,0,0,0,0,0,0,0,0,0,0.000,0.000,0.000,0.000,0.000,0.000,0.000,0.000,0,0,0,0,0,0,28,0,0,0.000,0.000,0.000,0.000,0.000,3.059,0.926,0.000,0,1,0,1,0,109,0,0,0,0.000,0.000,0.000,0.000,0.000,0.000,0.000,0.000,0,0,0,0,0,0,0,0,0,0.000,0.000,0.000,0.000,0.000,0.000,0.000,0.000,0,0,0,0,0,0,0,1,0,0,0,0,0,0,0,0,0,0
3031,101.0,4428,244,30,664,3763,0,1,2422,241.18,1.299,0.861,0.136,0.036,0.148,-0.938,1.733,0.4844,1.6445,0.634,0.009,0.017,0.122,0.039,52,65,306,0,210,0,168747.66,12660.836,55175.607,71.836,7663.536,9.468,37431.056,13991.948,4121.005,23271.264,18617.012,11879.213,572.621,1633.016,0.000253,0.007923,1535,0,271,35,306,271,63303,3,35,69.963,0,0,0,0,0,0,0,30,8,4,0,0,0,4,114785,2376,1532,66872.412,55135.844,7662.944,1.873,69.963,35202.707,13124.452,670.057,448,541,65,271,205,125434,0,0,0,0.000,0.000,0.000,0.000,0.000,0.000,0.000,0.000,0,0,0,0,0,0,0,0,0,0.000,0.000,0.000,0.000,0.000,0.000,0.000,0.000,0,0,0,0,0,0,30,0,0,0.000,0.000,0.000,0.000,0.000,3.302,1.232,0.000,0,0,0,0,0,0,0,0,0,0.000,0.000,0.000,0.000,0.000,0.000,0.000,0.000,0,0,0,0,0,0,0,0,0,0.000,0.000,0.000,0.000,0.000,0.000,0.000,0.000,0,0,0,0,0,0,0,0,0,0,0,0,0,0,0,0,0,0
3061,102.0,4283,238,30,654,3628,0,1,2275,271.02,1.301,0.860,0.138,0.036,0.150,-0.938,1.735,0.4863,1.6487,0.654,0.008,0.017,0.122,0.039,52,49,340,1,223,0,161410.84,12154.849,54220.762,94.707,8115.885,12.148,36495.932,13556.774,3907.301,21973.750,17579.000,13369.786,354.486,1728.108,0.000326,0.008535,1655,0,291,49,340,291,61130,5,49,92.878,0,0,0,0,0,0,0,30,13,13,0,0,0,13,111087,2325,1650,66240.787,54191.426,8113.770,1.830,92.878,34227.942,12704.046,654.654,419,554,49,291,214,135216,0,0,0,0.000,0.000,0.000,0.000,0.000,0.000,0.000,0.000,0,0,0,0,0,0,0,0,0,0.000,0.000,0.000,0.000,0.000,0.000,0.000,0.000,0,0,0,0,0,0,30,0,0,0.000,0.000,0.000,0.000,0.000,3.297,1.106,0.000,0,0,0,0,0,0,0,0,0,0.000,0.000,0.000,0.000,0.000,0.000,0.000,0.000,0,0,0,0,0,0,0,0,0,0.000,0.000,0.000,0.000,0.000,0.000,0.000,0.000,0,0,0,0,0,0,0,0,0,0,0,0,0,0,0,0,0,0
3091,103.0,4031,218,30,611,3419,0,1,2101,282.59,1.304,0.861,0.144,0.037,0.150,-0.939,1.738,0.4828,1.6442,0.679,0.008,0.020,0.123,0.039,55,54,392,0,210,0,151033.98,11392.465,50529.196,134.888,6680.880,10.512,34983.703,12860.158,3655.361,19218.832,15375.066,14673.883,554.165,1862.372,0.000226,0.008814,1432,0,328,64,391,328,59523,46,63,132.789,0,0,0,0,0,0,0,30,2,2,0,0,0,2,105928,2169,1386,60819.917,50513.327,6670.634,1.918,132.789,32799.537,12033.734,640.043,372,581,54,328,199,149426,0,0,0,0.000,0.000,0.000,0.000,0.000,0.000,0.000,0.000,0,0,0,0,0,0,0,0,0,0.000,0.000,0.000,0.000,0.000,0.000,0.000,0.000,0,0,0,0,0,0,30,0,0,0.000,0.000,0.000,0.000,0.000,3.321,1.219,0.000,0,0,0,0,0,0,0,0,0,0.000,0.000,0.000,0.000,0.000,0.000,0.000,0.000,0,0,0,0,0,0,0,0,0,0.000,0.000,0.000,0.000,0.000,0.000,0.000,0.000,0,0,0,0,0,0,0,0,0,0,0,0,0,0,0,0,0,0
3121,104.0,3832,246,30,601,3230,0,1,1923,264.84,1.302,0.857,0.147,0.035,0.153,-0.939,1.740,0.4764,1.6340,0.682,0.007,0.015,0.122,0.039,54,74,287,0,229,0,144940.39,10723.439,48539.146,65.573,6417.048,11.666,33041.129,12145.301,3311.250,18536.773,14829.418,11284.221,467.570,1464.921,0.000273,0.008246,1338,0,248,39,287,248,56070,88,39,64.141,0,0,0,0,0,0,0,30,6,6,0,0,0,6,99499,2078,1250,58341.829,48509.896,6401.523,1.432,64.141,30930.168,11377.474,592.069,355,544,74,248,222,139162,0,0,0,0.000,0.000,0.000,0.000,0.000,0.000,0.000,0.000,0,0,0,0,0,0,0,0,0,0.000,0.000,0.000,0.000,0.000,0.000,0.000,0.000,0,0,0,0,0,0,30,1,0,7.500,1.781,0.000,0.000,0.000,3.320,0.879,0.000,0,0,0,0,0,0,0,0,0,0.000,0.000,0.000,0.000,0.000,0.000,0.000,0.000,0,0,0,0,0,0,0,0,0,0.000,0.000,0.000,0.000,0.000,0.000,0.000,0.000,0,0,0,0,0,0,0,0,0,0,0,0,0,0,0,0,0,0
3151,105.0,3692,206,33,597,3095,0,0,1775,262.07,1.300,0.854,0.154,0.034,0.157,-0.939,1.738,0.4732,1.6314,0.697,0.000,0.016,0.122,0.037,59,73,272,0,196,0,138915.53,10357.586,46421.792,69.901,6183.206,11.859,31756.515,11686.406,3063.323,19106.951,15285.561,10937.001,152.392,1457.105,0.000229,0.006592,1298,0,244,28,272,244,54283,72,28,68.412,0,0,0,0,0,0,0,12,8,8,0,0,0,8,95147,1981,1226,55927.441,46406.619,6177.814,1.489,68.412,29649.278,10954.686,560.117,368,503,71,244,188,115066,0,0,0,0.000,0.000,0.000,0.000,0.000,0.000,0.000,0.000,0,0,0,0,0,0,0,0,0,0.000,0.000,0.000,0.000,0.000,0.000,0.000,0.000,0,0,0,0,0,0,12,0,0,0.000,0.000,0.000,0.000,0.000,1.320,0.316,0.000,0,1,1,0,0,157,0,0,0,0.000,0.000,0.000,0.000,0.000,0.000,0.000,0.000,0,0,0,0,0,0,0,0,0,0.000,0.000,0.000,0.000,0.000,0.000,0.000,0.000,0,0,0,0,0,0,0,0,0,0,0,0,0,0,0,0,0,0
3181,106.0,3532,213,33,610,2922,0,0,1610,260.84,1.291,0.848,0.160,0.034,0.165,-0.940,1.734,0.4738,1.6227,0.695,0.003,0.015,0.121,0.034,42,78,254,0,161,0,130688.81,10055.370,40988.102,41.999,5823.068,10.267,30343.280,11027.244,2758.090,15668.387,12534.710,10315.842,356.540,1377.517,0.000322,0.006423,1193,0,233,21,254,233,51690,34,21,40.535,0,0,0,0,0,0,0,0,0,0,0,0,0,0,90136,1742,1159,49664.634,40959.423,5819.516,1.464,40.535,28218.101,10331.448,524.085,299,472,78,233,161,115761,0,0,0,0.000,0.000,0.000,0.000,0.000,0.000,0.000,0.000,0,0,0,0,0,0,0,0,0,0.000,0.000,0.000,0.000,0.000,0.000,0.000,0.000,0,0,0,0,0,0,0,0,0,0.000,0.000,0.000,0.000,0.000,0.000,0.000,0.000,0,0,0,0,0,0,0,0,0,0.000,0.000,0.000,0.000,0.000,0.000,0.000,0.000,0,0,0,0,0,0,0,0,0,0.000,0.000,0.000,0.000,0.000,0.000,0.000,0.000,0,0,0,0,0,0,0,0,0,0,0,0,0,0,0,0,0,0
3211,107.0,3348,234,33,601,2747,0,0,1487,294.40,1.285,0.847,0.169,0.035,0.170,-0.940,1.739,0.4750,1.6349,0.693,0.003,0.015,0.121,0.033,64,96,227,0,146,0,124548.49,9562.861,38662.037,81.513,5488.004,11.841,28930.509,10473.878,2542.007,13411.359,10729.087,8325.744,376.136,1116.189,0.000282,0.006788,1208,0,192,35,227,192,48956,78,35,80.716,0,0,0,0,0,0,0,0,0,0,0,0,0,0,85289,1654,1130,46922.360,38638.042,5479.131,0.797,80.716,26771.107,9806.992,497.438,254,429,96,192,141,112119,0,0,0,0.000,0.000,0.000,0.000,0.000,0.000,0.000,0.000,0,0,0,0,0,0,0,0,0,0.000,0.000,0.000,0.000,0.000,0.000,0.000,0.000,0,0,0,0,0,0,0,0,0,0.000,0.000,0.000,0.000,0.000,0.000,0.000,0.000,0,0,0,0,0,0,0,0,0,0.000,0.000,0.000,0.000,0.000,0.000,0.000,0.000,0,0,0,0,0,0,0,0,0,0.000,0.000,0.000,0.000,0.000,0.000,0.000,0.000,0,0,0,0,0,0,0,0,0,0,0,0,0,0,0,0,0,0
3241,108.0,3183,237,33,602,2581,0,0,1391,338.55,1.276,0.845,0.172,0.035,0.178,-0.941,1.745,0.4757,1.6368,0.700,0.003,0.015,0.121,0.032,63,80,229,0,140,0,116313.00,9043.259,35585.465,68.335,4978.698,11.652,27370.713,9895.718,2376.570,13204.412,10563.530,9201.235,320.874,1126.558,0.000241,0.005599,1028,0,199,30,229,199,45419,40,30,67.335,0,0,0,0,0,0,0,0,0,0,0,0,0,0,80101,1522,988,43030.891,35570.889,4974.990,1.000,67.335,25210.444,9270.848,455.078,245,411,80,199,132,112204,0,0,0,0.000,0.000,0.000,0.000,0.000,0.000,0.000,0.000,0,0,0,0,0,0,0,0,0,0.000,0.000,0.000,0.000,0.000,0.000,0.000,0.000,0,0,0,0,0,0,0,0,0,0.000,0.000,0.000,0.000,0.000,0.000,0.000,0.000,0,0,0,0,0,0,0,0,0,0.000,0.000,0.000,0.000,0.000,0.000,0.000,0.000,0,0,0,0,0,0,0,0,0,0.000,0.000,0.000,0.000,0.000,0.000,0.000,0.000,0,0,0,0,0,0,0,0,0,0,0,0,0,0,0,0,0,0
3271,109.0,3050,226,33,602,2448,0,0,1304,253.76,1.267,0.842,0.176,0.035,0.185,-0.941,1.745,0.4821,1.6272,0.699,0.003,0.016,0.121,0.032,51,73,201,0,135,0,110213.32,8739.019,33839.970,59.518,4681.721,9.797,25963.851,9419.099,2225.869,12915.984,10332.788,7364.437,220.555,961.185,0.000254,0.005259,1012,0,177,24,201,177,42944,4,24,58.735,0,0,0,0,0,0,0,0,0,0,0,0,0,0,75576,1449,1008,40894.488,33817.772,4680.683,0.783,58.735,23811.463,8816.736,429.394,243,376,72,177,127,96590,0,0,0,0.000,0.000,0.000,0.000,0.000,0.000,0.000,0.000,0,0,0,0,0,0,0,0,0,0.000,0.000,0.000,0.000,0.000,0.000,0.000,0.000,0,0,0,0,0,0,0,0,0,0.000,0.000,0.000,0.000,0.000,0.000,0.000,0.000,0,0,0,0,0,0,0,0,0,0.000,0.000,0.000,0.000,0.000,0.000,0.000,0.000,0,0,0,0,0,0,0,0,0,0.000,0.000,0.000,0.000,0.000,0.000,0.000,0.000,0,0,0,0,0,0,0,0,0,0,0,0,0,0,0,0,0,0
3301,110.0,2908,207,35,601,2307,0,0,1173,295.64,1.259,0.840,0.180,0.033,0.193,-0.942,1.753,0.4909,1.6324,0.706,0.002,0.015,0.121,0.032,46,73,145,0,140,0,104178.29,8646.665,29888.087,35.788,4814.948,9.918,24657.759,8898.858,2044.211,10147.518,8118.014,5862.731,315.871,796.633,0.000228,0.006529,968,0,125,20,145,125,40633,8,20,35.270,0,0,0,0,0,0,0,0,0,0,0,0,0,0,71322,1278,960,36821.444,29868.473,4812.260,0.519,35.270,22494.331,8321.889,402.602,190,331,73,125,133,89920,0,0,0,0.000,0.000,0.000,0.000,0.000,0.000,0.000,0.000,0,0,0,0,0,0,0,0,0,0.000,0.000,0.000,0.000,0.000,0.000,0.000,0.000,0,0,0,0,0,0,0,0,0,0.000,0.000,0.000,0.000,0.000,0.000,0.000,0.000,0,0,0,0,0,0,0,0,0,0.000,0.000,0.000,0.000,0.000,0.000,0.000,0.000,0,0,0,0,0,0,0,0,0,0.000,0.000,0.000,0.000,0.000,0.000,0.000,0.000,0,0,0,0,0,0,0,0,0,0,0,0,0,0,0,0,0,0
3331,111.0,2767,232,35,604,2163,0,0,1069,341.45,1.247,0.836,0.184,0.033,0.203,-0.942,1.759,0.4847,1.6119,0.716,0.007,0.016,0.121,0.031,53,72,127,0,143,0,97500.49,8387.770,25869.074,28.804,4183.554,12.124,23432.189,8191.673,1839.638,9203.411,7362.729,4862.483,99.250,697.531,0.000190,0.005995,893,0,109,18,127,109,38116,0,18,28.312,0,0,0,0,0,0,0,0,0,0,0,0,0,0,67130,1108,893,31929.792,25848.616,4183.554,0.492,28.312,21264.751,7649.221,365.812,169,313,72,109,132,92791,0,0,0,0.000,0.000,0.000,0.000,0.000,0.000,0.000,0.000,0,0,0,0,0,0,0,0,0,0.000,0.000,0.000,0.000,0.000,0.000,0.000,0.000,0,0,0,0,0,0,0,0,0,0.000,0.000,0.000,0.000,0.000,0.000,0.000,0.000,0,0,0,0,0,0,0,0,0,0.000,0.000,0.000,0.000,0.000,0.000,0.000,0.000,0,0,0,0,0,0,0,0,0,0.000,0.000,0.000,0.000,0.000,0.000,0.000,0.000,0,0,0,0,0,0,0,0,0,0,0,0,0,0,0,0,0,0
3361,112.0,2645,243,35,609,2036,0,0,978,286.95,1.234,0.832,0.189,0.032,0.212,-0.943,1.766,0.4844,1.6092,0.708,0.005,0.018,0.121,0.029,53,91,138,0,95,0,90467.72,8130.598,23566.662,55.107,3942.098,13.355,22203.908,7685.619,1667.825,9226.267,7381.014,4532.920,197.145,652.472,0.000234,0.008861,798,0,113,25,138,113,36378,4,25,54.614,0,0,0,0,0,0,0,0,0,0,0,0,0,0,63061,1008,794,29133.532,23537.169,3940.879,0.493,54.614,20006.931,7171.355,336.249,168,295,91,113,91,80081,0,0,0,0.000,0.000,0.000,0.000,0.000,0.000,0.000,0.000,0,0,0,0,0,0,0,0,0,0.000,0.000,0.000,0.000,0.000,0.000,0.000,0.000,0,0,0,0,0,0,0,0,0,0.000,0.000,0.000,0.000,0.000,0.000,0.000,0.000,0,0,0,0,0,0,0,0,0,0.000,0.000,0.000,0.000,0.000,0.000,0.000,0.000,0,0,0,0,0,0,0,0,0,0.000,0.000,0.000,0.000,0.000,0.000,0.000,0.000,0,0,0,0,0,0,0,0,0,0,0,0,0,0,0,0,0,0
3391,113.0,2522,242,35,618,1904,0,0,898,305.02,1.219,0.827,0.194,0.031,0.224,-0.943,1.774,0.4991,1.6312,0.708,0.011,0.016,0.120,0.027,61,90,104,0,100,0,85097.91,7795.902,22730.940,31.285,4203.312,10.272,21030.508,7247.974,1526.232,7806.087,6244.870,3726.797,245.503,589.710,0.000141,0.008417,798,0,88,16,104,88,34111,8,16,30.930,0,0,0,0,0,0,0,0,0,0,0,0,0,0,59283,969,790,28514.963,22710.421,4201.392,0.355,30.930,18811.133,6769.561,299.785,140,272,90,88,94,80080,0,0,0,0.000,0.000,0.000,0.000,0.000,0.000,0.000,0.000,0,0,0,0,0,0,0,0,0,0.000,0.000,0.000,0.000,0.000,0.000,0.000,0.000,0,0,0,0,0,0,0,0,0,0.000,0.000,0.000,0.000,0.000,0.000,0.000,0.000,0,0,0,0,0,0,0,0,0,0.000,0.000,0.000,0.000,0.000,0.000,0.000,0.000,0,0,0,0,0,0,0,0,0,0.000,0.000,0.000,0.000,0.000,0.000,0.000,0.000,0,0,0,0,0,0,0,0,0,0,0,0,0,0,0,0,0,0
3421,114.0,2399,236,35,614,1785,0,0,832,334.42,1.207,0.824,0.199,0.031,0.233,-0.943,1.776,0.4957,1.6072,0.695,0.005,0.015,0.121,0.025,62,110,91,0,98,0,80163.42,7447.212,20509.938,46.653,3562.478,10.608,19673.016,6699.801,1387.656,8014.705,6411.764,2971.319,147.484,456.077,0.000274,0.011094,680,0,69,22,91,69,32214,3,22,46.423,0,0,0,0,0,0,0,0,0,0,0,0,0,0,54890,874,677,25485.355,20490.605,3561.624,0.230,46.423,17439.025,6246.526,272.838,145,264,108,69,87,80931,0,0,0,0.000,0.000,0.000,0.000,0.000,0.000,0.000,0.000,0,0,0,0,0,0,0,0,0,0.000,0.000,0.000,0.000,0.000,0.000,0.000,0.000,0,0,0,0,0,0,0,0,0,0.000,0.000,0.000,0.000,0.000,0.000,0.000,0.000,0,0,0,0,0,0,0,0,0,0.000,0.000,0.000,0.000,0.000,0.000,0.000,0.000,0,0,0,0,0,0,0,0,0,0.000,0.000,0.000,0.000,0.000,0.000,0.000,0.000,0,0,0,0,0,0,0,0,0,0,0,0,0,0,0,0,0,0
3451,115.0,2263,250,34,605,1658,0,0,733,312.60,1.197,0.821,0.203,0.032,0.242,-0.943,1.779,0.4997,1.6396,0.703,0.005,0.013,0.121,0.024,57,96,86,0,88,0,74823.90,7116.203,18508.303,50.143,3512.761,11.137,18660.988,6371.856,1259.182,6193.865,4955.092,2887.463,151.281,444.630,0.000264,0.012680,664,0,61,25,86,61,29682,4,25,50.002,0,0,0,0,0,0,0,0,0,0,0,0,0,0,51686,795,660,23344.726,18486.315,3511.352,0.142,50.002,16446.198,5937.451,253.871,113,240,94,61,85,73043,0,0,0,0.000,0.000,0.000,0.000,0.000,0.000,0.000,0.000,0,0,0,0,0,0,0,0,0,0.000,0.000,0.000,0.000,0.000,0.000,0.000,0.000,0,0,0,0,0,0,0,0,0,0.000,0.000,0.000,0.000,0.000,0.000,0.000,0.000,0,0,0,0,0,0,0,0,0,0.000,0.000,0.000,0.000,0.000,0.000,0.000,0.000,0,0,0,0,0,0,0,0,0,0.000,0.000,0.000,0.000,0.000,0.000,0.000,0.000,0,0,0,0,0,0,0,0,0,0,0,0,0,0,0,0,0,0
3481,116.0,2162,266,34,604,1558,0,0,678,335.80,1.186,0.817,0.209,0.031,0.252,-0.943,1.774,0.4994,1.6105,0.707,0.007,0.015,0.121,0.023,60,94,92,0,63,0,69203.27,6899.658,17322.757,67.660,2968.942,14.862,17669.539,5930.245,1129.767,6645.711,5316.569,3206.452,173.334,472.219,0.000190,0.012214,683,0,64,28,92,64,27641,42,28,67.286,0,0,0,0,0,0,0,0,0,0,0,0,0,0,48470,738,641,21469.782,17302.911,2963.520,0.373,67.286,15471.136,5517.126,232.695,117,217,94,64,59,69687,0,0,0,0.000,0.000,0.000,0.000,0.000,0.000,0.000,0.000,0,0,0,0,0,0,0,0,0,0.000,0.000,0.000,0.000,0.000,0.000,0.000,0.000,0,0,0,0,0,0,0,0,0,0.000,0.000,0.000,0.000,0.000,0.000,0.000,0.000,0,0,0,0,0,0,0,0,0,0.000,0.000,0.000,0.000,0.000,0.000,0.000,0.000,0,0,0,0,0,0,0,0,0,0.000,0.000,0.000,0.000,0.000,0.000,0.000,0.000,0,0,0,0,0,0,0,0,0,0,0,0,0,0,0,0,0,0
3511,117.0,2006,218,34,604,1402,0,0,585,336.29,1.163,0.808,0.220,0.031,0.270,-0.943,1.772,0.5000,1.6180,0.702,0.002,0.015,0.120,0.021,58,117,80,0,82,0,66229.62,6662.721,17421.430,43.659,2814.447,16.579,16444.945,5462.354,1000.087,5565.980,4452.784,2658.641,20.861,401.374,0.000122,0.012758,615,0,59,21,80,59,25521,72,21,43.409,0,0,0,0,0,0,0,0,0,0,0,0,0,0,44443,744,543,21382.582,17397.852,2805.078,0.251,43.409,14217.571,5082.395,200.321,98,254,117,59,78,83979,0,0,0,0.000,0.000,0.000,0.000,0.000,0.000,0.000,0.000,0,0,0,0,0,0,0,0,0,0.000,0.000,0.000,0.000,0.000,0.000,0.000,0.000,0,0,0,0,0,0,0,0,0,0.000,0.000,0.000,0.000,0.000,0.000,0.000,0.000,0,0,0,0,0,0,0,0,0,0.000,0.000,0.000,0.000,0.000,0.000,0.000,0.000,0,0,0,0,0,0,0,0,0,0.000,0.000,0.000,0.000,0.000,0.000,0.000,0.000,0,0,0,0,0,0,0,0,0,0,0,0,0,0,0,0,0,0
3541,118.0,1897,292,34,622,1275,0,0,505,316.24,1.137,0.799,0.228,0.031,0.291,-0.944,1.778,0.5012,1.6097,0.713,0.002,0.020,0.119,0.017,58,85,88,0,58,0,61964.59,6641.950,14423.176,47.402,2825.149,14.017,15118.562,4972.593,852.475,5152.148,4121.718,2802.958,180.324,420.226,0.000153,0.013908,624,0,67,21,88,67,22711,53,21,47.180,0,0,0,0,0,0,0,0,0,0,0,0,0,0,40073,615,571,18178.571,14403.316,2822.016,0.222,47.180,12861.620,4619.407,172.151,80,207,85,67,55,62568,0,0,0,0.000,0.000,0.000,0.000,0.000,0.000,0.000,0.000,0,0,0,0,0,0,0,0,0,0.000,0.000,0.000,0.000,0.000,0.000,0.000,0.000,0,0,0,0,0,0,0,0,0,0.000,0.000,0.000,0.000,0.000,0.000,0.000,0.000,0,0,0,0,0,0,0,0,0,0.000,0.000,0.000,0.000,0.000,0.000,0.000,0.000,0,0,0,0,0,0,0,0,0,0.000,0.000,0.000,0.000,0.000,0.000,0.000,0.000,0,0,0,0,0,0,0,0,0,0,0,0,0,0,0,0,0,0
3571,119.0,1804,303,34,637,1167,0,0,435,310.17,1.113,0.788,0.237,0.032,0.311,-0.944,1.786,0.5031,1.6077,0.709,0.003,0.022,0.119,0.014,64,93,88,0,45,0,59399.25,6783.541,14897.699,27.760,2330.412,12.844,14055.008,4484.246,738.377,5885.943,4708.755,3121.390,240.161,457.969,0.000176,0.016031,486,0,73,15,88,73,21147,15,15,27.397,0,0,0,0,0,0,0,0,0,0,0,0,0,0,36491,638,471,18177.495,14874.695,2329.496,0.363,27.397,11739.281,4145.734,151.032,98,206,93,73,40,63032,0,0,0,0.000,0.000,0.000,0.000,0.000,0.000,0.000,0.000,0,0,0,0,0,0,0,0,0,0.000,0.000,0.000,0.000,0.000,0.000,0.000,0.000,0,0,0,0,0,0,0,0,0,0.000,0.000,0.000,0.000,0.000,0.000,0.000,0.000,0,0,0,0,0,0,0,0,0,0.000,0.000,0.000,0.000,0.000,0.000,0.000,0.000,0,0,0,0,0,0,0,0,0,0.000,0.000,0.000,0.000,0.000,0.000,0.000,0.000,0,0,0,0,0,0,0,0,0,0,0,0,0,0,0,0,0,0
3601,120.0,1732,325,31,666,1066,0,0,379,325.33,1.082,0.778,0.248,0.030,0.337,-0.946,1.793,0.5022,1.6133,0.698,0.006,0.016,0.119,0.009,73,81,73,0,38,0,56953.35,6879.197,13086.991,25.728,2236.022,15.194,13299.659,4173.796,635.766,5098.716,4078.973,2735.669,142.209,430.975,0.000196,0.017193,472,0,63,10,73,63,20163,50,10,25.345,0,0,0,0,0,0,0,0,0,0,0,0,0,0,33780,559,422,16204.394,13069.307,2229.669,0.384,25.345,10917.596,3844.737,136.920,79,180,81,63,36,56727,0,0,0,0.000,0.000,0.000,0.000,0.000,0.000,0.000,0.000,0,0,0,0,0,0,0,0,0,0.000,0.000,0.000,0.000,0.000,0.000,0.000,0.000,0,0,0,0,0,0,0,0,0,0.000,0.000,0.000,0.000,0.000,0.000,0.000,0.000,0,0,0,0,0,0,0,0,0,0.000,0.000,0.000,0.000,0.000,0.000,0.000,0.000,0,0,0,0,0,0,0,0,0,0.000,0.000,0.000,0.000,0.000,0.000,0.000,0.000,0,0,0,0,0,0,0,0,0,0,0,0,0,0,0,0,0,0
3631,121.0,1728,322,31,686,1042,0,0,329,385.33,1.069,0.775,0.246,0.030,0.347,-0.946,1.799,0.5097,1.6237,0.696,0.009,0.018,0.119,0.007,70,59,53,0,34,0,58317.25,7122.232,14777.219,43.157,2379.527,17.877,12688.321,3921.956,542.834,6223.588,4978.870,1738.911,149.977,291.994,0.000146,0.017402,486,0,35,18,53,35,18745,71,18,43.014,0,0,0,0,0,0,0,0,0,0,0,0,0,0,31544,625,415,18049.473,14749.359,2376.024,0.144,43.014,10221.507,3589.052,131.787,102,126,58,35,33,47061,0,0,0,0.000,0.000,0.000,0.000,0.000,0.000,0.000,0.000,0,0,0,0,0,0,0,0,0,0.000,0.000,0.000,0.000,0.000,0.000,0.000,0.000,0,0,0,0,0,0,0,0,0,0.000,0.000,0.000,0.000,0.000,0.000,0.000,0.000,0,0,0,0,0,0,0,0,0,0.000,0.000,0.000,0.000,0.000,0.000,0.000,0.000,0,0,0,0,0,0,0,0,0,0.000,0.000,0.000,0.000,0.000,0.000,0.000,0.000,0,0,0,0,0,0,0,0,0,0,0,0,0,0,0,0,0,0
3661,122.0,1766,338,31,719,1047,0,0,301,361.25,1.057,0.774,0.250,0.031,0.356,-0.947,1.799,0.5084,1.6300,0.683,0.007,0.018,0.119,0.005,75,63,36,0,28,0,59859.77,7415.333,14402.324,33.710,2791.106,17.277,12681.554,3919.885,491.400,7135.413,5708.331,1396.840,120.285,271.804,0.000151,0.018265,543,0,25,11,36,25,18897,73,11,33.610,0,0,0,0,0,0,0,0,0,0,0,0,0,0,31327,612,470,18133.949,14390.149,2787.196,0.100,33.610,10126.366,3584.149,127.584,117,112,62,25,25,38400,0,0,0,0.000,0.000,0.000,0.000,0.000,0.000,0.000,0.000,0,0,0,0,0,0,0,0,0,0.000,0.000,0.000,0.000,0.000,0.000,0.000,0.000,0,0,0,0,0,0,0,0,0,0.000,0.000,0.000,0.000,0.000,0.000,0.000,0.000,0,0,0,0,0,0,0,0,0,0.000,0.000,0.000,0.000,0.000,0.000,0.000,0.000,0,0,0,0,0,0,0,0,0,0.000,0.000,0.000,0.000,0.000,0.000,0.000,0.000,0,0,0,0,0,0,0,0,0,0,0,0,0,0,0,0,0,0
3691,123.0,1801,332,31,762,1039,0,0,270,365.12,1.040,0.773,0.251,0.031,0.370,-0.947,1.803,0.5154,1.6543,0.697,0.008,0.019,0.119,0.002,66,56,41,0,26,0,62532.39,7972.457,15417.792,17.524,2755.063,16.620,12778.041,4020.128,453.949,6610.409,5288.328,1462.354,365.830,332.767,0.000184,0.020296,546,0,33,8,41,33,19259,84,8,17.391,0,0,0,0,0,0,0,0,0,0,0,0,0,0,31211,654,462,19142.872,15396.356,2745.170,0.133,17.391,10085.899,3666.024,132.957,104,112,56,33,23,36431,0,0,0,0.000,0.000,0.000,0.000,0.000,0.000,0.000,0.000,0,0,0,0,0,0,0,0,0,0.000,0.000,0.000,0.000,0.000,0.000,0.000,0.000,0,0,0,0,0,0,0,0,0,0.000,0.000,0.000,0.000,0.000,0.000,0.000,0.000,0,0,0,0,0,0,0,0,0,0.000,0.000,0.000,0.000,0.000,0.000,0.000,0.000,0,0,0,0,0,0,0,0,0,0.000,0.000,0.000,0.000,0.000,0.000,0.000,0.000,0,0,0,0,0,0,0,0,0,0,0,0,0,0,0,0,0,0
3721,124.0,1891,335,31,805,1086,0,0,264,338.86,1.037,0.777,0.251,0.032,0.374,-0.947,1.807,0.5214,1.6795,0.687,0.009,0.021,0.120,0.001,63,40,49,0,18,0,66426.27,8823.641,16930.489,38.485,3273.506,16.557,13109.682,4109.284,408.229,8540.517,6832.414,1897.541,288.957,376.931,0.000193,0.021252,650,0,35,14,49,35,18885,91,14,38.356,0,0,0,0,0,0,0,0,0,0,0,0,0,0,31749,723,559,21283.026,16909.423,3267.116,0.129,38.356,10280.127,3743.816,130.471,137,90,40,35,15,28510,0,0,0,0.000,0.000,0.000,0.000,0.000,0.000,0.000,0.000,0,0,0,0,0,0,0,0,0,0.000,0.000,0.000,0.000,0.000,0.000,0.000,0.000,0,0,0,0,0,0,0,0,0,0.000,0.000,0.000,0.000,0.000,0.000,0.000,0.000,0,0,0,0,0,0,0,0,0,0.000,0.000,0.000,0.000,0.000,0.000,0.000,0.000,0,0,0,0,0,0,0,0,0,0.000,0.000,0.000,0.000,0.000,0.000,0.000,0.000,0,0,0,0,0,0,0,0,0,0,0,0,0,0,0,0,0,0
3751,125.0,1983,370,32,852,1131,0,0,287,341.17,1.033,0.777,0.251,0.031,0.378,-0.948,1.808,0.5125,1.6887,0.695,0.004,0.021,0.119,0.000,85,51,35,0,6,0,70360.78,9472.070,16344.776,36.549,3258.533,16.828,13723.806,4351.557,415.681,7785.115,6228.092,1169.207,410.880,290.741,0.000191,0.021532,623,0,20,15,35,20,19777,68,15,36.495,0,0,0,0,0,0,0,0,0,0,0,0,0,0,33230,692,555,20613.944,16321.356,3254.437,0.054,36.495,10754.103,3969.039,136.359,122,77,51,20,6,22673,0,0,0,0.000,0.000,0.000,0.000,0.000,0.000,0.000,0.000,0,0,0,0,0,0,0,0,0,0.000,0.000,0.000,0.000,0.000,0.000,0.000,0.000,0,0,0,0,0,0,0,0,0,0.000,0.000,0.000,0.000,0.000,0.000,0.000,0.000,0,0,0,0,0,0,0,0,0,0.000,0.000,0.000,0.000,0.000,0.000,0.000,0.000,0,0,0,0,0,0,0,0,0,0.000,0.000,0.000,0.000,0.000,0.000,0.000,0.000,0,0,0,0,0,0,0,0,0,0,0,0,0,0,0,0,0,0
3781,126.0,2121,343,32,926,1195,0,0,305,307.46,1.027,0.778,0.253,0.031,0.384,-0.948,1.805,0.5267,1.7002,0.692,0.009,0.023,0.120,-0.000,61,57,43,0,20,0,75859.33,10466.796,19238.814,49.100,3374.359,14.470,14547.589,4645.317,447.876,10759.333,8607.466,1822.754,338.239,302.516,0.000187,0.020479,553,0,26,17,43,26,20809,26,17,49.014,0,0,0,0,0,0,0,0,0,0,0,0,0,0,35063,814,527,23770.858,19210.571,3372.494,0.086,49.014,11376.793,4223.512,154.843,162,98,57,26,15,29676,0,0,0,0.000,0.000,0.000,0.000,0.000,0.000,0.000,0.000,0,0,0,0,0,0,0,0,0,0.000,0.000,0.000,0.000,0.000,0.000,0.000,0.000,0,0,0,0,0,0,0,0,0,0.000,0.000,0.000,0.000,0.000,0.000,0.000,0.000,0,0,0,0,0,0,0,0,0,0.000,0.000,0.000,0.000,0.000,0.000,0.000,0.000,0,0,0,0,0,0,0,0,0,0.000,0.000,0.000,0.000,0.000,0.000,0.000,0.000,0,0,0,0,0,0,0,0,0,0,0,0,0,0,0,0,0,0
3811,127.0,2267,378,32,991,1276,0,0,322,317.89,1.026,0.781,0.254,0.030,0.385,-0.949,1.809,0.5288,1.7085,0.670,0.008,0.021,0.120,-0.000,77,42,51,0,22,0,81894.37,11617.836,20203.774,55.523,4616.177,13.275,15428.403,4942.454,469.001,11082.904,8866.323,1941.067,454.203,390.388,0.000143,0.019460,757,0,31,20,51,31,20969,17,20,55.370,0,0,0,0,0,0,0,0,0,0,0,0,0,0,36972,852,740,26051.124,20181.703,4611.663,0.153,55.370,12005.222,4476.602,177.711,173,92,42,31,19,27897,0,0,0,0.000,0.000,0.000,0.000,0.000,0.000,0.000,0.000,0,0,0,0,0,0,0,0,0,0.000,0.000,0.000,0.000,0.000,0.000,0.000,0.000,0,0,0,0,0,0,0,0,0,0.000,0.000,0.000,0.000,0.000,0.000,0.000,0.000,0,0,0,0,0,0,0,0,0,0.000,0.000,0.000,0.000,0.000,0.000,0.000,0.000,0,0,0,0,0,0,0,0,0,0.000,0.000,0.000,0.000,0.000,0.000,0.000,0.000,0,0,0,0,0,0,0,0,0,0,0,0,0,0,0,0,0,0
3841,128.0,2464,373,32,1071,1392,0,1,346,343.11,1.028,0.785,0.249,0.031,0.384,-0.950,1.808,0.5280,1.7011,0.656,0.007,0.021,0.121,-0.001,77,41,79,0,18,0,88141.45,12863.443,22655.982,51.325,5351.636,12.319,16619.554,5327.988,497.532,14436.188,11548.950,3114.485,336.690,540.176,0.000146,0.018870,874,0,59,20,79,59,22354,25,20,51.226,0,0,0,0,0,0,0,0,0,0,0,0,0,0,39986,959,849,29335.852,22609.487,5348.111,0.098,51.226,12978.813,4816.213,206.904,232,116,41,59,16,34401,0,0,0,0.000,0.000,0.000,0.000,0.000,0.000,0.000,0.000,0,0,0,0,0,0,0,0,0,0.000,0.000,0.000,0.000,0.000,0.000,0.000,0.000,0,0,0,0,0,0,0,0,0,0.000,0.000,0.000,0.000,0.000,0.000,0.000,0.000,0,0,0,0,0,0,0,0,0,0.000,0.000,0.000,0.000,0.000,0.000,0.000,0.000,0,0,0,0,0,0,0,0,0,0.000,0.000,0.000,0.000,0.000,0.000,0.000,0.000,0,0,0,0,0,0,0,1,0,0,0,0,0,0,0,0,0,0
3871,129.0,2634,407,32,1142,1491,0,1,371,312.39,1.030,0.790,0.246,0.034,0.383,-0.950,1.812,0.5421,1.7175,0.655,0.005,0.019,0.121,-0.001,81,44,89,0,17,0,95706.03,14241.658,24736.820,68.791,6315.619,12.936,17885.255,5783.236,513.246,13728.177,10982.542,3576.341,320.054,658.927,0.000223,0.019520,1039,0,64,25,89,64,23373,28,25,68.544,0,0,0,0,0,0,0,0,0,0,0,0,0,0,43086,1048,1011,32682.006,24686.797,6307.376,0.247,68.544,13996.042,5223.739,222.864,218,119,44,64,11,36738,6,0,0,0.000,0.000,0.000,0.000,0.000,2.170,1.144,0.134,0,0,0,0,0,0,0,0,0,0.000,0.000,0.000,0.000,0.000,0.000,0.000,0.000,0,0,0,0,0,0,30,0,0,0.000,0.000,0.000,0.000,0.000,2.431,1.133,0.000,0,0,0,0,0,0,0,0,0,0.000,0.000,0.000,0.000,0.000,0.000,0.000,0.000,0,0,0,0,0,0,0,0,0,0.000,0.000,0.000,0.000,0.000,0.000,0.000,0.000,0,0,0,0,0,0,0,0,0,0,0,0,0,0,0,0,0,0
3901,130.0,2884,383,32,1239,1644,0,1,406,286.17,1.034,0.794,0.244,0.034,0.381,-0.950,1.816,0.5340,1.7000,0.628,0.006,0.019,0.121,-0.001,67,44,102,0,15,0,106564.02,15822.112,28980.733,94.130,6560.733,13.410,19379.449,6417.288,556.464,17516.814,14013.452,3258.538,306.318,617.569,0.000152,0.019912,1072,0,64,38,102,64,24977,18,38,93.959,0,0,0,0,0,0,0,0,0,0,0,0,0,0,46843,1229,1052,37301.621,28926.075,6542.513,0.170,93.959,15215.778,5800.102,248.642,273,120,43,64,13,27130,30,0,2,11.307,0.000,7.839,0.000,0.000,10.816,5.521,0.581,0,0,0,0,0,0,0,0,0,0.000,0.000,0.000,0.000,0.000,0.000,0.000,0.000,0,0,0,0,0,0,30,0,0,0.000,0.000,0.000,0.000,0.000,2.435,1.211,0.000,0,0,0,0,0,0,0,0,0,0.000,0.000,0.000,0.000,0.000,0.000,0.000,0.000,0,0,0,0,0,0,0,0,0,0.000,0.000,0.000,0.000,0.000,0.000,0.000,0.000,0,0,0,0,0,0,0,0,0,0,0,0,0,0,0,0,0,0
3931,131.0,3117,383,32,1324,1792,0,1,448,261.04,1.039,0.800,0.241,0.035,0.378,-0.950,1.823,0.5483,1.7398,0.623,0.008,0.018,0.121,-0.001,81,54,125,0,20,0,115569.68,17779.605,29756.175,127.772,8558.058,12.983,21231.724,7140.471,626.079,18410.586,14728.469,4694.247,474.519,808.732,0.000280,0.020780,1465,0,75,50,124,75,26334,38,49,127.400,0,0,0,0,0,0,0,0,0,0,0,0,0,0,51641,1264,1427,40146.799,29654.501,8544.846,0.163,127.400,16768.306,6468.827,271.671,290,142,54,75,13,35581,30,3,0,75.000,51.996,0.000,0.000,0.000,10.801,5.339,0.626,0,0,0,0,0,0,0,0,0,0.000,0.000,0.000,0.000,0.000,0.000,0.000,0.000,0,0,0,0,0,0,30,0,0,0.000,0.000,0.000,0.000,0.000,2.450,1.065,0.000,0,0,0,0,0,0,0,0,0,0.000,0.000,0.000,0.000,0.000,0.000,0.000,0.000,0,0,0,0,0,0,0,0,0,0.000,0.000,0.000,0.000,0.000,0.000,0.000,0.000,0,0,0,0,0,0,0,0,0,0,0,0,0,0,0,0,0,0
3961,132.0,3406,356,32,1414,1991,0,1,496,265.07,1.050,0.806,0.238,0.035,0.371,-0.950,1.827,0.5497,1.7346,0.606,0.005,0.016,0.121,-0.000,65,43,129,0,21,0,126471.78,19384.576,33375.781,106.330,9661.671,11.299,23045.045,7774.621,696.041,20907.082,16725.666,4808.582,531.464,927.420,0.000242,0.021300,1687,0,82,47,129,82,28086,20,47,105.984,0,0,0,0,0,0,0,0,0,0,0,0,0,0,56365,1415,1667,45216.255,33318.249,9656.255,0.347,105.984,18271.542,7038.805,310.884,339,140,43,82,15,35584,30,0,0,0.000,0.000,0.000,0.000,0.000,10.829,3.846,0.536,0,0,0,0,0,0,0,0,0,0.000,0.000,0.000,0.000,0.000,0.000,0.000,0.000,0,0,0,0,0,0,30,0,0,0.000,0.000,0.000,0.000,0.000,2.445,0.890,0.000,0,0,0,0,0,0,0,0,0,0.000,0.000,0.000,0.000,0.000,0.000,0.000,0.000,0,0,0,0,0,0,0,0,0,0.000,0.000,0.000,0.000,0.000,0.000,0.000,0.000,0,0,0,0,0,0,0,0,0,0,0,0,0,0,0,0,0,0
3991,133.0,3731,323,32,1517,2213,0,1,573,277.77,1.059,0.811,0.235,0.036,0.365,-0.950,1.830,0.5529,1.7447,0.585,0.006,0.013,0.121,0.001,59,63,128,0,17,0,137502.17,21557.267,35234.721,138.247,11079.255,12.901,25553.962,8767.084,790.058,22957.618,18366.095,4672.645,533.729,990.848,0.000226,0.022289,1930,0,72,56,128,72,29925,20,56,138.022,0,0,0,0,0,0,0,0,0,0,0,0,0,0,63182,1498,1909,48733.155,35168.832,11068.570,0.226,138.022,20478.062,7933.868,380.301,369,147,63,72,12,33474,30,0,1,4.274,0.000,2.963,0.000,0.000,10.811,3.153,0.559,0,0,0,0,0,0,0,0,0,0.000,0.000,0.000,0.000,0.000,0.000,0.000,0.000,0,0,0,0,0,0,30,0,0,0.000,0.000,0.000,0.000,0.000,2.444,0.906,0.000,0,0,0,0,0,0,0,0,0,0.000,0.000,0.000,0.000,0.000,0.000,0.000,0.000,0,0,0,0,0,0,0,0,0,0.000,0.000,0.000,0.000,0.000,0.000,0.000,0.000,0,0,0,0,0,0,0,0,0,0,0,0,0,0,0,0,0,0
4021,134.0,4001,326,32,1580,2420,0,1,692,224.02,1.072,0.818,0.232,0.036,0.355,-0.950,1.830,0.5499,1.7408,0.581,0.008,0.014,0.121,0.003,74,59,216,0,24,0,146733.56,23160.196,38763.696,199.972,12245.368,12.432,27716.421,9543.572,925.783,25045.036,20036.030,7814.832,599.044,1283.812,0.000324,0.023970,2243,0,138,78,216,138,32023,50,78,199.668,0,0,0,0,0,0,0,0,0,0,0,0,0,0,69065,1642,2191,53516.796,38688.968,12224.319,0.304,199.668,22390.994,8633.721,430.316,418,211,58,138,15,43222,30,0,2,21.418,0.000,14.848,0.000,0.000,10.825,6.255,0.402,0,0,0,0,0,0,0,0,0,0.000,0.000,0.000,0.000,0.000,0.000,0.000,0.000,0,0,0,0,0,0,30,0,0,0.000,0.000,0.000,0.000,0.000,2.441,0.903,0.000,0,0,0,0,0,0,0,0,0,0.000,0.000,0.000,0.000,0.000,0.000,0.000,0.000,0,0,0,0,0,0,0,0,0,0.000,0.000,0.000,0.000,0.000,0.000,0.000,0.000,0,0,0,0,0,0,0,0,0,0,0,0,0,0,0,0,0,0
4051,135.0,4245,302,38,1636,2609,0,0,836,226.83,1.085,0.825,0.229,0.037,0.348,-0.950,1.831,0.5470,1.7497,0.572,0.006,0.016,0.122,0.004,58,60,246,0,31,0,156366.53,25376.717,41521.032,160.202,15703.027,12.644,30003.433,10342.843,1137.628,25942.313,20753.851,8525.695,608.198,1618.730,0.000179,0.024171,2853,0,166,80,246,166,32057,12,80,159.756,0,0,0,0,0,0,0,0,0,0,0,0,0,0,75201,1753,2838,60112.039,41452.339,15684.443,0.446,159.756,24472.751,9377.982,463.105,440,251,58,166,27,46083,30,0,3,18.887,0.000,13.094,0.000,0.000,10.883,6.140,0.335,0,0,0,0,0,0,0,0,0,0.000,0.000,0.000,0.000,0.000,0.000,0.000,0.000,0,0,0,0,0,0,5,0,0,0.000,0.000,0.000,0.000,0.000,0.406,0.145,0.000,0,1,1,0,0,185,0,0,0,0.000,0.000,0.000,0.000,0.000,0.000,0.000,0.000,0,0,0,0,0,0,0,0,0,0.000,0.000,0.000,0.000,0.000,0.000,0.000,0.000,0,0,0,0,0,0,0,0,0,0,0,0,0,0,0,0,0,0
4081,136.0,4528,254,38,1681,2847,0,0,1019,241.74,1.101,0.835,0.228,0.036,0.337,-0.950,1.827,0.5540,1.7424,0.561,0.005,0.015,0.122,0.006,61,60,285,0,31,0,167133.34,26959.519,46567.820,233.038,16228.224,11.270,32366.888,11440.574,1396.481,29425.441,23540.353,9728.137,525.752,1650.633,0.000227,0.024754,3042,0,175,110,285,175,34026,7,110,232.558,0,0,0,0,0,0,0,0,0,0,0,0,0,0,81662,1974,3031,65947.846,46494.188,16198.478,0.480,232.558,26684.089,10388.819,533.947,501,263,59,175,29,54420,30,1,4,64.776,17.332,27.575,0.000,0.000,10.868,4.255,0.670,0,0,0,0,0,0,0,0,0,0.000,0.000,0.000,0.000,0.000,0.000,0.000,0.000,0,0,0,0,0,0,0,0,0,0.000,0.000,0.000,0.000,0.000,0.000,0.000,0.000,0,0,0,0,0,0,0,0,0,0.000,0.000,0.000,0.000,0.000,0.000,0.000,0.000,0,0,0,0,0,0,0,0,0,0.000,0.000,0.000,0.000,0.000,0.000,0.000,0.000,0,0,0,0,0,0,0,0,0,0,0,0,0,0,0,0,0,0
4111,137.0,4766,255,38,1698,3068,0,0,1224,217.37,1.115,0.845,0.226,0.035,0.326,-0.951,1.830,0.5535,1.7650,0.558,0.005,0.014,0.121,0.009,72,59,289,0,49,0,176022.08,28404.675,47578.923,269.717,17556.362,13.721,34738.687,12474.338,1726.125,28636.914,22909.531,10442.213,519.302,1736.545,0.000236,0.026010,3348,0,179,110,289,179,36363,24,110,269.289,0,0,0,0,0,0,0,0,0,0,0,0,0,0,88399,2017,3324,68353.714,47528.561,17548.656,0.428,269.289,28932.766,11371.876,575.679,499,278,59,179,40,50967,30,0,0,0.000,0.000,0.000,0.000,0.000,10.813,4.289,0.559,0,0,0,0,0,0,0,0,0,0.000,0.000,0.000,0.000,0.000,0.000,0.000,0.000,0,0,0,0,0,0,0,0,0,0.000,0.000,0.000,0.000,0.000,0.000,0.000,0.000,0,0,0,0,0,0,0,0,0,0.000,0.000,0.000,0.000,0.000,0.000,0.000,0.000,0,0,0,0,0,0,0,0,0,0.000,0.000,0.000,0.000,0.000,0.000,0.000,0.000,0,0,0,0,0,0,0,0,0,0,0,0,0,0,0,0,0,0
4141,138.0,4951,220,38,1667,3284,0,0,1491,247.93,1.135,0.852,0.224,0.034,0.310,-0.951,1.823,0.5559,1.7535,0.568,0.005,0.014,0.121,0.011,67,65,342,0,51,0,184927.33,29872.668,51139.430,351.102,19272.316,10.198,36929.682,13368.193,2135.814,29278.595,23422.876,11744.070,539.822,1884.650,0.000238,0.024895,3804,0,196,146,342,196,37901,19,146,350.657,0,0,0,0,0,0,0,0,0,0,0,0,0,0,95175,2158,3785,73750.619,51048.126,19265.181,0.445,350.657,31091.217,12225.808,615.949,519,302,65,195,42,57937,15,2,0,50.000,34.664,0.000,0.000,0.000,5.409,2.062,0.313,0,1,0,1,0,261,0,0,0,0.000,0.000,0.000,0.000,0.000,0.000,0.000,0.000,0,0,0,0,0,0,0,0,0,0.000,0.000,0.000,0.000,0.000,0.000,0.000,0.000,0,0,0,0,0,0,0,0,0,0.000,0.000,0.000,0.000,0.000,0.000,0.000,0.000,0,0,0,0,0,0,0,0,0,0.000,0.000,0.000,0.000,0.000,0.000,0.000,0.000,0,0,0,0,0,0,0,0,0,0,0,0,0,0,0,0,0,0
4171,139.0,5132,220,38,1674,3458,0,0,1795,213.76,1.147,0.858,0.224,0.035,0.302,-0.951,1.827,0.5557,1.7581,0.559,0.002,0.014,0.121,0.013,86,59,384,0,71,0,191458.27,30522.329,54465.839,290.622,18104.715,10.741,38827.095,14072.467,2619.345,31264.031,25011.225,14254.598,587.766,2133.772,0.000319,0.027708,3865,0,248,136,384,248,39709,37,136,290.056,0,0,0,0,0,0,0,0,0,0,0,0,0,0,100956,2309,3828,76172.654,54417.123,18093.944,0.566,290.056,33026.865,12901.886,653.539,539,365,59,248,58,70102,0,0,0,0.000,0.000,0.000,0.000,0.000,0.000,0.000,0.000,0,0,0,0,0,0,0,0,0,0.000,0.000,0.000,0.000,0.000,0.000,0.000,0.000,0,0,0,0,0,0,0,0,0,0.000,0.000,0.000,0.000,0.000,0.000,0.000,0.000,0,0,0,0,0,0,0,0,0,0.000,0.000,0.000,0.000,0.000,0.000,0.000,0.000,0,0,0,0,0,0,0,0,0,0.000,0.000,0.000,0.000,0.000,0.000,0.000,0.000,0,0,0,0,0,0,0,0,0,0,0,0,0,0,0,0,0,0
4201,140.0,5281,209,40,1701,3580,0,0,2045,201.46,1.152,0.861,0.225,0.036,0.300,-0.950,1.835,0.5541,1.7548,0.555,0.003,0.016,0.121,0.013,75,57,394,0,101,0,197009.53,31287.354,56134.691,224.092,19722.318,11.758,40279.989,14394.165,3072.715,31751.226,25400.982,14813.448,888.884,2295.419,0.000252,0.027388,4178,0,280,114,394,280,41202,82,113,223.035,0,0,0,0,0,0,0,0,0,0,0,0,0,0,105173,2383,4096,79765.388,56078.399,19707.423,0.929,223.035,34449.654,13209.521,671.432,550,428,57,280,91,79023,0,0,0,0.000,0.000,0.000,0.000,0.000,0.000,0.000,0.000,0,0,0,0,0,0,0,0,0,0.000,0.000,0.000,0.000,0.000,0.000,0.000,0.000,0,0,0,0,0,0,0,0,0,0.000,0.000,0.000,0.000,0.000,0.000,0.000,0.000,0,0,0,0,0,0,0,0,0,0.000,0.000,0.000,0.000,0.000,0.000,0.000,0.000,0,0,0,0,0,0,0,0,0,0.000,0.000,0.000,0.000,0.000,0.000,0.000,0.000,0,0,0,0,0,0,0,0,0,0,0,0,0,0,0,0,0,0
4231,141.0,5442,202,40,1736,3706,0,0,2368,227.77,1.158,0.863,0.226,0.037,0.298,-0.951,1.839,0.5616,1.7496,0.554,0.003,0.014,0.122,0.013,56,47,385,0,121,0,202587.81,32659.604,58234.731,193.829,20159.260,10.713,42012.567,14968.742,3575.044,32373.489,25898.792,15427.906,609.710,2441.218,0.000239,0.026980,4614,0,285,100,384,285,41930,234,99,193.138,0,0,0,0,0,0,0,0,0,0,0,0,0,0,109438,2465,4380,82114.394,58166.355,20122.236,0.640,193.138,36049.920,13739.915,706.163,558,432,47,285,100,85994,0,0,0,0.000,0.000,0.000,0.000,0.000,0.000,0.000,0.000,0,0,0,0,0,0,0,0,0,0.000,0.000,0.000,0.000,0.000,0.000,0.000,0.000,0,0,0,0,0,0,0,0,0,0.000,0.000,0.000,0.000,0.000,0.000,0.000,0.000,0,0,0,0,0,0,0,0,0,0.000,0.000,0.000,0.000,0.000,0.000,0.000,0.000,0,0,0,0,0,0,0,0,0,0.000,0.000,0.000,0.000,0.000,0.000,0.000,0.000,0,0,0,0,0,0,0,0,0,0,0,0,0,0,0,0,0,0
4261,142.0,5634,206,40,1762,3872,0,0,2717,252.59,1.167,0.868,0.224,0.039,0.293,-0.952,1.839,0.5634,1.7484,0.559,0.003,0.013,0.122,0.014,51,42,393,1,142,0,212020.62,34857.715,63157.880,246.743,21598.423,9.741,43617.208,15543.454,4204.978,35029.739,28023.792,15483.869,553.622,2420.452,0.000235,0.027514,4747,0,274,119,390,274,41659,112,116,245.647,0,0,0,0,0,0,0,0,0,0,0,0,0,0,113556,2678,4635,88790.436,63087.819,21585.980,0.633,245.647,37539.840,14280.037,731.749,604,438,41,274,123,86260,0,0,0,0.000,0.000,0.000,0.000,0.000,0.000,0.000,0.000,0,0,0,0,0,0,0,0,0,0.000,0.000,0.000,0.000,0.000,0.000,0.000,0.000,0,0,0,0,0,0,0,0,0,0.000,0.000,0.000,0.000,0.000,0.000,0.000,0.000,0,0,0,0,0,0,0,0,0,0.000,0.000,0.000,0.000,0.000,0.000,0.000,0.000,0,0,0,0,0,0,0,0,0,0.000,0.000,0.000,0.000,0.000,0.000,0.000,0.000,0,0,0,0,0,0,0,0,0,0,0,0,0,0,0,0,0,0
4291,143.0,5759,202,40,1755,4004,0,0,3038,223.74,1.178,0.875,0.222,0.040,0.286,-0.951,1.844,0.5688,1.7504,0.552,0.004,0.012,0.122,0.015,40,39,471,0,151,0,216610.91,35845.524,64151.503,270.461,21578.964,9.176,45333.823,16170.053,4817.533,36384.316,29107.453,18753.887,619.120,2705.936,0.000362,0.030680,4656,0,345,126,470,345,43498,96,125,269.388,0,0,0,0,0,0,0,0,0,0,0,0,0,0,118185,2718,4560,89904.262,64073.494,21564.579,0.822,269.388,39227.290,14864.164,764.765,638,506,39,345,122,100357,0,0,0,0.000,0.000,0.000,0.000,0.000,0.000,0.000,0.000,0,0,0,0,0,0,0,0,0,0.000,0.000,0.000,0.000,0.000,0.000,0.000,0.000,0,0,0,0,0,0,0,0,0,0.000,0.000,0.000,0.000,0.000,0.000,0.000,0.000,0,0,0,0,0,0,0,0,0,0.000,0.000,0.000,0.000,0.000,0.000,0.000,0.000,0,0,0,0,0,0,0,0,0,0.000,0.000,0.000,0.000,0.000,0.000,0.000,0.000,0,0,0,0,0,0,0,0,0,0,0,0,0,0,0,0,0,0
4321,144.0,5840,240,40,1744,4096,0,0,3252,221.64,1.187,0.881,0.224,0.040,0.282,-0.952,1.847,0.5741,1.7553,0.540,0.005,0.013,0.122,0.015,56,30,486,0,157,0,219729.36,35769.568,64281.497,327.706,21915.807,9.977,46662.555,16818.186,5245.479,34571.169,27656.936,18372.569,586.120,2661.178,0.000345,0.034036,4703,0,329,157,482,329,44615,101,153,325.456,0,0,0,0,0,0,0,0,0,0,0,0,0,0,121797,2720,4602,90363.086,64211.930,21898.499,1.117,325.456,40616.789,15478.154,802.232,596,504,30,329,145,100942,0,0,0,0.000,0.000,0.000,0.000,0.000,0.000,0.000,0.000,0,0,0,0,0,0,0,0,0,0.000,0.000,0.000,0.000,0.000,0.000,0.000,0.000,0,0,0,0,0,0,0,0,0,0.000,0.000,0.000,0.000,0.000,0.000,0.000,0.000,0,0,0,0,0,0,0,0,0,0.000,0.000,0.000,0.000,0.000,0.000,0.000,0.000,0,0,0,0,0,0,0,0,0,0.000,0.000,0.000,0.000,0.000,0.000,0.000,0.000,0,0,0,0,0,0,0,0,0,0,0,0,0,0,0,0,0,0
4351,145.0,5998,171,44,1761,4237,0,0,3504,229.05,1.195,0.882,0.224,0.040,0.278,-0.952,1.850,0.5655,1.7437,0.533,0.003,0.014,0.122,0.015,54,40,448,0,189,0,225792.23,36422.697,68622.169,244.407,24009.018,10.997,47973.028,17329.960,5623.630,38219.203,30575.363,17360.843,603.170,2691.924,0.000375,0.036916,5091,0,321,127,448,321,46213,79,127,243.238,0,0,0,0,0,0,0,0,0,0,0,0,0,0,125330,2914,5012,97282.646,68547.180,24001.124,1.169,243.238,41906.269,15977.241,816.131,663,522,40,321,161,111857,0,0,0,0.000,0.000,0.000,0.000,0.000,0.000,0.000,0.000,0,0,0,0,0,0,0,0,0,0.000,0.000,0.000,0.000,0.000,0.000,0.000,0.000,0,0,0,0,0,0,0,0,0,0.000,0.000,0.000,0.000,0.000,0.000,0.000,0.000,0,0,0,0,0,0,0,0,0,0.000,0.000,0.000,0.000,0.000,0.000,0.000,0.000,0,0,0,0,0,0,0,0,0,0.000,0.000,0.000,0.000,0.000,0.000,0.000,0.000,0,0,0,0,0,0,0,0,0,0,0,0,0,0,0,0,0,0
4381,146.0,6000,191,44,1750,4250,0,0,3704,253.01,1.199,0.881,0.223,0.039,0.277,-0.952,1.852,0.5686,1.7373,0.554,0.011,0.025,0.122,0.015,45,44,427,0,188,0,233608.59,37920.771,69601.113,193.644,24045.159,10.684,48779.804,17592.781,6049.483,30874.971,24699.977,17560.363,1026.896,2714.852,0.000479,0.036393,5239,0,328,99,424,328,45451,101,96,191.548,0,0,0,0,0,0,0,0,0,0,0,0,0,0,127185,2945,5138,98194.655,69540.665,24031.827,1.265,191.548,42649.299,16205.038,844.104,549,536,44,328,164,112073,0,0,0,0.000,0.000,0.000,0.000,0.000,0.000,0.000,0.000,0,0,0,0,0,0,0,0,0,0.000,0.000,0.000,0.000,0.000,0.000,0.000,0.000,0,0,0,0,0,0,0,0,0,0.000,0.000,0.000,0.000,0.000,0.000,0.000,0.000,0,0,0,0,0,0,0,0,0,0.000,0.000,0.000,0.000,0.000,0.000,0.000,0.000,0,0,0,0,0,0,0,0,0,0.000,0.000,0.000,0.000,0.000,0.000,0.000,0.000,0,0,0,0,0,0,0,0,0,0,0,0,0,0,0,0,0,0
4411,147.0,6000,170,44,1705,4295,0,0,3835,229.12,1.209,0.885,0.223,0.039,0.271,-0.952,1.857,0.5624,1.7564,0.558,0.020,0.030,0.122,0.017,54,26,465,0,199,0,240242.16,38428.861,71608.276,285.942,25143.338,11.437,49118.570,17772.604,6370.747,32423.819,25939.056,19429.776,1581.058,2932.000,0.000358,0.036565,5242,0,327,138,463,327,45515,127,136,284.162,0,0,0,0,0,0,0,0,0,0,0,0,0,0,128046,3037,5115,101527.823,71549.829,25112.641,1.337,284.162,43065.218,16390.690,851.452,575,530,26,327,177,106722,0,0,0,0.000,0.000,0.000,0.000,0.000,0.000,0.000,0.000,0,0,0,0,0,0,0,0,0,0.000,0.000,0.000,0.000,0.000,0.000,0.000,0.000,0,0,0,0,0,0,0,0,0,0.000,0.000,0.000,0.000,0.000,0.000,0.000,0.000,0,0,0,0,0,0,0,0,0,0.000,0.000,0.000,0.000,0.000,0.000,0.000,0.000,0,0,0,0,0,0,0,0,0,0.000,0.000,0.000,0.000,0.000,0.000,0.000,0.000,0,0,0,0,0,0,0,0,0,0,0,0,0,0,0,0,0,0
4441,148.0,5993,192,44,1655,4338,0,0,3914,281.31,1.220,0.888,0.222,0.039,0.265,-0.953,1.860,0.5632,1.7416,0.562,0.027,0.056,0.123,0.018,60,16,403,0,242,0,246967.59,37728.981,72164.243,227.017,25259.133,11.338,49543.237,17806.300,6553.765,30913.317,24730.654,18245.531,2319.285,2744.025,0.000307,0.036979,5297,0,285,118,402,285,45146,149,117,225.783,0,0,0,0,0,0,0,0,0,0,0,0,0,0,129360,3051,5148,102092.150,72105.523,25233.907,1.091,225.783,43610.760,16442.243,850.274,553,510,16,285,209,104974,0,0,0,0.000,0.000,0.000,0.000,0.000,0.000,0.000,0.000,0,0,0,0,0,0,0,0,0,0.000,0.000,0.000,0.000,0.000,0.000,0.000,0.000,0,0,0,0,0,0,0,0,0,0.000,0.000,0.000,0.000,0.000,0.000,0.000,0.000,0,0,0,0,0,0,0,0,0,0.000,0.000,0.000,0.000,0.000,0.000,0.000,0.000,0,0,0,0,0,0,0,0,0,0.000,0.000,0.000,0.000,0.000,0.000,0.000,0.000,0,0,0,0,0,0,0,0,0,0,0,0,0,0,0,0,0,0
4471,149.0,6000,185,44,1615,4384,0,1,3927,234.08,1.230,0.891,0.221,0.038,0.260,-0.952,1.860,0.5634,1.7480,0.574,0.027,0.069,0.123,0.020,69,35,390,0,200,0,254493.94,37142.405,73647.147,240.654,24020.328,11.634,50047.060,18076.856,6606.229,29641.307,23713.046,16742.382,3502.355,2600.710,0.000275,0.038378,5045,0,277,113,389,277,45612,137,112,239.585,0,0,0,0,0,0,0,0,0,0,0,0,0,0,130966,3120,4908,102413.427,73580.421,24008.122,0.881,239.585,44283.032,16729.054,852.483,530,484,34,277,173,98432,0,0,0,0.000,0.000,0.000,0.000,0.000,0.000,0.000,0.000,0,0,0,0,0,0,0,0,0,0.000,0.000,0.000,0.000,0.000,0.000,0.000,0.000,0,0,0,0,0,0,8,0,0,0.000,0.000,0.000,0.000,0.000,0.609,0.329,0.000,0,0,0,0,0,0,0,0,0,0.000,0.000,0.000,0.000,0.000,0.000,0.000,0.000,0,0,0,0,0,0,0,0,0,0.000,0.000,0.000,0.000,0.000,0.000,0.000,0.000,0,0,0,0,0,0,0,1,0,0,0,0,0,0,0,0,0,0
4501,150.0,5998,168,49,1545,4452,0,1,3893,280.60,1.245,0.895,0.220,0.040,0.251,-0.952,1.863,0.5677,1.7376,0.562,0.027,0.064,0.123,0.022,50,18,464,0,228,0,255171.44,36049.077,72766.992,338.320,23576.683,10.196,50568.692,18022.804,6619.030,33402.045,26721.636,19809.967,3906.961,2869.034,0.000364,0.040047,4851,0,307,157,462,307,47574,179,155,337.234,0,0,0,0,0,0,0,0,0,0,0,0,0,0,132522,3087,4672,101060.085,72705.202,23545.616,0.955,337.234,44957.307,16664.898,881.630,595,527,18,307,202,110546,0,0,0,0.000,0.000,0.000,0.000,0.000,0.000,0.000,0.000,0,0,0,0,0,0,0,0,0,0.000,0.000,0.000,0.000,0.000,0.000,0.000,0.000,0,0,0,0,0,0,30,0,0,0.000,0.000,0.000,0.000,0.000,2.284,0.795,0.000,0,0,0,0,0,0,0,0,0,0.000,0.000,0.000,0.000,0.000,0.000,0.000,0.000,0,0,0,0,0,0,0,0,0,0.000,0.000,0.000,0.000,0.000,0.000,0.000,0.000,0,0,0,0,0,0,0,0,0,0,0,0,0,0,0,0,0,0
4531,151.0,6000,181,49,1480,4519,0,1,3825,257.08,1.261,0.898,0.222,0.041,0.242,-0.952,1.867,0.5554,1.7160,0.573,0.016,0.050,0.124,0.024,53,25,576,0,195,0,250560.23,34592.217,73639.957,331.156,23276.507,9.685,51503.798,18252.852,6494.916,38040.574,30432.460,23358.592,2802.115,3154.145,0.000506,0.044024,4864,0,416,160,574,416,48161,149,158,329.303,0,0,0,0,0,0,0,0,0,0,0,0,0,0,134600,3104,4715,101487.667,73574.957,23261.907,1.651,329.303,46090.584,16906.106,889.587,685,618,25,416,177,134010,0,0,0,0.000,0.000,0.000,0.000,0.000,0.000,0.000,0.000,0,0,0,0,0,0,0,0,0,0.000,0.000,0.000,0.000,0.000,0.000,0.000,0.000,0,0,0,0,0,0,30,0,0,0.000,0.000,0.000,0.000,0.000,2.284,0.836,0.000,0,0,0,0,0,0,0,0,0,0.000,0.000,0.000,0.000,0.000,0.000,0.000,0.000,0,0,0,0,0,0,0,0,0,0.000,0.000,0.000,0.000,0.000,0.000,0.000,0.000,0,0,0,0,0,0,0,0,0,0,0,0,0,0,0,0,0,0
4561,152.0,5990,192,49,1425,4564,0,1,3781,208.47,1.274,0.902,0.223,0.041,0.235,-0.952,1.868,0.5571,1.7080,0.573,0.015,0.028,0.124,0.025,67,25,531,0,203,0,244184.70,32831.739,71848.484,309.915,22208.566,8.439,52153.696,18396.370,6412.581,35718.618,28574.895,21897.531,2392.888,2968.885,0.000425,0.044878,4632,0,388,143,530,388,48929,183,142,307.848,0,0,0,0,0,0,0,0,0,0,0,0,0,0,136387,3036,4449,98540.574,71778.739,22188.743,1.886,307.848,46922.124,17072.387,888.584,641,596,23,388,185,123740,0,0,0,0.000,0.000,0.000,0.000,0.000,0.000,0.000,0.000,0,0,0,0,0,0,0,0,0,0.000,0.000,0.000,0.000,0.000,0.000,0.000,0.000,0,0,0,0,0,0,30,0,0,0.000,0.000,0.000,0.000,0.000,2.285,0.834,0.000,0,0,0,0,0,0,0,0,0,0.000,0.000,0.000,0.000,0.000,0.000,0.000,0.000,0,0,0,0,0,0,0,0,0,0.000,0.000,0.000,0.000,0.000,0.000,0.000,0.000,0,0,0,0,0,0,0,0,0,0,0,0,0,0,0,0,0,0
4591,153.0,5994,181,49,1386,4607,0,1,3773,236.53,1.285,0.905,0.223,0.041,0.229,-0.952,1.865,0.5591,1.7036,0.565,0.012,0.016,0.125,0.026,58,30,576,0,214,0,235862.12,31300.205,74166.373,243.231,22306.591,11.493,52740.322,18646.884,6401.188,39615.250,31692.201,23870.502,1189.578,3260.867,0.000313,0.049039,5019,0,454,122,571,454,48837,155,117,240.717,0,0,0,0,0,0,0,0,0,0,0,0,0,0,137907,3132,4864,101189.424,74135.115,22290.909,1.918,240.717,47655.834,17318.621,900.861,716,673,30,454,189,136874,0,0,0,0.000,0.000,0.000,0.000,0.000,0.000,0.000,0.000,0,0,0,0,0,0,0,0,0,0.000,0.000,0.000,0.000,0.000,0.000,0.000,0.000,0,0,0,0,0,0,30,0,0,0.000,0.000,0.000,0.000,0.000,2.285,0.774,0.000,0,0,0,0,0,0,0,0,0,0.000,0.000,0.000,0.000,0.000,0.000,0.000,0.000,0,0,0,0,0,0,0,0,0,0.000,0.000,0.000,0.000,0.000,0.000,0.000,0.000,0,0,0,0,0,0,0,0,0,0,0,0,0,0,0,0,0,0
4621,154.0,5985,131,49,1370,4615,0,0,3705,231.34,1.293,0.907,0.225,0.041,0.227,-0.952,1.857,0.5711,1.6996,0.560,0.004,0.008,0.125,0.026,73,28,542,0,239,0,228946.31,30636.767,72520.106,257.992,19851.432,10.319,53136.255,18883.434,6225.154,37997.468,30397.975,21034.268,577.430,2874.650,0.000252,0.050308,4966,0,411,131,539,411,47642,188,128,255.878,0,0,0,0,0,0,0,0,0,0,0,0,0,0,138280,3067,4778,96877.765,72464.849,19831.746,1.710,255.878,48100.869,17560.935,890.614,667,659,28,410,221,136892,0,0,0,0.000,0.000,0.000,0.000,0.000,0.000,0.000,0.000,0,0,0,0,0,0,0,0,0,0.000,0.000,0.000,0.000,0.000,0.000,0.000,0.000,0,0,0,0,0,0,29,0,0,0.000,0.000,0.000,0.000,0.000,2.210,0.815,0.000,0,1,0,1,0,157,0,0,0,0.000,0.000,0.000,0.000,0.000,0.000,0.000,0.000,0,0,0,0,0,0,0,0,0,0.000,0.000,0.000,0.000,0.000,0.000,0.000,0.000,0,0,0,0,0,0,0,0,0,0,0,0,0,0,0,0,0,0
4651,155.0,5861,163,52,1330,4531,0,0,3719,264.23,1.298,0.908,0.228,0.041,0.225,-0.952,1.854,0.5699,1.6867,0.591,0.002,0.009,0.125,0.025,77,40,512,0,253,0,221981.89,30303.165,69458.939,242.334,19216.885,12.744,52941.591,18779.848,6181.238,32564.797,26051.838,19481.489,431.144,2640.596,0.000252,0.050898,4584,0,383,129,511,383,47247,131,128,240.808,0,0,0,0,0,0,0,0,0,0,0,0,0,0,137157,2932,4453,92989.782,69416.190,19207.724,1.490,240.808,47960.557,17501.546,851.948,575,659,40,383,236,136754,0,0,0,0.000,0.000,0.000,0.000,0.000,0.000,0.000,0.000,0,0,0,0,0,0,0,0,0,0.000,0.000,0.000,0.000,0.000,0.000,0.000,0.000,0,0,0,0,0,0,0,0,0,0.000,0.000,0.000,0.000,0.000,0.000,0.000,0.000,0,0,0,0,0,0,0,0,0,0.000,0.000,0.000,0.000,0.000,0.000,0.000,0.000,0,0,0,0,0,0,0,0,0,0.000,0.000,0.000,0.000,0.000,0.000,0.000,0.000,0,0,0,0,0,0,0,0,0,0,0,0,0,0,0,0,0,0
4681,156.0,5673,150,52,1299,4374,0,0,3611,249.58,1.297,0.907,0.232,0.043,0.227,-0.952,1.851,0.5693,1.6941,0.583,0.002,0.011,0.124,0.026,54,34,521,0,280,0,214472.25,29410.607,68599.757,228.244,18999.572,12.521,51709.681,18205.431,6086.242,30754.713,24603.771,20140.125,658.075,2797.740,0.000376,0.051323,4498,0,404,117,519,404,45412,136,115,226.557,0,0,0,0,0,0,0,0,0,0,0,0,0,0,133534,2894,4362,91810.175,68549.036,18987.468,1.257,226.557,46861.374,16990.207,807.383,541,698,33,404,261,150922,0,0,0,0.000,0.000,0.000,0.000,0.000,0.000,0.000,0.000,0,0,0,0,0,0,0,0,0,0.000,0.000,0.000,0.000,0.000,0.000,0.000,0.000,0,0,0,0,0,0,0,0,0,0.000,0.000,0.000,0.000,0.000,0.000,0.000,0.000,0,0,0,0,0,0,0,0,0,0.000,0.000,0.000,0.000,0.000,0.000,0.000,0.000,0,0,0,0,0,0,0,0,0,0.000,0.000,0.000,0.000,0.000,0.000,0.000,0.000,0,0,0,0,0,0,0,0,0,0,0,0,0,0,0,0,0,0
4711,157.0,5536,161,52,1292,4244,0,0,3518,214.62,1.294,0.904,0.235,0.045,0.231,-0.952,1.854,0.5763,1.6816,0.580,0.004,0.012,0.125,0.025,55,46,495,0,257,0,207066.80,28597.096,66066.030,239.344,17178.047,10.612,50352.193,17583.851,5889.965,31084.555,24867.645,18934.832,850.829,2479.344,0.000283,0.050062,4052,0,380,115,494,380,44703,93,114,237.938,0,0,0,0,0,0,0,0,0,0,0,0,0,0,129409,2782,3959,87208.884,66014.609,17167.824,1.258,237.938,45585.133,16422.418,763.912,534,664,45,380,239,142149,0,0,0,0.000,0.000,0.000,0.000,0.000,0.000,0.000,0.000,0,0,0,0,0,0,0,0,0,0.000,0.000,0.000,0.000,0.000,0.000,0.000,0.000,0,0,0,0,0,0,0,0,0,0.000,0.000,0.000,0.000,0.000,0.000,0.000,0.000,0,0,0,0,0,0,0,0,0,0.000,0.000,0.000,0.000,0.000,0.000,0.000,0.000,0,0,0,0,0,0,0,0,0,0.000,0.000,0.000,0.000,0.000,0.000,0.000,0.000,0,0,0,0,0,0,0,0,0,0,0,0,0,0,0,0,0,0
4741,158.0,5371,177,52,1255,4115,0,1,3398,250.72,1.295,0.905,0.239,0.046,0.232,-0.953,1.851,0.5764,1.6864,0.587,0.002,0.013,0.125,0.025,59,37,474,0,285,0,202622.44,27687.279,65450.774,243.714,17249.486,12.367,48833.828,16915.111,5657.985,29852.881,23882.305,17454.036,663.906,2330.680,0.000280,0.049215,3988,0,346,128,473,346,42262,95,127,242.685,0,0,0,0,0,0,0,0,0,0,0,0,0,0,124941,2766,3893,86666.429,65417.342,17240.129,1.006,242.685,44122.650,15811.027,705.177,521,650,37,346,267,144756,0,0,0,0.000,0.000,0.000,0.000,0.000,0.000,0.000,0.000,0,0,0,0,0,0,0,0,0,0.000,0.000,0.000,0.000,0.000,0.000,0.000,0.000,0,0,0,0,0,0,17,0,0,0.000,0.000,0.000,0.000,0.000,1.429,1.000,0.000,0,0,0,0,0,0,0,0,0,0.000,0.000,0.000,0.000,0.000,0.000,0.000,0.000,0,0,0,0,0,0,0,0,0,0.000,0.000,0.000,0.000,0.000,0.000,0.000,0.000,0,0,0,0,0,0,0,1,0,0,0,0,0,0,0,0,0,0
4771,159.0,5173,138,52,1216,3956,0,1,3240,252.40,1.296,0.905,0.243,0.045,0.234,-0.953,1.863,0.5747,1.6859,0.590,0.002,0.014,0.125,0.025,65,41,474,0,264,0,195440.44,27077.370,62156.251,265.017,16700.536,12.672,47627.381,16474.996,5445.854,27679.849,22143.879,18506.393,705.690,2384.356,0.000312,0.047604,3863,0,356,118,474,356,40981,106,117,263.650,0,0,0,0,0,0,0,0,0,0,0,0,0,0,121309,2618,3757,82597.570,62110.535,16692.279,0.946,263.650,42959.785,15424.218,660.458,485,644,41,356,247,141038,0,0,0,0.000,0.000,0.000,0.000,0.000,0.000,0.000,0.000,0,0,0,0,0,0,0,0,0,0.000,0.000,0.000,0.000,0.000,0.000,0.000,0.000,0,0,0,0,0,0,30,0,0,0.000,0.000,0.000,0.000,0.000,2.521,1.794,0.000,0,0,0,0,0,0,0,0,0,0.000,0.000,0.000,0.000,0.000,0.000,0.000,0.000,0,0,0,0,0,0,0,0,0,0.000,0.000,0.000,0.000,0.000,0.000,0.000,0.000,0,0,0,0,0,0,0,0,0,0,0,0,0,0,0,0,0,0
4801,160.0,5044,158,54,1247,3797,0,0,3048,271.42,1.284,0.902,0.249,0.044,0.244,-0.954,1.866,0.5730,1.6834,0.581,0.002,0.016,0.124,0.024,66,54,394,0,241,0,191065.00,25629.140,59936.352,150.582,15163.635,11.782,46003.814,15754.730,5100.445,26195.643,20956.514,15097.423,754.328,2141.649,0.000290,0.049412,3456,0,320,74,393,320,39137,111,73,149.397,0,0,0,0,0,0,0,0,0,0,0,0,0,0,116329,2530,3345,78696.420,59880.441,15154.241,0.962,149.397,41368.569,14751.842,619.386,446,605,54,319,232,144906,0,0,0,0.000,0.000,0.000,0.000,0.000,0.000,0.000,0.000,0,0,0,0,0,0,0,0,0,0.000,0.000,0.000,0.000,0.000,0.000,0.000,0.000,0,0,0,0,0,0,3,0,0,0.000,0.000,0.000,0.000,0.000,0.252,0.165,0.000,0,1,0,1,0,50,0,0,0,0.000,0.000,0.000,0.000,0.000,0.000,0.000,0.000,0,0,0,0,0,0,0,0,0,0.000,0.000,0.000,0.000,0.000,0.000,0.000,0.000,0,0,0,0,0,0,0,0,0,0,0,0,0,0,0,0,0,0
4831,161.0,4938,163,54,1260,3678,0,0,2840,245.64,1.278,0.900,0.258,0.044,0.251,-0.954,1.867,0.5753,1.6889,0.589,0.002,0.014,0.125,0.023,55,42,393,0,232,0,186027.66,25397.312,57801.942,174.489,14790.814,11.557,44886.171,15058.962,4734.982,26394.924,21115.939,15442.456,963.671,2045.853,0.000301,0.050935,3333,0,304,89,393,304,37757,119,88,173.316,0,0,0,0,0,0,0,0,0,0,0,0,0,0,112018,2427,3214,75874.734,57754.770,14778.068,0.933,173.316,40144.395,14086.264,579.935,450,569,42,304,223,131282,0,0,0,0.000,0.000,0.000,0.000,0.000,0.000,0.000,0.000,0,0,0,0,0,0,0,0,0,0.000,0.000,0.000,0.000,0.000,0.000,0.000,0.000,0,0,0,0,0,0,0,0,0,0.000,0.000,0.000,0.000,0.000,0.000,0.000,0.000,0,0,0,0,0,0,0,0,0,0.000,0.000,0.000,0.000,0.000,0.000,0.000,0.000,0,0,0,0,0,0,0,0,0,0.000,0.000,0.000,0.000,0.000,0.000,0.000,0.000,0,0,0,0,0,0,0,0,0,0,0,0,0,0,0,0,0,0
4861,162.0,4704,177,54,1227,3477,0,0,2646,243.04,1.274,0.900,0.264,0.047,0.256,-0.954,1.867,0.5794,1.6821,0.588,0.005,0.014,0.125,0.022,71,61,460,0,231,0,178422.33,24759.273,54723.251,231.316,15161.258,11.565,43608.367,14602.379,4409.802,24407.836,19526.269,17129.002,486.166,2201.899,0.000357,0.052584,3419,0,343,117,458,343,35371,96,115,229.580,0,0,0,0,0,0,0,0,0,0,0,0,0,0,107918,2310,3323,73191.577,54695.167,15150.581,1.356,229.580,38891.693,13632.181,579.126,421,622,61,343,218,144969,0,0,0,0.000,0.000,0.000,0.000,0.000,0.000,0.000,0.000,0,0,0,0,0,0,0,0,0,0.000,0.000,0.000,0.000,0.000,0.000,0.000,0.000,0,0,0,0,0,0,0,0,0,0.000,0.000,0.000,0.000,0.000,0.000,0.000,0.000,0,0,0,0,0,0,0,0,0,0.000,0.000,0.000,0.000,0.000,0.000,0.000,0.000,0,0,0,0,0,0,0,0,0,0.000,0.000,0.000,0.000,0.000,0.000,0.000,0.000,0,0,0,0,0,0,0,0,0,0,0,0,0,0,0,0,0,0
4891,163.0,4517,156,54,1195,3322,0,0,2451,264.35,1.273,0.899,0.273,0.048,0.259,-0.954,1.861,0.5749,1.6789,0.587,0.002,0.016,0.125,0.022,75,41,467,0,187,0,170414.45,23255.174,53490.586,261.546,14473.785,14.923,41587.355,13912.727,4086.789,23936.710,19149.368,17737.974,581.663,2321.324,0.000358,0.055755,3339,0,344,123,467,344,33755,151,120,259.178,0,0,0,0,0,0,0,0,0,0,0,0,0,0,101826,2248,3188,71004.360,53436.637,14452.449,1.086,259.178,36951.634,12971.519,554.090,406,561,41,344,176,122859,0,0,0,0.000,0.000,0.000,0.000,0.000,0.000,0.000,0.000,0,0,0,0,0,0,0,0,0,0.000,0.000,0.000,0.000,0.000,0.000,0.000,0.000,0,0,0,0,0,0,0,0,0,0.000,0.000,0.000,0.000,0.000,0.000,0.000,0.000,0,0,0,0,0,0,0,0,0,0.000,0.000,0.000,0.000,0.000,0.000,0.000,0.000,0,0,0,0,0,0,0,0,0,0.000,0.000,0.000,0.000,0.000,0.000,0.000,0.000,0,0,0,0,0,0,0,0,0,0,0,0,0,0,0,0,0,0
4921,164.0,4281,179,54,1139,3142,0,0,2314,230.53,1.274,0.898,0.282,0.048,0.260,-0.954,1.858,0.5654,1.6802,0.617,0.000,0.015,0.125,0.022,80,45,455,0,187,0,160604.48,21874.296,48603.955,275.155,12315.208,12.517,39976.197,13156.906,3835.712,21250.971,17000.777,16561.977,724.452,2057.943,0.000353,0.056948,2817,0,321,134,455,321,31969,72,134,274.200,0,0,0,0,0,0,0,0,0,0,0,0,0,0,97054,2050,2745,63658.875,48557.500,12306.298,0.955,274.200,35439.039,12262.548,526.082,361,541,45,321,175,122470,0,0,0,0.000,0.000,0.000,0.000,0.000,0.000,0.000,0.000,0,0,0,0,0,0,0,0,0,0.000,0.000,0.000,0.000,0.000,0.000,0.000,0.000,0,0,0,0,0,0,0,0,0,0.000,0.000,0.000,0.000,0.000,0.000,0.000,0.000,0,0,0,0,0,0,0,0,0,0.000,0.000,0.000,0.000,0.000,0.000,0.000,0.000,0,0,0,0,0,0,0,0,0,0.000,0.000,0.000,0.000,0.000,0.000,0.000,0.000,0,0,0,0,0,0,0,0,0,0,0,0,0,0,0,0,0,0
4951,165.0,4081,176,53,1085,2996,0,0,2165,259.93,1.274,0.901,0.286,0.049,0.259,-0.954,1.861,0.5555,1.6884,0.599,0.001,0.013,0.125,0.023,52,45,421,0,180,0,149393.42,19580.233,46182.671,282.673,11783.319,13.206,38201.161,12553.290,3604.784,21409.801,17127.841,16031.611,640.071,1943.771,0.000405,0.059472,2715,0,309,112,421,309,30574,42,112,281.721,0,0,0,0,0,0,0,0,0,0,0,0,0,0,92446,1955,2673,60644.339,46156.900,11776.003,0.952,281.721,33867.973,11720.172,501.454,372,518,45,309,164,121631,0,0,0,0.000,0.000,0.000,0.000,0.000,0.000,0.000,0.000,0,0,0,0,0,0,0,0,0,0.000,0.000,0.000,0.000,0.000,0.000,0.000,0.000,0,0,0,0,0,0,0,0,0,0.000,0.000,0.000,0.000,0.000,0.000,0.000,0.000,0,0,0,0,0,0,0,0,0,0.000,0.000,0.000,0.000,0.000,0.000,0.000,0.000,0,0,0,0,0,0,0,0,0,0.000,0.000,0.000,0.000,0.000,0.000,0.000,0.000,0,0,0,0,0,0,0,0,0,0,0,0,0,0,0,0,0,0
4981,166.0,3875,212,53,1046,2829,0,0,2017,319.59,1.272,0.902,0.291,0.047,0.263,-0.954,1.871,0.5556,1.6833,0.606,0.002,0.011,0.125,0.023,66,49,345,0,192,0,140407.56,18126.118,43296.789,194.796,10416.679,11.585,36439.255,12057.348,3387.989,18280.190,14624.152,13091.939,341.391,1629.595,0.000289,0.062230,2381,0,258,87,345,258,29073,12,87,194.009,0,0,0,0,0,0,0,0,0,0,0,0,0,0,87730,1834,2369,56270.372,43263.097,10415.898,0.787,194.009,32175.817,11278.010,460.665,318,485,48,258,179,122723,0,0,0,0.000,0.000,0.000,0.000,0.000,0.000,0.000,0.000,0,0,0,0,0,0,0,0,0,0.000,0.000,0.000,0.000,0.000,0.000,0.000,0.000,0,0,0,0,0,0,0,0,0,0.000,0.000,0.000,0.000,0.000,0.000,0.000,0.000,0,0,0,0,0,0,0,0,0,0.000,0.000,0.000,0.000,0.000,0.000,0.000,0.000,0,0,0,0,0,0,0,0,0,0.000,0.000,0.000,0.000,0.000,0.000,0.000,0.000,0,0,0,0,0,0,0,0,0,0,0,0,0,0,0,0,0,0
5011,167.0,3665,173,53,1015,2650,0,0,1876,275.29,1.265,0.901,0.297,0.047,0.269,-0.955,1.871,0.5647,1.6740,0.615,0.001,0.010,0.126,0.021,61,59,336,0,169,0,129818.81,16813.882,39261.089,173.296,9425.589,12.348,34354.658,11371.704,3169.728,16736.171,13388.937,12737.679,301.905,1554.119,0.000304,0.066148,2231,0,254,82,336,254,27335,46,82,172.485,0,0,0,0,0,0,0,0,0,0,0,0,0,0,82190,1657,2185,50885.052,39219.376,9420.254,0.811,172.485,30207.150,10647.059,412.396,290,469,59,254,156,117984,0,0,0,0.000,0.000,0.000,0.000,0.000,0.000,0.000,0.000,0,0,0,0,0,0,0,0,0,0.000,0.000,0.000,0.000,0.000,0.000,0.000,0.000,0,0,0,0,0,0,0,0,0,0.000,0.000,0.000,0.000,0.000,0.000,0.000,0.000,0,0,0,0,0,0,0,0,0,0.000,0.000,0.000,0.000,0.000,0.000,0.000,0.000,0,0,0,0,0,0,0,0,0,0.000,0.000,0.000,0.000,0.000,0.000,0.000,0.000,0,0,0,0,0,0,0,0,0,0,0,0,0,0,0,0,0,0
5041,168.0,3396,158,53,971,2425,0,0,1668,274.93,1.255,0.896,0.311,0.048,0.275,-0.955,1.869,0.5474,1.6803,0.633,0.003,0.011,0.126,0.020,63,71,330,1,167,0,121610.85,15717.595,37274.701,173.332,8686.265,16.117,32114.334,10541.716,2870.967,14376.702,11501.362,11308.341,267.722,1395.170,0.000267,0.070068,2093,0,244,86,330,244,25112,56,86,172.801,0,0,0,0,0,0,0,0,0,0,0,0,0,0,76179,1569,2037,47976.091,37246.749,8676.948,0.531,172.801,28094.254,9895.262,346.118,252,477,71,244,162,116915,0,0,0,0.000,0.000,0.000,0.000,0.000,0.000,0.000,0.000,0,0,0,0,0,0,0,0,0,0.000,0.000,0.000,0.000,0.000,0.000,0.000,0.000,0,0,0,0,0,0,0,0,0,0.000,0.000,0.000,0.000,0.000,0.000,0.000,0.000,0,0,0,0,0,0,0,0,0,0.000,0.000,0.000,0.000,0.000,0.000,0.000,0.000,0,0,0,0,0,0,0,0,0,0.000,0.000,0.000,0.000,0.000,0.000,0.000,0.000,0,0,0,0,0,0,0,0,0,0,0,0,0,0,0,0,0,0
5071,169.0,3243,181,53,961,2282,0,0,1539,287.97,1.242,0.894,0.321,0.049,0.283,-0.956,1.871,0.5573,1.6915,0.635,0.002,0.010,0.126,0.017,66,71,245,0,128,0,114522.20,14674.734,33417.226,102.091,7068.640,14.259,30053.390,9823.260,2609.944,13779.235,11023.388,8740.962,142.718,1156.595,0.000220,0.072606,1668,0,193,52,245,193,23609,29,51,100.795,0,0,0,0,0,0,0,0,0,0,0,0,0,0,70734,1404,1639,42277.601,33384.702,7062.712,0.403,100.795,26104.269,9233.605,300.574,238,381,71,193,117,99559,0,0,0,0.000,0.000,0.000,0.000,0.000,0.000,0.000,0.000,0,0,0,0,0,0,0,0,0,0.000,0.000,0.000,0.000,0.000,0.000,0.000,0.000,0,0,0,0,0,0,0,0,0,0.000,0.000,0.000,0.000,0.000,0.000,0.000,0.000,0,0,0,0,0,0,0,0,0,0.000,0.000,0.000,0.000,0.000,0.000,0.000,0.000,0,0,0,0,0,0,0,0,0,0.000,0.000,0.000,0.000,0.000,0.000,0.000,0.000,0,0,0,0,0,0,0,0,0,0,0,0,0,0,0,0,0,0
5101,170.0,3059,175,50,941,2118,0,0,1401,287.58,1.228,0.891,0.329,0.050,0.293,-0.957,1.871,0.5616,1.6996,0.629,0.002,0.009,0.127,0.016,68,71,226,0,154,0,106797.75,14001.962,30307.156,115.535,7801.941,15.767,28431.283,9257.964,2403.617,12484.239,9987.391,8311.617,174.005,1073.760,0.000234,0.074358,1759,0,169,57,226,169,21715,57,57,115.210,0,0,0,0,0,0,0,0,0,0,0,0,0,0,66247,1274,1702,39745.149,30273.627,7793.796,0.325,115.210,24489.291,8712.293,259.173,212,376,70,169,137,94900,0,0,0,0.000,0.000,0.000,0.000,0.000,0.000,0.000,0.000,0,0,0,0,0,0,0,0,0,0.000,0.000,0.000,0.000,0.000,0.000,0.000,0.000,0,0,0,0,0,0,0,0,0,0.000,0.000,0.000,0.000,0.000,0.000,0.000,0.000,0,0,0,0,0,0,0,0,0,0.000,0.000,0.000,0.000,0.000,0.000,0.000,0.000,0,0,0,0,0,0,0,0,0,0.000,0.000,0.000,0.000,0.000,0.000,0.000,0.000,0,0,0,0,0,0,0,0,0,0,0,0,0,0,0,0,0,0
5131,171.0,2931,164,50,924,2007,0,0,1307,325.33,1.218,0.891,0.332,0.051,0.299,-0.958,1.867,0.5716,1.7002,0.648,0.002,0.008,0.129,0.014,68,83,173,0,118,0,100306.63,13139.617,28086.437,78.803,7022.330,15.175,26705.989,8625.293,2196.219,11806.031,9444.825,6811.621,181.443,914.210,0.000178,0.074648,1569,0,139,34,172,139,19996,4,33,78.179,0,0,0,0,0,0,0,0,0,0,0,0,0,0,61714,1181,1565,36558.337,28060.580,7021.559,0.472,78.179,22845.870,8112.628,230.134,207,318,80,139,99,83551,0,0,0,0.000,0.000,0.000,0.000,0.000,0.000,0.000,0.000,0,0,0,0,0,0,0,0,0,0.000,0.000,0.000,0.000,0.000,0.000,0.000,0.000,0,0,0,0,0,0,0,0,0,0.000,0.000,0.000,0.000,0.000,0.000,0.000,0.000,0,0,0,0,0,0,0,0,0,0.000,0.000,0.000,0.000,0.000,0.000,0.000,0.000,0,0,0,0,0,0,0,0,0,0.000,0.000,0.000,0.000,0.000,0.000,0.000,0.000,0,0,0,0,0,0,0,0,0,0,0,0,0,0,0,0,0,0
5161,172.0,2820,132,50,896,1924,0,0,1216,292.18,1.215,0.891,0.339,0.051,0.300,-0.958,1.862,0.5699,1.7038,0.655,0.000,0.008,0.129,0.012,88,66,145,0,117,0,95231.83,12529.964,26408.827,129.786,6197.287,16.230,25729.168,8387.289,2069.858,10468.840,8375.072,5042.686,151.527,669.083,0.000168,0.075939,1403,0,94,51,145,94,19332,43,51,129.578,0,0,0,0,0,0,0,0,0,0,0,0,0,0,59244,1106,1360,33932.290,26372.041,6183.389,0.208,129.578,21970.361,7904.525,210.222,185,268,65,94,109,66024,0,0,0,0.000,0.000,0.000,0.000,0.000,0.000,0.000,0.000,0,0,0,0,0,0,0,0,0,0.000,0.000,0.000,0.000,0.000,0.000,0.000,0.000,0,0,0,0,0,0,0,0,0,0.000,0.000,0.000,0.000,0.000,0.000,0.000,0.000,0,0,0,0,0,0,0,0,0,0.000,0.000,0.000,0.000,0.000,0.000,0.000,0.000,0,0,0,0,0,0,0,0,0,0.000,0.000,0.000,0.000,0.000,0.000,0.000,0.000,0,0,0,0,0,0,0,0,0,0,0,0,0,0,0,0,0,0
5191,173.0,2712,138,50,894,1818,0,0,1158,338.21,1.199,0.888,0.345,0.051,0.310,-0.959,1.867,0.5709,1.6961,0.670,0.001,0.006,0.130,0.010,65,76,107,0,121,0,90246.20,11779.962,23909.053,44.773,5755.423,15.319,24479.179,7886.327,1929.964,9207.127,7365.702,3926.290,28.535,627.697,0.000200,0.074109,1364,0,81,26,107,81,17771,61,25,44.362,0,0,0,0,0,0,0,0,0,0,0,0,0,0,56018,1003,1303,30861.106,23887.628,5744.313,0.112,44.362,20746.802,7432.766,187.349,157,263,75,81,107,73576,0,0,0,0.000,0.000,0.000,0.000,0.000,0.000,0.000,0.000,0,0,0,0,0,0,0,0,0,0.000,0.000,0.000,0.000,0.000,0.000,0.000,0.000,0,0,0,0,0,0,0,0,0,0.000,0.000,0.000,0.000,0.000,0.000,0.000,0.000,0,0,0,0,0,0,0,0,0,0.000,0.000,0.000,0.000,0.000,0.000,0.000,0.000,0,0,0,0,0,0,0,0,0,0.000,0.000,0.000,0.000,0.000,0.000,0.000,0.000,0,0,0,0,0,0,0,0,0,0,0,0,0,0,0,0,0,0
5221,174.0,2552,125,50,864,1688,0,0,1059,351.46,1.187,0.890,0.345,0.052,0.318,-0.959,1.875,0.5714,1.7216,0.657,0.000,0.004,0.130,0.006,59,80,147,0,112,0,82570.52,11084.353,20519.271,115.850,5353.381,16.712,23261.723,7455.098,1817.193,8162.032,6529.626,4607.410,41.592,579.726,0.000132,0.074241,1247,0,90,57,147,90,16522,8,57,115.672,0,0,0,0,0,0,0,0,0,0,0,0,0,0,53000,864,1239,26912.932,20497.315,5351.529,0.178,115.672,19591.269,7016.298,178.416,135,265,78,90,97,80826,0,0,0,0.000,0.000,0.000,0.000,0.000,0.000,0.000,0.000,0,0,0,0,0,0,0,0,0,0.000,0.000,0.000,0.000,0.000,0.000,0.000,0.000,0,0,0,0,0,0,0,0,0,0.000,0.000,0.000,0.000,0.000,0.000,0.000,0.000,0,0,0,0,0,0,0,0,0,0.000,0.000,0.000,0.000,0.000,0.000,0.000,0.000,0,0,0,0,0,0,0,0,0,0.000,0.000,0.000,0.000,0.000,0.000,0.000,0.000,0,0,0,0,0,0,0,0,0,0,0,0,0,0,0,0,0,0
5251,175.0,2446,139,44,874,1572,0,0,975,320.89,1.162,0.889,0.351,0.050,0.334,-0.959,1.877,0.5833,1.7347,0.664,0.001,0.004,0.130,0.004,63,84,79,0,102,0,77557.94,10616.215,19754.438,34.105,5022.136,17.770,21722.478,6914.386,1674.635,7207.771,5766.217,3060.783,124.288,479.220,0.000199,0.073260,1175,0,61,18,79,61,14839,11,18,34.012,0,0,0,0,0,0,0,0,0,0,0,0,0,0,49000,830,1164,25831.689,19742.153,5019.912,0.093,34.012,18106.533,6521.470,132.471,118,234,82,61,91,63713,0,0,0,0.000,0.000,0.000,0.000,0.000,0.000,0.000,0.000,0,0,0,0,0,0,0,0,0,0.000,0.000,0.000,0.000,0.000,0.000,0.000,0.000,0,0,0,0,0,0,0,0,0,0.000,0.000,0.000,0.000,0.000,0.000,0.000,0.000,0,0,0,0,0,0,0,0,0,0.000,0.000,0.000,0.000,0.000,0.000,0.000,0.000,0,0,0,0,0,0,0,0,0,0.000,0.000,0.000,0.000,0.000,0.000,0.000,0.000,0,0,0,0,0,0,0,0,0,0,0,0,0,0,0,0,0,0
5281,176.0,2350,131,44,882,1468,0,0,885,337.60,1.140,0.887,0.362,0.050,0.350,-0.958,1.881,0.5802,1.7509,0.655,0.002,0.004,0.130,0.002,65,63,55,0,110,0,74175.11,10367.308,18295.702,33.326,4862.093,17.758,20477.674,6430.826,1520.741,5909.239,4727.392,2038.864,37.215,391.995,0.000197,0.072574,1090,0,37,18,55,37,13519,28,18,33.309,0,0,0,0,0,0,0,0,0,0,0,0,0,0,45691,765,1062,24122.244,18265.822,4854.784,0.018,33.309,16853.017,6063.224,105.197,93,197,60,37,100,57729,0,0,0,0.000,0.000,0.000,0.000,0.000,0.000,0.000,0.000,0,0,0,0,0,0,0,0,0,0.000,0.000,0.000,0.000,0.000,0.000,0.000,0.000,0,0,0,0,0,0,0,0,0,0.000,0.000,0.000,0.000,0.000,0.000,0.000,0.000,0,0,0,0,0,0,0,0,0,0.000,0.000,0.000,0.000,0.000,0.000,0.000,0.000,0,0,0,0,0,0,0,0,0,0.000,0.000,0.000,0.000,0.000,0.000,0.000,0.000,0,0,0,0,0,0,0,0,0,0,0,0,0,0,0,0,0,0
5311,177.0,2293,133,44,896,1397,0,0,799,351.05,1.121,0.887,0.368,0.049,0.363,-0.959,1.887,0.5889,1.7443,0.650,0.001,0.005,0.130,-0.001,75,75,51,0,87,0,71228.09,10135.895,17254.010,43.339,4358.607,16.111,19506.383,6098.708,1349.331,7155.360,5724.288,1637.585,65.838,291.349,0.000141,0.071726,915,0,33,18,51,33,13018,5,18,43.307,0,0,0,0,0,0,0,0,0,0,0,0,0,0,42954,721,910,22454.719,17235.697,4357.558,0.032,43.307,15827.644,5736.616,93.032,119,190,75,33,82,57636,0,0,0,0.000,0.000,0.000,0.000,0.000,0.000,0.000,0.000,0,0,0,0,0,0,0,0,0,0.000,0.000,0.000,0.000,0.000,0.000,0.000,0.000,0,0,0,0,0,0,0,0,0,0.000,0.000,0.000,0.000,0.000,0.000,0.000,0.000,0,0,0,0,0,0,0,0,0,0.000,0.000,0.000,0.000,0.000,0.000,0.000,0.000,0,0,0,0,0,0,0,0,0,0.000,0.000,0.000,0.000,0.000,0.000,0.000,0.000,0,0,0,0,0,0,0,0,0,0,0,0,0,0,0,0,0,0
5341,178.0,2185,117,44,894,1291,0,0,713,369.35,1.096,0.884,0.378,0.048,0.379,-0.960,1.885,0.5974,1.7529,0.652,0.001,0.006,0.130,-0.004,75,97,56,0,75,0,69169.00,10103.941,16653.053,44.415,4026.340,19.480,18510.329,5693.595,1228.630,5361.260,4289.008,1960.496,89.772,305.421,0.000141,0.071351,840,0,32,24,56,32,12479,8,24,44.385,0,0,0,0,0,0,0,0,0,0,0,0,0,0,40299,696,832,21495.328,16631.654,4024.285,0.030,44.385,14816.201,5335.061,83.177,87,193,95,32,66,62538,0,0,0,0.000,0.000,0.000,0.000,0.000,0.000,0.000,0.000,0,0,0,0,0,0,0,0,0,0.000,0.000,0.000,0.000,0.000,0.000,0.000,0.000,0,0,0,0,0,0,0,0,0,0.000,0.000,0.000,0.000,0.000,0.000,0.000,0.000,0,0,0,0,0,0,0,0,0,0.000,0.000,0.000,0.000,0.000,0.000,0.000,0.000,0,0,0,0,0,0,0,0,0,0.000,0.000,0.000,0.000,0.000,0.000,0.000,0.000,0,0,0,0,0,0,0,0,0,0,0,0,0,0,0,0,0,0
5371,179.0,2143,97,44,904,1239,0,0,655,406.51,1.081,0.884,0.382,0.047,0.390,-0.960,1.890,0.6008,1.7658,0.667,0.000,0.006,0.130,-0.005,59,83,33,0,70,0,67761.64,9976.649,16000.763,23.270,4393.036,15.794,17662.318,5472.375,1100.973,6633.933,5307.147,1509.450,57.686,278.451,0.000180,0.070594,897,0,22,11,33,22,11487,8,11,23.232,0,0,0,0,0,0,0,0,0,0,0,0,0,0,38039,668,889,21127.934,15986.745,4389.386,0.038,23.232,13941.328,5118.717,74.448,112,164,82,22,60,59067,0,0,0,0.000,0.000,0.000,0.000,0.000,0.000,0.000,0.000,0,0,0,0,0,0,0,0,0,0.000,0.000,0.000,0.000,0.000,0.000,0.000,0.000,0,0,0,0,0,0,0,0,0,0.000,0.000,0.000,0.000,0.000,0.000,0.000,0.000,0,0,0,0,0,0,0,0,0,0.000,0.000,0.000,0.000,0.000,0.000,0.000,0.000,0,0,0,0,0,0,0,0,0,0.000,0.000,0.000,0.000,0.000,0.000,0.000,0.000,0,0,0,0,0,0,0,0,0,0,0,0,0,0,0,0,0,0
5401,180.0,2136,102,39,928,1208,0,0,582,372.73,1.066,0.880,0.384,0.047,0.402,-0.960,1.886,0.5990,1.7803,0.666,0.002,0.005,0.130,-0.007,63,63,27,0,60,0,67324.98,10209.517,15264.462,26.517,4250.964,15.094,17184.924,5291.393,989.293,6302.383,5041.906,967.098,12.816,231.155,0.000103,0.070039,933,0,16,11,27,16,11206,31,11,26.487,0,0,0,0,0,0,0,0,0,0,0,0,0,0,36649,641,902,20262.756,15250.538,4245.674,0.030,26.487,13409.550,4945.898,58.391,100,131,63,16,52,41162,0,0,0,0.000,0.000,0.000,0.000,0.000,0.000,0.000,0.000,0,0,0,0,0,0,0,0,0,0.000,0.000,0.000,0.000,0.000,0.000,0.000,0.000,0,0,0,0,0,0,0,0,0,0.000,0.000,0.000,0.000,0.000,0.000,0.000,0.000,0,0,0,0,0,0,0,0,0,0.000,0.000,0.000,0.000,0.000,0.000,0.000,0.000,0,0,0,0,0,0,0,0,0,0.000,0.000,0.000,0.000,0.000,0.000,0.000,0.000,0,0,0,0,0,0,0,0,0,0,0,0,0,0,0,0,0,0
5431,181.0,2145,103,39,956,1189,0,0,547,335.99,1.054,0.881,0.386,0.047,0.412,-0.961,1.883,0.6072,1.7764,0.679,0.000,0.007,0.130,-0.008,82,78,14,0,47,0,67581.07,10586.734,15127.024,13.895,4343.132,19.416,17060.210,5246.027,897.690,6594.043,5275.235,651.860,57.115,239.860,0.000098,0.069672,969,0,8,6,14,8,10593,68,6,13.887,0,0,0,0,0,0,0,0,0,0,0,0,0,0,35907,630,901,20211.337,15105.458,4335.836,0.008,13.887,13171.806,4895.296,52.882,105,124,77,8,39,39263,0,0,0,0.000,0.000,0.000,0.000,0.000,0.000,0.000,0.000,0,0,0,0,0,0,0,0,0,0.000,0.000,0.000,0.000,0.000,0.000,0.000,0.000,0,0,0,0,0,0,0,0,0,0.000,0.000,0.000,0.000,0.000,0.000,0.000,0.000,0,0,0,0,0,0,0,0,0,0.000,0.000,0.000,0.000,0.000,0.000,0.000,0.000,0,0,0,0,0,0,0,0,0,0.000,0.000,0.000,0.000,0.000,0.000,0.000,0.000,0,0,0,0,0,0,0,0,0,0,0,0,0,0,0,0,0,0
5461,182.0,2138,119,39,992,1146,0,0,488,360.43,1.030,0.880,0.391,0.047,0.429,-0.960,1.878,0.6231,1.8164,0.664,0.002,0.005,0.129,-0.011,60,80,13,0,69,0,68594.85,11058.746,15068.084,14.933,4026.891,20.825,16923.151,5251.411,831.145,6530.835,5224.668,568.283,48.798,199.027,0.000166,0.069807,802,0,5,8,12,5,10548,6,7,14.608,0,0,0,0,0,0,0,0,0,0,0,0,0,0,35166,630,796,19877.809,15054.906,4024.569,0.006,14.608,12899.186,4892.478,47.677,95,138,79,5,54,45995,0,0,0,0.000,0.000,0.000,0.000,0.000,0.000,0.000,0.000,0,0,0,0,0,0,0,0,0,0.000,0.000,0.000,0.000,0.000,0.000,0.000,0.000,0,0,0,0,0,0,0,0,0,0.000,0.000,0.000,0.000,0.000,0.000,0.000,0.000,0,0,0,0,0,0,0,0,0,0.000,0.000,0.000,0.000,0.000,0.000,0.000,0.000,0,0,0,0,0,0,0,0,0,0.000,0.000,0.000,0.000,0.000,0.000,0.000,0.000,0,0,0,0,0,0,0,0,0,0,0,0,0,0,0,0,0,0
5491,183.0,2192,104,39,1033,1159,0,0,462,422.96,1.022,0.883,0.389,0.050,0.436,-0.961,1.884,0.6359,1.8015,0.657,0.001,0.003,0.130,-0.012,67,69,11,0,38,0,71548.72,11607.805,16287.884,16.629,4506.387,18.679,16814.630,5187.838,743.896,7516.129,6012.904,446.754,31.817,230.286,0.000176,0.068738,853,0,3,8,11,3,9842,14,8,16.619,0,0,0,0,0,0,0,0,0,0,0,0,0,0,34566,683,839,21619.619,16258.702,4500.473,0.011,16.619,12659.294,4820.822,38.717,114,101,67,3,31,37884,0,0,0,0.000,0.000,0.000,0.000,0.000,0.000,0.000,0.000,0,0,0,0,0,0,0,0,0,0.000,0.000,0.000,0.000,0.000,0.000,0.000,0.000,0,0,0,0,0,0,0,0,0,0.000,0.000,0.000,0.000,0.000,0.000,0.000,0.000,0,0,0,0,0,0,0,0,0,0.000,0.000,0.000,0.000,0.000,0.000,0.000,0.000,0,0,0,0,0,0,0,0,0,0.000,0.000,0.000,0.000,0.000,0.000,0.000,0.000,0,0,0,0,0,0,0,0,0,0,0,0,0,0,0,0,0,0
5521,184.0,2264,126,39,1078,1186,0,0,441,411.14,1.015,0.886,0.383,0.051,0.441,-0.961,1.887,0.6537,1.8101,0.653,0.002,0.003,0.131,-0.013,86,61,8,1,35,0,74233.91,12424.140,15905.495,14.417,4776.330,19.820,17160.416,5331.493,714.474,7826.311,6261.049,637.996,32.109,217.116,0.000199,0.067387,913,0,4,4,8,4,9965,5,4,14.390,0,0,0,0,0,0,0,0,0,0,0,0,0,0,35170,667,908,21459.820,15880.495,4774.664,0.027,14.390,12863.145,4946.609,42.185,121,94,60,4,30,29559,0,0,0,0.000,0.000,0.000,0.000,0.000,0.000,0.000,0.000,0,0,0,0,0,0,0,0,0,0.000,0.000,0.000,0.000,0.000,0.000,0.000,0.000,0,0,0,0,0,0,0,0,0,0.000,0.000,0.000,0.000,0.000,0.000,0.000,0.000,0,0,0,0,0,0,0,0,0,0.000,0.000,0.000,0.000,0.000,0.000,0.000,0.000,0,0,0,0,0,0,0,0,0,0.000,0.000,0.000,0.000,0.000,0.000,0.000,0.000,0,0,0,0,0,0,0,0,0,0,0,0,0,0,0,0,0,0
5551,185.0,2374,151,32,1144,1230,0,0,453,342.14,1.008,0.887,0.381,0.053,0.447,-0.962,1.890,0.6609,1.7877,0.649,0.003,0.006,0.131,-0.014,65,66,18,0,25,0,78686.07,13370.504,17702.675,21.637,5345.258,18.122,17621.847,5397.525,700.411,9310.815,7448.652,700.609,107.834,252.261,0.000183,0.067100,999,0,9,9,18,9,9731,10,9,21.632,0,0,0,0,0,0,0,0,0,0,0,0,0,0,36031,743,989,23912.601,17679.847,5341.235,0.005,21.632,13132.511,4990.323,39.755,139,95,65,9,21,29939,0,0,0,0.000,0.000,0.000,0.000,0.000,0.000,0.000,0.000,0,0,0,0,0,0,0,0,0,0.000,0.000,0.000,0.000,0.000,0.000,0.000,0.000,0,0,0,0,0,0,0,0,0,0.000,0.000,0.000,0.000,0.000,0.000,0.000,0.000,0,0,0,0,0,0,0,0,0,0.000,0.000,0.000,0.000,0.000,0.000,0.000,0.000,0,0,0,0,0,0,0,0,0,0.000,0.000,0.000,0.000,0.000,0.000,0.000,0.000,0,0,0,0,0,0,0,0,0,0,0,0,0,0,0,0,0,0
5581,186.0,2533,122,32,1224,1309,0,0,491,346.88,1.006,0.892,0.376,0.051,0.449,-0.963,1.894,0.6715,1.8246,0.635,0.001,0.005,0.132,-0.015,71,57,12,0,29,0,85520.05,14721.971,20218.174,25.382,5821.169,16.737,18658.956,5709.291,741.644,10943.286,8754.629,504.389,61.783,266.832,0.000159,0.067235,1162,0,1,11,12,1,9601,82,11,25.382,0,0,0,0,0,0,0,0,0,0,0,0,0,0,38161,851,1080,27018.049,20188.718,5807.893,0.000,25.382,13899.076,5271.189,37.492,159,80,55,1,24,26812,0,0,0,0.000,0.000,0.000,0.000,0.000,0.000,0.000,0.000,0,0,0,0,0,0,0,0,0,0.000,0.000,0.000,0.000,0.000,0.000,0.000,0.000,0,0,0,0,0,0,0,0,0,0.000,0.000,0.000,0.000,0.000,0.000,0.000,0.000,0,0,0,0,0,0,0,0,0,0.000,0.000,0.000,0.000,0.000,0.000,0.000,0.000,0,0,0,0,0,0,0,0,0,0.000,0.000,0.000,0.000,0.000,0.000,0.000,0.000,0,0,0,0,0,0,0,0,0,0,0,0,0,0,0,0,0,0
5611,187.0,2734,121,32,1334,1399,0,1,486,380.05,1.002,0.899,0.370,0.052,0.455,-0.962,1.899,0.6847,1.8395,0.625,0.002,0.009,0.133,-0.016,78,57,7,0,30,0,92954.00,16530.748,20754.160,13.389,6736.984,19.443,19856.077,6086.088,754.936,12117.892,9694.313,408.463,49.080,286.118,0.000194,0.068408,1318,0,1,6,7,1,10159,74,6,13.389,0,0,0,0,0,0,0,0,0,0,0,0,0,0,40494,873,1244,28477.854,20727.815,6729.969,0.000,13.389,14766.222,5597.544,41.626,164,74,54,1,19,22255,0,0,0,0.000,0.000,0.000,0.000,0.000,0.000,0.000,0.000,0,0,0,0,0,0,0,0,0,0.000,0.000,0.000,0.000,0.000,0.000,0.000,0.000,0,0,0,0,0,0,10,0,0,0.000,0.000,0.000,0.000,0.000,1.374,0.232,0.000,0,0,0,0,0,0,0,0,0,0.000,0.000,0.000,0.000,0.000,0.000,0.000,0.000,0,0,0,0,0,0,0,0,0,0.000,0.000,0.000,0.000,0.000,0.000,0.000,0.000,0,0,0,0,0,0,0,1,0,0,0,0,0,0,0,0,0,0
5641,188.0,2960,138,32,1456,1503,0,1,532,371.16,0.997,0.904,0.365,0.054,0.461,-0.962,1.904,0.7003,1.8388,0.598,0.003,0.012,0.133,-0.017,91,70,17,0,36,0,101964.20,18363.943,23818.947,37.024,7406.178,19.476,21403.196,6632.911,799.654,14526.361,11621.089,906.654,206.386,355.640,0.000208,0.068481,1403,0,3,14,16,3,10821,72,13,36.918,0,0,0,0,0,0,0,0,0,0,0,0,0,0,43509,996,1331,32431.946,23783.680,7392.250,0.003,36.918,15890.813,6094.651,39.664,203,99,70,3,26,27897,0,0,0,0.000,0.000,0.000,0.000,0.000,0.000,0.000,0.000,0,0,0,0,0,0,0,0,0,0.000,0.000,0.000,0.000,0.000,0.000,0.000,0.000,0,0,0,0,0,0,30,0,0,0.000,0.000,0.000,0.000,0.000,4.121,0.696,0.000,0,0,0,0,0,0,0,0,0,0.000,0.000,0.000,0.000,0.000,0.000,0.000,0.000,0,0,0,0,0,0,0,0,0,0.000,0.000,0.000,0.000,0.000,0.000,0.000,0.000,0,0,0,0,0,0,0,0,0,0,0,0,0,0,0,0,0,0
5671,189.0,3234,131,32,1569,1664,0,1,574,333.28,1.005,0.913,0.355,0.053,0.456,-0.961,1.906,0.7082,1.8448,0.589,0.003,0.011,0.134,-0.017,57,53,20,0,23,0,112058.41,20277.634,25786.581,27.790,9526.592,15.895,23108.230,7133.091,863.685,16007.628,12806.103,765.696,480.269,445.296,0.000200,0.068662,1752,0,9,11,20,9,11370,28,11,27.780,0,0,0,0,0,0,0,0,0,0,0,0,0,0,47141,1084,1724,36669.102,25751.342,9514.899,0.011,27.780,17221.398,6534.147,50.534,243,82,53,9,20,21659,0,0,0,0.000,0.000,0.000,0.000,0.000,0.000,0.000,0.000,0,0,0,0,0,0,0,0,0,0.000,0.000,0.000,0.000,0.000,0.000,0.000,0.000,0,0,0,0,0,0,30,0,0,0.000,0.000,0.000,0.000,0.000,4.120,0.696,0.000,0,0,0,0,0,0,0,0,0,0.000,0.000,0.000,0.000,0.000,0.000,0.000,0.000,0,0,0,0,0,0,0,0,0,0.000,0.000,0.000,0.000,0.000,0.000,0.000,0.000,0,0,0,0,0,0,0,0,0,0,0,0,0,0,0,0,0,0
5701,190.0,3500,116,28,1676,1823,0,1,650,316.33,1.014,0.919,0.346,0.053,0.452,-0.961,1.915,0.7182,1.8591,0.570,0.001,0.012,0.135,-0.017,68,48,22,0,42,0,122899.45,22639.388,28015.818,40.663,10672.319,17.491,25389.736,7975.916,936.542,16254.518,13003.615,1351.770,456.070,493.893,0.000287,0.066620,1958,0,4,18,21,4,12137,33,17,40.556,0,0,0,0,0,0,0,0,0,0,0,0,0,0,52330,1175,1925,40164.310,27958.934,10662.751,0.003,40.556,19101.585,7318.912,55.931,240,81,46,4,31,21121,0,0,0,0.000,0.000,0.000,0.000,0.000,0.000,0.000,0.000,0,0,0,0,0,0,0,0,0,0.000,0.000,0.000,0.000,0.000,0.000,0.000,0.000,0,0,0,0,0,0,30,0,0,0.000,0.000,0.000,0.000,0.000,4.122,0.691,0.000,0,0,0,0,0,0,0,0,0,0.000,0.000,0.000,0.000,0.000,0.000,0.000,0.000,0,0,0,0,0,0,0,0,0,0.000,0.000,0.000,0.000,0.000,0.000,0.000,0.000,0,0,0,0,0,0,0,0,0,0,0,0,0,0,0,0,0,0
5731,191.0,3840,118,28,1790,2049,0,1,759,269.38,1.030,0.927,0.337,0.051,0.442,-0.960,1.917,0.7281,1.8522,0.572,0.002,0.011,0.137,-0.016,72,56,26,0,35,0,136032.39,24908.853,31915.930,45.706,12928.756,16.808,27830.316,8822.408,1080.388,20264.580,16211.664,1156.771,211.071,583.675,0.000277,0.065126,2381,0,9,17,26,9,12926,22,17,45.704,0,0,0,0,0,0,0,0,0,0,0,0,0,0,57856,1347,2359,46663.062,31882.698,12921.971,0.002,45.704,21147.514,8116.093,59.649,318,92,55,9,28,21583,0,0,0,0.000,0.000,0.000,0.000,0.000,0.000,0.000,0.000,0,0,0,0,0,0,0,0,0,0.000,0.000,0.000,0.000,0.000,0.000,0.000,0.000,0,0,0,0,0,0,30,0,0,0.000,0.000,0.000,0.000,0.000,4.125,0.691,0.000,0,0,0,0,0,0,0,0,0,0.000,0.000,0.000,0.000,0.000,0.000,0.000,0.000,0,0,0,0,0,0,0,0,0,0.000,0.000,0.000,0.000,0.000,0.000,0.000,0.000,0,0,0,0,0,0,0,0,0,0,0,0,0,0,0,0,0,0
5761,192.0,4207,105,28,1908,2299,0,0,936,269.25,1.048,0.932,0.329,0.051,0.432,-0.961,1.920,0.7233,1.8502,0.555,0.003,0.009,0.138,-0.016,62,57,31,0,30,0,148192.83,27294.857,33440.926,53.130,16223.811,15.097,30799.023,9940.144,1300.111,21721.844,17377.475,1164.195,375.209,705.430,0.000344,0.064945,3038,0,7,24,30,7,13326,22,23,52.870,0,0,0,0,0,0,0,0,0,0,0,0,0,0,64765,1414,3016,51679.445,33406.356,16218.103,0.001,52.870,23699.805,9183.164,65.154,339,89,55,7,27,23601,0,0,0,0.000,0.000,0.000,0.000,0.000,0.000,0.000,0.000,0,0,0,0,0,0,0,0,0,0.000,0.000,0.000,0.000,0.000,0.000,0.000,0.000,0,0,0,0,0,0,4,0,0,0.000,0.000,0.000,0.000,0.000,0.550,0.092,0.000,0,1,1,0,0,134,0,0,0,0.000,0.000,0.000,0.000,0.000,0.000,0.000,0.000,0,0,0,0,0,0,0,0,0,0.000,0.000,0.000,0.000,0.000,0.000,0.000,0.000,0,0,0,0,0,0,0,0,0,0,0,0,0,0,0,0,0,0
5791,193.0,4564,98,28,2019,2545,0,0,1218,279.21,1.061,0.938,0.320,0.052,0.422,-0.960,1.921,0.7338,1.8533,0.549,0.001,0.009,0.139,-0.015,64,59,37,0,42,0,159613.62,29830.997,35800.782,51.215,17595.148,15.512,34130.426,11216.352,1648.252,22123.993,17699.195,1698.687,325.334,818.350,0.000348,0.066464,3564,0,16,21,36,16,14268,70,19,50.363,0,0,0,0,0,0,0,0,0,0,0,0,0,0,72701,1511,3494,55512.592,35767.865,17579.478,0.012,50.363,26634.151,10406.757,78.378,349,103,59,16,28,27545,0,0,0,0.000,0.000,0.000,0.000,0.000,0.000,0.000,0.000,0,0,0,0,0,0,0,0,0,0.000,0.000,0.000,0.000,0.000,0.000,0.000,0.000,0,0,0,0,0,0,0,0,0,0.000,0.000,0.000,0.000,0.000,0.000,0.000,0.000,0,0,0,0,0,0,0,0,0,0.000,0.000,0.000,0.000,0.000,0.000,0.000,0.000,0,0,0,0,0,0,0,0,0,0.000,0.000,0.000,0.000,0.000,0.000,0.000,0.000,0,0,0,0,0,0,0,0,0,0,0,0,0,0,0,0,0,0
5821,194.0,4946,97,28,2134,2812,0,0,1497,286.35,1.076,0.944,0.313,0.053,0.414,-0.960,1.921,0.7375,1.8637,0.538,0.001,0.009,0.140,-0.014,60,54,26,0,74,0,171899.77,32084.045,40044.433,33.076,20165.277,14.812,37376.893,12369.460,2100.139,24340.914,19472.731,1917.646,338.263,904.829,0.000214,0.065868,4212,0,12,14,25,12,14562,87,13,32.736,0,0,0,0,0,0,0,0,0,0,0,0,0,0,80470,1688,4125,62634.250,40002.815,20160.073,0.031,32.736,29512.941,11515.694,77.337,390,123,52,12,59,28713,0,0,0,0.000,0.000,0.000,0.000,0.000,0.000,0.000,0.000,0,0,0,0,0,0,0,0,0,0.000,0.000,0.000,0.000,0.000,0.000,0.000,0.000,0,0,0,0,0,0,0,0,0,0.000,0.000,0.000,0.000,0.000,0.000,0.000,0.000,0,0,0,0,0,0,0,0,0,0.000,0.000,0.000,0.000,0.000,0.000,0.000,0.000,0,0,0,0,0,0,0,0,0,0.000,0.000,0.000,0.000,0.000,0.000,0.000,0.000,0,0,0,0,0,0,0,0,0,0,0,0,0,0,0,0,0,0
5851,195.0,5328,71,29,2243,3085,0,0,1886,300.62,1.090,0.949,0.307,0.053,0.405,-0.961,1.923,0.7430,1.8621,0.530,0.001,0.010,0.141,-0.013,57,67,30,0,90,0,186845.38,35235.083,44758.943,53.760,22129.849,14.506,40794.153,13581.376,2660.645,26094.367,20875.494,1573.562,323.124,950.440,0.000270,0.066531,4978,0,8,22,28,8,15129,105,20,53.393,0,0,0,0,0,0,0,0,0,0,0,0,0,0,88523,1886,4873,69538.441,44725.813,22120.183,0.026,53.393,32546.503,12682.759,76.501,419,146,66,8,72,33206,0,0,0,0.000,0.000,0.000,0.000,0.000,0.000,0.000,0.000,0,0,0,0,0,0,0,0,0,0.000,0.000,0.000,0.000,0.000,0.000,0.000,0.000,0,0,0,0,0,0,0,0,0,0.000,0.000,0.000,0.000,0.000,0.000,0.000,0.000,0,0,0,0,0,0,0,0,0,0.000,0.000,0.000,0.000,0.000,0.000,0.000,0.000,0,0,0,0,0,0,0,0,0,0.000,0.000,0.000,0.000,0.000,0.000,0.000,0.000,0,0,0,0,0,0,0,0,0,0,0,0,0,0,0,0,0,0
5881,196.0,5714,74,29,2320,3394,0,0,2364,284.74,1.111,0.958,0.298,0.053,0.393,-0.960,1.923,0.7590,1.8515,0.526,0.000,0.010,0.142,-0.011,64,54,37,0,115,0,200453.25,37778.664,47214.779,54.609,24515.229,14.440,44333.763,14883.134,3365.490,27702.898,22162.319,1756.452,459.081,1101.681,0.000312,0.069586,5626,0,7,30,35,7,15984,104,28,54.288,0,0,0,0,0,0,0,0,0,0,0,0,0,0,97078,1987,5522,74643.762,47168.944,24504.586,0.024,54.288,35773.525,13932.832,84.071,460,151,54,7,90,32116,0,0,0,0.000,0.000,0.000,0.000,0.000,0.000,0.000,0.000,0,0,0,0,0,0,0,0,0,0.000,0.000,0.000,0.000,0.000,0.000,0.000,0.000,0,0,0,0,0,0,0,0,0,0.000,0.000,0.000,0.000,0.000,0.000,0.000,0.000,0,0,0,0,0,0,0,0,0,0.000,0.000,0.000,0.000,0.000,0.000,0.000,0.000,0,0,0,0,0,0,0,0,0,0.000,0.000,0.000,0.000,0.000,0.000,0.000,0.000,0,0,0,0,0,0,0,0,0,0,0,0,0,0,0,0,0,0
5911,197.0,5999,58,29,2375,3624,0,0,2958,277.21,1.124,0.962,0.293,0.052,0.384,-0.960,1.924,0.7582,1.8619,0.526,0.007,0.026,0.143,-0.011,57,60,37,0,120,0,213939.80,40928.861,49363.785,49.274,27126.264,14.228,47910.715,16255.346,4268.553,23589.852,18871.882,2234.440,303.754,1164.595,0.000284,0.069272,6324,0,9,28,34,9,16530,92,25,48.591,0,0,0,0,0,0,0,0,0,0,0,0,0,0,105833,2084,6232,79522.169,49318.777,27118.369,0.018,48.591,39083.287,15267.763,86.713,397,167,60,9,98,37540,0,0,0,0.000,0.000,0.000,0.000,0.000,0.000,0.000,0.000,0,0,0,0,0,0,0,0,0,0.000,0.000,0.000,0.000,0.000,0.000,0.000,0.000,0,0,0,0,0,0,0,0,0,0.000,0.000,0.000,0.000,0.000,0.000,0.000,0.000,0,0,0,0,0,0,0,0,0,0.000,0.000,0.000,0.000,0.000,0.000,0.000,0.000,0,0,0,0,0,0,0,0,0,0.000,0.000,0.000,0.000,0.000,0.000,0.000,0.000,0,0,0,0,0,0,0,0,0,0,0,0,0,0,0,0,0,0
5941,198.0,6000,59,29,2350,3650,0,0,3452,339.78,1.130,0.965,0.290,0.051,0.381,-0.960,1.927,0.7567,1.8631,0.534,0.022,0.071,0.144,-0.011,58,43,48,1,185,0,227602.41,43002.590,50666.874,64.415,27633.174,15.450,49161.935,16793.256,5222.244,13479.711,10783.769,3009.960,1982.751,1205.183,0.000358,0.070316,6544,0,12,36,46,12,16065,97,34,64.168,0,0,0,0,0,0,0,0,0,0,0,0,0,0,108868,2134,6447,81426.107,50616.859,27622.783,0.001,64.168,40270.040,15794.740,92.702,234,208,41,12,155,53757,0,0,0,0.000,0.000,0.000,0.000,0.000,0.000,0.000,0.000,0,0,0,0,0,0,0,0,0,0.000,0.000,0.000,0.000,0.000,0.000,0.000,0.000,0,0,0,0,0,0,0,0,0,0.000,0.000,0.000,0.000,0.000,0.000,0.000,0.000,0,0,0,0,0,0,0,0,0,0.000,0.000,0.000,0.000,0.000,0.000,0.000,0.000,0,0,0,0,0,0,0,0,0,0.000,0.000,0.000,0.000,0.000,0.000,0.000,0.000,0,0,0,0,0,0,0,0,0,0,0,0,0,0,0,0,0,0
5971,199.0,5999,63,29,2318,3681,0,0,3882,301.91,1.137,0.968,0.289,0.050,0.376,-0.961,1.928,0.7584,1.8613,0.536,0.030,0.111,0.144,-0.010,56,43,67,0,174,0,244085.02,44638.813,56780.510,92.511,27476.679,13.933,49552.673,17037.185,6065.566,13707.848,10966.279,4018.686,4336.183,1277.368,0.000327,0.070754,6177,0,20,47,64,20,15810,106,44,92.084,0,0,0,0,0,0,0,0,0,0,0,0,0,0,109971,2391,6071,87611.206,56734.722,27462.023,0.000,92.084,40771.474,16049.048,95.131,240,209,43,20,146,51096,0,0,0,0.000,0.000,0.000,0.000,0.000,0.000,0.000,0.000,0,0,0,0,0,0,0,0,0,0.000,0.000,0.000,0.000,0.000,0.000,0.000,0.000,0,0,0,0,0,0,0,0,0,0.000,0.000,0.000,0.000,0.000,0.000,0.000,0.000,0,0,0,0,0,0,0,0,0,0.000,0.000,0.000,0.000,0.000,0.000,0.000,0.000,0,0,0,0,0,0,0,0,0,0.000,0.000,0.000,0.000,0.000,0.000,0.000,0.000,0,0,0,0,0,0,0,0,0,0,0,0,0,0,0,0,0,0
6001,200.0,6000,77,27,2283,3717,0,0,4194,353.62,1.146,0.970,0.287,0.049,0.371,-0.961,1.927,0.7563,1.8790,0.539,0.035,0.145,0.145,-0.011,52,31,57,0,211,0,257647.92,45926.722,57940.883,103.299,30400.394,12.727,49904.066,17125.175,6721.736,14709.547,11767.638,4727.654,7645.283,1342.181,0.000326,0.069439,6543,0,10,47,48,10,15522,124,38,101.576,0,0,0,0,0,0,0,0,0,0,0,0,0,0,110841,2436,6419,91797.962,57888.188,30388.082,0.000,101.576,41189.188,16147.284,91.186,260,224,31,10,183,64467,0,0,0,0.000,0.000,0.000,0.000,0.000,0.000,0.000,0.000,0,0,0,0,0,0,0,0,0,0.000,0.000,0.000,0.000,0.000,0.000,0.000,0.000,0,0,0,0,0,0,0,0,0,0.000,0.000,0.000,0.000,0.000,0.000,0.000,0.000,0,0,0,0,0,0,0,0,0,0.000,0.000,0.000,0.000,0.000,0.000,0.000,0.000,0,0,0,0,0,0,0,0,0,0.000,0.000,0.000,0.000,0.000,0.000,0.000,0.000,0,0,0,0,0,0,0,0,0,0,0,0,0,0,0,0,0,0
6031,201.0,5996,69,27,2241,3755,0,0,4364,357.36,1.155,0.972,0.285,0.050,0.365,-0.961,1.929,0.7550,1.8695,0.543,0.046,0.191,0.145,-0.010,50,19,50,0,211,0,273842.00,46938.498,62323.597,82.593,30465.782,15.750,50316.683,17166.758,7179.987,13663.789,10931.031,4688.724,9737.161,1328.526,0.000366,0.067941,6391,0,11,39,49,11,15534,88,38,82.427,0,0,0,0,0,0,0,0,0,0,0,0,0,0,112121,2617,6303,96431.412,62271.389,30457.189,0.000,82.427,41735.159,16203.881,91.819,243,205,19,11,175,61485,0,0,0,0.000,0.000,0.000,0.000,0.000,0.000,0.000,0.000,0,0,0,0,0,0,0,0,0,0.000,0.000,0.000,0.000,0.000,0.000,0.000,0.000,0,0,0,0,0,0,0,0,0,0.000,0.000,0.000,0.000,0.000,0.000,0.000,0.000,0,0,0,0,0,0,0,0,0,0.000,0.000,0.000,0.000,0.000,0.000,0.000,0.000,0,0,0,0,0,0,0,0,0,0.000,0.000,0.000,0.000,0.000,0.000,0.000,0.000,0,0,0,0,0,0,0,0,0,0,0,0,0,0,0,0,0,0
6061,202.0,6000,68,27,2221,3779,0,0,4473,370.64,1.159,0.974,0.282,0.050,0.362,-0.960,1.930,0.7636,1.8608,0.550,0.059,0.224,0.145,-0.010,44,15,28,0,235,0,289098.34,48045.768,64176.864,32.223,31331.102,14.359,50667.146,17306.687,7481.537,13924.740,11139.792,5051.064,12385.982,1321.164,0.000377,0.072160,6239,0,13,15,27,13,15250,92,14,32.125,0,0,0,0,0,0,0,0,0,0,0,0,0,0,113155,2692,6147,99120.816,64096.185,31321.365,0.002,32.125,42178.785,16357.438,90.548,248,224,15,13,196,62991,0,0,0,0.000,0.000,0.000,0.000,0.000,0.000,0.000,0.000,0,0,0,0,0,0,0,0,0,0.000,0.000,0.000,0.000,0.000,0.000,0.000,0.000,0,0,0,0,0,0,0,0,0,0.000,0.000,0.000,0.000,0.000,0.000,0.000,0.000,0,0,0,0,0,0,0,0,0,0.000,0.000,0.000,0.000,0.000,0.000,0.000,0.000,0,0,0,0,0,0,0,0,0,0.000,0.000,0.000,0.000,0.000,0.000,0.000,0.000,0,0,0,0,0,0,0,0,0,0,0,0,0,0,0,0,0,0
6091,203.0,6000,68,27,2170,3830,0,0,4476,409.40,1.170,0.978,0.280,0.051,0.355,-0.960,1.930,0.7579,1.8776,0.540,0.073,0.262,0.146,-0.009,42,14,57,0,198,0,302301.34,47906.571,64358.766,71.812,32543.367,13.084,50965.056,17411.089,7614.624,13249.681,10599.745,5680.997,13332.313,1480.128,0.000471,0.074543,6343,0,17,40,56,17,15313,91,39,71.651,0,0,0,0,0,0,0,0,0,0,0,0,0,0,114142,2694,6252,100685.250,64302.718,32530.465,0.005,71.651,42589.387,16470.022,92.327,237,186,11,17,158,52119,0,0,0,0.000,0.000,0.000,0.000,0.000,0.000,0.000,0.000,0,0,0,0,0,0,0,0,0,0.000,0.000,0.000,0.000,0.000,0.000,0.000,0.000,0,0,0,0,0,0,0,0,0,0.000,0.000,0.000,0.000,0.000,0.000,0.000,0.000,0,0,0,0,0,0,0,0,0,0.000,0.000,0.000,0.000,0.000,0.000,0.000,0.000,0,0,0,0,0,0,0,0,0,0.000,0.000,0.000,0.000,0.000,0.000,0.000,0.000,0,0,0,0,0,0,0,0,0,0,0,0,0,0,0,0,0,0
6121,204.0,6000,66,27,2145,3855,0,0,4453,404.45,1.175,0.979,0.278,0.052,0.352,-0.961,1.929,0.7653,1.8787,0.551,0.081,0.308,0.146,-0.009,47,17,47,0,179,0,317268.00,48300.738,69304.475,50.536,33066.589,13.637,51284.242,17492.878,7636.489,12060.210,9648.168,5854.662,16389.388,1619.388,0.000461,0.077067,6266,0,27,20,46,27,15171,38,19,50.355,0,0,0,0,0,0,0,0,0,0,0,0,0,0,115263,2908,6228,106531.670,69227.922,33058.961,0.007,50.355,43009.449,16570.504,95.521,216,191,16,27,148,63351,0,0,0,0.000,0.000,0.000,0.000,0.000,0.000,0.000,0.000,0,0,0,0,0,0,0,0,0,0.000,0.000,0.000,0.000,0.000,0.000,0.000,0.000,0,0,0,0,0,0,0,0,0,0.000,0.000,0.000,0.000,0.000,0.000,0.000,0.000,0,0,0,0,0,0,0,0,0,0.000,0.000,0.000,0.000,0.000,0.000,0.000,0.000,0,0,0,0,0,0,0,0,0,0.000,0.000,0.000,0.000,0.000,0.000,0.000,0.000,0,0,0,0,0,0,0,0,0,0,0,0,0,0,0,0,0,0
6151,205.0,5997,86,29,2108,3889,0,0,4388,444.51,1.182,0.981,0.277,0.051,0.347,-0.960,1.934,0.7646,1.8785,0.540,0.074,0.338,0.147,-0.009,52,20,47,0,158,0,328602.41,48742.419,68779.776,77.772,33633.244,13.563,51588.102,17693.800,7655.927,10896.906,8717.525,5825.598,19783.162,1539.587,0.000397,0.078834,6230,0,12,35,44,12,14997,38,32,76.451,0,0,0,0,0,0,0,0,0,0,0,0,0,0,116166,2885,6192,106465.282,68723.981,33617.294,0.011,76.451,43382.269,16785.888,94.755,193,159,19,12,128,53325,0,0,0,0.000,0.000,0.000,0.000,0.000,0.000,0.000,0.000,0,0,0,0,0,0,0,0,0,0.000,0.000,0.000,0.000,0.000,0.000,0.000,0.000,0,0,0,0,0,0,0,0,0,0.000,0.000,0.000,0.000,0.000,0.000,0.000,0.000,0,0,0,0,0,0,0,0,0,0.000,0.000,0.000,0.000,0.000,0.000,0.000,0.000,0,0,0,0,0,0,0,0,0,0.000,0.000,0.000,0.000,0.000,0.000,0.000,0.000,0,0,0,0,0,0,0,0,0,0,0,0,0,0,0,0,0,0
6181,206.0,5997,67,29,2065,3932,0,0,4290,435.89,1.191,0.984,0.275,0.051,0.340,-0.960,1.935,0.7652,1.8778,0.552,0.088,0.370,0.147,-0.008,57,8,64,2,151,0,338541.50,48851.235,72534.046,73.799,35252.190,13.285,51944.395,17907.459,7461.968,11334.219,9067.376,6649.242,23564.854,1725.238,0.000490,0.082828,6358,0,34,30,61,34,14793,38,27,73.101,0,0,0,0,0,0,0,0,0,0,0,0,0,0,117280,3048,6320,112263.632,72478.720,35243.343,0.005,73.101,43838.098,17008.193,96.653,209,166,8,34,124,56122,0,0,0,0.000,0.000,0.000,0.000,0.000,0.000,0.000,0.000,0,0,0,0,0,0,0,0,0,0.000,0.000,0.000,0.000,0.000,0.000,0.000,0.000,0,0,0,0,0,0,0,0,0,0.000,0.000,0.000,0.000,0.000,0.000,0.000,0.000,0,0,0,0,0,0,0,0,0,0.000,0.000,0.000,0.000,0.000,0.000,0.000,0.000,0,0,0,0,0,0,0,0,0,0.000,0.000,0.000,0.000,0.000,0.000,0.000,0.000,0,0,0,0,0,0,0,0,0,0,0,0,0,0,0,0,0,0
6211,207.0,5998,74,29,2025,3973,0,0,4326,373.23,1.199,0.986,0.274,0.051,0.334,-0.960,1.934,0.7670,1.8744,0.567,0.084,0.381,0.148,-0.007,60,16,48,0,150,0,346417.41,49644.039,73220.031,66.044,34274.279,12.203,52365.730,18107.006,7432.495,10806.198,8644.958,7408.478,25972.602,1606.658,0.000370,0.085560,6102,0,25,23,46,25,14580,31,21,65.868,0,0,0,0,0,0,0,0,0,0,0,0,0,0,118562,3064,6071,111766.960,73166.775,34266.270,0.001,65.868,44368.021,17220.924,100.477,197,156,16,25,115,49026,0,0,0,0.000,0.000,0.000,0.000,0.000,0.000,0.000,0.000,0,0,0,0,0,0,0,0,0,0.000,0.000,0.000,0.000,0.000,0.000,0.000,0.000,0,0,0,0,0,0,0,0,0,0.000,0.000,0.000,0.000,0.000,0.000,0.000,0.000,0,0,0,0,0,0,0,0,0,0.000,0.000,0.000,0.000,0.000,0.000,0.000,0.000,0,0,0,0,0,0,0,0,0,0.000,0.000,0.000,0.000,0.000,0.000,0.000,0.000,0,0,0,0,0,0,0,0,0,0,0,0,0,0,0,0,0,0
6241,208.0,5999,71,29,1987,4012,0,0,4375,402.45,1.207,0.988,0.273,0.050,0.329,-0.960,1.932,0.7667,1.8848,0.565,0.096,0.402,0.148,-0.007,42,10,43,0,137,0,358123.81,49146.770,76155.349,62.331,34124.299,15.568,52824.244,18193.430,7480.916,9654.080,7723.264,5061.990,26620.219,1546.447,0.000499,0.089196,5919,0,17,26,41,17,14728,25,24,61.867,0,0,0,0,0,0,0,0,0,0,0,0,0,0,119707,3194,5894,114701.835,76098.133,34117.691,0.003,61.867,44903.670,17322.333,99.034,177,138,10,17,111,40212,0,0,0,0.000,0.000,0.000,0.000,0.000,0.000,0.000,0.000,0,0,0,0,0,0,0,0,0,0.000,0.000,0.000,0.000,0.000,0.000,0.000,0.000,0,0,0,0,0,0,0,0,0,0.000,0.000,0.000,0.000,0.000,0.000,0.000,0.000,0,0,0,0,0,0,0,0,0,0.000,0.000,0.000,0.000,0.000,0.000,0.000,0.000,0,0,0,0,0,0,0,0,0,0.000,0.000,0.000,0.000,0.000,0.000,0.000,0.000,0,0,0,0,0,0,0,0,0,0,0,0,0,0,0,0,0,0
6271,209.0,6000,62,29,1952,4048,0,0,4400,429.62,1.215,0.989,0.271,0.049,0.324,-0.960,1.934,0.7692,1.8670,0.563,0.098,0.430,0.149,-0.006,51,10,49,0,126,0,364732.09,48838.682,75391.809,61.649,36163.784,12.098,53320.358,18286.429,7551.907,9471.127,7576.901,5545.061,29337.342,1748.550,0.000450,0.093949,6193,0,24,25,49,24,13948,35,25,61.643,0,0,0,0,0,0,0,0,0,0,0,0,0,0,120907,3156,6158,116103.470,75321.680,36151.949,0.006,61.643,45482.875,17429.268,101.497,175,139,10,24,105,43236,0,0,0,0.000,0.000,0.000,0.000,0.000,0.000,0.000,0.000,0,0,0,0,0,0,0,0,0,0.000,0.000,0.000,0.000,0.000,0.000,0.000,0.000,0,0,0,0,0,0,0,0,0,0.000,0.000,0.000,0.000,0.000,0.000,0.000,0.000,0,0,0,0,0,0,0,0,0,0.000,0.000,0.000,0.000,0.000,0.000,0.000,0.000,0,0,0,0,0,0,0,0,0,0.000,0.000,0.000,0.000,0.000,0.000,0.000,0.000,0,0,0,0,0,0,0,0,0,0,0,0,0,0,0,0,0,0
6301,210.0,5999,66,29,1915,4084,0,0,4432,475.95,1.223,0.991,0.268,0.050,0.318,-0.960,1.935,0.7583,1.8910,0.571,0.093,0.447,0.149,-0.006,60,14,40,0,140,0,372094.69,49097.341,76102.218,59.486,34743.335,14.152,53756.184,18544.139,7555.825,9536.066,7628.853,5475.232,29105.051,1552.804,0.000480,0.098126,5862,0,16,24,38,16,14226,26,22,57.802,0,0,0,0,0,0,0,0,0,0,0,0,0,0,121940,3186,5836,115384.833,76053.921,34737.183,0.016,57.802,46002.151,17703.546,101.366,172,136,14,16,106,51400,0,0,0,0.000,0.000,0.000,0.000,0.000,0.000,0.000,0.000,0,0,0,0,0,0,0,0,0,0.000,0.000,0.000,0.000,0.000,0.000,0.000,0.000,0,0,0,0,0,0,0,0,0,0.000,0.000,0.000,0.000,0.000,0.000,0.000,0.000,0,0,0,0,0,0,0,0,0,0.000,0.000,0.000,0.000,0.000,0.000,0.000,0.000,0,0,0,0,0,0,0,0,0,0.000,0.000,0.000,0.000,0.000,0.000,0.000,0.000,0,0,0,0,0,0,0,0,0,0,0,0,0,0,0,0,0,0
6331,211.0,5999,61,29,1885,4113,1,0,4355,433.30,1.229,0.993,0.266,0.050,0.314,-0.959,1.934,0.7562,1.8805,0.567,0.105,0.442,0.150,-0.005,61,14,47,0,141,0,373996.66,47910.340,76110.642,47.085,35538.566,13.683,54239.253,18607.732,7500.666,10207.801,8166.241,7397.545,30710.476,1668.864,0.000635,0.105129,5943,0,23,24,46,23,14098,54,23,46.732,0,0,0,0,0,0,0,0,0,0,0,0,0,0,123066,3196,5889,116128.609,76061.291,35518.418,0.015,46.732,46584.652,17778.349,106.055,187,158,13,23,122,57857,0,0,0,0.000,0.000,0.000,0.000,0.000,0.000,0.000,0.000,0,0,0,0,0,0,0,0,0,0.000,0.000,0.000,0.000,0.000,0.000,0.000,0.000,0,0,0,0,0,0,0,0,0,0.000,0.000,0.000,0.000,0.000,0.000,0.000,0.000,0,0,0,0,0,0,23,0,0,0.000,0.000,0.000,0.000,0.000,2.170,1.460,0.000,0,0,0,0,0,0,0,0,0,0.000,0.000,0.000,0.000,0.000,0.000,0.000,0.000,0,0,0,0,0,0,0,0,1,0,0,0,0,0,0,0,0,0
6361,212.0,6000,65,29,1847,4152,1,0,4328,481.83,1.237,0.995,0.265,0.049,0.309,-0.959,1.937,0.7647,1.8932,0.571,0.099,0.447,0.150,-0.005,56,13,61,0,139,0,374439.88,47023.303,75260.224,61.999,35813.283,13.004,54696.947,18716.039,7361.458,10817.987,8654.390,7203.367,29997.366,1763.547,0.000423,0.108285,6184,0,31,30,59,31,13968,80,28,61.236,0,0,0,0,0,0,0,0,0,0,0,0,0,0,123895,3162,6104,115703.301,75221.962,35798.531,0.029,61.236,47065.945,17891.610,109.828,198,159,13,31,115,65807,0,0,0,0.000,0.000,0.000,0.000,0.000,0.000,0.000,0.000,0,0,0,0,0,0,0,0,0,0.000,0.000,0.000,0.000,0.000,0.000,0.000,0.000,0,0,0,0,0,0,0,0,0,0.000,0.000,0.000,0.000,0.000,0.000,0.000,0.000,0,0,0,0,0,0,30,0,0,0.000,0.000,0.000,0.000,0.000,2.828,2.560,0.000,0,0,0,0,0,0,0,0,0,0.000,0.000,0.000,0.000,0.000,0.000,0.000,0.000,0,0,0,0,0,0,0,0,0,0,0,0,0,0,0,0,0,0
6391,213.0,6000,56,29,1812,4187,1,0,4340,496.37,1.244,0.996,0.264,0.049,0.304,-0.960,1.937,0.7591,1.8895,0.565,0.082,0.436,0.151,-0.004,56,17,42,0,129,0,375145.75,46324.079,75171.301,73.775,34247.230,15.886,55227.926,18770.197,7318.339,9347.176,7477.741,6652.860,29416.541,1607.982,0.000459,0.112070,5906,0,15,27,40,15,14025,102,25,73.158,0,0,0,0,0,0,0,0,0,0,0,0,0,0,125011,3154,5804,113886.977,75127.592,34221.681,0.026,73.158,47665.345,17962.780,105.014,169,134,16,15,103,49715,0,0,0,0.000,0.000,0.000,0.000,0.000,0.000,0.000,0.000,0,0,0,0,0,0,0,0,0,0.000,0.000,0.000,0.000,0.000,0.000,0.000,0.000,0,0,0,0,0,0,0,0,0,0.000,0.000,0.000,0.000,0.000,0.000,0.000,0.000,0,0,0,0,0,0,30,0,0,0.000,0.000,0.000,0.000,0.000,2.839,2.286,0.000,0,0,0,0,0,0,0,0,0,0.000,0.000,0.000,0.000,0.000,0.000,0.000,0.000,0,0,0,0,0,0,0,0,0,0,0,0,0,0,0,0,0,0
6421,214.0,6000,62,29,1770,4230,0,0,4340,528.27,1.253,0.999,0.261,0.050,0.298,-0.960,1.937,0.7707,1.8792,0.570,0.085,0.429,0.151,-0.004,46,8,53,0,144,0,373853.69,44986.276,73553.789,81.396,33431.752,12.880,55793.323,19146.681,7272.072,10261.790,8209.433,6971.641,27057.091,1620.369,0.000483,0.116186,5973,0,20,33,52,20,13611,103,32,81.220,0,0,0,0,0,0,0,0,0,0,0,0,0,0,126121,3077,5870,111409.922,73522.620,33410.430,0.026,81.220,48308.931,18345.940,108.772,184,141,8,20,113,61747,0,0,0,0.000,0.000,0.000,0.000,0.000,0.000,0.000,0.000,0,0,0,0,0,0,0,0,0,0.000,0.000,0.000,0.000,0.000,0.000,0.000,0.000,0,0,0,0,0,0,0,0,0,0.000,0.000,0.000,0.000,0.000,0.000,0.000,0.000,0,0,0,0,0,0,26,0,0,0.000,0.000,0.000,0.000,0.000,2.456,1.484,0.000,0,1,0,0,1,109,0,0,0,0.000,0.000,0.000,0.000,0.000,0.000,0.000,0.000,0,0,0,0,0,0,0,0,0,0,0,0,0,0,0,0,0,0
6451,215.0,6000,66,27,1720,4280,0,0,4295,540.35,1.263,1.000,0.258,0.051,0.291,-0.960,1.935,0.7559,1.8887,0.582,0.077,0.410,0.152,-0.003,47,18,59,0,158,0,371589.16,43819.508,73092.692,88.055,32509.481,14.255,56399.201,19467.941,7211.231,11808.110,9446.489,6789.711,25468.878,1566.195,0.000434,0.117032,5898,0,21,38,56,21,13834,89,35,87.602,0,0,0,0,0,0,0,0,0,0,0,0,0,0,127511,3055,5809,109891.140,73036.874,32493.657,0.113,87.602,49030.755,18676.171,112.545,216,166,18,21,127,73065,0,0,0,0.000,0.000,0.000,0.000,0.000,0.000,0.000,0.000,0,0,0,0,0,0,0,0,0,0.000,0.000,0.000,0.000,0.000,0.000,0.000,0.000,0,0,0,0,0,0,0,0,0,0.000,0.000,0.000,0.000,0.000,0.000,0.000,0.000,0,0,0,0,0,0,0,0,0,0.000,0.000,0.000,0.000,0.000,0.000,0.000,0.000,0,0,0,0,0,0,0,0,0,0.000,0.000,0.000,0.000,0.000,0.000,0.000,0.000,0,0,0,0,0,0,0,0,0,0,0,0,0,0,0,0,0,0
6481,216.0,5993,42,27,1671,4322,0,0,4278,553.70,1.273,1.002,0.257,0.050,0.284,-0.960,1.933,0.7555,1.8808,0.584,0.082,0.384,0.152,-0.003,47,12,92,0,141,0,366545.50,42219.421,72270.951,122.117,30608.358,12.748,57025.666,19760.868,7119.081,11869.174,9495.339,8029.155,23746.511,1601.032,0.000451,0.119494,5802,0,39,53,90,39,13635,74,51,121.661,0,0,0,0,0,0,0,0,0,0,0,0,0,0,129072,3018,5728,107174.194,72221.185,30596.797,0.241,121.661,49784.092,18975.311,125.625,217,175,12,39,124,78177,0,0,0,0.000,0.000,0.000,0.000,0.000,0.000,0.000,0.000,0,0,0,0,0,0,0,0,0,0.000,0.000,0.000,0.000,0.000,0.000,0.000,0.000,0,0,0,0,0,0,0,0,0,0.000,0.000,0.000,0.000,0.000,0.000,0.000,0.000,0,0,0,0,0,0,0,0,0,0.000,0.000,0.000,0.000,0.000,0.000,0.000,0.000,0,0,0,0,0,0,0,0,0,0.000,0.000,0.000,0.000,0.000,0.000,0.000,0.000,0,0,0,0,0,0,0,0,0,0,0,0,0,0,0,0,0,0
6511,217.0,5999,50,27,1622,4377,0,0,4262,589.01,1.283,1.004,0.253,0.052,0.276,-0.960,1.937,0.7570,1.8865,0.582,0.074,0.351,0.153,-0.002,55,20,83,1,162,0,358550.12,40778.040,69692.586,99.157,29547.052,13.115,57578.391,19921.600,7087.596,13708.241,10966.593,8763.332,20818.906,1653.685,0.000450,0.120643,5679,0,50,33,83,50,13596,89,33,98.914,0,0,0,0,0,0,0,0,0,0,0,0,0,0,130454,2916,5590,103272.059,69647.337,29532.583,0.243,98.914,50466.811,19150.802,127.719,253,198,19,50,129,86394,0,0,0,0.000,0.000,0.000,0.000,0.000,0.000,0.000,0.000,0,0,0,0,0,0,0,0,0,0.000,0.000,0.000,0.000,0.000,0.000,0.000,0.000,0,0,0,0,0,0,0,0,0,0.000,0.000,0.000,0.000,0.000,0.000,0.000,0.000,0,0,0,0,0,0,0,0,0,0.000,0.000,0.000,0.000,0.000,0.000,0.000,0.000,0,0,0,0,0,0,0,0,0,0.000,0.000,0.000,0.000,0.000,0.000,0.000,0.000,0,0,0,0,0,0,0,0,0,0,0,0,0,0,0,0,0,0
6541,218.0,5997,45,27,1587,4410,0,0,4293,512.90,1.290,1.005,0.251,0.051,0.271,-0.960,1.933,0.7589,1.8763,0.585,0.067,0.330,0.153,-0.001,62,23,66,0,154,0,349821.09,38822.832,66544.044,56.025,29152.957,16.765,58128.897,20212.746,7092.329,12364.925,9891.940,6817.835,17921.028,1506.119,0.000489,0.123052,5600,0,38,28,62,38,13410,91,24,55.305,0,0,0,0,0,0,0,0,0,0,0,0,0,0,131744,2783,5509,99596.973,66512.326,29140.287,0.154,55.305,51135.792,19470.031,119.749,230,197,23,38,136,89802,0,0,0,0.000,0.000,0.000,0.000,0.000,0.000,0.000,0.000,0,0,0,0,0,0,0,0,0,0.000,0.000,0.000,0.000,0.000,0.000,0.000,0.000,0,0,0,0,0,0,0,0,0,0.000,0.000,0.000,0.000,0.000,0.000,0.000,0.000,0,0,0,0,0,0,0,0,0,0.000,0.000,0.000,0.000,0.000,0.000,0.000,0.000,0,0,0,0,0,0,0,0,0,0.000,0.000,0.000,0.000,0.000,0.000,0.000,0.000,0,0,0,0,0,0,0,0,0,0,0,0,0,0,0,0,0,0
6571,219.0,6000,54,27,1556,4444,0,0,4257,560.67,1.296,1.007,0.249,0.051,0.267,-0.959,1.934,0.7646,1.8949,0.592,0.055,0.292,0.153,-0.001,61,20,71,0,181,0,337699.97,37006.923,64309.168,80.335,27398.887,14.295,58559.547,20121.564,7035.491,13729.763,10983.810,7937.401,15692.139,1425.441,0.000434,0.123157,5537,0,35,36,69,35,13667,60,34,79.502,0,0,0,0,0,0,0,0,0,0,0,0,0,0,132664,2692,5477,95475.586,64277.404,27393.966,0.213,79.502,51632.303,19392.160,126.889,249,215,20,35,160,99879,0,0,0,0.000,0.000,0.000,0.000,0.000,0.000,0.000,0.000,0,0,0,0,0,0,0,0,0,0.000,0.000,0.000,0.000,0.000,0.000,0.000,0.000,0,0,0,0,0,0,0,0,0,0.000,0.000,0.000,0.000,0.000,0.000,0.000,0.000,0,0,0,0,0,0,0,0,0,0.000,0.000,0.000,0.000,0.000,0.000,0.000,0.000,0,0,0,0,0,0,0,0,0,0.000,0.000,0.000,0.000,0.000,0.000,0.000,0.000,0,0,0,0,0,0,0,0,0,0,0,0,0,0,0,0,0,0
6601,220.0,5997,42,26,1528,4469,0,0,4229,520.65,1.303,1.008,0.247,0.051,0.263,-0.960,1.933,0.7594,1.8825,0.590,0.047,0.262,0.154,-0.001,47,24,67,0,176,0,326306.97,35422.081,62932.296,30.929,26044.164,14.098,59006.065,20208.232,6958.511,13560.871,10848.697,6069.197,13406.226,1417.908,0.000511,0.119301,5437,0,46,21,66,46,13638,24,20,30.520,0,0,0,0,0,0,0,0,0,0,0,0,0,0,133659,2633,5413,92550.016,62905.780,26036.102,0.327,30.520,52161.775,19489.718,128.541,253,228,24,46,158,102509,0,0,0,0.000,0.000,0.000,0.000,0.000,0.000,0.000,0.000,0,0,0,0,0,0,0,0,0,0.000,0.000,0.000,0.000,0.000,0.000,0.000,0.000,0,0,0,0,0,0,0,0,0,0.000,0.000,0.000,0.000,0.000,0.000,0.000,0.000,0,0,0,0,0,0,0,0,0,0.000,0.000,0.000,0.000,0.000,0.000,0.000,0.000,0,0,0,0,0,0,0,0,0,0.000,0.000,0.000,0.000,0.000,0.000,0.000,0.000,0,0,0,0,0,0,0,0,0,0,0,0,0,0,0,0,0,0
6631,221.0,5995,40,26,1503,4492,0,0,4209,571.70,1.307,1.010,0.245,0.050,0.259,-0.960,1.932,0.7533,1.8923,0.587,0.049,0.231,0.154,-0.000,71,30,38,0,204,0,314585.34,33595.241,61130.788,32.325,23894.015,16.065,59445.859,20263.537,6896.872,13710.211,10968.169,4579.040,11400.551,1152.068,0.000404,0.116418,5375,0,23,15,37,23,13430,20,14,32.006,0,0,0,0,0,0,0,0,0,0,0,0,0,0,134442,2558,5355,88530.814,61100.869,23890.803,0.097,32.006,52649.185,19561.329,117.932,255,232,30,23,179,110066,0,0,0,0.000,0.000,0.000,0.000,0.000,0.000,0.000,0.000,0,0,0,0,0,0,0,0,0,0.000,0.000,0.000,0.000,0.000,0.000,0.000,0.000,0,0,0,0,0,0,0,0,0,0.000,0.000,0.000,0.000,0.000,0.000,0.000,0.000,0,0,0,0,0,0,0,0,0,0.000,0.000,0.000,0.000,0.000,0.000,0.000,0.000,0,0,0,0,0,0,0,0,0,0.000,0.000,0.000,0.000,0.000,0.000,0.000,0.000,0,0,0,0,0,0,0,0,0,0,0,0,0,0,0,0,0,0
6661,222.0,6000,53,26,1485,4515,0,0,4191,535.73,1.311,1.010,0.244,0.049,0.257,-0.960,1.935,0.7548,1.8846,0.592,0.040,0.200,0.154,-0.000,64,32,36,0,214,0,300254.19,31840.717,58146.609,28.265,22993.014,18.069,59804.851,20430.662,6877.001,14493.651,11594.921,4076.248,9176.915,1082.354,0.000349,0.115572,5284,0,18,18,34,18,13494,31,16,27.763,0,0,0,0,0,0,0,0,0,0,0,0,0,0,135179,2445,5253,84491.702,58123.160,22986.015,0.040,27.763,53067.102,19741.280,114.243,267,244,31,18,195,112833,0,0,0,0.000,0.000,0.000,0.000,0.000,0.000,0.000,0.000,0,0,0,0,0,0,0,0,0,0.000,0.000,0.000,0.000,0.000,0.000,0.000,0.000,0,0,0,0,0,0,0,0,0,0.000,0.000,0.000,0.000,0.000,0.000,0.000,0.000,0,0,0,0,0,0,0,0,0,0.000,0.000,0.000,0.000,0.000,0.000,0.000,0.000,0,0,0,0,0,0,0,0,0,0.000,0.000,0.000,0.000,0.000,0.000,0.000,0.000,0,0,0,0,0,0,0,0,0,0,0,0,0,0,0,0,0,0
6691,223.0,6000,41,26,1460,4540,0,0,4158,589.08,1.316,1.011,0.242,0.048,0.253,-0.960,1.934,0.7560,1.9051,0.606,0.029,0.153,0.154,-0.000,59,41,33,1,261,0,282127.78,30596.922,53842.242,44.476,21773.164,14.419,60077.200,20388.657,6831.464,17041.078,13632.863,3845.203,7059.889,999.421,0.000665,0.110710,5375,0,12,21,33,12,12889,21,21,44.447,0,0,0,0,0,0,0,0,0,0,0,0,0,0,135769,2254,5354,78712.116,53818.131,21765.289,0.029,44.447,53391.560,19704.777,116.479,316,291,41,12,238,141336,0,0,0,0.000,0.000,0.000,0.000,0.000,0.000,0.000,0.000,0,0,0,0,0,0,0,0,0,0.000,0.000,0.000,0.000,0.000,0.000,0.000,0.000,0,0,0,0,0,0,0,0,0,0.000,0.000,0.000,0.000,0.000,0.000,0.000,0.000,0,0,0,0,0,0,0,0,0,0.000,0.000,0.000,0.000,0.000,0.000,0.000,0.000,0,0,0,0,0,0,0,0,0,0.000,0.000,0.000,0.000,0.000,0.000,0.000,0.000,0,0,0,0,0,0,0,0,0,0,0,0,0,0,0,0,0,0
6721,224.0,5996,36,26,1453,4543,0,0,4106,585.94,1.317,1.011,0.241,0.048,0.252,-0.960,1.935,0.7653,1.8839,0.599,0.020,0.101,0.154,-0.000,69,54,30,0,286,0,261063.19,29107.966,50653.020,17.366,19877.280,14.870,60229.702,20490.696,6724.332,18580.043,14864.035,4250.261,4459.086,972.838,0.000334,0.108328,5075,0,20,10,30,20,13168,22,10,17.318,0,0,0,0,0,0,0,0,0,0,0,0,0,0,136324,2116,5053,73404.262,50632.095,19872.813,0.048,17.318,53598.071,19817.821,114.272,341,338,52,20,266,173323,0,0,0,0.000,0.000,0.000,0.000,0.000,0.000,0.000,0.000,0,0,0,0,0,0,0,0,0,0.000,0.000,0.000,0.000,0.000,0.000,0.000,0.000,0,0,0,0,0,0,0,0,0,0.000,0.000,0.000,0.000,0.000,0.000,0.000,0.000,0,0,0,0,0,0,0,0,0,0.000,0.000,0.000,0.000,0.000,0.000,0.000,0.000,0,0,0,0,0,0,0,0,0,0.000,0.000,0.000,0.000,0.000,0.000,0.000,0.000,0,0,0,0,0,0,0,0,0,0,0,0,0,0,0,0,0,0
6751,225.0,5997,26,26,1438,4559,0,0,4044,619.78,1.321,1.013,0.240,0.048,0.250,-0.960,1.933,0.7623,1.8717,0.598,0.008,0.056,0.155,-0.000,51,50,35,1,312,0,238654.62,27681.829,48142.501,36.130,19206.700,14.993,60356.071,20473.996,6666.216,19978.158,15982.527,3854.318,2065.853,856.936,0.000347,0.106265,5094,0,9,26,32,9,13350,20,23,35.386,0,0,0,0,0,0,0,0,0,0,0,0,0,0,136663,2018,5074,70086.521,48126.611,19202.556,0.016,35.386,53733.201,19802.262,111.057,365,349,50,9,290,188959,0,0,0,0.000,0.000,0.000,0.000,0.000,0.000,0.000,0.000,0,0,0,0,0,0,0,0,0,0.000,0.000,0.000,0.000,0.000,0.000,0.000,0.000,0,0,0,0,0,0,0,0,0,0.000,0.000,0.000,0.000,0.000,0.000,0.000,0.000,0,0,0,0,0,0,0,0,0,0.000,0.000,0.000,0.000,0.000,0.000,0.000,0.000,0,0,0,0,0,0,0,0,0,0.000,0.000,0.000,0.000,0.000,0.000,0.000,0.000,0,0,0,0,0,0,0,0,0,0,0,0,0,0,0,0,0,0
6781,226.0,5998,35,26,1439,4559,0,0,3968,525.10,1.321,1.014,0.240,0.048,0.250,-0.960,1.930,0.7731,1.8854,0.609,0.002,0.014,0.155,-0.000,58,67,26,0,340,0,214022.08,26651.788,44884.423,23.183,17415.351,13.129,60310.651,20547.151,6558.053,21885.301,17508.241,2608.578,1022.083,768.375,0.000393,0.106206,5021,0,10,16,23,10,13383,12,13,22.488,0,0,0,0,0,0,0,0,0,0,0,0,0,0,136812,1875,5009,64810.723,44870.167,17412.696,0.031,22.488,53702.805,19874.953,109.666,399,399,65,10,324,207451,0,0,0,0.000,0.000,0.000,0.000,0.000,0.000,0.000,0.000,0,0,0,0,0,0,0,0,0,0.000,0.000,0.000,0.000,0.000,0.000,0.000,0.000,0,0,0,0,0,0,0,0,0,0.000,0.000,0.000,0.000,0.000,0.000,0.000,0.000,0,0,0,0,0,0,0,0,0,0.000,0.000,0.000,0.000,0.000,0.000,0.000,0.000,0,0,0,0,0,0,0,0,0,0.000,0.000,0.000,0.000,0.000,0.000,0.000,0.000,0,0,0,0,0,0,0,0,0,0,0,0,0,0,0,0,0,0
6811,227.0,5769,34,26,1443,4326,0,0,3899,558.83,1.310,1.013,0.243,0.047,0.259,-0.960,1.926,0.7804,1.8759,0.589,0.000,0.005,0.154,-0.000,51,85,13,0,408,0,187977.25,25641.408,39895.589,12.244,16128.027,12.690,59367.803,20172.850,6494.401,13601.586,10881.269,1975.143,197.649,665.904,0.000240,0.105121,4970,0,1,12,12,1,12790,16,11,12.129,0,0,0,0,0,0,0,0,0,0,0,0,0,0,134358,1667,4954,58320.059,39883.344,16125.068,0.000,12.129,52721.760,19496.174,104.997,240,473,83,1,389,238837,0,0,0,0.000,0.000,0.000,0.000,0.000,0.000,0.000,0.000,0,0,0,0,0,0,0,0,0,0.000,0.000,0.000,0.000,0.000,0.000,0.000,0.000,0,0,0,0,0,0,0,0,0,0.000,0.000,0.000,0.000,0.000,0.000,0.000,0.000,0,0,0,0,0,0,0,0,0,0.000,0.000,0.000,0.000,0.000,0.000,0.000,0.000,0,0,0,0,0,0,0,0,0,0.000,0.000,0.000,0.000,0.000,0.000,0.000,0.000,0,0,0,0,0,0,0,0,0,0,0,0,0,0,0,0,0,0
6841,228.0,5382,26,26,1425,3957,0,0,3683,540.98,1.292,1.011,0.246,0.047,0.272,-0.960,1.924,0.7908,1.8730,0.603,0.000,0.005,0.154,-0.002,55,87,10,1,465,0,163970.30,24133.273,36906.903,14.027,14580.284,13.174,55586.699,18665.603,6246.215,8752.029,7001.623,2069.453,125.383,617.394,0.000216,0.107033,4651,0,0,10,9,0,12562,8,9,13.673,0,0,0,0,0,0,0,0,0,0,0,0,0,0,124717,1545,4643,53613.624,36893.144,14577.875,0.000,13.673,48984.861,17994.575,99.359,156,525,87,0,438,264203,0,0,0,0.000,0.000,0.000,0.000,0.000,0.000,0.000,0.000,0,0,0,0,0,0,0,0,0,0.000,0.000,0.000,0.000,0.000,0.000,0.000,0.000,0,0,0,0,0,0,0,0,0,0.000,0.000,0.000,0.000,0.000,0.000,0.000,0.000,0,0,0,0,0,0,0,0,0,0.000,0.000,0.000,0.000,0.000,0.000,0.000,0.000,0,0,0,0,0,0,0,0,0,0.000,0.000,0.000,0.000,0.000,0.000,0.000,0.000,0,0,0,0,0,0,0,0,0,0,0,0,0,0,0,0,0,0
6871,229.0,4911,43,26,1421,3490,0,0,3342,528.72,1.262,1.006,0.253,0.047,0.294,-0.960,1.923,0.7915,1.8725,0.605,0.000,0.005,0.152,-0.003,49,99,15,0,556,0,143722.91,23064.529,34183.778,14.521,12813.596,12.662,50618.483,16914.850,5776.485,9570.911,7656.729,1627.347,93.638,565.227,0.000178,0.107630,4051,0,0,15,14,0,11760,23,14,14.440,0,0,0,0,0,0,0,0,0,0,0,0,0,0,112248,1431,4028,48976.607,34163.778,12809.855,0.000,14.440,44077.843,16248.244,90.557,164,631,99,0,532,303676,0,0,0,0.000,0.000,0.000,0.000,0.000,0.000,0.000,0.000,0,0,0,0,0,0,0,0,0,0.000,0.000,0.000,0.000,0.000,0.000,0.000,0.000,0,0,0,0,0,0,0,0,0,0.000,0.000,0.000,0.000,0.000,0.000,0.000,0.000,0,0,0,0,0,0,0,0,0,0.000,0.000,0.000,0.000,0.000,0.000,0.000,0.000,0,0,0,0,0,0,0,0,0,0.000,0.000,0.000,0.000,0.000,0.000,0.000,0.000,0,0,0,0,0,0,0,0,0,0,0,0,0,0,0,0,0,0
6901,230.0,4475,47,21,1417,3058,0,0,3021,587.64,1.228,1.000,0.260,0.046,0.318,-0.960,1.926,0.8085,1.8755,0.602,0.001,0.004,0.151,-0.005,57,112,5,0,490,0,129713.20,22042.601,32465.417,2.611,12048.406,13.766,44893.969,14847.305,5211.268,8196.884,6557.507,1317.728,75.251,535.441,0.000266,0.108956,3553,0,0,5,2,0,11242,25,2,1.906,0,0,0,0,0,0,0,0,0,0,0,0,0,0,98019,1353,3528,46297.691,32445.976,12044.428,0.000,1.906,38388.315,14195.540,75.674,140,572,110,0,462,295967,0,0,0,0.000,0.000,0.000,0.000,0.000,0.000,0.000,0.000,0,0,0,0,0,0,0,0,0,0.000,0.000,0.000,0.000,0.000,0.000,0.000,0.000,0,0,0,0,0,0,0,0,0,0.000,0.000,0.000,0.000,0.000,0.000,0.000,0.000,0,0,0,0,0,0,0,0,0,0.000,0.000,0.000,0.000,0.000,0.000,0.000,0.000,0,0,0,0,0,0,0,0,0,0.000,0.000,0.000,0.000,0.000,0.000,0.000,0.000,0,0,0,0,0,0,0,0,0,0,0,0,0,0,0,0,0,0
6931,231.0,4055,51,21,1399,2656,0,0,2689,564.18,1.195,0.995,0.268,0.046,0.344,-0.960,1.929,0.8058,1.8575,0.623,0.000,0.005,0.149,-0.007,61,102,7,0,449,0,118467.54,21349.795,28132.751,16.113,10282.816,16.312,40070.833,13037.718,4709.609,6619.519,5295.615,1085.080,65.574,451.607,0.000230,0.108720,3028,0,0,7,6,0,10680,20,6,15.979,0,0,0,0,0,0,0,0,0,0,0,0,0,0,85668,1176,3008,40024.426,28118.251,10278.467,0.000,15.979,33585.319,12397.574,61.975,112,514,101,0,413,275569,0,0,0,0.000,0.000,0.000,0.000,0.000,0.000,0.000,0.000,0,0,0,0,0,0,0,0,0,0.000,0.000,0.000,0.000,0.000,0.000,0.000,0.000,0,0,0,0,0,0,0,0,0,0.000,0.000,0.000,0.000,0.000,0.000,0.000,0.000,0,0,0,0,0,0,0,0,0,0.000,0.000,0.000,0.000,0.000,0.000,0.000,0.000,0,0,0,0,0,0,0,0,0,0.000,0.000,0.000,0.000,0.000,0.000,0.000,0.000,0,0,0,0,0,0,0,0,0,0,0,0,0,0,0,0,0,0
6961,232.0,3777,71,21,1406,2371,0,0,2358,547.59,1.161,0.991,0.275,0.046,0.368,-0.960,1.931,0.8124,1.8606,0.636,0.000,0.006,0.148,-0.008,47,103,1,0,327,0,111270.88,20564.298,26667.166,0.123,9803.507,11.979,35871.903,11550.149,4135.090,7155.785,5724.628,1002.690,22.811,414.441,0.000249,0.109273,2710,0,0,1,0,0,10388,13,0,0.000,0,0,0,0,0,0,0,0,0,0,0,0,0,0,75176,1112,2697,37949.646,26648.752,9801.421,0.000,0.000,29447.100,10915.607,55.013,119,404,102,0,302,209804,0,0,0,0.000,0.000,0.000,0.000,0.000,0.000,0.000,0.000,0,0,0,0,0,0,0,0,0,0.000,0.000,0.000,0.000,0.000,0.000,0.000,0.000,0,0,0,0,0,0,0,0,0,0.000,0.000,0.000,0.000,0.000,0.000,0.000,0.000,0,0,0,0,0,0,0,0,0,0.000,0.000,0.000,0.000,0.000,0.000,0.000,0.000,0,0,0,0,0,0,0,0,0,0.000,0.000,0.000,0.000,0.000,0.000,0.000,0.000,0,0,0,0,0,0,0,0,0,0,0,0,0,0,0,0,0,0
6991,233.0,3573,60,21,1421,2152,0,0,2056,591.99,1.129,0.986,0.280,0.047,0.391,-0.960,1.933,0.8133,1.8452,0.622,0.000,0.006,0.146,-0.010,51,89,2,1,271,0,106215.23,19897.686,24603.116,0.359,9211.605,14.834,33027.484,10418.545,3600.205,7238.596,5790.877,596.885,74.922,391.058,0.000157,0.109495,2382,0,0,2,0,0,10237,3,0,0.000,0,0,0,0,0,0,0,0,0,0,0,0,0,0,68009,1025,2379,35167.696,24570.625,9210.447,0.000,0.000,26594.523,9787.485,48.526,115,334,88,0,246,180776,0,0,0,0.000,0.000,0.000,0.000,0.000,0.000,0.000,0.000,0,0,0,0,0,0,0,0,0,0.000,0.000,0.000,0.000,0.000,0.000,0.000,0.000,0,0,0,0,0,0,0,0,0,0.000,0.000,0.000,0.000,0.000,0.000,0.000,0.000,0,0,0,0,0,0,0,0,0,0.000,0.000,0.000,0.000,0.000,0.000,0.000,0.000,0,0,0,0,0,0,0,0,0,0.000,0.000,0.000,0.000,0.000,0.000,0.000,0.000,0,0,0,0,0,0,0,0,0,0,0,0,0,0,0,0,0,0
7021,234.0,3437,62,21,1441,1996,0,0,1869,625.49,1.101,0.984,0.285,0.046,0.411,-0.960,1.936,0.8284,1.8537,0.628,0.000,0.008,0.145,-0.011,42,73,3,1,212,0,101171.87,19141.919,21926.322,5.114,8400.701,11.935,30701.818,9565.006,3178.486,6849.294,5479.435,892.491,64.305,344.747,0.000275,0.108620,2160,0,0,3,2,0,9827,6,2,4.754,0,0,0,0,0,0,0,0,0,0,0,0,0,0,62179,916,2154,31509.417,21910.224,8399.348,0.000,4.754,24234.468,8924.693,45.345,106,262,73,0,189,136498,0,0,0,0.000,0.000,0.000,0.000,0.000,0.000,0.000,0.000,0,0,0,0,0,0,0,0,0,0.000,0.000,0.000,0.000,0.000,0.000,0.000,0.000,0,0,0,0,0,0,0,0,0,0.000,0.000,0.000,0.000,0.000,0.000,0.000,0.000,0,0,0,0,0,0,0,0,0,0.000,0.000,0.000,0.000,0.000,0.000,0.000,0.000,0,0,0,0,0,0,0,0,0,0.000,0.000,0.000,0.000,0.000,0.000,0.000,0.000,0,0,0,0,0,0,0,0,0,0,0,0,0,0,0,0,0,0
7051,235.0,3304,58,24,1454,1850,0,0,1669,607.10,1.075,0.981,0.289,0.047,0.430,-0.961,1.939,0.8357,1.8599,0.626,0.000,0.007,0.144,-0.012,30,85,6,1,195,0,96735.80,18617.600,20190.168,5.925,9079.892,13.106,28843.881,8903.683,2856.822,6919.247,5535.398,755.895,127.622,378.008,0.000198,0.109019,2221,0,0,6,3,0,9965,18,3,5.352,0,0,0,0,0,0,0,0,0,0,0,0,0,0,57639,841,2203,30345.061,20167.110,9074.579,0.000,5.352,22364.964,8251.925,43.524,109,255,82,0,173,142439,0,0,0,0.000,0.000,0.000,0.000,0.000,0.000,0.000,0.000,0,0,0,0,0,0,0,0,0,0.000,0.000,0.000,0.000,0.000,0.000,0.000,0.000,0,0,0,0,0,0,0,0,0,0.000,0.000,0.000,0.000,0.000,0.000,0.000,0.000,0,0,0,0,0,0,0,0,0,0.000,0.000,0.000,0.000,0.000,0.000,0.000,0.000,0,0,0,0,0,0,0,0,0,0.000,0.000,0.000,0.000,0.000,0.000,0.000,0.000,0,0,0,0,0,0,0,0,0,0,0,0,0,0,0,0,0,0
7081,236.0,3161,76,24,1471,1690,0,0,1530,543.45,1.043,0.979,0.295,0.047,0.453,-0.961,1.939,0.8443,1.8438,0.621,0.001,0.007,0.143,-0.013,59,90,7,0,175,0,92967.20,18255.712,18221.721,4.770,7833.324,14.593,27123.704,8229.024,2549.471,5640.634,4512.507,773.981,103.435,343.059,0.000184,0.109794,1961,0,2,5,5,2,9880,13,3,4.565,0,0,0,0,0,0,0,0,0,0,0,0,0,0,53152,762,1948,27096.197,18206.990,7831.584,0.003,4.565,20593.134,7571.074,41.532,86,246,87,2,157,117321,0,0,0,0.000,0.000,0.000,0.000,0.000,0.000,0.000,0.000,0,0,0,0,0,0,0,0,0,0.000,0.000,0.000,0.000,0.000,0.000,0.000,0.000,0,0,0,0,0,0,0,0,0,0.000,0.000,0.000,0.000,0.000,0.000,0.000,0.000,0,0,0,0,0,0,0,0,0,0.000,0.000,0.000,0.000,0.000,0.000,0.000,0.000,0,0,0,0,0,0,0,0,0,0.000,0.000,0.000,0.000,0.000,0.000,0.000,0.000,0,0,0,0,0,0,0,0,0,0,0,0,0,0,0,0,0,0
7111,237.0,3092,67,24,1496,1596,0,0,1402,578.39,1.019,0.976,0.298,0.047,0.470,-0.962,1.938,0.8520,1.8557,0.633,0.001,0.006,0.142,-0.012,54,82,10,0,133,0,90227.05,17939.857,17596.899,3.975,8004.658,11.884,25614.123,7822.216,2309.759,6800.638,5440.510,736.837,90.362,347.461,0.000204,0.110204,1891,0,6,4,9,6,9474,16,3,3.929,0,0,0,0,0,0,0,0,0,0,0,0,0,0,49153,732,1875,26567.417,17580.048,8000.868,0.010,3.929,18997.357,7154.812,40.351,103,197,80,6,111,97132,0,0,0,0.000,0.000,0.000,0.000,0.000,0.000,0.000,0.000,0,0,0,0,0,0,0,0,0,0.000,0.000,0.000,0.000,0.000,0.000,0.000,0.000,0,0,0,0,0,0,0,0,0,0.000,0.000,0.000,0.000,0.000,0.000,0.000,0.000,0,0,0,0,0,0,0,0,0,0.000,0.000,0.000,0.000,0.000,0.000,0.000,0.000,0,0,0,0,0,0,0,0,0,0.000,0.000,0.000,0.000,0.000,0.000,0.000,0.000,0,0,0,0,0,0,0,0,0,0,0,0,0,0,0,0,0,0
7141,238.0,3014,56,24,1510,1504,0,0,1300,571.96,0.998,0.975,0.301,0.047,0.485,-0.962,1.937,0.8502,1.8423,0.637,0.002,0.005,0.141,-0.013,52,63,12,1,134,0,87336.53,17901.754,15838.398,7.122,7547.537,13.378,24615.384,7411.769,2116.112,5677.240,4541.792,962.066,100.374,296.636,0.000283,0.111403,1787,0,3,9,11,3,9629,5,8,6.810,0,0,0,0,0,0,0,0,0,0,0,0,0,0,46540,662,1782,24240.217,15821.630,7545.439,0.007,6.810,17951.172,6734.596,37.781,83,175,63,3,109,82853,0,0,0,0.000,0.000,0.000,0.000,0.000,0.000,0.000,0.000,0,0,0,0,0,0,0,0,0,0.000,0.000,0.000,0.000,0.000,0.000,0.000,0.000,0,0,0,0,0,0,0,0,0,0.000,0.000,0.000,0.000,0.000,0.000,0.000,0.000,0,0,0,0,0,0,0,0,0,0.000,0.000,0.000,0.000,0.000,0.000,0.000,0.000,0,0,0,0,0,0,0,0,0,0.000,0.000,0.000,0.000,0.000,0.000,0.000,0.000,0,0,0,0,0,0,0,0,0,0,0,0,0,0,0,0,0,0
7171,239.0,2945,66,24,1524,1421,0,0,1247,615.74,0.977,0.975,0.302,0.048,0.500,-0.962,1.935,0.8655,1.8517,0.636,0.001,0.011,0.140,-0.014,55,69,5,0,123,0,85600.91,18049.080,14902.923,4.458,7685.769,14.445,23611.010,7005.578,1974.621,5598.546,4478.837,588.540,97.001,295.635,0.000149,0.111208,1654,0,1,4,4,1,9305,9,3,4.435,0,0,0,0,0,0,0,0,0,0,0,0,0,0,43847,619,1645,23408.135,14881.776,7684.400,0.001,4.435,16917.425,6319.265,31.721,85,168,67,1,100,80484,0,0,0,0.000,0.000,0.000,0.000,0.000,0.000,0.000,0.000,0,0,0,0,0,0,0,0,0,0.000,0.000,0.000,0.000,0.000,0.000,0.000,0.000,0,0,0,0,0,0,0,0,0,0.000,0.000,0.000,0.000,0.000,0.000,0.000,0.000,0,0,0,0,0,0,0,0,0,0.000,0.000,0.000,0.000,0.000,0.000,0.000,0.000,0,0,0,0,0,0,0,0,0,0.000,0.000,0.000,0.000,0.000,0.000,0.000,0.000,0,0,0,0,0,0,0,0,0,0,0,0,0,0,0,0,0,0
7201,240.0,2884,79,25,1553,1331,0,0,1157,605.76,0.950,0.976,0.303,0.049,0.519,-0.962,1.936,0.8786,1.8861,0.638,0.001,0.011,0.139,-0.014,56,72,10,0,118,0,85065.08,17920.770,15073.360,16.864,7083.399,14.297,22687.104,6678.008,1860.462,5679.389,4543.511,656.593,236.353,292.420,0.000185,0.111966,1541,0,2,8,10,2,9300,8,8,16.862,0,0,0,0,0,0,0,0,0,0,0,0,0,0,41376,627,1533,22976.825,15055.981,7082.048,0.002,16.862,15958.253,5979.418,28.108,76,166,68,2,96,78970,0,0,0,0.000,0.000,0.000,0.000,0.000,0.000,0.000,0.000,0,0,0,0,0,0,0,0,0,0.000,0.000,0.000,0.000,0.000,0.000,0.000,0.000,0,0,0,0,0,0,0,0,0,0.000,0.000,0.000,0.000,0.000,0.000,0.000,0.000,0,0,0,0,0,0,0,0,0,0.000,0.000,0.000,0.000,0.000,0.000,0.000,0.000,0,0,0,0,0,0,0,0,0,0.000,0.000,0.000,0.000,0.000,0.000,0.000,0.000,0,0,0,0,0,0,0,0,0,0,0,0,0,0,0,0,0,0
7231,241.0,2876,67,25,1590,1286,0,0,1110,631.98,0.931,0.976,0.302,0.049,0.533,-0.963,1.937,0.8789,1.8848,0.633,0.001,0.016,0.139,-0.015,39,75,12,1,84,0,85937.56,18378.581,14994.505,10.933,7576.001,12.809,21916.100,6349.362,1728.253,6887.062,5509.649,588.105,251.279,301.025,0.000221,0.110907,1611,0,5,7,11,5,9796,5,6,10.754,0,0,0,0,0,0,0,0,0,0,0,0,0,0,39219,625,1606,23407.092,14970.330,7575.166,0.003,10.754,15095.668,5640.227,26.952,97,142,65,5,72,66144,0,0,0,0.000,0.000,0.000,0.000,0.000,0.000,0.000,0.000,0,0,0,0,0,0,0,0,0,0.000,0.000,0.000,0.000,0.000,0.000,0.000,0.000,0,0,0,0,0,0,0,0,0,0.000,0.000,0.000,0.000,0.000,0.000,0.000,0.000,0,0,0,0,0,0,0,0,0,0.000,0.000,0.000,0.000,0.000,0.000,0.000,0.000,0,0,0,0,0,0,0,0,0,0.000,0.000,0.000,0.000,0.000,0.000,0.000,0.000,0,0,0,0,0,0,0,0,0,0,0,0,0,0,0,0,0,0
7261,242.0,2887,77,25,1626,1261,0,0,1058,642.86,0.918,0.976,0.299,0.049,0.544,-0.963,1.938,0.8851,1.8894,0.626,0.001,0.013,0.138,-0.016,40,65,7,1,71,0,88116.10,18985.105,14768.976,6.860,7258.309,10.260,21576.778,6243.751,1650.381,6360.783,5088.626,445.733,104.696,288.906,0.000145,0.110817,1491,0,1,6,5,1,9629,4,4,6.316,0,0,0,0,0,0,0,0,0,0,0,0,0,0,38139,617,1487,22890.273,14753.868,7257.783,0.001,6.316,14647.737,5514.517,27.459,86,111,62,1,48,51768,0,0,0,0.000,0.000,0.000,0.000,0.000,0.000,0.000,0.000,0,0,0,0,0,0,0,0,0,0.000,0.000,0.000,0.000,0.000,0.000,0.000,0.000,0,0,0,0,0,0,0,0,0,0.000,0.000,0.000,0.000,0.000,0.000,0.000,0.000,0,0,0,0,0,0,0,0,0,0.000,0.000,0.000,0.000,0.000,0.000,0.000,0.000,0,0,0,0,0,0,0,0,0,0.000,0.000,0.000,0.000,0.000,0.000,0.000,0.000,0,0,0,0,0,0,0,0,0,0,0,0,0,0,0,0,0,0
7291,243.0,2934,86,25,1686,1248,0,0,1037,667.19,0.903,0.976,0.296,0.051,0.554,-0.963,1.937,0.8912,1.8877,0.623,0.002,0.012,0.137,-0.017,40,59,14,1,61,0,91141.20,19598.608,15198.163,12.977,7669.543,11.602,21490.844,6189.530,1562.251,7360.108,5888.086,673.475,97.303,299.231,0.000171,0.110663,1491,0,6,8,14,6,10008,2,8,12.967,0,0,0,0,0,0,0,0,0,0,0,0,0,0,37601,636,1489,23717.644,15171.214,7669.310,0.009,12.967,14437.956,5438.402,31.979,96,109,58,6,45,55260,0,0,0,0.000,0.000,0.000,0.000,0.000,0.000,0.000,0.000,0,0,0,0,0,0,0,0,0,0.000,0.000,0.000,0.000,0.000,0.000,0.000,0.000,0,0,0,0,0,0,0,0,0,0.000,0.000,0.000,0.000,0.000,0.000,0.000,0.000,0,0,0,0,0,0,0,0,0,0.000,0.000,0.000,0.000,0.000,0.000,0.000,0.000,0,0,0,0,0,0,0,0,0,0.000,0.000,0.000,0.000,0.000,0.000,0.000,0.000,0,0,0,0,0,0,0,0,0,0,0,0,0,0,0,0,0,0
7321,244.0,3053,111,25,1761,1292,0,0,1053,673.73,0.900,0.979,0.291,0.050,0.557,-0.964,1.937,0.9007,1.8764,0.621,0.001,0.011,0.137,-0.016,39,44,11,1,57,0,95522.37,20814.325,16393.806,4.335,8555.596,11.510,21886.123,6438.131,1562.191,9589.505,7671.604,511.333,170.091,345.528,0.000194,0.109827,1656,0,5,6,8,5,10315,11,3,3.610,0,0,0,0,0,0,0,0,0,0,0,0,0,0,38237,680,1645,25809.360,16362.247,8553.622,0.003,3.610,14665.465,5652.803,31.591,131,87,39,5,43,35501,0,0,0,0.000,0.000,0.000,0.000,0.000,0.000,0.000,0.000,0,0,0,0,0,0,0,0,0,0.000,0.000,0.000,0.000,0.000,0.000,0.000,0.000,0,0,0,0,0,0,0,0,0,0.000,0.000,0.000,0.000,0.000,0.000,0.000,0.000,0,0,0,0,0,0,0,0,0,0.000,0.000,0.000,0.000,0.000,0.000,0.000,0.000,0,0,0,0,0,0,0,0,0,0.000,0.000,0.000,0.000,0.000,0.000,0.000,0.000,0,0,0,0,0,0,0,0,0,0,0,0,0,0,0,0,0,0
7351,245.0,3197,113,28,1858,1339,0,0,1073,533.13,0.895,0.981,0.289,0.050,0.562,-0.963,1.939,0.9082,1.8869,0.625,0.002,0.011,0.136,-0.016,32,45,10,0,51,0,102378.93,22528.769,18389.974,10.953,8965.745,10.418,22572.677,6668.585,1586.275,10149.766,8119.813,729.408,123.807,362.422,0.000241,0.108642,1697,0,3,7,10,3,10525,9,7,10.947,0,0,0,0,0,0,0,0,0,0,0,0,0,0,39237,771,1688,28383.079,18355.522,8964.253,0.006,10.947,15057.990,5838.847,33.581,133,86,45,3,38,35885,0,0,0,0.000,0.000,0.000,0.000,0.000,0.000,0.000,0.000,0,0,0,0,0,0,0,0,0,0.000,0.000,0.000,0.000,0.000,0.000,0.000,0.000,0,0,0,0,0,0,0,0,0,0.000,0.000,0.000,0.000,0.000,0.000,0.000,0.000,0,0,0,0,0,0,0,0,0,0.000,0.000,0.000,0.000,0.000,0.000,0.000,0.000,0,0,0,0,0,0,0,0,0,0.000,0.000,0.000,0.000,0.000,0.000,0.000,0.000,0,0,0,0,0,0,0,0,0,0,0,0,0,0,0,0,0,0
7381,246.0,3429,87,28,1977,1452,0,0,1099,567.18,0.902,0.985,0.282,0.050,0.558,-0.963,1.936,0.9178,1.8771,0.604,0.003,0.011,0.137,-0.016,53,28,12,0,51,0,110887.77,24414.578,20565.779,9.475,9808.652,11.747,23930.868,7076.463,1606.829,13344.043,10675.234,656.037,146.428,395.564,0.000153,0.108891,1855,0,4,8,10,4,11281,18,6,9.201,0,0,0,0,0,0,0,0,0,0,0,0,0,0,41891,858,1837,31463.252,20525.074,9803.394,0.005,9.201,16066.541,6197.555,33.421,181,68,25,4,39,32436,0,0,0,0.000,0.000,0.000,0.000,0.000,0.000,0.000,0.000,0,0,0,0,0,0,0,0,0,0.000,0.000,0.000,0.000,0.000,0.000,0.000,0.000,0,0,0,0,0,0,0,0,0,0.000,0.000,0.000,0.000,0.000,0.000,0.000,0.000,0,0,0,0,0,0,0,0,0,0.000,0.000,0.000,0.000,0.000,0.000,0.000,0.000,0,0,0,0,0,0,0,0,0,0.000,0.000,0.000,0.000,0.000,0.000,0.000,0.000,0,0,0,0,0,0,0,0,0,0,0,0,0,0,0,0,0,0
7411,247.0,3660,106,28,2115,1545,0,0,1175,642.65,0.900,0.987,0.280,0.051,0.560,-0.963,1.939,0.9151,1.8997,0.587,0.002,0.008,0.137,-0.016,44,49,10,1,67,0,118173.45,26421.831,20464.923,2.919,12507.514,10.453,25491.650,7604.884,1680.563,14645.537,11716.430,984.640,400.511,512.635,0.000180,0.108206,2336,0,6,4,9,6,11998,6,3,2.782,0,0,0,0,0,0,0,0,0,0,0,0,0,0,44910,857,2330,34146.408,20437.453,12505.826,0.009,2.782,17224.136,6657.783,37.159,195,102,48,6,48,43933,0,0,0,0.000,0.000,0.000,0.000,0.000,0.000,0.000,0.000,0,0,0,0,0,0,0,0,0,0.000,0.000,0.000,0.000,0.000,0.000,0.000,0.000,0,0,0,0,0,0,0,0,0,0.000,0.000,0.000,0.000,0.000,0.000,0.000,0.000,0,0,0,0,0,0,0,0,0,0.000,0.000,0.000,0.000,0.000,0.000,0.000,0.000,0,0,0,0,0,0,0,0,0,0.000,0.000,0.000,0.000,0.000,0.000,0.000,0.000,0,0,0,0,0,0,0,0,0,0,0,0,0,0,0,0,0,0
7441,248.0,3960,109,28,2254,1706,0,0,1238,615.56,0.911,0.992,0.277,0.051,0.552,-0.963,1.937,0.9228,1.8932,0.586,0.002,0.011,0.138,-0.015,46,30,19,1,55,0,129166.94,29296.781,24183.884,19.987,13885.422,11.842,27282.744,8217.561,1786.370,16938.825,13551.060,1067.086,166.402,599.232,0.000259,0.107057,2590,0,2,17,14,2,12771,24,12,18.632,0,0,0,0,0,0,0,0,0,0,0,0,0,0,48565,1012,2566,39489.968,24139.643,13882.200,0.002,18.632,18576.327,7187.046,46.528,238,77,29,2,46,31716,0,0,0,0.000,0.000,0.000,0.000,0.000,0.000,0.000,0.000,0,0,0,0,0,0,0,0,0,0.000,0.000,0.000,0.000,0.000,0.000,0.000,0.000,0,0,0,0,0,0,0,0,0,0.000,0.000,0.000,0.000,0.000,0.000,0.000,0.000,0,0,0,0,0,0,0,0,0,0.000,0.000,0.000,0.000,0.000,0.000,0.000,0.000,0,0,0,0,0,0,0,0,0,0.000,0.000,0.000,0.000,0.000,0.000,0.000,0.000,0,0,0,0,0,0,0,0,0,0,0,0,0,0,0,0,0,0
7471,249.0,4267,104,28,2393,1874,0,0,1386,597.91,0.921,0.996,0.272,0.051,0.545,-0.963,1.937,0.9290,1.9204,0.563,0.003,0.015,0.138,-0.014,55,46,13,1,44,0,141943.19,31614.567,26727.961,16.858,16239.998,10.071,29604.448,9029.332,1963.782,17273.400,13818.720,717.755,198.595,614.539,0.000268,0.105876,3167,0,2,11,11,2,13532,16,9,16.442,0,0,0,0,0,0,0,0,0,0,0,0,0,0,53738,1119,3151,44504.454,26693.717,16236.846,0.001,16.442,20504.350,7938.540,48.716,243,75,42,2,31,26958,0,0,0,0.000,0.000,0.000,0.000,0.000,0.000,0.000,0.000,0,0,0,0,0,0,0,0,0,0.000,0.000,0.000,0.000,0.000,0.000,0.000,0.000,0,0,0,0,0,0,0,0,0,0.000,0.000,0.000,0.000,0.000,0.000,0.000,0.000,0,0,0,0,0,0,0,0,0,0.000,0.000,0.000,0.000,0.000,0.000,0.000,0.000,0,0,0,0,0,0,0,0,0,0.000,0.000,0.000,0.000,0.000,0.000,0.000,0.000,0,0,0,0,0,0,0,0,0,0,0,0,0,0,0,0,0,0
7501,250.0,4643,89,26,2544,2099,0,0,1571,550.09,0.938,1.001,0.266,0.052,0.534,-0.964,1.938,0.9344,1.9182,0.562,0.003,0.015,0.139,-0.014,33,30,19,0,61,0,155255.05,34813.166,29513.180,29.198,19238.753,10.245,32322.064,10073.904,2215.325,20983.478,16786.782,1245.879,192.642,797.184,0.000265,0.104268,3826,0,6,13,18,6,14365,36,12,29.050,0,0,0,0,0,0,0,0,0,0,0,0,0,0,59572,1236,3790,50462.448,29467.134,19230.112,0.007,29.050,22705.547,8890.571,62.693,304,79,27,6,46,24000,0,0,0,0.000,0.000,0.000,0.000,0.000,0.000,0.000,0.000,0,0,0,0,0,0,0,0,0,0.000,0.000,0.000,0.000,0.000,0.000,0.000,0.000,0,0,0,0,0,0,0,0,0,0.000,0.000,0.000,0.000,0.000,0.000,0.000,0.000,0,0,0,0,0,0,0,0,0,0.000,0.000,0.000,0.000,0.000,0.000,0.000,0.000,0,0,0,0,0,0,0,0,0,0.000,0.000,0.000,0.000,0.000,0.000,0.000,0.000,0,0,0,0,0,0,0,0,0,0,0,0,0,0,0,0,0,0
7531,251.0,4999,96,26,2665,2334,0,0,1840,487.02,0.958,1.005,0.260,0.052,0.521,-0.964,1.939,0.9358,1.9145,0.549,0.001,0.015,0.140,-0.013,49,43,36,1,65,0,168358.47,37712.792,31731.158,49.108,21538.412,11.305,35280.792,11233.625,2566.384,22230.798,17784.639,1647.153,311.789,903.726,0.000280,0.102669,4500,0,11,25,33,11,15242,75,22,48.554,0,0,0,0,0,0,0,0,0,0,0,0,0,0,66176,1327,4425,55211.846,31676.049,21531.915,0.080,48.554,25228.115,9968.961,75.067,338,103,43,11,49,35647,0,0,0,0.000,0.000,0.000,0.000,0.000,0.000,0.000,0.000,0,0,0,0,0,0,0,0,0,0.000,0.000,0.000,0.000,0.000,0.000,0.000,0.000,0,0,0,0,0,0,0,0,0,0.000,0.000,0.000,0.000,0.000,0.000,0.000,0.000,0,0,0,0,0,0,0,0,0,0.000,0.000,0.000,0.000,0.000,0.000,0.000,0.000,0,0,0,0,0,0,0,0,0,0.000,0.000,0.000,0.000,0.000,0.000,0.000,0.000,0,0,0,0,0,0,0,0,0,0,0,0,0,0,0,0,0,0
7561,252.0,5391,81,26,2766,2625,0,0,2208,441.93,0.984,1.009,0.253,0.051,0.503,-0.964,1.939,0.9337,1.9280,0.534,0.000,0.013,0.142,-0.012,44,35,37,1,58,0,179518.36,40037.947,33471.601,39.970,24656.494,9.727,38685.486,12522.351,3091.899,23735.103,18988.083,2023.155,284.635,1035.072,0.000429,0.099726,5312,0,13,24,31,13,15939,87,18,38.919,0,0,0,0,0,0,0,0,0,0,0,0,0,0,74253,1403,5225,60219.123,33430.602,24649.400,0.073,38.919,28288.441,11201.223,75.919,373,82,31,13,38,26429,0,0,0,0.000,0.000,0.000,0.000,0.000,0.000,0.000,0.000,0,0,0,0,0,0,0,0,0,0.000,0.000,0.000,0.000,0.000,0.000,0.000,0.000,0,0,0,0,0,0,0,0,0,0.000,0.000,0.000,0.000,0.000,0.000,0.000,0.000,0,0,0,0,0,0,0,0,0,0.000,0.000,0.000,0.000,0.000,0.000,0.000,0.000,0,0,0,0,0,0,0,0,0,0.000,0.000,0.000,0.000,0.000,0.000,0.000,0.000,0,0,0,0,0,0,0,0,0,0,0,0,0,0,0,0,0,0
7591,253.0,5767,54,26,2869,2898,0,0,2656,525.52,1.004,1.013,0.250,0.052,0.490,-0.964,1.942,0.9350,1.9330,0.518,0.001,0.012,0.143,-0.012,55,41,34,1,97,0,192722.56,43180.576,38535.658,34.992,26758.232,10.247,42201.745,13856.734,3769.566,24880.691,19904.553,2138.812,536.978,1067.062,0.000396,0.097931,6082,0,14,20,32,14,16602,68,18,34.489,0,0,0,0,0,0,0,0,0,0,0,0,0,0,82687,1622,6014,67665.514,38488.264,26754.608,0.080,34.489,31495.255,12475.130,93.337,391,118,38,14,66,38164,0,0,0,0.000,0.000,0.000,0.000,0.000,0.000,0.000,0.000,0,0,0,0,0,0,0,0,0,0.000,0.000,0.000,0.000,0.000,0.000,0.000,0.000,0,0,0,0,0,0,0,0,0,0.000,0.000,0.000,0.000,0.000,0.000,0.000,0.000,0,0,0,0,0,0,0,0,0,0.000,0.000,0.000,0.000,0.000,0.000,0.000,0.000,0,0,0,0,0,0,0,0,0,0.000,0.000,0.000,0.000,0.000,0.000,0.000,0.000,0,0,0,0,0,0,0,0,0,0,0,0,0,0,0,0,0,0
7621,254.0,5997,59,26,2898,3099,0,0,3166,427.73,1.023,1.016,0.245,0.052,0.477,-0.964,1.943,0.9333,1.9408,0.510,0.008,0.038,0.144,-0.011,52,28,35,0,127,0,206348.22,45302.815,41588.729,35.527,29293.937,9.877,45444.899,15058.022,4606.689,19693.840,15755.073,2486.254,532.294,1234.472,0.000417,0.093590,6711,0,14,21,30,14,16980,35,16,33.747,0,0,0,0,0,0,0,0,0,0,0,0,0,0,90704,1748,6676,73477.704,41547.774,29287.869,0.037,33.747,34524.179,13628.281,99.528,323,122,27,14,81,29438,0,0,0,0.000,0.000,0.000,0.000,0.000,0.000,0.000,0.000,0,0,0,0,0,0,0,0,0,0.000,0.000,0.000,0.000,0.000,0.000,0.000,0.000,0,0,0,0,0,0,0,0,0,0.000,0.000,0.000,0.000,0.000,0.000,0.000,0.000,0,0,0,0,0,0,0,0,0,0.000,0.000,0.000,0.000,0.000,0.000,0.000,0.000,0,0,0,0,0,0,0,0,0,0.000,0.000,0.000,0.000,0.000,0.000,0.000,0.000,0,0,0,0,0,0,0,0,0,0,0,0,0,0,0,0,0,0
7651,255.0,5998,64,28,2873,3125,0,0,3665,417.05,1.028,1.017,0.244,0.052,0.474,-0.964,1.943,0.9334,1.9427,0.524,0.019,0.102,0.144,-0.011,44,28,28,0,145,0,222418.36,47940.332,44413.765,31.010,29845.701,12.455,46401.482,15482.922,5519.740,9826.384,7861.107,2702.262,3019.528,1223.767,0.000410,0.092029,6843,0,9,19,23,9,16739,30,14,30.418,0,0,0,0,0,0,0,0,0,0,0,0,0,0,93263,1861,6813,76906.638,44368.024,29839.107,0.041,30.418,35497.050,14059.406,100.071,169,143,28,9,106,46369,0,0,0,0.000,0.000,0.000,0.000,0.000,0.000,0.000,0.000,0,0,0,0,0,0,0,0,0,0.000,0.000,0.000,0.000,0.000,0.000,0.000,0.000,0,0,0,0,0,0,0,0,0,0.000,0.000,0.000,0.000,0.000,0.000,0.000,0.000,0,0,0,0,0,0,0,0,0,0.000,0.000,0.000,0.000,0.000,0.000,0.000,0.000,0,0,0,0,0,0,0,0,0,0.000,0.000,0.000,0.000,0.000,0.000,0.000,0.000,0,0,0,0,0,0,0,0,0,0,0,0,0,0,0,0,0,0
7681,256.0,6000,63,28,2845,3155,0,0,4014,384.99,1.035,1.018,0.243,0.053,0.469,-0.964,1.941,0.9397,1.9578,0.528,0.031,0.161,0.144,-0.010,44,30,36,2,189,0,239761.88,49815.384,47989.888,47.907,30876.559,10.232,46764.510,15598.893,6251.222,12384.637,9907.710,2931.379,5269.526,1217.199,0.000489,0.084754,7123,0,12,24,35,12,16607,21,23,47.812,0,0,0,0,0,0,0,0,0,0,0,0,0,0,94354,2008,7102,81744.269,47945.284,30873.532,0.009,47.812,35979.450,14189.327,101.209,211,181,30,12,139,49379,0,0,0,0.000,0.000,0.000,0.000,0.000,0.000,0.000,0.000,0,0,0,0,0,0,0,0,0,0.000,0.000,0.000,0.000,0.000,0.000,0.000,0.000,0,0,0,0,0,0,0,0,0,0.000,0.000,0.000,0.000,0.000,0.000,0.000,0.000,0,0,0,0,0,0,0,0,0,0.000,0.000,0.000,0.000,0.000,0.000,0.000,0.000,0,0,0,0,0,0,0,0,0,0.000,0.000,0.000,0.000,0.000,0.000,0.000,0.000,0,0,0,0,0,0,0,0,0,0,0,0,0,0,0,0,0,0
7711,257.0,6000,61,28,2801,3199,0,0,4254,518.02,1.045,1.020,0.241,0.053,0.463,-0.964,1.941,0.9453,1.9376,0.517,0.039,0.206,0.144,-0.010,41,23,48,0,168,0,255390.91,51391.927,50328.847,50.484,33260.028,9.751,47033.986,15782.886,6855.868,11774.485,9419.588,4021.354,8713.511,1379.716,0.000468,0.079588,7300,0,14,34,42,14,16495,21,28,49.584,0,0,0,0,0,0,0,0,0,0,0,0,0,0,95126,2101,7279,86720.526,50284.417,33257.003,0.019,49.584,36322.646,14380.659,104.241,205,161,23,14,124,49341,0,0,0,0.000,0.000,0.000,0.000,0.000,0.000,0.000,0.000,0,0,0,0,0,0,0,0,0,0.000,0.000,0.000,0.000,0.000,0.000,0.000,0.000,0,0,0,0,0,0,0,0,0,0.000,0.000,0.000,0.000,0.000,0.000,0.000,0.000,0,0,0,0,0,0,0,0,0,0.000,0.000,0.000,0.000,0.000,0.000,0.000,0.000,0,0,0,0,0,0,0,0,0,0.000,0.000,0.000,0.000,0.000,0.000,0.000,0.000,0,0,0,0,0,0,0,0,0,0,0,0,0,0,0,0,0,0
7741,258.0,5996,81,28,2745,3251,0,0,4411,492.23,1.057,1.022,0.238,0.052,0.455,-0.964,1.942,0.9334,1.9547,0.525,0.048,0.253,0.145,-0.010,45,18,58,2,150,0,270815.47,52724.979,54874.857,80.040,33105.864,8.729,47509.504,16112.472,7208.600,11136.110,8908.888,5615.554,12149.013,1432.949,0.000298,0.077975,7123,0,19,39,54,19,16808,23,35,79.727,0,0,0,0,0,0,0,0,0,0,0,0,0,0,96806,2293,7100,91212.505,54819.412,33101.732,0.034,79.727,37008.729,14733.147,109.157,199,147,18,19,110,42674,0,0,0,0.000,0.000,0.000,0.000,0.000,0.000,0.000,0.000,0,0,0,0,0,0,0,0,0,0.000,0.000,0.000,0.000,0.000,0.000,0.000,0.000,0,0,0,0,0,0,0,0,0,0.000,0.000,0.000,0.000,0.000,0.000,0.000,0.000,0,0,0,0,0,0,0,0,0,0.000,0.000,0.000,0.000,0.000,0.000,0.000,0.000,0,0,0,0,0,0,0,0,0,0.000,0.000,0.000,0.000,0.000,0.000,0.000,0.000,0,0,0,0,0,0,0,0,0,0,0,0,0,0,0,0,0,0
7771,259.0,6000,70,28,2694,3306,0,0,4504,530.07,1.068,1.025,0.236,0.052,0.447,-0.964,1.941,0.9430,1.9551,0.534,0.057,0.296,0.146,-0.010,43,8,43,0,148,0,286886.84,54012.628,56448.529,62.694,34274.533,11.398,47997.558,16277.131,7541.461,10029.823,8023.858,4269.184,14953.659,1407.517,0.000323,0.080053,7007,0,10,33,38,10,16560,27,28,62.020,0,0,0,0,0,0,0,0,0,0,0,0,0,0,98448,2352,6980,94151.257,56387.926,34270.617,0.023,62.020,37688.219,14925.560,106.148,175,120,8,10,102,40749,0,0,0,0.000,0.000,0.000,0.000,0.000,0.000,0.000,0.000,0,0,0,0,0,0,0,0,0,0.000,0.000,0.000,0.000,0.000,0.000,0.000,0.000,0,0,0,0,0,0,0,0,0,0.000,0.000,0.000,0.000,0.000,0.000,0.000,0.000,0,0,0,0,0,0,0,0,0,0.000,0.000,0.000,0.000,0.000,0.000,0.000,0.000,0,0,0,0,0,0,0,0,0,0.000,0.000,0.000,0.000,0.000,0.000,0.000,0.000,0,0,0,0,0,0,0,0,0,0,0,0,0,0,0,0,0,0
7801,260.0,6000,71,30,2646,3354,0,0,4548,534.57,1.078,1.028,0.234,0.052,0.440,-0.964,1.941,0.9424,1.9535,0.541,0.068,0.352,0.147,-0.009,54,13,34,1,134,0,305049.53,55862.861,60816.652,63.916,35591.344,10.563,48406.390,16366.046,7716.623,9064.018,7251.215,3922.983,18980.118,1375.765,0.000303,0.080159,7031,0,4,30,31,4,16301,22,27,63.249,0,0,0,0,0,0,0,0,0,0,0,0,0,0,99772,2534,7009,99931.792,60764.475,35585.281,0.012,63.249,38235.332,15031.114,107.644,161,113,13,4,96,36447,0,0,0,0.000,0.000,0.000,0.000,0.000,0.000,0.000,0.000,0,0,0,0,0,0,0,0,0,0.000,0.000,0.000,0.000,0.000,0.000,0.000,0.000,0,0,0,0,0,0,0,0,0,0.000,0.000,0.000,0.000,0.000,0.000,0.000,0.000,0,0,0,0,0,0,0,0,0,0.000,0.000,0.000,0.000,0.000,0.000,0.000,0.000,0,0,0,0,0,0,0,0,0,0.000,0.000,0.000,0.000,0.000,0.000,0.000,0.000,0,0,0,0,0,0,0,0,0,0,0,0,0,0,0,0,0,0
7831,261.0,5999,73,30,2613,3386,0,0,4461,490.60,1.085,1.028,0.232,0.052,0.435,-0.964,1.942,0.9413,1.9439,0.543,0.080,0.398,0.147,-0.009,42,13,27,0,133,0,322003.03,57008.086,63466.090,30.234,37638.427,10.005,48944.663,16364.961,7730.616,8501.416,6801.133,4420.208,22927.706,1462.476,0.000287,0.079811,6841,0,6,21,23,6,15832,25,17,28.951,0,0,0,0,0,0,0,0,0,0,0,0,0,0,101209,2656,6816,104839.504,63419.690,37632.922,0.020,28.951,38908.440,15048.939,113.371,149,117,13,6,98,40572,0,0,0,0.000,0.000,0.000,0.000,0.000,0.000,0.000,0.000,0,0,0,0,0,0,0,0,0,0.000,0.000,0.000,0.000,0.000,0.000,0.000,0.000,0,0,0,0,0,0,0,0,0,0.000,0.000,0.000,0.000,0.000,0.000,0.000,0.000,0,0,0,0,0,0,0,0,0,0.000,0.000,0.000,0.000,0.000,0.000,0.000,0.000,0,0,0,0,0,0,0,0,0,0.000,0.000,0.000,0.000,0.000,0.000,0.000,0.000,0,0,0,0,0,0,0,0,0,0,0,0,0,0,0,0,0,0
7861,262.0,5997,67,30,2572,3425,0,0,4438,567.97,1.094,1.030,0.231,0.052,0.429,-0.964,1.943,0.9480,1.9505,0.551,0.095,0.444,0.147,-0.009,62,10,33,0,128,0,336682.16,58532.772,65912.530,37.660,38550.425,12.625,49239.956,16780.232,7671.302,8326.714,6661.372,4916.627,27969.515,1560.868,0.000570,0.082086,6933,0,8,25,28,8,15750,26,20,36.878,0,0,0,0,0,0,0,0,0,0,0,0,0,0,102186,2749,6907,108351.680,65834.670,38545.466,0.027,36.878,39301.396,15477.665,112.488,146,107,10,8,89,37651,0,0,0,0.000,0.000,0.000,0.000,0.000,0.000,0.000,0.000,0,0,0,0,0,0,0,0,0,0.000,0.000,0.000,0.000,0.000,0.000,0.000,0.000,0,0,0,0,0,0,0,0,0,0.000,0.000,0.000,0.000,0.000,0.000,0.000,0.000,0,0,0,0,0,0,0,0,0,0.000,0.000,0.000,0.000,0.000,0.000,0.000,0.000,0,0,0,0,0,0,0,0,0,0.000,0.000,0.000,0.000,0.000,0.000,0.000,0.000,0,0,0,0,0,0,0,0,0,0,0,0,0,0,0,0,0,0
7891,263.0,5997,68,30,2538,3459,0,0,4436,521.73,1.101,1.032,0.230,0.051,0.424,-0.964,1.943,0.9465,1.9556,0.549,0.102,0.481,0.148,-0.008,44,16,29,0,115,0,349512.94,59277.258,66512.966,32.703,41293.344,11.573,49634.301,17065.087,7710.433,7780.151,6224.121,4681.286,30689.338,1655.669,0.000414,0.084532,6897,0,6,23,24,6,16212,23,18,32.421,0,0,0,0,0,0,0,0,0,0,0,0,0,0,103251,2786,6874,111868.217,66448.375,41290.099,0.021,32.421,39776.213,15770.726,117.944,134,100,14,6,80,34562,0,0,0,0.000,0.000,0.000,0.000,0.000,0.000,0.000,0.000,0,0,0,0,0,0,0,0,0,0.000,0.000,0.000,0.000,0.000,0.000,0.000,0.000,0,0,0,0,0,0,0,0,0,0.000,0.000,0.000,0.000,0.000,0.000,0.000,0.000,0,0,0,0,0,0,0,0,0,0.000,0.000,0.000,0.000,0.000,0.000,0.000,0.000,0,0,0,0,0,0,0,0,0,0.000,0.000,0.000,0.000,0.000,0.000,0.000,0.000,0,0,0,0,0,0,0,0,0,0,0,0,0,0,0,0,0,0
7921,264.0,6000,81,30,2492,3508,0,0,4435,582.09,1.111,1.034,0.228,0.050,0.416,-0.964,1.943,0.9432,1.9663,0.552,0.107,0.508,0.148,-0.008,39,8,34,0,111,0,360821.03,59703.884,68951.737,43.813,42688.645,11.312,50070.073,17216.588,7675.612,7687.448,6149.958,4816.735,34420.957,1653.898,0.000583,0.087994,7137,0,5,29,27,5,15430,22,22,41.879,0,0,0,0,0,0,0,0,0,0,0,0,0,0,104382,2872,7115,115673.218,68895.017,42684.616,0.013,41.879,40307.858,15939.186,120.068,134,85,7,5,73,30328,0,0,0,0.000,0.000,0.000,0.000,0.000,0.000,0.000,0.000,0,0,0,0,0,0,0,0,0,0.000,0.000,0.000,0.000,0.000,0.000,0.000,0.000,0,0,0,0,0,0,0,0,0,0.000,0.000,0.000,0.000,0.000,0.000,0.000,0.000,0,0,0,0,0,0,0,0,0,0.000,0.000,0.000,0.000,0.000,0.000,0.000,0.000,0,0,0,0,0,0,0,0,0,0.000,0.000,0.000,0.000,0.000,0.000,0.000,0.000,0,0,0,0,0,0,0,0,0,0,0,0,0,0,0,0,0,0
7951,265.0,6000,93,31,2447,3553,0,0,4424,589.27,1.121,1.035,0.228,0.050,0.410,-0.964,1.943,0.9555,1.9576,0.548,0.121,0.535,0.149,-0.008,49,5,32,0,119,0,371859.38,59878.805,71804.832,52.611,41585.185,12.166,50641.183,17362.667,7633.274,7794.313,6235.451,4794.988,37095.782,1611.161,0.000544,0.089422,6819,0,4,28,26,4,15254,32,22,51.171,0,0,0,0,0,0,0,0,0,0,0,0,0,0,106085,2995,6787,117496.749,71744.558,41577.029,0.011,51.171,41034.135,16100.939,125.514,139,94,5,4,85,33298,0,0,0,0.000,0.000,0.000,0.000,0.000,0.000,0.000,0.000,0,0,0,0,0,0,0,0,0,0.000,0.000,0.000,0.000,0.000,0.000,0.000,0.000,0,0,0,0,0,0,0,0,0,0.000,0.000,0.000,0.000,0.000,0.000,0.000,0.000,0,0,0,0,0,0,0,0,0,0.000,0.000,0.000,0.000,0.000,0.000,0.000,0.000,0,0,0,0,0,0,0,0,0,0.000,0.000,0.000,0.000,0.000,0.000,0.000,0.000,0,0,0,0,0,0,0,0,0,0,0,0,0,0,0,0,0,0
7981,266.0,5998,77,31,2404,3594,0,0,4490,562.05,1.130,1.035,0.226,0.050,0.404,-0.963,1.943,0.9434,1.9599,0.540,0.129,0.563,0.149,-0.007,59,3,39,1,102,0,382083.97,59963.289,73513.827,59.238,42675.592,14.311,51073.140,17539.733,7644.838,7115.381,5692.305,5384.904,38542.893,1703.172,0.000447,0.089283,6905,0,8,31,34,8,15284,23,26,58.798,0,0,0,0,0,0,0,0,0,0,0,0,0,0,107101,3063,6882,120501.824,73441.986,42671.498,0.024,58.798,41534.148,16295.094,129.500,126,85,3,8,74,30993,0,0,0,0.000,0.000,0.000,0.000,0.000,0.000,0.000,0.000,0,0,0,0,0,0,0,0,0,0.000,0.000,0.000,0.000,0.000,0.000,0.000,0.000,0,0,0,0,0,0,0,0,0,0.000,0.000,0.000,0.000,0.000,0.000,0.000,0.000,0,0,0,0,0,0,0,0,0,0.000,0.000,0.000,0.000,0.000,0.000,0.000,0.000,0,0,0,0,0,0,0,0,0,0.000,0.000,0.000,0.000,0.000,0.000,0.000,0.000,0,0,0,0,0,0,0,0,0,0,0,0,0,0,0,0,0,0
8011,267.0,5997,70,31,2354,3643,0,0,4451,694.95,1.141,1.036,0.224,0.050,0.396,-0.963,1.943,0.9420,1.9520,0.545,0.123,0.580,0.150,-0.007,56,5,22,0,121,0,386388.09,59907.162,74316.891,31.495,44440.572,13.372,51643.597,17909.150,7661.992,7257.715,5806.172,5913.242,43573.629,1798.266,0.000387,0.087878,7012,0,3,19,20,3,15368,21,17,31.029,0,0,0,0,0,0,0,0,0,0,0,0,0,0,108612,3093,6991,123271.815,74275.773,44437.232,0.012,31.029,42243.435,16693.115,131.819,128,79,5,3,71,34401,0,0,0,0.000,0.000,0.000,0.000,0.000,0.000,0.000,0.000,0,0,0,0,0,0,0,0,0,0.000,0.000,0.000,0.000,0.000,0.000,0.000,0.000,0,0,0,0,0,0,0,0,0,0.000,0.000,0.000,0.000,0.000,0.000,0.000,0.000,0,0,0,0,0,0,0,0,0,0.000,0.000,0.000,0.000,0.000,0.000,0.000,0.000,0,0,0,0,0,0,0,0,0,0.000,0.000,0.000,0.000,0.000,0.000,0.000,0.000,0,0,0,0,0,0,0,0,0,0,0,0,0,0,0,0,0,0
8041,268.0,6000,57,31,2316,3684,0,0,4503,665.29,1.149,1.038,0.223,0.049,0.390,-0.963,1.942,0.9440,1.9717,0.545,0.121,0.584,0.150,-0.007,67,5,39,1,103,0,390972.25,59444.985,75805.572,59.807,42969.247,12.856,52185.624,18055.907,7661.495,7321.514,5857.211,5656.158,43942.854,1759.867,0.000537,0.085885,6700,0,12,27,38,12,15668,19,26,59.615,0,0,0,0,0,0,0,0,0,0,0,0,0,0,109918,3158,6681,123135.430,75756.804,42966.057,0.091,59.615,42887.723,16851.077,145.171,128,87,5,12,70,38103,0,0,0,0.000,0.000,0.000,0.000,0.000,0.000,0.000,0.000,0,0,0,0,0,0,0,0,0,0.000,0.000,0.000,0.000,0.000,0.000,0.000,0.000,0,0,0,0,0,0,0,0,0,0.000,0.000,0.000,0.000,0.000,0.000,0.000,0.000,0,0,0,0,0,0,0,0,0,0.000,0.000,0.000,0.000,0.000,0.000,0.000,0.000,0,0,0,0,0,0,0,0,0,0.000,0.000,0.000,0.000,0.000,0.000,0.000,0.000,0,0,0,0,0,0,0,0,0,0,0,0,0,0,0,0,0,0
8071,269.0,5998,76,31,2271,3727,0,0,4489,631.14,1.159,1.038,0.221,0.049,0.384,-0.963,1.943,0.9388,1.9695,0.560,0.131,0.584,0.151,-0.006,62,1,44,0,101,0,395678.47,59246.145,75560.145,55.308,42672.629,12.848,52676.840,18149.480,7666.304,7383.815,5907.052,6137.892,42254.117,1793.961,0.000691,0.080612,6490,0,15,29,40,15,15137,15,25,54.059,0,0,0,0,0,0,0,0,0,0,0,0,0,0,110990,3146,6475,122609.764,75499.530,42668.868,0.156,54.059,43453.564,16954.612,151.120,135,92,1,15,76,40418,0,0,0,0.000,0.000,0.000,0.000,0.000,0.000,0.000,0.000,0,0,0,0,0,0,0,0,0,0.000,0.000,0.000,0.000,0.000,0.000,0.000,0.000,0,0,0,0,0,0,0,0,0,0.000,0.000,0.000,0.000,0.000,0.000,0.000,0.000,0,0,0,0,0,0,0,0,0,0.000,0.000,0.000,0.000,0.000,0.000,0.000,0.000,0,0,0,0,0,0,0,0,0,0.000,0.000,0.000,0.000,0.000,0.000,0.000,0.000,0,0,0,0,0,0,0,0,0,0,0,0,0,0,0,0,0,0
8101,270.0,5999,81,34,2235,3764,0,0,4418,662.69,1.167,1.039,0.221,0.049,0.378,-0.963,1.942,0.9458,1.9587,0.557,0.140,0.587,0.151,-0.006,48,7,43,0,111,0,399407.00,58881.509,78299.533,64.387,42852.330,13.226,53316.578,18298.236,7557.998,8033.133,6426.506,6992.853,43930.986,1813.623,0.000413,0.077874,6556,0,18,25,41,18,15283,24,23,63.903,0,0,0,0,0,0,0,0,0,0,0,0,0,0,112346,3266,6532,125699.413,78244.616,42846.677,0.125,63.903,44176.774,17120.077,148.711,142,105,6,18,81,50691,0,0,0,0.000,0.000,0.000,0.000,0.000,0.000,0.000,0.000,0,0,0,0,0,0,0,0,0,0.000,0.000,0.000,0.000,0.000,0.000,0.000,0.000,0,0,0,0,0,0,0,0,0,0.000,0.000,0.000,0.000,0.000,0.000,0.000,0.000,0,0,0,0,0,0,0,0,0,0.000,0.000,0.000,0.000,0.000,0.000,0.000,0.000,0,0,0,0,0,0,0,0,0,0.000,0.000,0.000,0.000,0.000,0.000,0.000,0.000,0,0,0,0,0,0,0,0,0,0,0,0,0,0,0,0,0,0
8131,271.0,5999,68,34,2180,3819,0,0,4377,673.39,1.179,1.041,0.220,0.049,0.370,-0.963,1.943,0.9413,1.9622,0.562,0.135,0.570,0.152,-0.006,46,4,47,2,118,0,400673.53,57954.065,77032.724,65.161,43781.857,12.512,53944.687,18457.905,7440.969,8685.698,6948.559,7191.884,43101.389,1911.461,0.000519,0.075332,6671,0,19,28,44,19,15701,34,25,64.824,0,0,0,0,0,0,0,0,0,0,0,0,0,0,113601,3219,6637,125493.267,76965.946,43776.309,0.141,64.824,44898.998,17298.653,150.096,158,103,4,19,80,45649,0,0,0,0.000,0.000,0.000,0.000,0.000,0.000,0.000,0.000,0,0,0,0,0,0,0,0,0,0.000,0.000,0.000,0.000,0.000,0.000,0.000,0.000,0,0,0,0,0,0,0,0,0,0.000,0.000,0.000,0.000,0.000,0.000,0.000,0.000,0,0,0,0,0,0,0,0,0,0.000,0.000,0.000,0.000,0.000,0.000,0.000,0.000,0,0,0,0,0,0,0,0,0,0.000,0.000,0.000,0.000,0.000,0.000,0.000,0.000,0,0,0,0,0,0,0,0,0,0,0,0,0,0,0,0,0,0
8161,272.0,6000,69,34,2140,3859,0,1,4389,683.57,1.187,1.041,0.220,0.050,0.364,-0.962,1.944,0.9395,1.9600,0.554,0.126,0.570,0.152,-0.006,51,6,42,0,106,0,401317.56,56691.034,76956.026,65.146,41739.414,14.438,54642.908,18631.686,7405.096,7617.727,6094.181,7213.299,41857.803,1793.825,0.000387,0.077670,6482,0,19,23,41,19,15500,17,22,64.590,0,0,0,0,0,0,0,0,0,0,0,0,0,0,115145,3213,6465,123248.723,76918.415,41733.978,0.102,64.590,45712.861,17489.322,153.921,132,92,6,19,67,47241,0,0,0,0.000,0.000,0.000,0.000,0.000,0.000,0.000,0.000,0,0,0,0,0,0,0,0,0,0.000,0.000,0.000,0.000,0.000,0.000,0.000,0.000,0,0,0,0,0,0,16,0,0,0.000,0.000,0.000,0.000,0.000,1.469,0.825,0.000,0,0,0,0,0,0,0,0,0,0.000,0.000,0.000,0.000,0.000,0.000,0.000,0.000,0,0,0,0,0,0,0,0,0,0.000,0.000,0.000,0.000,0.000,0.000,0.000,0.000,0,0,0,0,0,0,0,1,0,0,0,0,0,0,0,0,0,0
8191,273.0,6000,68,34,2081,3919,0,0,4360,770.96,1.200,1.043,0.218,0.050,0.355,-0.962,1.944,0.9305,1.9671,0.574,0.116,0.540,0.153,-0.005,67,6,74,3,104,0,397845.16,55276.693,76405.440,94.321,40324.816,13.022,55347.928,18920.589,7317.228,9246.245,7396.996,8426.999,41542.361,1844.517,0.000503,0.080136,6209,0,27,47,67,26,15389,12,41,91.703,0,0,0,0,0,0,0,0,0,0,0,0,0,0,116675,3190,6197,121196.155,76361.566,40321.331,0.184,91.703,46550.781,17782.471,170.828,162,102,6,26,70,48627,0,0,0,0.000,0.000,0.000,0.000,0.000,0.000,0.000,0.000,0,0,0,0,0,0,0,0,0,0.000,0.000,0.000,0.000,0.000,0.000,0.000,0.000,0,0,0,0,0,0,10,0,0,0.000,0.000,0.000,0.000,0.000,0.919,0.506,0.000,0,1,0,1,0,26,0,0,0,0.000,0.000,0.000,0.000,0.000,0.000,0.000,0.000,0,0,0,0,0,0,0,0,0,0.000,0.000,0.000,0.000,0.000,0.000,0.000,0.000,0,0,0,0,0,0,0,0,0,0,0,0,0,0,0,0,0,0
8221,274.0,5999,64,34,2025,3974,0,0,4328,666.38,1.213,1.044,0.216,0.051,0.346,-0.962,1.946,0.9355,1.9639,0.553,0.121,0.516,0.154,-0.005,68,3,59,0,126,0,393499.06,53663.629,74374.374,102.910,39727.450,14.291,56108.117,19192.081,7254.617,9287.100,7429.680,8088.161,38231.867,1754.733,0.000428,0.079888,6169,0,19,40,58,19,15016,27,39,102.678,0,0,0,0,0,0,0,0,0,0,0,0,0,0,118420,3105,6142,118509.457,74334.549,39719.424,0.111,102.678,47486.436,18080.095,171.114,165,110,3,19,88,45306,0,0,0,0.000,0.000,0.000,0.000,0.000,0.000,0.000,0.000,0,0,0,0,0,0,0,0,0,0.000,0.000,0.000,0.000,0.000,0.000,0.000,0.000,0,0,0,0,0,0,0,0,0,0.000,0.000,0.000,0.000,0.000,0.000,0.000,0.000,0,0,0,0,0,0,0,0,0,0.000,0.000,0.000,0.000,0.000,0.000,0.000,0.000,0,0,0,0,0,0,0,0,0,0.000,0.000,0.000,0.000,0.000,0.000,0.000,0.000,0,0,0,0,0,0,0,0,0,0,0,0,0,0,0,0,0,0
8251,275.0,6000,80,38,1975,4025,0,0,4328,615.63,1.223,1.046,0.216,0.051,0.339,-0.962,1.946,0.9373,1.9683,0.572,0.103,0.501,0.154,-0.005,62,7,63,1,109,0,388945.50,51463.818,74807.836,87.787,40117.320,15.174,56828.225,19302.294,7245.891,9064.561,7251.649,6657.820,37318.346,1747.508,0.000410,0.079094,6433,0,21,42,59,21,15200,16,38,86.863,0,0,0,0,0,0,0,0,0,0,0,0,0,0,119900,3126,6417,119239.096,74778.615,40111.366,0.138,86.863,48334.835,18211.209,175.722,162,111,7,21,83,52310,0,0,0,0.000,0.000,0.000,0.000,0.000,0.000,0.000,0.000,0,0,0,0,0,0,0,0,0,0.000,0.000,0.000,0.000,0.000,0.000,0.000,0.000,0,0,0,0,0,0,0,0,0,0.000,0.000,0.000,0.000,0.000,0.000,0.000,0.000,0,0,0,0,0,0,0,0,0,0.000,0.000,0.000,0.000,0.000,0.000,0.000,0.000,0,0,0,0,0,0,0,0,0,0.000,0.000,0.000,0.000,0.000,0.000,0.000,0.000,0,0,0,0,0,0,0,0,0,0,0,0,0,0,0,0,0,0
8281,276.0,6000,73,38,1916,4084,0,0,4339,671.10,1.235,1.047,0.213,0.051,0.330,-0.962,1.950,0.9302,1.9610,0.572,0.101,0.472,0.155,-0.004,67,12,65,0,106,0,383396.75,49808.354,71149.039,90.710,37238.611,12.900,57605.346,19446.758,7202.575,9340.174,7472.139,7064.105,31732.622,1677.421,0.000401,0.075692,6113,0,32,33,63,32,15510,14,31,89.930,0,0,0,0,0,0,0,0,0,0,0,0,0,0,121557,2963,6099,112375.171,71109.429,37234.419,0.215,89.930,49255.227,18376.781,182.552,173,114,12,32,70,50959,0,0,0,0.000,0.000,0.000,0.000,0.000,0.000,0.000,0.000,0,0,0,0,0,0,0,0,0,0.000,0.000,0.000,0.000,0.000,0.000,0.000,0.000,0,0,0,0,0,0,0,0,0,0.000,0.000,0.000,0.000,0.000,0.000,0.000,0.000,0,0,0,0,0,0,0,0,0,0.000,0.000,0.000,0.000,0.000,0.000,0.000,0.000,0,0,0,0,0,0,0,0,0,0.000,0.000,0.000,0.000,0.000,0.000,0.000,0.000,0,0,0,0,0,0,0,0,0,0,0,0,0,0,0,0,0,0
8311,277.0,5999,65,38,1869,4130,0,0,4330,687.72,1.245,1.049,0.211,0.051,0.323,-0.963,1.951,0.9282,1.9647,0.563,0.100,0.436,0.155,-0.004,77,11,63,0,136,0,375359.12,47295.354,70931.858,69.993,35769.119,16.514,58278.332,19812.342,7213.242,10616.761,8493.409,7740.123,29470.856,1696.570,0.000434,0.074554,6142,0,32,31,60,32,15094,22,28,68.898,0,0,0,0,0,0,0,0,0,0,0,0,0,0,123143,2961,6120,110735.023,70891.174,35763.050,0.200,68.898,50084.486,18768.002,183.665,192,146,10,32,104,75020,0,0,0,0.000,0.000,0.000,0.000,0.000,0.000,0.000,0.000,0,0,0,0,0,0,0,0,0,0.000,0.000,0.000,0.000,0.000,0.000,0.000,0.000,0,0,0,0,0,0,0,0,0,0.000,0.000,0.000,0.000,0.000,0.000,0.000,0.000,0,0,0,0,0,0,0,0,0,0.000,0.000,0.000,0.000,0.000,0.000,0.000,0.000,0,0,0,0,0,0,0,0,0,0.000,0.000,0.000,0.000,0.000,0.000,0.000,0.000,0,0,0,0,0,0,0,0,0,0,0,0,0,0,0,0,0,0
8341,278.0,6000,55,38,1830,4170,0,0,4269,709.02,1.253,1.050,0.210,0.050,0.317,-0.963,1.951,0.9239,1.9571,0.580,0.078,0.402,0.156,-0.004,69,5,61,0,139,0,366941.50,45078.171,67638.058,69.063,34207.415,15.477,58843.429,20093.447,7193.385,10393.802,8315.042,6603.613,24881.595,1508.700,0.000672,0.077318,6100,0,28,33,60,28,15410,20,32,68.882,0,0,0,0,0,0,0,0,0,0,0,0,0,0,124389,2831,6080,105831.682,67606.548,34203.398,0.078,68.882,50769.756,19065.590,186.574,188,148,5,28,115,80194,0,0,0,0.000,0.000,0.000,0.000,0.000,0.000,0.000,0.000,0,0,0,0,0,0,0,0,0,0.000,0.000,0.000,0.000,0.000,0.000,0.000,0.000,0,0,0,0,0,0,0,0,0,0.000,0.000,0.000,0.000,0.000,0.000,0.000,0.000,0,0,0,0,0,0,0,0,0,0.000,0.000,0.000,0.000,0.000,0.000,0.000,0.000,0,0,0,0,0,0,0,0,0,0.000,0.000,0.000,0.000,0.000,0.000,0.000,0.000,0,0,0,0,0,0,0,0,0,0,0,0,0,0,0,0,0,0
8371,279.0,6000,57,38,1788,4212,0,0,4302,767.85,1.263,1.051,0.208,0.050,0.311,-0.963,1.954,0.9186,1.9674,0.583,0.064,0.376,0.156,-0.003,64,7,48,1,132,0,359049.88,43824.678,65401.405,70.340,33026.616,16.242,59401.717,20171.070,7113.920,9465.840,7572.672,4605.025,22618.040,1385.110,0.000541,0.077455,6085,0,13,35,46,13,14940,44,33,70.024,0,0,0,0,0,0,0,0,0,0,0,0,0,0,125657,2723,6041,102151.043,65363.212,33021.531,0.042,70.024,51463.564,19173.482,178.871,171,129,7,13,109,67446,0,0,0,0.000,0.000,0.000,0.000,0.000,0.000,0.000,0.000,0,0,0,0,0,0,0,0,0,0.000,0.000,0.000,0.000,0.000,0.000,0.000,0.000,0,0,0,0,0,0,0,0,0,0.000,0.000,0.000,0.000,0.000,0.000,0.000,0.000,0,0,0,0,0,0,0,0,0,0.000,0.000,0.000,0.000,0.000,0.000,0.000,0.000,0,0,0,0,0,0,0,0,0,0.000,0.000,0.000,0.000,0.000,0.000,0.000,0.000,0,0,0,0,0,0,0,0,0,0,0,0,0,0,0,0,0,0
8401,280.0,6000,36,35,1730,4270,0,0,4350,780.07,1.276,1.053,0.207,0.050,0.302,-0.962,1.955,0.9229,1.9580,0.577,0.055,0.336,0.157,-0.003,62,12,65,2,158,0,346906.59,41746.406,63957.619,79.449,30302.000,17.205,60049.490,20254.452,7210.086,12097.046,9677.637,6952.155,19659.555,1381.625,0.000497,0.078704,5939,0,19,46,62,19,14699,33,43,78.528,0,0,0,0,0,0,0,0,0,0,0,0,0,0,127157,2672,5906,97906.867,63924.207,30298.594,0.103,78.528,52275.954,19276.013,183.159,222,164,12,19,133,97366,0,0,0,0.000,0.000,0.000,0.000,0.000,0.000,0.000,0.000,0,0,0,0,0,0,0,0,0,0.000,0.000,0.000,0.000,0.000,0.000,0.000,0.000,0,0,0,0,0,0,0,0,0,0.000,0.000,0.000,0.000,0.000,0.000,0.000,0.000,0,0,0,0,0,0,0,0,0,0.000,0.000,0.000,0.000,0.000,0.000,0.000,0.000,0,0,0,0,0,0,0,0,0,0.000,0.000,0.000,0.000,0.000,0.000,0.000,0.000,0,0,0,0,0,0,0,0,0,0,0,0,0,0,0,0,0,0
8431,281.0,5996,41,35,1679,4317,0,0,4363,762.10,1.287,1.054,0.205,0.050,0.294,-0.962,1.955,0.9123,1.9648,0.588,0.049,0.297,0.158,-0.002,76,17,51,1,164,0,334577.44,39044.926,60913.050,80.848,28081.351,17.694,60709.627,20586.990,7281.890,11625.629,9300.504,5202.724,15041.874,1219.739,0.000386,0.078704,5603,0,16,35,51,16,15019,8,35,80.815,0,0,0,0,0,0,0,0,0,0,0,0,0,0,128836,2543,5595,92403.758,60882.942,28080.442,0.033,80.815,53126.879,19627.588,192.992,213,166,16,16,134,87587,0,0,0,0.000,0.000,0.000,0.000,0.000,0.000,0.000,0.000,0,0,0,0,0,0,0,0,0,0.000,0.000,0.000,0.000,0.000,0.000,0.000,0.000,0,0,0,0,0,0,0,0,0,0.000,0.000,0.000,0.000,0.000,0.000,0.000,0.000,0,0,0,0,0,0,0,0,0,0.000,0.000,0.000,0.000,0.000,0.000,0.000,0.000,0,0,0,0,0,0,0,0,0,0.000,0.000,0.000,0.000,0.000,0.000,0.000,0.000,0,0,0,0,0,0,0,0,0,0,0,0,0,0,0,0,0,0
8461,282.0,6000,42,35,1634,4366,0,0,4261,715.72,1.297,1.056,0.202,0.049,0.287,-0.962,1.951,0.9236,1.9665,0.587,0.034,0.242,0.158,-0.002,74,19,50,3,188,0,319047.09,36808.977,57673.582,56.233,26928.275,16.047,61222.134,20906.196,7184.420,13591.701,10873.361,5065.746,11816.592,1155.712,0.000427,0.080382,5511,0,17,33,50,17,14493,13,33,56.161,0,0,0,0,0,0,0,0,0,0,0,0,0,0,130349,2401,5498,87759.723,57648.856,26925.563,0.072,56.161,53814.353,19962.452,199.244,250,201,19,17,165,120424,0,0,0,0.000,0.000,0.000,0.000,0.000,0.000,0.000,0.000,0,0,0,0,0,0,0,0,0,0.000,0.000,0.000,0.000,0.000,0.000,0.000,0.000,0,0,0,0,0,0,0,0,0,0.000,0.000,0.000,0.000,0.000,0.000,0.000,0.000,0,0,0,0,0,0,0,0,0,0.000,0.000,0.000,0.000,0.000,0.000,0.000,0.000,0,0,0,0,0,0,0,0,0,0.000,0.000,0.000,0.000,0.000,0.000,0.000,0.000,0,0,0,0,0,0,0,0,0,0,0,0,0,0,0,0,0,0
8491,283.0,6000,44,35,1585,4415,0,0,4254,768.89,1.308,1.059,0.200,0.048,0.280,-0.962,1.949,0.9175,1.9716,0.589,0.029,0.193,0.159,-0.002,66,32,52,2,214,0,298862.75,34719.010,53470.317,48.579,25250.123,16.863,61654.049,20922.459,7099.263,15475.154,12380.123,5340.733,9150.775,1159.926,0.000456,0.077748,5495,0,24,28,51,24,14379,20,27,48.289,0,0,0,0,0,0,0,0,0,0,0,0,0,0,131651,2236,5475,81722.353,53451.919,25247.309,0.075,48.289,54389.299,20001.632,194.629,286,237,30,24,183,135016,0,0,0,0.000,0.000,0.000,0.000,0.000,0.000,0.000,0.000,0,0,0,0,0,0,0,0,0,0.000,0.000,0.000,0.000,0.000,0.000,0.000,0.000,0,0,0,0,0,0,0,0,0,0.000,0.000,0.000,0.000,0.000,0.000,0.000,0.000,0,0,0,0,0,0,0,0,0,0.000,0.000,0.000,0.000,0.000,0.000,0.000,0.000,0,0,0,0,0,0,0,0,0,0.000,0.000,0.000,0.000,0.000,0.000,0.000,0.000,0,0,0,0,0,0,0,0,0,0,0,0,0,0,0,0,0,0
8521,284.0,5999,40,35,1546,4453,0,0,4186,644.09,1.316,1.060,0.199,0.048,0.274,-0.962,1.949,0.9240,1.9711,0.591,0.021,0.141,0.159,-0.001,62,40,49,1,231,0,278060.16,32471.949,51769.517,54.061,24126.153,14.741,62103.320,21268.594,7047.277,16506.487,13205.190,3761.801,6606.234,1009.615,0.000354,0.075573,5689,0,14,35,45,14,13927,13,31,53.208,0,0,0,0,0,0,0,0,0,0,0,0,0,0,133150,2161,5676,78764.308,51736.201,24124.359,0.054,53.208,55018.544,20371.903,190.576,306,268,40,14,214,140968,0,0,0,0.000,0.000,0.000,0.000,0.000,0.000,0.000,0.000,0,0,0,0,0,0,0,0,0,0.000,0.000,0.000,0.000,0.000,0.000,0.000,0.000,0,0,0,0,0,0,0,0,0,0.000,0.000,0.000,0.000,0.000,0.000,0.000,0.000,0,0,0,0,0,0,0,0,0,0.000,0.000,0.000,0.000,0.000,0.000,0.000,0.000,0,0,0,0,0,0,0,0,0,0.000,0.000,0.000,0.000,0.000,0.000,0.000,0.000,0,0,0,0,0,0,0,0,0,0,0,0,0,0,0,0,0,0
8551,285.0,6000,30,36,1512,4488,0,0,4155,675.42,1.322,1.061,0.197,0.048,0.269,-0.963,1.950,0.9145,1.9735,0.604,0.010,0.101,0.160,-0.001,71,39,37,1,253,0,254302.08,30428.961,49036.445,43.018,20962.738,15.517,62357.314,21459.939,6944.625,16997.780,13598.224,3992.747,4214.057,898.245,0.000323,0.073984,5466,0,13,24,34,13,14354,25,21,42.658,0,0,0,0,0,0,0,0,0,0,0,0,0,0,134185,2041,5441,72582.539,49019.910,20959.086,0.006,42.658,55408.164,20582.177,184.317,314,279,37,13,229,157427,0,0,0,0.000,0.000,0.000,0.000,0.000,0.000,0.000,0.000,0,0,0,0,0,0,0,0,0,0.000,0.000,0.000,0.000,0.000,0.000,0.000,0.000,0,0,0,0,0,0,0,0,0,0.000,0.000,0.000,0.000,0.000,0.000,0.000,0.000,0,0,0,0,0,0,0,0,0,0.000,0.000,0.000,0.000,0.000,0.000,0.000,0.000,0,0,0,0,0,0,0,0,0,0.000,0.000,0.000,0.000,0.000,0.000,0.000,0.000,0,0,0,0,0,0,0,0,0,0,0,0,0,0,0,0,0,0
8581,286.0,6000,39,36,1482,4518,0,0,4106,617.46,1.328,1.063,0.197,0.048,0.265,-0.963,1.952,0.9260,1.9670,0.592,0.007,0.032,0.160,-0.001,54,51,30,0,353,0,225376.12,28581.742,44442.567,34.715,19381.485,14.141,62521.900,21616.795,6894.945,22460.010,17968.008,3327.400,2345.086,786.846,0.000245,0.071724,5318,0,9,21,29,9,14273,13,20,34.688,0,0,0,0,0,0,0,0,0,0,0,0,0,0,135281,1853,5305,66220.669,44429.972,19379.503,0.007,34.688,55703.647,20754.542,181.929,416,386,48,9,329,224807,0,0,0,0.000,0.000,0.000,0.000,0.000,0.000,0.000,0.000,0,0,0,0,0,0,0,0,0,0.000,0.000,0.000,0.000,0.000,0.000,0.000,0.000,0,0,0,0,0,0,0,0,0,0.000,0.000,0.000,0.000,0.000,0.000,0.000,0.000,0,0,0,0,0,0,0,0,0,0.000,0.000,0.000,0.000,0.000,0.000,0.000,0.000,0,0,0,0,0,0,0,0,0,0.000,0.000,0.000,0.000,0.000,0.000,0.000,0.000,0,0,0,0,0,0,0,0,0,0,0,0,0,0,0,0,0,0
8611,287.0,5876,29,36,1483,4393,0,0,3998,712.52,1.321,1.062,0.197,0.048,0.270,-0.963,1.952,0.9237,1.9573,0.601,0.000,0.003,0.160,-0.000,54,80,18,2,409,0,195195.08,27213.545,40212.801,19.386,18046.744,13.545,62000.272,21503.048,6793.801,19304.208,15443.367,2345.085,380.920,742.815,0.000321,0.069917,5323,0,5,13,17,5,13873,21,12,19.227,0,0,0,0,0,0,0,0,0,0,0,0,0,0,134762,1680,5302,60481.991,40199.715,18044.323,0.019,19.227,55210.598,20642.211,176.871,344,469,79,5,385,293706,0,0,0,0.000,0.000,0.000,0.000,0.000,0.000,0.000,0.000,0,0,0,0,0,0,0,0,0,0.000,0.000,0.000,0.000,0.000,0.000,0.000,0.000,0,0,0,0,0,0,0,0,0,0.000,0.000,0.000,0.000,0.000,0.000,0.000,0.000,0,0,0,0,0,0,0,0,0,0.000,0.000,0.000,0.000,0.000,0.000,0.000,0.000,0,0,0,0,0,0,0,0,0,0.000,0.000,0.000,0.000,0.000,0.000,0.000,0.000,0,0,0,0,0,0,0,0,0,0,0,0,0,0,0,0,0,0
8641,288.0,5529,38,36,1462,4067,0,0,3785,678.03,1.306,1.060,0.197,0.048,0.281,-0.963,1.959,0.9242,1.9675,0.599,0.000,0.002,0.159,-0.000,72,99,23,1,446,0,169142.86,25803.049,38438.267,18.022,15778.929,14.531,58764.231,20415.824,6510.053,11051.026,8840.821,1790.429,0.000,620.808,0.000351,0.068939,4834,0,5,18,20,5,13515,5,15,17.526,0,0,0,0,0,0,0,0,0,0,0,0,0,0,127499,1604,4829,56262.797,38426.351,15778.639,0.011,17.526,52022.824,19574.781,160.941,196,522,99,5,418,318058,0,0,0,0.000,0.000,0.000,0.000,0.000,0.000,0.000,0.000,0,0,0,0,0,0,0,0,0,0.000,0.000,0.000,0.000,0.000,0.000,0.000,0.000,0,0,0,0,0,0,0,0,0,0.000,0.000,0.000,0.000,0.000,0.000,0.000,0.000,0,0,0,0,0,0,0,0,0,0.000,0.000,0.000,0.000,0.000,0.000,0.000,0.000,0,0,0,0,0,0,0,0,0,0.000,0.000,0.000,0.000,0.000,0.000,0.000,0.000,0,0,0,0,0,0,0,0,0,0,0,0,0,0,0,0,0,0
8671,289.0,4996,37,36,1438,3558,0,0,3414,610.78,1.277,1.056,0.201,0.048,0.302,-0.963,1.959,0.9217,1.9624,0.602,0.000,0.002,0.158,-0.001,84,116,21,5,555,0,146474.08,24421.002,34755.966,25.863,14202.757,16.522,53384.204,18421.444,6041.237,8087.129,6469.703,1835.434,23.898,547.982,0.000251,0.068154,4547,0,6,15,21,6,12636,30,15,25.849,0,0,0,0,0,0,0,0,0,0,0,0,0,0,114930,1449,4517,50768.882,34743.166,14201.111,0.014,25.849,46747.129,17616.450,137.433,142,651,115,6,530,357336,0,0,0,0.000,0.000,0.000,0.000,0.000,0.000,0.000,0.000,0,0,0,0,0,0,0,0,0,0.000,0.000,0.000,0.000,0.000,0.000,0.000,0.000,0,0,0,0,0,0,0,0,0,0.000,0.000,0.000,0.000,0.000,0.000,0.000,0.000,0,0,0,0,0,0,0,0,0,0.000,0.000,0.000,0.000,0.000,0.000,0.000,0.000,0,0,0,0,0,0,0,0,0,0.000,0.000,0.000,0.000,0.000,0.000,0.000,0.000,0,0,0,0,0,0,0,0,0,0,0,0,0,0,0,0,0,0
8701,290.0,4502,42,37,1421,3081,0,0,2970,633.39,1.242,1.052,0.206,0.048,0.327,-0.963,1.963,0.9288,1.9579,0.617,0.001,0.003,0.156,-0.002,68,131,23,1,523,0,130738.71,23101.185,33179.414,24.958,12590.609,14.382,46869.010,16149.724,5323.626,8999.878,7199.902,1362.843,25.461,510.272,0.000195,0.066802,3793,0,3,20,23,3,12039,32,20,24.952,0,0,0,0,0,0,0,0,0,0,0,0,0,0,99372,1377,3761,47467.588,33170.994,12589.244,0.005,24.952,40340.784,15369.951,122.894,156,633,131,3,499,356923,0,0,0,0.000,0.000,0.000,0.000,0.000,0.000,0.000,0.000,0,0,0,0,0,0,0,0,0,0.000,0.000,0.000,0.000,0.000,0.000,0.000,0.000,0,0,0,0,0,0,0,0,0,0.000,0.000,0.000,0.000,0.000,0.000,0.000,0.000,0,0,0,0,0,0,0,0,0,0.000,0.000,0.000,0.000,0.000,0.000,0.000,0.000,0,0,0,0,0,0,0,0,0,0.000,0.000,0.000,0.000,0.000,0.000,0.000,0.000,0,0,0,0,0,0,0,0,0,0,0,0,0,0,0,0,0,0
8731,291.0,4077,51,37,1400,2677,0,0,2605,633.01,1.207,1.047,0.210,0.048,0.353,-0.963,1.960,0.9225,1.9693,0.620,0.001,0.003,0.154,-0.003,58,77,20,2,476,0,117319.77,21934.783,27857.255,29.554,11127.200,13.728,41404.834,14033.873,4663.541,7362.304,5889.844,1229.388,35.154,401.288,0.000227,0.065803,3149,0,0,20,20,0,11204,3,20,29.554,0,0,0,0,0,0,0,0,0,0,0,0,0,0,86444,1158,3146,40369.771,27841.690,11126.875,0.000,29.554,34929.353,13279.885,103.751,127,531,77,0,454,312740,0,0,0,0.000,0.000,0.000,0.000,0.000,0.000,0.000,0.000,0,0,0,0,0,0,0,0,0,0.000,0.000,0.000,0.000,0.000,0.000,0.000,0.000,0,0,0,0,0,0,0,0,0,0.000,0.000,0.000,0.000,0.000,0.000,0.000,0.000,0,0,0,0,0,0,0,0,0,0.000,0.000,0.000,0.000,0.000,0.000,0.000,0.000,0,0,0,0,0,0,0,0,0,0.000,0.000,0.000,0.000,0.000,0.000,0.000,0.000,0,0,0,0,0,0,0,0,0,0,0,0,0,0,0,0,0,0
8761,292.0,3770,44,37,1400,2370,0,0,2302,612.11,1.170,1.042,0.214,0.050,0.378,-0.963,1.958,0.9312,1.9357,0.626,0.001,0.003,0.153,-0.005,55,92,19,3,345,0,109664.72,21026.129,27427.163,24.173,10088.783,14.065,36749.158,12305.417,4075.011,7129.731,5703.785,1136.160,37.762,403.058,0.000185,0.066387,2698,0,3,16,19,3,10796,13,16,24.164,0,0,0,0,0,0,0,0,0,0,0,0,0,0,75481,1140,2685,38881.747,27409.106,10087.236,0.009,24.164,30328.038,11561.836,94.619,117,424,91,3,330,231645,0,0,0,0.000,0.000,0.000,0.000,0.000,0.000,0.000,0.000,0,0,0,0,0,0,0,0,0,0.000,0.000,0.000,0.000,0.000,0.000,0.000,0.000,0,0,0,0,0,0,0,0,0,0.000,0.000,0.000,0.000,0.000,0.000,0.000,0.000,0,0,0,0,0,0,0,0,0,0.000,0.000,0.000,0.000,0.000,0.000,0.000,0.000,0,0,0,0,0,0,0,0,0,0.000,0.000,0.000,0.000,0.000,0.000,0.000,0.000,0,0,0,0,0,0,0,0,0,0,0,0,0,0,0,0,0,0
8791,293.0,3548,47,37,1403,2145,0,0,2042,635.24,1.140,1.040,0.218,0.050,0.400,-0.964,1.956,0.9427,1.9384,0.619,0.000,0.003,0.151,-0.006,40,84,12,4,277,0,104342.41,20386.936,24933.964,12.353,9778.427,12.855,33328.913,11023.907,3610.356,7311.272,5849.018,855.997,0.000,374.131,0.000170,0.066834,2425,0,3,9,12,3,10485,9,9,12.340,0,0,0,0,0,0,0,0,0,0,0,0,0,0,67233,1042,2416,36021.980,24921.904,9777.181,0.013,12.340,26934.054,10287.802,84.909,121,346,83,3,260,180616,0,0,0,0.000,0.000,0.000,0.000,0.000,0.000,0.000,0.000,0,0,0,0,0,0,0,0,0,0.000,0.000,0.000,0.000,0.000,0.000,0.000,0.000,0,0,0,0,0,0,0,0,0,0.000,0.000,0.000,0.000,0.000,0.000,0.000,0.000,0,0,0,0,0,0,0,0,0,0.000,0.000,0.000,0.000,0.000,0.000,0.000,0.000,0,0,0,0,0,0,0,0,0,0.000,0.000,0.000,0.000,0.000,0.000,0.000,0.000,0,0,0,0,0,0,0,0,0,0,0,0,0,0,0,0,0,0
8821,294.0,3367,55,37,1407,1960,0,0,1856,658.02,1.113,1.038,0.222,0.051,0.420,-0.964,1.951,0.9400,1.9442,0.631,0.001,0.004,0.150,-0.007,46,83,21,4,235,0,99884.91,19570.420,23218.756,27.672,9191.127,13.781,30955.677,10112.994,3212.319,7466.541,5973.233,1070.290,57.396,372.370,0.000172,0.064745,2240,0,4,17,20,4,9978,3,16,27.579,0,0,0,0,0,0,0,0,0,0,0,0,0,0,61439,964,2237,33603.941,23205.071,9190.001,0.016,27.579,24572.586,9379.885,80.752,119,304,83,4,217,166725,0,0,0,0.000,0.000,0.000,0.000,0.000,0.000,0.000,0.000,0,0,0,0,0,0,0,0,0,0.000,0.000,0.000,0.000,0.000,0.000,0.000,0.000,0,0,0,0,0,0,0,0,0,0.000,0.000,0.000,0.000,0.000,0.000,0.000,0.000,0,0,0,0,0,0,0,0,0,0.000,0.000,0.000,0.000,0.000,0.000,0.000,0.000,0,0,0,0,0,0,0,0,0,0.000,0.000,0.000,0.000,0.000,0.000,0.000,0.000,0,0,0,0,0,0,0,0,0,0,0,0,0,0,0,0,0,0
8851,295.0,3211,61,37,1411,1800,0,0,1665,651.72,1.085,1.038,0.226,0.050,0.440,-0.964,1.952,0.9366,1.9762,0.625,0.001,0.004,0.148,-0.007,55,82,9,11,215,0,94529.25,18841.039,20106.165,10.767,8503.069,10.493,28880.644,9389.364,2904.930,7487.932,5990.346,1241.262,38.189,361.651,0.000189,0.063578,1958,0,4,5,9,4,9906,7,5,10.740,0,0,0,0,0,0,0,0,0,0,0,0,0,0,56585,836,1951,29618.689,20095.401,8501.188,0.027,10.740,22540.741,8662.296,72.606,120,280,82,4,194,159751,0,0,0,0.000,0.000,0.000,0.000,0.000,0.000,0.000,0.000,0,0,0,0,0,0,0,0,0,0.000,0.000,0.000,0.000,0.000,0.000,0.000,0.000,0,0,0,0,0,0,0,0,0,0.000,0.000,0.000,0.000,0.000,0.000,0.000,0.000,0,0,0,0,0,0,0,0,0,0.000,0.000,0.000,0.000,0.000,0.000,0.000,0.000,0,0,0,0,0,0,0,0,0,0.000,0.000,0.000,0.000,0.000,0.000,0.000,0.000,0,0,0,0,0,0,0,0,0,0,0,0,0,0,0,0,0,0
8881,296.0,3083,57,37,1439,1644,0,0,1477,655.33,1.050,1.036,0.230,0.051,0.465,-0.964,1.952,0.9394,1.9542,0.630,0.000,0.005,0.146,-0.008,51,80,15,3,163,0,91079.58,18620.131,18159.162,24.838,8179.963,11.922,26998.167,8610.919,2554.402,5505.032,4404.026,677.212,12.691,299.404,0.000305,0.061694,1871,0,2,13,14,2,9729,10,12,24.626,0,0,0,0,0,0,0,0,0,0,0,0,0,0,51846,758,1861,27275.848,18145.235,8178.788,0.002,24.626,20593.043,7880.162,65.207,75,231,79,2,150,122917,0,0,0,0.000,0.000,0.000,0.000,0.000,0.000,0.000,0.000,0,0,0,0,0,0,0,0,0,0.000,0.000,0.000,0.000,0.000,0.000,0.000,0.000,0,0,0,0,0,0,0,0,0,0.000,0.000,0.000,0.000,0.000,0.000,0.000,0.000,0,0,0,0,0,0,0,0,0,0.000,0.000,0.000,0.000,0.000,0.000,0.000,0.000,0,0,0,0,0,0,0,0,0,0.000,0.000,0.000,0.000,0.000,0.000,0.000,0.000,0,0,0,0,0,0,0,0,0,0,0,0,0,0,0,0,0,0
8911,297.0,3002,54,37,1461,1541,0,0,1354,604.23,1.025,1.033,0.232,0.051,0.483,-0.964,1.952,0.9438,1.9594,0.636,0.001,0.004,0.145,-0.008,51,81,27,2,140,0,87670.29,18165.839,17213.666,22.667,8118.194,11.076,25469.198,7952.158,2315.807,7396.400,5917.120,1240.741,29.595,324.686,0.000195,0.061317,1824,0,9,18,26,9,9406,4,17,22.445,0,0,0,0,0,0,0,0,0,0,0,0,0,0,47905,717,1820,26248.054,17199.862,8117.263,0.027,22.445,19006.471,7212.365,61.918,109,212,80,9,123,101816,0,0,0,0.000,0.000,0.000,0.000,0.000,0.000,0.000,0.000,0,0,0,0,0,0,0,0,0,0.000,0.000,0.000,0.000,0.000,0.000,0.000,0.000,0,0,0,0,0,0,0,0,0,0.000,0.000,0.000,0.000,0.000,0.000,0.000,0.000,0,0,0,0,0,0,0,0,0,0.000,0.000,0.000,0.000,0.000,0.000,0.000,0.000,0,0,0,0,0,0,0,0,0,0.000,0.000,0.000,0.000,0.000,0.000,0.000,0.000,0,0,0,0,0,0,0,0,0,0,0,0,0,0,0,0,0,0
8941,298.0,2919,60,37,1485,1434,0,0,1264,634.41,0.998,1.032,0.234,0.052,0.504,-0.964,1.951,0.9645,1.9793,0.624,0.001,0.003,0.144,-0.009,49,79,14,6,123,0,85764.10,18179.138,16245.763,18.529,7560.924,12.539,24278.735,7525.933,2082.724,5809.257,4647.405,1000.599,8.952,290.817,0.000179,0.060056,1612,0,3,11,14,3,9556,3,11,18.518,0,0,0,0,0,0,0,0,0,0,0,0,0,0,44800,676,1609,24642.997,16226.325,7560.226,0.012,18.518,17765.243,6773.113,56.141,79,186,78,3,105,84634,0,0,0,0.000,0.000,0.000,0.000,0.000,0.000,0.000,0.000,0,0,0,0,0,0,0,0,0,0.000,0.000,0.000,0.000,0.000,0.000,0.000,0.000,0,0,0,0,0,0,0,0,0,0.000,0.000,0.000,0.000,0.000,0.000,0.000,0.000,0,0,0,0,0,0,0,0,0,0.000,0.000,0.000,0.000,0.000,0.000,0.000,0.000,0,0,0,0,0,0,0,0,0,0.000,0.000,0.000,0.000,0.000,0.000,0.000,0.000,0,0,0,0,0,0,0,0,0,0,0,0,0,0,0,0,0,0
8971,299.0,2866,64,37,1521,1345,0,0,1205,604.22,0.969,1.029,0.236,0.053,0.524,-0.964,1.950,0.9620,1.9552,0.630,0.000,0.004,0.143,-0.010,44,82,16,3,102,0,84611.28,18230.197,15378.965,20.393,7936.757,8.591,23104.353,7117.554,1970.107,6380.370,5104.296,955.820,43.058,315.410,0.000155,0.059310,1649,0,7,9,16,7,9506,2,9,20.372,0,0,0,0,0,0,0,0,0,0,0,0,0,0,41719,638,1647,24151.222,15363.807,7936.235,0.021,20.372,16524.135,6346.397,57.462,89,178,81,7,90,87265,0,0,0,0.000,0.000,0.000,0.000,0.000,0.000,0.000,0.000,0,0,0,0,0,0,0,0,0,0.000,0.000,0.000,0.000,0.000,0.000,0.000,0.000,0,0,0,0,0,0,0,0,0,0.000,0.000,0.000,0.000,0.000,0.000,0.000,0.000,0,0,0,0,0,0,0,0,0,0.000,0.000,0.000,0.000,0.000,0.000,0.000,0.000,0,0,0,0,0,0,0,0,0,0.000,0.000,0.000,0.000,0.000,0.000,0.000,0.000,0,0,0,0,0,0,0,0,0,0,0,0,0,0,0,0,0,0
9001,300.0,2867,68,37,1547,1320,0,0,1178,629.54,0.958,1.030,0.235,0.054,0.532,-0.964,1.948,0.9759,1.9742,0.643,0.001,0.004,0.142,-0.010,41,46,28,3,93,0,84696.18,18414.879,15901.577,43.740,7594.727,11.093,22506.917,6914.466,1892.116,7400.771,5920.617,1163.668,3.138,314.843,0.000229,0.057979,1622,0,9,19,28,9,9688,6,19,43.690,0,0,0,0,0,0,0,0,0,0,0,0,0,0,40212,659,1616,24308.039,15879.732,7593.711,0.050,43.690,15867.036,6130.935,54.495,107,132,45,9,78,57878,0,0,0,0.000,0.000,0.000,0.000,0.000,0.000,0.000,0.000,0,0,0,0,0,0,0,0,0,0.000,0.000,0.000,0.000,0.000,0.000,0.000,0.000,0,0,0,0,0,0,0,0,0,0.000,0.000,0.000,0.000,0.000,0.000,0.000,0.000,0,0,0,0,0,0,0,0,0,0.000,0.000,0.000,0.000,0.000,0.000,0.000,0.000,0,0,0,0,0,0,0,0,0,0.000,0.000,0.000,0.000,0.000,0.000,0.000,0.000,0,0,0,0,0,0,0,0,0,0,0,0,0,0,0,0,0,0
9031,301.0,2865,72,37,1591,1274,0,0,1135,577.61,0.939,1.028,0.236,0.056,0.546,-0.964,1.952,0.9713,1.9671,0.634,0.002,0.006,0.141,-0.011,45,66,8,2,87,0,85243.96,18798.895,15155.495,16.688,7533.840,9.612,22126.073,6796.453,1823.195,6695.789,5356.631,1053.755,12.616,272.046,0.000196,0.057070,1537,0,1,7,8,1,10258,2,7,16.680,0,0,0,0,0,0,0,0,0,0,0,0,0,0,38894,634,1535,23502.366,15135.101,7533.132,0.008,16.680,15356.523,5990.108,54.035,91,137,64,1,72,57826,0,0,0,0.000,0.000,0.000,0.000,0.000,0.000,0.000,0.000,0,0,0,0,0,0,0,0,0,0.000,0.000,0.000,0.000,0.000,0.000,0.000,0.000,0,0,0,0,0,0,0,0,0,0.000,0.000,0.000,0.000,0.000,0.000,0.000,0.000,0,0,0,0,0,0,0,0,0,0.000,0.000,0.000,0.000,0.000,0.000,0.000,0.000,0,0,0,0,0,0,0,0,0,0.000,0.000,0.000,0.000,0.000,0.000,0.000,0.000,0,0,0,0,0,0,0,0,0,0,0,0,0,0,0,0,0,0
9061,302.0,2904,94,37,1645,1259,0,0,1114,666.71,0.924,1.027,0.236,0.057,0.557,-0.965,1.950,0.9621,1.9724,0.629,0.001,0.010,0.140,-0.012,47,56,22,3,73,0,86936.05,19789.520,15264.841,26.164,7686.180,10.591,21878.349,6717.200,1757.266,7841.232,6272.986,1012.691,138.232,316.450,0.000166,0.058180,1588,0,6,16,20,6,10353,9,14,25.447,0,0,0,0,0,0,0,0,0,0,0,0,0,0,38057,641,1579,23769.804,15243.969,7683.679,0.022,25.447,15001.141,5886.994,51.494,102,117,55,6,56,53004,0,0,0,0.000,0.000,0.000,0.000,0.000,0.000,0.000,0.000,0,0,0,0,0,0,0,0,0,0.000,0.000,0.000,0.000,0.000,0.000,0.000,0.000,0,0,0,0,0,0,0,0,0,0.000,0.000,0.000,0.000,0.000,0.000,0.000,0.000,0,0,0,0,0,0,0,0,0,0.000,0.000,0.000,0.000,0.000,0.000,0.000,0.000,0,0,0,0,0,0,0,0,0,0.000,0.000,0.000,0.000,0.000,0.000,0.000,0.000,0,0,0,0,0,0,0,0,0,0,0,0,0,0,0,0,0,0
9091,303.0,2995,110,37,1719,1276,0,0,1156,614.22,0.915,1.026,0.235,0.058,0.564,-0.964,1.952,0.9670,1.9850,0.614,0.002,0.009,0.140,-0.012,37,50,11,2,53,0,90977.43,20832.946,16642.922,8.687,8129.186,10.934,22043.072,6721.127,1763.804,8532.871,6826.297,607.360,265.699,335.539,0.000228,0.056654,1565,0,5,6,9,5,10924,11,4,8.311,0,0,0,0,0,0,0,0,0,0,0,0,0,0,37977,695,1554,25652.069,16613.289,8126.094,0.025,8.311,14955.319,5863.185,50.701,114,97,49,5,43,40990,0,0,0,0.000,0.000,0.000,0.000,0.000,0.000,0.000,0.000,0,0,0,0,0,0,0,0,0,0.000,0.000,0.000,0.000,0.000,0.000,0.000,0.000,0,0,0,0,0,0,0,0,0,0.000,0.000,0.000,0.000,0.000,0.000,0.000,0.000,0,0,0,0,0,0,0,0,0,0.000,0.000,0.000,0.000,0.000,0.000,0.000,0.000,0,0,0,0,0,0,0,0,0,0.000,0.000,0.000,0.000,0.000,0.000,0.000,0.000,0,0,0,0,0,0,0,0,0,0,0,0,0,0,0,0,0,0
9121,304.0,3102,107,37,1781,1321,0,0,1184,684.18,0.914,1.028,0.232,0.056,0.565,-0.964,1.952,0.9775,1.9972,0.616,0.002,0.009,0.140,-0.011,55,48,12,6,51,0,96333.28,22025.042,17925.552,11.221,9782.764,10.243,22504.038,6979.777,1825.866,9510.380,7608.304,745.397,270.258,378.549,0.000199,0.056479,1831,0,3,9,12,3,11501,9,9,11.212,0,0,0,0,0,0,0,0,0,0,0,0,0,0,38831,749,1822,28678.808,17885.872,9781.015,0.009,11.212,15245.241,6094.937,49.166,134,89,47,3,39,37296,0,0,0,0.000,0.000,0.000,0.000,0.000,0.000,0.000,0.000,0,0,0,0,0,0,0,0,0,0.000,0.000,0.000,0.000,0.000,0.000,0.000,0.000,0,0,0,0,0,0,0,0,0,0.000,0.000,0.000,0.000,0.000,0.000,0.000,0.000,0,0,0,0,0,0,0,0,0,0.000,0.000,0.000,0.000,0.000,0.000,0.000,0.000,0,0,0,0,0,0,0,0,0,0.000,0.000,0.000,0.000,0.000,0.000,0.000,0.000,0,0,0,0,0,0,0,0,0,0,0,0,0,0,0,0,0,0
9151,305.0,3234,77,36,1874,1360,0,0,1189,668.61,0.907,1.028,0.231,0.056,0.570,-0.964,1.953,0.9599,1.9926,0.602,0.001,0.009,0.139,-0.010,40,48,20,5,68,0,103029.66,23396.380,19117.871,36.172,9666.522,9.272,23201.199,7163.331,1863.049,11121.533,8897.227,961.903,87.125,353.121,0.000204,0.053993,1857,0,0,20,17,0,11865,8,17,35.529,0,0,0,0,0,0,0,0,0,0,0,0,0,0,40013,797,1849,29838.990,19094.906,9664.806,0.000,35.529,15688.782,6227.727,58.313,143,104,48,0,56,45419,0,0,0,0.000,0.000,0.000,0.000,0.000,0.000,0.000,0.000,0,0,0,0,0,0,0,0,0,0.000,0.000,0.000,0.000,0.000,0.000,0.000,0.000,0,0,0,0,0,0,0,0,0,0.000,0.000,0.000,0.000,0.000,0.000,0.000,0.000,0,0,0,0,0,0,0,0,0,0.000,0.000,0.000,0.000,0.000,0.000,0.000,0.000,0,0,0,0,0,0,0,0,0,0.000,0.000,0.000,0.000,0.000,0.000,0.000,0.000,0,0,0,0,0,0,0,0,0,0,0,0,0,0,0,0,0,0
9181,306.0,3404,98,36,1960,1444,0,0,1235,655.24,0.911,1.030,0.231,0.056,0.567,-0.963,1.953,0.9627,2.0003,0.598,0.001,0.010,0.139,-0.010,44,41,22,1,53,0,110157.93,24869.772,19969.650,24.927,10763.571,9.787,24083.318,7437.449,1922.060,12096.478,9677.182,1237.713,196.164,440.085,0.000198,0.054921,2000,0,8,14,21,8,12228,7,13,24.793,0,0,0,0,0,0,0,0,0,0,0,0,0,0,41777,836,1993,31876.232,19937.242,10762.216,0.002,24.793,16340.926,6464.438,56.114,168,84,38,8,38,36636,0,0,0,0.000,0.000,0.000,0.000,0.000,0.000,0.000,0.000,0,0,0,0,0,0,0,0,0,0.000,0.000,0.000,0.000,0.000,0.000,0.000,0.000,0,0,0,0,0,0,0,0,0,0.000,0.000,0.000,0.000,0.000,0.000,0.000,0.000,0,0,0,0,0,0,0,0,0,0.000,0.000,0.000,0.000,0.000,0.000,0.000,0.000,0,0,0,0,0,0,0,0,0,0.000,0.000,0.000,0.000,0.000,0.000,0.000,0.000,0,0,0,0,0,0,0,0,0,0,0,0,0,0,0,0,0,0
9211,307.0,3633,106,36,2066,1566,0,1,1318,552.14,0.920,1.032,0.227,0.055,0.562,-0.963,1.957,0.9781,1.9962,0.595,0.002,0.008,0.140,-0.010,44,26,22,2,65,0,118914.80,27192.309,21938.071,45.787,12377.789,9.890,25649.893,8105.232,2004.599,14421.749,11537.399,1089.712,217.481,468.032,0.000271,0.056861,2353,0,0,22,20,0,13120,8,20,45.316,0,0,0,0,0,0,0,0,0,0,0,0,0,0,45164,921,2345,35551.934,21905.110,12375.539,0.000,45.316,17598.609,7079.799,53.915,197,75,25,0,50,28790,0,0,0,0.000,0.000,0.000,0.000,0.000,0.000,0.000,0.000,0,0,0,0,0,0,0,0,0,0.000,0.000,0.000,0.000,0.000,0.000,0.000,0.000,0,0,0,0,0,0,12,0,0,0.000,0.000,0.000,0.000,0.000,1.156,0.466,0.000,0,0,0,0,0,0,0,0,0,0.000,0.000,0.000,0.000,0.000,0.000,0.000,0.000,0,0,0,0,0,0,0,0,0,0.000,0.000,0.000,0.000,0.000,0.000,0.000,0.000,0,0,0,0,0,0,0,1,0,0,0,0,0,0,0,0,0,0
9241,308.0,3865,81,36,2178,1686,0,1,1407,493.35,0.926,1.035,0.226,0.055,0.557,-0.963,1.958,0.9586,1.9951,0.585,0.001,0.012,0.140,-0.009,34,37,31,1,66,0,128726.28,29347.469,24482.418,37.159,14378.272,9.149,27305.492,8667.708,2127.800,15449.060,12359.248,1935.285,286.993,642.473,0.000218,0.056742,2621,0,14,17,29,14,13779,17,15,36.400,0,0,0,0,0,0,0,0,0,0,0,0,0,0,48723,1030,2604,40278.589,24453.818,14374.300,0.083,36.400,18926.274,7580.834,68.396,214,94,36,14,44,36608,0,0,0,0.000,0.000,0.000,0.000,0.000,0.000,0.000,0.000,0,0,0,0,0,0,0,0,0,0.000,0.000,0.000,0.000,0.000,0.000,0.000,0.000,0,0,0,0,0,0,30,0,0,0.000,0.000,0.000,0.000,0.000,2.888,1.144,0.000,0,0,0,0,0,0,0,0,0,0.000,0.000,0.000,0.000,0.000,0.000,0.000,0.000,0,0,0,0,0,0,0,0,0,0.000,0.000,0.000,0.000,0.000,0.000,0.000,0.000,0,0,0,0,0,0,0,0,0,0,0,0,0,0,0,0,0,0
9271,309.0,4139,86,36,2274,1865,0,0,1579,583.45,0.944,1.037,0.225,0.055,0.545,-0.963,1.957,0.9799,2.0010,0.571,0.001,0.010,0.141,-0.008,41,28,41,3,63,0,139145.69,31352.481,26142.750,79.134,15590.438,8.750,29367.767,9463.732,2363.547,17773.373,14218.698,1578.266,194.655,632.316,0.000235,0.054487,2958,0,6,35,40,6,14971,21,34,79.059,0,0,0,0,0,0,0,0,0,0,0,0,0,0,53338,1104,2937,43274.560,26098.621,15587.094,0.023,79.059,20648.423,8311.276,81.151,259,80,28,6,46,27333,0,0,0,0.000,0.000,0.000,0.000,0.000,0.000,0.000,0.000,0,0,0,0,0,0,0,0,0,0.000,0.000,0.000,0.000,0.000,0.000,0.000,0.000,0,0,0,0,0,0,3,0,0,0.000,0.000,0.000,0.000,0.000,0.289,0.135,0.000,0,1,0,0,1,45,0,0,0,0.000,0.000,0.000,0.000,0.000,0.000,0.000,0.000,0,0,0,0,0,0,0,0,0,0.000,0.000,0.000,0.000,0.000,0.000,0.000,0.000,0,0,0,0,0,0,0,0,0,0,0,0,0,0,0,0,0,0
9301,310.0,4480,79,34,2397,2083,0,0,1779,633.24,0.963,1.041,0.222,0.055,0.532,-0.963,1.957,0.9670,2.0251,0.563,0.001,0.010,0.142,-0.008,41,29,22,3,66,0,150641.02,33904.967,28974.784,27.949,19012.458,7.399,31887.061,10454.313,2708.188,19959.866,15967.893,1378.752,226.746,765.333,0.000203,0.054376,3538,0,4,18,19,4,15376,23,15,27.632,0,0,0,0,0,0,0,0,0,0,0,0,0,0,59090,1211,3515,49730.566,28926.497,19007.503,0.009,27.632,22860.473,9251.971,88.825,290,72,28,4,40,25694,0,0,0,0.000,0.000,0.000,0.000,0.000,0.000,0.000,0.000,0,0,0,0,0,0,0,0,0,0.000,0.000,0.000,0.000,0.000,0.000,0.000,0.000,0,0,0,0,0,0,0,0,0,0.000,0.000,0.000,0.000,0.000,0.000,0.000,0.000,0,0,0,0,0,0,0,0,0,0.000,0.000,0.000,0.000,0.000,0.000,0.000,0.000,0,0,0,0,0,0,0,0,0,0.000,0.000,0.000,0.000,0.000,0.000,0.000,0.000,0,0,0,0,0,0,0,0,0,0,0,0,0,0,0,0,0,0
9331,311.0,4838,73,34,2517,2321,0,0,2044,623.85,0.982,1.043,0.220,0.055,0.519,-0.963,1.961,0.9716,2.0047,0.546,0.001,0.009,0.143,-0.007,43,29,40,2,59,0,161917.58,36987.102,30976.101,59.672,21526.806,8.263,34935.065,11682.621,3105.078,21443.269,17154.615,1496.238,412.971,825.700,0.000214,0.054127,4274,0,5,35,36,5,16793,7,31,59.222,0,0,0,0,0,0,0,0,0,0,0,0,0,0,66010,1305,4267,54434.313,30932.148,21525.516,0.010,59.222,25510.047,10393.876,105.768,318,80,29,5,46,24622,0,0,0,0.000,0.000,0.000,0.000,0.000,0.000,0.000,0.000,0,0,0,0,0,0,0,0,0,0.000,0.000,0.000,0.000,0.000,0.000,0.000,0.000,0,0,0,0,0,0,0,0,0,0.000,0.000,0.000,0.000,0.000,0.000,0.000,0.000,0,0,0,0,0,0,0,0,0,0.000,0.000,0.000,0.000,0.000,0.000,0.000,0.000,0,0,0,0,0,0,0,0,0,0.000,0.000,0.000,0.000,0.000,0.000,0.000,0.000,0,0,0,0,0,0,0,0,0,0,0,0,0,0,0,0,0,0
9361,312.0,5132,77,34,2588,2544,0,0,2341,481.97,1.004,1.046,0.217,0.056,0.505,-0.963,1.964,0.9660,2.0206,0.532,0.002,0.008,0.144,-0.007,49,29,41,1,100,0,173556.92,39362.496,35044.345,46.677,24419.373,9.146,37825.022,12819.723,3603.142,21440.622,17152.498,3065.621,210.909,1001.634,0.000310,0.056175,4912,0,15,26,39,15,17445,17,24,46.094,0,0,0,0,0,0,0,0,0,0,0,0,0,0,72779,1468,4895,61626.143,34995.371,24415.260,0.013,46.094,28105.755,11460.170,127.487,339,116,29,15,72,34564,0,0,0,0.000,0.000,0.000,0.000,0.000,0.000,0.000,0.000,0,0,0,0,0,0,0,0,0,0.000,0.000,0.000,0.000,0.000,0.000,0.000,0.000,0,0,0,0,0,0,0,0,0,0.000,0.000,0.000,0.000,0.000,0.000,0.000,0.000,0,0,0,0,0,0,0,0,0,0.000,0.000,0.000,0.000,0.000,0.000,0.000,0.000,0,0,0,0,0,0,0,0,0,0.000,0.000,0.000,0.000,0.000,0.000,0.000,0.000,0,0,0,0,0,0,0,0,0,0,0,0,0,0,0,0,0,0
9391,313.0,5470,75,34,2649,2821,0,0,2736,477.68,1.032,1.050,0.215,0.056,0.487,-0.963,1.966,0.9673,2.0273,0.531,0.001,0.009,0.146,-0.007,51,34,69,3,102,0,184503.53,41564.895,38169.955,73.017,26041.131,12.336,41061.722,14241.097,4190.851,25266.075,20212.860,2944.693,236.354,1133.324,0.000380,0.057645,5638,0,26,43,65,26,17901,27,39,72.654,0,0,0,0,0,0,0,0,0,0,0,0,0,0,80584,1600,5611,66558.996,38121.604,26036.290,0.034,72.654,31152.401,12845.272,142.342,402,125,34,26,65,31752,0,0,0,0.000,0.000,0.000,0.000,0.000,0.000,0.000,0.000,0,0,0,0,0,0,0,0,0,0.000,0.000,0.000,0.000,0.000,0.000,0.000,0.000,0,0,0,0,0,0,0,0,0,0.000,0.000,0.000,0.000,0.000,0.000,0.000,0.000,0,0,0,0,0,0,0,0,0,0.000,0.000,0.000,0.000,0.000,0.000,0.000,0.000,0,0,0,0,0,0,0,0,0,0.000,0.000,0.000,0.000,0.000,0.000,0.000,0.000,0,0,0,0,0,0,0,0,0,0,0,0,0,0,0,0,0,0
9421,314.0,5771,60,34,2697,3074,0,0,3230,505.09,1.054,1.055,0.211,0.057,0.472,-0.963,1.967,0.9597,2.0193,0.522,0.001,0.006,0.147,-0.007,38,28,62,1,127,0,195021.31,43960.563,40670.636,84.746,28103.691,10.671,44332.261,15527.534,4962.983,24018.543,19214.835,3222.847,165.629,1183.192,0.000304,0.058268,6417,0,12,50,56,12,18687,28,44,83.432,0,0,0,0,0,0,0,0,0,0,0,0,0,0,88493,1707,6389,71359.223,40631.919,28098.466,0.025,83.432,34252.655,14097.005,144.016,383,130,25,12,93,39063,0,0,0,0.000,0.000,0.000,0.000,0.000,0.000,0.000,0.000,0,0,0,0,0,0,0,0,0,0.000,0.000,0.000,0.000,0.000,0.000,0.000,0.000,0,0,0,0,0,0,0,0,0,0.000,0.000,0.000,0.000,0.000,0.000,0.000,0.000,0,0,0,0,0,0,0,0,0,0.000,0.000,0.000,0.000,0.000,0.000,0.000,0.000,0,0,0,0,0,0,0,0,0,0.000,0.000,0.000,0.000,0.000,0.000,0.000,0.000,0,0,0,0,0,0,0,0,0,0,0,0,0,0,0,0,0,0
9451,315.0,6000,54,39,2673,3327,0,0,3679,486.18,1.082,1.060,0.208,0.058,0.452,-0.963,1.967,0.9724,2.0271,0.523,0.006,0.020,0.148,-0.006,49,30,82,1,144,0,206381.50,46535.917,44808.597,115.714,30076.719,10.638,47443.004,16842.360,5794.752,23577.305,18861.844,3478.748,563.663,1262.062,0.000277,0.058201,7097,0,12,70,75,12,18833,28,63,114.902,0,0,0,0,0,0,0,0,0,0,0,0,0,0,96557,1882,7069,77752.066,44750.061,30072.031,0.017,114.902,37355.682,15379.967,164.610,403,150,29,12,109,46481,0,0,0,0.000,0.000,0.000,0.000,0.000,0.000,0.000,0.000,0,0,0,0,0,0,0,0,0,0.000,0.000,0.000,0.000,0.000,0.000,0.000,0.000,0,0,0,0,0,0,0,0,0,0.000,0.000,0.000,0.000,0.000,0.000,0.000,0.000,0,0,0,0,0,0,0,0,0,0.000,0.000,0.000,0.000,0.000,0.000,0.000,0.000,0,0,0,0,0,0,0,0,0,0.000,0.000,0.000,0.000,0.000,0.000,0.000,0.000,0,0,0,0,0,0,0,0,0,0,0,0,0,0,0,0,0,0
9481,316.0,6000,60,39,2630,3370,0,0,4026,469.76,1.092,1.062,0.206,0.058,0.445,-0.962,1.968,0.9697,2.0412,0.526,0.019,0.070,0.148,-0.006,51,30,86,2,153,0,220405.78,48127.943,47950.523,127.908,30284.130,11.466,48922.448,17379.920,6494.338,12878.470,10302.776,3755.284,1792.544,1261.855,0.000247,0.058018,7262,0,13,73,83,13,18619,32,70,127.747,0,0,0,0,0,0,0,0,0,0,0,0,0,0,100580,2008,7230,81145.115,47912.722,30279.636,0.029,127.747,38952.553,15932.112,176.493,213,170,30,13,127,45726,0,0,0,0.000,0.000,0.000,0.000,0.000,0.000,0.000,0.000,0,0,0,0,0,0,0,0,0,0.000,0.000,0.000,0.000,0.000,0.000,0.000,0.000,0,0,0,0,0,0,0,0,0,0.000,0.000,0.000,0.000,0.000,0.000,0.000,0.000,0,0,0,0,0,0,0,0,0,0.000,0.000,0.000,0.000,0.000,0.000,0.000,0.000,0,0,0,0,0,0,0,0,0,0.000,0.000,0.000,0.000,0.000,0.000,0.000,0.000,0,0,0,0,0,0,0,0,0,0,0,0,0,0,0,0,0,0
9511,317.0,5999,63,39,2574,3425,0,0,4293,389.75,1.104,1.063,0.205,0.058,0.437,-0.962,1.969,0.9669,2.0345,0.530,0.025,0.112,0.149,-0.006,50,27,76,1,188,0,235220.28,49881.434,51705.789,88.141,31942.104,10.342,49301.628,17568.756,7027.769,14515.830,11612.664,4297.694,4427.532,1334.320,0.000351,0.059539,7402,0,22,54,72,22,18567,24,50,87.747,0,0,0,0,0,0,0,0,0,0,0,0,0,0,101887,2169,7378,86834.336,51672.577,31938.246,0.036,87.747,39500.127,16146.751,175.675,253,198,26,22,150,55178,0,0,0,0.000,0.000,0.000,0.000,0.000,0.000,0.000,0.000,0,0,0,0,0,0,0,0,0,0.000,0.000,0.000,0.000,0.000,0.000,0.000,0.000,0,0,0,0,0,0,0,0,0,0.000,0.000,0.000,0.000,0.000,0.000,0.000,0.000,0,0,0,0,0,0,0,0,0,0.000,0.000,0.000,0.000,0.000,0.000,0.000,0.000,0,0,0,0,0,0,0,0,0,0.000,0.000,0.000,0.000,0.000,0.000,0.000,0.000,0,0,0,0,0,0,0,0,0,0,0,0,0,0,0,0,0,0
9541,318.0,5998,66,39,2515,3483,0,0,4408,518.30,1.118,1.064,0.205,0.058,0.428,-0.962,1.968,0.9675,2.0393,0.533,0.032,0.148,0.149,-0.006,53,16,80,3,219,0,250388.36,50323.977,55900.913,105.943,32162.291,13.200,49844.029,17869.546,7411.338,15682.160,12545.728,4389.140,7150.826,1361.460,0.000343,0.061801,7185,0,15,65,74,15,18477,31,59,104.804,0,0,0,0,0,0,0,0,0,0,0,0,0,0,103646,2336,7154,91374.219,55863.550,32155.704,0.026,104.804,40243.920,16473.788,174.346,271,213,16,15,182,60093,0,0,0,0.000,0.000,0.000,0.000,0.000,0.000,0.000,0.000,0,0,0,0,0,0,0,0,0,0.000,0.000,0.000,0.000,0.000,0.000,0.000,0.000,0,0,0,0,0,0,0,0,0,0.000,0.000,0.000,0.000,0.000,0.000,0.000,0.000,0,0,0,0,0,0,0,0,0,0.000,0.000,0.000,0.000,0.000,0.000,0.000,0.000,0,0,0,0,0,0,0,0,0,0.000,0.000,0.000,0.000,0.000,0.000,0.000,0.000,0,0,0,0,0,0,0,0,0,0,0,0,0,0,0,0,0,0
9571,319.0,6000,62,39,2444,3556,0,0,4457,445.76,1.134,1.066,0.203,0.057,0.417,-0.962,1.967,0.9599,2.0390,0.542,0.037,0.185,0.150,-0.006,63,9,71,1,189,0,266861.44,50900.606,58421.050,90.103,33383.153,13.494,50433.938,18222.194,7595.214,13600.181,10880.145,3948.973,8647.167,1371.160,0.000482,0.058570,7043,0,10,61,64,10,18624,18,54,88.734,0,0,0,0,0,0,0,0,0,0,0,0,0,0,105654,2450,7025,95321.834,58378.918,33380.369,0.012,88.734,41071.095,16864.301,171.767,239,166,8,10,148,45823,0,0,0,0.000,0.000,0.000,0.000,0.000,0.000,0.000,0.000,0,0,0,0,0,0,0,0,0,0.000,0.000,0.000,0.000,0.000,0.000,0.000,0.000,0,0,0,0,0,0,0,0,0,0.000,0.000,0.000,0.000,0.000,0.000,0.000,0.000,0,0,0,0,0,0,0,0,0,0.000,0.000,0.000,0.000,0.000,0.000,0.000,0.000,0,0,0,0,0,0,0,0,0,0.000,0.000,0.000,0.000,0.000,0.000,0.000,0.000,0,0,0,0,0,0,0,0,0,0,0,0,0,0,0,0,0,0
9601,320.0,5997,77,38,2375,3622,0,0,4434,532.47,1.149,1.069,0.202,0.056,0.406,-0.962,1.969,0.9570,2.0353,0.546,0.041,0.212,0.151,-0.005,55,15,96,3,194,0,280374.69,52077.879,60157.408,129.602,34561.366,12.704,51109.334,18589.468,7631.015,15172.071,12137.657,5843.663,11145.287,1498.437,0.000309,0.058684,6943,0,24,72,92,24,18519,13,68,128.462,0,0,0,0,0,0,0,0,0,0,0,0,0,0,107838,2531,6930,98290.235,60122.674,34559.222,0.053,128.462,41994.085,17250.649,180.214,264,198,15,24,159,63586,0,0,0,0.000,0.000,0.000,0.000,0.000,0.000,0.000,0.000,0,0,0,0,0,0,0,0,0,0.000,0.000,0.000,0.000,0.000,0.000,0.000,0.000,0,0,0,0,0,0,0,0,0,0.000,0.000,0.000,0.000,0.000,0.000,0.000,0.000,0,0,0,0,0,0,0,0,0,0.000,0.000,0.000,0.000,0.000,0.000,0.000,0.000,0,0,0,0,0,0,0,0,0,0.000,0.000,0.000,0.000,0.000,0.000,0.000,0.000,0,0,0,0,0,0,0,0,0,0,0,0,0,0,0,0,0,0
9631,321.0,6000,61,38,2295,3705,0,0,4348,450.33,1.167,1.071,0.201,0.055,0.394,-0.962,1.968,0.9664,2.0420,0.545,0.052,0.241,0.152,-0.005,46,17,98,0,181,0,294577.25,52682.218,64036.336,141.694,35043.701,12.591,51776.108,18987.606,7534.431,15220.819,12176.655,6001.330,13860.091,1453.982,0.000463,0.057870,6667,0,22,76,94,22,18651,22,72,141.158,0,0,0,0,0,0,0,0,0,0,0,0,0,0,109977,2692,6645,102767.423,63994.830,35039.836,0.019,141.158,42896.147,17681.235,182.884,275,192,17,22,153,59000,0,0,0,0.000,0.000,0.000,0.000,0.000,0.000,0.000,0.000,0,0,0,0,0,0,0,0,0,0.000,0.000,0.000,0.000,0.000,0.000,0.000,0.000,0,0,0,0,0,0,0,0,0,0.000,0.000,0.000,0.000,0.000,0.000,0.000,0.000,0,0,0,0,0,0,0,0,0,0.000,0.000,0.000,0.000,0.000,0.000,0.000,0.000,0,0,0,0,0,0,0,0,0,0.000,0.000,0.000,0.000,0.000,0.000,0.000,0.000,0,0,0,0,0,0,0,0,0,0,0,0,0,0,0,0,0,0
9661,322.0,6000,68,38,2228,3772,0,0,4313,492.26,1.181,1.073,0.200,0.056,0.384,-0.962,1.970,0.9552,2.0353,0.551,0.062,0.267,0.153,-0.005,70,13,82,3,144,0,307821.88,52867.932,65154.475,106.448,36246.890,14.912,52440.585,19331.292,7436.594,12326.006,9860.805,5572.733,16066.819,1571.001,0.000395,0.061296,6585,0,22,60,76,22,18076,23,54,104.685,0,0,0,0,0,0,0,0,0,0,0,0,0,0,112200,2740,6562,105316.470,65111.476,36242.494,0.033,104.685,43791.994,18065.247,178.346,220,153,13,22,118,51989,0,0,0,0.000,0.000,0.000,0.000,0.000,0.000,0.000,0.000,0,0,0,0,0,0,0,0,0,0.000,0.000,0.000,0.000,0.000,0.000,0.000,0.000,0,0,0,0,0,0,0,0,0,0.000,0.000,0.000,0.000,0.000,0.000,0.000,0.000,0,0,0,0,0,0,0,0,0,0.000,0.000,0.000,0.000,0.000,0.000,0.000,0.000,0,0,0,0,0,0,0,0,0,0.000,0.000,0.000,0.000,0.000,0.000,0.000,0.000,0,0,0,0,0,0,0,0,0,0,0,0,0,0,0,0,0,0
9691,323.0,6000,58,38,2180,3820,0,0,4270,516.22,1.191,1.075,0.200,0.055,0.376,-0.962,1.969,0.9618,2.0454,0.556,0.074,0.300,0.154,-0.004,52,15,71,1,158,0,319370.25,53364.629,66694.222,82.984,37038.782,12.834,53001.175,19469.459,7354.791,12035.066,9628.053,5506.889,19192.129,1662.012,0.000437,0.065889,6606,0,23,48,65,23,17769,20,42,81.957,0,0,0,0,0,0,0,0,0,0,0,0,0,0,113917,2794,6586,107733.548,66645.316,37034.989,0.051,81.957,44520.659,18235.264,175.429,209,161,14,23,124,50808,0,0,0,0.000,0.000,0.000,0.000,0.000,0.000,0.000,0.000,0,0,0,0,0,0,0,0,0,0.000,0.000,0.000,0.000,0.000,0.000,0.000,0.000,0,0,0,0,0,0,0,0,0,0.000,0.000,0.000,0.000,0.000,0.000,0.000,0.000,0,0,0,0,0,0,0,0,0,0.000,0.000,0.000,0.000,0.000,0.000,0.000,0.000,0,0,0,0,0,0,0,0,0,0.000,0.000,0.000,0.000,0.000,0.000,0.000,0.000,0,0,0,0,0,0,0,0,0,0,0,0,0,0,0,0,0,0
9721,324.0,6000,62,38,2138,3862,0,0,4307,483.92,1.201,1.075,0.199,0.055,0.370,-0.962,1.967,0.9610,2.0489,0.559,0.079,0.334,0.154,-0.004,62,22,58,1,159,0,332370.47,53454.178,72126.078,75.522,39168.840,12.411,53382.734,19531.640,7353.503,11916.890,9533.512,5528.474,22854.142,1621.675,0.000525,0.070092,6873,0,14,44,50,14,17577,18,36,74.460,0,0,0,0,0,0,0,0,0,0,0,0,0,0,115143,3025,6855,115566.090,72085.634,39165.776,0.027,74.460,45042.870,18320.720,173.859,207,165,22,14,129,49698,0,0,0,0.000,0.000,0.000,0.000,0.000,0.000,0.000,0.000,0,0,0,0,0,0,0,0,0,0.000,0.000,0.000,0.000,0.000,0.000,0.000,0.000,0,0,0,0,0,0,0,0,0,0.000,0.000,0.000,0.000,0.000,0.000,0.000,0.000,0,0,0,0,0,0,0,0,0,0.000,0.000,0.000,0.000,0.000,0.000,0.000,0.000,0,0,0,0,0,0,0,0,0,0.000,0.000,0.000,0.000,0.000,0.000,0.000,0.000,0,0,0,0,0,0,0,0,0,0,0,0,0,0,0,0,0,0
9751,325.0,6000,65,42,2065,3935,0,0,4363,565.46,1.217,1.078,0.197,0.055,0.359,-0.962,1.969,0.9708,2.0323,0.550,0.093,0.354,0.155,-0.004,58,12,74,0,138,0,343241.88,54017.988,71534.189,104.089,37446.664,11.618,53969.825,19787.980,7378.189,11488.051,9190.441,6803.389,22916.138,1631.748,0.000471,0.074544,6367,0,22,52,71,22,16920,13,49,103.503,0,0,0,0,0,0,0,0,0,0,0,0,0,0,116888,3000,6354,113187.403,71489.945,37443.367,0.068,103.503,45815.025,18592.896,184.841,207,134,12,22,100,44362,0,0,0,0.000,0.000,0.000,0.000,0.000,0.000,0.000,0.000,0,0,0,0,0,0,0,0,0,0.000,0.000,0.000,0.000,0.000,0.000,0.000,0.000,0,0,0,0,0,0,0,0,0,0.000,0.000,0.000,0.000,0.000,0.000,0.000,0.000,0,0,0,0,0,0,0,0,0,0.000,0.000,0.000,0.000,0.000,0.000,0.000,0.000,0,0,0,0,0,0,0,0,0,0.000,0.000,0.000,0.000,0.000,0.000,0.000,0.000,0,0,0,0,0,0,0,0,0,0,0,0,0,0,0,0,0,0
9781,326.0,5998,51,42,2002,3996,0,0,4402,551.87,1.230,1.078,0.196,0.055,0.349,-0.962,1.971,0.9632,2.0454,0.551,0.097,0.374,0.156,-0.004,67,5,73,0,139,0,351803.16,53111.499,73999.058,106.115,39124.461,13.689,54630.823,20060.460,7462.938,10996.947,8797.558,6118.476,26439.652,1743.650,0.000668,0.084458,6485,0,18,55,67,18,16553,21,49,105.051,0,0,0,0,0,0,0,0,0,0,0,0,0,0,118907,3105,6464,117606.409,73959.010,39120.207,0.043,105.051,46676.217,18899.895,183.572,200,139,5,18,116,50688,0,0,0,0.000,0.000,0.000,0.000,0.000,0.000,0.000,0.000,0,0,0,0,0,0,0,0,0,0.000,0.000,0.000,0.000,0.000,0.000,0.000,0.000,0,0,0,0,0,0,0,0,0,0.000,0.000,0.000,0.000,0.000,0.000,0.000,0.000,0,0,0,0,0,0,0,0,0,0.000,0.000,0.000,0.000,0.000,0.000,0.000,0.000,0,0,0,0,0,0,0,0,0,0.000,0.000,0.000,0.000,0.000,0.000,0.000,0.000,0,0,0,0,0,0,0,0,0,0,0,0,0,0,0,0,0,0
9811,327.0,5995,64,42,1943,4052,0,0,4367,579.09,1.243,1.079,0.195,0.055,0.341,-0.962,1.969,0.9530,2.0487,0.565,0.101,0.389,0.157,-0.004,62,7,77,0,161,0,359022.00,52993.632,75538.128,123.802,38210.640,14.131,55161.613,20382.056,7401.859,12021.082,9616.866,6345.727,28150.724,1590.542,0.000704,0.092611,6225,0,13,64,74,13,16573,10,61,123.537,0,0,0,0,0,0,0,0,0,0,0,0,0,0,120620,3161,6215,118065.959,75496.586,38207.113,0.036,123.537,47377.281,19248.282,188.699,209,153,7,13,133,54851,0,0,0,0.000,0.000,0.000,0.000,0.000,0.000,0.000,0.000,0,0,0,0,0,0,0,0,0,0.000,0.000,0.000,0.000,0.000,0.000,0.000,0.000,0,0,0,0,0,0,0,0,0,0.000,0.000,0.000,0.000,0.000,0.000,0.000,0.000,0,0,0,0,0,0,0,0,0,0.000,0.000,0.000,0.000,0.000,0.000,0.000,0.000,0,0,0,0,0,0,0,0,0,0.000,0.000,0.000,0.000,0.000,0.000,0.000,0.000,0,0,0,0,0,0,0,0,0,0,0,0,0,0,0,0,0,0
9841,328.0,6000,56,42,1892,4108,0,0,4363,617.72,1.254,1.080,0.194,0.055,0.333,-0.962,1.968,0.9527,2.0434,0.570,0.105,0.394,0.157,-0.004,68,17,67,2,138,0,365538.69,52325.906,75583.956,103.634,39101.665,14.337,55782.370,20668.113,7398.791,11437.285,9149.829,5265.477,28468.786,1625.812,0.000353,0.094305,6367,0,14,53,62,14,16183,18,48,102.750,0,0,0,0,0,0,0,0,0,0,0,0,0,0,122475,3169,6349,119130.942,75544.222,39097.523,0.015,102.750,48188.269,19566.421,188.309,200,144,17,14,113,57265,0,0,0,0.000,0.000,0.000,0.000,0.000,0.000,0.000,0.000,0,0,0,0,0,0,0,0,0,0.000,0.000,0.000,0.000,0.000,0.000,0.000,0.000,0,0,0,0,0,0,0,0,0,0.000,0.000,0.000,0.000,0.000,0.000,0.000,0.000,0,0,0,0,0,0,0,0,0,0.000,0.000,0.000,0.000,0.000,0.000,0.000,0.000,0,0,0,0,0,0,0,0,0,0.000,0.000,0.000,0.000,0.000,0.000,0.000,0.000,0,0,0,0,0,0,0,0,0,0,0,0,0,0,0,0,0,0
9871,329.0,5999,62,42,1839,4160,0,0,4316,558.60,1.265,1.082,0.193,0.055,0.325,-0.962,1.969,0.9593,2.0422,0.567,0.102,0.400,0.158,-0.004,65,9,81,1,131,0,369327.81,51152.623,77414.206,127.901,38404.054,13.574,56283.104,20976.438,7323.968,11062.152,8849.722,6694.347,29726.027,1689.294,0.000468,0.099053,6174,0,26,55,77,26,16142,14,51,126.445,0,0,0,0,0,0,0,0,0,0,0,0,0,0,123969,3231,6160,120162.317,77364.266,38401.162,0.086,126.445,48843.906,19895.204,188.892,195,143,9,26,108,57321,0,0,0,0.000,0.000,0.000,0.000,0.000,0.000,0.000,0.000,0,0,0,0,0,0,0,0,0,0.000,0.000,0.000,0.000,0.000,0.000,0.000,0.000,0,0,0,0,0,0,0,0,0,0.000,0.000,0.000,0.000,0.000,0.000,0.000,0.000,0,0,0,0,0,0,0,0,0,0.000,0.000,0.000,0.000,0.000,0.000,0.000,0.000,0,0,0,0,0,0,0,0,0,0.000,0.000,0.000,0.000,0.000,0.000,0.000,0.000,0,0,0,0,0,0,0,0,0,0,0,0,0,0,0,0,0,0
9901,330.0,5999,54,44,1782,4217,0,0,4280,627.02,1.278,1.084,0.191,0.056,0.316,-0.962,1.967,0.9564,2.0414,0.580,0.086,0.406,0.158,-0.004,72,7,82,0,142,0,372123.97,50215.390,79078.681,110.663,38135.357,15.520,56852.177,21333.316,7193.420,11483.076,9186.461,7826.416,29426.407,1680.227,0.000439,0.101817,6113,0,22,60,78,22,15829,22,56,110.082,0,0,0,0,0,0,0,0,0,0,0,0,0,0,125581,3304,6091,121702.970,79031.599,38131.372,0.073,110.082,49576.074,20269.359,197.990,201,144,7,22,115,51566,0,0,0,0.000,0.000,0.000,0.000,0.000,0.000,0.000,0.000,0,0,0,0,0,0,0,0,0,0.000,0.000,0.000,0.000,0.000,0.000,0.000,0.000,0,0,0,0,0,0,0,0,0,0.000,0.000,0.000,0.000,0.000,0.000,0.000,0.000,0,0,0,0,0,0,0,0,0,0.000,0.000,0.000,0.000,0.000,0.000,0.000,0.000,0,0,0,0,0,0,0,0,0,0.000,0.000,0.000,0.000,0.000,0.000,0.000,0.000,0,0,0,0,0,0,0,0,0,0,0,0,0,0,0,0,0,0
9931,331.0,6000,56,44,1698,4302,0,0,4250,586.12,1.296,1.087,0.189,0.055,0.303,-0.962,1.965,0.9523,2.0424,0.580,0.078,0.384,0.159,-0.003,73,13,105,0,155,0,371323.56,48981.127,77895.151,153.537,38133.474,16.008,57760.051,21517.373,7133.989,14094.435,11275.548,7758.474,29155.105,1686.342,0.000324,0.101050,5988,0,28,77,104,28,15509,8,76,153.193,0,0,0,0,0,0,0,0,0,0,0,0,0,0,127784,3250,5980,120476.539,77860.245,38132.104,0.048,153.193,50720.289,20487.059,200.656,256,171,13,28,130,63172,0,0,0,0.000,0.000,0.000,0.000,0.000,0.000,0.000,0.000,0,0,0,0,0,0,0,0,0,0.000,0.000,0.000,0.000,0.000,0.000,0.000,0.000,0,0,0,0,0,0,0,0,0,0.000,0.000,0.000,0.000,0.000,0.000,0.000,0.000,0,0,0,0,0,0,0,0,0,0.000,0.000,0.000,0.000,0.000,0.000,0.000,0.000,0,0,0,0,0,0,0,0,0,0.000,0.000,0.000,0.000,0.000,0.000,0.000,0.000,0,0,0,0,0,0,0,0,0,0,0,0,0,0,0,0,0,0
9961,332.0,6000,60,44,1614,4386,0,0,4192,643.51,1.315,1.089,0.188,0.054,0.291,-0.962,1.963,0.9577,2.0428,0.604,0.085,0.360,0.160,-0.002,70,11,115,0,157,0,369117.78,46296.712,78182.983,192.424,34423.283,15.845,58617.993,22004.501,7066.617,14436.041,11548.833,8579.450,26043.534,1678.586,0.000559,0.102988,5854,0,35,80,114,35,15391,19,79,192.194,0,0,0,0,0,0,0,0,0,0,0,0,0,0,130304,3269,5835,116896.458,78157.659,34419.493,0.143,192.194,51862.395,21003.125,211.946,259,175,11,35,129,76095,0,0,0,0.000,0.000,0.000,0.000,0.000,0.000,0.000,0.000,0,0,0,0,0,0,0,0,0,0.000,0.000,0.000,0.000,0.000,0.000,0.000,0.000,0,0,0,0,0,0,0,0,0,0.000,0.000,0.000,0.000,0.000,0.000,0.000,0.000,0,0,0,0,0,0,0,0,0,0.000,0.000,0.000,0.000,0.000,0.000,0.000,0.000,0,0,0,0,0,0,0,0,0,0.000,0.000,0.000,0.000,0.000,0.000,0.000,0.000,0,0,0,0,0,0,0,0,0,0,0,0,0,0,0,0,0,0
9991,333.0,6000,52,44,1551,4449,0,0,4267,647.18,1.329,1.091,0.187,0.054,0.281,-0.962,1.959,0.9552,2.0463,0.600,0.094,0.334,0.161,-0.002,73,18,95,4,144,0,367141.31,44929.810,78057.037,135.257,33265.402,17.394,59403.729,22181.616,7032.147,13375.900,10700.720,7088.957,25200.676,1516.272,0.000421,0.103815,5692,0,34,61,95,34,15340,9,61,135.137,0,0,0,0,0,0,0,0,0,0,0,0,0,0,132429,3259,5683,115533.987,78027.393,33263.717,0.120,135.137,52889.254,21209.364,214.890,241,178,18,34,126,73119,0,0,0,0.000,0.000,0.000,0.000,0.000,0.000,0.000,0.000,0,0,0,0,0,0,0,0,0,0.000,0.000,0.000,0.000,0.000,0.000,0.000,0.000,0,0,0,0,0,0,0,0,0,0.000,0.000,0.000,0.000,0.000,0.000,0.000,0.000,0,0,0,0,0,0,0,0,0,0.000,0.000,0.000,0.000,0.000,0.000,0.000,0.000,0,0,0,0,0,0,0,0,0,0.000,0.000,0.000,0.000,0.000,0.000,0.000,0.000,0,0,0,0,0,0,0,0,0,0,0,0,0,0,0,0,0,0
10021,334.0,6000,61,44,1509,4491,0,0,4263,585.17,1.338,1.092,0.186,0.053,0.275,-0.962,1.957,0.9526,2.0466,0.600,0.096,0.328,0.161,-0.002,72,11,71,0,163,0,363837.12,43068.688,76247.703,84.311,32579.468,16.282,60061.639,22324.962,7110.280,12414.937,9931.950,6771.728,22451.804,1501.486,0.000406,0.107847,5404,0,28,43,69,28,15104,7,41,83.830,0,0,0,0,0,0,0,0,0,0,0,0,0,0,134123,3189,5397,113127.353,76214.454,32578.331,0.103,83.830,53734.422,21375.323,222.500,223,181,11,28,142,80102,0,0,0,0.000,0.000,0.000,0.000,0.000,0.000,0.000,0.000,0,0,0,0,0,0,0,0,0,0.000,0.000,0.000,0.000,0.000,0.000,0.000,0.000,0,0,0,0,0,0,0,0,0,0.000,0.000,0.000,0.000,0.000,0.000,0.000,0.000,0,0,0,0,0,0,0,0,0,0.000,0.000,0.000,0.000,0.000,0.000,0.000,0.000,0,0,0,0,0,0,0,0,0,0.000,0.000,0.000,0.000,0.000,0.000,0.000,0.000,0,0,0,0,0,0,0,0,0,0,0,0,0,0,0,0,0,0
10051,335.0,5999,57,47,1451,4548,0,0,4297,591.06,1.351,1.094,0.186,0.054,0.266,-0.962,1.954,0.9570,2.0426,0.606,0.092,0.303,0.162,-0.002,74,14,101,3,147,0,355857.91,40978.779,74662.044,141.668,30444.269,15.869,60635.592,22604.838,7069.514,13469.871,10775.897,8160.410,21103.800,1493.586,0.000665,0.110285,5092,0,37,64,99,37,15452,9,62,140.503,0,0,0,0,0,0,0,0,0,0,0,0,0,0,135544,3119,5083,109118.601,74635.290,30442.895,0.163,140.503,54454.596,21668.220,232.597,241,184,14,37,133,80627,0,0,0,0.000,0.000,0.000,0.000,0.000,0.000,0.000,0.000,0,0,0,0,0,0,0,0,0,0.000,0.000,0.000,0.000,0.000,0.000,0.000,0.000,0,0,0,0,0,0,0,0,0,0.000,0.000,0.000,0.000,0.000,0.000,0.000,0.000,0,0,0,0,0,0,0,0,0,0.000,0.000,0.000,0.000,0.000,0.000,0.000,0.000,0,0,0,0,0,0,0,0,0,0.000,0.000,0.000,0.000,0.000,0.000,0.000,0.000,0,0,0,0,0,0,0,0,0,0,0,0,0,0,0,0,0,0
10081,336.0,6000,42,47,1396,4604,0,0,4271,632.92,1.363,1.096,0.185,0.054,0.258,-0.962,1.960,0.9414,2.0354,0.599,0.079,0.270,0.163,-0.002,86,23,88,1,200,0,346355.91,39428.575,73986.269,139.237,30548.443,17.628,61329.023,22919.735,7069.662,16201.151,12960.921,7768.794,19286.531,1442.114,0.000287,0.109750,5279,0,29,59,86,29,15631,13,57,138.701,0,0,0,0,0,0,0,0,0,0,0,0,0,0,137075,3092,5266,108527.046,73958.737,30545.643,0.117,138.701,55310.031,22003.970,237.028,294,238,22,29,187,111149,0,0,0,0.000,0.000,0.000,0.000,0.000,0.000,0.000,0.000,0,0,0,0,0,0,0,0,0,0.000,0.000,0.000,0.000,0.000,0.000,0.000,0.000,0,0,0,0,0,0,0,0,0,0.000,0.000,0.000,0.000,0.000,0.000,0.000,0.000,0,0,0,0,0,0,0,0,0,0.000,0.000,0.000,0.000,0.000,0.000,0.000,0.000,0,0,0,0,0,0,0,0,0,0.000,0.000,0.000,0.000,0.000,0.000,0.000,0.000,0,0,0,0,0,0,0,0,0,0,0,0,0,0,0,0,0,0
10111,337.0,6000,44,47,1348,4652,0,0,4220,591.23,1.374,1.098,0.184,0.054,0.250,-0.962,1.960,0.9434,2.0264,0.612,0.077,0.236,0.163,-0.002,89,28,90,0,210,0,334126.88,37107.032,70797.871,154.814,27422.992,18.239,61950.984,23235.009,7028.460,16736.921,13389.537,7456.443,15990.440,1280.029,0.000525,0.108684,4960,0,28,62,89,28,14985,5,61,154.628,0,0,0,0,0,0,0,0,0,0,0,0,0,0,138728,2950,4955,101900.742,70774.876,27421.934,0.075,154.628,56116.953,22345.567,233.450,299,251,27,28,196,104103,0,0,0,0.000,0.000,0.000,0.000,0.000,0.000,0.000,0.000,0,0,0,0,0,0,0,0,0,0.000,0.000,0.000,0.000,0.000,0.000,0.000,0.000,0,0,0,0,0,0,0,0,0,0.000,0.000,0.000,0.000,0.000,0.000,0.000,0.000,0,0,0,0,0,0,0,0,0,0.000,0.000,0.000,0.000,0.000,0.000,0.000,0.000,0,0,0,0,0,0,0,0,0,0.000,0.000,0.000,0.000,0.000,0.000,0.000,0.000,0,0,0,0,0,0,0,0,0,0,0,0,0,0,0,0,0,0
10141,338.0,5999,50,47,1293,4706,0,0,4218,674.01,1.386,1.099,0.182,0.055,0.242,-0.962,1.956,0.9397,2.0388,0.622,0.060,0.204,0.164,-0.002,95,21,86,3,220,0,321396.81,35208.873,69052.758,109.245,27334.622,18.976,62441.405,23299.386,6986.558,17041.309,13633.047,6128.757,13605.484,1231.074,0.000291,0.109482,4931,0,33,53,84,33,15030,6,51,108.895,0,0,0,0,0,0,0,0,0,0,0,0,0,0,140116,2882,4925,99972.835,69030.353,27333.401,0.104,108.895,56773.748,22424.049,239.119,311,257,21,33,203,119759,0,0,0,0.000,0.000,0.000,0.000,0.000,0.000,0.000,0.000,0,0,0,0,0,0,0,0,0,0.000,0.000,0.000,0.000,0.000,0.000,0.000,0.000,0,0,0,0,0,0,0,0,0,0.000,0.000,0.000,0.000,0.000,0.000,0.000,0.000,0,0,0,0,0,0,0,0,0,0.000,0.000,0.000,0.000,0.000,0.000,0.000,0.000,0,0,0,0,0,0,0,0,0,0.000,0.000,0.000,0.000,0.000,0.000,0.000,0.000,0,0,0,0,0,0,0,0,0,0,0,0,0,0,0,0,0,0
10171,339.0,6000,37,47,1246,4754,0,0,4130,576.90,1.396,1.100,0.182,0.055,0.235,-0.963,1.952,0.9482,2.0215,0.619,0.048,0.164,0.164,-0.002,76,28,88,1,267,0,306229.06,32807.267,68189.390,120.974,24573.194,19.386,62988.509,23393.618,6878.440,19663.600,15730.881,6914.186,10991.722,1186.186,0.000524,0.105465,4826,0,32,56,86,32,15408,6,54,119.920,0,0,0,0,0,0,0,0,0,0,0,0,0,0,141832,2859,4820,96378.682,68169.565,24572.126,0.113,119.920,57534.650,22540.168,244.101,355,307,28,32,247,142242,0,0,0,0.000,0.000,0.000,0.000,0.000,0.000,0.000,0.000,0,0,0,0,0,0,0,0,0,0.000,0.000,0.000,0.000,0.000,0.000,0.000,0.000,0,0,0,0,0,0,0,0,0,0.000,0.000,0.000,0.000,0.000,0.000,0.000,0.000,0,0,0,0,0,0,0,0,0,0.000,0.000,0.000,0.000,0.000,0.000,0.000,0.000,0,0,0,0,0,0,0,0,0,0.000,0.000,0.000,0.000,0.000,0.000,0.000,0.000,0,0,0,0,0,0,0,0,0,0,0,0,0,0,0,0,0,0
10201,340.0,5998,36,47,1221,4777,0,0,4127,578.45,1.402,1.101,0.181,0.056,0.231,-0.962,1.946,0.9447,2.0315,0.610,0.044,0.129,0.165,-0.002,88,40,95,0,271,0,289439.53,30870.613,64439.555,95.895,22727.678,16.502,63369.835,23669.675,6832.272,20684.995,16547.996,6335.613,6643.986,1207.232,0.000487,0.102237,4738,0,54,41,92,54,15361,6,38,95.185,0,0,0,0,0,0,0,0,0,0,0,0,0,0,142964,2707,4732,90464.043,64423.312,22725.818,0.146,95.185,58042.058,22828.514,247.403,373,350,40,54,256,164643,0,0,0,0.000,0.000,0.000,0.000,0.000,0.000,0.000,0.000,0,0,0,0,0,0,0,0,0,0.000,0.000,0.000,0.000,0.000,0.000,0.000,0.000,0,0,0,0,0,0,0,0,0,0.000,0.000,0.000,0.000,0.000,0.000,0.000,0.000,0,0,0,0,0,0,0,0,0,0.000,0.000,0.000,0.000,0.000,0.000,0.000,0.000,0,0,0,0,0,0,0,0,0,0.000,0.000,0.000,0.000,0.000,0.000,0.000,0.000,0,0,0,0,0,0,0,0,0,0,0,0,0,0,0,0,0,0
10231,341.0,6000,31,47,1219,4781,0,0,4078,520.69,1.403,1.102,0.180,0.057,0.231,-0.962,1.947,0.9460,2.0332,0.611,0.039,0.090,0.165,-0.002,69,49,85,1,312,0,269944.78,29513.807,61784.510,65.917,21043.362,17.244,63565.455,23696.603,6788.293,22709.898,18167.918,5698.782,5466.300,1101.574,0.000390,0.101289,4590,0,50,35,85,50,14877,54,35,65.803,0,0,0,0,0,0,0,0,0,0,0,0,0,0,143412,2584,4536,85885.623,61767.022,21038.822,0.114,65.803,58288.513,22872.977,235.144,403,399,49,50,300,178939,0,0,0,0.000,0.000,0.000,0.000,0.000,0.000,0.000,0.000,0,0,0,0,0,0,0,0,0,0.000,0.000,0.000,0.000,0.000,0.000,0.000,0.000,0,0,0,0,0,0,0,0,0,0.000,0.000,0.000,0.000,0.000,0.000,0.000,0.000,0,0,0,0,0,0,0,0,0,0.000,0.000,0.000,0.000,0.000,0.000,0.000,0.000,0,0,0,0,0,0,0,0,0,0.000,0.000,0.000,0.000,0.000,0.000,0.000,0.000,0,0,0,0,0,0,0,0,0,0,0,0,0,0,0,0,0,0
10261,342.0,5998,34,47,1216,4782,0,0,4019,543.62,1.404,1.102,0.180,0.057,0.231,-0.962,1.944,0.9582,2.0278,0.608,0.030,0.048,0.164,-0.002,83,49,77,2,360,0,248657.41,28417.480,58114.112,76.180,20454.050,15.477,63537.789,23716.325,6624.850,24639.511,19711.609,5104.028,3008.951,975.288,0.000387,0.098643,4618,0,38,39,75,38,14760,8,37,75.747,0,0,0,0,0,0,0,0,0,0,0,0,0,0,143479,2431,4610,81516.009,58097.228,20451.843,0.097,75.747,58284.857,22896.955,228.653,433,432,49,38,345,205399,0,0,0,0.000,0.000,0.000,0.000,0.000,0.000,0.000,0.000,0,0,0,0,0,0,0,0,0,0.000,0.000,0.000,0.000,0.000,0.000,0.000,0.000,0,0,0,0,0,0,0,0,0,0.000,0.000,0.000,0.000,0.000,0.000,0.000,0.000,0,0,0,0,0,0,0,0,0,0.000,0.000,0.000,0.000,0.000,0.000,0.000,0.000,0,0,0,0,0,0,0,0,0,0.000,0.000,0.000,0.000,0.000,0.000,0.000,0.000,0,0,0,0,0,0,0,0,0,0,0,0,0,0,0,0,0,0
10291,343.0,5997,30,47,1206,4791,0,0,4007,544.23,1.408,1.102,0.180,0.057,0.229,-0.962,1.946,0.9629,2.0191,0.612,0.002,0.006,0.165,-0.003,81,74,84,0,399,0,224504.31,27302.759,54280.279,73.775,19593.565,15.151,63457.587,23777.988,6621.121,28318.083,22654.466,4196.725,1134.606,958.257,0.000300,0.099085,4497,0,42,42,83,42,15321,12,41,73.613,0,0,0,0,0,0,0,0,0,0,0,0,0,0,143546,2275,4485,76689.270,54264.374,19590.406,0.091,73.613,58236.270,22955.929,228.869,503,494,74,42,378,244174,0,0,0,0.000,0.000,0.000,0.000,0.000,0.000,0.000,0.000,0,0,0,0,0,0,0,0,0,0.000,0.000,0.000,0.000,0.000,0.000,0.000,0.000,0,0,0,0,0,0,0,0,0,0.000,0.000,0.000,0.000,0.000,0.000,0.000,0.000,0,0,0,0,0,0,0,0,0,0.000,0.000,0.000,0.000,0.000,0.000,0.000,0.000,0,0,0,0,0,0,0,0,0,0.000,0.000,0.000,0.000,0.000,0.000,0.000,0.000,0,0,0,0,0,0,0,0,0,0,0,0,0,0,0,0,0,0
10321,344.0,5753,23,47,1188,4564,1,0,3886,550.17,1.402,1.101,0.181,0.057,0.235,-0.962,1.950,0.9622,2.0174,0.612,0.000,0.004,0.164,-0.003,64,70,70,3,465,0,202566.81,26032.361,52565.332,41.012,18261.686,14.177,62349.808,23514.547,6575.386,18432.066,14745.653,3453.145,125.415,871.496,0.000325,0.101008,4547,0,38,32,70,38,14836,3,32,40.912,8,2,1,0,0,0,1,0,0,0,0,0,0,0,141152,2198,4543,73462.481,52550.943,18261.063,0.100,40.912,57185.020,22709.585,215.994,326,553,70,38,445,261248,0,0,0,0.000,0.000,0.000,0.000,0.000,0.000,0.000,0.000,0,0,0,0,0,0,0,0,0,0.000,0.000,0.000,0.000,0.000,0.000,0.000,0.000,0,0,0,0,0,0,0,0,0,0.000,0.000,0.000,0.000,0.000,0.000,0.000,0.000,0,0,0,0,0,0,22,0,1,3.827,0.000,0.320,0.000,0.000,2.359,0.923,0.006,0,0,0,0,0,0,0,0,0,0.000,0.000,0.000,0.000,0.000,0.000,0.000,0.000,0,0,0,0,0,0,0,0,1,0,0,0,0,0,0,0,0,0
10351,345.0,5444,37,52,1175,4268,1,0,3754,481.65,1.390,1.099,0.182,0.057,0.243,-0.962,1.951,0.9518,2.0279,0.616,0.000,0.004,0.163,-0.004,80,56,66,0,481,0,181842.22,24960.507,48484.110,47.684,16158.943,14.944,58953.599,21933.493,6324.497,14756.938,11805.551,3131.695,158.274,763.951,0.000269,0.098534,4180,0,29,37,66,29,14561,31,37,47.610,16,0,0,0,0,0,0,0,0,0,0,0,0,0,132941,2029,4149,67137.905,48458.341,16155.804,0.074,47.610,53856.710,21149.068,201.964,257,553,56,29,468,251105,0,0,0,0.000,0.000,0.000,0.000,0.000,0.000,0.000,0.000,0,0,0,0,0,0,0,0,0,0.000,0.000,0.000,0.000,0.000,0.000,0.000,0.000,0,0,0,0,0,0,0,0,0,0.000,0.000,0.000,0.000,0.000,0.000,0.000,0.000,0,0,0,0,0,0,30,0,0,0.000,0.000,0.000,0.000,0.000,3.221,1.587,0.000,0,0,0,0,0,0,0,0,0,0.000,0.000,0.000,0.000,0.000,0.000,0.000,0.000,0,0,0,0,0,0,0,0,0,0,0,0,0,0,0,0,0,0
10381,346.0,4973,31,52,1169,3803,1,0,3399,532.91,1.365,1.097,0.186,0.059,0.261,-0.963,1.949,0.9608,2.0105,0.618,0.000,0.004,0.162,-0.004,68,104,81,0,558,0,163189.86,24163.388,44540.510,52.975,15198.142,16.360,54443.432,19854.568,5903.621,13302.972,10642.378,3611.029,148.637,787.339,0.000243,0.096848,3926,0,43,38,80,43,13670,41,37,52.636,12,1,0,0,0,0,0,0,0,0,0,0,0,0,121300,1862,3885,61985.881,44514.979,15195.622,0.074,52.636,49372.888,19089.810,186.410,226,691,104,43,544,310239,0,0,0,0.000,0.000,0.000,0.000,0.000,0.000,0.000,0.000,0,0,0,0,0,0,0,0,0,0.000,0.000,0.000,0.000,0.000,0.000,0.000,0.000,0,0,0,0,0,0,0,0,0,0.000,0.000,0.000,0.000,0.000,0.000,0.000,0.000,0,0,0,0,0,0,30,0,0,0.000,0.000,0.000,0.000,0.000,3.213,2.339,0.003,0,0,0,0,0,0,0,0,0,0.000,0.000,0.000,0.000,0.000,0.000,0.000,0.000,0,0,0,0,0,0,0,0,0,0,0,0,0,0,0,0,0,0
10411,347.0,4568,49,52,1168,3400,0,0,3043,479.36,1.339,1.096,0.191,0.060,0.280,-0.963,1.952,0.9634,2.0135,0.615,0.000,0.004,0.160,-0.004,80,88,63,1,504,0,149840.20,22861.168,41977.477,54.749,13232.745,14.942,49004.820,18040.413,5323.732,11889.705,9511.764,2784.080,115.782,596.285,0.000206,0.095789,3270,0,22,41,60,22,13442,4,38,54.226,11,1,1,0,0,0,1,0,0,0,0,0,0,0,108051,1751,3266,57327.296,41945.037,13231.969,0.024,54.226,43969.807,17308.169,161.728,194,597,87,22,488,256739,0,0,0,0.000,0.000,0.000,0.000,0.000,0.000,0.000,0.000,0,0,0,0,0,0,0,0,0,0.000,0.000,0.000,0.000,0.000,0.000,0.000,0.000,0,0,0,0,0,0,0,0,0,0.000,0.000,0.000,0.000,0.000,0.000,0.000,0.000,0,0,0,0,0,0,22,0,0,0.000,0.000,0.000,0.000,0.000,2.359,1.149,0.003,0,1,0,0,1,104,0,0,0,0.000,0.000,0.000,0.000,0.000,0.000,0.000,0.000,0,0,0,0,0,0,0,0,0,0,0,0,0,0,0,0,0,0
10441,348.0,4225,47,52,1172,3053,0,0,2720,557.29,1.311,1.096,0.195,0.061,0.300,-0.963,1.951,0.9669,2.0108,0.624,0.000,0.004,0.158,-0.004,74,112,49,4,440,0,139829.50,21894.565,38884.998,76.729,12375.090,18.167,44426.436,16257.860,4740.834,12495.005,9996.004,2321.635,114.586,506.652,0.000279,0.096302,2901,0,7,42,48,7,12590,3,41,76.587,0,0,0,0,0,0,0,0,0,0,0,0,0,0,96791,1627,2898,53280.385,38872.879,12374.652,0.010,76.587,39384.239,15542.156,142.395,204,551,112,7,432,250528,0,0,0,0.000,0.000,0.000,0.000,0.000,0.000,0.000,0.000,0,0,0,0,0,0,0,0,0,0.000,0.000,0.000,0.000,0.000,0.000,0.000,0.000,0,0,0,0,0,0,0,0,0,0.000,0.000,0.000,0.000,0.000,0.000,0.000,0.000,0,0,0,0,0,0,0,0,0,0.000,0.000,0.000,0.000,0.000,0.000,0.000,0.000,0,0,0,0,0,0,0,0,0,0.000,0.000,0.000,0.000,0.000,0.000,0.000,0.000,0,0,0,0,0,0,0,0,0,0,0,0,0,0,0,0,0,0
10471,349.0,3979,54,52,1184,2795,0,0,2468,488.20,1.285,1.093,0.198,0.060,0.319,-0.963,1.954,0.9630,2.0172,0.616,0.000,0.005,0.157,-0.005,57,87,44,2,337,0,132458.83,21164.052,35946.286,46.943,11469.565,16.016,40672.949,14757.697,4264.231,10691.300,8553.040,2087.201,96.104,511.503,0.000311,0.098553,2495,0,19,25,44,19,12488,6,25,46.930,0,0,0,0,0,0,0,0,0,0,0,0,0,0,87750,1496,2489,49102.738,35931.343,11467.195,0.013,46.930,35626.487,14056.552,129.976,176,434,87,19,328,188956,0,0,0,0.000,0.000,0.000,0.000,0.000,0.000,0.000,0.000,0,0,0,0,0,0,0,0,0,0.000,0.000,0.000,0.000,0.000,0.000,0.000,0.000,0,0,0,0,0,0,0,0,0,0.000,0.000,0.000,0.000,0.000,0.000,0.000,0.000,0,0,0,0,0,0,0,0,0,0.000,0.000,0.000,0.000,0.000,0.000,0.000,0.000,0,0,0,0,0,0,0,0,0,0.000,0.000,0.000,0.000,0.000,0.000,0.000,0.000,0,0,0,0,0,0,0,0,0,0,0,0,0,0,0,0,0,0
10501,350.0,3800,51,53,1197,2603,0,0,2180,466.39,1.264,1.093,0.202,0.060,0.335,-0.963,1.952,0.9748,2.0153,0.617,0.000,0.005,0.155,-0.005,70,81,29,1,309,0,124688.81,19777.750,32627.580,40.267,11348.697,15.649,37985.526,13651.703,3831.604,11542.844,9234.275,1847.976,101.540,488.704,0.000268,0.098902,2531,0,7,22,28,7,11767,8,21,40.234,0,0,0,0,0,0,0,0,0,0,0,0,0,0,81121,1355,2523,45595.566,32609.077,11347.158,0.023,40.234,32922.834,12977.815,105.137,190,382,80,7,295,163763,0,0,0,0.000,0.000,0.000,0.000,0.000,0.000,0.000,0.000,0,0,0,0,0,0,0,0,0,0.000,0.000,0.000,0.000,0.000,0.000,0.000,0.000,0,0,0,0,0,0,0,0,0,0.000,0.000,0.000,0.000,0.000,0.000,0.000,0.000,0,0,0,0,0,0,0,0,0,0.000,0.000,0.000,0.000,0.000,0.000,0.000,0.000,0,0,0,0,0,0,0,0,0,0.000,0.000,0.000,0.000,0.000,0.000,0.000,0.000,0,0,0,0,0,0,0,0,0,0,0,0,0,0,0,0,0,0
10531,351.0,3668,51,53,1234,2434,0,0,1990,535.89,1.236,1.090,0.204,0.061,0.354,-0.963,1.948,0.9696,2.0196,0.614,0.000,0.005,0.153,-0.006,59,78,17,4,244,0,118896.76,19416.374,30378.527,32.954,10564.145,14.124,35876.760,12665.401,3362.841,9462.457,7569.966,1285.120,130.878,406.414,0.000320,0.099314,2348,0,2,15,17,2,11431,2,15,32.953,0,0,0,0,0,0,0,0,0,0,0,0,0,0,75791,1267,2346,42475.094,30367.070,10563.782,0.001,32.953,30734.264,11988.621,90.373,142,311,78,2,231,137575,0,0,0,0.000,0.000,0.000,0.000,0.000,0.000,0.000,0.000,0,0,0,0,0,0,0,0,0,0.000,0.000,0.000,0.000,0.000,0.000,0.000,0.000,0,0,0,0,0,0,0,0,0,0.000,0.000,0.000,0.000,0.000,0.000,0.000,0.000,0,0,0,0,0,0,0,0,0,0.000,0.000,0.000,0.000,0.000,0.000,0.000,0.000,0,0,0,0,0,0,0,0,0,0.000,0.000,0.000,0.000,0.000,0.000,0.000,0.000,0,0,0,0,0,0,0,0,0,0,0,0,0,0,0,0,0,0
10561,352.0,3509,62,53,1253,2256,0,0,1833,502.06,1.208,1.089,0.207,0.061,0.374,-0.963,1.946,0.9831,2.0131,0.636,0.000,0.005,0.152,-0.007,69,81,23,5,242,0,112218.64,19007.417,26313.522,43.842,10243.667,14.129,33667.217,11900.371,3076.401,8679.655,6943.724,1246.650,42.973,373.356,0.000140,0.099983,2281,0,0,23,23,0,11482,7,23,43.842,0,0,0,0,0,0,0,0,0,0,0,0,0,0,70345,1092,2274,37856.256,26291.483,10242.734,0.000,43.842,28477.247,11216.631,82.887,133,311,80,0,231,134963,0,0,0,0.000,0.000,0.000,0.000,0.000,0.000,0.000,0.000,0,0,0,0,0,0,0,0,0,0.000,0.000,0.000,0.000,0.000,0.000,0.000,0.000,0,0,0,0,0,0,0,0,0,0.000,0.000,0.000,0.000,0.000,0.000,0.000,0.000,0,0,0,0,0,0,0,0,0,0.000,0.000,0.000,0.000,0.000,0.000,0.000,0.000,0,0,0,0,0,0,0,0,0,0.000,0.000,0.000,0.000,0.000,0.000,0.000,0.000,0,0,0,0,0,0,0,0,0,0,0,0,0,0,0,0,0,0
10591,353.0,3367,66,53,1286,2081,0,0,1661,468.42,1.175,1.086,0.212,0.061,0.396,-0.964,1.947,0.9851,2.0250,0.627,0.000,0.005,0.150,-0.007,58,88,13,4,225,0,106749.34,18554.806,24587.800,30.136,10092.782,14.781,31602.537,11047.303,2799.302,8429.567,6743.654,1042.368,62.084,402.527,0.000306,0.098102,2167,0,0,13,13,0,11037,10,13,30.136,0,0,0,0,0,0,0,0,0,0,0,0,0,0,65165,1021,2157,35934.561,24575.943,10091.047,0.000,30.136,26335.645,10359.164,72.024,126,301,87,0,214,116436,0,0,0,0.000,0.000,0.000,0.000,0.000,0.000,0.000,0.000,0,0,0,0,0,0,0,0,0,0.000,0.000,0.000,0.000,0.000,0.000,0.000,0.000,0,0,0,0,0,0,0,0,0,0.000,0.000,0.000,0.000,0.000,0.000,0.000,0.000,0,0,0,0,0,0,0,0,0,0.000,0.000,0.000,0.000,0.000,0.000,0.000,0.000,0,0,0,0,0,0,0,0,0,0.000,0.000,0.000,0.000,0.000,0.000,0.000,0.000,0,0,0,0,0,0,0,0,0,0,0,0,0,0,0,0,0,0
10621,354.0,3281,52,53,1316,1965,0,0,1574,492.54,1.150,1.085,0.215,0.061,0.414,-0.964,1.949,0.9744,2.0191,0.633,0.000,0.003,0.149,-0.008,70,78,12,1,178,0,103026.03,18431.404,23165.173,17.989,9047.732,14.022,29886.145,10412.298,2591.484,8354.880,6683.904,368.163,70.901,337.911,0.000248,0.097273,1961,0,0,12,12,0,11368,1,12,17.989,0,0,0,0,0,0,0,0,0,0,0,0,0,0,60724,959,1960,33342.294,23141.068,9047.712,0.000,17.989,24509.254,9710.145,69.237,130,246,78,0,168,110063,0,0,0,0.000,0.000,0.000,0.000,0.000,0.000,0.000,0.000,0,0,0,0,0,0,0,0,0,0.000,0.000,0.000,0.000,0.000,0.000,0.000,0.000,0,0,0,0,0,0,0,0,0,0.000,0.000,0.000,0.000,0.000,0.000,0.000,0.000,0,0,0,0,0,0,0,0,0,0.000,0.000,0.000,0.000,0.000,0.000,0.000,0.000,0,0,0,0,0,0,0,0,0,0.000,0.000,0.000,0.000,0.000,0.000,0.000,0.000,0,0,0,0,0,0,0,0,0,0,0,0,0,0,0,0,0,0
10651,355.0,3172,54,54,1341,1831,0,0,1496,551.86,1.122,1.085,0.221,0.061,0.434,-0.965,1.943,0.9873,2.0068,0.631,0.000,0.007,0.147,-0.008,51,73,18,4,179,0,97418.04,17805.539,19910.775,29.452,9755.198,14.386,28512.120,9824.888,2455.213,7202.195,5761.756,738.511,32.938,349.652,0.000200,0.096799,2021,0,0,18,17,0,11658,4,17,29.372,0,0,0,0,0,0,0,0,0,0,0,0,0,0,57154,826,2017,30749.565,19898.257,9754.785,0.000,29.372,23050.833,9109.240,70.743,104,238,73,0,165,101706,0,0,0,0.000,0.000,0.000,0.000,0.000,0.000,0.000,0.000,0,0,0,0,0,0,0,0,0,0.000,0.000,0.000,0.000,0.000,0.000,0.000,0.000,0,0,0,0,0,0,0,0,0,0.000,0.000,0.000,0.000,0.000,0.000,0.000,0.000,0,0,0,0,0,0,0,0,0,0.000,0.000,0.000,0.000,0.000,0.000,0.000,0.000,0,0,0,0,0,0,0,0,0,0.000,0.000,0.000,0.000,0.000,0.000,0.000,0.000,0,0,0,0,0,0,0,0,0,0,0,0,0,0,0,0,0,0
10681,356.0,3071,50,54,1363,1708,0,0,1424,481.76,1.096,1.083,0.226,0.060,0.453,-0.965,1.943,0.9928,2.0125,0.646,0.001,0.005,0.146,-0.010,42,89,17,2,147,0,94058.52,17637.154,20208.717,26.821,8852.431,10.848,27071.742,9250.760,2333.446,6904.996,5523.997,799.208,75.155,320.894,0.000210,0.097341,1899,0,0,17,16,0,11548,4,16,26.697,0,0,0,0,0,0,0,0,0,0,0,0,0,0,53338,835,1895,30039.870,20193.346,8851.713,0.000,26.697,21543.603,8519.171,70.282,104,227,89,0,138,91384,0,0,0,0.000,0.000,0.000,0.000,0.000,0.000,0.000,0.000,0,0,0,0,0,0,0,0,0,0.000,0.000,0.000,0.000,0.000,0.000,0.000,0.000,0,0,0,0,0,0,0,0,0,0.000,0.000,0.000,0.000,0.000,0.000,0.000,0.000,0,0,0,0,0,0,0,0,0,0.000,0.000,0.000,0.000,0.000,0.000,0.000,0.000,0,0,0,0,0,0,0,0,0,0.000,0.000,0.000,0.000,0.000,0.000,0.000,0.000,0,0,0,0,0,0,0,0,0,0,0,0,0,0,0,0,0,0
10711,357.0,2968,62,54,1377,1591,0,0,1358,554.91,1.070,1.086,0.229,0.061,0.472,-0.966,1.944,0.9905,2.0255,0.635,0.001,0.003,0.145,-0.010,51,73,18,4,138,0,90598.25,17606.138,17897.140,27.486,7759.625,11.024,25654.660,8650.622,2200.648,5681.146,4544.917,1030.161,51.554,267.165,0.000176,0.096626,1702,0,0,18,18,0,11778,2,18,27.486,0,0,0,0,0,0,0,0,0,0,0,0,0,0,49529,741,1700,26531.740,17879.626,7759.460,0.000,27.486,20058.196,7924.305,62.126,83,200,70,0,130,83779,0,0,0,0.000,0.000,0.000,0.000,0.000,0.000,0.000,0.000,0,0,0,0,0,0,0,0,0,0.000,0.000,0.000,0.000,0.000,0.000,0.000,0.000,0,0,0,0,0,0,0,0,0,0.000,0.000,0.000,0.000,0.000,0.000,0.000,0.000,0,0,0,0,0,0,0,0,0,0.000,0.000,0.000,0.000,0.000,0.000,0.000,0.000,0,0,0,0,0,0,0,0,0,0.000,0.000,0.000,0.000,0.000,0.000,0.000,0.000,0,0,0,0,0,0,0,0,0,0,0,0,0,0,0,0,0,0
10741,358.0,2905,60,54,1404,1501,0,0,1236,544.73,1.043,1.084,0.233,0.061,0.490,-0.967,1.940,0.9978,2.0426,0.638,0.003,0.003,0.143,-0.011,45,78,32,5,118,0,87034.65,17508.565,16164.519,48.724,7911.880,11.236,24312.947,8191.067,2026.951,7069.373,5655.499,1051.664,18.931,269.976,0.000187,0.096382,1662,0,0,32,31,0,11378,8,31,48.664,0,0,0,0,0,0,0,0,0,0,0,0,0,0,46216,668,1654,24853.124,16142.358,7910.889,0.000,48.664,18709.841,7455.926,60.044,94,184,78,0,106,76525,0,0,0,0.000,0.000,0.000,0.000,0.000,0.000,0.000,0.000,0,0,0,0,0,0,0,0,0,0.000,0.000,0.000,0.000,0.000,0.000,0.000,0.000,0,0,0,0,0,0,0,0,0,0.000,0.000,0.000,0.000,0.000,0.000,0.000,0.000,0,0,0,0,0,0,0,0,0,0.000,0.000,0.000,0.000,0.000,0.000,0.000,0.000,0,0,0,0,0,0,0,0,0,0.000,0.000,0.000,0.000,0.000,0.000,0.000,0.000,0,0,0,0,0,0,0,0,0,0,0,0,0,0,0,0,0,0
10771,359.0,2843,73,54,1430,1413,0,0,1126,534.60,1.017,1.081,0.236,0.061,0.508,-0.967,1.935,1.0062,2.0413,0.640,0.003,0.005,0.142,-0.011,49,82,21,4,107,0,85035.95,17603.812,15755.417,33.053,7918.111,12.360,23266.153,7697.468,1842.987,6338.833,5071.066,960.900,69.794,285.915,0.000194,0.094773,1595,0,0,21,19,0,11593,12,19,32.889,0,0,0,0,0,0,0,0,0,0,0,0,0,0,43440,653,1583,24479.194,15728.766,7916.606,0.000,32.889,17564.630,6944.806,60.752,85,173,82,0,91,77139,0,0,0,0.000,0.000,0.000,0.000,0.000,0.000,0.000,0.000,0,0,0,0,0,0,0,0,0,0.000,0.000,0.000,0.000,0.000,0.000,0.000,0.000,0,0,0,0,0,0,0,0,0,0.000,0.000,0.000,0.000,0.000,0.000,0.000,0.000,0,0,0,0,0,0,0,0,0,0.000,0.000,0.000,0.000,0.000,0.000,0.000,0.000,0,0,0,0,0,0,0,0,0,0.000,0.000,0.000,0.000,0.000,0.000,0.000,0.000,0,0,0,0,0,0,0,0,0,0,0,0,0,0,0,0,0,0
10801,360.0,2768,89,48,1470,1298,0,0,1072,501.92,0.981,1.077,0.241,0.061,0.534,-0.967,1.932,0.9981,2.0320,0.653,0.001,0.005,0.140,-0.011,52,99,39,5,85,0,84205.61,17717.459,15259.453,58.719,7646.592,9.944,22295.601,7332.384,1700.644,5997.487,4797.990,1033.483,18.199,286.156,0.000194,0.092686,1579,0,7,32,38,7,11487,11,31,58.541,0,0,0,0,0,0,0,0,0,0,0,0,0,0,40922,630,1568,23615.872,15233.272,7644.547,0.015,58.541,16535.891,6567.150,58.848,71,186,98,7,81,80196,0,0,0,0.000,0.000,0.000,0.000,0.000,0.000,0.000,0.000,0,0,0,0,0,0,0,0,0,0.000,0.000,0.000,0.000,0.000,0.000,0.000,0.000,0,0,0,0,0,0,0,0,0,0.000,0.000,0.000,0.000,0.000,0.000,0.000,0.000,0,0,0,0,0,0,0,0,0,0.000,0.000,0.000,0.000,0.000,0.000,0.000,0.000,0,0,0,0,0,0,0,0,0,0.000,0.000,0.000,0.000,0.000,0.000,0.000,0.000,0,0,0,0,0,0,0,0,0,0,0,0,0,0,0,0,0,0
10831,361.0,2803,73,48,1530,1272,1,0,1030,560.78,0.961,1.076,0.244,0.063,0.548,-0.966,1.930,1.0043,2.0465,0.647,0.001,0.006,0.139,-0.012,37,55,26,2,77,0,85575.63,18300.940,16298.627,48.125,7371.850,11.524,21521.438,6957.015,1634.465,7866.238,6292.990,1236.569,85.544,269.387,0.000287,0.091079,1439,0,5,21,26,5,11278,5,21,48.114,4,0,0,0,0,0,0,0,0,0,0,0,0,0,38574,674,1434,24423.768,16275.425,7370.814,0.011,48.114,15641.641,6186.356,49.221,98,124,55,5,64,52292,0,0,0,0.000,0.000,0.000,0.000,0.000,0.000,0.000,0.000,0,0,0,0,0,0,0,0,0,0.000,0.000,0.000,0.000,0.000,0.000,0.000,0.000,0,0,0,0,0,0,0,0,0,0.000,0.000,0.000,0.000,0.000,0.000,0.000,0.000,0,0,0,0,0,0,23,0,0,0.000,0.000,0.000,0.000,0.000,2.620,1.593,0.000,0,0,0,0,0,0,0,0,0,0.000,0.000,0.000,0.000,0.000,0.000,0.000,0.000,0,0,0,0,0,0,0,0,1,0,0,0,0,0,0,0,0,0
10861,362.0,2808,82,48,1569,1237,1,1,972,493.70,0.944,1.076,0.247,0.061,0.561,-0.965,1.930,1.0004,2.0319,0.647,0.001,0.005,0.138,-0.013,35,71,20,1,79,0,87924.77,19136.254,15851.132,40.560,8044.623,8.443,21276.253,6919.737,1557.593,7433.820,5947.056,1035.601,109.392,293.460,0.000296,0.088305,1532,0,2,18,20,2,11600,5,18,40.557,2,0,0,0,0,0,0,0,0,0,0,0,0,0,37495,655,1527,24658.516,15820.567,8043.740,0.003,40.557,15195.161,6114.226,46.577,100,135,70,2,63,57211,0,0,0,0.000,0.000,0.000,0.000,0.000,0.000,0.000,0.000,0,0,0,0,0,0,0,0,0,0.000,0.000,0.000,0.000,0.000,0.000,0.000,0.000,0,0,0,0,0,0,25,0,0,0.000,0.000,0.000,0.000,0.000,2.375,1.263,0.000,0,0,0,0,0,0,30,0,0,0.000,0.000,0.000,0.000,0.000,3.436,2.193,0.000,0,0,0,0,0,0,0,0,0,0.000,0.000,0.000,0.000,0.000,0.000,0.000,0.000,0,0,0,0,0,0,0,1,0,0,0,0,0,0,0,0,0,0
10891,363.0,2890,97,48,1638,1250,1,1,927,531.62,0.933,1.076,0.247,0.060,0.568,-0.966,1.929,1.0078,2.0632,0.635,0.001,0.004,0.137,-0.013,44,47,29,4,63,0,91675.45,20062.490,16468.762,57.704,8405.715,9.125,21259.746,6850.688,1474.491,9222.423,7377.939,1077.900,34.699,296.277,0.000196,0.089355,1542,0,3,26,28,3,11885,7,25,57.661,13,1,0,0,0,0,0,0,0,0,0,0,0,0,37129,680,1535,25640.794,16438.528,8403.974,0.001,57.661,15026.749,6012.027,50.248,118,105,47,3,55,44515,0,0,0,0.000,0.000,0.000,0.000,0.000,0.000,0.000,0.000,0,0,0,0,0,0,0,0,0,0.000,0.000,0.000,0.000,0.000,0.000,0.000,0.000,0,0,0,0,0,0,30,0,0,0.000,0.000,0.000,0.000,0.000,2.841,1.643,0.000,0,0,0,0,0,0,30,0,0,0.000,0.000,0.000,0.000,0.000,3.434,2.580,0.003,0,0,0,0,0,0,0,0,0,0.000,0.000,0.000,0.000,0.000,0.000,0.000,0.000,0,0,0,0,0,0,0,0,0,0,0,0,0,0,0,0,0,0
10921,364.0,3035,84,48,1721,1313,0,1,930,558.56,0.933,1.077,0.245,0.061,0.568,-0.967,1.925,1.0099,2.0678,0.635,0.001,0.005,0.137,-0.013,41,34,20,2,50,0,97357.38,21295.103,18155.110,45.850,9176.967,7.556,21996.992,7131.515,1436.367,10397.637,8318.110,848.858,16.016,304.848,0.000147,0.088785,1647,0,0,20,20,0,12339,8,20,45.850,5,0,0,0,0,0,0,0,0,0,0,0,0,0,38396,751,1639,28221.738,18128.898,9175.208,0.000,45.850,15510.712,6249.358,54.140,136,73,33,0,40,33662,0,0,0,0.000,0.000,0.000,0.000,0.000,0.000,0.000,0.000,0,0,0,0,0,0,0,0,0,0.000,0.000,0.000,0.000,0.000,0.000,0.000,0.000,0,0,0,0,0,0,30,0,0,0.000,0.000,0.000,0.000,0.000,2.835,1.898,0.000,0,0,0,0,0,0,30,0,0,0.000,0.000,0.000,0.000,0.000,3.419,2.188,0.000,0,1,1,0,0,113,0,0,0,0.000,0.000,0.000,0.000,0.000,0.000,0.000,0.000,0,0,0,0,0,0,0,0,0,0,0,0,0,0,0,0,0,0
10951,365.0,3198,81,49,1810,1387,0,1,955,570.79,0.935,1.078,0.245,0.059,0.567,-0.966,1.923,1.0066,2.0797,0.634,0.002,0.004,0.137,-0.013,36,52,24,1,51,0,103826.97,22902.051,19302.834,37.457,10303.457,8.973,22967.750,7569.018,1461.576,12276.686,9821.349,908.749,55.683,354.643,0.000151,0.088933,1886,0,2,22,23,2,13108,7,21,37.283,0,0,0,0,0,0,0,0,0,0,0,0,0,0,40322,796,1879,30538.957,19274.841,10302.045,0.001,37.283,16242.720,6643.385,56.113,167,93,52,2,39,37550,0,0,0,0.000,0.000,0.000,0.000,0.000,0.000,0.000,0.000,0,0,0,0,0,0,0,0,0,0.000,0.000,0.000,0.000,0.000,0.000,0.000,0.000,0,0,0,0,0,0,30,0,0,0.000,0.000,0.000,0.000,0.000,2.862,1.873,0.000,0,0,0,0,0,0,0,0,0,0.000,0.000,0.000,0.000,0.000,0.000,0.000,0.000,0,0,0,0,0,0,0,0,0,0.000,0.000,0.000,0.000,0.000,0.000,0.000,0.000,0,0,0,0,0,0,0,0,0,0,0,0,0,0,0,0,0,0
10981,366.0,3370,70,49,1893,1477,0,0,1027,568.41,0.941,1.081,0.245,0.058,0.563,-0.968,1.919,1.0101,2.0783,0.617,0.002,0.006,0.138,-0.013,44,33,28,2,43,0,111235.23,24738.822,20365.949,39.419,11900.146,9.651,24253.027,8087.390,1528.727,11702.118,9361.695,969.109,98.868,458.380,0.000203,0.089165,2113,0,3,25,27,3,13839,14,24,39.284,0,0,0,0,0,0,0,0,0,0,0,0,0,0,42863,843,2099,33248.871,20330.401,11896.401,0.000,39.284,17249.524,7099.164,63.048,157,67,32,3,32,27217,0,0,0,0.000,0.000,0.000,0.000,0.000,0.000,0.000,0.000,0,0,0,0,0,0,0,0,0,0.000,0.000,0.000,0.000,0.000,0.000,0.000,0.000,0,0,0,0,0,0,26,0,0,0.000,0.000,0.000,0.000,0.000,2.502,0.821,0.000,0,1,1,0,0,141,0,0,0,0.000,0.000,0.000,0.000,0.000,0.000,0.000,0.000,0,0,0,0,0,0,0,0,0,0.000,0.000,0.000,0.000,0.000,0.000,0.000,0.000,0,0,0,0,0,0,0,0,0,0,0,0,0,0,0,0,0,0
11011,367.0,3613,81,49,2008,1605,0,0,1121,517.03,0.948,1.081,0.244,0.057,0.558,-0.968,1.919,1.0225,2.0701,0.613,0.002,0.006,0.138,-0.013,45,41,25,1,44,0,119898.46,26667.841,22410.147,28.749,13114.855,10.662,25835.158,8603.049,1646.511,15023.245,12018.596,755.713,103.435,494.998,0.000220,0.090151,2372,0,3,22,23,3,14994,32,20,28.583,0,0,0,0,0,0,0,0,0,0,0,0,0,0,45953,936,2340,36658.733,22370.346,13109.211,0.000,28.583,18483.549,7554.466,66.638,208,80,41,3,36,27612,0,0,0,0.000,0.000,0.000,0.000,0.000,0.000,0.000,0.000,0,0,0,0,0,0,0,0,0,0.000,0.000,0.000,0.000,0.000,0.000,0.000,0.000,0,0,0,0,0,0,0,0,0,0.000,0.000,0.000,0.000,0.000,0.000,0.000,0.000,0,0,0,0,0,0,0,0,0,0.000,0.000,0.000,0.000,0.000,0.000,0.000,0.000,0,0,0,0,0,0,0,0,0,0.000,0.000,0.000,0.000,0.000,0.000,0.000,0.000,0,0,0,0,0,0,0,0,0,0,0,0,0,0,0,0,0,0
11041,368.0,3867,90,49,2124,1743,0,0,1218,461.08,0.958,1.083,0.243,0.058,0.552,-0.967,1.918,1.0212,2.0734,0.598,0.001,0.005,0.138,-0.013,43,35,24,0,55,0,129289.40,28897.243,24353.912,36.838,14861.009,9.718,27847.018,9398.358,1778.267,15861.132,12688.906,1028.426,117.482,555.283,0.000243,0.092035,2631,0,5,19,22,5,15676,14,17,36.391,0,0,0,0,0,0,0,0,0,0,0,0,0,0,50070,1014,2617,40485.716,24313.740,14858.671,0.011,36.391,20134.333,8287.889,76.080,222,84,35,5,44,32899,0,0,0,0.000,0.000,0.000,0.000,0.000,0.000,0.000,0.000,0,0,0,0,0,0,0,0,0,0.000,0.000,0.000,0.000,0.000,0.000,0.000,0.000,0,0,0,0,0,0,0,0,0,0.000,0.000,0.000,0.000,0.000,0.000,0.000,0.000,0,0,0,0,0,0,0,0,0,0.000,0.000,0.000,0.000,0.000,0.000,0.000,0.000,0,0,0,0,0,0,0,0,0,0.000,0.000,0.000,0.000,0.000,0.000,0.000,0.000,0,0,0,0,0,0,0,0,0,0,0,0,0,0,0,0,0,0
11071,369.0,4148,93,49,2252,1896,0,0,1392,427.06,0.967,1.084,0.241,0.058,0.546,-0.967,1.915,1.0223,2.0975,0.590,0.002,0.005,0.138,-0.013,36,44,31,0,52,0,140766.83,31735.262,27460.333,50.588,17529.187,9.047,30063.901,10346.011,1975.194,17402.329,13921.864,1158.886,80.969,663.334,0.000241,0.094635,3214,0,6,25,29,6,16729,18,23,50.037,0,0,0,0,0,0,0,0,0,0,0,0,0,0,54523,1156,3196,46411.677,27419.111,17521.535,0.008,50.037,21926.423,9169.798,87.934,239,86,44,6,36,26849,0,0,0,0.000,0.000,0.000,0.000,0.000,0.000,0.000,0.000,0,0,0,0,0,0,0,0,0,0.000,0.000,0.000,0.000,0.000,0.000,0.000,0.000,0,0,0,0,0,0,0,0,0,0.000,0.000,0.000,0.000,0.000,0.000,0.000,0.000,0,0,0,0,0,0,0,0,0,0.000,0.000,0.000,0.000,0.000,0.000,0.000,0.000,0,0,0,0,0,0,0,0,0,0.000,0.000,0.000,0.000,0.000,0.000,0.000,0.000,0,0,0,0,0,0,0,0,0,0,0,0,0,0,0,0,0,0
11101,370.0,4465,71,51,2335,2130,0,0,1597,540.91,0.994,1.089,0.238,0.059,0.528,-0.967,1.913,1.0156,2.0946,0.580,0.001,0.007,0.140,-0.012,39,40,74,2,58,0,151415.66,33942.512,30555.284,119.781,20549.416,8.586,32679.697,11320.680,2280.484,21927.604,17542.084,2347.868,164.219,790.272,0.000178,0.095717,3925,0,12,62,72,12,17402,15,60,119.430,0,0,0,0,0,0,0,0,0,0,0,0,0,0,60224,1275,3910,52716.374,30512.884,20545.226,0.012,119.430,24210.646,10068.716,113.090,329,95,40,12,43,32778,0,0,0,0.000,0.000,0.000,0.000,0.000,0.000,0.000,0.000,0,0,0,0,0,0,0,0,0,0.000,0.000,0.000,0.000,0.000,0.000,0.000,0.000,0,0,0,0,0,0,0,0,0,0.000,0.000,0.000,0.000,0.000,0.000,0.000,0.000,0,0,0,0,0,0,0,0,0,0.000,0.000,0.000,0.000,0.000,0.000,0.000,0.000,0,0,0,0,0,0,0,0,0,0.000,0.000,0.000,0.000,0.000,0.000,0.000,0.000,0,0,0,0,0,0,0,0,0,0,0,0,0,0,0,0,0,0
11131,371.0,4733,69,51,2386,2347,0,0,1811,486.95,1.020,1.092,0.233,0.059,0.511,-0.967,1.913,1.0198,2.0829,0.570,0.001,0.006,0.141,-0.011,60,33,78,1,66,0,161553.81,35943.918,32033.739,134.738,21185.095,13.267,35633.639,12477.602,2577.542,20314.148,16251.318,2203.734,215.414,803.469,0.000290,0.093209,4170,0,8,70,75,8,17903,21,67,134.385,0,0,0,0,0,0,0,0,0,0,0,0,0,0,67041,1330,4149,54931.072,31987.300,21180.650,0.013,134.385,26947.685,11171.454,131.938,310,93,32,8,53,28663,0,0,0,0.000,0.000,0.000,0.000,0.000,0.000,0.000,0.000,0,0,0,0,0,0,0,0,0,0.000,0.000,0.000,0.000,0.000,0.000,0.000,0.000,0,0,0,0,0,0,0,0,0,0.000,0.000,0.000,0.000,0.000,0.000,0.000,0.000,0,0,0,0,0,0,0,0,0,0.000,0.000,0.000,0.000,0.000,0.000,0.000,0.000,0,0,0,0,0,0,0,0,0,0.000,0.000,0.000,0.000,0.000,0.000,0.000,0.000,0,0,0,0,0,0,0,0,0,0,0,0,0,0,0,0,0,0
11161,372.0,5036,76,51,2447,2589,0,0,2111,455.08,1.044,1.096,0.231,0.059,0.494,-0.966,1.914,1.0141,2.0591,0.553,0.000,0.007,0.143,-0.011,52,35,82,1,68,0,171994.42,38125.261,35777.026,137.295,23870.092,11.831,38498.951,13689.028,2988.894,22138.397,17710.718,2833.179,235.265,925.979,0.000270,0.093375,4864,0,12,70,80,12,18740,26,68,136.789,0,0,0,0,0,0,0,0,0,0,0,0,0,0,73905,1492,4838,61604.576,35735.240,23864.261,0.009,136.789,29681.298,12346.569,142.198,333,91,35,12,44,28827,0,0,0,0.000,0.000,0.000,0.000,0.000,0.000,0.000,0.000,0,0,0,0,0,0,0,0,0,0.000,0.000,0.000,0.000,0.000,0.000,0.000,0.000,0,0,0,0,0,0,0,0,0,0.000,0.000,0.000,0.000,0.000,0.000,0.000,0.000,0,0,0,0,0,0,0,0,0,0.000,0.000,0.000,0.000,0.000,0.000,0.000,0.000,0,0,0,0,0,0,0,0,0,0.000,0.000,0.000,0.000,0.000,0.000,0.000,0.000,0,0,0,0,0,0,0,0,0,0,0,0,0,0,0,0,0,0
11191,373.0,5320,65,51,2485,2835,0,0,2447,465.14,1.070,1.099,0.228,0.059,0.477,-0.966,1.913,1.0094,2.0842,0.545,0.000,0.006,0.144,-0.010,64,37,71,0,101,0,182253.28,40105.003,38474.923,102.778,26312.110,13.337,41511.765,14935.568,3495.842,23285.884,18628.708,2606.797,220.981,995.726,0.000261,0.093479,5702,0,17,54,70,17,19021,19,53,102.525,0,0,0,0,0,0,0,0,0,0,0,0,0,0,81060,1609,5683,66900.960,38434.242,26309.108,0.023,102.525,32504.725,13546.294,157.922,371,125,37,17,71,37999,0,0,0,0.000,0.000,0.000,0.000,0.000,0.000,0.000,0.000,0,0,0,0,0,0,0,0,0,0.000,0.000,0.000,0.000,0.000,0.000,0.000,0.000,0,0,0,0,0,0,0,0,0,0.000,0.000,0.000,0.000,0.000,0.000,0.000,0.000,0,0,0,0,0,0,0,0,0,0.000,0.000,0.000,0.000,0.000,0.000,0.000,0.000,0,0,0,0,0,0,0,0,0,0.000,0.000,0.000,0.000,0.000,0.000,0.000,0.000,0,0,0,0,0,0,0,0,0,0,0,0,0,0,0,0,0,0
11221,374.0,5640,60,51,2555,3085,0,0,2879,382.28,1.089,1.101,0.225,0.058,0.464,-0.967,1.914,1.0233,2.0966,0.541,0.001,0.005,0.145,-0.010,52,33,56,0,111,0,193735.47,42208.301,42423.186,81.523,26793.999,13.334,44790.841,16237.272,4126.004,24209.403,19367.523,2132.225,151.044,951.556,0.000292,0.096317,6068,0,4,52,52,4,19786,24,48,81.043,0,0,0,0,0,0,0,0,0,0,0,0,0,0,88812,1773,6044,71521.930,42385.168,26790.694,0.014,81.043,35647.366,14816.672,163.246,379,129,33,4,92,34321,0,0,0,0.000,0.000,0.000,0.000,0.000,0.000,0.000,0.000,0,0,0,0,0,0,0,0,0,0.000,0.000,0.000,0.000,0.000,0.000,0.000,0.000,0,0,0,0,0,0,0,0,0,0.000,0.000,0.000,0.000,0.000,0.000,0.000,0.000,0,0,0,0,0,0,0,0,0,0.000,0.000,0.000,0.000,0.000,0.000,0.000,0.000,0,0,0,0,0,0,0,0,0,0.000,0.000,0.000,0.000,0.000,0.000,0.000,0.000,0,0,0,0,0,0,0,0,0,0,0,0,0,0,0,0,0,0
11251,375.0,5941,59,52,2597,3344,0,0,3266,443.40,1.112,1.104,0.222,0.058,0.449,-0.967,1.914,1.0187,2.0783,0.530,0.001,0.004,0.146,-0.010,48,36,66,1,149,0,204205.02,44380.497,45433.851,99.075,29591.657,12.424,48173.870,17462.801,4810.002,26087.030,20869.624,2410.071,289.551,1080.175,0.000323,0.094967,6925,0,3,63,64,3,20119,38,61,98.758,0,0,0,0,0,0,0,0,0,0,0,0,0,0,96669,1896,6887,77544.125,45385.063,29582.733,0.014,98.758,38816.587,15979.250,184.306,413,154,36,3,115,49871,0,0,0,0.000,0.000,0.000,0.000,0.000,0.000,0.000,0.000,0,0,0,0,0,0,0,0,0,0.000,0.000,0.000,0.000,0.000,0.000,0.000,0.000,0,0,0,0,0,0,0,0,0,0.000,0.000,0.000,0.000,0.000,0.000,0.000,0.000,0,0,0,0,0,0,0,0,0,0.000,0.000,0.000,0.000,0.000,0.000,0.000,0.000,0,0,0,0,0,0,0,0,0,0.000,0.000,0.000,0.000,0.000,0.000,0.000,0.000,0,0,0,0,0,0,0,0,0,0,0,0,0,0,0,0,0,0
11281,376.0,5999,65,52,2554,3445,0,0,3660,437.64,1.127,1.106,0.221,0.057,0.439,-0.966,1.917,1.0211,2.0743,0.540,0.014,0.047,0.147,-0.009,49,26,84,1,145,0,216827.66,46310.327,48817.318,126.065,30433.254,11.403,50573.469,18549.676,5504.711,15349.845,12279.876,2797.531,946.328,1189.381,0.000187,0.095555,7424,0,6,78,83,6,20278,91,77,125.936,0,0,0,0,0,0,0,0,0,0,0,0,0,0,102472,2035,7333,81932.047,48776.448,30420.673,0.008,125.936,41226.075,17048.941,198.950,257,156,26,6,124,48340,0,0,0,0.000,0.000,0.000,0.000,0.000,0.000,0.000,0.000,0,0,0,0,0,0,0,0,0,0.000,0.000,0.000,0.000,0.000,0.000,0.000,0.000,0,0,0,0,0,0,0,0,0,0.000,0.000,0.000,0.000,0.000,0.000,0.000,0.000,0,0,0,0,0,0,0,0,0,0.000,0.000,0.000,0.000,0.000,0.000,0.000,0.000,0,0,0,0,0,0,0,0,0,0.000,0.000,0.000,0.000,0.000,0.000,0.000,0.000,0,0,0,0,0,0,0,0,0,0,0,0,0,0,0,0,0,0
11311,377.0,5993,54,52,2505,3488,0,0,3941,392.88,1.139,1.106,0.221,0.056,0.432,-0.966,1.915,1.0186,2.0748,0.554,0.019,0.076,0.148,-0.009,51,33,79,1,224,0,229338.91,48117.536,51688.390,88.632,31154.302,10.575,51096.496,18795.428,6092.367,16240.091,12992.073,3790.562,3227.450,1132.988,0.000282,0.096054,7306,0,6,73,78,6,20333,40,72,88.463,0,0,0,0,0,0,0,0,0,0,0,0,0,0,104026,2148,7266,85647.072,51647.777,31150.395,0.004,88.463,41898.751,17317.425,199.571,270,227,33,6,188,67092,0,0,0,0.000,0.000,0.000,0.000,0.000,0.000,0.000,0.000,0,0,0,0,0,0,0,0,0,0.000,0.000,0.000,0.000,0.000,0.000,0.000,0.000,0,0,0,0,0,0,0,0,0,0.000,0.000,0.000,0.000,0.000,0.000,0.000,0.000,0,0,0,0,0,0,0,0,0,0.000,0.000,0.000,0.000,0.000,0.000,0.000,0.000,0,0,0,0,0,0,0,0,0,0.000,0.000,0.000,0.000,0.000,0.000,0.000,0.000,0,0,0,0,0,0,0,0,0,0,0,0,0,0,0,0,0,0
11341,378.0,5997,63,52,2456,3541,0,0,4164,337.02,1.150,1.109,0.219,0.057,0.424,-0.966,1.914,1.0255,2.0958,0.547,0.021,0.108,0.148,-0.009,52,26,71,2,237,0,242109.86,48829.497,54773.296,107.388,32624.716,13.608,51580.817,19056.620,6597.688,17045.941,13636.753,3944.970,5132.563,1217.384,0.000417,0.094086,7222,0,8,63,67,8,20338,26,59,106.731,0,0,0,0,0,0,0,0,0,0,0,0,0,0,105475,2294,7196,90262.189,54730.923,32620.108,0.014,106.731,42545.163,17615.846,196.945,291,238,26,8,204,64716,0,0,0,0.000,0.000,0.000,0.000,0.000,0.000,0.000,0.000,0,0,0,0,0,0,0,0,0,0.000,0.000,0.000,0.000,0.000,0.000,0.000,0.000,0,0,0,0,0,0,0,0,0,0.000,0.000,0.000,0.000,0.000,0.000,0.000,0.000,0,0,0,0,0,0,0,0,0,0.000,0.000,0.000,0.000,0.000,0.000,0.000,0.000,0,0,0,0,0,0,0,0,0,0.000,0.000,0.000,0.000,0.000,0.000,0.000,0.000,0,0,0,0,0,0,0,0,0,0,0,0,0,0,0,0,0,0
11371,379.0,6000,56,52,2389,3611,0,0,4275,417.01,1.166,1.112,0.217,0.056,0.413,-0.967,1.914,1.0311,2.0957,0.558,0.036,0.140,0.149,-0.009,53,20,69,0,208,0,257726.89,50517.790,58722.889,106.185,32228.159,13.589,52180.494,19406.322,6919.906,15344.372,12275.498,3061.303,7977.423,1115.498,0.000334,0.088904,6874,0,5,64,68,5,19468,23,63,106.089,0,0,0,0,0,0,0,0,0,0,0,0,0,0,107258,2443,6851,93984.948,58671.113,32225.083,0.011,106.089,43307.950,17999.386,193.714,269,199,20,5,174,57676,0,0,0,0.000,0.000,0.000,0.000,0.000,0.000,0.000,0.000,0,0,0,0,0,0,0,0,0,0.000,0.000,0.000,0.000,0.000,0.000,0.000,0.000,0,0,0,0,0,0,0,0,0,0.000,0.000,0.000,0.000,0.000,0.000,0.000,0.000,0,0,0,0,0,0,0,0,0,0.000,0.000,0.000,0.000,0.000,0.000,0.000,0.000,0,0,0,0,0,0,0,0,0,0.000,0.000,0.000,0.000,0.000,0.000,0.000,0.000,0,0,0,0,0,0,0,0,0,0,0,0,0,0,0,0,0,0
11401,380.0,5998,74,55,2322,3676,0,0,4369,445.29,1.181,1.112,0.215,0.056,0.403,-0.967,1.917,1.0239,2.1002,0.546,0.038,0.175,0.150,-0.009,58,16,91,0,215,0,272971.44,51272.095,62839.267,146.148,34490.447,12.475,52828.965,19656.635,7154.685,16054.545,12843.636,5644.552,9215.891,1301.332,0.000469,0.086342,7037,0,14,77,86,14,18975,21,72,145.630,0,0,0,0,0,0,0,0,0,0,0,0,0,0,109339,2620,7016,100645.198,62790.847,34485.425,0.025,145.630,44171.813,18274.514,207.378,275,210,16,14,180,66500,0,0,0,0.000,0.000,0.000,0.000,0.000,0.000,0.000,0.000,0,0,0,0,0,0,0,0,0,0.000,0.000,0.000,0.000,0.000,0.000,0.000,0.000,0,0,0,0,0,0,0,0,0,0.000,0.000,0.000,0.000,0.000,0.000,0.000,0.000,0,0,0,0,0,0,0,0,0,0.000,0.000,0.000,0.000,0.000,0.000,0.000,0.000,0,0,0,0,0,0,0,0,0,0.000,0.000,0.000,0.000,0.000,0.000,0.000,0.000,0,0,0,0,0,0,0,0,0,0,0,0,0,0,0,0,0,0
11431,381.0,6000,51,55,2261,3739,0,0,4350,521.35,1.195,1.113,0.213,0.056,0.394,-0.966,1.915,1.0145,2.1151,0.569,0.047,0.205,0.150,-0.009,69,14,100,1,181,0,286792.50,52305.037,65209.297,160.628,35185.637,14.464,53535.559,20136.894,7245.313,14829.083,11863.266,5922.189,12651.184,1396.931,0.000486,0.085623,6793,0,23,77,96,23,19009,23,73,159.771,0,0,0,0,0,0,0,0,0,0,0,0,0,0,111231,2710,6770,103740.786,65151.319,35180.484,0.036,159.771,45092.681,18774.462,215.044,253,190,14,23,153,65488,0,0,0,0.000,0.000,0.000,0.000,0.000,0.000,0.000,0.000,0,0,0,0,0,0,0,0,0,0.000,0.000,0.000,0.000,0.000,0.000,0.000,0.000,0,0,0,0,0,0,0,0,0,0.000,0.000,0.000,0.000,0.000,0.000,0.000,0.000,0,0,0,0,0,0,0,0,0,0.000,0.000,0.000,0.000,0.000,0.000,0.000,0.000,0,0,0,0,0,0,0,0,0,0.000,0.000,0.000,0.000,0.000,0.000,0.000,0.000,0,0,0,0,0,0,0,0,0,0,0,0,0,0,0,0,0,0
11461,382.0,6000,58,55,2182,3818,0,0,4289,444.04,1.214,1.114,0.211,0.057,0.382,-0.966,1.916,1.0249,2.1173,0.567,0.058,0.228,0.151,-0.009,71,14,94,1,194,0,300833.16,52028.784,67877.188,175.634,37140.753,14.385,54164.820,20307.749,7220.958,15362.861,12290.289,5862.751,14040.048,1372.056,0.000498,0.080694,7050,0,12,82,93,12,18720,22,81,175.539,0,0,0,0,0,0,0,0,0,0,0,0,0,0,113278,2817,7028,108467.226,67831.886,37136.048,0.058,175.539,45947.873,18980.089,212.660,266,187,14,12,161,54461,0,0,0,0.000,0.000,0.000,0.000,0.000,0.000,0.000,0.000,0,0,0,0,0,0,0,0,0,0.000,0.000,0.000,0.000,0.000,0.000,0.000,0.000,0,0,0,0,0,0,0,0,0,0.000,0.000,0.000,0.000,0.000,0.000,0.000,0.000,0,0,0,0,0,0,0,0,0,0.000,0.000,0.000,0.000,0.000,0.000,0.000,0.000,0,0,0,0,0,0,0,0,0,0.000,0.000,0.000,0.000,0.000,0.000,0.000,0.000,0,0,0,0,0,0,0,0,0,0,0,0,0,0,0,0,0,0
11491,383.0,5998,60,55,2097,3901,0,0,4277,515.79,1.232,1.117,0.209,0.057,0.369,-0.966,1.914,1.0159,2.1185,0.581,0.070,0.253,0.153,-0.009,55,10,91,0,193,0,312482.16,52643.860,69342.472,171.262,37105.979,15.346,54905.278,20637.075,7169.937,14869.663,11895.730,6359.489,17153.095,1309.782,0.000369,0.078661,6810,0,12,79,89,12,18355,19,77,170.682,0,0,0,0,0,0,0,0,0,0,0,0,0,0,115827,2887,6791,110072.326,69294.586,37101.554,0.047,170.682,46972.736,19336.971,226.178,263,180,9,12,159,64206,0,0,0,0.000,0.000,0.000,0.000,0.000,0.000,0.000,0.000,0,0,0,0,0,0,0,0,0,0.000,0.000,0.000,0.000,0.000,0.000,0.000,0.000,0,0,0,0,0,0,0,0,0,0.000,0.000,0.000,0.000,0.000,0.000,0.000,0.000,0,0,0,0,0,0,0,0,0,0.000,0.000,0.000,0.000,0.000,0.000,0.000,0.000,0,0,0,0,0,0,0,0,0,0.000,0.000,0.000,0.000,0.000,0.000,0.000,0.000,0,0,0,0,0,0,0,0,0,0,0,0,0,0,0,0,0,0
11521,384.0,5995,68,55,2019,3976,0,0,4333,463.60,1.250,1.120,0.207,0.057,0.357,-0.966,1.914,1.0148,2.1181,0.586,0.068,0.273,0.154,-0.008,62,10,75,2,177,0,323907.50,52848.893,70476.323,149.673,37393.059,15.178,55667.527,21045.746,7263.148,13255.117,10604.094,5075.488,19023.814,1322.809,0.000316,0.080553,6588,0,4,71,74,4,18231,17,70,149.497,0,0,0,0,0,0,0,0,0,0,0,0,0,0,118275,2931,6571,111613.645,70427.456,37388.961,0.061,149.497,47984.383,19789.581,222.869,228,153,10,4,139,47690,0,0,0,0.000,0.000,0.000,0.000,0.000,0.000,0.000,0.000,0,0,0,0,0,0,0,0,0,0.000,0.000,0.000,0.000,0.000,0.000,0.000,0.000,0,0,0,0,0,0,0,0,0,0.000,0.000,0.000,0.000,0.000,0.000,0.000,0.000,0,0,0,0,0,0,0,0,0,0.000,0.000,0.000,0.000,0.000,0.000,0.000,0.000,0,0,0,0,0,0,0,0,0,0.000,0.000,0.000,0.000,0.000,0.000,0.000,0.000,0,0,0,0,0,0,0,0,0,0,0,0,0,0,0,0,0,0
11551,385.0,6000,54,55,1953,4047,0,0,4338,418.58,1.265,1.122,0.205,0.057,0.347,-0.966,1.915,1.0272,2.1067,0.586,0.078,0.295,0.155,-0.008,68,13,79,1,175,0,333197.44,51921.665,74278.608,143.455,38605.508,15.336,56384.215,21555.559,7312.033,13945.355,11156.284,5918.319,21622.171,1472.415,0.000373,0.080323,6735,0,14,65,76,14,18328,16,62,142.710,0,0,0,0,0,0,0,0,0,0,0,0,0,0,120392,3092,6719,116786.274,74223.469,38602.936,0.024,142.710,48919.698,20323.429,233.629,245,174,13,14,147,55119,0,0,0,0.000,0.000,0.000,0.000,0.000,0.000,0.000,0.000,0,0,0,0,0,0,0,0,0,0.000,0.000,0.000,0.000,0.000,0.000,0.000,0.000,0,0,0,0,0,0,0,0,0,0.000,0.000,0.000,0.000,0.000,0.000,0.000,0.000,0,0,0,0,0,0,0,0,0,0.000,0.000,0.000,0.000,0.000,0.000,0.000,0.000,0,0,0,0,0,0,0,0,0,0.000,0.000,0.000,0.000,0.000,0.000,0.000,0.000,0,0,0,0,0,0,0,0,0,0,0,0,0,0,0,0,0,0
11581,386.0,5995,55,55,1886,4109,0,0,4323,509.52,1.280,1.124,0.203,0.057,0.337,-0.966,1.914,1.0174,2.0986,0.587,0.078,0.316,0.155,-0.008,61,14,88,1,147,0,340887.50,51842.880,75002.453,170.060,38086.949,17.276,57054.043,22047.441,7323.337,12354.747,9883.798,6474.142,22544.916,1410.510,0.000370,0.078909,6462,0,12,76,85,12,17681,14,73,169.614,0,0,0,0,0,0,0,0,0,0,0,0,0,0,122285,3131,6448,116856.561,74950.972,38083.979,0.045,169.614,49769.583,20851.273,229.815,214,152,14,12,126,48199,0,0,0,0.000,0.000,0.000,0.000,0.000,0.000,0.000,0.000,0,0,0,0,0,0,0,0,0,0.000,0.000,0.000,0.000,0.000,0.000,0.000,0.000,0,0,0,0,0,0,0,0,0,0.000,0.000,0.000,0.000,0.000,0.000,0.000,0.000,0,0,0,0,0,0,0,0,0,0.000,0.000,0.000,0.000,0.000,0.000,0.000,0.000,0,0,0,0,0,0,0,0,0,0.000,0.000,0.000,0.000,0.000,0.000,0.000,0.000,0,0,0,0,0,0,0,0,0,0,0,0,0,0,0,0,0,0
11611,387.0,5999,48,55,1828,4171,0,0,4343,488.57,1.292,1.125,0.201,0.057,0.328,-0.966,1.912,1.0211,2.1159,0.594,0.084,0.330,0.156,-0.008,64,14,58,1,166,0,349067.91,50648.839,77615.570,111.582,37748.119,17.419,57701.738,22257.930,7352.661,12514.809,10011.847,5033.211,23972.633,1374.429,0.000358,0.080668,6300,0,9,49,58,9,17922,19,49,111.533,0,0,0,0,0,0,0,0,0,0,0,0,0,0,124293,3230,6281,119254.621,77573.554,37742.522,0.049,111.533,50621.884,21088.389,235.040,223,161,14,9,138,51980,0,0,0,0.000,0.000,0.000,0.000,0.000,0.000,0.000,0.000,0,0,0,0,0,0,0,0,0,0.000,0.000,0.000,0.000,0.000,0.000,0.000,0.000,0,0,0,0,0,0,0,0,0,0.000,0.000,0.000,0.000,0.000,0.000,0.000,0.000,0,0,0,0,0,0,0,0,0,0.000,0.000,0.000,0.000,0.000,0.000,0.000,0.000,0,0,0,0,0,0,0,0,0,0.000,0.000,0.000,0.000,0.000,0.000,0.000,0.000,0,0,0,0,0,0,0,0,0,0,0,0,0,0,0,0,0,0
11641,388.0,5997,72,55,1759,4238,0,0,4405,495.64,1.308,1.127,0.200,0.057,0.317,-0.966,1.911,1.0186,2.1030,0.602,0.089,0.328,0.157,-0.007,71,23,67,0,181,0,352678.66,49728.803,76404.563,129.568,38025.542,18.071,58355.108,22447.735,7395.042,13943.141,11154.513,5936.037,24339.274,1390.369,0.000385,0.080426,6446,0,6,61,64,6,17373,19,58,127.946,0,0,0,0,0,0,0,0,0,0,0,0,0,0,126145,3180,6427,118266.527,76351.534,38021.403,0.034,127.946,51462.954,21306.673,235.575,248,181,23,6,152,68494,0,0,0,0.000,0.000,0.000,0.000,0.000,0.000,0.000,0.000,0,0,0,0,0,0,0,0,0,0.000,0.000,0.000,0.000,0.000,0.000,0.000,0.000,0,0,0,0,0,0,0,0,0,0.000,0.000,0.000,0.000,0.000,0.000,0.000,0.000,0,0,0,0,0,0,0,0,0,0.000,0.000,0.000,0.000,0.000,0.000,0.000,0.000,0,0,0,0,0,0,0,0,0,0.000,0.000,0.000,0.000,0.000,0.000,0.000,0.000,0,0,0,0,0,0,0,0,0,0,0,0,0,0,0,0,0,0
11671,389.0,5996,46,55,1706,4290,0,0,4374,476.34,1.320,1.129,0.199,0.056,0.309,-0.966,1.911,1.0122,2.1092,0.602,0.087,0.338,0.158,-0.007,71,11,62,1,165,0,355876.53,48737.433,79855.468,130.211,37368.700,18.884,59030.342,22787.365,7404.335,12178.577,9742.862,5967.192,26556.305,1343.980,0.000520,0.080989,6212,0,6,56,62,6,17864,14,56,130.176,0,0,0,0,0,0,0,0,0,0,0,0,0,0,128014,3321,6198,121167.773,79816.297,37365.916,0.036,130.176,52313.361,21670.818,240.854,215,163,11,6,146,57894,0,0,0,0.000,0.000,0.000,0.000,0.000,0.000,0.000,0.000,0,0,0,0,0,0,0,0,0,0.000,0.000,0.000,0.000,0.000,0.000,0.000,0.000,0,0,0,0,0,0,0,0,0,0.000,0.000,0.000,0.000,0.000,0.000,0.000,0.000,0,0,0,0,0,0,0,0,0,0.000,0.000,0.000,0.000,0.000,0.000,0.000,0.000,0,0,0,0,0,0,0,0,0,0.000,0.000,0.000,0.000,0.000,0.000,0.000,0.000,0,0,0,0,0,0,0,0,0,0,0,0,0,0,0,0,0,0
11701,390.0,5997,53,57,1663,4334,0,0,4357,504.47,1.330,1.130,0.198,0.056,0.302,-0.966,1.908,1.0144,2.1077,0.606,0.078,0.333,0.159,-0.007,73,13,42,1,196,0,358047.81,48253.547,80091.803,80.799,36715.501,17.982,59587.867,23079.239,7336.721,13066.451,10453.161,5413.496,26893.425,1330.848,0.000417,0.079907,6175,0,3,39,42,3,16817,27,39,80.788,0,0,0,0,0,0,0,0,0,0,0,0,0,0,129341,3335,6148,120829.523,80059.377,36710.107,0.012,80.788,52989.076,21974.516,247.576,231,187,13,3,171,69324,0,0,0,0.000,0.000,0.000,0.000,0.000,0.000,0.000,0.000,0,0,0,0,0,0,0,0,0,0.000,0.000,0.000,0.000,0.000,0.000,0.000,0.000,0,0,0,0,0,0,0,0,0,0.000,0.000,0.000,0.000,0.000,0.000,0.000,0.000,0,0,0,0,0,0,0,0,0,0.000,0.000,0.000,0.000,0.000,0.000,0.000,0.000,0,0,0,0,0,0,0,0,0,0.000,0.000,0.000,0.000,0.000,0.000,0.000,0.000,0,0,0,0,0,0,0,0,0,0,0,0,0,0,0,0,0,0
11731,391.0,6000,47,57,1608,4391,0,1,4326,478.23,1.342,1.131,0.198,0.056,0.294,-0.966,1.906,1.0129,2.1083,0.596,0.089,0.327,0.160,-0.007,77,15,61,0,184,0,358295.31,46320.023,79309.248,152.737,34957.446,20.441,60199.229,23181.627,7270.220,13655.481,10924.385,7025.418,23877.523,1249.368,0.000631,0.082562,6015,0,7,54,61,7,17002,20,54,152.657,0,0,0,0,0,0,0,0,0,0,0,0,0,0,130748,3292,5995,118057.547,79265.089,34953.829,0.080,152.657,53729.000,22088.409,251.628,243,186,15,7,164,66148,0,0,0,0.000,0.000,0.000,0.000,0.000,0.000,0.000,0.000,0,0,0,0,0,0,0,0,0,0.000,0.000,0.000,0.000,0.000,0.000,0.000,0.000,0,0,0,0,0,0,4,0,0,0.000,0.000,0.000,0.000,0.000,0.488,0.257,0.000,0,0,0,0,0,0,0,0,0,0.000,0.000,0.000,0.000,0.000,0.000,0.000,0.000,0,0,0,0,0,0,0,0,0,0.000,0.000,0.000,0.000,0.000,0.000,0.000,0.000,0,0,0,0,0,0,0,1,0,0,0,0,0,0,0,0,0,0
11761,392.0,6000,45,57,1545,4454,0,1,4313,549.54,1.356,1.134,0.196,0.055,0.284,-0.966,1.911,1.0164,2.1092,0.605,0.083,0.308,0.161,-0.006,83,10,78,0,177,0,357356.88,44471.261,79787.057,136.542,33289.529,17.756,60919.597,23491.114,7182.454,13611.741,10889.393,5506.486,24275.906,1235.416,0.000484,0.084142,5677,0,8,70,76,8,16934,15,68,135.774,0,0,0,0,0,0,0,0,0,0,0,0,0,0,132501,3316,5662,116861.536,79759.260,33285.787,0.079,135.774,54620.813,22429.774,250.768,239,176,10,8,158,65211,0,0,0,0.000,0.000,0.000,0.000,0.000,0.000,0.000,0.000,0,0,0,0,0,0,0,0,0,0.000,0.000,0.000,0.000,0.000,0.000,0.000,0.000,0,0,0,0,0,0,30,0,0,0.000,0.000,0.000,0.000,0.000,3.663,2.017,0.000,0,0,0,0,0,0,0,0,0,0.000,0.000,0.000,0.000,0.000,0.000,0.000,0.000,0,0,0,0,0,0,0,0,0,0.000,0.000,0.000,0.000,0.000,0.000,0.000,0.000,0,0,0,0,0,0,0,0,0,0,0,0,0,0,0,0,0,0
11791,393.0,5996,41,57,1495,4500,0,1,4314,555.46,1.367,1.135,0.196,0.055,0.277,-0.967,1.909,1.0132,2.1016,0.609,0.079,0.299,0.161,-0.006,70,13,66,1,197,0,354890.84,42875.644,79660.273,131.860,32360.787,18.308,61622.560,23824.309,7142.645,13976.195,11180.956,6174.187,22392.426,1182.446,0.000617,0.088126,5552,0,7,59,66,7,16880,24,59,131.846,0,0,0,0,0,0,0,0,0,0,0,0,0,0,134194,3302,5528,115706.842,79611.056,32354.208,0.014,131.846,55497.294,22786.455,258.987,246,200,13,7,180,75621,0,0,0,0.000,0.000,0.000,0.000,0.000,0.000,0.000,0.000,0,0,0,0,0,0,0,0,0,0.000,0.000,0.000,0.000,0.000,0.000,0.000,0.000,0,0,0,0,0,0,30,0,0,0.000,0.000,0.000,0.000,0.000,3.676,2.152,0.000,0,0,0,0,0,0,0,0,0,0.000,0.000,0.000,0.000,0.000,0.000,0.000,0.000,0,0,0,0,0,0,0,0,0,0.000,0.000,0.000,0.000,0.000,0.000,0.000,0.000,0,0,0,0,0,0,0,0,0,0,0,0,0,0,0,0,0,0
11821,394.0,5998,43,57,1453,4544,0,1,4366,565.35,1.377,1.136,0.195,0.055,0.270,-0.967,1.907,1.0101,2.0917,0.614,0.069,0.279,0.162,-0.006,73,13,68,0,191,0,348844.19,40882.037,75737.325,122.713,31924.645,18.119,62304.530,23941.389,7159.017,14108.488,11286.791,5606.805,19771.138,1184.140,0.000408,0.087096,5506,0,18,50,68,18,16730,15,50,122.688,0,0,0,0,0,0,0,0,0,0,0,0,0,0,135869,3138,5491,111215.471,75703.704,31922.172,0.024,122.688,56365.614,22934.445,258.852,249,205,13,18,174,84568,0,0,0,0.000,0.000,0.000,0.000,0.000,0.000,0.000,0.000,0,0,0,0,0,0,0,0,0,0.000,0.000,0.000,0.000,0.000,0.000,0.000,0.000,0,0,0,0,0,0,30,0,0,0.000,0.000,0.000,0.000,0.000,3.705,1.386,0.000,0,0,0,0,0,0,0,0,0,0.000,0.000,0.000,0.000,0.000,0.000,0.000,0.000,0,0,0,0,0,0,0,0,0,0.000,0.000,0.000,0.000,0.000,0.000,0.000,0.000,0,0,0,0,0,0,0,0,0,0,0,0,0,0,0,0,0,0
11851,395.0,5998,40,60,1388,4610,0,0,4289,489.27,1.392,1.139,0.193,0.055,0.260,-0.967,1.909,1.0066,2.0996,0.617,0.058,0.259,0.162,-0.007,78,23,90,0,213,0,341847.94,39333.079,76636.022,164.178,29991.997,16.634,62877.429,24152.973,7120.591,17185.106,13748.085,7111.630,17205.910,1223.983,0.000363,0.085864,5255,0,26,64,89,26,16760,12,63,163.870,0,0,0,0,0,0,0,0,0,0,0,0,0,0,137203,3185,5243,110157.717,76601.062,29989.051,0.061,163.870,57072.603,23164.544,260.534,312,246,23,26,197,95506,0,0,0,0.000,0.000,0.000,0.000,0.000,0.000,0.000,0.000,0,0,0,0,0,0,0,0,0,0.000,0.000,0.000,0.000,0.000,0.000,0.000,0.000,0,0,0,0,0,0,6,0,0,0.000,0.000,0.000,0.000,0.000,0.737,0.268,0.000,0,1,0,0,1,100,0,0,0,0.000,0.000,0.000,0.000,0.000,0.000,0.000,0.000,0,0,0,0,0,0,0,0,0,0.000,0.000,0.000,0.000,0.000,0.000,0.000,0.000,0,0,0,0,0,0,0,0,0,0,0,0,0,0,0,0,0,0
11881,396.0,5999,51,60,1340,4659,0,0,4261,587.81,1.403,1.140,0.192,0.055,0.253,-0.967,1.908,1.0117,2.0996,0.621,0.053,0.226,0.163,-0.007,66,26,83,0,205,0,331386.69,37226.317,72221.436,103.904,28237.390,19.364,63575.466,24530.801,6981.003,16448.732,13158.986,5800.343,14680.040,1155.510,0.000293,0.087139,5090,0,32,51,82,32,16338,16,50,102.659,0,0,0,0,0,0,0,0,0,0,0,0,0,0,139047,3013,5074,103890.839,72199.898,28233.750,0.059,102.659,57948.559,23576.765,256.360,296,247,26,32,189,113844,0,0,0,0.000,0.000,0.000,0.000,0.000,0.000,0.000,0.000,0,0,0,0,0,0,0,0,0,0.000,0.000,0.000,0.000,0.000,0.000,0.000,0.000,0,0,0,0,0,0,0,0,0,0.000,0.000,0.000,0.000,0.000,0.000,0.000,0.000,0,0,0,0,0,0,0,0,0,0.000,0.000,0.000,0.000,0.000,0.000,0.000,0.000,0,0,0,0,0,0,0,0,0,0.000,0.000,0.000,0.000,0.000,0.000,0.000,0.000,0,0,0,0,0,0,0,0,0,0,0,0,0,0,0,0,0,0
11911,397.0,5995,39,60,1277,4718,0,0,4195,543.16,1.417,1.141,0.190,0.056,0.243,-0.967,1.909,1.0211,2.1029,0.625,0.051,0.189,0.164,-0.006,66,23,87,0,259,0,320567.19,35368.798,73276.138,109.815,27318.407,19.220,64168.205,24804.040,6882.033,19059.375,15247.501,6195.879,12667.436,1044.785,0.000376,0.090917,5087,0,24,63,84,24,16063,7,60,109.057,0,0,0,0,0,0,0,0,0,0,0,0,0,0,140577,3047,5080,104004.544,73250.458,27317.373,0.058,109.057,58705.828,23879.980,253.171,343,284,23,24,237,118533,0,0,0,0.000,0.000,0.000,0.000,0.000,0.000,0.000,0.000,0,0,0,0,0,0,0,0,0,0.000,0.000,0.000,0.000,0.000,0.000,0.000,0.000,0,0,0,0,0,0,0,0,0,0.000,0.000,0.000,0.000,0.000,0.000,0.000,0.000,0,0,0,0,0,0,0,0,0,0.000,0.000,0.000,0.000,0.000,0.000,0.000,0.000,0,0,0,0,0,0,0,0,0,0.000,0.000,0.000,0.000,0.000,0.000,0.000,0.000,0,0,0,0,0,0,0,0,0,0,0,0,0,0,0,0,0,0
11941,398.0,6000,38,60,1249,4751,0,0,4165,455.76,1.423,1.141,0.189,0.056,0.239,-0.967,1.912,1.0159,2.0980,0.632,0.040,0.158,0.164,-0.007,70,31,63,0,262,0,307400.34,33400.823,70491.970,51.730,25242.149,18.807,64687.680,24842.642,6799.169,18780.039,15024.031,5171.494,10811.030,1043.338,0.000519,0.092850,4935,0,28,35,63,28,16162,19,35,51.693,0,0,0,0,0,0,0,0,0,0,0,0,0,0,142052,2940,4916,98965.312,70456.146,25240.207,0.037,51.693,59378.377,23936.291,257.353,335,302,31,28,243,123065,0,0,0,0.000,0.000,0.000,0.000,0.000,0.000,0.000,0.000,0,0,0,0,0,0,0,0,0,0.000,0.000,0.000,0.000,0.000,0.000,0.000,0.000,0,0,0,0,0,0,0,0,0,0.000,0.000,0.000,0.000,0.000,0.000,0.000,0.000,0,0,0,0,0,0,0,0,0,0.000,0.000,0.000,0.000,0.000,0.000,0.000,0.000,0,0,0,0,0,0,0,0,0,0.000,0.000,0.000,0.000,0.000,0.000,0.000,0.000,0,0,0,0,0,0,0,0,0,0,0,0,0,0,0,0,0,0
11971,399.0,5997,40,60,1224,4773,0,0,4097,452.46,1.428,1.143,0.189,0.056,0.235,-0.967,1.908,1.0155,2.0952,0.618,0.032,0.128,0.164,-0.007,78,23,74,0,275,0,291904.69,31834.186,67679.972,81.290,24091.784,21.614,64970.250,24843.217,6684.530,18942.361,15153.889,5193.312,8632.103,979.240,0.000498,0.095529,4824,0,26,48,74,26,16584,9,48,81.212,0,0,0,0,0,0,0,0,0,0,0,0,0,0,142800,2814,4815,94897.038,67655.292,24090.115,0.077,81.212,59740.203,23946.811,258.818,334,312,23,26,263,130917,0,0,0,0.000,0.000,0.000,0.000,0.000,0.000,0.000,0.000,0,0,0,0,0,0,0,0,0,0.000,0.000,0.000,0.000,0.000,0.000,0.000,0.000,0,0,0,0,0,0,0,0,0,0.000,0.000,0.000,0.000,0.000,0.000,0.000,0.000,0,0,0,0,0,0,0,0,0,0.000,0.000,0.000,0.000,0.000,0.000,0.000,0.000,0,0,0,0,0,0,0,0,0,0.000,0.000,0.000,0.000,0.000,0.000,0.000,0.000,0,0,0,0,0,0,0,0,0,0,0,0,0,0,0,0,0,0
12001,400.0,5998,37,60,1203,4795,0,0,4000,571.74,1.433,1.144,0.189,0.056,0.232,-0.966,1.909,1.0209,2.0863,0.628,0.020,0.089,0.164,-0.007,73,54,79,1,327,0,272756.06,30287.292,63990.666,69.127,22328.611,18.944,65255.040,24902.303,6519.288,23999.354,19199.483,5153.632,5910.223,955.332,0.000295,0.096663,4691,0,36,43,79,36,16354,9,43,69.066,0,0,0,0,0,0,0,0,0,0,0,0,0,0,143539,2656,4682,89218.330,63962.491,22325.905,0.062,69.066,60090.430,24018.120,256.765,426,404,54,36,314,186862,0,0,0,0.000,0.000,0.000,0.000,0.000,0.000,0.000,0.000,0,0,0,0,0,0,0,0,0,0.000,0.000,0.000,0.000,0.000,0.000,0.000,0.000,0,0,0,0,0,0,0,0,0,0.000,0.000,0.000,0.000,0.000,0.000,0.000,0.000,0,0,0,0,0,0,0,0,0,0.000,0.000,0.000,0.000,0.000,0.000,0.000,0.000,0,0,0,0,0,0,0,0,0,0.000,0.000,0.000,0.000,0.000,0.000,0.000,0.000,0,0,0,0,0,0,0,0,0,0,0,0,0,0,0,0,0,0
12031,401.0,5998,35,60,1184,4814,0,0,3942,497.94,1.438,1.145,0.189,0.056,0.229,-0.967,1.906,1.0250,2.0944,0.635,0.019,0.052,0.165,-0.007,74,52,88,0,335,0,252030.55,29162.822,61804.050,78.937,21197.197,18.184,65457.188,25069.129,6361.656,24588.857,19671.086,4916.630,4055.614,993.356,0.000420,0.099574,4590,0,43,45,86,43,16494,5,43,78.628,0,0,0,0,0,0,0,0,0,0,0,0,0,0,144217,2578,4585,85901.414,61788.052,21196.082,0.073,78.628,60384.307,24185.120,262.601,436,417,52,43,322,200828,0,0,0,0.000,0.000,0.000,0.000,0.000,0.000,0.000,0.000,0,0,0,0,0,0,0,0,0,0.000,0.000,0.000,0.000,0.000,0.000,0.000,0.000,0,0,0,0,0,0,0,0,0,0.000,0.000,0.000,0.000,0.000,0.000,0.000,0.000,0,0,0,0,0,0,0,0,0,0.000,0.000,0.000,0.000,0.000,0.000,0.000,0.000,0,0,0,0,0,0,0,0,0,0.000,0.000,0.000,0.000,0.000,0.000,0.000,0.000,0,0,0,0,0,0,0,0,0,0,0,0,0,0,0,0,0,0
12061,402.0,6000,36,60,1184,4816,0,0,3879,470.64,1.438,1.146,0.189,0.057,0.229,-0.966,1.900,1.0335,2.0963,0.621,0.005,0.006,0.164,-0.007,91,70,84,1,432,0,229014.44,27725.302,59076.355,85.134,19946.161,18.985,65455.739,25305.951,6259.617,30334.686,24267.749,4371.172,1582.713,860.770,0.000359,0.101654,4643,0,41,43,83,41,16612,8,42,85.019,0,0,0,0,0,0,0,0,0,0,0,0,0,0,144483,2461,4635,81672.392,59056.412,19944.921,0.105,85.019,60410.133,24423.836,257.848,535,533,70,41,422,238972,0,0,0,0.000,0.000,0.000,0.000,0.000,0.000,0.000,0.000,0,0,0,0,0,0,0,0,0,0.000,0.000,0.000,0.000,0.000,0.000,0.000,0.000,0,0,0,0,0,0,0,0,0,0.000,0.000,0.000,0.000,0.000,0.000,0.000,0.000,0,0,0,0,0,0,0,0,0,0.000,0.000,0.000,0.000,0.000,0.000,0.000,0.000,0,0,0,0,0,0,0,0,0,0.000,0.000,0.000,0.000,0.000,0.000,0.000,0.000,0,0,0,0,0,0,0,0,0,0,0,0,0,0,0,0,0,0
12091,403.0,5824,38,60,1207,4617,0,0,3813,486.13,1.425,1.147,0.192,0.056,0.238,-0.967,1.900,1.0309,2.0930,0.620,0.000,0.002,0.164,-0.006,86,78,63,1,451,0,207468.38,26687.061,55852.025,43.733,18594.632,18.460,64257.196,24837.829,6138.175,20812.464,16649.972,3808.857,116.534,807.799,0.000332,0.103337,4575,0,34,29,63,34,16713,13,29,43.623,0,0,0,0,0,0,0,0,0,0,0,0,0,0,141742,2324,4562,76887.925,55835.955,18592.494,0.110,43.623,59161.853,23950.584,250.423,353,552,77,34,441,252523,0,0,0,0.000,0.000,0.000,0.000,0.000,0.000,0.000,0.000,0,0,0,0,0,0,0,0,0,0.000,0.000,0.000,0.000,0.000,0.000,0.000,0.000,0,0,0,0,0,0,0,0,0,0.000,0.000,0.000,0.000,0.000,0.000,0.000,0.000,0,0,0,0,0,0,0,0,0,0.000,0.000,0.000,0.000,0.000,0.000,0.000,0.000,0,0,0,0,0,0,0,0,0,0.000,0.000,0.000,0.000,0.000,0.000,0.000,0.000,0,0,0,0,0,0,0,0,0,0,0,0,0,0,0,0,0,0
12121,404.0,5474,29,60,1190,4284,0,0,3570,451.08,1.413,1.146,0.194,0.055,0.248,-0.966,1.901,1.0369,2.0935,0.629,0.000,0.003,0.163,-0.006,54,100,64,0,515,0,188582.92,25970.712,52635.927,55.755,17798.185,17.241,60903.665,23435.014,5875.178,16808.976,13447.181,3223.586,43.640,704.976,0.000284,0.103865,4487,0,25,39,64,25,15980,8,39,55.672,0,0,0,0,0,0,0,0,0,0,0,0,0,0,133797,2194,4479,72801.211,52623.646,17796.479,0.083,55.672,55796.446,22558.078,241.708,292,625,100,25,500,280924,0,0,0,0.000,0.000,0.000,0.000,0.000,0.000,0.000,0.000,0,0,0,0,0,0,0,0,0,0.000,0.000,0.000,0.000,0.000,0.000,0.000,0.000,0,0,0,0,0,0,0,0,0,0.000,0.000,0.000,0.000,0.000,0.000,0.000,0.000,0,0,0,0,0,0,0,0,0,0.000,0.000,0.000,0.000,0.000,0.000,0.000,0.000,0,0,0,0,0,0,0,0,0,0.000,0.000,0.000,0.000,0.000,0.000,0.000,0.000,0,0,0,0,0,0,0,0,0,0,0,0,0,0,0,0,0,0
12151,405.0,5057,41,59,1174,3883,0,0,3303,459.10,1.394,1.146,0.198,0.055,0.261,-0.966,1.902,1.0434,2.0623,0.620,0.000,0.002,0.162,-0.006,70,90,79,1,523,0,172134.31,25187.008,48474.654,54.989,15600.577,16.309,56235.866,21392.906,5488.869,13874.164,11099.332,3491.557,53.979,727.246,0.000343,0.105130,3944,0,43,36,79,43,15357,10,36,54.868,0,0,0,0,0,0,0,0,0,0,0,0,0,0,122828,2017,3934,66288.741,48454.332,15599.038,0.121,54.868,51188.381,20537.441,228.952,236,637,90,43,504,265126,0,0,0,0.000,0.000,0.000,0.000,0.000,0.000,0.000,0.000,0,0,0,0,0,0,0,0,0,0.000,0.000,0.000,0.000,0.000,0.000,0.000,0.000,0,0,0,0,0,0,0,0,0,0.000,0.000,0.000,0.000,0.000,0.000,0.000,0.000,0,0,0,0,0,0,0,0,0,0.000,0.000,0.000,0.000,0.000,0.000,0.000,0.000,0,0,0,0,0,0,0,0,0,0.000,0.000,0.000,0.000,0.000,0.000,0.000,0.000,0,0,0,0,0,0,0,0,0,0,0,0,0,0,0,0,0,0
12181,406.0,4728,45,59,1184,3544,0,0,3033,506.23,1.370,1.145,0.202,0.055,0.278,-0.966,1.905,1.0326,2.0840,0.629,0.000,0.003,0.161,-0.006,57,93,59,1,474,0,160509.72,23971.323,46605.439,53.792,14515.681,16.789,51412.412,19359.631,5024.185,14500.489,11600.392,2863.875,55.719,639.236,0.000208,0.106141,3505,0,30,29,59,30,14942,9,29,53.726,0,0,0,0,0,0,0,0,0,0,0,0,0,0,111134,1939,3496,63252.515,46587.469,14514.769,0.066,53.726,46361.766,18516.939,207.075,239,578,93,30,455,240145,0,0,0,0.000,0.000,0.000,0.000,0.000,0.000,0.000,0.000,0,0,0,0,0,0,0,0,0,0.000,0.000,0.000,0.000,0.000,0.000,0.000,0.000,0,0,0,0,0,0,0,0,0,0.000,0.000,0.000,0.000,0.000,0.000,0.000,0.000,0,0,0,0,0,0,0,0,0,0.000,0.000,0.000,0.000,0.000,0.000,0.000,0.000,0,0,0,0,0,0,0,0,0,0.000,0.000,0.000,0.000,0.000,0.000,0.000,0.000,0,0,0,0,0,0,0,0,0,0,0,0,0,0,0,0,0,0
12211,407.0,4442,40,59,1168,3274,0,0,2809,487.49,1.353,1.144,0.206,0.056,0.289,-0.966,1.905,1.0441,2.0687,0.638,0.000,0.002,0.160,-0.007,63,80,57,0,427,0,150721.42,23008.740,43427.663,77.831,14615.333,14.239,47710.814,17887.391,4639.609,13721.449,10977.159,2726.958,28.388,565.072,0.000397,0.107491,3386,0,13,44,57,13,14465,5,44,77.785,0,0,0,0,0,0,0,0,0,0,0,0,0,0,102403,1802,3381,60007.865,43397.346,14614.874,0.045,77.785,42686.192,17065.849,191.447,231,501,80,13,408,216502,0,0,0,0.000,0.000,0.000,0.000,0.000,0.000,0.000,0.000,0,0,0,0,0,0,0,0,0,0.000,0.000,0.000,0.000,0.000,0.000,0.000,0.000,0,0,0,0,0,0,0,0,0,0.000,0.000,0.000,0.000,0.000,0.000,0.000,0.000,0,0,0,0,0,0,0,0,0,0.000,0.000,0.000,0.000,0.000,0.000,0.000,0.000,0,0,0,0,0,0,0,0,0,0.000,0.000,0.000,0.000,0.000,0.000,0.000,0.000,0,0,0,0,0,0,0,0,0,0,0,0,0,0,0,0,0,0
12241,408.0,4199,49,59,1174,3024,0,1,2555,433.19,1.331,1.143,0.211,0.057,0.305,-0.965,1.907,1.0413,2.0674,0.636,0.001,0.004,0.159,-0.007,75,96,52,0,375,0,141307.94,22017.610,39508.378,64.043,12904.772,13.742,44357.587,16634.210,4219.820,13681.578,10945.262,2402.850,125.004,527.738,0.000224,0.106459,2975,0,17,35,51,17,13968,5,34,63.979,0,0,0,0,0,0,0,12,0,0,0,0,0,0,94573,1640,2970,54219.718,39483.164,12903.916,0.038,63.979,39360.382,15831.566,173.506,227,477,96,17,364,198491,0,0,0,0.000,0.000,0.000,0.000,0.000,0.000,0.000,0.000,0,0,0,0,0,0,0,0,0,0.000,0.000,0.000,0.000,0.000,0.000,0.000,0.000,0,0,0,0,0,0,27,0,0,0.000,0.000,0.000,0.000,0.000,2.365,1.292,0.000,0,0,0,0,0,0,0,0,0,0.000,0.000,0.000,0.000,0.000,0.000,0.000,0.000,0,0,0,0,0,0,0,0,0,0.000,0.000,0.000,0.000,0.000,0.000,0.000,0.000,0,0,0,0,0,0,0,1,0,0,0,0,0,0,0,0,0,0
12271,409.0,3961,60,59,1175,2785,0,1,2330,512.67,1.309,1.142,0.214,0.058,0.321,-0.965,1.909,1.0464,2.0748,0.630,0.003,0.004,0.158,-0.007,75,92,59,0,300,0,133417.25,20920.937,36350.519,71.360,11735.630,16.004,41248.075,15237.626,3831.133,10017.671,8014.137,2282.954,132.336,497.839,0.000233,0.108139,2720,0,21,38,59,21,13436,11,38,71.317,0,0,0,0,0,0,0,9,0,0,0,0,0,0,86988,1510,2709,49726.817,36329.572,11733.949,0.042,71.317,36219.227,14444.609,158.948,159,398,92,21,285,176254,0,0,0,0.000,0.000,0.000,0.000,0.000,0.000,0.000,0.000,0,0,0,0,0,0,0,0,0,0.000,0.000,0.000,0.000,0.000,0.000,0.000,0.000,0,0,0,0,0,0,30,0,0,0.000,0.000,0.000,0.000,0.000,2.626,1.504,0.000,0,0,0,0,0,0,0,0,0,0.000,0.000,0.000,0.000,0.000,0.000,0.000,0.000,0,0,0,0,0,0,0,0,0,0.000,0.000,0.000,0.000,0.000,0.000,0.000,0.000,0,0,0,0,0,0,0,0,0,0,0,0,0,0,0,0,0,0
12301,410.0,3811,43,62,1195,2615,0,1,2096,510.42,1.286,1.141,0.219,0.061,0.336,-0.966,1.912,1.0529,2.0653,0.643,0.003,0.006,0.157,-0.007,74,76,52,1,277,0,126781.20,20191.227,34749.289,43.505,11143.774,16.981,38679.425,14242.017,3462.214,12115.295,9692.236,2179.859,137.045,496.455,0.000244,0.107798,2517,0,26,26,52,26,12751,4,26,43.457,0,0,0,0,0,0,0,20,0,0,0,0,0,0,80924,1441,2513,47436.485,34729.789,11143.337,0.048,43.457,33624.592,13457.027,141.770,192,362,76,26,260,148869,0,0,0,0.000,0.000,0.000,0.000,0.000,0.000,0.000,0.000,0,0,0,0,0,0,0,0,0,0.000,0.000,0.000,0.000,0.000,0.000,0.000,0.000,0,0,0,0,0,0,30,0,0,0.000,0.000,0.000,0.000,0.000,2.628,1.441,0.000,0,0,0,0,0,0,0,0,0,0.000,0.000,0.000,0.000,0.000,0.000,0.000,0.000,0,0,0,0,0,0,0,0,0,0.000,0.000,0.000,0.000,0.000,0.000,0.000,0.000,0,0,0,0,0,0,0,0,0,0,0,0,0,0,0,0,0,0
12331,411.0,3620,61,62,1209,2410,0,1,1913,466.43,1.259,1.138,0.224,0.060,0.354,-0.966,1.914,1.0547,2.0659,0.634,0.002,0.005,0.155,-0.008,50,101,49,2,257,0,120011.38,19497.123,31366.437,46.832,10840.105,11.878,36375.490,13388.179,3140.390,10313.248,8250.599,2131.661,111.988,469.856,0.000284,0.106561,2346,0,24,25,49,24,12250,8,25,46.780,0,0,0,0,0,0,0,18,0,0,0,0,0,0,75418,1304,2338,43656.125,31340.085,10839.055,0.052,46.780,31263.759,12610.283,125.926,165,370,101,24,245,155613,0,0,0,0.000,0.000,0.000,0.000,0.000,0.000,0.000,0.000,0,0,0,0,0,0,0,0,0,0.000,0.000,0.000,0.000,0.000,0.000,0.000,0.000,0,0,0,0,0,0,30,0,0,0.000,0.000,0.000,0.000,0.000,2.645,1.384,0.000,0,0,0,0,0,0,0,0,0,0.000,0.000,0.000,0.000,0.000,0.000,0.000,0.000,0,0,0,0,0,0,0,0,0,0.000,0.000,0.000,0.000,0.000,0.000,0.000,0.000,0,0,0,0,0,0,0,0,0,0,0,0,0,0,0,0,0,0
12361,412.0,3466,42,62,1222,2244,0,0,1746,520.53,1.234,1.137,0.229,0.059,0.371,-0.966,1.914,1.0452,2.0489,0.631,0.002,0.004,0.154,-0.008,50,89,44,0,219,0,112354.53,18649.191,27389.452,52.012,10579.423,13.585,34071.029,12372.262,2862.823,9285.128,7428.102,2040.795,113.937,429.635,0.000227,0.105805,2313,0,17,27,44,17,11984,12,27,51.944,0,0,0,0,0,0,0,4,0,0,0,0,0,0,69846,1137,2301,39218.128,27368.263,10578.147,0.068,51.944,28915.044,11614.520,108.458,146,312,89,17,206,127724,0,0,0,0.000,0.000,0.000,0.000,0.000,0.000,0.000,0.000,0,0,0,0,0,0,0,0,0,0.000,0.000,0.000,0.000,0.000,0.000,0.000,0.000,0,0,0,0,0,0,7,0,0,0.000,0.000,0.000,0.000,0.000,0.615,0.289,0.000,0,1,0,0,1,124,0,0,0,0.000,0.000,0.000,0.000,0.000,0.000,0.000,0.000,0,0,0,0,0,0,0,0,0,0.000,0.000,0.000,0.000,0.000,0.000,0.000,0.000,0,0,0,0,0,0,0,0,0,0,0,0,0,0,0,0,0,0
12391,413.0,3338,58,62,1249,2089,0,0,1648,453.83,1.205,1.136,0.233,0.059,0.391,-0.966,1.915,1.0692,2.0664,0.637,0.002,0.006,0.153,-0.009,49,94,24,1,186,0,106502.08,18288.987,25414.015,18.523,9730.670,9.810,32059.957,11596.945,2669.314,8102.800,6482.240,1194.503,64.221,368.474,0.000216,0.104405,2188,0,12,12,24,12,11694,2,12,18.490,0,0,0,0,0,0,0,0,0,0,0,0,0,0,64999,1054,2186,36350.254,25393.208,9730.434,0.033,18.490,26850.649,10835.008,98.856,124,279,94,12,173,112920,0,0,0,0.000,0.000,0.000,0.000,0.000,0.000,0.000,0.000,0,0,0,0,0,0,0,0,0,0.000,0.000,0.000,0.000,0.000,0.000,0.000,0.000,0,0,0,0,0,0,0,0,0,0.000,0.000,0.000,0.000,0.000,0.000,0.000,0.000,0,0,0,0,0,0,0,0,0,0.000,0.000,0.000,0.000,0.000,0.000,0.000,0.000,0,0,0,0,0,0,0,0,0,0.000,0.000,0.000,0.000,0.000,0.000,0.000,0.000,0,0,0,0,0,0,0,0,0,0,0,0,0,0,0,0,0,0
12421,414.0,3183,64,62,1255,1928,0,0,1520,416.61,1.179,1.135,0.238,0.061,0.410,-0.966,1.917,1.0628,2.0622,0.644,0.000,0.005,0.152,-0.010,56,93,36,0,174,0,101109.11,17830.812,23188.010,37.640,8904.859,14.112,30100.937,10629.445,2478.501,6826.008,5460.807,1420.711,92.921,361.717,0.000247,0.103342,1965,0,12,24,36,12,11212,9,24,37.587,0,0,0,0,0,0,0,0,0,0,0,0,0,0,60083,963,1956,33157.488,23164.270,8903.300,0.053,37.587,24844.166,9877.450,87.114,103,264,93,12,159,104054,0,0,0,0.000,0.000,0.000,0.000,0.000,0.000,0.000,0.000,0,0,0,0,0,0,0,0,0,0.000,0.000,0.000,0.000,0.000,0.000,0.000,0.000,0,0,0,0,0,0,0,0,0,0.000,0.000,0.000,0.000,0.000,0.000,0.000,0.000,0,0,0,0,0,0,0,0,0,0.000,0.000,0.000,0.000,0.000,0.000,0.000,0.000,0,0,0,0,0,0,0,0,0,0.000,0.000,0.000,0.000,0.000,0.000,0.000,0.000,0,0,0,0,0,0,0,0,0,0,0,0,0,0,0,0,0,0
12451,415.0,3067,71,59,1290,1777,0,0,1418,428.77,1.142,1.134,0.244,0.062,0.434,-0.967,1.919,1.0450,2.0702,0.641,0.002,0.003,0.150,-0.010,43,103,26,2,163,0,96481.02,17621.563,21467.402,35.320,8355.092,9.644,28365.781,9887.624,2322.050,7876.555,6301.244,1247.706,13.147,340.748,0.000241,0.102057,1833,0,10,16,26,10,10769,1,16,35.233,0,0,0,0,0,0,0,0,0,0,0,0,0,0,55695,896,1832,30865.298,21450.984,8354.951,0.086,35.233,23028.448,9137.067,78.181,115,266,103,10,153,110040,0,0,0,0.000,0.000,0.000,0.000,0.000,0.000,0.000,0.000,0,0,0,0,0,0,0,0,0,0.000,0.000,0.000,0.000,0.000,0.000,0.000,0.000,0,0,0,0,0,0,0,0,0,0.000,0.000,0.000,0.000,0.000,0.000,0.000,0.000,0,0,0,0,0,0,0,0,0,0.000,0.000,0.000,0.000,0.000,0.000,0.000,0.000,0,0,0,0,0,0,0,0,0,0.000,0.000,0.000,0.000,0.000,0.000,0.000,0.000,0,0,0,0,0,0,0,0,0,0,0,0,0,0,0,0,0,0
12481,416.0,2947,69,59,1310,1637,0,0,1312,460.17,1.112,1.132,0.249,0.062,0.455,-0.966,1.916,1.0763,2.0551,0.661,0.002,0.005,0.149,-0.011,43,106,38,1,138,0,92913.86,17446.620,20505.671,72.351,7785.216,11.269,26619.674,9194.548,2132.588,7150.949,5720.759,1880.861,46.502,287.438,0.000281,0.101051,1659,0,7,31,38,7,10476,4,31,72.314,0,0,0,0,0,0,0,0,0,0,0,0,0,0,51306,853,1655,29191.787,20486.031,7784.978,0.037,72.314,21166.415,8437.942,67.719,102,242,106,7,129,97677,0,0,0,0.000,0.000,0.000,0.000,0.000,0.000,0.000,0.000,0,0,0,0,0,0,0,0,0,0.000,0.000,0.000,0.000,0.000,0.000,0.000,0.000,0,0,0,0,0,0,0,0,0,0.000,0.000,0.000,0.000,0.000,0.000,0.000,0.000,0,0,0,0,0,0,0,0,0,0.000,0.000,0.000,0.000,0.000,0.000,0.000,0.000,0,0,0,0,0,0,0,0,0,0.000,0.000,0.000,0.000,0.000,0.000,0.000,0.000,0,0,0,0,0,0,0,0,0,0,0,0,0,0,0,0,0,0
12511,417.0,2882,64,59,1335,1547,0,0,1221,461.46,1.086,1.130,0.254,0.061,0.472,-0.967,1.917,1.0676,2.0699,0.644,0.001,0.005,0.148,-0.011,34,78,12,0,125,0,89820.80,17240.715,17884.285,14.328,8242.381,8.822,25238.399,8625.918,2017.199,6721.706,5377.365,655.694,39.285,311.559,0.000215,0.101993,1694,0,5,7,12,5,10455,14,7,14.302,0,0,0,0,0,0,0,0,0,0,0,0,0,0,47801,744,1680,27000.489,17861.542,8240.552,0.026,14.302,19696.590,7863.955,59.441,100,190,78,5,107,73659,0,0,0,0.000,0.000,0.000,0.000,0.000,0.000,0.000,0.000,0,0,0,0,0,0,0,0,0,0.000,0.000,0.000,0.000,0.000,0.000,0.000,0.000,0,0,0,0,0,0,0,0,0,0.000,0.000,0.000,0.000,0.000,0.000,0.000,0.000,0,0,0,0,0,0,0,0,0,0.000,0.000,0.000,0.000,0.000,0.000,0.000,0.000,0,0,0,0,0,0,0,0,0,0.000,0.000,0.000,0.000,0.000,0.000,0.000,0.000,0,0,0,0,0,0,0,0,0,0,0,0,0,0,0,0,0,0
12541,418.0,2823,64,59,1353,1470,0,0,1161,473.52,1.064,1.130,0.258,0.061,0.487,-0.967,1.915,1.0684,2.0652,0.648,0.001,0.005,0.146,-0.011,43,80,31,1,108,0,87152.98,16917.530,17676.681,56.278,7680.795,8.809,24217.335,8326.412,1890.127,6990.572,5592.458,1178.224,51.707,256.379,0.000183,0.101337,1582,0,1,30,28,1,10371,4,27,55.577,0,0,0,0,0,0,0,0,0,0,0,0,0,0,45214,733,1578,26192.267,17650.289,7679.838,0.002,55.577,18623.577,7555.553,58.996,98,175,78,1,96,72116,0,0,0,0.000,0.000,0.000,0.000,0.000,0.000,0.000,0.000,0,0,0,0,0,0,0,0,0,0.000,0.000,0.000,0.000,0.000,0.000,0.000,0.000,0,0,0,0,0,0,0,0,0,0.000,0.000,0.000,0.000,0.000,0.000,0.000,0.000,0,0,0,0,0,0,0,0,0,0.000,0.000,0.000,0.000,0.000,0.000,0.000,0.000,0,0,0,0,0,0,0,0,0,0.000,0.000,0.000,0.000,0.000,0.000,0.000,0.000,0,0,0,0,0,0,0,0,0,0,0,0,0,0,0,0,0,0
12571,419.0,2784,64,59,1390,1394,0,0,1115,553.97,1.036,1.131,0.263,0.062,0.506,-0.967,1.915,1.0691,2.0696,0.635,0.001,0.005,0.145,-0.011,37,76,23,3,84,0,84373.67,17006.204,16070.190,35.908,7683.612,8.855,23426.389,8048.071,1818.028,6150.644,4920.515,1025.574,33.084,310.343,0.000168,0.102975,1573,0,6,17,23,6,10185,7,17,35.860,0,0,0,0,0,0,0,0,0,0,0,0,0,0,43171,670,1566,24573.861,16046.074,7680.930,0.048,35.860,17761.832,7264.117,56.576,83,159,76,6,77,70165,0,0,0,0.000,0.000,0.000,0.000,0.000,0.000,0.000,0.000,0,0,0,0,0,0,0,0,0,0.000,0.000,0.000,0.000,0.000,0.000,0.000,0.000,0,0,0,0,0,0,0,0,0,0.000,0.000,0.000,0.000,0.000,0.000,0.000,0.000,0,0,0,0,0,0,0,0,0,0.000,0.000,0.000,0.000,0.000,0.000,0.000,0.000,0,0,0,0,0,0,0,0,0,0.000,0.000,0.000,0.000,0.000,0.000,0.000,0.000,0,0,0,0,0,0,0,0,0,0,0,0,0,0,0,0,0,0
12601,420.0,2726,60,56,1411,1315,0,0,1075,487.17,1.012,1.131,0.269,0.063,0.523,-0.967,1.917,1.0852,2.0833,0.652,0.001,0.007,0.144,-0.011,35,79,24,0,87,0,83025.77,17270.181,15532.618,40.780,8306.546,8.527,22462.315,7592.546,1761.377,5650.089,4520.071,820.380,153.227,271.618,0.000190,0.101720,1617,0,1,23,24,1,10167,4,23,40.779,0,0,0,0,0,0,0,0,0,0,0,0,0,0,40626,645,1613,24605.258,15511.604,8305.821,0.001,40.779,16696.754,6794.062,50.590,78,157,78,1,78,59976,0,0,0,0.000,0.000,0.000,0.000,0.000,0.000,0.000,0.000,0,0,0,0,0,0,0,0,0,0.000,0.000,0.000,0.000,0.000,0.000,0.000,0.000,0,0,0,0,0,0,0,0,0,0.000,0.000,0.000,0.000,0.000,0.000,0.000,0.000,0,0,0,0,0,0,0,0,0,0.000,0.000,0.000,0.000,0.000,0.000,0.000,0.000,0,0,0,0,0,0,0,0,0,0.000,0.000,0.000,0.000,0.000,0.000,0.000,0.000,0,0,0,0,0,0,0,0,0,0,0,0,0,0,0,0,0,0
12631,421.0,2678,62,56,1422,1256,0,0,1021,587.73,0.994,1.131,0.272,0.064,0.535,-0.967,1.918,1.0806,2.0404,0.649,0.001,0.006,0.143,-0.012,41,59,38,2,80,0,83078.71,17454.807,15865.634,49.432,7280.161,8.134,21819.984,7302.780,1702.453,5503.453,4402.763,1024.059,81.520,285.444,0.000348,0.100281,1478,0,8,30,38,8,10294,26,30,49.397,0,0,0,0,0,0,0,0,0,0,0,0,0,0,38862,658,1452,23893.209,15832.347,7277.121,0.035,49.397,15993.909,6498.036,49.871,72,131,58,8,65,54926,0,0,0,0.000,0.000,0.000,0.000,0.000,0.000,0.000,0.000,0,0,0,0,0,0,0,0,0,0.000,0.000,0.000,0.000,0.000,0.000,0.000,0.000,0,0,0,0,0,0,0,0,0,0.000,0.000,0.000,0.000,0.000,0.000,0.000,0.000,0,0,0,0,0,0,0,0,0,0.000,0.000,0.000,0.000,0.000,0.000,0.000,0.000,0,0,0,0,0,0,0,0,0,0.000,0.000,0.000,0.000,0.000,0.000,0.000,0.000,0,0,0,0,0,0,0,0,0,0,0,0,0,0,0,0,0,0
12661,422.0,2700,69,56,1469,1231,0,0,994,525.54,0.977,1.130,0.276,0.065,0.547,-0.968,1.916,1.0708,2.0695,0.649,0.001,0.008,0.142,-0.012,40,50,30,2,82,0,84036.83,18093.433,15749.750,55.195,6722.919,8.412,21293.041,7082.526,1617.369,7727.789,6182.232,1058.535,114.716,228.513,0.000159,0.099169,1313,0,4,26,30,4,10370,5,26,55.183,0,0,0,0,0,0,0,0,0,0,0,0,0,0,37305,653,1308,23173.054,15730.118,6722.101,0.011,55.183,15380.368,6259.436,48.708,99,124,50,4,70,51248,0,0,0,0.000,0.000,0.000,0.000,0.000,0.000,0.000,0.000,0,0,0,0,0,0,0,0,0,0.000,0.000,0.000,0.000,0.000,0.000,0.000,0.000,0,0,0,0,0,0,0,0,0,0.000,0.000,0.000,0.000,0.000,0.000,0.000,0.000,0,0,0,0,0,0,0,0,0,0.000,0.000,0.000,0.000,0.000,0.000,0.000,0.000,0,0,0,0,0,0,0,0,0,0.000,0.000,0.000,0.000,0.000,0.000,0.000,0.000,0,0,0,0,0,0,0,0,0,0,0,0,0,0,0,0,0,0
12691,423.0,2729,85,56,1530,1199,0,0,960,482.11,0.954,1.131,0.279,0.065,0.563,-0.968,1.914,1.0736,2.0822,0.639,0.001,0.008,0.141,-0.013,39,69,24,1,87,0,86677.23,18900.979,16897.686,41.665,7539.280,8.551,21117.948,6996.424,1588.879,8659.238,6927.390,1338.979,140.754,285.096,0.000206,0.099292,1379,0,7,17,24,7,9876,11,17,41.600,0,0,0,0,0,0,0,0,0,0,0,0,0,0,36492,699,1368,25152.530,16867.003,7537.090,0.065,41.600,15025.292,6149.235,48.576,112,144,66,7,71,58284,0,0,0,0.000,0.000,0.000,0.000,0.000,0.000,0.000,0.000,0,0,0,0,0,0,0,0,0,0.000,0.000,0.000,0.000,0.000,0.000,0.000,0.000,0,0,0,0,0,0,0,0,0,0.000,0.000,0.000,0.000,0.000,0.000,0.000,0.000,0,0,0,0,0,0,0,0,0,0.000,0.000,0.000,0.000,0.000,0.000,0.000,0.000,0,0,0,0,0,0,0,0,0,0.000,0.000,0.000,0.000,0.000,0.000,0.000,0.000,0,0,0,0,0,0,0,0,0,0,0,0,0,0,0,0,0,0
12721,424.0,2835,80,56,1593,1242,0,0,985,499.82,0.952,1.132,0.279,0.064,0.564,-0.967,1.912,1.0768,2.0646,0.642,0.003,0.005,0.141,-0.012,38,44,25,1,54,0,91605.55,20186.461,18027.004,35.824,7948.136,8.766,21324.524,7020.467,1567.606,9862.595,7890.077,1027.477,111.685,296.692,0.000272,0.099106,1419,0,6,19,24,6,10505,16,18,35.711,0,0,0,0,0,0,0,0,0,0,0,0,0,0,36444,745,1403,26751.593,17998.450,7945.671,0.039,35.711,15022.178,6142.414,47.254,133,90,43,6,41,32357,0,0,0,0.000,0.000,0.000,0.000,0.000,0.000,0.000,0.000,0,0,0,0,0,0,0,0,0,0.000,0.000,0.000,0.000,0.000,0.000,0.000,0.000,0,0,0,0,0,0,0,0,0,0.000,0.000,0.000,0.000,0.000,0.000,0.000,0.000,0,0,0,0,0,0,0,0,0,0.000,0.000,0.000,0.000,0.000,0.000,0.000,0.000,0,0,0,0,0,0,0,0,0,0.000,0.000,0.000,0.000,0.000,0.000,0.000,0.000,0,0,0,0,0,0,0,0,0,0,0,0,0,0,0,0,0,0
12751,425.0,2961,96,53,1689,1272,0,0,1004,472.05,0.942,1.134,0.282,0.063,0.572,-0.968,1.912,1.0966,2.1177,0.629,0.004,0.005,0.141,-0.013,47,41,32,1,52,0,96826.80,21358.174,18641.840,42.231,8892.618,9.380,22183.430,7326.426,1601.680,10215.450,8172.360,1204.913,119.319,342.130,0.000202,0.099856,1600,0,9,23,31,9,11126,10,22,41.979,0,0,0,0,0,0,0,0,0,0,0,0,0,0,37751,775,1590,28400.014,18604.993,8890.910,0.052,41.979,15604.221,6398.428,50.810,125,95,41,9,45,30068,0,0,0,0.000,0.000,0.000,0.000,0.000,0.000,0.000,0.000,0,0,0,0,0,0,0,0,0,0.000,0.000,0.000,0.000,0.000,0.000,0.000,0.000,0,0,0,0,0,0,0,0,0,0.000,0.000,0.000,0.000,0.000,0.000,0.000,0.000,0,0,0,0,0,0,0,0,0,0.000,0.000,0.000,0.000,0.000,0.000,0.000,0.000,0,0,0,0,0,0,0,0,0,0.000,0.000,0.000,0.000,0.000,0.000,0.000,0.000,0,0,0,0,0,0,0,0,0,0,0,0,0,0,0,0,0,0
12781,426.0,3125,99,53,1787,1338,0,0,1057,486.55,0.939,1.135,0.283,0.063,0.573,-0.968,1.907,1.0898,2.0842,0.613,0.001,0.008,0.141,-0.013,47,37,38,0,48,0,102790.95,23338.240,19160.379,54.672,10148.896,9.257,23117.653,7675.290,1658.734,11835.541,9468.433,1293.370,94.948,382.038,0.000184,0.100635,1819,0,9,29,38,9,11764,11,29,54.586,0,0,0,0,0,0,0,0,0,0,0,0,0,0,39132,801,1808,30192.311,19112.884,10147.031,0.085,54.586,16185.726,6682.237,56.583,151,85,36,9,40,32022,0,0,0,0.000,0.000,0.000,0.000,0.000,0.000,0.000,0.000,0,0,0,0,0,0,0,0,0,0.000,0.000,0.000,0.000,0.000,0.000,0.000,0.000,0,0,0,0,0,0,0,0,0,0.000,0.000,0.000,0.000,0.000,0.000,0.000,0.000,0,0,0,0,0,0,0,0,0,0.000,0.000,0.000,0.000,0.000,0.000,0.000,0.000,0,0,0,0,0,0,0,0,0,0.000,0.000,0.000,0.000,0.000,0.000,0.000,0.000,0,0,0,0,0,0,0,0,0,0,0,0,0,0,0,0,0,0
12811,427.0,3324,117,53,1881,1443,0,0,1119,500.24,0.948,1.137,0.281,0.063,0.568,-0.968,1.905,1.0945,2.1208,0.611,0.001,0.008,0.142,-0.013,48,36,38,2,61,0,110358.12,25072.779,21974.302,60.970,11404.471,9.949,24443.760,8154.721,1743.504,14461.552,11569.242,1602.785,280.167,423.637,0.000183,0.101031,2020,0,10,28,38,10,12411,13,28,60.854,0,0,0,0,0,0,0,0,0,0,0,0,0,0,41574,912,2007,34401.365,21935.100,11402.618,0.115,60.854,17206.729,7102.623,63.729,198,93,36,10,47,33035,0,0,0,0.000,0.000,0.000,0.000,0.000,0.000,0.000,0.000,0,0,0,0,0,0,0,0,0,0.000,0.000,0.000,0.000,0.000,0.000,0.000,0.000,0,0,0,0,0,0,0,0,0,0.000,0.000,0.000,0.000,0.000,0.000,0.000,0.000,0,0,0,0,0,0,0,0,0,0.000,0.000,0.000,0.000,0.000,0.000,0.000,0.000,0,0,0,0,0,0,0,0,0,0.000,0.000,0.000,0.000,0.000,0.000,0.000,0.000,0,0,0,0,0,0,0,0,0,0,0,0,0,0,0,0,0,0
12841,428.0,3578,100,53,1997,1581,0,0,1241,480.08,0.958,1.141,0.280,0.062,0.560,-0.968,1.905,1.0935,2.1317,0.597,0.001,0.008,0.142,-0.013,49,37,33,0,42,0,121795.03,27343.590,26293.022,47.165,13531.452,9.524,26217.660,8889.484,1912.953,15658.338,12526.671,1423.090,156.465,515.554,0.000201,0.101949,2361,0,11,22,32,11,13122,19,21,46.908,0,0,0,0,0,0,0,0,0,0,0,0,0,0,44895,1092,2342,41047.946,26248.325,13527.866,0.065,46.908,18599.891,7763.979,72.924,215,77,37,11,29,27990,0,0,0,0.000,0.000,0.000,0.000,0.000,0.000,0.000,0.000,0,0,0,0,0,0,0,0,0,0.000,0.000,0.000,0.000,0.000,0.000,0.000,0.000,0,0,0,0,0,0,0,0,0,0.000,0.000,0.000,0.000,0.000,0.000,0.000,0.000,0,0,0,0,0,0,0,0,0,0.000,0.000,0.000,0.000,0.000,0.000,0.000,0.000,0,0,0,0,0,0,0,0,0,0.000,0.000,0.000,0.000,0.000,0.000,0.000,0.000,0,0,0,0,0,0,0,0,0,0,0,0,0,0,0,0,0,0
12871,429.0,3854,93,53,2107,1747,0,0,1368,526.11,0.974,1.145,0.279,0.062,0.550,-0.969,1.900,1.0971,2.1302,0.583,0.002,0.007,0.143,-0.014,47,33,63,1,55,0,131339.97,29447.727,27289.152,92.699,14320.180,9.274,28591.667,9670.004,2113.894,18607.142,14885.714,2367.163,188.377,632.108,0.000192,0.102477,2627,0,20,43,62,20,13866,34,42,92.314,0,0,0,0,0,0,0,0,0,0,0,0,0,0,49848,1131,2593,42848.070,27250.947,14310.434,0.090,92.314,20614.344,8470.698,86.269,260,94,33,20,41,31185,0,0,0,0.000,0.000,0.000,0.000,0.000,0.000,0.000,0.000,0,0,0,0,0,0,0,0,0,0.000,0.000,0.000,0.000,0.000,0.000,0.000,0.000,0,0,0,0,0,0,0,0,0,0.000,0.000,0.000,0.000,0.000,0.000,0.000,0.000,0,0,0,0,0,0,0,0,0,0.000,0.000,0.000,0.000,0.000,0.000,0.000,0.000,0,0,0,0,0,0,0,0,0,0.000,0.000,0.000,0.000,0.000,0.000,0.000,0.000,0,0,0,0,0,0,0,0,0,0,0,0,0,0,0,0,0,0
12901,430.0,4099,113,54,2176,1923,0,0,1542,457.14,0.996,1.147,0.276,0.061,0.536,-0.969,1.897,1.1061,2.1299,0.584,0.002,0.009,0.145,-0.013,42,26,95,0,58,0,141114.95,31780.613,29813.178,155.521,17948.687,9.201,30949.918,10669.586,2353.506,18838.609,15070.888,3004.919,519.103,709.568,0.000382,0.100676,3286,0,23,72,93,23,14504,17,70,155.080,0,0,0,0,0,0,0,0,0,0,0,0,0,0,54825,1234,3269,49201.607,29773.360,17944.114,0.153,155.080,22650.803,9410.737,99.068,270,94,26,23,45,30340,0,0,0,0.000,0.000,0.000,0.000,0.000,0.000,0.000,0.000,0,0,0,0,0,0,0,0,0,0.000,0.000,0.000,0.000,0.000,0.000,0.000,0.000,0,0,0,0,0,0,0,0,0,0.000,0.000,0.000,0.000,0.000,0.000,0.000,0.000,0,0,0,0,0,0,0,0,0,0.000,0.000,0.000,0.000,0.000,0.000,0.000,0.000,0,0,0,0,0,0,0,0,0,0.000,0.000,0.000,0.000,0.000,0.000,0.000,0.000,0,0,0,0,0,0,0,0,0,0,0,0,0,0,0,0,0,0
12931,431.0,4457,98,54,2297,2159,0,1,1730,364.20,1.017,1.144,0.271,0.060,0.522,-0.969,1.892,1.0898,2.1345,0.574,0.001,0.009,0.146,-0.013,34,39,83,0,66,0,151932.03,34498.569,33633.885,141.259,19316.952,7.406,33860.704,11854.082,2662.656,24097.520,19278.016,3242.229,246.890,770.563,0.000208,0.098851,3817,0,19,64,82,19,15125,41,63,140.917,0,0,0,0,0,0,0,0,0,0,0,0,0,0,61164,1398,3776,54533.707,33578.889,19308.458,0.118,140.917,25241.864,10530.932,112.660,344,108,39,19,50,36578,0,0,0,0.000,0.000,0.000,0.000,0.000,0.000,0.000,0.000,0,0,0,0,0,0,0,0,0,0.000,0.000,0.000,0.000,0.000,0.000,0.000,0.000,0,0,0,0,0,0,8,0,0,0.000,0.000,0.000,0.000,0.000,1.291,0.501,0.000,0,0,0,0,0,0,0,0,0,0.000,0.000,0.000,0.000,0.000,0.000,0.000,0.000,0,0,0,0,0,0,0,0,0,0.000,0.000,0.000,0.000,0.000,0.000,0.000,0.000,0,0,0,0,0,0,0,1,0,0,0,0,0,0,0,0,0,0
12961,432.0,4739,75,54,2335,2403,0,1,1986,423.38,1.048,1.147,0.266,0.058,0.501,-0.968,1.889,1.0992,2.1338,0.581,0.002,0.009,0.148,-0.012,52,34,98,1,63,0,163491.12,37063.418,36631.152,138.658,22767.639,8.686,36945.044,13194.972,3030.145,22506.535,18005.228,3396.148,266.047,940.482,0.000240,0.097658,4551,0,29,69,94,29,15482,62,65,137.015,0,0,0,0,0,0,0,0,0,0,0,0,0,0,68196,1526,4489,61211.587,36591.259,22756.381,0.139,137.015,28063.859,11814.366,128.469,353,109,34,29,46,30439,0,0,0,0.000,0.000,0.000,0.000,0.000,0.000,0.000,0.000,0,0,0,0,0,0,0,0,0,0.000,0.000,0.000,0.000,0.000,0.000,0.000,0.000,0,0,0,0,0,0,30,0,0,0.000,0.000,0.000,0.000,0.000,4.838,1.605,0.000,0,0,0,0,0,0,0,0,0,0.000,0.000,0.000,0.000,0.000,0.000,0.000,0.000,0,0,0,0,0,0,0,0,0,0.000,0.000,0.000,0.000,0.000,0.000,0.000,0.000,0,0,0,0,0,0,0,0,0,0,0,0,0,0,0,0,0,0
12991,433.0,4993,72,54,2368,2624,0,1,2287,383.02,1.074,1.147,0.261,0.057,0.484,-0.968,1.891,1.0811,2.1259,0.566,0.001,0.009,0.150,-0.012,58,42,90,1,87,0,175765.84,39344.341,39203.652,130.036,24281.607,10.059,39952.385,14524.734,3488.967,22221.043,17776.834,2887.293,172.189,933.527,0.000297,0.097057,4980,0,20,70,90,20,15953,35,70,129.926,0,0,0,0,0,0,0,0,0,0,0,0,0,0,75250,1628,4945,65549.282,39159.821,24274.252,0.110,129.926,30966.109,13106.735,146.486,343,122,42,20,60,34130,0,0,0,0.000,0.000,0.000,0.000,0.000,0.000,0.000,0.000,0,0,0,0,0,0,0,0,0,0.000,0.000,0.000,0.000,0.000,0.000,0.000,0.000,0,0,0,0,0,0,30,0,0,0.000,0.000,0.000,0.000,0.000,4.845,1.329,0.000,0,0,0,0,0,0,0,0,0,0.000,0.000,0.000,0.000,0.000,0.000,0.000,0.000,0,0,0,0,0,0,0,0,0,0.000,0.000,0.000,0.000,0.000,0.000,0.000,0.000,0,0,0,0,0,0,0,0,0,0,0,0,0,0,0,0,0,0
13021,434.0,5225,75,54,2368,2857,0,0,2643,413.85,1.104,1.148,0.257,0.056,0.464,-0.968,1.889,1.0982,2.1300,0.565,0.002,0.008,0.151,-0.011,54,46,131,0,103,0,185104.59,41057.370,41914.120,171.789,26035.360,10.711,42888.539,15738.513,4043.416,24613.815,19691.052,4831.786,280.792,1098.718,0.000203,0.095614,5455,0,38,93,129,38,16592,29,91,171.323,0,0,0,0,0,0,0,0,0,0,0,0,0,0,82107,1751,5426,70155.651,41872.432,26029.844,0.265,171.323,33793.701,14283.973,168.371,394,161,45,38,78,40596,0,0,0,0.000,0.000,0.000,0.000,0.000,0.000,0.000,0.000,0,0,0,0,0,0,0,0,0,0.000,0.000,0.000,0.000,0.000,0.000,0.000,0.000,0,0,0,0,0,0,30,0,0,0.000,0.000,0.000,0.000,0.000,4.842,1.743,0.000,0,1,1,0,0,98,0,0,0,0.000,0.000,0.000,0.000,0.000,0.000,0.000,0.000,0,0,0,0,0,0,0,0,0,0.000,0.000,0.000,0.000,0.000,0.000,0.000,0.000,0,0,0,0,0,0,0,0,0,0,0,0,0,0,0,0,0,0
13051,435.0,5485,64,56,2391,3094,0,0,2965,428.93,1.128,1.150,0.253,0.056,0.448,-0.967,1.885,1.0907,2.1328,0.559,0.001,0.007,0.153,-0.011,45,26,139,1,112,0,194364.66,42972.641,45447.569,158.180,27653.023,10.589,45820.725,16926.018,4632.681,25452.361,20361.889,5212.624,439.691,1196.111,0.000268,0.093107,5950,0,49,90,138,49,17567,27,89,157.769,0,0,0,0,0,0,0,0,0,0,0,0,0,0,89319,1904,5923,75537.571,45392.627,27648.597,0.217,157.769,36733.801,15455.779,186.638,397,160,25,49,86,39454,0,0,0,0.000,0.000,0.000,0.000,0.000,0.000,0.000,0.000,0,0,0,0,0,0,0,0,0,0.000,0.000,0.000,0.000,0.000,0.000,0.000,0.000,0,0,0,0,0,0,0,0,0,0.000,0.000,0.000,0.000,0.000,0.000,0.000,0.000,0,0,0,0,0,0,0,0,0,0.000,0.000,0.000,0.000,0.000,0.000,0.000,0.000,0,0,0,0,0,0,0,0,0,0.000,0.000,0.000,0.000,0.000,0.000,0.000,0.000,0,0,0,0,0,0,0,0,0,0,0,0,0,0,0,0,0,0
13081,436.0,5713,46,56,2378,3335,0,0,3297,364.71,1.155,1.151,0.248,0.056,0.430,-0.966,1.886,1.0836,2.1314,0.553,0.000,0.007,0.155,-0.011,55,24,172,0,156,0,204169.89,44652.125,49830.778,206.985,28950.914,10.630,48633.365,18093.905,5160.607,28007.704,22406.164,5820.828,294.345,1280.057,0.000352,0.089773,6556,0,62,110,172,62,18224,39,110,206.795,0,0,0,0,0,0,0,0,0,0,0,0,0,0,96148,2079,6517,81466.387,49774.242,28945.996,0.189,206.795,39611.700,16589.371,227.149,451,210,24,62,124,55261,0,0,0,0.000,0.000,0.000,0.000,0.000,0.000,0.000,0.000,0,0,0,0,0,0,0,0,0,0.000,0.000,0.000,0.000,0.000,0.000,0.000,0.000,0,0,0,0,0,0,0,0,0,0.000,0.000,0.000,0.000,0.000,0.000,0.000,0.000,0,0,0,0,0,0,0,0,0,0.000,0.000,0.000,0.000,0.000,0.000,0.000,0.000,0,0,0,0,0,0,0,0,0,0.000,0.000,0.000,0.000,0.000,0.000,0.000,0.000,0,0,0,0,0,0,0,0,0,0,0,0,0,0,0,0,0,0
13111,437.0,5944,61,56,2366,3577,1,0,3629,357.39,1.181,1.154,0.245,0.056,0.413,-0.966,1.890,1.0855,2.1580,0.560,0.000,0.006,0.156,-0.012,58,27,161,0,170,0,211586.97,45926.705,52257.745,200.789,30498.346,12.624,51693.836,19473.515,5778.727,28858.187,23086.550,6501.222,375.790,1373.438,0.000319,0.090051,7082,0,57,104,161,57,18194,31,104,200.527,0,0,0,0,0,0,0,0,0,0,0,0,0,0,103730,2178,7051,85479.785,52202.397,30492.506,0.262,200.527,42722.140,17977.963,237.768,473,231,26,57,148,60010,0,0,0,0.000,0.000,0.000,0.000,0.000,0.000,0.000,0.000,0,0,0,0,0,0,0,0,0,0.000,0.000,0.000,0.000,0.000,0.000,0.000,0.000,0,0,0,0,0,0,0,0,0,0.000,0.000,0.000,0.000,0.000,0.000,0.000,0.000,0,0,0,0,0,0,8,0,0,0.000,0.000,0.000,0.000,0.000,0.767,0.502,0.000,0,0,0,0,0,0,0,0,0,0.000,0.000,0.000,0.000,0.000,0.000,0.000,0.000,0,0,0,0,0,0,0,0,1,0,0,0,0,0,0,0,0,0
13141,438.0,5995,59,56,2282,3712,1,0,3903,381.92,1.206,1.156,0.241,0.055,0.397,-0.966,1.892,1.0851,2.1372,0.555,0.005,0.020,0.158,-0.012,61,29,202,2,212,0,219326.12,46874.957,56096.953,188.885,31815.991,11.909,54020.135,20565.734,6307.010,24735.703,19788.562,7571.424,528.798,1481.402,0.000278,0.089780,7738,0,70,132,198,70,18018,54,128,187.774,0,0,0,0,0,0,0,0,0,0,0,0,0,0,109722,2344,7684,90922.508,56055.254,31807.283,0.386,187.774,45220.504,19070.983,258.150,411,276,29,70,177,71167,0,0,0,0.000,0.000,0.000,0.000,0.000,0.000,0.000,0.000,0,0,0,0,0,0,0,0,0,0.000,0.000,0.000,0.000,0.000,0.000,0.000,0.000,0,0,0,0,0,0,0,0,0,0.000,0.000,0.000,0.000,0.000,0.000,0.000,0.000,0,0,0,0,0,0,30,0,0,0.000,0.000,0.000,0.000,0.000,2.875,1.859,0.000,0,0,0,0,0,0,0,0,0,0.000,0.000,0.000,0.000,0.000,0.000,0.000,0.000,0,0,0,0,0,0,0,0,0,0,0,0,0,0,0,0,0,0
13171,439.0,5994,46,56,2207,3786,1,0,4026,363.33,1.224,1.157,0.240,0.055,0.386,-0.966,1.897,1.0737,2.1491,0.558,0.010,0.035,0.159,-0.012,63,29,186,0,230,0,226642.56,47467.543,58100.143,183.346,32023.820,12.340,54871.993,20958.095,6677.035,22444.435,17955.548,7945.246,1973.549,1519.784,0.000323,0.091712,7525,0,73,113,181,73,18018,28,108,182.266,0,0,0,0,0,0,0,0,0,0,0,0,0,0,112492,2425,7497,93126.364,58057.280,32019.832,0.375,182.266,46353.315,19497.642,264.663,379,305,29,73,203,78983,0,0,0,0.000,0.000,0.000,0.000,0.000,0.000,0.000,0.000,0,0,0,0,0,0,0,0,0,0.000,0.000,0.000,0.000,0.000,0.000,0.000,0.000,0,0,0,0,0,0,0,0,0,0.000,0.000,0.000,0.000,0.000,0.000,0.000,0.000,0,0,0,0,0,0,30,0,0,0.000,0.000,0.000,0.000,0.000,2.874,1.572,0.000,0,0,0,0,0,0,0,0,0,0.000,0.000,0.000,0.000,0.000,0.000,0.000,0.000,0,0,0,0,0,0,0,0,0,0,0,0,0,0,0,0,0,0
13201,440.0,6000,54,63,2145,3854,1,0,4120,328.77,1.240,1.157,0.237,0.055,0.376,-0.966,1.895,1.0712,2.1324,0.563,0.015,0.056,0.160,-0.011,63,27,181,0,228,0,237247.61,48492.761,62533.428,174.709,32478.338,13.042,55562.867,21443.975,6864.221,22408.710,17926.968,8021.817,2640.781,1580.455,0.000532,0.095723,7552,0,82,99,179,82,17507,19,97,173.570,0,0,0,0,0,0,0,0,0,0,0,0,0,0,114624,2608,7533,98204.614,62491.531,32474.754,0.496,173.570,47284.926,20020.391,270.551,378,310,27,82,201,75070,0,0,0,0.000,0.000,0.000,0.000,0.000,0.000,0.000,0.000,0,0,0,0,0,0,0,0,0,0.000,0.000,0.000,0.000,0.000,0.000,0.000,0.000,0,0,0,0,0,0,0,0,0,0.000,0.000,0.000,0.000,0.000,0.000,0.000,0.000,0,0,0,0,0,0,30,0,0,0.000,0.000,0.000,0.000,0.000,2.875,1.574,0.000,0,0,0,0,0,0,0,0,0,0.000,0.000,0.000,0.000,0.000,0.000,0.000,0.000,0,0,0,0,0,0,0,0,0,0,0,0,0,0,0,0,0,0
13231,441.0,5998,53,63,2094,3904,0,0,4193,361.89,1.252,1.158,0.238,0.054,0.368,-0.967,1.891,1.0746,2.1465,0.570,0.022,0.077,0.161,-0.011,71,20,137,0,233,0,247811.66,48701.177,64421.337,140.689,32217.337,15.068,56305.074,21695.620,7038.279,19788.622,15830.898,7250.774,4977.012,1474.685,0.000516,0.098682,7169,0,62,75,134,62,17805,25,72,139.783,0,0,0,0,0,0,0,0,0,0,0,0,0,0,116270,2688,7144,99862.569,64375.756,32212.398,0.360,139.783,48223.741,20288.733,287.800,338,288,20,62,206,70128,0,0,0,0.000,0.000,0.000,0.000,0.000,0.000,0.000,0.000,0,0,0,0,0,0,0,0,0,0.000,0.000,0.000,0.000,0.000,0.000,0.000,0.000,0,0,0,0,0,0,0,0,0,0.000,0.000,0.000,0.000,0.000,0.000,0.000,0.000,0,0,0,0,0,0,14,0,0,0.000,0.000,0.000,0.000,0.000,1.342,0.775,0.000,0,1,0,0,1,112,0,0,0,0.000,0.000,0.000,0.000,0.000,0.000,0.000,0.000,0,0,0,0,0,0,0,0,0,0,0,0,0,0,0,0,0,0
13261,442.0,5994,63,63,2041,3953,0,0,4248,329.48,1.265,1.159,0.235,0.055,0.360,-0.967,1.891,1.0689,2.1267,0.568,0.026,0.107,0.162,-0.011,66,23,157,0,222,0,257657.70,48565.216,66442.483,164.739,32758.638,13.547,56866.362,21838.267,7111.305,20460.686,16368.549,7324.006,6516.462,1577.842,0.000494,0.100923,6828,0,76,81,156,76,18339,25,80,164.210,0,0,0,0,0,0,0,0,0,0,0,0,0,0,117941,2778,6803,102624.726,66378.170,32751.761,0.384,164.210,48962.018,20449.471,306.148,350,301,23,76,202,77739,0,0,0,0.000,0.000,0.000,0.000,0.000,0.000,0.000,0.000,0,0,0,0,0,0,0,0,0,0.000,0.000,0.000,0.000,0.000,0.000,0.000,0.000,0,0,0,0,0,0,0,0,0,0.000,0.000,0.000,0.000,0.000,0.000,0.000,0.000,0,0,0,0,0,0,0,0,0,0.000,0.000,0.000,0.000,0.000,0.000,0.000,0.000,0,0,0,0,0,0,0,0,0,0.000,0.000,0.000,0.000,0.000,0.000,0.000,0.000,0,0,0,0,0,0,0,0,0,0,0,0,0,0,0,0,0,0
13291,443.0,6000,50,63,1956,4044,0,0,4234,406.65,1.285,1.161,0.232,0.055,0.347,-0.967,1.889,1.0666,2.1335,0.576,0.034,0.107,0.164,-0.010,67,34,185,1,230,0,267440.88,48325.703,70525.622,191.177,33452.107,12.507,57527.928,22160.587,7130.167,23404.862,18723.890,8554.887,7595.929,1608.881,0.000484,0.107080,6814,0,78,107,184,78,18285,19,106,190.586,0,0,0,0,0,0,0,0,0,0,0,0,0,0,119815,2936,6795,107485.109,70478.290,33448.107,0.337,190.586,49819.738,20790.731,321.303,401,310,34,78,198,80572,0,0,0,0.000,0.000,0.000,0.000,0.000,0.000,0.000,0.000,0,0,0,0,0,0,0,0,0,0.000,0.000,0.000,0.000,0.000,0.000,0.000,0.000,0,0,0,0,0,0,0,0,0,0.000,0.000,0.000,0.000,0.000,0.000,0.000,0.000,0,0,0,0,0,0,0,0,0,0.000,0.000,0.000,0.000,0.000,0.000,0.000,0.000,0,0,0,0,0,0,0,0,0,0.000,0.000,0.000,0.000,0.000,0.000,0.000,0.000,0,0,0,0,0,0,0,0,0,0,0,0,0,0,0,0,0,0
13321,444.0,5996,53,63,1890,4106,0,0,4150,414.10,1.300,1.163,0.231,0.053,0.336,-0.966,1.887,1.0684,2.1407,0.586,0.043,0.119,0.165,-0.010,61,27,183,0,241,0,276835.16,48243.659,73135.892,228.629,33253.498,13.425,58189.976,22595.605,7051.607,22634.549,18107.639,9465.890,8720.231,1663.660,0.000609,0.110500,6618,0,77,106,182,77,18086,29,105,228.233,0,0,0,0,0,0,0,0,0,0,0,0,0,0,122146,3055,6589,110094.856,73082.191,33248.619,0.305,228.233,50732.455,21241.950,341.632,384,322,27,77,218,95772,0,0,0,0.000,0.000,0.000,0.000,0.000,0.000,0.000,0.000,0,0,0,0,0,0,0,0,0,0.000,0.000,0.000,0.000,0.000,0.000,0.000,0.000,0,0,0,0,0,0,0,0,0,0.000,0.000,0.000,0.000,0.000,0.000,0.000,0.000,0,0,0,0,0,0,0,0,0,0.000,0.000,0.000,0.000,0.000,0.000,0.000,0.000,0,0,0,0,0,0,0,0,0,0.000,0.000,0.000,0.000,0.000,0.000,0.000,0.000,0,0,0,0,0,0,0,0,0,0,0,0,0,0,0,0,0,0
13351,445.0,6000,53,64,1812,4188,0,0,4187,383.33,1.318,1.164,0.228,0.055,0.324,-0.966,1.886,1.0607,2.1305,0.590,0.049,0.141,0.166,-0.009,73,17,208,0,222,0,284462.50,47293.197,75026.556,224.434,32759.612,12.857,58865.484,22970.240,6973.776,23073.001,18458.401,10185.216,9552.686,1754.853,0.000394,0.113386,6198,0,100,108,203,100,18657,13,103,222.862,0,0,0,0,0,0,0,0,0,0,0,0,0,0,124509,3128,6185,111487.588,74982.562,32757.153,0.405,222.862,51687.318,21646.555,352.588,396,314,17,100,197,86482,0,0,0,0.000,0.000,0.000,0.000,0.000,0.000,0.000,0.000,0,0,0,0,0,0,0,0,0,0.000,0.000,0.000,0.000,0.000,0.000,0.000,0.000,0,0,0,0,0,0,0,0,0,0.000,0.000,0.000,0.000,0.000,0.000,0.000,0.000,0,0,0,0,0,0,0,0,0,0.000,0.000,0.000,0.000,0.000,0.000,0.000,0.000,0,0,0,0,0,0,0,0,0,0.000,0.000,0.000,0.000,0.000,0.000,0.000,0.000,0,0,0,0,0,0,0,0,0,0,0,0,0,0,0,0,0,0
13381,446.0,6000,47,64,1748,4252,0,0,4190,379.08,1.332,1.167,0.225,0.055,0.314,-0.966,1.889,1.0690,2.1310,0.572,0.044,0.145,0.167,-0.009,80,31,181,0,236,0,290266.16,46760.047,76636.217,230.123,33765.538,14.403,59417.127,23381.453,7008.309,22744.110,18195.288,10059.768,11758.082,1649.175,0.000478,0.111228,6432,0,79,102,180,79,18653,13,101,229.676,0,0,0,0,0,0,0,0,0,0,0,0,0,0,126412,3201,6419,114193.762,76607.044,33763.257,0.309,229.676,52459.407,22086.391,358.122,385,321,31,79,211,95064,0,0,0,0.000,0.000,0.000,0.000,0.000,0.000,0.000,0.000,0,0,0,0,0,0,0,0,0,0.000,0.000,0.000,0.000,0.000,0.000,0.000,0.000,0,0,0,0,0,0,0,0,0,0.000,0.000,0.000,0.000,0.000,0.000,0.000,0.000,0,0,0,0,0,0,0,0,0,0.000,0.000,0.000,0.000,0.000,0.000,0.000,0.000,0,0,0,0,0,0,0,0,0,0.000,0.000,0.000,0.000,0.000,0.000,0.000,0.000,0,0,0,0,0,0,0,0,0,0,0,0,0,0,0,0,0,0
13411,447.0,5999,46,64,1668,4331,0,0,4195,406.65,1.351,1.168,0.223,0.055,0.302,-0.966,1.889,1.0665,2.1281,0.598,0.055,0.145,0.168,-0.009,59,13,221,0,233,0,295128.34,45844.847,78266.304,251.503,32670.804,15.221,60109.996,23559.344,6991.844,24090.970,19272.776,11366.507,10875.384,1779.201,0.000338,0.109507,6246,0,103,118,220,103,17929,9,117,250.565,0,0,0,0,0,0,0,0,0,0,0,0,0,0,128624,3261,6237,114688.805,78224.852,32669.325,0.513,250.565,53396.552,22299.439,364.711,418,339,13,103,223,93549,0,0,0,0.000,0.000,0.000,0.000,0.000,0.000,0.000,0.000,0,0,0,0,0,0,0,0,0,0.000,0.000,0.000,0.000,0.000,0.000,0.000,0.000,0,0,0,0,0,0,0,0,0,0.000,0.000,0.000,0.000,0.000,0.000,0.000,0.000,0,0,0,0,0,0,0,0,0,0.000,0.000,0.000,0.000,0.000,0.000,0.000,0.000,0,0,0,0,0,0,0,0,0,0.000,0.000,0.000,0.000,0.000,0.000,0.000,0.000,0,0,0,0,0,0,0,0,0,0,0,0,0,0,0,0,0,0
13441,448.0,6000,53,64,1589,4411,0,0,4176,376.77,1.369,1.169,0.221,0.054,0.290,-0.966,1.890,1.0611,2.1416,0.607,0.055,0.152,0.169,-0.009,67,10,186,0,248,0,299138.72,44936.380,78479.439,233.546,32355.748,13.651,60848.344,23900.081,6963.187,23032.260,18425.808,9853.530,11831.922,1635.464,0.000318,0.109501,6103,0,83,103,186,83,17965,15,103,233.139,0,0,0,0,0,0,0,0,0,0,0,0,0,0,131070,3279,6088,114612.721,78436.764,32352.455,0.407,233.139,54416.751,22675.726,363.801,399,319,10,83,226,93971,0,0,0,0.000,0.000,0.000,0.000,0.000,0.000,0.000,0.000,0,0,0,0,0,0,0,0,0,0.000,0.000,0.000,0.000,0.000,0.000,0.000,0.000,0,0,0,0,0,0,0,0,0,0.000,0.000,0.000,0.000,0.000,0.000,0.000,0.000,0,0,0,0,0,0,0,0,0,0.000,0.000,0.000,0.000,0.000,0.000,0.000,0.000,0,0,0,0,0,0,0,0,0,0.000,0.000,0.000,0.000,0.000,0.000,0.000,0.000,0,0,0,0,0,0,0,0,0,0,0,0,0,0,0,0,0,0
13471,449.0,5999,59,64,1517,4482,0,0,4138,422.91,1.386,1.170,0.218,0.053,0.278,-0.966,1.892,1.0594,2.1452,0.592,0.060,0.157,0.170,-0.008,71,32,187,0,224,0,300081.38,42722.116,78473.080,199.252,31510.418,16.102,61551.981,24245.153,6848.424,22874.053,18299.243,9646.712,11948.874,1635.857,0.000278,0.109078,5870,0,86,101,182,86,18006,8,96,197.195,0,0,0,0,0,0,0,0,0,0,0,0,0,0,133347,3270,5862,113805.340,78444.741,31509.108,0.340,197.195,55381.569,23062.461,362.583,396,325,32,86,207,95805,0,0,0,0.000,0.000,0.000,0.000,0.000,0.000,0.000,0.000,0,0,0,0,0,0,0,0,0,0.000,0.000,0.000,0.000,0.000,0.000,0.000,0.000,0,0,0,0,0,0,0,0,0,0.000,0.000,0.000,0.000,0.000,0.000,0.000,0.000,0,0,0,0,0,0,0,0,0,0.000,0.000,0.000,0.000,0.000,0.000,0.000,0.000,0,0,0,0,0,0,0,0,0,0.000,0.000,0.000,0.000,0.000,0.000,0.000,0.000,0,0,0,0,0,0,0,0,0,0,0,0,0,0,0,0,0,0
13501,450.0,5999,51,65,1467,4532,0,0,4073,345.11,1.399,1.171,0.216,0.053,0.271,-0.965,1.885,1.0623,2.1300,0.598,0.062,0.150,0.171,-0.008,82,22,174,0,247,0,299803.19,41596.701,79078.225,163.654,30048.732,16.570,62187.130,24569.956,6754.950,22726.517,18181.214,9137.300,12335.455,1586.665,0.000332,0.110092,5551,0,93,81,174,93,18575,19,81,163.189,0,0,0,0,0,0,0,0,0,0,0,0,0,0,135186,3302,5532,112971.173,79032.624,30045.511,0.464,163.189,56229.331,23420.637,355.577,389,339,22,93,224,96272,0,0,0,0.000,0.000,0.000,0.000,0.000,0.000,0.000,0.000,0,0,0,0,0,0,0,0,0,0.000,0.000,0.000,0.000,0.000,0.000,0.000,0.000,0,0,0,0,0,0,0,0,0,0.000,0.000,0.000,0.000,0.000,0.000,0.000,0.000,0,0,0,0,0,0,0,0,0,0.000,0.000,0.000,0.000,0.000,0.000,0.000,0.000,0,0,0,0,0,0,0,0,0,0.000,0.000,0.000,0.000,0.000,0.000,0.000,0.000,0,0,0,0,0,0,0,0,0,0,0,0,0,0,0,0,0,0
13531,451.0,6000,45,65,1411,4589,0,0,4110,413.41,1.413,1.173,0.215,0.053,0.262,-0.965,1.883,1.0575,2.1238,0.595,0.051,0.138,0.172,-0.007,75,30,207,0,258,0,295369.25,39994.119,81003.175,221.402,29893.212,15.105,62992.996,24821.305,6709.002,25595.269,20476.215,11688.114,12577.940,1744.216,0.000367,0.108628,5614,0,111,96,207,111,18701,10,96,221.031,0,0,0,0,0,0,0,0,0,0,0,0,0,0,136804,3380,5604,114813.853,80964.367,29891.814,0.371,221.031,57205.259,23680.763,370.099,440,383,30,111,242,112069,0,0,0,0.000,0.000,0.000,0.000,0.000,0.000,0.000,0.000,0,0,0,0,0,0,0,0,0,0.000,0.000,0.000,0.000,0.000,0.000,0.000,0.000,0,0,0,0,0,0,0,0,0,0.000,0.000,0.000,0.000,0.000,0.000,0.000,0.000,0,0,0,0,0,0,0,0,0,0.000,0.000,0.000,0.000,0.000,0.000,0.000,0.000,0,0,0,0,0,0,0,0,0,0.000,0.000,0.000,0.000,0.000,0.000,0.000,0.000,0,0,0,0,0,0,0,0,0,0,0,0,0,0,0,0,0,0
13561,452.0,5995,49,65,1361,4634,0,0,4123,325.18,1.424,1.174,0.213,0.053,0.255,-0.965,1.882,1.0622,2.1200,0.615,0.053,0.123,0.173,-0.007,77,28,180,0,276,0,290058.03,39257.167,78628.293,164.101,29056.667,15.550,63569.987,25090.442,6729.893,24967.145,19973.716,10340.673,10971.935,1664.438,0.000603,0.112487,5422,0,101,79,180,101,18049,8,79,163.647,0,0,0,0,0,0,0,0,0,0,0,0,0,0,138512,3291,5414,111578.507,78597.221,29055.273,0.453,163.647,57976.932,23975.137,375.778,432,387,28,101,258,112289,0,0,0,0.000,0.000,0.000,0.000,0.000,0.000,0.000,0.000,0,0,0,0,0,0,0,0,0,0.000,0.000,0.000,0.000,0.000,0.000,0.000,0.000,0,0,0,0,0,0,0,0,0,0.000,0.000,0.000,0.000,0.000,0.000,0.000,0.000,0,0,0,0,0,0,0,0,0,0.000,0.000,0.000,0.000,0.000,0.000,0.000,0.000,0,0,0,0,0,0,0,0,0,0.000,0.000,0.000,0.000,0.000,0.000,0.000,0.000,0,0,0,0,0,0,0,0,0,0,0,0,0,0,0,0,0,0
13591,453.0,6000,47,65,1330,4670,0,0,4162,374.48,1.432,1.175,0.211,0.053,0.250,-0.965,1.880,1.0479,2.1130,0.614,0.043,0.095,0.173,-0.006,91,36,206,0,311,0,282827.16,38049.550,77493.079,183.139,27257.056,17.828,63905.763,25310.066,6777.353,28656.562,22925.250,10892.746,8586.939,1752.461,0.000503,0.112834,5169,0,124,82,205,124,18184,19,81,182.274,0,0,0,0,0,0,0,0,0,0,0,0,0,0,139593,3240,5150,108531.449,77457.635,27253.122,0.724,182.274,58418.723,24214.285,378.427,490,454,36,124,294,141559,0,0,0,0.000,0.000,0.000,0.000,0.000,0.000,0.000,0.000,0,0,0,0,0,0,0,0,0,0.000,0.000,0.000,0.000,0.000,0.000,0.000,0.000,0,0,0,0,0,0,0,0,0,0.000,0.000,0.000,0.000,0.000,0.000,0.000,0.000,0,0,0,0,0,0,0,0,0,0.000,0.000,0.000,0.000,0.000,0.000,0.000,0.000,0,0,0,0,0,0,0,0,0,0.000,0.000,0.000,0.000,0.000,0.000,0.000,0.000,0,0,0,0,0,0,0,0,0,0,0,0,0,0,0,0,0,0
13621,454.0,6000,50,65,1294,4706,0,0,4132,370.60,1.439,1.177,0.210,0.053,0.244,-0.965,1.886,1.0598,2.1279,0.609,0.039,0.078,0.174,-0.005,76,28,220,0,330,0,276447.91,36568.813,79748.881,137.207,26652.273,17.578,64243.813,25340.204,6781.979,29797.185,23837.749,11811.710,6903.432,1793.565,0.000334,0.113186,5111,0,138,82,220,138,18604,16,82,136.487,0,0,0,0,0,0,0,0,0,0,0,0,0,0,140646,3337,5095,110196.913,79717.553,26647.750,0.720,136.487,58859.560,24248.036,396.480,514,478,28,138,312,143455,0,0,0,0.000,0.000,0.000,0.000,0.000,0.000,0.000,0.000,0,0,0,0,0,0,0,0,0,0.000,0.000,0.000,0.000,0.000,0.000,0.000,0.000,0,0,0,0,0,0,0,0,0,0.000,0.000,0.000,0.000,0.000,0.000,0.000,0.000,0,0,0,0,0,0,0,0,0,0.000,0.000,0.000,0.000,0.000,0.000,0.000,0.000,0,0,0,0,0,0,0,0,0,0.000,0.000,0.000,0.000,0.000,0.000,0.000,0.000,0,0,0,0,0,0,0,0,0,0,0,0,0,0,0,0,0,0
13651,455.0,6000,59,65,1266,4734,0,0,4084,335.77,1.446,1.178,0.210,0.053,0.240,-0.965,1.882,1.0510,2.1214,0.612,0.033,0.060,0.174,-0.005,83,40,239,0,313,0,266575.38,35516.233,76871.892,162.504,25993.403,17.593,64592.264,25367.827,6758.851,30398.811,24319.049,11377.334,6493.329,1753.809,0.000293,0.114524,5055,0,157,82,239,157,18651,12,82,161.929,0,0,0,0,0,0,0,0,0,0,0,0,0,0,141745,3222,5043,106562.502,76846.065,25991.740,0.575,161.929,59329.371,24292.811,401.540,520,492,40,157,295,149131,0,0,0,0.000,0.000,0.000,0.000,0.000,0.000,0.000,0.000,0,0,0,0,0,0,0,0,0,0.000,0.000,0.000,0.000,0.000,0.000,0.000,0.000,0,0,0,0,0,0,0,0,0,0.000,0.000,0.000,0.000,0.000,0.000,0.000,0.000,0,0,0,0,0,0,0,0,0,0.000,0.000,0.000,0.000,0.000,0.000,0.000,0.000,0,0,0,0,0,0,0,0,0,0.000,0.000,0.000,0.000,0.000,0.000,0.000,0.000,0,0,0,0,0,0,0,0,0,0,0,0,0,0,0,0,0,0
13681,456.0,6000,48,65,1263,4737,0,0,3971,346.33,1.448,1.179,0.211,0.052,0.239,-0.965,1.881,1.0724,2.1142,0.606,0.014,0.035,0.174,-0.005,81,37,220,0,372,0,255415.58,34294.435,73621.208,129.408,25772.304,17.274,64845.009,25426.920,6624.776,32143.067,25714.454,10010.981,4227.739,1640.804,0.000360,0.113159,5109,0,153,67,219,153,18807,5,66,128.713,0,0,0,0,0,0,0,0,0,0,0,0,0,0,141953,3083,5104,103094.727,73599.263,25771.533,0.518,128.713,59585.344,24364.698,394.161,542,539,37,153,349,163491,0,0,0,0.000,0.000,0.000,0.000,0.000,0.000,0.000,0.000,0,0,0,0,0,0,0,0,0,0.000,0.000,0.000,0.000,0.000,0.000,0.000,0.000,0,0,0,0,0,0,0,0,0,0.000,0.000,0.000,0.000,0.000,0.000,0.000,0.000,0,0,0,0,0,0,0,0,0,0.000,0.000,0.000,0.000,0.000,0.000,0.000,0.000,0,0,0,0,0,0,0,0,0,0.000,0.000,0.000,0.000,0.000,0.000,0.000,0.000,0,0,0,0,0,0,0,0,0,0,0,0,0,0,0,0,0,0
13711,457.0,5992,40,65,1243,4749,0,0,3883,408.48,1.455,1.180,0.210,0.052,0.237,-0.964,1.881,1.0746,2.1085,0.597,0.010,0.021,0.174,-0.005,73,45,256,0,332,0,244329.72,33128.087,74111.958,147.381,23439.230,15.643,65024.159,25618.524,6484.804,32265.746,25812.597,10880.664,2306.386,1705.600,0.000383,0.114407,5048,0,170,86,256,170,19032,17,86,146.777,0,0,0,0,0,0,0,0,0,0,0,0,0,0,142297,3097,5031,101253.234,74070.248,23435.699,0.604,146.777,59804.674,24543.002,405.183,551,539,45,170,324,171881,0,0,0,0.000,0.000,0.000,0.000,0.000,0.000,0.000,0.000,0,0,0,0,0,0,0,0,0,0.000,0.000,0.000,0.000,0.000,0.000,0.000,0.000,0,0,0,0,0,0,0,0,0,0.000,0.000,0.000,0.000,0.000,0.000,0.000,0.000,0,0,0,0,0,0,0,0,0,0.000,0.000,0.000,0.000,0.000,0.000,0.000,0.000,0,0,0,0,0,0,0,0,0,0.000,0.000,0.000,0.000,0.000,0.000,0.000,0.000,0,0,0,0,0,0,0,0,0,0,0,0,0,0,0,0,0,0
13741,458.0,6000,31,65,1252,4748,0,0,3845,375.43,1.454,1.179,0.210,0.053,0.238,-0.964,1.871,1.0825,2.1029,0.604,0.002,0.006,0.174,-0.005,91,41,228,0,380,0,232714.36,32359.667,71066.344,129.964,23350.861,16.612,65042.075,25887.042,6324.638,33185.611,26548.490,9215.888,514.313,1550.251,0.000487,0.115867,5247,0,150,78,227,150,19021,10,77,129.411,0,0,0,0,0,0,0,0,0,0,0,0,0,0,142453,2965,5237,97930.447,71044.262,23349.116,0.532,129.411,59853.170,24798.246,404.952,552,553,41,150,362,174561,0,0,0,0.000,0.000,0.000,0.000,0.000,0.000,0.000,0.000,0,0,0,0,0,0,0,0,0,0.000,0.000,0.000,0.000,0.000,0.000,0.000,0.000,0,0,0,0,0,0,0,0,0,0.000,0.000,0.000,0.000,0.000,0.000,0.000,0.000,0,0,0,0,0,0,0,0,0,0.000,0.000,0.000,0.000,0.000,0.000,0.000,0.000,0,0,0,0,0,0,0,0,0,0.000,0.000,0.000,0.000,0.000,0.000,0.000,0.000,0,0,0,0,0,0,0,0,0,0,0,0,0,0,0,0,0,0
13771,459.0,5782,47,65,1230,4552,0,0,3711,319.07,1.450,1.181,0.213,0.055,0.242,-0.964,1.865,1.0669,2.1044,0.612,0.000,0.004,0.174,-0.005,80,62,259,2,437,0,218836.05,31690.991,67528.921,139.795,21421.734,18.142,64087.493,25647.589,6256.214,27302.826,21842.261,10048.511,181.242,1556.410,0.000331,0.115668,4887,0,170,89,258,170,19274,6,88,139.069,0,0,0,0,0,0,0,0,0,0,0,0,0,0,140147,2811,4881,92177.344,67511.288,21420.847,0.632,139.069,58951.999,24548.559,415.935,453,649,62,170,417,191736,0,0,0,0.000,0.000,0.000,0.000,0.000,0.000,0.000,0.000,0,0,0,0,0,0,0,0,0,0.000,0.000,0.000,0.000,0.000,0.000,0.000,0.000,0,0,0,0,0,0,0,0,0,0.000,0.000,0.000,0.000,0.000,0.000,0.000,0.000,0,0,0,0,0,0,0,0,0,0.000,0.000,0.000,0.000,0.000,0.000,0.000,0.000,0,0,0,0,0,0,0,0,0,0.000,0.000,0.000,0.000,0.000,0.000,0.000,0.000,0,0,0,0,0,0,0,0,0,0,0,0,0,0,0,0,0,0
13801,460.0,5569,44,66,1187,4382,0,0,3650,337.68,1.450,1.180,0.213,0.054,0.242,-0.964,1.870,1.0788,2.1054,0.620,0.001,0.004,0.175,-0.005,84,57,237,0,434,0,207834.61,30585.098,66186.174,182.171,20866.210,16.857,61801.418,24586.726,6094.207,26090.325,20872.260,8758.936,146.986,1348.542,0.000254,0.113670,4832,0,135,102,235,135,18888,9,100,181.465,0,0,0,0,0,0,0,0,0,0,0,0,0,0,134725,2766,4823,90289.574,66167.394,20865.000,0.424,181.465,56779.714,23532.753,380.171,437,607,57,135,415,188782,0,0,0,0.000,0.000,0.000,0.000,0.000,0.000,0.000,0.000,0,0,0,0,0,0,0,0,0,0.000,0.000,0.000,0.000,0.000,0.000,0.000,0.000,0,0,0,0,0,0,0,0,0,0.000,0.000,0.000,0.000,0.000,0.000,0.000,0.000,0,0,0,0,0,0,0,0,0,0.000,0.000,0.000,0.000,0.000,0.000,0.000,0.000,0,0,0,0,0,0,0,0,0,0.000,0.000,0.000,0.000,0.000,0.000,0.000,0.000,0,0,0,0,0,0,0,0,0,0,0,0,0,0,0,0,0,0
13831,461.0,5291,36,66,1168,4123,0,0,3461,350.51,1.442,1.180,0.217,0.055,0.250,-0.964,1.874,1.0867,2.1006,0.618,0.000,0.002,0.174,-0.005,97,71,257,0,410,0,196322.73,29025.498,62403.473,186.796,18198.293,16.352,58716.904,23112.362,5858.130,22880.850,18304.680,9469.035,60.327,1334.708,0.000291,0.113944,4212,0,161,96,256,161,18267,5,95,186.083,0,0,0,0,0,0,0,0,0,0,0,0,0,0,127664,2606,4207,83523.357,62372.659,18197.475,0.532,186.083,53856.265,22109.780,354.315,371,630,71,161,398,181054,0,0,0,0.000,0.000,0.000,0.000,0.000,0.000,0.000,0.000,0,0,0,0,0,0,0,0,0,0.000,0.000,0.000,0.000,0.000,0.000,0.000,0.000,0,0,0,0,0,0,0,0,0,0.000,0.000,0.000,0.000,0.000,0.000,0.000,0.000,0,0,0,0,0,0,0,0,0,0.000,0.000,0.000,0.000,0.000,0.000,0.000,0.000,0,0,0,0,0,0,0,0,0,0.000,0.000,0.000,0.000,0.000,0.000,0.000,0.000,0,0,0,0,0,0,0,0,0,0,0,0,0,0,0,0,0,0
13861,462.0,4956,47,66,1112,3844,0,0,3200,332.27,1.439,1.179,0.220,0.056,0.253,-0.964,1.881,1.0704,2.0856,0.623,0.001,0.002,0.175,-0.006,71,72,276,0,437,0,185201.19,27398.233,59177.969,250.609,16575.331,15.290,55290.234,21623.513,5510.507,22412.252,17929.802,9680.505,120.227,1240.920,0.000300,0.113566,3678,0,153,123,275,153,17619,8,122,249.652,0,0,0,0,0,0,0,0,0,0,0,0,0,0,119457,2480,3670,78554.518,59153.087,16573.706,0.664,249.652,50550.621,20665.659,331.599,364,643,72,153,418,193801,0,0,0,0.000,0.000,0.000,0.000,0.000,0.000,0.000,0.000,0,0,0,0,0,0,0,0,0,0.000,0.000,0.000,0.000,0.000,0.000,0.000,0.000,0,0,0,0,0,0,0,0,0,0.000,0.000,0.000,0.000,0.000,0.000,0.000,0.000,0,0,0,0,0,0,0,0,0,0.000,0.000,0.000,0.000,0.000,0.000,0.000,0.000,0,0,0,0,0,0,0,0,0,0.000,0.000,0.000,0.000,0.000,0.000,0.000,0.000,0,0,0,0,0,0,0,0,0,0,0,0,0,0,0,0,0,0
13891,463.0,4671,68,66,1088,3583,0,0,2953,285.58,1.428,1.179,0.224,0.056,0.261,-0.965,1.876,1.0820,2.0977,0.625,0.001,0.004,0.174,-0.007,69,65,273,1,383,0,172839.55,25310.308,55136.885,239.185,15896.015,15.949,51895.160,20274.105,5058.459,21471.886,17177.509,10035.838,195.122,1294.960,0.000343,0.111624,3386,0,166,107,272,166,17078,5,106,238.143,0,0,0,0,0,0,0,0,0,0,0,0,0,0,111768,2312,3381,73663.850,55109.403,15894.879,0.539,238.143,47365.546,19358.737,327.202,346,607,65,166,376,178848,0,0,0,0.000,0.000,0.000,0.000,0.000,0.000,0.000,0.000,0,0,0,0,0,0,0,0,0,0.000,0.000,0.000,0.000,0.000,0.000,0.000,0.000,0,0,0,0,0,0,0,0,0,0.000,0.000,0.000,0.000,0.000,0.000,0.000,0.000,0,0,0,0,0,0,0,0,0,0.000,0.000,0.000,0.000,0.000,0.000,0.000,0.000,0,0,0,0,0,0,0,0,0,0.000,0.000,0.000,0.000,0.000,0.000,0.000,0.000,0,0,0,0,0,0,0,0,0,0,0,0,0,0,0,0,0,0
13921,464.0,4441,58,66,1077,3364,0,0,2685,324.98,1.416,1.178,0.229,0.057,0.270,-0.965,1.880,1.0808,2.0788,0.634,0.002,0.004,0.173,-0.007,72,66,260,0,346,0,164390.98,24170.752,54691.293,205.195,14426.449,15.259,48905.759,19041.501,4662.076,21586.430,17269.144,9254.984,132.293,1201.907,0.000281,0.108351,3105,0,159,101,259,159,16535,8,100,204.667,0,0,0,0,0,0,0,0,0,0,0,0,0,0,104750,2282,3097,71632.800,54659.751,14424.944,0.448,204.667,44458.315,18141.798,321.114,340,559,66,159,334,159730,0,0,0,0.000,0.000,0.000,0.000,0.000,0.000,0.000,0.000,0,0,0,0,0,0,0,0,0,0.000,0.000,0.000,0.000,0.000,0.000,0.000,0.000,0,0,0,0,0,0,0,0,0,0.000,0.000,0.000,0.000,0.000,0.000,0.000,0.000,0,0,0,0,0,0,0,0,0,0.000,0.000,0.000,0.000,0.000,0.000,0.000,0.000,0,0,0,0,0,0,0,0,0,0.000,0.000,0.000,0.000,0.000,0.000,0.000,0.000,0,0,0,0,0,0,0,0,0,0,0,0,0,0,0,0,0,0
13951,465.0,4145,62,65,1049,3096,0,0,2382,370.19,1.404,1.178,0.236,0.057,0.279,-0.964,1.879,1.0877,2.0939,0.646,0.001,0.006,0.173,-0.008,70,80,291,0,303,0,154422.38,22965.486,50179.687,222.829,13628.309,16.839,45626.041,17830.670,4172.874,18271.102,14616.882,10514.871,197.794,1340.137,0.000206,0.106926,2954,0,187,104,291,187,15193,18,104,222.333,0,0,0,0,0,0,0,0,0,0,0,0,0,0,96971,2095,2936,66188.323,50154.278,13626.039,0.495,222.333,41284.246,16946.789,312.564,285,553,80,187,286,160838,0,0,0,0.000,0.000,0.000,0.000,0.000,0.000,0.000,0.000,0,0,0,0,0,0,0,0,0,0.000,0.000,0.000,0.000,0.000,0.000,0.000,0.000,0,0,0,0,0,0,0,0,0,0.000,0.000,0.000,0.000,0.000,0.000,0.000,0.000,0,0,0,0,0,0,0,0,0,0.000,0.000,0.000,0.000,0.000,0.000,0.000,0.000,0,0,0,0,0,0,0,0,0,0.000,0.000,0.000,0.000,0.000,0.000,0.000,0.000,0,0,0,0,0,0,0,0,0,0,0,0,0,0,0,0,0,0
13981,466.0,3886,81,65,1040,2846,0,0,2106,305.61,1.387,1.179,0.245,0.058,0.293,-0.964,1.882,1.0852,2.0747,0.650,0.001,0.005,0.173,-0.008,66,51,296,0,291,0,143375.11,21721.575,45329.418,236.627,12208.739,14.159,42337.435,16336.820,3676.902,17909.469,14327.576,10776.171,340.926,1284.732,0.000315,0.104152,2647,0,191,105,296,191,14154,28,105,236.248,0,0,0,0,0,0,0,0,0,0,0,0,0,0,89108,1895,2619,59669.426,45301.580,12205.753,0.379,236.248,38070.826,15502.368,268.305,270,520,51,191,278,156707,0,0,0,0.000,0.000,0.000,0.000,0.000,0.000,0.000,0.000,0,0,0,0,0,0,0,0,0,0.000,0.000,0.000,0.000,0.000,0.000,0.000,0.000,0,0,0,0,0,0,0,0,0,0.000,0.000,0.000,0.000,0.000,0.000,0.000,0.000,0,0,0,0,0,0,0,0,0,0.000,0.000,0.000,0.000,0.000,0.000,0.000,0.000,0,0,0,0,0,0,0,0,0,0.000,0.000,0.000,0.000,0.000,0.000,0.000,0.000,0,0,0,0,0,0,0,0,0,0,0,0,0,0,0,0,0,0
14011,467.0,3640,71,65,1050,2590,0,0,1844,287.09,1.360,1.180,0.251,0.059,0.312,-0.964,1.878,1.1062,2.0846,0.649,0.002,0.005,0.172,-0.009,69,77,269,0,262,0,135747.88,21086.660,43428.725,137.992,11489.740,14.019,39086.867,14946.452,3206.759,17506.641,14005.313,10070.620,186.796,1281.793,0.000182,0.104026,2362,0,196,73,269,196,13551,33,73,137.576,0,0,0,0,0,0,0,0,0,0,0,0,0,0,81297,1817,2329,56925.661,43410.904,11486.673,0.416,137.576,34820.439,14120.248,242.952,272,528,77,196,255,138827,0,0,0,0.000,0.000,0.000,0.000,0.000,0.000,0.000,0.000,0,0,0,0,0,0,0,0,0,0.000,0.000,0.000,0.000,0.000,0.000,0.000,0.000,0,0,0,0,0,0,0,0,0,0.000,0.000,0.000,0.000,0.000,0.000,0.000,0.000,0,0,0,0,0,0,0,0,0,0.000,0.000,0.000,0.000,0.000,0.000,0.000,0.000,0,0,0,0,0,0,0,0,0,0.000,0.000,0.000,0.000,0.000,0.000,0.000,0.000,0,0,0,0,0,0,0,0,0,0,0,0,0,0,0,0,0,0
14041,468.0,3476,73,65,1059,2417,0,0,1698,380.02,1.338,1.178,0.256,0.061,0.327,-0.964,1.875,1.1126,2.0797,0.652,0.002,0.005,0.170,-0.009,75,68,238,0,196,0,128481.98,20093.223,39341.548,132.359,11355.769,14.264,36553.002,13855.875,2882.516,16383.845,13107.076,8917.113,174.543,1173.199,0.000183,0.103260,2260,0,174,64,238,174,13066,21,64,131.839,0,0,0,0,0,0,0,0,0,0,0,0,0,0,75048,1646,2239,52580.018,39329.227,11353.853,0.519,131.839,32261.682,13043.568,225.443,257,430,67,174,189,119717,0,0,0,0.000,0.000,0.000,0.000,0.000,0.000,0.000,0.000,0,0,0,0,0,0,0,0,0,0.000,0.000,0.000,0.000,0.000,0.000,0.000,0.000,0,0,0,0,0,0,0,0,0,0.000,0.000,0.000,0.000,0.000,0.000,0.000,0.000,0,0,0,0,0,0,0,0,0,0.000,0.000,0.000,0.000,0.000,0.000,0.000,0.000,0,0,0,0,0,0,0,0,0,0.000,0.000,0.000,0.000,0.000,0.000,0.000,0.000,0,0,0,0,0,0,0,0,0,0,0,0,0,0,0,0,0,0
14071,469.0,3288,94,65,1058,2230,0,0,1531,291.76,1.313,1.174,0.264,0.062,0.343,-0.964,1.876,1.1058,2.0782,0.645,0.002,0.004,0.170,-0.009,64,79,274,0,154,0,120591.66,18844.187,37473.688,180.055,10428.060,14.540,34262.640,12877.412,2578.581,15015.102,12012.082,10364.399,50.549,1251.657,0.000262,0.103659,2042,0,190,84,274,190,13496,6,84,179.501,0,0,0,0,0,0,0,0,0,0,0,0,0,0,69715,1564,2036,49662.836,37448.111,10425.378,0.555,179.501,29991.513,12070.497,220.438,227,414,79,190,145,114733,0,0,0,0.000,0.000,0.000,0.000,0.000,0.000,0.000,0.000,0,0,0,0,0,0,0,0,0,0.000,0.000,0.000,0.000,0.000,0.000,0.000,0.000,0,0,0,0,0,0,0,0,0,0.000,0.000,0.000,0.000,0.000,0.000,0.000,0.000,0,0,0,0,0,0,0,0,0,0.000,0.000,0.000,0.000,0.000,0.000,0.000,0.000,0,0,0,0,0,0,0,0,0,0.000,0.000,0.000,0.000,0.000,0.000,0.000,0.000,0,0,0,0,0,0,0,0,0,0,0,0,0,0,0,0,0,0
14101,470.0,3157,64,64,1057,2100,0,0,1375,323.77,1.297,1.174,0.267,0.064,0.355,-0.964,1.873,1.1147,2.0756,0.661,0.000,0.004,0.170,-0.010,66,67,214,0,140,0,115099.90,18077.918,34305.252,165.237,9299.996,14.614,32062.407,11926.011,2327.373,13593.235,10874.589,7837.329,204.742,963.660,0.000188,0.103551,1781,0,132,82,214,132,13212,9,82,164.796,0,0,0,0,0,0,0,0,0,0,0,0,0,0,64561,1431,1772,45169.714,34290.548,9298.037,0.441,164.796,27816.481,11147.575,197.572,203,333,67,132,134,94403,0,0,0,0.000,0.000,0.000,0.000,0.000,0.000,0.000,0.000,0,0,0,0,0,0,0,0,0,0.000,0.000,0.000,0.000,0.000,0.000,0.000,0.000,0,0,0,0,0,0,0,0,0,0.000,0.000,0.000,0.000,0.000,0.000,0.000,0.000,0,0,0,0,0,0,0,0,0,0.000,0.000,0.000,0.000,0.000,0.000,0.000,0.000,0,0,0,0,0,0,0,0,0,0.000,0.000,0.000,0.000,0.000,0.000,0.000,0.000,0,0,0,0,0,0,0,0,0,0,0,0,0,0,0,0,0,0
14131,471.0,3009,85,64,1045,1964,0,0,1252,339.73,1.282,1.172,0.272,0.065,0.366,-0.964,1.877,1.0964,2.0388,0.650,0.001,0.003,0.169,-0.010,64,71,193,0,142,0,108731.45,17247.288,30438.787,179.479,8916.687,13.726,30452.251,11100.688,2089.414,12037.864,9630.292,7232.174,100.651,851.250,0.000183,0.103274,1688,0,113,80,193,113,12652,6,80,179.085,0,0,0,0,0,0,0,0,0,0,0,0,0,0,60781,1267,1682,40811.978,30410.840,8915.740,0.395,179.085,26260.936,10338.249,187.690,178,314,71,113,130,88503,0,0,0,0.000,0.000,0.000,0.000,0.000,0.000,0.000,0.000,0,0,0,0,0,0,0,0,0,0.000,0.000,0.000,0.000,0.000,0.000,0.000,0.000,0,0,0,0,0,0,0,0,0,0.000,0.000,0.000,0.000,0.000,0.000,0.000,0.000,0,0,0,0,0,0,0,0,0,0.000,0.000,0.000,0.000,0.000,0.000,0.000,0.000,0,0,0,0,0,0,0,0,0,0.000,0.000,0.000,0.000,0.000,0.000,0.000,0.000,0,0,0,0,0,0,0,0,0,0,0,0,0,0,0,0,0,0
14161,472.0,2888,72,64,1030,1858,0,0,1090,436.15,1.270,1.175,0.276,0.066,0.375,-0.963,1.884,1.1140,2.0558,0.659,0.001,0.003,0.168,-0.011,61,71,179,1,120,0,102359.25,16453.954,27658.199,199.654,8417.637,13.877,28918.120,10614.541,1850.119,11354.594,9083.676,6262.828,40.423,727.057,0.000189,0.102090,1598,0,91,88,178,91,11924,4,87,199.122,0,0,0,0,0,0,0,0,0,0,0,0,0,0,57266,1156,1594,37383.064,27626.166,8416.800,0.307,199.122,24769.086,9864.871,176.783,161,267,71,91,105,85605,0,0,0,0.000,0.000,0.000,0.000,0.000,0.000,0.000,0.000,0,0,0,0,0,0,0,0,0,0.000,0.000,0.000,0.000,0.000,0.000,0.000,0.000,0,0,0,0,0,0,0,0,0,0.000,0.000,0.000,0.000,0.000,0.000,0.000,0.000,0,0,0,0,0,0,0,0,0,0.000,0.000,0.000,0.000,0.000,0.000,0.000,0.000,0,0,0,0,0,0,0,0,0,0.000,0.000,0.000,0.000,0.000,0.000,0.000,0.000,0,0,0,0,0,0,0,0,0,0,0,0,0,0,0,0,0,0
14191,473.0,2725,78,64,1016,1709,0,0,978,328.26,1.249,1.177,0.282,0.068,0.390,-0.963,1.890,1.0978,2.0688,0.648,0.003,0.002,0.166,-0.012,67,86,158,1,120,0,95409.54,15466.828,24457.472,137.818,8132.602,13.188,27268.627,10013.572,1598.778,9371.711,7497.369,5520.754,15.894,719.866,0.000182,0.102034,1532,0,90,68,158,90,11673,2,68,137.597,0,0,0,0,0,0,0,0,0,0,0,0,0,0,53644,1030,1530,33865.139,24438.977,8132.349,0.220,137.597,23204.166,9282.485,166.163,139,288,85,90,113,88702,0,0,0,0.000,0.000,0.000,0.000,0.000,0.000,0.000,0.000,0,0,0,0,0,0,0,0,0,0.000,0.000,0.000,0.000,0.000,0.000,0.000,0.000,0,0,0,0,0,0,0,0,0,0.000,0.000,0.000,0.000,0.000,0.000,0.000,0.000,0,0,0,0,0,0,0,0,0,0.000,0.000,0.000,0.000,0.000,0.000,0.000,0.000,0,0,0,0,0,0,0,0,0,0.000,0.000,0.000,0.000,0.000,0.000,0.000,0.000,0,0,0,0,0,0,0,0,0,0,0,0,0,0,0,0,0,0
14221,474.0,2593,84,64,1013,1580,0,0,912,329.27,1.225,1.181,0.291,0.070,0.407,-0.963,1.891,1.1046,2.0610,0.649,0.002,0.004,0.166,-0.012,70,82,147,0,102,0,89526.19,14976.686,22547.250,145.457,7547.999,12.018,25512.295,9387.751,1465.827,8882.752,7106.202,4721.662,77.675,610.983,0.000228,0.104670,1445,0,77,70,147,77,11380,6,70,145.212,0,0,0,0,0,0,0,0,0,0,0,0,0,0,49427,944,1439,31189.524,22518.277,7546.875,0.244,145.212,21439.943,8667.556,149.391,124,253,82,77,94,75774,0,0,0,0.000,0.000,0.000,0.000,0.000,0.000,0.000,0.000,0,0,0,0,0,0,0,0,0,0.000,0.000,0.000,0.000,0.000,0.000,0.000,0.000,0,0,0,0,0,0,0,0,0,0.000,0.000,0.000,0.000,0.000,0.000,0.000,0.000,0,0,0,0,0,0,0,0,0,0.000,0.000,0.000,0.000,0.000,0.000,0.000,0.000,0,0,0,0,0,0,0,0,0,0.000,0.000,0.000,0.000,0.000,0.000,0.000,0.000,0,0,0,0,0,0,0,0,0,0,0,0,0,0,0,0,0,0
14251,475.0,2469,80,61,983,1486,0,0,836,366.79,1.215,1.183,0.296,0.071,0.414,-0.962,1.891,1.1057,2.0845,0.669,0.000,0.005,0.165,-0.013,62,90,143,1,79,0,84954.21,14203.957,22046.063,179.075,7191.661,11.741,23984.143,8819.980,1339.402,8699.942,6959.953,4488.941,113.948,514.675,0.000177,0.105422,1373,0,56,87,143,56,10624,17,87,178.927,0,0,0,0,0,0,0,0,0,0,0,0,0,0,45999,923,1356,30324.186,22024.174,7188.323,0.148,178.927,19996.975,8117.078,135.278,126,220,90,56,74,60870,0,0,0,0.000,0.000,0.000,0.000,0.000,0.000,0.000,0.000,0,0,0,0,0,0,0,0,0,0.000,0.000,0.000,0.000,0.000,0.000,0.000,0.000,0,0,0,0,0,0,0,0,0,0.000,0.000,0.000,0.000,0.000,0.000,0.000,0.000,0,0,0,0,0,0,0,0,0,0.000,0.000,0.000,0.000,0.000,0.000,0.000,0.000,0,0,0,0,0,0,0,0,0,0.000,0.000,0.000,0.000,0.000,0.000,0.000,0.000,0,0,0,0,0,0,0,0,0,0,0,0,0,0,0,0,0,0
14281,476.0,2332,66,61,971,1361,0,0,727,351.43,1.190,1.182,0.302,0.073,0.431,-0.962,1.894,1.1193,2.0318,0.669,0.002,0.010,0.164,-0.012,58,81,130,1,82,0,79932.94,13451.904,20194.235,139.957,5973.398,12.460,22475.979,8288.587,1195.560,6922.751,5538.201,4691.978,213.501,557.206,0.000176,0.105376,1128,0,67,63,130,67,10081,24,63,139.725,0,0,0,0,0,0,0,0,0,0,0,0,0,0,42681,846,1104,27253.497,20178.381,5970.297,0.232,139.725,18597.336,7612.180,123.968,94,219,81,67,71,65446,0,0,0,0.000,0.000,0.000,0.000,0.000,0.000,0.000,0.000,0,0,0,0,0,0,0,0,0,0.000,0.000,0.000,0.000,0.000,0.000,0.000,0.000,0,0,0,0,0,0,0,0,0,0.000,0.000,0.000,0.000,0.000,0.000,0.000,0.000,0,0,0,0,0,0,0,0,0,0.000,0.000,0.000,0.000,0.000,0.000,0.000,0.000,0,0,0,0,0,0,0,0,0,0.000,0.000,0.000,0.000,0.000,0.000,0.000,0.000,0,0,0,0,0,0,0,0,0,0,0,0,0,0,0,0,0,0
14311,477.0,2151,81,61,946,1205,0,0,628,390.24,1.157,1.185,0.309,0.074,0.452,-0.962,1.898,1.1210,2.0464,0.670,0.001,0.012,0.163,-0.012,54,98,164,1,70,0,73654.36,12870.159,17342.034,158.798,5864.066,11.787,20648.337,7411.024,1022.646,6738.222,5390.577,5430.684,151.323,637.917,0.000124,0.105799,1088,0,86,78,163,86,9215,10,77,158.169,0,0,0,0,0,0,0,0,0,0,0,0,0,0,38617,728,1078,24139.533,17321.822,5862.200,0.255,158.169,16835.629,6756.097,111.141,93,249,98,86,65,78708,0,0,0,0.000,0.000,0.000,0.000,0.000,0.000,0.000,0.000,0,0,0,0,0,0,0,0,0,0.000,0.000,0.000,0.000,0.000,0.000,0.000,0.000,0,0,0,0,0,0,0,0,0,0.000,0.000,0.000,0.000,0.000,0.000,0.000,0.000,0,0,0,0,0,0,0,0,0,0.000,0.000,0.000,0.000,0.000,0.000,0.000,0.000,0,0,0,0,0,0,0,0,0,0.000,0.000,0.000,0.000,0.000,0.000,0.000,0.000,0,0,0,0,0,0,0,0,0,0,0,0,0,0,0,0,0,0
14341,478.0,2062,87,61,937,1125,0,0,554,381.20,1.137,1.185,0.314,0.074,0.466,-0.961,1.901,1.1208,2.0590,0.667,0.001,0.010,0.163,-0.013,53,76,118,0,65,0,70284.16,12248.687,16594.191,138.580,4787.540,11.370,18904.708,6630.855,890.913,7573.331,6058.665,3816.785,158.792,434.932,0.000192,0.107457,860,0,52,66,117,52,8824,7,65,138.167,0,0,0,0,0,0,0,0,0,0,0,0,0,0,34823,694,853,22225.055,16563.799,4786.461,0.151,138.167,15151.649,5999.689,96.950,104,184,76,52,56,62137,0,0,0,0.000,0.000,0.000,0.000,0.000,0.000,0.000,0.000,0,0,0,0,0,0,0,0,0,0.000,0.000,0.000,0.000,0.000,0.000,0.000,0.000,0,0,0,0,0,0,0,0,0,0.000,0.000,0.000,0.000,0.000,0.000,0.000,0.000,0,0,0,0,0,0,0,0,0,0.000,0.000,0.000,0.000,0.000,0.000,0.000,0.000,0,0,0,0,0,0,0,0,0,0.000,0.000,0.000,0.000,0.000,0.000,0.000,0.000,0,0,0,0,0,0,0,0,0,0,0,0,0,0,0,0,0,0
14371,479.0,2014,83,61,958,1056,0,0,484,372.26,1.107,1.182,0.321,0.073,0.486,-0.962,1.889,1.1341,2.0514,0.669,0.001,0.012,0.163,-0.014,56,66,112,0,49,0,68643.02,12190.662,17136.194,114.890,5201.010,12.730,18050.592,6271.603,762.711,7782.201,6225.761,3838.974,129.802,472.778,0.000172,0.108051,915,0,60,52,112,60,8633,5,52,114.604,0,0,0,0,0,0,0,0,0,0,0,0,0,0,32804,719,910,23194.855,17115.410,5200.038,0.286,114.604,14286.560,5639.762,94.316,103,172,66,60,46,52132,0,0,0,0.000,0.000,0.000,0.000,0.000,0.000,0.000,0.000,0,0,0,0,0,0,0,0,0,0.000,0.000,0.000,0.000,0.000,0.000,0.000,0.000,0,0,0,0,0,0,0,0,0,0.000,0.000,0.000,0.000,0.000,0.000,0.000,0.000,0,0,0,0,0,0,0,0,0,0.000,0.000,0.000,0.000,0.000,0.000,0.000,0.000,0,0,0,0,0,0,0,0,0,0.000,0.000,0.000,0.000,0.000,0.000,0.000,0.000,0,0,0,0,0,0,0,0,0,0,0,0,0,0,0,0,0,0
14401,480.0,1968,101,60,959,1009,0,0,428,359.45,1.090,1.184,0.324,0.073,0.497,-0.962,1.896,1.1376,2.0622,0.689,0.001,0.013,0.162,-0.014,41,69,108,0,36,0,67806.66,12399.239,16173.780,163.304,4642.056,14.546,17373.687,6050.459,663.630,7144.591,5715.673,3427.782,262.540,365.656,0.000174,0.108928,786,0,37,71,108,37,8208,3,71,163.232,0,0,0,0,0,0,0,0,0,0,0,0,0,0,31164,674,783,21602.769,16147.403,4641.241,0.072,163.232,13577.018,5409.549,97.752,94,141,69,37,35,45011,0,0,0,0.000,0.000,0.000,0.000,0.000,0.000,0.000,0.000,0,0,0,0,0,0,0,0,0,0.000,0.000,0.000,0.000,0.000,0.000,0.000,0.000,0,0,0,0,0,0,0,0,0,0.000,0.000,0.000,0.000,0.000,0.000,0.000,0.000,0,0,0,0,0,0,0,0,0,0.000,0.000,0.000,0.000,0.000,0.000,0.000,0.000,0,0,0,0,0,0,0,0,0,0.000,0.000,0.000,0.000,0.000,0.000,0.000,0.000,0,0,0,0,0,0,0,0,0,0,0,0,0,0,0,0,0,0
14431,481.0,1968,108,60,999,968,1,0,393,359.96,1.060,1.182,0.333,0.075,0.516,-0.961,1.894,1.1366,2.0590,0.680,0.000,0.010,0.163,-0.014,49,52,89,0,30,0,68841.13,12845.655,15894.529,120.611,4473.214,11.901,16762.421,5756.167,595.546,6824.169,5459.335,2893.271,101.309,352.781,0.000170,0.109814,760,0,40,49,89,40,8159,0,49,120.460,0,0,0,0,0,0,0,0,0,0,0,0,0,0,29689,661,760,21117.890,15871.659,4473.214,0.151,120.460,12921.118,5116.132,88.895,78,119,52,40,27,35522,0,0,0,0.000,0.000,0.000,0.000,0.000,0.000,0.000,0.000,0,0,0,0,0,0,0,0,0,0.000,0.000,0.000,0.000,0.000,0.000,0.000,0.000,0,0,0,0,0,0,0,0,0,0.000,0.000,0.000,0.000,0.000,0.000,0.000,0.000,0,0,0,0,0,0,3,0,0,0.000,0.000,0.000,0.000,0.000,0.308,0.222,0.000,0,0,0,0,0,0,0,0,0,0.000,0.000,0.000,0.000,0.000,0.000,0.000,0.000,0,0,0,0,0,0,0,0,1,0,0,0,0,0,0,0,0,0
14461,482.0,2050,111,60,1065,984,1,0,352,405.17,1.040,1.184,0.338,0.077,0.527,-0.962,1.897,1.1220,2.0699,0.679,0.001,0.011,0.163,-0.014,42,54,63,0,33,0,72619.48,13717.708,17146.102,102.730,4990.158,11.279,16610.518,5691.033,542.629,9641.613,7713.291,2000.968,133.599,281.116,0.000182,0.111188,794,0,22,41,63,22,8683,3,41,102.683,3,0,0,0,0,0,0,0,0,0,0,0,0,0,28946,714,791,22931.781,17118.988,4989.728,0.046,102.683,12575.024,5027.086,74.365,121,105,54,22,29,31562,0,0,0,0.000,0.000,0.000,0.000,0.000,0.000,0.000,0.000,0,0,0,0,0,0,0,0,0,0.000,0.000,0.000,0.000,0.000,0.000,0.000,0.000,0,0,0,0,0,0,0,0,0,0.000,0.000,0.000,0.000,0.000,0.000,0.000,0.000,0,0,0,0,0,0,30,0,0,0.000,0.000,0.000,0.000,0.000,3.063,1.972,0.000,0,0,0,0,0,0,0,0,0,0.000,0.000,0.000,0.000,0.000,0.000,0.000,0.000,0,0,0,0,0,0,0,0,0,0,0,0,0,0,0,0,0,0
14491,483.0,2131,106,60,1134,997,0,0,340,415.83,1.023,1.185,0.338,0.077,0.539,-0.964,1.895,1.1325,2.0872,0.652,0.002,0.010,0.162,-0.015,41,53,57,0,20,0,76653.02,14732.539,16975.578,96.259,5496.075,9.650,17229.056,5920.596,497.162,8608.778,6887.022,1856.588,251.411,294.280,0.000199,0.112343,877,0,19,38,57,19,8859,3,38,96.224,0,0,0,0,0,0,0,0,0,0,0,0,0,0,29849,707,874,23322.353,16950.241,5495.348,0.035,96.224,12936.014,5207.141,82.207,102,89,53,18,18,30845,0,0,0,0.000,0.000,0.000,0.000,0.000,0.000,0.000,0.000,0,0,0,0,0,0,0,0,0,0.000,0.000,0.000,0.000,0.000,0.000,0.000,0.000,0,0,0,0,0,0,0,0,0,0.000,0.000,0.000,0.000,0.000,0.000,0.000,0.000,0,0,0,0,0,0,11,0,0,0.000,0.000,0.000,0.000,0.000,1.129,0.624,0.000,0,1,0,1,0,44,0,0,0,0.000,0.000,0.000,0.000,0.000,0.000,0.000,0.000,0,0,0,0,0,0,0,0,0,0,0,0,0,0,0,0,0,0
14521,484.0,2262,118,60,1211,1051,0,0,336,341.07,1.020,1.187,0.341,0.075,0.542,-0.964,1.894,1.1410,2.0631,0.664,0.002,0.011,0.163,-0.015,43,48,65,0,20,0,81005.13,15735.420,17897.251,99.637,6515.326,9.483,17813.190,6061.074,482.329,11199.779,8959.823,2262.502,167.497,353.649,0.000167,0.113128,1065,0,25,40,65,25,8933,9,40,99.608,0,0,0,0,0,0,0,0,0,0,0,0,0,0,30625,746,1056,25250.762,17854.355,6513.521,0.029,99.608,13294.628,5320.151,82.704,142,88,47,25,16,27145,0,0,0,0.000,0.000,0.000,0.000,0.000,0.000,0.000,0.000,0,0,0,0,0,0,0,0,0,0.000,0.000,0.000,0.000,0.000,0.000,0.000,0.000,0,0,0,0,0,0,0,0,0,0.000,0.000,0.000,0.000,0.000,0.000,0.000,0.000,0,0,0,0,0,0,0,0,0,0.000,0.000,0.000,0.000,0.000,0.000,0.000,0.000,0,0,0,0,0,0,0,0,0,0.000,0.000,0.000,0.000,0.000,0.000,0.000,0.000,0,0,0,0,0,0,0,0,0,0,0,0,0,0,0,0,0,0
14551,485.0,2412,123,54,1304,1108,0,0,310,323.75,1.012,1.190,0.341,0.077,0.547,-0.963,1.895,1.1363,2.0980,0.649,0.003,0.013,0.164,-0.014,52,48,74,0,19,0,85771.30,17417.620,18919.065,119.775,6855.235,8.788,18901.199,6404.875,457.668,12066.691,9653.353,2761.179,333.292,418.743,0.000212,0.114678,1119,0,27,47,74,27,9583,9,47,119.695,0,0,0,0,0,0,0,0,0,0,0,0,0,0,32338,789,1110,26725.611,18873.214,6853.438,0.080,119.695,14039.842,5593.922,96.969,149,92,48,27,17,29751,0,0,0,0.000,0.000,0.000,0.000,0.000,0.000,0.000,0.000,0,0,0,0,0,0,0,0,0,0.000,0.000,0.000,0.000,0.000,0.000,0.000,0.000,0,0,0,0,0,0,0,0,0,0.000,0.000,0.000,0.000,0.000,0.000,0.000,0.000,0,0,0,0,0,0,0,0,0,0.000,0.000,0.000,0.000,0.000,0.000,0.000,0.000,0,0,0,0,0,0,0,0,0,0.000,0.000,0.000,0.000,0.000,0.000,0.000,0.000,0,0,0,0,0,0,0,0,0,0,0,0,0,0,0,0,0,0
14581,486.0,2579,121,54,1379,1200,0,0,329,303.85,1.021,1.192,0.339,0.078,0.541,-0.963,1.896,1.1393,2.0888,0.636,0.004,0.009,0.164,-0.013,37,44,81,0,13,0,92400.78,18733.564,20989.247,136.663,8129.609,8.879,20122.014,6967.547,444.183,13108.156,10486.525,2486.992,187.667,399.961,0.000212,0.116292,1317,0,24,57,81,24,10190,6,57,136.604,0,0,0,0,0,0,0,0,0,0,0,0,0,0,34434,875,1311,30115.354,20944.530,8128.181,0.059,136.604,14957.307,6098.473,109.912,171,79,44,24,11,18757,0,0,0,0.000,0.000,0.000,0.000,0.000,0.000,0.000,0.000,0,0,0,0,0,0,0,0,0,0.000,0.000,0.000,0.000,0.000,0.000,0.000,0.000,0,0,0,0,0,0,0,0,0,0.000,0.000,0.000,0.000,0.000,0.000,0.000,0.000,0,0,0,0,0,0,0,0,0,0.000,0.000,0.000,0.000,0.000,0.000,0.000,0.000,0,0,0,0,0,0,0,0,0,0.000,0.000,0.000,0.000,0.000,0.000,0.000,0.000,0,0,0,0,0,0,0,0,0,0,0,0,0,0,0,0,0,0
14611,487.0,2745,107,54,1467,1278,0,0,356,302.30,1.020,1.192,0.338,0.082,0.541,-0.963,1.895,1.1270,2.1160,0.621,0.003,0.008,0.165,-0.012,53,51,115,0,19,0,98502.72,20233.366,23056.061,170.820,9108.870,7.919,21583.469,7557.336,465.462,14910.126,11928.101,4088.610,107.308,574.096,0.000141,0.116548,1512,0,47,68,114,47,10482,2,67,170.629,0,0,0,0,0,0,0,0,0,0,0,0,0,0,37142,958,1510,33238.524,23006.341,9108.533,0.085,170.629,16129.923,6633.598,119.322,192,114,51,47,16,30810,0,0,0,0.000,0.000,0.000,0.000,0.000,0.000,0.000,0.000,0,0,0,0,0,0,0,0,0,0.000,0.000,0.000,0.000,0.000,0.000,0.000,0.000,0,0,0,0,0,0,0,0,0,0.000,0.000,0.000,0.000,0.000,0.000,0.000,0.000,0,0,0,0,0,0,0,0,0,0.000,0.000,0.000,0.000,0.000,0.000,0.000,0.000,0,0,0,0,0,0,0,0,0,0.000,0.000,0.000,0.000,0.000,0.000,0.000,0.000,0,0,0,0,0,0,0,0,0,0,0,0,0,0,0,0,0,0
14641,488.0,2938,113,54,1535,1403,0,0,382,311.94,1.036,1.195,0.339,0.084,0.530,-0.963,1.893,1.1277,2.1182,0.624,0.003,0.006,0.166,-0.013,50,45,144,0,20,0,106204.54,22080.857,26305.394,257.334,10339.760,10.161,23131.518,7984.432,504.688,17196.397,13757.118,5007.101,230.024,644.722,0.000203,0.114986,1786,0,42,102,143,42,10995,11,101,256.990,0,0,0,0,0,0,0,0,0,0,0,0,0,0,39975,1097,1775,37980.731,26259.749,10337.324,0.098,256.990,17353.366,7006.207,126.748,227,102,45,42,15,28651,0,0,0,0.000,0.000,0.000,0.000,0.000,0.000,0.000,0.000,0,0,0,0,0,0,0,0,0,0.000,0.000,0.000,0.000,0.000,0.000,0.000,0.000,0,0,0,0,0,0,0,0,0,0.000,0.000,0.000,0.000,0.000,0.000,0.000,0.000,0,0,0,0,0,0,0,0,0,0.000,0.000,0.000,0.000,0.000,0.000,0.000,0.000,0,0,0,0,0,0,0,0,0,0.000,0.000,0.000,0.000,0.000,0.000,0.000,0.000,0,0,0,0,0,0,0,0,0,0,0,0,0,0,0,0,0,0
14671,489.0,3172,118,54,1634,1538,0,0,415,264.20,1.046,1.199,0.339,0.087,0.523,-0.964,1.894,1.1384,2.1191,0.609,0.002,0.007,0.166,-0.013,64,50,121,0,19,0,115261.06,23876.237,28353.867,170.146,11598.585,8.150,25134.621,8691.093,546.060,18530.754,14824.604,4275.925,256.524,733.352,0.000203,0.113768,2044,0,51,70,120,51,11570,32,69,169.630,0,0,0,0,0,0,0,0,0,0,0,0,0,0,43917,1184,2012,41360.997,28306.959,11594.819,0.081,169.630,19051.812,7653.469,140.717,251,116,50,51,15,28316,0,0,0,0.000,0.000,0.000,0.000,0.000,0.000,0.000,0.000,0,0,0,0,0,0,0,0,0,0.000,0.000,0.000,0.000,0.000,0.000,0.000,0.000,0,0,0,0,0,0,0,0,0,0.000,0.000,0.000,0.000,0.000,0.000,0.000,0.000,0,0,0,0,0,0,0,0,0,0.000,0.000,0.000,0.000,0.000,0.000,0.000,0.000,0,0,0,0,0,0,0,0,0,0.000,0.000,0.000,0.000,0.000,0.000,0.000,0.000,0,0,0,0,0,0,0,0,0,0,0,0,0,0,0,0,0,0
14701,490.0,3361,108,52,1709,1651,0,1,448,279.77,1.056,1.199,0.339,0.087,0.517,-0.962,1.897,1.1345,2.1275,0.612,0.002,0.008,0.167,-0.013,39,45,197,0,16,0,122644.67,26018.822,30724.142,253.421,13130.181,7.979,27219.623,9633.069,577.807,19612.767,15690.214,6966.880,258.218,1034.626,0.000299,0.112525,2384,0,93,104,196,93,12131,41,103,253.061,0,0,0,0,0,0,0,13,2,1,0,0,0,1,47910,1281,2343,45386.682,30660.279,13122.789,0.102,253.061,20791.407,8501.880,178.983,266,153,45,93,15,33713,0,0,0,0.000,0.000,0.000,0.000,0.000,0.000,0.000,0.000,0,0,0,0,0,0,0,0,0,0.000,0.000,0.000,0.000,0.000,0.000,0.000,0.000,0,0,0,0,0,0,19,0,0,0.000,0.000,0.000,0.000,0.000,1.594,0.772,0.008,0,0,0,0,0,0,0,0,0,0.000,0.000,0.000,0.000,0.000,0.000,0.000,0.000,0,0,0,0,0,0,0,0,0,0.000,0.000,0.000,0.000,0.000,0.000,0.000,0.000,0,0,0,0,0,0,0,1,0,0,0,0,0,0,0,0,0,0
14731,491.0,3599,105,52,1806,1792,0,1,515,265.19,1.065,1.201,0.339,0.087,0.511,-0.963,1.903,1.1310,2.1173,0.585,0.003,0.009,0.167,-0.013,63,56,174,0,20,0,132408.78,28420.935,33240.269,196.831,13733.826,11.356,29159.369,10397.070,649.548,21655.917,17324.734,6231.699,333.110,991.949,0.000162,0.112636,2487,0,89,85,173,89,12400,24,84,196.325,0,0,0,0,0,0,0,24,0,0,0,0,0,0,51548,1383,2463,48647.272,33186.269,13729.263,0.142,196.325,22393.099,9214.132,178.914,299,158,55,89,14,35568,0,0,0,0.000,0.000,0.000,0.000,0.000,0.000,0.000,0.000,0,0,0,0,0,0,0,0,0,0.000,0.000,0.000,0.000,0.000,0.000,0.000,0.000,0,0,0,0,0,0,30,0,0,0.000,0.000,0.000,0.000,0.000,2.548,1.044,0.000,0,0,0,0,0,0,0,0,0,0.000,0.000,0.000,0.000,0.000,0.000,0.000,0.000,0,0,0,0,0,0,0,0,0,0.000,0.000,0.000,0.000,0.000,0.000,0.000,0.000,0,0,0,0,0,0,0,0,0,0,0,0,0,0,0,0,0,0
14761,492.0,3851,88,52,1889,1961,0,1,559,248.40,1.080,1.208,0.335,0.088,0.501,-0.963,1.907,1.1368,2.1349,0.579,0.003,0.010,0.168,-0.013,55,55,218,0,27,0,143044.00,30801.149,36624.272,328.968,16249.420,10.486,31369.463,11274.462,741.495,24149.324,19319.460,7392.968,482.241,1028.676,0.000280,0.110638,2872,0,79,139,216,79,12447,15,137,327.799,0,0,0,0,0,0,0,26,0,0,0,0,0,0,55978,1525,2857,54726.994,36561.931,16246.397,0.133,327.799,24287.883,10024.723,195.176,325,156,55,79,22,28467,0,0,0,0.000,0.000,0.000,0.000,0.000,0.000,0.000,0.000,0,0,0,0,0,0,0,0,0,0.000,0.000,0.000,0.000,0.000,0.000,0.000,0.000,0,0,0,0,0,0,30,0,0,0.000,0.000,0.000,0.000,0.000,2.549,0.974,0.000,0,0,0,0,0,0,0,0,0,0.000,0.000,0.000,0.000,0.000,0.000,0.000,0.000,0,0,0,0,0,0,0,0,0,0.000,0.000,0.000,0.000,0.000,0.000,0.000,0.000,0,0,0,0,0,0,0,0,0,0,0,0,0,0,0,0,0,0
14791,493.0,4042,95,52,1925,2116,0,1,639,222.55,1.101,1.213,0.331,0.088,0.488,-0.964,1.911,1.1592,2.1150,0.589,0.003,0.010,0.168,-0.011,47,49,274,0,33,0,152422.03,33421.579,38612.929,358.197,17760.942,13.602,33754.799,12169.310,831.784,24600.519,19680.416,9620.013,381.787,1336.866,0.000246,0.108392,3252,0,116,158,270,116,13022,42,154,356.464,0,0,0,0,0,0,0,23,3,2,0,0,0,2,60823,1604,3210,58362.417,38542.706,17750.514,0.165,356.464,26407.599,10834.846,228.739,346,191,49,116,26,36033,0,0,0,0.000,0.000,0.000,0.000,0.000,0.000,0.000,0.000,0,0,0,0,0,0,0,0,0,0.000,0.000,0.000,0.000,0.000,0.000,0.000,0.000,0,0,0,0,0,0,30,0,0,0.000,0.000,0.000,0.000,0.000,2.569,0.987,0.011,0,0,0,0,0,0,0,0,0,0.000,0.000,0.000,0.000,0.000,0.000,0.000,0.000,0,0,0,0,0,0,0,0,0,0.000,0.000,0.000,0.000,0.000,0.000,0.000,0.000,0,0,0,0,0,0,0,0,0,0,0,0,0,0,0,0,0,0
14821,494.0,4368,93,52,2009,2358,0,1,755,217.96,1.124,1.214,0.327,0.087,0.472,-0.963,1.907,1.1625,2.1263,0.569,0.001,0.009,0.169,-0.011,54,43,266,0,27,0,164307.33,36032.600,43826.382,377.670,21155.465,10.555,36607.760,13204.839,969.201,29983.835,23987.068,9722.031,400.324,1450.438,0.000311,0.108317,3900,0,118,148,266,118,13289,22,148,377.485,0,0,0,0,0,0,0,25,0,0,0,0,0,0,66721,1829,3878,67341.007,43763.054,21148.900,0.184,377.485,28965.540,11814.392,249.805,425,183,43,118,22,33993,0,0,0,0.000,0.000,0.000,0.000,0.000,0.000,0.000,0.000,0,0,0,0,0,0,0,0,0,0.000,0.000,0.000,0.000,0.000,0.000,0.000,0.000,0,0,0,0,0,0,30,0,0,0.000,0.000,0.000,0.000,0.000,2.525,0.970,0.000,0,0,0,0,0,0,0,0,0,0.000,0.000,0.000,0.000,0.000,0.000,0.000,0.000,0,0,0,0,0,0,0,0,0,0.000,0.000,0.000,0.000,0.000,0.000,0.000,0.000,0,0,0,0,0,0,0,0,0,0,0,0,0,0,0,0,0,0
14851,495.0,4610,82,53,2038,2571,0,1,937,222.86,1.151,1.215,0.324,0.086,0.456,-0.963,1.912,1.1608,2.1198,0.583,0.002,0.008,0.171,-0.010,55,58,308,0,37,0,174754.80,38269.122,46336.327,371.414,21866.177,12.292,40079.278,14634.515,1202.178,30082.923,24066.339,10691.706,352.077,1553.057,0.000353,0.109032,4215,0,146,162,307,146,14098,16,161,370.935,0,0,0,0,0,0,0,20,2,2,0,0,0,2,74235,1933,4199,70610.570,46258.889,21863.136,0.310,370.935,32221.850,13191.191,277.398,444,231,57,146,28,39454,0,0,0,0.000,0.000,0.000,0.000,0.000,0.000,0.000,0.000,0,0,0,0,0,0,0,0,0,0.000,0.000,0.000,0.000,0.000,0.000,0.000,0.000,0,0,0,0,0,0,30,0,0,0.000,0.000,0.000,0.000,0.000,2.550,1.005,0.008,0,0,0,0,0,0,0,0,0,0.000,0.000,0.000,0.000,0.000,0.000,0.000,0.000,0,0,0,0,0,0,0,0,0,0.000,0.000,0.000,0.000,0.000,0.000,0.000,0.000,0,0,0,0,0,0,0,0,0,0,0,0,0,0,0,0,0,0
14881,496.0,4893,70,53,2132,2759,0,2,1089,229.20,1.159,1.219,0.324,0.087,0.450,-0.962,1.918,1.1576,2.1364,0.568,0.001,0.009,0.172,-0.010,62,61,297,0,52,0,186486.84,41415.381,49279.228,305.886,24077.561,11.338,42646.505,15608.014,1444.460,31455.600,25164.480,10863.850,653.265,1761.234,0.000304,0.107383,4750,0,155,142,295,155,14399,20,140,304.834,0,0,0,0,0,0,0,16,0,0,0,0,0,0,79476,2056,4730,76041.343,49215.441,24071.615,0.407,304.834,34549.501,14148.490,268.394,448,260,60,155,45,47837,0,0,0,0.000,0.000,0.000,0.000,0.000,0.000,0.000,0.000,0,0,0,0,0,0,0,0,0,0.000,0.000,0.000,0.000,0.000,0.000,0.000,0.000,0,0,0,0,0,0,49,0,0,0.000,0.000,0.000,0.000,0.000,6.070,2.976,0.000,0,1,1,0,0,176,0,0,0,0.000,0.000,0.000,0.000,0.000,0.000,0.000,0.000,0,0,0,0,0,0,0,0,0,0.000,0.000,0.000,0.000,0.000,0.000,0.000,0.000,0,0,0,0,0,0,0,2,0,0,0,0,0,0,0,0,0,0
14911,497.0,5188,81,53,2187,2999,0,2,1364,223.64,1.180,1.224,0.321,0.088,0.437,-0.962,1.926,1.1640,2.1311,0.550,0.002,0.009,0.172,-0.010,70,62,336,0,60,0,196669.36,43223.876,52730.480,355.634,27463.488,11.870,45938.729,16975.699,1782.680,34956.735,27965.389,11965.903,518.454,1954.664,0.000214,0.107243,5422,0,158,178,333,158,14987,17,176,354.639,0,0,0,0,0,0,0,12,1,0,0,0,0,0,86176,2194,5405,83180.059,52667.277,27459.763,0.357,354.397,37512.133,15425.554,306.437,511,271,62,158,51,49477,0,0,0,0.000,0.000,0.000,0.000,0.000,0.000,0.000,0.000,0,0,0,0,0,0,0,0,0,0.000,0.000,0.000,0.000,0.000,0.000,0.000,0.000,0,0,0,0,0,0,60,0,0,0.000,0.000,0.000,0.000,0.242,7.659,4.483,0.090,0,0,0,0,0,0,0,0,0,0.000,0.000,0.000,0.000,0.000,0.000,0.000,0.000,0,0,0,0,0,0,0,0,0,0.000,0.000,0.000,0.000,0.000,0.000,0.000,0.000,0,0,0,0,0,0,0,0,0,0,0,0,0,0,0,0,0,0
14941,498.0,5451,69,53,2231,3218,0,2,1664,190.63,1.199,1.226,0.318,0.089,0.426,-0.961,1.933,1.1774,2.1054,0.541,0.000,0.008,0.173,-0.010,65,55,357,1,69,0,207082.45,45195.439,56366.481,331.385,28801.754,13.231,49144.739,18353.494,2214.348,34973.597,27978.878,12140.847,538.192,2093.866,0.000358,0.106661,5871,0,183,174,353,183,15523,18,170,330.065,0,0,0,0,0,0,0,12,2,2,0,2,0,0,93070,2348,5852,88418.223,56284.121,28797.441,0.529,330.065,40531.115,16743.025,330.773,518,299,55,183,61,59347,0,0,0,0.000,0.000,0.000,0.000,0.000,0.000,0.000,0.000,0,0,0,0,0,0,0,0,0,0.000,0.000,0.000,0.000,0.000,0.000,0.000,0.000,0,0,0,0,0,0,60,0,1,7.274,0.000,0.857,0.000,0.000,7.682,3.613,0.179,0,0,0,0,0,0,0,0,0,0.000,0.000,0.000,0.000,0.000,0.000,0.000,0.000,0,0,0,0,0,0,0,0,0,0.000,0.000,0.000,0.000,0.000,0.000,0.000,0.000,0,0,0,0,0,0,0,0,0,0,0,0,0,0,0,0,0,0
14971,499.0,5693,60,53,2263,3430,0,0,2008,234.20,1.219,1.226,0.315,0.086,0.415,-0.962,1.936,1.1686,2.1092,0.534,0.000,0.007,0.174,-0.010,55,54,370,0,93,0,215878.20,46712.766,59646.021,286.350,31296.973,12.032,52079.621,19379.173,2750.269,36687.173,29349.739,13583.599,377.236,2342.059,0.000377,0.105238,6617,0,215,155,369,215,16720,45,155,285.841,0,0,0,0,0,0,0,20,1,0,0,0,0,0,99224,2493,6571,94428.913,59591.855,31286.492,0.509,285.469,43265.347,17735.514,339.177,562,350,53,214,83,62052,0,0,0,0.000,0.000,0.000,0.000,0.000,0.000,0.000,0.000,0,0,0,0,0,0,0,0,0,0.000,0.000,0.000,0.000,0.000,0.000,0.000,0.000,0,0,0,0,0,0,43,0,1,0.808,0.000,0.132,0.000,0.373,5.746,2.546,0.090,0,2,1,1,0,205,0,0,0,0.000,0.000,0.000,0.000,0.000,0.000,0.000,0.000,0,0,0,0,0,0,0,0,0,0.000,0.000,0.000,0.000,0.000,0.000,0.000,0.000,0,0,0,0,0,0,0,0,0,0,0,0,0,0,0,0,0,0
15001,500.0,5806,60,54,2241,3565,0,0,2372,218.87,1.236,1.229,0.312,0.086,0.404,-0.962,1.948,1.1678,2.1207,0.538,0.000,0.008,0.175,-0.009,45,48,473,0,138,0,220116.11,48842.538,61920.701,407.178,31586.181,10.347,54850.252,20534.636,3326.901,37169.271,29735.417,17543.448,587.718,2655.698,0.000314,0.103199,6852,0,266,207,472,266,17017,26,206,406.311,0,0,0,0,0,0,0,0,0,0,0,0,0,0,105377,2583,6826,97127.932,61864.661,31581.068,0.715,406.311,46032.314,18837.941,389.498,568,433,47,266,120,76809,0,0,0,0.000,0.000,0.000,0.000,0.000,0.000,0.000,0.000,0,0,0,0,0,0,0,0,0,0.000,0.000,0.000,0.000,0.000,0.000,0.000,0.000,0,0,0,0,0,0,0,0,0,0.000,0.000,0.000,0.000,0.000,0.000,0.000,0.000,0,0,0,0,0,0,0,0,0,0.000,0.000,0.000,0.000,0.000,0.000,0.000,0.000,0,0,0,0,0,0,0,0,0,0.000,0.000,0.000,0.000,0.000,0.000,0.000,0.000,0,0,0,0,0,0,0,0,0,0,0,0,0,0,0,0,0,0
