tick,sim_second,organisms,food,species,plants,grazers,hunters,omnivores,infected,avg_lifespan,avg_body_size,avg_speed,avg_armor,avg_attack,avg_photo,avg_diet,avg_photo_area,avg_speed_plants,avg_speed_eaters,avg_light_share,ready_share_plants,ready_share_eaters,avg_disease_resistance,avg_symbiosis_rate,symbiotic_pairs,deaths_starvation,deaths_predation,deaths_old_age,deaths_disease,deaths_event,energy_total,flow_photosynthesis,flow_food,flow_predation,flow_grazing,flow_symbiosis,flow_metabolism,flow_movement,flow_disease,flow_reproduction_spent,flow_reproduction_received,flow_death,flow_clamp,flow_digestion,ledger_max_residual,ledger_cumulative_residual,grazes_eat,grazes_attack,kills_consumer,kills_plant,grazer_kills,grazer_kills_consumer,attacks_no_plant_in_reach,grazes_eat_by_plant,kills_plant_by_consumer,plant_kill_energy_consumer,hunter_intents,hunter_strikes,hunter_consumer_in_reach,hunter_kills_consumer,hunter_rejected_size,hunter_rejected_damage,hunter_rejected_both
31,1.0,451,12788,0,157,102,79,113,1,17.44,0.864,0.788,0.184,0.201,0.240,-0.048,1.584,0.3309,1.2739,0.788,0.420,0.187,0.101,-0.001,51,0,16,0,0,0,25243.67,1385.137,6608.858,37.487,25.315,16.236,2343.409,596.968,0.136,2408.122,1926.498,912.731,1779.878,87.188,0.000096,-0.000363,9,0,10,6,2,2,2814,0,6,1.726,612,47,31,4,0,25,2
61,2.0,486,11469,0,166,132,74,114,2,30.19,0.883,0.779,0.183,0.181,0.236,-0.118,1.568,0.3271,1.2555,0.823,0.464,0.197,0.101,-0.001,61,0,21,0,0,0,26783.31,1435.309,6730.778,38.892,48.145,20.448,2481.247,582.993,2.153,2301.053,1840.842,1139.771,1846.842,152.121,0.000092,-0.000428,22,0,18,3,8,7,3005,9,3,5.871,495,30,24,5,0,17,1
91,3.0,549,10164,0,168,192,73,116,2,38.41,0.914,0.771,0.182,0.165,0.216,-0.207,1.579,0.3365,1.2536,0.836,0.446,0.178,0.101,-0.001,82,0,9,0,0,0,29338.29,1532.091,7986.578,15.771,141.654,24.699,2816.631,662.020,3.809,3014.929,2411.943,432.799,2310.453,150.763,0.000119,0.000082,40,0,6,3,5,3,3931,27,3,6.956,463,14,12,2,0,7,3
121,4.0,651,8839,0,173,288,73,117,2,48.77,0.955,0.771,0.166,0.146,0.194,-0.297,1.577,0.3422,1.2820,0.827,0.434,0.144,0.103,-0.009,77,1,18,0,0,0,33108.52,1595.848,10458.539,24.811,201.941,22.696,3358.310,850.598,3.809,5163.770,4131.016,747.504,2191.915,124.079,0.000093,0.001052,80,0,13,5,15,11,5416,59,5,14.059,490,19,16,2,0,8,6
151,5.0,822,7334,37,177,465,69,111,2,60.13,1.024,0.760,0.141,0.127,0.165,-0.398,1.572,0.3321,1.3299,0.807,0.435,0.107,0.105,-0.013,92,6,30,0,0,0,40513.09,1595.437,16423.642,29.282,234.564,21.382,4269.627,1215.960,3.809,9104.085,7283.268,1145.760,1960.858,226.966,0.000158,0.002131,85,0,23,7,27,21,7965,60,7,20.622,488,15,13,2,0,6,5
181,6.0,1005,5952,37,185,647,64,109,2,70.87,1.058,0.760,0.117,0.110,0.148,-0.466,1.595,0.3365,1.3538,0.787,0.373,0.090,0.105,-0.015,83,17,40,0,0,0,46844.64,1692.949,18475.091,48.244,385.907,24.349,5650.053,1752.438,3.809,10577.014,8461.611,1705.585,2255.018,402.431,0.000162,0.003448,99,0,35,5,30,28,11196,50,5,22.743,442,20,14,5,0,4,5
211,7.0,1215,4527,37,196,860,56,103,3,95.99,1.086,0.762,0.101,0.091,0.137,-0.520,1.598,0.3348,1.4167,0.793,0.316,0.081,0.106,-0.018,114,39,23,0,0,0,54971.56,1859.493,21866.087,9.076,631.236,26.058,6981.537,2392.604,3.924,11980.802,9584.642,1020.616,2389.639,423.251,0.000159,0.004599,129,0,20,3,20,19,15009,61,3,2.474,362,28,24,1,0,16,7
241,8.0,1398,3227,37,201,1057,45,95,7,116.56,1.098,0.766,0.100,0.083,0.127,-0.562,1.601,0.3461,1.4746,0.781,0.269,0.072,0.104,-0.020,126,39,52,0,0,0,60269.12,1996.352,21412.386,57.688,881.240,26.077,8343.901,2942.515,7.275,11814.171,9451.337,2045.146,1839.056,628.137,0.000110,0.004193,204,0,47,5,32,28,18622,59,5,9.955,328,21,20,16,0,1,3
271,9.0,1526,2465,37,210,1193,38,85,11,129.21,1.098,0.773,0.095,0.075,0.122,-0.591,1.591,0.3482,1.5110,0.770,0.262,0.067,0.102,-0.022,119,64,44,0,0,0,63191.05,2154.573,18424.467,24.350,669.759,27.503,9229.422,3158.888,12.454,9920.706,7936.565,1720.917,1087.258,488.388,0.000142,0.003909,167,0,38,6,32,30,21697,63,6,4.516,339,27,21,5,1,14,1
301,10.0,1656,1835,35,222,1332,27,75,19,143.80,1.105,0.786,0.089,0.067,0.119,-0.617,1.591,0.3345,1.5572,0.743,0.234,0.057,0.101,-0.025,132,84,60,0,1,0,67017.48,2256.145,22061.713,39.143,748.360,21.503,10084.368,3560.213,20.347,11850.845,9480.676,2499.013,1434.663,561.789,0.000127,0.003889,164,0,55,5,46,44,23601,60,5,5.932,285,30,25,7,0,6,12
331,11.0,1736,1392,35,226,1427,19,64,25,131.87,1.108,0.802,0.086,0.068,0.116,-0.642,1.590,0.3424,1.5936,0.758,0.177,0.051,0.098,-0.025,116,76,116,0,2,0,68250.25,2342.370,23054.193,58.952,1020.910,19.713,10921.262,4192.416,32.845,11827.248,9461.799,4437.930,1320.716,952.134,0.000122,0.003045,194,0,107,9,102,96,24953,62,7,20.227,216,33,33,8,3,13,9
361,12.0,1829,1075,35,231,1527,16,55,30,148.98,1.117,0.815,0.079,0.066,0.115,-0.655,1.584,0.3523,1.6408,0.756,0.156,0.048,0.098,-0.021,119,77,92,0,3,0,71398.31,2568.654,23532.387,72.789,898.355,20.623,11377.943,4531.454,37.707,11640.423,9312.339,3247.800,839.866,662.907,0.000119,0.002516,206,0,81,11,75,64,25301,60,11,24.027,199,33,32,17,5,0,10
391,13.0,1846,1143,35,238,1550,11,47,30,160.62,1.118,0.816,0.080,0.066,0.117,-0.663,1.579,0.3517,1.6497,0.760,0.155,0.047,0.097,-0.021,112,84,78,0,8,0,71103.92,2869.978,19160.902,50.551,1053.130,22.835,11949.289,4672.131,41.584,8041.796,6433.437,2805.552,572.581,726.326,0.000173,0.003727,198,0,64,14,66,54,25431,60,14,27.316,126,12,10,5,0,0,5
421,14.0,1871,1138,35,248,1572,8,43,31,161.77,1.120,0.818,0.079,0.062,0.119,-0.668,1.589,0.3519,1.6569,0.749,0.141,0.042,0.097,-0.018,86,90,96,0,4,0,72802.87,3122.404,21720.492,47.768,1140.481,18.079,12019.600,4757.719,42.997,9282.451,7425.961,3196.401,551.903,766.614,0.000164,0.005373,212,0,82,14,92,78,25127,60,14,33.810,106,6,6,2,0,4,0
451,15.0,2013,858,33,262,1710,8,33,35,169.71,1.132,0.824,0.077,0.062,0.120,-0.669,1.598,0.3605,1.6717,0.745,0.130,0.042,0.097,-0.014,97,76,88,0,2,0,80106.42,3358.538,29622.962,47.448,1464.722,15.908,12693.620,5263.795,50.004,13557.344,10845.875,3202.501,829.808,974.192,0.000276,0.007001,307,0,82,6,74,69,25545,61,6,15.415,88,11,10,8,2,0,0
481,16.0,2161,725,33,268,1861,7,25,39,182.57,1.145,0.833,0.075,0.063,0.116,-0.675,1.609,0.3484,1.6861,0.741,0.134,0.034,0.097,-0.014,92,75,91,0,2,0,86584.31,3670.021,30364.495,45.361,1853.678,15.113,13861.458,5784.833,56.154,14038.707,11230.966,3455.822,538.707,1097.274,0.000172,0.008537,339,0,84,7,78,72,27205,67,7,11.992,90,9,8,8,0,0,0
511,17.0,2276,697,33,282,1966,4,24,45,190.99,1.150,0.839,0.075,0.060,0.117,-0.679,1.616,0.3503,1.7132,0.720,0.103,0.037,0.096,-0.014,80,59,120,0,0,0,91586.66,4016.149,30688.776,54.528,1691.498,14.362,14954.647,6260.871,64.381,12808.695,10246.956,4073.662,726.088,1115.714,0.000241,0.010902,339,0,105,15,109,97,28818,64,14,28.106,79,6,4,4,0,0,0
541,18.0,2391,770,33,290,2078,3,20,39,189.06,1.156,0.840,0.074,0.060,0.116,-0.682,1.606,0.3710,1.7076,0.743,0.114,0.035,0.096,-0.014,69,85,119,0,3,0,96854.85,4282.776,32822.275,60.125,1817.507,15.953,15850.291,6677.798,66.429,14068.960,11255.168,4655.632,602.539,1230.505,0.000189,0.012320,376,0,104,15,110,96,31130,60,14,28.078,51,8,8,8,0,0,0
571,19.0,2555,724,33,301,2234,2,18,44,175.21,1.163,0.849,0.077,0.057,0.115,-0.688,1.604,0.3746,1.7249,0.727,0.110,0.035,0.095,-0.014,72,74,138,0,4,0,104474.14,4701.759,37096.869,39.193,2006.563,13.266,16920.065,6998.659,65.725,16755.657,13404.526,4870.169,731.919,1280.869,0.000141,0.012868,406,0,127,11,137,126,33643,61,11,19.578,30,1,1,1,0,0,0
601,20.0,2726,642,28,306,2406,1,13,55,181.74,1.171,0.854,0.079,0.053,0.112,-0.693,1.612,0.3687,1.7310,0.723,0.088,0.033,0.094,-0.016,86,67,157,0,6,0,111320.52,4938.545,39047.221,73.364,2412.594,13.743,18149.889,7406.510,71.477,17449.859,13959.887,5899.220,650.983,1544.696,0.000177,0.012697,440,0,129,28,150,127,35524,61,21,46.817,4,2,2,2,0,0,0
631,21.0,2875,703,28,311,2553,1,10,58,187.07,1.182,0.854,0.082,0.050,0.110,-0.695,1.612,0.3711,1.7156,0.706,0.071,0.030,0.094,-0.018,77,89,171,0,4,0,116191.59,5144.428,39732.600,79.863,2165.818,13.934,19470.334,7900.078,89.522,18182.842,14546.274,6674.721,752.808,1561.801,0.000202,0.013662,458,0,150,21,168,150,37062,105,17,53.746,0,0,0,0,0,0,0
661,22.0,3042,609,28,319,2712,1,10,66,190.89,1.189,0.856,0.083,0.048,0.109,-0.696,1.622,0.3672,1.7270,0.680,0.069,0.031,0.093,-0.019,61,94,212,0,3,0,121957.41,5238.922,44898.523,76.018,2650.876,16.406,20879.630,8593.852,90.984,21018.001,16814.401,7893.550,873.398,1912.623,0.000210,0.013461,559,0,187,25,212,187,39483,78,25,47.480,0,0,0,0,0,0,0
691,23.0,3201,593,28,333,2859,1,8,85,189.69,1.190,0.857,0.086,0.046,0.109,-0.698,1.628,0.3679,1.7133,0.672,0.063,0.028,0.092,-0.022,77,102,195,0,5,0,128890.34,5497.367,46461.541,65.060,2257.317,14.171,22148.640,9117.033,115.545,20236.225,16188.980,7199.420,817.786,1645.371,0.000223,0.011924,495,0,175,20,194,174,41309,77,19,39.217,0,0,0,0,0,0,0
721,24.0,3273,527,28,336,2931,1,5,93,187.36,1.195,0.861,0.089,0.047,0.109,-0.701,1.642,0.3711,1.7303,0.694,0.051,0.031,0.092,-0.024,69,100,268,0,10,0,132834.92,5874.104,47265.032,77.890,2975.975,12.279,23123.414,9417.083,138.846,19849.856,15879.885,9571.642,775.597,2275.893,0.000389,0.010284,609,0,237,31,266,237,42248,59,29,45.187,0,0,0,0,0,0,0
751,25.0,3484,484,26,361,3117,1,5,109,207.12,1.195,0.864,0.092,0.048,0.110,-0.705,1.661,0.3661,1.7366,0.651,0.066,0.029,0.091,-0.025,71,100,201,0,6,0,141376.81,6236.248,50982.789,49.832,2715.488,11.504,24181.538,9855.939,148.988,22706.474,18165.179,7361.721,735.917,1901.569,0.000169,0.010468,575,0,189,12,200,189,43469,62,11,22.119,0,0,0,0,0,0,0
781,26.0,3581,438,26,369,3206,1,5,126,202.99,1.194,0.869,0.095,0.050,0.110,-0.708,1.674,0.3587,1.7518,0.637,0.046,0.026,0.090,-0.027,61,104,257,0,11,0,146371.23,6523.734,50914.073,78.138,3187.919,12.710,25520.269,10492.500,177.275,20467.342,16373.874,9360.350,696.692,2180.971,0.000245,0.011635,647,0,229,28,253,228,44473,64,23,41.234,0,0,0,0,0,0,0
811,27.0,3750,454,26,391,3354,1,4,144,202.19,1.195,0.873,0.099,0.051,0.112,-0.711,1.683,0.3677,1.7600,0.655,0.049,0.024,0.090,-0.030,83,88,264,0,17,0,149743.92,7091.788,51559.118,66.624,3182.368,11.268,26473.566,11011.710,210.936,23590.714,18872.572,10009.666,562.377,2358.445,0.000231,0.011442,673,0,244,20,264,244,44798,96,19,32.194,0,0,0,0,0,0,0
841,28.0,3849,441,26,399,3447,0,3,184,192.41,1.198,0.877,0.103,0.052,0.112,-0.715,1.696,0.3689,1.7707,0.672,0.050,0.023,0.089,-0.032,66,109,292,0,9,0,151578.48,7598.213,52009.735,79.731,3971.172,13.161,27623.574,11499.526,246.826,22428.284,17942.628,10856.554,491.951,2649.038,0.000191,0.010703,812,0,267,25,292,267,45440,127,25,47.112,0,0,0,0,0,0,0
871,29.0,3881,440,26,391,3487,0,3,205,218.88,1.202,0.883,0.107,0.052,0.111,-0.717,1.711,0.3706,1.7679,0.626,0.036,0.021,0.089,-0.034,59,118,319,0,23,0,152185.45,7657.607,51850.427,122.790,3509.553,12.534,28200.052,11681.625,288.423,21677.321,17341.857,11359.940,610.244,2548.096,0.000245,0.010056,733,0,268,51,319,268,45629,91,51,88.611,0,0,0,0,0,0,0
901,30.0,3919,409,24,390,3527,0,2,271,211.37,1.204,0.889,0.112,0.053,0.111,-0.721,1.731,0.3603,1.7803,0.631,0.036,0.019,0.088,-0.036,65,121,329,0,14,0,152370.97,7588.589,53378.936,101.499,3768.375,11.643,28772.836,11958.701,356.989,22257.315,17805.852,11978.823,658.918,2705.782,0.000209,0.010345,743,0,289,40,327,288,46245,60,39,61.083,0,0,0,0,0,0,0
931,31.0,3946,422,24,391,3554,0,1,349,204.78,1.206,0.893,0.114,0.052,0.111,-0.722,1.758,0.3547,1.7759,0.621,0.033,0.019,0.088,-0.037,63,140,316,0,30,0,152841.36,7561.903,53242.137,98.054,3500.423,10.403,28962.838,11978.332,476.251,22494.108,17995.287,11330.378,685.569,2499.522,0.000257,0.011027,716,0,280,36,316,280,45983,59,36,61.439,0,0,0,0,0,0,0
961,32.0,3993,398,24,411,3582,0,0,428,205.26,1.200,0.895,0.120,0.053,0.114,-0.726,1.767,0.3640,1.7874,0.594,0.024,0.020,0.087,-0.040,54,134,300,0,33,0,154099.22,7779.067,54208.430,92.071,3667.058,9.394,29272.695,12046.422,602.868,22407.053,17925.642,11299.926,588.721,2529.655,0.000189,0.011766,736,0,272,28,300,272,46029,59,28,53.879,0,0,0,0,0,0,0
991,33.0,4037,392,24,435,3602,0,0,528,217.57,1.197,0.897,0.123,0.052,0.118,-0.729,1.778,0.3581,1.7950,0.593,0.028,0.017,0.087,-0.042,58,118,314,0,38,0,154968.44,8176.598,53779.596,80.901,3724.268,10.530,29524.247,12086.375,728.995,22303.272,17842.618,11283.108,502.452,2582.053,0.000224,0.012350,789,0,293,21,314,293,46051,106,21,39.131,0,0,0,0,0,0,0
1021,34.0,4037,411,24,441,3596,0,0,620,220.74,1.191,0.903,0.126,0.055,0.119,-0.734,1.799,0.3477,1.8027,0.591,0.023,0.017,0.086,-0.046,58,111,338,0,40,0,153694.05,8627.912,52340.810,113.662,3888.303,9.500,29540.405,12062.395,883.000,21144.482,16915.586,12271.437,586.952,2783.676,0.000301,0.011124,870,0,294,44,338,294,44930,82,44,76.005,0,0,0,0,0,0,0
1051,35.0,3896,379,22,423,3473,0,0,696,229.34,1.188,0.910,0.133,0.058,0.119,-0.739,1.827,0.3401,1.8185,0.611,0.033,0.014,0.085,-0.051,74,139,424,0,56,0,149082.05,8571.232,52275.300,152.752,3834.832,10.625,29002.267,11890.343,1022.068,20757.928,16606.343,15953.053,542.846,3049.123,0.000252,0.010352,833,0,362,62,424,362,43600,76,62,106.271,0,0,0,0,0,0,0
1081,36.0,3858,427,22,421,3437,0,0,761,228.42,1.182,0.918,0.135,0.058,0.120,-0.745,1.833,0.3432,1.8251,0.622,0.021,0.016,0.084,-0.053,68,106,329,0,63,0,148127.47,8499.977,50290.143,121.936,3701.866,10.613,28457.015,11399.371,1132.085,19811.619,15849.296,12143.323,260.071,2512.456,0.000290,0.009962,746,0,285,44,329,285,42371,60,43,82.727,0,0,0,0,0,0,0
1111,37.0,3909,376,22,448,3461,0,0,866,237.26,1.180,0.919,0.139,0.058,0.125,-0.746,1.853,0.3518,1.8315,0.574,0.022,0.017,0.084,-0.054,65,80,295,0,59,0,149079.41,8403.347,50279.793,96.375,3752.833,9.515,28339.368,11279.597,1266.449,20868.797,16695.038,10089.836,402.816,2275.739,0.000235,0.009993,760,0,263,32,293,261,41250,76,32,57.235,0,0,0,0,0,0,0
1141,38.0,3942,379,22,460,3482,0,0,945,220.05,1.175,0.924,0.140,0.057,0.127,-0.751,1.855,0.3444,1.8470,0.587,0.028,0.014,0.083,-0.057,72,91,274,0,67,0,148283.33,8558.175,48647.340,75.946,4035.469,11.554,28768.253,11429.738,1434.476,19984.041,15987.233,9749.602,367.848,2330.821,0.000147,0.009475,827,0,247,27,273,247,40583,79,26,43.517,0,0,0,0,0,0,0
1171,39.0,3963,383,22,459,3504,0,0,1037,233.30,1.173,0.929,0.141,0.055,0.127,-0.757,1.871,0.3451,1.8569,0.606,0.031,0.012,0.082,-0.061,54,107,277,0,100,0,146041.94,8613.197,48592.901,102.760,4093.189,10.554,28729.378,11484.154,1572.423,21943.948,17555.159,10669.075,233.149,2473.281,0.000198,0.008074,858,0,235,42,274,234,38861,111,39,67.826,0,0,0,0,0,0,0
1201,40.0,3932,315,22,469,3463,0,0,1141,249.20,1.167,0.933,0.144,0.054,0.130,-0.761,1.880,0.3369,1.8749,0.577,0.021,0.012,0.081,-0.064,63,98,247,0,98,0,144370.59,8356.928,46808.334,88.238,4070.022,9.528,28684.332,11576.768,1763.621,17686.495,14149.196,8795.742,249.966,2317.103,0.000197,0.007287,859,0,214,33,244,214,38399,85,30,57.328,0,0,0,0,0,0,0
1231,41.0,3879,320,22,483,3396,0,0,1250,242.65,1.162,0.934,0.146,0.054,0.134,-0.765,1.879,0.3450,1.8782,0.597,0.019,0.012,0.081,-0.065,69,110,244,0,103,0,140990.39,8089.350,44926.365,62.839,4483.745,10.577,28361.661,11363.053,1928.017,17300.882,13840.706,8648.530,328.167,2369.157,0.000248,0.005632,1010,0,225,19,239,220,37053,124,18,26.051,0,0,0,0,0,0,0
1261,42.0,3843,325,22,500,3343,0,0,1355,269.11,1.157,0.935,0.147,0.053,0.139,-0.769,1.881,0.3469,1.8793,0.597,0.014,0.012,0.081,-0.066,61,91,209,0,124,0,136517.12,8492.818,41898.807,55.683,3901.572,8.755,27961.936,11219.681,2150.364,16681.207,13344.966,7884.090,316.127,2052.135,0.000170,0.005050,912,0,195,14,208,195,35594,62,13,28.987,0,0,0,0,0,0,0
1291,43.0,3764,321,22,501,3263,0,0,1423,245.45,1.150,0.938,0.149,0.051,0.142,-0.773,1.894,0.3460,1.9024,0.614,0.020,0.010,0.080,-0.067,54,91,199,0,129,0,132450.41,8546.091,40925.516,53.041,3947.221,9.045,27515.053,11060.832,2292.361,14571.905,11657.524,7527.765,246.887,2034.095,0.000183,0.005140,860,0,182,17,197,180,34319,60,17,25.666,0,0,0,0,0,0,0
1321,44.0,3701,316,22,511,3190,0,0,1473,262.27,1.143,0.940,0.149,0.050,0.146,-0.777,1.896,0.3502,1.9042,0.639,0.023,0.011,0.079,-0.069,56,91,171,0,143,0,127797.23,8743.961,37841.392,39.494,3471.834,8.816,26650.660,10771.168,2415.367,14408.975,11527.180,6642.293,150.850,1765.877,0.000231,0.003236,719,0,159,12,171,159,33253,49,12,19.362,0,0,0,0,0,0,0
1351,45.0,3592,284,21,518,3073,1,0,1452,262.70,1.136,0.945,0.151,0.049,0.151,-0.782,1.906,0.3619,1.9299,0.645,0.021,0.008,0.078,-0.071,55,108,175,0,162,0,123035.61,8759.196,36655.535,72.744,3750.360,8.544,25995.627,10472.810,2435.327,14159.480,11327.584,6506.181,183.449,1823.808,0.000255,0.001109,759,0,151,24,174,150,31385,76,24,53.705,0,0,0,0,0,0,0
1381,46.0,3531,344,21,543,2987,1,0,1490,265.17,1.127,0.944,0.154,0.049,0.158,-0.787,1.917,0.3531,1.9384,0.641,0.017,0.010,0.078,-0.074,65,79,131,0,143,0,118784.09,8704.690,33725.317,42.210,3728.546,10.862,25005.449,10128.144,2459.445,12141.887,9713.510,4903.562,200.803,1597.950,0.000145,0.000502,744,0,117,14,131,117,29928,59,14,26.539,0,0,0,0,0,0,0
1411,47.0,3466,309,21,578,2887,1,0,1500,268.24,1.110,0.945,0.158,0.049,0.168,-0.793,1.921,0.3628,1.9525,0.645,0.014,0.008,0.077,-0.076,71,85,120,0,160,0,115247.92,8839.374,32581.897,25.825,4278.634,8.874,24363.346,9818.637,2509.385,12343.356,9874.685,4140.478,113.812,1568.943,0.000198,0.001371,798,0,113,7,119,112,28774,44,7,11.858,0,0,0,0,0,0,0
1441,48.0,3391,277,21,584,2806,1,0,1527,301.98,1.100,0.950,0.160,0.049,0.172,-0.801,1.919,0.3535,1.9878,0.633,0.014,0.008,0.076,-0.079,59,97,84,0,166,0,110980.43,8939.067,29540.935,31.627,4231.188,10.177,23560.209,9509.101,2568.617,11440.228,9152.182,3280.328,178.605,1394.214,0.000177,0.001262,798,0,72,12,84,72,27633,50,12,25.520,0,0,0,0,0,0,0
1471,49.0,3305,257,21,606,2698,1,0,1520,314.18,1.088,0.949,0.164,0.050,0.181,-0.806,1.923,0.3582,1.9934,0.638,0.021,0.008,0.075,-0.081,53,84,52,0,175,0,107789.58,8814.794,28099.263,19.015,3775.001,7.627,22844.917,9183.620,2595.266,9268.699,7414.959,2456.163,60.331,1129.892,0.000229,0.001635,660,0,45,7,50,43,26961,13,7,11.424,0,0,0,0,0,0,0
1501,50.0,3215,261,21,626,2589,0,0,1476,326.04,1.079,0.948,0.165,0.053,0.190,-0.812,1.933,0.3584,2.0080,0.658,0.018,0.010,0.076,-0.084,47,92,64,0,174,0,103217.71,8982.312,25930.746,16.411,4124.156,8.348,22127.292,8879.026,2561.037,9848.615,7878.892,2518.539,128.674,1317.040,0.000201,0.000485,743,0,55,9,64,55,25333,0,9,11.857,0,0,0,0,0,0,0
1531,51.0,3080,262,21,638,2442,0,0,1422,308.88,1.070,0.945,0.165,0.054,0.200,-0.816,1.935,0.3539,2.0219,0.659,0.020,0.009,0.075,-0.086,47,100,58,0,176,0,97046.11,8814.071,22785.732,20.993,4138.666,7.024,21067.923,8493.481,2454.187,8304.182,6643.346,2686.664,80.806,1348.501,0.000156,0.000283,772,0,51,7,56,49,22615,2,7,13.054,0,0,0,0,0,0,0
1561,52.0,2960,275,21,658,2302,0,0,1356,308.63,1.059,0.942,0.165,0.056,0.212,-0.820,1.944,0.3580,2.0384,0.649,0.015,0.007,0.076,-0.086,49,105,51,0,152,0,91559.46,8715.949,21020.923,19.610,3880.549,8.243,20080.204,7992.241,2343.340,7638.250,6110.600,2168.614,30.804,1100.275,0.000171,-0.001428,695,0,39,12,51,39,21445,0,12,15.213,0,0,0,0,0,0,0
1591,53.0,2848,253,21,686,2162,0,0,1309,353.17,1.042,0.940,0.168,0.059,0.227,-0.826,1.953,0.3574,2.0716,0.665,0.012,0.008,0.076,-0.090,58,105,37,0,150,0,87260.25,8553.515,20046.550,17.284,4041.235,8.239,19054.709,7561.252,2243.988,7163.091,5730.473,1575.937,28.287,1019.768,0.000196,-0.000803,728,0,28,9,37,28,19871,0,9,14.571,0,0,0,0,0,0,0
1621,54.0,2697,275,21,684,2013,0,0,1221,345.04,1.031,0.937,0.168,0.061,0.237,-0.830,1.961,0.3586,2.1044,0.663,0.013,0.010,0.075,-0.092,58,105,36,0,163,0,83122.32,8568.146,18356.400,31.386,3669.597,9.199,17916.886,7110.836,2118.262,6286.643,5029.314,1726.572,19.896,944.088,0.000209,0.000387,697,0,25,11,33,22,17839,0,11,25.608,0,0,0,0,0,0,0
1651,55.0,2583,264,21,689,1894,0,0,1122,352.93,1.018,0.935,0.171,0.064,0.247,-0.836,1.968,0.3567,2.1314,0.668,0.010,0.008,0.076,-0.095,59,89,48,0,117,0,78107.31,8273.271,16317.943,23.735,3496.207,10.455,16896.156,6688.467,1964.978,5679.618,4543.695,1817.165,135.217,992.051,0.000157,-0.000023,649,0,38,10,45,35,16541,0,9,16.688,0,0,0,0,0,0,0
1681,56.0,2471,216,21,696,1775,0,0,1019,373.67,1.003,0.931,0.174,0.065,0.258,-0.844,1.974,0.3549,2.1446,0.689,0.009,0.010,0.075,-0.099,56,90,34,0,130,0,74773.64,8228.122,15927.886,15.774,3304.006,10.156,15927.684,6319.042,1791.744,5649.737,4519.789,1359.900,111.225,865.912,0.000184,-0.000507,599,0,26,8,30,24,15051,9,6,9.878,0,0,0,0,0,0,0
1711,57.0,2351,251,21,711,1640,0,0,915,389.20,0.987,0.923,0.172,0.069,0.275,-0.846,1.976,0.3600,2.1629,0.688,0.011,0.009,0.076,-0.103,56,89,43,0,114,0,69964.77,8190.507,13237.980,14.546,3069.180,10.004,14935.700,5902.521,1594.679,4957.902,3966.322,1830.681,66.507,930.230,0.000152,0.000556,572,0,38,5,43,38,13583,2,5,9.988,0,0,0,0,0,0,0
1741,58.0,2256,242,21,717,1539,0,0,856,371.17,0.975,0.920,0.173,0.072,0.287,-0.851,1.984,0.3628,2.1867,0.678,0.018,0.008,0.076,-0.104,48,87,41,0,92,0,68141.90,8194.531,14279.378,20.173,2892.940,9.157,14016.709,5508.248,1447.356,4918.074,3934.460,1618.818,12.907,729.302,0.000200,0.001840,521,0,33,8,38,30,12373,0,8,15.036,0,0,0,0,0,0,0
1771,59.0,2166,250,21,738,1428,0,0,801,376.88,0.954,0.913,0.179,0.073,0.305,-0.858,1.987,0.3578,2.2134,0.684,0.019,0.011,0.077,-0.108,60,97,35,0,92,0,65999.09,8217.988,12878.168,19.877,2733.680,8.485,13281.002,5225.336,1363.316,5113.798,4091.039,1719.178,24.150,623.098,0.000141,0.002474,436,0,29,6,30,24,11576,5,6,11.530,0,0,0,0,0,0,0
1801,60.0,2124,266,21,760,1364,0,0,717,363.73,0.938,0.907,0.182,0.074,0.319,-0.865,1.988,0.3683,2.2456,0.689,0.012,0.007,0.077,-0.111,49,78,27,0,86,0,65626.96,8511.836,12752.307,11.927,2862.680,11.752,12533.539,4909.609,1208.725,5708.762,4567.010,1168.970,32.183,653.429,0.000152,0.002062,436,0,22,5,25,20,10857,0,5,7.570,0,0,0,0,0,0,0
1831,61.0,2133,325,21,798,1335,0,0,681,380.12,0.922,0.904,0.184,0.077,0.332,-0.875,1.991,0.3679,2.2646,0.677,0.013,0.009,0.077,-0.114,67,93,12,0,54,0,66694.73,9011.529,12753.334,5.670,3060.136,10.494,12209.073,4756.201,1126.977,6458.575,5166.860,717.309,31.469,570.015,0.000143,0.001717,429,0,11,1,8,7,10233,2,1,0.509,0,0,0,0,0,0,0
1861,62.0,2184,324,21,835,1349,0,0,626,419.49,0.910,0.902,0.185,0.077,0.339,-0.881,1.993,0.3682,2.2915,0.696,0.013,0.009,0.077,-0.116,56,68,11,0,53,0,69164.59,9703.360,13241.726,5.115,2923.892,9.206,12258.890,4767.382,1056.376,7010.209,5608.167,463.208,47.215,485.235,0.000191,0.000835,441,0,9,2,11,9,9980,8,2,4.131,0,0,0,0,0,0,0
1891,63.0,2253,348,21,905,1348,0,0,582,392.06,0.898,0.893,0.187,0.078,0.354,-0.885,2.005,0.3677,2.2948,0.673,0.017,0.010,0.078,-0.118,67,72,11,0,51,0,72025.28,10542.814,13338.879,7.469,3257.828,10.532,12410.199,4781.819,968.180,7552.892,6042.314,731.795,70.075,555.823,0.000133,0.001264,517,0,8,3,9,6,9600,75,3,4.299,0,0,0,0,0,0,0
1921,64.0,2369,302,21,969,1400,0,0,582,394.91,0.888,0.895,0.188,0.079,0.361,-0.891,2.007,0.3688,2.3393,0.679,0.025,0.012,0.078,-0.121,71,67,6,0,38,0,78793.94,11696.888,16309.863,4.404,3593.158,12.407,12694.274,4944.057,929.739,8659.211,6927.369,330.449,26.173,585.965,0.000225,0.000208,542,0,5,1,3,3,9858,61,0,0.000,0,0,0,0,0,0,0
1951,65.0,2522,330,21,1058,1464,0,0,570,382.94,0.879,0.896,0.190,0.084,0.370,-0.897,2.018,0.3773,2.3526,0.665,0.020,0.010,0.078,-0.123,69,71,18,0,27,0,84513.91,12987.621,15549.774,16.638,4097.019,12.097,13264.329,5213.291,902.142,10049.325,8039.460,804.966,18.765,620.710,0.000140,0.001205,551,0,16,2,11,10,10025,9,1,7.542,0,0,0,0,0,0,0
1981,66.0,2696,364,21,1151,1545,0,0,563,371.07,0.870,0.898,0.192,0.086,0.376,-0.904,2.018,0.3706,2.3848,0.647,0.024,0.013,0.077,-0.127,75,66,30,0,34,0,91728.38,14618.910,17331.791,38.167,5249.767,13.606,13991.669,5502.843,887.407,11404.549,9123.640,1330.626,26.209,754.733,0.000167,0.002250,695,0,19,11,20,12,10356,18,8,28.122,0,0,0,0,0,0,0
2011,67.0,2946,354,21,1264,1682,0,0,592,361.21,0.868,0.907,0.194,0.088,0.379,-0.908,2.025,0.3826,2.4253,0.627,0.025,0.012,0.077,-0.129,64,63,29,0,42,0,100296.05,16298.643,19002.141,42.556,5239.762,12.494,15036.129,5918.797,903.022,14428.226,11542.581,1266.931,65.160,699.980,0.000221,0.000877,681,0,18,11,22,12,10638,19,10,33.560,0,0,0,0,0,0,0
2041,68.0,3226,398,21,1384,1842,0,0,654,299.92,0.865,0.911,0.195,0.090,0.380,-0.914,2.030,0.3855,2.4234,0.616,0.021,0.010,0.076,-0.133,75,46,27,0,33,0,110660.89,18422.369,20455.636,16.347,7315.861,10.257,16336.027,6427.145,938.361,14515.267,11612.214,1005.095,67.245,852.586,0.000256,-0.001707,941,0,17,10,18,12,11220,44,6,11.773,0,0,0,0,0,0,0
2071,69.0,3593,349,21,1524,2069,0,0,753,300.89,0.867,0.917,0.195,0.093,0.377,-0.918,2.034,0.3823,2.4370,0.592,0.022,0.016,0.075,-0.137,57,55,44,0,31,0,122959.37,20646.312,24872.072,55.316,8786.883,11.926,18108.562,7270.940,1062.083,18787.678,15030.143,1741.579,177.577,1156.943,0.000211,-0.003227,1187,0,30,14,24,12,11685,60,12,33.424,0,0,0,0,0,0,0
2101,70.0,3956,361,21,1653,2302,0,1,909,254.07,0.872,0.923,0.193,0.090,0.373,-0.921,2.034,0.3868,2.4291,0.570,0.021,0.011,0.074,-0.138,73,53,69,0,42,0,133984.78,22810.727,26009.113,75.803,10968.567,11.094,19957.010,8213.843,1267.050,20048.546,16038.837,2810.153,225.862,1386.595,0.000178,-0.004151,1498,0,45,24,50,27,12279,71,23,51.001,0,0,0,0,0,0,0
2131,71.0,4357,337,21,1785,2571,0,1,1135,271.64,0.877,0.931,0.193,0.089,0.367,-0.924,2.038,0.3844,2.4261,0.577,0.016,0.014,0.073,-0.140,52,72,69,0,54,0,146970.06,25138.475,29165.686,68.229,12254.172,10.843,22075.415,9117.686,1551.742,22779.596,18223.677,2361.656,330.775,1393.925,0.000262,-0.006576,1683,0,49,20,37,20,13071,30,17,30.750,0,0,0,0,0,0,0
2161,72.0,4763,359,21,1910,2852,0,1,1422,255.84,0.884,0.940,0.193,0.089,0.361,-0.927,2.039,0.3837,2.4409,0.556,0.018,0.011,0.073,-0.140,72,41,87,0,48,0,159609.16,28333.422,30190.579,85.219,14218.630,12.312,24486.039,10127.491,1957.176,22487.803,17990.243,2839.523,466.784,1595.546,0.000341,-0.010997,1948,0,63,24,55,37,13741,13,18,45.916,0,0,0,0,0,0,0
2191,73.0,5157,296,21,2012,3144,0,1,1881,276.12,0.894,0.948,0.192,0.090,0.354,-0.928,2.046,0.3901,2.4276,0.538,0.015,0.010,0.072,-0.140,66,61,102,0,87,0,172948.80,30204.737,35654.222,100.160,17737.315,8.926,26938.254,11236.128,2590.234,25519.233,20415.386,4324.745,389.940,2036.322,0.000380,-0.017671,2454,0,81,21,64,45,14310,10,19,40.513,0,0,0,0,0,0,0
2221,74.0,5525,266,21,2087,3437,0,1,2364,304.06,0.906,0.962,0.192,0.092,0.344,-0.929,2.052,0.3894,2.4299,0.533,0.011,0.012,0.071,-0.141,56,52,166,0,87,0,184149.88,32504.323,37619.705,193.985,19669.006,9.621,29386.330,12541.187,3370.129,26740.117,21392.094,5943.927,351.232,2176.101,0.000340,-0.020797,2915,0,96,70,141,78,14526,6,63,169.224,0,0,0,0,0,0,0
2251,75.0,5829,225,22,2149,3679,0,1,2906,258.23,0.917,0.971,0.191,0.090,0.338,-0.930,2.052,0.3913,2.4164,0.532,0.012,0.012,0.071,-0.140,65,53,193,0,124,0,193683.52,35309.484,39041.415,175.215,19915.403,10.572,31695.304,13661.555,4312.435,27094.572,21675.658,7197.992,450.639,2255.639,0.000347,-0.023156,3029,0,134,59,153,97,15453,10,56,122.243,0,0,0,0,0,0,0
2281,76.0,5996,266,22,2164,3832,0,0,3408,287.95,0.926,0.979,0.191,0.089,0.332,-0.931,2.054,0.3942,2.4268,0.533,0.017,0.030,0.071,-0.141,66,47,233,0,168,0,203538.78,37399.156,42500.147,249.853,21787.735,12.094,33721.083,14489.750,5202.067,24519.402,19615.522,9011.037,500.482,2465.578,0.000256,-0.025853,3312,0,140,93,195,110,16629,33,85,195.851,0,0,0,0,0,0,0
2311,77.0,6000,276,22,2133,3867,0,0,3764,249.23,0.931,0.984,0.190,0.087,0.328,-0.933,2.060,0.3971,2.4018,0.544,0.033,0.080,0.071,-0.141,66,47,228,0,199,0,218318.22,39872.397,46968.444,297.749,22746.578,10.778,34303.308,14712.259,6011.198,19088.753,15271.003,10090.955,1045.095,2378.584,0.000280,-0.027199,3312,0,126,102,189,91,17181,9,98,233.396,0,0,0,0,0,0,0
2341,78.0,6000,259,22,2096,3904,0,0,4156,283.43,0.938,0.989,0.192,0.087,0.323,-0.933,2.064,0.3958,2.3936,0.556,0.050,0.116,0.070,-0.142,41,36,234,0,220,0,233508.33,40987.823,49637.139,297.904,24424.352,8.812,34584.051,14808.022,6731.520,19801.239,15840.991,10901.669,2200.250,2546.994,0.000295,-0.030459,3521,0,132,102,188,93,16976,23,95,239.704,0,0,0,0,0,0,0
2371,79.0,6000,246,22,2068,3932,0,0,4271,259.46,0.943,0.994,0.193,0.088,0.320,-0.935,2.068,0.3973,2.3968,0.565,0.068,0.148,0.070,-0.143,39,30,267,0,215,0,246245.91,42721.192,50047.522,287.346,25477.915,7.538,34848.141,14834.833,7239.598,20727.456,16581.965,12579.604,3858.276,2812.541,0.000337,-0.027328,3576,0,170,97,219,130,17606,4,89,201.822,0,0,0,0,0,0,0
2401,80.0,6000,273,22,2022,3978,0,0,4330,292.33,0.950,0.999,0.193,0.090,0.314,-0.935,2.071,0.3945,2.3908,0.555,0.080,0.190,0.070,-0.144,42,22,262,0,186,0,261195.30,43574.961,53245.614,354.882,26185.680,10.509,35161.640,14971.397,7477.420,19196.152,15356.922,12734.375,5283.109,2758.908,0.000572,-0.023009,3465,0,157,105,206,109,17296,40,97,261.722,0,0,0,0,0,0,0
2431,81.0,6000,264,22,1974,4026,0,0,4345,290.55,0.957,1.006,0.193,0.090,0.308,-0.935,2.071,0.3922,2.3789,0.572,0.085,0.228,0.069,-0.145,58,20,241,0,209,0,276350.62,44002.644,58213.475,392.646,27079.644,12.573,35459.790,15275.745,7607.487,19094.927,15275.942,14717.897,7626.167,2947.379,0.000364,-0.019758,3512,0,151,90,182,95,16761,38,87,266.042,0,0,0,0,0,0,0
2461,82.0,6000,285,22,1931,4069,0,0,4314,322.33,0.964,1.013,0.193,0.090,0.304,-0.935,2.074,0.3958,2.3726,0.585,0.123,0.268,0.069,-0.145,41,24,232,0,198,0,292238.41,45396.290,58818.520,331.662,26639.956,10.779,35766.953,15420.084,7638.048,18740.134,14992.107,14076.999,9063.681,2944.895,0.000507,-0.010755,3363,0,151,81,187,110,16655,12,77,236.913,0,0,0,0,0,0,0
2491,83.0,5996,302,22,1913,4083,0,0,4340,301.78,0.969,1.016,0.195,0.090,0.302,-0.936,2.072,0.4028,2.3819,0.564,0.129,0.296,0.069,-0.145,48,14,254,0,194,0,306487.00,46048.048,60696.481,389.891,28251.586,8.714,36084.733,15583.276,7699.687,18587.651,14870.121,15858.512,11044.884,2897.219,0.000576,-0.004147,3225,0,166,88,185,106,16274,5,79,246.385,0,0,0,0,0,0,0
2521,84.0,5994,328,22,1885,4109,0,0,4322,291.95,0.975,1.020,0.195,0.089,0.299,-0.935,2.072,0.4006,2.3757,0.573,0.144,0.325,0.069,-0.145,39,13,267,0,155,0,318815.72,45773.563,64082.802,345.502,29826.106,10.403,36332.935,15700.917,7733.399,17673.442,14138.753,16824.399,14395.640,3351.162,0.000324,-0.004813,3373,0,183,84,199,127,16882,5,72,204.529,0,0,0,0,0,0,0
2551,85.0,5998,313,22,1859,4139,0,0,4223,329.47,0.980,1.024,0.196,0.088,0.296,-0.935,2.076,0.3965,2.3754,0.576,0.140,0.356,0.068,-0.145,26,8,265,0,175,0,327509.03,46025.930,66547.663,349.347,30718.753,8.377,36567.585,15846.347,7657.341,18774.167,15019.334,18942.233,17866.848,3594.440,0.000227,-0.003738,3459,0,190,75,214,146,16597,16,68,218.396,0,0,0,0,0,0,0
2581,86.0,5996,319,22,1826,4170,0,0,4291,293.84,0.984,1.030,0.197,0.088,0.292,-0.937,2.079,0.3968,2.3726,0.575,0.147,0.379,0.068,-0.145,34,12,265,0,164,0,336180.69,46253.209,66088.875,362.823,30393.452,8.860,36874.629,15996.070,7677.319,18069.212,14455.370,17712.532,18803.042,3355.819,0.000471,-0.009327,3354,0,191,74,195,135,16824,17,60,222.263,0,0,0,0,0,0,0
2611,87.0,6000,270,22,1771,4229,0,0,4276,355.67,0.993,1.038,0.198,0.087,0.285,-0.937,2.078,0.3974,2.3664,0.587,0.162,0.385,0.067,-0.146,33,14,290,0,160,0,345596.84,46465.036,68672.160,498.713,30691.801,8.176,37213.228,16181.164,7753.146,19363.488,15490.790,18561.206,19457.053,3181.262,0.000493,-0.007264,3286,0,183,107,209,110,16671,25,99,308.073,0,0,0,0,0,0,0
2641,88.0,5998,315,22,1735,4263,0,0,4270,338.91,0.998,1.043,0.199,0.087,0.280,-0.938,2.081,0.3919,2.3671,0.599,0.190,0.406,0.067,-0.146,26,12,268,0,149,0,353615.94,47320.624,69014.644,436.194,31771.235,7.572,37532.622,16357.850,7729.942,17835.419,14268.335,20173.900,19819.357,3571.591,0.000395,-0.010061,3342,0,201,67,187,129,16630,8,58,216.757,0,0,0,0,0,0,0
2671,89.0,6000,291,22,1693,4307,0,0,4325,333.27,1.006,1.050,0.200,0.087,0.274,-0.938,2.081,0.3921,2.3599,0.594,0.176,0.416,0.066,-0.146,40,7,259,0,154,0,358885.53,46683.496,71239.371,423.846,32276.275,8.604,37865.573,16660.466,7834.812,17621.291,14097.033,20468.073,23185.066,3538.899,0.000340,-0.009671,3303,0,179,80,182,115,16689,10,67,211.956,0,0,0,0,0,0,0
2701,90.0,6000,282,23,1656,4344,0,0,4398,341.83,1.010,1.055,0.200,0.088,0.269,-0.939,2.077,0.3913,2.3730,0.605,0.179,0.421,0.066,-0.147,26,7,289,0,147,0,362133.53,45383.126,70903.468,465.305,31040.023,7.099,38210.870,16833.173,7934.064,18497.140,14797.712,20505.209,22886.837,3434.302,0.000437,-0.006169,3186,0,205,84,225,149,17155,3,76,307.588,0,0,0,0,0,0,0
2731,91.0,6000,308,23,1610,4390,0,0,4432,379.81,1.017,1.060,0.201,0.089,0.263,-0.939,2.076,0.3859,2.3613,0.600,0.181,0.414,0.065,-0.147,37,11,299,0,164,0,361606.59,44076.214,71768.320,568.917,29950.629,7.951,38570.874,17023.253,8103.968,19682.596,15746.077,21477.347,24361.032,3467.390,0.000457,-0.006797,3052,0,213,86,194,116,17304,10,78,276.315,0,0,0,0,0,0,0
2761,92.0,6000,244,23,1548,4451,0,1,4368,382.76,1.026,1.067,0.201,0.090,0.255,-0.940,2.082,0.3872,2.3616,0.610,0.163,0.420,0.065,-0.147,29,7,304,0,144,0,363094.53,43444.640,72227.877,593.061,30948.990,8.640,38986.811,17206.654,8071.099,18869.065,15095.252,21104.897,22304.549,3329.827,0.000440,-0.004848,3149,0,196,108,234,130,17115,5,104,385.226,0,0,0,0,0,0,0
2791,93.0,5997,246,23,1493,4503,0,1,4394,389.16,1.034,1.074,0.201,0.091,0.249,-0.941,2.088,0.3845,2.3589,0.602,0.159,0.405,0.064,-0.147,30,5,288,0,176,0,359096.53,41683.914,69268.034,538.756,30275.091,8.888,39440.782,17511.788,8078.985,19455.826,15564.661,22906.818,20339.116,3320.064,0.000658,0.004572,3081,0,199,89,199,114,16915,2,85,286.357,0,0,0,0,0,0,0
2821,94.0,6000,243,23,1444,4555,0,1,4410,337.48,1.041,1.080,0.203,0.090,0.242,-0.941,2.086,0.3786,2.3526,0.609,0.157,0.401,0.063,-0.147,41,13,269,0,162,0,356527.47,39779.660,70195.013,521.872,28237.153,8.651,39846.006,17681.490,8136.603,18700.247,14960.198,20290.186,20365.522,3005.744,0.000586,0.009234,3056,0,176,93,187,103,17069,19,84,302.291,0,0,0,0,0,0,0
2851,95.0,6000,228,22,1399,4600,0,1,4350,365.55,1.047,1.086,0.204,0.091,0.236,-0.942,2.087,0.3815,2.3346,0.606,0.137,0.374,0.062,-0.148,37,12,309,0,171,0,351499.84,38466.745,69459.241,462.803,27626.431,10.203,40202.591,17785.227,8052.368,20795.235,16636.188,22131.089,17887.296,3198.821,0.000597,0.014791,3028,0,228,81,221,151,17148,8,70,229.274,0,0,0,0,0,0,0
2881,96.0,5998,242,22,1363,4634,0,1,4238,326.47,1.053,1.092,0.204,0.088,0.232,-0.942,2.089,0.3836,2.3373,0.625,0.126,0.350,0.062,-0.148,31,7,304,0,183,0,343864.62,36621.140,68216.659,497.573,27173.960,11.481,40642.193,17880.508,7979.705,20622.517,16498.014,21151.251,18054.494,3137.937,0.000712,0.023779,3028,0,222,82,205,131,17230,15,74,227.807,0,0,0,0,0,0,0
2911,97.0,6000,217,22,1312,4688,0,0,4245,330.12,1.061,1.099,0.204,0.087,0.225,-0.943,2.084,0.3815,2.3389,0.628,0.123,0.343,0.062,-0.149,36,20,266,0,167,0,338766.44,35304.327,66842.475,411.368,25989.422,9.018,40999.206,18042.766,7803.801,19421.311,15537.049,19423.786,14673.924,2828.616,0.000430,0.027597,2985,0,201,65,190,128,17058,6,62,201.975,0,0,0,0,0,0,0
2941,98.0,6000,217,22,1273,4727,0,0,4199,337.12,1.067,1.105,0.205,0.088,0.221,-0.943,2.083,0.3796,2.3360,0.627,0.107,0.312,0.061,-0.150,31,15,290,0,178,0,329315.84,33608.336,63658.372,415.549,24132.951,9.613,41340.315,18340.506,7784.912,20456.556,16365.245,19528.038,13201.592,2846.183,0.000584,0.034702,2993,0,221,69,207,147,17256,31,60,211.090,0,0,0,0,0,0,0
2971,99.0,5996,208,22,1209,4787,0,0,4222,394.58,1.074,1.116,0.205,0.088,0.212,-0.944,2.086,0.3835,2.3378,0.627,0.100,0.278,0.060,-0.150,33,19,348,0,164,0,317848.53,31186.023,62450.450,505.147,22285.118,8.627,41769.809,18751.496,7779.552,22605.483,18084.387,19677.911,10543.343,2565.728,0.000375,0.037438,2689,0,253,95,241,149,17361,14,92,258.314,0,0,0,0,0,0,0
3001,100.0,5999,207,21,1180,4819,0,0,4239,342.51,1.080,1.120,0.205,0.088,0.209,-0.945,2.086,0.3824,2.3303,0.632,0.074,0.236,0.059,-0.152,30,24,315,0,206,0,301166.72,29066.162,58204.290,331.507,21597.876,9.168,42074.111,18834.145,7759.284,23449.222,18759.378,19303.734,9017.928,2604.713,0.000354,0.040064,2672,0,266,49,220,175,17059,2,45,121.853,0,0,0,0,0,0,0
3031,101.0,5997,182,21,1124,4872,0,1,4215,400.88,1.088,1.128,0.204,0.086,0.201,-0.946,2.084,0.3891,2.3321,0.643,0.070,0.189,0.059,-0.152,36,17,362,0,202,0,283543.44,27458.588,57942.624,398.482,19819.948,7.715,42466.474,18863.390,7753.317,24994.299,19995.439,19041.607,7776.336,2523.017,0.000483,0.047109,2667,0,283,79,241,180,17022,2,61,148.342,0,0,0,0,0,0,0
3061,102.0,6000,156,21,1113,4886,0,1,4155,333.39,1.092,1.129,0.203,0.084,0.200,-0.946,2.085,0.3839,2.3200,0.640,0.049,0.151,0.059,-0.152,45,25,318,0,243,0,265471.91,25773.082,54050.895,310.658,19569.699,9.293,42715.458,19034.444,7678.553,25372.909,20298.328,17051.016,4411.349,2240.754,0.000260,0.047995,2714,0,271,47,222,178,17446,1,44,119.188,0,0,0,0,0,0,0
3091,103.0,5996,134,21,1095,4900,0,1,4101,326.60,1.096,1.131,0.203,0.085,0.198,-0.946,2.090,0.3902,2.3139,0.642,0.024,0.095,0.058,-0.152,40,41,365,0,247,0,245422.55,24581.689,52256.442,303.817,17733.951,9.184,42896.822,19212.494,7569.796,27986.022,22388.818,16764.366,2897.617,2253.017,0.000437,0.051260,2635,0,311,54,234,185,17277,5,49,98.188,0,0,0,0,0,0,0
3121,104.0,5996,136,21,1050,4945,0,1,4045,353.95,1.103,1.138,0.203,0.083,0.192,-0.946,2.089,0.3924,2.3165,0.639,0.014,0.037,0.058,-0.153,36,41,357,0,293,0,221009.02,23188.903,47931.113,359.148,16788.883,11.994,43131.348,19411.239,7431.947,29870.502,23896.402,16672.177,1233.610,2038.279,0.000228,0.052967,2618,0,291,66,231,174,17520,2,57,137.096,0,0,0,0,0,0,0
3151,105.0,5918,138,21,1022,4896,0,0,3965,315.44,1.108,1.140,0.203,0.082,0.191,-0.948,2.093,0.3851,2.3139,0.640,0.005,0.002,0.057,-0.155,50,45,321,0,347,0,197729.92,21499.404,45524.485,236.300,14727.463,11.074,43308.384,19409.729,7339.155,27292.102,21833.682,13122.617,174.117,1726.865,0.000306,0.053645,2516,0,260,61,236,188,17236,7,48,108.425,0,0,0,0,0,0,0
3181,106.0,5554,129,21,988,4566,0,0,3812,325.54,1.109,1.139,0.204,0.084,0.195,-0.949,2.095,0.3891,2.3021,0.651,0.004,0.003,0.058,-0.155,55,59,290,0,363,0,177284.23,19992.399,42139.044,221.677,12997.810,11.429,41854.357,18489.511,7090.954,15052.431,12041.945,10904.622,38.451,1410.428,0.000270,0.053651,2287,0,236,54,205,154,16617,1,51,107.005,0,0,0,0,0,0,0
3211,107.0,5208,133,21,979,4229,0,0,3579,329.49,1.107,1.133,0.206,0.085,0.203,-0.949,2.097,0.3832,2.3019,0.640,0.005,0.002,0.058,-0.155,52,58,211,0,404,0,161041.73,18913.294,40335.427,170.268,11528.393,9.823,39355.883,17232.010,6819.168,14018.644,11214.915,8367.726,26.665,1056.303,0.000206,0.052289,2019,0,169,42,137,100,15146,5,37,72.471,0,0,0,0,0,0,0
3241,108.0,4793,147,21,947,3846,0,0,3288,322.15,1.102,1.128,0.209,0.086,0.211,-0.950,2.096,0.3846,2.2987,0.673,0.003,0.004,0.059,-0.155,39,95,194,0,441,0,146829.59,18119.980,37403.850,207.762,11227.341,8.410,36633.284,15946.509,6298.058,13505.199,10804.159,7400.865,27.019,936.959,0.000226,0.051069,1905,0,132,62,122,67,13852,0,55,121.479,0,0,0,0,0,0,0
3271,109.0,4422,131,21,932,3490,0,0,2990,407.04,1.097,1.117,0.210,0.088,0.222,-0.950,2.100,0.3857,2.2897,0.665,0.002,0.003,0.060,-0.155,36,74,164,0,391,0,134671.33,16968.784,34236.078,144.545,10005.337,8.525,33520.116,14409.548,5739.377,11090.496,8872.397,6607.761,71.072,941.700,0.000138,0.051171,1720,0,131,33,107,76,12881,1,31,67.376,0,0,0,0,0,0,0
3301,110.0,4073,171,22,918,3155,0,0,2751,371.05,1.092,1.107,0.213,0.091,0.233,-0.951,2.100,0.3877,2.2814,0.677,0.002,0.003,0.061,-0.155,33,70,169,1,340,0,123834.00,15988.582,31003.348,129.461,9625.075,7.903,30764.023,13066.418,5244.281,9915.693,7932.554,5932.355,84.522,883.973,0.000167,0.050194,1619,0,137,32,108,79,11838,1,29,55.077,0,0,0,0,0,0,0
3331,111.0,3809,179,22,917,2892,0,0,2459,371.89,1.084,1.097,0.215,0.092,0.246,-0.952,2.107,0.3884,2.2809,0.675,0.003,0.006,0.062,-0.154,49,78,130,0,316,0,116063.09,15188.737,29985.489,105.966,8853.657,8.833,28483.915,11921.424,4779.802,11119.922,8895.938,4819.004,52.288,770.687,0.000207,0.051911,1505,0,107,23,69,51,11430,6,18,32.522,0,0,0,0,0,0,0
3361,112.0,3568,175,22,912,2656,0,0,2195,402.04,1.079,1.086,0.215,0.093,0.258,-0.953,2.105,0.3933,2.2756,0.694,0.001,0.005,0.064,-0.155,40,65,109,0,301,0,109215.53,14714.982,26399.632,101.817,7893.638,9.530,26418.947,10908.371,4234.683,10081.881,8065.505,3892.651,5.722,587.243,0.000130,0.052629,1315,0,80,29,66,40,11089,4,26,57.445,0,0,0,0,0,0,0
3391,113.0,3374,182,22,919,2455,0,0,1960,360.76,1.070,1.075,0.218,0.095,0.272,-0.954,2.105,0.3919,2.2743,0.689,0.002,0.002,0.066,-0.156,32,71,80,0,232,0,102769.15,14179.198,23507.051,95.328,7187.092,8.187,24796.698,10114.043,3771.462,8009.089,6407.271,3428.292,19.498,496.148,0.000147,0.052012,1201,0,60,20,43,24,10447,2,19,50.947,0,0,0,0,0,0,0
3421,114.0,3175,171,22,924,2251,0,0,1717,444.40,1.058,1.061,0.221,0.096,0.287,-0.955,2.105,0.3896,2.2661,0.695,0.002,0.002,0.068,-0.155,47,78,71,0,247,0,95917.68,13745.260,21011.683,104.319,6970.309,8.741,23203.917,9370.643,3311.545,8266.732,6613.385,3704.525,0.000,468.756,0.000175,0.051811,1105,0,48,23,32,11,10242,2,21,45.029,0,0,0,0,0,0,0
3451,115.0,3039,150,22,949,2090,0,0,1553,409.07,1.046,1.044,0.226,0.101,0.304,-0.956,2.111,0.3946,2.2598,0.691,0.002,0.003,0.070,-0.153,46,72,72,0,190,0,90797.97,13592.484,19691.657,80.908,6874.696,8.319,21845.413,8626.735,2922.507,8154.870,6523.896,2977.717,2.035,479.369,0.000221,0.049631,1072,0,60,12,29,19,10188,3,10,18.970,0,0,0,0,0,0,0
3481,116.0,2883,177,22,948,1935,0,0,1414,395.49,1.036,1.036,0.228,0.102,0.317,-0.957,2.114,0.3973,2.2700,0.692,0.003,0.002,0.071,-0.152,32,79,61,0,199,0,86785.79,13304.780,18103.355,57.823,6745.270,6.632,20527.551,8027.610,2634.675,7751.895,6201.516,2341.773,0.000,396.154,0.000229,0.048175,1045,0,43,18,37,21,9716,0,16,34.176,0,0,0,0,0,0,0
3511,117.0,2744,198,22,957,1787,0,0,1250,415.08,1.024,1.024,0.228,0.104,0.334,-0.958,2.115,0.3921,2.2816,0.685,0.002,0.002,0.072,-0.151,33,63,56,0,163,0,82631.05,12973.030,15910.599,58.537,6212.204,7.767,19336.427,7489.984,2355.281,5847.211,4677.769,2401.700,0.000,344.060,0.000164,0.049013,953,0,43,13,29,16,9246,0,13,28.365,0,0,0,0,0,0,0
3541,118.0,2647,177,22,975,1672,0,0,1128,404.64,1.012,1.011,0.227,0.105,0.350,-0.959,2.113,0.3902,2.2904,0.691,0.002,0.003,0.074,-0.151,50,90,53,0,128,0,80415.23,12983.388,16136.387,52.691,5792.087,7.129,18296.907,7101.053,2084.318,7237.955,5790.364,2046.617,52.656,359.152,0.000128,0.049488,854,0,38,15,22,11,8861,2,11,19.600,0,0,0,0,0,0,0
3571,119.0,2549,169,22,992,1557,0,0,1030,430.26,0.998,0.997,0.229,0.107,0.367,-0.958,2.116,0.3950,2.2849,0.689,0.003,0.004,0.076,-0.150,43,83,61,0,116,0,78448.88,13359.170,14812.593,87.362,5670.922,6.215,17437.170,6688.112,1883.695,6614.343,5291.474,2509.315,24.493,359.822,0.000203,0.048734,821,0,44,17,31,15,8719,0,16,47.506,0,0,0,0,0,0,0
3601,120.0,2491,205,27,1018,1473,0,0,968,436.96,0.986,0.986,0.230,0.106,0.383,-0.959,2.115,0.4035,2.3019,0.692,0.003,0.003,0.078,-0.149,54,62,52,0,114,0,77297.02,13504.098,13942.783,85.617,5661.456,6.875,16715.742,6266.823,1745.032,6801.153,5440.922,2219.171,71.250,306.110,0.000231,0.046275,800,0,31,21,24,5,8586,0,19,47.794,0,0,0,0,0,0,0
3631,121.0,2460,208,27,1060,1400,0,0,923,355.41,0.971,0.969,0.231,0.107,0.401,-0.959,2.113,0.4040,2.3026,0.680,0.003,0.007,0.081,-0.148,55,87,49,0,91,0,78747.96,13749.482,15527.007,68.123,5546.105,8.536,16171.280,5952.541,1630.521,7840.184,6272.147,2173.725,34.760,362.801,0.000271,0.043831,799,0,28,21,35,17,8364,2,18,51.250,0,0,0,0,0,0,0
3661,122.0,2473,228,27,1098,1375,0,0,840,440.70,0.964,0.960,0.232,0.107,0.413,-0.960,2.117,0.4010,2.3111,0.674,0.005,0.004,0.082,-0.148,56,66,45,1,85,0,79786.99,14288.333,14095.133,61.008,6106.383,9.342,15977.327,5855.029,1513.976,8491.474,6793.179,1906.714,95.369,358.733,0.000132,0.042984,835,0,22,23,31,11,8560,17,20,43.870,0,0,0,0,0,0,0
3691,123.0,2509,261,27,1136,1373,0,0,802,420.67,0.957,0.954,0.235,0.108,0.420,-0.959,2.121,0.4044,2.3153,0.676,0.005,0.002,0.084,-0.148,39,57,47,0,68,0,83026.99,15067.162,15182.966,61.957,5914.257,7.820,15968.160,5793.099,1397.711,8428.822,6743.058,1867.445,0.000,359.899,0.000193,0.042699,793,0,25,22,33,14,8807,60,19,45.302,0,0,0,0,0,0,0
3721,124.0,2610,250,27,1199,1411,0,0,766,402.11,0.951,0.949,0.236,0.109,0.426,-0.958,2.122,0.4095,2.3135,0.663,0.008,0.008,0.084,-0.147,45,59,56,0,46,0,88092.68,15975.644,16942.814,73.341,6826.653,7.277,16285.954,5920.561,1322.135,10527.074,8421.659,1871.266,40.883,379.902,0.000145,0.043400,868,0,30,26,36,13,9100,18,23,53.389,0,0,0,0,0,0,0
3751,125.0,2729,282,26,1262,1467,0,0,784,398.93,0.950,0.947,0.236,0.109,0.429,-0.959,2.126,0.4077,2.3271,0.658,0.005,0.009,0.084,-0.146,58,58,63,0,48,0,92985.78,17272.183,17220.864,84.570,7698.007,7.364,16947.753,6123.793,1300.366,11721.320,9377.056,2512.177,2.979,453.183,0.000185,0.044663,994,0,37,26,42,21,9741,1,21,54.730,0,0,0,0,0,0,0
3781,126.0,2883,310,26,1335,1548,0,0,795,378.36,0.949,0.947,0.236,0.111,0.430,-0.960,2.126,0.4044,2.3474,0.653,0.005,0.005,0.084,-0.146,58,47,74,0,38,0,99231.20,18789.987,19136.720,129.588,8111.021,8.790,17844.747,6526.956,1334.278,12521.281,10017.025,3102.793,0.000,497.850,0.000174,0.043076,1015,0,44,30,39,14,9886,1,25,74.880,0,0,0,0,0,0,0
3811,127.0,3089,282,26,1419,1670,0,0,854,370.62,0.951,0.951,0.236,0.111,0.427,-0.960,2.129,0.4069,2.3564,0.624,0.006,0.007,0.085,-0.146,63,53,84,0,39,0,106808.00,20130.204,21554.539,136.613,9381.414,9.742,18977.142,7072.382,1362.525,15495.685,12396.548,3117.081,80.625,535.660,0.000283,0.045386,1182,0,52,32,42,16,10337,1,26,71.642,0,0,0,0,0,0,0
3841,128.0,3318,287,26,1513,1805,0,0,972,335.73,0.953,0.955,0.236,0.110,0.425,-0.960,2.133,0.4019,2.3636,0.623,0.005,0.005,0.084,-0.146,51,52,91,0,43,0,115692.78,22074.338,23513.902,112.271,10913.836,8.602,20341.224,7676.603,1495.463,16764.445,13411.557,3269.260,14.067,666.223,0.000223,0.044876,1409,0,51,40,59,27,11466,3,32,74.575,0,0,0,0,0,0,0
3871,129.0,3581,282,26,1611,1970,0,0,1066,389.95,0.960,0.962,0.235,0.108,0.421,-0.960,2.131,0.4034,2.3782,0.611,0.004,0.007,0.084,-0.147,53,31,108,0,60,0,125158.22,24435.674,25442.783,171.854,12248.416,9.299,21925.415,8188.039,1679.672,18780.410,15024.328,4096.176,208.737,730.757,0.000169,0.047075,1598,0,54,54,68,22,11851,27,46,115.785,0,0,0,0,0,0,0
3901,130.0,3920,300,27,1714,2206,0,0,1233,342.30,0.970,0.974,0.234,0.107,0.411,-0.960,2.137,0.4079,2.3784,0.601,0.007,0.004,0.083,-0.147,60,40,110,0,54,0,135955.50,26831.872,28963.583,175.882,14248.555,8.341,24070.652,9234.170,1884.101,22357.825,17886.261,4423.688,206.160,883.720,0.000308,0.051911,1983,0,61,49,58,21,12695,66,37,99.358,0,0,0,0,0,0,0
3931,131.0,4240,280,27,1801,2439,0,0,1435,333.88,0.980,0.984,0.232,0.105,0.401,-0.959,2.138,0.4110,2.3818,0.593,0.006,0.005,0.083,-0.146,63,46,98,0,66,0,148120.78,29140.381,31369.232,132.165,16826.831,8.706,26527.499,10415.776,2202.358,22118.070,17694.456,3751.018,263.884,892.360,0.000208,0.054555,2352,0,59,39,69,34,13242,63,35,84.235,0,0,0,0,0,0,0
3961,132.0,4589,243,27,1901,2688,0,0,1712,305.30,0.989,0.994,0.232,0.104,0.393,-0.959,2.136,0.4122,2.3717,0.571,0.006,0.005,0.082,-0.146,54,44,131,0,76,0,160111.53,31406.623,34467.061,182.671,18714.112,9.606,28938.074,11295.744,2595.515,24801.201,19840.961,5014.893,172.351,1088.793,0.000208,0.056231,2733,0,69,62,90,36,13845,65,54,120.833,0,0,0,0,0,0,0
3991,133.0,4906,240,27,1959,2946,0,1,2052,297.48,1.002,1.004,0.230,0.105,0.381,-0.958,2.136,0.4145,2.3676,0.573,0.007,0.006,0.080,-0.146,62,41,167,0,83,0,170254.78,33588.055,36314.709,216.042,20951.384,10.683,31489.873,12428.018,3152.801,25556.277,20445.022,6392.885,136.700,1264.012,0.000182,0.057260,3139,0,92,75,116,53,14652,52,63,149.298,0,0,0,0,0,0,0
4021,134.0,5202,204,27,2001,3200,0,1,2391,269.27,1.016,1.014,0.229,0.105,0.370,-0.959,2.136,0.4096,2.3507,0.562,0.007,0.007,0.079,-0.147,63,41,176,0,101,0,180301.78,35716.212,39555.522,199.144,22648.880,11.104,34053.742,13732.216,3792.728,26216.370,20973.097,7069.677,193.794,1338.455,0.000187,0.057115,3458,0,100,76,139,68,15428,7,71,150.898,0,0,0,0,0,0,0
4051,135.0,5506,205,29,2038,3468,0,0,2772,282.98,1.031,1.027,0.228,0.103,0.358,-0.960,2.139,0.4063,2.3540,0.549,0.007,0.005,0.077,-0.147,55,35,172,0,148,0,190876.81,37560.258,43076.815,180.810,24372.456,10.795,36510.190,14883.713,4438.375,28306.669,22645.335,7053.092,225.525,1470.618,0.000153,0.055973,3891,0,102,70,124,68,15633,21,56,122.574,0,0,0,0,0,0,0
4081,136.0,5816,227,29,2093,3723,0,0,3214,253.21,1.042,1.036,0.229,0.103,0.350,-0.960,2.143,0.4087,2.3508,0.555,0.003,0.007,0.076,-0.147,53,35,191,0,160,0,200670.39,39411.024,45982.794,166.414,26307.745,8.883,39176.160,15887.282,5225.599,30111.748,24089.399,7757.084,224.906,1473.271,0.000288,0.054695,4258,0,127,64,133,82,15543,6,51,98.313,0,0,0,0,0,0,0
4111,137.0,6000,208,29,2096,3904,0,0,3710,263.92,1.055,1.045,0.228,0.101,0.342,-0.960,2.146,0.4125,2.3548,0.556,0.012,0.023,0.075,-0.147,64,40,201,0,164,0,212999.78,41709.165,49972.241,206.874,28097.229,10.849,41733.713,17013.886,6092.138,25850.805,20680.644,7681.589,261.530,1605.876,0.000280,0.055638,4718,0,113,88,147,74,15948,3,73,139.899,0,0,0,0,0,0,0
4141,138.0,5998,211,29,2073,3925,0,0,4033,303.81,1.061,1.048,0.229,0.100,0.339,-0.959,2.147,0.4106,2.3525,0.546,0.020,0.064,0.075,-0.147,53,30,232,0,207,0,223229.31,43000.971,51473.032,249.812,28473.639,9.248,42624.830,17513.421,6903.229,20446.183,16356.946,10543.040,977.493,1843.028,0.000217,0.055466,4766,0,152,80,162,96,16402,14,66,140.408,0,0,0,0,0,0,0
4171,139.0,6000,214,29,2061,3938,0,1,4292,305.93,1.066,1.051,0.229,0.099,0.337,-0.960,2.145,0.4091,2.3540,0.551,0.026,0.106,0.075,-0.147,53,12,171,0,226,0,238067.86,44027.584,55365.463,197.771,29329.907,10.937,42833.120,17440.473,7472.354,18109.122,14487.298,8729.229,2912.311,1742.962,0.000250,0.058178,4854,0,112,59,109,65,16130,23,44,103.810,0,0,0,0,0,0,0
4201,140.0,5992,211,31,2014,3977,0,1,4411,260.49,1.075,1.057,0.229,0.099,0.331,-0.959,2.147,0.4096,2.3581,0.569,0.044,0.132,0.075,-0.147,43,15,175,0,245,0,252053.73,45868.746,55883.482,257.673,29931.385,10.430,43272.928,17525.301,7843.610,18978.195,15182.556,9755.096,4060.696,1770.758,0.000341,0.057492,4985,0,99,76,119,51,15765,99,68,161.264,0,0,0,0,0,0,0
4231,141.0,6000,211,31,1980,4019,0,1,4497,298.38,1.081,1.063,0.229,0.098,0.326,-0.960,2.151,0.4081,2.3513,0.568,0.054,0.183,0.074,-0.147,41,26,155,0,224,0,267505.19,46050.619,61030.960,220.822,30789.199,7.979,43671.953,17744.999,8113.329,18314.233,14651.387,10318.505,6573.281,1766.038,0.000344,0.057528,4879,0,87,68,105,51,15953,95,54,135.649,0,0,0,0,0,0,0
4261,142.0,6000,212,31,1934,4065,0,1,4543,374.16,1.088,1.068,0.228,0.096,0.320,-0.960,2.155,0.4105,2.3505,0.578,0.061,0.206,0.074,-0.148,45,17,156,1,219,0,282499.06,46642.778,62467.113,197.042,31782.508,9.153,43982.552,18032.234,8276.006,17602.749,14082.200,9507.185,9184.147,1810.383,0.000403,0.061265,4709,0,90,66,105,55,16082,34,50,118.841,0,0,0,0,0,0,0
4291,143.0,6000,207,31,1895,4104,0,1,4481,325.46,1.093,1.073,0.229,0.095,0.316,-0.961,2.157,0.4045,2.3502,0.587,0.068,0.246,0.073,-0.148,31,21,171,0,207,0,296310.09,47965.834,64351.354,279.344,32850.769,7.223,44256.080,18375.849,8334.961,17779.912,14223.930,11336.303,11080.026,1846.301,0.000350,0.066155,4657,0,102,69,109,51,15708,4,58,149.304,0,0,0,0,0,0,0
4321,144.0,5996,227,31,1831,4165,0,0,4458,347.44,1.103,1.080,0.229,0.095,0.307,-0.961,2.156,0.4006,2.3449,0.574,0.088,0.263,0.072,-0.148,46,22,213,0,186,0,307127.53,48220.338,65531.855,328.702,33419.126,8.238,44605.113,18468.567,8249.419,18648.429,14918.744,14290.209,11863.140,2057.345,0.000448,0.070281,4606,0,123,90,155,76,15547,7,79,199.401,0,0,0,0,0,0,0
4351,145.0,6000,193,31,1798,4202,0,0,4446,326.99,1.109,1.085,0.231,0.095,0.302,-0.961,2.159,0.4020,2.3373,0.579,0.099,0.293,0.071,-0.148,41,20,199,0,179,0,318791.47,47307.359,71338.087,313.971,33034.865,10.071,44951.196,18612.255,8322.342,18085.026,14468.021,14605.826,15084.573,2102.274,0.000391,0.073862,4398,0,137,62,122,70,15699,4,52,145.145,0,0,0,0,0,0,0
4381,146.0,6000,211,31,1765,4235,0,0,4438,386.60,1.116,1.090,0.233,0.096,0.298,-0.961,2.161,0.4012,2.3393,0.569,0.085,0.313,0.071,-0.148,35,20,209,0,175,0,325828.31,47310.317,69337.069,322.827,35022.332,9.065,45355.464,18816.897,8299.552,18038.505,14430.804,15250.973,16298.358,2304.439,0.000676,0.079293,4575,0,138,71,151,90,15355,1,61,172.112,0,0,0,0,0,0,0
4411,147.0,5997,204,31,1696,4301,0,0,4419,369.69,1.126,1.100,0.232,0.096,0.289,-0.961,2.162,0.4058,2.3310,0.573,0.091,0.325,0.070,-0.149,33,6,229,0,198,0,331469.31,46566.381,72985.631,363.741,34821.002,7.406,45855.966,19002.298,8382.978,19626.328,15701.063,16946.685,17879.449,2282.123,0.000297,0.081158,4572,0,153,76,158,89,14912,10,69,175.980,0,0,0,0,0,0,0
4441,148.0,5997,222,31,1633,4364,0,0,4495,394.92,1.137,1.109,0.231,0.095,0.280,-0.961,2.163,0.4017,2.3357,0.589,0.099,0.327,0.069,-0.150,29,9,211,0,167,0,337383.50,45921.535,71957.460,323.987,32899.745,8.600,46338.436,19188.114,8480.777,17859.901,14287.921,14975.448,17608.253,2125.765,0.000536,0.080249,4317,0,141,70,142,80,14717,5,62,153.939,0,0,0,0,0,0,0
4471,149.0,6000,189,31,1584,4415,0,1,4482,376.62,1.146,1.116,0.230,0.094,0.274,-0.961,2.164,0.4016,2.3379,0.597,0.112,0.333,0.069,-0.150,42,13,205,0,172,0,341570.97,45266.338,74449.635,310.709,32957.734,7.802,46869.538,19413.511,8528.986,17855.158,14284.126,15722.819,19586.666,2146.670,0.000483,0.075164,4305,0,138,67,150,88,14519,10,62,156.303,0,0,0,0,0,0,0
4501,150.0,5994,195,33,1553,4441,0,0,4473,346.35,1.151,1.122,0.232,0.093,0.269,-0.961,2.161,0.3987,2.3449,0.602,0.110,0.337,0.068,-0.151,44,19,211,0,187,0,344055.38,44462.411,75288.932,360.394,32846.516,8.360,47232.691,19644.599,8537.888,18683.337,14946.670,16703.301,19517.473,2254.696,0.000700,0.065491,4175,0,156,55,135,88,13978,12,47,148.894,0,0,0,0,0,0,0
4531,151.0,6000,200,33,1502,4498,0,0,4413,370.49,1.159,1.128,0.232,0.093,0.262,-0.961,2.161,0.3955,2.3378,0.606,0.113,0.339,0.068,-0.151,40,12,190,0,158,0,345135.94,43675.808,72882.501,382.641,32432.797,8.981,47676.073,19790.218,8490.176,16821.177,13456.942,14967.956,19551.447,2020.265,0.000382,0.061677,4112,0,130,60,104,51,14412,8,53,161.724,0,0,0,0,0,0,0
4561,152.0,6000,162,33,1458,4542,0,0,4424,354.23,1.168,1.134,0.232,0.092,0.256,-0.961,2.162,0.4000,2.3366,0.618,0.104,0.356,0.067,-0.152,42,14,168,0,181,0,349511.84,42820.175,76291.231,357.996,32319.376,9.980,48155.862,20076.748,8431.492,16563.795,13251.036,13562.530,19696.216,1857.915,0.000477,0.059672,4087,0,110,58,89,37,14294,8,52,148.993,0,0,0,0,0,0,0
4591,153.0,6000,194,33,1415,4585,0,0,4449,377.60,1.175,1.140,0.233,0.091,0.250,-0.962,2.161,0.3978,2.3395,0.609,0.110,0.354,0.067,-0.152,42,17,150,1,182,0,349713.16,41358.038,72887.613,305.277,31063.782,9.217,48650.937,20410.982,8457.541,16037.631,12830.105,13176.800,18677.561,1768.243,0.000340,0.060135,3990,0,92,58,93,40,14336,1,53,148.319,0,0,0,0,0,0,0
4621,154.0,5999,165,33,1386,4613,0,0,4422,396.19,1.180,1.144,0.234,0.091,0.247,-0.962,2.162,0.4009,2.3374,0.602,0.087,0.341,0.066,-0.153,28,16,176,0,186,0,345628.34,39633.775,72948.594,354.230,30313.355,10.901,49047.369,20569.512,8469.316,17297.473,13837.979,14984.170,18544.175,1947.400,0.000424,0.059549,3986,0,127,49,88,51,14476,5,37,106.848,0,0,0,0,0,0,0
4651,155.0,6000,157,34,1349,4651,0,0,4360,448.58,1.188,1.148,0.233,0.091,0.242,-0.962,2.167,0.3981,2.3265,0.604,0.086,0.321,0.065,-0.153,37,14,182,0,201,0,343121.78,38085.447,72307.774,335.043,29299.213,8.520,49409.029,20586.775,8305.213,18213.451,14570.761,13215.898,16321.415,1753.792,0.000435,0.061549,4006,0,128,54,95,49,14301,18,46,130.212,0,0,0,0,0,0,0
4681,156.0,6000,156,34,1318,4682,0,0,4305,413.70,1.194,1.153,0.233,0.090,0.237,-0.962,2.168,0.4001,2.3295,0.603,0.074,0.309,0.065,-0.153,28,18,175,0,185,0,339050.50,37012.297,70950.805,278.832,28241.671,8.866,49854.603,20783.328,8148.904,17507.776,14006.221,13789.644,14458.750,1776.441,0.000239,0.060500,3852,0,138,37,97,66,13942,5,31,86.992,0,0,0,0,0,0,0
4711,157.0,6000,139,34,1306,4694,0,0,4276,394.11,1.197,1.155,0.234,0.090,0.236,-0.963,2.168,0.4032,2.3203,0.608,0.068,0.285,0.065,-0.152,34,23,149,0,211,0,331085.81,35441.156,68041.663,208.113,26828.313,5.670,50217.576,20796.969,8050.107,17652.556,14122.045,13280.849,14133.518,1646.082,0.000362,0.062610,3833,0,121,28,85,61,14002,2,24,45.138,0,0,0,0,0,0,0
4741,158.0,6000,151,34,1278,4722,0,0,4308,375.99,1.201,1.159,0.233,0.088,0.232,-0.963,2.169,0.4050,2.3260,0.617,0.060,0.258,0.064,-0.151,26,18,170,0,216,0,320531.00,34115.791,65071.776,281.716,26518.877,8.338,50506.527,20840.337,8089.664,18705.617,14964.494,14250.560,10908.029,1687.864,0.000404,0.063392,3792,0,139,31,87,62,13786,3,25,64.301,0,0,0,0,0,0,0
4771,159.0,5996,144,34,1235,4761,0,0,4269,384.21,1.210,1.165,0.233,0.087,0.226,-0.963,2.165,0.4044,2.3284,0.635,0.067,0.232,0.064,-0.151,34,23,174,0,208,0,308145.72,33087.362,62348.845,277.956,24814.845,8.155,50810.161,21124.481,8025.953,18843.835,15075.068,12559.809,10221.797,1588.461,0.000514,0.060854,3727,0,132,42,94,56,13937,6,38,91.283,0,0,0,0,0,0,0
4801,160.0,6000,149,34,1205,4795,0,0,4270,368.86,1.215,1.169,0.233,0.085,0.222,-0.963,2.166,0.4011,2.3300,0.626,0.055,0.206,0.064,-0.152,35,34,140,0,228,0,296886.91,31399.408,61817.204,234.133,23752.654,9.224,51221.888,21427.110,7922.714,19033.532,15226.826,10124.545,8869.598,1337.024,0.000241,0.062015,3585,0,101,39,59,30,13647,0,29,69.911,0,0,0,0,0,0,0
4831,161.0,6000,122,34,1188,4812,0,0,4251,399.86,1.220,1.171,0.234,0.087,0.219,-0.963,2.168,0.4009,2.3211,0.628,0.044,0.170,0.064,-0.151,42,28,159,0,271,0,281169.81,30040.832,58409.355,250.669,22875.406,9.277,51666.544,21439.079,7876.400,21364.899,17091.920,11065.766,6757.871,1339.277,0.000462,0.057055,3606,0,122,37,61,34,14073,2,27,58.660,0,0,0,0,0,0,0
4861,162.0,6000,105,34,1165,4835,0,0,4224,411.36,1.227,1.174,0.235,0.089,0.217,-0.963,2.168,0.3987,2.3145,0.629,0.029,0.119,0.064,-0.151,35,49,173,0,312,0,263486.84,28398.064,57319.724,261.826,21520.077,10.613,51992.624,21481.453,7863.587,25093.900,20075.120,10974.695,5021.032,1310.411,0.000203,0.055983,3626,0,135,38,62,37,14021,0,25,57.432,0,0,0,0,0,0,0
4891,163.0,5999,118,34,1156,4843,0,0,4227,414.60,1.230,1.172,0.235,0.090,0.216,-0.963,2.168,0.3980,2.3062,0.626,0.021,0.070,0.064,-0.151,45,34,169,0,327,0,243002.70,26979.435,52501.466,223.668,19902.527,8.695,52274.118,21425.969,7822.330,24560.966,19648.773,9933.295,2634.742,1186.077,0.000295,0.054149,3592,0,133,36,65,39,14072,6,26,41.660,0,0,0,0,0,0,0
4921,164.0,5996,91,34,1139,4857,0,0,4119,398.30,1.237,1.174,0.236,0.091,0.213,-0.963,2.172,0.3931,2.2983,0.627,0.004,0.017,0.064,-0.150,44,46,219,0,359,0,217395.38,25550.294,49531.075,346.171,18383.673,10.768,52489.532,21596.992,7783.588,29049.646,23239.718,11278.521,822.271,1254.038,0.000292,0.057059,3453,0,178,41,69,36,14219,5,33,83.231,0,0,0,0,0,0,0
4951,165.0,5755,102,40,1124,4631,0,0,4017,347.30,1.235,1.169,0.237,0.093,0.217,-0.964,2.175,0.3920,2.3012,0.633,0.004,0.005,0.065,-0.149,43,63,194,0,393,0,193419.00,24150.723,45960.469,278.868,16996.114,9.581,51762.651,21214.136,7583.470,19018.017,15214.414,8769.073,138.776,1094.722,0.000348,0.062159,3394,0,159,35,63,33,13829,31,30,69.413,0,0,0,0,0,0,0
4981,166.0,5392,118,40,1108,4284,0,0,3768,364.54,1.229,1.159,0.241,0.095,0.225,-0.964,2.175,0.3906,2.2834,0.626,0.002,0.005,0.066,-0.148,39,56,182,0,468,0,172216.05,22782.281,43921.192,231.663,14998.565,8.532,48910.535,19894.999,7289.644,15719.823,12575.859,7920.134,53.360,925.466,0.000341,0.065517,3209,0,140,42,55,23,13363,24,32,64.767,0,0,0,0,0,0,0
5011,167.0,4953,110,40,1094,3859,0,0,3400,472.89,1.220,1.144,0.246,0.096,0.238,-0.964,2.173,0.3959,2.2729,0.638,0.003,0.006,0.067,-0.146,43,90,148,1,492,0,155398.94,21834.147,40458.871,146.037,13758.903,10.086,45340.158,18129.128,6721.397,13533.540,10826.832,5486.496,81.781,790.492,0.000149,0.066216,2905,0,124,24,45,29,12879,1,16,28.409,0,0,0,0,0,0,0
5041,168.0,4508,146,40,1080,3428,0,0,3095,384.12,1.210,1.128,0.250,0.100,0.253,-0.964,2.167,0.3951,2.2514,0.649,0.002,0.005,0.069,-0.145,35,78,141,0,473,0,139247.45,20595.808,35909.708,162.705,12379.800,10.308,41290.924,16245.151,6071.452,11388.109,9110.487,6104.651,122.637,707.270,0.000375,0.068621,2591,0,106,35,49,20,12460,4,29,49.136,0,0,0,0,0,0,0
5071,169.0,4121,140,40,1065,3056,0,0,2747,393.47,1.195,1.114,0.255,0.104,0.269,-0.964,2.167,0.4028,2.2508,0.664,0.003,0.005,0.071,-0.143,30,83,123,2,431,0,127803.28,19572.124,34569.755,139.085,11080.650,9.341,37357.720,14439.030,5451.634,11706.709,9365.368,5361.477,141.367,632.568,0.000299,0.071987,2194,0,95,28,45,22,11892,4,23,44.036,0,0,0,0,0,0,0
5101,170.0,3763,142,42,1063,2700,0,0,2441,450.36,1.177,1.095,0.259,0.108,0.288,-0.964,2.171,0.3961,2.2483,0.669,0.001,0.006,0.074,-0.140,24,77,123,0,364,0,118739.80,19132.694,30384.905,120.428,10093.707,7.340,33726.963,12787.429,4807.408,9418.652,7534.922,4762.678,84.672,648.634,0.000242,0.074474,1934,0,101,22,48,30,11421,43,18,27.770,0,0,0,0,0,0,0
5131,171.0,3499,148,42,1067,2432,0,0,2115,482.11,1.160,1.079,0.262,0.111,0.307,-0.964,2.168,0.4028,2.2421,0.681,0.005,0.007,0.076,-0.138,41,96,119,0,289,0,111605.86,18227.801,28252.169,154.434,9592.826,8.544,30670.009,11318.952,4196.433,10763.141,8610.513,4762.788,81.067,586.467,0.000200,0.076152,1770,0,97,22,34,15,10810,40,19,43.427,0,0,0,0,0,0,0
5161,172.0,3305,147,42,1085,2220,0,0,1869,390.98,1.141,1.059,0.266,0.117,0.326,-0.964,2.170,0.4012,2.2425,0.671,0.004,0.006,0.079,-0.136,39,64,121,0,242,0,104650.30,17603.730,25704.458,171.113,9270.453,8.962,28467.442,10397.927,3680.484,10288.280,8230.624,5101.231,160.401,569.717,0.000234,0.078419,1632,0,94,27,25,9,10438,8,16,38.554,0,0,0,0,0,0,0
5191,173.0,3125,185,42,1102,2023,0,0,1696,376.24,1.121,1.039,0.272,0.121,0.345,-0.964,2.169,0.4046,2.2320,0.677,0.003,0.006,0.081,-0.135,34,77,88,0,219,0,99464.11,17204.227,23242.899,146.286,9065.354,7.328,26513.544,9593.037,3252.353,9000.133,7200.106,4030.308,86.994,503.348,0.000175,0.080193,1556,0,65,23,20,3,10392,5,17,39.531,0,0,0,0,0,0,0
5221,174.0,2979,164,42,1101,1878,0,0,1508,412.08,1.108,1.025,0.276,0.124,0.359,-0.963,2.169,0.4021,2.2226,0.683,0.003,0.007,0.083,-0.135,48,64,98,1,171,0,95141.44,16591.994,21874.276,150.729,8701.269,8.905,24795.170,8831.226,2896.064,8419.891,6735.913,3948.448,283.136,501.647,0.000214,0.080911,1476,0,72,26,24,3,9810,3,21,51.720,0,0,0,0,0,0,0
5251,175.0,2881,164,40,1123,1758,0,0,1368,385.55,1.092,1.012,0.279,0.126,0.376,-0.963,2.167,0.4023,2.2415,0.668,0.003,0.007,0.085,-0.134,54,55,75,0,155,0,90936.04,16047.554,19446.387,94.639,7902.968,8.172,23465.632,8160.742,2560.064,8204.623,6563.699,3332.191,150.495,483.935,0.000189,0.082644,1354,0,64,11,14,8,9847,14,6,11.533,0,0,0,0,0,0,0
5281,176.0,2803,189,40,1154,1649,0,0,1275,448.32,1.072,0.995,0.284,0.130,0.395,-0.963,2.163,0.4056,2.2461,0.682,0.002,0.008,0.087,-0.132,38,66,53,0,137,0,88404.61,15804.601,18301.598,66.443,8008.117,8.467,22508.527,7709.417,2324.959,7750.864,6200.691,2058.508,153.224,399.265,0.000290,0.085180,1339,0,43,10,6,0,9924,1,6,13.579,0,0,0,0,0,0,0
5311,177.0,2709,181,40,1173,1536,0,0,1152,425.30,1.054,0.980,0.287,0.132,0.412,-0.963,2.166,0.4008,2.2381,0.679,0.003,0.009,0.089,-0.131,49,66,82,0,113,0,85334.21,15849.266,17388.906,133.721,6989.416,9.281,21467.272,7344.661,2118.456,7073.704,5658.964,3471.308,205.210,420.643,0.000138,0.085926,1190,0,61,21,15,0,9629,0,15,35.371,0,0,0,0,0,0,0
5341,178.0,2645,185,40,1200,1445,0,0,1093,378.89,1.037,0.964,0.290,0.133,0.430,-0.964,2.170,0.4052,2.2418,0.673,0.004,0.007,0.091,-0.130,38,75,74,0,93,0,82552.49,15734.530,15426.594,108.151,7182.214,9.840,20481.169,6854.128,1922.726,7741.378,6193.103,2759.951,69.840,414.901,0.000233,0.084518,1181,0,62,12,8,2,9580,10,6,17.097,0,0,0,0,0,0,0
5371,179.0,2591,198,40,1240,1351,0,0,990,353.98,1.014,0.945,0.295,0.140,0.450,-0.964,2.171,0.4142,2.2394,0.670,0.004,0.010,0.093,-0.130,32,66,68,0,101,0,81945.45,15976.574,15821.362,92.082,6761.073,8.070,19726.749,6423.029,1762.322,7676.120,6140.896,2553.205,106.322,390.217,0.000189,0.084599,1065,0,61,7,2,0,9590,0,2,5.937,0,0,0,0,0,0,0
5401,180.0,2570,190,39,1276,1294,0,0,910,435.75,0.997,0.933,0.294,0.142,0.465,-0.963,2.170,0.4112,2.2371,0.674,0.005,0.012,0.095,-0.129,38,62,48,0,82,0,83355.68,16626.666,15503.756,60.566,6892.210,8.586,19115.548,6148.331,1601.434,7348.190,5878.552,1902.578,181.756,361.469,0.000134,0.084296,1090,0,42,6,0,0,9990,4,0,0.000,0,0,0,0,0,0,0
5431,181.0,2555,200,39,1333,1222,0,0,861,403.55,0.975,0.912,0.298,0.145,0.486,-0.963,2.172,0.4125,2.2488,0.669,0.006,0.011,0.097,-0.128,41,54,78,0,79,0,82672.50,17114.800,14235.919,125.334,7032.417,8.076,18778.203,6009.375,1475.131,7949.160,6359.328,3719.316,136.435,450.940,0.000169,0.083770,1063,0,63,15,3,0,9986,2,3,7.241,0,0,0,0,0,0,0
5461,182.0,2616,202,39,1404,1212,0,0,811,361.92,0.961,0.900,0.300,0.147,0.499,-0.963,2.173,0.4188,2.2283,0.656,0.010,0.007,0.099,-0.127,56,55,53,0,55,0,85346.27,17987.525,14738.853,76.146,7044.124,10.000,18486.264,5726.085,1359.859,9164.780,7331.824,2191.531,148.299,383.756,0.000124,0.083603,1066,0,36,17,5,0,10479,10,5,14.329,0,0,0,0,0,0,0
5491,183.0,2675,218,39,1475,1200,0,0,803,371.65,0.946,0.887,0.300,0.147,0.512,-0.963,2.171,0.4146,2.2171,0.654,0.009,0.016,0.100,-0.125,46,54,62,2,44,0,89010.87,19089.804,14826.415,97.568,7774.638,7.950,18692.799,5702.494,1308.338,8981.143,7184.914,2425.078,19.978,404.282,0.000180,0.082479,1154,0,45,17,11,0,10923,6,11,24.163,0,0,0,0,0,0,0
5521,184.0,2779,231,39,1567,1212,0,0,761,387.69,0.937,0.877,0.299,0.149,0.522,-0.963,2.171,0.4115,2.2127,0.632,0.009,0.015,0.100,-0.124,56,35,75,2,57,0,94843.09,20400.083,17025.960,121.396,8362.476,8.527,18896.559,5736.284,1232.725,11131.513,8905.210,2972.847,151.279,499.213,0.000177,0.081464,1198,0,55,20,17,5,11364,6,12,29.800,0,0,0,0,0,0,0
5551,185.0,2970,247,37,1674,1296,0,0,780,341.33,0.938,0.877,0.297,0.149,0.522,-0.963,2.169,0.4080,2.2072,0.614,0.011,0.015,0.101,-0.124,49,37,68,0,33,0,102175.52,21972.660,18425.154,93.540,9811.606,8.468,19667.912,5882.167,1193.719,13545.104,10836.084,2779.534,351.268,575.298,0.000262,0.081664,1438,0,46,22,9,4,11919,26,5,18.075,0,0,0,0,0,0,0
5581,186.0,3172,242,37,1759,1413,0,0,842,434.46,0.947,0.885,0.294,0.147,0.515,-0.962,2.166,0.4140,2.1941,0.624,0.008,0.011,0.100,-0.124,53,38,76,0,30,0,109994.48,23769.234,19489.111,116.249,11445.751,7.889,21237.516,6420.058,1255.665,14786.766,11829.413,2856.523,209.814,618.711,0.000139,0.081871,1712,0,48,28,25,10,12301,40,15,43.445,0,0,0,0,0,0,0
5611,187.0,3393,193,37,1860,1533,0,0,873,404.93,0.954,0.891,0.290,0.144,0.511,-0.962,2.166,0.4114,2.2050,0.609,0.009,0.013,0.100,-0.125,50,31,104,0,40,0,118545.54,25983.138,21966.106,160.766,12519.287,8.333,22759.938,7035.822,1331.600,16750.644,13400.516,4031.789,316.763,732.910,0.000261,0.080048,1849,0,79,25,26,12,12921,4,14,38.401,0,0,0,0,0,0,0
5641,188.0,3625,204,37,1962,1663,0,0,952,413.36,0.960,0.897,0.285,0.142,0.506,-0.962,2.168,0.4089,2.1997,0.591,0.006,0.014,0.099,-0.125,55,38,121,0,40,0,126478.77,27905.866,23195.544,210.520,14444.703,8.696,24411.863,7653.740,1387.262,18039.380,14431.504,5157.554,328.874,831.528,0.000192,0.080006,2197,0,69,52,42,11,13747,3,31,81.664,0,0,0,0,0,0,0
5671,189.0,3851,199,37,2035,1816,0,0,1090,303.36,0.974,0.906,0.286,0.140,0.495,-0.963,2.168,0.4083,2.2058,0.594,0.005,0.017,0.098,-0.124,51,29,165,0,41,0,134955.73,30295.686,25965.295,279.951,16429.341,8.626,26102.479,8299.457,1547.333,19860.721,15888.577,6843.574,313.280,985.701,0.000207,0.080571,2580,0,97,68,60,14,14917,12,46,107.094,0,0,0,0,0,0,0
5701,190.0,4117,219,38,2138,1979,0,0,1237,306.98,0.984,0.916,0.285,0.139,0.488,-0.963,2.172,0.4141,2.2101,0.595,0.007,0.014,0.098,-0.126,43,31,173,1,42,0,146249.20,33231.757,28628.849,269.423,17444.513,8.756,28161.604,8958.158,1750.083,21976.535,17581.228,6339.103,230.651,1001.658,0.000213,0.081065,2665,0,107,66,48,9,16013,14,39,88.499,0,0,0,0,0,0,0
5731,191.0,4425,176,38,2243,2182,0,0,1387,313.55,0.998,0.928,0.281,0.136,0.478,-0.962,2.168,0.4131,2.2148,0.572,0.005,0.014,0.097,-0.127,48,31,199,1,47,0,156297.62,35871.625,31658.691,318.840,20677.361,8.945,30730.113,10149.832,2002.573,25475.008,20380.006,8088.474,445.347,1289.392,0.000173,0.080369,3222,0,139,60,42,12,17158,65,30,71.169,0,0,0,0,0,0,0
5761,192.0,4722,168,38,2335,2387,0,0,1655,298.35,1.014,0.937,0.280,0.134,0.468,-0.962,2.170,0.4124,2.1960,0.564,0.005,0.013,0.096,-0.125,48,35,226,0,44,0,167324.83,38429.177,34284.226,293.802,22839.406,8.809,33115.587,11042.557,2351.918,26571.199,21256.960,8303.082,363.365,1489.251,0.000215,0.081900,3640,0,158,68,58,27,17856,33,31,53.150,0,0,0,0,0,0,0
5791,193.0,5015,177,38,2415,2600,0,0,1910,278.71,1.030,0.949,0.279,0.132,0.458,-0.962,2.171,0.4060,2.1979,0.551,0.003,0.009,0.095,-0.125,61,29,244,0,69,0,176826.92,41158.313,35799.211,358.859,24545.221,8.374,35666.981,11972.643,2762.195,28167.142,22533.714,9864.059,389.465,1525.521,0.000309,0.079315,4073,0,162,82,61,27,18611,1,34,75.617,0,0,0,0,0,0,0
5821,194.0,5322,131,38,2513,2809,0,0,2293,272.99,1.041,0.958,0.277,0.129,0.450,-0.963,2.175,0.4077,2.2076,0.534,0.004,0.011,0.094,-0.124,43,38,263,0,82,0,188656.67,43985.046,41016.809,394.881,26965.012,8.871,38360.842,13094.558,3248.587,30429.599,24343.680,10675.042,447.030,1655.008,0.000229,0.079184,4522,0,180,83,55,20,19925,11,35,71.959,0,0,0,0,0,0,0
5851,195.0,5575,128,44,2585,2990,0,0,2629,242.26,1.054,0.965,0.276,0.128,0.444,-0.963,2.176,0.4103,2.1955,0.537,0.004,0.009,0.093,-0.126,43,27,304,0,110,0,198747.28,47064.946,43416.710,477.271,30211.935,7.098,40940.997,14098.592,3844.913,31424.823,25139.859,13292.309,437.225,1969.323,0.000291,0.081594,5389,0,228,76,47,20,20738,17,27,65.159,0,0,0,0,0,0,0
5881,196.0,5797,147,44,2618,3179,0,0,2979,261.79,1.071,0.980,0.277,0.127,0.434,-0.962,2.175,0.4085,2.2078,0.528,0.005,0.008,0.092,-0.125,46,26,372,0,110,0,207444.16,50228.534,45519.858,577.429,32176.353,6.445,43355.860,15109.821,4438.702,33440.384,26752.308,15350.388,528.972,2157.123,0.000313,0.082437,5737,0,262,110,80,27,21097,7,53,96.895,0,0,0,0,0,0,0
5911,197.0,5999,123,44,2657,3342,0,0,3355,233.10,1.086,0.991,0.278,0.126,0.428,-0.962,2.174,0.4078,2.1933,0.533,0.006,0.018,0.092,-0.125,49,16,422,0,118,0,218123.91,52550.491,51372.978,627.004,33718.463,8.077,45666.985,16133.450,5071.081,34615.253,27692.203,17146.468,579.250,2350.447,0.000316,0.083919,6242,0,301,121,116,50,22064,13,66,118.343,0,0,0,0,0,0,0
5941,198.0,6000,126,44,2612,3388,0,0,3598,253.12,1.100,1.001,0.280,0.126,0.422,-0.962,2.177,0.4092,2.1743,0.526,0.011,0.034,0.091,-0.125,49,19,518,0,144,0,225602.58,54605.809,52453.196,774.960,34223.521,6.835,47230.170,16669.182,5672.737,31513.497,25210.798,20777.225,1090.090,2613.187,0.000349,0.085526,6301,0,341,177,128,47,23090,15,81,164.196,0,0,0,0,0,0,0
5971,199.0,5997,121,44,2560,3437,0,0,3761,250.07,1.113,1.009,0.285,0.126,0.416,-0.961,2.179,0.4062,2.1668,0.524,0.020,0.047,0.091,-0.126,40,14,516,1,143,0,232526.22,55555.296,56059.847,840.238,34547.949,7.763,47963.045,16943.448,6103.231,31274.204,25019.364,22926.055,2561.289,2779.828,0.000392,0.086755,6354,0,350,166,156,60,23060,27,96,196.223,0,0,0,0,0,0,0
6001,200.0,6000,131,43,2501,3499,0,0,3926,297.19,1.131,1.020,0.290,0.126,0.407,-0.962,2.180,0.4011,2.1546,0.537,0.020,0.055,0.090,-0.125,31,13,579,0,138,0,237622.67,56183.727,56674.854,925.976,35245.693,7.238,48741.130,17068.020,6423.469,33842.343,27073.875,24672.944,2106.027,2908.047,0.000266,0.085962,6212,0,373,206,138,50,23091,23,88,219.393,0,0,0,0,0,0,0
6031,201.0,6000,118,43,2454,3546,0,0,3968,254.95,1.147,1.027,0.293,0.128,0.400,-0.962,2.185,0.3992,2.1287,0.532,0.040,0.073,0.089,-0.126,31,15,493,1,163,0,249242.52,57610.637,62787.807,769.346,34280.421,9.569,49567.707,17100.728,6722.618,31557.364,25245.892,23114.867,3934.634,2795.920,0.000293,0.087956,6170,0,327,166,115,51,23251,51,64,130.933,0,0,0,0,0,0,0
6061,202.0,6000,138,43,2423,3577,0,0,3989,248.70,1.159,1.031,0.299,0.131,0.396,-0.962,2.186,0.3891,2.1198,0.543,0.040,0.094,0.089,-0.125,35,20,542,1,144,0,256083.31,58788.243,62575.645,887.087,37326.686,7.906,50288.526,17247.275,6869.305,33073.328,26458.663,26023.235,5252.466,3114.707,0.000364,0.087295,6334,0,364,178,122,53,23237,12,69,138.769,0,0,0,0,0,0,0
6091,203.0,5999,134,43,2444,3555,0,0,3977,237.77,1.165,1.027,0.308,0.135,0.399,-0.962,2.186,0.3858,2.1164,0.554,0.056,0.105,0.090,-0.123,38,12,570,1,153,0,263321.59,61062.734,66635.050,985.852,36079.380,7.233,50876.971,17383.371,6957.982,34081.175,27264.941,29166.630,6929.331,3314.837,0.000324,0.085273,5980,0,421,149,105,60,23545,29,45,95.374,0,0,0,0,0,0,0
6121,204.0,6000,133,43,2450,3550,0,0,3990,277.24,1.173,1.025,0.317,0.136,0.401,-0.961,2.184,0.3800,2.0837,0.543,0.053,0.114,0.091,-0.123,45,17,629,0,161,0,268931.62,63150.452,68110.592,1115.964,37466.334,7.948,51194.235,17429.066,7045.244,37559.426,30047.541,32497.468,7447.662,3641.419,0.000431,0.085741,6051,0,443,186,154,75,24557,22,79,143.838,0,0,0,0,0,0,0
6151,205.0,5995,139,42,2475,3520,0,0,4025,218.40,1.179,1.020,0.326,0.140,0.404,-0.960,2.183,0.3707,2.0696,0.546,0.072,0.113,0.091,-0.123,47,10,654,0,157,0,270910.69,64168.279,67774.960,1181.171,37788.637,9.460,51666.636,17407.609,7067.855,37818.640,30254.913,34982.806,8595.450,3861.272,0.000462,0.089957,6173,0,465,189,139,74,25343,35,65,128.332,0,0,0,0,0,0,0
6181,206.0,5998,156,42,2494,3504,0,0,3963,219.42,1.188,1.019,0.340,0.143,0.406,-0.960,2.182,0.3654,2.0498,0.547,0.073,0.116,0.092,-0.122,38,8,693,0,164,0,275110.75,66198.995,71543.961,1225.103,37523.532,8.161,52118.588,17329.783,7113.806,40031.420,32025.137,37189.348,9132.520,3877.641,0.000379,0.086823,5875,0,467,226,138,64,26298,19,74,144.099,0,0,0,0,0,0,0
6211,207.0,5988,136,42,2514,3474,0,0,3867,267.83,1.191,1.015,0.355,0.146,0.410,-0.959,2.181,0.3617,2.0423,0.530,0.093,0.141,0.093,-0.122,41,7,640,0,150,0,281562.56,67942.653,70943.172,1215.330,39244.013,6.972,52597.678,17339.560,7001.277,36149.360,28919.489,34986.371,10647.131,3847.477,0.000392,0.084898,5818,0,435,205,106,48,27426,5,58,124.821,0,0,0,0,0,0,0
6241,208.0,6000,139,42,2552,3448,0,0,3811,308.64,1.194,1.011,0.375,0.150,0.415,-0.959,2.181,0.3556,2.0296,0.536,0.078,0.143,0.093,-0.123,45,4,682,1,159,0,282615.16,68035.503,72736.866,1352.826,41091.251,10.090,53013.563,17370.696,6837.507,39676.180,31740.945,39507.195,12088.950,4319.450,0.000316,0.085387,6026,0,476,206,139,75,28172,17,64,167.349,0,0,0,0,0,0,0
6271,209.0,5997,190,42,2561,3436,0,0,3841,226.95,1.200,1.009,0.389,0.151,0.418,-0.959,2.184,0.3531,1.9993,0.538,0.079,0.147,0.093,-0.123,52,10,696,0,129,0,284559.06,69147.937,71725.605,1296.147,41624.436,9.792,53424.819,17281.282,6780.808,38941.042,31152.834,38470.798,12006.080,4473.790,0.000423,0.085936,6254,0,489,207,154,95,28744,22,59,136.669,0,0,0,0,0,0,0
6301,210.0,5993,185,41,2568,3425,0,0,3794,213.94,1.208,1.010,0.412,0.153,0.420,-0.958,2.183,0.3491,1.9865,0.524,0.071,0.119,0.093,-0.123,54,9,834,0,130,0,276456.69,69407.698,70908.520,1533.658,40214.875,9.341,54010.050,17393.337,6789.034,45588.801,36471.041,45297.427,12430.743,4913.887,0.000506,0.080324,6032,0,575,259,209,129,28853,56,82,256.999,0,0,0,0,0,0,0
6331,211.0,6000,155,41,2573,3427,0,0,3737,218.28,1.214,1.011,0.436,0.158,0.421,-0.958,2.185,0.3409,1.9814,0.532,0.049,0.109,0.093,-0.126,47,10,840,1,133,0,273536.34,69337.257,71854.784,1547.925,40426.422,9.955,54667.471,17623.987,6618.846,46351.946,37081.558,44198.798,8374.763,4906.068,0.000394,0.078191,6275,0,562,278,184,99,28557,128,85,250.617,0,0,0,0,0,0,0
6361,212.0,6000,168,41,2558,3442,0,0,3738,231.29,1.224,1.014,0.453,0.155,0.420,-0.958,2.185,0.3392,1.9461,0.530,0.048,0.096,0.093,-0.128,57,5,819,0,141,0,270286.75,69447.673,69442.532,1491.515,39485.891,11.533,55223.091,17597.210,6528.408,45808.010,36646.409,42638.282,7800.122,4682.575,0.000318,0.079842,6271,0,558,261,183,87,28726,134,96,223.567,0,0,0,0,0,0,0
6391,213.0,6000,162,41,2587,3413,0,0,3688,235.34,1.229,1.010,0.483,0.157,0.424,-0.959,2.186,0.3372,1.9208,0.541,0.057,0.100,0.093,-0.128,48,18,771,1,157,0,268769.44,69908.656,69260.960,1326.097,39100.817,8.672,55921.661,17561.991,6507.952,44746.780,35797.425,40344.524,8347.439,4380.121,0.000381,0.080848,6127,0,529,242,169,96,29775,53,73,154.357,0,0,0,0,0,0,0
6421,214.0,5998,189,41,2594,3404,0,0,3649,203.97,1.234,1.011,0.511,0.161,0.426,-0.959,2.181,0.3353,1.9178,0.548,0.045,0.079,0.093,-0.129,47,10,783,0,159,0,267056.00,71129.106,67859.201,1381.721,37808.363,10.633,56660.828,17502.014,6349.027,44642.540,35714.033,40561.213,7770.379,4311.482,0.000386,0.078014,5846,0,519,264,157,80,31041,22,77,190.168,0,0,0,0,0,0,0
6451,215.0,6000,199,40,2610,3390,0,0,3618,218.99,1.243,1.010,0.544,0.163,0.429,-0.959,2.183,0.3288,1.8864,0.543,0.040,0.075,0.093,-0.130,48,15,850,0,155,0,263147.97,70157.964,69133.576,1359.377,38340.617,9.119,57300.222,17459.309,6321.551,48630.235,38904.189,42166.953,7000.391,4584.482,0.000353,0.080499,5916,0,581,269,168,116,31284,21,53,120.176,0,0,0,0,0,0,0
6481,216.0,5994,172,40,2640,3354,0,0,3598,211.26,1.252,1.007,0.582,0.166,0.434,-0.960,2.179,0.3252,1.8731,0.542,0.025,0.041,0.093,-0.131,59,17,943,0,149,0,252659.23,69442.746,67037.022,1623.784,37623.139,11.869,58422.948,17423.352,6186.089,52756.977,42205.582,45970.074,5287.456,4750.974,0.000460,0.076910,6299,0,651,292,164,79,31509,100,85,173.389,0,0,0,0,0,0,0
6511,217.0,5999,185,40,2663,3336,0,0,3533,201.54,1.257,1.005,0.618,0.168,0.438,-0.960,2.173,0.3209,1.8399,0.536,0.015,0.028,0.093,-0.133,66,16,852,0,154,0,244953.09,68247.329,62860.740,1364.460,36408.355,14.565,59178.230,17647.372,6095.107,48544.984,38835.988,39884.630,3437.640,4226.693,0.000309,0.075666,6257,0,555,297,141,74,32040,135,67,137.540,0,0,0,0,0,0,0
6541,218.0,6000,155,40,2677,3323,0,0,3518,219.03,1.264,1.003,0.660,0.168,0.441,-0.960,2.174,0.3167,1.8061,0.541,0.008,0.021,0.092,-0.135,63,26,758,1,179,0,241013.16,66477.824,63606.923,1301.443,37609.518,15.448,60049.352,17851.069,6010.524,46459.610,37167.689,35997.931,2006.391,4118.941,0.000395,0.074701,6243,0,541,217,92,45,32016,178,47,99.621,0,0,0,0,0,0,0
6571,219.0,5996,130,40,2639,3357,0,0,3510,203.24,1.274,1.011,0.697,0.167,0.437,-0.960,2.175,0.3153,1.7912,0.545,0.003,0.011,0.091,-0.136,68,14,778,1,174,0,232148.97,65134.676,59907.103,1249.005,38680.331,15.213,61084.047,17710.741,5900.875,46865.243,37492.195,35461.284,1666.449,3958.532,0.000279,0.076885,6541,0,546,232,67,40,32638,77,27,59.020,0,0,0,0,0,0,0
6601,220.0,5907,126,37,2590,3316,0,1,3494,221.81,1.280,1.014,0.741,0.168,0.436,-0.959,2.177,0.3116,1.7478,0.553,0.003,0.008,0.091,-0.138,46,22,696,0,187,0,225035.88,62709.268,56617.314,1083.021,34749.955,12.434,61725.391,17359.333,5865.681,39534.446,31627.557,30584.783,605.592,3475.026,0.000349,0.080805,6324,0,483,213,65,28,33713,109,37,61.369,0,0,0,0,0,0,0
6631,221.0,5872,130,37,2536,3335,0,1,3529,204.75,1.291,1.021,0.782,0.168,0.431,-0.960,2.178,0.3102,1.7293,0.559,0.004,0.007,0.091,-0.138,58,33,581,0,192,0,221514.39,60935.468,56221.447,890.131,36125.236,13.002,62614.578,17197.869,5876.808,38090.985,30472.789,24523.010,614.896,3123.183,0.000344,0.083982,6637,0,417,164,57,21,34576,62,36,65.641,0,0,0,0,0,0,0
6661,222.0,5765,108,37,2445,3319,0,1,3557,233.78,1.301,1.030,0.817,0.166,0.425,-0.960,2.177,0.3077,1.7306,0.566,0.005,0.008,0.090,-0.139,50,32,571,1,201,0,211672.91,57732.317,52579.555,873.262,33678.726,11.456,62839.002,16883.544,5920.530,34547.707,27638.166,24833.198,664.716,2976.086,0.000444,0.088661,6348,0,394,177,71,27,34319,83,44,95.621,0,0,0,0,0,0,0
6691,223.0,5607,90,37,2346,3261,0,0,3543,220.69,1.309,1.038,0.850,0.164,0.421,-0.960,2.185,0.3029,1.7022,0.581,0.005,0.006,0.090,-0.139,61,30,514,0,225,0,203119.16,54757.347,50725.077,784.459,31141.757,12.140,62473.462,16394.576,5897.480,30332.409,24265.927,20890.691,546.991,2550.961,0.000299,0.090562,6161,0,344,170,75,23,34445,95,52,123.452,0,0,0,0,0,0,0
6721,224.0,5386,87,37,2245,3141,0,0,3458,249.16,1.315,1.041,0.883,0.163,0.420,-0.960,2.186,0.3018,1.6970,0.589,0.004,0.006,0.090,-0.138,54,35,463,0,264,0,191367.95,51501.893,47644.290,675.473,29896.009,12.831,61360.431,15779.055,5819.247,27297.177,21837.742,20272.423,406.903,2475.358,0.000322,0.089913,5958,0,320,143,56,32,34246,36,24,55.087,0,0,0,0,0,0,0
6751,225.0,5154,88,37,2172,2982,0,0,3291,280.73,1.312,1.039,0.906,0.163,0.423,-0.960,2.186,0.3030,1.6879,0.594,0.002,0.007,0.091,-0.138,39,54,357,1,284,0,181747.27,47789.693,43699.532,493.599,26363.743,12.097,59458.803,15056.683,5653.507,23063.042,18450.434,14507.577,367.664,1946.673,0.000236,0.089455,5325,0,240,117,48,19,33121,23,29,52.740,0,0,0,0,0,0,0
6781,226.0,4896,105,37,2098,2798,0,0,3099,276.36,1.309,1.032,0.935,0.165,0.429,-0.960,2.184,0.2988,1.6797,0.607,0.003,0.005,0.092,-0.137,32,50,362,0,263,0,169563.70,44540.407,40610.398,521.079,24117.377,11.664,57073.765,14157.822,5374.303,20770.416,16616.333,14814.572,390.384,1890.522,0.000294,0.089000,5082,0,251,111,42,20,32964,38,22,46.355,0,0,0,0,0,0,0
6811,227.0,4656,122,37,2032,2624,0,0,2888,259.27,1.304,1.023,0.954,0.167,0.437,-0.960,2.179,0.2980,1.6518,0.614,0.003,0.008,0.094,-0.138,36,33,320,3,259,0,158194.95,41981.631,37721.628,458.810,22628.383,11.480,54521.730,13217.936,5063.544,18499.918,14799.935,13064.748,242.864,1720.005,0.000253,0.089751,4770,0,219,101,47,16,32753,8,31,50.676,0,0,0,0,0,0,0
6841,228.0,4434,137,37,1974,2460,0,0,2696,270.89,1.300,1.014,0.969,0.167,0.444,-0.959,2.182,0.2955,1.6507,0.623,0.002,0.007,0.095,-0.137,52,60,260,1,250,0,146498.36,38956.976,34248.287,356.246,20188.054,13.428,51939.715,12241.847,4771.736,17397.038,13917.630,10859.916,422.893,1542.593,0.000185,0.088824,4239,0,169,91,44,22,32832,13,22,40.875,0,0,0,0,0,0,0
6871,229.0,4152,93,37,1867,2285,0,0,2510,301.63,1.300,1.010,0.983,0.172,0.448,-0.959,2.183,0.2922,1.6473,0.633,0.002,0.004,0.095,-0.136,37,51,285,0,257,0,135625.27,36570.005,32481.773,343.181,17968.011,13.183,49366.569,11489.847,4441.252,15268.174,12214.540,10153.882,370.483,1392.393,0.000321,0.091165,3901,0,157,128,67,24,32119,7,43,71.300,0,0,0,0,0,0,0
6901,230.0,3850,95,38,1809,2041,0,0,2280,263.79,1.282,0.991,0.987,0.174,0.466,-0.959,2.177,0.2911,1.6429,0.652,0.003,0.004,0.097,-0.134,30,80,255,1,248,0,125680.00,34168.068,30366.077,338.242,16468.373,10.271,45466.217,10327.858,4086.760,13533.381,10826.705,10651.030,201.684,1377.420,0.000177,0.090818,3322,0,167,88,46,25,30623,1,21,36.940,0,0,0,0,0,0,0
6931,231.0,3605,99,38,1748,1857,0,0,2098,280.88,1.268,0.979,0.992,0.177,0.479,-0.959,2.180,0.2912,1.6236,0.663,0.002,0.004,0.099,-0.134,40,61,203,0,228,0,116877.87,32211.480,25330.526,237.360,14054.794,13.142,42365.765,9520.689,3780.002,11806.480,9445.184,7447.802,67.901,1038.044,0.000255,0.089231,2839,0,119,84,26,12,29125,2,14,28.316,0,0,0,0,0,0,0
6961,232.0,3410,108,38,1712,1698,0,0,1902,334.07,1.252,0.965,0.990,0.180,0.493,-0.959,2.179,0.2930,1.6159,0.667,0.003,0.005,0.101,-0.133,36,52,150,0,196,0,110828.34,30202.769,23894.419,204.131,13344.408,12.972,39330.120,8558.480,3487.448,9708.547,7766.838,5972.077,119.886,941.118,0.000244,0.087546,2544,0,91,59,8,0,28124,0,8,21.019,0,0,0,0,0,0,0
6991,233.0,3273,108,38,1689,1584,0,0,1743,301.27,1.236,0.952,0.986,0.182,0.504,-0.960,2.178,0.2936,1.6373,0.666,0.003,0.004,0.102,-0.133,36,56,140,0,168,0,105447.41,28450.128,22801.522,165.310,12517.923,12.671,37118.904,7927.014,3168.564,10555.576,8444.461,5619.525,21.139,831.636,0.000156,0.086110,2390,0,84,56,4,0,26774,4,4,6.878,0,0,0,0,0,0,0
7021,234.0,3142,126,38,1649,1493,0,0,1621,309.74,1.228,0.945,0.981,0.183,0.512,-0.960,2.175,0.2928,1.6399,0.676,0.002,0.007,0.103,-0.133,35,65,96,0,155,0,99519.00,27022.963,19518.596,123.105,11516.954,11.490,35482.822,7556.384,2956.811,8828.249,7062.599,4031.005,100.740,699.654,0.000171,0.086133,2213,0,42,54,14,2,26040,12,12,36.974,0,0,0,0,0,0,0
7051,235.0,3003,108,35,1619,1384,0,0,1449,338.23,1.208,0.931,0.971,0.187,0.524,-0.959,2.172,0.2966,1.6623,0.684,0.004,0.005,0.105,-0.132,43,60,127,1,154,0,94068.01,25766.982,19660.740,141.443,11101.241,11.113,33621.892,7155.807,2681.224,9172.699,7338.160,4836.683,130.890,759.124,0.000171,0.087247,2075,0,68,59,25,11,25219,0,14,25.609,0,0,0,0,0,0,0
7081,236.0,2854,121,35,1571,1283,0,0,1309,337.97,1.196,0.921,0.967,0.189,0.534,-0.960,2.173,0.2955,1.6647,0.679,0.004,0.005,0.106,-0.131,57,67,120,0,127,0,88542.49,24167.173,17661.739,147.861,9659.099,11.263,31836.211,6561.762,2395.238,7652.707,6122.165,4380.183,156.070,642.280,0.000173,0.087066,1812,0,51,69,29,8,24128,0,21,57.693,0,0,0,0,0,0,0
7111,237.0,2692,119,35,1536,1156,0,0,1189,379.98,1.172,0.903,0.960,0.190,0.551,-0.960,2.173,0.2966,1.6869,0.689,0.003,0.006,0.109,-0.129,48,66,124,0,138,0,82266.99,22913.093,15944.842,150.050,8617.504,11.612,29906.781,6056.097,2188.660,7455.446,5964.357,4891.111,96.354,653.392,0.000221,0.085848,1719,0,60,64,22,8,22855,0,14,43.752,0,0,0,0,0,0,0
7141,238.0,2555,148,35,1499,1056,0,0,1030,387.12,1.150,0.887,0.946,0.190,0.565,-0.960,2.171,0.2967,1.6500,0.699,0.003,0.006,0.110,-0.128,41,83,101,0,125,0,77830.79,22046.434,14020.872,134.554,8279.330,14.204,27589.944,5376.295,1901.487,7533.482,6026.785,3595.806,133.232,534.603,0.000215,0.084389,1475,0,45,56,33,9,21581,0,24,54.299,0,0,0,0,0,0,0
7171,239.0,2439,163,35,1475,964,0,0,902,392.64,1.127,0.871,0.935,0.190,0.580,-0.960,2.166,0.3026,1.6678,0.703,0.003,0.006,0.112,-0.127,38,78,104,1,103,0,76976.82,21682.000,15090.708,112.316,7281.190,12.636,25619.704,4923.527,1659.594,7219.236,5775.389,3423.901,153.357,515.062,0.000193,0.083451,1331,0,32,72,26,4,20967,7,22,45.106,0,0,0,0,0,0,0
7201,240.0,2404,153,32,1472,932,0,0,843,345.20,1.109,0.863,0.925,0.187,0.587,-0.961,2.163,0.3038,1.6876,0.697,0.002,0.004,0.114,-0.125,53,61,91,0,78,0,76791.93,21251.023,14694.464,117.103,7456.076,12.850,24624.254,4718.531,1486.887,8449.929,6759.943,3171.366,103.392,453.071,0.000261,0.084709,1285,0,31,60,39,12,19933,2,27,74.986,0,0,0,0,0,0,0
7231,241.0,2414,152,32,1503,911,0,0,796,330.60,1.092,0.854,0.916,0.185,0.595,-0.962,2.165,0.3043,1.6916,0.691,0.003,0.003,0.115,-0.124,52,63,76,0,51,0,77439.93,21369.454,14205.636,94.864,6765.999,16.634,24124.926,4558.910,1380.968,8488.908,6791.126,2653.313,205.159,400.896,0.000203,0.086165,1160,0,30,46,21,5,19455,1,16,37.958,0,0,0,0,0,0,0
7261,242.0,2394,175,32,1505,889,0,0,758,404.75,1.076,0.846,0.906,0.183,0.600,-0.962,2.165,0.3081,1.6987,0.684,0.005,0.007,0.116,-0.124,50,58,76,1,74,0,78825.69,21809.617,14414.560,115.158,7669.060,14.567,23803.090,4476.217,1308.953,8217.186,6573.749,3092.748,188.320,440.820,0.000148,0.087017,1233,0,29,47,20,2,18883,1,18,51.365,0,0,0,0,0,0,0
7291,243.0,2485,201,32,1567,918,0,0,725,395.32,1.065,0.842,0.897,0.178,0.602,-0.962,2.159,0.3123,1.7026,0.682,0.006,0.008,0.117,-0.125,58,40,69,0,42,0,82614.73,22598.614,15815.218,79.853,7147.361,13.246,23773.249,4528.643,1234.599,10075.196,8060.157,2579.020,158.378,415.710,0.000186,0.086947,1144,0,23,46,16,4,18353,2,12,35.989,0,0,0,0,0,0,0
7321,244.0,2565,173,32,1621,944,0,0,687,308.68,1.054,0.841,0.892,0.176,0.603,-0.963,2.156,0.3161,1.6903,0.671,0.006,0.008,0.117,-0.124,51,65,81,0,59,0,87540.05,23510.253,17800.304,93.083,7667.545,13.518,24454.203,4674.640,1161.341,12294.353,9835.483,3057.280,211.679,460.303,0.000242,0.085740,1231,0,27,54,24,7,18497,0,17,41.484,0,0,0,0,0,0,0
7351,245.0,2700,185,30,1685,1015,0,0,709,336.39,1.057,0.849,0.898,0.173,0.597,-0.963,2.151,0.3182,1.7286,0.658,0.007,0.006,0.117,-0.124,51,31,85,0,32,0,91986.67,24716.566,17182.443,128.964,9524.290,12.628,25393.593,4852.696,1145.005,12043.375,9634.700,3002.935,285.790,492.658,0.000206,0.085257,1484,0,23,62,31,4,18533,3,27,78.352,0,0,0,0,0,0,0
7381,246.0,2851,184,30,1774,1077,0,0,722,346.42,1.053,0.854,0.893,0.173,0.596,-0.963,2.150,0.3176,1.7348,0.641,0.008,0.013,0.117,-0.124,58,52,76,0,35,0,97986.38,26318.235,18962.073,93.614,9752.507,12.293,26978.797,5288.620,1167.470,13138.919,10511.135,2532.162,255.113,524.268,0.000149,0.086075,1469,0,19,57,19,2,18806,1,17,42.679,0,0,0,0,0,0,0
7411,247.0,3015,204,30,1844,1171,0,0,741,324.86,1.060,0.867,0.891,0.168,0.587,-0.963,2.151,0.3203,1.7632,0.640,0.009,0.006,0.115,-0.124,49,69,89,0,43,0,104640.55,28142.854,20901.867,100.203,11488.327,11.346,28573.368,5739.529,1171.492,16043.869,12835.096,2978.084,186.865,632.646,0.000220,0.085417,1766,0,22,67,17,1,18665,0,16,41.365,0,0,0,0,0,0,0
7441,248.0,3193,181,30,1918,1275,0,0,798,341.21,1.067,0.879,0.891,0.163,0.578,-0.963,2.147,0.3170,1.7560,0.627,0.009,0.005,0.115,-0.124,63,52,112,0,42,0,112959.26,30636.339,23247.516,121.709,12288.136,11.699,30419.629,6136.400,1233.697,16668.444,13334.755,3612.368,237.593,713.485,0.000195,0.086316,1962,0,28,84,34,8,19307,2,26,62.683,0,0,0,0,0,0,0
7471,249.0,3418,181,30,2022,1396,0,0,867,326.41,1.070,0.891,0.896,0.159,0.571,-0.963,2.142,0.3220,1.7771,0.626,0.010,0.006,0.114,-0.123,46,58,128,0,33,0,121220.35,32900.573,24771.617,168.646,14169.878,12.448,32395.673,6729.529,1318.767,18821.222,15056.978,4360.937,209.808,800.784,0.000185,0.087684,2198,0,36,92,46,9,20208,0,37,96.392,0,0,0,0,0,0,0
7501,250.0,3641,175,28,2115,1526,0,0,960,282.82,1.076,0.902,0.900,0.156,0.563,-0.963,2.133,0.3211,1.7848,0.612,0.004,0.010,0.114,-0.124,50,49,156,0,54,0,129986.34,35766.855,27191.024,253.072,16329.955,11.408,34803.906,7352.564,1457.388,20343.935,16275.148,5522.140,332.419,907.754,0.000239,0.088480,2569,0,40,116,78,8,20700,25,70,172.692,0,0,0,0,0,0,0
7531,251.0,3910,156,28,2209,1701,0,0,1070,302.33,1.089,0.918,0.912,0.151,0.550,-0.962,2.129,0.3251,1.8112,0.605,0.006,0.009,0.112,-0.125,53,53,158,1,65,0,141713.75,38797.567,31869.380,229.704,18696.428,9.783,37669.343,8168.477,1618.667,24215.215,19372.173,5327.072,529.336,1013.314,0.000232,0.089844,3067,0,42,116,77,13,21041,47,64,153.920,0,0,0,0,0,0,0
7561,252.0,4154,155,28,2257,1897,0,0,1173,305.21,1.115,0.943,0.927,0.144,0.532,-0.962,2.130,0.3204,1.8158,0.583,0.004,0.010,0.110,-0.125,61,42,250,0,59,0,149877.05,40872.621,34055.847,315.846,21512.313,11.076,40815.234,9140.407,1793.540,26471.777,21177.422,8198.101,503.522,1335.852,0.000267,0.088713,3574,0,65,185,110,21,21904,9,89,188.929,0,0,0,0,0,0,0
7591,253.0,4409,150,28,2301,2107,0,1,1381,258.61,1.135,0.965,0.935,0.137,0.515,-0.961,2.128,0.3198,1.8153,0.584,0.005,0.012,0.108,-0.126,51,46,215,1,74,0,159570.66,43153.426,37733.439,262.078,23311.429,11.610,44616.268,10117.113,2068.346,26601.102,21280.882,7092.909,880.711,1359.768,0.000307,0.088984,3854,0,59,156,97,28,23426,8,69,176.233,0,0,0,0,0,0,0
7621,254.0,4610,129,28,2311,2298,0,1,1549,266.60,1.156,0.988,0.946,0.131,0.498,-0.960,2.128,0.3245,1.7998,0.570,0.004,0.011,0.106,-0.128,42,61,270,0,88,0,168362.36,45215.905,40843.137,286.451,25888.716,9.687,47650.969,11095.023,2401.939,28338.328,22670.663,8435.561,746.983,1555.659,0.000283,0.090933,4475,0,81,189,126,40,23735,3,86,169.794,0,0,0,0,0,0,0
7651,255.0,4835,120,28,2340,2494,0,1,1835,264.11,1.177,1.008,0.955,0.127,0.484,-0.960,2.135,0.3262,1.8330,0.560,0.003,0.006,0.105,-0.127,37,76,257,0,97,0,175925.95,47063.764,43476.104,294.225,28061.708,10.218,50970.717,12097.743,2804.668,30475.520,24380.416,9043.950,558.119,1700.189,0.000369,0.092664,4988,0,85,172,101,36,23934,3,65,161.762,0,0,0,0,0,0,0
7681,256.0,5033,123,28,2350,2682,0,1,2176,311.78,1.194,1.025,0.964,0.124,0.469,-0.960,2.133,0.3202,1.8387,0.544,0.004,0.006,0.103,-0.128,35,68,294,0,112,0,184295.97,48861.827,47675.813,323.338,29632.279,11.222,54130.629,13153.420,3363.141,31057.800,24846.240,9428.140,396.294,1807.782,0.000266,0.091276,5476,0,100,194,150,55,24022,9,95,197.285,0,0,0,0,0,0,0
7711,257.0,5223,91,28,2326,2896,0,1,2473,291.74,1.217,1.048,0.969,0.120,0.452,-0.961,2.132,0.3247,1.8413,0.554,0.003,0.008,0.101,-0.128,48,49,311,0,129,0,191883.86,50580.577,50621.094,283.432,30926.915,10.502,56996.720,14099.849,3954.907,32085.941,25668.753,9961.624,532.408,1934.517,0.000424,0.090169,6001,0,114,197,167,76,23559,31,91,172.066,0,0,0,0,0,0,0
7741,258.0,5404,106,28,2298,3105,0,1,2820,244.68,1.243,1.071,0.975,0.118,0.435,-0.961,2.127,0.3225,1.8620,0.553,0.003,0.007,0.099,-0.128,42,49,327,0,144,0,198443.02,52519.667,54992.612,353.547,32201.921,12.617,60487.399,15315.543,4577.101,33551.140,26840.913,11575.389,584.549,2056.458,0.000260,0.092067,6295,0,125,202,169,68,23842,48,101,204.998,0,0,0,0,0,0,0
7771,259.0,5517,99,28,2236,3280,0,1,3114,241.30,1.266,1.093,0.990,0.114,0.419,-0.961,2.126,0.3199,1.8518,0.562,0.003,0.006,0.097,-0.128,51,49,356,0,187,0,202590.52,53871.918,57261.929,465.230,33657.566,9.880,63229.024,16247.618,5200.393,33920.514,27136.412,13251.046,673.945,2065.451,0.000299,0.093131,6597,0,127,229,201,63,23254,6,138,308.925,0,0,0,0,0,0,0
7801,260.0,5616,93,28,2180,3435,0,1,3345,242.70,1.287,1.112,0.992,0.109,0.405,-0.961,2.127,0.3185,1.8617,0.563,0.002,0.009,0.096,-0.128,42,47,319,0,231,0,208337.17,54728.659,59825.040,351.794,34923.751,9.753,65832.886,17018.019,5690.154,33567.585,26854.068,11179.029,716.733,2008.507,0.000568,0.096222,6898,0,106,213,162,58,22984,4,104,228.404,0,0,0,0,0,0,0
7831,261.0,5739,73,28,2172,3566,0,1,3537,262.57,1.296,1.123,0.996,0.105,0.397,-0.961,2.120,0.3248,1.8643,0.565,0.002,0.009,0.095,-0.126,50,58,294,0,254,0,214383.22,55114.420,63218.830,345.407,34153.793,10.130,67725.742,17446.319,6088.640,35089.107,28071.286,11561.363,810.493,1982.233,0.000412,0.101592,6810,0,120,174,154,62,23716,6,92,203.389,0,0,0,0,0,0,0
7861,262.0,5840,78,28,2181,3659,0,0,3731,214.85,1.300,1.130,0.994,0.103,0.393,-0.962,2.116,0.3309,1.8650,0.562,0.001,0.009,0.094,-0.125,50,62,331,1,256,0,218810.52,56207.509,64727.672,404.200,36042.486,11.557,69671.325,18279.045,6457.877,35577.111,28461.689,12445.569,813.651,2129.206,0.000345,0.103855,7143,0,130,201,197,76,23674,5,121,268.612,0,0,0,0,0,0,0
7891,263.0,5957,79,28,2177,3780,0,0,3823,252.29,1.310,1.142,1.001,0.102,0.387,-0.962,2.112,0.3315,1.8773,0.551,0.001,0.008,0.094,-0.125,31,36,330,1,304,0,224989.27,57403.404,68195.890,374.770,37006.223,9.881,71274.509,18775.562,6736.224,37852.699,30282.160,12300.050,917.321,2221.100,0.000275,0.103710,7342,0,141,189,185,74,24673,1,111,215.247,0,0,0,0,0,0,0
7921,264.0,6000,68,28,2102,3898,0,0,3937,216.51,1.330,1.158,1.005,0.100,0.374,-0.961,2.111,0.3337,1.8924,0.565,0.009,0.017,0.092,-0.124,40,44,332,0,310,0,231917.95,57017.796,71140.570,385.999,36176.356,9.355,73478.233,19372.082,6944.725,35513.864,28411.092,11651.820,933.522,2132.526,0.000556,0.099959,7279,0,117,215,198,61,24787,0,137,248.259,0,0,0,0,0,0,0
7951,265.0,5997,84,26,2063,3934,0,0,4049,236.13,1.339,1.165,1.009,0.102,0.369,-0.961,2.107,0.3355,1.8658,0.565,0.022,0.036,0.092,-0.124,26,34,265,0,325,0,238767.73,57317.202,70283.077,306.375,37627.714,9.280,74354.922,19707.104,7149.275,29761.584,23809.268,9656.815,2227.647,2008.781,0.000399,0.096614,7289,0,77,188,163,42,24847,7,121,219.498,0,0,0,0,0,0,0
7981,266.0,6000,82,26,2069,3931,0,0,4058,248.52,1.338,1.166,1.009,0.104,0.370,-0.961,2.110,0.3361,1.8728,0.564,0.025,0.047,0.092,-0.122,38,40,283,0,341,0,245441.53,57975.736,73883.255,301.381,37621.712,8.162,74713.958,19780.797,7225.642,32259.859,25807.887,11848.532,3242.175,2223.509,0.000366,0.095372,7137,0,137,146,187,92,24558,2,95,193.466,0,0,0,0,0,0,0
8011,267.0,5998,62,26,2029,3969,0,0,3977,270.36,1.346,1.174,1.019,0.103,0.365,-0.961,2.109,0.3290,1.8697,0.548,0.027,0.051,0.091,-0.121,39,38,337,0,330,0,249541.19,56793.439,76820.471,354.088,37984.239,10.468,75183.368,19993.670,7162.315,33914.072,27131.258,13500.750,4889.755,2355.672,0.000300,0.094147,7205,0,147,190,204,92,25032,2,112,212.892,0,0,0,0,0,0,0
8041,268.0,6000,99,26,1987,4013,0,0,4034,255.56,1.355,1.182,1.021,0.103,0.360,-0.960,2.111,0.3285,1.8881,0.550,0.030,0.053,0.090,-0.120,39,42,285,0,355,0,250273.27,56041.482,74910.266,332.084,37010.316,10.157,75637.909,20239.601,7147.791,33479.423,26783.539,13090.692,5595.382,2144.483,0.000417,0.090904,7084,0,107,178,165,64,25695,3,101,222.766,0,0,0,0,0,0,0
8071,269.0,5995,80,26,1921,4074,0,0,3987,250.74,1.370,1.194,1.031,0.103,0.351,-0.960,2.113,0.3324,1.8822,0.558,0.036,0.051,0.089,-0.120,37,37,337,0,330,0,251917.27,55650.592,77902.830,428.677,38242.571,9.716,76405.391,20439.732,7079.481,34826.244,27860.995,13275.380,5834.600,2338.260,0.000403,0.090101,7013,0,151,186,225,89,25644,1,136,268.276,0,0,0,0,0,0,0
8101,270.0,5995,76,27,1884,4111,0,0,4034,233.42,1.378,1.198,1.035,0.105,0.346,-0.960,2.115,0.3292,1.8670,0.549,0.023,0.052,0.089,-0.121,49,46,313,0,326,0,250627.45,53757.721,76994.791,337.644,36798.919,10.820,77121.400,20585.639,7138.646,33857.067,27085.654,13245.151,5226.083,2291.644,0.000353,0.091223,6885,0,143,170,198,93,26053,5,105,222.408,0,0,0,0,0,0,0
8131,271.0,6000,68,27,1883,4117,0,0,4036,224.30,1.377,1.197,1.032,0.106,0.345,-0.960,2.108,0.3353,1.8593,0.567,0.020,0.039,0.089,-0.123,38,45,293,0,367,0,249406.70,53306.186,77761.225,283.730,36557.150,9.967,77402.412,20761.537,7147.081,35251.623,28201.298,13497.996,4357.052,2355.498,0.000438,0.094063,7007,0,165,128,197,116,26383,5,81,171.796,0,0,0,0,0,0,0
8161,272.0,6000,91,27,1864,4135,0,1,4069,251.76,1.380,1.201,1.034,0.105,0.343,-0.960,2.107,0.3345,1.8594,0.562,0.026,0.045,0.088,-0.124,47,43,296,0,332,0,249650.91,53532.123,77240.421,295.254,34797.504,10.773,77257.783,20417.468,7170.066,32988.200,26390.561,12515.435,4574.750,2290.454,0.000554,0.095934,6552,0,145,151,194,94,26357,28,100,170.473,0,0,0,0,0,0,0
8191,273.0,6000,56,27,1851,4148,0,1,4045,267.23,1.382,1.202,1.029,0.105,0.341,-0.960,2.107,0.3322,1.8635,0.572,0.024,0.043,0.088,-0.124,41,47,289,0,373,0,247739.91,53042.272,77065.080,362.300,36036.215,10.815,77395.338,20620.275,7166.001,34915.424,27932.340,13333.499,4640.501,2241.952,0.000349,0.098438,6824,0,142,147,175,79,26233,59,96,207.097,0,0,0,0,0,0,0
8221,274.0,6000,70,27,1846,4154,0,0,4069,264.95,1.384,1.206,1.026,0.104,0.341,-0.961,2.112,0.3326,1.8723,0.569,0.020,0.041,0.089,-0.123,41,44,278,0,355,0,243697.06,52645.482,74532.656,320.399,35899.510,10.187,77406.810,20808.303,7148.789,33528.168,26822.535,12960.321,4270.447,2241.087,0.000306,0.098810,6759,0,144,134,190,100,26386,63,90,213.759,0,0,0,0,0,0,0
8251,275.0,5999,77,40,1884,4115,0,0,3933,276.88,1.377,1.201,1.022,0.104,0.347,-0.961,2.114,0.3369,1.8606,0.565,0.014,0.026,0.090,-0.124,44,54,329,0,415,0,238903.44,51828.888,76037.465,336.063,34620.371,9.432,77296.219,20717.606,7023.683,39110.649,31288.519,14974.305,2753.127,2408.968,0.000404,0.100748,6868,0,202,127,220,138,25311,59,82,181.078,0,0,0,0,0,0,0
8281,276.0,6000,69,40,1894,4105,1,0,3909,211.56,1.375,1.200,1.022,0.105,0.348,-0.960,2.109,0.3297,1.8595,0.556,0.008,0.009,0.090,-0.122,33,39,371,0,362,0,231879.56,50535.836,73054.519,338.852,35001.486,8.032,77251.464,20690.570,6891.768,37777.629,30222.103,14520.565,1597.696,2445.495,0.000396,0.103021,7305,0,208,163,270,154,24566,58,116,223.896,0,0,0,0,0,0,0
8311,277.0,5872,70,40,1855,4016,1,0,3828,238.91,1.375,1.201,1.024,0.105,0.348,-0.961,2.105,0.3390,1.8634,0.565,0.003,0.006,0.091,-0.120,37,59,390,0,385,0,222549.27,49512.452,70446.771,319.901,33354.159,8.373,76620.767,20414.663,6795.974,35061.382,28049.106,15541.737,843.972,2380.040,0.000326,0.106342,7045,0,223,167,283,169,24423,24,114,202.401,0,0,0,0,0,0,0
8341,278.0,5837,61,40,1881,3956,0,0,3842,247.82,1.364,1.195,1.015,0.105,0.354,-0.961,2.105,0.3385,1.8640,0.559,0.002,0.007,0.092,-0.121,45,52,288,0,384,0,216386.02,48554.381,68898.524,249.303,31442.628,10.778,75337.578,19985.114,6701.271,33416.844,26733.476,12396.498,661.691,2099.928,0.000389,0.103395,6654,0,162,126,208,125,24307,2,83,167.011,0,0,0,0,0,0,0
8371,279.0,5692,57,40,1889,3803,0,0,3748,236.77,1.352,1.186,1.013,0.106,0.362,-0.961,2.105,0.3384,1.8602,0.557,0.001,0.006,0.094,-0.121,42,63,321,0,386,0,209445.23,47205.403,66059.893,226.136,31540.815,10.548,73607.169,19482.460,6602.056,30368.893,24295.115,12181.911,387.816,2097.029,0.000241,0.103043,6547,0,184,137,214,136,23991,10,78,127.173,0,0,0,0,0,0,0
8401,280.0,5530,76,44,1886,3644,0,0,3649,275.42,1.340,1.177,1.007,0.107,0.370,-0.961,2.108,0.3429,1.8483,0.576,0.001,0.004,0.095,-0.120,45,58,280,0,391,0,202996.98,47106.316,60718.842,216.803,29771.321,9.788,70589.289,18538.510,6433.549,27120.706,21696.565,11176.534,410.608,1917.581,0.000301,0.103695,6304,0,151,129,192,116,22304,1,76,135.531,0,0,0,0,0,0,0
8431,281.0,5528,79,44,1917,3610,0,1,3541,284.56,1.332,1.172,0.997,0.106,0.374,-0.961,2.101,0.3490,1.8496,0.576,0.003,0.006,0.095,-0.120,34,68,230,0,342,0,201115.06,46274.133,62597.714,198.354,30750.083,8.416,69297.949,18100.241,6234.747,30905.175,24724.140,8936.931,444.891,1756.316,0.000382,0.099863,6511,0,115,115,150,84,22003,2,66,129.740,0,0,0,0,0,0,0
8461,282.0,5383,65,44,1936,3447,0,0,3478,238.28,1.316,1.158,0.991,0.108,0.385,-0.962,2.101,0.3461,1.8409,0.582,0.003,0.005,0.097,-0.120,40,60,269,0,362,0,194466.69,45182.106,58121.025,207.360,28509.743,8.892,67622.342,17515.967,6110.379,26163.844,20931.075,11507.314,329.099,1841.000,0.000354,0.096754,6144,0,158,111,199,127,21544,2,72,143.442,0,0,0,0,0,0,0
8491,283.0,5230,70,44,1946,3283,0,1,3302,233.83,1.297,1.145,0.982,0.108,0.396,-0.962,2.100,0.3470,1.8421,0.579,0.004,0.005,0.099,-0.122,32,57,284,0,371,0,186452.44,44078.264,54197.589,238.056,27890.174,10.340,65058.845,16736.016,5888.214,26496.041,21196.833,11206.392,525.082,1814.393,0.000535,0.092366,5914,0,152,132,209,119,20918,1,90,173.669,0,0,0,0,0,0,0
8521,284.0,5002,82,44,1952,3049,0,1,3132,224.04,1.272,1.127,0.977,0.107,0.412,-0.962,2.099,0.3547,1.8452,0.578,0.003,0.004,0.101,-0.122,36,55,321,0,316,0,176884.89,42608.650,50551.043,198.545,26396.823,11.094,61557.898,15905.225,5529.998,22200.753,17760.603,13241.829,253.978,1996.713,0.000390,0.090655,5617,0,219,102,256,183,20319,7,73,125.298,0,0,0,0,0,0,0
8551,285.0,4828,82,46,1932,2894,0,2,3000,266.79,1.257,1.119,0.970,0.105,0.421,-0.961,2.100,0.3558,1.8282,0.585,0.004,0.006,0.101,-0.122,34,71,312,0,286,0,169698.64,40710.814,48586.816,250.182,25809.737,10.253,58120.349,14923.639,5267.276,23538.114,18830.491,11639.262,250.371,1825.532,0.000260,0.089495,5466,0,173,139,243,145,19059,1,98,193.416,0,0,0,0,0,0,0
8581,286.0,4737,76,46,1923,2813,0,1,2933,277.52,1.246,1.113,0.966,0.106,0.426,-0.962,2.097,0.3615,1.8277,0.597,0.002,0.005,0.102,-0.122,39,57,256,0,240,0,164702.42,39532.381,45388.526,237.162,23646.668,10.881,55612.167,14187.522,5020.377,21735.173,17388.139,9123.872,356.427,1506.901,0.000403,0.093013,4942,0,127,129,201,102,17944,1,99,182.368,0,0,0,0,0,0,0
8611,287.0,4584,73,46,1911,2672,0,1,2862,269.70,1.230,1.102,0.959,0.108,0.435,-0.962,2.095,0.3615,1.8242,0.593,0.001,0.006,0.103,-0.123,32,63,242,0,262,0,158221.77,37811.945,42359.436,214.351,23970.131,12.211,54057.770,13753.560,4980.051,19660.829,15728.664,8401.541,272.961,1468.331,0.000228,0.092913,5032,0,124,118,184,93,16834,0,91,150.200,0,0,0,0,0,0,0
8641,288.0,4451,83,46,1899,2552,0,0,2710,282.02,1.216,1.092,0.954,0.108,0.443,-0.962,2.095,0.3685,1.8339,0.591,0.001,0.005,0.104,-0.123,39,47,218,0,274,0,150496.20,35647.971,38999.800,240.730,21042.699,11.088,51662.432,12973.061,4719.364,18949.524,15159.619,8032.450,178.110,1258.747,0.000293,0.091185,4502,0,95,123,196,83,17259,9,113,214.216,0,0,0,0,0,0,0
8671,289.0,4311,76,46,1894,2417,0,0,2595,323.17,1.196,1.078,0.939,0.109,0.454,-0.962,2.092,0.3681,1.8394,0.602,0.001,0.006,0.104,-0.123,39,59,154,0,254,0,142831.89,34176.151,34771.390,169.664,20290.129,10.495,49448.585,12411.970,4514.150,14772.733,11818.187,6083.785,246.605,1121.868,0.000208,0.091095,4369,0,55,99,120,43,15937,5,77,140.972,0,0,0,0,0,0,0
8701,290.0,4166,80,44,1891,2275,0,0,2537,306.58,1.176,1.063,0.929,0.110,0.467,-0.962,2.087,0.3616,1.8400,0.610,0.002,0.005,0.107,-0.122,40,58,144,0,243,0,135353.80,32374.672,32244.425,165.179,18951.194,13.009,47208.822,11831.725,4348.105,13715.272,10972.218,4909.927,233.872,986.881,0.000205,0.092670,4062,0,55,89,118,43,16008,11,75,137.240,0,0,0,0,0,0,0
8731,291.0,3976,68,44,1853,2123,0,0,2370,280.13,1.158,1.050,0.918,0.111,0.477,-0.963,2.084,0.3684,1.8637,0.621,0.003,0.005,0.108,-0.123,25,64,151,0,259,0,127034.10,30679.576,30343.048,177.736,17634.729,8.624,44419.261,11079.912,4147.457,13212.161,10569.729,6004.910,285.096,940.981,0.000314,0.091598,3874,0,57,94,130,49,14897,8,81,163.983,0,0,0,0,0,0,0
8761,292.0,3796,75,44,1851,1945,0,0,2197,360.37,1.128,1.030,0.907,0.113,0.496,-0.962,2.082,0.3669,1.8768,0.626,0.002,0.007,0.111,-0.122,38,63,143,1,237,0,118839.38,29623.971,26539.222,148.210,16252.871,10.517,41529.167,10285.544,3846.845,11634.145,9307.316,5411.125,150.443,956.175,0.000191,0.092575,3478,0,57,86,118,47,14476,13,71,131.373,0,0,0,0,0,0,0
8791,293.0,3602,73,44,1830,1772,0,0,2069,334.37,1.097,1.009,0.896,0.113,0.513,-0.962,2.081,0.3707,1.8576,0.623,0.001,0.007,0.113,-0.122,41,67,136,0,196,0,112931.03,28205.686,24816.615,163.005,15385.606,10.600,38431.231,9541.487,3556.935,8965.884,7172.707,4629.494,352.024,789.306,0.000204,0.094915,3190,0,50,86,122,46,14357,5,76,151.369,0,0,0,0,0,0,0
8821,294.0,3523,77,44,1859,1663,0,1,1886,366.42,1.067,0.989,0.886,0.112,0.531,-0.962,2.076,0.3791,1.8788,0.625,0.000,0.005,0.115,-0.123,38,63,89,0,169,0,107205.99,26968.448,21950.024,127.028,14304.698,11.923,36146.622,8890.835,3249.698,10425.556,8340.445,3517.205,193.885,687.187,0.000181,0.095511,2936,0,35,54,76,25,13682,0,51,112.097,0,0,0,0,0,0,0
8851,295.0,3422,83,45,1893,1529,0,0,1733,377.83,1.030,0.962,0.872,0.114,0.552,-0.963,2.074,0.3775,1.8757,0.633,0.001,0.006,0.118,-0.123,30,78,71,0,162,0,102744.73,26553.169,19767.976,88.008,13114.206,10.351,34020.395,8210.481,2957.778,8915.528,7132.423,3092.279,105.455,700.912,0.000232,0.094577,2782,0,27,44,54,20,12810,19,34,70.696,0,0,0,0,0,0,0
8881,296.0,3334,97,45,1927,1407,0,0,1588,361.45,0.994,0.939,0.863,0.116,0.574,-0.963,2.071,0.3773,1.8952,0.655,0.001,0.005,0.121,-0.122,34,83,74,0,151,0,99934.67,26479.665,18069.258,65.647,12300.919,11.034,32094.957,7582.779,2650.986,9296.964,7437.571,2539.101,37.312,660.101,0.000247,0.093266,2435,0,27,47,62,24,12322,10,38,57.345,0,0,0,0,0,0,0
8911,297.0,3294,104,45,1970,1324,0,0,1494,373.35,0.965,0.918,0.853,0.119,0.591,-0.963,2.072,0.3835,1.8696,0.656,0.002,0.005,0.123,-0.122,30,71,75,0,127,0,99327.90,26577.740,18021.836,102.764,12613.987,9.104,30384.966,7071.770,2450.173,9573.205,7658.564,2863.915,27.962,595.692,0.000218,0.092593,2442,0,17,58,59,14,11756,1,45,92.523,0,0,0,0,0,0,0
8941,298.0,3295,87,45,2034,1260,0,1,1458,371.27,0.936,0.900,0.843,0.118,0.608,-0.962,2.068,0.3842,1.8909,0.656,0.002,0.006,0.125,-0.122,35,55,57,0,99,0,99612.03,26668.368,16576.416,69.780,12623.865,8.868,29409.857,6863.063,2325.361,8494.284,6795.427,2077.903,67.112,588.274,0.000136,0.093144,2415,0,21,36,51,19,11710,0,32,66.548,0,0,0,0,0,0,0
8971,299.0,3333,89,45,2106,1226,0,1,1414,364.14,0.913,0.889,0.834,0.118,0.621,-0.963,2.067,0.3926,1.8964,0.638,0.004,0.007,0.126,-0.121,39,63,41,0,103,0,100282.45,27177.594,15672.908,55.142,12986.296,11.463,28865.058,6598.504,2231.670,10003.868,8003.095,1936.326,38.074,564.826,0.000188,0.094259,2474,0,10,31,32,7,11415,0,25,48.328,0,0,0,0,0,0,0
9001,300.0,3384,88,49,2184,1199,0,1,1400,361.13,0.894,0.877,0.824,0.117,0.633,-0.963,2.067,0.3885,1.9403,0.641,0.002,0.007,0.127,-0.121,27,64,43,0,87,0,101840.15,27590.223,15747.844,49.884,13081.991,7.406,28675.621,6530.256,2159.824,10096.039,8076.831,1746.783,112.400,586.153,0.000237,0.094416,2456,0,12,31,37,12,11429,0,25,47.766,0,0,0,0,0,0,0
9031,301.0,3485,82,49,2283,1202,0,0,1417,365.20,0.881,0.868,0.816,0.116,0.641,-0.963,2.066,0.3905,1.9402,0.640,0.003,0.007,0.129,-0.121,41,41,39,0,87,0,104436.62,28732.988,15611.363,51.051,13236.849,9.887,28592.664,6451.624,2154.423,10861.723,8689.379,1722.219,137.828,567.831,0.000132,0.094202,2449,0,15,24,32,11,11622,4,21,41.254,0,0,0,0,0,0,0
9061,302.0,3610,97,49,2394,1216,0,0,1457,375.48,0.868,0.859,0.810,0.117,0.649,-0.963,2.063,0.3914,1.9753,0.621,0.003,0.004,0.130,-0.121,32,49,34,0,90,0,108064.90,29862.875,16560.214,55.252,14232.590,9.984,29137.088,6574.102,2182.305,12071.803,9657.443,1756.632,179.421,606.155,0.000196,0.093288,2637,0,11,23,23,6,11701,5,17,42.074,0,0,0,0,0,0,0
9091,303.0,3722,91,49,2488,1234,0,0,1507,358.20,0.862,0.856,0.805,0.115,0.654,-0.963,2.063,0.3907,1.9404,0.623,0.003,0.009,0.131,-0.120,50,51,45,0,73,0,113020.42,31261.581,17436.613,70.054,14838.449,12.303,29911.903,6730.798,2231.905,11737.100,9389.680,1731.589,244.505,614.610,0.000284,0.096534,2850,0,14,31,34,8,11980,5,26,58.437,0,0,0,0,0,0,0
9121,304.0,3865,94,49,2580,1285,0,0,1622,394.83,0.862,0.861,0.804,0.114,0.653,-0.963,2.063,0.3951,1.9684,0.616,0.002,0.009,0.131,-0.120,40,39,48,0,64,0,118250.50,33284.894,17206.209,72.319,16163.352,12.758,30767.880,6915.030,2339.803,11986.379,9589.104,1972.712,223.284,717.363,0.000249,0.098381,3010,0,11,37,43,9,12258,2,34,68.052,0,0,0,0,0,0,0
9151,305.0,4036,84,46,2678,1358,0,0,1726,326.70,0.868,0.870,0.800,0.112,0.650,-0.963,2.064,0.3980,1.9900,0.614,0.002,0.010,0.130,-0.120,43,37,65,0,68,0,125341.17,35130.522,20303.438,124.658,17469.305,12.582,32012.471,7297.292,2521.821,14392.655,11514.124,2775.943,193.824,788.061,0.000300,0.098186,3297,0,16,49,59,12,12605,3,47,115.600,0,0,0,0,0,0,0
9181,306.0,4242,91,46,2787,1455,0,0,1825,365.73,0.877,0.879,0.794,0.111,0.645,-0.962,2.062,0.4010,2.0159,0.597,0.002,0.007,0.129,-0.120,34,41,53,0,70,0,133616.33,37364.881,21596.692,79.479,19790.202,11.914,33957.048,7962.050,2648.547,15835.588,12668.471,1933.015,272.038,826.086,0.000259,0.099293,3685,0,9,44,37,5,12900,10,32,70.379,0,0,0,0,0,0,0
9211,307.0,4485,90,46,2892,1593,0,0,1949,362.08,0.894,0.894,0.789,0.110,0.635,-0.962,2.064,0.4021,2.0372,0.592,0.003,0.007,0.128,-0.119,32,37,64,0,62,0,141754.81,39727.528,22980.447,106.889,20156.073,10.308,36052.891,8571.061,2858.909,17697.724,14158.179,2472.027,297.704,884.235,0.000225,0.099897,3887,0,10,54,57,10,13205,7,47,105.384,0,0,0,0,0,0,0
9241,308.0,4733,79,46,3003,1730,0,0,2110,347.68,0.909,0.907,0.790,0.109,0.626,-0.962,2.063,0.4062,2.0234,0.578,0.002,0.008,0.127,-0.118,32,24,68,0,73,0,150134.53,41856.401,25502.997,85.673,23646.245,9.164,38836.892,9411.208,3110.362,18082.518,14466.015,2773.146,238.473,1078.766,0.000272,0.097766,4555,0,18,50,48,14,13511,5,34,69.344,0,0,0,0,0,0,0
9271,309.0,4913,68,46,3068,1845,0,0,2330,312.11,0.921,0.917,0.793,0.109,0.618,-0.962,2.064,0.4060,2.0525,0.561,0.003,0.006,0.126,-0.117,35,30,145,0,90,0,155612.09,44189.755,27454.449,178.172,24755.148,10.579,41238.942,10258.072,3379.388,19734.106,15787.285,6005.212,168.026,1348.366,0.000400,0.101118,5032,0,58,87,129,54,13747,3,75,168.213,0,0,0,0,0,0,0
9301,310.0,5107,74,50,3126,1981,0,0,2583,366.20,0.939,0.934,0.792,0.109,0.608,-0.961,2.064,0.4052,2.0478,0.558,0.003,0.008,0.124,-0.117,37,42,150,0,82,0,162631.75,46359.284,29694.285,193.383,26713.855,10.340,43410.667,10914.110,3827.740,20947.538,16758.030,5213.520,357.176,1314.571,0.000200,0.100766,5517,0,47,103,137,46,14066,0,91,187.972,0,0,0,0,0,0,0
9331,311.0,5349,71,50,3174,2174,0,1,2913,346.21,0.965,0.956,0.795,0.107,0.593,-0.961,2.064,0.4089,2.0743,0.541,0.002,0.009,0.122,-0.117,44,24,150,0,91,0,170256.62,48376.323,34058.897,215.776,29551.994,8.348,46323.020,11946.454,4363.868,23529.453,18823.563,5923.599,313.989,1449.294,0.000229,0.098345,6226,0,49,101,140,47,14766,1,93,208.802,0,0,0,0,0,0,0
9361,312.0,5501,66,50,3155,2345,0,1,3261,371.46,0.994,0.980,0.793,0.106,0.576,-0.961,2.064,0.4093,2.1048,0.533,0.002,0.006,0.120,-0.115,51,20,164,0,123,0,176189.09,50353.168,35987.840,208.161,30547.986,10.067,49682.983,13194.652,4974.224,21792.601,17434.081,6709.892,144.335,1552.099,0.000325,0.096379,6721,0,55,109,150,48,14940,5,102,187.861,0,0,0,0,0,0,0
9391,313.0,5625,63,50,3129,2494,1,1,3438,293.11,1.020,1.000,0.793,0.103,0.561,-0.961,2.063,0.4080,2.0908,0.543,0.002,0.006,0.118,-0.116,39,26,185,0,149,0,182572.94,52253.057,39239.925,241.032,31563.742,9.710,52201.697,14051.637,5539.779,23022.772,18418.218,7024.633,382.804,1545.065,0.000409,0.093747,7106,0,57,128,177,54,14766,2,123,235.332,0,0,0,0,0,0,0
9421,314.0,5765,57,50,3112,2651,1,1,3691,348.40,1.046,1.020,0.791,0.102,0.548,-0.960,2.063,0.4087,2.1216,0.535,0.002,0.006,0.116,-0.115,53,29,217,0,157,0,190935.61,54861.665,44038.444,227.654,33755.072,9.675,54495.153,14976.980,5936.803,26351.692,21081.354,7959.764,342.764,1783.282,0.000315,0.090584,7478,0,82,135,209,81,14512,33,128,224.482,0,0,0,0,0,0,0
9451,315.0,5927,52,52,3116,2810,0,1,3915,354.67,1.066,1.035,0.789,0.101,0.536,-0.961,2.064,0.4069,2.1167,0.537,0.002,0.006,0.115,-0.114,40,24,237,1,164,0,197611.45,57750.387,45668.769,255.295,34758.328,10.025,56943.460,15943.343,6434.304,28268.887,22615.110,9744.446,274.888,2004.389,0.000333,0.088172,8070,0,99,138,227,97,14877,29,130,250.158,0,0,0,0,0,0,0
9481,316.0,5993,74,52,3110,2883,0,0,4051,332.95,1.078,1.045,0.789,0.101,0.530,-0.962,2.064,0.4107,2.1305,0.536,0.009,0.025,0.115,-0.113,29,13,247,0,190,0,205868.34,59667.881,49675.199,217.799,36866.815,8.800,59540.244,16922.362,6842.608,24860.578,19888.463,9934.038,911.219,2181.401,0.000259,0.090179,8268,0,131,116,237,127,15299,33,110,206.411,0,0,0,0,0,0,0
9511,317.0,5997,48,52,3073,2924,0,0,4083,312.02,1.087,1.053,0.791,0.101,0.525,-0.962,2.066,0.4059,2.1361,0.529,0.013,0.039,0.113,-0.113,32,17,283,0,204,0,214309.67,61496.712,51859.508,303.510,38410.620,8.837,60061.629,17234.087,7123.409,24477.225,19581.780,11516.956,2193.122,2193.760,0.000457,0.093175,8521,0,129,154,271,124,15352,28,147,292.078,0,0,0,0,0,0,0
9541,318.0,5995,58,52,3001,2994,0,0,4100,380.83,1.104,1.069,0.790,0.099,0.515,-0.961,2.064,0.4105,2.1368,0.545,0.015,0.058,0.112,-0.113,37,17,302,0,197,0,222720.17,63460.389,54022.906,290.345,39989.847,8.428,60835.934,17529.500,7179.953,25418.738,20334.991,13087.632,3197.966,2448.412,0.000299,0.096573,8529,0,140,162,291,137,15431,10,154,281.729,0,0,0,0,0,0,0
9571,319.0,6000,58,52,2935,3065,0,0,4194,347.64,1.121,1.081,0.786,0.098,0.505,-0.961,2.068,0.4130,2.1336,0.553,0.030,0.094,0.111,-0.113,39,9,261,0,197,0,237809.67,65607.941,60610.500,284.784,41127.504,8.008,61644.921,17994.729,7330.963,22892.188,18313.751,11751.170,5821.386,2292.113,0.000304,0.095858,8439,0,105,156,252,105,15263,14,147,282.078,0,0,0,0,0,0,0
9601,320.0,6000,60,52,2911,3089,0,0,4284,335.10,1.126,1.086,0.787,0.098,0.501,-0.961,2.069,0.4092,2.1588,0.542,0.046,0.134,0.111,-0.113,32,11,225,0,187,0,252006.44,67526.789,61255.017,221.223,43859.882,7.370,62198.315,18305.896,7542.331,20650.222,16520.178,11676.699,8416.966,2536.015,0.000316,0.098221,8515,0,118,107,224,118,15060,2,106,220.079,0,0,0,0,0,0,0
9631,321.0,6000,57,52,2868,3132,0,0,4268,342.48,1.138,1.096,0.785,0.096,0.496,-0.961,2.069,0.4076,2.1542,0.553,0.053,0.173,0.110,-0.111,25,14,233,0,177,0,266754.84,69295.571,64885.877,265.096,46005.913,6.055,62712.606,18498.402,7623.181,21147.228,16917.782,12181.814,11802.910,2649.796,0.000332,0.099472,8594,0,123,110,226,121,14498,3,105,255.923,0,0,0,0,0,0,0
9661,322.0,6000,67,52,2856,3144,0,0,4297,340.57,1.142,1.101,0.788,0.095,0.494,-0.961,2.068,0.4134,2.1584,0.546,0.055,0.209,0.111,-0.109,31,9,204,0,186,0,276883.31,70493.915,65589.198,168.261,48873.916,6.911,63178.114,18775.325,7651.104,19692.012,15753.610,13204.919,16534.416,2840.631,0.000448,0.101723,8888,0,125,79,200,124,14373,0,76,164.292,0,0,0,0,0,0,0
9691,323.0,5999,45,52,2818,3181,0,0,4286,354.52,1.152,1.109,0.788,0.095,0.489,-0.962,2.070,0.4076,2.1756,0.548,0.068,0.242,0.110,-0.109,47,11,182,0,175,0,290827.88,72391.594,69995.273,197.922,48813.608,7.610,63589.286,18842.928,7676.877,18508.895,14807.117,12521.076,19638.356,2669.906,0.000449,0.103943,8582,0,102,80,175,98,14120,5,77,185.507,0,0,0,0,0,0,0
9721,324.0,6000,76,52,2745,3255,0,0,4252,399.38,1.170,1.123,0.790,0.097,0.479,-0.961,2.070,0.4088,2.1567,0.555,0.068,0.254,0.109,-0.109,40,10,234,0,168,0,302012.53,72690.169,70749.777,268.596,50537.264,7.093,64519.502,19202.911,7619.077,20920.943,16736.755,13335.434,20938.971,2723.810,0.000320,0.104941,8515,0,99,135,227,99,14176,7,128,266.467,0,0,0,0,0,0,0
9751,325.0,5998,54,53,2665,3333,0,0,4210,379.69,1.189,1.136,0.794,0.097,0.468,-0.961,2.072,0.4057,2.1718,0.556,0.081,0.268,0.108,-0.109,38,6,240,0,151,0,309200.72,72723.333,73345.805,267.218,51604.319,8.020,65629.258,19663.300,7529.411,20182.857,16146.286,15532.937,23696.295,3060.397,0.000302,0.104743,8503,0,123,117,235,121,14339,18,114,259.258,0,0,0,0,0,0,0
9781,326.0,5997,63,53,2615,3382,0,0,4279,365.98,1.201,1.146,0.799,0.097,0.461,-0.961,2.072,0.4047,2.1585,0.564,0.092,0.280,0.108,-0.109,34,10,217,0,148,0,316088.22,72731.839,74574.424,203.201,52266.419,9.294,66549.244,19886.327,7539.401,18749.208,14999.367,14622.852,25265.121,3009.179,0.000425,0.104735,8707,0,120,97,215,120,14511,6,95,202.128,0,0,0,0,0,0,0
9811,327.0,5997,60,53,2568,3429,0,0,4288,385.51,1.213,1.156,0.802,0.097,0.454,-0.961,2.075,0.4081,2.1708,0.559,0.098,0.307,0.107,-0.109,46,12,206,0,153,0,324839.81,72213.054,79308.289,230.985,50896.880,8.557,67238.542,20019.046,7589.330,18699.347,14959.478,13443.313,28040.501,2930.139,0.000635,0.099566,8222,0,109,97,202,108,14979,2,94,227.062,0,0,0,0,0,0,0
9841,328.0,5996,57,53,2504,3492,0,0,4270,403.30,1.228,1.167,0.805,0.096,0.445,-0.961,2.073,0.4023,2.1666,0.566,0.111,0.311,0.106,-0.109,39,10,220,0,157,0,328469.62,71461.047,77863.963,310.467,51742.768,9.753,68015.234,20264.344,7517.472,19082.966,15266.373,13645.653,29873.817,2872.520,0.000591,0.093554,8364,0,101,119,216,100,15123,1,116,307.525,0,0,0,0,0,0,0
9871,329.0,5995,63,53,2450,3545,0,0,4274,393.16,1.242,1.175,0.806,0.096,0.437,-0.961,2.072,0.4055,2.1618,0.574,0.102,0.302,0.105,-0.110,28,13,203,0,168,0,329622.84,71135.517,79282.199,226.403,52069.240,8.677,68785.762,20761.803,7514.679,19725.267,15780.214,15534.119,30041.698,2907.805,0.000503,0.096687,8271,0,115,88,201,115,15243,3,86,225.326,0,0,0,0,0,0,0
9901,330.0,5996,43,53,2387,3609,0,0,4300,443.86,1.256,1.186,0.809,0.094,0.428,-0.961,2.074,0.4046,2.1663,0.587,0.100,0.311,0.104,-0.110,35,12,183,0,161,0,333109.12,69883.760,80186.911,226.492,52250.569,8.605,69610.253,21102.368,7523.525,18203.829,14563.063,12947.741,29217.427,2768.788,0.000590,0.101755,8165,0,87,96,179,86,15629,6,93,221.262,0,0,0,0,0,0,0
9931,331.0,5995,43,53,2326,3669,0,0,4312,402.57,1.271,1.196,0.811,0.093,0.419,-0.961,2.074,0.4014,2.1701,0.578,0.098,0.289,0.103,-0.110,33,12,198,0,158,0,332397.88,68829.747,78169.751,224.585,51609.862,7.139,70641.277,21647.726,7557.357,18948.052,15158.442,13017.350,28413.375,2868.640,0.000434,0.101613,8080,0,100,98,193,98,15603,7,95,217.901,0,0,0,0,0,0,0
9961,332.0,6000,39,53,2282,3718,0,0,4310,437.71,1.282,1.204,0.813,0.093,0.413,-0.961,2.075,0.3975,2.1761,0.575,0.088,0.286,0.102,-0.109,44,10,176,0,178,0,331721.78,67039.044,78887.521,218.761,50438.335,6.959,71307.052,21858.484,7515.637,19008.174,15206.540,13510.491,26016.177,2811.959,0.000521,0.095616,8019,0,98,78,169,96,15410,3,73,208.619,0,0,0,0,0,0,0
9991,333.0,6000,43,53,2207,3793,0,0,4248,433.65,1.301,1.218,0.815,0.094,0.403,-0.961,2.079,0.4005,2.1721,0.588,0.083,0.258,0.102,-0.108,36,10,222,0,189,0,328219.28,65036.273,79122.172,223.448,49385.481,7.043,72252.059,22182.053,7460.070,22094.182,17675.346,14683.622,24061.715,2826.029,0.000568,0.091264,8185,0,119,103,218,119,15769,11,99,221.646,0,0,0,0,0,0,0
10021,334.0,6000,39,53,2144,3856,0,0,4239,431.12,1.316,1.229,0.817,0.093,0.394,-0.961,2.080,0.3955,2.1778,0.581,0.075,0.228,0.101,-0.108,46,16,231,0,164,0,322431.97,63555.089,77933.025,228.293,48181.249,6.383,73219.545,22548.002,7355.048,21440.424,17152.339,15029.609,22167.259,2896.160,0.000362,0.091432,8149,0,130,101,225,128,15572,2,97,219.340,0,0,0,0,0,0,0
10051,335.0,5995,40,54,2071,3924,0,0,4199,451.92,1.333,1.241,0.819,0.091,0.383,-0.961,2.080,0.3946,2.1803,0.584,0.078,0.207,0.100,-0.108,27,11,239,0,168,0,313388.50,60971.967,77778.834,221.507,46571.462,7.092,74213.175,22752.022,7335.121,21737.072,17389.658,15472.792,21015.772,2879.496,0.000413,0.092628,8087,0,137,102,227,134,15045,1,93,207.818,0,0,0,0,0,0,0
10081,336.0,6000,31,54,2043,3957,0,0,4263,411.14,1.340,1.247,0.818,0.091,0.379,-0.961,2.082,0.3948,2.1626,0.584,0.067,0.189,0.100,-0.107,27,22,177,0,190,0,306722.81,58344.304,76494.153,146.693,43475.823,7.827,74861.107,22974.024,7353.377,20590.688,16472.551,12222.199,17642.986,2479.015,0.000448,0.094886,7797,0,114,63,176,113,16080,2,63,143.163,0,0,0,0,0,0,0
10111,337.0,5999,37,54,2030,3969,0,0,4219,417.68,1.343,1.249,0.819,0.091,0.377,-0.961,2.082,0.3944,2.1690,0.589,0.061,0.165,0.100,-0.107,29,24,141,0,243,0,296999.00,56410.467,71739.282,137.818,42001.578,7.023,75191.796,23258.902,7357.061,20916.217,16732.974,10531.630,15250.445,2238.279,0.000359,0.096464,7766,0,78,63,138,75,16101,2,63,128.667,0,0,0,0,0,0,0
10141,338.0,6000,21,54,2008,3992,0,0,4234,383.35,1.349,1.254,0.822,0.090,0.373,-0.961,2.081,0.3949,2.1615,0.594,0.049,0.136,0.100,-0.107,33,29,172,0,258,0,286284.72,55773.332,70214.747,123.591,42478.040,6.823,75390.243,23422.336,7320.747,24258.198,19406.558,11483.806,11894.551,2462.646,0.000370,0.100441,7872,0,107,65,171,107,15866,10,64,122.748,0,0,0,0,0,0,0
10171,339.0,6000,27,54,1984,4016,0,0,4178,386.54,1.355,1.260,0.823,0.089,0.370,-0.961,2.081,0.3965,2.1622,0.581,0.034,0.105,0.099,-0.106,37,27,207,0,274,0,272030.09,53190.149,68346.168,194.469,39221.242,7.604,75759.009,23461.046,7311.243,26345.015,21076.013,11847.292,9981.378,2356.447,0.000485,0.099856,7849,0,117,90,200,112,15597,1,88,178.774,0,0,0,0,0,0,0
10201,340.0,5999,30,52,1950,4049,0,0,4066,398.74,1.365,1.268,0.822,0.089,0.365,-0.961,2.080,0.3926,2.1580,0.588,0.024,0.056,0.098,-0.106,32,37,240,0,319,0,252759.75,51043.136,64853.361,191.113,36902.110,7.382,76139.056,23603.468,7163.343,31216.139,24972.912,13715.719,6150.856,2342.267,0.000439,0.095809,7634,0,152,88,236,150,15663,5,86,183.437,0,0,0,0,0,0,0
10231,341.0,5994,34,52,1951,4043,0,0,4005,402.70,1.365,1.269,0.820,0.090,0.366,-0.961,2.080,0.3977,2.1497,0.579,0.011,0.026,0.099,-0.105,23,39,227,0,311,0,234509.91,48741.248,62918.461,162.731,34032.546,7.675,76342.215,23703.043,6950.327,29110.982,23288.786,11838.878,3233.999,2181.633,0.000390,0.094513,7148,0,132,95,220,130,15954,0,90,155.234,0,0,0,0,0,0,0
10261,342.0,5963,32,52,1973,3990,0,0,3927,317.07,1.357,1.266,0.819,0.087,0.371,-0.961,2.084,0.3892,2.1754,0.583,0.000,0.003,0.099,-0.106,32,45,228,0,358,0,215460.28,47002.751,59950.770,116.564,34190.742,5.741,75979.029,23733.595,6830.073,30570.992,24456.794,10440.681,854.592,2167.539,0.000313,0.092151,7755,0,148,80,223,146,16110,7,77,111.029,0,0,0,0,0,0,0
10291,343.0,5742,30,52,1964,3778,0,0,3834,388.45,1.341,1.255,0.817,0.088,0.380,-0.961,2.082,0.3881,2.1594,0.587,0.001,0.003,0.101,-0.105,36,68,204,0,386,0,198119.98,45405.945,56366.917,119.368,31721.528,6.392,73979.389,22978.787,6659.513,22434.055,17947.244,8894.814,343.079,1890.123,0.000486,0.087008,7607,0,137,67,195,133,16383,3,62,109.755,0,0,0,0,0,0,0
10321,344.0,5443,36,52,1943,3500,0,0,3615,321.67,1.321,1.239,0.817,0.090,0.393,-0.961,2.083,0.3895,2.1771,0.581,0.001,0.004,0.103,-0.105,42,54,187,0,452,0,183262.38,43914.910,51874.946,155.296,29497.744,8.030,69886.102,21711.436,6355.925,19706.397,15765.118,7082.862,274.995,1550.169,0.000293,0.084188,7182,0,92,95,183,90,15674,6,93,150.452,0,0,0,0,0,0,0
10351,345.0,5146,28,53,1934,3212,0,0,3450,384.47,1.295,1.220,0.815,0.091,0.409,-0.962,2.081,0.3889,2.1757,0.596,0.003,0.006,0.105,-0.105,36,71,138,0,427,0,172199.77,41864.748,48180.456,134.302,25642.601,8.523,64850.342,19960.106,5970.401,16362.115,13089.692,5458.321,442.057,1288.467,0.000356,0.082963,6337,0,58,80,137,58,14619,8,79,133.924,0,0,0,0,0,0,0
10381,346.0,4941,38,53,1925,3016,0,0,3287,419.37,1.276,1.209,0.811,0.090,0.421,-0.961,2.079,0.3920,2.1684,0.595,0.002,0.005,0.106,-0.105,34,59,126,1,383,0,166719.31,40626.173,48587.928,140.233,24752.491,6.610,60879.467,18521.294,5588.377,17998.572,14398.858,4705.769,386.736,1153.421,0.000263,0.081849,5698,0,43,83,121,40,14382,1,81,132.366,0,0,0,0,0,0,0
10411,347.0,4780,28,53,1945,2835,0,0,3114,392.67,1.252,1.193,0.809,0.091,0.437,-0.961,2.078,0.3903,2.1818,0.592,0.001,0.006,0.108,-0.105,36,71,113,0,349,0,158304.94,38580.115,42333.312,110.591,24096.982,5.650,57575.678,17429.133,5276.746,17814.645,14251.716,4207.931,243.228,1142.756,0.000230,0.081952,5542,0,37,76,111,37,13519,4,74,109.838,0,0,0,0,0,0,0
10441,348.0,4564,45,53,1953,2611,0,0,2887,402.76,1.222,1.175,0.809,0.094,0.455,-0.961,2.080,0.3986,2.1895,0.602,0.002,0.004,0.111,-0.105,33,54,132,0,345,0,150936.47,37679.114,39338.685,117.327,22811.167,8.650,54406.537,16374.576,4862.721,14857.195,11885.756,4554.528,172.613,1161.171,0.000212,0.080426,5267,0,54,78,128,52,12957,4,76,110.519,0,0,0,0,0,0,0
10471,349.0,4355,27,53,1931,2424,0,0,2694,392.60,1.199,1.160,0.808,0.096,0.468,-0.962,2.081,0.4013,2.1768,0.607,0.002,0.005,0.113,-0.104,27,60,154,0,281,0,142783.95,35616.776,36426.306,148.346,21429.415,7.679,51124.680,15177.395,4495.041,13614.077,10891.262,5384.582,288.604,1150.820,0.000409,0.076642,4979,0,60,94,152,60,12676,4,92,147.904,0,0,0,0,0,0,0
10501,350.0,4188,38,50,1919,2269,0,0,2528,385.26,1.178,1.145,0.809,0.098,0.481,-0.962,2.078,0.3983,2.1933,0.621,0.002,0.003,0.114,-0.104,33,75,125,0,242,0,136363.61,34819.720,33527.648,117.151,20662.681,7.851,48066.601,14195.699,4154.980,13509.011,10807.209,4527.607,141.907,1096.264,0.000288,0.075758,4702,0,60,65,123,59,12224,4,64,115.895,0,0,0,0,0,0,0
10531,351.0,4085,36,50,1943,2142,0,0,2368,343.77,1.154,1.128,0.809,0.099,0.496,-0.962,2.079,0.3995,2.1885,0.619,0.001,0.003,0.117,-0.104,32,61,83,0,235,0,131477.78,33358.614,31833.922,77.217,19242.710,6.966,45718.881,13413.493,3851.388,13163.426,10530.741,3383.771,224.669,930.700,0.000235,0.076825,4342,0,41,42,81,40,12242,3,41,76.293,0,0,0,0,0,0,0
10561,352.0,3981,44,50,1942,2039,0,0,2268,423.13,1.136,1.117,0.811,0.098,0.507,-0.962,2.075,0.4034,2.1722,0.620,0.001,0.003,0.118,-0.105,39,43,97,0,212,0,123310.16,31497.402,27912.679,102.293,18588.665,7.622,43966.237,12797.859,3637.004,11603.024,9282.419,3985.955,67.292,905.044,0.000325,0.077077,4223,0,34,63,94,34,11894,11,60,101.457,0,0,0,0,0,0,0
10591,353.0,3772,32,50,1917,1855,0,0,2115,437.08,1.108,1.098,0.808,0.099,0.525,-0.962,2.074,0.4048,2.1815,0.629,0.001,0.003,0.120,-0.104,32,71,109,0,216,0,116040.68,30520.853,25365.843,138.758,16776.827,7.180,41632.855,12007.783,3399.277,8588.827,6871.062,3581.488,139.362,816.401,0.000274,0.075005,3819,0,36,73,104,36,11601,31,68,137.263,0,0,0,0,0,0,0
10621,354.0,3596,44,50,1884,1712,0,0,1952,407.79,1.087,1.082,0.807,0.101,0.538,-0.962,2.077,0.3971,2.1900,0.630,0.000,0.005,0.122,-0.104,18,67,111,0,187,0,108521.19,28896.123,22988.865,135.628,16710.579,7.813,38664.106,10947.953,3149.336,8896.624,7117.300,4002.436,177.064,819.887,0.000175,0.073709,3729,0,43,68,107,43,11006,0,64,134.765,0,0,0,0,0,0,0
10651,355.0,3440,36,49,1854,1586,0,0,1875,418.42,1.066,1.064,0.806,0.103,0.550,-0.963,2.077,0.4009,2.1721,0.657,0.001,0.004,0.125,-0.104,39,60,93,0,175,0,103357.66,28062.059,21917.192,120.979,14134.972,7.452,36304.690,10141.007,2933.811,8169.953,6535.962,3501.544,46.271,702.445,0.000174,0.074986,3158,0,32,61,92,32,11009,4,60,120.528,0,0,0,0,0,0,0
10681,356.0,3288,32,49,1825,1463,0,0,1713,457.20,1.044,1.048,0.805,0.104,0.564,-0.963,2.079,0.3976,2.1942,0.643,0.001,0.003,0.126,-0.103,31,48,121,1,152,0,96998.32,26689.008,19087.043,148.934,13973.289,9.411,34079.694,9472.307,2739.994,7475.499,5980.399,3709.624,73.023,714.581,0.000383,0.074198,3009,0,37,84,117,37,10149,1,80,148.134,0,0,0,0,0,0,0
10711,357.0,3131,41,49,1802,1329,0,0,1572,444.17,1.014,1.027,0.806,0.106,0.582,-0.964,2.079,0.3973,2.2008,0.658,0.001,0.002,0.129,-0.104,44,71,97,0,143,0,93076.30,25685.634,18963.748,112.522,13164.992,9.269,31940.380,8760.012,2492.393,7057.960,5646.368,3376.428,37.859,665.254,0.000229,0.071505,2791,0,40,57,97,40,9779,4,57,112.455,0,0,0,0,0,0,0
10741,358.0,3056,36,49,1803,1253,0,0,1472,508.53,0.993,1.011,0.806,0.104,0.595,-0.965,2.076,0.3973,2.1728,0.663,0.001,0.002,0.130,-0.105,31,54,69,1,110,0,90509.98,25417.083,16570.742,81.474,12417.131,9.432,30167.200,8053.460,2312.718,7159.270,5727.416,2075.188,65.625,529.577,0.000158,0.071347,2632,0,22,47,68,21,9976,0,47,78.410,0,0,0,0,0,0,0
10771,359.0,2968,49,49,1798,1170,0,0,1379,445.02,0.972,0.995,0.805,0.103,0.608,-0.965,2.076,0.3937,2.2039,0.667,0.001,0.004,0.133,-0.106,36,64,99,0,101,0,88621.66,24971.373,17180.845,109.913,12291.756,8.588,28763.081,7669.048,2137.798,8078.142,6462.513,3315.776,41.966,607.158,0.000192,0.070285,2488,0,42,57,95,41,9403,1,54,108.670,0,0,0,0,0,0,0
10801,360.0,2914,42,50,1789,1125,0,0,1256,417.70,0.959,0.987,0.807,0.103,0.616,-0.965,2.075,0.3994,2.1577,0.672,0.001,0.003,0.134,-0.107,38,39,86,0,98,0,88455.27,24939.392,16700.648,141.275,11067.513,9.302,27578.331,7337.748,1969.303,7516.791,6013.433,2967.294,99.975,491.691,0.000158,0.071282,2201,0,22,64,85,22,9469,1,63,140.955,0,0,0,0,0,0,0
10831,361.0,2900,39,50,1804,1096,0,0,1160,516.58,0.948,0.982,0.805,0.104,0.622,-0.965,2.072,0.3980,2.1713,0.672,0.001,0.004,0.134,-0.107,51,51,86,0,58,0,89547.97,25056.104,16345.137,117.853,11084.767,11.818,27024.331,7146.072,1815.742,7555.347,6044.278,2374.606,52.293,502.287,0.000233,0.072604,2154,0,20,66,81,20,9231,1,61,116.419,0,0,0,0,0,0,0
10861,362.0,2924,52,50,1843,1081,0,0,1087,435.30,0.936,0.972,0.809,0.101,0.630,-0.965,2.073,0.3995,2.1848,0.665,0.002,0.005,0.135,-0.107,35,42,70,0,72,0,91907.06,25358.084,16714.414,117.937,11217.031,12.130,26633.020,6885.384,1670.188,8820.252,7056.202,2383.395,47.838,447.469,0.000162,0.073050,2094,0,16,54,66,15,9118,2,51,115.870,0,0,0,0,0,0,0
10891,363.0,3010,46,50,1897,1113,0,0,1061,519.38,0.937,0.975,0.803,0.099,0.630,-0.965,2.075,0.4041,2.2226,0.659,0.001,0.004,0.135,-0.107,43,39,79,0,46,0,95050.80,26295.313,17629.776,125.816,11444.864,12.566,27139.908,6979.958,1627.805,10606.715,8485.372,2454.051,60.291,523.817,0.000183,0.074638,2119,0,21,58,79,21,9454,1,58,125.768,0,0,0,0,0,0,0
10921,364.0,3080,53,50,1950,1130,0,0,1030,503.10,0.933,0.975,0.801,0.097,0.633,-0.965,2.076,0.4055,2.2197,0.654,0.002,0.004,0.135,-0.108,40,42,91,0,66,0,98862.70,27575.010,18112.983,149.877,12634.067,8.905,27682.467,7238.520,1595.116,11233.033,8986.427,2671.339,59.213,532.697,0.000242,0.075092,2245,0,19,72,88,17,9582,0,71,146.302,0,0,0,0,0,0,0
10951,365.0,3218,58,47,2045,1173,0,0,1084,452.17,0.930,0.976,0.798,0.098,0.636,-0.964,2.075,0.4112,2.2213,0.641,0.000,0.003,0.135,-0.108,43,41,80,1,55,0,103559.94,29126.203,18990.934,116.959,13600.723,10.318,28403.270,7520.916,1612.556,13208.390,10566.713,2608.858,145.898,603.690,0.000196,0.076777,2484,0,22,58,75,21,9770,0,54,114.325,0,0,0,0,0,0,0
10981,366.0,3344,48,47,2106,1238,0,0,1135,466.40,0.938,0.986,0.795,0.099,0.631,-0.964,2.074,0.4135,2.2712,0.639,0.001,0.003,0.135,-0.107,48,40,104,0,62,0,108970.12,31069.059,20759.122,199.195,14966.756,11.577,29800.763,8017.754,1703.480,14326.357,11461.086,3455.048,91.200,683.679,0.000320,0.078383,2709,0,20,84,103,19,9751,9,84,196.918,0,0,0,0,0,0,0
11011,367.0,3498,70,47,2196,1302,0,0,1191,409.85,0.940,0.992,0.793,0.095,0.630,-0.963,2.074,0.4172,2.3061,0.612,0.001,0.002,0.135,-0.107,49,37,110,0,59,0,116191.46,32809.410,23278.831,160.247,16030.255,11.588,31067.704,8543.271,1803.686,15161.564,12129.251,3707.340,98.840,773.991,0.000167,0.079022,2887,0,33,77,107,33,10195,2,74,159.789,0,0,0,0,0,0,0
11041,368.0,3717,61,47,2278,1439,0,0,1334,405.10,0.963,1.012,0.788,0.091,0.618,-0.963,2.074,0.4175,2.3001,0.607,0.002,0.003,0.133,-0.105,55,29,106,0,43,0,125137.06,34795.290,26495.588,159.472,17792.535,10.960,33009.914,9288.508,1967.206,17696.167,14156.934,3619.295,226.606,853.990,0.000261,0.080111,3302,0,30,76,104,30,10809,2,74,158.934,0,0,0,0,0,0,0
11071,369.0,3988,52,47,2387,1601,0,0,1469,455.06,0.984,1.031,0.786,0.088,0.606,-0.962,2.072,0.4268,2.3045,0.591,0.001,0.005,0.131,-0.104,50,36,82,0,69,0,134316.06,37420.380,28636.999,134.607,21007.972,11.765,35769.230,10231.910,2208.456,20335.222,16268.178,3598.344,187.504,950.501,0.000216,0.081675,3844,0,23,59,81,23,11689,2,58,134.361,0,0,0,0,0,0,0
11101,370.0,4227,64,46,2459,1768,0,0,1663,428.82,1.009,1.052,0.779,0.087,0.592,-0.962,2.073,0.4189,2.3093,0.582,0.001,0.005,0.129,-0.104,50,37,101,0,75,0,143342.58,39995.870,30775.233,140.808,22466.147,9.883,38874.353,11330.472,2503.082,20864.244,16691.396,3806.390,150.133,1048.108,0.000247,0.082624,4215,0,31,70,100,31,12108,1,69,140.343,0,0,0,0,0,0,0
11131,371.0,4462,55,46,2508,1954,0,0,1890,439.02,1.039,1.077,0.775,0.086,0.576,-0.961,2.077,0.4281,2.3505,0.581,0.000,0.006,0.127,-0.102,36,31,142,1,75,0,152518.48,42433.666,34999.014,219.197,26020.014,9.931,42109.217,12683.682,2853.428,22809.392,18247.514,4882.386,163.444,1221.943,0.000207,0.082664,5097,0,41,101,142,41,12008,2,101,219.052,0,0,0,0,0,0,0
11161,372.0,4648,47,46,2525,2123,0,0,2098,407.04,1.066,1.103,0.774,0.083,0.560,-0.961,2.074,0.4285,2.3347,0.577,0.001,0.003,0.125,-0.100,45,40,177,0,83,0,158873.28,44753.958,35851.091,270.119,26715.549,7.649,45199.711,13790.522,3190.106,22914.705,18331.764,6194.589,186.076,1376.428,0.000303,0.083272,5556,0,53,124,174,52,12718,21,122,265.102,0,0,0,0,0,0,0
11191,373.0,4794,41,46,2544,2249,0,1,2307,320.58,1.085,1.120,0.772,0.082,0.549,-0.961,2.077,0.4287,2.3303,0.564,0.000,0.005,0.123,-0.098,38,50,213,1,115,0,165247.80,46520.586,39815.445,232.796,27978.772,8.401,47660.861,14649.500,3530.016,24689.762,19751.810,7642.178,235.792,1538.010,0.000239,0.084806,5932,0,86,127,210,85,13325,5,125,229.306,0,0,0,0,0,0,0
11221,374.0,4994,48,46,2568,2425,0,1,2505,344.39,1.111,1.140,0.768,0.081,0.535,-0.961,2.078,0.4236,2.3675,0.564,0.001,0.005,0.121,-0.098,38,26,219,0,118,0,172963.53,48467.453,43716.619,230.853,29636.738,8.681,50189.258,15751.348,3866.386,27286.312,21829.050,7500.205,316.039,1618.702,0.000239,0.086151,6213,0,93,126,217,92,13464,3,125,229.120,0,0,0,0,0,0,0
11251,375.0,5118,48,45,2588,2529,0,1,2631,303.55,1.123,1.150,0.768,0.080,0.528,-0.960,2.075,0.4266,2.3462,0.557,0.001,0.006,0.121,-0.099,44,36,269,1,142,0,177803.72,50386.205,45579.526,250.889,31097.132,8.961,52571.057,16895.653,4127.485,27189.842,21751.874,9988.164,347.417,2008.680,0.000374,0.088265,6517,0,130,139,266,130,13695,14,136,249.425,0,0,0,0,0,0,0
11281,376.0,5300,41,45,2615,2684,0,1,2790,305.20,1.141,1.164,0.768,0.080,0.517,-0.960,2.075,0.4298,2.3466,0.551,0.000,0.003,0.120,-0.098,38,47,232,1,149,0,185382.38,52669.184,49223.304,240.906,31646.347,8.886,54887.872,17875.132,4388.065,29790.089,23832.072,9288.602,282.801,1874.264,0.000437,0.093557,6809,0,111,121,226,109,14877,7,117,234.785,0,0,0,0,0,0,0
11311,377.0,5596,35,45,2722,2874,0,0,3098,262.25,1.152,1.172,0.768,0.079,0.511,-0.961,2.077,0.4339,2.3468,0.538,0.000,0.005,0.119,-0.098,34,32,171,0,146,0,198363.66,55817.846,53724.685,151.797,35910.866,7.150,57800.624,18762.466,4729.521,30693.304,24554.644,6959.738,405.372,1916.655,0.000310,0.097198,7490,0,89,82,171,89,14563,9,82,151.272,0,0,0,0,0,0,0
11341,378.0,5918,33,45,2810,3108,0,0,3391,294.92,1.169,1.185,0.765,0.079,0.501,-0.961,2.077,0.4308,2.3309,0.540,0.000,0.004,0.118,-0.098,47,31,162,0,198,0,210167.47,59731.806,55397.706,166.186,38979.530,7.086,61921.020,20080.907,5217.501,34758.495,27806.797,7050.523,331.449,1938.802,0.000378,0.100466,8598,0,69,93,160,69,15232,5,91,165.506,0,0,0,0,0,0,0
11371,379.0,5995,49,45,2819,3176,0,0,3690,343.51,1.177,1.192,0.765,0.079,0.497,-0.961,2.077,0.4303,2.3719,0.534,0.016,0.032,0.118,-0.097,42,28,192,0,202,0,222746.06,62534.475,58798.905,172.572,40830.639,9.751,64848.438,21166.215,5743.219,24440.608,19552.487,8639.354,1481.559,2160.455,0.000291,0.102886,9203,0,93,99,188,91,15836,16,97,166.365,0,0,0,0,0,0,0
11401,380.0,5998,52,47,2810,3188,0,0,3881,285.92,1.181,1.194,0.764,0.080,0.495,-0.961,2.074,0.4294,2.3591,0.531,0.027,0.076,0.118,-0.097,31,24,200,0,205,0,237917.72,64687.999,63396.330,195.617,42445.328,8.473,65158.710,21377.258,6131.181,21278.591,17022.873,8862.258,5092.605,2230.553,0.000326,0.104610,9159,0,93,107,197,92,15953,25,105,190.130,0,0,0,0,0,0,0
11431,381.0,6000,34,47,2763,3237,0,0,4012,331.24,1.193,1.205,0.762,0.080,0.489,-0.960,2.072,0.4305,2.3381,0.537,0.036,0.112,0.117,-0.096,39,24,204,0,215,0,251122.34,65088.653,65890.359,234.042,43725.239,8.506,65623.297,21573.751,6411.981,22430.300,17944.240,9390.458,8272.304,2250.581,0.000412,0.102614,9164,0,83,121,202,82,15573,21,120,232.341,0,0,0,0,0,0,0
11461,382.0,5996,46,47,2723,3273,0,0,4146,316.49,1.202,1.213,0.760,0.080,0.483,-0.960,2.074,0.4334,2.3593,0.535,0.043,0.159,0.117,-0.096,36,14,158,0,202,0,265524.44,66539.954,67871.061,232.749,45398.128,7.733,66177.724,21874.194,6658.484,18580.547,14864.437,8175.408,11476.322,2163.419,0.000353,0.101717,9206,0,54,104,155,53,15596,25,102,228.164,0,0,0,0,0,0,0
11491,383.0,5999,38,47,2670,3329,0,0,4232,339.12,1.215,1.223,0.761,0.081,0.475,-0.960,2.074,0.4307,2.3697,0.543,0.046,0.186,0.116,-0.095,28,14,175,0,219,0,274739.00,67390.041,70511.677,224.406,47151.051,7.950,66678.077,22084.530,6808.225,21143.956,16915.165,10316.068,16303.716,2492.175,0.000330,0.102867,9145,0,75,100,174,75,15822,24,99,224.047,0,0,0,0,0,0,0
11521,384.0,5997,46,47,2610,3387,0,0,4293,339.99,1.230,1.234,0.758,0.080,0.467,-0.960,2.073,0.4241,2.3615,0.550,0.052,0.217,0.116,-0.094,32,18,103,0,185,0,289120.66,68383.324,73248.529,177.669,46712.821,6.753,67432.723,22408.277,6965.232,15993.971,12795.177,7814.019,17486.324,2122.492,0.000291,0.102381,8882,0,30,73,98,28,15760,10,70,173.677,0,0,0,0,0,0,0
11551,385.0,5998,43,49,2545,3453,0,0,4350,345.07,1.246,1.244,0.756,0.081,0.457,-0.960,2.075,0.4261,2.3875,0.549,0.060,0.228,0.114,-0.094,34,13,153,0,201,0,299421.22,68428.830,77534.816,161.335,49028.570,7.289,68196.868,22884.585,7103.288,19583.423,15666.739,9741.611,21459.746,2521.622,0.000349,0.100851,9122,0,71,82,150,69,15377,4,81,156.000,0,0,0,0,0,0,0
11581,386.0,5998,40,49,2499,3499,0,0,4229,405.62,1.258,1.253,0.754,0.080,0.451,-0.960,2.074,0.4246,2.3545,0.574,0.072,0.250,0.113,-0.094,27,9,121,0,206,0,309442.38,69813.175,76970.430,136.419,48611.926,7.030,69090.250,23252.918,7085.139,17450.357,13960.286,8523.264,23186.098,2271.130,0.000270,0.100721,8714,0,45,76,117,43,15842,3,74,129.315,0,0,0,0,0,0,0
11611,387.0,5997,35,49,2448,3549,0,0,4213,345.51,1.271,1.263,0.754,0.079,0.444,-0.960,2.076,0.4277,2.3904,0.567,0.083,0.254,0.113,-0.093,36,9,167,0,191,0,316199.75,70454.131,80821.474,204.249,51252.321,9.340,69732.221,23616.156,6954.947,18933.298,15146.639,12101.317,25826.796,2704.388,0.000329,0.101302,9107,0,81,86,163,79,14746,2,84,198.576,0,0,0,0,0,0,0
11641,388.0,5996,41,49,2426,3570,0,0,4185,362.14,1.277,1.266,0.757,0.079,0.440,-0.960,2.076,0.4204,2.3528,0.568,0.078,0.270,0.113,-0.093,35,11,161,0,174,0,319396.75,69606.896,80775.316,180.275,50306.297,8.593,70227.687,23831.617,6983.885,17528.234,14022.588,12211.841,27824.211,2780.600,0.000578,0.104238,8786,0,87,74,158,87,15128,7,71,179.016,0,0,0,0,0,0,0
11671,389.0,5999,27,49,2378,3621,0,0,4169,404.11,1.289,1.275,0.759,0.078,0.433,-0.961,2.076,0.4240,2.3385,0.574,0.077,0.254,0.112,-0.092,24,12,210,0,177,0,318816.91,69123.943,79698.787,216.827,50862.104,7.281,70747.356,23960.296,6994.916,20871.296,16697.037,14607.140,26108.576,3026.867,0.000377,0.106439,8746,0,119,91,204,116,15223,9,88,208.888,0,0,0,0,0,0,0
11701,390.0,5998,27,49,2330,3668,0,0,4238,365.70,1.300,1.284,0.757,0.078,0.427,-0.960,2.075,0.4232,2.3178,0.588,0.082,0.244,0.111,-0.092,30,7,232,0,165,0,317772.81,69218.462,82167.319,223.758,50677.744,6.475,71418.777,24239.553,7031.078,21222.141,16977.713,16472.065,26093.213,3154.529,0.000455,0.110352,8843,0,142,90,229,142,15266,4,87,223.052,0,0,0,0,0,0,0
11731,391.0,6000,37,49,2276,3724,0,0,4205,379.32,1.313,1.293,0.758,0.078,0.419,-0.960,2.074,0.4217,2.3546,0.592,0.069,0.240,0.110,-0.091,41,10,228,0,175,0,318710.91,68066.863,80197.047,200.411,50903.870,9.138,72118.774,24552.741,7058.601,21757.316,17405.853,13424.267,22941.015,3079.354,0.000283,0.111730,8661,0,131,97,225,129,15012,7,96,190.673,0,0,0,0,0,0,0
11761,392.0,6000,32,49,2234,3766,0,0,4223,373.46,1.324,1.300,0.756,0.078,0.413,-0.960,2.077,0.4200,2.3536,0.591,0.075,0.235,0.110,-0.091,31,12,197,1,183,0,317201.75,66367.425,81197.451,194.444,50176.531,5.757,72835.101,24967.334,7058.923,20687.010,16549.609,13190.327,24166.050,2913.346,0.000401,0.111412,8807,0,120,77,195,118,15552,6,77,191.409,0,0,0,0,0,0,0
11791,393.0,5992,37,49,2194,3798,0,0,4194,356.82,1.334,1.306,0.755,0.077,0.407,-0.960,2.080,0.4209,2.3381,0.586,0.060,0.212,0.110,-0.090,37,8,253,0,189,0,309904.59,64709.039,77284.858,251.990,47800.459,6.016,73371.130,25030.233,7084.377,23052.017,18441.614,15821.581,20454.076,3171.232,0.000357,0.111371,8722,0,155,98,249,155,15927,12,94,251.218,0,0,0,0,0,0,0
11821,394.0,5995,45,49,2159,3836,0,0,4180,399.76,1.343,1.312,0.753,0.076,0.402,-0.960,2.080,0.4207,2.3558,0.580,0.066,0.193,0.109,-0.090,33,18,240,0,206,0,303649.12,63004.414,78885.171,177.459,47148.474,5.769,73912.860,25383.777,7070.079,24895.937,19916.750,14880.565,18937.241,3158.806,0.000418,0.111527,8764,0,165,75,235,162,15556,7,73,170.886,0,0,0,0,0,0,0
11851,395.0,5995,32,52,2130,3865,0,0,4212,428.61,1.349,1.316,0.758,0.075,0.398,-0.959,2.080,0.4222,2.3499,0.594,0.044,0.164,0.109,-0.089,37,13,268,1,200,0,293669.56,61097.601,77135.617,199.446,45835.403,5.579,74323.117,25510.434,7076.071,25142.060,20113.649,16759.506,16528.006,3186.672,0.000393,0.108765,8733,0,176,92,264,173,15700,7,91,191.289,0,0,0,0,0,0,0
11881,396.0,6000,25,52,2077,3923,0,0,4148,431.48,1.362,1.327,0.755,0.074,0.390,-0.960,2.078,0.4185,2.3325,0.593,0.039,0.128,0.108,-0.088,34,16,276,0,255,0,282774.59,59971.683,74969.446,219.981,44915.892,6.375,74987.348,25750.630,7090.702,29421.266,23537.013,15227.240,14155.785,2960.114,0.000399,0.107499,8556,0,170,106,276,170,15690,12,106,219.384,0,0,0,0,0,0,0
11911,397.0,6000,29,52,2032,3968,0,0,4147,380.05,1.373,1.336,0.753,0.073,0.383,-0.960,2.075,0.4239,2.3476,0.597,0.030,0.104,0.106,-0.087,30,26,266,0,225,0,270845.12,57442.716,72576.329,195.199,41981.167,6.918,75524.474,26083.412,7053.268,27310.803,21848.643,13901.924,11299.895,2818.582,0.000333,0.108386,8357,0,163,103,264,163,16664,6,101,194.288,0,0,0,0,0,0,0
11941,398.0,6000,29,52,2010,3990,0,0,4165,411.55,1.379,1.339,0.753,0.072,0.380,-0.960,2.077,0.4222,2.3535,0.586,0.028,0.064,0.106,-0.087,37,23,265,0,292,0,256542.66,54908.921,70929.257,182.905,39279.352,6.571,76156.448,26288.037,7109.909,30406.746,24325.397,13716.059,8362.160,2609.604,0.000403,0.106234,8174,0,169,96,265,169,16962,4,96,182.341,0,0,0,0,0,0,0
11971,399.0,6000,19,52,2029,3971,0,0,4062,316.48,1.375,1.334,0.757,0.073,0.383,-0.960,2.079,0.4219,2.3410,0.577,0.015,0.030,0.107,-0.087,39,29,263,1,346,0,241307.28,53416.353,68589.515,116.579,39177.942,7.306,76200.749,26301.911,7012.983,33690.645,26952.516,13592.938,4813.153,2697.951,0.000300,0.106849,8428,0,201,62,263,201,16467,3,62,116.116,0,0,0,0,0,0,0
12001,400.0,5999,29,53,2070,3929,0,0,3954,351.48,1.367,1.325,0.759,0.073,0.388,-0.960,2.080,0.4177,2.3259,0.574,0.003,0.009,0.107,-0.086,36,32,264,0,352,0,227647.47,52114.246,66453.841,117.900,37107.885,8.911,75730.164,25896.498,6819.549,32954.600,26363.680,12807.150,1939.240,2562.277,0.000277,0.106458,8343,0,191,73,264,191,16213,14,73,117.322,0,0,0,0,0,0,0
12031,401.0,5881,25,53,2060,3821,0,0,3931,363.99,1.360,1.320,0.759,0.075,0.392,-0.961,2.076,0.4239,2.3430,0.578,0.000,0.004,0.108,-0.087,38,31,282,1,385,0,214071.28,51093.497,64139.414,167.481,35251.395,6.865,74915.519,25652.878,6745.604,30224.931,24179.945,12800.648,472.935,2344.013,0.000337,0.105991,8158,0,188,94,281,188,16021,1,93,166.803,0,0,0,0,0,0,0
12061,402.0,5699,23,53,2067,3632,0,0,3845,345.04,1.342,1.305,0.762,0.075,0.403,-0.960,2.080,0.4257,2.3149,0.582,0.000,0.004,0.110,-0.088,33,41,264,0,382,0,202910.84,49813.850,61573.196,159.759,33635.427,6.874,72235.312,24542.938,6657.159,25886.751,20709.401,11619.416,228.271,2246.800,0.000321,0.105374,7971,0,187,77,264,187,15666,8,77,159.194,0,0,0,0,0,0,0
12091,403.0,5431,32,53,2053,3378,0,0,3604,322.23,1.319,1.288,0.766,0.078,0.416,-0.961,2.082,0.4279,2.3135,0.584,0.002,0.003,0.113,-0.089,37,44,307,0,399,0,189098.97,47625.628,56194.504,187.983,31575.786,7.244,68581.604,22948.310,6345.004,24518.394,19614.715,12596.540,194.091,2250.754,0.000240,0.105620,7598,0,198,109,307,198,15126,8,109,187.451,0,0,0,0,0,0,0
12121,404.0,5222,31,53,2033,3189,0,0,3458,327.58,1.301,1.274,0.770,0.078,0.426,-0.961,2.081,0.4265,2.2628,0.588,0.003,0.003,0.114,-0.090,35,40,251,1,370,0,178841.52,45679.313,53627.186,160.944,30033.237,6.032,64841.895,21495.230,6035.880,23198.012,18558.410,10595.386,98.577,2018.328,0.000288,0.106631,7217,0,159,92,251,159,14384,7,92,160.534,0,0,0,0,0,0,0
12151,405.0,4952,35,54,1985,2967,0,0,3157,325.95,1.283,1.261,0.771,0.080,0.436,-0.961,2.077,0.4301,2.3021,0.603,0.001,0.004,0.116,-0.090,30,45,249,2,386,0,167233.02,43991.935,48952.613,166.375,28320.187,7.839,61340.950,20198.987,5667.324,21317.764,17054.211,11180.764,157.455,1910.391,0.000209,0.106848,6991,0,154,95,249,154,14027,1,95,166.016,0,0,0,0,0,0,0
12181,406.0,4730,37,54,1966,2764,0,0,2969,369.54,1.261,1.245,0.773,0.080,0.449,-0.962,2.075,0.4305,2.3032,0.603,0.002,0.003,0.118,-0.090,48,43,241,0,315,0,158438.72,41680.816,46281.222,157.008,25488.963,9.553,57494.594,18888.785,5263.270,18552.548,14842.038,9690.924,134.111,1731.158,0.000316,0.106143,6092,0,142,99,241,142,13310,3,99,156.699,0,0,0,0,0,0,0
12211,407.0,4531,40,54,1969,2562,0,0,2793,322.96,1.233,1.223,0.776,0.079,0.465,-0.962,2.072,0.4356,2.2950,0.609,0.002,0.004,0.120,-0.092,39,57,199,0,308,0,153291.48,40251.637,43758.865,103.863,25014.869,10.357,53923.861,17636.036,4968.911,18322.412,14657.930,7308.147,185.996,1574.160,0.000277,0.104411,5799,0,138,61,199,138,12927,2,61,103.679,0,0,0,0,0,0,0
12241,408.0,4355,38,54,1966,2389,0,0,2628,362.70,1.207,1.202,0.782,0.079,0.479,-0.963,2.072,0.4285,2.2872,0.616,0.001,0.003,0.122,-0.094,45,48,197,4,275,0,146954.80,38337.675,40522.875,126.163,23245.916,8.462,50559.035,16412.762,4673.937,17235.794,13788.635,8516.365,188.920,1525.221,0.000241,0.102735,5333,0,128,69,197,128,12304,0,69,125.960,0,0,0,0,0,0,0
12271,409.0,4234,31,54,1975,2259,0,0,2537,340.39,1.185,1.184,0.786,0.079,0.492,-0.963,2.070,0.4313,2.2714,0.623,0.001,0.003,0.124,-0.095,27,44,175,0,215,0,140385.92,36992.864,36418.701,100.303,22319.181,6.993,48477.773,15364.927,4469.090,15492.885,12394.308,7130.740,94.118,1445.519,0.000281,0.100557,5195,0,119,56,174,119,12122,7,55,100.093,0,0,0,0,0,0,0
12301,410.0,4088,43,56,1933,2155,0,0,2488,350.67,1.175,1.176,0.788,0.080,0.498,-0.963,2.070,0.4327,2.2610,0.628,0.002,0.004,0.126,-0.095,39,37,187,1,200,0,133895.70,35201.371,34276.634,152.507,21462.369,10.187,46260.592,14497.848,4382.333,13834.987,11067.990,6640.459,288.380,1284.114,0.000407,0.096135,4978,0,97,90,187,97,11688,4,90,152.355,0,0,0,0,0,0,0
12331,411.0,3923,38,56,1899,2024,0,0,2335,417.17,1.157,1.165,0.790,0.080,0.507,-0.963,2.071,0.4305,2.2648,0.630,0.002,0.004,0.127,-0.096,30,27,181,2,201,0,125019.23,33083.075,30602.000,162.481,19448.725,9.983,43871.475,13635.028,4217.897,11780.287,9424.230,7325.178,128.119,1190.276,0.000305,0.093646,4414,0,96,85,181,96,11675,15,85,162.308,0,0,0,0,0,0,0
12361,412.0,3702,36,56,1855,1847,0,0,2167,368.91,1.132,1.144,0.796,0.080,0.522,-0.964,2.071,0.4288,2.2915,0.633,0.001,0.004,0.130,-0.097,31,53,170,1,217,0,116180.56,30939.830,27713.319,168.177,17456.054,8.361,41213.360,12713.575,3906.363,10774.606,8619.685,6364.931,233.178,1073.667,0.000337,0.091572,4075,0,86,84,170,86,11307,20,84,168.034,0,0,0,0,0,0,0
12391,413.0,3507,38,56,1825,1682,0,0,2009,411.86,1.104,1.123,0.800,0.083,0.539,-0.964,2.073,0.4258,2.2815,0.648,0.001,0.001,0.133,-0.099,33,48,173,1,198,0,108318.15,29369.877,25917.996,141.013,15930.023,9.001,38222.194,11510.540,3671.729,10855.720,8684.576,6613.291,77.111,1025.289,0.000237,0.089379,3619,0,100,73,173,100,10809,2,73,140.836,0,0,0,0,0,0,0
12421,414.0,3300,38,56,1763,1537,0,0,1824,438.88,1.083,1.109,0.804,0.085,0.551,-0.963,2.072,0.4300,2.2834,0.655,0.001,0.001,0.136,-0.100,41,50,185,2,159,0,100985.12,27585.839,22944.142,183.466,14412.963,9.250,35342.332,10452.753,3308.131,8958.208,7166.567,6144.648,81.000,925.966,0.000215,0.090505,3355,0,78,107,185,78,9925,1,107,183.364,0,0,0,0,0,0,0
12451,415.0,3169,47,56,1759,1410,0,0,1730,374.92,1.051,1.084,0.807,0.084,0.569,-0.963,2.076,0.4315,2.3034,0.651,0.002,0.003,0.139,-0.102,38,42,134,0,145,0,95838.23,26328.375,21056.667,110.657,13237.848,8.615,32839.001,9485.161,3052.650,8475.378,6780.302,4720.038,40.269,810.394,0.000263,0.090788,2941,0,69,65,134,69,9831,0,65,110.504,0,0,0,0,0,0,0
12481,416.0,3067,52,56,1744,1323,0,0,1607,451.23,1.030,1.072,0.810,0.086,0.580,-0.964,2.075,0.4330,2.3072,0.661,0.003,0.002,0.141,-0.101,35,42,99,1,142,0,91771.59,25547.482,19376.676,93.745,12856.134,10.172,31058.840,8835.498,2862.570,8456.055,6764.844,3840.197,72.832,723.401,0.000181,0.091661,2839,0,49,50,99,49,9350,4,50,93.656,0,0,0,0,0,0,0
12511,417.0,2969,38,56,1746,1223,0,0,1484,431.39,1.002,1.052,0.818,0.087,0.597,-0.964,2.074,0.4273,2.2985,0.661,0.003,0.002,0.143,-0.103,39,47,91,0,124,0,89893.25,24916.840,19085.533,83.427,11474.387,10.594,29529.999,8335.855,2617.345,7296.558,5837.247,3375.736,19.954,625.938,0.000221,0.092819,2546,0,41,50,91,41,9182,0,50,83.338,0,0,0,0,0,0,0
12541,418.0,2955,51,56,1769,1186,0,0,1414,451.02,0.986,1.041,0.819,0.085,0.607,-0.964,2.076,0.4368,2.2930,0.673,0.002,0.004,0.144,-0.104,41,48,46,1,100,0,89358.28,25067.356,17507.703,49.330,12375.333,10.233,28360.400,7889.936,2409.467,8208.030,6566.424,2235.505,53.984,568.459,0.000270,0.092783,2478,0,18,28,46,18,9108,8,28,49.253,0,0,0,0,0,0,0
12571,419.0,2967,35,56,1790,1177,0,0,1399,433.42,0.979,1.038,0.819,0.084,0.611,-0.964,2.078,0.4304,2.3066,0.673,0.001,0.004,0.145,-0.104,34,46,58,1,72,0,90053.27,25110.632,17730.611,64.491,11765.251,9.976,28084.092,7758.457,2341.397,8676.089,6940.871,1726.583,55.720,509.283,0.000217,0.093552,2449,0,20,38,58,20,9076,0,38,64.440,0,0,0,0,0,0,0
12601,420.0,2970,46,53,1834,1136,0,0,1383,359.51,0.956,1.021,0.825,0.084,0.623,-0.964,2.078,0.4385,2.3395,0.658,0.003,0.002,0.147,-0.106,31,44,58,0,85,0,89203.27,25072.086,15940.453,97.876,11482.986,12.305,27842.032,7589.083,2280.402,7945.698,6356.559,2072.417,96.356,490.979,0.000159,0.094873,2339,0,18,40,57,18,9260,2,39,97.504,0,0,0,0,0,0,0
12631,421.0,2973,49,53,1869,1104,0,0,1328,416.57,0.940,1.009,0.828,0.084,0.633,-0.965,2.076,0.4314,2.3201,0.651,0.004,0.002,0.148,-0.108,41,39,58,0,85,0,89738.92,25401.557,16802.425,84.207,12047.533,10.333,27453.167,7488.461,2197.239,8021.848,6417.478,2419.418,35.898,553.989,0.000143,0.095080,2430,0,24,34,58,24,8849,3,34,84.133,0,0,0,0,0,0,0
12661,422.0,2981,37,53,1893,1088,0,0,1280,399.98,0.929,1.005,0.829,0.083,0.638,-0.965,2.074,0.4336,2.3316,0.674,0.002,0.002,0.149,-0.109,33,46,52,0,78,0,91883.79,26308.049,16845.436,54.532,12267.605,12.400,27164.326,7270.859,2085.798,8244.594,6595.675,2290.259,48.141,554.845,0.000187,0.094675,2486,0,24,28,52,24,8949,3,28,54.441,0,0,0,0,0,0,0
12691,423.0,3046,47,53,1950,1096,0,0,1248,476.67,0.921,0.999,0.827,0.081,0.643,-0.966,2.076,0.4420,2.3698,0.665,0.004,0.003,0.150,-0.109,28,35,59,0,74,0,94494.48,27371.452,16830.970,53.358,12257.324,11.052,27152.109,7324.491,2036.973,10071.438,8057.151,2503.234,44.797,569.200,0.000232,0.094833,2426,0,29,30,59,29,9160,12,30,53.282,0,0,0,0,0,0,0
12721,424.0,3146,55,53,2030,1116,0,0,1255,460.44,0.912,0.993,0.828,0.081,0.648,-0.966,2.079,0.4362,2.3442,0.644,0.002,0.006,0.150,-0.109,37,37,60,0,66,0,99346.45,28660.583,18299.686,65.675,13258.295,9.308,27705.225,7512.981,1958.458,11085.404,8868.323,2082.108,89.558,608.554,0.000143,0.095107,2510,0,25,35,60,25,9675,18,35,65.549,0,0,0,0,0,0,0
12751,425.0,3281,51,48,2085,1196,0,0,1263,441.81,0.926,1.003,0.826,0.079,0.639,-0.965,2.078,0.4379,2.3384,0.651,0.003,0.004,0.149,-0.108,39,21,74,0,43,0,105396.46,30249.068,20477.268,79.142,14207.530,11.247,28836.331,7841.049,1966.913,12594.412,10075.530,2797.591,84.495,710.212,0.000219,0.095189,2725,0,36,38,74,36,10449,60,38,79.010,0,0,0,0,0,0,0
12781,426.0,3474,46,48,2186,1287,0,1,1301,397.47,0.935,1.011,0.822,0.076,0.635,-0.964,2.078,0.4417,2.3589,0.637,0.002,0.002,0.148,-0.108,45,27,54,0,66,0,113151.52,32115.678,22312.075,88.881,16087.268,12.720,30575.962,8420.219,1990.555,14744.858,11795.887,2036.180,164.830,624.859,0.000220,0.095895,3020,0,13,41,54,13,10978,3,41,88.837,0,0,0,0,0,0,0
12811,427.0,3702,52,48,2292,1409,0,1,1389,398.65,0.951,1.026,0.819,0.076,0.626,-0.963,2.077,0.4408,2.3625,0.619,0.004,0.003,0.147,-0.107,39,27,59,0,54,0,120815.38,34511.153,23376.068,66.977,17853.522,9.095,32682.466,9198.420,2068.366,16446.370,13157.096,2114.256,161.148,776.407,0.000187,0.094900,3377,0,23,36,59,23,11291,3,36,66.920,0,0,0,0,0,0,0
12841,428.0,3934,52,48,2395,1538,0,1,1508,396.14,0.966,1.040,0.815,0.074,0.618,-0.963,2.080,0.4416,2.3522,0.602,0.004,0.004,0.145,-0.106,39,22,51,0,64,0,130357.94,36976.072,26190.189,68.209,20334.767,8.744,35257.748,10058.705,2212.457,16517.259,13213.808,1915.281,103.454,840.814,0.000320,0.093688,3827,0,19,32,51,19,11724,19,32,68.135,0,0,0,0,0,0,0
12871,429.0,4213,45,48,2486,1726,0,1,1646,381.74,0.993,1.065,0.804,0.073,0.602,-0.963,2.083,0.4435,2.4091,0.597,0.001,0.004,0.142,-0.105,47,25,42,0,80,0,140618.44,39765.016,29238.478,70.929,22497.582,8.353,38102.282,11104.467,2377.320,19942.468,15953.975,2208.891,112.997,919.474,0.000309,0.089902,4341,0,12,30,42,12,11971,2,30,70.894,0,0,0,0,0,0,0
12901,430.0,4503,50,48,2579,1923,0,1,1833,398.13,1.018,1.084,0.796,0.074,0.587,-0.963,2.085,0.4468,2.4030,0.590,0.002,0.004,0.141,-0.104,50,36,59,0,86,0,150077.75,42869.103,31809.477,72.579,25620.893,7.866,41545.041,12481.568,2635.164,22274.193,17819.355,2788.820,312.688,1073.728,0.000295,0.087520,5117,0,23,36,58,23,12684,1,35,72.249,0,0,0,0,0,0,0
12931,431.0,4750,36,48,2655,2094,0,1,2062,420.11,1.037,1.099,0.790,0.073,0.575,-0.963,2.087,0.4439,2.3970,0.571,0.002,0.004,0.139,-0.102,39,31,90,1,89,0,159367.50,45285.569,35319.757,79.920,27631.223,8.214,44940.815,13734.858,2941.095,21704.134,17363.308,3929.580,261.608,1246.705,0.000296,0.086103,5666,0,41,49,88,41,13186,0,47,79.553,0,0,0,0,0,0,0
12961,432.0,5011,49,48,2748,2263,0,0,2330,401.93,1.053,1.113,0.784,0.074,0.566,-0.964,2.090,0.4444,2.4560,0.558,0.003,0.004,0.137,-0.102,42,33,74,2,94,0,168499.17,48186.946,37005.811,73.253,30237.618,7.720,47969.809,15012.429,3309.517,21889.586,17511.669,3878.952,247.159,1338.546,0.000282,0.084258,6498,0,35,39,74,35,13798,3,39,73.093,0,0,0,0,0,0,0
12991,433.0,5280,45,48,2832,2448,0,0,2653,435.23,1.071,1.129,0.780,0.074,0.556,-0.964,2.088,0.4432,2.4465,0.541,0.000,0.005,0.136,-0.101,37,23,104,0,106,0,177628.39,50468.186,41051.804,76.760,31638.810,8.847,51125.770,16331.676,3737.048,24028.309,19222.648,4564.621,431.476,1471.290,0.000308,0.082997,7081,0,54,50,104,54,14641,22,50,76.482,0,0,0,0,0,0,0
13021,434.0,5527,39,48,2892,2635,0,0,2939,264.88,1.089,1.145,0.774,0.074,0.544,-0.964,2.089,0.4436,2.4223,0.542,0.000,0.006,0.134,-0.101,39,34,88,0,137,0,187551.62,53093.418,43557.966,92.171,35075.240,8.083,54350.701,17607.770,4205.934,24996.624,19997.299,3719.748,413.157,1523.678,0.000218,0.083570,8157,0,40,48,88,40,15054,2,48,92.061,0,0,0,0,0,0,0
13051,435.0,5826,36,52,2943,2883,0,0,3257,370.02,1.116,1.166,0.765,0.074,0.528,-0.964,2.091,0.4431,2.4981,0.540,0.002,0.006,0.131,-0.100,40,28,106,0,158,0,197345.12,56886.561,48226.545,107.962,37276.136,8.539,58333.137,19442.392,4690.527,29481.039,23584.832,5067.308,355.697,1642.306,0.000242,0.084401,8762,0,49,57,106,49,15552,6,57,107.767,0,0,0,0,0,0,0
13081,436.0,5996,35,52,2952,3044,0,0,3519,322.46,1.133,1.182,0.760,0.073,0.517,-0.965,2.093,0.4448,2.4963,0.535,0.001,0.008,0.130,-0.099,40,18,195,1,202,0,204761.09,59678.877,51388.589,186.575,38531.060,9.924,61791.890,20771.391,5188.043,29200.358,23360.287,7964.355,377.819,1904.498,0.000314,0.086696,9149,0,90,105,195,90,16065,1,105,186.165,0,0,0,0,0,0,0
13111,437.0,6000,35,52,2905,3095,0,0,3700,315.96,1.145,1.192,0.756,0.074,0.510,-0.965,2.093,0.4446,2.4850,0.552,0.011,0.038,0.129,-0.099,29,27,202,0,189,0,216027.81,61793.976,55312.892,140.355,40011.697,7.144,63197.584,21488.978,5554.808,21981.201,17584.961,7844.637,1475.719,2022.553,0.000519,0.090114,9242,0,108,94,202,108,16420,22,94,139.972,0,0,0,0,0,0,0
13141,438.0,5995,28,52,2858,3137,0,0,3898,302.96,1.156,1.199,0.756,0.074,0.503,-0.965,2.094,0.4488,2.4900,0.551,0.018,0.074,0.128,-0.098,34,29,197,0,192,0,228868.28,64039.451,59158.566,151.543,43027.643,6.682,63615.620,21932.124,5919.910,21491.392,17193.113,8611.433,3921.545,2210.174,0.000334,0.087918,9805,0,108,89,196,108,15919,11,88,151.147,0,0,0,0,0,0,0
13171,439.0,6000,26,52,2806,3194,0,0,4072,394.95,1.169,1.210,0.751,0.072,0.496,-0.964,2.095,0.4410,2.4882,0.563,0.022,0.103,0.126,-0.097,37,22,178,0,190,0,240615.94,65481.979,61497.946,213.871,42752.180,8.766,64219.440,22267.020,6299.099,20490.550,16392.440,8775.339,7781.449,2005.674,0.000434,0.083853,9409,0,83,95,178,83,15414,5,95,213.601,0,0,0,0,0,0,0
13201,440.0,6000,26,56,2781,3219,0,0,4112,334.73,1.174,1.215,0.751,0.072,0.492,-0.964,2.097,0.4420,2.4894,0.556,0.028,0.124,0.126,-0.098,29,6,202,0,211,0,251533.33,65937.588,65109.413,138.878,44567.319,6.444,64737.954,22371.940,6486.562,21505.487,17204.390,10977.889,9040.518,2352.538,0.000277,0.082461,9328,0,127,75,200,127,15801,7,73,138.159,0,0,0,0,0,0,0
13231,441.0,6000,42,56,2743,3257,0,0,4159,397.30,1.182,1.220,0.750,0.072,0.487,-0.965,2.100,0.4427,2.4872,0.557,0.041,0.150,0.125,-0.097,34,9,183,0,194,0,264311.38,67878.379,65574.566,168.115,45116.376,6.590,65041.467,22376.773,6639.733,20028.306,16022.645,9979.691,10477.827,2321.849,0.000400,0.085708,9245,0,98,85,183,98,15972,3,85,167.787,0,0,0,0,0,0,0
13261,442.0,5991,38,56,2690,3301,0,0,4184,332.02,1.193,1.230,0.749,0.071,0.480,-0.964,2.101,0.4408,2.4976,0.563,0.043,0.182,0.124,-0.097,31,8,236,0,183,0,273526.88,69415.159,69323.576,179.655,48227.353,7.417,65629.070,22700.023,6762.305,21684.955,17347.964,13412.040,14188.019,2674.440,0.000430,0.082555,9371,0,146,90,236,146,15970,2,90,179.170,0,0,0,0,0,0,0
13291,443.0,5997,39,56,2636,3361,0,0,4194,348.83,1.207,1.241,0.745,0.071,0.471,-0.964,2.103,0.4382,2.4716,0.559,0.057,0.195,0.124,-0.097,37,10,225,0,179,0,283085.91,69564.455,71707.911,196.894,49173.984,8.283,66158.386,22856.016,6820.930,22101.928,17681.543,13074.964,15934.467,2645.092,0.000314,0.081846,9202,0,141,84,224,141,16291,4,83,196.359,0,0,0,0,0,0,0
13321,444.0,6000,43,56,2583,3417,0,0,4213,410.11,1.220,1.250,0.745,0.072,0.463,-0.964,2.105,0.4427,2.4881,0.559,0.054,0.216,0.122,-0.096,38,8,193,0,176,0,290758.62,70266.665,73740.780,159.234,49585.580,7.697,66736.227,23062.421,6910.842,19784.188,15827.350,13086.795,20108.634,2632.202,0.000421,0.079107,9171,0,114,79,193,114,15983,6,79,158.884,0,0,0,0,0,0,0
13351,445.0,5997,32,59,2531,3466,0,0,4215,387.12,1.233,1.259,0.744,0.072,0.456,-0.964,2.106,0.4420,2.4770,0.563,0.070,0.233,0.122,-0.095,36,8,197,0,183,0,298657.84,70209.600,78207.668,187.561,51574.565,8.155,67438.035,23225.611,6927.522,20458.604,16366.883,13482.955,22882.253,2657.501,0.000498,0.079069,9554,0,114,83,196,114,16136,14,82,187.143,0,0,0,0,0,0,0
13381,446.0,6000,43,59,2490,3510,0,0,4233,389.39,1.243,1.267,0.744,0.071,0.450,-0.964,2.107,0.4391,2.4673,0.567,0.068,0.262,0.121,-0.095,34,6,159,0,171,0,308397.62,70463.038,79765.142,158.996,50715.891,7.763,68158.058,23524.685,6986.714,17629.574,14103.660,11649.623,24171.207,2631.186,0.000535,0.075615,9324,0,91,68,158,91,16413,5,67,158.622,0,0,0,0,0,0,0
13411,447.0,6000,38,59,2436,3564,0,0,4337,430.33,1.256,1.277,0.743,0.070,0.442,-0.964,2.104,0.4399,2.4836,0.567,0.073,0.276,0.120,-0.094,28,8,139,0,176,0,317599.56,70226.594,81286.106,186.900,51195.423,6.671,68743.983,23986.652,7156.594,16923.128,13538.503,10452.248,26452.331,2321.221,0.000401,0.071431,9081,0,59,80,139,59,16053,7,80,186.806,0,0,0,0,0,0,0
13441,448.0,6000,40,59,2381,3619,0,0,4343,410.07,1.269,1.285,0.744,0.070,0.434,-0.964,2.108,0.4294,2.4878,0.567,0.071,0.280,0.119,-0.094,33,9,176,0,165,0,320706.03,69401.478,82380.248,193.563,50782.111,8.485,69478.594,24392.519,7265.095,18419.891,14735.913,12753.672,28672.358,2622.623,0.000278,0.071458,8875,0,97,79,174,97,16559,3,77,192.910,0,0,0,0,0,0,0
13471,449.0,6000,44,59,2340,3660,0,0,4303,374.27,1.280,1.294,0.742,0.070,0.428,-0.964,2.105,0.4371,2.4796,0.581,0.069,0.274,0.119,-0.094,32,13,156,1,181,0,320885.75,68319.679,81512.723,131.354,51535.419,6.959,70173.925,24536.768,7250.998,18592.928,14874.343,12360.240,29148.784,2594.725,0.000427,0.073483,8909,0,97,59,155,97,16876,4,58,131.119,0,0,0,0,0,0,0
13501,450.0,5999,24,63,2322,3677,0,0,4316,391.42,1.283,1.296,0.743,0.071,0.425,-0.964,2.104,0.4351,2.4741,0.586,0.068,0.292,0.119,-0.094,33,7,118,1,171,0,326083.38,69120.628,84120.101,100.737,50153.794,6.749,70630.316,24777.243,7265.137,15553.809,12443.047,10304.416,29597.499,2458.493,0.000411,0.073769,8874,0,84,34,117,84,17114,2,33,100.494,0,0,0,0,0,0,0
13531,451.0,6000,35,63,2287,3713,0,0,4338,407.49,1.291,1.301,0.746,0.071,0.420,-0.964,2.101,0.4381,2.4648,0.587,0.065,0.285,0.118,-0.093,31,10,140,0,173,0,327269.88,67634.102,81812.859,112.072,51477.000,7.329,71067.297,24910.605,7306.840,17419.964,13935.971,10513.437,28498.657,2591.690,0.000484,0.073954,8981,0,91,49,140,91,16775,3,49,111.892,0,0,0,0,0,0,0
13561,452.0,5998,37,63,2226,3772,0,0,4286,452.33,1.306,1.312,0.745,0.070,0.412,-0.964,2.104,0.4389,2.4441,0.589,0.061,0.253,0.117,-0.092,33,12,204,1,202,0,322358.69,66828.241,81757.433,250.661,49260.592,5.844,71730.784,25040.334,7262.627,22151.111,17720.889,15806.944,26769.904,2706.703,0.000383,0.072873,8760,0,117,87,204,117,16999,3,87,250.187,0,0,0,0,0,0,0
13591,453.0,5994,34,63,2177,3817,0,0,4304,439.88,1.317,1.319,0.744,0.071,0.405,-0.964,2.106,0.4391,2.4565,0.602,0.066,0.250,0.116,-0.092,35,9,168,1,168,0,319853.41,64985.787,79928.877,115.014,49295.924,7.365,72498.797,25564.456,7265.108,18129.684,14503.747,11439.764,24572.915,2567.999,0.000444,0.073522,8953,0,107,61,168,107,17595,16,61,114.661,0,0,0,0,0,0,0
13621,454.0,5995,34,63,2141,3854,0,0,4232,445.14,1.325,1.327,0.743,0.072,0.400,-0.964,2.107,0.4421,2.4468,0.594,0.062,0.230,0.115,-0.091,30,14,176,1,178,0,316916.16,64331.481,80070.900,148.378,47381.390,8.348,73101.793,25804.475,7206.635,19681.615,15745.292,13103.606,21732.550,2602.618,0.000390,0.075054,8683,0,111,65,176,111,17098,2,65,147.994,0,0,0,0,0,0,0
13651,455.0,6000,20,67,2092,3908,0,0,4182,472.19,1.337,1.337,0.740,0.072,0.393,-0.964,2.103,0.4401,2.4503,0.598,0.066,0.203,0.114,-0.091,39,17,183,0,201,0,311365.69,61827.829,78895.898,146.263,46580.943,7.027,73801.424,26219.042,7152.470,21650.967,17320.774,12075.805,20345.061,2496.462,0.000326,0.074791,8631,0,108,75,183,108,17793,5,75,145.810,0,0,0,0,0,0,0
13681,456.0,5998,31,67,2063,3935,0,0,4181,424.23,1.343,1.342,0.739,0.072,0.388,-0.964,2.100,0.4420,2.4546,0.595,0.053,0.179,0.113,-0.090,40,24,197,0,226,0,301103.25,59864.654,77145.829,121.950,44458.783,7.268,74251.288,26478.030,7151.281,23462.221,18769.777,14367.449,17836.694,2617.686,0.000454,0.075202,8502,0,132,65,197,132,18026,4,65,121.546,0,0,0,0,0,0,0
13711,457.0,5998,37,67,2044,3954,0,0,4199,437.22,1.348,1.344,0.740,0.073,0.385,-0.964,2.097,0.4389,2.4405,0.584,0.043,0.157,0.113,-0.090,47,20,204,0,227,0,290797.69,57902.739,74251.917,97.799,43820.476,8.318,74592.269,26452.820,7123.944,23623.943,18899.155,12246.216,14951.670,2466.321,0.000389,0.076602,8480,0,136,68,204,136,17619,10,68,97.451,0,0,0,0,0,0,0
13741,458.0,5994,23,67,2027,3967,0,0,4189,369.11,1.351,1.344,0.743,0.072,0.383,-0.964,2.101,0.4332,2.4006,0.603,0.033,0.126,0.113,-0.090,29,24,188,0,273,0,279903.44,56391.991,72234.780,126.424,41286.808,7.313,74821.106,26511.598,7153.008,25603.085,20482.468,11686.475,12009.207,2345.408,0.000204,0.074955,8304,0,129,59,187,129,18032,10,58,126.030,0,0,0,0,0,0,0
13771,459.0,5994,27,67,2009,3985,0,0,4163,399.05,1.356,1.346,0.744,0.073,0.381,-0.964,2.103,0.4385,2.4285,0.596,0.028,0.092,0.112,-0.090,31,31,212,0,257,0,264403.94,54970.967,67908.714,95.918,41149.431,7.843,75086.617,26446.148,7162.838,26994.794,21595.835,12814.214,9018.881,2547.440,0.000456,0.072100,8407,0,164,48,211,164,18306,3,47,95.340,0,0,0,0,0,0,0
13801,460.0,6000,30,66,1997,4003,0,0,4135,403.44,1.360,1.348,0.747,0.073,0.378,-0.964,2.101,0.4361,2.4027,0.596,0.023,0.062,0.112,-0.091,23,30,175,1,323,0,251552.25,53367.425,68137.968,123.221,38875.300,6.063,75229.562,26282.083,7081.744,28413.037,22730.430,10973.701,7138.688,2091.930,0.000514,0.067416,8576,0,120,55,174,120,17978,2,54,122.643,0,0,0,0,0,0,0
13831,461.0,5998,20,66,1991,4007,0,0,4056,399.03,1.361,1.348,0.748,0.072,0.377,-0.964,2.099,0.4352,2.4161,0.612,0.012,0.031,0.112,-0.091,37,42,202,0,336,0,236420.50,51569.661,64111.515,109.432,36758.026,7.213,75503.730,26412.474,7023.093,30435.033,24348.027,9990.929,3825.781,2079.343,0.000360,0.064156,8346,0,140,62,202,140,18285,3,62,108.849,0,0,0,0,0,0,0
13861,462.0,6000,29,66,2007,3993,0,0,4015,347.56,1.357,1.345,0.750,0.072,0.380,-0.964,2.098,0.4364,2.4232,0.591,0.006,0.012,0.113,-0.092,34,37,167,0,371,0,222301.17,49966.456,62682.477,104.643,35839.641,8.102,75404.651,26545.421,6910.551,30063.426,24050.741,8073.252,2062.493,1863.847,0.000321,0.062318,8487,0,103,64,167,103,18160,8,64,104.277,0,0,0,0,0,0,0
13891,463.0,5862,29,66,1992,3870,0,0,3932,370.36,1.349,1.338,0.753,0.074,0.384,-0.964,2.098,0.4358,2.4047,0.589,0.000,0.004,0.113,-0.092,29,40,187,0,412,0,203795.30,47026.983,58421.071,84.478,33726.937,8.607,74688.002,26208.024,6756.538,26463.874,21171.100,8754.946,444.360,1893.760,0.000374,0.059416,8448,0,129,58,186,129,18746,15,57,83.925,0,0,0,0,0,0,0
13921,464.0,5561,22,66,1969,3592,0,0,3738,370.14,1.327,1.318,0.757,0.076,0.397,-0.964,2.101,0.4330,2.4120,0.597,0.001,0.002,0.116,-0.094,25,42,188,1,455,0,186441.56,45043.643,54053.832,77.602,30755.517,6.024,70944.929,24731.510,6503.949,20183.430,16146.744,8377.854,201.026,1732.859,0.000291,0.057238,7998,0,133,55,188,133,18378,6,55,77.130,0,0,0,0,0,0,0
13951,465.0,5228,24,68,1924,3304,0,0,3563,378.43,1.305,1.299,0.758,0.077,0.409,-0.965,2.101,0.4323,2.3883,0.595,0.000,0.003,0.118,-0.096,25,61,210,0,413,0,172534.22,43124.211,51117.581,143.292,27873.446,6.134,65772.989,22550.362,6145.622,18375.014,14700.011,8342.153,189.934,1616.355,0.000374,0.055537,7289,0,130,80,210,130,17213,1,80,142.881,0,0,0,0,0,0,0
13981,466.0,4822,31,68,1848,2974,0,0,3224,410.63,1.283,1.279,0.764,0.076,0.422,-0.964,2.097,0.4332,2.3803,0.622,0.000,0.004,0.120,-0.098,21,59,226,2,424,0,159566.20,40727.675,46323.278,164.149,25769.438,6.396,60701.952,20522.080,5657.631,15914.779,12731.823,8376.611,202.523,1539.368,0.000359,0.056562,6700,0,127,99,226,127,16586,0,99,163.528,0,0,0,0,0,0,0
14011,467.0,4570,28,68,1798,2772,0,0,2995,416.60,1.267,1.268,0.762,0.077,0.431,-0.965,2.095,0.4364,2.3762,0.632,0.001,0.004,0.122,-0.098,26,55,196,0,323,0,152127.03,38515.216,44646.644,152.135,23142.963,7.457,55878.701,18712.400,5177.492,16670.539,13336.432,6182.365,192.738,1275.368,0.000286,0.057037,5810,0,103,93,196,103,15443,0,93,151.704,0,0,0,0,0,0,0
14041,468.0,4377,33,68,1766,2611,0,0,2722,416.02,1.252,1.257,0.760,0.078,0.440,-0.964,2.101,0.4372,2.3888,0.630,0.001,0.003,0.123,-0.099,29,53,142,0,304,0,144423.36,36497.652,40303.165,114.879,22677.011,8.150,52600.041,17496.094,4686.607,15549.285,12439.428,5488.708,104.411,1133.654,0.000262,0.057570,5614,0,67,75,142,67,14650,9,75,114.627,0,0,0,0,0,0,0
14071,469.0,4181,18,68,1743,2438,0,0,2545,398.35,1.233,1.243,0.762,0.080,0.452,-0.964,2.101,0.4436,2.3890,0.619,0.001,0.002,0.125,-0.099,38,57,134,1,287,0,135619.56,34327.446,37104.656,128.633,21481.500,7.035,49873.100,16482.547,4266.082,14213.523,11370.818,5538.682,259.140,1102.272,0.000224,0.056202,5313,0,66,68,134,66,13902,2,68,128.399,0,0,0,0,0,0,0
14101,470.0,3993,34,64,1730,2263,0,0,2339,404.10,1.208,1.224,0.764,0.079,0.466,-0.964,2.102,0.4398,2.4005,0.636,0.001,0.002,0.126,-0.101,45,63,109,1,268,0,128366.75,32400.846,35008.335,86.197,19017.485,7.988,46836.067,15383.642,3902.138,12945.063,10356.051,4904.978,124.255,1008.093,0.000299,0.056095,4792,0,61,48,109,61,13129,2,48,86.005,0,0,0,0,0,0,0
14131,471.0,3858,32,64,1733,2125,0,0,2179,379.38,1.185,1.208,0.765,0.080,0.480,-0.962,2.103,0.4416,2.3995,0.639,0.000,0.002,0.129,-0.101,30,63,71,0,245,0,120765.36,31091.346,30488.629,57.132,18662.858,9.216,44521.547,14442.170,3590.706,12067.744,9654.195,3346.138,62.023,862.364,0.000241,0.054357,4605,0,32,39,71,32,12298,7,39,57.017,0,0,0,0,0,0,0
14161,472.0,3701,39,64,1719,1982,0,0,2009,387.96,1.163,1.190,0.767,0.082,0.493,-0.962,2.106,0.4455,2.3816,0.659,0.001,0.003,0.131,-0.102,29,61,71,3,220,0,114531.79,30145.791,28362.741,60.923,17660.259,6.589,42241.872,13641.862,3312.794,9877.347,7901.878,2733.844,82.504,814.684,0.000234,0.056021,4320,0,32,39,71,32,12445,2,39,60.793,0,0,0,0,0,0,0
14191,473.0,3619,31,64,1732,1887,0,0,1957,406.86,1.143,1.177,0.769,0.082,0.505,-0.963,2.105,0.4449,2.4054,0.663,0.001,0.001,0.133,-0.102,28,61,33,1,184,0,110168.32,29100.800,26544.159,25.999,16258.278,6.161,40188.466,12743.681,3089.866,9661.323,7729.059,1300.261,129.589,650.295,0.000213,0.056473,4003,0,14,19,32,14,11829,2,18,25.769,0,0,0,0,0,0,0
14221,474.0,3471,22,64,1723,1748,0,0,1857,482.36,1.115,1.154,0.775,0.082,0.521,-0.963,2.104,0.4412,2.4030,0.664,0.000,0.003,0.136,-0.103,33,59,72,0,187,0,103586.24,28181.685,23795.671,54.941,16363.908,7.734,38363.053,12052.361,2945.652,8248.896,6599.117,2752.487,50.582,800.460,0.000234,0.055905,4047,0,32,40,71,32,11620,62,39,54.765,0,0,0,0,0,0,0
14251,475.0,3338,40,62,1723,1615,0,0,1731,434.29,1.085,1.134,0.777,0.082,0.538,-0.963,2.107,0.4408,2.4007,0.669,0.000,0.005,0.139,-0.104,34,71,66,0,163,0,97053.88,27092.816,21627.786,49.429,14571.448,8.052,36100.482,11089.061,2765.432,8156.501,6525.201,2885.555,123.250,707.321,0.000190,0.056699,3655,0,37,29,66,37,11639,61,29,49.291,0,0,0,0,0,0,0
14281,476.0,3221,26,62,1736,1485,0,0,1613,414.07,1.052,1.108,0.779,0.082,0.558,-0.963,2.107,0.4401,2.3816,0.683,0.001,0.004,0.142,-0.105,27,77,45,2,148,0,92604.30,26331.045,20326.583,53.428,13760.681,9.637,34056.294,10223.826,2540.489,7198.954,5759.163,2115.693,172.873,611.664,0.000198,0.057368,3330,0,22,23,45,22,11069,61,23,53.305,0,0,0,0,0,0,0
14311,477.0,3083,44,62,1743,1340,0,0,1447,406.48,1.013,1.081,0.787,0.081,0.582,-0.963,2.108,0.4466,2.4430,0.680,0.001,0.004,0.146,-0.106,23,55,61,1,157,0,88597.54,25918.990,18142.280,45.996,12564.558,10.145,31774.299,9400.466,2322.243,6319.173,5055.339,2591.364,116.672,645.155,0.000161,0.057781,3060,0,35,26,60,35,10509,57,25,45.704,0,0,0,0,0,0,0
14341,478.0,3038,43,62,1769,1269,0,0,1380,445.61,0.988,1.059,0.791,0.082,0.596,-0.963,2.112,0.4391,2.4307,0.685,0.001,0.006,0.148,-0.107,35,41,48,1,115,0,86408.30,25714.210,17555.997,24.013,12883.342,10.865,30126.834,8807.653,2139.220,7383.012,5906.409,2169.100,114.515,649.532,0.000199,0.057167,2972,0,33,15,47,33,10214,57,14,23.719,0,0,0,0,0,0,0
14371,479.0,2979,39,62,1779,1200,0,0,1311,503.06,0.965,1.042,0.796,0.083,0.609,-0.964,2.110,0.4454,2.3983,0.681,0.001,0.003,0.150,-0.109,38,49,46,1,113,0,86338.78,25861.706,17200.516,38.763,12724.691,8.657,29076.700,8375.271,2046.660,6856.415,5485.132,1595.129,123.455,582.009,0.000164,0.057957,2848,0,20,26,46,20,10016,64,26,38.661,0,0,0,0,0,0,0
14401,480.0,2942,47,63,1791,1151,0,0,1233,511.24,0.946,1.026,0.796,0.081,0.620,-0.964,2.108,0.4460,2.4409,0.667,0.002,0.004,0.151,-0.110,42,66,57,2,73,0,86070.93,25496.588,16378.399,53.834,11630.981,10.864,28189.887,8029.332,1937.789,7167.024,5733.620,1964.028,88.388,553.847,0.000231,0.060189,2618,0,26,31,57,26,10361,58,31,53.730,0,0,0,0,0,0,0
14431,481.0,2989,38,63,1830,1158,0,1,1204,529.26,0.939,1.022,0.792,0.082,0.623,-0.963,2.108,0.4435,2.4481,0.673,0.002,0.004,0.151,-0.111,37,47,20,0,74,0,87154.10,25558.190,16489.234,28.368,12259.997,8.830,27839.892,7889.045,1855.236,8388.409,6710.727,1173.555,82.826,474.386,0.000192,0.061228,2640,0,8,12,20,8,10294,54,12,28.336,0,0,0,0,0,0,0
14461,482.0,3017,42,63,1868,1148,0,1,1205,503.15,0.928,1.014,0.792,0.081,0.629,-0.963,2.112,0.4459,2.4397,0.658,0.002,0.004,0.152,-0.112,36,46,34,1,71,0,89281.74,26300.530,16797.670,43.222,12310.104,8.787,27824.577,7754.459,1817.220,8142.638,6514.110,1381.916,97.062,510.018,0.000182,0.061136,2678,0,13,21,34,13,10494,59,21,43.158,0,0,0,0,0,0,0
14491,483.0,3085,36,63,1921,1163,0,1,1167,464.67,0.921,1.011,0.790,0.081,0.632,-0.963,2.114,0.4462,2.4605,0.645,0.001,0.003,0.153,-0.112,43,42,23,1,73,0,92075.30,27047.279,17382.792,9.224,13139.576,10.136,28141.005,7888.473,1805.350,9335.894,7468.715,1344.282,64.068,535.385,0.000165,0.062029,2795,0,13,10,23,13,10718,60,10,9.171,0,0,0,0,0,0,0
14521,484.0,3161,55,63,1981,1180,0,0,1175,435.29,0.916,1.008,0.785,0.079,0.636,-0.965,2.112,0.4436,2.5243,0.651,0.003,0.004,0.153,-0.112,29,45,52,0,61,0,95214.24,28344.013,18144.152,54.284,13199.231,10.934,28654.969,8084.347,1777.351,10353.046,8282.437,1972.729,220.970,622.533,0.000152,0.062173,2772,0,26,26,52,26,10914,63,26,54.166,0,0,0,0,0,0,0
14551,485.0,3266,46,62,2038,1228,0,0,1180,435.67,0.920,1.014,0.777,0.080,0.633,-0.965,2.112,0.4420,2.4779,0.652,0.002,0.003,0.152,-0.112,34,44,49,1,71,0,101850.59,30104.956,21012.588,58.162,14456.290,10.180,29318.451,8337.163,1777.742,12354.934,9883.947,1847.909,154.430,632.667,0.000260,0.063260,2898,0,20,29,49,20,11147,3,29,58.128,0,0,0,0,0,0,0
14581,486.0,3431,48,62,2129,1302,0,0,1213,443.09,0.924,1.020,0.772,0.080,0.630,-0.965,2.113,0.4431,2.5752,0.635,0.003,0.004,0.152,-0.111,36,31,39,1,72,0,108713.34,31686.383,21700.060,37.734,15550.767,9.696,30736.630,8928.971,1840.114,13659.261,10927.409,1550.024,100.466,673.379,0.000264,0.063217,3130,0,18,21,38,18,11123,26,20,37.602,0,0,0,0,0,0,0
14611,487.0,3613,44,62,2205,1408,0,0,1320,497.23,0.939,1.033,0.767,0.079,0.620,-0.965,2.113,0.4458,2.5415,0.629,0.004,0.004,0.150,-0.111,27,35,43,1,45,0,116636.11,34033.416,23386.508,38.678,17769.761,9.942,32265.735,9654.098,1942.324,14037.383,11229.907,2004.443,100.047,761.707,0.000262,0.061736,3469,0,22,21,43,22,11568,26,21,38.606,0,0,0,0,0,0,0
14641,488.0,3848,45,62,2306,1542,0,0,1477,468.55,0.955,1.048,0.757,0.077,0.611,-0.965,2.111,0.4450,2.5637,0.610,0.003,0.005,0.148,-0.109,32,39,42,0,58,0,126184.77,36243.706,26910.995,38.480,19327.686,9.076,34535.909,10520.148,2162.838,17120.789,13696.632,2084.865,117.172,799.426,0.000282,0.060538,3878,0,21,21,42,21,12410,2,21,38.368,0,0,0,0,0,0,0
14671,489.0,4137,50,62,2420,1717,0,0,1643,478.47,0.974,1.065,0.750,0.077,0.598,-0.965,2.113,0.4442,2.5776,0.601,0.003,0.004,0.146,-0.109,36,22,44,1,68,0,135500.11,38807.528,29059.644,43.266,21884.967,6.196,37485.930,11658.142,2436.580,19361.421,15489.137,2017.046,211.849,913.266,0.000307,0.057186,4414,0,21,23,44,21,13058,1,23,43.186,0,0,0,0,0,0,0
14701,490.0,4394,51,65,2488,1906,0,0,1869,523.51,1.001,1.088,0.739,0.077,0.581,-0.965,2.115,0.4412,2.6027,0.594,0.003,0.004,0.143,-0.107,35,32,65,3,78,0,145717.14,41683.099,32834.267,60.774,24622.156,6.791,40603.270,12953.861,2773.170,20624.563,16499.651,2677.848,214.704,1013.340,0.000249,0.054780,5051,0,22,43,63,22,13640,6,41,60.335,0,0,0,0,0,0,0
14731,491.0,4681,34,65,2574,2107,0,0,2144,404.83,1.025,1.107,0.732,0.076,0.567,-0.965,2.115,0.4444,2.6272,0.577,0.001,0.004,0.140,-0.106,32,35,71,1,93,0,154348.56,44590.052,34215.940,74.053,26733.873,7.620,43760.114,14094.764,3185.803,23074.548,18459.639,3184.943,231.968,1176.125,0.000271,0.054256,5640,0,32,39,71,32,13696,9,39,73.903,0,0,0,0,0,0,0
14761,492.0,4908,42,65,2605,2303,0,0,2433,410.71,1.054,1.132,0.724,0.077,0.550,-0.965,2.114,0.4458,2.6147,0.580,0.002,0.004,0.138,-0.104,30,28,118,0,114,0,163090.38,47039.101,38590.419,117.925,29830.628,8.453,47137.262,15714.542,3695.622,23776.660,19021.328,4374.295,110.575,1217.997,0.000301,0.055201,6487,0,44,74,117,44,14081,8,73,117.580,0,0,0,0,0,0,0
14791,493.0,5073,41,65,2588,2485,0,0,2707,404.03,1.086,1.158,0.715,0.080,0.532,-0.965,2.114,0.4426,2.6322,0.584,0.000,0.003,0.135,-0.103,34,29,120,0,148,0,170000.66,49601.409,40637.044,124.076,31952.330,7.354,50529.240,17280.289,4181.799,23376.587,18701.270,5236.699,191.135,1357.766,0.000310,0.052106,7106,0,45,75,120,45,13936,4,75,123.819,0,0,0,0,0,0,0
14821,494.0,5288,28,65,2612,2676,0,0,3024,475.09,1.110,1.178,0.707,0.080,0.517,-0.965,2.110,0.4436,2.6454,0.571,0.000,0.004,0.132,-0.102,27,24,94,2,155,0,178971.69,51395.733,44993.605,89.276,32776.987,7.288,53302.194,18582.544,4742.767,24550.708,19640.567,4307.866,263.925,1398.143,0.000404,0.049061,7621,0,43,51,94,43,13852,3,51,89.023,0,0,0,0,0,0,0
14851,495.0,5547,24,67,2654,2892,0,1,3336,390.68,1.132,1.196,0.700,0.082,0.503,-0.964,2.111,0.4427,2.6394,0.578,0.001,0.005,0.130,-0.101,37,25,84,0,173,0,189908.91,54600.510,49267.268,85.046,35101.197,8.093,56589.556,20207.353,5271.135,26948.260,21558.608,3807.341,275.504,1475.067,0.000411,0.047539,8091,0,31,53,83,31,14719,1,52,84.771,0,0,0,0,0,0,0
14881,496.0,5762,29,67,2705,3056,0,1,3606,336.15,1.146,1.209,0.697,0.081,0.495,-0.964,2.112,0.4434,2.6292,0.556,0.001,0.006,0.129,-0.100,27,23,97,1,193,0,198387.22,57175.354,51482.418,68.537,36698.617,5.562,59882.890,21592.857,5808.839,26540.191,21232.153,5530.085,514.026,1611.269,0.000392,0.046017,8504,0,57,40,97,57,15458,6,40,68.140,0,0,0,0,0,0,0
14911,497.0,5983,22,67,2716,3267,0,0,3919,346.07,1.170,1.228,0.690,0.081,0.481,-0.964,2.116,0.4375,2.6482,0.551,0.000,0.008,0.127,-0.099,40,24,138,1,204,0,208950.42,59743.478,56746.725,119.453,40247.959,7.752,62940.984,23014.811,6340.890,29883.080,23906.465,5464.072,555.662,1753.416,0.000336,0.044322,9348,0,57,81,138,57,15772,7,81,119.014,0,0,0,0,0,0,0
14941,498.0,6000,27,67,2662,3338,0,0,4136,355.60,1.184,1.240,0.687,0.081,0.472,-0.965,2.120,0.4345,2.6323,0.554,0.009,0.036,0.125,-0.099,40,17,132,0,258,0,219729.92,61045.503,59036.232,108.961,40383.398,7.094,65311.310,23798.419,6848.311,21866.526,17493.221,6019.586,1400.108,1660.150,0.000332,0.046151,9362,0,50,82,131,50,16108,1,81,108.413,0,0,0,0,0,0,0
14971,499.0,5993,21,67,2662,3331,0,0,4219,295.17,1.183,1.239,0.687,0.082,0.472,-0.964,2.121,0.4351,2.6596,0.551,0.017,0.065,0.126,-0.099,28,18,148,0,280,0,229847.73,62797.239,62832.238,84.646,42024.603,7.285,65613.521,24129.606,7145.479,22531.527,18025.222,7902.032,4267.251,2032.111,0.000342,0.046526,9664,0,91,57,148,91,16640,7,57,83.697,0,0,0,0,0,0,0
15001,500.0,5997,35,64,2618,3379,0,0,4267,346.36,1.195,1.247,0.684,0.082,0.465,-0.964,2.121,0.4339,2.6779,0.568,0.023,0.102,0.125,-0.099,32,13,147,1,241,0,243699.39,65242.152,66257.878,122.685,44048.199,6.767,65835.328,24201.974,7265.859,21089.599,16871.679,7068.598,7149.216,2032.174,0.000291,0.046888,9683,0,73,74,147,73,16357,1,74,122.123,0,0,0,0,0,0,0
