tick,sim_second,organisms,food,species,plants,grazers,hunters,omnivores,infected,avg_lifespan,avg_body_size,avg_speed,avg_armor,avg_attack,avg_photo,avg_diet,avg_photo_area,avg_speed_plants,avg_speed_eaters,avg_light_share,ready_share_plants,ready_share_eaters,avg_disease_resistance,avg_symbiosis_rate,symbiotic_pairs,deaths_starvation,deaths_predation,deaths_old_age,deaths_disease,deaths_event,energy_total,flow_photosynthesis,flow_food,flow_predation,flow_grazing,flow_symbiosis,flow_metabolism,flow_movement,flow_disease,flow_reproduction_spent,flow_reproduction_received,flow_death,flow_clamp,flow_digestion,ledger_max_residual,ledger_cumulative_residual,grazes_eat,grazes_attack,kills_consumer,kills_plant,grazer_kills,grazer_kills_consumer,attacks_no_plant_in_reach,grazes_eat_by_plant,kills_plant_by_consumer,plant_kill_energy_consumer,hunter_intents,hunter_strikes,hunter_consumer_in_reach,hunter_kills_consumer,hunter_rejected_size,hunter_rejected_damage,hunter_rejected_both,omnivore_intents,omnivore_strikes,omnivore_consumer_in_reach,omnivore_kills_consumer,omnivore_rejected_size,omnivore_rejected_damage,omnivore_rejected_both,g1_ticks,g1_food_items,g1_bite_count,g1_plant_gross,g1_food,g1_bites,g1_kill_consumer,g1_kill_plant,g1_metabolism,g1_movement,g1_strike,g1_births,g1_deaths,g1_deaths_starvation,g1_deaths_predation,g1_deaths_disease,g1_death_age_sum,g2_ticks,g2_food_items,g2_bite_count,g2_plant_gross,g2_food,g2_bites,g2_kill_consumer,g2_kill_plant,g2_metabolism,g2_movement,g2_strike,g2_births,g2_deaths,g2_deaths_starvation,g2_deaths_predation,g2_deaths_disease,g2_death_age_sum,o1_ticks,o1_food_items,o1_bite_count,o1_plant_gross,o1_food,o1_bites,o1_kill_consumer,o1_kill_plant,o1_metabolism,o1_movement,o1_strike,o1_births,o1_deaths,o1_deaths_starvation,o1_deaths_predation,o1_deaths_disease,o1_death_age_sum,o2_ticks,o2_food_items,o2_bite_count,o2_plant_gross,o2_food,o2_bites,o2_kill_consumer,o2_kill_plant,o2_metabolism,o2_movement,o2_strike,o2_births,o2_deaths,o2_deaths_starvation,o2_deaths_predation,o2_deaths_disease,o2_death_age_sum,h1_ticks,h1_food_items,h1_bite_count,h1_plant_gross,h1_food,h1_bites,h1_kill_consumer,h1_kill_plant,h1_metabolism,h1_movement,h1_strike,h1_births,h1_deaths,h1_deaths_starvation,h1_deaths_predation,h1_deaths_disease,h1_death_age_sum,h2_ticks,h2_food_items,h2_bite_count,h2_plant_gross,h2_food,h2_bites,h2_kill_consumer,h2_kill_plant,h2_metabolism,h2_movement,h2_strike,h2_births,h2_deaths,h2_deaths_starvation,h2_deaths_predation,h2_deaths_disease,h2_death_age_sum,cross_plant_grazer,cross_plant_omnivore,cross_plant_hunter,cross_grazer_plant,cross_grazer_omnivore,cross_grazer_hunter,cross_omnivore_plant,cross_omnivore_grazer,cross_omnivore_hunter,cross_hunter_plant,cross_hunter_grazer,cross_hunter_omnivore,species_pass_tick,species_pass_organisms,species_pass_near_other,species_pass_drifting,species_pass_isolated
31,1.0,444,11342,0,139,140,79,86,1,11.36,0.862,0.805,0.223,0.170,0.215,-0.147,1.524,0.3220,1.2318,0.801,0.468,0.207,0.104,-0.009,32,0,45,0,0,0,25819.14,1273.208,8781.188,71.322,28.915,11.466,2296.212,652.104,0.136,3175.830,2540.664,2414.454,1410.463,249.373,0.000124,-0.001627,24,0,30,15,33,24,3472,9,15,32.809,672,93,60,6,0,45,9,667,143,135,1,0,132,2,2157,436,1,4971.763,4061.289,3.012,1.329,19.360,404.260,111.954,19.739,38,9,0,9,0,147,1754,411,4,4395.502,2425.604,8.693,3.357,10.097,408.103,127.176,23.754,23,8,0,8,0,103,1561,330,5,3688.330,1230.108,9.408,0.746,0.000,347.918,99.321,9.330,5,3,0,3,0,36,1019,249,2,2766.063,505.481,1.001,0.000,3.202,240.527,62.178,6.337,1,5,0,5,0,30,1343,282,3,2900.309,197.275,1.639,17.005,0.150,298.787,84.111,6.674,0,3,0,3,0,31,1143,205,0,2955.000,24.015,0.000,16.076,0.000,222.711,62.888,3.948,0,2,0,2,0,27,0,0,1,0,8,0,0,0,0,0,0,0,0,0,0,0,0
61,2.0,584,9659,0,147,266,78,93,2,20.94,0.899,0.861,0.231,0.152,0.178,-0.290,1.516,0.3225,1.3859,0.832,0.476,0.169,0.109,-0.029,46,0,27,0,0,0,31294.57,1257.890,12734.532,25.891,46.637,16.016,2767.243,803.129,2.158,6387.190,5109.752,1227.077,2281.163,184.679,0.000127,-0.002236,16,0,22,5,18,16,4578,0,5,7.462,626,62,48,0,0,43,5,754,158,134,8,0,114,12,3059,488,2,7586.626,6211.491,20.048,0.343,0.000,561.410,184.116,28.851,84,7,0,7,0,224,2801,556,4,8680.240,4729.395,18.022,4.170,3.432,672.070,203.045,40.706,59,8,0,8,0,212,1628,280,2,2839.235,996.185,1.675,2.780,1.736,377.932,99.681,11.080,6,3,0,3,0,150,1048,196,2,2350.503,402.022,4.228,11.135,2.294,245.994,58.304,13.009,4,2,0,2,0,92,1264,198,6,2331.564,146.482,2.664,0.000,0.000,282.805,71.504,1.379,0,1,0,1,0,34,1065,163,0,2290.000,19.202,0.000,0.000,0.000,210.197,51.895,1.485,0,1,0,1,0,46,1,0,0,0,3,0,0,0,1,0,0,0,0,0,0,0,0
91,3.0,753,8051,0,139,439,76,99,3,28.17,0.926,0.921,0.211,0.132,0.139,-0.397,1.508,0.3298,1.5505,0.859,0.489,0.114,0.111,-0.038,57,1,30,0,0,0,37030.16,1274.898,15016.513,32.050,176.493,22.507,3733.226,1178.234,3.965,7809.578,6247.662,1255.658,2610.307,244.570,0.000109,-0.003002,27,0,20,10,29,19,6755,2,10,23.933,617,59,45,0,0,42,3,806,150,109,3,0,105,1,4928,632,6,9521.408,7694.330,58.335,0.257,3.764,924.921,321.245,53.906,98,9,0,9,0,188,5259,600,14,10411.703,5864.809,108.011,5.883,18.561,1188.929,393.933,68.331,91,6,0,6,0,146,1853,226,4,2381.242,836.951,9.104,1.118,1.607,451.771,109.962,13.147,6,3,1,2,0,221,1055,157,1,2056.770,366.856,1.001,0.859,0.000,250.760,55.312,1.895,1,1,0,1,0,18,1280,171,0,1825.000,123.595,0.000,0.000,0.000,291.330,71.511,0.860,0,1,0,1,0,81,1021,115,0,1580.000,11.403,0.000,0.000,0.000,200.377,46.938,2.183,0,1,0,1,0,62,0,2,0,0,4,0,0,3,0,0,0,0,0,0,0,0,0
121,4.0,1095,5923,0,143,779,73,100,3,33.60,0.946,0.984,0.166,0.108,0.108,-0.496,1.508,0.3389,1.7968,0.838,0.448,0.096,0.112,-0.053,76,4,41,0,0,0,50180.41,1261.457,27642.863,28.669,321.872,25.134,5212.144,1757.007,5.086,15065.913,12052.731,2004.039,3398.337,392.939,0.000107,-0.002557,58,0,39,2,39,37,10795,16,2,6.349,605,63,49,2,0,41,6,826,129,107,7,0,96,4,8510,1002,20,18231.059,14671.199,167.746,0.327,0.000,1639.412,621.799,100.843,189,20,2,18,0,733,9023,992,18,20371.254,11799.939,135.779,10.172,3.161,1947.870,579.954,111.841,186,14,2,12,0,516,1939,196,0,2065.000,756.886,0.000,6.263,3.188,475.511,119.817,10.441,6,3,0,3,0,28,1019,108,0,1195.000,212.994,0.000,0.000,0.000,244.343,52.587,2.214,0,3,0,3,0,252,1260,103,3,1076.933,77.350,2.167,0.000,0.000,287.115,67.871,2.346,0,0,0,0,0,0,992,98,1,1509.663,13.987,0.009,5.557,0.000,196.366,44.609,4.783,0,3,0,3,0,335,0,0,0,0,4,0,0,3,0,0,0,0,0,0,0,0,0
151,5.0,1537,3525,55,144,1222,72,99,3,45.30,0.949,1.032,0.134,0.094,0.087,-0.554,1.506,0.3239,1.9934,0.838,0.417,0.078,0.113,-0.060,86,16,79,0,0,0,65400.62,1260.039,35720.526,58.914,363.472,24.562,7463.944,2701.177,5.086,21011.892,16809.514,3394.472,3546.019,506.194,0.000154,-0.003307,62,0,77,2,63,62,16773,20,2,3.165,571,108,106,14,0,87,5,871,201,188,7,0,173,8,14277,1149,18,23026.911,18357.936,213.576,0.969,0.000,2708.045,1058.266,153.417,287,46,4,42,0,1836,14879,1270,18,27855.193,16225.432,132.686,10.940,2.443,3127.429,968.283,162.940,241,39,7,32,0,1633,2064,162,3,2138.808,791.826,4.693,4.721,0.000,497.351,124.761,12.457,5,4,2,2,0,353,950,98,0,910.000,187.057,0.000,1.440,0.723,230.501,49.519,2.636,1,3,3,0,0,365,1260,92,3,906.554,68.193,0.460,7.060,0.000,286.669,63.793,5.035,0,0,0,0,0,0,926,61,0,1052.500,6.931,0.000,30.620,0.000,187.344,42.429,19.761,0,1,0,1,0,147,0,0,0,0,2,0,0,2,0,0,0,0,151,1537,1482,0,0
181,6.0,1915,1640,55,144,1620,64,87,7,61.61,0.940,1.043,0.116,0.083,0.077,-0.600,1.500,0.3366,2.1072,0.884,0.417,0.059,0.116,-0.068,111,31,161,0,0,0,74965.34,1293.592,36184.838,116.760,414.311,25.710,10305.818,3940.243,6.923,21997.088,17597.670,6130.667,2468.785,778.612,0.000184,-0.005734,109,0,158,3,139,137,23311,60,3,8.677,568,118,115,19,0,89,7,728,227,217,43,0,174,0,22524,1159,31,26055.402,20636.700,295.304,1.389,0.000,4239.709,1742.022,230.180,340,70,9,61,0,3972,21266,1116,14,25356.616,14998.302,98.957,11.852,6.269,4480.002,1423.769,205.802,226,98,15,83,0,4953,1873,64,4,1056.169,398.794,6.107,34.435,2.378,451.540,104.437,27.742,1,11,3,8,0,934,889,39,0,362.500,70.188,0.000,2.670,0.000,225.311,45.855,3.542,0,2,2,0,0,319,1185,50,0,410.000,30.979,0.000,34.499,0.000,285.524,58.331,19.457,0,4,1,3,0,628,841,33,0,405.000,1.642,0.000,23.238,0.030,178.696,35.342,7.005,0,4,1,3,0,665,0,0,0,0,0,0,0,0,0,0,0,0,151,1537,1482,0,0
211,7.0,2012,985,55,140,1745,54,73,10,89.40,0.917,1.050,0.113,0.074,0.075,-0.622,1.501,0.3260,2.1934,0.877,0.371,0.049,0.116,-0.072,91,71,157,0,0,0,71619.66,1392.737,20255.163,72.004,497.209,19.476,11191.177,4671.839,13.792,11897.665,9518.132,5277.031,765.741,766.465,0.000107,-0.005915,70,0,155,2,135,133,25022,29,2,6.701,469,75,75,13,0,59,3,628,219,212,30,0,181,1,28094,717,23,16221.354,12689.685,326.794,1.087,4.959,5096.135,2288.815,263.970,212,102,20,82,0,6634,22627,531,16,12333.351,7215.026,160.821,15.514,1.742,4676.808,1593.214,227.462,110,95,25,70,0,7522,1696,38,0,565.000,217.557,0.000,18.079,0.000,387.782,99.758,16.383,1,10,9,1,0,1950,784,17,0,180.000,39.010,0.000,9.353,0.000,192.904,39.151,13.692,0,5,5,0,0,999,1083,24,1,272.293,15.311,2.151,20.305,0.000,258.699,49.941,15.318,0,6,5,1,0,1149,717,12,1,215.445,1.557,0.023,0.964,0.000,143.928,26.106,2.103,0,4,3,1,0,781,0,0,0,0,0,0,0,0,0,0,0,0,151,1537,1482,0,0
241,8.0,2107,547,55,146,1849,46,66,11,119.81,0.898,1.061,0.108,0.068,0.075,-0.641,1.502,0.3274,2.2692,0.828,0.336,0.043,0.117,-0.070,94,95,71,0,1,0,70470.28,1384.679,18926.882,58.309,491.322,14.725,11421.572,5045.233,16.815,9757.396,7805.917,2089.953,570.935,423.269,0.000167,-0.006349,68,0,70,1,44,43,26001,8,1,0.743,398,97,97,14,0,82,1,497,151,143,19,0,119,5,31120,665,34,15579.184,12230.569,347.509,0.209,0.000,5566.403,2710.005,209.179,170,75,40,35,0,8028,22913,467,17,10981.060,6454.090,129.251,4.305,0.743,4642.287,1703.824,171.805,85,76,41,34,1,8516,1472,23,2,437.445,167.262,7.026,2.446,0.000,320.650,91.688,8.251,0,3,3,0,0,695,629,13,7,188.935,35.620,4.680,14.697,0.000,151.225,28.968,13.571,0,4,3,1,0,903,917,9,0,120.000,7.338,0.000,31.186,0.000,209.490,39.656,14.511,0,4,4,0,0,921,599,4,0,30.000,0.294,0.000,4.723,0.000,108.103,18.650,1.055,0,4,4,0,0,903,0,0,0,0,0,0,0,0,0,0,0,0,151,1537,1482,0,0
271,9.0,2039,436,55,142,1805,35,57,13,134.87,0.889,1.065,0.102,0.065,0.075,-0.654,1.503,0.3228,2.3276,0.865,0.324,0.035,0.118,-0.069,90,147,75,0,1,0,66662.99,1449.015,15648.140,50.381,434.541,11.113,11337.579,4988.242,18.404,5976.190,4780.952,2661.515,309.886,443.960,0.000111,-0.007119,67,0,69,6,65,59,26527,1,6,21.119,322,34,34,4,0,28,2,498,145,131,13,1,117,0,32492,545,31,12935.224,10221.625,288.596,0.604,0.000,5791.306,2790.990,190.395,110,111,75,36,0,13006,22538,376,23,9105.299,5290.704,140.478,7.952,18.507,4458.362,1630.104,165.528,41,84,54,30,0,10307,1357,19,0,282.500,113.216,0.000,3.175,2.613,295.308,85.009,8.441,1,5,3,2,0,1033,535,6,12,87.017,11.696,5.439,10.778,0.000,125.733,25.272,9.517,0,5,4,1,0,1320,720,4,0,30.000,1.629,0.000,6.752,0.000,160.027,29.096,5.774,0,6,5,0,1,1506,477,5,0,55.000,0.413,0.000,0.000,0.000,78.008,13.106,0.091,0,5,5,0,0,1292,0,0,0,0,0,0,0,0,0,0,0,0,151,1537,1482,0,0
301,10.0,1937,446,48,147,1715,27,48,11,149.62,0.886,1.063,0.093,0.062,0.079,-0.666,1.501,0.3263,2.3495,0.838,0.320,0.032,0.119,-0.069,74,139,83,0,4,0,63350.30,1523.950,14634.460,37.569,702.612,14.312,10740.933,4743.747,16.740,4741.839,3793.471,2377.173,173.170,508.532,0.000115,-0.007946,76,0,81,2,77,75,24541,1,2,13.705,210,14,14,5,0,3,6,373,83,82,10,2,70,0,32069,567,36,13269.637,10284.732,479.063,0.742,9.833,5753.690,2759.646,185.062,91,108,63,43,2,14158,20645,307,35,7476.330,4224.636,214.672,7.694,0.000,4038.789,1504.534,124.615,26,99,62,35,2,14164,1159,17,4,236.815,82.125,8.442,5.358,3.872,252.975,69.024,7.836,0,8,6,2,0,1849,420,7,0,105.000,22.375,0.000,2.300,0.000,97.735,22.199,1.789,0,1,0,1,0,301,549,2,0,50.000,2.523,0.000,5.953,0.000,116.440,20.869,4.868,0,6,6,0,0,1695,361,2,0,15.000,0.032,0.000,1.816,0.000,52.152,6.783,0.821,0,2,2,0,0,573,0,0,0,0,0,0,0,0,0,0,0,0,301,1937,1937,0,0
331,11.0,1887,426,48,150,1674,23,40,11,157.00,0.886,1.070,0.088,0.061,0.082,-0.676,1.492,0.3218,2.3821,0.852,0.280,0.035,0.120,-0.068,50,133,67,0,2,0,62887.32,1616.174,16568.454,39.512,776.609,9.427,10304.293,4605.029,14.974,5855.684,4684.547,1920.319,204.603,466.774,0.000131,-0.008145,88,0,65,2,56,54,23338,0,2,5.602,153,15,15,3,0,10,2,303,86,85,24,0,61,0,31956,609,51,14608.596,11384.928,495.169,0.386,2.397,5772.628,2779.444,181.548,112,109,75,33,1,14956,18910,368,33,8835.958,5052.683,276.318,2.865,3.205,3672.918,1403.781,89.591,35,79,48,30,1,13033,923,16,1,265.802,102.192,2.348,12.618,0.000,197.619,56.553,8.275,0,7,5,2,0,1879,363,4,3,45.238,4.985,2.774,7.470,0.000,87.215,19.674,6.700,0,1,1,0,0,159,437,1,0,25.000,1.261,0.000,0.000,0.000,87.496,14.250,0.366,0,3,3,0,0,950,324,1,0,25.000,0.124,0.000,10.571,0.000,44.791,5.573,2.188,0,1,1,0,0,325,0,0,0,0,0,0,0,0,0,0,0,0,301,1937,1937,0,0
361,12.0,1860,438,48,154,1657,15,34,13,184.77,0.886,1.075,0.082,0.059,0.085,-0.694,1.498,0.3259,2.4075,0.823,0.286,0.036,0.122,-0.067,61,121,75,0,1,0,64423.20,1734.389,18887.875,47.261,582.515,8.582,10078.085,4596.923,13.622,6445.464,5156.371,2509.644,201.826,444.453,0.000135,-0.007610,59,0,72,3,63,61,22824,0,3,5.820,117,11,11,3,0,8,0,285,72,70,20,1,49,0,32338,703,33,16681.368,13292.720,366.205,0.765,3.610,5906.742,2830.522,196.813,128,88,51,36,1,13721,17461,389,25,9577.250,5470.224,215.907,2.953,0.000,3384.537,1350.701,84.861,35,92,56,36,0,17111,834,19,1,283.735,107.489,0.403,8.262,1.244,172.394,52.729,5.875,0,3,3,0,0,775,322,2,0,15.000,2.752,0.000,17.881,0.966,77.562,14.875,7.208,0,3,3,0,0,1037,293,1,0,25.000,2.412,0.000,0.000,0.000,54.750,9.392,0.162,0,5,5,0,0,1708,238,1,0,7.500,0.125,0.000,11.580,0.000,31.596,3.884,2.271,0,3,3,0,0,1021,0,0,0,0,0,0,0,0,0,0,0,0,301,1937,1937,0,0
391,13.0,1893,428,48,157,1693,12,31,14,195.60,0.886,1.085,0.080,0.059,0.086,-0.702,1.504,0.3318,2.4507,0.801,0.255,0.034,0.123,-0.068,55,90,65,0,1,0,66796.48,1779.388,19421.247,40.590,654.337,8.669,10119.091,4665.377,17.641,7309.468,5847.574,1980.158,179.967,443.815,0.000130,-0.009141,85,0,59,6,48,45,23045,0,6,5.217,115,23,22,8,0,13,1,225,67,55,12,0,39,4,33826,723,50,17586.389,13951.888,472.989,0.349,2.295,6212.934,3012.025,198.889,139,93,48,45,0,14830,16475,381,25,9310.063,5388.918,172.687,3.630,0.000,3175.229,1267.865,66.400,41,51,37,13,1,11035,718,11,5,145.159,53.805,3.544,5.205,2.245,149.756,41.433,3.214,0,3,2,1,0,1135,270,2,4,44.462,7.036,2.510,10.347,0.593,64.538,12.046,7.243,0,0,0,0,0,0,202,2,1,59.520,1.763,2.607,0.000,0.000,37.363,6.884,0.530,0,2,2,0,0,744,208,2,0,15.000,0.028,0.000,15.842,0.084,27.116,4.475,6.257,0,1,1,0,0,389,0,0,0,0,0,0,0,0,0,0,0,0,301,1937,1937,0,0
421,14.0,1965,506,48,161,1772,6,26,14,213.64,0.889,1.096,0.077,0.059,0.086,-0.719,1.511,0.3228,2.5061,0.803,0.280,0.030,0.126,-0.070,49,93,79,0,2,0,69228.41,1862.247,21149.737,35.267,586.149,7.675,10404.319,4845.084,18.647,9420.013,7536.011,2735.828,226.594,500.845,0.000096,-0.009168,72,0,74,5,66,64,23542,16,4,8.448,90,11,10,2,0,6,2,211,72,71,20,0,49,2,35904,850,35,20685.741,16553.453,403.004,1.064,0.000,6642.946,3251.834,215.745,203,95,49,46,0,16990,15885,324,21,7837.955,4489.587,174.107,4.813,7.966,3064.507,1192.184,71.865,33,62,35,25,2,13318,613,13,0,167.500,61.545,0.000,8.178,0.000,126.364,37.473,5.592,0,4,1,3,0,1634,269,5,0,72.500,14.555,0.000,11.272,0.378,64.433,13.122,8.330,0,1,1,0,0,420,139,0,0,0.000,0.000,0.000,0.000,0.000,26.269,5.791,0.384,0,4,4,0,0,1643,132,1,0,7.500,0.125,0.000,1.241,0.103,16.196,3.205,2.072,0,2,2,0,0,794,0,0,0,0,0,0,0,0,0,0,0,0,301,1937,1937,0,0
451,15.0,2125,476,40,170,1925,6,24,13,200.81,0.894,1.103,0.076,0.058,0.086,-0.729,1.512,0.3276,2.5415,0.790,0.229,0.028,0.128,-0.068,64,50,81,0,1,0,75142.49,2013.548,26095.535,52.042,848.738,9.168,11066.226,5355.221,17.763,11282.669,9026.135,2706.536,294.830,549.933,0.000150,-0.009240,116,0,77,4,67,63,24988,37,4,11.462,85,5,5,4,0,1,0,196,84,65,12,0,53,0,39581,1064,56,26381.511,20997.287,655.411,0.466,8.540,7393.029,3733.843,256.127,242,85,31,53,1,15395,15604,353,21,8616.709,4987.316,177.715,6.168,0.442,3005.771,1174.295,87.546,37,41,17,24,0,8162,515,8,1,162.948,55.577,6.251,3.518,2.480,108.746,34.966,6.340,0,1,1,0,0,426,228,4,1,34.521,4.557,1.060,11.196,0.000,55.420,9.791,5.577,0,1,1,0,0,428,60,2,0,32.500,1.763,0.000,0.000,0.000,10.368,1.775,0.025,0,0,0,0,0,0,120,3,0,22.500,0.251,0.000,13.802,0.000,14.243,3.010,2.710,0,0,0,0,0,0,0,0,0,0,0,0,0,0,0,0,0,0,451,2125,2125,0,0
481,16.0,2293,451,40,180,2088,6,19,14,199.88,0.898,1.112,0.073,0.056,0.086,-0.740,1.514,0.3234,2.5886,0.816,0.211,0.028,0.131,-0.068,48,72,79,0,2,0,80659.75,2249.427,26995.802,42.789,938.353,6.570,12025.229,5915.747,15.935,12357.908,9886.327,2497.502,323.158,521.607,0.000144,-0.010478,161,0,75,4,72,68,26720,65,4,13.702,78,5,5,1,0,2,2,195,92,80,22,0,58,0,44597,1113,79,27861.053,22129.658,816.302,0.902,12.552,8431.173,4283.358,298.765,271,96,42,52,2,16507,15229,329,17,8182.131,4797.684,119.240,4.689,0.000,2920.367,1153.224,83.393,36,48,26,22,0,11805,459,7,0,87.500,32.820,0.000,9.884,1.150,100.451,30.301,7.748,0,3,2,1,0,1392,163,4,0,30.000,5.397,0.000,8.366,0.000,41.628,7.789,6.612,0,2,2,0,0,915,60,1,0,7.500,0.319,0.000,0.000,0.000,10.368,1.669,0.051,0,0,0,0,0,0,120,0,0,0.000,0.000,0.000,5.246,0.000,14.243,2.357,0.757,0,0,0,0,0,0,0,0,0,0,0,0,0,0,0,0,0,0,451,2125,2125,0,0
511,17.0,2420,474,40,184,2214,5,17,16,217.42,0.910,1.123,0.071,0.055,0.085,-0.750,1.530,0.3233,2.6111,0.793,0.174,0.028,0.133,-0.067,45,69,116,0,0,0,86215.80,2380.366,29737.847,58.434,1239.591,6.588,13006.089,6604.144,21.428,12221.174,9776.940,3596.415,252.840,695.442,0.000144,-0.011538,179,0,108,8,97,91,28727,56,8,17.821,81,6,6,2,0,2,2,176,88,86,27,0,58,0,49619,1255,89,31634.568,25121.333,1028.867,1.540,12.576,9476.409,4886.152,362.850,271,124,41,83,0,24832,14906,304,34,7859.729,4526.819,210.341,4.175,1.541,2864.692,1178.795,80.919,29,50,25,25,0,12520,413,9,0,137.500,51.157,0.000,9.197,3.133,92.098,23.853,7.114,0,1,1,0,0,325,124,3,0,22.500,4.457,0.000,17.280,0.570,29.775,6.162,11.222,0,1,1,0,0,485,60,5,0,107.500,6.096,0.000,0.000,0.000,10.379,2.850,0.051,0,0,0,0,0,0,106,0,0,0.000,0.000,0.000,2.131,0.000,12.995,1.429,1.435,0,1,1,0,0,497,0,0,0,0,0,0,0,0,0,0,0,0,451,2125,2125,0,0
541,18.0,2584,452,40,199,2366,4,15,26,216.91,0.918,1.129,0.069,0.053,0.086,-0.759,1.533,0.3219,2.6308,0.746,0.141,0.029,0.135,-0.067,62,93,106,0,0,0,92091.52,2458.056,31837.200,61.701,974.826,6.638,14014.519,7186.425,30.794,14077.005,11261.604,3536.047,269.100,628.964,0.000160,-0.011998,202,0,100,6,86,82,31022,81,6,18.290,64,21,21,7,4,0,10,159,75,74,13,0,59,0,54676,1349,100,33928.538,27153.572,837.481,1.515,17.329,10579.734,5441.507,431.522,311,136,58,78,0,24415,14157,317,21,7909.126,4595.378,115.474,4.651,0.000,2755.338,1133.850,85.497,31,53,31,22,0,14797,371,6,0,97.500,36.902,0.000,2.602,0.000,81.294,21.269,3.124,0,2,2,0,0,987,94,1,0,25.000,4.818,0.000,13.477,0.961,20.368,4.010,9.678,0,1,1,0,0,515,60,1,0,25.000,1.444,0.000,0.000,0.000,10.505,2.255,0.255,0,0,0,0,0,0,67,0,0,0.000,0.000,0.000,19.830,0.000,9.480,1.137,7.453,0,1,1,0,0,518,0,0,0,0,1,0,0,0,0,0,0,0,451,2125,2125,0,0
571,19.0,2751,449,40,202,2533,4,12,30,203.25,0.925,1.138,0.067,0.052,0.085,-0.765,1.533,0.3324,2.6363,0.788,0.144,0.028,0.136,-0.068,59,84,96,0,1,0,99370.40,2651.619,34106.211,28.111,936.263,6.665,14982.241,7650.347,45.094,13614.772,10891.818,2906.040,621.520,578.860,0.000177,-0.013503,184,0,91,5,92,87,32968,63,5,11.154,60,8,8,3,0,0,5,120,54,48,4,0,44,0,59243,1433,88,35951.124,29027.008,769.698,1.638,10.090,11560.592,5924.603,466.713,306,133,62,71,0,22431,13897,342,28,8520.210,5010.023,158.316,6.126,1.064,2735.708,1095.911,89.913,34,40,20,19,1,11303,327,5,0,107.500,45.136,0.000,1.956,0.000,70.917,18.647,2.343,0,2,1,1,0,590,67,1,2,30.936,4.818,1.144,1.776,0.000,12.481,1.214,2.245,0,1,1,0,0,548,60,1,3,41.802,1.444,0.971,0.000,0.000,10.661,1.472,0.127,0,0,0,0,0,0,60,0,0,0.000,0.000,0.000,5.461,0.000,8.942,1.099,2.033,0,0,0,0,0,0,0,0,0,0,0,0,0,0,0,0,0,0,451,2125,2125,0,0
601,20.0,3002,412,37,218,2771,3,10,35,205.35,0.935,1.147,0.067,0.049,0.085,-0.772,1.539,0.3280,2.6409,0.760,0.110,0.028,0.138,-0.068,64,89,106,0,3,0,106458.08,2891.118,37568.069,35.023,1498.353,6.572,16345.771,8351.018,51.387,17755.086,14204.069,3680.759,625.090,801.493,0.000257,-0.014934,252,0,103,3,95,93,35601,81,3,3.453,60,15,15,5,0,3,6,76,24,24,2,0,22,0,65487,1640,140,41670.186,33300.162,1261.864,2.688,0.000,12915.278,6582.210,536.372,400,158,66,90,2,27256,13786,282,30,7208.456,4185.831,198.236,6.348,3.404,2726.641,1068.846,93.417,30,34,21,12,1,11156,286,6,1,128.540,48.917,5.479,1.549,0.000,61.937,14.411,1.356,0,1,0,1,0,455,53,2,0,50.000,9.635,0.000,0.000,0.000,9.667,0.711,0.491,0,1,1,0,0,594,60,0,0,0.000,0.000,0.000,0.000,0.000,10.816,1.452,0.229,0,0,0,0,0,0,56,0,0,0.000,0.000,0.000,13.357,0.049,8.583,1.085,4.065,0,1,1,0,0,597,0,0,0,0,0,0,0,0,0,0,0,0,601,3002,3002,7,0
631,21.0,3202,372,37,229,2962,2,9,46,211.76,0.942,1.152,0.070,0.048,0.086,-0.778,1.537,0.3322,2.6528,0.745,0.087,0.029,0.140,-0.068,56,95,115,0,1,0,113644.19,3111.070,39318.128,37.718,1806.329,6.668,17918.770,9211.468,61.956,16240.750,12992.600,3616.805,380.751,842.902,0.000291,-0.016985,252,0,109,6,108,102,38774,27,6,18.607,60,10,10,6,0,2,2,60,12,12,2,0,10,0,72398,1702,195,43755.230,34739.901,1604.209,2.343,18.607,14488.735,7326.898,642.052,368,171,79,91,1,30116,13608,308,30,7833.439,4500.101,196.622,4.615,0.000,2698.263,1094.892,77.367,26,32,14,18,0,10686,249,6,0,45.000,17.598,0.000,1.264,0.000,53.108,10.876,0.837,0,1,1,0,0,562,30,2,0,50.000,9.635,0.000,0.000,0.000,6.895,0.313,0.281,0,0,0,0,0,0,54,1,0,25.000,1.444,0.000,0.000,0.000,9.289,1.271,0.102,0,1,1,0,0,625,30,0,0,0.000,0.000,0.000,8.871,0.000,5.500,0.998,4.065,0,0,0,0,0,0,0,0,0,0,0,0,0,0,0,0,0,0,601,3002,3002,7,0
661,22.0,3362,359,37,231,3122,2,7,53,209.74,0.949,1.159,0.069,0.049,0.084,-0.782,1.536,0.3343,2.6619,0.775,0.074,0.031,0.140,-0.068,53,121,144,0,6,0,119323.78,3346.365,41359.101,39.758,1803.474,6.589,19182.658,10094.841,78.306,17125.495,13700.396,4973.865,379.255,931.604,0.000280,-0.019486,237,0,136,8,140,132,41391,11,8,21.812,60,5,5,3,0,2,0,39,14,14,4,0,10,0,77964,1842,203,47197.537,37404.915,1662.349,4.996,21.812,15778.840,8057.064,748.251,388,222,99,117,6,41165,13463,259,23,6590.193,3882.735,128.547,3.054,0.000,2677.219,1150.644,73.282,33,39,20,19,0,12535,196,5,0,125.000,48.076,0.000,1.929,0.000,40.330,9.666,0.837,0,2,2,0,0,1214,30,1,0,25.000,4.818,0.000,0.000,0.000,6.993,0.313,0.421,0,0,0,0,0,0,30,0,0,0.000,0.000,0.000,0.000,0.000,2.827,0.519,0.051,0,0,0,0,0,0,30,0,0,0.000,0.000,0.000,6.604,0.000,5.578,0.998,2.033,0,0,0,0,0,0,0,0,0,0,0,0,0,0,0,0,0,0,601,3002,3002,7,0
691,23.0,3524,342,37,247,3268,2,7,69,223.90,0.959,1.158,0.067,0.048,0.085,-0.788,1.539,0.3268,2.6650,0.766,0.061,0.025,0.141,-0.068,60,146,158,0,3,0,124237.05,3618.563,42808.173,42.557,1728.728,5.616,20352.452,10688.525,95.602,18801.049,15040.839,5286.265,373.224,999.746,0.000186,-0.019707,252,0,151,7,148,142,44074,17,6,15.189,60,9,9,6,0,1,2,30,18,18,0,0,18,0,83150,1888,210,48439.124,38733.946,1546.078,5.064,15.189,17004.239,8608.177,806.401,424,241,116,123,2,46855,13023,268,25,6825.627,3984.781,158.840,3.063,0.000,2584.362,1127.628,74.469,22,59,30,28,1,18697,180,5,0,55.000,22.513,0.000,0.000,0.000,36.343,9.068,0.000,0,0,0,0,0,0,30,1,0,25.000,4.818,0.000,0.000,0.000,7.091,0.313,1.263,0,0,0,0,0,0,30,0,0,0.000,0.000,0.000,0.000,0.000,2.867,0.519,0.076,0,0,0,0,0,0,30,0,0,0.000,0.000,0.000,14.885,0.000,5.656,0.998,4.065,0,0,0,0,0,0,0,0,0,0,0,0,0,0,0,0,0,0,601,3002,3002,7,0
721,24.0,3701,286,37,249,3446,0,6,94,216.85,0.969,1.165,0.068,0.047,0.084,-0.793,1.540,0.3311,2.6705,0.783,0.072,0.023,0.143,-0.069,47,128,163,0,4,0,129870.68,3911.403,45116.488,40.678,2080.863,8.191,21520.085,11334.637,125.692,18938.810,15151.048,5222.147,369.869,1074.745,0.000183,-0.020498,307,0,152,11,160,149,46395,37,11,29.106,26,6,6,1,0,2,3,30,17,17,0,0,17,0,88564,2005,240,51689.494,41180.386,1891.196,4.919,29.106,18326.169,9248.262,903.144,432,245,110,132,3,47029,12077,257,28,6519.237,3856.558,146.753,4.024,0.000,2413.729,1047.312,71.342,27,36,16,19,1,13112,175,1,2,13.707,2.970,2.458,0.000,0.000,35.547,9.278,0.000,0,1,1,0,0,716,30,0,0,0.000,0.000,0.000,0.000,0.000,7.188,0.313,1.193,0,0,0,0,0,0,19,0,0,0.000,0.000,0.000,0.000,0.000,1.836,0.329,0.127,0,1,1,0,0,710,7,0,0,0.000,0.000,0.000,0.476,0.000,1.331,0.233,0.000,0,1,0,1,0,698,0,0,0,0,0,0,0,0,0,0,0,0,601,3002,3002,7,0
751,25.0,3837,271,29,259,3572,0,6,111,230.31,0.975,1.168,0.067,0.047,0.085,-0.797,1.544,0.3380,2.6727,0.717,0.031,0.026,0.144,-0.070,51,154,167,0,11,0,134698.53,4007.260,46414.608,33.736,2376.430,6.281,22699.619,12130.832,150.168,18793.885,15035.109,5472.984,278.400,1136.978,0.000287,-0.021079,332,0,161,6,163,157,48492,26,6,21.582,0,0,0,0,0,0,0,30,8,8,0,0,8,0,93556,2082,289,53947.393,42739.336,2263.845,5.765,21.582,19588.161,10018.478,973.529,424,273,131,135,7,57404,11604,232,17,5917.765,3599.983,93.018,0.569,0.000,2323.424,1005.434,65.243,27,52,23,26,3,17176,150,2,0,50.000,21.043,0.000,0.000,0.000,29.700,7.783,0.000,0,0,0,0,0,0,30,1,0,25.000,4.818,0.000,0.000,0.000,7.286,0.313,0.561,0,0,0,0,0,0,0,0,0,0.000,0.000,0.000,0.000,0.000,0.000,0.000,0.000,0,0,0,0,0,0,0,0,0,0.000,0.000,0.000,0.000,0.000,0.000,0.000,0.000,0,0,0,0,0,0,0,0,0,0,0,0,0,0,0,0,0,0,751,3837,3837,10,0
781,26.0,3914,301,29,269,3639,0,6,143,224.36,0.980,1.171,0.069,0.046,0.086,-0.800,1.543,0.3215,2.6825,0.729,0.037,0.029,0.144,-0.070,53,154,211,0,12,0,137001.88,4149.795,46345.682,27.350,2565.550,7.203,23487.603,12586.094,179.516,18248.813,14599.051,6493.601,460.230,1362.672,0.000174,-0.020392,435,0,205,6,208,202,50220,77,6,13.745,0,0,0,0,0,0,0,30,24,24,0,0,24,0,96743,2076,326,54166.320,42853.226,2362.952,7.118,13.745,20400.589,10432.927,1021.184,416,342,143,188,11,67622,11281,226,32,5906.250,3425.624,194.173,1.493,0.000,2270.739,997.881,58.987,22,29,11,17,1,9743,150,2,0,50.000,21.043,0.000,0.000,0.000,30.054,7.293,0.000,0,0,0,0,0,0,30,0,0,0.000,0.000,0.000,0.000,0.000,7.384,0.313,1.684,0,0,0,0,0,0,0,0,0,0.000,0.000,0.000,0.000,0.000,0.000,0.000,0.000,0,0,0,0,0,0,0,0,0,0.000,0.000,0.000,0.000,0.000,0.000,0.000,0.000,0,0,0,0,0,0,0,0,0,0,0,0,0,0,0,0,0,0,751,3837,3837,10,0
811,27.0,4066,265,29,274,3788,0,4,181,234.41,0.987,1.176,0.070,0.046,0.086,-0.804,1.540,0.3330,2.6867,0.737,0.044,0.025,0.146,-0.070,40,149,181,0,13,0,140868.30,4337.647,48396.283,25.078,2487.798,6.537,24444.426,12945.664,238.131,20000.876,16000.701,5671.156,402.516,1190.513,0.000210,-0.019449,440,0,174,7,178,171,51768,93,7,13.804,0,0,0,0,0,0,0,11,10,9,0,0,9,0,100421,2183,321,56618.529,45230.909,2272.403,6.642,13.804,21381.668,10819.191,1045.449,463,303,131,161,11,60236,11036,207,23,5316.448,3124.244,130.005,0.782,0.000,2217.819,952.355,59.566,20,31,16,13,2,10855,149,0,3,5.317,0.000,2.105,0.000,0.000,30.262,6.486,0.000,0,1,1,0,0,810,11,0,0,0.000,0.000,0.000,0.000,0.000,2.732,0.115,0.702,0,1,1,0,0,792,0,0,0,0.000,0.000,0.000,0.000,0.000,0.000,0.000,0.000,0,0,0,0,0,0,0,0,0,0.000,0.000,0.000,0.000,0.000,0.000,0.000,0.000,0,0,0,0,0,0,0,0,0,0,0,0,0,0,0,0,0,0,751,3837,3837,10,0
841,28.0,4110,287,29,279,3827,0,4,222,215.55,0.995,1.178,0.070,0.045,0.087,-0.806,1.545,0.3351,2.6935,0.750,0.043,0.025,0.146,-0.069,45,159,231,0,20,0,142722.75,4523.572,48782.939,45.461,2395.040,6.259,25281.990,13359.751,292.931,18495.622,14796.498,7366.301,189.375,1308.054,0.000163,-0.019079,388,0,218,13,228,215,52756,35,13,31.206,0,0,0,0,0,0,0,0,0,0,0,0,0,0,103771,2206,322,57147.647,45608.184,2213.213,7.396,31.206,22327.090,11167.890,1146.075,423,358,144,195,19,71147,10432,205,31,5351.653,3114.927,161.332,1.389,0.000,2106.409,916.413,56.764,13,39,15,23,1,13156,120,1,0,7.500,2.970,0.000,0.000,0.000,25.313,5.400,0.000,0,0,0,0,0,0,0,0,0,0.000,0.000,0.000,0.000,0.000,0.000,0.000,0.000,0,0,0,0,0,0,0,0,0,0.000,0.000,0.000,0.000,0.000,0.000,0.000,0.000,0,0,0,0,0,0,0,0,0,0.000,0.000,0.000,0.000,0.000,0.000,0.000,0.000,0,0,0,0,0,0,0,0,0,0,0,0,0,0,0,0,0,0,751,3837,3837,10,0
871,29.0,4183,266,29,283,3897,0,3,291,227.53,1.003,1.183,0.072,0.044,0.087,-0.810,1.556,0.3297,2.6977,0.737,0.049,0.023,0.147,-0.068,46,167,246,0,24,0,145778.81,4818.709,51772.608,32.666,2509.941,7.776,25952.956,13733.413,372.072,20896.084,16716.868,7742.029,224.461,1363.770,0.000194,-0.019671,368,0,237,9,244,235,55138,3,9,19.508,0,0,0,0,0,0,0,0,0,0,0,0,0,0,106419,2374,338,61318.939,48969.507,2366.358,7.903,19.508,23095.327,11529.860,1196.648,477,382,153,209,20,82085,9778,180,27,4671.764,2764.411,141.757,1.873,0.000,1992.029,889.847,47.271,19,45,13,28,4,14869,91,1,0,25.000,10.927,0.000,0.000,0.000,20.718,4.998,0.000,0,1,1,0,0,842,0,0,0,0.000,0.000,0.000,0.000,0.000,0.000,0.000,0.000,0,0,0,0,0,0,0,0,0,0.000,0.000,0.000,0.000,0.000,0.000,0.000,0.000,0,0,0,0,0,0,0,0,0,0.000,0.000,0.000,0.000,0.000,0.000,0.000,0.000,0,0,0,0,0,0,1,0,0,0,0,0,0,0,0,0,0,0,751,3837,3837,10,0
901,30.0,4163,271,23,301,3860,0,2,351,221.07,1.007,1.179,0.075,0.043,0.090,-0.812,1.561,0.3207,2.6731,0.735,0.037,0.022,0.146,-0.068,37,164,291,0,27,0,144578.22,5084.740,49381.705,25.922,2768.530,6.670,26355.280,13931.725,480.385,18828.947,15063.158,9341.612,216.433,1601.738,0.000245,-0.019875,374,0,285,6,290,284,56986,2,6,13.759,0,0,0,0,0,0,0,0,0,0,0,0,0,0,107898,2271,348,59300.326,47004.338,2634.408,9.121,13.759,23610.401,11729.307,1259.991,418,434,149,260,25,90271,8980,153,24,4025.756,2312.719,132.930,1.519,0.000,1867.744,830.746,43.854,19,40,14,25,1,12117,64,1,0,25.000,10.927,0.000,0.000,0.000,12.505,2.377,0.000,0,1,1,0,0,795,0,0,0,0.000,0.000,0.000,0.000,0.000,0.000,0.000,0.000,0,0,0,0,0,0,0,0,0,0.000,0.000,0.000,0.000,0.000,0.000,0.000,0.000,0,0,0,0,0,0,0,0,0,0.000,0.000,0.000,0.000,0.000,0.000,0.000,0.000,0,0,0,0,0,0,0,0,0,0,0,0,0,0,0,0,0,0,901,4163,4163,163,0
931,31.0,4148,259,23,321,3825,0,2,429,254.34,1.014,1.174,0.079,0.044,0.094,-0.814,1.570,0.3342,2.6609,0.721,0.022,0.023,0.146,-0.066,42,172,257,0,31,0,143966.31,5397.508,48266.653,32.906,2848.442,6.847,26495.083,13900.920,573.193,18050.129,14440.103,7969.211,235.371,1525.172,0.000197,-0.020295,460,0,249,8,254,246,56951,51,8,20.886,0,0,0,0,0,0,0,0,0,0,0,0,0,0,107730,2216,388,57933.349,45781.666,2720.341,8.459,20.886,23863.785,11807.463,1213.515,402,402,144,231,27,91516,8065,157,21,4121.384,2437.305,121.620,0.313,0.000,1699.851,768.589,35.986,13,48,28,18,2,21690,60,0,0,0.000,0.000,0.000,0.000,0.000,11.364,1.999,0.000,0,0,0,0,0,0,0,0,0,0.000,0.000,0.000,0.000,0.000,0.000,0.000,0.000,0,0,0,0,0,0,0,0,0,0.000,0.000,0.000,0.000,0.000,0.000,0.000,0.000,0,0,0,0,0,0,0,0,0,0.000,0.000,0.000,0.000,0.000,0.000,0.000,0.000,0,0,0,0,0,0,0,0,0,0,0,0,0,0,0,0,0,0,901,4163,4163,163,0
961,32.0,4120,282,23,337,3781,0,2,522,239.82,1.020,1.174,0.082,0.043,0.097,-0.815,1.564,0.3398,2.6517,0.739,0.027,0.020,0.146,-0.067,41,170,262,0,51,0,143225.69,5634.311,48736.027,36.504,2766.847,7.826,26476.965,13815.471,713.966,18537.929,14830.344,8640.831,192.489,1600.157,0.000332,-0.022057,500,0,251,11,257,246,56657,93,10,19.583,0,0,0,0,0,0,0,0,0,0,0,0,0,0,106813,2216,373,58047.347,46189.908,2533.582,9.189,19.583,23949.976,11761.136,1226.551,410,437,159,237,41,100146,7333,161,34,4330.014,2473.508,202.968,0.312,0.000,1543.745,705.303,35.278,17,34,11,14,9,14205,60,2,0,15.000,5.939,0.000,0.000,0.000,11.530,1.987,0.000,0,0,0,0,0,0,0,0,0,0.000,0.000,0.000,0.000,0.000,0.000,0.000,0.000,0,0,0,0,0,0,0,0,0,0.000,0.000,0.000,0.000,0.000,0.000,0.000,0.000,0,0,0,0,0,0,0,0,0,0.000,0.000,0.000,0.000,0.000,0.000,0.000,0.000,0,0,0,0,0,0,0,0,0,0,0,0,0,0,0,0,0,0,901,4163,4163,163,0
991,33.0,4122,266,23,352,3768,0,2,612,221.96,1.027,1.173,0.083,0.043,0.099,-0.818,1.562,0.3523,2.6528,0.729,0.023,0.019,0.146,-0.066,41,143,263,0,51,0,143168.17,5856.065,50094.177,39.927,3297.763,7.359,26694.025,13839.213,845.208,18860.941,15088.753,8943.019,280.655,1673.378,0.000190,-0.021670,597,0,252,11,258,247,55802,118,9,15.416,0,0,0,0,0,0,0,0,0,0,0,0,0,0,106808,2311,451,60987.679,47930.885,3086.741,8.219,11.928,24212.762,11818.320,1265.512,422,413,133,233,47,87781,6791,137,28,3647.192,2112.747,140.192,0.153,3.488,1440.954,634.587,28.540,9,31,10,19,2,11503,60,0,0,0.000,0.000,0.000,0.000,0.000,11.699,2.083,0.000,0,0,0,0,0,0,0,0,0,0.000,0.000,0.000,0.000,0.000,0.000,0.000,0.000,0,0,0,0,0,0,0,0,0,0.000,0.000,0.000,0.000,0.000,0.000,0.000,0.000,0,0,0,0,0,0,0,0,0,0.000,0.000,0.000,0.000,0.000,0.000,0.000,0.000,0,0,0,0,0,0,0,0,0,0,0,0,0,0,0,0,0,0,901,4163,4163,163,0
1021,34.0,4056,279,23,354,3700,0,2,729,235.90,1.036,1.173,0.085,0.042,0.101,-0.819,1.567,0.3428,2.6476,0.725,0.020,0.020,0.147,-0.067,42,171,279,0,70,0,141109.44,5911.174,48462.123,56.345,3060.091,7.858,26666.564,13747.179,979.153,18855.675,15084.540,9448.798,269.556,1605.985,0.000232,-0.022963,483,0,256,23,276,254,56262,25,20,41.835,0,0,0,0,0,0,0,0,0,0,0,0,0,0,105798,2239,440,59106.102,46652.783,2954.419,8.307,29.809,24260.933,11716.755,1307.050,414,475,165,246,64,109571,6286,111,18,2833.395,1680.211,91.202,1.348,12.026,1349.868,587.777,31.564,14,21,6,10,5,7152,60,1,0,25.000,10.927,0.000,0.000,0.000,11.829,2.405,0.000,0,0,0,0,0,0,0,0,0,0.000,0.000,0.000,0.000,0.000,0.000,0.000,0.000,0,0,0,0,0,0,0,0,0,0.000,0.000,0.000,0.000,0.000,0.000,0.000,0.000,0,0,0,0,0,0,0,0,0,0.000,0.000,0.000,0.000,0.000,0.000,0.000,0.000,0,0,0,0,0,0,0,0,0,0,0,0,0,0,0,0,0,0,901,4163,4163,163,0
1051,35.0,3980,223,22,358,3620,0,2,828,236.45,1.046,1.173,0.088,0.042,0.103,-0.821,1.563,0.3374,2.6411,0.709,0.039,0.020,0.147,-0.067,49,160,317,0,60,0,137371.61,5920.953,48096.255,61.600,3013.604,6.216,26674.603,13663.917,1171.246,19171.670,15337.336,10494.668,263.872,1714.003,0.000189,-0.023930,487,0,293,24,313,290,55897,35,23,45.703,0,0,0,0,0,0,0,28,16,15,0,0,15,0,104807,2231,432,58866.526,46561.519,2896.330,9.232,43.316,24351.616,11669.916,1325.754,421,471,151,268,52,115932,5781,95,20,2526.544,1456.599,94.406,1.693,2.388,1261.079,542.989,28.888,9,39,9,25,5,15577,60,0,0,0.000,0.000,0.000,0.000,0.000,11.935,2.372,1.384,0,0,0,0,0,0,0,0,0,0.000,0.000,0.000,0.000,0.000,0.000,0.000,0.000,0,0,0,0,0,0,0,0,0,0.000,0.000,0.000,0.000,0.000,0.000,0.000,0.000,0,0,0,0,0,0,0,0,0,0.000,0.000,0.000,0.000,0.000,0.000,0.000,0.000,0,0,0,0,0,0,0,0,0,0,0,0,0,0,0,0,0,0,1051,3980,3980,104,0
1081,36.0,3817,283,22,351,3465,0,1,890,255.68,1.052,1.178,0.090,0.043,0.105,-0.823,1.576,0.3438,2.6418,0.710,0.026,0.018,0.146,-0.068,45,154,345,0,82,0,131609.92,5771.924,45548.896,80.799,3250.375,5.209,26056.160,13267.014,1277.293,17348.821,13879.057,11105.345,193.037,1794.682,0.000220,-0.025567,540,0,312,33,343,310,54343,65,33,68.130,0,0,0,0,0,0,0,19,11,11,0,0,11,0,101628,2122,453,56318.904,44232.112,3082.974,8.380,62.080,23873.930,11363.768,1291.966,382,518,143,299,76,118230,5021,80,22,2185.314,1250.248,115.978,1.959,6.050,1116.768,488.383,24.472,10,29,10,13,6,11210,49,0,0,0.000,0.000,0.000,0.000,0.000,9.781,2.018,0.951,0,1,1,0,0,1067,0,0,0,0.000,0.000,0.000,0.000,0.000,0.000,0.000,0.000,0,0,0,0,0,0,0,0,0,0.000,0.000,0.000,0.000,0.000,0.000,0.000,0.000,0,0,0,0,0,0,0,0,0,0.000,0.000,0.000,0.000,0.000,0.000,0.000,0.000,0,0,0,0,0,0,0,0,0,0,0,0,0,0,0,0,0,0,1051,3980,3980,104,0
1111,37.0,3705,263,22,360,3344,0,1,971,269.67,1.058,1.180,0.093,0.038,0.109,-0.826,1.578,0.3423,2.6446,0.724,0.017,0.019,0.147,-0.068,42,150,303,0,73,0,129688.18,5786.339,46862.378,42.091,3015.698,5.742,25232.043,12835.241,1390.858,17364.240,13891.393,9878.413,159.035,1644.116,0.000256,-0.027463,548,0,289,14,297,283,53060,88,14,24.021,0,0,0,0,0,0,0,0,0,0,0,0,0,0,97638,2186,442,57722.449,45760.622,2855.979,7.209,24.021,23187.641,11074.681,1212.412,384,475,134,273,68,120384,4295,67,18,1814.227,1033.526,91.203,1.195,0.000,976.322,427.880,22.802,5,35,15,16,4,16740,30,0,0,0.000,0.000,0.000,0.000,0.000,5.889,1.489,0.000,0,0,0,0,0,0,0,0,0,0.000,0.000,0.000,0.000,0.000,0.000,0.000,0.000,0,0,0,0,0,0,0,0,0,0.000,0.000,0.000,0.000,0.000,0.000,0.000,0.000,0,0,0,0,0,0,0,0,0,0.000,0.000,0.000,0.000,0.000,0.000,0.000,0.000,0,0,0,0,0,0,0,0,0,0,0,0,0,0,0,0,0,0,1051,3980,3980,104,0
1141,38.0,3639,251,22,379,3259,0,1,994,263.14,1.063,1.175,0.095,0.037,0.113,-0.829,1.580,0.3413,2.6323,0.691,0.032,0.019,0.147,-0.068,43,124,266,0,98,0,128426.88,5935.004,45816.180,39.626,3168.405,5.982,24848.408,12494.000,1463.943,17681.431,14145.145,8909.932,282.014,1517.531,0.000233,-0.027951,532,0,254,12,263,251,51666,109,12,26.716,0,0,0,0,0,0,0,0,0,0,0,0,0,0,95459,2125,409,56471.080,44673.958,2991.302,5.083,26.716,22921.982,10884.199,1140.259,386,446,114,246,86,116541,3559,68,14,1794.636,1057.832,60.411,1.567,0.000,823.787,354.713,23.884,2,27,10,8,9,11925,30,0,0,0.000,0.000,0.000,0.000,0.000,5.957,1.726,0.000,0,0,0,0,0,0,0,0,0,0.000,0.000,0.000,0.000,0.000,0.000,0.000,0.000,0,0,0,0,0,0,0,0,0,0.000,0.000,0.000,0.000,0.000,0.000,0.000,0.000,0,0,0,0,0,0,0,0,0,0.000,0.000,0.000,0.000,0.000,0.000,0.000,0.000,0,0,0,0,0,0,0,0,0,0,0,0,0,0,0,0,0,0,1051,3980,3980,104,0
1171,39.0,3632,269,22,401,3231,0,0,1029,239.79,1.067,1.170,0.097,0.037,0.118,-0.830,1.582,0.3403,2.6103,0.730,0.015,0.018,0.147,-0.070,46,120,192,0,106,0,127962.54,6101.566,43367.992,14.932,3161.738,6.560,24641.416,12251.956,1526.958,17318.274,13854.620,6522.048,269.129,1273.669,0.000208,-0.027945,500,0,187,5,192,187,50666,49,5,9.820,0,0,0,0,0,0,0,0,0,0,0,0,0,0,93964,2015,435,53607.953,42300.928,3040.089,3.746,9.820,22751.315,10753.655,1077.092,379,397,112,182,103,93676,3067,63,16,1684.670,980.463,71.329,1.366,0.000,723.313,313.187,15.388,4,14,8,5,1,6049,9,1,0,25.000,10.927,0.000,0.000,0.000,1.800,0.440,0.000,0,1,0,0,1,1150,0,0,0,0.000,0.000,0.000,0.000,0.000,0.000,0.000,0.000,0,0,0,0,0,0,0,0,0,0.000,0.000,0.000,0.000,0.000,0.000,0.000,0.000,0,0,0,0,0,0,0,0,0,0.000,0.000,0.000,0.000,0.000,0.000,0.000,0.000,0,0,0,0,0,0,0,0,0,0,0,0,0,0,0,0,0,0,1051,3980,3980,104,0
1201,40.0,3651,225,20,419,3232,0,0,1107,270.57,1.069,1.168,0.101,0.037,0.122,-0.833,1.589,0.3479,2.6191,0.721,0.010,0.017,0.148,-0.070,42,115,177,0,93,0,127833.45,6290.110,43162.393,11.454,3055.641,7.944,24774.197,12191.249,1623.970,17129.076,13703.261,5939.857,460.703,1177.256,0.000212,-0.028303,466,0,175,2,175,173,50748,14,2,4.812,0,0,0,0,0,0,0,0,0,0,0,0,0,0,93928,2012,436,53552.796,42451.177,2935.992,3.643,4.812,22896.553,10748.202,1053.931,378,361,111,166,84,90960,2747,42,16,1209.191,649.891,100.628,0.494,0.000,648.288,277.436,12.558,4,20,4,9,7,10438,0,0,0,0.000,0.000,0.000,0.000,0.000,0.000,0.000,0.000,0,0,0,0,0,0,0,0,0,0.000,0.000,0.000,0.000,0.000,0.000,0.000,0.000,0,0,0,0,0,0,0,0,0,0.000,0.000,0.000,0.000,0.000,0.000,0.000,0.000,0,0,0,0,0,0,0,0,0,0.000,0.000,0.000,0.000,0.000,0.000,0.000,0.000,0,0,0,0,0,0,0,0,0,0,0,0,0,0,0,0,0,0,1201,3651,3651,45,0
1231,41.0,3693,185,20,454,3239,0,0,1165,269.29,1.070,1.163,0.103,0.036,0.127,-0.836,1.593,0.3470,2.6137,0.684,0.022,0.017,0.147,-0.070,43,92,146,0,97,0,126108.44,6332.614,40189.029,10.625,3304.325,4.475,25153.943,12357.703,1750.496,15793.509,12634.807,4478.970,254.075,1103.393,0.000226,-0.027554,544,0,143,3,145,142,50477,54,3,6.000,0,0,0,0,0,0,0,0,0,0,0,0,0,0,94805,1874,476,50401.061,39557.830,3175.357,3.141,6.000,23304.878,10930.701,1074.850,338,315,86,140,89,81521,2247,33,14,954.064,519.441,81.557,0.000,0.000,541.724,230.058,9.896,0,16,6,3,7,8181,0,0,0,0.000,0.000,0.000,0.000,0.000,0.000,0.000,0.000,0,0,0,0,0,0,0,0,0,0.000,0.000,0.000,0.000,0.000,0.000,0.000,0.000,0,0,0,0,0,0,0,0,0,0.000,0.000,0.000,0.000,0.000,0.000,0.000,0.000,0,0,0,0,0,0,0,0,0,0.000,0.000,0.000,0.000,0.000,0.000,0.000,0.000,0,0,0,0,0,0,0,0,0,0,0,0,0,0,0,0,0,0,1201,3651,3651,45,0
1261,42.0,3593,203,20,464,3129,0,0,1202,254.70,1.071,1.159,0.105,0.036,0.131,-0.837,1.597,0.3454,2.6189,0.708,0.006,0.019,0.148,-0.071,39,124,167,0,125,0,121560.62,6383.888,38170.317,27.458,3688.715,5.825,25085.445,12308.397,1829.492,13391.556,10713.245,5798.893,159.502,1269.439,0.000234,-0.026858,576,0,156,11,167,156,49414,25,11,22.905,0,0,0,0,0,0,0,0,0,0,0,0,0,0,94150,1786,534,48698.264,37760.078,3582.626,4.553,22.905,23296.673,10960.357,1049.274,289,386,120,151,115,95494,1739,22,17,688.642,334.741,89.312,0.000,0.000,424.358,182.095,10.160,1,14,4,5,5,6376,0,0,0,0.000,0.000,0.000,0.000,0.000,0.000,0.000,0.000,0,0,0,0,0,0,0,0,0,0.000,0.000,0.000,0.000,0.000,0.000,0.000,0.000,0,0,0,0,0,0,0,0,0,0.000,0.000,0.000,0.000,0.000,0.000,0.000,0.000,0,0,0,0,0,0,0,0,0,0.000,0.000,0.000,0.000,0.000,0.000,0.000,0.000,0,0,0,0,0,0,0,0,0,0,0,0,0,0,0,0,0,0,1201,3651,3651,45,0
1291,43.0,3461,177,20,459,3002,0,0,1178,279.80,1.074,1.156,0.106,0.036,0.134,-0.839,1.597,0.3433,2.6046,0.744,0.013,0.016,0.148,-0.072,32,121,180,0,128,0,117931.82,6466.589,37699.923,46.988,3216.350,5.278,24268.664,11865.796,1856.731,12649.928,10119.943,5932.073,162.119,1226.931,0.000201,-0.029585,543,0,163,17,177,162,47865,43,15,41.098,0,0,0,0,0,0,0,0,0,0,0,0,0,0,90572,1759,486,47529.082,37213.206,3136.320,3.124,41.098,22527.281,10560.705,1015.784,277,395,118,157,120,103094,1529,28,14,811.392,449.981,72.961,0.000,0.000,379.399,166.426,8.777,2,11,3,6,2,5915,0,0,0,0.000,0.000,0.000,0.000,0.000,0.000,0.000,0.000,0,0,0,0,0,0,0,0,0,0.000,0.000,0.000,0.000,0.000,0.000,0.000,0.000,0,0,0,0,0,0,0,0,0,0.000,0.000,0.000,0.000,0.000,0.000,0.000,0.000,0,0,0,0,0,0,0,0,0,0.000,0.000,0.000,0.000,0.000,0.000,0.000,0.000,0,0,0,0,0,0,0,0,0,0,0,0,0,0,0,0,0,0,1201,3651,3651,45,0
1321,44.0,3384,196,20,474,2910,0,0,1190,312.52,1.076,1.152,0.107,0.035,0.139,-0.840,1.600,0.3381,2.5958,0.693,0.013,0.018,0.148,-0.073,34,130,138,0,123,0,113413.89,6138.573,34864.243,25.569,3281.971,4.951,23560.752,11375.051,1834.892,13285.869,10628.695,4775.105,257.260,1086.077,0.000234,-0.030275,577,0,127,11,137,127,45410,44,10,22.972,0,0,0,0,0,0,0,0,0,0,0,0,0,0,87149,1623,523,44251.328,34366.276,3221.854,2.371,22.972,21836.033,10152.095,955.920,283,371,128,125,118,105451,1350,28,10,781.058,451.553,50.444,0.000,0.000,332.166,148.590,6.986,3,7,2,2,3,4414,0,0,0,0.000,0.000,0.000,0.000,0.000,0.000,0.000,0.000,0,0,0,0,0,0,0,0,0,0.000,0.000,0.000,0.000,0.000,0.000,0.000,0.000,0,0,0,0,0,0,0,0,0,0.000,0.000,0.000,0.000,0.000,0.000,0.000,0.000,0,0,0,0,0,0,0,0,0,0.000,0.000,0.000,0.000,0.000,0.000,0.000,0.000,0,0,0,0,0,0,0,0,0,0,0,0,0,0,0,0,0,0,1201,3651,3651,45,0
1351,45.0,3254,196,18,480,2774,0,0,1174,265.30,1.076,1.150,0.110,0.035,0.145,-0.840,1.592,0.3437,2.6194,0.711,0.013,0.017,0.147,-0.074,49,108,130,0,144,0,108571.93,5885.966,32797.140,33.812,3245.211,5.939,22972.348,11079.872,1855.862,10755.481,8604.385,4445.506,68.249,985.943,0.000186,-0.030533,536,0,118,12,127,115,43905,11,12,27.400,0,0,0,0,0,0,0,0,0,0,0,0,0,0,83985,1530,514,41877.715,32373.811,3191.774,2.466,27.400,21232.609,9891.174,920.119,230,364,108,116,140,97842,1283,23,11,642.361,375.345,41.649,0.000,0.000,317.776,140.512,7.465,1,3,0,2,1,1594,0,0,0,0.000,0.000,0.000,0.000,0.000,0.000,0.000,0.000,0,0,0,0,0,0,0,0,0,0.000,0.000,0.000,0.000,0.000,0.000,0.000,0.000,0,0,0,0,0,0,0,0,0,0.000,0.000,0.000,0.000,0.000,0.000,0.000,0.000,0,0,0,0,0,0,0,0,0,0.000,0.000,0.000,0.000,0.000,0.000,0.000,0.000,0,0,0,0,0,0,0,0,0,0,0,0,0,0,0,0,0,0,1351,3254,3254,32,0
1381,46.0,3141,170,18,478,2663,0,0,1133,259.12,1.076,1.151,0.113,0.036,0.149,-0.841,1.598,0.3453,2.6203,0.700,0.010,0.017,0.148,-0.074,49,103,136,0,124,0,102943.61,5626.415,30921.819,29.981,2883.175,6.199,22187.744,10587.419,1819.355,10703.348,8562.678,4418.736,125.139,927.478,0.000224,-0.029129,487,0,122,14,136,122,42067,3,14,27.961,0,0,0,0,0,0,0,0,0,0,0,0,0,0,80458,1441,478,39176.406,30477.873,2847.528,2.020,27.961,20491.025,9513.918,827.951,229,334,99,119,116,90252,1114,24,6,648.366,385.412,32.504,0.000,0.000,278.729,128.813,5.258,3,9,4,3,2,2738,0,0,0,0.000,0.000,0.000,0.000,0.000,0.000,0.000,0.000,0,0,0,0,0,0,0,0,0,0.000,0.000,0.000,0.000,0.000,0.000,0.000,0.000,0,0,0,0,0,0,0,0,0,0.000,0.000,0.000,0.000,0.000,0.000,0.000,0.000,0,0,0,0,0,0,0,0,0,0.000,0.000,0.000,0.000,0.000,0.000,0.000,0.000,0,0,0,0,0,0,0,0,0,0,0,0,0,0,0,0,0,0,1351,3254,3254,32,0
1411,47.0,2971,179,18,484,2487,0,0,1090,316.95,1.072,1.143,0.113,0.036,0.156,-0.842,1.605,0.3450,2.6357,0.730,0.010,0.018,0.148,-0.075,36,109,123,0,131,0,96185.30,5552.073,27684.083,18.145,2453.353,4.996,21352.374,10116.387,1790.746,8192.921,6554.337,4113.495,144.315,856.716,0.000268,-0.029067,438,0,115,8,123,115,39390,9,8,15.898,0,0,0,0,0,0,0,0,0,0,0,0,0,0,76849,1282,417,34774.940,27277.308,2398.962,2.247,15.898,19664.254,9137.880,753.271,175,347,107,114,126,101890,1025,24,12,678.910,370.611,49.526,0.000,0.000,257.712,113.829,4.580,2,6,2,1,3,4148,0,0,0,0.000,0.000,0.000,0.000,0.000,0.000,0.000,0.000,0,0,0,0,0,0,0,0,0,0.000,0.000,0.000,0.000,0.000,0.000,0.000,0.000,0,0,0,0,0,0,0,0,0,0.000,0.000,0.000,0.000,0.000,0.000,0.000,0.000,0,0,0,0,0,0,0,0,0,0.000,0.000,0.000,0.000,0.000,0.000,0.000,0.000,0,0,0,0,0,0,0,0,0,0,0,0,0,0,0,0,0,0,1351,3254,3254,32,0
1441,48.0,2742,185,18,485,2257,0,0,1000,264.45,1.064,1.133,0.115,0.037,0.166,-0.844,1.604,0.3433,2.6298,0.723,0.012,0.019,0.148,-0.076,37,118,151,0,140,0,88417.53,5264.813,25539.792,43.839,2574.034,6.192,19800.505,9280.069,1692.222,7579.817,6063.853,5257.414,98.896,971.136,0.000195,-0.030325,491,0,133,18,151,133,35589,54,18,41.246,0,0,0,0,0,0,0,0,0,0,0,0,0,0,70609,1184,429,32484.005,25201.303,2505.368,2.593,41.246,18118.351,8380.785,681.855,155,383,116,132,135,101782,937,17,8,491.116,277.209,44.023,0.000,0.000,239.363,104.248,2.267,1,3,2,1,0,559,0,0,0,0.000,0.000,0.000,0.000,0.000,0.000,0.000,0.000,0,0,0,0,0,0,0,0,0,0.000,0.000,0.000,0.000,0.000,0.000,0.000,0.000,0,0,0,0,0,0,0,0,0,0.000,0.000,0.000,0.000,0.000,0.000,0.000,0.000,0,0,0,0,0,0,0,0,0,0.000,0.000,0.000,0.000,0.000,0.000,0.000,0.000,0,0,0,0,0,0,0,0,0,0,0,0,0,0,0,0,0,0,1351,3254,3254,32,0
1471,49.0,2557,176,18,481,2076,0,0,934,287.87,1.059,1.124,0.116,0.036,0.175,-0.843,1.599,0.3467,2.6430,0.755,0.015,0.019,0.147,-0.077,31,118,133,0,108,0,82040.36,5181.239,23470.394,41.919,2270.244,4.076,18206.623,8389.399,1557.351,7472.421,5977.937,4494.678,68.133,860.056,0.000196,-0.030770,497,0,116,17,131,114,31865,109,17,36.179,0,0,0,0,0,0,0,0,0,0,0,0,0,0,64215,1098,379,29908.212,23268.570,2211.209,2.260,36.179,16528.337,7612.425,564.765,157,335,117,115,103,93255,893,8,9,258.898,129.209,40.350,0.000,0.000,233.153,101.549,3.593,2,5,1,1,3,2237,0,0,0,0.000,0.000,0.000,0.000,0.000,0.000,0.000,0.000,0,0,0,0,0,0,0,0,0,0.000,0.000,0.000,0.000,0.000,0.000,0.000,0.000,0,0,0,0,0,0,0,0,0,0.000,0.000,0.000,0.000,0.000,0.000,0.000,0.000,0,0,0,0,0,0,0,0,0,0.000,0.000,0.000,0.000,0.000,0.000,0.000,0.000,0,0,0,0,0,0,0,0,0,0,0,0,0,0,0,0,0,0,1351,3254,3254,32,0
1501,50.0,2353,181,17,483,1870,0,0,858,315.48,1.050,1.112,0.120,0.035,0.187,-0.843,1.602,0.3374,2.6310,0.747,0.012,0.017,0.147,-0.079,40,119,121,0,116,0,76427.17,4865.102,21574.101,33.283,2072.057,5.082,16789.630,7617.959,1444.753,6447.188,5157.751,4016.116,153.072,774.706,0.000134,-0.030828,519,0,109,12,120,108,28882,172,12,29.240,0,0,0,0,0,0,0,0,0,0,0,0,0,0,58431,1006,341,27450.037,21348.867,2002.104,2.153,29.240,15110.551,6919.119,474.969,135,340,119,109,112,103491,869,12,6,345.432,193.415,30.659,0.000,0.000,230.432,112.990,2.141,0,1,0,0,1,229,0,0,0,0.000,0.000,0.000,0.000,0.000,0.000,0.000,0.000,0,0,0,0,0,0,0,0,0,0.000,0.000,0.000,0.000,0.000,0.000,0.000,0.000,0,0,0,0,0,0,0,0,0,0.000,0.000,0.000,0.000,0.000,0.000,0.000,0.000,0,0,0,0,0,0,0,0,0,0.000,0.000,0.000,0.000,0.000,0.000,0.000,0.000,0,0,0,0,0,0,0,0,0,0,0,0,0,0,0,0,0,0,1501,2353,2353,16,0
1531,51.0,2242,180,17,467,1775,0,0,790,333.07,1.051,1.113,0.119,0.034,0.189,-0.845,1.605,0.3382,2.6479,0.753,0.017,0.017,0.148,-0.079,39,72,98,0,88,0,72176.19,4595.887,20059.727,61.196,1794.604,4.942,15586.893,7089.829,1327.232,6261.189,5008.951,3099.377,61.742,550.482,0.000231,-0.033037,398,0,72,26,97,71,26680,89,26,58.789,0,0,0,0,0,0,0,0,0,0,0,0,0,0,53762,931,307,25218.755,19774.863,1779.654,1.230,58.789,13986.820,6493.936,403.865,129,215,68,67,80,66847,667,14,2,364.359,230.743,9.883,0.000,0.000,170.743,81.312,2.244,3,12,4,5,3,4928,0,0,0,0.000,0.000,0.000,0.000,0.000,0.000,0.000,0.000,0,0,0,0,0,0,0,0,0,0.000,0.000,0.000,0.000,0.000,0.000,0.000,0.000,0,0,0,0,0,0,0,0,0,0.000,0.000,0.000,0.000,0.000,0.000,0.000,0.000,0,0,0,0,0,0,0,0,0,0.000,0.000,0.000,0.000,0.000,0.000,0.000,0.000,0,0,0,0,0,0,0,0,0,0,0,0,0,0,0,0,0,0,1501,2353,2353,16,0
1561,52.0,2089,145,17,461,1628,0,0,687,379.68,1.045,1.106,0.120,0.034,0.198,-0.846,1.614,0.3379,2.6472,0.738,0.004,0.016,0.149,-0.081,52,97,87,0,99,0,68087.15,4317.166,18898.639,38.727,1782.334,6.668,14788.066,6717.199,1188.700,5528.914,4423.131,2897.007,72.714,574.100,0.000155,-0.034050,328,0,70,17,87,70,25001,52,17,37.355,0,0,0,0,0,0,0,0,0,0,0,0,0,0,50686,884,273,24068.434,18753.755,1737.819,1.372,37.355,13265.115,6200.030,356.193,115,258,96,68,94,90147,485,6,3,171.048,97.980,13.170,0.000,0.000,119.365,57.612,2.890,0,4,1,2,1,2608,0,0,0,0.000,0.000,0.000,0.000,0.000,0.000,0.000,0.000,0,0,0,0,0,0,0,0,0,0.000,0.000,0.000,0.000,0.000,0.000,0.000,0.000,0,0,0,0,0,0,0,0,0,0.000,0.000,0.000,0.000,0.000,0.000,0.000,0.000,0,0,0,0,0,0,0,0,0,0.000,0.000,0.000,0.000,0.000,0.000,0.000,0.000,0,0,0,0,0,0,0,0,0,0,0,0,0,0,0,0,0,0,1501,2353,2353,16,0
1591,53.0,1971,168,17,455,1516,0,0,603,350.21,1.041,1.103,0.121,0.033,0.207,-0.847,1.617,0.3470,2.6688,0.734,0.013,0.019,0.150,-0.083,49,88,86,0,87,0,63163.98,3986.976,16661.947,37.551,1379.193,7.822,13739.747,6234.398,1044.848,6062.601,4850.081,2853.178,16.677,508.274,0.000133,-0.034295,256,0,69,17,84,68,22574,25,16,34.252,0,0,0,0,0,0,0,0,0,0,0,0,0,0,46567,780,228,21032.171,16589.026,1340.705,1.757,34.252,12242.873,5791.622,297.498,125,235,87,68,80,78610,395,4,3,127.495,59.324,17.242,0.000,0.000,99.384,44.801,2.509,0,2,1,1,0,532,0,0,0,0.000,0.000,0.000,0.000,0.000,0.000,0.000,0.000,0,0,0,0,0,0,0,0,0,0.000,0.000,0.000,0.000,0.000,0.000,0.000,0.000,0,0,0,0,0,0,0,0,0,0.000,0.000,0.000,0.000,0.000,0.000,0.000,0.000,0,0,0,0,0,0,0,0,0,0.000,0.000,0.000,0.000,0.000,0.000,0.000,0.000,0,0,0,0,0,0,0,0,0,0,0,0,0,0,0,0,0,0,1501,2353,2353,16,0
1621,54.0,1896,148,17,460,1436,0,0,547,359.70,1.034,1.096,0.120,0.031,0.216,-0.848,1.617,0.3473,2.6940,0.755,0.011,0.015,0.150,-0.084,49,79,64,0,47,0,58467.94,3816.523,15102.261,20.006,1545.482,5.864,13124.593,5936.000,933.613,4818.252,3854.602,2095.837,108.736,472.402,0.000228,-0.036160,295,0,56,8,64,56,20865,41,8,18.714,0,0,0,0,0,0,0,0,0,0,0,0,0,0,44201,700,253,19222.847,14925.214,1524.131,1.292,18.714,11673.758,5544.608,258.641,99,173,77,52,44,58058,263,8,1,209.982,127.406,6.925,0.000,0.000,66.549,32.156,2.033,0,6,1,4,1,4130,0,0,0,0.000,0.000,0.000,0.000,0.000,0.000,0.000,0.000,0,0,0,0,0,0,0,0,0,0.000,0.000,0.000,0.000,0.000,0.000,0.000,0.000,0,0,0,0,0,0,0,0,0,0.000,0.000,0.000,0.000,0.000,0.000,0.000,0.000,0,0,0,0,0,0,0,0,0,0.000,0.000,0.000,0.000,0.000,0.000,0.000,0.000,0,0,0,0,0,0,0,0,0,0,0,0,0,0,0,0,0,0,1501,2353,2353,16,0
1651,55.0,1817,149,15,465,1352,0,0,494,381.42,1.028,1.086,0.120,0.031,0.225,-0.849,1.622,0.3480,2.7109,0.749,0.009,0.018,0.149,-0.087,54,84,50,0,59,0,55052.41,3782.006,14842.578,22.385,1433.060,6.670,12508.818,5645.291,839.925,4767.045,3813.636,1695.740,14.254,405.054,0.000121,-0.036373,320,0,39,11,50,39,19597,95,11,21.595,0,0,0,0,0,0,0,0,0,0,0,0,0,0,41736,692,225,18834.239,14787.053,1395.912,0.791,21.595,11058.213,5288.770,233.167,94,178,82,39,57,64984,180,2,0,50.000,29.246,0.000,0.000,0.000,46.781,21.308,0.000,0,0,0,0,0,0,0,0,0,0.000,0.000,0.000,0.000,0.000,0.000,0.000,0.000,0,0,0,0,0,0,0,0,0,0.000,0.000,0.000,0.000,0.000,0.000,0.000,0.000,0,0,0,0,0,0,0,0,0,0.000,0.000,0.000,0.000,0.000,0.000,0.000,0.000,0,0,0,0,0,0,0,0,0,0.000,0.000,0.000,0.000,0.000,0.000,0.000,0.000,0,0,0,0,0,0,0,0,0,0,0,0,0,0,0,0,0,0,1651,1817,1816,25,0
1681,56.0,1693,165,15,462,1231,0,0,438,363.42,1.016,1.075,0.117,0.031,0.238,-0.852,1.625,0.3403,2.7393,0.763,0.015,0.013,0.150,-0.089,49,112,45,0,61,0,51472.15,3703.896,12943.235,25.371,1215.457,7.186,11764.031,5312.127,751.856,4000.827,3200.662,1302.942,18.664,302.979,0.000164,-0.036545,278,0,37,8,42,34,17952,66,8,20.000,0,0,0,0,0,0,0,0,0,0,0,0,0,0,38834,601,211,16353.543,12906.657,1198.648,0.546,20.000,10323.296,4982.820,214.048,85,202,109,37,56,70704,115,0,1,3.593,0.000,2.167,0.000,0.000,30.973,13.476,0.000,0,4,2,0,2,2359,0,0,0,0.000,0.000,0.000,0.000,0.000,0.000,0.000,0.000,0,0,0,0,0,0,0,0,0,0.000,0.000,0.000,0.000,0.000,0.000,0.000,0.000,0,0,0,0,0,0,0,0,0,0.000,0.000,0.000,0.000,0.000,0.000,0.000,0.000,0,0,0,0,0,0,0,0,0,0.000,0.000,0.000,0.000,0.000,0.000,0.000,0.000,0,0,0,0,0,0,0,0,0,0,0,0,0,0,0,0,0,0,1651,1817,1816,25,0
1711,57.0,1597,138,15,463,1134,0,0,372,372.53,1.005,1.063,0.120,0.031,0.251,-0.854,1.630,0.3402,2.7321,0.789,0.017,0.013,0.150,-0.091,45,87,45,0,51,0,49254.38,3731.087,12978.564,18.869,1281.908,5.445,10864.160,4915.122,653.505,3580.926,2864.741,1467.188,0.514,329.615,0.000096,-0.036887,270,0,38,7,45,38,16265,62,7,18.057,0,0,0,0,0,0,0,0,0,0,0,0,0,0,35529,612,208,16560.633,12943.749,1275.279,0.812,18.057,9433.732,4628.620,177.825,69,166,86,38,42,56244,60,0,0,0.000,0.000,0.000,0.000,0.000,15.754,5.950,0.000,0,0,0,0,0,0,0,0,0,0.000,0.000,0.000,0.000,0.000,0.000,0.000,0.000,0,0,0,0,0,0,0,0,0,0.000,0.000,0.000,0.000,0.000,0.000,0.000,0.000,0,0,0,0,0,0,0,0,0,0.000,0.000,0.000,0.000,0.000,0.000,0.000,0.000,0,0,0,0,0,0,0,0,0,0.000,0.000,0.000,0.000,0.000,0.000,0.000,0.000,0,0,0,0,0,0,0,0,0,0,0,0,0,0,0,0,0,0,1651,1817,1816,25,0
1741,58.0,1535,146,15,472,1062,0,1,314,382.76,0.993,1.049,0.120,0.029,0.264,-0.855,1.633,0.3451,2.7606,0.773,0.013,0.012,0.150,-0.094,51,88,31,0,46,0,47257.33,3727.091,11681.960,5.625,1070.045,6.909,10183.786,4558.990,545.798,4293.002,3434.401,940.142,57.071,267.339,0.000145,-0.036699,250,0,28,3,30,27,14632,68,3,4.355,0,0,0,0,0,0,0,0,0,0,0,0,0,0,32804,542,182,14722.542,11642.003,1058.065,0.395,4.355,8740.065,4284.013,166.708,88,160,88,28,44,59324,60,1,0,25.000,15.079,0.000,0.000,0.000,15.726,5.907,0.000,0,0,0,0,0,0,2,0,0,0.000,0.000,0.000,0.000,0.000,0.142,0.012,0.000,0,0,0,0,0,0,0,0,0,0.000,0.000,0.000,0.000,0.000,0.000,0.000,0.000,0,0,0,0,0,0,0,0,0,0.000,0.000,0.000,0.000,0.000,0.000,0.000,0.000,0,0,0,0,0,0,0,0,0,0.000,0.000,0.000,0.000,0.000,0.000,0.000,0.000,0,0,0,0,0,0,0,1,0,0,0,0,0,0,0,0,0,0,1651,1817,1816,25,0
1771,59.0,1487,121,15,478,1008,0,1,270,382.38,0.984,1.042,0.121,0.027,0.275,-0.857,1.635,0.3453,2.7921,0.780,0.010,0.013,0.152,-0.096,70,85,30,0,40,0,45495.16,3782.640,11091.118,16.199,1012.648,9.516,9828.664,4368.298,470.088,4440.243,3552.195,837.300,9.867,249.870,0.000133,-0.036477,246,0,21,9,29,21,13853,90,8,15.637,0,0,0,0,0,0,0,0,0,0,0,0,0,0,31328,516,156,13885.679,11017.862,973.325,0.236,15.637,8359.350,4114.691,146.478,88,141,84,21,36,49887,51,3,0,75.000,45.236,0.000,0.000,0.000,14.040,6.355,0.000,0,1,1,0,0,409,30,0,0,0.000,0.000,0.000,0.000,0.000,2.124,0.195,0.000,0,0,0,0,0,0,0,0,0,0.000,0.000,0.000,0.000,0.000,0.000,0.000,0.000,0,0,0,0,0,0,0,0,0,0.000,0.000,0.000,0.000,0.000,0.000,0.000,0.000,0,0,0,0,0,0,0,0,0,0.000,0.000,0.000,0.000,0.000,0.000,0.000,0.000,0,0,0,0,0,0,0,0,0,0,0,0,0,0,0,0,0,0,1651,1817,1816,25,0
1801,60.0,1470,112,12,484,985,0,1,248,399.55,0.980,1.047,0.119,0.027,0.282,-0.858,1.637,0.3421,2.8498,0.766,0.012,0.010,0.153,-0.098,45,77,16,0,18,0,44524.29,3764.407,10749.961,21.830,1106.441,8.353,9445.981,4178.092,413.418,3921.504,3137.203,452.992,24.197,208.087,0.000140,-0.036340,235,0,7,9,14,7,12691,68,7,21.277,0,0,0,0,0,0,0,0,0,0,0,0,0,0,29699,499,167,13686.172,10723.531,1094.514,0.054,21.277,7948.854,3942.451,125.805,77,100,77,7,16,39309,30,0,0,0.000,0.000,0.000,0.000,0.000,10.057,5.862,0.000,0,0,0,0,0,0,30,0,0,0.000,0.000,0.000,0.000,0.000,2.121,0.178,0.000,0,0,0,0,0,0,0,0,0,0.000,0.000,0.000,0.000,0.000,0.000,0.000,0.000,0,0,0,0,0,0,0,0,0,0.000,0.000,0.000,0.000,0.000,0.000,0.000,0.000,0,0,0,0,0,0,0,0,0,0.000,0.000,0.000,0.000,0.000,0.000,0.000,0.000,0,0,0,0,0,0,0,0,0,0,0,0,0,0,0,0,0,0,1801,1470,1466,21,0
1831,61.0,1420,117,12,492,927,0,1,210,412.59,0.972,1.041,0.122,0.029,0.295,-0.859,1.641,0.3418,2.8819,0.773,0.010,0.008,0.154,-0.100,49,88,18,0,31,0,43329.42,3829.458,10314.465,16.620,1147.295,8.897,9217.880,4137.244,359.200,3554.771,2843.817,692.120,3.036,234.979,0.000109,-0.036328,255,0,10,8,17,10,11700,89,7,16.045,0,0,0,0,0,0,0,0,0,0,0,0,0,0,28556,474,166,13095.635,10234.507,1114.789,0.086,16.045,7709.569,3915.138,111.621,67,125,87,10,28,46411,30,2,0,50.000,30.158,0.000,0.000,0.000,10.073,5.761,0.000,0,0,0,0,0,0,30,0,0,0.000,0.000,0.000,0.000,0.000,2.121,0.167,0.000,0,0,0,0,0,0,0,0,0,0.000,0.000,0.000,0.000,0.000,0.000,0.000,0.000,0,0,0,0,0,0,0,0,0,0.000,0.000,0.000,0.000,0.000,0.000,0.000,0.000,0,0,0,0,0,0,0,0,0,0.000,0.000,0.000,0.000,0.000,0.000,0.000,0.000,0,0,0,0,0,0,0,0,0,0,0,0,0,0,0,0,0,0,1801,1470,1466,21,0
1861,62.0,1392,140,12,507,884,0,1,192,365.63,0.961,1.032,0.124,0.029,0.309,-0.861,1.643,0.3460,2.9021,0.743,0.014,0.009,0.155,-0.102,62,88,16,0,21,0,43242.38,3908.346,10754.331,31.958,1037.618,10.766,8920.388,3963.973,313.169,3908.671,3126.937,578.138,22.586,201.690,0.000141,-0.037497,224,0,6,10,15,5,10586,71,10,28.761,0,0,0,0,0,0,0,0,0,0,0,0,0,0,27012,494,153,13516.918,10652.361,1014.752,0.065,28.761,7367.805,3756.700,93.144,71,114,88,6,20,38702,30,4,0,100.000,60.315,0.000,0.000,0.000,10.089,6.263,0.000,0,0,0,0,0,0,30,0,0,0.000,0.000,0.000,0.000,0.000,2.121,0.152,0.000,0,0,0,0,0,0,0,0,0,0.000,0.000,0.000,0.000,0.000,0.000,0.000,0.000,0,0,0,0,0,0,0,0,0,0.000,0.000,0.000,0.000,0.000,0.000,0.000,0.000,0,0,0,0,0,0,0,0,0,0.000,0.000,0.000,0.000,0.000,0.000,0.000,0.000,0,0,0,0,0,0,0,0,0,0,0,0,0,0,0,0,0,0,1801,1470,1466,21,0
1891,63.0,1379,160,12,519,859,0,1,172,372.42,0.955,1.032,0.124,0.029,0.319,-0.862,1.643,0.3468,2.9618,0.746,0.021,0.023,0.156,-0.103,65,80,11,0,22,0,44854.71,3965.007,12033.743,8.836,1188.599,10.792,8673.934,3876.421,277.785,4151.653,3321.323,409.027,96.298,231.461,0.000149,-0.036404,286,0,7,4,11,7,9859,115,4,8.712,0,0,0,0,0,0,0,0,0,0,0,0,0,0,25814,554,170,15189.185,12017.760,1171.904,0.124,8.712,7079.965,3673.334,88.536,81,106,80,7,19,39110,30,0,0,0.000,0.000,0.000,0.000,0.000,10.149,4.629,0.000,0,0,0,0,0,0,30,0,1,2.605,0.000,1.087,0.000,0.000,2.118,0.137,0.000,0,0,0,0,0,0,0,0,0,0.000,0.000,0.000,0.000,0.000,0.000,0.000,0.000,0,0,0,0,0,0,0,0,0,0.000,0.000,0.000,0.000,0.000,0.000,0.000,0.000,0,0,0,0,0,0,0,0,0,0.000,0.000,0.000,0.000,0.000,0.000,0.000,0.000,0,0,0,0,0,0,0,0,0,0,0,0,0,0,0,0,0,0,1801,1470,1466,21,0
1921,64.0,1428,123,12,545,882,0,1,156,413.12,0.950,1.032,0.120,0.029,0.323,-0.863,1.650,0.3459,2.9717,0.734,0.009,0.020,0.157,-0.103,66,67,8,0,14,0,47195.27,4197.427,13095.856,6.939,1065.991,10.531,8847.417,4071.193,246.281,5655.540,4524.432,309.238,139.181,215.241,0.000164,-0.035358,302,0,6,2,8,6,10022,134,2,6.814,0,0,0,0,0,0,0,0,0,0,0,0,0,0,26100,605,167,16293.862,13067.482,1043.843,0.125,6.814,7186.836,3847.352,106.725,107,84,66,6,12,34488,30,0,1,9.177,0.000,5.535,0.000,0.000,10.250,4.511,0.000,0,0,0,0,0,0,30,0,0,0.000,0.000,0.000,0.000,0.000,2.121,0.188,0.000,0,0,0,0,0,0,0,0,0,0.000,0.000,0.000,0.000,0.000,0.000,0.000,0.000,0,0,0,0,0,0,0,0,0,0.000,0.000,0.000,0.000,0.000,0.000,0.000,0.000,0,0,0,0,0,0,0,0,0,0.000,0.000,0.000,0.000,0.000,0.000,0.000,0.000,0,0,0,0,0,0,0,0,0,0,0,0,0,0,0,0,0,0,1801,1470,1466,21,0
1951,65.0,1476,139,12,572,903,0,1,129,420.10,0.946,1.033,0.120,0.027,0.329,-0.864,1.660,0.3520,3.0065,0.735,0.010,0.022,0.159,-0.103,60,51,9,0,19,0,49729.89,4546.640,13053.036,7.675,1402.533,10.963,9039.142,4098.186,217.469,5165.822,4132.658,371.461,74.576,238.728,0.000124,-0.035065,308,0,8,1,8,7,9831,105,1,6.578,0,0,0,0,0,0,0,0,0,0,0,0,0,0,26548,595,203,16436.952,12984.805,1373.449,0.117,6.578,7314.179,3877.594,98.648,96,75,51,8,16,28013,30,0,0,0.000,0.000,0.000,0.000,0.000,10.408,4.204,0.000,0,0,0,0,0,0,30,1,0,7.500,3.129,0.000,0.000,0.000,2.123,0.169,0.000,0,0,0,0,0,0,0,0,0,0.000,0.000,0.000,0.000,0.000,0.000,0.000,0.000,0,0,0,0,0,0,0,0,0,0.000,0.000,0.000,0.000,0.000,0.000,0.000,0.000,0,0,0,0,0,0,0,0,0,0.000,0.000,0.000,0.000,0.000,0.000,0.000,0.000,0,0,0,0,0,0,0,0,0,0,0,0,0,0,0,0,0,0,1951,1476,1476,97,0
1981,66.0,1552,137,12,600,951,0,1,129,410.60,0.948,1.042,0.121,0.027,0.329,-0.866,1.660,0.3589,3.0557,0.718,0.022,0.021,0.160,-0.104,86,62,10,0,10,0,53305.74,5004.413,14467.168,10.716,1650.216,9.815,9491.661,4346.747,195.786,6544.094,5235.275,224.833,61.701,276.904,0.000130,-0.034946,307,0,6,4,10,6,9925,71,4,10.655,0,0,0,0,0,0,0,0,0,0,0,0,0,0,27722,661,236,18365.312,14417.159,1630.764,0.061,10.655,7674.969,4105.208,114.136,125,77,61,6,10,28464,30,0,0,0.000,0.000,0.000,0.000,0.000,10.559,4.034,0.000,0,0,0,0,0,0,30,1,0,7.500,3.129,0.000,0.000,0.000,2.123,0.189,0.000,0,0,0,0,0,0,0,0,0,0.000,0.000,0.000,0.000,0.000,0.000,0.000,0.000,0,0,0,0,0,0,0,0,0,0.000,0.000,0.000,0.000,0.000,0.000,0.000,0.000,0,0,0,0,0,0,0,0,0,0.000,0.000,0.000,0.000,0.000,0.000,0.000,0.000,0,0,0,0,0,0,0,0,0,0,0,0,0,0,0,0,0,0,1951,1476,1476,97,0
2011,67.0,1669,120,12,623,1045,0,1,123,406.63,0.957,1.067,0.119,0.027,0.322,-0.868,1.664,0.3525,3.1073,0.734,0.019,0.022,0.163,-0.105,74,39,11,0,14,0,58217.83,5446.657,16938.789,10.062,1612.945,11.129,10194.211,4782.156,184.277,7602.164,6081.731,358.011,171.781,272.550,0.000143,-0.034601,293,0,6,5,11,6,10712,74,5,10.033,0,0,0,0,0,0,0,0,0,0,0,0,0,0,29862,770,219,21053.547,16866.611,1587.063,0.030,10.033,8319.989,4521.248,129.990,151,57,39,6,12,20069,30,0,0,0.000,0.000,0.000,0.000,0.000,10.696,5.002,0.000,0,0,0,0,0,0,30,0,0,0.000,0.000,0.000,0.000,0.000,2.121,0.164,0.000,0,0,0,0,0,0,0,0,0,0.000,0.000,0.000,0.000,0.000,0.000,0.000,0.000,0,0,0,0,0,0,0,0,0,0.000,0.000,0.000,0.000,0.000,0.000,0.000,0.000,0,0,0,0,0,0,0,0,0,0.000,0.000,0.000,0.000,0.000,0.000,0.000,0.000,0,0,0,0,0,0,0,0,0,0,0,0,0,0,0,0,0,0,1951,1476,1476,97,0
2041,68.0,1780,124,12,658,1121,0,1,113,371.45,0.961,1.078,0.120,0.029,0.321,-0.871,1.672,0.3485,3.1242,0.716,0.015,0.020,0.164,-0.106,84,59,18,0,9,0,62466.61,5996.195,17426.042,22.184,2015.978,12.613,11061.302,5258.287,170.446,8081.998,6465.599,601.316,143.095,344.797,0.000218,-0.033650,334,0,9,9,18,9,11774,76,9,22.061,0,0,0,0,0,0,0,0,0,0,0,0,0,0,32535,793,258,22106.450,17366.194,1996.014,0.124,22.061,9110.627,4977.675,144.658,153,76,59,9,8,23041,20,0,0,0.000,0.000,0.000,0.000,0.000,7.208,3.036,0.000,0,1,0,0,1,660,30,0,0,0.000,0.000,0.000,0.000,0.000,2.119,0.178,0.000,0,0,0,0,0,0,0,0,0,0.000,0.000,0.000,0.000,0.000,0.000,0.000,0.000,0,0,0,0,0,0,0,0,0,0.000,0.000,0.000,0.000,0.000,0.000,0.000,0.000,0,0,0,0,0,0,0,0,0,0.000,0.000,0.000,0.000,0.000,0.000,0.000,0.000,0,0,0,0,0,0,0,0,0,0,0,0,0,0,0,0,0,0,1951,1476,1476,97,0
2071,69.0,1923,140,12,703,1219,0,1,114,324.29,0.964,1.088,0.121,0.029,0.320,-0.872,1.672,0.3554,3.1468,0.701,0.013,0.013,0.165,-0.106,90,66,6,0,7,0,67097.74,6542.514,18624.806,3.288,2501.466,10.775,11982.069,5763.649,162.358,9122.263,7297.811,200.792,162.913,443.245,0.000140,-0.034058,447,0,5,1,6,5,12305,116,1,3.196,0,0,0,0,0,0,0,0,0,0,0,0,0,0,35281,850,331,23984.953,18558.896,2453.082,0.092,3.196,9920.255,5432.775,189.598,175,77,66,5,6,22112,0,0,0,0.000,0.000,0.000,0.000,0.000,0.000,0.000,0.000,0,0,0,0,0,0,30,0,0,0.000,0.000,0.000,0.000,0.000,2.118,0.179,0.000,0,0,0,0,0,0,0,0,0,0.000,0.000,0.000,0.000,0.000,0.000,0.000,0.000,0,0,0,0,0,0,0,0,0,0.000,0.000,0.000,0.000,0.000,0.000,0.000,0.000,0,0,0,0,0,0,0,0,0,0.000,0.000,0.000,0.000,0.000,0.000,0.000,0.000,0,0,0,0,0,0,0,0,0,0,0,0,0,0,0,0,0,0,1951,1476,1476,97,0
2101,70.0,2077,128,11,752,1324,0,1,125,320.47,0.969,1.095,0.120,0.031,0.318,-0.872,1.672,0.3578,3.1435,0.665,0.008,0.018,0.166,-0.107,93,63,12,0,7,0,72834.23,7109.454,21201.854,4.161,3031.877,11.125,13003.015,6287.492,163.642,9698.339,7758.671,415.806,219.606,549.743,0.000189,-0.032532,624,0,9,3,11,9,13250,215,2,3.584,0,0,0,0,0,0,0,0,0,0,0,0,0,0,38247,970,409,27561.329,21129.469,2962.044,0.176,3.584,10794.116,5938.875,196.248,183,78,63,9,6,23332,0,0,0,0.000,0.000,0.000,0.000,0.000,0.000,0.000,0.000,0,0,0,0,0,0,30,0,0,0.000,0.000,0.000,0.000,0.000,2.116,0.154,0.000,0,0,0,0,0,0,0,0,0,0.000,0.000,0.000,0.000,0.000,0.000,0.000,0.000,0,0,0,0,0,0,0,0,0,0.000,0.000,0.000,0.000,0.000,0.000,0.000,0.000,0,0,0,0,0,0,0,0,0,0.000,0.000,0.000,0.000,0.000,0.000,0.000,0.000,0,0,0,0,0,0,0,0,0,0,0,0,0,0,0,0,0,0,2101,2077,2077,10,0
2131,71.0,2272,108,11,787,1484,0,1,135,311.84,0.984,1.113,0.119,0.030,0.309,-0.873,1.675,0.3635,3.1498,0.695,0.014,0.013,0.168,-0.106,66,57,10,0,5,0,79764.32,7891.961,23818.714,8.370,3492.150,11.035,14230.409,6951.575,181.369,11364.834,9091.868,350.446,255.054,547.143,0.000190,-0.030921,625,0,6,4,9,6,14491,161,3,7.745,0,0,0,0,0,0,0,0,0,0,0,0,0,0,41985,1090,464,30956.820,23732.286,3436.003,0.182,7.745,11899.129,6539.759,250.294,228,68,57,6,5,21984,0,0,0,0.000,0.000,0.000,0.000,0.000,0.000,0.000,0.000,0,0,0,0,0,0,30,0,0,0.000,0.000,0.000,0.000,0.000,2.114,0.153,0.000,0,0,0,0,0,0,0,0,0,0.000,0.000,0.000,0.000,0.000,0.000,0.000,0.000,0,0,0,0,0,0,0,0,0,0.000,0.000,0.000,0.000,0.000,0.000,0.000,0.000,0,0,0,0,0,0,0,0,0,0.000,0.000,0.000,0.000,0.000,0.000,0.000,0.000,0,0,0,0,0,0,0,0,0,0,0,0,0,0,0,0,0,0,2101,2077,2077,10,0
2161,72.0,2462,96,11,836,1626,0,0,149,315.19,0.992,1.123,0.119,0.030,0.305,-0.873,1.678,0.3583,3.1456,0.693,0.017,0.016,0.169,-0.107,70,70,10,0,6,0,86192.67,8894.435,24622.300,19.569,3982.904,11.845,15707.127,7719.849,205.963,11546.954,9237.563,285.655,263.276,616.691,0.000199,-0.031107,713,0,1,9,9,1,15332,152,8,19.343,0,0,0,0,0,0,0,0,0,0,0,0,0,0,46589,1126,561,32445.971,24548.145,3886.589,0.008,19.343,13260.191,7254.872,291.134,217,75,69,1,5,20222,0,0,0,0.000,0.000,0.000,0.000,0.000,0.000,0.000,0.000,0,0,0,0,0,0,5,0,0,0.000,0.000,0.000,0.000,0.000,0.352,0.028,0.000,0,1,1,0,0,397,0,0,0,0.000,0.000,0.000,0.000,0.000,0.000,0.000,0.000,0,0,0,0,0,0,0,0,0,0.000,0.000,0.000,0.000,0.000,0.000,0.000,0.000,0,0,0,0,0,0,0,0,0,0.000,0.000,0.000,0.000,0.000,0.000,0.000,0.000,0,0,0,0,0,0,0,0,0,0,0,0,0,0,0,0,0,0,2101,2077,2077,10,0
2191,73.0,2654,107,11,889,1765,0,0,155,301.93,0.999,1.132,0.120,0.030,0.303,-0.875,1.681,0.3643,3.1529,0.658,0.012,0.017,0.170,-0.109,81,82,12,0,9,0,93724.51,9879.694,27080.161,12.520,4514.518,14.574,17113.646,8384.093,211.766,12360.330,9888.264,413.922,159.383,685.662,0.000165,-0.031145,738,0,7,5,11,6,16774,94,5,10.530,0,0,0,0,0,0,0,0,0,0,0,0,0,0,50676,1238,644,35828.090,27013.511,4453.158,0.092,10.530,14520.628,7881.049,319.206,234,95,82,7,6,26002,0,0,0,0.000,0.000,0.000,0.000,0.000,0.000,0.000,0.000,0,0,0,0,0,0,0,0,0,0.000,0.000,0.000,0.000,0.000,0.000,0.000,0.000,0,0,0,0,0,0,0,0,0,0.000,0.000,0.000,0.000,0.000,0.000,0.000,0.000,0,0,0,0,0,0,0,0,0,0.000,0.000,0.000,0.000,0.000,0.000,0.000,0.000,0,0,0,0,0,0,0,0,0,0.000,0.000,0.000,0.000,0.000,0.000,0.000,0.000,0,0,0,0,0,0,0,0,0,0,0,0,0,0,0,0,0,0,2101,2077,2077,10,0
2221,74.0,2867,106,11,934,1933,0,0,172,277.55,1.008,1.144,0.119,0.031,0.298,-0.874,1.685,0.3637,3.1654,0.648,0.015,0.016,0.171,-0.110,106,74,20,0,9,0,100584.47,10613.417,28863.628,32.442,5021.874,10.659,18746.462,9359.177,238.377,13297.383,10637.906,678.532,175.016,792.486,0.000194,-0.030277,828,0,6,14,20,6,18153,119,14,32.290,0,0,0,0,0,0,0,0,0,0,0,0,0,0,55562,1322,709,38489.782,28799.094,4905.187,0.152,32.290,16019.054,8799.651,362.942,257,89,74,6,9,18449,0,0,0,0.000,0.000,0.000,0.000,0.000,0.000,0.000,0.000,0,0,0,0,0,0,0,0,0,0.000,0.000,0.000,0.000,0.000,0.000,0.000,0.000,0,0,0,0,0,0,0,0,0,0.000,0.000,0.000,0.000,0.000,0.000,0.000,0.000,0,0,0,0,0,0,0,0,0,0.000,0.000,0.000,0.000,0.000,0.000,0.000,0.000,0,0,0,0,0,0,0,0,0,0.000,0.000,0.000,0.000,0.000,0.000,0.000,0.000,0,0,0,0,0,0,0,0,0,0,0,0,0,0,0,0,0,0,2101,2077,2077,10,0
2251,75.0,3067,111,11,998,2069,0,0,196,270.11,1.011,1.145,0.119,0.031,0.298,-0.875,1.686,0.3648,3.1768,0.634,0.012,0.019,0.171,-0.110,89,100,32,0,13,0,108039.50,11675.989,32035.718,16.040,6404.774,12.230,20242.222,10096.395,262.642,14381.359,11505.087,1336.874,405.413,1052.901,0.000171,-0.029880,1066,0,24,8,30,24,18438,111,6,14.939,0,0,0,0,0,0,0,0,0,0,0,0,0,0,59867,1463,955,43614.423,31966.150,6335.807,0.454,14.939,17371.349,9476.398,413.650,269,133,100,24,9,34684,0,0,0,0.000,0.000,0.000,0.000,0.000,0.000,0.000,0.000,0,0,0,0,0,0,0,0,0,0.000,0.000,0.000,0.000,0.000,0.000,0.000,0.000,0,0,0,0,0,0,0,0,0,0.000,0.000,0.000,0.000,0.000,0.000,0.000,0.000,0,0,0,0,0,0,0,0,0,0.000,0.000,0.000,0.000,0.000,0.000,0.000,0.000,0,0,0,0,0,0,0,0,0,0.000,0.000,0.000,0.000,0.000,0.000,0.000,0.000,0,0,0,0,0,0,0,0,0,0,0,0,0,0,0,0,0,0,2251,3067,3065,2,0
2281,76.0,3286,89,11,1046,2240,0,0,226,237.12,1.018,1.153,0.117,0.031,0.294,-0.875,1.686,0.3641,3.1414,0.652,0.014,0.020,0.172,-0.110,85,94,45,0,17,0,116510.63,12933.233,34559.216,30.852,6798.589,9.458,21893.092,10953.975,299.017,15904.521,12723.617,1453.468,140.633,1131.080,0.000270,-0.029109,1143,0,31,14,44,30,19510,109,14,28.632,0,0,0,0,0,0,0,0,0,0,0,0,0,0,64774,1577,1034,46905.612,34509.065,6748.312,0.521,28.632,18872.390,10277.501,460.297,312,141,94,31,16,28224,0,0,0,0.000,0.000,0.000,0.000,0.000,0.000,0.000,0.000,0,0,0,0,0,0,0,0,0,0.000,0.000,0.000,0.000,0.000,0.000,0.000,0.000,0,0,0,0,0,0,0,0,0,0.000,0.000,0.000,0.000,0.000,0.000,0.000,0.000,0,0,0,0,0,0,0,0,0,0.000,0.000,0.000,0.000,0.000,0.000,0.000,0.000,0,0,0,0,0,0,0,0,0,0.000,0.000,0.000,0.000,0.000,0.000,0.000,0.000,0,0,0,0,0,0,0,0,0,0,0,0,0,0,0,0,0,0,2251,3067,3065,2,0
2311,77.0,3553,89,11,1103,2450,0,0,282,253.15,1.028,1.164,0.116,0.031,0.290,-0.876,1.695,0.3649,3.1592,0.640,0.013,0.020,0.173,-0.112,76,86,38,0,10,0,124555.55,14302.221,36039.824,21.085,8025.676,11.562,23667.271,11852.828,353.926,17043.378,13634.703,1349.236,403.805,1282.467,0.000225,-0.029239,1379,0,28,10,38,28,20171,132,10,20.676,0,0,0,0,0,0,0,0,0,0,0,0,0,0,70113,1635,1247,49683.577,35946.235,7898.468,0.409,20.676,20482.080,11116.907,505.209,333,123,86,28,9,26841,0,0,0,0.000,0.000,0.000,0.000,0.000,0.000,0.000,0.000,0,0,0,0,0,0,0,0,0,0.000,0.000,0.000,0.000,0.000,0.000,0.000,0.000,0,0,0,0,0,0,0,0,0,0.000,0.000,0.000,0.000,0.000,0.000,0.000,0.000,0,0,0,0,0,0,0,0,0,0.000,0.000,0.000,0.000,0.000,0.000,0.000,0.000,0,0,0,0,0,0,0,0,0,0.000,0.000,0.000,0.000,0.000,0.000,0.000,0.000,0,0,0,0,0,0,0,0,0,0,0,0,0,0,0,0,0,0,2251,3067,3065,2,0
2341,78.0,3835,88,11,1179,2656,0,0,370,256.33,1.032,1.169,0.116,0.031,0.289,-0.877,1.700,0.3611,3.1502,0.627,0.008,0.020,0.174,-0.112,66,97,20,0,20,0,134253.30,15781.899,39085.267,10.417,9064.150,12.006,25781.103,13045.883,455.281,17762.112,14209.689,705.535,267.335,1372.281,0.000213,-0.027717,1612,0,14,6,19,14,21088,120,5,9.801,0,0,0,0,0,0,0,0,0,0,0,0,0,0,76506,1784,1492,54474.739,38941.797,9006.267,0.151,9.801,22416.132,12235.937,564.597,335,129,97,14,18,26773,15,0,0,0.000,0.000,0.000,0.000,0.000,3.891,2.389,0.000,0,0,0,0,0,0,0,0,0,0.000,0.000,0.000,0.000,0.000,0.000,0.000,0.000,0,0,0,0,0,0,0,0,0,0.000,0.000,0.000,0.000,0.000,0.000,0.000,0.000,0,0,0,0,0,0,0,0,0,0.000,0.000,0.000,0.000,0.000,0.000,0.000,0.000,0,0,0,0,0,0,0,0,0,0.000,0.000,0.000,0.000,0.000,0.000,0.000,0.000,0,0,0,0,0,0,0,0,0,0,0,0,0,0,0,0,0,0,2251,3067,3065,2,0
2371,79.0,4075,100,11,1236,2839,0,0,491,252.49,1.038,1.174,0.115,0.031,0.287,-0.878,1.701,0.3577,3.1561,0.626,0.011,0.019,0.174,-0.113,76,136,51,0,27,0,141768.69,16962.355,40640.115,46.146,10291.085,9.925,27834.119,14137.200,603.721,19434.740,15547.792,1649.826,497.553,1523.859,0.000247,-0.026469,1746,0,30,21,50,29,22259,69,21,43.148,0,0,0,0,0,0,0,0,0,0,0,0,0,0,82532,1849,1677,57533.575,40494.629,10202.202,0.410,43.148,24269.550,13256.178,614.217,375,192,136,30,26,41385,32,0,0,0.000,0.000,0.000,0.000,0.000,8.438,4.690,0.000,0,0,0,0,0,0,0,0,0,0.000,0.000,0.000,0.000,0.000,0.000,0.000,0.000,0,0,0,0,0,0,0,0,0,0.000,0.000,0.000,0.000,0.000,0.000,0.000,0.000,0,0,0,0,0,0,0,0,0,0.000,0.000,0.000,0.000,0.000,0.000,0.000,0.000,0,0,0,0,0,0,0,0,0,0.000,0.000,0.000,0.000,0.000,0.000,0.000,0.000,0,0,0,0,0,0,0,0,0,0,0,0,0,0,0,0,0,0,2251,3067,3065,2,0
2401,80.0,4255,95,11,1263,2992,0,0,638,238.51,1.047,1.182,0.115,0.032,0.282,-0.879,1.703,0.3646,3.1382,0.628,0.009,0.018,0.175,-0.113,68,128,88,0,42,0,149273.33,18355.055,43683.260,55.008,11307.931,11.496,29438.062,15010.566,803.595,18924.301,15139.441,3184.775,533.493,1833.327,0.000210,-0.027335,1962,0,59,29,86,59,22584,95,27,53.025,0,0,0,0,0,0,0,0,0,0,0,0,0,0,87212,1984,1867,62047.065,43507.677,11217.623,1.097,53.025,25745.691,14043.050,688.834,377,224,127,59,38,44287,90,2,0,50.000,33.790,0.000,0.000,0.000,27.482,13.124,0.000,0,0,0,0,0,0,0,0,0,0.000,0.000,0.000,0.000,0.000,0.000,0.000,0.000,0,0,0,0,0,0,0,0,0,0.000,0.000,0.000,0.000,0.000,0.000,0.000,0.000,0,0,0,0,0,0,0,0,0,0.000,0.000,0.000,0.000,0.000,0.000,0.000,0.000,0,0,0,0,0,0,0,0,0,0.000,0.000,0.000,0.000,0.000,0.000,0.000,0.000,0,0,0,0,0,0,0,0,0,0,0,0,0,0,0,0,0,0,2401,4255,4145,84,0
2431,81.0,4448,91,11,1286,3162,0,0,825,257.84,1.055,1.192,0.115,0.032,0.277,-0.879,1.697,0.3660,3.1618,0.638,0.009,0.019,0.176,-0.113,86,118,117,0,56,0,155511.81,19432.939,45871.784,97.077,11681.849,11.670,31227.552,16027.175,1059.349,20918.853,16735.083,4335.081,354.917,1975.484,0.000252,-0.026881,2069,0,70,47,117,70,23585,138,47,95.621,0,0,0,0,0,0,0,0,0,0,0,0,0,0,92469,2084,1929,64876.817,45733.242,11489.321,1.457,95.621,27455.740,14999.738,742.615,410,240,118,70,52,52567,90,2,2,65.518,34.223,10.743,0.000,0.000,27.487,13.644,0.000,0,0,0,0,0,0,0,0,0,0.000,0.000,0.000,0.000,0.000,0.000,0.000,0.000,0,0,0,0,0,0,0,0,0,0.000,0.000,0.000,0.000,0.000,0.000,0.000,0.000,0,0,0,0,0,0,0,0,0,0.000,0.000,0.000,0.000,0.000,0.000,0.000,0.000,0,0,0,0,0,0,0,0,0,0.000,0.000,0.000,0.000,0.000,0.000,0.000,0.000,0,0,0,0,0,0,0,0,0,0,0,0,0,0,0,0,0,0,2401,4255,4145,84,0
2461,82.0,4617,95,11,1312,3305,0,0,1057,313.10,1.062,1.200,0.115,0.031,0.274,-0.880,1.703,0.3664,3.1538,0.621,0.011,0.018,0.177,-0.113,67,116,134,0,78,0,160539.16,19968.474,47107.124,104.222,11931.658,10.944,32835.878,16802.128,1381.998,21359.946,17087.957,4369.963,462.716,2027.797,0.000316,-0.028514,2325,0,81,53,134,81,24390,284,53,102.479,0,0,0,0,0,0,0,0,0,0,0,0,0,0,97263,2136,2039,66331.315,46940.838,11677.558,1.743,102.479,28991.749,15732.426,783.001,414,270,115,81,74,61179,76,2,2,65.327,34.223,10.611,0.000,0.000,23.849,13.082,0.000,0,1,1,0,0,121,0,0,0,0.000,0.000,0.000,0.000,0.000,0.000,0.000,0.000,0,0,0,0,0,0,0,0,0,0.000,0.000,0.000,0.000,0.000,0.000,0.000,0.000,0,0,0,0,0,0,0,0,0,0.000,0.000,0.000,0.000,0.000,0.000,0.000,0.000,0,0,0,0,0,0,0,0,0,0.000,0.000,0.000,0.000,0.000,0.000,0.000,0.000,0,0,0,0,0,0,0,0,0,0,0,0,0,0,0,0,0,0,2401,4255,4145,84,0
2491,83.0,4745,93,11,1332,3413,0,0,1344,306.86,1.068,1.205,0.116,0.031,0.272,-0.880,1.701,0.3673,3.1504,0.626,0.005,0.019,0.177,-0.114,81,109,160,0,95,0,165127.62,20634.127,49875.823,109.925,12791.360,11.541,33921.103,17385.163,1778.785,21340.765,17072.612,5975.670,520.532,2181.996,0.000332,-0.028636,2387,0,107,53,160,107,24728,207,53,107.323,0,0,0,0,0,0,0,0,0,0,0,0,0,0,100286,2259,2180,70339.480,49704.877,12583.999,2.602,107.323,30015.247,16263.904,833.689,413,305,109,107,89,75654,68,1,0,25.000,17.308,0.000,0.000,0.000,22.362,13.082,0.000,0,0,0,0,0,0,0,0,0,0.000,0.000,0.000,0.000,0.000,0.000,0.000,0.000,0,0,0,0,0,0,0,0,0,0.000,0.000,0.000,0.000,0.000,0.000,0.000,0.000,0,0,0,0,0,0,0,0,0,0.000,0.000,0.000,0.000,0.000,0.000,0.000,0.000,0,0,0,0,0,0,0,0,0,0.000,0.000,0.000,0.000,0.000,0.000,0.000,0.000,0,0,0,0,0,0,0,0,0,0,0,0,0,0,0,0,0,0,2401,4255,4145,84,0
2521,84.0,4872,71,11,1344,3528,0,0,1641,266.54,1.074,1.210,0.117,0.032,0.269,-0.882,1.703,0.3659,3.1335,0.630,0.007,0.019,0.178,-0.113,75,97,157,0,127,0,169967.80,21517.821,51732.129,107.033,13064.986,12.419,35238.134,17990.122,2203.035,22205.652,17764.522,5750.669,706.164,2187.568,0.000205,-0.029285,2421,0,105,52,157,105,24979,145,52,104.878,0,0,0,0,0,0,0,0,0,0,0,0,0,0,103871,2353,2276,73032.539,51632.107,12918.717,2.155,104.878,31276.566,16859.499,840.276,436,320,97,105,118,73939,88,0,0,0.000,0.000,0.000,0.000,0.000,29.001,13.407,0.000,0,1,0,0,1,149,0,0,0,0.000,0.000,0.000,0.000,0.000,0.000,0.000,0.000,0,0,0,0,0,0,0,0,0,0.000,0.000,0.000,0.000,0.000,0.000,0.000,0.000,0,0,0,0,0,0,0,0,0,0.000,0.000,0.000,0.000,0.000,0.000,0.000,0.000,0,0,0,0,0,0,0,0,0,0.000,0.000,0.000,0.000,0.000,0.000,0.000,0.000,0,0,0,0,0,0,0,0,0,0,0,0,0,0,0,0,0,0,2401,4255,4145,84,0
2551,85.0,4986,68,11,1357,3629,0,0,1922,262.33,1.080,1.216,0.118,0.033,0.267,-0.883,1.704,0.3695,3.1261,0.630,0.004,0.017,0.178,-0.114,73,85,172,0,135,0,172795.70,22360.613,51019.510,111.356,14068.513,13.204,36534.529,18588.705,2656.410,21964.383,17571.507,5717.746,488.878,2284.418,0.000305,-0.030334,2644,0,119,53,172,119,25620,136,53,110.062,0,0,0,0,0,0,0,0,0,0,0,0,0,0,107548,2312,2508,73182.767,50855.573,13943.773,1.294,110.062,32549.205,17365.846,934.359,431,330,85,119,126,82705,60,2,0,50.000,34.123,0.000,0.000,0.000,19.718,9.184,0.000,0,0,0,0,0,0,0,0,0,0.000,0.000,0.000,0.000,0.000,0.000,0.000,0.000,0,0,0,0,0,0,0,0,0,0.000,0.000,0.000,0.000,0.000,0.000,0.000,0.000,0,0,0,0,0,0,0,0,0,0.000,0.000,0.000,0.000,0.000,0.000,0.000,0.000,0,0,0,0,0,0,0,0,0,0.000,0.000,0.000,0.000,0.000,0.000,0.000,0.000,0,0,0,0,0,0,0,0,0,0,0,0,0,0,0,0,0,0,2551,4986,4902,1,0
2581,86.0,4978,86,11,1357,3621,0,0,2156,290.33,1.081,1.215,0.120,0.033,0.268,-0.884,1.710,0.3736,3.1328,0.620,0.008,0.018,0.179,-0.114,62,98,224,0,173,0,174522.05,22643.928,53200.710,114.005,14053.916,12.390,36933.155,18766.285,3072.236,21225.449,16980.359,8157.557,544.917,2513.068,0.000250,-0.030158,2549,0,161,63,224,161,25911,89,63,111.267,0,0,0,0,0,0,0,0,0,0,0,0,0,0,108430,2408,2458,75542.604,53073.045,13944.636,2.738,111.267,32938.495,17507.246,969.903,411,419,98,161,160,101379,60,1,2,46.165,17.062,14.520,0.000,0.000,19.719,8.937,0.000,0,0,0,0,0,0,0,0,0,0.000,0.000,0.000,0.000,0.000,0.000,0.000,0.000,0,0,0,0,0,0,0,0,0,0.000,0.000,0.000,0.000,0.000,0.000,0.000,0.000,0,0,0,0,0,0,0,0,0,0.000,0.000,0.000,0.000,0.000,0.000,0.000,0.000,0,0,0,0,0,0,0,0,0,0.000,0.000,0.000,0.000,0.000,0.000,0.000,0.000,0,0,0,0,0,0,0,0,0,0,0,0,0,0,0,0,0,0,2551,4986,4902,1,0
2611,87.0,4989,79,11,1341,3648,0,0,2297,309.55,1.088,1.219,0.119,0.035,0.265,-0.884,1.710,0.3734,3.1395,0.632,0.011,0.019,0.179,-0.114,61,67,256,0,198,0,176295.94,22760.832,55041.073,173.909,13678.259,13.093,37352.722,18952.340,3355.714,23335.971,18668.777,8962.458,427.712,2483.770,0.000245,-0.031159,2528,0,172,84,256,172,25890,85,84,171.237,0,0,0,0,0,0,0,0,0,0,0,0,0,0,109395,2479,2443,77012.702,54877.710,13583.291,2.672,171.237,33373.040,17641.821,1022.317,453,426,67,172,187,107284,60,2,0,50.000,34.123,0.000,0.000,0.000,19.731,8.896,0.000,0,0,0,0,0,0,0,0,0,0.000,0.000,0.000,0.000,0.000,0.000,0.000,0.000,0,0,0,0,0,0,0,0,0,0.000,0.000,0.000,0.000,0.000,0.000,0.000,0.000,0,0,0,0,0,0,0,0,0,0.000,0.000,0.000,0.000,0.000,0.000,0.000,0.000,0,0,0,0,0,0,0,0,0,0.000,0.000,0.000,0.000,0.000,0.000,0.000,0.000,0,0,0,0,0,0,0,0,0,0,0,0,0,0,0,0,0,0,2551,4986,4902,1,0
2641,88.0,5050,60,11,1313,3737,0,0,2480,323.76,1.101,1.231,0.119,0.036,0.259,-0.885,1.709,0.3736,3.1174,0.631,0.010,0.018,0.180,-0.114,57,65,202,0,185,0,177976.72,22673.181,54801.176,132.959,14225.590,11.579,38027.050,19434.744,3645.213,22847.951,18278.361,7476.699,449.487,2323.768,0.000249,-0.029764,2577,0,132,70,202,132,25751,130,70,130.743,0,0,0,0,0,0,0,0,0,0,0,0,0,0,111106,2475,2440,77216.131,54597.903,14027.237,2.216,130.743,34094.739,18119.734,1024.541,451,363,65,132,166,96285,80,2,7,102.270,34.616,35.546,0.000,0.000,26.689,15.726,0.000,1,0,0,0,0,0,0,0,0,0.000,0.000,0.000,0.000,0.000,0.000,0.000,0.000,0,0,0,0,0,0,0,0,0,0.000,0.000,0.000,0.000,0.000,0.000,0.000,0.000,0,0,0,0,0,0,0,0,0,0.000,0.000,0.000,0.000,0.000,0.000,0.000,0.000,0,0,0,0,0,0,0,0,0,0.000,0.000,0.000,0.000,0.000,0.000,0.000,0.000,0,0,0,0,0,0,0,0,0,0,0,0,0,0,0,0,0,0,2551,4986,4902,1,0
2671,89.0,5047,72,11,1299,3748,0,0,2601,346.90,1.105,1.234,0.119,0.037,0.258,-0.886,1.711,0.3733,3.1151,0.644,0.005,0.017,0.180,-0.114,69,62,251,0,216,0,177330.48,22646.871,55198.154,152.111,13510.524,11.040,38592.173,19850.594,3896.953,23082.705,18466.164,8719.947,593.312,2373.848,0.000260,-0.029173,2537,0,171,80,251,171,25813,90,80,149.121,0,0,0,0,0,0,0,0,0,0,0,0,0,0,112594,2484,2445,76851.462,55072.024,13397.846,2.991,149.121,34718.786,18481.982,1085.334,447,436,62,171,203,110863,90,2,2,61.971,34.016,8.258,0.000,0.000,30.172,15.141,0.000,0,0,0,0,0,0,0,0,0,0.000,0.000,0.000,0.000,0.000,0.000,0.000,0.000,0,0,0,0,0,0,0,0,0,0.000,0.000,0.000,0.000,0.000,0.000,0.000,0.000,0,0,0,0,0,0,0,0,0,0.000,0.000,0.000,0.000,0.000,0.000,0.000,0.000,0,0,0,0,0,0,0,0,0,0.000,0.000,0.000,0.000,0.000,0.000,0.000,0.000,0,0,0,0,0,0,0,0,0,0,0,0,0,0,0,0,0,0,2551,4986,4902,1,0
2701,90.0,5065,60,13,1289,3776,0,0,2770,307.39,1.113,1.237,0.119,0.036,0.257,-0.887,1.716,0.3719,3.1167,0.641,0.006,0.019,0.181,-0.115,67,66,185,0,239,0,179858.56,22887.221,56608.201,121.332,14425.035,12.494,38721.162,19696.749,4122.855,22532.433,18025.947,7322.137,396.541,2322.746,0.000235,-0.030367,2582,0,124,61,185,124,25328,57,61,118.654,0,0,0,0,0,0,0,0,0,0,0,0,0,0,112445,2551,2524,79522.975,56497.018,14357.101,2.678,118.654,34885.271,18407.732,1007.728,441,413,65,124,224,113009,90,1,1,29.103,17.062,2.840,0.000,0.000,30.169,18.194,0.000,0,0,0,0,0,0,0,0,0,0.000,0.000,0.000,0.000,0.000,0.000,0.000,0.000,0,0,0,0,0,0,0,0,0,0.000,0.000,0.000,0.000,0.000,0.000,0.000,0.000,0,0,0,0,0,0,0,0,0,0.000,0.000,0.000,0.000,0.000,0.000,0.000,0.000,0,0,0,0,0,0,0,0,0,0.000,0.000,0.000,0.000,0.000,0.000,0.000,0.000,0,0,0,0,0,0,0,0,0,0,0,0,0,0,0,0,0,0,2701,5065,4850,86,2
2731,91.0,5084,69,13,1288,3796,0,0,2876,276.35,1.118,1.240,0.119,0.037,0.256,-0.888,1.717,0.3760,3.1121,0.647,0.009,0.018,0.181,-0.116,74,62,203,0,224,0,178881.75,22363.352,55274.540,135.621,13945.484,13.017,39303.379,20000.104,4382.103,22405.645,17924.517,7572.073,625.636,2385.903,0.000327,-0.026653,2697,0,130,73,203,130,25135,144,73,132.345,0,0,0,0,0,0,0,0,0,0,0,0,0,0,113605,2491,2552,77314.316,55178.435,13823.000,3.276,132.345,35478.434,18679.206,1040.146,433,413,62,130,221,100194,90,0,1,4.063,0.000,2.716,0.000,0.000,30.170,17.737,0.000,0,0,0,0,0,0,0,0,0,0.000,0.000,0.000,0.000,0.000,0.000,0.000,0.000,0,0,0,0,0,0,0,0,0,0.000,0.000,0.000,0.000,0.000,0.000,0.000,0.000,0,0,0,0,0,0,0,0,0,0.000,0.000,0.000,0.000,0.000,0.000,0.000,0.000,0,0,0,0,0,0,0,0,0,0.000,0.000,0.000,0.000,0.000,0.000,0.000,0.000,0,0,0,0,0,0,0,0,0,0,0,0,0,0,0,0,0,0,2701,5065,4850,86,2
2761,92.0,5055,72,13,1266,3789,0,0,2928,288.21,1.125,1.243,0.120,0.038,0.255,-0.888,1.717,0.3739,3.0698,0.660,0.009,0.013,0.181,-0.116,62,32,230,0,283,0,176153.69,22878.564,54331.845,126.133,13412.669,11.917,39386.889,19738.661,4524.646,23189.799,18551.840,8902.512,491.618,2382.322,0.000213,-0.025996,2485,0,164,66,230,164,25154,108,66,122.813,0,0,0,0,0,0,0,0,0,0,0,0,0,0,113277,2447,2377,75703.733,54194.724,13269.273,3.320,122.813,35592.883,18433.493,1035.109,456,460,32,163,265,110661,40,3,0,75.000,51.925,0.000,0.000,0.000,13.180,9.717,0.000,0,3,0,1,2,759,0,0,0,0.000,0.000,0.000,0.000,0.000,0.000,0.000,0.000,0,0,0,0,0,0,0,0,0,0.000,0.000,0.000,0.000,0.000,0.000,0.000,0.000,0,0,0,0,0,0,0,0,0,0.000,0.000,0.000,0.000,0.000,0.000,0.000,0.000,0,0,0,0,0,0,0,0,0,0.000,0.000,0.000,0.000,0.000,0.000,0.000,0.000,0,0,0,0,0,0,0,0,0,0,0,0,0,0,0,0,0,0,2701,5065,4850,86,2
2791,93.0,5008,81,13,1231,3777,0,0,2874,347.91,1.133,1.249,0.118,0.037,0.252,-0.889,1.721,0.3755,3.0816,0.646,0.010,0.014,0.182,-0.116,65,59,222,0,267,0,173671.55,21853.501,54613.498,176.826,14093.439,12.678,39415.515,19787.757,4553.292,22146.418,17717.135,7974.747,728.732,2236.631,0.000281,-0.025623,2563,0,119,103,222,119,25053,72,102,171.553,0,0,0,0,0,0,0,0,0,0,0,0,0,0,113085,2460,2491,76820.336,54507.333,14004.353,3.091,171.553,35725.386,18474.883,1056.335,423,435,59,119,257,111267,0,0,0,0.000,0.000,0.000,0.000,0.000,0.000,0.000,0.000,0,0,0,0,0,0,0,0,0,0.000,0.000,0.000,0.000,0.000,0.000,0.000,0.000,0,0,0,0,0,0,0,0,0,0.000,0.000,0.000,0.000,0.000,0.000,0.000,0.000,0,0,0,0,0,0,0,0,0,0.000,0.000,0.000,0.000,0.000,0.000,0.000,0.000,0,0,0,0,0,0,0,0,0,0.000,0.000,0.000,0.000,0.000,0.000,0.000,0.000,0,0,0,0,0,0,0,0,0,0,0,0,0,0,0,0,0,0,2701,5065,4850,86,2
2821,94.0,4923,75,13,1220,3703,0,0,2868,285.26,1.133,1.247,0.117,0.040,0.253,-0.889,1.725,0.3824,3.0756,0.639,0.006,0.013,0.182,-0.115,62,43,213,0,295,0,169866.78,20756.357,52975.076,132.160,13065.645,9.895,39213.911,19588.501,4573.520,20645.414,16516.332,7555.608,465.620,2142.121,0.000279,-0.023184,2472,0,142,71,213,142,24921,61,71,129.629,0,0,0,0,0,0,0,0,0,0,0,0,0,0,112227,2396,2411,74048.177,52915.083,12997.009,2.530,129.629,35579.676,18296.988,1034.505,396,470,43,142,285,118967,0,0,0,0.000,0.000,0.000,0.000,0.000,0.000,0.000,0.000,0,0,0,0,0,0,0,0,0,0.000,0.000,0.000,0.000,0.000,0.000,0.000,0.000,0,0,0,0,0,0,0,0,0,0.000,0.000,0.000,0.000,0.000,0.000,0.000,0.000,0,0,0,0,0,0,0,0,0,0.000,0.000,0.000,0.000,0.000,0.000,0.000,0.000,0,0,0,0,0,0,0,0,0,0.000,0.000,0.000,0.000,0.000,0.000,0.000,0.000,0,0,0,0,0,0,0,0,0,0,0,0,0,0,0,0,0,0,2701,5065,4850,86,2
2851,95.0,4857,67,12,1210,3647,0,0,2877,328.98,1.136,1.244,0.119,0.040,0.254,-0.891,1.727,0.3780,3.0705,0.652,0.006,0.015,0.182,-0.116,93,69,175,0,260,0,168614.73,20520.893,53157.216,115.428,12569.480,12.492,38705.572,19201.880,4621.716,19647.831,15718.265,6245.797,334.303,2006.746,0.000185,-0.023248,2440,0,114,61,175,114,23635,123,61,113.539,0,0,0,0,0,0,0,0,0,0,0,0,0,0,110179,2385,2317,73381.721,53075.415,12447.132,1.889,113.539,35105.737,18011.176,933.671,378,434,69,114,251,110614,0,0,0,0.000,0.000,0.000,0.000,0.000,0.000,0.000,0.000,0,0,0,0,0,0,0,0,0,0.000,0.000,0.000,0.000,0.000,0.000,0.000,0.000,0,0,0,0,0,0,0,0,0,0.000,0.000,0.000,0.000,0.000,0.000,0.000,0.000,0,0,0,0,0,0,0,0,0,0.000,0.000,0.000,0.000,0.000,0.000,0.000,0.000,0,0,0,0,0,0,0,0,0,0.000,0.000,0.000,0.000,0.000,0.000,0.000,0.000,0,0,0,0,0,0,0,0,0,0,0,0,0,0,0,0,0,0,2851,4857,4843,59,0
2881,96.0,4818,63,12,1193,3625,0,0,2886,292.40,1.141,1.247,0.120,0.040,0.254,-0.891,1.721,0.3761,3.0629,0.642,0.003,0.015,0.183,-0.117,67,45,163,0,285,0,167636.81,20402.176,53629.206,93.022,12389.689,12.738,38622.065,19225.435,4697.506,20527.190,16421.752,6082.916,432.703,1936.273,0.000386,-0.020568,2372,0,105,58,163,105,23204,94,58,91.266,0,0,0,0,0,0,0,0,0,0,0,0,0,0,109430,2404,2278,73561.870,53505.207,12289.289,1.757,91.266,35071.381,18044.512,929.159,404,426,45,105,276,117324,0,0,0,0.000,0.000,0.000,0.000,0.000,0.000,0.000,0.000,0,0,0,0,0,0,0,0,0,0.000,0.000,0.000,0.000,0.000,0.000,0.000,0.000,0,0,0,0,0,0,0,0,0,0.000,0.000,0.000,0.000,0.000,0.000,0.000,0.000,0,0,0,0,0,0,0,0,0,0.000,0.000,0.000,0.000,0.000,0.000,0.000,0.000,0,0,0,0,0,0,0,0,0,0.000,0.000,0.000,0.000,0.000,0.000,0.000,0.000,0,0,0,0,0,0,0,0,0,0,0,0,0,0,0,0,0,0,2851,4857,4843,59,0
2911,97.0,4754,61,12,1185,3569,0,0,2799,319.17,1.143,1.243,0.120,0.042,0.255,-0.891,1.722,0.3782,3.0687,0.640,0.007,0.014,0.183,-0.117,81,50,173,0,294,0,164579.42,19655.891,52260.917,122.305,12469.497,13.202,38287.756,18948.399,4622.332,20308.671,16246.937,6898.471,330.380,1947.434,0.000216,-0.019167,2375,0,111,62,173,111,22459,63,62,120.508,0,0,0,0,0,0,0,0,0,0,0,0,0,0,107987,2341,2312,72246.709,52147.324,12400.531,1.797,120.508,34773.207,17791.382,906.997,389,445,50,111,284,115998,0,0,0,0.000,0.000,0.000,0.000,0.000,0.000,0.000,0.000,0,0,0,0,0,0,0,0,0,0.000,0.000,0.000,0.000,0.000,0.000,0.000,0.000,0,0,0,0,0,0,0,0,0,0.000,0.000,0.000,0.000,0.000,0.000,0.000,0.000,0,0,0,0,0,0,0,0,0,0.000,0.000,0.000,0.000,0.000,0.000,0.000,0.000,0,0,0,0,0,0,0,0,0,0.000,0.000,0.000,0.000,0.000,0.000,0.000,0.000,0,0,0,0,0,0,0,0,0,0,0,0,0,0,0,0,0,0,2851,4857,4843,59,0
2941,98.0,4667,59,12,1162,3505,0,0,2799,318.39,1.146,1.242,0.120,0.041,0.255,-0.892,1.722,0.3781,3.0471,0.644,0.006,0.013,0.183,-0.117,78,45,163,0,267,0,160676.45,18988.200,49902.329,94.657,11578.413,14.333,37749.116,18485.069,4582.162,17734.436,14187.549,6476.074,216.793,1832.049,0.000304,-0.018217,2318,0,108,55,163,108,22161,61,54,91.561,0,0,0,0,0,0,0,0,0,0,0,0,0,0,105951,2235,2257,68566.614,49804.697,11510.494,1.557,91.561,34267.122,17391.542,842.433,346,410,45,108,257,108791,0,0,0,0.000,0.000,0.000,0.000,0.000,0.000,0.000,0.000,0,0,0,0,0,0,0,0,0,0.000,0.000,0.000,0.000,0.000,0.000,0.000,0.000,0,0,0,0,0,0,0,0,0,0.000,0.000,0.000,0.000,0.000,0.000,0.000,0.000,0,0,0,0,0,0,0,0,0,0.000,0.000,0.000,0.000,0.000,0.000,0.000,0.000,0,0,0,0,0,0,0,0,0,0.000,0.000,0.000,0.000,0.000,0.000,0.000,0.000,0,0,0,0,0,0,0,0,0,0,0,0,0,0,0,0,0,0,2851,4857,4843,59,0
2971,99.0,4565,61,12,1136,3429,0,0,2720,321.23,1.150,1.244,0.119,0.041,0.255,-0.892,1.728,0.3877,3.0228,0.649,0.005,0.013,0.183,-0.117,77,62,184,0,248,0,156071.75,18541.837,48948.462,115.067,11059.260,13.663,37229.536,18086.765,4553.834,17790.286,14232.229,6800.290,170.721,1810.878,0.000248,-0.017730,2158,0,122,62,184,122,21821,52,60,111.510,0,0,0,0,0,0,0,0,0,0,0,0,0,0,104070,2191,2106,66938.882,48820.878,11013.935,1.425,111.510,33809.480,17010.749,830.545,342,418,62,122,234,108843,0,0,0,0.000,0.000,0.000,0.000,0.000,0.000,0.000,0.000,0,0,0,0,0,0,0,0,0,0.000,0.000,0.000,0.000,0.000,0.000,0.000,0.000,0,0,0,0,0,0,0,0,0,0.000,0.000,0.000,0.000,0.000,0.000,0.000,0.000,0,0,0,0,0,0,0,0,0,0.000,0.000,0.000,0.000,0.000,0.000,0.000,0.000,0,0,0,0,0,0,0,0,0,0.000,0.000,0.000,0.000,0.000,0.000,0.000,0.000,0,0,0,0,0,0,0,0,0,0,0,0,0,0,0,0,0,0,2851,4857,4843,59,0
3001,100.0,4418,60,21,1108,3310,0,0,2629,277.27,1.151,1.241,0.121,0.040,0.257,-0.892,1.727,0.3903,3.0435,0.659,0.006,0.012,0.183,-0.118,67,66,175,0,272,0,149145.73,17217.500,45896.188,105.956,10478.628,14.485,36395.434,17763.157,4372.636,16672.158,13337.727,6343.924,243.169,1692.907,0.000326,-0.016014,2049,0,115,60,175,115,21570,66,60,104.019,0,0,0,0,0,0,0,0,0,0,0,0,0,0,101232,2054,1983,62764.452,45812.248,10421.157,1.937,104.019,33087.737,16724.792,798.676,321,441,66,115,260,113817,0,0,0,0.000,0.000,0.000,0.000,0.000,0.000,0.000,0.000,0,0,0,0,0,0,0,0,0,0.000,0.000,0.000,0.000,0.000,0.000,0.000,0.000,0,0,0,0,0,0,0,0,0,0.000,0.000,0.000,0.000,0.000,0.000,0.000,0.000,0,0,0,0,0,0,0,0,0,0.000,0.000,0.000,0.000,0.000,0.000,0.000,0.000,0,0,0,0,0,0,0,0,0,0.000,0.000,0.000,0.000,0.000,0.000,0.000,0.000,0,0,0,0,0,0,1,0,0,0,0,0,0,0,0,0,0,0,3001,4418,4089,133,9
3031,101.0,4231,62,21,1075,3156,0,0,2488,295.08,1.150,1.237,0.122,0.039,0.259,-0.893,1.730,0.3906,3.0195,0.669,0.007,0.012,0.182,-0.119,64,53,144,0,302,0,142221.41,16768.769,43054.127,79.059,9717.075,14.111,35202.294,16945.738,4197.333,14346.631,11477.305,5812.001,227.255,1572.331,0.000264,-0.016849,1863,0,96,48,144,96,20686,53,48,77.787,0,0,0,0,0,0,0,0,0,0,0,0,0,0,97288,1926,1810,58815.913,42958.056,9677.967,1.272,77.787,31966.050,15968.454,743.150,279,433,53,96,284,110277,0,0,0,0.000,0.000,0.000,0.000,0.000,0.000,0.000,0.000,0,0,0,0,0,0,0,0,0,0.000,0.000,0.000,0.000,0.000,0.000,0.000,0.000,0,0,0,0,0,0,0,0,0,0.000,0.000,0.000,0.000,0.000,0.000,0.000,0.000,0,0,0,0,0,0,0,0,0,0.000,0.000,0.000,0.000,0.000,0.000,0.000,0.000,0,0,0,0,0,0,0,0,0,0.000,0.000,0.000,0.000,0.000,0.000,0.000,0.000,0,0,0,0,0,0,0,0,0,0,0,0,0,0,0,0,0,0,3001,4418,4089,133,9
3061,102.0,4059,53,21,1046,3013,0,0,2325,342.38,1.148,1.234,0.123,0.039,0.262,-0.894,1.729,0.3853,3.0406,0.652,0.008,0.014,0.182,-0.119,80,71,143,0,272,0,136653.47,15823.914,41739.165,98.105,9464.518,14.686,33646.593,16140.587,3940.611,14207.952,11366.362,5016.066,165.055,1478.616,0.000308,-0.015169,1879,0,88,55,143,88,20040,135,55,96.906,0,0,0,0,0,0,0,0,0,0,0,0,0,0,92542,1862,1744,56801.035,41662.131,9343.308,1.199,96.906,30484.599,15173.064,739.430,275,418,71,88,259,119988,0,0,0,0.000,0.000,0.000,0.000,0.000,0.000,0.000,0.000,0,0,0,0,0,0,0,0,0,0.000,0.000,0.000,0.000,0.000,0.000,0.000,0.000,0,0,0,0,0,0,0,0,0,0.000,0.000,0.000,0.000,0.000,0.000,0.000,0.000,0,0,0,0,0,0,0,0,0,0.000,0.000,0.000,0.000,0.000,0.000,0.000,0.000,0,0,0,0,0,0,0,0,0,0.000,0.000,0.000,0.000,0.000,0.000,0.000,0.000,0,0,0,0,0,0,0,0,0,0,0,0,0,0,0,0,0,0,3001,4418,4089,133,9
3091,103.0,3886,59,21,1034,2852,0,0,2179,313.30,1.141,1.227,0.125,0.039,0.269,-0.896,1.727,0.3905,2.9923,0.658,0.006,0.014,0.182,-0.120,70,53,125,0,267,0,131604.31,15059.808,39640.260,74.902,9120.461,16.309,32220.955,15293.138,3691.556,12207.056,9765.645,4562.492,162.574,1452.008,0.000282,-0.016162,1778,0,83,42,125,83,19053,144,41,72.657,0,0,0,0,0,0,0,0,0,0,0,0,0,0,88107,1766,1634,54070.751,39569.331,8999.073,0.924,72.657,29110.302,14394.380,670.511,229,390,53,83,254,106590,0,0,0,0.000,0.000,0.000,0.000,0.000,0.000,0.000,0.000,0,0,0,0,0,0,0,0,0,0.000,0.000,0.000,0.000,0.000,0.000,0.000,0.000,0,0,0,0,0,0,0,0,0,0.000,0.000,0.000,0.000,0.000,0.000,0.000,0.000,0,0,0,0,0,0,0,0,0,0.000,0.000,0.000,0.000,0.000,0.000,0.000,0.000,0,0,0,0,0,0,0,0,0,0.000,0.000,0.000,0.000,0.000,0.000,0.000,0.000,0,0,0,0,0,0,0,0,0,0,0,0,0,0,0,0,0,0,3001,4418,4089,133,9
3121,104.0,3796,67,21,1033,2763,0,0,2089,317.38,1.137,1.219,0.127,0.039,0.274,-0.896,1.727,0.3897,3.0231,0.662,0.004,0.012,0.182,-0.119,81,53,96,0,227,0,127044.55,14457.682,38228.243,54.657,8808.895,17.795,31125.981,14629.415,3480.824,13060.711,10448.569,3888.902,251.147,1311.930,0.000239,-0.018630,1719,0,68,28,96,68,17987,73,27,52.856,0,0,0,0,0,0,0,0,0,0,0,0,0,0,84643,1711,1646,52279.428,38142.904,8752.016,0.835,52.856,28046.554,13804.794,599.252,252,342,53,68,221,96333,0,0,0,0.000,0.000,0.000,0.000,0.000,0.000,0.000,0.000,0,0,0,0,0,0,0,0,0,0.000,0.000,0.000,0.000,0.000,0.000,0.000,0.000,0,0,0,0,0,0,0,0,0,0.000,0.000,0.000,0.000,0.000,0.000,0.000,0.000,0,0,0,0,0,0,0,0,0,0.000,0.000,0.000,0.000,0.000,0.000,0.000,0.000,0,0,0,0,0,0,0,0,0,0.000,0.000,0.000,0.000,0.000,0.000,0.000,0.000,0,0,0,0,0,0,1,0,0,0,0,0,0,0,0,0,0,0,3001,4418,4089,133,9
3151,105.0,3729,76,19,1045,2684,0,0,2030,321.42,1.132,1.211,0.127,0.039,0.279,-0.896,1.729,0.3914,2.9900,0.663,0.006,0.015,0.182,-0.120,87,53,47,0,238,0,122116.89,14018.962,34775.220,35.748,7907.548,13.951,30227.853,14100.332,3353.964,12277.317,9821.854,2283.898,280.199,1055.875,0.000246,-0.021081,1557,0,27,20,47,27,17088,80,20,35.338,0,0,0,0,0,0,0,0,0,0,0,0,0,0,81530,1550,1477,47313.770,34693.617,7837.913,0.410,35.338,27120.635,13338.395,533.483,231,310,53,27,230,90171,0,0,0,0.000,0.000,0.000,0.000,0.000,0.000,0.000,0.000,0,0,0,0,0,0,0,0,0,0.000,0.000,0.000,0.000,0.000,0.000,0.000,0.000,0,0,0,0,0,0,0,0,0,0.000,0.000,0.000,0.000,0.000,0.000,0.000,0.000,0,0,0,0,0,0,0,0,0,0.000,0.000,0.000,0.000,0.000,0.000,0.000,0.000,0,0,0,0,0,0,0,0,0,0.000,0.000,0.000,0.000,0.000,0.000,0.000,0.000,0,0,0,0,0,0,0,0,0,0,0,0,0,0,0,0,0,0,3151,3729,3726,23,1
3181,106.0,3612,71,19,1044,2568,0,0,1922,346.02,1.126,1.201,0.128,0.038,0.285,-0.897,1.731,0.3899,2.9898,0.659,0.005,0.014,0.181,-0.122,63,85,50,0,214,0,117688.05,13649.039,33593.448,47.443,7751.324,14.005,29541.397,13692.083,3206.824,10373.243,8298.594,1957.734,268.868,977.208,0.000231,-0.021543,1629,0,25,25,50,25,16556,72,24,45.814,0,0,0,0,0,0,0,0,0,0,0,0,0,0,79032,1496,1557,45807.401,33544.015,7688.815,0.393,45.814,26417.401,12965.474,495.769,196,312,85,25,202,98812,0,0,0,0.000,0.000,0.000,0.000,0.000,0.000,0.000,0.000,0,0,0,0,0,0,0,0,0,0.000,0.000,0.000,0.000,0.000,0.000,0.000,0.000,0,0,0,0,0,0,0,0,0,0.000,0.000,0.000,0.000,0.000,0.000,0.000,0.000,0,0,0,0,0,0,0,0,0,0.000,0.000,0.000,0.000,0.000,0.000,0.000,0.000,0,0,0,0,0,0,0,0,0,0.000,0.000,0.000,0.000,0.000,0.000,0.000,0.000,0,0,0,0,0,0,0,0,0,0,0,0,0,0,0,0,0,0,3151,3729,3726,23,1
3211,107.0,3498,60,19,1031,2467,0,0,1826,359.86,1.120,1.193,0.127,0.038,0.289,-0.897,1.733,0.3927,2.9762,0.670,0.003,0.011,0.181,-0.122,70,71,63,0,207,0,111712.66,12981.954,31018.702,64.777,7420.162,14.249,28321.510,13189.733,3022.237,10277.884,8222.308,2167.589,298.433,985.750,0.000271,-0.023258,1554,0,32,31,63,32,15570,98,31,64.473,0,0,0,0,0,0,0,0,0,0,0,0,0,0,75391,1387,1456,42592.099,30951.417,7348.198,0.304,64.473,25218.227,12486.372,475.387,196,297,70,32,195,90373,0,0,0,0.000,0.000,0.000,0.000,0.000,0.000,0.000,0.000,0,0,0,0,0,0,0,0,0,0.000,0.000,0.000,0.000,0.000,0.000,0.000,0.000,0,0,0,0,0,0,0,0,0,0.000,0.000,0.000,0.000,0.000,0.000,0.000,0.000,0,0,0,0,0,0,0,0,0,0.000,0.000,0.000,0.000,0.000,0.000,0.000,0.000,0,0,0,0,0,0,0,0,0,0.000,0.000,0.000,0.000,0.000,0.000,0.000,0.000,0,0,0,0,0,0,0,0,0,0,0,0,0,0,0,0,0,0,3151,3729,3726,23,1
3241,108.0,3308,52,19,1009,2299,0,0,1735,328.08,1.111,1.182,0.128,0.039,0.296,-0.898,1.735,0.3912,2.9799,0.707,0.004,0.015,0.181,-0.122,68,86,66,0,205,0,104907.25,12399.946,27962.926,55.849,6925.309,12.275,27007.715,12495.316,2899.175,7704.456,6163.565,2250.369,145.475,885.193,0.000193,-0.023311,1396,0,38,28,66,38,14826,51,27,53.593,0,0,0,0,0,0,0,0,0,0,0,0,0,0,71521,1242,1345,38510.733,27903.934,6877.446,0.328,53.593,23953.029,11829.204,443.001,150,318,86,38,194,98851,0,0,0,0.000,0.000,0.000,0.000,0.000,0.000,0.000,0.000,0,0,0,0,0,0,0,0,0,0.000,0.000,0.000,0.000,0.000,0.000,0.000,0.000,0,0,0,0,0,0,0,0,0,0.000,0.000,0.000,0.000,0.000,0.000,0.000,0.000,0,0,0,0,0,0,0,0,0,0.000,0.000,0.000,0.000,0.000,0.000,0.000,0.000,0,0,0,0,0,0,0,0,0,0.000,0.000,0.000,0.000,0.000,0.000,0.000,0.000,0,0,0,0,0,0,0,0,0,0,0,0,0,0,0,0,0,0,3151,3729,3726,23,1
3271,109.0,3136,59,19,982,2154,0,0,1591,340.18,1.104,1.175,0.128,0.038,0.301,-0.899,1.745,0.3948,2.9696,0.682,0.004,0.012,0.180,-0.123,63,89,57,0,202,0,98486.25,11653.578,26010.413,68.267,6467.060,11.938,25328.821,11629.773,2698.352,8085.526,6468.421,1911.493,171.578,796.135,0.000179,-0.022360,1283,0,20,37,57,20,13690,42,37,67.835,0,0,0,0,0,0,0,0,0,0,0,0,0,0,66531,1163,1241,36017.827,25959.676,6434.887,0.432,67.835,22343.051,11032.409,380.937,154,299,89,20,190,91632,0,0,0,0.000,0.000,0.000,0.000,0.000,0.000,0.000,0.000,0,0,0,0,0,0,0,0,0,0.000,0.000,0.000,0.000,0.000,0.000,0.000,0.000,0,0,0,0,0,0,0,0,0,0.000,0.000,0.000,0.000,0.000,0.000,0.000,0.000,0,0,0,0,0,0,0,0,0,0.000,0.000,0.000,0.000,0.000,0.000,0.000,0.000,0,0,0,0,0,0,0,0,0,0.000,0.000,0.000,0.000,0.000,0.000,0.000,0.000,0,0,0,0,0,0,0,0,0,0,0,0,0,0,0,0,0,0,3151,3729,3726,23,1
3301,110.0,2984,54,19,985,1999,0,0,1454,315.65,1.088,1.156,0.130,0.038,0.313,-0.899,1.748,0.3940,2.9863,0.687,0.006,0.013,0.179,-0.123,74,76,52,0,185,0,92341.07,10935.960,24241.169,41.118,5808.777,13.486,23998.392,10846.939,2431.551,7095.319,5676.255,1844.020,76.648,746.809,0.000225,-0.020972,1227,0,33,19,52,33,12780,96,19,40.834,0,0,0,0,0,0,0,0,0,0,0,0,0,0,62384,1079,1131,33212.133,24174.076,5726.831,0.284,40.834,21026.802,10301.922,329.946,130,285,76,33,176,90373,0,0,0,0.000,0.000,0.000,0.000,0.000,0.000,0.000,0.000,0,0,0,0,0,0,0,0,0,0.000,0.000,0.000,0.000,0.000,0.000,0.000,0.000,0,0,0,0,0,0,0,0,0,0.000,0.000,0.000,0.000,0.000,0.000,0.000,0.000,0,0,0,0,0,0,0,0,0,0.000,0.000,0.000,0.000,0.000,0.000,0.000,0.000,0,0,0,0,0,0,0,0,0,0.000,0.000,0.000,0.000,0.000,0.000,0.000,0.000,0,0,0,0,0,0,0,0,0,0,0,0,0,0,0,0,0,0,3301,2984,2983,62,0
3331,111.0,2808,57,19,964,1844,0,0,1312,397.01,1.076,1.141,0.133,0.037,0.322,-0.899,1.745,0.3963,2.9997,0.696,0.004,0.010,0.178,-0.124,73,74,68,0,176,0,86056.06,10351.122,22512.627,58.734,5357.232,16.749,22443.340,10027.819,2239.141,6398.038,5118.430,2275.451,167.521,774.614,0.000153,-0.019657,1212,0,39,29,68,39,11821,159,29,58.162,0,0,0,0,0,0,0,0,0,0,0,0,0,0,57636,1000,1053,30733.317,22501.517,5223.032,0.572,58.162,19483.472,9516.255,301.679,123,278,74,39,165,90588,0,0,0,0.000,0.000,0.000,0.000,0.000,0.000,0.000,0.000,0,0,0,0,0,0,0,0,0,0.000,0.000,0.000,0.000,0.000,0.000,0.000,0.000,0,0,0,0,0,0,0,0,0,0.000,0.000,0.000,0.000,0.000,0.000,0.000,0.000,0,0,0,0,0,0,0,0,0,0.000,0.000,0.000,0.000,0.000,0.000,0.000,0.000,0,0,0,0,0,0,0,0,0,0.000,0.000,0.000,0.000,0.000,0.000,0.000,0.000,0,0,0,0,0,0,0,0,0,0,0,0,0,0,0,0,0,0,3301,2984,2983,62,0
3361,112.0,2654,54,19,961,1693,0,0,1166,382.21,1.059,1.120,0.136,0.036,0.335,-0.901,1.745,0.3964,3.0039,0.700,0.001,0.014,0.177,-0.125,60,92,44,0,148,0,80382.41,9991.356,20088.824,31.110,5069.986,15.402,20912.207,9233.699,1978.928,5774.514,4619.612,1678.249,144.755,682.197,0.000153,-0.020113,1087,0,24,20,44,24,11105,106,20,30.881,0,0,0,0,0,0,0,0,0,0,0,0,0,0,53018,890,981,27740.758,20066.389,4977.276,0.228,30.881,17986.577,8760.162,267.112,105,256,91,24,141,87456,0,0,0,0.000,0.000,0.000,0.000,0.000,0.000,0.000,0.000,0,0,0,0,0,0,0,0,0,0.000,0.000,0.000,0.000,0.000,0.000,0.000,0.000,0,0,0,0,0,0,0,0,0,0.000,0.000,0.000,0.000,0.000,0.000,0.000,0.000,0,0,0,0,0,0,0,0,0,0.000,0.000,0.000,0.000,0.000,0.000,0.000,0.000,0,0,0,0,0,0,0,0,0,0.000,0.000,0.000,0.000,0.000,0.000,0.000,0.000,0,0,0,0,0,0,0,0,0,0,0,0,0,0,0,0,0,0,3301,2984,2983,62,0
3391,113.0,2517,64,19,950,1567,0,0,1052,431.08,1.045,1.101,0.137,0.038,0.346,-0.901,1.745,0.3931,2.9619,0.708,0.000,0.014,0.176,-0.126,80,77,42,0,144,0,74753.91,9654.518,17848.858,48.174,4788.806,11.786,19518.994,8473.963,1769.837,5617.072,4493.658,1583.964,109.098,600.777,0.000161,-0.021043,975,0,17,25,42,17,10102,72,24,46.841,0,0,0,0,0,0,0,0,0,0,0,0,0,0,48836,791,903,24972.140,17812.230,4730.432,0.500,46.841,16594.826,8020.957,246.505,104,230,77,17,136,85507,0,0,0,0.000,0.000,0.000,0.000,0.000,0.000,0.000,0.000,0,0,0,0,0,0,0,0,0,0.000,0.000,0.000,0.000,0.000,0.000,0.000,0.000,0,0,0,0,0,0,0,0,0,0.000,0.000,0.000,0.000,0.000,0.000,0.000,0.000,0,0,0,0,0,0,0,0,0,0.000,0.000,0.000,0.000,0.000,0.000,0.000,0.000,0,0,0,0,0,0,0,0,0,0.000,0.000,0.000,0.000,0.000,0.000,0.000,0.000,0,0,0,0,0,0,0,0,0,0,0,0,0,0,0,0,0,0,3301,2984,2983,62,0
3421,114.0,2389,64,19,939,1450,0,0,952,382.49,1.031,1.085,0.139,0.038,0.357,-0.901,1.743,0.3954,2.9510,0.713,0.002,0.015,0.174,-0.126,69,93,31,1,104,0,70232.65,9079.632,17266.810,35.551,4046.355,12.011,18384.603,7915.069,1598.235,4512.244,3609.795,1500.696,86.228,515.986,0.000147,-0.021709,847,0,11,20,31,11,9648,46,20,35.293,0,0,0,0,0,0,0,0,0,0,0,0,0,0,45381,764,801,23501.297,17199.373,4014.875,0.258,35.293,15484.273,7492.506,221.212,82,199,93,11,95,68794,0,0,0,0.000,0.000,0.000,0.000,0.000,0.000,0.000,0.000,0,0,0,0,0,0,0,0,0,0.000,0.000,0.000,0.000,0.000,0.000,0.000,0.000,0,0,0,0,0,0,0,0,0,0.000,0.000,0.000,0.000,0.000,0.000,0.000,0.000,0,0,0,0,0,0,0,0,0,0.000,0.000,0.000,0.000,0.000,0.000,0.000,0.000,0,0,0,0,0,0,0,0,0,0.000,0.000,0.000,0.000,0.000,0.000,0.000,0.000,0,0,0,0,0,0,0,0,0,0,0,0,0,0,0,0,0,0,3301,2984,2983,62,0
3451,115.0,2244,57,23,936,1308,0,0,839,338.96,1.009,1.059,0.139,0.038,0.374,-0.903,1.744,0.3965,2.9885,0.707,0.002,0.015,0.173,-0.128,85,96,31,0,102,0,66014.67,8734.093,15030.776,31.054,3859.786,18.806,17065.455,7203.342,1415.271,3719.415,2975.532,1064.291,32.615,489.040,0.000155,-0.023042,765,0,14,17,31,14,8943,32,16,29.145,0,0,0,0,0,0,0,0,0,0,0,0,0,0,41299,665,733,20815.228,14983.338,3831.253,0.317,29.145,14164.490,6809.240,194.553,67,209,96,14,99,70882,0,0,0,0.000,0.000,0.000,0.000,0.000,0.000,0.000,0.000,0,0,0,0,0,0,0,0,0,0.000,0.000,0.000,0.000,0.000,0.000,0.000,0.000,0,0,0,0,0,0,0,0,0,0.000,0.000,0.000,0.000,0.000,0.000,0.000,0.000,0,0,0,0,0,0,0,0,0,0.000,0.000,0.000,0.000,0.000,0.000,0.000,0.000,0,0,0,0,0,0,0,0,0,0.000,0.000,0.000,0.000,0.000,0.000,0.000,0.000,0,0,0,0,0,0,0,0,0,0,0,0,0,0,0,0,0,0,3451,2244,2160,253,6
3481,116.0,2138,61,23,945,1193,0,0,749,419.29,0.983,1.030,0.142,0.038,0.391,-0.903,1.747,0.3946,3.0176,0.701,0.005,0.012,0.171,-0.129,77,86,22,0,94,0,62372.36,8480.543,13847.868,15.652,3870.301,19.119,15969.018,6635.752,1259.653,4081.306,3265.045,789.731,36.369,479.586,0.000173,-0.024990,776,0,14,8,22,14,8319,46,8,15.334,0,0,0,0,0,0,0,0,0,0,0,0,0,0,37806,611,730,19435.552,13797.658,3811.213,0.318,15.334,13051.616,6267.136,169.005,70,185,85,14,86,69694,0,0,0,0.000,0.000,0.000,0.000,0.000,0.000,0.000,0.000,0,0,0,0,0,0,0,0,0,0.000,0.000,0.000,0.000,0.000,0.000,0.000,0.000,0,0,0,0,0,0,0,0,0,0.000,0.000,0.000,0.000,0.000,0.000,0.000,0.000,0,0,0,0,0,0,0,0,0,0.000,0.000,0.000,0.000,0.000,0.000,0.000,0.000,0,0,0,0,0,0,0,0,0,0.000,0.000,0.000,0.000,0.000,0.000,0.000,0.000,0,0,0,0,0,0,0,0,0,0,0,0,0,0,0,0,0,0,3451,2244,2160,253,6
3511,117.0,2070,67,23,946,1124,0,0,666,474.75,0.968,1.014,0.143,0.038,0.403,-0.903,1.748,0.3966,2.9871,0.717,0.003,0.007,0.170,-0.131,97,77,13,1,75,0,59099.16,8259.379,12544.072,14.956,3610.497,18.766,14891.595,6071.804,1115.874,4286.852,3429.481,719.834,24.478,410.659,0.000172,-0.026417,721,0,5,8,13,5,8128,59,8,14.833,0,0,0,0,0,0,0,0,0,0,0,0,0,0,34621,555,662,17760.583,12512.165,3557.808,0.123,14.833,11947.415,5728.135,142.188,77,146,76,5,65,58706,0,0,0,0.000,0.000,0.000,0.000,0.000,0.000,0.000,0.000,0,0,0,0,0,0,0,0,0,0.000,0.000,0.000,0.000,0.000,0.000,0.000,0.000,0,0,0,0,0,0,0,0,0,0.000,0.000,0.000,0.000,0.000,0.000,0.000,0.000,0,0,0,0,0,0,0,0,0,0.000,0.000,0.000,0.000,0.000,0.000,0.000,0.000,0,0,0,0,0,0,0,0,0,0.000,0.000,0.000,0.000,0.000,0.000,0.000,0.000,0,0,0,0,0,0,0,0,0,0,0,0,0,0,0,0,0,0,3451,2244,2160,253,6
3541,118.0,1984,65,23,942,1042,0,0,598,437.86,0.950,0.995,0.145,0.039,0.415,-0.904,1.749,0.3947,2.9947,0.716,0.002,0.012,0.169,-0.131,85,69,22,0,76,0,56451.46,8219.127,11969.292,26.102,3699.580,17.513,14202.673,5749.517,995.178,3561.758,2849.406,697.426,62.094,442.979,0.000130,-0.026600,729,0,6,16,22,6,7851,77,16,25.971,0,0,0,0,0,0,0,0,0,0,0,0,0,0,32519,530,652,17129.327,11945.200,3553.146,0.131,25.971,11249.032,5404.082,144.815,63,145,69,6,70,55927,0,0,0,0.000,0.000,0.000,0.000,0.000,0.000,0.000,0.000,0,0,0,0,0,0,0,0,0,0.000,0.000,0.000,0.000,0.000,0.000,0.000,0.000,0,0,0,0,0,0,0,0,0,0.000,0.000,0.000,0.000,0.000,0.000,0.000,0.000,0,0,0,0,0,0,0,0,0,0.000,0.000,0.000,0.000,0.000,0.000,0.000,0.000,0,0,0,0,0,0,0,0,0,0.000,0.000,0.000,0.000,0.000,0.000,0.000,0.000,0,0,0,0,0,0,0,0,0,0,0,0,0,0,0,0,0,0,3451,2244,2160,253,6
3571,119.0,1884,73,23,944,940,0,0,516,461.35,0.925,0.965,0.148,0.040,0.434,-0.906,1.749,0.3949,2.9869,0.722,0.005,0.015,0.167,-0.134,72,88,18,0,69,0,55336.74,8108.006,11759.283,17.780,3332.765,16.638,13269.741,5244.170,855.767,3178.124,2542.500,526.182,78.313,389.988,0.000166,-0.026211,693,0,9,9,18,9,7399,100,9,17.616,0,0,0,0,0,0,0,0,0,0,0,0,0,0,29749,517,593,16460.723,11712.982,3231.480,0.164,17.616,10318.883,4914.494,130.279,52,154,85,9,60,60162,0,0,0,0.000,0.000,0.000,0.000,0.000,0.000,0.000,0.000,0,0,0,0,0,0,0,0,0,0.000,0.000,0.000,0.000,0.000,0.000,0.000,0.000,0,0,0,0,0,0,0,0,0,0.000,0.000,0.000,0.000,0.000,0.000,0.000,0.000,0,0,0,0,0,0,0,0,0,0.000,0.000,0.000,0.000,0.000,0.000,0.000,0.000,0,0,0,0,0,0,0,0,0,0.000,0.000,0.000,0.000,0.000,0.000,0.000,0.000,0,0,0,0,0,0,0,0,0,0,0,0,0,0,0,0,0,0,3451,2244,2160,253,6
3601,120.0,1832,70,26,949,883,0,0,463,488.74,0.908,0.945,0.150,0.041,0.445,-0.906,1.752,0.3972,2.9467,0.700,0.006,0.018,0.167,-0.135,97,76,17,1,48,0,54858.29,8024.129,11433.371,24.313,3005.119,18.025,12548.763,4941.102,764.284,3801.633,3041.307,530.969,100.376,314.441,0.000101,-0.025449,542,0,4,13,17,4,7218,20,13,24.246,0,0,0,0,0,0,0,0,0,0,0,0,0,0,27491,502,522,15779.607,11390.947,2981.169,0.068,24.246,9577.770,4627.511,113.060,63,120,74,4,42,46909,0,0,0,0.000,0.000,0.000,0.000,0.000,0.000,0.000,0.000,0,0,0,0,0,0,0,0,0,0.000,0.000,0.000,0.000,0.000,0.000,0.000,0.000,0,0,0,0,0,0,0,0,0,0.000,0.000,0.000,0.000,0.000,0.000,0.000,0.000,0,0,0,0,0,0,0,0,0,0.000,0.000,0.000,0.000,0.000,0.000,0.000,0.000,0,0,0,0,0,0,0,0,0,0.000,0.000,0.000,0.000,0.000,0.000,0.000,0.000,0,0,0,0,0,0,0,0,0,0,0,0,0,0,0,0,0,0,3601,1832,1715,111,3
3631,121.0,1812,87,26,941,871,0,0,433,526.70,0.908,0.943,0.151,0.041,0.447,-0.906,1.757,0.3955,2.9595,0.721,0.007,0.016,0.167,-0.135,96,58,31,0,31,0,55134.49,8016.280,11862.728,38.255,2921.234,20.147,12213.209,4627.833,685.741,4333.592,3466.873,796.760,117.725,333.078,0.000115,-0.025761,504,0,7,24,31,7,6813,19,24,38.169,0,0,0,0,0,0,0,0,0,0,0,0,0,0,26403,524,485,16238.350,11845.717,2887.952,0.085,38.169,9245.354,4331.168,97.599,75,87,57,7,23,34144,0,0,0,0.000,0.000,0.000,0.000,0.000,0.000,0.000,0.000,0,0,0,0,0,0,0,0,0,0.000,0.000,0.000,0.000,0.000,0.000,0.000,0.000,0,0,0,0,0,0,0,0,0,0.000,0.000,0.000,0.000,0.000,0.000,0.000,0.000,0,0,0,0,0,0,0,0,0,0.000,0.000,0.000,0.000,0.000,0.000,0.000,0.000,0,0,0,0,0,0,0,0,0,0.000,0.000,0.000,0.000,0.000,0.000,0.000,0.000,0,0,0,0,0,0,0,0,0,0,0,0,0,0,0,0,0,0,3601,1832,1715,111,3
3661,122.0,1814,93,26,952,862,0,0,396,552.74,0.902,0.938,0.154,0.042,0.451,-0.907,1.757,0.3961,2.9493,0.703,0.004,0.021,0.167,-0.136,100,52,21,0,37,0,55771.74,8050.683,11911.884,34.407,3166.042,22.970,12073.678,4515.855,635.545,4675.908,3740.727,717.880,116.577,365.007,0.000131,-0.024322,539,0,5,16,21,5,6915,37,13,30.742,0,0,0,0,0,0,0,0,0,0,0,0,0,0,25852,525,502,16548.130,11882.978,3121.434,0.061,30.742,9078.923,4223.622,93.129,76,85,50,5,30,34772,0,0,0,0.000,0.000,0.000,0.000,0.000,0.000,0.000,0.000,0,0,0,0,0,0,0,0,0,0.000,0.000,0.000,0.000,0.000,0.000,0.000,0.000,0,0,0,0,0,0,0,0,0,0.000,0.000,0.000,0.000,0.000,0.000,0.000,0.000,0,0,0,0,0,0,0,0,0,0.000,0.000,0.000,0.000,0.000,0.000,0.000,0.000,0,0,0,0,0,0,0,0,0,0.000,0.000,0.000,0.000,0.000,0.000,0.000,0.000,0,0,0,0,0,0,0,0,0,0,0,0,0,0,0,0,0,0,3601,1832,1715,111,3
3691,123.0,1810,97,26,964,846,0,0,376,551.89,0.894,0.928,0.154,0.044,0.457,-0.907,1.759,0.4010,2.9510,0.692,0.004,0.022,0.167,-0.138,94,60,19,0,26,0,57915.51,8259.517,12850.749,21.975,3251.417,19.476,12037.831,4459.320,590.957,4280.445,3424.356,569.740,107.304,367.235,0.000122,-0.023756,527,0,8,11,19,8,6756,17,10,20.093,0,0,0,0,0,0,0,0,0,0,0,0,0,0,25648,563,510,17633.120,12831.393,3234.633,0.108,20.093,9017.840,4158.379,98.811,71,87,59,8,20,37637,0,0,0,0.000,0.000,0.000,0.000,0.000,0.000,0.000,0.000,0,0,0,0,0,0,0,0,0,0.000,0.000,0.000,0.000,0.000,0.000,0.000,0.000,0,0,0,0,0,0,0,0,0,0.000,0.000,0.000,0.000,0.000,0.000,0.000,0.000,0,0,0,0,0,0,0,0,0,0.000,0.000,0.000,0.000,0.000,0.000,0.000,0.000,0,0,0,0,0,0,0,0,0,0.000,0.000,0.000,0.000,0.000,0.000,0.000,0.000,0,0,0,0,0,0,0,0,0,0,0,0,0,0,0,0,0,0,3601,1832,1715,111,3
3721,124.0,1861,105,26,986,875,0,0,370,477.76,0.895,0.934,0.155,0.042,0.455,-0.907,1.760,0.4011,2.9141,0.684,0.009,0.021,0.167,-0.139,100,52,19,0,19,0,59979.55,8475.868,13259.647,30.617,3150.970,23.224,12166.928,4513.979,566.510,6081.779,4865.423,547.184,331.454,359.681,0.000173,-0.023294,562,0,6,13,19,6,6987,44,12,28.769,0,0,0,0,0,0,0,0,0,0,0,0,0,0,25830,583,518,17935.551,13192.281,3083.266,0.254,28.769,9097.672,4203.447,105.660,104,75,50,6,19,24401,0,0,0,0.000,0.000,0.000,0.000,0.000,0.000,0.000,0.000,0,0,0,0,0,0,0,0,0,0.000,0.000,0.000,0.000,0.000,0.000,0.000,0.000,0,0,0,0,0,0,0,0,0,0.000,0.000,0.000,0.000,0.000,0.000,0.000,0.000,0,0,0,0,0,0,0,0,0,0.000,0.000,0.000,0.000,0.000,0.000,0.000,0.000,0,0,0,0,0,0,0,0,0,0.000,0.000,0.000,0.000,0.000,0.000,0.000,0.000,0,0,0,0,0,0,0,0,0,0,0,0,0,0,0,0,0,0,3601,1832,1715,111,3
3751,125.0,1905,105,26,1011,894,0,0,347,421.31,0.895,0.933,0.156,0.043,0.456,-0.908,1.760,0.4015,2.9546,0.670,0.006,0.034,0.167,-0.139,115,47,28,0,16,0,62444.80,8827.117,13861.520,55.397,3141.217,18.916,12491.308,4630.337,533.529,5498.190,4398.552,837.055,328.852,358.064,0.000189,-0.024119,560,0,4,24,28,4,7586,41,24,55.349,0,0,0,0,0,0,0,0,0,0,0,0,0,0,26520,611,519,18634.022,13818.295,3095.127,0.047,55.349,9349.033,4310.577,110.802,84,65,47,4,14,22520,0,0,0,0.000,0.000,0.000,0.000,0.000,0.000,0.000,0.000,0,0,0,0,0,0,0,0,0,0.000,0.000,0.000,0.000,0.000,0.000,0.000,0.000,0,0,0,0,0,0,0,0,0,0.000,0.000,0.000,0.000,0.000,0.000,0.000,0.000,0,0,0,0,0,0,0,0,0,0.000,0.000,0.000,0.000,0.000,0.000,0.000,0.000,0,0,0,0,0,0,0,0,0,0.000,0.000,0.000,0.000,0.000,0.000,0.000,0.000,0,0,0,0,0,0,0,0,0,0,0,0,0,0,0,0,0,0,3751,1905,1905,12,0
3781,126.0,1990,128,26,1041,949,0,0,342,447.42,0.902,0.941,0.155,0.042,0.452,-0.908,1.761,0.4034,2.9709,0.691,0.010,0.030,0.169,-0.139,107,34,15,0,18,0,66034.91,9483.940,15317.330,24.808,3683.635,22.083,13028.670,4948.224,494.898,6481.695,5185.356,624.811,439.634,403.387,0.000167,-0.024706,578,0,4,11,15,4,7970,32,9,20.868,0,0,0,0,0,0,0,0,0,0,0,0,0,0,27752,673,546,20801.217,15291.988,3634.007,0.128,20.868,9786.348,4610.051,121.060,109,54,33,4,17,19986,0,0,0,0.000,0.000,0.000,0.000,0.000,0.000,0.000,0.000,0,0,0,0,0,0,0,0,0,0.000,0.000,0.000,0.000,0.000,0.000,0.000,0.000,0,0,0,0,0,0,0,0,0,0.000,0.000,0.000,0.000,0.000,0.000,0.000,0.000,0,0,0,0,0,0,0,0,0,0.000,0.000,0.000,0.000,0.000,0.000,0.000,0.000,0,0,0,0,0,0,0,0,0,0.000,0.000,0.000,0.000,0.000,0.000,0.000,0.000,0,0,0,0,0,0,0,0,0,0,0,0,0,0,0,0,0,0,3751,1905,1905,12,0
3811,127.0,2098,113,26,1075,1023,0,0,341,478.04,0.912,0.956,0.154,0.045,0.445,-0.909,1.766,0.4116,2.9397,0.663,0.003,0.029,0.170,-0.138,118,46,31,0,16,0,70049.73,9970.426,17043.739,57.071,4406.195,25.625,13821.768,5388.298,501.399,8343.939,6675.152,897.080,302.066,477.013,0.000244,-0.025941,757,0,3,28,31,3,8194,115,27,56.100,0,0,0,0,0,0,0,0,0,0,0,0,0,0,29707,747,642,23212.750,17007.441,4178.843,0.050,56.100,10460.599,5026.135,135.524,136,62,46,3,13,18288,0,0,0,0.000,0.000,0.000,0.000,0.000,0.000,0.000,0.000,0,0,0,0,0,0,0,0,0,0.000,0.000,0.000,0.000,0.000,0.000,0.000,0.000,0,0,0,0,0,0,0,0,0,0.000,0.000,0.000,0.000,0.000,0.000,0.000,0.000,0,0,0,0,0,0,0,0,0,0.000,0.000,0.000,0.000,0.000,0.000,0.000,0.000,0,0,0,0,0,0,0,0,0,0.000,0.000,0.000,0.000,0.000,0.000,0.000,0.000,0,0,0,0,0,0,0,0,0,0,0,0,0,0,0,0,0,0,3751,1905,1905,12,0
3841,128.0,2192,120,26,1091,1101,0,0,322,479.09,0.925,0.974,0.154,0.046,0.434,-0.909,1.767,0.4135,2.9505,0.672,0.007,0.030,0.171,-0.137,96,49,41,1,22,0,74774.51,10414.739,18810.586,61.886,4307.904,20.465,14514.575,5663.903,475.420,8966.105,7172.884,1322.175,321.502,471.638,0.000161,-0.025659,713,0,12,29,41,12,8734,54,28,61.214,0,0,0,0,0,0,0,0,0,0,0,0,0,0,31543,828,659,25223.434,18738.946,4223.971,0.122,61.214,11111.239,5282.171,150.012,157,79,48,12,19,23783,0,0,0,0.000,0.000,0.000,0.000,0.000,0.000,0.000,0.000,0,0,0,0,0,0,0,0,0,0.000,0.000,0.000,0.000,0.000,0.000,0.000,0.000,0,0,0,0,0,0,0,0,0,0.000,0.000,0.000,0.000,0.000,0.000,0.000,0.000,0,0,0,0,0,0,0,0,0,0.000,0.000,0.000,0.000,0.000,0.000,0.000,0.000,0,0,0,0,0,0,0,0,0,0.000,0.000,0.000,0.000,0.000,0.000,0.000,0.000,0,0,0,0,0,0,0,0,0,0,0,0,0,0,0,0,0,0,3751,1905,1905,12,0
3871,129.0,2304,115,26,1099,1205,0,0,328,509.15,0.946,0.999,0.151,0.044,0.419,-0.909,1.769,0.4146,2.9810,0.660,0.012,0.028,0.172,-0.135,117,39,61,0,16,0,79862.88,11182.469,20861.494,88.118,5180.945,19.085,15577.691,6204.179,461.081,9895.591,7916.473,1763.979,419.011,638.649,0.000164,-0.024943,896,0,18,43,61,18,9353,121,42,86.750,0,0,0,0,0,0,0,0,0,0,0,0,0,0,34521,918,775,28228.373,20783.883,4960.219,0.178,86.750,12135.450,5808.521,160.592,174,70,38,18,14,23211,0,0,0,0.000,0.000,0.000,0.000,0.000,0.000,0.000,0.000,0,0,0,0,0,0,0,0,0,0.000,0.000,0.000,0.000,0.000,0.000,0.000,0.000,0,0,0,0,0,0,0,0,0,0.000,0.000,0.000,0.000,0.000,0.000,0.000,0.000,0,0,0,0,0,0,0,0,0,0.000,0.000,0.000,0.000,0.000,0.000,0.000,0.000,0,0,0,0,0,0,0,0,0,0.000,0.000,0.000,0.000,0.000,0.000,0.000,0.000,0,0,0,0,0,0,0,0,0,0,0,0,0,0,0,0,0,0,3751,1905,1905,12,0
3901,130.0,2446,131,27,1120,1326,0,0,335,420.87,0.964,1.020,0.148,0.044,0.406,-0.910,1.769,0.4182,2.9774,0.657,0.012,0.030,0.174,-0.133,120,50,49,0,14,0,86091.07,11722.193,23235.303,91.160,5275.987,19.913,16772.628,6703.753,459.615,11112.491,8889.993,1561.775,495.124,605.073,0.000219,-0.021955,885,0,14,35,49,14,9826,89,35,91.024,0,0,0,0,0,0,0,0,0,0,0,0,0,0,37883,1021,796,31025.074,23165.569,5126.231,0.136,91.024,13290.050,6286.196,177.971,198,77,50,14,13,20175,0,0,0,0.000,0.000,0.000,0.000,0.000,0.000,0.000,0.000,0,0,0,0,0,0,0,0,0,0.000,0.000,0.000,0.000,0.000,0.000,0.000,0.000,0,0,0,0,0,0,0,0,0,0.000,0.000,0.000,0.000,0.000,0.000,0.000,0.000,0,0,0,0,0,0,0,0,0,0.000,0.000,0.000,0.000,0.000,0.000,0.000,0.000,0,0,0,0,0,0,0,0,0,0.000,0.000,0.000,0.000,0.000,0.000,0.000,0.000,0,0,0,0,0,0,0,0,0,0,0,0,0,0,0,0,0,0,3901,2446,2254,21,1
3931,131.0,2629,90,27,1159,1470,0,0,335,386.17,0.981,1.040,0.144,0.045,0.395,-0.911,1.775,0.4162,2.9884,0.648,0.012,0.026,0.175,-0.133,108,42,57,0,23,0,92576.91,12400.673,25853.756,75.941,6056.437,20.949,18209.923,7370.917,466.854,13170.040,10536.032,1983.076,439.199,740.562,0.000184,-0.022291,1018,0,25,32,57,25,10674,107,32,75.631,0,0,0,0,0,0,0,0,0,0,0,0,0,0,41776,1141,911,34700.739,25797.959,5895.662,0.310,75.631,14641.251,6912.025,215.854,228,84,42,25,17,24904,0,0,0,0.000,0.000,0.000,0.000,0.000,0.000,0.000,0.000,0,0,0,0,0,0,0,0,0,0.000,0.000,0.000,0.000,0.000,0.000,0.000,0.000,0,0,0,0,0,0,0,0,0,0.000,0.000,0.000,0.000,0.000,0.000,0.000,0.000,0,0,0,0,0,0,0,0,0,0.000,0.000,0.000,0.000,0.000,0.000,0.000,0.000,0,0,0,0,0,0,0,0,0,0.000,0.000,0.000,0.000,0.000,0.000,0.000,0.000,0,0,0,0,0,0,0,0,0,0,0,0,0,0,0,0,0,0,3901,2446,2254,21,1
3961,132.0,2835,83,27,1221,1614,0,0,361,355.80,0.990,1.053,0.144,0.046,0.388,-0.913,1.777,0.4257,3.0330,0.632,0.012,0.026,0.176,-0.132,110,49,32,0,20,0,99173.71,13642.409,26593.084,24.069,6750.603,17.513,19851.863,8180.526,477.712,13251.563,10601.250,1115.544,634.579,752.218,0.000172,-0.021438,1153,0,21,11,32,21,11527,130,9,19.007,0,0,0,0,0,0,0,0,0,0,0,0,0,0,46158,1165,1023,36075.736,26508.924,6563.350,0.369,19.007,16142.969,7693.029,236.358,233,89,49,21,19,20604,0,0,0,0.000,0.000,0.000,0.000,0.000,0.000,0.000,0.000,0,0,0,0,0,0,0,0,0,0.000,0.000,0.000,0.000,0.000,0.000,0.000,0.000,0,0,0,0,0,0,0,0,0,0.000,0.000,0.000,0.000,0.000,0.000,0.000,0.000,0,0,0,0,0,0,0,0,0,0.000,0.000,0.000,0.000,0.000,0.000,0.000,0.000,0,0,0,0,0,0,0,0,0,0.000,0.000,0.000,0.000,0.000,0.000,0.000,0.000,0,0,0,0,0,0,0,0,0,0,0,0,0,0,0,0,0,0,3901,2446,2254,21,1
3991,133.0,3015,117,27,1281,1734,0,0,382,308.34,0.997,1.061,0.143,0.047,0.384,-0.913,1.782,0.4266,2.9745,0.633,0.015,0.024,0.177,-0.132,103,59,29,0,27,0,106332.80,14899.464,28084.807,25.858,8158.546,19.837,21405.695,8898.247,514.687,12834.463,10267.571,1033.108,539.868,892.548,0.000222,-0.020899,1374,0,19,10,29,19,12321,120,9,24.031,0,0,0,0,0,0,0,0,0,0,0,0,0,0,50134,1235,1254,39444.381,28001.387,8020.469,0.359,24.031,17518.271,8357.096,272.884,221,101,59,19,23,24008,0,0,0,0.000,0.000,0.000,0.000,0.000,0.000,0.000,0.000,0,0,0,0,0,0,0,0,0,0.000,0.000,0.000,0.000,0.000,0.000,0.000,0.000,0,0,0,0,0,0,0,0,0,0.000,0.000,0.000,0.000,0.000,0.000,0.000,0.000,0,0,0,0,0,0,0,0,0,0.000,0.000,0.000,0.000,0.000,0.000,0.000,0.000,0,0,0,0,0,0,0,0,0,0.000,0.000,0.000,0.000,0.000,0.000,0.000,0.000,0,0,0,0,0,0,0,0,0,0,0,0,0,0,0,0,0,0,3901,2446,2254,21,1
4021,134.0,3251,82,27,1332,1919,0,0,452,309.77,1.012,1.078,0.141,0.045,0.374,-0.914,1.781,0.4260,2.9938,0.630,0.015,0.022,0.178,-0.131,120,66,47,0,27,0,114787.46,16099.840,31978.967,56.606,8466.569,20.713,23038.226,9650.480,580.962,16488.190,13190.552,1602.014,631.338,880.090,0.000197,-0.019229,1470,0,21,26,47,21,13213,140,24,51.571,0,0,0,0,0,0,0,0,0,0,0,0,0,0,54426,1403,1330,43971.505,31890.918,8340.604,0.354,51.571,19001.184,9042.779,327.152,295,110,66,21,23,34016,0,0,0,0.000,0.000,0.000,0.000,0.000,0.000,0.000,0.000,0,0,0,0,0,0,0,0,0,0.000,0.000,0.000,0.000,0.000,0.000,0.000,0.000,0,0,0,0,0,0,0,0,0,0.000,0.000,0.000,0.000,0.000,0.000,0.000,0.000,0,0,0,0,0,0,0,0,0,0.000,0.000,0.000,0.000,0.000,0.000,0.000,0.000,0,0,0,0,0,0,0,0,0,0.000,0.000,0.000,0.000,0.000,0.000,0.000,0.000,0,0,0,0,0,0,0,0,0,0,0,0,0,0,0,0,0,0,3901,2446,2254,21,1
4051,135.0,3456,93,28,1396,2060,0,0,514,282.51,1.018,1.085,0.140,0.045,0.371,-0.915,1.782,0.4275,2.9813,0.610,0.008,0.018,0.178,-0.132,117,88,60,0,30,0,122009.10,17278.246,32986.435,53.791,9729.004,20.602,24921.061,10635.321,672.904,16608.213,13286.570,2115.282,392.337,1038.288,0.000190,-0.019063,1708,0,32,28,60,32,13725,157,28,53.524,0,0,0,0,0,0,0,0,0,0,0,0,0,0,59399,1442,1551,46208.573,32875.298,9546.025,0.268,53.524,20694.252,9979.408,361.328,286,145,88,32,25,31261,0,0,0,0.000,0.000,0.000,0.000,0.000,0.000,0.000,0.000,0,0,0,0,0,0,0,0,0,0.000,0.000,0.000,0.000,0.000,0.000,0.000,0.000,0,0,0,0,0,0,0,0,0,0.000,0.000,0.000,0.000,0.000,0.000,0.000,0.000,0,0,0,0,0,0,0,0,0,0.000,0.000,0.000,0.000,0.000,0.000,0.000,0.000,0,0,0,0,0,0,0,0,0,0.000,0.000,0.000,0.000,0.000,0.000,0.000,0.000,0,0,0,0,0,0,0,0,0,0,0,0,0,0,0,0,0,0,4051,3456,3361,17,1
4081,136.0,3664,97,28,1432,2232,0,0,621,312.64,1.033,1.099,0.138,0.045,0.363,-0.915,1.782,0.4279,3.0115,0.615,0.008,0.020,0.180,-0.131,94,67,76,0,27,0,130972.49,18589.125,36503.077,84.635,11115.184,18.696,26646.326,11387.793,785.761,16707.607,13366.086,2341.081,528.120,1182.843,0.000241,-0.016692,1881,0,34,42,76,34,14698,132,41,82.477,0,0,0,0,0,0,0,0,0,0,0,0,0,0,63924,1596,1749,51578.161,36366.630,10901.522,0.252,82.477,22304.237,10669.222,416.339,297,125,67,34,24,24247,0,0,0,0.000,0.000,0.000,0.000,0.000,0.000,0.000,0.000,0,0,0,0,0,0,0,0,0,0.000,0.000,0.000,0.000,0.000,0.000,0.000,0.000,0,0,0,0,0,0,0,0,0,0.000,0.000,0.000,0.000,0.000,0.000,0.000,0.000,0,0,0,0,0,0,0,0,0,0.000,0.000,0.000,0.000,0.000,0.000,0.000,0.000,0,0,0,0,0,0,0,0,0,0.000,0.000,0.000,0.000,0.000,0.000,0.000,0.000,0,0,0,0,0,0,0,0,0,0,0,0,0,0,0,0,0,0,4051,3456,3361,17,1
4111,137.0,3869,78,28,1451,2418,0,0,709,332.32,1.052,1.118,0.138,0.046,0.352,-0.915,1.784,0.4315,3.0183,0.608,0.008,0.019,0.181,-0.131,101,78,96,0,48,0,137189.88,19692.693,37966.317,119.924,11856.051,17.424,28922.909,12574.678,943.567,19211.456,15369.165,3106.225,848.581,1323.308,0.000292,-0.015655,2090,0,38,58,96,38,15907,161,57,117.566,0,0,0,0,0,0,0,0,0,0,0,0,0,0,69962,1658,1929,54114.901,37876.051,11679.245,0.250,117.566,24486.417,11754.602,506.905,347,161,78,38,45,31972,0,0,0,0.000,0.000,0.000,0.000,0.000,0.000,0.000,0.000,0,0,0,0,0,0,0,0,0,0.000,0.000,0.000,0.000,0.000,0.000,0.000,0.000,0,0,0,0,0,0,0,0,0,0.000,0.000,0.000,0.000,0.000,0.000,0.000,0.000,0,0,0,0,0,0,0,0,0,0.000,0.000,0.000,0.000,0.000,0.000,0.000,0.000,0,0,0,0,0,0,0,0,0,0.000,0.000,0.000,0.000,0.000,0.000,0.000,0.000,0,0,0,0,0,0,0,0,0,0,0,0,0,0,0,0,0,0,4051,3456,3361,17,1
4141,138.0,4062,102,28,1491,2571,0,0,847,294.08,1.062,1.128,0.137,0.044,0.347,-0.916,1.783,0.4354,2.9927,0.605,0.005,0.018,0.182,-0.131,113,78,94,0,55,0,144581.67,20690.381,40892.693,113.783,12647.877,17.295,30864.256,13626.139,1108.816,18707.185,14965.748,3102.967,460.880,1400.556,0.000244,-0.015732,2292,0,49,45,94,49,17258,197,45,113.516,0,0,0,0,0,0,0,0,0,0,0,0,0,0,75089,1783,2095,57930.193,40792.801,12401.826,0.268,113.516,26368.843,12712.903,590.462,333,180,78,49,53,41603,0,0,0,0.000,0.000,0.000,0.000,0.000,0.000,0.000,0.000,0,0,0,0,0,0,0,0,0,0.000,0.000,0.000,0.000,0.000,0.000,0.000,0.000,0,0,0,0,0,0,0,0,0,0.000,0.000,0.000,0.000,0.000,0.000,0.000,0.000,0,0,0,0,0,0,0,0,0,0.000,0.000,0.000,0.000,0.000,0.000,0.000,0.000,0,0,0,0,0,0,0,0,0,0.000,0.000,0.000,0.000,0.000,0.000,0.000,0.000,0,0,0,0,0,0,0,0,0,0,0,0,0,0,0,0,0,0,4051,3456,3361,17,1
4171,139.0,4268,68,28,1523,2745,0,0,1016,285.64,1.073,1.140,0.136,0.044,0.340,-0.916,1.781,0.4331,3.0014,0.608,0.007,0.017,0.183,-0.130,94,90,114,0,64,0,152771.58,22001.652,44459.711,101.647,13719.748,17.853,32582.972,14437.111,1386.450,21352.534,17082.028,3695.166,446.578,1554.327,0.000213,-0.017608,2520,0,68,46,114,68,17768,151,45,100.518,0,0,0,0,0,0,0,0,0,0,0,0,0,0,79637,1936,2369,63016.989,44300.635,13564.890,0.211,100.518,27972.531,13437.960,666.692,390,216,90,68,58,51291,0,0,0,0.000,0.000,0.000,0.000,0.000,0.000,0.000,0.000,0,0,0,0,0,0,0,0,0,0.000,0.000,0.000,0.000,0.000,0.000,0.000,0.000,0,0,0,0,0,0,0,0,0,0.000,0.000,0.000,0.000,0.000,0.000,0.000,0.000,0,0,0,0,0,0,0,0,0,0.000,0.000,0.000,0.000,0.000,0.000,0.000,0.000,0,0,0,0,0,0,0,0,0,0.000,0.000,0.000,0.000,0.000,0.000,0.000,0.000,0,0,0,0,0,0,0,0,0,0,0,0,0,0,0,0,0,0,4051,3456,3361,17,1
4201,140.0,4486,86,29,1558,2928,0,0,1206,269.23,1.083,1.152,0.134,0.044,0.333,-0.917,1.783,0.4324,2.9982,0.598,0.004,0.015,0.183,-0.130,89,82,101,0,96,0,159963.69,23215.242,45185.549,92.635,14797.276,17.928,34396.148,15218.993,1646.176,22351.661,17881.329,3460.091,519.498,1590.075,0.000340,-0.019836,2688,0,54,47,101,54,18766,146,47,92.488,0,0,0,0,0,0,0,0,0,0,0,0,0,0,84567,1973,2542,65040.563,45050.928,14629.406,0.147,92.488,29688.842,14213.971,666.897,408,225,82,54,89,49425,0,0,0,0.000,0.000,0.000,0.000,0.000,0.000,0.000,0.000,0,0,0,0,0,0,0,0,0,0.000,0.000,0.000,0.000,0.000,0.000,0.000,0.000,0,0,0,0,0,0,0,0,0,0.000,0.000,0.000,0.000,0.000,0.000,0.000,0.000,0,0,0,0,0,0,0,0,0,0.000,0.000,0.000,0.000,0.000,0.000,0.000,0.000,0,0,0,0,0,0,0,0,0,0.000,0.000,0.000,0.000,0.000,0.000,0.000,0.000,0,0,0,0,0,0,0,0,0,0,0,0,0,0,0,0,0,0,4201,4486,4432,548,2
4231,141.0,4657,70,29,1579,3078,0,0,1458,340.31,1.092,1.161,0.133,0.045,0.328,-0.917,1.785,0.4320,2.9945,0.599,0.008,0.018,0.184,-0.129,94,74,118,0,103,0,165852.06,24434.861,47384.810,109.149,15279.898,20.221,36574.477,16321.455,2021.764,20970.030,16776.024,4825.420,398.120,1705.201,0.000222,-0.021639,2900,0,69,49,118,69,19345,168,48,105.549,0,0,0,0,0,0,0,0,0,0,0,0,0,0,90365,2057,2732,67531.958,47203.875,14976.456,0.476,105.549,31752.361,15250.962,725.063,384,234,74,69,91,50260,0,0,0,0.000,0.000,0.000,0.000,0.000,0.000,0.000,0.000,0,0,0,0,0,0,0,0,0,0.000,0.000,0.000,0.000,0.000,0.000,0.000,0.000,0,0,0,0,0,0,0,0,0,0.000,0.000,0.000,0.000,0.000,0.000,0.000,0.000,0,0,0,0,0,0,0,0,0,0.000,0.000,0.000,0.000,0.000,0.000,0.000,0.000,0,0,0,0,0,0,0,0,0,0.000,0.000,0.000,0.000,0.000,0.000,0.000,0.000,0,0,0,0,0,0,0,0,0,0,0,0,0,0,0,0,0,0,4201,4486,4432,548,2
4261,142.0,4877,65,29,1609,3268,0,0,1713,322.73,1.103,1.172,0.132,0.045,0.321,-0.918,1.784,0.4303,2.9916,0.577,0.009,0.017,0.185,-0.129,100,75,128,0,115,0,172519.92,25305.295,50467.105,129.361,16466.031,19.593,38175.658,17102.751,2425.077,24248.204,19398.563,4381.161,503.299,1796.313,0.000237,-0.023045,3074,0,64,64,128,64,20217,165,60,122.036,0,0,0,0,0,0,0,0,0,0,0,0,0,0,94689,2196,2909,72303.066,50384.783,16235.208,0.437,122.036,33282.538,16005.297,743.636,438,248,75,64,109,59302,0,0,0,0.000,0.000,0.000,0.000,0.000,0.000,0.000,0.000,0,0,0,0,0,0,0,0,0,0.000,0.000,0.000,0.000,0.000,0.000,0.000,0.000,0,0,0,0,0,0,0,0,0,0.000,0.000,0.000,0.000,0.000,0.000,0.000,0.000,0,0,0,0,0,0,0,0,0,0.000,0.000,0.000,0.000,0.000,0.000,0.000,0.000,0,0,0,0,0,0,0,0,0,0.000,0.000,0.000,0.000,0.000,0.000,0.000,0.000,0,0,0,0,0,0,0,0,0,0,0,0,0,0,0,0,0,0,4201,4486,4432,548,2
4291,143.0,5012,70,29,1620,3392,0,0,2038,307.23,1.113,1.181,0.133,0.048,0.317,-0.920,1.787,0.4288,2.9756,0.589,0.004,0.017,0.185,-0.129,93,65,151,0,146,0,178003.66,26489.858,52999.400,103.470,17102.838,19.398,40157.476,18124.317,2942.820,22689.363,18151.491,5781.355,567.327,1997.824,0.000227,-0.024194,3291,0,95,56,151,95,21100,140,55,101.251,0,0,0,0,0,0,0,0,0,0,0,0,0,0,99793,2310,3151,75676.619,52848.036,16961.996,0.793,101.251,35186.972,16936.720,832.932,418,294,65,95,134,71643,0,0,0,0.000,0.000,0.000,0.000,0.000,0.000,0.000,0.000,0,0,0,0,0,0,0,0,0,0.000,0.000,0.000,0.000,0.000,0.000,0.000,0.000,0,0,0,0,0,0,0,0,0,0.000,0.000,0.000,0.000,0.000,0.000,0.000,0.000,0,0,0,0,0,0,0,0,0,0.000,0.000,0.000,0.000,0.000,0.000,0.000,0.000,0,0,0,0,0,0,0,0,0,0.000,0.000,0.000,0.000,0.000,0.000,0.000,0.000,0,0,0,0,0,0,0,0,0,0,0,0,0,0,0,0,0,0,4201,4486,4432,548,2
4321,144.0,5162,47,29,1620,3542,0,0,2383,310.34,1.125,1.194,0.133,0.047,0.310,-0.920,1.786,0.4308,2.9858,0.593,0.005,0.017,0.186,-0.128,74,73,135,0,164,0,181297.77,27133.315,52682.506,110.516,18271.174,14.018,41910.059,18878.286,3498.609,24040.771,19232.617,5089.751,550.614,1896.753,0.000321,-0.027842,3528,0,72,63,135,72,21461,146,61,106.423,0,0,0,0,0,0,0,0,0,0,0,0,0,0,104315,2296,3382,76847.808,52566.084,18138.889,0.502,106.423,36938.632,17687.486,834.362,445,295,73,72,150,71549,0,0,0,0.000,0.000,0.000,0.000,0.000,0.000,0.000,0.000,0,0,0,0,0,0,0,0,0,0.000,0.000,0.000,0.000,0.000,0.000,0.000,0.000,0,0,0,0,0,0,0,0,0,0.000,0.000,0.000,0.000,0.000,0.000,0.000,0.000,0,0,0,0,0,0,0,0,0,0.000,0.000,0.000,0.000,0.000,0.000,0.000,0.000,0,0,0,0,0,0,0,0,0,0.000,0.000,0.000,0.000,0.000,0.000,0.000,0.000,0,0,0,0,0,0,0,0,0,0,0,0,0,0,0,0,0,0,4201,4486,4432,548,2
4351,145.0,5327,56,34,1617,3710,0,0,2779,348.99,1.137,1.206,0.132,0.046,0.303,-0.921,1.785,0.4287,2.9692,0.612,0.009,0.013,0.187,-0.127,68,44,109,0,199,0,186960.00,28457.878,55400.853,107.369,18706.958,15.485,43463.404,19526.541,4117.997,23861.012,19088.810,4141.067,422.436,1860.216,0.000361,-0.030240,3668,0,49,60,109,49,21830,107,60,106.992,0,0,0,0,0,0,0,0,0,0,0,0,0,0,108542,2411,3561,80014.283,55239.522,18621.936,0.378,106.992,38474.060,18288.647,879.471,446,278,44,49,185,73168,0,0,0,0.000,0.000,0.000,0.000,0.000,0.000,0.000,0.000,0,0,0,0,0,0,0,0,0,0.000,0.000,0.000,0.000,0.000,0.000,0.000,0.000,0,0,0,0,0,0,0,0,0,0.000,0.000,0.000,0.000,0.000,0.000,0.000,0.000,0,0,0,0,0,0,0,0,0,0.000,0.000,0.000,0.000,0.000,0.000,0.000,0.000,0,0,0,0,0,0,0,0,0,0.000,0.000,0.000,0.000,0.000,0.000,0.000,0.000,0,0,0,0,0,0,0,0,0,0,0,0,0,0,0,0,0,0,4351,5327,5273,88,5
4381,146.0,5411,59,34,1608,3803,0,0,3114,316.45,1.145,1.214,0.133,0.046,0.299,-0.921,1.786,0.4317,2.9497,0.595,0.006,0.011,0.187,-0.128,77,58,132,0,241,0,191537.81,28680.905,58351.440,127.325,19106.872,14.190,44998.387,20281.115,4703.632,23734.488,18987.590,5503.316,374.503,1974.009,0.000234,-0.030622,3794,0,70,62,132,70,22133,164,61,125.632,0,0,0,0,0,0,0,0,0,0,0,0,0,0,112787,2533,3630,83476.702,58129.147,18941.417,0.259,125.632,40036.752,18967.152,956.826,440,347,58,70,219,94580,0,0,0,0.000,0.000,0.000,0.000,0.000,0.000,0.000,0.000,0,0,0,0,0,0,0,0,0,0.000,0.000,0.000,0.000,0.000,0.000,0.000,0.000,0,0,0,0,0,0,0,0,0,0.000,0.000,0.000,0.000,0.000,0.000,0.000,0.000,0,0,0,0,0,0,0,0,0,0.000,0.000,0.000,0.000,0.000,0.000,0.000,0.000,0,0,0,0,0,0,0,0,0,0.000,0.000,0.000,0.000,0.000,0.000,0.000,0.000,0,0,0,0,0,0,0,0,0,0,0,0,0,0,0,0,0,0,4351,5327,5273,88,5
4411,147.0,5531,65,34,1615,3916,0,0,3369,288.23,1.153,1.219,0.133,0.046,0.295,-0.921,1.790,0.4318,2.9462,0.613,0.006,0.011,0.188,-0.128,61,38,121,0,250,0,193249.11,29211.511,56648.127,107.401,19069.908,17.758,46164.951,20835.648,5204.535,24500.588,19600.471,4899.081,318.690,1932.720,0.000243,-0.029888,3911,0,70,51,121,70,23015,173,51,106.867,0,0,0,0,0,0,0,0,0,0,0,0,0,0,115955,2461,3738,81637.319,56495.280,18909.369,0.534,106.867,41213.223,19483.963,993.977,456,343,38,70,235,83279,0,0,0,0.000,0.000,0.000,0.000,0.000,0.000,0.000,0.000,0,0,0,0,0,0,0,0,0,0.000,0.000,0.000,0.000,0.000,0.000,0.000,0.000,0,0,0,0,0,0,0,0,0,0.000,0.000,0.000,0.000,0.000,0.000,0.000,0.000,0,0,0,0,0,0,0,0,0,0.000,0.000,0.000,0.000,0.000,0.000,0.000,0.000,0,0,0,0,0,0,0,0,0,0.000,0.000,0.000,0.000,0.000,0.000,0.000,0.000,0,0,0,0,0,0,0,0,0,0,0,0,0,0,0,0,0,0,4351,5327,5273,88,5
4441,148.0,5631,55,34,1613,4018,0,0,3549,299.61,1.160,1.225,0.132,0.045,0.292,-0.922,1.790,0.4311,2.9337,0.610,0.003,0.013,0.189,-0.128,67,38,111,0,281,0,195911.06,30003.507,58678.894,108.792,19169.394,15.824,47413.028,21228.393,5595.724,24767.131,19813.705,4677.508,434.515,1826.641,0.000303,-0.027612,3919,0,59,52,111,59,22941,154,52,108.415,0,0,0,0,0,0,0,0,0,0,0,0,0,0,119056,2544,3765,83852.717,58518.451,18996.115,0.377,108.415,42414.520,19861.255,1004.344,466,364,38,59,267,93025,0,0,0,0.000,0.000,0.000,0.000,0.000,0.000,0.000,0.000,0,0,0,0,0,0,0,0,0,0.000,0.000,0.000,0.000,0.000,0.000,0.000,0.000,0,0,0,0,0,0,0,0,0,0.000,0.000,0.000,0.000,0.000,0.000,0.000,0.000,0,0,0,0,0,0,0,0,0,0.000,0.000,0.000,0.000,0.000,0.000,0.000,0.000,0,0,0,0,0,0,0,0,0,0.000,0.000,0.000,0.000,0.000,0.000,0.000,0.000,0,0,0,0,0,0,0,0,0,0,0,0,0,0,0,0,0,0,4351,5327,5273,88,5
4471,149.0,5669,62,34,1604,4065,0,0,3747,327.08,1.166,1.229,0.132,0.045,0.289,-0.922,1.791,0.4322,2.9337,0.615,0.004,0.009,0.189,-0.127,83,43,105,0,320,0,196248.97,29921.400,57702.844,90.219,19735.356,18.137,48211.250,21673.233,5938.792,23458.851,18767.081,4459.700,458.087,1943.729,0.000255,-0.028913,3918,0,49,56,105,49,23456,144,53,84.337,0,0,0,0,0,0,0,0,0,0,0,0,0,0,121219,2506,3774,83534.474,57519.949,19609.075,0.323,84.337,43252.695,20345.099,965.263,437,390,43,49,298,100161,0,0,0,0.000,0.000,0.000,0.000,0.000,0.000,0.000,0.000,0,0,0,0,0,0,0,0,0,0.000,0.000,0.000,0.000,0.000,0.000,0.000,0.000,0,0,0,0,0,0,0,0,0,0.000,0.000,0.000,0.000,0.000,0.000,0.000,0.000,0,0,0,0,0,0,0,0,0,0.000,0.000,0.000,0.000,0.000,0.000,0.000,0.000,0,0,0,0,0,0,0,0,0,0.000,0.000,0.000,0.000,0.000,0.000,0.000,0.000,0,0,0,0,0,0,0,0,0,0,0,0,0,0,0,0,0,0,4351,5327,5273,88,5
4501,150.0,5674,50,39,1602,4072,0,0,3847,335.79,1.167,1.229,0.133,0.045,0.289,-0.923,1.793,0.4336,2.9295,0.609,0.002,0.012,0.190,-0.127,67,46,91,1,356,0,196205.09,30277.759,58475.932,69.586,20560.755,15.337,48599.416,21780.038,6118.429,23358.831,18687.065,5260.055,401.336,2036.114,0.000308,-0.028858,4192,0,55,36,91,55,22467,132,36,69.271,0,0,0,0,0,0,0,0,0,0,0,0,0,0,122147,2539,4060,85277.551,58384.149,20469.017,0.315,69.271,43636.360,20496.489,920.953,442,435,46,55,334,123110,0,0,0,0.000,0.000,0.000,0.000,0.000,0.000,0.000,0.000,0,0,0,0,0,0,0,0,0,0.000,0.000,0.000,0.000,0.000,0.000,0.000,0.000,0,0,0,0,0,0,0,0,0,0.000,0.000,0.000,0.000,0.000,0.000,0.000,0.000,0,0,0,0,0,0,0,0,0,0.000,0.000,0.000,0.000,0.000,0.000,0.000,0.000,0,0,0,0,0,0,0,0,0,0.000,0.000,0.000,0.000,0.000,0.000,0.000,0.000,0,0,0,0,0,0,0,0,0,0,0,0,0,0,0,0,0,0,4501,5674,5631,129,6
4531,151.0,5722,50,39,1610,4112,0,0,3926,378.64,1.170,1.231,0.135,0.045,0.288,-0.924,1.795,0.4320,2.9124,0.609,0.003,0.012,0.190,-0.127,55,32,112,1,330,0,198923.47,31013.453,60752.384,71.033,19980.599,14.514,48967.604,21887.297,6329.851,24463.381,19570.705,4701.190,368.158,1971.715,0.000379,-0.026411,4035,0,72,40,112,72,22520,108,38,67.973,0,0,0,0,0,0,0,0,0,0,0,0,0,0,122857,2628,3927,86806.365,60547.540,19876.721,0.734,67.973,43997.205,20594.335,932.591,457,417,32,72,313,109900,0,0,0,0.000,0.000,0.000,0.000,0.000,0.000,0.000,0.000,0,0,0,0,0,0,0,0,0,0.000,0.000,0.000,0.000,0.000,0.000,0.000,0.000,0,0,0,0,0,0,0,0,0,0.000,0.000,0.000,0.000,0.000,0.000,0.000,0.000,0,0,0,0,0,0,0,0,0,0.000,0.000,0.000,0.000,0.000,0.000,0.000,0.000,0,0,0,0,0,0,0,0,0,0.000,0.000,0.000,0.000,0.000,0.000,0.000,0.000,0,0,0,0,0,0,0,0,0,0,0,0,0,0,0,0,0,0,4501,5674,5631,129,6
4561,152.0,5693,44,39,1614,4079,0,0,3889,286.08,1.170,1.228,0.137,0.045,0.290,-0.925,1.797,0.4345,2.9253,0.608,0.006,0.011,0.190,-0.127,66,34,154,0,358,0,199378.47,30685.864,60578.249,87.881,20133.180,14.111,49086.944,21885.526,6362.725,24041.444,19233.155,6277.209,443.137,2033.181,0.000299,-0.023145,4022,0,101,53,154,101,22701,74,51,83.873,0,0,0,0,0,0,0,0,0,0,0,0,0,0,122828,2624,3948,86862.209,60467.605,20038.264,0.803,83.873,44107.459,20559.012,964.489,442,475,34,101,340,117671,0,0,0,0.000,0.000,0.000,0.000,0.000,0.000,0.000,0.000,0,0,0,0,0,0,0,0,0,0.000,0.000,0.000,0.000,0.000,0.000,0.000,0.000,0,0,0,0,0,0,0,0,0,0.000,0.000,0.000,0.000,0.000,0.000,0.000,0.000,0,0,0,0,0,0,0,0,0,0.000,0.000,0.000,0.000,0.000,0.000,0.000,0.000,0,0,0,0,0,0,0,0,0,0.000,0.000,0.000,0.000,0.000,0.000,0.000,0.000,0,0,0,0,0,0,0,0,0,0,0,0,0,0,0,0,0,0,4501,5674,5631,129,6
4591,153.0,5696,57,39,1631,4065,0,0,3823,296.04,1.169,1.225,0.139,0.046,0.292,-0.925,1.801,0.4329,2.9361,0.605,0.002,0.011,0.190,-0.127,70,41,98,1,344,0,200059.34,30808.107,58257.767,62.006,20421.276,15.128,49030.197,21786.377,6220.334,22669.215,18135.372,4546.918,359.704,1969.620,0.000358,-0.020145,4160,0,64,34,98,64,22328,95,34,61.449,0,0,0,0,0,0,0,0,0,0,0,0,0,0,122124,2519,4065,84597.958,58082.574,20299.674,0.557,61.449,44016.315,20472.641,955.390,419,433,41,64,328,117511,0,0,0,0.000,0.000,0.000,0.000,0.000,0.000,0.000,0.000,0,0,0,0,0,0,0,0,0,0.000,0.000,0.000,0.000,0.000,0.000,0.000,0.000,0,0,0,0,0,0,0,0,0,0.000,0.000,0.000,0.000,0.000,0.000,0.000,0.000,0,0,0,0,0,0,0,0,0,0.000,0.000,0.000,0.000,0.000,0.000,0.000,0.000,0,0,0,0,0,0,0,0,0,0.000,0.000,0.000,0.000,0.000,0.000,0.000,0.000,0,0,0,0,0,0,0,0,0,0,0,0,0,0,0,0,0,0,4501,5674,5631,129,6
4621,154.0,5668,50,39,1605,4063,0,0,3809,318.93,1.176,1.230,0.139,0.048,0.290,-0.926,1.802,0.4342,2.9261,0.613,0.003,0.012,0.190,-0.127,70,39,175,0,313,0,195635.39,30092.251,57188.856,117.633,20569.502,15.994,49383.191,21952.364,6234.814,23487.911,18790.329,6993.590,466.545,2094.619,0.000252,-0.018293,4230,0,109,66,175,109,22107,126,64,113.070,0,0,0,0,0,0,0,0,0,0,0,0,0,0,122643,2472,4104,83429.751,57115.185,20384.902,0.752,113.070,44343.657,20545.394,1045.759,441,443,39,109,295,115588,0,0,0,0.000,0.000,0.000,0.000,0.000,0.000,0.000,0.000,0,0,0,0,0,0,0,0,0,0.000,0.000,0.000,0.000,0.000,0.000,0.000,0.000,0,0,0,0,0,0,0,0,0,0.000,0.000,0.000,0.000,0.000,0.000,0.000,0.000,0,0,0,0,0,0,0,0,0,0.000,0.000,0.000,0.000,0.000,0.000,0.000,0.000,0,0,0,0,0,0,0,0,0,0.000,0.000,0.000,0.000,0.000,0.000,0.000,0.000,0,0,0,0,0,0,0,0,0,0,0,0,0,0,0,0,0,0,4501,5674,5631,129,6
4651,155.0,5580,50,40,1598,3982,0,0,3687,306.76,1.176,1.227,0.141,0.048,0.292,-0.927,1.803,0.4321,2.8814,0.595,0.006,0.013,0.190,-0.128,73,40,187,0,338,0,192621.56,29655.537,57810.909,106.078,19543.883,14.278,48787.133,21386.524,6067.101,22168.218,17734.575,7378.606,465.420,2067.917,0.000238,-0.018689,4107,0,125,62,187,125,21809,153,61,104.274,0,0,0,0,0,0,0,0,0,0,0,0,0,0,120493,2497,3954,82857.392,57706.983,19337.828,1.200,104.274,43820.712,20013.918,1013.869,404,485,40,125,320,120518,0,0,0,0.000,0.000,0.000,0.000,0.000,0.000,0.000,0.000,0,0,0,0,0,0,0,0,0,0.000,0.000,0.000,0.000,0.000,0.000,0.000,0.000,0,0,0,0,0,0,0,0,0,0.000,0.000,0.000,0.000,0.000,0.000,0.000,0.000,0,0,0,0,0,0,0,0,0,0.000,0.000,0.000,0.000,0.000,0.000,0.000,0.000,0,0,0,0,0,0,0,0,0,0.000,0.000,0.000,0.000,0.000,0.000,0.000,0.000,0,0,0,0,0,0,0,0,0,0,0,0,0,0,0,0,0,0,4651,5580,5539,310,3
4681,156.0,5459,46,40,1579,3880,0,0,3580,307.52,1.175,1.222,0.142,0.046,0.295,-0.928,1.804,0.4354,2.8820,0.610,0.003,0.011,0.190,-0.128,70,53,164,0,342,0,187734.20,29033.072,53681.281,101.928,19445.163,13.841,48019.861,20976.149,5864.362,20178.491,16142.793,6499.152,365.689,1942.739,0.000205,-0.017964,4138,0,93,71,164,93,20570,137,71,100.823,0,0,0,0,0,0,0,0,0,0,0,0,0,0,117695,2320,4001,78396.380,53550.401,19233.413,1.105,100.823,43095.647,19675.569,943.802,362,464,53,93,318,122563,0,0,0,0.000,0.000,0.000,0.000,0.000,0.000,0.000,0.000,0,0,0,0,0,0,0,0,0,0.000,0.000,0.000,0.000,0.000,0.000,0.000,0.000,0,0,0,0,0,0,0,0,0,0.000,0.000,0.000,0.000,0.000,0.000,0.000,0.000,0,0,0,0,0,0,0,0,0,0.000,0.000,0.000,0.000,0.000,0.000,0.000,0.000,0,0,0,0,0,0,0,0,0,0.000,0.000,0.000,0.000,0.000,0.000,0.000,0.000,0,0,0,0,0,0,0,0,0,0,0,0,0,0,0,0,0,0,4651,5580,5539,310,3
4711,157.0,5342,57,40,1545,3797,0,0,3412,300.76,1.178,1.221,0.143,0.046,0.294,-0.928,1.805,0.4377,2.8850,0.603,0.000,0.010,0.190,-0.128,72,42,181,0,322,0,184039.28,27764.089,54504.374,131.337,18419.858,18.286,46943.518,20533.910,5574.487,20266.732,16213.386,6762.348,272.231,1954.875,0.000294,-0.019036,3960,0,110,71,181,110,20562,228,70,127.702,0,0,0,0,0,0,0,0,0,0,0,0,0,0,114692,2350,3732,78031.352,54378.028,18148.792,0.701,127.702,42092.916,19278.521,904.194,374,457,42,110,305,121627,0,0,0,0.000,0.000,0.000,0.000,0.000,0.000,0.000,0.000,0,0,0,0,0,0,0,0,0,0.000,0.000,0.000,0.000,0.000,0.000,0.000,0.000,0,0,0,0,0,0,0,0,0,0.000,0.000,0.000,0.000,0.000,0.000,0.000,0.000,0,0,0,0,0,0,0,0,0,0.000,0.000,0.000,0.000,0.000,0.000,0.000,0.000,0,0,0,0,0,0,0,0,0,0.000,0.000,0.000,0.000,0.000,0.000,0.000,0.000,0,0,0,0,0,0,0,0,0,0,0,0,0,0,0,0,0,0,4651,5580,5539,310,3
4741,158.0,5201,59,40,1499,3702,0,0,3314,357.64,1.180,1.223,0.144,0.045,0.294,-0.929,1.807,0.4337,2.8641,0.616,0.004,0.010,0.190,-0.128,85,60,151,0,344,0,179872.19,26654.776,52708.471,113.574,17464.921,17.266,46301.912,20109.829,5401.076,19780.929,15824.743,5736.778,415.986,1722.142,0.000353,-0.022611,3860,0,78,73,151,78,20321,205,73,112.569,0,0,0,0,0,0,0,0,0,0,0,0,0,0,112884,2286,3655,74954.085,52673.681,17145.922,1.004,112.569,41527.940,18909.584,857.183,372,467,60,78,329,125920,0,0,0,0.000,0.000,0.000,0.000,0.000,0.000,0.000,0.000,0,0,0,0,0,0,0,0,0,0.000,0.000,0.000,0.000,0.000,0.000,0.000,0.000,0,0,0,0,0,0,0,0,0,0.000,0.000,0.000,0.000,0.000,0.000,0.000,0.000,0,0,0,0,0,0,0,0,0,0.000,0.000,0.000,0.000,0.000,0.000,0.000,0.000,0,0,0,0,0,0,0,0,0,0.000,0.000,0.000,0.000,0.000,0.000,0.000,0.000,0,0,0,0,0,0,0,0,0,0,0,0,0,0,0,0,0,0,4651,5580,5539,310,3
4771,159.0,5117,61,40,1470,3647,0,0,3283,373.27,1.183,1.224,0.145,0.046,0.294,-0.930,1.807,0.4326,2.8899,0.613,0.003,0.009,0.191,-0.128,61,60,142,0,260,0,174814.09,25686.457,50271.500,84.491,17372.250,15.286,45223.455,19598.902,5273.691,17970.866,14376.693,5397.356,263.296,1749.677,0.000450,-0.024136,3671,0,88,54,142,88,19440,167,54,83.765,0,0,0,0,0,0,0,0,0,0,0,0,0,0,110016,2173,3504,72327.062,50179.121,17108.575,0.726,83.765,40562.845,18456.658,810.040,338,393,60,88,245,120653,0,0,0,0.000,0.000,0.000,0.000,0.000,0.000,0.000,0.000,0,0,0,0,0,0,0,0,0,0.000,0.000,0.000,0.000,0.000,0.000,0.000,0.000,0,0,0,0,0,0,0,0,0,0.000,0.000,0.000,0.000,0.000,0.000,0.000,0.000,0,0,0,0,0,0,0,0,0,0.000,0.000,0.000,0.000,0.000,0.000,0.000,0.000,0,0,0,0,0,0,0,0,0,0.000,0.000,0.000,0.000,0.000,0.000,0.000,0.000,0,0,0,0,0,0,0,0,0,0,0,0,0,0,0,0,0,0,4651,5580,5539,310,3
4801,160.0,5008,54,40,1437,3571,0,0,3220,373.61,1.187,1.226,0.146,0.046,0.294,-0.931,1.809,0.4325,2.8707,0.617,0.006,0.011,0.191,-0.128,60,66,105,0,328,0,170149.52,24914.244,49900.171,76.728,16814.167,12.242,44721.760,19324.970,5210.981,18684.161,14947.329,4759.498,267.937,1533.737,0.000353,-0.026337,3591,0,56,49,105,56,19201,132,49,76.278,0,0,0,0,0,0,0,0,0,0,0,0,0,0,108491,2153,3459,71307.397,49826.458,16582.740,0.450,76.278,40145.942,18219.553,784.165,348,424,66,56,302,128013,0,0,0,0.000,0.000,0.000,0.000,0.000,0.000,0.000,0.000,0,0,0,0,0,0,0,0,0,0.000,0.000,0.000,0.000,0.000,0.000,0.000,0.000,0,0,0,0,0,0,0,0,0,0.000,0.000,0.000,0.000,0.000,0.000,0.000,0.000,0,0,0,0,0,0,0,0,0,0.000,0.000,0.000,0.000,0.000,0.000,0.000,0.000,0,0,0,0,0,0,0,0,0,0.000,0.000,0.000,0.000,0.000,0.000,0.000,0.000,0,0,0,0,0,0,0,0,0,0,0,0,0,0,0,0,0,0,4801,5008,4983,55,0
4831,161.0,4840,54,40,1407,3433,0,0,3109,330.97,1.183,1.222,0.149,0.045,0.297,-0.931,1.808,0.4350,2.8626,0.635,0.005,0.011,0.191,-0.129,62,75,104,0,303,0,164563.59,24200.196,46290.601,75.552,15819.258,12.314,43583.673,18857.761,5079.271,14859.487,11887.590,3994.613,241.883,1423.164,0.000187,-0.026701,3482,0,56,48,104,56,18321,151,48,74.986,0,0,0,0,0,0,0,0,0,0,0,0,0,0,105323,1996,3331,66245.296,46198.168,15572.835,0.566,74.986,39085.804,17765.594,775.197,276,415,75,56,284,121531,0,0,0,0.000,0.000,0.000,0.000,0.000,0.000,0.000,0.000,0,0,0,0,0,0,0,0,0,0.000,0.000,0.000,0.000,0.000,0.000,0.000,0.000,0,0,0,0,0,0,0,0,0,0.000,0.000,0.000,0.000,0.000,0.000,0.000,0.000,0,0,0,0,0,0,0,0,0,0.000,0.000,0.000,0.000,0.000,0.000,0.000,0.000,0,0,0,0,0,0,0,0,0,0.000,0.000,0.000,0.000,0.000,0.000,0.000,0.000,0,0,0,0,0,0,1,0,0,0,0,0,0,0,0,0,0,0,4801,5008,4983,55,0
4861,162.0,4716,40,40,1382,3334,0,0,2978,302.19,1.182,1.219,0.150,0.044,0.298,-0.931,1.809,0.4357,2.8553,0.619,0.006,0.013,0.192,-0.130,55,40,125,0,307,0,158532.75,22694.755,45343.828,74.021,14985.439,15.260,41975.951,18086.277,4827.836,16469.603,13175.683,4380.629,154.663,1424.175,0.000356,-0.031177,3353,0,73,52,125,73,17969,149,52,73.449,0,0,0,0,0,0,0,0,0,0,0,0,0,0,101059,1950,3204,64346.512,45243.952,14783.842,0.572,73.449,37563.814,17001.753,773.185,305,404,40,73,291,117330,30,0,0,0.000,0.000,0.000,0.000,0.000,3.232,0.266,0.000,0,0,0,0,0,0,0,0,0,0.000,0.000,0.000,0.000,0.000,0.000,0.000,0.000,0,0,0,0,0,0,0,0,0,0.000,0.000,0.000,0.000,0.000,0.000,0.000,0.000,0,0,0,0,0,0,0,0,0,0.000,0.000,0.000,0.000,0.000,0.000,0.000,0.000,0,0,0,0,0,0,0,0,0,0.000,0.000,0.000,0.000,0.000,0.000,0.000,0.000,0,0,0,0,0,0,0,0,0,0,0,0,0,0,0,0,0,0,4801,5008,4983,55,0
4891,163.0,4517,53,40,1358,3159,0,0,2755,357.14,1.174,1.209,0.152,0.045,0.304,-0.932,1.808,0.4376,2.8562,0.631,0.004,0.012,0.191,-0.131,71,49,115,0,345,0,150612.58,21647.335,42447.663,81.009,14085.249,16.584,40561.671,17511.361,4541.732,14400.029,11520.023,5049.366,227.411,1324.632,0.000249,-0.031175,3149,0,59,56,115,59,17791,169,56,80.195,0,0,0,0,0,0,0,0,0,0,0,0,0,0,97213,1817,2980,60022.915,42334.580,13823.102,0.813,80.195,36197.752,16446.718,754.769,261,436,48,59,329,131931,30,0,0,0.000,0.000,0.000,0.000,0.000,3.228,0.261,0.000,0,0,0,0,0,0,0,0,0,0.000,0.000,0.000,0.000,0.000,0.000,0.000,0.000,0,0,0,0,0,0,0,0,0,0.000,0.000,0.000,0.000,0.000,0.000,0.000,0.000,0,0,0,0,0,0,0,0,0,0.000,0.000,0.000,0.000,0.000,0.000,0.000,0.000,0,0,0,0,0,0,0,0,0,0.000,0.000,0.000,0.000,0.000,0.000,0.000,0.000,0,0,0,0,0,0,0,0,0,0,0,0,0,0,0,0,0,0,4801,5008,4983,55,0
4921,164.0,4313,53,40,1314,2999,0,0,2641,409.77,1.171,1.203,0.154,0.045,0.307,-0.933,1.809,0.4367,2.8586,0.620,0.001,0.012,0.191,-0.132,74,57,114,0,292,0,141747.12,20380.277,38473.573,107.982,12798.670,14.325,38747.970,16521.244,4310.961,12329.122,9863.298,4305.109,345.486,1130.696,0.000232,-0.031852,2829,0,53,61,114,53,16987,85,61,107.493,0,0,0,0,0,0,0,0,0,0,0,0,0,0,92562,1654,2744,54653.325,38407.965,12675.679,0.488,107.493,34477.816,15507.996,712.204,226,386,57,53,276,113945,30,0,0,0.000,0.000,0.000,0.000,0.000,3.227,0.261,0.000,0,0,0,0,0,0,0,0,0,0.000,0.000,0.000,0.000,0.000,0.000,0.000,0.000,0,0,0,0,0,0,0,0,0,0.000,0.000,0.000,0.000,0.000,0.000,0.000,0.000,0,0,0,0,0,0,0,0,0,0.000,0.000,0.000,0.000,0.000,0.000,0.000,0.000,0,0,0,0,0,0,0,0,0,0.000,0.000,0.000,0.000,0.000,0.000,0.000,0.000,0,0,0,0,0,0,0,0,0,0,0,0,0,0,0,0,0,0,4801,5008,4983,55,0
4951,165.0,4080,58,38,1273,2807,0,0,2483,379.09,1.164,1.194,0.156,0.046,0.313,-0.933,1.809,0.4388,2.8615,0.641,0.002,0.014,0.191,-0.134,58,67,94,0,303,0,134048.23,19079.507,36500.556,78.904,11800.608,14.906,36693.774,15585.125,4061.218,11156.195,8924.956,3413.728,348.886,1023.885,0.000217,-0.032623,2573,0,46,48,94,46,16398,115,47,76.779,0,0,0,0,0,0,0,0,0,0,0,0,0,0,87163,1563,2458,51348.982,36369.368,11616.274,0.344,76.779,32560.527,14655.678,640.233,212,404,67,46,291,125650,30,0,0,0.000,0.000,0.000,0.000,0.000,3.238,0.261,0.000,0,0,0,0,0,0,0,0,0,0.000,0.000,0.000,0.000,0.000,0.000,0.000,0.000,0,0,0,0,0,0,0,0,0,0.000,0.000,0.000,0.000,0.000,0.000,0.000,0.000,0,0,0,0,0,0,0,0,0,0.000,0.000,0.000,0.000,0.000,0.000,0.000,0.000,0,0,0,0,0,0,0,0,0,0.000,0.000,0.000,0.000,0.000,0.000,0.000,0.000,0,0,0,0,0,0,0,0,0,0,0,0,0,0,0,0,0,0,4951,4080,4061,68,1
4981,166.0,3918,64,38,1245,2673,0,0,2376,344.24,1.159,1.189,0.157,0.045,0.317,-0.935,1.811,0.4334,2.8457,0.634,0.004,0.015,0.190,-0.134,65,74,77,0,261,0,127044.77,17760.985,35229.838,63.495,10819.712,14.273,34890.365,14670.469,3863.074,11842.318,9473.855,3175.663,155.310,934.443,0.000233,-0.032091,2358,0,37,40,77,37,15961,147,40,63.218,0,0,0,0,0,0,0,0,0,0,0,0,0,0,82401,1513,2211,48877.877,35168.932,10548.144,0.277,63.218,30828.055,13789.546,599.191,219,352,72,36,244,99146,8,0,0,0.000,0.000,0.000,0.000,0.000,0.865,0.070,0.000,0,1,0,1,0,128,0,0,0,0.000,0.000,0.000,0.000,0.000,0.000,0.000,0.000,0,0,0,0,0,0,0,0,0,0.000,0.000,0.000,0.000,0.000,0.000,0.000,0.000,0,0,0,0,0,0,0,0,0,0.000,0.000,0.000,0.000,0.000,0.000,0.000,0.000,0,0,0,0,0,0,0,0,0,0.000,0.000,0.000,0.000,0.000,0.000,0.000,0.000,0,0,0,0,0,0,0,0,0,0,0,0,0,0,0,0,0,0,4951,4080,4061,68,1
