tick,sim_second,organisms,food,species,plants,grazers,hunters,omnivores,infected,avg_lifespan,avg_body_size,avg_speed,avg_armor,avg_attack,avg_photo,avg_diet,avg_photo_area,avg_speed_plants,avg_speed_eaters,avg_light_share,ready_share_plants,ready_share_eaters,avg_disease_resistance,avg_symbiosis_rate,symbiotic_pairs,deaths_starvation,deaths_predation,deaths_old_age,deaths_disease,deaths_event,energy_total,flow_photosynthesis,flow_food,flow_predation,flow_grazing,flow_symbiosis,flow_metabolism,flow_movement,flow_disease,flow_reproduction_spent,flow_reproduction_received,flow_death,flow_clamp,flow_digestion,ledger_max_residual,ledger_cumulative_residual,grazes_eat,grazes_attack,kills_consumer,kills_plant,grazer_kills,grazer_kills_consumer,attacks_no_plant_in_reach,grazes_eat_by_plant,kills_plant_by_consumer,plant_kill_energy_consumer
31,1.0,466,10764,0,152,117,91,106,0,14.33,0.864,0.790,0.170,0.157,0.226,-0.059,1.534,0.3243,1.3167,0.797,0.441,0.175,0.097,-0.009,36,0,30,0,0,0,25877.86,1386.608,8198.282,53.724,39.007,12.206,2230.902,650.812,0.000,3608.358,2886.686,1461.445,1542.255,220.648,0.000123,-0.000548,22,0,22,8,13,9,3469,1,8,10.906
61,2.0,515,9500,0,154,154,87,120,0,23.16,0.889,0.804,0.161,0.146,0.207,-0.117,1.541,0.3282,1.4039,0.782,0.494,0.158,0.092,-0.006,58,0,20,0,0,0,27617.85,1318.978,7944.540,44.599,56.819,17.200,2462.624,674.774,0.000,2804.904,2243.924,991.630,2723.197,154.926,0.000133,-0.001462,31,0,17,3,5,3,4085,17,3,3.246
91,3.0,604,8239,0,154,229,85,136,1,29.19,0.918,0.835,0.140,0.128,0.181,-0.196,1.540,0.3250,1.5455,0.800,0.526,0.142,0.086,-0.004,84,0,13,0,0,0,31361.25,1304.390,10428.339,28.820,149.871,21.905,2828.845,826.012,0.111,4203.757,3363.006,751.654,2645.596,125.176,0.000133,-0.003095,58,0,11,2,5,5,5396,41,2,0.646
121,4.0,679,7264,0,158,280,84,157,1,34.73,0.925,0.855,0.132,0.121,0.169,-0.236,1.536,0.3204,1.6531,0.831,0.525,0.121,0.084,-0.002,66,1,20,0,0,0,33123.75,1361.707,8476.743,27.571,86.986,24.276,3329.969,1076.902,1.665,3790.902,3032.721,828.196,1895.525,213.089,0.000094,-0.003648,54,0,18,2,15,14,7257,46,2,3.781
151,5.0,777,6214,78,162,350,82,183,1,47.45,0.925,0.875,0.114,0.115,0.156,-0.273,1.535,0.3243,1.7938,0.799,0.481,0.109,0.081,-0.000,89,9,30,0,0,0,36248.43,1413.891,11223.046,21.554,87.210,23.609,3709.714,1261.800,1.665,5415.158,4332.127,1253.921,1993.651,230.024,0.000127,-0.004687,28,0,24,6,24,22,8286,8,6,6.480
181,6.0,947,4889,78,167,491,78,211,3,58.75,0.951,0.904,0.095,0.102,0.137,-0.327,1.531,0.3235,1.8767,0.833,0.461,0.092,0.074,0.005,96,17,25,0,0,0,42489.25,1483.021,16657.792,37.205,184.256,22.476,4577.605,1800.202,1.948,8752.420,7001.936,981.445,2512.409,313.103,0.000109,-0.004469,49,0,25,0,15,15,10867,16,0,0.000
211,7.0,1093,3916,78,169,633,65,226,6,83.64,0.970,0.923,0.084,0.090,0.124,-0.375,1.533,0.3267,1.9853,0.800,0.462,0.071,0.068,0.008,100,29,38,0,0,0,46851.63,1542.289,16286.587,36.608,254.109,18.228,5531.484,2604.491,9.292,8975.098,7180.079,1618.152,1601.410,343.255,0.000134,-0.005593,45,0,38,0,27,27,14358,3,0,0.000
241,8.0,1293,2858,78,177,826,53,237,8,114.43,0.996,0.948,0.076,0.077,0.113,-0.415,1.542,0.3215,2.0685,0.781,0.412,0.057,0.061,0.011,115,36,47,0,1,0,52656.52,1595.414,20151.387,38.425,419.765,21.867,6567.055,3223.051,14.315,11982.308,9585.847,1899.935,1395.233,484.286,0.000126,-0.005454,47,0,44,3,38,36,18735,1,3,8.228
271,9.0,1424,2000,78,179,987,37,221,10,129.77,1.014,0.971,0.068,0.070,0.107,-0.451,1.554,0.3240,2.1378,0.778,0.402,0.051,0.056,0.015,125,60,71,0,3,0,56129.36,1726.265,19587.094,61.230,396.384,21.137,7578.946,3684.324,17.365,11324.749,9059.799,2917.631,860.730,577.796,0.000122,-0.006006,58,0,65,6,58,52,23183,2,6,15.695
301,10.0,1495,1253,66,177,1089,25,204,15,140.10,1.034,0.993,0.064,0.061,0.103,-0.472,1.551,0.3143,2.1759,0.763,0.350,0.047,0.052,0.014,135,90,95,0,1,0,58241.20,1754.501,20894.016,48.182,756.475,18.252,8329.374,4412.262,21.102,11023.578,8818.862,3527.739,1179.954,909.723,0.000082,-0.005459,105,0,84,11,92,82,26722,7,11,22.340
331,11.0,1492,936,66,176,1122,14,180,23,144.04,1.046,1.005,0.059,0.056,0.102,-0.490,1.552,0.3091,2.1902,0.763,0.324,0.044,0.050,0.016,126,86,89,0,1,0,57269.62,1821.433,17105.533,50.210,896.138,19.883,8593.389,4723.160,36.168,7440.256,5952.205,3276.255,887.770,943.960,0.000170,-0.004340,141,0,81,8,89,81,28507,16,8,29.968
361,12.0,1482,775,66,178,1130,10,164,22,164.10,1.054,1.011,0.058,0.051,0.102,-0.499,1.555,0.3090,2.1991,0.770,0.281,0.042,0.048,0.017,137,97,65,0,8,0,57066.47,1875.843,16356.555,39.161,602.851,19.158,8755.724,4659.973,42.152,6897.264,5517.811,2374.626,645.772,617.008,0.000095,-0.004002,97,0,59,6,64,58,29896,14,6,20.583
391,13.0,1449,823,66,176,1118,8,147,28,169.18,1.062,1.008,0.057,0.052,0.102,-0.504,1.551,0.3185,2.1477,0.747,0.244,0.042,0.047,0.018,122,93,63,0,5,0,55759.31,1944.448,14567.262,43.890,780.852,17.088,8639.744,4522.577,48.556,5567.323,4453.859,2233.241,591.033,714.146,0.000154,-0.003187,114,0,55,8,63,55,29747,6,8,27.520
421,14.0,1435,817,66,183,1108,7,137,28,167.34,1.060,1.002,0.058,0.050,0.106,-0.507,1.554,0.3158,2.1516,0.769,0.219,0.045,0.047,0.018,118,67,86,0,5,0,55767.87,2073.683,16409.772,31.709,546.818,16.402,8603.002,4393.335,59.370,6146.500,4917.200,2853.329,723.462,644.809,0.000140,-0.003679,79,0,83,3,85,82,29958,0,3,7.511
451,15.0,1482,851,58,190,1165,5,122,36,192.62,1.069,0.998,0.058,0.045,0.106,-0.516,1.547,0.3139,2.1172,0.772,0.232,0.047,0.044,0.021,122,70,61,0,0,0,58629.81,2247.465,18501.403,34.714,616.008,15.776,8615.686,4351.344,55.344,7662.675,6130.140,2117.445,603.948,645.337,0.000179,-0.002289,116,0,55,6,61,55,30161,24,6,16.739
481,16.0,1585,766,58,196,1264,3,122,37,214.99,1.076,1.011,0.057,0.044,0.104,-0.520,1.533,0.3280,2.1312,0.743,0.189,0.041,0.043,0.022,101,46,65,0,3,0,62755.46,2457.061,21627.716,39.128,1086.087,14.669,9264.739,4738.621,64.422,9285.616,7428.493,2447.067,634.010,992.278,0.000150,-0.001176,182,0,57,8,65,57,32012,34,8,21.400
511,17.0,1652,789,58,203,1336,1,112,34,198.46,1.085,1.022,0.057,0.043,0.103,-0.526,1.527,0.3305,2.1769,0.750,0.158,0.041,0.042,0.022,99,46,103,0,4,0,65637.11,2524.923,22420.147,41.553,1090.495,16.422,9706.222,5000.479,67.175,9584.216,7667.373,3649.854,678.616,1085.781,0.000138,-0.001159,190,0,100,3,103,100,33483,36,3,11.425
541,18.0,1724,804,58,204,1416,0,104,39,202.23,1.093,1.030,0.057,0.041,0.101,-0.529,1.544,0.3187,2.1863,0.744,0.147,0.038,0.041,0.023,123,41,94,0,1,0,68553.01,2660.118,22803.384,43.633,865.146,15.010,10315.666,5312.775,65.201,8915.442,7132.354,3592.522,555.174,966.810,0.000121,-0.002043,176,0,82,12,94,82,36042,36,12,20.189
571,19.0,1816,763,58,204,1515,0,97,44,196.90,1.105,1.044,0.057,0.041,0.097,-0.533,1.535,0.3338,2.2061,0.738,0.137,0.037,0.040,0.024,117,51,103,0,1,0,72488.96,2734.838,25509.080,60.631,1042.540,16.067,10904.345,5618.529,65.718,10780.619,8624.495,3874.876,619.618,1129.388,0.000144,-0.002302,223,0,91,12,103,91,38520,58,12,38.266
601,20.0,1929,761,51,216,1624,0,89,43,197.35,1.112,1.049,0.056,0.041,0.097,-0.537,1.535,0.3285,2.2180,0.709,0.153,0.036,0.039,0.024,124,63,83,0,1,0,76922.80,2882.244,26540.933,28.864,909.398,15.325,11704.394,6104.535,71.762,11286.373,9029.098,3263.171,609.447,1007.624,0.000124,-0.001002,214,0,80,3,83,80,41689,66,3,5.467
631,21.0,2019,641,51,225,1713,0,81,49,190.51,1.115,1.055,0.058,0.040,0.096,-0.541,1.535,0.3331,2.2330,0.720,0.116,0.037,0.039,0.024,122,65,116,0,1,0,81547.84,3027.175,28948.247,50.776,1026.943,16.390,12356.186,6530.049,75.375,11711.115,9368.892,4453.504,492.542,1151.268,0.000161,-0.001663,217,0,107,9,116,107,44078,42,9,23.927
661,22.0,2118,648,51,231,1817,0,70,48,187.34,1.121,1.065,0.057,0.037,0.095,-0.545,1.545,0.3404,2.2545,0.703,0.104,0.033,0.037,0.024,132,47,149,0,3,0,84108.49,3176.931,29778.826,71.247,1155.828,14.733,13164.129,7057.941,74.626,12862.033,10289.626,5469.976,828.660,1298.618,0.000117,-0.001883,231,0,132,17,149,132,47296,35,17,38.996
691,23.0,2219,607,51,216,1942,0,61,53,222.05,1.132,1.080,0.057,0.036,0.087,-0.549,1.548,0.3457,2.2651,0.715,0.102,0.034,0.036,0.024,122,68,127,0,4,0,88959.52,3215.645,32210.739,82.876,1226.147,15.508,13966.648,7573.666,76.924,12992.699,10394.160,4511.201,685.275,1245.982,0.000167,-0.001026,273,0,96,31,127,96,50266,72,31,62.261
721,24.0,2327,543,51,223,2049,0,55,55,224.01,1.140,1.086,0.058,0.035,0.087,-0.552,1.550,0.3309,2.2784,0.722,0.063,0.031,0.036,0.024,112,52,122,0,5,0,92523.80,3226.223,32603.978,40.434,1490.847,13.769,14793.209,8075.841,82.363,12517.315,10013.852,4619.191,706.711,1525.583,0.000289,0.000107,365,0,113,9,122,113,53129,119,9,16.543
751,25.0,2398,504,41,215,2130,0,53,62,223.71,1.148,1.092,0.057,0.035,0.083,-0.553,1.544,0.3433,2.2789,0.752,0.060,0.033,0.036,0.024,119,69,148,0,1,0,95109.33,3300.064,32915.855,70.233,1271.288,17.437,15500.847,8515.494,82.914,12586.234,10068.987,4967.383,767.589,1349.144,0.000195,-0.001091,320,0,124,24,148,124,55948,74,24,47.843
781,26.0,2481,513,41,214,2221,0,46,69,221.34,1.151,1.091,0.058,0.035,0.081,-0.556,1.536,0.3491,2.2787,0.710,0.070,0.031,0.035,0.025,94,76,135,0,7,0,96867.95,3353.453,32446.963,57.456,1188.052,14.419,16039.973,8769.556,96.720,12970.891,10376.713,4909.799,425.921,1263.107,0.000176,-0.000848,307,0,115,20,135,115,58178,91,20,32.541
811,27.0,2491,507,41,211,2242,0,38,73,232.48,1.151,1.088,0.058,0.036,0.080,-0.558,1.524,0.3325,2.2666,0.696,0.057,0.032,0.034,0.025,105,86,173,0,5,0,99313.65,3285.208,34903.485,55.354,1395.273,13.801,16309.774,8862.372,107.425,11886.259,9509.007,6065.944,524.246,1551.330,0.000219,-0.003000,312,0,158,15,173,158,59347,65,15,25.671
841,28.0,2608,481,41,215,2361,0,32,85,230.65,1.154,1.091,0.057,0.036,0.078,-0.561,1.533,0.3326,2.2696,0.683,0.042,0.030,0.034,0.024,107,84,126,0,3,0,102614.76,3257.539,35337.959,56.146,1291.665,15.976,16777.647,9187.894,115.692,14268.720,11414.976,4501.585,555.682,1358.288,0.000143,-0.003252,305,0,111,15,126,111,60845,71,15,36.779
871,29.0,2663,477,41,227,2410,0,26,94,212.24,1.155,1.092,0.058,0.035,0.080,-0.563,1.530,0.3295,2.2794,0.675,0.044,0.031,0.034,0.024,119,67,157,0,10,0,103989.80,3479.175,34945.820,39.422,1285.572,15.353,17424.042,9636.153,128.269,12546.840,10037.472,5384.941,600.938,1405.664,0.000144,-0.002102,317,0,149,8,157,149,62981,52,8,12.851
901,30.0,2690,476,36,219,2446,0,25,103,226.74,1.162,1.096,0.061,0.036,0.078,-0.564,1.526,0.3359,2.2740,0.678,0.055,0.028,0.034,0.023,104,79,189,0,9,0,104585.27,3703.754,36066.429,87.855,1359.242,14.821,17714.119,9737.754,146.737,13250.629,10600.504,6898.931,499.774,1615.130,0.000157,-0.001970,363,0,161,28,189,161,63283,90,28,58.368
931,31.0,2651,446,36,222,2405,0,24,108,203.24,1.164,1.094,0.064,0.036,0.080,-0.565,1.520,0.3424,2.2634,0.707,0.045,0.028,0.035,0.023,92,82,232,0,7,0,103383.95,3382.220,35852.542,58.942,1318.774,13.746,17992.830,9777.104,151.599,12356.847,9885.478,7720.137,661.776,1720.210,0.000154,-0.002600,370,0,219,13,232,219,64109,98,13,21.653
961,32.0,2683,441,36,225,2437,0,21,125,253.49,1.166,1.093,0.065,0.035,0.081,-0.566,1.510,0.3492,2.2544,0.729,0.049,0.031,0.034,0.023,95,78,165,0,7,0,105289.19,3662.588,35790.903,48.720,1407.774,17.122,17959.323,9732.605,175.451,12304.033,9843.226,5239.979,464.041,1564.770,0.000116,-0.003818,391,0,150,15,165,150,62997,119,15,25.083
991,33.0,2659,465,36,223,2420,0,16,132,219.73,1.169,1.092,0.067,0.034,0.081,-0.567,1.509,0.3419,2.2506,0.730,0.036,0.029,0.034,0.022,102,88,210,0,12,0,103489.99,3671.650,34580.726,72.020,1356.093,17.187,17984.683,9642.154,180.692,12444.528,9955.622,7493.333,638.005,1695.817,0.000291,-0.002106,392,0,188,22,210,188,62744,124,22,36.035
1021,34.0,2676,430,36,227,2434,0,15,141,263.13,1.171,1.091,0.069,0.036,0.082,-0.568,1.489,0.3339,2.2432,0.721,0.026,0.027,0.034,0.021,109,92,186,0,16,0,102454.41,3581.559,35305.939,71.534,1436.869,18.073,18098.366,9746.589,208.017,13505.538,10804.431,6953.659,644.007,1642.876,0.000228,-0.004493,371,0,166,20,186,166,63000,90,20,38.097
1051,35.0,2657,416,35,216,2428,0,13,151,270.36,1.174,1.093,0.070,0.036,0.080,-0.569,1.504,0.3522,2.2525,0.682,0.014,0.029,0.034,0.022,117,78,190,0,14,0,101022.85,3319.362,33827.395,58.062,1499.336,16.800,18092.432,9779.757,219.594,11481.103,9184.883,6220.583,455.009,1572.775,0.000113,-0.004930,342,0,166,24,190,166,63297,34,24,30.033
1081,36.0,2610,417,35,210,2392,0,8,153,272.66,1.177,1.095,0.070,0.036,0.079,-0.570,1.499,0.3673,2.2398,0.715,0.019,0.027,0.034,0.023,107,90,187,0,9,0,99599.95,3159.127,33515.081,58.123,1239.203,18.880,18039.319,9800.639,229.246,10469.779,8375.823,6232.502,363.952,1395.623,0.000193,-0.004947,274,0,167,20,187,167,63099,3,20,28.605
1111,37.0,2581,417,35,215,2360,0,6,170,256.70,1.177,1.090,0.071,0.035,0.082,-0.571,1.504,0.3841,2.2371,0.693,0.042,0.030,0.034,0.021,110,103,161,0,9,0,98180.16,3188.962,32469.344,50.417,1047.761,16.982,17744.561,9453.510,236.096,10683.303,8546.643,5701.651,617.951,1238.075,0.000210,-0.005107,240,0,149,12,161,149,62168,12,12,23.865
1141,38.0,2537,435,35,215,2319,0,3,173,277.80,1.179,1.090,0.073,0.036,0.083,-0.572,1.496,0.3749,2.2310,0.724,0.023,0.029,0.035,0.021,94,99,179,0,7,0,95337.70,3078.550,31192.155,52.454,1251.685,16.413,17655.785,9317.729,254.495,10473.769,8379.015,6082.217,364.863,1395.773,0.000155,-0.006154,267,0,160,19,179,160,61266,8,19,24.755
1171,39.0,2480,403,35,208,2269,0,3,187,242.13,1.182,1.088,0.072,0.035,0.082,-0.573,1.506,0.3666,2.2329,0.724,0.010,0.029,0.035,0.021,98,108,160,0,18,0,94003.97,2944.081,31665.189,48.863,1387.619,17.403,17288.138,9102.671,269.699,10140.485,8112.388,5401.740,482.323,1419.205,0.000215,-0.005370,298,0,144,16,160,144,59517,13,16,23.538
1201,40.0,2428,408,31,209,2217,0,2,186,293.23,1.185,1.082,0.073,0.034,0.084,-0.574,1.516,0.3708,2.2253,0.731,0.019,0.028,0.035,0.020,109,92,152,0,19,0,90722.54,2888.070,28642.746,39.494,1166.513,16.124,16906.316,8777.862,272.865,9288.488,7430.791,5467.462,303.643,1265.895,0.000185,-0.004020,266,0,142,10,152,142,57936,7,10,14.504
1231,41.0,2396,420,31,210,2184,0,2,193,279.16,1.184,1.082,0.075,0.036,0.086,-0.573,1.504,0.3704,2.2371,0.764,0.038,0.029,0.035,0.020,103,98,139,0,17,0,88402.91,2864.664,28443.162,36.626,1014.220,18.842,16644.340,8630.187,279.528,9794.289,7835.431,4775.652,231.060,1144.448,0.000160,-0.002705,232,0,129,10,139,129,57085,17,10,17.028
1261,42.0,2285,348,31,206,2077,0,2,181,286.98,1.182,1.081,0.076,0.037,0.088,-0.573,1.493,0.3690,2.2336,0.745,0.024,0.031,0.035,0.021,100,109,180,0,27,0,85066.96,2698.386,28682.402,61.033,1090.671,16.636,16235.569,8458.423,285.470,8954.492,7163.594,6352.188,225.712,1429.518,0.000240,-0.001906,396,0,161,19,180,161,55271,165,19,34.659
1291,43.0,2206,346,31,196,2008,0,2,182,315.01,1.183,1.082,0.077,0.038,0.087,-0.573,1.486,0.3691,2.2255,0.786,0.026,0.029,0.035,0.021,109,96,149,0,12,0,81003.55,2468.180,25601.222,38.999,907.347,17.323,15581.741,8108.535,274.669,7927.866,6342.293,5110.561,376.505,1134.227,0.000163,-0.001891,293,0,135,14,149,135,53011,102,14,16.608
1321,44.0,2105,348,31,197,1906,0,2,170,299.40,1.180,1.076,0.080,0.037,0.091,-0.573,1.489,0.3909,2.2192,0.759,0.025,0.031,0.035,0.021,108,92,143,0,22,0,76617.05,2390.931,23536.148,45.504,864.127,16.095,14918.764,7629.606,268.525,6795.513,5436.410,4720.622,425.326,1037.140,0.000147,-0.002084,278,0,131,12,143,131,50544,80,12,26.580
1351,45.0,2019,359,30,202,1815,0,2,160,310.64,1.176,1.072,0.081,0.036,0.095,-0.573,1.498,0.3745,2.2086,0.756,0.030,0.032,0.036,0.020,106,111,114,0,19,0,72749.91,2280.944,22162.098,23.909,851.344,17.654,14273.674,7293.403,249.970,6944.808,5555.846,3937.598,249.930,940.556,0.000109,-0.001662,246,0,108,6,114,108,48404,63,6,5.729
1381,46.0,1923,307,30,202,1719,0,2,152,321.23,1.172,1.070,0.081,0.037,0.099,-0.573,1.500,0.3934,2.2118,0.763,0.020,0.033,0.036,0.018,87,125,116,0,16,0,69396.58,2225.510,21906.302,35.975,788.968,16.844,13600.001,6958.282,231.432,6966.861,5573.489,4181.895,209.649,946.486,0.000126,-0.001414,231,0,102,14,116,102,46051,49,14,18.755
1411,47.0,1825,354,30,201,1622,0,2,133,312.64,1.168,1.066,0.084,0.036,0.102,-0.574,1.502,0.3877,2.2108,0.787,0.020,0.033,0.037,0.018,95,102,103,0,17,0,65533.08,2162.043,18957.323,31.118,734.504,16.879,12998.681,6617.721,207.870,5341.919,4273.535,2989.602,359.438,772.286,0.000151,-0.000657,192,0,89,14,103,89,44045,24,14,18.783
1441,48.0,1714,342,30,194,1518,0,2,114,338.55,1.164,1.064,0.086,0.036,0.105,-0.574,1.491,0.3740,2.2073,0.787,0.015,0.037,0.037,0.018,97,93,112,0,15,0,61405.11,2026.245,18076.549,36.274,692.404,16.534,12243.991,6080.416,180.688,4738.391,3790.713,3702.501,301.626,810.128,0.000185,-0.002081,212,0,97,15,112,97,41128,52,15,20.731
1471,49.0,1626,350,30,190,1434,0,2,103,318.40,1.162,1.059,0.086,0.036,0.108,-0.575,1.484,0.3866,2.1926,0.793,0.021,0.033,0.037,0.016,89,87,81,0,14,0,58254.16,1944.622,16457.012,23.719,643.208,17.373,11555.290,5688.292,157.694,4121.533,3297.226,2433.987,265.394,651.340,0.000102,-0.003082,151,0,72,9,81,72,39088,15,9,13.403
1501,50.0,1571,290,28,184,1385,0,2,86,342.27,1.157,1.060,0.084,0.034,0.109,-0.575,1.490,0.3833,2.2072,0.803,0.022,0.033,0.037,0.016,100,92,74,0,12,0,56218.89,1832.915,16796.454,34.014,600.457,14.395,11000.588,5371.971,135.573,5363.761,4291.009,2247.905,272.565,597.305,0.000138,-0.003962,133,0,62,12,74,62,37001,0,12,24.011
1531,51.0,1528,280,28,188,1338,0,2,79,355.36,1.152,1.053,0.085,0.034,0.114,-0.575,1.486,0.3655,2.1990,0.793,0.011,0.031,0.037,0.016,107,96,35,0,10,0,53253.97,1790.008,14154.162,17.420,643.547,15.142,10621.353,5306.211,119.210,4206.934,3365.548,1236.722,271.487,530.130,0.000189,-0.006386,149,0,29,6,35,29,35866,8,6,12.042
1561,52.0,1471,298,28,189,1280,0,2,75,354.97,1.149,1.048,0.088,0.034,0.118,-0.574,1.492,0.3622,2.2008,0.830,0.021,0.034,0.037,0.016,92,93,37,0,6,0,50126.13,1759.668,13131.965,11.383,617.611,11.392,10331.337,5083.083,111.677,3488.818,2791.054,1210.578,86.455,509.968,0.000109,-0.007066,151,0,33,4,37,33,34916,4,4,6.321
1591,53.0,1369,288,28,189,1178,0,2,62,364.03,1.143,1.038,0.088,0.033,0.125,-0.574,1.489,0.3892,2.1850,0.841,0.021,0.031,0.037,0.015,87,112,54,0,10,0,45868.04,1755.379,11159.394,12.987,482.571,13.287,9712.586,4621.359,100.902,3216.349,2573.079,1516.600,103.880,487.259,0.000157,-0.006095,139,0,47,7,54,47,32872,20,7,6.929
1621,54.0,1290,279,28,194,1094,0,2,49,322.06,1.133,1.027,0.088,0.033,0.134,-0.573,1.496,0.3695,2.1750,0.810,0.015,0.029,0.038,0.014,87,95,31,0,12,0,42262.69,1734.889,10099.693,10.625,440.539,14.796,9081.683,4258.793,87.261,2446.723,1957.378,1078.983,55.761,398.725,0.000088,-0.007090,104,0,28,3,31,28,30703,6,3,5.890
1651,55.0,1198,247,29,197,999,0,2,49,374.64,1.120,1.014,0.088,0.032,0.144,-0.572,1.498,0.3854,2.1697,0.781,0.005,0.029,0.039,0.012,79,114,40,0,5,0,39655.94,1647.540,10331.210,14.049,518.553,13.133,8416.656,3927.097,71.268,2840.872,2272.698,1095.785,80.665,439.902,0.000100,-0.007858,118,0,35,5,40,35,28486,5,5,9.094
1681,56.0,1148,239,29,207,939,0,2,46,424.44,1.105,1.004,0.086,0.032,0.155,-0.571,1.512,0.3815,2.1780,0.781,0.010,0.026,0.040,0.011,75,81,14,0,8,0,37347.43,1680.733,8635.127,2.105,377.223,13.289,7819.057,3550.947,74.012,2198.084,1758.467,396.903,49.406,296.531,0.000129,-0.008001,112,0,14,0,14,14,26654,20,0,0.000
1711,57.0,1085,260,29,211,872,0,2,45,445.07,1.093,0.997,0.087,0.032,0.165,-0.570,1.520,0.3710,2.1813,0.813,0.014,0.023,0.041,0.010,110,79,22,0,2,0,34741.51,1714.676,7877.124,7.837,398.075,16.996,7390.855,3323.223,68.388,1672.604,1338.083,708.268,65.272,315.035,0.000147,-0.007336,81,0,19,3,22,19,25045,0,3,5.027
1741,58.0,1018,260,29,215,802,0,1,39,426.52,1.080,0.984,0.087,0.032,0.177,-0.569,1.528,0.3814,2.1601,0.799,0.014,0.026,0.042,0.009,72,87,19,0,6,0,32710.99,1760.046,7634.255,6.882,492.090,17.594,6917.125,3093.851,65.903,1878.293,1502.634,547.893,57.478,373.794,0.000122,-0.007756,111,0,16,3,19,16,23353,6,3,4.922
1771,59.0,961,254,29,224,736,0,1,33,441.87,1.061,0.968,0.090,0.030,0.193,-0.569,1.528,0.3666,2.1636,0.796,0.018,0.027,0.044,0.008,74,87,11,0,0,0,31769.01,1809.289,7516.874,0.992,481.231,15.254,6405.638,2805.294,55.417,1688.704,1350.963,238.904,80.652,345.485,0.000112,-0.008773,110,0,11,0,11,11,22048,5,0,0.000
1801,60.0,918,296,29,229,688,0,1,24,455.46,1.047,0.959,0.094,0.031,0.205,-0.570,1.534,0.3865,2.1479,0.788,0.013,0.032,0.046,0.007,73,69,15,0,3,0,30557.61,1866.247,6649.755,8.115,401.044,15.275,5997.365,2574.480,43.682,1795.889,1436.711,401.283,74.575,284.952,0.000121,-0.010140,85,0,10,5,15,10,20829,4,5,6.991
1831,61.0,905,275,29,238,666,0,1,25,474.33,1.031,0.953,0.096,0.031,0.215,-0.573,1.546,0.3829,2.1624,0.790,0.017,0.036,0.047,0.007,73,57,15,0,1,0,30941.26,1920.400,7841.082,2.879,404.025,12.349,5745.455,2434.074,39.251,2448.571,1958.857,279.170,104.720,288.327,0.000083,-0.009912,91,0,13,2,15,13,20140,4,2,1.906
1861,62.0,908,276,29,246,662,0,0,21,513.32,1.026,0.948,0.097,0.031,0.222,-0.574,1.550,0.3735,2.1523,0.776,0.016,0.033,0.048,0.007,74,46,11,0,1,0,31231.81,2029.957,7577.133,7.655,437.248,14.300,5677.085,2421.389,38.539,2529.799,2023.839,289.636,74.931,316.651,0.000106,-0.009987,102,0,7,4,11,7,20011,16,4,6.850
1891,63.0,926,293,29,259,667,0,0,17,518.97,1.017,0.942,0.096,0.031,0.227,-0.573,1.552,0.3776,2.1761,0.755,0.012,0.028,0.049,0.005,76,38,8,0,1,0,31445.87,2085.017,7568.016,6.931,518.327,14.484,5707.961,2452.870,34.131,2623.691,2098.953,210.043,157.111,359.061,0.000103,-0.009484,163,0,4,4,8,4,20292,60,4,6.288
1921,64.0,921,323,29,272,649,0,0,17,506.21,1.003,0.936,0.099,0.032,0.239,-0.573,1.549,0.3951,2.2158,0.748,0.018,0.029,0.050,0.004,94,49,20,0,0,0,31598.80,2232.617,7788.400,9.536,401.477,14.119,5698.295,2452.383,30.993,2567.285,2053.828,591.495,246.182,344.811,0.000134,-0.008981,165,0,16,4,20,16,20309,88,4,6.745
1951,65.0,942,334,29,285,657,0,0,16,507.76,0.997,0.933,0.098,0.031,0.246,-0.573,1.558,0.3864,2.2390,0.742,0.025,0.035,0.051,0.004,89,48,18,0,2,0,33035.74,2346.592,9008.514,15.117,349.260,11.549,5651.101,2460.885,29.268,3642.408,2913.926,590.724,168.207,304.621,0.000159,-0.008295,145,0,11,7,18,11,20585,84,7,13.036
1981,66.0,964,381,29,302,662,0,0,20,464.58,0.982,0.930,0.096,0.034,0.255,-0.572,1.566,0.3981,2.2566,0.723,0.020,0.038,0.053,0.003,99,52,16,0,1,0,34647.98,2528.252,9260.618,8.130,483.889,12.051,5751.419,2559.754,32.007,3625.697,2900.558,619.112,109.110,388.223,0.000099,-0.008213,133,0,13,3,16,13,21312,41,3,5.870
2011,67.0,1012,393,29,314,698,0,0,22,472.71,0.983,0.936,0.097,0.037,0.253,-0.572,1.569,0.4034,2.2422,0.755,0.022,0.036,0.053,0.002,109,34,23,0,2,0,37266.71,2829.412,10533.579,22.478,495.288,14.006,5890.048,2635.370,38.173,4358.054,3486.443,662.275,306.690,362.565,0.000134,-0.007288,102,0,11,12,23,11,22403,11,12,20.769
2041,68.0,1064,440,29,349,715,0,0,24,442.40,0.965,0.923,0.100,0.039,0.267,-0.572,1.566,0.4087,2.2535,0.716,0.017,0.042,0.056,0.001,99,32,25,0,2,0,39690.39,3158.466,10619.338,8.865,580.842,13.513,6195.896,2770.078,38.936,4265.278,3412.222,751.872,289.743,463.413,0.000118,-0.006409,132,0,22,3,25,22,23398,17,3,5.967
2071,69.0,1140,401,29,364,776,0,0,26,421.82,0.961,0.933,0.101,0.038,0.262,-0.570,1.579,0.3950,2.2916,0.727,0.025,0.046,0.056,0.005,117,35,43,0,0,0,43186.11,3614.527,12760.433,36.875,581.781,13.657,6454.799,2937.272,45.543,6100.330,4880.264,1283.319,468.786,506.328,0.000128,-0.006501,135,0,24,19,43,24,24502,31,19,32.297
2101,70.0,1238,398,26,389,849,0,0,26,384.18,0.957,0.939,0.100,0.040,0.260,-0.568,1.577,0.4091,2.3208,0.708,0.026,0.039,0.057,0.006,99,30,39,0,2,0,46890.46,3926.052,13992.916,28.927,916.112,13.391,6864.977,3213.620,46.368,6740.182,5392.145,1599.428,395.058,776.062,0.000127,-0.005692,197,0,27,12,39,27,25723,31,11,20.985
2131,71.0,1350,415,26,411,939,0,0,29,355.23,0.962,0.949,0.098,0.039,0.253,-0.568,1.586,0.4203,2.3493,0.687,0.024,0.042,0.056,0.008,127,22,51,0,2,0,50802.03,4304.434,14850.499,48.069,696.025,12.710,7479.848,3683.517,50.316,7408.963,5927.171,1747.877,259.552,588.531,0.000154,-0.004574,197,0,26,25,51,26,28089,65,24,41.873
2161,72.0,1484,382,26,443,1041,0,0,37,321.76,0.963,0.956,0.097,0.039,0.251,-0.567,1.592,0.4200,2.3743,0.688,0.025,0.036,0.056,0.007,153,26,62,0,0,0,55520.21,4795.507,17313.152,42.930,1123.128,14.557,8231.535,4086.299,56.906,8880.773,7104.618,2036.395,299.682,946.433,0.000117,-0.004342,263,0,43,19,62,43,30585,63,19,33.248
2191,73.0,1585,398,26,467,1118,0,0,36,338.62,0.965,0.955,0.102,0.037,0.248,-0.566,1.594,0.4209,2.3663,0.659,0.024,0.038,0.056,0.005,143,41,81,0,1,0,59160.88,5311.678,17405.331,64.306,1289.145,13.419,8785.104,4438.510,64.514,9011.375,7209.100,2726.940,253.552,1069.758,0.000116,-0.003317,278,0,55,26,81,55,32855,37,26,52.421
2221,74.0,1749,322,26,518,1231,0,0,36,294.76,0.964,0.954,0.103,0.035,0.250,-0.567,1.585,0.4261,2.4249,0.640,0.019,0.035,0.056,0.004,146,33,62,0,5,0,65251.70,5941.048,20025.888,40.614,1236.931,15.238,9487.792,4830.823,68.231,10459.747,8367.798,2131.617,302.938,1003.383,0.000204,-0.002090,272,0,44,18,62,44,35741,24,16,26.363
2251,75.0,1894,325,26,562,1332,0,0,44,269.74,0.961,0.956,0.102,0.035,0.253,-0.568,1.582,0.4272,2.4083,0.649,0.025,0.034,0.056,0.005,160,47,53,0,1,0,71673.05,7044.274,20840.008,34.062,1850.388,16.193,10396.499,5467.798,70.533,9674.081,7739.265,1823.140,331.534,1472.666,0.000234,-0.002001,486,0,37,16,53,37,37961,124,16,26.466
2281,76.0,2105,310,26,619,1485,0,1,58,297.06,0.958,0.958,0.101,0.035,0.253,-0.568,1.573,0.4467,2.4064,0.618,0.026,0.030,0.057,0.004,154,46,63,0,4,0,78016.97,7782.764,22536.949,55.108,1994.209,13.987,11291.150,5874.943,90.550,12632.342,10105.873,2325.102,393.096,1529.597,0.000137,-0.002225,460,0,40,23,63,40,41708,101,23,46.025
2311,77.0,2299,270,26,656,1642,0,1,80,282.45,0.963,0.962,0.103,0.034,0.247,-0.570,1.569,0.4516,2.4354,0.625,0.024,0.029,0.056,0.006,152,38,86,0,2,0,84458.24,8474.757,24614.945,86.493,2202.921,18.291,12359.601,6486.852,123.100,12614.098,10091.279,2938.471,442.203,1861.872,0.000220,-0.001419,624,0,49,37,86,49,45624,206,37,76.967
2341,78.0,2479,308,26,713,1765,0,1,94,243.99,0.961,0.961,0.103,0.034,0.249,-0.572,1.566,0.4595,2.4245,0.623,0.022,0.023,0.056,0.008,179,45,116,0,6,0,89839.06,9458.118,25568.917,69.779,2650.180,20.738,13398.736,7147.667,156.937,13520.138,10816.111,3744.514,490.399,2073.718,0.000229,0.000643,619,0,83,33,116,83,49999,122,33,55.470
2371,79.0,2676,281,26,786,1889,0,1,119,240.88,0.954,0.956,0.106,0.034,0.254,-0.572,1.565,0.4769,2.4139,0.627,0.014,0.024,0.057,0.009,163,55,101,0,9,0,97157.64,10840.489,27799.664,72.513,3232.530,21.341,14361.325,7792.764,190.700,13889.061,11111.249,3368.784,436.356,2466.342,0.000169,0.001344,771,0,64,37,101,64,52101,129,37,60.606
2401,80.0,2882,276,27,866,2015,0,1,172,203.63,0.949,0.953,0.106,0.034,0.259,-0.573,1.566,0.4763,2.4690,0.604,0.016,0.023,0.058,0.010,176,52,112,0,6,0,103246.70,12166.460,27471.648,58.937,3463.878,21.672,15416.774,8301.192,254.866,14593.290,11674.632,3645.582,292.088,2778.834,0.000241,0.004076,924,0,85,27,111,85,55806,218,26,44.497
2431,81.0,3089,242,27,960,2127,0,2,247,233.81,0.940,0.950,0.109,0.034,0.268,-0.574,1.574,0.4831,2.4645,0.595,0.010,0.019,0.059,0.011,186,73,121,0,13,0,109972.95,13715.029,29628.471,82.141,4240.712,22.792,16451.063,8947.935,367.622,15836.263,12669.011,4074.132,561.574,3129.806,0.000264,0.004873,1039,0,83,38,120,83,58933,204,37,67.183
2461,82.0,3276,270,27,1046,2228,0,2,324,221.34,0.935,0.946,0.111,0.035,0.275,-0.575,1.568,0.4814,2.4369,0.606,0.011,0.023,0.060,0.011,189,71,161,0,16,0,116471.98,15160.889,31482.825,115.321,4448.134,25.111,17398.093,9468.138,500.082,16673.094,13338.475,5539.792,622.747,3396.542,0.000198,0.006611,1149,0,108,53,160,108,61799,248,52,96.193
2491,83.0,3480,199,27,1136,2341,0,3,411,242.55,0.931,0.943,0.111,0.036,0.282,-0.576,1.567,0.4893,2.4668,0.602,0.016,0.021,0.060,0.011,165,63,184,0,21,0,123360.12,16939.961,33066.135,129.876,5129.095,23.044,18262.805,9874.205,635.112,17979.601,14383.681,6404.030,563.936,3911.827,0.000179,0.005932,1344,0,119,65,184,119,63653,276,65,109.288
2521,84.0,3634,263,27,1210,2421,0,3,532,203.45,0.930,0.940,0.113,0.035,0.287,-0.578,1.565,0.4828,2.4544,0.598,0.012,0.024,0.061,0.011,159,66,205,0,27,0,128566.55,18170.748,32506.408,154.994,5829.933,23.870,19242.592,10123.096,807.349,17307.597,13846.078,6998.396,543.655,4449.105,0.000248,0.006834,1601,0,136,69,204,135,66432,385,69,123.797
2551,85.0,3810,213,28,1320,2486,0,4,692,218.49,0.925,0.932,0.117,0.036,0.299,-0.580,1.562,0.4915,2.4621,0.618,0.012,0.022,0.062,0.010,156,71,228,0,40,0,134388.44,20023.987,34584.030,127.957,6855.084,21.950,20146.653,10682.939,1054.109,19739.564,15791.651,7652.193,407.604,5022.678,0.000179,0.007646,1768,0,159,69,227,159,67978,359,68,101.960
2581,86.0,3977,230,28,1393,2581,0,3,863,257.04,0.926,0.929,0.117,0.036,0.302,-0.580,1.560,0.4911,2.4500,0.603,0.019,0.022,0.062,0.010,160,52,214,0,52,0,140986.16,22054.965,35126.777,168.476,7299.694,22.973,20990.318,11172.281,1355.674,18750.046,15000.037,7576.573,608.152,5299.496,0.000179,0.007116,1793,0,133,81,210,130,69262,257,80,137.018
2611,87.0,4156,201,28,1463,2690,0,3,1100,236.55,0.926,0.927,0.119,0.037,0.304,-0.581,1.565,0.5092,2.4468,0.599,0.016,0.021,0.062,0.011,162,42,256,0,45,0,145848.64,23400.313,35736.669,208.159,8006.150,22.763,22102.399,11975.858,1719.656,20030.261,16024.209,8385.258,568.340,5725.095,0.000271,0.008446,1877,0,147,109,252,145,70442,182,107,178.069
2641,88.0,4234,203,28,1499,2731,0,4,1333,213.46,0.931,0.924,0.122,0.037,0.306,-0.581,1.561,0.5030,2.4031,0.587,0.015,0.021,0.062,0.011,178,34,316,0,68,0,147312.42,23859.407,36149.433,227.096,8665.834,22.367,22700.053,12235.383,2136.418,19375.251,15500.201,10999.466,327.428,6498.348,0.000281,0.008256,2121,0,200,116,316,200,71986,254,116,192.032
2671,89.0,4301,210,28,1513,2784,0,4,1594,230.64,0.936,0.924,0.124,0.038,0.305,-0.581,1.560,0.5048,2.4238,0.604,0.013,0.020,0.061,0.012,168,37,308,0,70,0,149659.52,24492.870,37230.050,283.353,8517.451,21.909,23364.659,12489.338,2569.400,18629.615,14903.692,10727.415,408.959,6373.495,0.000296,0.008425,2336,0,175,133,304,172,73377,453,132,246.122
2701,90.0,4324,205,27,1544,2777,0,3,1757,273.61,0.938,0.920,0.126,0.037,0.310,-0.583,1.564,0.5118,2.4185,0.606,0.017,0.021,0.062,0.012,178,40,348,0,115,0,149550.38,25325.348,36952.331,239.267,8751.424,24.389,23666.018,12529.948,2981.620,20602.476,16481.981,12488.679,409.310,6430.020,0.000320,0.007987,2286,0,228,120,344,227,73724,338,117,196.311
2731,91.0,4384,182,27,1604,2777,0,3,2005,218.38,0.936,0.917,0.129,0.036,0.317,-0.585,1.565,0.5171,2.4166,0.604,0.014,0.020,0.064,0.012,168,29,337,0,96,0,150752.38,26499.405,36998.417,234.751,9482.767,22.445,23948.379,12496.357,3324.368,19907.876,15926.301,11555.575,547.680,6676.627,0.000321,0.005612,2331,0,215,122,335,214,72775,261,121,198.273
2761,92.0,4418,191,27,1616,2800,0,2,2222,249.95,0.940,0.917,0.132,0.036,0.317,-0.586,1.567,0.5188,2.3810,0.593,0.013,0.020,0.064,0.013,181,34,312,0,113,0,152525.69,26317.246,37837.407,247.810,9149.445,22.914,24195.839,12546.847,3781.301,19249.262,15399.410,10976.905,659.181,6619.227,0.000381,0.000539,2406,0,175,137,309,175,72803,390,134,219.389
2791,93.0,4407,181,27,1628,2777,0,2,2346,255.14,0.941,0.914,0.132,0.036,0.321,-0.588,1.570,0.5169,2.3778,0.608,0.012,0.018,0.065,0.013,163,25,341,0,138,0,152623.36,26719.140,37288.308,254.176,9574.309,23.896,24405.968,12640.440,4066.388,19268.550,15414.840,11996.471,416.453,6784.523,0.000284,-0.000710,2370,0,193,148,338,192,71732,269,146,218.349
2821,94.0,4404,150,27,1603,2799,0,2,2430,252.68,0.950,0.918,0.134,0.037,0.317,-0.590,1.577,0.5139,2.3731,0.598,0.009,0.021,0.065,0.013,159,24,319,0,147,0,152875.36,26432.658,37190.315,272.191,10089.570,26.070,24466.541,12708.970,4251.702,19247.110,15397.688,11195.598,233.155,6937.764,0.000242,-0.002012,2384,0,157,162,318,157,71367,197,161,246.132
2851,95.0,4401,159,27,1573,2826,0,2,2488,260.26,0.960,0.919,0.137,0.036,0.311,-0.593,1.582,0.5033,2.3640,0.613,0.012,0.018,0.064,0.013,163,15,312,0,119,0,152739.05,25859.973,37126.475,278.236,9478.727,27.068,24703.654,12864.387,4360.582,17602.406,14081.925,11036.254,328.004,6587.641,0.000230,-0.002955,2530,0,160,152,311,159,71333,373,152,250.425
2881,96.0,4387,157,27,1541,2844,0,2,2520,311.30,0.967,0.923,0.139,0.038,0.307,-0.594,1.585,0.5080,2.3492,0.610,0.010,0.017,0.064,0.014,166,28,328,0,127,0,150366.31,25020.097,36049.943,276.975,9620.109,27.758,24860.729,12800.901,4460.830,18421.022,14736.818,11030.668,371.028,6511.387,0.000368,0.000628,2340,0,159,169,327,159,70448,185,168,250.460
2911,97.0,4282,181,27,1507,2773,0,2,2501,276.64,0.971,0.921,0.143,0.037,0.308,-0.595,1.585,0.4962,2.3634,0.627,0.009,0.018,0.064,0.014,137,22,331,0,166,0,145627.62,24609.129,33749.776,275.634,8981.591,26.566,24856.258,12763.664,4481.588,16506.455,13205.164,11418.495,274.010,6277.918,0.000261,0.001688,2342,0,176,155,329,175,69189,226,154,246.200
2941,98.0,4162,167,27,1471,2690,0,1,2422,270.42,0.973,0.918,0.146,0.038,0.309,-0.596,1.587,0.4917,2.3579,0.626,0.012,0.018,0.065,0.015,163,20,323,0,157,0,140154.73,23889.302,32650.910,270.911,8415.484,24.557,24220.334,12351.394,4354.923,15215.037,12172.030,12079.128,286.116,5949.116,0.000350,0.005219,2168,0,184,139,318,180,67886,191,138,231.324
2971,99.0,4038,172,27,1452,2585,0,1,2336,229.26,0.974,0.913,0.149,0.038,0.315,-0.597,1.590,0.4961,2.3391,0.631,0.012,0.018,0.065,0.016,142,23,306,0,179,0,136035.88,23006.151,32627.985,233.621,8203.619,26.241,23693.611,11952.112,4240.605,15349.672,12279.738,10833.705,395.345,5801.315,0.000297,0.005908,2312,0,176,130,304,175,65279,331,129,205.322
3001,100.0,3959,166,25,1436,2522,0,1,2283,306.43,0.973,0.912,0.153,0.036,0.317,-0.597,1.587,0.4947,2.3283,0.638,0.015,0.020,0.065,0.016,156,27,267,0,141,0,133124.91,22023.121,31349.263,227.657,7882.976,28.080,23009.052,11522.293,4080.986,14062.818,11250.254,9384.867,237.904,5463.346,0.000218,0.008615,2145,0,144,123,267,144,63241,352,123,203.569
3031,101.0,3863,166,25,1428,2434,0,1,2242,301.49,0.968,0.909,0.157,0.036,0.323,-0.597,1.590,0.4981,2.3341,0.646,0.015,0.019,0.066,0.018,153,27,248,0,140,0,129199.92,21214.455,29425.181,178.977,7816.149,30.670,22441.722,11206.082,4002.032,12605.437,10084.349,9004.864,234.962,5332.842,0.000226,0.009583,2132,0,151,97,248,151,61091,320,97,154.441
3061,102.0,3799,136,25,1421,2377,0,1,2172,291.20,0.966,0.908,0.160,0.036,0.327,-0.597,1.590,0.4997,2.3234,0.656,0.011,0.019,0.067,0.019,141,22,226,0,151,0,126988.12,21128.651,29725.006,152.830,7937.702,27.530,22000.794,10938.009,3874.611,13530.461,10824.369,7977.481,271.841,5449.463,0.000230,0.011122,2147,0,134,92,225,134,58516,328,91,129.236
3091,103.0,3766,126,25,1411,2354,0,1,2129,268.49,0.968,0.907,0.161,0.036,0.328,-0.597,1.590,0.5063,2.3244,0.651,0.011,0.016,0.067,0.020,128,19,197,0,124,0,123671.24,20493.615,26890.850,158.525,7355.185,32.936,21715.758,10674.902,3774.757,12336.298,9869.039,7172.392,102.271,4952.528,0.000196,0.011012,1860,0,111,86,197,111,58139,171,86,138.740
3121,104.0,3643,122,25,1391,2251,0,1,2017,340.07,0.965,0.903,0.164,0.035,0.334,-0.597,1.592,0.5044,2.3071,0.682,0.008,0.016,0.069,0.022,115,33,220,0,147,0,119058.17,19933.413,25404.084,181.216,7580.144,27.567,21303.411,10481.383,3582.974,10950.953,8760.762,7535.697,81.272,4956.860,0.000160,0.010182,1898,0,115,105,220,115,55242,109,105,164.629
3151,105.0,3515,119,25,1371,2144,0,0,1920,299.65,0.960,0.899,0.170,0.034,0.340,-0.599,1.596,0.4939,2.2959,0.673,0.012,0.018,0.069,0.023,125,35,189,0,147,0,113595.39,18963.362,22621.172,146.395,6793.853,26.337,20475.168,10006.031,3372.667,9756.612,7805.289,6781.021,172.834,4434.663,0.000260,0.012019,1740,0,111,78,189,111,52947,116,78,130.902
3181,106.0,3356,115,25,1345,2011,0,0,1783,325.99,0.954,0.893,0.174,0.035,0.349,-0.601,1.598,0.5004,2.3221,0.698,0.010,0.019,0.070,0.024,147,40,196,0,143,0,109002.15,18324.052,22849.617,161.954,6742.478,27.478,19612.708,9649.726,3167.909,8818.521,7054.817,7262.137,134.544,4338.144,0.000212,0.013978,1665,0,111,85,196,111,50485,100,85,143.448
3211,107.0,3205,104,25,1299,1906,0,0,1656,321.85,0.952,0.891,0.177,0.035,0.353,-0.601,1.600,0.5035,2.3082,0.700,0.013,0.020,0.071,0.025,116,44,202,0,112,0,103983.44,17610.430,20261.708,167.769,5937.191,29.793,18624.146,9019.199,2885.998,8327.088,6661.670,6893.348,60.897,3909.615,0.000173,0.014781,1474,0,109,93,201,108,47973,112,93,147.382
3241,108.0,3091,106,25,1282,1809,0,0,1544,334.30,0.943,0.887,0.182,0.035,0.360,-0.601,1.599,0.4964,2.3200,0.712,0.010,0.023,0.073,0.027,135,31,180,0,107,0,99283.84,16527.183,18212.302,151.824,5531.455,27.762,17812.503,8490.273,2667.078,7879.589,6303.671,5351.195,148.095,3545.848,0.000228,0.015308,1283,0,94,86,178,92,46000,55,86,129.133
3271,109.0,2973,103,25,1231,1742,0,0,1431,366.26,0.942,0.890,0.182,0.034,0.361,-0.601,1.602,0.5029,2.3417,0.701,0.005,0.025,0.073,0.029,149,20,187,0,93,0,93620.30,15575.139,17494.635,200.860,5210.681,31.239,17144.859,8078.328,2481.314,7131.286,5705.029,6289.824,55.333,3458.251,0.000160,0.016579,1220,0,85,102,186,84,44478,50,102,184.211
3301,110.0,2865,107,24,1213,1652,0,0,1305,351.27,0.933,0.886,0.187,0.034,0.368,-0.602,1.601,0.5018,2.3034,0.705,0.008,0.020,0.074,0.029,134,38,128,0,101,0,88786.87,14333.435,16146.195,118.869,4686.722,31.971,16503.997,7618.532,2250.597,6191.476,4953.181,4519.085,124.691,3176.745,0.000231,0.019312,1237,0,69,59,128,69,42968,174,59,108.807
3331,111.0,2688,107,24,1175,1513,0,0,1154,357.20,0.920,0.882,0.191,0.033,0.378,-0.601,1.605,0.5040,2.3027,0.700,0.011,0.019,0.076,0.031,115,54,130,0,135,0,83392.81,13352.430,14539.586,134.119,4429.945,28.946,15639.941,7077.983,2030.932,5402.324,4321.859,4594.101,36.141,2960.626,0.000158,0.020223,1227,0,54,76,130,54,40515,200,76,126.201
3361,112.0,2593,89,24,1185,1408,0,0,1081,373.00,0.900,0.876,0.195,0.033,0.394,-0.600,1.609,0.5066,2.3455,0.705,0.011,0.017,0.078,0.034,110,45,83,0,108,0,79181.62,12477.587,13410.910,54.919,4117.789,31.435,14592.385,6495.506,1812.585,5265.796,4212.637,3480.415,73.366,2647.192,0.000143,0.020369,1052,0,52,31,83,52,37940,104,31,46.596
3391,113.0,2535,79,24,1196,1339,0,0,1049,397.20,0.885,0.869,0.199,0.034,0.405,-0.599,1.610,0.5107,2.3002,0.715,0.012,0.019,0.080,0.036,127,47,75,0,58,0,75908.62,12056.032,12028.999,65.233,3407.611,31.371,13987.514,6209.706,1695.004,4502.811,3602.249,2320.868,91.947,2217.658,0.000169,0.021588,869,0,38,37,73,37,36950,83,36,59.607
3421,114.0,2454,96,24,1193,1261,0,0,1016,392.73,0.874,0.863,0.202,0.032,0.416,-0.599,1.608,0.5089,2.3394,0.714,0.008,0.020,0.083,0.039,128,47,66,0,79,0,72378.32,11772.095,10904.993,58.579,3311.419,30.845,13363.014,5821.405,1629.133,4328.398,3462.718,2318.974,154.670,2113.097,0.000230,0.021762,843,0,33,33,66,33,35644,89,33,54.588
3451,115.0,2334,88,23,1185,1149,0,0,886,384.11,0.856,0.852,0.207,0.031,0.433,-0.598,1.606,0.5008,2.3348,0.736,0.012,0.023,0.085,0.039,108,53,80,0,99,0,68719.80,11311.517,10282.781,88.769,3254.559,32.661,12686.238,5422.550,1502.614,4119.759,3295.808,2778.279,58.647,2069.300,0.000192,0.021669,810,0,34,46,79,33,33752,46,46,81.215
3481,116.0,2242,88,23,1174,1068,0,0,833,370.60,0.843,0.842,0.211,0.032,0.446,-0.598,1.610,0.4990,2.3828,0.731,0.009,0.019,0.087,0.042,124,39,88,0,69,0,64798.92,11090.682,9031.303,104.869,2935.908,34.549,11990.719,5063.454,1340.595,3844.750,3075.800,2993.262,23.407,1967.359,0.000217,0.019940,779,0,35,53,86,34,31723,83,52,92.745
3511,117.0,2137,75,23,1168,969,0,0,750,412.68,0.821,0.832,0.216,0.032,0.464,-0.596,1.612,0.5008,2.3851,0.747,0.009,0.017,0.090,0.044,115,51,89,0,61,0,61451.89,10599.430,8431.172,77.066,2728.018,36.443,11314.816,4719.778,1236.579,3404.330,2723.464,2636.210,16.762,1849.685,0.000224,0.018336,673,0,45,44,87,44,30325,60,43,63.135
3541,118.0,2058,101,23,1166,892,0,0,669,452.45,0.802,0.824,0.221,0.032,0.480,-0.596,1.615,0.5014,2.3548,0.738,0.010,0.020,0.093,0.047,116,52,73,0,51,0,58952.56,10304.069,7727.182,80.399,2499.087,35.587,10617.945,4243.972,1095.120,3415.015,2732.012,2372.626,23.197,1575.116,0.000172,0.016240,597,0,25,48,72,25,28576,49,47,76.510
3571,119.0,2003,76,23,1174,829,0,0,628,438.33,0.785,0.811,0.226,0.031,0.495,-0.596,1.619,0.4952,2.3674,0.748,0.009,0.021,0.096,0.050,130,37,66,0,46,0,57495.86,10318.302,7799.628,54.588,2317.500,38.737,10069.576,3919.365,992.749,3400.735,2720.588,2339.024,20.906,1607.447,0.000192,0.014651,600,0,38,28,65,37,26797,93,28,44.007
3601,120.0,1950,70,23,1183,767,0,0,555,419.84,0.767,0.802,0.232,0.031,0.510,-0.594,1.621,0.4993,2.4470,0.728,0.012,0.018,0.098,0.052,116,48,40,0,47,0,57339.32,10189.654,7228.899,39.587,2084.056,40.129,9611.828,3663.462,898.131,2922.182,2337.745,1480.656,25.551,1350.623,0.000135,0.014277,561,0,19,21,39,19,25532,120,20,37.356
3631,121.0,1932,106,23,1204,728,0,0,540,427.33,0.751,0.793,0.234,0.031,0.523,-0.594,1.624,0.5030,2.3324,0.736,0.011,0.019,0.100,0.056,124,35,59,0,24,0,57237.56,10313.807,7088.588,52.147,2112.426,40.434,9293.524,3441.306,842.460,3539.940,2831.952,1767.676,42.552,1460.790,0.000146,0.014474,588,0,35,24,58,34,24951,133,24,42.809
3661,122.0,1948,103,23,1229,718,0,1,523,418.59,0.738,0.794,0.234,0.031,0.530,-0.595,1.625,0.5040,2.4613,0.733,0.011,0.018,0.101,0.059,132,22,60,0,27,0,58540.59,10659.453,7881.279,74.442,2017.366,35.412,9149.417,3325.135,813.103,4306.263,3445.010,1787.631,28.202,1347.404,0.000146,0.014012,570,0,19,41,57,17,24969,161,40,67.712
3691,123.0,1952,101,23,1262,689,0,1,506,466.96,0.722,0.790,0.237,0.031,0.542,-0.593,1.626,0.5008,2.4272,0.727,0.013,0.022,0.104,0.063,116,39,62,0,30,0,59738.39,10890.584,8014.700,71.848,2183.383,40.242,9017.786,3253.829,775.974,4708.523,3766.818,2232.563,85.965,1471.515,0.000136,0.013844,609,0,26,36,60,24,24552,165,36,57.830
3721,124.0,1984,92,23,1293,690,0,1,511,509.22,0.714,0.787,0.239,0.032,0.547,-0.592,1.627,0.5037,2.4318,0.731,0.012,0.020,0.105,0.065,137,29,50,0,17,0,62422.96,11384.712,8108.298,55.345,1823.730,41.589,9035.161,3239.133,774.261,4460.794,3568.635,1584.360,40.862,1297.846,0.000131,0.014722,558,0,20,30,49,19,25176,187,30,51.181
3751,125.0,2054,128,23,1355,698,0,1,505,473.38,0.705,0.786,0.240,0.030,0.554,-0.592,1.634,0.5184,2.4746,0.706,0.013,0.021,0.107,0.068,165,22,51,0,22,0,65374.22,12028.973,8746.455,51.469,2333.278,43.120,9132.897,3283.491,769.805,5763.680,4610.944,1865.341,108.585,1562.781,0.000161,0.014665,537,0,30,21,47,27,24707,118,20,31.735
3781,126.0,2156,128,23,1416,739,0,1,515,444.08,0.703,0.794,0.237,0.030,0.553,-0.592,1.635,0.5179,2.5557,0.705,0.013,0.024,0.108,0.070,180,17,45,0,23,0,70012.99,12863.216,9913.856,50.156,2342.584,43.026,9456.416,3470.554,774.625,6555.978,5244.783,1490.859,106.514,1578.295,0.000173,0.014190,571,0,17,28,44,17,25288,113,27,47.841
3811,127.0,2272,124,23,1486,785,0,1,519,447.67,0.700,0.802,0.235,0.032,0.551,-0.589,1.638,0.5217,2.5472,0.708,0.013,0.020,0.109,0.073,142,22,46,0,23,0,75213.38,14221.065,10707.989,50.502,2546.912,39.495,9980.054,3764.232,802.700,7218.089,5774.471,1785.631,118.400,1884.532,0.000149,0.014831,652,0,16,30,44,16,26876,153,28,47.040
3841,128.0,2454,111,23,1571,883,0,0,546,417.74,0.701,0.816,0.232,0.032,0.541,-0.591,1.639,0.5197,2.6462,0.706,0.014,0.017,0.109,0.074,149,16,49,0,17,0,81663.43,15457.881,12257.750,48.949,3127.405,37.620,10576.718,4132.784,826.777,9289.233,7431.387,1701.446,89.813,2129.151,0.000123,0.015292,688,0,22,27,46,20,29079,102,26,43.106
3871,129.0,2657,120,23,1698,959,0,0,586,369.60,0.699,0.819,0.231,0.031,0.541,-0.592,1.641,0.5183,2.6871,0.683,0.016,0.018,0.110,0.079,144,7,70,0,22,0,88207.09,17148.889,12932.743,72.539,3235.317,35.925,11364.525,4443.182,870.231,10213.185,8170.548,2487.329,212.004,2190.600,0.000277,0.016033,729,0,32,38,68,32,31524,106,36,68.207
3901,130.0,2847,112,23,1802,1045,0,0,641,356.83,0.700,0.827,0.228,0.031,0.537,-0.592,1.641,0.5280,2.6684,0.680,0.019,0.018,0.111,0.081,152,14,70,0,22,0,95763.12,19062.423,13804.879,94.407,3962.476,42.069,12256.606,4856.409,944.999,10204.252,8163.402,2513.107,192.985,2600.731,0.000150,0.016438,850,0,29,41,65,25,33189,115,40,78.810
3931,131.0,3050,127,23,1912,1138,0,0,697,319.77,0.701,0.836,0.226,0.032,0.532,-0.593,1.646,0.5206,2.7828,0.653,0.020,0.017,0.111,0.084,152,19,126,0,21,0,103503.37,21097.216,16225.285,148.165,4549.682,39.374,13142.566,5320.226,1025.087,12843.300,10274.640,4287.424,229.811,3156.640,0.000154,0.016557,950,0,60,66,124,58,35789,78,66,133.295
3961,132.0,3260,121,23,2009,1251,0,0,821,278.20,0.707,0.844,0.226,0.032,0.524,-0.592,1.648,0.5278,2.7659,0.641,0.021,0.014,0.111,0.085,175,11,155,0,20,0,110335.00,22729.420,17165.615,182.047,5056.792,38.309,14044.290,5784.848,1187.080,14012.773,11210.218,5591.924,157.004,3677.747,0.000219,0.018028,1176,0,71,84,151,68,38296,233,83,161.033
3991,133.0,3495,134,23,2129,1366,0,0,918,287.38,0.710,0.852,0.229,0.032,0.519,-0.593,1.648,0.5284,2.8056,0.619,0.023,0.013,0.111,0.085,161,15,151,0,25,0,118145.37,24363.879,18651.584,203.722,5730.995,32.628,15153.406,6407.582,1319.794,14745.460,11796.368,5387.137,186.355,4005.450,0.000220,0.019039,1273,0,62,89,146,60,40590,192,86,180.456
4021,134.0,3802,120,23,2253,1549,0,0,1081,339.55,0.717,0.869,0.227,0.032,0.507,-0.595,1.646,0.5278,2.8142,0.609,0.021,0.014,0.111,0.086,187,9,153,0,35,0,126036.27,25748.435,20330.127,197.735,6087.813,37.824,16457.904,7158.965,1548.374,17631.506,14105.205,5339.151,119.896,4234.808,0.000257,0.020362,1400,0,50,103,152,50,43835,211,102,188.680
4051,135.0,4025,126,23,2374,1651,0,0,1232,257.87,0.719,0.872,0.228,0.033,0.505,-0.597,1.647,0.5340,2.8291,0.595,0.018,0.012,0.111,0.088,186,12,222,1,36,0,132679.19,28257.853,21655.094,229.209,7117.262,33.253,17727.865,7876.502,1767.884,17213.378,13770.703,7494.712,226.202,4963.401,0.000297,0.019187,1575,0,109,113,221,109,46313,182,112,209.613
4081,136.0,4238,112,23,2493,1745,0,0,1442,240.11,0.721,0.871,0.231,0.033,0.504,-0.597,1.647,0.5284,2.7992,0.588,0.016,0.013,0.111,0.089,217,21,243,0,53,0,140022.77,30848.323,23328.271,249.820,7742.084,39.904,18844.231,8468.862,2071.109,18567.975,14854.380,8391.379,207.180,5386.478,0.000183,0.018510,1747,0,113,130,242,113,48479,237,129,229.967
4111,137.0,4454,127,23,2585,1869,0,0,1661,291.98,0.729,0.878,0.232,0.034,0.499,-0.598,1.648,0.5344,2.8022,0.584,0.012,0.012,0.111,0.090,191,19,281,0,52,0,147980.52,33083.529,25331.317,304.534,8985.406,37.494,19902.383,8949.742,2379.272,20005.220,16004.176,8999.279,274.095,6255.809,0.000167,0.018636,2110,0,115,166,278,113,50388,324,165,278.986
4141,138.0,4701,104,23,2665,2035,1,0,1921,207.20,0.741,0.891,0.235,0.034,0.488,-0.598,1.648,0.5320,2.7835,0.577,0.016,0.010,0.110,0.089,209,13,318,0,68,0,156442.09,35761.849,28385.288,364.787,9949.240,33.379,21212.277,9662.744,2755.081,23094.572,18475.658,10631.860,256.365,6913.112,0.000266,0.019866,2396,0,120,198,305,117,52103,394,188,333.924
4171,139.0,4851,104,23,2700,2150,1,0,2176,279.05,0.753,0.897,0.239,0.034,0.481,-0.598,1.649,0.5326,2.7781,0.589,0.012,0.011,0.109,0.087,204,7,408,0,73,0,161726.64,38062.894,28236.698,443.503,11283.392,33.954,22432.232,10374.420,3158.669,22909.328,18327.463,12951.730,177.392,7782.240,0.000223,0.018518,2572,0,175,233,403,173,53377,292,230,410.224
4201,140.0,5060,103,23,2767,2292,1,0,2432,258.78,0.761,0.906,0.240,0.033,0.473,-0.599,1.651,0.5364,2.7862,0.575,0.016,0.012,0.108,0.086,186,10,360,0,84,0,169761.02,39745.871,30470.328,415.924,11913.859,40.169,23584.168,10915.241,3566.376,23736.972,18989.578,11824.165,195.206,7765.202,0.000358,0.018666,2763,0,142,218,353,141,55100,297,212,388.322
4231,141.0,5216,125,23,2815,2400,1,0,2763,267.05,0.774,0.910,0.243,0.033,0.468,-0.599,1.651,0.5353,2.6992,0.576,0.014,0.011,0.108,0.085,171,11,440,0,71,0,174713.09,41444.365,31370.657,426.167,13003.159,33.771,24770.975,11542.160,4049.207,24572.411,19657.929,14133.281,197.771,8681.239,0.000330,0.020951,2954,0,213,227,440,213,56174,216,227,388.017
4261,142.0,5335,94,23,2847,2486,1,1,3002,309.87,0.786,0.911,0.247,0.033,0.463,-0.599,1.651,0.5390,2.7172,0.569,0.012,0.012,0.107,0.086,166,5,446,0,93,0,178968.94,42707.278,32858.125,449.370,13628.278,33.226,25854.259,12272.378,4576.177,24047.264,19237.811,15002.781,61.925,9181.953,0.000319,0.024034,3169,0,208,238,446,208,56776,290,238,411.763
4291,143.0,5477,105,23,2875,2601,0,1,3214,293.94,0.797,0.918,0.251,0.033,0.456,-0.599,1.654,0.5401,2.6906,0.567,0.011,0.011,0.107,0.085,153,7,403,0,102,0,183688.58,43585.922,34324.658,447.493,14708.588,31.118,26883.118,12757.655,5016.635,23990.654,19192.524,14332.267,132.674,9717.955,0.000351,0.025780,3495,0,174,229,403,174,57334,324,229,412.574
4321,144.0,5596,87,23,2891,2704,0,1,3419,278.25,0.811,0.922,0.256,0.034,0.450,-0.597,1.658,0.5334,2.6550,0.580,0.008,0.010,0.106,0.084,147,11,441,0,117,0,187279.94,45418.853,34985.174,442.423,15094.156,29.968,28059.162,13341.775,5371.466,25614.004,20491.204,15118.112,195.910,10045.867,0.000295,0.027522,3935,0,200,241,438,200,58513,506,238,406.042
4351,145.0,5683,102,23,2885,2797,0,1,3513,296.14,0.824,0.928,0.261,0.034,0.443,-0.598,1.660,0.5325,2.6424,0.573,0.007,0.011,0.105,0.084,157,7,464,1,123,0,188786.94,46718.114,34607.451,468.204,16508.656,31.506,29091.071,13804.998,5721.082,25284.050,20227.240,15438.362,340.770,10833.687,0.000264,0.028860,4086,0,192,272,461,191,58454,381,270,431.434
4381,146.0,5708,70,23,2869,2837,0,2,3607,236.24,0.832,0.932,0.266,0.035,0.439,-0.600,1.663,0.5277,2.6430,0.569,0.006,0.012,0.105,0.083,142,8,508,0,126,0,190314.64,47262.226,37266.713,477.230,16721.816,28.709,29854.863,14024.948,5986.489,24930.077,19944.062,17301.315,308.542,11016.293,0.000302,0.031353,4173,0,239,269,507,239,59304,378,268,428.658
4411,147.0,5718,101,23,2859,2857,0,2,3731,224.06,0.840,0.932,0.272,0.035,0.437,-0.600,1.668,0.5288,2.6215,0.564,0.007,0.012,0.104,0.083,147,13,510,0,127,0,190984.94,47152.543,37257.803,458.284,15906.000,31.528,30332.409,14187.180,6223.043,25202.368,20161.895,17596.942,262.592,10555.680,0.000335,0.026438,3954,0,269,241,509,269,61317,330,240,406.030
4441,148.0,5703,97,23,2834,2867,0,2,3792,241.15,0.847,0.935,0.279,0.035,0.435,-0.600,1.673,0.5295,2.5830,0.571,0.007,0.012,0.105,0.083,144,7,519,0,124,0,190553.20,47073.680,36812.853,485.507,16183.433,28.726,30735.854,14245.897,6444.752,23635.987,18908.790,17690.938,169.224,10789.910,0.000309,0.024241,4086,0,241,278,518,241,60315,360,277,439.394
4471,149.0,5825,84,23,2859,2963,1,2,3857,225.83,0.857,0.941,0.280,0.035,0.431,-0.602,1.680,0.5253,2.5604,0.576,0.007,0.010,0.104,0.083,149,10,419,0,133,0,194926.06,48063.749,38599.633,376.845,17050.069,28.739,31333.781,14475.053,6626.162,25989.406,20791.526,13861.411,216.204,10956.885,0.000406,0.021649,4215,0,190,229,411,190,61473,356,221,342.752
4501,150.0,5924,67,23,2854,3067,1,2,3944,248.65,0.869,0.949,0.284,0.035,0.424,-0.603,1.684,0.5234,2.5937,0.569,0.008,0.011,0.104,0.083,127,10,387,0,171,0,198328.12,48359.182,39082.217,393.401,17460.547,27.611,32369.918,14980.186,6802.222,25650.593,20520.475,13957.070,203.641,10989.581,0.000284,0.020126,4404,0,155,232,379,153,60968,265,226,354.683
4531,151.0,6000,74,23,2838,3159,1,2,4080,258.85,0.881,0.955,0.287,0.036,0.418,-0.604,1.683,0.5186,2.5496,0.573,0.010,0.011,0.103,0.082,157,7,395,0,175,0,198950.84,47954.836,38696.444,390.647,18302.664,28.119,33459.421,15552.330,7039.869,25234.451,20187.561,13838.067,115.977,11366.642,0.000340,0.018896,4605,0,160,235,391,160,60916,299,231,361.551
4561,152.0,6000,70,23,2810,3188,0,2,4163,254.40,0.889,0.957,0.292,0.036,0.415,-0.605,1.682,0.5181,2.5215,0.578,0.009,0.012,0.103,0.082,139,11,393,0,172,0,199081.39,48008.009,38308.353,390.565,18030.738,32.086,34086.722,15908.625,7248.172,22165.694,17732.555,13737.129,127.588,11035.014,0.000215,0.016783,4639,0,158,235,386,157,62156,289,229,356.776
4591,153.0,6000,68,23,2781,3216,1,2,4188,237.59,0.897,0.959,0.295,0.035,0.411,-0.607,1.685,0.5184,2.5432,0.579,0.014,0.022,0.102,0.081,109,9,343,0,162,0,200392.97,47411.992,39724.020,333.753,18588.913,31.998,34497.300,15952.757,7399.021,20075.586,16060.469,12675.839,129.016,11489.132,0.000264,0.015427,4877,0,151,192,333,151,62296,297,183,301.999
4621,154.0,5998,80,23,2740,3255,1,2,4238,286.14,0.907,0.963,0.298,0.036,0.406,-0.608,1.681,0.5108,2.4962,0.594,0.009,0.020,0.102,0.079,105,11,339,0,193,0,199442.17,47482.720,38291.611,327.507,18770.098,23.707,34914.196,16253.306,7447.094,21606.999,17285.599,12574.800,147.010,11394.830,0.000284,0.016011,4862,0,147,192,333,147,61774,229,186,296.370
4651,155.0,6000,68,23,2716,3281,1,2,4245,297.47,0.913,0.969,0.301,0.035,0.403,-0.611,1.684,0.5084,2.5148,0.590,0.010,0.018,0.101,0.078,116,7,323,0,186,0,198389.88,46524.821,37591.875,291.465,18003.975,29.022,35365.854,16457.610,7499.299,20220.287,16176.230,11074.503,129.580,10889.553,0.000223,0.016201,4905,0,136,187,317,135,62195,290,182,264.503
4681,156.0,6000,59,23,2690,3307,1,2,4283,278.11,0.919,0.972,0.305,0.036,0.400,-0.613,1.685,0.5102,2.4941,0.587,0.007,0.011,0.101,0.078,123,16,372,0,205,0,194579.11,45406.160,38402.832,349.949,17797.321,26.364,35606.603,16541.002,7542.528,23221.255,18577.004,12799.725,101.678,10733.930,0.000332,0.017344,4868,0,156,216,370,156,61641,338,214,321.013
4711,157.0,5878,71,23,2595,3280,1,2,4218,301.14,0.928,0.979,0.306,0.036,0.396,-0.616,1.690,0.5116,2.4971,0.600,0.007,0.009,0.100,0.076,122,12,368,0,222,0,189500.31,43796.731,37291.277,324.045,17297.419,28.979,35646.317,16498.837,7498.677,19284.627,15427.702,12693.796,41.612,10254.683,0.000323,0.019796,4690,0,155,213,364,155,62339,268,209,294.644
4741,158.0,5693,45,23,2554,3137,0,2,4088,288.65,0.924,0.973,0.313,0.037,0.401,-0.617,1.691,0.5089,2.5010,0.598,0.005,0.009,0.101,0.078,119,17,386,0,224,0,181195.86,42288.583,35537.170,319.993,16402.051,26.232,35046.203,16255.356,7324.846,17385.900,13908.720,14292.363,84.735,9969.517,0.000339,0.022624,4514,0,204,182,385,204,61483,280,181,282.707
4771,159.0,5454,65,23,2483,2969,0,2,3902,309.78,0.918,0.971,0.317,0.036,0.406,-0.620,1.696,0.5106,2.4865,0.602,0.005,0.010,0.102,0.078,133,20,398,0,218,0,172024.38,40359.498,32872.815,283.779,14923.657,30.438,33631.066,15426.182,7036.792,15688.320,12550.656,14273.530,83.885,9098.471,0.000392,0.024116,3962,0,225,173,390,225,59721,231,165,242.103
4801,160.0,5317,63,24,2451,2865,0,1,3732,327.17,0.915,0.966,0.323,0.036,0.411,-0.620,1.701,0.5081,2.4764,0.610,0.006,0.011,0.103,0.079,122,13,311,0,207,0,167831.72,39416.460,33149.912,256.318,14536.638,30.488,32548.971,14718.356,6758.394,15289.507,12231.606,11230.530,183.751,8517.437,0.000369,0.025935,3899,0,154,157,308,154,58444,202,154,229.842
4831,161.0,5200,54,24,2425,2773,0,2,3632,295.45,0.914,0.963,0.328,0.036,0.415,-0.622,1.702,0.5019,2.4543,0.619,0.006,0.012,0.103,0.081,113,25,272,0,216,0,163501.11,38322.023,31755.857,201.072,14551.333,29.881,31680.870,14184.608,6459.743,15890.004,12712.004,10380.287,122.980,8603.071,0.000284,0.024136,3947,0,146,126,265,146,54931,227,119,177.492
4861,162.0,5127,59,24,2431,2694,0,2,3602,297.98,0.908,0.957,0.332,0.037,0.422,-0.623,1.706,0.5083,2.4606,0.596,0.002,0.011,0.104,0.083,107,19,188,0,214,0,160238.97,36957.455,29768.852,167.380,14205.154,33.070,31302.526,13845.244,6359.443,13612.602,10890.082,7836.008,36.167,8053.927,0.000241,0.025224,3786,0,90,98,187,90,55294,174,97,151.831
4891,163.0,5086,52,24,2433,2651,0,2,3632,341.76,0.905,0.954,0.335,0.037,0.425,-0.624,1.707,0.5090,2.4969,0.605,0.005,0.010,0.105,0.083,112,14,166,0,192,0,155786.06,35331.945,28409.545,145.819,13362.185,31.395,30747.517,13595.365,6317.534,13275.151,10620.121,7289.552,103.145,7632.062,0.000285,0.025798,3687,0,82,84,161,81,53979,227,80,128.107
4921,164.0,5013,49,24,2436,2576,0,1,3553,316.12,0.898,0.949,0.338,0.036,0.431,-0.627,1.707,0.5094,2.4677,0.612,0.005,0.009,0.106,0.085,99,24,155,0,196,0,150301.17,33944.347,27143.551,140.246,13320.830,25.064,30419.685,13442.168,6273.945,11942.869,9554.296,6520.070,149.422,7519.167,0.000354,0.023837,3888,0,77,78,151,77,53251,308,74,127.155
4951,165.0,4931,52,25,2431,2499,0,1,3495,365.84,0.892,0.944,0.342,0.036,0.436,-0.628,1.708,0.5094,2.4540,0.625,0.005,0.008,0.107,0.086,118,30,100,0,211,0,147984.19,33224.989,26230.484,106.647,11611.870,33.169,29743.713,12951.878,6136.362,10211.847,8169.478,4501.515,165.530,6337.747,0.000191,0.023806,3392,0,31,69,93,30,52927,233,63,99.606
4981,166.0,4880,42,25,2415,2464,0,1,3370,348.64,0.890,0.944,0.345,0.035,0.438,-0.632,1.712,0.5076,2.4748,0.619,0.004,0.009,0.107,0.087,134,23,106,0,190,0,141880.81,31691.876,23444.900,109.295,11953.082,35.108,29347.308,12714.949,6009.123,10577.341,8461.873,4460.459,136.581,6565.559,0.000257,0.025029,3586,0,29,77,100,29,52126,323,71,104.234
5011,167.0,4730,45,25,2394,2335,0,1,3132,383.79,0.880,0.937,0.351,0.035,0.446,-0.635,1.714,0.5059,2.4762,0.632,0.002,0.010,0.109,0.089,115,23,97,1,237,0,135113.94,30652.114,21451.795,102.222,11723.523,33.617,28634.946,12179.636,5663.336,8115.379,6492.303,4573.035,123.186,6175.793,0.000158,0.024838,3409,0,31,66,94,31,50887,185,63,98.274
5041,168.0,4617,55,25,2377,2239,0,1,3019,401.61,0.871,0.933,0.353,0.035,0.454,-0.639,1.716,0.5047,2.4643,0.639,0.003,0.014,0.110,0.091,124,32,68,0,222,0,129955.69,29069.510,21070.789,64.793,10648.500,36.181,27699.298,11528.845,5324.682,8199.260,6559.408,3463.738,117.593,5589.331,0.000172,0.023653,3159,0,15,53,63,15,50526,257,48,62.214
5071,169.0,4492,59,25,2360,2131,0,1,2934,381.17,0.862,0.928,0.359,0.035,0.462,-0.640,1.720,0.5023,2.5012,0.640,0.002,0.012,0.112,0.095,100,24,73,0,207,0,123297.77,27406.271,18960.002,77.036,10237.872,34.886,26879.487,11058.128,5128.148,6970.895,5576.716,3136.751,131.821,5372.704,0.000213,0.022789,3044,0,21,52,70,21,48792,155,49,74.200
5101,170.0,4362,47,24,2336,2026,0,0,2826,419.14,0.853,0.920,0.362,0.035,0.470,-0.643,1.721,0.5031,2.4898,0.643,0.003,0.011,0.113,0.097,112,29,57,0,210,0,116580.21,26245.244,17872.640,41.648,9325.966,38.074,26074.837,10506.137,4984.337,6713.175,5370.540,3144.693,62.019,4762.437,0.000255,0.020075,2849,0,22,35,53,22,48460,127,31,37.899
5131,171.0,4171,42,24,2295,1876,0,0,2738,473.91,0.840,0.911,0.366,0.035,0.481,-0.644,1.725,0.5021,2.4780,0.658,0.002,0.012,0.116,0.099,115,43,71,0,207,0,110207.16,25048.871,16475.063,59.653,8458.387,37.562,24870.585,9753.345,4792.208,5078.476,4062.781,3134.679,81.499,4308.619,0.000234,0.018694,2541,0,31,40,66,29,46550,100,37,48.492
5161,172.0,3995,50,24,2282,1713,0,0,2578,441.83,0.822,0.896,0.372,0.036,0.497,-0.647,1.725,0.5053,2.4855,0.657,0.002,0.012,0.118,0.104,96,30,56,0,220,0,103713.11,23697.862,14763.312,65.245,8103.566,39.338,23527.660,9124.468,4528.471,4853.765,3883.012,2679.468,121.933,4067.718,0.000187,0.018006,2387,0,14,42,53,14,44600,97,39,63.420
5191,173.0,3833,43,24,2238,1595,0,0,2461,514.05,0.810,0.889,0.374,0.035,0.507,-0.651,1.726,0.5050,2.5193,0.672,0.003,0.011,0.120,0.108,98,30,59,0,188,0,98165.36,22728.403,13631.671,67.723,7118.806,36.949,22334.389,8281.401,4279.054,4517.377,3613.902,2480.458,106.539,3590.229,0.000209,0.017989,2233,0,15,44,58,15,42241,93,43,65.433
5221,174.0,3643,42,24,2193,1450,0,0,2237,495.26,0.792,0.879,0.375,0.036,0.520,-0.655,1.729,0.5028,2.5227,0.684,0.002,0.013,0.122,0.112,87,36,70,0,186,0,92555.63,21555.029,12624.434,57.308,6419.840,41.867,20987.548,7673.841,3966.668,3925.146,3140.117,2986.877,101.439,3345.096,0.000178,0.017641,1922,0,29,41,67,29,41008,93,38,53.465
5251,175.0,3482,39,26,2171,1311,0,0,2065,509.14,0.773,0.863,0.380,0.037,0.537,-0.656,1.731,0.5063,2.4926,0.675,0.001,0.015,0.125,0.116,96,43,53,0,149,0,88680.26,20689.248,11617.831,38.968,5712.908,46.915,19742.271,7022.526,3617.380,3032.902,2426.322,2233.606,99.056,2900.002,0.000154,0.016678,1649,0,26,27,48,25,39647,61,23,32.609
5281,176.0,3351,57,26,2141,1210,0,0,1908,508.31,0.758,0.852,0.380,0.036,0.549,-0.660,1.733,0.5014,2.5488,0.685,0.002,0.014,0.126,0.119,95,31,60,0,139,0,84691.49,19677.602,10263.750,52.648,5440.260,52.699,18703.726,6425.937,3311.048,3776.860,3021.488,2060.239,23.378,2703.063,0.000207,0.017136,1629,0,23,37,58,23,37660,92,35,49.808
5311,177.0,3248,34,26,2109,1139,0,0,1836,549.76,0.748,0.846,0.380,0.035,0.557,-0.664,1.738,0.5101,2.5233,0.704,0.003,0.013,0.128,0.122,90,31,47,1,117,0,82139.30,18920.580,10315.122,38.822,5186.398,45.067,17888.055,5984.192,3152.812,3546.464,2837.171,1501.050,53.400,2537.925,0.000175,0.016434,1494,0,16,31,42,16,36514,100,26,36.497
5341,178.0,3171,38,26,2105,1066,0,0,1717,588.46,0.732,0.840,0.382,0.036,0.569,-0.668,1.740,0.5127,2.5663,0.680,0.003,0.012,0.129,0.126,92,36,41,0,104,0,79317.95,18331.371,9303.097,37.567,4628.750,52.078,17148.715,5560.158,2945.349,3814.359,3051.488,1686.961,81.600,2307.730,0.000150,0.015040,1308,0,17,24,36,16,35902,90,20,31.158
5371,179.0,3050,50,26,2067,983,0,0,1576,609.60,0.716,0.832,0.383,0.036,0.580,-0.672,1.745,0.5138,2.6381,0.707,0.004,0.012,0.132,0.131,90,35,42,0,140,0,77197.94,17979.891,9250.017,34.528,4310.608,51.940,16417.511,5374.393,2713.770,3540.781,2832.625,2020.844,70.201,2079.567,0.000194,0.013536,1180,0,15,27,40,15,35138,79,25,32.802
5401,180.0,2979,61,25,2045,934,0,0,1488,604.01,0.706,0.827,0.382,0.036,0.587,-0.676,1.749,0.5206,2.6542,0.691,0.004,0.013,0.133,0.135,98,34,40,0,100,0,76358.27,17895.646,8880.517,42.800,3770.627,53.958,15677.692,5023.169,2551.385,3820.295,3056.236,1724.111,67.109,1851.095,0.000252,0.010356,1077,0,10,30,37,9,34130,100,28,38.522
5431,181.0,2912,54,25,2022,890,0,0,1400,640.42,0.696,0.825,0.383,0.036,0.593,-0.681,1.746,0.5185,2.7017,0.705,0.003,0.013,0.134,0.137,86,25,59,0,91,0,76507.34,17948.125,9376.399,59.635,3997.571,53.556,15160.478,4754.655,2385.838,3909.780,3127.824,2188.403,66.697,1897.075,0.000233,0.008387,1029,0,20,39,57,19,32967,84,38,55.328
5461,182.0,2876,53,25,2022,854,0,0,1327,588.64,0.689,0.820,0.382,0.038,0.600,-0.684,1.750,0.5153,2.6959,0.707,0.004,0.018,0.135,0.140,102,28,50,1,72,0,77319.73,18106.192,8882.776,50.975,3854.036,57.897,14832.299,4719.244,2228.838,4165.176,3332.141,1738.175,24.054,1851.892,0.000163,0.008748,962,0,15,35,46,15,32513,91,31,49.315
5491,183.0,2888,58,25,2039,849,0,0,1264,612.59,0.684,0.821,0.379,0.037,0.603,-0.688,1.750,0.5199,2.6939,0.695,0.004,0.016,0.136,0.143,107,21,37,0,70,0,79567.59,18583.045,9241.648,44.858,4251.134,57.731,14614.687,4483.949,2096.432,4932.763,3946.211,1458.038,45.236,1936.806,0.000146,0.008577,990,0,7,30,35,7,32114,61,28,43.920
5521,184.0,2928,66,25,2076,852,0,0,1262,615.04,0.679,0.822,0.377,0.037,0.605,-0.693,1.749,0.5186,2.7520,0.691,0.005,0.021,0.136,0.146,124,19,30,1,60,0,83110.94,18939.493,10177.691,33.216,3933.610,55.323,14714.331,4646.087,2037.777,5253.155,4202.524,1306.912,54.306,1797.004,0.000177,0.009241,934,0,10,20,29,10,32435,59,19,32.065
5551,185.0,2995,74,25,2125,870,0,0,1246,635.05,0.673,0.828,0.373,0.037,0.605,-0.702,1.749,0.5234,2.8200,0.678,0.005,0.018,0.137,0.148,89,22,21,0,65,0,87479.34,19689.506,10627.557,21.333,3880.151,57.887,14873.575,4771.894,2016.136,6200.130,4960.104,1319.870,70.539,1677.950,0.000117,0.009852,882,0,5,16,16,5,32645,74,11,20.356
5581,186.0,3118,79,25,2181,937,0,0,1254,642.65,0.675,0.845,0.366,0.037,0.597,-0.707,1.753,0.5247,2.8862,0.692,0.006,0.020,0.137,0.150,112,16,26,1,42,0,92760.41,20780.975,11713.516,21.450,4749.809,50.373,15282.585,4955.231,2008.538,7455.139,5964.111,1300.486,154.316,2042.694,0.000162,0.010684,975,0,8,18,21,8,34032,39,13,19.630
5611,187.0,3286,68,25,2271,1015,0,0,1296,572.80,0.678,0.855,0.361,0.037,0.591,-0.710,1.757,0.5314,2.8987,0.669,0.007,0.021,0.137,0.151,121,10,29,0,50,0,99261.17,22135.055,13427.054,45.602,5158.734,55.753,16095.567,5413.976,2046.720,9144.875,7315.900,1488.515,49.699,2183.498,0.000186,0.010175,1048,0,4,25,22,2,36000,54,20,37.537
5641,188.0,3457,69,25,2359,1098,0,0,1347,509.55,0.682,0.866,0.355,0.037,0.584,-0.714,1.756,0.5335,2.9504,0.655,0.006,0.020,0.136,0.153,103,10,34,0,63,0,106155.16,23634.697,14339.501,30.486,5735.218,45.024,16983.786,5784.146,2114.512,9926.154,7940.923,1691.250,151.595,2400.172,0.000158,0.009944,1190,0,9,25,26,9,37904,76,17,29.042
5671,189.0,3681,92,25,2469,1212,0,0,1489,559.42,0.687,0.883,0.351,0.037,0.576,-0.719,1.758,0.5329,2.9849,0.651,0.004,0.025,0.136,0.152,128,11,50,0,59,0,113315.11,25704.193,15795.114,64.079,6873.604,42.492,18117.874,6340.363,2273.394,12203.297,9762.638,2146.166,171.534,2913.449,0.000299,0.012123,1485,0,12,38,43,12,39998,196,31,62.528
5701,190.0,3890,71,25,2565,1325,0,0,1629,490.36,0.695,0.897,0.347,0.038,0.568,-0.721,1.762,0.5426,3.0042,0.640,0.008,0.023,0.135,0.151,130,14,62,0,59,0,121202.61,27357.959,17836.272,69.806,7684.364,49.383,19251.067,7090.503,2482.926,12389.983,9911.987,2569.244,363.030,3141.776,0.000249,0.013805,1624,0,23,39,60,23,41965,144,37,67.328
5731,191.0,4121,62,25,2681,1440,0,0,1830,394.82,0.700,0.908,0.342,0.039,0.562,-0.724,1.765,0.5392,3.0418,0.630,0.007,0.025,0.134,0.152,128,15,80,0,67,0,129034.83,29465.688,19405.731,86.046,8703.014,39.305,20509.743,7762.334,2745.579,14166.193,11332.954,3537.155,255.620,3481.581,0.000190,0.015890,1748,0,37,43,75,35,44809,113,40,77.517
5761,192.0,4358,82,25,2817,1541,0,0,2042,451.79,0.702,0.913,0.334,0.040,0.559,-0.726,1.768,0.5420,3.0999,0.628,0.005,0.021,0.134,0.153,131,12,89,0,83,0,137865.94,31982.469,20992.552,100.856,9338.405,39.961,21721.817,8449.815,3085.817,14845.489,11876.392,3893.355,424.717,3700.140,0.000237,0.015430,1893,0,32,57,85,31,47096,96,54,95.765
5791,193.0,4666,71,25,2949,1717,0,0,2284,428.64,0.712,0.929,0.327,0.040,0.548,-0.727,1.769,0.5429,3.0326,0.602,0.005,0.019,0.133,0.153,137,10,118,0,65,0,147228.80,34897.801,23360.714,129.436,10980.754,41.676,23168.672,9251.398,3458.902,18268.151,14614.521,4642.903,308.370,4541.224,0.000223,0.017243,2195,0,50,68,111,47,48476,112,64,118.162
5821,194.0,4960,63,25,3097,1863,0,0,2569,333.05,0.716,0.937,0.323,0.040,0.543,-0.729,1.770,0.5467,3.0424,0.595,0.006,0.022,0.132,0.152,134,5,126,0,85,0,157333.23,37749.984,25392.597,124.799,12515.867,41.873,24887.957,10154.461,3932.201,18458.682,14766.946,5173.804,334.738,4988.054,0.000224,0.016481,2542,0,59,67,116,58,51639,116,58,114.840
5851,195.0,5257,79,25,3217,2040,0,0,2863,428.48,0.727,0.952,0.318,0.040,0.534,-0.733,1.774,0.5498,3.1314,0.573,0.004,0.022,0.132,0.152,141,6,123,0,122,0,166713.66,39839.396,27353.643,148.282,14561.281,40.445,26582.149,11174.142,4420.245,20305.657,16244.526,5781.119,251.437,5690.663,0.000260,0.016209,2965,0,48,75,112,45,53886,139,67,136.805
5881,196.0,5547,76,25,3332,2215,0,0,3240,383.86,0.736,0.963,0.313,0.041,0.525,-0.735,1.779,0.5513,3.0721,0.573,0.005,0.022,0.131,0.152,126,9,147,0,111,0,177067.61,43362.769,28412.490,164.205,15283.091,42.027,28411.552,12260.784,5035.430,20619.256,16495.405,5741.122,267.572,5745.203,0.000434,0.012928,3170,0,55,92,137,54,55815,99,83,156.571
5911,197.0,5892,64,25,3470,2422,0,0,3644,366.33,0.747,0.976,0.308,0.039,0.516,-0.736,1.782,0.5537,3.1092,0.563,0.006,0.019,0.130,0.152,122,14,156,0,128,0,187210.31,46291.923,31601.923,168.099,17287.830,33.732,30256.201,13292.970,5756.476,23956.238,19164.991,6919.563,230.406,6672.374,0.000224,0.012222,3651,0,62,94,146,61,57924,143,85,156.800
5941,198.0,5997,67,25,3498,2499,0,0,3947,323.68,0.755,0.980,0.307,0.039,0.512,-0.737,1.782,0.5562,3.0436,0.563,0.023,0.057,0.130,0.151,126,7,184,0,153,0,198443.64,49420.513,33050.065,206.638,19292.625,28.068,31995.320,14067.881,6383.756,16878.354,13502.684,8155.633,209.289,7256.345,0.000353,0.008688,4033,0,79,105,166,73,59932,118,93,182.339
5971,199.0,6000,60,25,3498,2502,0,0,4206,350.71,0.758,0.980,0.306,0.040,0.512,-0.738,1.781,0.5620,3.0852,0.564,0.046,0.110,0.130,0.152,104,7,148,0,164,0,211811.52,50565.369,34816.142,176.107,20350.026,25.592,32315.735,14164.418,6915.250,12129.025,9703.220,7847.376,1045.218,7475.939,0.000377,0.004147,4031,0,61,87,131,57,60354,116,74,162.680
6001,200.0,5996,57,26,3436,2560,0,0,4418,380.39,0.768,0.989,0.303,0.039,0.505,-0.738,1.783,0.5607,3.0337,0.556,0.059,0.170,0.128,0.151,100,5,158,0,174,0,227086.81,52064.686,36646.791,188.971,21616.564,32.619,32547.270,14145.295,7343.061,12991.627,10393.302,7215.441,1837.730,7938.021,0.000259,0.003622,4199,0,44,114,142,42,59640,153,100,176.935
6031,201.0,6000,69,26,3391,2609,0,0,4522,407.74,0.777,0.996,0.301,0.039,0.499,-0.738,1.785,0.5583,3.0577,0.565,0.077,0.233,0.128,0.150,83,4,159,0,142,0,241447.77,52954.745,38353.632,194.606,23302.193,26.966,33018.462,14426.835,7629.801,12189.519,9751.615,7512.541,3684.933,8431.554,0.000312,0.003981,4326,0,54,105,152,53,59517,138,99,185.073
6061,202.0,5997,62,26,3340,2657,0,0,4583,384.50,0.785,1.003,0.301,0.039,0.493,-0.740,1.782,0.5549,3.0645,0.580,0.093,0.271,0.127,0.148,83,5,120,0,123,0,255042.30,53976.878,39045.689,178.114,23706.689,22.388,33359.588,14704.388,7874.383,9675.392,7740.314,7723.680,5707.172,8301.855,0.000354,0.001155,4197,0,40,80,111,39,60547,72,72,168.049
6091,203.0,6000,67,26,3297,2703,0,0,4527,367.04,0.794,1.007,0.301,0.039,0.488,-0.740,1.779,0.5563,3.0484,0.593,0.104,0.323,0.126,0.146,83,3,154,0,138,0,269084.59,56023.941,43247.614,238.996,24431.054,23.266,33686.984,14841.995,7945.017,11929.960,9543.969,9713.097,8144.040,8751.119,0.000558,-0.003592,4291,0,52,102,140,49,59720,88,91,214.327
6121,204.0,6000,68,26,3242,2758,0,0,4494,436.23,0.804,1.016,0.300,0.039,0.481,-0.741,1.779,0.5534,3.0414,0.587,0.121,0.350,0.125,0.144,79,6,182,0,126,0,280521.06,57291.940,44222.125,279.431,25495.210,25.032,34111.886,15296.329,7866.792,12386.962,9909.570,12169.558,9213.434,9221.642,0.000543,-0.010054,4496,0,66,116,166,62,59786,144,104,252.822
6151,205.0,6000,75,26,3169,2831,0,0,4490,457.23,0.816,1.027,0.298,0.039,0.471,-0.740,1.779,0.5526,3.0477,0.595,0.136,0.372,0.124,0.141,72,3,183,0,116,0,289972.66,58054.701,43406.626,241.854,26793.327,21.775,34532.213,15740.456,7957.794,12225.803,9780.642,11683.719,10174.565,9717.659,0.000395,-0.015075,4553,0,68,115,169,65,59413,185,104,214.812
6181,206.0,5997,76,26,3120,2877,0,0,4480,417.54,0.825,1.034,0.298,0.040,0.466,-0.740,1.778,0.5547,3.0181,0.599,0.141,0.392,0.123,0.140,71,5,199,0,108,0,297872.78,57170.722,46821.713,255.110,27027.327,23.861,34991.720,16165.796,7924.366,12337.533,9870.027,13126.086,11745.078,9926.879,0.000583,-0.020668,4439,0,96,103,188,93,61962,223,95,211.686
6211,207.0,6000,70,26,3075,2925,0,0,4507,435.63,0.834,1.042,0.297,0.039,0.460,-0.740,1.779,0.5508,3.0362,0.605,0.140,0.404,0.122,0.138,63,3,205,0,103,0,301728.25,57100.984,45555.297,230.178,28481.582,21.909,35359.301,16323.073,7932.661,12887.367,10309.894,13670.807,12677.010,10490.635,0.000807,-0.032493,4626,0,122,83,197,120,62008,201,77,198.557
6241,208.0,5996,69,26,3036,2960,0,0,4452,476.26,0.840,1.047,0.296,0.039,0.456,-0.740,1.775,0.5497,3.0062,0.590,0.144,0.423,0.121,0.137,67,3,170,0,123,0,307848.75,57496.628,47327.857,195.912,28472.235,18.922,35660.307,16507.062,7948.307,11689.716,9351.773,11905.046,14296.908,10244.319,0.000591,-0.041292,4615,0,75,95,162,75,61996,206,87,185.401
6271,209.0,6000,61,26,2952,3048,0,0,4366,462.00,0.853,1.059,0.294,0.039,0.445,-0.739,1.777,0.5506,3.0355,0.609,0.147,0.415,0.120,0.133,61,5,225,0,110,0,312133.91,56953.351,48538.386,339.774,27479.140,24.356,36069.285,16973.909,7841.063,14086.687,11269.350,13388.402,14443.221,10013.135,0.000677,-0.048155,4461,0,85,140,215,84,62709,200,131,323.049
6301,210.0,5994,55,27,2887,3107,0,0,4428,468.35,0.863,1.068,0.291,0.039,0.437,-0.740,1.773,0.5563,3.0187,0.607,0.153,0.405,0.119,0.132,60,7,242,1,118,0,311305.12,55989.199,48334.605,250.263,28918.666,21.629,36629.750,17380.176,7869.420,14780.110,11824.088,15874.582,13875.973,10816.907,0.000441,-0.053246,4573,0,129,113,230,129,63742,149,101,232.184
6331,211.0,6000,71,27,2808,3192,0,0,4366,451.73,0.876,1.079,0.288,0.038,0.427,-0.740,1.778,0.5497,2.9724,0.605,0.149,0.380,0.117,0.128,71,6,262,0,117,0,308772.44,55500.354,48584.062,278.647,28286.183,22.144,37041.405,17817.602,7893.187,16062.958,12850.367,17405.731,12971.190,10554.038,0.000548,-0.061235,4505,0,131,131,252,131,64105,134,121,258.649
6361,212.0,5997,63,27,2741,3256,0,0,4368,463.41,0.886,1.088,0.286,0.038,0.418,-0.740,1.777,0.5506,2.9921,0.626,0.144,0.364,0.116,0.125,68,4,257,0,142,0,306415.22,54567.035,48346.013,290.867,29008.493,18.686,37475.408,18092.358,7795.995,16540.291,13232.233,16529.921,11720.048,10639.353,0.000393,-0.065862,4712,0,135,122,252,135,65118,187,117,272.117
6391,213.0,6000,61,27,2669,3331,0,0,4399,503.38,0.899,1.098,0.282,0.037,0.409,-0.740,1.782,0.5514,2.9963,0.623,0.124,0.336,0.115,0.124,66,3,262,0,145,0,302268.41,53759.889,47306.293,289.592,28589.068,17.775,37852.908,18179.656,7844.968,17198.492,13758.794,17286.399,10341.596,10557.343,0.000592,-0.072838,4728,0,137,125,256,137,65896,202,119,269.093
6421,214.0,6000,58,27,2610,3390,0,0,4440,492.98,0.908,1.107,0.281,0.037,0.402,-0.741,1.780,0.5477,2.9860,0.630,0.123,0.320,0.114,0.121,61,2,273,0,120,0,296951.97,51483.815,47711.592,269.568,26651.061,21.287,38311.989,18620.304,7894.555,16355.007,13084.006,16616.489,10033.151,10033.930,0.000602,-0.080296,4583,0,160,113,269,159,66990,170,110,242.972
6451,215.0,5997,57,28,2577,3420,0,0,4486,502.26,0.914,1.113,0.281,0.036,0.398,-0.742,1.782,0.5452,2.9517,0.625,0.103,0.290,0.113,0.119,51,4,258,0,150,0,289455.62,49786.819,46132.008,249.995,27201.428,14.477,38640.040,18796.220,7926.215,16990.535,13592.428,16664.865,8261.502,9978.194,0.000519,-0.088067,4835,0,153,105,252,153,67937,260,99,229.808
6481,216.0,5995,51,28,2521,3474,0,0,4439,478.32,0.922,1.123,0.279,0.036,0.391,-0.743,1.784,0.5520,2.9856,0.621,0.086,0.269,0.112,0.118,58,2,289,0,147,0,280376.62,48108.566,45491.281,257.933,26361.129,17.129,38951.642,19093.521,7945.011,18101.010,14480.809,16485.381,6914.959,9926.080,0.000487,-0.093601,4765,0,171,118,287,171,68435,183,116,237.078
6511,217.0,6000,46,28,2453,3547,0,0,4302,466.74,0.934,1.132,0.276,0.036,0.382,-0.743,1.786,0.5486,2.9447,0.636,0.071,0.218,0.111,0.114,47,1,287,0,165,0,268727.62,46288.384,43419.292,247.643,24128.247,16.502,39267.285,19560.846,7776.981,19286.098,15428.878,16421.588,5751.057,8969.345,0.000259,-0.094426,4475,0,172,115,281,172,70026,113,109,224.770
6541,218.0,6000,50,28,2407,3593,0,0,4274,399.49,0.940,1.140,0.276,0.036,0.376,-0.744,1.788,0.5480,2.9550,0.628,0.065,0.189,0.110,0.113,54,8,302,0,140,0,257960.12,44917.850,43206.373,223.042,23998.873,17.906,39657.861,19878.824,7620.300,18791.292,15033.034,14949.109,4346.959,8903.434,0.000341,-0.094687,4539,0,183,119,299,182,71048,123,117,197.440
6571,219.0,5984,52,28,2324,3660,0,0,4153,464.49,0.954,1.153,0.273,0.036,0.367,-0.744,1.793,0.5426,2.9564,0.634,0.047,0.123,0.109,0.111,63,8,343,0,184,0,240146.41,42221.226,41008.820,233.828,23337.973,19.271,40063.273,20389.252,7438.489,22200.260,17760.208,17088.630,3106.202,8751.697,0.000441,-0.097924,4675,0,212,131,339,211,71771,133,128,211.061
6601,220.0,5997,38,30,2280,3717,0,0,4220,423.87,0.961,1.159,0.271,0.034,0.361,-0.745,1.795,0.5478,2.9429,0.646,0.031,0.082,0.108,0.109,62,12,349,0,166,0,223868.69,40690.001,40246.271,241.115,21369.779,18.288,40404.760,20818.568,7387.539,22506.684,18005.348,14855.555,1462.681,8024.668,0.000371,-0.098552,4493,0,213,136,342,212,71221,119,130,217.901
6631,221.0,5999,30,30,2264,3735,0,0,4240,413.39,0.965,1.159,0.270,0.033,0.358,-0.747,1.800,0.5445,2.9371,0.638,0.020,0.037,0.108,0.109,58,20,255,0,228,0,208059.16,39419.177,38139.517,164.425,19701.315,15.608,40796.392,21017.952,7464.645,21318.342,17054.674,11978.345,903.069,7108.581,0.000410,-0.098595,4393,0,169,86,250,169,72115,103,81,150.004
6661,222.0,5997,37,30,2287,3710,0,0,4232,451.02,0.963,1.155,0.270,0.033,0.362,-0.747,1.806,0.5416,2.9391,0.634,0.007,0.016,0.109,0.112,55,22,200,0,263,0,193978.98,37947.446,36209.692,138.574,18728.900,12.461,40741.067,20804.651,7440.189,19558.638,15646.910,8578.903,256.987,6642.364,0.000215,-0.098582,4388,0,118,82,195,118,72396,64,77,130.079
6691,223.0,5882,34,30,2279,3603,0,0,4202,396.27,0.960,1.147,0.270,0.034,0.367,-0.749,1.809,0.5434,2.9463,0.637,0.001,0.012,0.110,0.113,61,30,156,0,327,0,180331.05,36594.762,34324.925,136.988,18858.256,13.266,40404.208,20413.483,7364.756,16270.181,13016.145,6844.822,105.962,6317.341,0.000275,-0.099889,4487,0,74,82,153,74,70842,83,79,132.180
6721,224.0,5704,35,30,2285,3419,0,0,4158,347.24,0.950,1.131,0.274,0.033,0.377,-0.750,1.806,0.5426,2.9066,0.645,0.002,0.011,0.112,0.116,79,29,147,0,317,0,167942.03,35034.486,32838.091,90.762,17204.416,12.454,39011.036,19277.672,7276.536,12968.978,10375.183,6161.294,196.634,5835.383,0.000272,-0.098876,4349,0,90,57,145,90,67866,149,55,84.896
6751,225.0,5444,33,32,2259,3185,0,0,4017,412.17,0.937,1.116,0.276,0.033,0.389,-0.750,1.804,0.5435,2.8887,0.645,0.000,0.014,0.114,0.120,87,32,123,0,375,0,156686.52,33456.268,30624.602,88.685,15612.711,14.256,37328.354,18060.429,7048.999,11042.073,8833.659,5538.448,54.447,5185.987,0.000304,-0.097575,4039,0,67,56,120,67,65669,102,53,84.688
6781,226.0,5261,37,32,2267,2994,0,0,3833,413.46,0.924,1.100,0.279,0.033,0.401,-0.753,1.804,0.5404,2.8436,0.657,0.001,0.012,0.116,0.124,81,39,75,0,335,0,148372.41,32703.667,28452.165,65.942,14540.396,19.458,35420.779,16952.747,6711.043,10716.361,8573.089,3513.268,132.634,4662.139,0.000237,-0.095170,3674,0,27,48,73,27,63532,46,46,64.097
6811,227.0,5004,33,32,2259,2745,0,0,3637,443.56,0.906,1.081,0.283,0.034,0.417,-0.755,1.805,0.5385,2.8823,0.656,0.000,0.013,0.118,0.128,78,45,114,0,315,0,138985.95,31499.226,26374.605,90.067,14300.544,20.357,33608.537,15975.304,6357.232,8709.087,6967.270,4941.576,31.674,4694.207,0.000312,-0.096092,3607,0,56,58,114,56,59403,71,58,86.217
6841,228.0,4695,34,32,2210,2485,0,0,3437,417.01,0.888,1.064,0.287,0.034,0.432,-0.757,1.804,0.5412,2.8356,0.670,0.000,0.013,0.120,0.133,69,39,120,0,342,0,131061.10,29867.114,24349.703,100.875,12316.790,15.432,31241.662,14485.633,5977.018,7769.392,6215.514,4916.111,72.816,3995.420,0.000239,-0.097418,3056,0,59,61,117,59,55494,35,58,97.013
6871,229.0,4535,40,32,2195,2340,0,0,3203,486.89,0.877,1.053,0.288,0.035,0.443,-0.758,1.803,0.5481,2.8952,0.663,0.000,0.011,0.122,0.137,58,34,73,1,284,0,124726.64,28230.775,22705.196,74.207,12225.451,17.411,29392.896,13328.742,5566.981,9211.624,7369.299,3270.564,66.005,3877.127,0.000241,-0.100139,3058,0,25,48,72,25,52893,41,47,72.321
6901,230.0,4360,36,32,2190,2170,0,0,2945,446.86,0.860,1.037,0.290,0.036,0.457,-0.760,1.806,0.5459,2.8886,0.668,0.001,0.012,0.124,0.143,72,47,49,0,242,0,119403.68,27112.074,20741.214,35.791,11274.700,20.159,28050.343,12499.543,5175.313,6557.838,5246.271,2611.140,61.256,3502.876,0.000352,-0.104688,2733,0,24,25,46,23,51083,44,23,31.597
6931,231.0,4218,37,32,2197,2021,0,0,2756,531.90,0.843,1.020,0.292,0.036,0.472,-0.760,1.806,0.5475,2.8878,0.673,0.000,0.014,0.127,0.149,59,37,48,3,208,0,114863.20,26199.513,18841.247,41.030,10395.947,20.150,26528.794,11556.939,4706.163,5883.391,4706.713,2419.854,27.431,3206.400,0.000249,-0.105364,2603,0,20,28,43,20,48114,91,23,39.469
6961,232.0,4066,25,32,2191,1875,0,0,2563,560.77,0.827,1.006,0.294,0.036,0.485,-0.762,1.807,0.5516,2.8724,0.677,0.001,0.017,0.129,0.155,58,36,43,2,226,0,109959.88,24926.822,17698.637,54.344,9892.311,21.477,25297.077,10909.178,4404.100,5964.546,4771.637,2627.357,90.473,3062.030,0.000209,-0.105879,2528,0,13,30,42,13,46401,101,29,53.241
6991,233.0,3946,42,32,2189,1757,0,0,2413,596.00,0.813,0.992,0.296,0.037,0.498,-0.764,1.808,0.5541,2.9300,0.687,0.000,0.018,0.131,0.160,58,35,33,1,203,0,105896.48,23965.620,16277.661,41.708,9377.208,23.438,23981.091,10230.155,4086.431,5913.751,4731.001,1882.104,141.423,2844.445,0.000252,-0.107106,2370,0,9,24,30,9,44083,118,21,40.818
7021,234.0,3837,33,32,2176,1661,0,0,2292,536.34,0.801,0.981,0.297,0.037,0.508,-0.765,1.806,0.5535,2.8992,0.694,0.001,0.017,0.133,0.165,66,46,28,3,176,0,101686.80,23227.474,14774.567,35.618,8900.009,21.316,23079.308,9607.787,3889.003,5709.650,4567.720,1822.051,20.751,2686.502,0.000247,-0.109499,2232,0,6,22,27,6,43173,109,21,35.283
7051,235.0,3719,31,34,2167,1552,0,0,2194,587.40,0.786,0.967,0.299,0.038,0.520,-0.767,1.809,0.5566,2.9224,0.679,0.000,0.015,0.135,0.170,58,39,40,1,160,0,96717.59,21952.342,13121.899,53.175,8466.728,22.817,22066.184,8977.273,3708.399,4627.588,3702.071,1936.257,32.951,2450.046,0.000169,-0.111308,2068,0,9,31,39,9,41259,49,30,52.156
7081,236.0,3590,30,34,2148,1442,0,0,2056,673.11,0.773,0.952,0.301,0.039,0.532,-0.770,1.811,0.5497,2.9289,0.698,0.001,0.015,0.137,0.175,65,37,41,1,167,0,91907.20,21193.792,11940.685,59.742,7245.687,28.344,21099.608,8500.795,3517.110,4398.591,3518.873,1866.881,54.968,2085.519,0.000207,-0.111521,1800,0,7,34,40,7,39509,36,33,59.257
7111,237.0,3412,31,34,2115,1297,0,0,1929,601.43,0.753,0.932,0.302,0.040,0.549,-0.771,1.817,0.5494,2.9299,0.689,0.001,0.016,0.140,0.181,63,45,52,1,177,0,88140.34,20491.399,11471.746,62.401,6844.726,27.778,19821.911,7778.750,3305.235,3512.801,2810.241,2059.534,101.418,2023.000,0.000200,-0.110767,1670,0,14,38,50,14,38181,35,36,61.473
7141,238.0,3296,37,34,2103,1192,1,0,1844,565.87,0.737,0.913,0.303,0.040,0.564,-0.772,1.816,0.5511,2.9278,0.692,0.001,0.016,0.142,0.186,53,43,41,2,147,0,84801.11,19740.868,10444.118,43.005,6367.437,26.178,18688.133,7126.901,3146.048,4341.923,3473.538,1815.167,59.345,1863.254,0.000157,-0.109898,1506,0,14,27,41,14,37016,60,27,42.271
7171,239.0,3193,35,34,2092,1100,1,0,1769,641.69,0.721,0.897,0.305,0.040,0.577,-0.773,1.817,0.5516,2.9283,0.704,0.001,0.017,0.145,0.191,65,35,33,2,133,0,83495.25,19790.868,10355.705,37.901,5523.356,28.014,17763.772,6640.778,3019.074,3655.528,2924.422,1652.938,73.575,1609.091,0.000222,-0.108848,1203,0,11,22,30,11,35893,21,19,37.451
7201,240.0,3125,39,33,2100,1024,1,0,1703,573.18,0.704,0.881,0.308,0.041,0.591,-0.777,1.815,0.5546,2.8847,0.714,0.001,0.020,0.147,0.196,52,29,45,1,113,0,81978.45,19519.951,9600.817,64.746,5691.721,28.729,17019.648,6266.616,2880.290,4370.917,3496.734,1973.431,57.463,1630.679,0.000162,-0.107373,1197,0,11,34,43,11,34372,21,32,64.360
7231,241.0,3071,41,33,2108,963,0,0,1608,619.12,0.689,0.869,0.308,0.041,0.602,-0.779,1.818,0.5580,2.9070,0.712,0.001,0.018,0.149,0.201,64,32,43,3,104,0,82265.57,19739.541,9929.331,61.114,5486.321,27.267,16483.410,5905.110,2759.241,4598.923,3679.138,1657.797,95.367,1622.164,0.000222,-0.104604,1192,0,11,32,41,11,33812,39,30,60.607
7261,242.0,3034,48,33,2115,919,0,0,1548,695.71,0.680,0.860,0.307,0.041,0.610,-0.782,1.817,0.5588,2.9574,0.712,0.001,0.021,0.151,0.205,67,24,58,0,92,0,83648.30,20012.441,10182.589,71.835,5436.108,34.233,15904.192,5678.591,2613.444,4823.606,3858.885,2115.135,62.198,1545.853,0.000161,-0.103939,1122,0,16,42,54,16,33100,30,38,70.784
7291,243.0,2998,65,33,2098,900,0,0,1472,687.00,0.677,0.856,0.304,0.041,0.613,-0.783,1.820,0.5571,2.9624,0.710,0.003,0.030,0.152,0.206,74,22,68,0,94,0,86559.79,20212.317,11134.977,79.658,4864.944,35.454,15615.933,5510.724,2503.288,5519.863,4415.890,2342.764,56.101,1382.683,0.000176,-0.103511,995,0,18,50,64,18,32437,35,46,78.525
7321,244.0,3050,54,33,2129,921,0,0,1378,704.51,0.678,0.861,0.303,0.041,0.611,-0.786,1.828,0.5574,2.9782,0.717,0.002,0.027,0.152,0.207,62,16,62,0,71,0,91049.55,20895.578,12185.656,83.502,5253.623,29.863,15586.138,5416.366,2344.347,7280.634,5824.507,2223.004,96.392,1552.599,0.000207,-0.104903,1001,0,17,45,60,17,32586,34,43,82.872
7351,245.0,3146,68,33,2185,961,0,0,1339,671.96,0.678,0.866,0.300,0.041,0.609,-0.788,1.829,0.5661,2.9825,0.688,0.003,0.035,0.152,0.208,87,20,66,0,58,0,95206.68,21570.162,12253.072,98.126,6219.272,31.009,15913.355,5717.513,2205.013,8496.845,6797.477,2423.718,139.454,1665.810,0.000196,-0.105063,1153,0,19,47,65,19,32719,14,46,97.458
7381,246.0,3295,54,33,2270,1025,0,0,1369,665.03,0.683,0.871,0.294,0.040,0.606,-0.791,1.826,0.5645,2.9592,0.716,0.005,0.034,0.151,0.208,82,10,63,1,51,0,101641.23,23118.660,13610.151,95.516,6325.905,27.421,16452.744,5907.186,2184.549,9879.380,7903.504,2053.194,165.456,1650.772,0.000210,-0.105909,1146,0,12,51,61,12,33156,7,49,94.769
7411,247.0,3482,68,33,2383,1099,0,0,1413,623.21,0.685,0.878,0.289,0.041,0.603,-0.796,1.823,0.5647,3.0048,0.692,0.004,0.032,0.151,0.209,83,15,36,0,62,0,109807.35,25368.943,14725.695,47.315,7162.672,24.016,17326.774,6458.271,2234.588,10939.270,8751.416,1618.315,293.344,1856.681,0.000194,-0.106819,1242,0,11,25,35,11,34924,26,24,46.195
7441,248.0,3715,77,33,2516,1199,0,0,1476,524.49,0.690,0.889,0.286,0.040,0.597,-0.797,1.825,0.5691,3.0686,0.678,0.004,0.036,0.151,0.210,70,10,63,0,55,0,117661.60,27375.986,15806.676,103.731,8448.553,26.956,18473.794,7019.285,2315.757,12918.067,10334.454,2636.650,250.928,2152.110,0.000276,-0.108977,1428,0,15,48,61,15,36197,16,46,103.014
7471,249.0,3984,46,33,2653,1331,0,0,1582,454.64,0.698,0.906,0.283,0.041,0.588,-0.798,1.826,0.5731,3.0439,0.654,0.004,0.032,0.150,0.208,82,14,71,0,63,0,125660.52,28985.071,17773.621,105.106,9445.883,24.951,19866.385,7900.015,2431.991,15218.122,12174.498,2851.017,343.786,2428.062,0.000223,-0.109981,1647,0,20,51,68,19,38340,29,49,103.241
7501,250.0,4199,62,37,2754,1445,0,0,1741,514.39,0.708,0.921,0.280,0.041,0.581,-0.800,1.830,0.5730,3.1387,0.647,0.005,0.028,0.149,0.207,91,20,100,0,65,0,134469.73,31551.374,19652.338,161.475,10828.878,25.602,21187.796,8512.472,2631.712,14650.424,11720.339,3923.047,547.103,2823.762,0.000241,-0.111037,1919,0,26,74,96,26,40394,68,70,160.038
7531,251.0,4446,64,37,2845,1601,0,0,1951,435.48,0.722,0.937,0.276,0.040,0.570,-0.803,1.829,0.5748,3.1033,0.640,0.005,0.030,0.147,0.203,81,19,149,0,67,0,142340.50,33756.470,21684.853,230.140,13282.334,19.857,22767.564,9371.811,2925.726,17925.007,14340.006,5361.588,379.833,3409.174,0.000282,-0.108997,2400,0,39,110,143,39,41217,78,104,227.882
7561,252.0,4671,55,37,2919,1752,0,0,2181,463.86,0.736,0.955,0.273,0.040,0.558,-0.806,1.831,0.5699,3.1824,0.632,0.004,0.029,0.145,0.200,102,16,152,0,96,0,151640.78,36219.896,23603.424,270.028,13728.103,22.122,24280.132,10216.481,3257.533,18117.638,14494.111,5497.867,525.263,3392.269,0.000190,-0.109024,2479,0,27,125,145,27,42844,74,118,268.387
7591,253.0,5018,58,37,3052,1966,0,0,2457,381.74,0.751,0.974,0.267,0.039,0.546,-0.808,1.835,0.5769,3.1332,0.610,0.004,0.025,0.144,0.196,95,9,143,1,90,0,161430.94,38922.816,26366.646,190.534,16109.112,20.870,26260.885,11389.575,3656.941,22197.270,17757.816,5634.028,459.573,3849.371,0.000241,-0.107813,2938,0,49,94,137,48,45476,43,89,184.355
7621,254.0,5286,60,37,3150,2136,0,0,2749,362.31,0.763,0.990,0.265,0.039,0.537,-0.811,1.838,0.5790,3.1416,0.597,0.003,0.026,0.142,0.192,83,13,200,0,94,0,170241.47,41081.848,28679.973,268.678,17825.891,26.135,28234.659,12687.166,4147.226,21573.555,17258.845,6969.001,510.912,4356.305,0.000317,-0.104548,3361,0,62,138,195,62,46405,65,133,264.847
7651,255.0,5584,64,37,3224,2360,0,0,3104,321.71,0.780,1.012,0.263,0.039,0.523,-0.814,1.843,0.5780,3.2093,0.593,0.002,0.025,0.140,0.189,94,8,201,0,116,0,179282.09,43279.529,31072.039,275.622,19802.720,18.596,30281.637,13772.638,4687.325,24132.329,19305.864,6966.993,398.436,4653.073,0.000355,-0.101731,3744,0,58,143,195,58,48498,37,137,272.394
7681,256.0,5834,46,37,3272,2562,0,0,3457,322.42,0.796,1.030,0.260,0.039,0.510,-0.818,1.839,0.5804,3.1385,0.596,0.003,0.023,0.139,0.185,88,8,256,2,118,0,188014.34,46273.550,34185.469,337.291,21551.948,14.783,32245.405,14987.177,5251.060,24391.966,19513.573,9146.986,527.525,5027.512,0.000275,-0.102476,4131,0,83,173,249,83,50732,71,166,332.905
7711,257.0,6000,46,37,3260,2740,0,0,3765,368.55,0.814,1.047,0.257,0.038,0.497,-0.820,1.841,0.5816,3.1591,0.594,0.014,0.038,0.137,0.181,92,10,247,0,134,0,196101.31,48238.102,34172.072,338.404,23902.576,16.865,34225.307,16083.499,5833.767,22051.858,17641.486,8206.444,526.887,5375.331,0.000238,-0.102329,4618,0,75,172,242,75,52610,68,167,334.720
7741,258.0,6000,51,37,3222,2778,0,0,3998,394.24,0.823,1.051,0.257,0.039,0.492,-0.823,1.844,0.5826,3.1715,0.590,0.023,0.069,0.136,0.180,78,8,265,0,164,0,205420.34,50036.036,36812.119,292.233,24842.863,17.106,34955.612,16645.161,6347.544,17158.635,13726.909,9793.731,955.427,5692.159,0.000258,-0.103786,4719,0,101,164,251,100,52692,74,151,284.308
7771,259.0,6000,53,37,3167,2833,0,0,4185,394.45,0.833,1.060,0.255,0.039,0.486,-0.825,1.844,0.5797,3.1414,0.597,0.036,0.099,0.135,0.177,89,7,247,4,162,0,217694.95,51736.422,38787.695,333.999,24657.022,14.701,35311.901,17010.546,6709.525,16770.416,13416.333,9603.945,1042.567,5550.940,0.000219,-0.104564,4720,0,76,171,234,74,52133,196,160,324.955
7801,260.0,5999,42,38,3090,2909,0,0,4204,301.80,0.847,1.072,0.254,0.039,0.476,-0.827,1.847,0.5753,3.1187,0.613,0.044,0.113,0.133,0.174,92,9,332,1,142,0,226633.23,52821.678,41075.180,389.687,26872.580,15.011,35861.445,17522.899,6952.652,19544.964,15635.972,12743.565,2155.077,6203.624,0.000396,-0.107750,4927,0,129,203,324,128,52373,151,196,383.221
7831,261.0,6000,63,38,3008,2992,0,0,4222,332.02,0.862,1.085,0.253,0.038,0.466,-0.829,1.853,0.5827,3.0523,0.593,0.055,0.134,0.132,0.171,56,10,325,1,166,0,235647.98,53442.307,42522.183,407.538,27865.744,14.582,36401.856,17577.186,6973.358,20690.988,16552.791,13239.292,2772.010,6255.390,0.000258,-0.108732,4886,0,131,194,318,131,52568,111,187,401.171
7861,262.0,6000,53,38,2928,3072,0,0,4300,389.40,0.877,1.098,0.253,0.038,0.455,-0.830,1.855,0.5773,3.0894,0.601,0.070,0.160,0.130,0.167,69,9,282,0,168,0,245036.22,53425.086,46133.460,402.857,28636.474,11.177,36944.913,18059.118,7122.172,18850.751,15080.601,14243.719,4161.360,6271.723,0.000214,-0.109821,4963,0,109,173,278,109,52885,76,169,396.902
7891,263.0,6000,51,38,2835,3165,0,0,4321,357.83,0.896,1.113,0.252,0.037,0.443,-0.833,1.862,0.5751,3.0559,0.604,0.079,0.186,0.128,0.163,55,6,258,0,150,0,254898.20,53833.692,48107.432,374.724,30271.178,10.996,37717.881,18693.214,7252.373,17665.476,14132.381,13444.279,5378.913,6434.115,0.000380,-0.108335,5104,0,103,155,252,103,52419,82,149,369.041
7921,264.0,6000,49,38,2730,3270,0,0,4408,359.60,0.914,1.132,0.249,0.037,0.430,-0.834,1.863,0.5740,3.0736,0.612,0.091,0.214,0.126,0.158,67,5,268,3,134,0,265046.88,54011.627,48666.088,380.546,29067.166,13.037,38447.617,19293.279,7370.075,17332.759,13866.208,11718.648,6411.727,6201.703,0.000491,-0.103941,4820,0,100,168,263,100,53957,61,163,374.693
7951,265.0,5995,60,43,2647,3348,0,0,4334,366.58,0.929,1.146,0.248,0.037,0.420,-0.835,1.861,0.5800,3.0748,0.598,0.099,0.221,0.124,0.153,67,4,265,0,200,0,272009.59,53224.962,52503.537,364.232,29931.833,15.955,39125.495,19677.200,7454.330,19692.219,15753.776,14812.071,7808.600,6313.857,0.000413,-0.098760,4819,0,116,149,259,116,55026,62,143,357.533
7981,266.0,6000,45,43,2584,3416,0,0,4304,435.89,0.942,1.158,0.248,0.037,0.411,-0.835,1.862,0.5753,3.0494,0.627,0.095,0.248,0.123,0.150,74,14,256,1,147,0,280240.16,52700.129,53127.674,343.546,30270.280,13.618,39688.201,19941.398,7366.678,17683.819,14147.056,13089.425,7805.927,6512.402,0.000453,-0.095608,4829,0,103,153,248,103,55206,98,145,336.358
8011,267.0,6000,44,43,2481,3519,0,0,4217,376.29,0.960,1.178,0.248,0.037,0.398,-0.836,1.868,0.5785,3.0301,0.625,0.095,0.235,0.120,0.146,63,12,338,0,150,0,281141.25,52321.298,54046.843,483.183,30889.490,14.463,40373.405,20431.319,7290.936,21292.204,17033.764,17840.399,8955.733,6800.025,0.000497,-0.091037,4871,0,145,193,333,145,55391,47,188,473.359
8041,268.0,6000,46,43,2402,3598,0,0,4085,312.42,0.975,1.190,0.248,0.036,0.388,-0.838,1.871,0.5794,3.0497,0.633,0.093,0.227,0.119,0.142,60,8,344,0,142,0,281114.38,50812.093,52545.190,424.712,29395.372,14.212,41136.509,21046.141,7102.876,21081.306,16865.045,16633.662,7073.934,6599.488,0.000516,-0.083439,4735,0,172,172,343,172,56717,73,171,414.651
8071,269.0,5999,45,43,2331,3668,0,0,4126,447.98,0.987,1.203,0.248,0.036,0.379,-0.838,1.866,0.5717,3.0328,0.624,0.088,0.220,0.117,0.139,65,12,288,0,170,0,280328.22,50224.372,53625.121,350.276,30993.185,12.325,41602.047,21372.663,7014.004,20029.117,16023.294,15594.359,8707.352,6689.662,0.000295,-0.081870,5002,0,146,142,286,146,57771,149,140,341.582
8101,270.0,6000,50,44,2233,3767,0,0,4229,331.81,1.005,1.218,0.248,0.036,0.367,-0.838,1.867,0.5678,3.0131,0.647,0.075,0.187,0.114,0.135,74,12,400,0,175,0,272592.28,49130.694,53771.901,488.512,29487.489,11.497,42301.485,22017.834,7210.807,25271.817,20217.454,20968.210,6910.949,6663.418,0.000380,-0.079376,4794,0,208,192,398,208,58760,86,190,477.753
8131,271.0,5999,41,44,2158,3841,0,0,4223,344.17,1.021,1.229,0.248,0.036,0.357,-0.839,1.866,0.5644,2.9974,0.639,0.079,0.159,0.112,0.130,76,9,381,0,211,0,267710.12,47607.046,55216.213,403.220,28079.271,15.203,43128.434,22465.330,7243.460,26048.356,20838.685,18232.973,5474.397,6354.362,0.000231,-0.079177,4717,0,212,169,378,212,59795,132,166,392.661
8161,272.0,5998,41,44,2107,3891,0,0,4312,387.64,1.030,1.239,0.250,0.035,0.351,-0.840,1.872,0.5670,3.0155,0.628,0.071,0.151,0.111,0.128,69,6,306,2,228,0,264572.97,45894.181,55575.569,386.331,27486.085,12.569,43659.817,22804.962,7311.343,23161.280,18529.025,15651.950,4854.105,6078.789,0.000435,-0.081242,4807,0,161,145,305,161,60700,174,144,376.839
8191,273.0,6000,35,44,2025,3975,0,0,4238,431.73,1.046,1.251,0.249,0.035,0.340,-0.842,1.871,0.5664,3.0135,0.639,0.072,0.127,0.109,0.124,50,9,329,0,222,0,258575.66,43812.995,54569.355,354.998,26374.300,12.205,44178.359,23233.263,7308.370,24640.202,19712.162,14771.707,4572.681,5742.248,0.000299,-0.083778,4680,0,157,172,329,157,62096,175,172,346.699
8221,274.0,5994,40,44,1936,4058,0,0,4221,369.11,1.063,1.263,0.251,0.034,0.329,-0.845,1.873,0.5676,2.9946,0.641,0.053,0.097,0.107,0.119,56,19,356,0,259,0,250565.59,41942.879,55587.671,398.206,25777.419,13.567,44821.518,23671.966,7191.596,27085.148,21668.118,15826.877,3515.622,5494.217,0.000234,-0.082577,4560,0,159,197,356,159,63341,131,197,389.220
8251,275.0,5995,35,44,1885,4110,0,0,4237,398.98,1.073,1.272,0.252,0.035,0.323,-0.848,1.872,0.5582,2.9884,0.660,0.044,0.091,0.106,0.117,62,21,234,0,259,0,244173.81,40394.470,52808.622,244.962,25092.277,12.269,45440.770,23967.053,7232.297,22672.291,18137.833,11007.648,2769.080,4888.529,0.000405,-0.080543,4547,0,118,116,230,118,62897,75,112,240.399
8281,276.0,5999,41,44,1839,4160,0,0,4161,406.93,1.084,1.279,0.252,0.035,0.318,-0.852,1.877,0.5555,2.9410,0.665,0.035,0.070,0.105,0.115,70,17,229,0,302,0,237485.36,39910.487,53349.515,271.374,25051.716,12.669,45917.522,24147.829,7172.826,24285.431,19428.345,10989.502,2519.459,4615.602,0.000301,-0.080102,4581,0,106,123,227,106,61921,51,121,267.633
8311,277.0,6000,38,44,1802,4198,0,0,4131,358.27,1.093,1.283,0.254,0.034,0.313,-0.855,1.875,0.5533,2.9417,0.677,0.027,0.040,0.104,0.112,76,18,281,1,298,0,226199.05,38367.805,51592.253,287.564,23385.703,13.688,46381.264,24446.075,6988.792,26240.415,20992.332,12171.735,1752.697,4545.294,0.000338,-0.082096,4635,0,147,134,280,147,62951,61,133,281.797
8341,278.0,6000,35,44,1793,4207,0,0,4084,324.33,1.098,1.283,0.257,0.034,0.312,-0.858,1.879,0.5457,2.9267,0.645,0.007,0.012,0.104,0.111,70,19,292,1,323,0,210851.81,36754.553,48606.446,243.870,23295.441,11.791,46807.101,24910.190,6927.612,27645.251,22116.201,11765.979,554.232,4457.930,0.000312,-0.083790,4588,0,165,127,292,165,63166,29,127,237.969
8371,279.0,5781,36,44,1745,4036,0,0,3945,332.12,1.103,1.277,0.262,0.035,0.314,-0.860,1.881,0.5505,2.9233,0.646,0.002,0.010,0.104,0.110,80,33,378,0,348,0,194701.53,35013.332,49040.989,271.240,20529.941,12.460,46362.270,24622.313,6755.290,23610.899,18888.719,13628.494,226.881,4158.413,0.000327,-0.084637,4319,0,221,157,376,221,62633,53,155,264.291
8401,280.0,5474,30,44,1704,3770,0,0,3738,338.36,1.096,1.265,0.269,0.035,0.322,-0.862,1.880,0.5399,2.9278,0.665,0.002,0.009,0.105,0.112,83,25,360,0,364,0,180167.86,33180.459,46320.960,226.753,18889.192,13.517,44364.533,23053.409,6436.457,19267.018,15413.615,12451.253,238.740,3864.047,0.000292,-0.086628,3964,0,233,127,360,233,59814,50,127,219.209
8431,281.0,5210,48,44,1673,3537,0,0,3524,373.30,1.089,1.253,0.273,0.034,0.330,-0.864,1.877,0.5442,2.9069,0.671,0.001,0.008,0.107,0.115,75,29,269,1,406,0,170774.94,32135.883,44139.659,197.459,17493.748,14.571,41793.583,21553.238,6049.056,19184.679,15347.743,9287.568,142.161,3203.394,0.000311,-0.087999,3621,0,154,115,269,154,57522,86,115,193.286
8461,282.0,4975,38,44,1661,3314,0,0,3269,326.85,1.079,1.240,0.281,0.035,0.340,-0.866,1.867,0.5472,2.8723,0.669,0.002,0.009,0.108,0.117,58,45,235,0,371,0,162725.19,30721.496,42115.713,230.670,16997.363,12.639,39674.580,20051.551,5688.472,17637.359,14109.887,8861.341,296.158,3018.047,0.000328,-0.087538,3502,0,114,121,235,114,55575,107,121,226.573
8491,283.0,4756,40,44,1643,3113,0,0,3145,335.52,1.068,1.230,0.285,0.035,0.349,-0.867,1.871,0.5538,2.9121,0.689,0.001,0.009,0.110,0.122,80,39,232,0,341,0,157255.52,29765.121,41318.775,191.288,15311.811,11.613,37571.641,18720.433,5361.759,17001.300,13601.040,8606.469,168.038,2916.256,0.000217,-0.087566,2988,0,136,96,230,136,52871,57,94,185.956
8521,284.0,4618,40,44,1641,2976,1,0,3001,384.52,1.062,1.224,0.292,0.035,0.358,-0.869,1.869,0.5489,2.8713,0.684,0.001,0.010,0.112,0.124,71,30,201,0,301,0,151568.08,28328.859,38924.487,188.411,15610.100,13.655,36162.568,17786.916,5138.511,16934.552,13547.642,7758.530,157.967,2737.794,0.000231,-0.089421,3067,0,110,91,200,110,49598,23,90,185.484
8551,285.0,4443,39,45,1649,2794,0,0,2830,358.14,1.048,1.207,0.299,0.037,0.371,-0.872,1.868,0.5424,2.8775,0.678,0.001,0.011,0.114,0.127,64,46,220,0,267,0,144281.58,27092.157,35916.314,193.124,14618.295,13.364,34602.754,16768.015,4866.906,14989.412,11991.530,8324.707,275.876,2651.949,0.000229,-0.089864,2903,0,127,93,219,127,47487,51,92,189.980
8581,286.0,4288,35,45,1606,2682,0,0,2674,366.43,1.047,1.203,0.303,0.037,0.374,-0.875,1.862,0.5411,2.8119,0.687,0.002,0.012,0.114,0.127,60,27,210,1,226,0,138477.33,25771.718,34454.211,193.829,13982.774,12.574,33438.066,15938.335,4612.856,13339.377,10671.502,7212.533,90.687,2263.664,0.000168,-0.090205,2771,0,106,104,209,106,45171,44,103,191.350
8611,287.0,4067,31,45,1574,2492,1,0,2473,368.15,1.036,1.189,0.311,0.038,0.384,-0.877,1.866,0.5410,2.8734,0.697,0.002,0.010,0.116,0.130,53,52,210,0,262,0,130757.91,24460.016,31346.236,200.543,12173.140,11.500,31906.859,15040.002,4284.027,13141.473,10513.178,7626.739,103.587,2136.697,0.000205,-0.089552,2449,0,116,94,209,116,44016,20,93,197.252
8641,288.0,3898,47,45,1557,2340,1,0,2302,359.19,1.026,1.176,0.317,0.038,0.394,-0.879,1.865,0.5405,2.8322,0.697,0.001,0.008,0.117,0.133,69,40,172,1,228,0,123536.63,23117.983,28353.833,181.220,12214.130,17.119,30172.585,14105.090,3932.695,11594.998,9275.998,6321.616,1.137,2022.193,0.000218,-0.089250,2409,0,86,86,171,86,40650,17,85,179.114
8671,289.0,3750,37,45,1514,2235,1,0,2158,370.55,1.024,1.172,0.319,0.038,0.398,-0.881,1.866,0.5338,2.8780,0.693,0.002,0.008,0.118,0.134,76,47,145,0,223,0,117819.53,21888.455,27841.081,145.567,11242.248,15.454,28971.865,13429.994,3693.097,11807.338,9445.871,5324.739,75.428,1735.616,0.000218,-0.087878,2176,0,70,75,142,70,40116,16,72,143.576
8701,290.0,3529,41,47,1459,2069,1,0,1961,382.30,1.014,1.163,0.325,0.039,0.406,-0.883,1.862,0.5380,2.8695,0.721,0.000,0.009,0.119,0.136,55,42,172,1,216,0,110344.34,20157.139,25158.690,185.476,10057.806,13.274,27414.637,12701.086,3371.292,9144.700,7315.760,5967.110,106.925,1586.504,0.000235,-0.088252,2043,0,83,89,172,83,38211,34,89,183.569
8731,291.0,3318,38,47,1438,1880,0,0,1744,339.29,0.997,1.146,0.333,0.039,0.421,-0.885,1.866,0.5363,2.8623,0.723,0.003,0.008,0.122,0.140,62,49,171,0,190,0,102168.05,19013.572,21984.900,127.966,9165.169,14.897,25626.332,11661.084,3024.706,8479.115,6783.292,5703.783,75.917,1515.082,0.000208,-0.088999,1779,0,106,65,170,106,36514,29,64,125.427
8761,292.0,3114,37,47,1420,1694,0,0,1556,418.98,0.973,1.124,0.342,0.040,0.439,-0.886,1.864,0.5396,2.8683,0.719,0.003,0.008,0.125,0.146,65,52,150,0,168,0,95889.08,17675.454,20569.434,142.948,8617.950,15.615,23614.340,10457.263,2693.208,6958.135,5566.508,5057.087,37.961,1415.331,0.000130,-0.088266,1691,0,88,62,148,88,33206,26,60,139.470
8791,293.0,2991,34,47,1406,1585,0,0,1435,373.10,0.957,1.109,0.346,0.040,0.451,-0.888,1.865,0.5388,2.8846,0.734,0.004,0.009,0.127,0.151,60,48,114,2,135,0,91127.45,16917.999,18359.736,98.920,7579.449,13.868,21957.638,9531.071,2404.710,7542.604,6034.084,3577.899,25.205,1133.234,0.000183,-0.088972,1456,0,64,50,114,64,31177,17,50,97.513
8821,294.0,2845,30,47,1406,1439,0,0,1303,394.74,0.932,1.086,0.353,0.042,0.470,-0.890,1.865,0.5346,2.8366,0.733,0.004,0.006,0.130,0.158,39,48,129,1,131,0,85164.95,16176.757,16692.764,83.303,7216.358,15.905,20645.460,9017.564,2190.102,6621.285,5297.028,4441.484,86.301,1210.162,0.000184,-0.087432,1371,0,81,48,127,81,29632,22,46,80.965
8851,295.0,2725,40,49,1397,1328,0,0,1196,405.39,0.913,1.066,0.362,0.041,0.485,-0.891,1.863,0.5337,2.8593,0.746,0.004,0.010,0.133,0.162,52,43,100,0,113,0,81589.14,15756.444,15459.364,113.958,6331.800,16.653,19323.538,8240.395,1989.957,5506.808,4405.446,3248.681,33.216,968.420,0.000177,-0.087880,1198,0,48,52,100,48,28647,25,52,112.617
8881,296.0,2590,41,49,1382,1208,0,0,1092,468.34,0.891,1.044,0.369,0.043,0.501,-0.892,1.866,0.5301,2.8845,0.736,0.001,0.011,0.136,0.168,52,50,110,1,118,0,77658.98,15043.036,14483.170,121.388,6393.174,21.156,18183.635,7597.079,1813.041,5765.203,4612.162,3794.927,33.882,1002.152,0.000156,-0.088746,1171,0,53,57,110,53,27610,26,57,120.241
8911,297.0,2511,37,49,1376,1135,0,0,1003,440.64,0.874,1.030,0.374,0.042,0.513,-0.894,1.870,0.5373,2.9184,0.737,0.001,0.011,0.137,0.171,61,42,107,2,80,0,74087.55,14488.816,13280.483,91.781,5449.256,22.099,17154.038,6916.906,1660.061,6177.437,4941.949,3633.361,3.938,828.714,0.000218,-0.089531,990,0,58,49,107,58,26169,5,49,90.464
8941,298.0,2437,46,49,1376,1061,0,0,940,379.60,0.856,1.016,0.378,0.042,0.526,-0.895,1.867,0.5404,2.8420,0.753,0.002,0.008,0.139,0.176,61,44,82,1,85,0,72568.58,14327.000,12897.658,101.618,5074.544,22.562,16416.914,6500.075,1536.586,5496.447,4397.158,2551.730,57.037,683.623,0.000175,-0.087814,901,0,36,46,82,36,25704,6,46,101.130
8971,299.0,2394,53,49,1382,1012,0,0,865,456.45,0.841,1.006,0.382,0.041,0.537,-0.898,1.869,0.5414,2.8835,0.751,0.003,0.007,0.142,0.180,73,45,82,2,75,0,71721.82,14395.101,12724.202,104.761,5316.520,19.480,15684.098,6138.513,1410.065,6333.164,5066.531,2734.585,65.679,771.248,0.000187,-0.087611,955,0,37,45,82,37,24712,10,45,103.612
9001,300.0,2409,39,45,1426,983,0,0,807,446.76,0.824,0.993,0.386,0.041,0.549,-0.899,1.873,0.5513,2.8664,0.749,0.001,0.010,0.144,0.185,58,45,39,0,63,0,72175.73,14530.486,11921.054,66.292,4941.615,19.435,15383.963,6062.141,1301.388,6250.341,5000.273,1435.449,50.964,579.955,0.000166,-0.087990,870,0,12,27,39,12,24758,9,27,66.094
9031,301.0,2431,42,45,1478,953,0,0,784,390.02,0.807,0.980,0.390,0.042,0.562,-0.902,1.869,0.5520,2.9195,0.738,0.003,0.012,0.146,0.190,69,40,43,0,60,0,72861.28,14817.913,11938.887,56.270,5139.050,19.110,15257.973,5932.005,1233.246,6273.017,5018.414,1741.515,59.532,648.636,0.000200,-0.089653,882,0,21,22,43,21,24065,7,22,55.975
9061,302.0,2452,44,45,1516,936,0,0,758,391.40,0.797,0.974,0.390,0.043,0.570,-0.904,1.869,0.5526,2.9094,0.745,0.005,0.010,0.147,0.194,62,49,44,1,56,0,74884.48,15214.739,12487.873,72.336,4843.211,18.760,15178.452,5664.776,1202.642,6660.443,5328.354,1696.951,45.284,631.550,0.000165,-0.090958,844,0,16,28,44,16,23974,28,28,72.056
9091,303.0,2526,46,45,1572,954,0,0,742,446.95,0.793,0.973,0.390,0.044,0.573,-0.907,1.874,0.5579,2.9246,0.724,0.003,0.009,0.148,0.196,62,27,49,2,51,0,78398.55,16007.205,13568.771,85.054,5420.256,19.384,15348.460,5774.246,1164.945,7744.631,6195.705,1593.057,109.466,607.858,0.000176,-0.092047,884,0,14,35,49,14,23510,19,35,84.800
9121,304.0,2618,52,45,1639,979,0,0,760,492.43,0.788,0.971,0.389,0.042,0.577,-0.907,1.874,0.5541,3.0119,0.725,0.002,0.008,0.149,0.199,66,39,44,0,42,0,81681.41,16961.435,13424.481,66.762,6172.538,26.117,15809.746,6060.007,1165.766,8372.931,6698.345,1677.597,24.774,757.347,0.000167,-0.094463,1044,0,18,26,44,18,24137,64,26,66.449
9151,305.0,2756,56,44,1716,1040,0,0,801,452.40,0.792,0.975,0.383,0.043,0.575,-0.910,1.882,0.5550,2.9965,0.715,0.002,0.012,0.149,0.199,72,30,42,0,42,0,86716.46,18275.231,14849.467,83.723,6944.508,19.109,16454.997,6230.604,1202.587,9837.776,7870.221,1542.948,89.512,685.168,0.000197,-0.096116,1123,0,12,30,42,12,24782,8,30,83.671
9181,306.0,2907,55,44,1805,1102,0,0,810,415.70,0.792,0.978,0.379,0.042,0.574,-0.908,1.883,0.5531,3.0259,0.705,0.003,0.011,0.149,0.198,72,21,45,0,61,0,91349.92,19906.935,14898.833,89.477,6946.169,19.269,17374.137,6521.543,1244.201,10743.202,8594.562,2056.009,138.808,778.448,0.000179,-0.095529,1150,0,15,30,44,15,25946,8,29,89.404
9211,307.0,3042,48,44,1881,1161,0,0,874,415.27,0.796,0.984,0.376,0.042,0.573,-0.911,1.881,0.5582,3.0287,0.708,0.004,0.009,0.149,0.199,75,27,62,1,42,0,97956.20,21691.146,16905.065,82.057,8311.305,21.925,18240.873,7088.985,1299.577,10449.611,8359.689,2302.025,112.711,937.896,0.000187,-0.096008,1357,0,28,34,62,28,26878,63,34,81.982
9241,308.0,3237,55,44,1988,1249,0,0,956,338.22,0.799,0.994,0.375,0.042,0.569,-0.913,1.878,0.5667,3.1052,0.695,0.004,0.008,0.149,0.200,87,29,90,1,38,0,105652.39,23428.400,19212.364,150.034,9469.898,17.306,19343.545,7629.805,1398.942,13453.503,10762.803,2859.428,118.064,1054.123,0.000219,-0.097314,1581,0,33,57,90,33,28024,108,57,149.948
9271,309.0,3447,51,44,2060,1387,0,0,1065,295.67,0.815,1.015,0.374,0.043,0.556,-0.915,1.878,0.5618,3.0825,0.686,0.002,0.009,0.147,0.196,85,22,83,0,52,0,114321.84,25108.177,21190.443,163.746,10678.037,16.569,20805.033,8345.656,1579.162,14785.531,11828.425,2875.660,115.219,1115.084,0.000203,-0.097388,1822,0,18,65,83,18,29538,134,65,163.708
9301,310.0,3729,45,45,2174,1554,1,0,1187,328.67,0.833,1.029,0.369,0.043,0.546,-0.915,1.876,0.5566,3.0484,0.674,0.004,0.009,0.146,0.191,93,23,87,1,35,0,122746.54,27276.964,22720.497,132.042,11954.246,17.593,22648.029,9142.874,1724.708,17098.175,13678.541,3304.534,165.406,1299.609,0.000219,-0.098482,2069,0,31,56,86,31,31155,147,55,131.934
9331,311.0,3973,48,45,2262,1710,1,0,1324,315.15,0.849,1.046,0.367,0.043,0.536,-0.917,1.866,0.5579,3.0467,0.669,0.004,0.008,0.144,0.187,100,25,132,0,64,0,130396.95,29741.642,25096.056,222.450,14607.382,15.679,24794.075,10354.939,1951.347,18766.833,15013.467,4758.854,190.275,1606.886,0.000223,-0.098747,2467,0,44,88,132,44,32525,142,88,222.236
9361,312.0,4242,57,45,2351,1890,1,0,1525,373.75,0.864,1.066,0.364,0.044,0.525,-0.917,1.869,0.5610,3.0963,0.659,0.004,0.006,0.143,0.184,75,25,127,1,59,0,140527.09,32403.688,28271.274,170.923,16876.045,12.082,26812.787,11369.547,2198.536,19441.114,15552.891,4540.090,174.219,1732.330,0.000408,-0.099390,2883,0,52,75,126,52,34191,106,74,170.673
9391,313.0,4501,48,45,2423,2077,1,0,1677,318.14,0.883,1.085,0.359,0.043,0.513,-0.918,1.871,0.5590,3.0780,0.657,0.003,0.005,0.142,0.180,88,33,150,0,70,0,149568.66,35101.829,29422.809,205.044,17293.592,13.303,29012.288,12675.607,2487.012,21067.500,16854.001,5334.765,130.119,1834.840,0.000261,-0.100791,3021,0,54,96,149,54,36833,148,95,204.523
9421,314.0,4799,55,45,2502,2297,0,0,1940,342.73,0.901,1.108,0.355,0.043,0.500,-0.921,1.871,0.5623,3.1067,0.632,0.002,0.005,0.140,0.177,78,24,146,0,92,0,159775.47,36483.384,32865.540,216.512,20826.169,14.872,31376.305,13838.364,2810.712,23219.733,18575.787,4662.099,35.063,1992.129,0.000276,-0.102695,3657,0,41,105,146,41,38161,102,105,216.026
9451,315.0,5035,35,45,2511,2524,0,0,2238,341.24,0.924,1.138,0.354,0.042,0.483,-0.923,1.873,0.5620,3.0866,0.629,0.002,0.005,0.138,0.172,82,26,226,0,86,0,167742.66,38334.559,36063.808,344.911,21866.788,12.072,33935.644,15465.112,3247.653,23973.851,19179.081,7065.120,116.053,2151.727,0.000339,-0.103453,3933,0,60,166,225,60,40308,88,165,344.388
9481,316.0,5235,45,45,2474,2761,0,0,2551,306.61,0.953,1.169,0.353,0.043,0.463,-0.924,1.877,0.5685,3.0856,0.630,0.003,0.003,0.135,0.165,73,19,249,0,130,0,173595.53,39871.073,38644.778,367.628,23486.853,15.865,36406.934,16891.226,3738.648,25777.491,20621.993,8489.465,67.424,2281.416,0.000197,-0.103499,4438,0,81,168,247,81,40497,81,166,366.717
9511,317.0,5428,36,45,2490,2938,0,0,2879,299.02,0.970,1.188,0.350,0.043,0.452,-0.925,1.876,0.5693,3.0729,0.641,0.002,0.004,0.133,0.161,77,28,212,0,134,0,180757.64,41740.957,41127.188,264.392,23972.143,10.236,38619.457,18107.974,4285.421,24243.718,19394.974,7703.907,12.137,2392.795,0.000237,-0.104037,4486,0,88,124,212,88,42364,37,124,263.139
9541,318.0,5650,37,45,2532,3118,0,0,3203,276.14,0.982,1.203,0.349,0.044,0.444,-0.926,1.883,0.5683,3.1106,0.632,0.002,0.005,0.132,0.158,69,20,197,0,172,0,186777.62,43637.968,42217.294,261.889,25456.917,11.584,40825.020,19258.917,4850.633,26239.073,20991.259,7463.500,40.804,2410.475,0.000284,-0.100915,4795,0,80,117,196,80,42470,55,116,261.341
9571,319.0,5838,38,45,2559,3279,0,0,3464,267.95,0.995,1.215,0.349,0.044,0.436,-0.928,1.880,0.5732,3.0889,0.619,0.002,0.005,0.131,0.155,71,24,219,0,183,0,193486.81,45491.042,44935.581,268.996,27481.540,11.212,42732.526,20184.200,5343.467,26430.224,21144.180,7890.746,52.757,2496.688,0.000303,-0.104368,5221,0,90,129,217,90,43991,59,127,268.142
9601,320.0,5923,37,47,2515,3408,0,0,3724,320.32,1.012,1.231,0.349,0.044,0.426,-0.929,1.876,0.5752,3.0844,0.612,0.002,0.005,0.129,0.152,63,25,276,0,240,0,197879.64,46321.888,47622.266,334.889,28433.597,11.095,44453.414,21456.593,5861.554,27280.865,21824.693,9772.204,255.559,2630.716,0.000354,-0.106324,5492,0,116,160,275,116,44183,46,159,334.202
9631,321.0,6000,35,47,2493,3507,0,0,3940,258.05,1.028,1.244,0.350,0.045,0.419,-0.931,1.871,0.5853,3.0581,0.632,0.003,0.005,0.128,0.150,63,17,302,0,246,0,202206.33,47863.783,50304.281,295.286,29580.434,13.114,45823.041,22167.334,6317.544,28426.010,22740.808,10991.236,245.646,2906.665,0.000273,-0.105996,5884,0,154,148,301,154,43436,120,147,294.505
9661,322.0,6000,30,47,2411,3589,0,0,4109,273.86,1.044,1.260,0.352,0.044,0.409,-0.932,1.867,0.5859,3.0348,0.635,0.007,0.020,0.127,0.145,72,30,293,0,224,0,208683.47,48632.475,52189.534,376.742,28953.318,12.650,46906.285,22252.371,6711.093,24574.203,19659.362,10838.505,447.679,2650.825,0.000258,-0.107041,5621,0,115,178,291,115,45295,131,176,376.156
9691,323.0,5995,38,47,2352,3643,0,0,4110,284.27,1.059,1.269,0.353,0.044,0.401,-0.934,1.871,0.5879,3.0699,0.637,0.019,0.035,0.126,0.142,68,15,260,1,285,0,216826.62,48705.441,54950.021,304.250,29533.123,11.638,47542.560,22714.233,6906.904,25218.451,20174.761,10052.001,923.032,2634.142,0.000300,-0.103766,5546,0,115,145,259,115,46522,161,144,303.688
9721,324.0,5997,44,47,2307,3690,0,0,4191,305.24,1.072,1.279,0.354,0.044,0.396,-0.935,1.874,0.5908,3.0356,0.630,0.020,0.053,0.126,0.139,65,21,251,0,275,0,223534.55,48792.979,56250.862,299.987,31025.202,11.076,48351.003,23297.603,7065.426,24760.832,19808.666,10845.363,1408.271,2716.086,0.000381,-0.103576,5656,0,114,137,250,114,45270,110,136,299.650
9751,325.0,6000,34,47,2262,3738,0,0,4286,281.21,1.084,1.288,0.358,0.044,0.390,-0.937,1.873,0.5883,3.0223,0.642,0.023,0.066,0.125,0.137,60,17,204,1,294,0,230575.88,49209.017,57460.460,264.334,32322.918,11.084,48884.208,23696.119,7305.129,23651.718,18921.375,9934.887,2828.532,2513.254,0.000241,-0.102075,5927,0,87,117,203,87,44812,88,116,263.993
9781,326.0,5997,27,47,2220,3777,0,0,4354,328.03,1.093,1.298,0.358,0.043,0.385,-0.939,1.869,0.5881,3.0469,0.642,0.038,0.091,0.125,0.135,55,21,180,0,278,0,242426.41,49715.771,61580.454,191.874,31942.632,8.559,49588.910,23889.254,7486.747,22101.205,17680.964,8897.249,2878.951,2476.227,0.000550,-0.095924,5821,0,88,92,180,88,44833,58,92,191.591
9811,327.0,6000,36,47,2182,3818,0,0,4387,298.23,1.102,1.306,0.361,0.043,0.379,-0.940,1.866,0.5911,3.0161,0.656,0.033,0.106,0.124,0.132,65,10,210,0,255,0,249739.11,50022.259,60700.237,236.009,33136.444,8.506,50086.987,24134.742,7675.264,21961.718,17569.374,10478.607,4258.266,2619.596,0.000427,-0.091111,5772,0,108,102,209,108,45231,13,101,235.556
9841,328.0,6000,35,47,2118,3882,0,0,4359,322.12,1.118,1.317,0.360,0.043,0.371,-0.941,1.868,0.5882,3.0341,0.649,0.036,0.110,0.122,0.129,52,21,232,2,259,0,253914.62,48755.507,62340.945,269.332,31820.896,9.206,50801.288,24723.575,7698.992,24031.638,19225.311,11829.294,4668.508,2662.292,0.000368,-0.087540,5452,0,122,110,231,122,46479,19,109,268.499
9871,329.0,6000,34,47,2071,3929,0,0,4409,315.87,1.130,1.323,0.361,0.043,0.364,-0.942,1.869,0.5860,2.9987,0.666,0.042,0.114,0.121,0.126,60,15,210,0,250,0,257433.80,48135.684,62469.677,230.161,31033.112,11.086,51341.068,24895.627,7767.575,22114.515,17691.612,10771.905,5639.666,2477.602,0.000371,-0.084758,5219,0,113,97,206,109,46964,18,97,218.755
9901,330.0,6000,30,49,2035,3965,0,0,4408,310.40,1.139,1.330,0.363,0.044,0.360,-0.943,1.869,0.5859,3.0031,0.655,0.044,0.098,0.121,0.124,67,17,256,0,277,0,255377.53,47975.891,61287.721,241.671,32596.948,11.907,51936.259,25466.346,7884.401,25524.941,20419.953,13365.392,5040.879,2763.294,0.000348,-0.083033,5416,0,152,104,255,152,45478,18,103,240.804
9931,331.0,5998,38,49,1998,4000,0,0,4368,280.18,1.148,1.338,0.363,0.043,0.355,-0.944,1.873,0.5941,3.0064,0.682,0.045,0.095,0.120,0.122,46,12,277,0,269,0,252384.34,47527.331,61740.458,278.399,31838.445,12.476,52397.309,25182.318,7867.263,26149.430,20919.544,14445.983,4573.176,2843.446,0.000353,-0.080650,5508,0,169,108,277,169,44870,27,108,277.661
9961,332.0,5994,35,49,1964,4030,0,0,4310,298.52,1.157,1.346,0.364,0.043,0.350,-0.945,1.874,0.5936,2.9828,0.672,0.045,0.086,0.119,0.120,55,19,256,0,273,0,251818.41,47253.375,62837.289,223.415,31191.871,9.421,52909.425,25563.337,7775.342,25467.402,20373.922,12207.818,4705.702,2624.905,0.000262,-0.080683,5261,0,161,95,256,161,45846,20,95,222.887
9991,333.0,6000,30,49,1953,4047,0,0,4350,341.56,1.162,1.350,0.364,0.043,0.349,-0.946,1.874,0.6038,2.9578,0.676,0.044,0.087,0.119,0.120,44,22,255,0,269,0,249807.47,46032.731,63260.024,204.709,31698.755,9.398,53313.623,25640.959,7726.810,25894.245,20715.396,13197.895,3773.400,2676.857,0.000373,-0.085271,5405,0,174,81,254,174,45770,13,80,204.013
10021,334.0,6000,36,49,1952,4048,0,0,4301,334.98,1.164,1.349,0.366,0.043,0.349,-0.946,1.870,0.6022,2.9550,0.663,0.027,0.076,0.119,0.121,42,19,244,1,305,0,243988.00,45194.922,61840.211,155.329,31652.398,8.895,53493.673,25678.423,7772.652,26631.938,21305.550,13981.201,3924.115,2833.477,0.000441,-0.089168,5567,0,175,69,243,175,44297,24,68,154.296
10051,335.0,5997,20,50,1948,4049,0,0,4263,278.64,1.166,1.350,0.366,0.044,0.349,-0.946,1.871,0.6054,2.9610,0.666,0.023,0.067,0.119,0.121,54,19,247,0,300,0,239117.44,44551.994,61932.135,131.944,30189.932,9.620,53651.272,25777.857,7597.874,26664.453,21331.563,13350.701,3166.897,2609.143,0.000459,-0.089997,5599,0,191,56,247,191,44395,19,56,131.256
10081,336.0,6000,28,50,1950,4050,0,0,4227,314.62,1.167,1.352,0.369,0.044,0.349,-0.947,1.873,0.6049,2.9696,0.672,0.020,0.041,0.119,0.121,49,30,272,0,304,0,230762.56,44406.819,58323.672,132.203,29786.287,10.231,53970.406,25847.840,7563.922,28689.243,22951.395,13292.392,2152.995,2652.171,0.000317,-0.092264,5592,0,210,62,270,210,44581,23,60,131.331
10111,337.0,5999,22,50,1937,4062,0,0,4170,310.73,1.172,1.355,0.371,0.044,0.348,-0.947,1.874,0.6009,2.9586,0.682,0.015,0.029,0.119,0.120,53,28,236,0,304,0,223673.03,44204.038,56523.636,170.563,29670.329,10.051,54263.275,25615.627,7439.800,26665.862,21332.690,11505.760,1441.302,2388.827,0.000286,-0.091694,5700,0,154,82,236,154,43456,24,82,169.976
10141,338.0,5997,37,50,1957,4040,0,0,4246,329.14,1.170,1.356,0.375,0.045,0.351,-0.948,1.872,0.5994,2.9630,0.670,0.004,0.007,0.119,0.120,56,32,300,1,322,0,213755.92,42387.349,56976.832,170.138,28192.018,10.635,54404.804,25724.637,7499.627,30180.090,24144.073,12745.133,562.317,2478.894,0.000251,-0.092539,5599,0,218,82,300,218,43669,16,82,169.091
10171,339.0,5915,28,50,1955,3960,0,0,4194,308.25,1.166,1.355,0.378,0.045,0.355,-0.949,1.877,0.6016,2.9539,0.658,0.001,0.003,0.120,0.122,57,26,298,0,322,0,202806.69,41941.973,54554.597,177.811,26687.217,10.190,54079.693,25643.060,7460.184,26230.092,20984.074,12529.477,202.978,2462.197,0.000227,-0.093060,5341,0,213,85,297,213,42780,21,84,176.791
10201,340.0,5626,29,55,1927,3699,0,0,4027,278.05,1.154,1.344,0.388,0.046,0.364,-0.949,1.870,0.6128,2.9656,0.667,0.003,0.003,0.121,0.125,40,25,362,1,404,0,188193.19,40000.950,52056.722,223.748,26190.496,8.240,52335.924,24945.160,7287.845,23241.630,18593.304,15065.547,45.519,2566.609,0.000302,-0.091938,5475,0,261,101,362,261,40727,16,101,222.572
10231,341.0,5382,39,55,1889,3493,0,0,3834,314.74,1.147,1.334,0.396,0.048,0.372,-0.951,1.873,0.6076,2.9606,0.678,0.003,0.003,0.122,0.127,67,31,338,0,345,0,177108.92,38309.705,50131.951,192.857,23114.193,10.334,49787.107,23446.109,6989.085,22033.073,17626.459,12862.042,57.232,2170.593,0.000322,-0.090062,5010,0,244,94,338,244,38924,23,94,191.831
10261,342.0,5082,38,55,1855,3227,0,0,3596,356.98,1.133,1.321,0.406,0.048,0.383,-0.951,1.876,0.6180,2.9316,0.682,0.001,0.002,0.123,0.130,46,27,314,0,388,0,166950.42,36509.632,46878.398,213.241,22140.159,10.797,47019.817,21826.606,6561.476,19652.834,15722.268,12235.196,150.295,2035.813,0.000288,-0.089483,4571,0,207,107,314,207,37363,19,107,212.670
10291,343.0,4822,24,55,1812,3010,0,0,3358,277.53,1.123,1.311,0.414,0.048,0.392,-0.952,1.877,0.6229,2.9227,0.686,0.003,0.002,0.124,0.133,48,25,308,0,330,0,159466.86,35008.159,45629.076,184.476,20495.985,10.687,44207.961,20092.365,6127.772,18873.103,15098.482,12136.832,12.694,1953.022,0.000265,-0.087960,4230,0,218,90,307,218,35266,15,89,183.965
10321,344.0,4587,42,55,1775,2812,0,0,3068,304.35,1.112,1.301,0.427,0.048,0.401,-0.952,1.870,0.6309,2.8803,0.696,0.002,0.002,0.126,0.136,38,28,299,1,291,0,151044.86,33211.524,40874.370,181.047,19079.152,9.867,41680.646,18566.031,5674.201,17643.542,14114.834,11334.693,87.130,1817.539,0.000394,-0.090709,3739,0,202,97,299,202,33355,7,97,180.580
10351,345.0,4394,34,55,1738,2656,0,0,2849,317.61,1.105,1.295,0.436,0.049,0.409,-0.952,1.872,0.6340,2.9153,0.706,0.003,0.003,0.127,0.138,42,26,272,1,257,0,144821.16,31352.488,40623.999,163.911,18206.519,7.579,39899.966,17640.478,5199.428,17006.090,13604.872,10419.358,69.041,1734.610,0.000296,-0.092940,3571,0,192,80,272,192,32189,16,80,163.550
10381,346.0,4224,43,55,1733,2491,0,0,2657,324.09,1.088,1.282,0.447,0.050,0.421,-0.952,1.873,0.6309,2.9229,0.702,0.002,0.004,0.129,0.142,35,30,238,0,251,0,137422.09,29995.764,35940.266,156.207,16783.169,8.664,38042.579,16681.714,4834.888,15683.625,12546.900,9201.638,54.047,1539.706,0.000242,-0.094205,3220,0,161,77,238,161,30492,23,77,155.709
10411,347.0,4066,35,55,1713,2353,0,0,2432,337.61,1.076,1.277,0.455,0.050,0.431,-0.952,1.871,0.6401,2.9411,0.710,0.001,0.003,0.130,0.147,36,33,221,1,210,0,132268.44,28707.345,34550.776,143.707,16007.608,9.916,36122.503,15542.907,4441.497,14131.408,11305.126,8108.229,94.059,1419.997,0.000242,-0.093033,3017,0,149,72,220,149,29653,9,71,143.376
10441,348.0,3965,35,55,1709,2256,0,0,2315,334.62,1.066,1.273,0.462,0.051,0.439,-0.953,1.871,0.6401,2.9621,0.708,0.001,0.004,0.132,0.150,38,36,144,1,214,0,127381.99,27069.035,31857.166,122.409,15505.349,9.318,34829.155,15005.743,4136.342,13403.267,10722.614,6092.964,28.501,1161.705,0.000206,-0.093569,2992,0,89,55,144,89,28618,11,55,122.283
10471,349.0,3872,45,55,1714,2158,0,0,2272,300.11,1.053,1.262,0.470,0.051,0.449,-0.953,1.871,0.6395,2.9390,0.709,0.002,0.003,0.133,0.153,49,43,126,0,189,0,121186.40,25940.858,29017.664,72.827,14358.098,11.321,33831.694,14436.249,3999.555,12301.188,9840.951,5393.420,23.300,1082.491,0.000447,-0.090143,2878,0,92,34,125,92,28209,8,33,72.683
10501,350.0,3739,38,54,1705,2034,0,0,2144,402.67,1.040,1.249,0.479,0.053,0.460,-0.954,1.869,0.6431,2.9290,0.711,0.001,0.003,0.135,0.156,31,36,116,2,208,0,115988.86,25169.514,27195.158,94.679,13619.778,10.463,32515.197,13847.279,3819.288,10262.124,8209.699,4474.234,27.659,920.809,0.000194,-0.090267,2649,0,65,51,116,65,27936,3,51,94.544
10531,351.0,3585,33,54,1672,1913,0,0,2031,340.79,1.026,1.241,0.488,0.053,0.469,-0.954,1.874,0.6466,2.9190,0.711,0.000,0.004,0.137,0.160,34,44,135,0,202,0,109545.05,23680.415,25413.485,130.862,12461.558,9.254,31203.384,13129.516,3595.824,10395.463,8316.370,4754.450,29.578,876.729,0.000300,-0.088234,2533,0,69,66,135,69,26980,15,66,130.623
10561,352.0,3426,20,54,1644,1782,0,0,1905,399.32,1.009,1.230,0.500,0.053,0.480,-0.954,1.873,0.6516,2.9363,0.720,0.001,0.003,0.139,0.165,42,44,104,3,183,0,102944.32,22222.914,22441.024,103.977,11310.075,12.766,29525.733,12271.612,3357.474,7953.260,6362.608,3815.653,27.914,779.601,0.000162,-0.088111,2279,0,56,48,104,56,25870,11,48,103.647
10591,353.0,3241,43,54,1618,1623,0,0,1819,437.16,0.987,1.215,0.513,0.054,0.496,-0.954,1.874,0.6442,2.9271,0.750,0.002,0.003,0.141,0.172,42,47,101,2,174,0,95890.00,21349.708,19151.485,90.248,9931.877,11.848,27764.022,11285.922,3168.550,6128.832,4903.066,3461.587,8.629,731.288,0.000208,-0.087584,1985,0,56,45,101,56,24934,55,45,89.615
10621,354.0,3117,44,54,1617,1500,0,0,1659,411.91,0.962,1.195,0.525,0.054,0.512,-0.955,1.874,0.6467,2.9253,0.738,0.001,0.002,0.143,0.178,39,63,66,0,161,0,91455.79,20457.307,19183.505,50.660,9164.894,12.297,26108.468,10330.380,2920.444,7332.346,5865.877,2715.112,0.000,584.811,0.000242,-0.088265,1811,0,37,29,66,37,24438,12,29,50.384
10651,355.0,3031,44,54,1621,1410,0,0,1517,413.84,0.942,1.184,0.537,0.054,0.526,-0.956,1.874,0.6543,2.9868,0.746,0.001,0.004,0.145,0.182,46,39,39,2,160,0,87087.60,19450.207,17397.687,41.283,8567.134,12.942,24864.140,9739.771,2627.224,6732.522,5386.017,2182.735,17.840,479.147,0.000197,-0.087080,1640,0,21,18,39,21,24037,4,18,41.278
10681,356.0,2966,25,54,1629,1337,0,0,1390,414.44,0.923,1.177,0.546,0.055,0.538,-0.956,1.874,0.6509,2.9932,0.746,0.001,0.003,0.148,0.188,37,47,25,1,125,0,83769.63,19333.836,15981.212,27.987,8774.711,16.349,23853.087,9146.028,2370.079,5800.910,4640.728,1624.319,41.938,465.372,0.000142,-0.085928,1643,0,12,13,25,12,23286,8,13,27.985
10711,357.0,2885,30,54,1645,1240,0,0,1237,393.70,0.898,1.155,0.557,0.054,0.555,-0.956,1.876,0.6570,2.9777,0.746,0.001,0.004,0.150,0.195,49,54,21,0,136,0,81157.88,18905.902,14527.012,17.622,7937.995,13.133,22811.664,8288.804,2135.691,5577.021,4461.617,1287.541,29.936,393.251,0.000144,-0.085620,1473,0,12,9,21,12,23087,2,9,17.622
10741,358.0,2855,24,54,1683,1172,0,0,1160,412.58,0.874,1.138,0.566,0.054,0.571,-0.957,1.878,0.6662,2.9565,0.753,0.000,0.004,0.152,0.200,34,52,12,0,109,0,79345.75,18802.747,13885.150,9.858,8229.966,15.643,22035.142,8047.391,1913.558,5918.739,4734.991,894.051,21.678,414.320,0.000177,-0.086086,1532,0,6,6,12,6,22418,9,6,9.858
10771,359.0,2807,34,54,1703,1104,0,0,1064,445.62,0.854,1.123,0.576,0.054,0.585,-0.958,1.875,0.6612,2.9470,0.752,0.003,0.004,0.155,0.206,45,64,21,1,84,0,77776.34,18925.309,12873.828,20.512,7576.028,13.617,21424.974,7730.463,1767.571,5050.846,4040.677,1030.065,49.283,376.530,0.000149,-0.086771,1466,0,9,12,21,9,22424,2,12,20.512
10801,360.0,2797,26,54,1742,1055,0,0,1018,456.07,0.834,1.111,0.584,0.054,0.598,-0.958,1.875,0.6732,3.0245,0.742,0.002,0.004,0.157,0.211,40,55,10,0,86,0,78217.26,19061.963,13325.451,8.722,7556.615,14.624,20761.988,7210.064,1608.824,5742.540,4594.032,838.037,31.389,356.406,0.000184,-0.086058,1414,0,7,3,10,7,21903,3,3,8.722
10831,361.0,2800,38,54,1772,1028,0,0,996,427.49,0.822,1.103,0.589,0.053,0.607,-0.959,1.876,0.6668,3.0664,0.748,0.002,0.007,0.159,0.215,43,37,9,1,77,0,78588.91,19254.908,12452.984,5.585,7116.429,14.198,20540.652,7003.459,1569.196,5257.859,4206.288,774.339,70.521,332.089,0.000175,-0.085525,1311,0,6,3,9,6,22067,7,3,5.585
10861,362.0,2842,40,54,1830,1012,0,0,987,423.71,0.807,1.097,0.595,0.054,0.616,-0.960,1.875,0.6740,3.0889,0.753,0.003,0.007,0.160,0.220,41,48,1,0,73,0,81641.89,20252.825,13900.659,3.019,7535.472,15.017,20515.961,6988.629,1538.430,6686.183,5348.946,318.286,76.781,328.199,0.000224,-0.084351,1331,0,0,1,1,0,21929,10,1,3.019
10891,363.0,2941,45,54,1894,1047,0,0,972,409.19,0.804,1.103,0.592,0.055,0.616,-0.960,1.877,0.6764,3.1041,0.756,0.003,0.008,0.161,0.222,41,32,1,0,58,0,85433.90,21216.162,14137.483,0.887,8030.064,14.152,20832.952,7072.507,1493.187,7754.299,6203.439,217.296,71.632,324.091,0.000176,-0.084098,1380,0,0,1,1,0,22739,12,1,0.887
10921,364.0,3032,41,54,1954,1078,0,0,979,443.62,0.799,1.106,0.593,0.055,0.616,-0.960,1.875,0.6778,3.1028,0.744,0.003,0.007,0.161,0.225,34,42,13,2,62,0,88962.48,22309.769,14505.729,10.826,8977.409,13.416,21436.565,7384.087,1465.904,8592.115,6873.692,808.008,93.761,391.002,0.000215,-0.084418,1517,0,5,8,13,5,23465,4,8,10.825
10951,365.0,3154,37,55,2029,1125,0,0,976,461.70,0.798,1.114,0.592,0.055,0.616,-0.961,1.873,0.6764,3.2381,0.740,0.003,0.008,0.162,0.226,51,38,13,0,60,0,94268.05,23643.140,16434.019,16.829,9290.284,18.057,22105.949,7815.167,1440.600,9384.657,7507.726,978.444,151.073,420.247,0.000198,-0.086149,1572,0,5,8,13,5,24114,13,8,16.829
10981,366.0,3297,34,55,2097,1200,0,0,1003,460.12,0.804,1.130,0.585,0.055,0.611,-0.961,1.874,0.6908,3.2257,0.719,0.002,0.007,0.161,0.228,46,33,20,1,53,0,100106.52,25010.043,17293.743,28.009,10401.207,15.682,23040.239,8328.583,1467.768,10227.910,8182.328,1048.163,102.522,460.473,0.000164,-0.086573,1739,0,6,14,20,6,24724,11,14,28.007
11011,367.0,3439,59,55,2176,1263,0,0,1065,400.74,0.807,1.138,0.580,0.056,0.608,-0.962,1.872,0.6787,3.2146,0.716,0.002,0.007,0.161,0.228,45,39,34,1,53,0,106744.52,26322.066,19182.167,41.290,10701.286,14.637,24270.684,8887.063,1511.312,11032.301,8825.841,1372.701,119.644,539.651,0.000184,-0.088121,1762,0,18,16,34,18,25844,11,16,41.282
11041,368.0,3656,53,55,2271,1385,0,0,1157,397.38,0.820,1.154,0.572,0.057,0.600,-0.962,1.873,0.6890,3.1743,0.708,0.003,0.005,0.160,0.225,47,29,33,0,53,0,114162.88,28401.834,20965.744,43.907,12377.166,14.863,25732.248,9380.947,1620.364,13673.113,10938.490,1793.942,122.605,608.397,0.000270,-0.089738,2018,0,14,19,33,14,26068,14,19,43.801
11071,369.0,3869,37,55,2369,1500,0,0,1287,433.54,0.826,1.173,0.566,0.056,0.593,-0.962,1.871,0.6879,3.3136,0.693,0.003,0.004,0.159,0.225,47,42,71,0,50,0,122394.56,30735.913,23241.948,91.333,14085.163,13.974,27520.179,10257.819,1786.491,15373.970,12299.176,2452.199,40.205,705.821,0.000224,-0.089605,2313,0,28,43,69,28,27319,7,41,91.190
11101,370.0,4086,52,57,2447,1639,0,0,1415,405.54,0.841,1.196,0.558,0.056,0.582,-0.963,1.873,0.6927,3.3593,0.685,0.004,0.005,0.158,0.225,59,33,71,0,64,0,131079.61,33251.672,24607.348,103.269,16134.128,13.840,29381.284,11167.727,1977.417,16135.830,12908.664,2717.594,37.633,768.427,0.000257,-0.091611,2666,0,27,44,71,27,28592,17,44,103.130
11131,371.0,4366,39,57,2549,1817,0,0,1630,468.60,0.859,1.217,0.549,0.057,0.570,-0.963,1.874,0.6960,3.3674,0.672,0.002,0.005,0.156,0.222,48,30,68,1,65,0,139760.34,35225.616,27000.793,95.455,18571.704,10.321,31606.234,12348.585,2231.723,18690.766,14952.613,2701.714,154.929,859.780,0.000206,-0.091681,3135,0,24,44,67,24,29851,15,43,95.372
11161,372.0,4680,43,57,2665,2015,0,0,1844,397.49,0.876,1.240,0.539,0.058,0.558,-0.963,1.870,0.6970,3.3623,0.653,0.002,0.004,0.155,0.220,56,26,54,0,85,0,149480.70,37488.332,30152.081,47.426,20626.780,10.338,34254.830,13750.323,2576.962,20483.071,16386.457,2162.339,222.832,903.584,0.000312,-0.092514,3626,0,28,26,54,28,31199,35,26,47.250
11191,373.0,5000,34,57,2770,2230,0,0,2179,392.23,0.893,1.261,0.529,0.057,0.546,-0.962,1.870,0.7011,3.3964,0.652,0.002,0.004,0.154,0.218,57,33,45,0,70,0,158970.23,40699.665,31879.734,44.038,22977.136,10.360,37327.078,15441.867,2985.234,20249.758,16199.807,2251.125,75.594,1003.059,0.000288,-0.093867,4129,0,21,24,45,21,32518,9,24,43.782
11221,374.0,5278,39,57,2846,2432,0,0,2528,341.88,0.910,1.283,0.521,0.057,0.534,-0.963,1.872,0.7049,3.4132,0.635,0.003,0.005,0.153,0.215,49,23,72,0,126,0,168527.56,43780.663,34826.739,86.704,25351.096,9.099,39917.083,17190.530,3520.610,21815.519,17452.415,2919.430,111.963,1114.041,0.000350,-0.098066,4627,0,29,43,68,29,33796,24,39,86.489
11251,375.0,5556,35,58,2922,2634,0,0,2892,347.17,0.927,1.302,0.511,0.057,0.524,-0.963,1.869,0.7112,3.3643,0.620,0.001,0.005,0.152,0.212,41,34,68,0,137,0,177405.91,46008.249,37335.534,69.831,27405.071,8.066,42836.763,18422.485,4097.273,22930.791,18344.633,3280.301,114.991,1197.311,0.000258,-0.098412,5172,0,32,36,65,32,34909,19,33,69.654
11281,376.0,5832,35,58,2985,2847,0,0,3232,284.49,0.948,1.317,0.502,0.058,0.513,-0.963,1.871,0.7204,3.3596,0.616,0.001,0.004,0.150,0.206,54,24,92,0,182,0,185533.75,48248.727,41428.877,83.577,29524.068,11.023,45844.340,20117.754,4746.679,25892.951,20714.361,4336.023,121.760,1288.180,0.000303,-0.100162,5823,0,45,47,90,45,36144,15,45,83.456
11311,377.0,5997,34,58,3019,2978,0,0,3585,357.12,0.960,1.328,0.497,0.058,0.507,-0.964,1.873,0.7198,3.3638,0.614,0.005,0.015,0.150,0.204,57,31,91,0,222,0,194788.83,51016.454,43975.346,95.238,30692.613,7.650,48581.934,21245.013,5316.559,23021.002,18416.802,4622.520,153.381,1308.360,0.000184,-0.100086,6159,0,44,47,91,44,36951,13,47,95.138
11341,378.0,5997,31,58,2992,3005,0,0,3907,366.49,0.967,1.332,0.496,0.058,0.503,-0.964,1.879,0.7165,3.3709,0.618,0.015,0.050,0.150,0.202,43,25,108,0,200,0,206185.78,53592.940,45343.818,122.441,32083.018,9.324,49448.965,21520.351,5933.743,15336.229,12268.983,5595.503,640.945,1455.488,0.000224,-0.100688,6417,0,51,57,108,51,36293,19,57,122.306
11371,379.0,6000,43,58,2981,3019,0,0,4113,334.29,0.973,1.336,0.496,0.058,0.502,-0.964,1.879,0.7179,3.3293,0.624,0.020,0.103,0.149,0.200,47,21,74,0,193,0,220302.17,54905.796,48746.342,66.396,33403.482,8.060,49819.205,21745.871,6427.461,13585.203,10868.162,4381.510,3032.141,1478.922,0.000262,-0.099739,6365,0,42,32,74,42,36293,40,32,66.081
11401,380.0,6000,43,60,2956,3044,0,0,4294,346.27,0.980,1.342,0.495,0.058,0.498,-0.964,1.880,0.7186,3.3476,0.630,0.026,0.160,0.149,0.199,44,9,54,1,203,0,236232.86,57304.270,52045.461,67.960,35630.504,10.362,50182.323,22045.277,6788.040,12831.025,10264.820,4078.767,6282.729,1543.657,0.000219,-0.099321,6446,0,27,27,54,27,36124,31,27,67.856
11431,381.0,6000,33,60,2927,3073,0,0,4344,345.04,0.988,1.345,0.492,0.059,0.494,-0.964,1.880,0.7144,3.3317,0.627,0.031,0.201,0.149,0.197,36,13,100,0,204,0,249792.06,58333.099,54940.560,74.568,37081.921,6.600,50573.593,22273.260,7043.987,15051.683,12041.347,6366.059,8852.496,1669.290,0.000251,-0.099954,6502,0,53,47,100,53,36366,39,47,74.140
11461,382.0,6000,28,60,2884,3116,0,0,4349,365.27,0.998,1.353,0.491,0.059,0.489,-0.964,1.882,0.7146,3.3437,0.638,0.041,0.233,0.148,0.196,41,10,124,0,184,0,261809.70,59180.939,55349.942,124.215,37240.927,7.423,51036.405,22165.874,7114.412,15205.708,12164.567,7019.868,10495.702,1764.066,0.000321,-0.098593,6506,0,67,57,122,67,36667,26,55,123.982
11491,383.0,5998,44,60,2849,3149,0,0,4299,422.92,1.006,1.361,0.489,0.058,0.484,-0.964,1.881,0.7103,3.2952,0.630,0.045,0.283,0.147,0.194,39,5,69,0,164,0,277235.88,60499.991,57324.722,79.489,39602.608,8.985,51489.623,22288.968,7132.157,11255.073,9004.059,5190.855,12416.415,1709.001,0.000357,-0.102616,6733,0,30,39,69,30,36413,31,39,79.411
11521,384.0,5999,49,60,2802,3197,0,0,4287,400.12,1.017,1.367,0.486,0.059,0.478,-0.964,1.884,0.7118,3.3397,0.633,0.051,0.325,0.146,0.191,35,8,78,0,150,0,290170.78,61075.283,60893.425,109.644,39778.391,7.118,52011.360,22570.528,7102.150,11383.940,9107.152,6580.235,16962.964,1639.402,0.000494,-0.106182,6531,0,29,49,77,29,36186,17,48,109.553
11551,385.0,6000,36,60,2750,3250,0,0,4327,460.36,1.028,1.376,0.483,0.058,0.471,-0.964,1.884,0.6965,3.3233,0.647,0.064,0.365,0.145,0.188,25,8,71,1,161,0,302309.94,61756.375,62660.510,102.643,40832.601,5.470,52540.187,23025.618,7186.603,11922.302,9537.842,7702.535,17863.723,1677.255,0.000421,-0.102784,6691,0,30,41,71,30,35866,15,41,102.536
11581,386.0,5997,39,60,2700,3297,0,0,4407,424.24,1.040,1.385,0.481,0.058,0.464,-0.964,1.885,0.7044,3.2982,0.642,0.064,0.375,0.145,0.186,24,9,93,1,145,0,309223.91,61810.010,60803.224,154.284,41977.767,5.187,53216.197,23325.634,7316.052,12024.002,9619.202,7175.475,20561.587,1853.792,0.000497,-0.097943,6649,0,40,53,93,40,36211,21,53,154.190
11611,387.0,6000,33,60,2656,3344,0,0,4440,509.44,1.051,1.392,0.478,0.057,0.458,-0.964,1.887,0.6909,3.3056,0.647,0.064,0.391,0.144,0.183,35,8,93,0,131,0,316955.41,62234.428,64162.229,113.866,41691.281,6.372,53851.987,23781.024,7435.098,11482.768,9186.215,8088.479,21404.196,1921.707,0.000488,-0.091745,6563,0,51,42,92,51,36298,14,41,113.752
11641,388.0,6000,44,60,2617,3383,0,0,4425,475.83,1.060,1.400,0.476,0.058,0.453,-0.964,1.887,0.6938,3.2930,0.643,0.062,0.399,0.144,0.182,34,7,93,0,144,0,321470.03,61662.037,64381.946,81.990,42679.045,7.386,54424.019,24160.249,7455.069,11895.870,9516.697,8420.118,22793.365,1979.371,0.000799,-0.082391,6606,0,55,38,93,55,36327,13,38,81.904
11671,389.0,5998,32,60,2564,3434,0,0,4408,465.82,1.071,1.411,0.472,0.057,0.446,-0.964,1.890,0.6917,3.3195,0.662,0.071,0.400,0.143,0.180,36,7,110,1,145,0,323667.31,61574.217,64648.835,113.311,42481.956,7.853,55008.143,24738.908,7473.362,12761.564,10209.251,10198.174,22153.016,2015.172,0.000428,-0.079633,6774,0,62,48,107,62,36298,21,45,113.232
11701,390.0,6000,38,61,2503,3497,0,0,4346,488.78,1.085,1.422,0.466,0.057,0.437,-0.964,1.894,0.6878,3.2891,0.658,0.072,0.375,0.142,0.175,30,5,148,0,163,0,322546.44,61415.615,66415.981,139.360,42279.949,6.103,55664.888,25101.077,7442.012,15638.975,12511.180,12365.965,23163.994,2226.091,0.000533,-0.073763,6549,0,88,60,148,88,36587,13,60,139.085
11731,391.0,6000,30,61,2447,3553,0,0,4260,514.22,1.099,1.431,0.462,0.058,0.430,-0.964,1.894,0.6752,3.3040,0.662,0.072,0.345,0.141,0.172,32,5,179,1,148,0,318317.69,60190.627,64989.028,117.557,41450.881,4.540,56417.115,25501.929,7374.849,16487.898,13190.318,13848.573,20616.013,2469.919,0.000420,-0.072711,6486,0,121,58,176,121,36143,17,55,117.138
11761,392.0,6000,26,61,2403,3597,0,0,4234,449.52,1.110,1.440,0.459,0.058,0.424,-0.964,1.897,0.6846,3.2878,0.669,0.071,0.322,0.141,0.170,26,12,224,0,135,0,313620.22,59075.335,66211.428,157.308,41001.369,6.489,57149.802,25830.111,7326.987,18253.625,14602.900,15682.374,17889.983,2611.544,0.000559,-0.068401,6312,0,162,62,224,162,35670,10,62,156.346
11791,393.0,6000,34,61,2340,3660,0,0,4288,516.34,1.123,1.452,0.454,0.058,0.416,-0.964,1.899,0.6794,3.2977,0.659,0.066,0.298,0.140,0.167,20,12,191,1,162,0,308936.50,57909.985,65920.677,188.328,41128.586,7.271,57708.939,26140.504,7333.983,18121.790,14497.432,13047.363,18486.439,2361.148,0.000549,-0.063982,6453,0,116,75,190,116,35995,15,74,187.200
11821,394.0,5995,31,61,2288,3707,0,0,4315,519.08,1.134,1.460,0.450,0.059,0.409,-0.964,1.900,0.6728,3.3011,0.663,0.056,0.275,0.139,0.165,30,12,176,0,159,0,301213.44,55534.696,63041.030,138.950,40784.632,8.062,58401.282,26318.285,7414.584,16936.718,13549.375,12749.130,15812.043,2355.076,0.000454,-0.062330,6609,0,118,58,175,118,35747,20,57,136.970
11851,395.0,5997,28,65,2247,3750,0,0,4310,490.74,1.142,1.466,0.447,0.059,0.403,-0.964,1.901,0.6699,3.2677,0.667,0.043,0.257,0.139,0.163,22,14,147,0,185,0,295442.38,53961.501,64159.246,149.010,38831.212,4.446,58949.213,26558.033,7476.264,17176.595,13741.277,11330.463,14180.116,2111.412,0.000399,-0.058943,6570,0,97,50,146,97,35343,12,49,148.322
11881,396.0,6000,25,65,2174,3826,0,0,4286,513.24,1.158,1.480,0.440,0.059,0.393,-0.964,1.903,0.6744,3.2756,0.669,0.033,0.209,0.138,0.160,23,16,191,0,206,0,283713.78,51714.605,62365.585,181.288,36052.672,5.558,59644.080,26817.356,7431.207,20758.506,16606.805,13415.067,12382.237,2148.413,0.000413,-0.059261,6353,0,121,70,191,121,35698,16,70,179.554
11911,397.0,6000,23,65,2094,3906,0,0,4350,484.90,1.175,1.492,0.432,0.059,0.381,-0.965,1.902,0.6693,3.2512,0.673,0.036,0.169,0.136,0.154,23,12,200,0,192,0,271502.22,49340.288,60490.111,177.930,34141.962,5.592,60389.519,27229.075,7515.469,20277.221,16221.777,11958.253,9023.188,2048.952,0.000384,-0.063098,6338,0,121,79,199,121,35818,14,78,177.062
11941,398.0,6000,25,65,2039,3961,0,0,4235,503.45,1.188,1.502,0.427,0.060,0.374,-0.964,1.907,0.6617,3.2589,0.679,0.027,0.111,0.135,0.152,30,17,241,0,254,0,254887.69,47928.431,58069.326,150.544,32071.066,7.557,61062.808,27736.070,7403.060,25441.367,20353.094,13014.899,6346.438,2111.265,0.000473,-0.067237,5971,0,165,76,241,165,35381,11,76,148.769
11971,399.0,5995,29,65,1998,3997,0,0,4164,402.11,1.198,1.506,0.424,0.061,0.369,-0.964,1.913,0.6653,3.2496,0.684,0.018,0.063,0.135,0.148,23,22,266,0,279,0,234160.47,45226.209,54830.321,141.700,31872.882,6.885,61516.406,28281.691,7228.872,27748.602,22198.882,12283.253,3923.988,2141.512,0.000464,-0.070240,6184,0,188,78,264,188,35594,10,76,140.208
12001,400.0,5999,25,64,1980,4019,0,0,3994,455.65,1.204,1.509,0.422,0.062,0.366,-0.964,1.911,0.6612,3.2452,0.681,0.004,0.010,0.135,0.146,32,31,254,0,347,0,213087.45,43503.302,53510.424,124.294,29522.268,5.991,61851.615,28282.796,6995.765,31281.814,25025.451,11224.298,1688.262,1911.942,0.000458,-0.071612,6007,0,187,67,254,187,35463,9,67,123.657
12031,401.0,5850,24,64,1939,3911,0,0,3943,488.67,1.204,1.510,0.423,0.062,0.367,-0.964,1.910,0.6737,3.2367,0.693,0.001,0.002,0.135,0.147,41,39,200,0,390,0,195793.97,41818.630,52780.070,124.440,27178.689,5.251,61489.215,28093.059,6791.829,23422.933,18738.347,9199.017,184.574,1574.338,0.000234,-0.071547,5893,0,128,72,199,128,35391,7,71,124.112
12061,402.0,5605,25,64,1900,3705,0,0,3823,395.05,1.198,1.502,0.429,0.061,0.373,-0.965,1.911,0.6778,3.2100,0.693,0.001,0.002,0.136,0.149,33,39,168,2,433,0,180074.69,39577.767,50318.467,79.480,25643.394,4.948,59338.371,27098.622,6615.031,19672.162,15737.730,7235.890,98.168,1374.488,0.000288,-0.073087,5625,0,109,59,166,109,34496,6,57,79.216
12091,403.0,5359,22,64,1896,3463,0,0,3676,410.62,1.182,1.483,0.439,0.062,0.386,-0.966,1.914,0.6837,3.2299,0.695,0.002,0.002,0.138,0.153,35,61,109,0,444,0,169628.12,38097.607,48291.629,56.502,23623.392,4.966,56239.683,25295.850,6329.339,17612.697,14090.158,4400.994,0.533,1103.360,0.000380,-0.072584,5334,0,70,39,108,70,33130,8,38,56.361
12121,404.0,5104,30,64,1890,3214,0,0,3508,386.83,1.164,1.464,0.451,0.061,0.399,-0.966,1.914,0.6759,3.2008,0.694,0.000,0.002,0.140,0.158,46,44,109,2,432,0,158734.06,37133.423,44007.177,54.009,21763.941,6.313,53201.589,23629.446,6002.974,16101.122,12880.898,4944.244,45.386,1044.812,0.000236,-0.073531,4881,0,76,33,108,76,31520,4,32,53.845
12151,405.0,4919,21,64,1878,3041,0,0,3320,431.79,1.153,1.454,0.459,0.061,0.409,-0.966,1.916,0.6810,3.2160,0.703,0.001,0.003,0.142,0.161,33,60,72,0,362,0,148914.28,35114.986,41033.185,34.920,21417.163,6.491,50682.840,22092.742,5676.293,15227.114,12181.692,3535.043,62.320,908.205,0.000305,-0.071906,4849,0,50,22,71,50,30961,7,21,34.865
12181,406.0,4651,25,64,1838,2813,0,0,3048,346.96,1.138,1.435,0.470,0.060,0.420,-0.966,1.917,0.6818,3.1686,0.710,0.000,0.003,0.143,0.164,40,55,86,0,416,0,140276.88,33601.005,39687.897,79.739,19487.738,8.376,48232.557,20956.363,5258.883,14313.194,11450.556,3708.741,138.045,848.831,0.000274,-0.069878,4356,0,38,48,84,38,29922,2,46,79.645
12211,407.0,4421,25,64,1845,2576,0,0,2814,378.15,1.113,1.408,0.485,0.059,0.438,-0.966,1.917,0.6822,3.1561,0.707,0.001,0.002,0.146,0.169,24,54,63,2,355,0,131431.80,31811.475,34704.443,41.715,18024.848,7.553,45174.955,19192.940,4816.936,11629.280,9303.424,3028.421,64.883,798.710,0.000312,-0.070236,4036,0,41,22,62,41,29083,7,21,41.530
12241,408.0,4236,36,64,1850,2386,0,0,2620,410.76,1.091,1.386,0.499,0.059,0.455,-0.966,1.920,0.6853,3.1556,0.721,0.001,0.003,0.148,0.173,29,38,39,1,334,0,125493.67,30676.281,32844.579,25.182,16298.055,7.936,42441.092,17602.922,4425.999,11009.408,8807.527,2067.721,43.496,701.058,0.000269,-0.071417,3572,0,27,12,39,27,28323,11,12,25.153
12271,409.0,4060,26,64,1856,2204,0,0,2425,350.51,1.065,1.366,0.513,0.059,0.472,-0.966,1.921,0.6823,3.1693,0.707,0.001,0.005,0.150,0.180,38,69,29,1,272,0,119811.72,29389.049,30148.524,19.330,15229.940,7.044,40203.415,16245.433,4101.041,9310.038,7448.031,2126.004,58.084,642.870,0.000220,-0.071561,3338,0,19,10,28,19,27763,5,9,19.227
12301,410.0,3892,41,64,1850,2042,0,0,2248,435.06,1.043,1.345,0.527,0.060,0.487,-0.966,1.919,0.6869,3.1399,0.720,0.000,0.004,0.152,0.185,39,61,47,3,256,0,113753.09,28301.830,27424.468,47.146,14757.438,8.651,37941.766,14986.623,3744.692,9427.954,7542.363,2653.850,44.028,575.526,0.000185,-0.070143,3273,0,23,24,46,23,26948,3,23,47.004
12331,411.0,3709,31,64,1801,1908,0,0,2112,549.84,1.031,1.336,0.534,0.060,0.495,-0.967,1.919,0.6804,3.1779,0.735,0.000,0.006,0.153,0.189,29,54,72,3,233,0,106800.20,26860.439,25232.845,77.583,13837.481,6.607,36164.985,14107.850,3540.014,8587.266,6869.813,2940.606,38.390,614.454,0.000260,-0.068942,3046,0,30,42,71,30,26413,6,41,77.493
12361,412.0,3529,35,64,1782,1747,0,0,1941,495.64,1.007,1.313,0.546,0.061,0.512,-0.968,1.920,0.6790,3.1454,0.735,0.000,0.004,0.155,0.194,30,57,61,4,224,0,99306.13,25233.244,22726.183,44.967,11990.752,7.193,34105.466,13096.363,3284.113,7739.588,6191.670,2816.986,87.488,560.136,0.000272,-0.070929,2631,0,36,25,61,36,26021,7,25,44.888
12391,413.0,3415,25,64,1781,1634,0,0,1819,549.14,0.985,1.298,0.557,0.061,0.526,-0.968,1.918,0.6885,3.1223,0.734,0.000,0.004,0.157,0.199,27,67,38,3,167,0,93635.02,24037.994,20925.110,21.242,11386.603,7.010,32011.060,11898.048,2985.287,7456.159,5964.927,1719.812,63.191,486.826,0.000196,-0.071140,2445,0,26,12,38,26,25642,9,12,21.179
12421,414.0,3240,23,64,1752,1488,0,0,1647,551.75,0.962,1.280,0.569,0.063,0.542,-0.968,1.921,0.6872,3.1385,0.741,0.001,0.003,0.159,0.205,29,61,63,5,174,0,87155.71,23059.084,18810.694,59.399,10235.088,9.098,30260.942,11114.247,2752.385,5954.137,4763.310,2611.272,5.612,473.207,0.000192,-0.069907,2216,0,33,30,61,33,25160,2,28,59.366
12451,415.0,3034,34,64,1716,1318,0,0,1465,493.36,0.933,1.251,0.584,0.063,0.563,-0.969,1.919,0.6890,3.1416,0.747,0.001,0.002,0.161,0.211,32,65,104,2,152,0,80711.50,22095.721,17065.028,73.516,9215.625,5.172,28042.084,10030.503,2405.970,5313.813,4251.050,3585.330,0.000,551.825,0.000118,-0.070824,1995,0,62,42,102,62,24120,4,40,73.448
12481,416.0,2861,44,64,1692,1169,0,0,1332,575.52,0.899,1.226,0.601,0.064,0.585,-0.971,1.922,0.6875,3.1774,0.751,0.000,0.000,0.164,0.219,24,79,63,5,136,0,76916.63,20961.362,15386.459,54.124,8430.020,6.273,25770.526,8842.111,2165.722,4966.249,3972.999,2039.054,0.000,386.144,0.000178,-0.072237,1734,0,35,28,62,35,23501,4,27,54.067
12511,417.0,2774,37,64,1671,1103,0,0,1214,669.28,0.884,1.215,0.608,0.063,0.594,-0.971,1.926,0.6840,3.1723,0.767,0.002,0.003,0.165,0.222,35,50,50,5,105,0,75253.41,20290.306,15601.033,43.770,7685.482,7.777,24169.896,8050.027,1938.854,5589.646,4471.717,1985.800,0.000,335.834,0.000212,-0.072438,1562,0,28,22,50,28,22949,2,22,43.745
12541,418.0,2730,33,64,1680,1050,0,0,1121,629.28,0.868,1.205,0.615,0.062,0.605,-0.971,1.921,0.6947,3.1783,0.758,0.001,0.005,0.167,0.226,25,46,34,5,92,0,74317.73,19951.935,14570.486,41.578,7202.908,9.014,23436.608,7657.303,1760.131,5702.576,4562.061,1220.199,14.714,270.199,0.000186,-0.071569,1418,0,16,18,33,16,22898,1,17,41.571
12571,419.0,2648,28,64,1680,968,0,0,1019,518.89,0.843,1.185,0.627,0.061,0.622,-0.971,1.921,0.6915,3.2145,0.768,0.001,0.005,0.168,0.232,30,58,50,2,89,0,72217.27,19513.709,12962.293,57.609,6754.179,8.406,22530.305,7276.858,1590.361,5105.045,4084.036,1865.084,48.856,301.611,0.000211,-0.071155,1305,0,25,25,50,25,22557,4,25,57.545
12601,420.0,2622,32,60,1692,930,0,0,953,643.53,0.826,1.176,0.633,0.061,0.631,-0.971,1.927,0.6982,3.1720,0.771,0.001,0.008,0.169,0.237,21,66,40,3,61,0,72475.71,19542.863,13529.134,43.845,6595.791,7.620,21594.916,6861.315,1449.788,5884.448,4707.558,1406.637,86.969,280.880,0.000153,-0.070747,1244,0,19,21,40,19,22604,7,21,43.814
12631,421.0,2633,28,60,1717,916,0,0,894,676.27,0.819,1.171,0.637,0.062,0.637,-0.970,1.927,0.6940,3.2169,0.752,0.003,0.008,0.170,0.241,36,49,7,4,66,0,74600.85,19826.781,13927.622,6.145,7052.197,7.669,21375.241,6795.984,1327.493,6057.400,4845.920,641.368,55.135,228.705,0.000130,-0.071419,1274,0,4,3,7,4,22688,3,3,6.145
12661,422.0,2695,46,60,1776,919,0,0,841,662.52,0.810,1.167,0.639,0.062,0.643,-0.970,1.929,0.7007,3.1888,0.757,0.002,0.005,0.170,0.244,34,41,7,3,63,0,77546.03,20484.924,14076.078,14.544,7196.651,8.931,21443.663,6791.563,1235.866,6992.883,5594.307,486.592,38.155,235.955,0.000209,-0.069609,1278,0,2,5,7,2,22859,12,5,14.544
12691,423.0,2775,34,60,1813,962,0,0,832,617.84,0.817,1.176,0.635,0.062,0.639,-0.970,1.926,0.6996,3.1984,0.740,0.002,0.006,0.170,0.243,35,40,5,1,57,0,81608.15,21344.824,15367.534,12.426,7880.565,9.385,22031.105,7142.330,1177.319,8006.232,6404.986,381.522,53.987,275.157,0.000209,-0.067757,1370,0,1,4,5,1,23339,5,4,12.426
12721,424.0,2836,40,60,1845,991,0,0,810,667.24,0.821,1.181,0.629,0.062,0.637,-0.970,1.927,0.7079,3.1997,0.732,0.002,0.006,0.170,0.242,29,40,19,2,49,0,85001.22,22035.160,14918.185,15.921,8387.479,9.421,22589.682,7275.181,1158.933,7254.571,5803.657,784.373,33.793,283.325,0.000347,-0.064748,1442,0,9,10,19,9,23806,2,10,15.899
12751,425.0,2956,47,61,1913,1043,0,0,813,627.89,0.822,1.188,0.626,0.064,0.635,-0.970,1.928,0.7094,3.2194,0.743,0.003,0.006,0.170,0.241,37,42,20,0,40,0,88968.19,22980.288,15802.385,46.821,9083.277,9.458,23263.675,7401.335,1119.524,9191.160,7352.928,836.035,120.065,283.658,0.000187,-0.063500,1494,0,2,18,20,2,24495,2,18,46.821
12781,426.0,3121,37,61,1995,1126,0,0,841,507.30,0.832,1.203,0.619,0.063,0.629,-0.969,1.924,0.7110,3.2963,0.734,0.002,0.005,0.169,0.240,35,48,14,2,38,0,94538.81,24937.199,17353.068,19.257,10358.717,7.985,24508.814,7801.653,1145.054,11484.580,9187.664,538.484,103.202,344.780,0.000143,-0.062719,1721,0,5,9,13,5,25293,13,8,19.253
12811,427.0,3277,35,61,2057,1220,0,0,879,520.89,0.845,1.220,0.610,0.064,0.620,-0.969,1.923,0.7201,3.2697,0.729,0.001,0.007,0.169,0.238,29,41,19,2,41,0,101776.57,26999.859,19433.196,36.721,11454.448,7.112,25950.970,8520.253,1186.605,11281.915,9025.532,806.424,115.942,395.441,0.000239,-0.062785,1903,0,6,13,18,6,26374,7,12,36.717
12841,428.0,3505,40,61,2160,1345,0,0,959,532.23,0.857,1.239,0.602,0.064,0.610,-0.969,1.920,0.7268,3.3295,0.718,0.001,0.006,0.169,0.237,40,32,25,2,31,0,109103.61,29009.353,21281.822,32.874,12767.980,6.537,27765.358,9497.084,1289.015,13278.123,10622.499,1268.302,38.883,482.736,0.000184,-0.063037,2096,0,12,13,25,12,27639,8,13,32.874
12871,429.0,3697,34,61,2244,1453,0,0,1030,532.54,0.869,1.251,0.595,0.064,0.603,-0.969,1.915,0.7274,3.2892,0.689,0.001,0.006,0.168,0.234,39,41,31,1,51,0,117151.20,31281.810,23258.569,41.975,14217.896,5.475,29724.792,10542.604,1424.597,13641.403,10913.123,1562.674,35.810,516.013,0.000220,-0.062118,2369,0,14,17,31,14,28952,5,17,41.956
12901,430.0,3934,49,62,2339,1595,0,0,1167,456.78,0.884,1.268,0.588,0.064,0.593,-0.969,1.915,0.7347,3.3020,0.689,0.002,0.006,0.167,0.232,34,48,38,2,54,0,125951.56,33361.634,25750.606,51.547,17168.522,8.160,31711.431,11713.909,1578.161,16408.999,13127.199,1355.959,117.810,604.358,0.000229,-0.059272,2870,0,15,23,38,15,30047,9,23,51.547
12931,431.0,4190,39,62,2422,1768,0,0,1325,381.36,0.904,1.293,0.577,0.063,0.579,-0.969,1.915,0.7340,3.3347,0.686,0.002,0.006,0.166,0.228,41,42,42,1,66,0,136144.91,36118.891,29037.097,49.721,18604.262,8.080,34198.276,12643.424,1834.687,18091.209,14472.967,1807.984,235.066,674.693,0.000227,-0.058891,3230,0,13,29,42,13,31486,7,29,49.707
12961,432.0,4455,40,62,2497,1958,0,0,1530,449.10,0.928,1.315,0.567,0.064,0.565,-0.970,1.912,0.7367,3.3136,0.675,0.002,0.006,0.165,0.222,44,42,75,0,77,0,143941.48,38753.932,30006.346,99.615,20639.565,7.027,37005.418,14150.993,2163.462,20415.473,16332.379,2755.608,157.304,747.432,0.000311,-0.057883,3673,0,26,49,75,26,32849,6,49,99.583
12991,433.0,4705,40,62,2579,2126,0,0,1804,371.11,0.943,1.329,0.560,0.063,0.555,-0.970,1.919,0.7325,3.3661,0.662,0.002,0.007,0.164,0.218,51,42,69,0,83,0,153479.77,41186.029,33154.625,87.334,22908.928,7.021,39643.235,15286.889,2564.518,19606.372,15685.098,2418.866,181.345,873.571,0.000228,-0.059613,4013,0,21,48,68,21,34079,31,47,87.303
13021,434.0,4966,28,62,2656,2310,0,0,2067,336.17,0.960,1.346,0.552,0.063,0.544,-0.969,1.920,0.7381,3.3409,0.657,0.002,0.005,0.162,0.216,40,41,79,0,120,0,161663.28,43580.835,36543.367,71.223,25363.659,6.923,42366.549,16826.001,3057.538,22919.839,18335.871,3858.640,221.680,1097.544,0.000393,-0.056907,4698,0,44,35,76,44,35182,14,32,71.180
13051,435.0,5212,40,62,2717,2495,0,0,2379,416.26,0.979,1.364,0.543,0.064,0.533,-0.969,1.917,0.7318,3.3747,0.652,0.001,0.006,0.162,0.213,44,28,100,1,134,0,169987.20,46711.985,38418.396,98.558,27465.097,6.100,45077.782,18402.625,3522.106,23204.107,18563.286,4036.212,98.775,1126.704,0.000247,-0.055922,5143,0,47,53,99,47,35967,17,52,98.163
13081,436.0,5380,32,62,2722,2658,0,0,2731,366.73,0.999,1.382,0.535,0.063,0.520,-0.969,1.916,0.7374,3.3154,0.641,0.002,0.003,0.161,0.210,48,34,182,3,131,0,175818.59,48114.149,41904.413,180.694,30062.519,6.247,47572.386,19739.976,4060.165,23977.006,19181.605,6680.570,107.591,1411.766,0.000256,-0.054902,5694,0,94,88,180,94,36621,15,86,180.593
13111,437.0,5501,38,62,2717,2784,0,0,3039,375.58,1.016,1.400,0.528,0.062,0.511,-0.968,1.913,0.7383,3.3739,0.640,0.002,0.003,0.160,0.208,36,37,192,1,157,0,182481.39,50170.247,44203.525,159.214,29924.521,7.232,49460.415,20408.555,4656.332,24088.093,19270.474,6931.078,70.600,1525.592,0.000303,-0.055836,5737,0,101,91,190,101,37122,28,89,158.816
13141,438.0,5728,32,62,2741,2987,0,0,3286,373.35,1.038,1.420,0.519,0.062,0.498,-0.969,1.912,0.7379,3.3629,0.641,0.001,0.003,0.159,0.204,51,26,138,0,191,0,190388.00,52140.871,47212.631,114.100,32240.579,6.868,51837.367,21525.466,5144.792,27644.456,22115.565,6013.582,110.177,1400.721,0.000390,-0.059364,6257,0,75,63,135,75,37578,18,60,113.551
13171,439.0,5965,28,62,2774,3191,0,0,3666,440.19,1.056,1.439,0.511,0.062,0.487,-0.969,1.913,0.7387,3.3673,0.630,0.000,0.002,0.158,0.201,45,16,136,0,197,0,198459.62,54396.502,49842.091,123.961,34560.037,6.595,54692.711,23236.277,5687.030,27776.722,22221.378,5498.133,144.971,1476.465,0.000292,-0.058915,6918,0,66,70,130,66,38311,19,64,123.568
13201,440.0,5999,32,62,2753,3246,0,0,3907,258.39,1.067,1.446,0.507,0.062,0.482,-0.969,1.916,0.7324,3.3990,0.635,0.008,0.030,0.158,0.200,48,18,182,2,221,0,204214.05,55475.416,52568.158,118.848,35727.654,6.854,56834.467,24501.964,6282.522,22179.402,17743.522,8152.478,496.824,1703.861,0.000300,-0.056676,7164,0,121,61,181,121,39309,7,60,118.049
13231,441.0,6000,29,62,2709,3291,0,0,4059,318.82,1.078,1.456,0.502,0.062,0.476,-0.969,1.922,0.7402,3.3684,0.629,0.010,0.042,0.158,0.198,41,22,179,4,253,0,213415.38,57818.375,56306.877,135.387,36639.317,6.259,57476.164,24746.318,6591.668,22500.836,18000.669,8004.927,2033.057,1707.009,0.000349,-0.055561,7265,0,103,76,173,103,39167,8,70,134.667
13261,442.0,6000,27,62,2663,3337,0,0,4151,361.34,1.091,1.464,0.499,0.061,0.469,-0.969,1.925,0.7364,3.3209,0.622,0.016,0.063,0.158,0.195,43,13,166,1,261,0,224038.19,58034.284,58327.903,152.210,37509.136,6.571,58074.860,24774.991,6811.574,21676.525,17341.221,7924.644,2281.158,1689.057,0.000374,-0.055947,7256,0,85,81,164,85,39354,14,79,151.372
13291,443.0,6000,33,62,2626,3374,0,0,4231,373.17,1.100,1.468,0.495,0.061,0.464,-0.968,1.927,0.7309,3.3180,0.639,0.021,0.090,0.158,0.193,38,14,149,2,223,0,234501.20,59238.001,59768.009,115.321,37665.923,6.965,58534.574,25297.927,7009.504,19188.607,15350.886,8171.611,4071.760,1735.212,0.000446,-0.055017,7242,0,89,60,145,89,39177,8,56,114.572
13321,444.0,6000,22,62,2590,3410,0,0,4291,379.36,1.110,1.474,0.494,0.062,0.459,-0.968,1.927,0.7330,3.3244,0.633,0.025,0.110,0.157,0.191,42,25,188,0,219,0,242414.12,59751.387,61215.088,150.260,38850.215,6.109,59018.747,25609.369,7161.596,21202.112,16961.690,9251.980,6017.744,1903.957,0.000271,-0.054058,7320,0,115,73,184,115,38375,10,69,149.136
13351,445.0,6000,29,62,2569,3431,0,0,4291,374.08,1.115,1.477,0.493,0.062,0.456,-0.968,1.928,0.7279,3.3431,0.636,0.029,0.133,0.158,0.191,40,19,165,2,242,0,250573.75,60460.783,62287.451,144.880,39245.701,4.895,59342.383,25732.129,7206.580,20882.858,16706.287,9336.058,7009.215,1930.553,0.000291,-0.052087,7214,0,98,67,165,98,38840,44,67,143.949
13381,446.0,6000,28,62,2533,3467,0,0,4288,413.17,1.124,1.483,0.490,0.062,0.451,-0.968,1.927,0.7295,3.3030,0.650,0.041,0.157,0.157,0.189,34,13,125,0,224,0,260778.03,60555.001,64157.578,134.998,40419.942,4.943,59721.275,25868.038,7230.680,17930.727,14344.582,7638.496,8815.069,1783.594,0.000436,-0.048541,7269,0,66,59,123,66,38591,40,57,134.294
13411,447.0,6000,29,62,2501,3499,0,0,4245,386.12,1.133,1.488,0.488,0.062,0.447,-0.968,1.926,0.7281,3.3090,0.641,0.042,0.186,0.157,0.187,31,10,103,0,208,0,270208.22,60762.165,67012.738,68.078,41567.380,5.071,60182.855,25828.861,7193.306,16376.492,13101.193,7464.455,12677.314,1790.709,0.000542,-0.043438,7260,0,67,36,99,67,37989,13,32,67.759
13441,448.0,6000,32,62,2481,3519,0,0,4265,368.89,1.139,1.493,0.486,0.062,0.444,-0.968,1.924,0.7335,3.3156,0.645,0.053,0.221,0.157,0.187,33,12,89,2,191,0,278553.84,61229.266,66188.219,60.640,41294.896,7.355,60691.223,26147.754,7171.382,14773.222,11818.578,6719.873,13672.689,1774.932,0.000380,-0.044615,7383,0,60,29,88,60,37975,29,28,60.090
13471,449.0,5997,34,62,2444,3553,0,0,4274,372.24,1.149,1.501,0.483,0.062,0.439,-0.968,1.922,0.7307,3.3265,0.645,0.047,0.220,0.156,0.184,26,20,153,2,211,0,281239.84,60946.157,67696.222,116.231,42619.093,7.140,61042.500,26434.448,7202.338,19286.944,15429.555,11154.517,14286.418,2094.999,0.000286,-0.044865,7376,0,98,55,150,98,37659,16,52,115.713
13501,450.0,5997,26,64,2404,3593,0,0,4267,389.42,1.160,1.506,0.478,0.062,0.433,-0.968,1.923,0.7300,3.2962,0.667,0.047,0.212,0.155,0.182,23,13,140,2,211,0,285259.22,61399.841,67789.504,137.788,42483.768,5.507,61618.752,26714.456,7173.599,18479.007,14783.206,9975.381,14093.935,2035.858,0.000511,-0.038987,7300,0,84,56,140,84,36989,8,56,137.258
13531,451.0,5994,33,64,2366,3628,0,0,4324,427.98,1.169,1.512,0.476,0.062,0.428,-0.968,1.924,0.7292,3.2961,0.656,0.045,0.226,0.155,0.181,32,11,133,2,175,0,289780.44,60906.180,67899.167,115.705,41946.863,4.478,62115.809,26975.509,7200.473,15947.543,12758.034,8500.761,14460.028,1957.733,0.000578,-0.033188,7258,0,82,51,131,82,36415,15,49,114.845
13561,452.0,6000,31,64,2329,3671,0,0,4350,392.77,1.179,1.521,0.474,0.062,0.423,-0.968,1.927,0.7240,3.3464,0.664,0.043,0.219,0.155,0.180,26,19,134,1,197,0,289029.09,59290.602,68308.515,114.144,42620.443,5.578,62719.812,27271.606,7238.388,17972.890,14378.312,10201.693,15400.294,2038.263,0.000496,-0.032155,7251,0,78,56,134,78,36909,14,56,113.694
13591,453.0,5999,31,64,2293,3706,0,0,4318,412.11,1.187,1.529,0.471,0.062,0.418,-0.968,1.927,0.7241,3.3043,0.655,0.038,0.199,0.154,0.179,25,10,166,0,175,0,283166.34,58345.007,65649.530,110.880,40979.114,4.868,63234.113,27389.845,7215.381,17826.932,14261.546,11437.671,14992.489,2133.273,0.000284,-0.031354,7202,0,117,49,161,117,37020,10,44,109.970
13621,454.0,5996,19,64,2253,3743,0,0,4280,396.55,1.197,1.536,0.468,0.063,0.413,-0.968,1.926,0.7241,3.2866,0.652,0.033,0.183,0.154,0.177,27,18,185,1,199,0,278925.88,56378.981,66738.405,121.742,40247.124,8.399,63743.709,27523.844,7139.326,20452.553,16362.042,10966.023,11843.579,2172.596,0.000572,-0.036585,7026,0,130,55,183,130,37530,7,53,121.352
13651,455.0,6000,33,67,2188,3812,0,0,4142,396.90,1.212,1.551,0.462,0.063,0.404,-0.968,1.931,0.7222,3.2860,0.664,0.031,0.136,0.153,0.175,37,17,228,3,216,0,268325.03,55021.897,63511.508,148.048,38818.999,7.281,64360.949,27963.103,6980.834,23899.804,19119.843,12490.095,10448.329,2259.009,0.000361,-0.039866,6998,0,149,79,226,149,37010,12,77,147.498
13681,456.0,5995,15,67,2148,3847,0,0,4127,477.79,1.221,1.559,0.459,0.064,0.398,-0.968,1.934,0.7259,3.3134,0.654,0.027,0.114,0.154,0.173,21,25,180,0,232,0,257621.70,52784.148,62269.733,112.031,38110.301,4.475,65143.650,28303.690,6795.866,22181.794,17745.436,11066.526,8042.770,2080.385,0.000354,-0.040762,7070,0,126,54,179,126,37176,9,53,111.395
13711,457.0,5995,22,67,2101,3894,0,0,4096,503.90,1.232,1.567,0.455,0.064,0.391,-0.967,1.936,0.7277,3.2971,0.663,0.021,0.100,0.153,0.172,21,24,133,4,253,0,250071.94,51096.450,62697.494,112.860,35472.163,4.173,65644.871,28835.396,6768.008,21332.314,17065.852,7987.437,6298.543,1655.857,0.000305,-0.041349,7062,0,82,51,132,82,36942,22,50,112.360
13741,458.0,6000,20,67,2067,3933,0,0,4066,424.49,1.240,1.569,0.450,0.064,0.387,-0.968,1.937,0.7168,3.2683,0.656,0.011,0.062,0.153,0.170,30,35,159,2,299,0,236455.81,49455.925,58914.260,98.775,34538.272,5.202,65966.540,29050.917,6710.777,25332.680,20266.145,8941.438,4632.551,1716.328,0.000281,-0.041449,7025,0,100,59,159,100,36500,24,59,97.965
13771,459.0,5994,13,67,2032,3962,0,0,4041,414.82,1.248,1.576,0.448,0.063,0.382,-0.968,1.935,0.7187,3.2759,0.663,0.011,0.032,0.152,0.170,34,20,160,3,333,0,222905.83,47460.822,58336.425,90.800,32699.834,6.125,66339.675,29339.058,6687.961,26118.658,20894.927,8005.915,2231.981,1609.707,0.000271,-0.039807,6931,0,104,56,158,104,36651,8,54,90.189
13801,460.0,5985,14,70,2031,3954,0,0,4036,398.70,1.248,1.576,0.448,0.064,0.382,-0.968,1.939,0.7212,3.2564,0.660,0.000,0.001,0.153,0.170,21,34,167,3,371,0,204779.41,45667.521,54797.857,89.892,31341.040,6.458,66495.976,29558.396,6653.054,28431.322,22745.058,7935.799,751.301,1600.905,0.000358,-0.041164,6836,0,115,52,164,115,36479,9,49,89.340
13831,461.0,5802,21,70,2019,3783,0,0,4029,361.50,1.238,1.564,0.455,0.064,0.390,-0.968,1.937,0.7188,3.2085,0.659,0.000,0.000,0.154,0.173,29,41,141,0,426,0,188955.94,43756.568,53746.061,76.982,28700.869,3.985,65469.712,29196.673,6731.079,21364.442,17091.554,6363.721,48.361,1320.643,0.000385,-0.045004,6712,0,90,51,139,90,36201,11,49,76.619
13861,462.0,5495,19,70,1990,3505,0,0,3799,391.20,1.223,1.543,0.465,0.063,0.402,-0.968,1.938,0.7201,3.2472,0.682,0.000,0.001,0.156,0.175,30,62,101,0,483,0,175752.39,42200.994,50026.561,77.834,26775.849,4.718,62153.906,27117.058,6499.222,17219.204,13775.364,5091.297,39.630,1163.977,0.000295,-0.045416,6183,0,56,45,99,56,35352,10,43,77.529
13891,463.0,5242,20,70,1977,3265,0,0,3649,365.23,1.206,1.526,0.473,0.063,0.415,-0.967,1.939,0.7186,3.2681,0.690,0.000,0.000,0.157,0.178,36,49,73,3,442,0,165841.95,41330.817,47164.248,38.407,25778.421,5.399,58772.212,25081.461,6198.583,15979.787,12783.830,4090.979,13.968,1090.754,0.000253,-0.044438,5871,0,51,22,72,51,34254,6,21,37.917
13921,464.0,4994,29,70,1968,3026,0,0,3365,373.60,1.185,1.507,0.486,0.064,0.430,-0.967,1.938,0.7197,3.2509,0.708,0.000,0.001,0.160,0.183,29,45,85,2,456,0,157012.78,39799.650,44462.751,75.858,23345.173,5.218,55548.290,23475.591,5881.587,16825.269,13460.215,3799.642,123.015,974.253,0.000246,-0.042693,5324,0,44,41,84,44,33225,6,40,75.829
13951,465.0,4819,24,70,1961,2858,0,0,3226,449.90,1.170,1.492,0.495,0.064,0.441,-0.966,1.941,0.7237,3.2088,0.687,0.000,0.001,0.161,0.187,31,54,53,6,370,0,149995.56,37805.459,41959.315,39.523,22675.472,3.911,52399.327,21586.691,5528.130,15075.008,12060.007,3329.779,43.668,918.917,0.000210,-0.041692,5102,0,31,22,50,31,32193,8,19,39.477
13981,466.0,4609,31,70,1953,2656,0,0,3068,392.17,1.149,1.471,0.507,0.063,0.455,-0.966,1.941,0.7168,3.2045,0.699,0.000,0.000,0.163,0.192,29,52,42,3,379,0,142531.95,36448.148,38157.828,37.616,20763.090,4.964,50181.465,20477.535,5305.368,13271.803,10617.443,2649.543,58.647,780.292,0.000296,-0.040838,4529,0,19,23,42,19,32533,8,23,37.582
14011,467.0,4469,31,70,1947,2522,0,0,2903,389.37,1.135,1.456,0.516,0.064,0.466,-0.967,1.938,0.7226,3.1986,0.708,0.000,0.001,0.164,0.195,37,43,39,1,330,0,136735.28,34623.953,36962.962,41.163,19591.796,4.699,47789.629,19147.868,5050.678,13535.241,10828.193,1966.686,20.694,742.146,0.000191,-0.040306,4255,0,16,23,38,16,31971,3,22,41.127
14041,468.0,4326,25,70,1950,2376,0,0,2723,463.61,1.116,1.442,0.525,0.065,0.479,-0.967,1.939,0.7212,3.2100,0.715,0.000,0.000,0.166,0.201,37,41,33,3,305,0,131582.77,33787.374,35243.753,29.545,18911.434,6.033,45860.145,18234.851,4751.057,11684.690,9347.752,2286.945,6.365,736.884,0.000283,-0.038757,4064,0,18,15,33,18,32038,11,15,29.499
14071,469.0,4178,29,70,1950,2228,0,0,2589,423.15,1.096,1.426,0.536,0.064,0.493,-0.968,1.940,0.7194,3.2120,0.714,0.001,0.000,0.168,0.207,27,47,33,6,282,0,123434.38,32281.351,30506.274,40.793,17768.610,4.463,44035.204,17443.980,4536.753,10700.135,8560.108,2119.683,21.089,680.079,0.000186,-0.037671,3889,0,15,18,33,15,32247,5,18,40.749
14101,470.0,3997,27,69,1937,2060,0,0,2539,557.55,1.072,1.406,0.546,0.064,0.509,-0.968,1.941,0.7222,3.2197,0.703,0.000,0.000,0.169,0.212,17,55,23,11,290,0,116595.23,30671.170,28547.040,24.146,17385.850,4.547,41494.637,15926.269,4385.696,9588.548,7670.838,1679.634,61.880,615.677,0.000248,-0.038790,3885,0,6,17,22,6,31610,4,16,24.069
14131,471.0,3815,24,69,1912,1903,0,0,2417,457.67,1.051,1.388,0.558,0.064,0.524,-0.967,1.940,0.7249,3.2128,0.708,0.000,0.001,0.171,0.217,22,46,31,5,252,0,108507.34,28907.172,25802.242,30.332,15061.217,5.114,39318.285,14896.646,4209.195,7488.287,5990.629,2307.168,26.604,572.070,0.000171,-0.038336,3358,0,11,20,31,11,30781,10,20,30.300
14161,472.0,3655,19,69,1897,1758,0,0,2316,475.15,1.026,1.367,0.570,0.064,0.539,-0.968,1.940,0.7261,3.2141,0.727,0.000,0.001,0.172,0.221,24,48,33,5,233,0,101900.93,27490.800,24533.718,24.656,13542.127,5.968,36834.570,13537.247,4014.515,7834.938,6267.951,2145.764,5.723,550.790,0.000191,-0.037648,3025,0,18,15,33,18,30418,6,15,24.611
14191,473.0,3487,32,69,1871,1616,0,0,2218,519.06,1.002,1.348,0.580,0.064,0.555,-0.968,1.938,0.7293,3.1480,0.731,0.001,0.001,0.173,0.226,22,49,27,2,229,0,94708.55,26152.098,20832.780,31.683,12432.996,5.787,34723.742,12442.275,3816.793,6616.988,5293.591,1457.825,1.197,443.708,0.000158,-0.037137,2775,0,10,17,27,10,29829,10,17,31.656
14221,474.0,3334,27,69,1852,1482,0,0,1987,545.15,0.976,1.322,0.594,0.065,0.571,-0.968,1.942,0.7225,3.1746,0.740,0.000,0.001,0.175,0.231,26,34,17,7,227,0,89189.73,25117.612,20178.458,19.318,11661.024,5.560,32473.684,11438.745,3560.148,6371.052,5096.841,1666.513,0.543,420.366,0.000210,-0.040362,2587,0,6,11,17,6,29447,6,11,19.306
14251,475.0,3181,29,68,1834,1347,0,0,1776,538.72,0.948,1.297,0.608,0.066,0.589,-0.968,1.944,0.7257,3.1824,0.747,0.000,0.000,0.176,0.236,26,56,14,9,169,0,83795.55,24195.651,16969.589,14.842,10059.550,4.954,30610.373,10555.929,3183.629,4539.204,3631.363,934.505,0.000,381.983,0.000233,-0.041438,2189,0,7,7,14,7,28945,0,7,14.826
14281,476.0,3051,31,68,1821,1230,0,0,1627,600.80,0.921,1.272,0.622,0.065,0.607,-0.968,1.942,0.7275,3.1536,0.745,0.000,0.001,0.178,0.242,21,48,20,12,167,0,79565.43,23015.571,16692.319,23.268,9614.671,6.602,28539.281,9739.019,2886.671,5513.004,4410.403,1276.169,48.215,369.322,0.000162,-0.039949,2035,0,9,11,20,9,28391,4,11,23.251
14311,477.0,2920,38,68,1808,1112,0,0,1475,622.58,0.891,1.246,0.637,0.064,0.626,-0.968,1.938,0.7189,3.1267,0.760,0.000,0.002,0.180,0.248,19,49,21,8,152,0,76456.05,22447.352,14755.136,24.177,9094.432,6.095,26673.253,8667.388,2601.369,4421.848,3537.479,1144.790,2.097,362.772,0.000201,-0.037689,1915,0,9,12,20,9,27933,5,11,24.166
14341,478.0,2833,27,68,1809,1024,0,0,1322,604.62,0.865,1.225,0.647,0.066,0.643,-0.969,1.939,0.7192,3.0920,0.748,0.000,0.000,0.181,0.254,22,61,27,7,110,0,75094.62,22103.835,14221.602,29.407,8091.556,6.981,25114.917,7881.963,2316.252,5139.517,4111.614,1078.849,1.065,295.326,0.000212,-0.035722,1614,0,10,17,26,10,27613,4,16,29.402
14371,479.0,2786,34,68,1814,972,0,0,1239,699.78,0.847,1.207,0.653,0.065,0.654,-0.970,1.939,0.7210,3.2613,0.766,0.001,0.001,0.182,0.257,13,42,9,7,100,0,75365.69,21893.683,14272.833,11.806,8107.058,6.959,24115.657,7581.095,2070.987,4951.013,3960.810,883.741,0.913,264.666,0.000185,-0.035482,1573,0,3,6,8,3,27288,4,5,11.791
14401,480.0,2801,30,65,1832,969,0,0,1183,634.29,0.843,1.205,0.653,0.065,0.657,-0.971,1.937,0.7267,3.2159,0.747,0.001,0.001,0.183,0.259,21,42,3,7,76,0,76404.45,21795.170,14125.277,8.691,8188.740,5.920,23490.928,7253.727,1982.248,6480.594,5184.475,602.752,4.174,260.430,0.000215,-0.037378,1517,0,0,3,3,0,27283,3,3,8.691
14431,481.0,2789,32,65,1857,932,0,0,1118,615.36,0.827,1.195,0.660,0.065,0.668,-0.972,1.938,0.7214,3.1914,0.756,0.001,0.001,0.184,0.264,15,43,6,4,83,0,76801.48,22030.555,13173.627,6.656,8411.502,3.962,23517.244,7360.524,1866.229,5371.864,4297.491,707.222,7.369,280.842,0.000155,-0.036727,1554,0,3,3,6,3,27566,4,3,6.652
14461,482.0,2799,38,65,1882,917,0,0,1073,653.81,0.819,1.194,0.663,0.065,0.674,-0.972,1.936,0.7310,3.2866,0.748,0.001,0.001,0.185,0.267,29,49,7,3,64,0,79222.58,22714.346,13951.552,0.880,8304.987,5.679,23220.943,7249.368,1751.131,5688.841,4551.073,611.773,0.403,274.291,0.000173,-0.036482,1474,0,5,2,6,5,28248,8,1,0.873
14491,483.0,2877,42,65,1935,942,0,0,1017,612.20,0.818,1.198,0.664,0.066,0.675,-0.972,1.934,0.7317,3.2609,0.748,0.001,0.003,0.185,0.269,33,36,17,3,50,0,81694.36,23638.367,14086.449,17.074,8750.102,7.799,23519.081,7319.401,1645.905,7777.454,6221.963,908.098,12.530,309.607,0.000163,-0.037067,1563,0,7,10,16,7,28508,7,9,17.064
14521,484.0,2902,40,65,1967,935,0,0,1010,615.15,0.811,1.192,0.668,0.066,0.680,-0.972,1.935,0.7353,3.3197,0.737,0.001,0.001,0.186,0.270,32,46,38,2,64,0,84281.33,24354.604,14467.189,45.913,9257.154,7.715,23857.603,7508.340,1598.121,7262.909,5810.327,1502.183,4.357,357.553,0.000247,-0.034716,1579,0,17,21,38,17,29058,6,21,45.894
14551,485.0,2996,31,65,2019,977,0,0,1025,532.21,0.815,1.202,0.663,0.066,0.676,-0.972,1.939,0.7332,3.3411,0.739,0.001,0.003,0.187,0.271,27,28,44,1,56,0,89566.89,25317.551,17113.830,67.024,9259.637,8.453,24245.590,7727.764,1564.263,9537.646,7630.117,1422.716,19.541,325.441,0.000204,-0.033692,1564,0,15,29,43,15,29916,9,28,67.014
14581,486.0,3128,40,65,2075,1053,0,0,997,586.68,0.830,1.217,0.653,0.067,0.667,-0.972,1.944,0.7333,3.2963,0.727,0.001,0.001,0.187,0.270,36,32,29,2,56,0,95209.53,26618.572,18045.633,26.009,10781.305,7.054,25340.138,8143.689,1563.725,11034.436,8827.549,1368.542,26.253,398.335,0.000174,-0.034406,1845,0,14,15,28,14,30756,6,14,26.005
14611,487.0,3268,46,65,2159,1109,0,0,1027,591.15,0.833,1.220,0.649,0.066,0.666,-0.972,1.946,0.7431,3.3808,0.728,0.000,0.002,0.187,0.270,38,46,48,2,44,0,100850.80,28483.898,19427.920,41.287,11596.358,6.013,26761.066,8891.529,1560.258,11901.592,9521.274,2142.911,59.362,516.397,0.000194,-0.035490,1968,0,30,18,46,30,31698,33,16,41.260
14641,488.0,3474,53,65,2243,1231,0,0,1104,595.35,0.851,1.238,0.640,0.066,0.653,-0.972,1.945,0.7322,3.3683,0.718,0.001,0.002,0.186,0.267,40,35,42,1,35,0,108848.99,30666.769,21660.553,61.516,13575.947,6.315,28195.218,9507.129,1647.754,13761.324,11009.059,1744.860,59.116,484.297,0.000237,-0.037726,2287,0,14,28,40,14,32754,7,26,61.462
14671,489.0,3687,40,65,2335,1352,0,0,1181,554.55,0.867,1.256,0.631,0.066,0.642,-0.971,1.948,0.7318,3.3267,0.705,0.002,0.001,0.186,0.265,54,21,54,0,54,0,117090.04,33224.908,22950.496,70.429,14943.398,6.618,30318.923,10433.710,1760.643,14785.541,11828.433,1880.234,61.706,592.465,0.000298,-0.035526,2452,0,21,33,54,21,34560,5,33,70.400
14701,490.0,3858,45,65,2393,1465,0,0,1281,541.48,0.883,1.279,0.622,0.066,0.632,-0.970,1.949,0.7384,3.3556,0.688,0.001,0.003,0.186,0.263,47,33,85,2,69,0,126320.46,35225.804,27120.521,130.327,16457.889,6.502,32400.181,11628.227,1878.079,15924.740,12739.792,3411.290,54.702,688.812,0.000204,-0.034813,2707,0,28,57,83,28,36285,6,55,130.268
14731,491.0,4109,40,65,2465,1644,0,0,1431,458.85,0.910,1.310,0.610,0.066,0.614,-0.970,1.954,0.7453,3.3877,0.679,0.004,0.003,0.185,0.259,41,29,104,0,62,0,134038.44,37042.466,28919.167,176.469,18924.026,4.992,34775.649,12783.398,2056.893,19924.887,15939.910,3887.126,166.404,765.677,0.000256,-0.034911,3182,0,31,73,102,31,37790,5,71,176.409
14761,492.0,4355,33,65,2549,1806,0,0,1594,463.02,0.929,1.332,0.600,0.066,0.602,-0.970,1.958,0.7440,3.4510,0.667,0.002,0.002,0.184,0.256,39,31,89,1,75,0,143309.03,39889.409,31509.297,116.144,21345.887,5.867,37482.723,13998.686,2306.252,19540.342,15632.274,3624.924,75.187,848.421,0.000284,-0.032716,3658,0,33,56,88,33,39092,9,55,116.091
14791,493.0,4608,36,65,2627,1981,0,0,1797,481.39,0.949,1.355,0.591,0.067,0.589,-0.970,1.959,0.7446,3.4029,0.658,0.002,0.002,0.183,0.254,43,26,128,1,78,0,152291.33,42422.875,34068.555,136.569,23613.895,4.449,40372.414,15159.970,2589.365,21735.954,17388.764,4130.665,61.541,984.544,0.000289,-0.031430,4228,0,54,74,128,54,40389,21,74,136.426
14821,494.0,4901,39,65,2682,2219,0,0,2014,455.25,0.978,1.388,0.578,0.068,0.570,-0.969,1.962,0.7420,3.4117,0.653,0.001,0.002,0.182,0.248,31,39,118,0,108,0,162434.66,45466.135,38311.652,161.613,26581.238,4.764,43578.220,16627.140,2928.327,25642.297,20513.838,4374.960,137.599,1021.373,0.000344,-0.028128,4858,0,39,79,115,39,42033,15,76,161.476
14851,495.0,5143,35,69,2718,2425,0,0,2305,437.31,1.004,1.417,0.566,0.068,0.554,-0.968,1.966,0.7444,3.4255,0.637,0.001,0.002,0.181,0.245,38,28,173,0,98,0,168459.14,48061.174,38991.306,192.547,28988.612,5.368,47014.259,18688.173,3343.106,25005.456,20004.365,5764.987,79.721,1329.203,0.000206,-0.028763,5359,0,74,99,171,74,43046,12,97,192.296
14881,496.0,5211,30,69,2695,2516,0,0,2562,403.46,1.020,1.431,0.561,0.069,0.544,-0.969,1.970,0.7493,3.4529,0.638,0.001,0.002,0.180,0.242,36,30,219,1,148,0,170854.73,49679.566,40072.531,220.809,30575.164,3.999,49493.671,20059.988,3786.152,22310.212,17848.170,8135.786,84.537,1555.143,0.000215,-0.027840,5831,0,111,108,217,111,44117,52,106,220.590
14911,497.0,5315,33,69,2674,2641,0,0,2773,358.03,1.040,1.449,0.553,0.069,0.532,-0.969,1.971,0.7460,3.4581,0.630,0.000,0.002,0.179,0.238,45,41,248,3,150,0,176053.06,51185.738,44725.085,256.799,30644.231,4.196,50573.538,20584.133,4171.744,26008.369,20806.695,8785.492,64.900,1587.807,0.000224,-0.028177,5965,0,123,125,246,123,43792,74,123,256.690
14941,498.0,5431,33,69,2637,2794,0,0,2935,372.02,1.065,1.471,0.544,0.069,0.517,-0.970,1.980,0.7483,3.4671,0.628,0.001,0.003,0.179,0.234,44,32,242,0,178,0,182501.70,52674.285,47671.419,286.065,31462.274,4.261,52505.057,21555.412,4515.933,26950.778,21560.622,8556.989,143.958,1515.624,0.000258,-0.027906,6144,0,104,138,241,104,43757,73,137,285.683
14971,499.0,5600,27,69,2642,2958,0,0,3163,341.98,1.085,1.488,0.539,0.070,0.505,-0.970,1.988,0.7438,3.4279,0.617,0.000,0.002,0.178,0.230,46,41,240,0,164,0,190041.00,53953.889,52522.230,280.813,33262.188,6.888,55100.973,22901.163,4828.934,29136.903,23309.522,8860.225,80.030,1618.933,0.000345,-0.028410,6464,0,114,126,240,114,44345,17,126,280.332
15001,500.0,5691,30,70,2610,3081,0,0,3293,328.35,1.105,1.506,0.532,0.071,0.493,-0.970,1.995,0.7389,3.4292,0.621,0.000,0.002,0.177,0.227,42,20,289,1,234,0,195356.55,55495.621,54992.503,277.405,35234.441,5.579,57114.634,24337.558,5166.728,30693.789,24555.031,10876.313,77.059,1738.927,0.000260,-0.026642,6929,0,145,144,288,145,44773,9,143,276.825
