tick,sim_second,organisms,food,species,plants,grazers,hunters,omnivores,infected,avg_lifespan,avg_body_size,avg_speed,avg_armor,avg_attack,avg_photo,avg_diet,avg_photo_area,avg_speed_plants,avg_speed_eaters,avg_light_share,ready_share_plants,ready_share_eaters,avg_disease_resistance,avg_symbiosis_rate,symbiotic_pairs,deaths_starvation,deaths_predation,deaths_old_age,deaths_disease,deaths_event,energy_total,flow_photosynthesis,flow_food,flow_predation,flow_grazing,flow_symbiosis,flow_metabolism,flow_movement,flow_disease,flow_reproduction_spent,flow_reproduction_received,flow_death,flow_clamp,flow_digestion,ledger_max_residual,ledger_cumulative_residual,grazes_eat,grazes_attack,kills_consumer,kills_plant,grazer_kills,grazer_kills_consumer,attacks_no_plant_in_reach,grazes_eat_by_plant,kills_plant_by_consumer,plant_kill_energy_consumer,hunter_intents,hunter_strikes,hunter_consumer_in_reach,hunter_kills_consumer,hunter_rejected_size,hunter_rejected_damage,hunter_rejected_both
31,1.0,460,10379,0,149,121,93,97,0,9.04,0.863,0.835,0.198,0.239,0.231,-0.051,1.588,0.3166,1.4303,0.789,0.477,0.161,0.102,-0.002,45,0,27,0,0,0,25386.43,1357.072,7435.816,48.938,42.752,12.237,2308.929,618.851,0.000,3328.692,2662.954,1348.758,1419.459,195.747,0.000125,-0.000862,22,0,24,3,7,7,3153,4,3,2.300,725,159,127,12,0,110,5
61,2.0,556,9110,0,151,210,88,107,1,24.13,0.916,0.897,0.176,0.371,0.206,-0.170,1.574,0.3189,1.6549,0.831,0.497,0.133,0.109,-0.005,50,1,24,0,0,0,28627.21,1310.251,9578.900,33.720,60.725,18.797,2916.542,785.026,0.102,5041.889,4033.512,1163.659,1593.765,214.614,0.000099,-0.001623,23,0,14,10,9,7,3065,1,10,11.751,665,97,63,3,0,60,0
91,3.0,733,7612,0,150,373,87,123,2,30.63,0.972,0.991,0.150,0.551,0.174,-0.275,1.577,0.3126,1.9159,0.852,0.500,0.106,0.115,-0.008,68,0,13,0,0,0,35353.00,1338.963,15117.620,27.136,34.267,26.644,3981.528,1104.241,1.644,8067.861,6454.289,822.572,2071.724,162.642,0.000083,-0.001345,39,0,9,4,4,4,3046,33,4,0.655,629,56,49,5,0,41,3
121,4.0,1017,5717,0,144,655,86,132,7,45.40,1.010,1.085,0.117,0.727,0.146,-0.364,1.570,0.3100,2.1876,0.867,0.493,0.078,0.120,-0.014,74,11,26,0,0,0,46299.93,1342.644,23100.404,42.157,112.779,18.257,5856.186,1833.805,7.390,13429.360,10743.488,1317.502,1627.107,210.418,0.000163,-0.001398,18,0,19,7,15,12,3320,5,7,7.632,652,56,28,7,3,16,2
151,5.0,1268,4047,69,155,899,82,132,13,58.70,1.023,1.125,0.101,0.834,0.140,-0.411,1.588,0.3186,2.3124,0.826,0.432,0.061,0.121,-0.013,64,25,79,0,0,0,52665.66,1339.585,23335.685,46.138,172.031,21.205,8405.360,2933.052,14.415,14289.273,11431.419,2637.421,1086.836,420.737,0.000130,-0.001679,28,0,77,2,73,71,3581,0,2,9.212,610,42,31,3,0,28,0
181,6.0,1502,2680,69,160,1139,75,128,22,75.63,0.976,1.172,0.085,0.960,0.141,-0.473,1.594,0.3151,2.5424,0.828,0.412,0.050,0.117,0.004,65,60,78,0,0,0,56500.22,1427.702,24685.054,54.720,551.199,18.571,10533.747,3729.612,26.373,13752.248,11001.798,2927.753,1708.061,656.927,0.000144,-0.000674,93,0,74,4,69,65,3318,9,4,9.506,500,28,28,7,0,15,6
211,7.0,1785,1136,69,163,1434,70,118,31,89.50,0.928,1.221,0.065,1.074,0.139,-0.521,1.584,0.3298,2.8359,0.812,0.368,0.041,0.113,0.019,54,97,93,0,2,0,64576.70,1483.626,31289.756,40.003,613.934,15.103,12248.939,4506.544,45.156,17165.752,13732.602,2831.831,983.259,688.021,0.000188,0.000427,87,0,92,1,74,73,3270,7,1,0.674,480,87,75,11,0,60,4
241,8.0,1773,442,69,164,1449,55,105,32,102.74,0.911,1.233,0.060,1.103,0.142,-0.540,1.593,0.3367,2.8912,0.824,0.311,0.035,0.112,0.020,32,130,155,0,9,0,59784.03,1592.584,21045.385,117.592,824.356,10.133,13706.783,5221.446,46.954,10391.446,8313.157,4906.609,573.422,1014.736,0.000148,0.000276,115,0,150,5,125,120,3045,0,5,16.585,371,98,90,20,3,65,2
271,9.0,1609,463,69,164,1318,34,93,35,126.11,0.896,1.231,0.056,1.106,0.149,-0.559,1.582,0.3277,2.9241,0.823,0.280,0.035,0.110,0.026,46,160,84,0,8,0,50815.84,1578.854,10504.785,61.270,650.278,9.838,12665.128,4731.216,51.598,3247.336,2597.869,2235.633,106.869,673.182,0.000125,0.000244,116,0,81,3,61,59,2831,23,3,18.092,310,58,47,18,3,26,0
301,10.0,1463,426,62,171,1195,22,75,24,139.79,0.890,1.224,0.055,1.094,0.158,-0.571,1.585,0.3420,2.9628,0.799,0.281,0.038,0.110,0.028,35,162,61,0,14,0,46372.71,1643.773,12279.421,62.795,402.794,8.931,11286.312,4135.789,39.388,3302.047,2641.638,1767.954,154.267,385.001,0.000141,-0.000598,59,0,58,3,42,39,2599,1,3,16.310,137,45,30,14,0,16,0
331,11.0,1362,471,62,176,1097,20,69,18,144.80,0.886,1.213,0.056,1.079,0.164,-0.573,1.576,0.3588,2.9592,0.829,0.250,0.035,0.109,0.029,32,141,52,0,3,0,43590.13,1770.293,12671.449,39.233,663.778,9.144,10321.450,3769.156,30.605,3529.411,2823.529,1681.435,169.877,585.146,0.000143,-0.001052,153,0,50,2,41,39,2592,59,2,9.285,107,29,29,4,0,25,0
361,12.0,1315,571,62,181,1054,19,61,20,167.79,0.884,1.206,0.052,1.070,0.170,-0.579,1.566,0.3566,2.9410,0.824,0.210,0.036,0.109,0.031,32,119,32,0,2,0,43591.00,1936.480,13448.761,11.037,649.093,6.638,9654.990,3527.660,25.915,3909.607,3127.685,806.791,116.259,481.871,0.000088,-0.001065,135,0,29,3,30,27,2504,60,3,3.748,93,24,17,2,0,15,0
391,13.0,1343,576,62,183,1083,15,62,17,186.45,0.878,1.217,0.050,1.095,0.172,-0.595,1.570,0.3435,2.9915,0.798,0.219,0.034,0.108,0.037,31,90,43,0,4,0,46581.95,2030.180,16922.111,39.338,587.095,6.257,9551.360,3470.152,27.540,6067.265,4853.812,1163.092,132.346,442.732,0.000126,-0.001792,106,0,33,10,34,26,2359,38,10,26.785,94,13,12,3,0,9,0
421,14.0,1376,619,62,183,1134,8,51,17,222.20,0.881,1.232,0.047,1.143,0.174,-0.616,1.575,0.3430,3.0548,0.791,0.235,0.037,0.106,0.042,36,99,48,0,1,0,49336.73,2074.032,17755.744,48.741,517.504,4.936,9974.290,3639.079,24.975,6752.180,5401.744,1516.644,130.351,487.961,0.000095,-0.001947,105,0,38,10,40,30,2207,38,10,34.267,77,12,12,4,0,8,0
451,15.0,1453,671,49,176,1227,6,44,17,222.26,0.891,1.252,0.046,1.174,0.171,-0.628,1.581,0.3493,3.0251,0.799,0.261,0.034,0.105,0.044,40,78,57,0,3,0,51697.53,2125.379,18676.562,51.964,570.725,7.869,10541.447,3891.192,21.016,8168.934,6535.147,1777.110,156.289,472.267,0.000166,-0.002511,107,0,42,15,52,37,2039,16,15,39.107,30,3,3,3,0,0,0
481,16.0,1551,621,49,183,1327,4,37,14,190.07,0.902,1.261,0.044,1.174,0.171,-0.635,1.593,0.3613,3.0805,0.784,0.240,0.030,0.105,0.044,29,84,45,0,3,0,56168.33,2193.433,21903.971,20.514,480.069,5.337,11322.003,4281.711,21.573,8854.753,7083.803,1518.242,324.629,408.015,0.000113,-0.003062,77,0,42,3,38,35,2101,16,3,8.046,30,5,5,5,0,0,0
511,17.0,1672,553,49,187,1448,4,33,16,199.32,0.904,1.271,0.042,1.184,0.169,-0.641,1.598,0.3728,3.0734,0.751,0.262,0.030,0.105,0.046,32,74,50,0,0,0,60538.22,2381.032,23275.602,60.030,584.272,5.183,12251.718,4699.318,21.383,9239.544,7391.635,1672.949,417.603,435.887,0.000182,-0.003673,69,0,42,8,41,33,2150,0,8,37.242,30,7,7,7,0,0,0
541,18.0,1783,588,49,189,1559,3,32,20,206.76,0.909,1.279,0.042,1.194,0.166,-0.643,1.603,0.3678,3.0587,0.757,0.270,0.027,0.105,0.044,28,59,68,0,0,0,63722.02,2496.013,24122.117,60.104,830.024,7.781,13165.209,5023.079,24.072,9146.556,7317.245,2509.852,319.341,623.578,0.000150,-0.002572,92,0,60,8,60,52,2326,6,8,37.807,30,4,4,4,0,0,0
571,19.0,1890,571,49,199,1662,3,26,21,203.05,0.910,1.284,0.040,1.188,0.165,-0.648,1.611,0.3796,3.1150,0.713,0.211,0.028,0.105,0.042,36,85,69,0,1,0,66778.64,2714.265,25220.426,37.149,866.377,8.378,14036.953,5419.407,28.020,9935.969,7948.775,2254.115,544.239,645.287,0.000126,-0.002123,106,0,62,7,60,55,2332,0,7,17.488,30,7,5,5,0,0,0
601,20.0,2011,541,41,217,1767,2,25,28,195.40,0.910,1.282,0.040,1.186,0.167,-0.655,1.605,0.3743,3.1128,0.715,0.194,0.026,0.104,0.040,39,100,81,0,1,0,71564.65,2841.943,28426.011,48.823,744.056,7.119,14806.638,5811.227,40.166,11452.176,9161.741,2521.719,430.875,629.717,0.000139,-0.002453,92,0,73,8,73,67,2470,0,8,33.139,30,8,6,6,0,0,0
631,21.0,2125,527,41,232,1870,2,21,30,185.01,0.910,1.280,0.039,1.185,0.169,-0.659,1.594,0.3724,3.0990,0.696,0.177,0.025,0.103,0.040,42,88,78,0,4,0,76464.38,3127.164,29431.605,40.102,1085.346,6.382,15694.403,6121.734,43.981,10782.802,8626.242,2404.461,474.861,803.132,0.000133,-0.002583,131,0,73,5,72,67,2560,0,5,18.033,30,6,6,6,0,0,0
661,22.0,2207,533,41,238,1947,2,20,36,203.06,0.913,1.283,0.039,1.189,0.170,-0.662,1.596,0.4003,3.0820,0.693,0.139,0.026,0.102,0.041,43,93,124,0,3,0,78789.20,3326.470,29653.055,77.432,1194.089,5.407,16510.517,6513.791,51.023,11662.286,9329.829,4025.551,397.692,901.113,0.000275,-0.003397,198,0,108,16,116,103,2822,58,16,48.022,30,8,5,5,0,0,0
691,23.0,2313,487,41,238,2056,2,17,35,203.87,0.920,1.289,0.039,1.200,0.168,-0.665,1.599,0.4031,3.1008,0.700,0.147,0.027,0.103,0.039,35,82,124,0,3,0,81393.77,3504.801,31160.672,102.078,1194.369,6.697,17398.649,6906.529,54.243,12130.068,9704.055,4067.727,411.392,898.427,0.000179,-0.004458,209,0,99,25,120,95,2944,59,25,83.265,30,4,4,4,0,0,0
721,24.0,2437,450,41,256,2165,2,14,31,219.57,0.921,1.292,0.039,1.197,0.171,-0.670,1.600,0.4219,3.1012,0.671,0.125,0.025,0.103,0.040,37,115,126,0,4,0,85681.27,3707.262,34301.018,60.313,1051.324,9.069,18476.518,7329.058,47.898,14070.019,11256.015,3856.875,303.497,953.234,0.000142,-0.004127,158,0,109,17,121,105,3027,14,17,44.358,30,5,4,4,0,0,0
751,25.0,2508,435,32,268,2231,0,9,30,205.30,0.921,1.295,0.039,1.202,0.172,-0.675,1.598,0.4391,3.1103,0.640,0.119,0.026,0.103,0.040,45,116,129,0,6,0,88715.24,3767.768,33941.240,77.924,1129.336,7.371,19144.042,7571.166,46.613,12226.205,9780.964,4161.678,419.929,964.298,0.000137,-0.003728,166,0,111,18,123,105,3398,12,18,40.563,16,6,6,6,0,0,0
781,26.0,2585,470,32,273,2302,0,10,26,220.12,0.923,1.301,0.040,1.212,0.172,-0.680,1.601,0.4640,3.1205,0.653,0.125,0.024,0.103,0.042,40,124,151,0,5,0,90399.90,3878.638,34463.028,75.224,1511.767,6.149,19941.427,7805.748,40.212,13647.093,10917.675,4668.102,471.612,1075.709,0.000164,-0.003985,226,0,127,24,151,127,3535,21,24,64.470,0,0,0,0,0,0,0
811,27.0,2664,439,32,295,2361,0,8,31,202.31,0.922,1.298,0.040,1.202,0.176,-0.682,1.590,0.4682,3.1180,0.667,0.088,0.024,0.103,0.042,30,123,172,0,2,0,92682.60,4207.994,36555.482,58.731,1510.290,7.270,20586.039,8115.807,41.537,14344.985,11475.989,5370.660,358.066,1198.400,0.000139,-0.004523,225,0,155,17,172,155,3920,4,17,45.709,0,0,0,0,0,0,0
841,28.0,2681,452,32,307,2367,0,7,30,202.96,0.919,1.298,0.041,1.191,0.179,-0.686,1.582,0.4819,3.1531,0.647,0.085,0.023,0.102,0.042,38,142,198,0,5,0,93146.27,4375.782,35904.498,82.712,1333.832,6.736,20950.093,8440.635,47.890,13789.980,11031.984,6306.815,188.344,1207.550,0.000168,-0.004331,208,0,175,23,198,175,4032,20,23,69.841,0,0,0,0,0,0,0
871,29.0,2733,389,32,314,2413,0,6,43,195.28,0.917,1.301,0.044,1.193,0.179,-0.692,1.594,0.4947,3.1639,0.664,0.092,0.024,0.100,0.043,41,134,182,0,1,0,96054.20,4586.170,37980.976,98.788,1226.790,8.719,21218.609,8559.601,51.753,14016.991,11213.593,5698.841,296.303,1129.506,0.000207,-0.005320,193,0,150,32,182,150,4013,13,32,88.812,0,0,0,0,0,0,0
901,30.0,2810,389,26,321,2484,0,5,45,203.81,0.919,1.305,0.043,1.197,0.180,-0.697,1.580,0.4989,3.1464,0.646,0.093,0.023,0.099,0.045,51,119,170,0,3,0,97102.55,4739.556,36802.854,87.231,1718.514,8.583,21765.286,8735.660,57.557,14041.718,11233.374,5516.419,397.411,1300.615,0.000146,-0.004994,270,0,139,31,170,139,4090,17,31,77.120,0,0,0,0,0,0,0
931,31.0,2876,415,26,352,2519,0,5,52,228.96,0.916,1.295,0.043,1.178,0.186,-0.698,1.574,0.5087,3.1616,0.659,0.051,0.025,0.099,0.043,46,140,163,0,3,0,98320.30,4972.387,36600.967,85.278,1587.211,10.030,22298.791,8908.605,66.838,13965.954,11172.764,4974.229,223.904,1175.323,0.000194,-0.005163,243,0,136,27,163,136,4263,5,27,77.086,0,0,0,0,0,0,0
961,32.0,2929,390,26,383,2540,0,6,61,219.09,0.914,1.290,0.043,1.159,0.193,-0.700,1.565,0.5013,3.1500,0.642,0.055,0.025,0.099,0.043,37,162,156,0,4,0,100288.57,5580.289,37160.398,68.222,1632.267,6.900,22603.105,8974.853,77.904,14216.419,11373.136,4838.236,312.236,1191.012,0.000197,-0.005495,260,0,132,24,156,132,4685,5,24,61.316,0,0,0,0,0,0,0
991,33.0,2982,355,26,396,2581,0,5,74,240.88,0.915,1.288,0.044,1.145,0.195,-0.700,1.556,0.5170,3.1443,0.653,0.048,0.027,0.100,0.042,38,158,158,0,3,0,101778.64,5874.590,37301.145,93.456,2113.369,5.518,23061.214,9177.929,97.539,14193.677,11354.942,4866.682,344.459,1392.563,0.000170,-0.005964,339,0,126,32,158,126,5082,20,32,86.469,0,0,0,0,0,0,0
1021,34.0,2979,345,26,404,2571,0,4,86,240.45,0.918,1.288,0.045,1.133,0.196,-0.703,1.556,0.5310,3.1676,0.663,0.047,0.028,0.100,0.042,54,168,174,0,9,0,102752.00,6031.815,36846.036,94.066,2027.191,7.646,23185.849,9347.580,118.913,13190.438,10552.351,5055.242,308.341,1344.549,0.000172,-0.005160,362,0,137,37,174,137,5372,45,37,83.526,0,0,0,0,0,0,0
1051,35.0,3037,362,25,427,2606,0,4,101,225.71,0.919,1.284,0.044,1.118,0.200,-0.706,1.557,0.5312,3.1498,0.665,0.042,0.026,0.099,0.042,49,152,136,0,10,0,103474.07,6142.392,36244.863,64.472,2594.872,7.242,23348.161,9346.583,139.915,13635.694,10908.555,4477.405,208.630,1481.827,0.000163,-0.004632,398,0,108,28,136,108,5335,13,28,57.568,0,0,0,0,0,0,0
1081,36.0,3061,319,25,456,2601,0,4,126,243.13,0.914,1.276,0.043,1.109,0.206,-0.710,1.545,0.5212,3.1696,0.654,0.044,0.024,0.099,0.043,39,161,166,0,7,0,102771.41,6383.353,36064.329,69.852,2483.769,8.346,23721.233,9554.395,168.227,13527.870,10822.296,5378.740,196.911,1495.118,0.000151,-0.004818,391,0,138,28,166,138,5607,3,28,61.765,0,0,0,0,0,0,0
1111,37.0,3024,326,25,464,2557,0,3,168,250.58,0.910,1.274,0.043,1.100,0.209,-0.715,1.524,0.5371,3.1651,0.661,0.045,0.020,0.099,0.044,46,165,184,0,12,0,100615.58,6626.590,34495.063,112.056,2298.287,8.302,23517.500,9452.663,226.266,12191.750,9753.400,5991.749,279.924,1483.082,0.000155,-0.004437,401,0,140,44,184,140,5645,18,44,101.530,0,0,0,0,0,0,0
1141,38.0,3016,323,25,482,2532,0,2,193,260.35,0.910,1.271,0.043,1.081,0.214,-0.718,1.525,0.5536,3.1770,0.649,0.041,0.021,0.100,0.044,39,165,151,0,22,0,99242.82,6562.093,33465.804,83.976,2320.620,8.400,23145.267,9182.752,288.071,12559.409,10047.528,4703.352,245.661,1407.648,0.000175,-0.002956,403,0,119,32,151,119,5752,36,31,72.491,0,0,0,0,0,0,0
1171,39.0,3031,319,25,517,2512,0,2,226,267.86,0.906,1.262,0.044,1.061,0.220,-0.721,1.512,0.5669,3.1514,0.650,0.033,0.021,0.100,0.042,45,160,130,0,28,0,98723.75,6916.663,33212.347,77.605,2712.406,7.670,23073.692,9133.597,329.202,12502.879,10002.303,4089.569,159.658,1439.398,0.000208,-0.001843,493,0,101,29,130,101,6016,58,27,67.648,0,0,0,0,0,0,0
1201,40.0,3013,310,23,539,2473,0,1,244,210.63,0.902,1.254,0.044,1.043,0.227,-0.725,1.517,0.5629,3.1521,0.653,0.039,0.019,0.100,0.040,45,173,130,0,31,0,98256.91,7093.066,32705.591,67.218,2443.460,8.402,22988.602,9097.023,354.523,11996.512,9597.210,4090.293,93.285,1309.683,0.000102,-0.002237,448,0,102,28,130,102,6349,37,28,61.087,0,0,0,0,0,0,0
1231,41.0,3013,307,23,587,2425,0,1,278,251.05,0.894,1.241,0.044,1.012,0.237,-0.731,1.512,0.5760,3.1436,0.669,0.034,0.021,0.099,0.040,59,184,110,0,25,0,97148.96,7617.081,30199.747,41.624,2670.773,10.645,22695.246,8949.393,399.019,11955.209,9564.167,3033.600,220.655,1277.445,0.000246,-0.003042,436,0,93,17,110,93,6936,8,17,36.105,0,0,0,0,0,0,0
1261,42.0,2973,291,23,628,2344,0,1,297,260.95,0.884,1.230,0.045,0.981,0.248,-0.737,1.512,0.5774,3.1766,0.667,0.037,0.023,0.099,0.039,46,176,120,0,32,0,95986.41,8265.077,29261.011,61.743,2719.250,10.305,22223.522,8795.030,453.743,10632.024,8505.619,3524.824,243.652,1383.201,0.000171,-0.002638,499,0,96,24,120,96,7710,51,24,57.022,0,0,0,0,0,0,0
1291,43.0,2946,257,23,677,2268,0,1,328,289.77,0.876,1.215,0.045,0.943,0.260,-0.740,1.507,0.6036,3.1735,0.645,0.040,0.023,0.099,0.036,48,161,107,0,46,0,94535.02,8482.836,27468.832,47.086,2956.263,9.677,21603.036,8536.738,490.769,10606.057,8484.846,3046.980,298.606,1352.816,0.000156,-0.002022,566,0,84,23,107,84,8408,95,23,41.678,0,0,0,0,0,0,0
1321,44.0,2904,275,23,715,2187,0,2,351,270.39,0.864,1.200,0.045,0.907,0.271,-0.742,1.505,0.6102,3.1496,0.673,0.032,0.025,0.099,0.035,57,156,90,0,38,0,92881.41,8670.143,25457.112,75.023,3079.399,10.849,20977.111,8193.398,543.573,8760.936,7008.749,2898.071,239.614,1251.928,0.000158,-0.000919,587,0,60,30,90,60,8924,95,30,71.304,0,0,0,0,0,0,0
1351,45.0,2871,255,23,751,2118,0,2,384,265.25,0.855,1.190,0.046,0.876,0.281,-0.745,1.508,0.6161,3.1518,0.651,0.031,0.025,0.099,0.034,59,155,94,0,46,0,92049.45,8648.312,25706.388,82.156,2957.728,11.491,20449.028,8023.577,590.591,9541.969,7633.575,2744.544,388.260,1164.420,0.000155,-0.000946,498,0,61,33,94,61,9496,38,33,79.080,0,0,0,0,0,0,0
1381,46.0,2814,259,23,776,2036,0,2,424,314.24,0.848,1.177,0.046,0.850,0.290,-0.749,1.507,0.6105,3.1564,0.663,0.028,0.027,0.099,0.033,57,166,85,0,38,0,88606.91,8599.580,22005.082,83.387,3070.244,10.969,19774.357,7723.721,651.480,8599.122,6879.297,2829.971,165.398,1265.848,0.000139,-0.000755,512,0,54,31,85,54,10084,15,31,78.784,0,0,0,0,0,0,0
1411,47.0,2791,278,23,813,1976,0,2,472,296.85,0.838,1.164,0.046,0.820,0.300,-0.751,1.505,0.6269,3.1456,0.681,0.031,0.025,0.099,0.030,54,133,60,0,44,0,85872.07,8723.962,21007.734,44.400,3310.235,11.820,19179.173,7459.663,708.725,7849.744,6279.795,2176.438,156.858,1260.123,0.000159,-0.000923,558,0,40,20,60,40,10158,26,18,34.696,0,0,0,0,0,0,0
1441,48.0,2754,230,23,866,1886,0,2,492,301.09,0.823,1.144,0.045,0.783,0.314,-0.753,1.503,0.6411,3.1751,0.685,0.030,0.026,0.100,0.026,57,148,71,0,50,0,84353.69,9037.014,21421.619,61.448,3010.850,11.915,18687.594,7212.655,757.667,8310.476,6648.381,2414.866,138.898,1164.684,0.000189,-0.001889,534,0,46,25,71,46,11133,44,25,58.210,0,0,0,0,0,0,0
1471,49.0,2666,223,23,883,1781,0,2,521,317.03,0.812,1.127,0.046,0.740,0.325,-0.755,1.504,0.6397,3.1498,0.680,0.028,0.027,0.099,0.025,64,130,79,0,61,0,81336.65,8854.888,18603.950,73.575,3107.488,10.880,17861.843,6916.597,808.588,6525.905,5220.724,2305.275,145.822,1206.146,0.000224,-0.003083,546,0,42,37,79,42,11348,39,36,68.968,0,0,0,0,0,0,0
1501,50.0,2566,221,23,911,1653,0,2,519,303.85,0.794,1.106,0.048,0.700,0.341,-0.757,1.508,0.6522,3.1607,0.700,0.036,0.027,0.099,0.021,71,139,69,0,65,0,77888.14,8826.585,16659.131,46.082,2821.128,11.532,16885.583,6563.818,834.221,6155.417,4924.333,2204.698,181.285,1079.620,0.000214,-0.004087,476,0,45,24,69,45,11979,29,24,42.708,0,0,0,0,0,0,0
1531,51.0,2480,227,23,960,1520,0,0,552,327.26,0.772,1.082,0.050,0.651,0.362,-0.759,1.505,0.6458,3.1836,0.683,0.034,0.027,0.100,0.018,68,130,59,0,51,0,74790.73,8602.139,15156.721,33.491,2767.576,10.452,15666.717,5989.670,843.885,5281.305,4225.044,2076.272,175.762,1081.198,0.000166,-0.004925,504,0,47,12,59,47,12658,24,11,26.834,0,0,0,0,0,0,0
1561,52.0,2404,227,23,979,1425,0,0,557,335.98,0.761,1.064,0.050,0.619,0.374,-0.762,1.511,0.6468,3.1639,0.679,0.027,0.032,0.100,0.017,58,115,57,0,50,0,72770.01,8447.802,14562.766,63.249,2756.369,9.699,14704.007,5577.954,867.017,5135.796,4108.637,1917.702,54.088,946.603,0.000137,-0.006124,478,0,28,29,57,28,13120,41,28,58.384,0,0,0,0,0,0,0
1591,53.0,2349,218,23,1008,1341,0,0,564,355.91,0.747,1.047,0.051,0.591,0.389,-0.767,1.511,0.6427,3.1844,0.690,0.026,0.026,0.100,0.015,63,101,32,0,57,0,70589.98,8384.661,12724.293,25.163,2889.661,12.190,14085.227,5279.119,882.950,4822.476,3857.981,1033.015,111.864,957.481,0.000119,-0.006300,508,0,20,12,32,20,12968,49,12,24.084,0,0,0,0,0,0,0
1621,54.0,2317,199,23,1038,1279,0,0,573,344.13,0.739,1.030,0.052,0.559,0.401,-0.769,1.515,0.6431,3.1933,0.706,0.027,0.022,0.100,0.014,85,101,14,0,51,0,69105.84,8225.595,12258.114,17.483,2675.528,12.629,13603.456,5013.052,886.950,4862.821,3890.257,656.264,32.977,820.066,0.000222,-0.007178,466,0,7,7,14,7,13142,33,5,13.680,0,0,0,0,0,0,0
1651,55.0,2293,199,22,1073,1220,0,0,566,333.60,0.726,1.012,0.052,0.526,0.414,-0.771,1.517,0.6468,3.1761,0.679,0.023,0.021,0.100,0.012,73,87,15,0,51,0,65570.26,7992.253,10173.276,20.980,2754.995,14.767,13277.323,4897.102,903.305,4579.345,3663.476,847.038,40.372,841.072,0.000203,-0.008255,503,0,6,9,15,6,13443,56,9,20.669,0,0,0,0,0,0,0
1681,56.0,2221,211,22,1091,1130,0,0,553,344.11,0.713,0.992,0.053,0.498,0.429,-0.773,1.521,0.6461,3.1515,0.665,0.023,0.019,0.100,0.008,78,91,36,0,48,0,62394.42,7923.797,9961.140,28.489,2520.427,13.837,12666.046,4682.410,875.331,3653.863,2923.090,1180.247,108.423,846.038,0.000145,-0.008918,467,0,22,14,36,22,13929,37,11,23.210,0,0,0,0,0,0,0
1711,57.0,2151,205,22,1107,1044,0,0,527,343.29,0.698,0.972,0.054,0.462,0.444,-0.776,1.520,0.6451,3.1577,0.703,0.022,0.024,0.100,0.006,79,87,22,0,51,0,60519.23,8031.639,9269.211,31.593,2324.473,15.619,11951.853,4228.635,846.301,3117.255,2493.804,703.782,119.670,733.935,0.000160,-0.009631,468,0,5,17,22,5,14316,83,15,29.082,0,0,0,0,0,0,0
1741,58.0,2126,189,22,1150,976,0,0,499,371.94,0.681,0.948,0.055,0.427,0.461,-0.778,1.522,0.6520,3.1490,0.699,0.020,0.019,0.101,0.002,76,83,4,0,41,0,59966.21,8155.042,9217.587,0.307,2351.655,14.860,11349.286,3937.528,794.648,3526.776,2821.421,295.506,72.862,770.774,0.000163,-0.009658,502,0,4,0,4,4,14774,101,0,0.000,0,0,0,0,0,0,0
1771,59.0,2100,188,22,1187,913,0,0,472,402.01,0.667,0.927,0.055,0.399,0.477,-0.780,1.520,0.6603,3.1506,0.688,0.024,0.021,0.102,-0.001,70,75,11,0,38,0,59131.07,8244.289,8282.970,17.087,2173.242,11.168,10986.597,3780.653,750.225,3392.320,2713.856,464.910,27.289,691.350,0.000084,-0.009562,461,0,5,6,11,5,15470,96,5,13.911,0,0,0,0,0,0,0
1801,60.0,2058,218,22,1209,849,0,0,480,407.79,0.651,0.907,0.056,0.373,0.491,-0.784,1.524,0.6437,3.1686,0.695,0.027,0.021,0.102,-0.003,90,82,20,0,35,0,58099.09,8449.598,7481.505,40.469,1954.835,15.176,10521.940,3581.895,742.949,3218.602,2574.882,894.338,24.205,594.500,0.000072,-0.009557,377,0,5,15,20,5,15756,51,13,37.306,0,0,0,0,0,0,0
1831,61.0,2069,273,22,1248,821,0,0,457,409.74,0.640,0.900,0.056,0.356,0.501,-0.790,1.525,0.6549,3.1591,0.691,0.032,0.024,0.103,-0.002,96,64,9,0,32,0,58928.03,8583.606,8370.801,18.916,2122.722,17.705,10149.907,3420.437,735.294,3960.938,3168.750,359.885,29.055,657.627,0.000129,-0.008809,401,0,0,9,9,0,15993,53,7,15.264,0,0,0,0,0,0,0
1861,62.0,2106,214,22,1288,818,0,0,448,436.68,0.632,0.895,0.057,0.338,0.507,-0.795,1.530,0.6593,3.2367,0.704,0.027,0.023,0.102,-0.003,83,58,13,0,26,0,60835.02,8884.762,9331.642,14.318,2159.485,18.331,10073.539,3402.938,699.941,4711.501,3769.201,509.620,13.608,681.789,0.000109,-0.008493,409,0,6,7,13,6,16996,68,6,12.089,0,0,0,0,0,0,0
1891,63.0,2138,229,22,1335,803,0,0,434,432.36,0.623,0.885,0.057,0.320,0.517,-0.796,1.530,0.6767,3.2193,0.681,0.026,0.020,0.103,-0.004,114,59,10,0,21,0,62192.30,9409.172,7972.248,19.980,1907.104,16.408,10107.200,3394.638,681.232,4177.347,3341.877,393.173,89.951,542.452,0.000125,-0.008085,331,0,4,6,10,4,17848,21,4,16.354,0,0,0,0,0,0,0
1921,64.0,2178,258,22,1370,808,0,0,434,454.17,0.621,0.881,0.058,0.306,0.521,-0.798,1.532,0.6606,3.1817,0.700,0.031,0.015,0.102,-0.005,102,49,23,0,17,0,64733.30,9812.936,9116.921,30.629,2130.639,21.278,10156.981,3360.555,665.162,4489.643,3591.715,663.082,40.784,634.994,0.000170,-0.008189,360,0,5,18,23,5,18379,37,12,18.342,0,0,0,0,0,0,0
1951,65.0,2252,292,22,1437,815,0,0,438,447.77,0.616,0.874,0.058,0.295,0.527,-0.805,1.536,0.6611,3.2124,0.693,0.027,0.021,0.102,-0.006,104,41,9,0,23,0,68058.98,10576.415,9137.983,16.451,2202.580,18.571,10326.670,3437.702,662.362,4928.750,3943.000,358.504,51.419,582.759,0.000132,-0.008001,368,0,4,5,9,4,19233,36,3,12.932,0,0,0,0,0,0,0
1981,66.0,2376,313,22,1508,868,0,0,458,463.27,0.616,0.878,0.059,0.291,0.526,-0.812,1.539,0.6636,3.2329,0.669,0.028,0.021,0.101,-0.007,97,41,16,0,17,0,72129.05,11365.324,10570.824,18.464,2518.297,17.154,10829.953,3585.905,676.889,6828.994,5463.195,579.420,113.422,733.156,0.000127,-0.007864,452,0,7,9,16,7,20511,67,7,14.160,0,0,0,0,0,0,0
2011,67.0,2495,324,22,1582,913,0,0,461,412.17,0.615,0.879,0.059,0.286,0.526,-0.817,1.542,0.6723,3.2110,0.653,0.032,0.023,0.100,-0.005,106,38,32,0,31,0,76645.01,12108.281,11784.729,51.777,2935.755,19.915,11329.528,3840.575,715.030,7470.017,5976.014,1140.804,117.007,791.884,0.000107,-0.007520,564,0,9,23,32,9,21397,154,18,41.857,0,0,0,0,0,0,0
2041,68.0,2641,338,22,1649,992,0,0,478,357.80,0.622,0.890,0.059,0.282,0.521,-0.827,1.540,0.6749,3.1959,0.661,0.030,0.022,0.100,-0.001,111,41,31,0,25,0,82916.94,13119.159,13905.727,41.629,3308.981,20.584,11912.741,4059.272,723.216,8607.693,6886.154,1342.384,96.600,938.836,0.000159,-0.008178,677,0,15,16,31,15,22734,206,9,15.236,0,0,0,0,0,0,0
2071,69.0,2858,325,22,1746,1112,0,0,491,372.42,0.630,0.905,0.059,0.284,0.513,-0.830,1.544,0.6792,3.2101,0.659,0.028,0.019,0.099,0.001,116,34,29,0,20,0,90363.16,14648.324,15281.399,58.044,3769.023,17.929,12874.278,4423.138,738.019,10451.567,8361.253,1306.439,215.955,893.402,0.000135,-0.008219,677,0,8,21,29,8,24209,127,15,36.306,0,0,0,0,0,0,0
2101,70.0,3096,301,22,1838,1258,0,0,587,383.64,0.643,0.918,0.059,0.276,0.503,-0.837,1.549,0.6796,3.2126,0.630,0.025,0.017,0.099,0.005,113,35,53,0,15,0,98037.27,15748.936,17150.996,67.583,4938.817,20.565,14094.963,5039.057,845.102,12143.228,9714.583,1596.244,99.828,1189.567,0.000202,-0.007516,859,0,21,32,52,21,25746,151,20,48.573,0,0,0,0,0,0,0
2131,71.0,3333,337,22,1930,1403,0,0,652,394.82,0.652,0.933,0.060,0.279,0.494,-0.842,1.552,0.6863,3.2312,0.640,0.028,0.016,0.099,0.008,88,30,63,0,26,0,105784.78,17329.360,18426.563,87.763,5445.141,19.943,15472.078,5668.506,966.470,12500.462,10000.370,2161.192,107.858,1219.973,0.000272,-0.008293,912,0,23,40,63,23,27166,132,32,71.987,0,0,0,0,0,0,0
2161,72.0,3600,286,22,1999,1601,0,0,763,413.48,0.665,0.956,0.062,0.289,0.480,-0.848,1.556,0.6786,3.2248,0.632,0.030,0.015,0.098,0.013,87,35,91,0,19,0,114428.27,18825.893,21006.476,153.660,6261.652,18.306,16868.803,6333.427,1122.541,14719.953,11775.962,2705.992,59.555,1308.233,0.000191,-0.008440,905,0,21,70,90,21,28329,50,60,137.649,0,0,0,0,0,0,0
2191,73.0,3869,296,22,2078,1791,0,0,893,354.55,0.679,0.974,0.063,0.296,0.468,-0.853,1.563,0.6904,3.2325,0.617,0.021,0.015,0.097,0.017,97,42,105,0,33,0,122076.27,20410.874,22349.170,150.033,7968.821,14.029,18605.374,7289.126,1316.328,16142.092,12913.674,3142.481,49.879,1630.470,0.000231,-0.008162,1228,0,34,71,105,34,29742,73,59,124.307,0,0,0,0,0,0,0
2221,74.0,4122,275,22,2149,1973,0,0,1088,285.89,0.690,0.990,0.062,0.297,0.458,-0.859,1.567,0.6967,3.2087,0.617,0.023,0.014,0.097,0.022,86,48,131,0,24,0,130058.99,22137.433,24895.243,165.832,8637.149,16.100,20087.113,7931.158,1606.898,16573.155,13258.525,4281.254,192.184,1802.557,0.000239,-0.007862,1319,0,60,71,131,60,30875,58,67,155.309,0,0,0,0,0,0,0
2251,75.0,4293,295,22,2166,2127,0,0,1285,337.47,0.702,1.007,0.061,0.295,0.450,-0.860,1.567,0.6909,3.2240,0.615,0.029,0.014,0.096,0.026,90,50,188,0,55,0,136107.70,23919.382,26174.785,261.262,10368.527,14.977,21646.350,8657.910,1924.091,16962.101,13569.681,6232.883,231.587,2221.467,0.000240,-0.007693,1619,0,76,112,187,76,31551,95,98,230.027,0,0,0,0,0,0,0
2281,76.0,4534,250,22,2217,2317,0,0,1534,351.43,0.714,1.023,0.060,0.299,0.440,-0.862,1.572,0.7052,3.2210,0.593,0.018,0.011,0.095,0.028,81,41,199,0,42,0,143859.08,25274.343,28767.906,248.250,10808.913,14.203,22972.872,9361.804,2282.020,18679.088,14943.270,5888.156,114.938,2183.518,0.000223,-0.008539,1728,0,78,121,199,78,32791,122,111,227.295,0,0,0,0,0,0,0
2311,77.0,4753,226,22,2262,2491,0,0,1874,307.77,0.726,1.035,0.061,0.308,0.433,-0.865,1.576,0.7071,3.2349,0.602,0.023,0.011,0.095,0.032,66,42,192,0,75,0,150537.64,26943.045,30471.408,244.305,12138.006,13.836,24500.739,10280.361,2805.247,19297.438,15437.951,6918.425,150.412,2465.535,0.000197,-0.007000,1939,0,93,99,192,93,33510,156,87,212.521,0,0,0,0,0,0,0
2341,78.0,4865,263,22,2265,2600,0,0,2169,330.85,0.736,1.048,0.060,0.305,0.427,-0.867,1.577,0.7116,3.2278,0.596,0.015,0.011,0.094,0.034,58,48,274,0,89,0,154691.78,28335.950,30627.069,343.860,12984.954,10.163,25742.712,10830.307,3369.796,19026.067,15220.854,8609.516,189.460,2605.723,0.000240,-0.007368,2104,0,120,154,274,120,34591,155,128,296.340,0,0,0,0,0,0,0
2371,79.0,5077,253,22,2255,2822,0,0,2514,322.55,0.754,1.068,0.060,0.312,0.413,-0.869,1.589,0.7008,3.2046,0.593,0.015,0.010,0.094,0.039,66,24,272,0,92,0,160825.97,28966.341,35613.178,388.634,14248.125,14.345,27014.489,11599.264,3911.989,22348.656,17878.925,8911.251,170.438,2756.817,0.000230,-0.008529,2379,0,103,169,271,103,34570,177,158,361.102,0,0,0,0,0,0,0
2401,80.0,5226,224,22,2214,3012,0,0,2767,324.36,0.774,1.087,0.060,0.304,0.401,-0.870,1.592,0.7129,3.2145,0.608,0.014,0.009,0.093,0.047,68,38,295,0,124,0,165001.88,30204.463,36491.938,372.536,15109.813,15.304,28653.465,12524.006,4499.408,23026.344,18421.076,9470.834,209.366,2930.675,0.000248,-0.007703,2548,0,117,178,295,117,34170,143,171,353.837,0,0,0,0,0,0,0
2431,81.0,5391,209,22,2195,3196,0,0,3068,324.45,0.788,1.104,0.060,0.298,0.390,-0.872,1.597,0.7168,3.2074,0.606,0.016,0.009,0.093,0.051,65,28,289,0,131,0,168391.36,30712.066,37416.512,341.059,15726.544,14.481,30037.762,13375.279,4982.708,23189.103,18551.283,9015.824,134.992,2895.765,0.000291,-0.007155,2656,0,129,160,289,129,33712,105,147,312.297,0,0,0,0,0,0,0
2461,82.0,5451,187,22,2144,3307,0,0,3317,282.89,0.801,1.116,0.059,0.289,0.382,-0.873,1.601,0.7068,3.1990,0.603,0.013,0.008,0.093,0.055,70,39,315,0,172,0,170799.98,31469.791,39364.697,394.928,16439.147,12.863,30996.057,13852.045,5531.503,22214.158,17771.327,10804.378,146.357,3047.628,0.000182,-0.007138,2834,0,140,175,310,137,33193,187,168,376.263,0,0,0,0,0,0,0
2491,83.0,5469,213,22,2080,3389,0,0,3399,336.37,0.813,1.131,0.061,0.288,0.374,-0.874,1.606,0.7115,3.2051,0.617,0.017,0.009,0.093,0.059,69,27,348,0,197,0,172282.09,31606.123,41046.927,352.213,16239.216,10.597,31655.181,14439.427,5817.958,22699.272,18159.418,11806.916,178.798,3085.023,0.000238,-0.005538,2935,0,177,171,347,177,32606,236,166,341.772,0,0,0,0,0,0,0
2521,84.0,5424,199,22,2010,3414,0,0,3393,281.74,0.825,1.143,0.061,0.292,0.367,-0.877,1.607,0.7084,3.1945,0.618,0.013,0.009,0.093,0.062,64,30,453,0,205,0,170973.36,31714.032,43162.850,422.539,16115.747,11.565,31968.049,14739.936,5956.483,24789.449,19831.559,15390.706,299.439,3295.644,0.000258,-0.003280,2758,0,254,199,448,250,31479,173,196,400.925,0,0,0,0,0,0,0
2551,85.0,5329,190,23,1906,3423,0,0,3428,290.57,0.840,1.156,0.062,0.290,0.358,-0.880,1.609,0.7155,3.1679,0.623,0.015,0.009,0.092,0.066,47,33,452,0,176,0,170893.69,31144.702,43232.056,517.595,15418.116,14.683,32098.552,14849.258,5979.881,21727.402,17381.922,14306.934,335.927,3057.989,0.000454,-0.006301,2637,0,225,227,440,216,30497,162,215,477.263,0,0,0,0,0,0,0
2581,86.0,5290,205,23,1824,3466,0,0,3367,244.52,0.857,1.167,0.065,0.281,0.350,-0.882,1.605,0.7112,3.1651,0.622,0.013,0.008,0.091,0.071,48,28,461,0,201,0,169786.58,30026.658,44656.093,546.334,14990.734,9.666,32166.946,14794.626,5997.165,25278.714,20222.972,15168.589,144.253,3008.876,0.000248,-0.006525,2553,0,239,222,454,233,29932,141,218,513.876,0,0,0,0,0,0,0
2611,87.0,5251,209,23,1761,3490,0,0,3334,275.32,0.870,1.179,0.067,0.273,0.344,-0.883,1.613,0.7140,3.1575,0.621,0.015,0.007,0.091,0.073,59,45,429,0,189,0,169951.08,29637.022,45517.731,462.716,15187.662,12.088,32481.866,15073.953,5963.229,24179.947,19343.958,13961.417,98.078,3038.441,0.000254,-0.008172,2585,0,229,200,414,215,28784,137,195,418.941,0,0,0,0,0,0,0
2641,88.0,5226,211,23,1710,3516,0,0,3225,280.83,0.883,1.190,0.071,0.270,0.338,-0.884,1.623,0.7187,3.1403,0.628,0.019,0.008,0.090,0.075,39,30,411,0,215,0,169531.44,29203.410,45533.251,434.240,14925.477,12.576,32775.997,15412.741,5800.975,24630.311,19704.249,13620.221,106.728,2947.814,0.000213,-0.008700,2509,0,229,182,399,217,29051,139,181,401.984,0,0,0,0,0,0,0
2671,89.0,5197,204,23,1641,3556,0,0,3170,274.80,0.896,1.202,0.075,0.272,0.330,-0.884,1.627,0.7196,3.1447,0.609,0.014,0.008,0.091,0.077,41,31,448,0,204,0,168203.98,28572.396,46868.366,504.075,14809.470,11.325,33166.811,15574.165,5695.040,25684.580,20547.664,14550.828,125.011,3023.526,0.000276,-0.009495,2477,0,244,204,426,227,28411,162,195,449.291,0,0,0,0,0,0,0
2701,90.0,5147,211,23,1581,3566,0,0,3137,258.62,0.910,1.210,0.077,0.268,0.325,-0.884,1.636,0.7127,3.1267,0.616,0.013,0.007,0.091,0.079,47,37,413,0,230,0,166384.14,27206.700,46860.878,425.948,14386.394,13.563,33187.232,15678.992,5631.049,25054.609,20043.688,13841.258,61.096,2902.814,0.000310,-0.010953,2429,0,234,179,407,229,27192,119,175,403.882,0,0,0,0,0,0,0
2731,91.0,5013,176,23,1476,3537,0,0,3145,286.11,0.927,1.221,0.080,0.261,0.316,-0.884,1.635,0.7062,3.1016,0.643,0.018,0.009,0.090,0.082,36,48,449,0,208,0,164191.94,26141.288,47967.855,447.037,14328.042,12.652,33471.725,15599.479,5686.650,23171.146,18536.917,14278.216,174.125,2903.957,0.000171,-0.010770,2426,0,258,191,437,248,26424,117,185,408.569,0,0,0,0,0,0,0
2761,92.0,4919,154,23,1392,3527,0,0,3033,264.60,0.941,1.231,0.083,0.250,0.309,-0.885,1.638,0.7074,3.0814,0.632,0.015,0.009,0.090,0.086,56,40,411,0,253,0,161256.62,24502.531,47884.679,386.219,12816.485,13.261,32938.609,15527.994,5539.140,24630.193,19704.155,13951.419,154.783,2670.763,0.000206,-0.012105,2166,0,237,174,408,235,25180,68,171,373.759,0,0,0,0,0,0,0
2791,93.0,4727,189,23,1321,3406,0,0,2862,284.26,0.951,1.235,0.088,0.240,0.306,-0.886,1.635,0.7072,3.0712,0.648,0.015,0.009,0.090,0.088,45,58,446,0,213,0,157363.91,23973.397,46525.122,397.128,12329.790,13.775,32456.393,15326.166,5279.802,21030.214,16824.172,14563.827,187.998,2768.130,0.000199,-0.013340,2010,0,278,168,445,278,23832,55,166,390.276,0,0,0,0,0,0,0
2821,94.0,4596,176,23,1245,3351,0,0,2803,269.23,0.967,1.243,0.093,0.230,0.299,-0.887,1.638,0.7047,3.0610,0.647,0.009,0.010,0.090,0.090,40,43,440,0,224,0,154239.19,22857.920,47838.220,421.539,11925.436,12.561,31815.219,15038.344,5110.832,23430.303,18744.243,14941.596,64.933,2585.408,0.000154,-0.013453,1922,0,263,177,439,263,23025,55,173,410.599,0,0,0,0,0,0,0
2851,95.0,4458,170,23,1142,3316,0,0,2637,237.82,0.987,1.260,0.097,0.228,0.289,-0.887,1.639,0.6931,3.0584,0.668,0.011,0.009,0.091,0.091,49,43,430,0,202,0,150490.98,21272.788,46699.354,470.979,10428.126,14.971,31420.021,14809.939,4869.019,21959.317,17567.454,14267.736,150.715,2282.044,0.000244,-0.012326,1675,0,236,194,430,236,21641,45,193,465.011,0,0,0,0,0,0,0
2881,96.0,4238,174,23,1040,3198,0,0,2456,241.51,1.004,1.272,0.102,0.216,0.282,-0.887,1.639,0.7077,3.0387,0.651,0.016,0.007,0.091,0.091,46,47,443,0,207,0,142889.08,18856.979,43483.411,480.627,9636.073,12.477,30804.687,14516.197,4543.139,19365.822,15492.658,14428.443,119.974,2137.310,0.000176,-0.013038,1569,0,249,194,443,249,19795,58,194,476.483,0,0,0,0,0,0,0
2911,97.0,4038,193,23,955,3083,0,0,2248,223.66,1.017,1.283,0.106,0.210,0.275,-0.887,1.622,0.7011,3.0401,0.667,0.012,0.006,0.091,0.092,29,57,440,0,199,0,135106.66,16926.544,43673.068,408.693,8635.875,12.865,29724.818,14046.273,4196.039,20526.380,16421.105,14497.502,96.291,2124.529,0.000224,-0.013451,1399,0,276,164,439,276,19017,39,159,394.716,0,0,0,0,0,0,0
2941,98.0,3767,175,23,834,2933,0,0,1979,245.07,1.038,1.296,0.113,0.199,0.266,-0.886,1.622,0.7044,2.9818,0.690,0.010,0.007,0.092,0.097,42,70,444,0,216,0,127468.63,14873.289,42240.035,450.288,7122.043,13.499,28412.237,13307.015,3736.898,19052.920,15242.336,13983.068,89.941,1861.887,0.000244,-0.015048,1152,0,247,197,444,247,17905,23,195,441.166,0,0,0,0,0,0,0
2971,99.0,3521,187,23,751,2770,0,0,1788,285.76,1.051,1.302,0.122,0.192,0.261,-0.886,1.619,0.7110,2.9895,0.693,0.008,0.007,0.092,0.101,44,57,411,0,189,0,120119.10,13155.190,41018.664,396.682,6359.005,12.966,27103.604,12700.113,3324.689,17074.938,13659.950,13513.236,107.015,1756.425,0.000243,-0.014121,1073,0,253,158,411,253,16226,63,158,392.919,0,0,0,0,0,0,0
3001,100.0,3269,175,25,630,2639,0,0,1618,259.73,1.076,1.322,0.130,0.184,0.247,-0.885,1.620,0.6995,2.9552,0.697,0.014,0.008,0.091,0.106,40,52,431,0,150,0,111790.68,11154.634,39842.129,411.590,5970.880,13.748,25667.046,12024.946,3003.942,16320.917,13056.734,13853.798,164.965,1757.895,0.000252,-0.015849,956,0,262,169,431,262,15080,77,169,407.842,0,0,0,0,0,0,0
3031,101.0,2996,183,25,554,2442,0,0,1411,269.49,1.089,1.329,0.137,0.169,0.242,-0.884,1.627,0.7061,2.9536,0.707,0.013,0.006,0.091,0.107,51,67,386,0,176,0,102876.01,9467.714,36942.406,306.002,4437.292,13.178,24216.028,11462.134,2664.473,14966.605,11973.285,12468.583,193.681,1632.579,0.000180,-0.014761,760,0,255,131,386,255,13800,48,129,299.222,0,0,0,0,0,0,0
3061,102.0,2810,176,25,493,2317,0,0,1242,257.15,1.107,1.334,0.143,0.158,0.236,-0.883,1.647,0.6874,2.9153,0.691,0.012,0.006,0.092,0.108,44,72,322,0,126,0,96421.88,7865.019,35439.831,201.676,4049.106,11.624,22545.959,10616.750,2306.368,14431.642,11545.314,10183.834,17.226,1404.180,0.000161,-0.015746,683,0,231,91,322,231,12076,51,90,196.355,0,0,0,0,0,0,0
3091,103.0,2596,183,25,451,2145,0,0,1131,267.82,1.119,1.333,0.146,0.154,0.236,-0.882,1.664,0.6803,2.9076,0.705,0.016,0.007,0.091,0.108,58,68,287,0,132,0,89488.84,7125.169,32464.538,197.471,3039.705,12.413,21363.515,9986.540,2079.220,11761.018,9408.815,9652.077,56.382,1230.280,0.000195,-0.016047,517,0,204,83,287,204,11313,39,83,194.158,0,0,0,0,0,0,0
3121,104.0,2405,199,25,392,2013,0,0,947,250.41,1.132,1.338,0.153,0.142,0.227,-0.881,1.676,0.6462,2.8975,0.695,0.008,0.007,0.092,0.110,45,63,301,0,110,0,83291.41,6232.447,31145.852,247.378,2653.149,15.824,19867.951,9188.251,1791.450,12105.603,9684.482,9316.369,120.730,1117.240,0.000213,-0.017486,427,0,201,100,301,201,10386,19,100,245.002,0,0,0,0,0,0,0
3151,105.0,2259,182,25,343,1916,0,0,781,276.64,1.144,1.345,0.160,0.136,0.218,-0.878,1.679,0.6667,2.8832,0.708,0.009,0.005,0.093,0.111,63,66,248,0,121,0,77974.91,5267.934,29768.079,177.727,2217.483,13.876,18789.589,8760.190,1508.020,12598.054,10078.444,7916.169,69.039,967.628,0.000229,-0.015797,349,0,172,76,248,172,9576,18,76,175.381,0,0,0,0,0,0,0
3181,106.0,2084,183,25,300,1784,0,0,645,268.29,1.156,1.353,0.166,0.121,0.211,-0.876,1.716,0.6673,2.8718,0.713,0.017,0.007,0.093,0.113,64,74,235,0,87,0,72458.66,4286.202,27799.307,173.277,1804.024,17.542,17754.883,8312.070,1215.976,9583.429,7666.743,7589.200,62.536,923.672,0.000203,-0.015645,286,0,166,69,235,166,8778,10,69,170.790,0,0,0,0,0,0,0
3211,107.0,1981,168,25,278,1703,0,0,553,267.49,1.161,1.360,0.171,0.115,0.208,-0.874,1.738,0.6722,2.8441,0.695,0.004,0.008,0.092,0.112,53,86,175,0,85,0,68061.23,3673.889,25487.188,124.079,1553.929,15.277,16563.816,7619.591,1005.194,10653.732,8522.986,5631.242,79.842,652.169,0.000111,-0.015769,248,0,125,50,175,125,8148,1,50,122.325,0,0,0,0,0,0,0
3241,108.0,1851,158,25,247,1604,0,0,453,248.80,1.171,1.365,0.181,0.116,0.202,-0.874,1.712,0.6811,2.8636,0.722,0.020,0.005,0.094,0.110,45,89,135,0,75,0,62886.98,3188.117,22506.313,100.440,1370.074,15.036,15848.269,7418.304,852.605,7526.183,6020.946,4716.124,94.805,533.771,0.000150,-0.014795,220,0,92,43,135,92,7435,13,43,99.308,0,0,0,0,0,0,0
3271,109.0,1749,140,25,217,1532,0,0,374,274.91,1.185,1.376,0.191,0.109,0.196,-0.873,1.714,0.6909,2.8404,0.747,0.005,0.006,0.095,0.114,48,95,129,0,55,0,58999.38,2848.360,21912.619,102.706,1235.153,17.302,14904.519,6993.547,680.733,7901.951,6321.561,3960.645,131.828,499.623,0.000125,-0.015051,181,0,90,39,129,90,7340,3,39,101.670,0,0,0,0,0,0,0
3301,110.0,1655,171,24,221,1434,0,0,312,275.39,1.178,1.371,0.201,0.103,0.203,-0.872,1.734,0.6891,2.8199,0.709,0.009,0.004,0.096,0.111,54,101,95,0,62,0,55005.52,2591.282,20012.282,32.766,1114.628,17.949,14329.317,6822.062,558.120,7106.877,5685.502,3038.998,45.981,414.338,0.000164,-0.016437,163,0,80,15,95,80,7063,2,15,31.887,0,0,0,0,0,0,0
3331,111.0,1534,121,24,216,1318,0,0,256,261.40,1.167,1.363,0.194,0.098,0.208,-0.868,1.726,0.6975,2.8358,0.740,0.000,0.005,0.096,0.106,56,123,103,0,41,0,51636.96,2545.823,19289.830,36.776,789.370,16.158,13366.029,6427.921,468.337,6352.973,5082.379,3259.005,17.581,431.517,0.000140,-0.016848,135,0,86,17,103,86,6777,16,17,35.576,0,0,0,0,0,0,0
3361,112.0,1440,135,24,204,1236,0,0,208,267.83,1.163,1.362,0.193,0.091,0.209,-0.867,1.712,0.7121,2.8544,0.720,0.000,0.004,0.096,0.104,53,96,93,0,45,0,48129.16,2341.759,16867.479,85.461,757.832,14.541,12214.857,5773.074,376.568,5934.022,4747.218,2874.620,59.829,316.742,0.000119,-0.016554,113,0,59,34,93,59,6207,2,34,84.842,0,0,0,0,0,0,0
3391,113.0,1328,127,24,188,1140,0,0,169,274.71,1.162,1.361,0.186,0.088,0.207,-0.866,1.708,0.6987,2.8281,0.747,0.011,0.005,0.094,0.108,53,111,92,0,34,0,44129.38,2109.146,15070.915,95.720,747.451,16.949,11295.948,5307.917,294.014,5431.901,4345.521,2934.120,26.462,330.728,0.000170,-0.016756,118,0,60,32,92,60,5342,3,32,95.143,0,0,0,0,0,0,0
3421,114.0,1224,148,24,178,1046,0,0,145,294.92,1.158,1.360,0.184,0.085,0.209,-0.862,1.700,0.7110,2.8190,0.751,0.006,0.003,0.094,0.110,49,92,83,0,22,0,39713.33,1948.602,13086.074,50.913,626.945,17.335,10493.170,4851.712,240.305,3992.679,3194.143,2756.996,21.978,338.937,0.000123,-0.016804,105,0,61,22,83,61,4669,0,22,50.503,0,0,0,0,0,0,0
3451,115.0,1122,136,24,171,951,0,0,112,297.93,1.156,1.357,0.188,0.081,0.212,-0.860,1.702,0.7418,2.8229,0.773,0.029,0.004,0.094,0.112,55,97,76,0,26,0,36369.19,1832.611,12316.174,44.112,473.037,18.521,9596.142,4366.512,193.334,4212.539,3370.031,2228.094,1.473,308.973,0.000132,-0.017866,112,0,56,20,76,56,4164,40,20,43.789,0,0,0,0,0,0,0
3481,116.0,1031,136,24,169,862,0,0,84,265.30,1.141,1.347,0.194,0.079,0.221,-0.859,1.685,0.7566,2.8423,0.789,0.012,0.002,0.094,0.114,46,102,63,0,18,0,33781.56,1747.424,11415.231,49.628,520.904,16.461,8763.056,3963.071,149.505,3876.057,3100.846,1901.230,7.974,239.868,0.000082,-0.018335,76,0,47,16,63,47,3861,1,16,49.470,0,0,0,0,0,0,0
3511,117.0,967,132,24,156,811,0,0,74,259.81,1.145,1.355,0.201,0.081,0.219,-0.860,1.689,0.7392,2.8117,0.774,0.006,0.005,0.094,0.118,64,91,55,0,9,0,32418.98,1625.180,11720.736,76.634,419.057,16.932,8160.163,3707.258,119.970,3963.530,3170.824,1815.192,9.158,180.681,0.000110,-0.018553,69,0,31,24,55,31,3656,0,24,76.339,0,0,0,0,0,0,0
3541,118.0,902,115,24,151,751,0,0,49,290.20,1.138,1.350,0.206,0.079,0.223,-0.860,1.672,0.7478,2.8250,0.779,0.007,0.007,0.094,0.119,51,79,54,0,12,0,30606.50,1422.026,10598.213,42.784,403.274,16.803,7571.247,3449.415,96.455,3477.386,2781.909,1830.537,6.732,225.638,0.000065,-0.018460,64,0,41,13,54,41,3520,1,13,42.496,0,0,0,0,0,0,0
3571,119.0,859,116,24,153,706,0,0,41,274.62,1.127,1.340,0.207,0.077,0.229,-0.862,1.669,0.7587,2.8429,0.795,0.007,0.006,0.093,0.121,59,65,39,0,10,0,28703.46,1383.789,9098.905,14.304,407.858,17.053,7119.540,3162.423,70.751,3109.012,2487.210,1148.632,105.659,171.231,0.000119,-0.018168,59,0,34,5,39,34,3188,0,5,14.199,0,0,0,0,0,0,0
3601,120.0,820,141,23,153,667,0,0,28,277.84,1.117,1.336,0.210,0.074,0.236,-0.863,1.657,0.7600,2.8287,0.765,0.007,0.007,0.092,0.124,56,79,34,0,7,0,27449.55,1375.421,9077.451,21.992,320.727,14.841,6647.313,2968.208,55.942,3458.243,2766.595,1069.782,162.572,133.306,0.000110,-0.018633,51,0,25,9,34,25,3161,0,9,21.848,0,0,0,0,0,0,0
3631,121.0,818,104,23,161,657,0,0,22,289.30,1.105,1.329,0.209,0.074,0.243,-0.864,1.664,0.7242,2.8378,0.760,0.012,0.006,0.093,0.121,49,53,25,0,6,0,27799.86,1403.504,10063.346,9.258,427.178,11.888,6480.083,2908.012,41.263,3498.161,2798.529,753.882,96.656,146.277,0.000099,-0.018744,69,0,22,3,25,22,3186,0,3,9.161,0,0,0,0,0,0,0
3661,122.0,826,137,23,165,661,0,0,22,297.93,1.100,1.331,0.200,0.072,0.245,-0.866,1.667,0.6992,2.8634,0.798,0.006,0.009,0.094,0.118,49,61,19,0,1,0,27975.71,1483.628,9456.030,3.182,383.141,12.149,6434.772,2828.144,36.208,3866.737,3093.389,553.394,10.874,130.243,0.000083,-0.018861,62,0,17,2,19,17,3128,15,2,3.032,0,0,0,0,0,0,0
3691,123.0,833,147,23,174,659,0,0,21,294.61,1.087,1.325,0.196,0.065,0.252,-0.869,1.668,0.7151,2.9073,0.760,0.017,0.006,0.093,0.114,51,52,30,0,2,0,28551.49,1600.030,10125.463,6.058,388.615,14.783,6452.857,2930.958,40.194,3853.395,3082.716,812.366,3.076,145.645,0.000092,-0.018179,62,0,27,3,30,27,3054,4,3,5.840,0,0,0,0,0,0,0
3721,124.0,857,149,23,185,672,0,0,21,296.87,1.080,1.322,0.201,0.065,0.258,-0.869,1.672,0.7396,2.9190,0.748,0.022,0.007,0.093,0.109,54,54,20,0,3,0,29642.13,1690.348,10284.524,16.437,359.764,12.627,6476.740,2910.237,34.797,4243.588,3394.871,524.081,6.537,99.554,0.000069,-0.018487,61,0,14,6,20,14,3125,7,6,16.307,0,0,0,0,0,0,0
3751,125.0,907,167,23,202,705,0,0,20,296.55,1.074,1.318,0.201,0.066,0.262,-0.870,1.679,0.7327,2.8720,0.735,0.005,0.009,0.095,0.107,57,46,26,0,2,0,31171.83,1849.029,11419.198,21.525,508.279,15.091,6737.550,3016.506,35.587,5162.729,4130.183,778.338,25.671,133.862,0.000099,-0.018545,80,0,17,9,26,17,3142,12,9,21.351,0,0,0,0,0,0,0
3781,126.0,945,169,23,204,741,0,0,22,292.01,1.076,1.328,0.199,0.068,0.258,-0.872,1.686,0.7252,2.9602,0.729,0.025,0.007,0.096,0.108,56,57,20,0,1,0,33423.43,1995.811,12616.105,16.046,504.106,12.238,7097.594,3253.672,33.633,5120.960,4096.768,702.318,108.277,156.678,0.000097,-0.018992,89,0,14,6,20,14,3019,18,6,15.903,0,0,0,0,0,0,0
3811,127.0,1052,164,23,221,831,0,0,23,289.72,1.080,1.336,0.198,0.065,0.254,-0.876,1.685,0.7249,2.9406,0.760,0.027,0.008,0.098,0.110,51,38,11,0,4,0,37332.59,2192.831,14823.854,4.188,671.358,13.418,7615.864,3461.496,36.436,6893.408,5514.727,358.030,136.133,125.065,0.000077,-0.018718,92,0,9,2,11,9,3376,1,2,4.128,0,0,0,0,0,0,0
3841,128.0,1129,177,23,236,893,0,0,20,265.03,1.080,1.343,0.192,0.065,0.254,-0.881,1.684,0.7245,2.9782,0.774,0.021,0.011,0.097,0.109,58,47,29,0,3,0,40520.36,2566.735,15746.641,10.274,673.757,13.439,8335.892,3907.097,34.070,6728.794,5383.036,1206.559,88.756,217.756,0.000111,-0.018916,98,0,27,2,29,27,3611,0,2,10.025,0,0,0,0,0,0,0
3871,129.0,1242,174,23,255,987,0,0,19,245.33,1.076,1.351,0.192,0.063,0.253,-0.885,1.683,0.7305,3.0078,0.748,0.031,0.009,0.099,0.110,56,56,32,0,1,0,45038.45,2771.910,18064.415,18.113,947.557,13.047,9015.003,4260.687,30.997,8515.183,6812.147,1051.027,61.190,214.408,0.000101,-0.019082,123,0,25,7,32,25,3675,0,7,17.992,0,0,0,0,0,0,0
3901,130.0,1363,176,22,277,1086,0,0,15,210.18,1.071,1.354,0.192,0.065,0.252,-0.888,1.684,0.7282,2.9864,0.737,0.022,0.009,0.100,0.108,63,58,28,0,2,0,49056.66,3063.957,18517.168,18.294,896.899,16.349,9880.052,4545.822,25.278,8746.354,6997.083,1120.284,53.242,207.257,0.000138,-0.018521,116,0,21,7,28,21,3761,1,7,18.192,0,0,0,0,0,0,0
3931,131.0,1525,163,22,312,1213,0,0,17,210.03,1.064,1.352,0.191,0.063,0.254,-0.890,1.682,0.7382,3.0307,0.744,0.013,0.008,0.100,0.106,75,62,23,0,0,0,54209.98,3709.612,20389.503,2.442,1171.489,15.337,10771.126,5053.959,21.635,10321.542,8257.234,754.465,52.820,229.928,0.000096,-0.018838,164,0,22,1,23,22,4072,0,1,2.302,0,0,0,0,0,0,0
3961,132.0,1702,148,22,358,1344,0,0,19,221.62,1.054,1.348,0.191,0.061,0.258,-0.893,1.688,0.7299,2.9914,0.695,0.014,0.007,0.101,0.105,68,45,24,0,2,0,60077.32,4315.133,22523.038,0.113,1584.543,15.165,11894.031,5629.112,23.056,10104.015,8083.212,931.755,167.375,304.804,0.000147,-0.018638,221,0,24,0,24,24,4610,4,0,0.000,0,0,0,0,0,0,0
3991,133.0,1883,151,22,399,1484,0,0,20,221.09,1.049,1.349,0.189,0.059,0.259,-0.897,1.687,0.7364,3.0328,0.716,0.018,0.008,0.103,0.106,67,85,20,0,1,0,67459.61,5003.040,25107.284,8.007,1741.589,18.026,13118.331,6239.024,25.563,11914.624,9531.699,568.480,134.453,267.270,0.000211,-0.017888,263,0,17,3,20,17,5222,17,3,7.935,0,0,0,0,0,0,0
4021,134.0,2084,139,22,445,1639,0,0,25,214.25,1.046,1.352,0.189,0.060,0.260,-0.900,1.690,0.7313,3.0817,0.695,0.011,0.007,0.103,0.105,56,79,39,0,1,0,72741.62,5794.094,25350.777,31.078,2402.619,13.030,14542.651,7056.299,29.539,13120.718,10496.575,1140.312,114.849,386.139,0.000159,-0.018636,368,0,26,13,39,26,5505,27,13,31.002,0,0,0,0,0,0,0
4051,135.0,2292,107,22,498,1794,0,0,27,205.91,1.042,1.353,0.189,0.060,0.263,-0.903,1.695,0.7321,3.1174,0.680,0.010,0.008,0.104,0.106,69,80,44,0,3,0,79736.43,6677.501,28990.017,22.073,2837.333,14.888,15948.474,7766.828,34.691,13747.988,10998.390,1557.781,164.891,472.519,0.000198,-0.018539,465,0,36,8,44,36,5933,73,8,21.819,0,0,0,0,0,0,0
4081,136.0,2484,152,22,544,1940,0,0,34,192.18,1.039,1.356,0.194,0.059,0.265,-0.906,1.696,0.7463,3.0683,0.688,0.017,0.009,0.105,0.106,77,94,55,0,3,0,85748.05,7592.022,29573.680,30.495,3470.313,16.356,17305.628,8408.640,39.116,14122.408,11297.927,1877.089,181.298,548.322,0.000147,-0.018074,520,0,43,12,55,43,6426,13,12,30.238,0,0,0,0,0,0,0
4111,137.0,2722,123,22,598,2124,0,0,43,191.93,1.037,1.357,0.196,0.058,0.267,-0.908,1.697,0.7464,3.0916,0.685,0.017,0.009,0.105,0.107,58,98,80,0,5,0,94391.15,8707.700,34446.405,56.196,3621.676,13.665,18767.246,8942.596,49.469,17237.426,13789.941,2490.868,288.623,580.920,0.000184,-0.017276,567,0,58,22,80,58,7194,24,21,52.586,0,0,0,0,0,0,0
4141,138.0,2912,109,22,653,2259,0,0,51,185.78,1.029,1.355,0.194,0.058,0.271,-0.911,1.702,0.7405,3.1014,0.696,0.017,0.010,0.107,0.107,49,113,89,0,5,0,100869.24,9794.851,33715.996,47.224,4199.021,13.912,20251.520,9763.011,61.413,16026.931,12821.545,2820.347,254.343,723.957,0.000253,-0.016542,691,0,70,19,89,70,8035,64,19,46.949,0,0,0,0,0,0,0
4171,139.0,3126,123,22,732,2394,0,0,65,162.01,1.022,1.346,0.202,0.058,0.278,-0.912,1.702,0.7464,3.0959,0.677,0.011,0.008,0.106,0.105,57,117,111,0,5,0,108095.55,11222.492,36451.596,50.078,5412.889,10.714,21664.910,10497.073,75.449,18053.028,14442.423,3539.646,194.499,915.677,0.000209,-0.016892,855,0,89,22,111,89,8974,71,20,44.757,0,0,0,0,0,0,0
4201,140.0,3361,111,21,804,2557,0,0,66,203.12,1.021,1.342,0.208,0.057,0.281,-0.914,1.709,0.7651,3.0927,0.658,0.015,0.008,0.106,0.103,58,110,118,0,13,0,117299.26,12891.880,39698.237,53.977,6474.872,10.920,23213.771,11083.057,87.567,19502.743,15602.195,3904.893,209.090,1041.459,0.000258,-0.017735,1057,0,97,21,118,97,9666,77,20,52.250,0,0,0,0,0,0,0
4231,141.0,3646,119,21,879,2767,0,0,99,196.66,1.022,1.342,0.210,0.056,0.282,-0.915,1.712,0.7600,3.0981,0.668,0.013,0.009,0.107,0.102,51,115,110,0,4,0,127704.10,14519.014,41526.923,79.603,6669.257,12.216,25047.343,11788.851,103.885,20884.088,16707.271,3442.549,193.625,967.631,0.000228,-0.017055,1110,0,80,30,110,80,10848,111,30,79.215,0,0,0,0,0,0,0
4261,142.0,3914,110,21,958,2956,0,0,122,202.96,1.022,1.339,0.216,0.057,0.285,-0.917,1.714,0.7628,3.0766,0.650,0.018,0.008,0.108,0.102,60,127,156,0,5,0,136403.95,16437.803,43103.816,123.664,8299.224,11.387,27207.453,12895.768,150.370,22464.249,17971.399,4826.883,184.863,1207.239,0.000175,-0.017940,1310,0,111,45,156,111,11781,86,44,121.370,0,0,0,0,0,0,0
4291,143.0,4142,79,21,1029,3113,0,0,159,210.42,1.021,1.338,0.224,0.057,0.287,-0.919,1.718,0.7685,3.0689,0.657,0.014,0.006,0.108,0.102,52,155,168,0,10,0,144305.91,18009.298,44559.752,115.304,10341.407,13.045,29015.807,13752.102,187.607,23082.658,18466.127,5580.314,165.461,1464.585,0.000160,-0.017529,1674,0,123,45,168,123,12385,90,43,112.713,0,0,0,0,0,0,0
4321,144.0,4383,79,21,1091,3292,0,0,200,186.66,1.021,1.339,0.229,0.056,0.287,-0.921,1.723,0.7736,3.0729,0.649,0.016,0.006,0.109,0.104,56,136,170,0,19,0,151232.03,19234.332,45445.978,162.476,10535.871,11.418,30757.912,14452.163,246.486,23133.121,18506.497,6053.585,319.613,1460.276,0.000328,-0.015849,1766,0,115,55,170,115,12399,76,55,161.941,0,0,0,0,0,0,0
4351,145.0,4531,83,22,1141,3390,0,0,265,205.65,1.022,1.338,0.237,0.055,0.288,-0.923,1.722,0.7727,3.0532,0.629,0.013,0.007,0.109,0.104,54,163,254,0,17,0,155521.08,20660.537,46479.018,166.285,11201.332,10.256,32224.673,14902.772,336.635,23918.104,19134.484,8725.482,275.731,1767.881,0.000200,-0.015146,1881,0,187,67,254,187,13229,70,65,160.238,0,0,0,0,0,0,0
4381,146.0,4642,94,22,1180,3462,0,0,365,188.16,1.020,1.336,0.247,0.055,0.290,-0.924,1.717,0.7724,3.0854,0.623,0.010,0.005,0.109,0.105,49,174,282,0,23,0,157583.77,21097.790,47086.482,194.791,11973.261,11.393,33482.595,15497.310,455.562,24266.758,19413.406,9949.098,143.877,1934.584,0.000173,-0.015835,1964,0,205,77,282,205,13434,89,75,187.677,0,0,0,0,0,0,0
4411,147.0,4716,129,22,1218,3498,0,0,450,189.75,1.020,1.333,0.259,0.056,0.293,-0.925,1.722,0.7783,3.0687,0.634,0.007,0.006,0.109,0.104,54,163,307,0,35,0,159669.83,21508.336,48044.770,183.858,12931.921,10.438,34109.272,15819.321,568.390,24222.122,19377.698,10108.825,167.538,2033.132,0.000240,-0.016328,2168,0,238,69,307,238,14305,97,66,177.566,0,0,0,0,0,0,0
4441,148.0,4875,95,22,1295,3580,0,0,583,200.05,1.014,1.326,0.266,0.056,0.299,-0.926,1.724,0.7837,3.0826,0.617,0.005,0.006,0.109,0.101,63,150,287,0,65,0,164564.69,23014.883,51459.819,95.468,13583.413,11.605,34910.661,16232.649,755.625,27409.001,21927.201,10063.009,126.293,2105.268,0.000250,-0.015575,2270,0,246,41,287,246,14855,56,38,88.858,0,0,0,0,0,0,0
4471,149.0,4994,82,22,1340,3654,0,0,800,240.72,1.013,1.325,0.273,0.055,0.302,-0.927,1.730,0.7929,3.0714,0.624,0.004,0.007,0.109,0.099,54,147,287,0,64,0,170289.31,24520.167,51273.364,123.613,13364.874,10.821,35913.974,16594.100,1037.091,25678.887,20543.110,9347.541,160.205,2003.828,0.000229,-0.015366,2252,0,220,67,287,220,15551,46,66,120.413,0,0,0,0,0,0,0
4501,150.0,5084,65,23,1391,3693,0,0,1044,208.96,1.015,1.321,0.280,0.055,0.306,-0.927,1.730,0.7945,3.0381,0.595,0.011,0.008,0.108,0.096,62,134,312,0,75,0,174104.27,25302.346,51581.355,176.318,14419.839,14.814,36870.374,16912.706,1415.980,25494.586,20395.670,10500.308,292.233,2154.545,0.000211,-0.016412,2413,0,243,69,312,243,16449,30,68,173.911,0,0,0,0,0,0,0
4531,151.0,5134,68,23,1435,3699,0,0,1361,233.00,1.014,1.318,0.293,0.056,0.310,-0.929,1.728,0.8009,3.0119,0.607,0.005,0.008,0.109,0.095,57,108,340,0,105,0,173345.06,26443.185,48522.597,226.073,15060.137,11.752,37769.975,16839.294,1867.779,24866.821,19893.457,12083.566,180.534,2236.554,0.000315,-0.020070,2619,0,251,89,340,251,16771,57,88,222.919,0,0,0,0,0,0,0
4561,152.0,5082,97,23,1414,3668,0,0,1663,220.13,1.021,1.324,0.309,0.058,0.307,-0.931,1.722,0.8148,3.0110,0.613,0.005,0.008,0.109,0.099,60,111,390,0,119,0,171177.84,26459.968,49758.818,323.560,15131.777,15.556,38160.935,16850.573,2393.828,23825.704,19060.564,13935.040,247.344,2356.693,0.000278,-0.020390,2794,0,262,128,390,262,16171,158,127,320.502,0,0,0,0,0,0,0
4591,153.0,5050,93,23,1411,3639,0,0,2000,233.82,1.023,1.325,0.325,0.060,0.307,-0.932,1.718,0.8269,3.0091,0.634,0.006,0.009,0.109,0.102,52,103,402,0,148,0,168306.17,26495.807,50451.286,259.989,15506.357,13.089,38033.123,16647.042,2947.648,26150.345,20920.277,14605.050,145.225,2470.604,0.000320,-0.018756,2853,0,297,105,402,297,15593,100,104,258.064,0,0,0,0,0,0,0
4621,154.0,4962,92,23,1431,3531,0,0,2320,200.94,1.019,1.317,0.344,0.059,0.313,-0.933,1.722,0.8254,2.9889,0.613,0.004,0.008,0.108,0.102,62,82,391,0,178,0,165528.47,26199.458,50321.210,149.039,15425.457,11.763,37990.963,16283.165,3567.803,23839.314,19071.452,14003.713,319.161,2514.751,0.000172,-0.018788,2890,0,324,67,391,324,15091,76,62,139.480,0,0,0,0,0,0,0
4651,155.0,4876,101,24,1426,3450,0,0,2575,234.83,1.019,1.313,0.358,0.059,0.316,-0.934,1.719,0.8210,2.9710,0.626,0.005,0.009,0.107,0.102,52,68,321,0,213,0,163135.44,25657.708,49168.696,170.557,14706.683,11.018,37437.533,15919.057,4066.163,22065.924,17652.740,12915.797,429.522,2208.730,0.000235,-0.019340,2779,0,251,70,321,251,15579,74,69,168.257,0,0,0,0,0,0,0
4681,156.0,4774,98,24,1414,3360,0,0,2758,226.82,1.021,1.309,0.371,0.059,0.320,-0.935,1.717,0.8241,2.9259,0.635,0.005,0.008,0.108,0.099,35,34,361,0,204,0,158204.88,25206.264,47295.884,156.908,14143.737,13.033,37137.695,15645.004,4471.154,21496.834,17197.468,13624.857,129.418,2282.130,0.000188,-0.019301,2745,0,296,65,361,296,16046,104,65,155.965,0,0,0,0,0,0,0
4711,157.0,4621,76,24,1394,3227,0,0,2817,251.86,1.018,1.305,0.384,0.058,0.324,-0.936,1.714,0.8365,2.8883,0.628,0.004,0.008,0.108,0.099,46,43,395,0,210,0,152125.12,24826.902,45629.795,169.924,13465.729,15.238,36258.604,15187.081,4698.060,21310.700,17048.561,13852.417,177.927,2270.136,0.000201,-0.019686,2700,0,316,79,395,316,15969,165,76,165.293,0,0,0,0,0,0,0
4741,158.0,4430,97,24,1398,3032,0,0,2752,269.14,1.009,1.296,0.399,0.058,0.334,-0.937,1.712,0.8367,2.8806,0.652,0.008,0.008,0.107,0.096,55,45,411,0,223,0,145969.23,24815.163,45129.647,163.897,12450.111,12.572,34857.337,14299.160,4711.987,20809.271,16647.417,15701.502,176.664,2356.090,0.000283,-0.021910,2512,0,342,69,411,342,15319,118,67,159.142,0,0,0,0,0,0,0
4771,159.0,4328,98,24,1413,2915,0,0,2677,278.77,1.002,1.291,0.412,0.058,0.341,-0.937,1.713,0.8361,2.8797,0.644,0.005,0.008,0.108,0.095,50,38,358,0,189,0,142786.28,24383.966,43588.419,134.970,12327.600,12.174,33648.628,13661.826,4601.657,20461.060,16368.848,12857.412,336.021,2092.545,0.000265,-0.023465,2543,0,290,68,358,290,15037,156,67,132.948,0,0,0,0,0,0,0
4801,160.0,4148,99,24,1385,2763,0,0,2480,264.73,1.001,1.286,0.428,0.060,0.346,-0.938,1.712,0.8388,2.8320,0.649,0.007,0.010,0.108,0.096,53,29,443,0,184,0,136519.20,23525.382,43557.179,214.149,11260.103,13.419,32675.174,13124.642,4444.069,20310.380,16248.304,16582.576,425.421,2249.839,0.000336,-0.025251,2162,0,341,102,443,341,14691,97,98,206.236,0,0,0,0,0,0,0
4831,161.0,3936,86,24,1303,2633,0,0,2272,273.20,1.009,1.293,0.446,0.060,0.344,-0.938,1.713,0.8481,2.8299,0.678,0.009,0.009,0.107,0.098,33,39,454,0,157,0,129873.63,22369.237,40009.416,274.647,11249.572,11.484,31598.184,12624.370,4076.501,19048.523,15238.819,14847.966,318.369,2023.772,0.000274,-0.027890,2050,0,313,141,454,313,14710,37,139,271.671,0,0,0,0,0,0,0
4861,162.0,3679,100,24,1230,2449,0,0,2079,275.79,1.010,1.296,0.470,0.062,0.348,-0.939,1.721,0.8614,2.8303,0.682,0.004,0.010,0.106,0.098,60,47,469,0,159,0,121746.39,20888.066,38220.762,266.929,10331.615,11.389,29914.734,11901.016,3765.451,18004.912,14403.930,16144.905,121.663,2054.242,0.000240,-0.030480,1836,0,332,137,469,332,13767,28,131,257.143,0,0,0,0,0,0,0
4891,163.0,3433,99,24,1158,2275,0,0,1837,253.52,1.010,1.298,0.493,0.061,0.351,-0.940,1.721,0.8640,2.8028,0.700,0.009,0.011,0.106,0.097,62,53,411,0,156,0,113861.61,19761.479,34793.021,311.568,8659.138,13.372,28342.849,11209.201,3382.479,16128.216,12902.573,14467.252,403.006,1720.418,0.000236,-0.033046,1546,0,281,130,411,281,12857,59,127,307.526,0,0,0,0,0,0,0
4921,164.0,3270,97,24,1147,2123,0,0,1706,231.45,1.002,1.291,0.518,0.061,0.360,-0.941,1.725,0.8793,2.7935,0.721,0.004,0.011,0.106,0.095,47,43,341,0,119,0,108439.00,18661.461,33990.764,137.385,8879.757,14.550,26975.813,10467.608,3085.718,14689.694,11751.755,12749.777,212.682,1782.678,0.000234,-0.035507,1567,0,277,64,341,277,12226,28,62,133.801,0,0,0,0,0,0,0
4951,165.0,3112,83,24,1125,1987,0,0,1563,231.37,0.993,1.285,0.544,0.063,0.367,-0.940,1.719,0.8804,2.7798,0.711,0.008,0.010,0.106,0.091,54,45,312,0,133,0,103097.83,17607.787,31870.446,163.726,8109.531,15.798,25832.863,9754.323,2855.588,14315.649,11452.519,11822.815,287.946,1566.464,0.000216,-0.036628,1419,0,240,72,312,240,12123,11,68,158.924,0,0,0,0,0,0,0
4981,166.0,3005,96,24,1102,1903,0,0,1462,271.23,0.990,1.285,0.562,0.065,0.371,-0.941,1.725,0.8912,2.7430,0.699,0.011,0.007,0.104,0.089,52,36,261,0,129,0,97735.49,16399.748,29241.508,156.327,7164.670,12.932,24818.166,9173.960,2636.663,14053.913,11243.130,10239.333,133.093,1347.921,0.000132,-0.037287,1206,0,198,63,261,198,11776,24,61,152.930,0,0,0,0,0,0,0
5011,167.0,2888,80,24,1092,1796,0,0,1337,284.21,0.978,1.280,0.576,0.067,0.379,-0.941,1.730,0.8899,2.7631,0.720,0.005,0.008,0.104,0.087,52,41,247,0,111,0,93623.62,15518.216,27720.003,114.478,6862.765,12.989,23883.628,8640.035,2425.262,12224.062,9779.250,8725.071,135.541,1210.215,0.000199,-0.037761,1222,0,193,54,247,193,11314,32,53,113.265,0,0,0,0,0,0,0
5041,168.0,2743,101,24,1067,1676,0,0,1159,272.45,0.970,1.276,0.593,0.068,0.386,-0.943,1.735,0.8862,2.7586,0.714,0.007,0.010,0.104,0.085,57,39,249,0,118,0,88572.72,14700.892,26006.596,117.014,5846.237,12.219,22709.529,8070.260,2140.645,11496.485,9197.188,9253.955,155.440,1246.287,0.000156,-0.037404,1065,0,202,47,249,202,11232,16,44,112.523,0,0,0,0,0,0,0
5071,169.0,2679,99,24,1082,1597,0,0,1040,249.85,0.956,1.267,0.608,0.066,0.396,-0.944,1.733,0.8771,2.7180,0.719,0.003,0.008,0.103,0.083,57,42,197,0,84,0,83461.36,13873.926,23145.678,85.032,5500.903,10.989,21887.543,7756.127,1865.086,11133.684,8906.947,7369.451,80.003,1031.052,0.000203,-0.037656,996,0,164,33,197,164,10925,35,31,80.400,0,0,0,0,0,0,0
5101,170.0,2608,92,24,1078,1530,0,0,963,278.58,0.950,1.262,0.616,0.068,0.402,-0.944,1.734,0.8882,2.7599,0.704,0.004,0.007,0.103,0.081,47,51,143,0,91,0,80377.98,13287.510,21550.323,60.162,5285.666,11.025,21229.725,7301.972,1683.199,9247.361,7397.889,5074.860,52.122,790.024,0.000212,-0.038083,913,0,112,31,143,112,10505,13,28,55.158,0,0,0,0,0,0,0
5131,171.0,2497,82,24,1066,1431,0,0,887,281.75,0.939,1.255,0.632,0.068,0.412,-0.945,1.737,0.8954,2.7500,0.733,0.007,0.006,0.103,0.077,56,51,157,0,86,0,76299.50,12837.887,19824.451,56.394,4954.294,12.138,20637.342,6929.406,1560.827,7992.372,6393.898,5206.404,99.147,765.607,0.000102,-0.037707,888,0,124,33,157,124,10593,12,30,53.615,0,0,0,0,0,0,0
5161,172.0,2414,78,24,1055,1359,0,0,828,287.36,0.927,1.251,0.651,0.070,0.419,-0.945,1.735,0.8877,2.7530,0.720,0.004,0.007,0.103,0.074,56,61,120,0,65,0,73147.99,12208.017,18393.233,83.023,4384.361,12.910,19743.766,6570.667,1419.925,6847.104,5477.684,4131.212,9.526,591.267,0.000083,-0.037929,781,0,80,40,120,80,10096,7,37,78.289,0,0,0,0,0,0,0
5191,173.0,2311,83,24,1029,1282,0,0,769,300.77,0.921,1.246,0.658,0.067,0.425,-0.946,1.733,0.8967,2.7516,0.741,0.002,0.008,0.104,0.072,49,82,111,0,66,0,69005.30,11463.011,16716.256,92.497,4196.096,15.703,19052.305,6363.876,1314.922,6794.769,5435.816,3703.981,70.733,549.682,0.000147,-0.037160,784,0,69,42,111,69,9961,17,40,90.018,0,0,0,0,0,0,0
5221,174.0,2223,59,24,992,1231,0,0,690,354.68,0.919,1.248,0.653,0.066,0.425,-0.946,1.734,0.9023,2.7558,0.762,0.002,0.007,0.104,0.074,42,68,95,0,77,0,65461.97,10961.057,15717.332,69.945,4163.216,14.548,18196.631,5970.295,1191.607,6711.367,5369.093,3061.126,78.603,451.130,0.000136,-0.037307,754,0,57,38,95,57,9520,11,36,66.401,0,0,0,0,0,0,0
5251,175.0,2130,75,25,975,1155,0,0,641,336.51,0.908,1.239,0.660,0.065,0.433,-0.946,1.736,0.8856,2.7921,0.750,0.004,0.007,0.103,0.071,44,83,67,0,60,0,61414.92,10321.749,13013.128,41.151,3502.686,13.257,17441.575,5651.953,1060.749,4970.150,3976.120,1884.059,33.889,356.823,0.000145,-0.037486,647,0,44,23,67,44,9364,5,23,41.083,0,0,0,0,0,0,0
5281,176.0,2029,66,25,955,1074,0,0,547,322.76,0.895,1.228,0.664,0.064,0.442,-0.945,1.737,0.8820,2.8016,0.764,0.006,0.007,0.104,0.071,53,67,78,0,72,0,57044.89,9719.509,12828.725,49.193,3165.223,15.188,16709.023,5410.634,951.131,5078.181,4062.545,2434.259,54.835,391.946,0.000180,-0.036534,591,0,50,28,78,50,8945,11,27,47.987,0,0,0,0,0,0,0
5311,177.0,1943,65,25,950,993,0,0,510,297.42,0.874,1.218,0.680,0.061,0.455,-0.945,1.740,0.8760,2.7488,0.757,0.004,0.006,0.103,0.066,41,81,53,0,46,0,53609.66,9453.135,11537.814,33.658,3003.674,13.357,15691.006,4951.507,837.148,3850.532,3080.426,1803.368,63.545,343.148,0.000203,-0.037600,572,0,38,15,53,38,8699,19,15,33.579,0,0,0,0,0,0,0
5341,178.0,1880,57,25,944,936,0,0,466,353.95,0.855,1.211,0.685,0.059,0.464,-0.944,1.742,0.8844,2.8315,0.773,0.001,0.003,0.104,0.063,45,76,29,0,56,0,52224.50,9252.022,11602.068,18.962,2883.342,13.921,14982.872,4546.620,751.052,4179.894,3343.915,909.508,0.000,232.185,0.000122,-0.036944,540,0,19,10,29,19,8464,2,9,18.672,0,0,0,0,0,0,0
5371,179.0,1828,41,25,937,891,0,0,416,379.22,0.841,1.207,0.694,0.057,0.471,-0.944,1.742,0.8810,2.8779,0.774,0.003,0.008,0.104,0.061,49,62,32,0,51,0,49780.01,9000.829,9936.584,23.544,2592.905,15.848,14376.675,4241.617,689.478,3954.451,3163.561,1081.127,0.806,224.862,0.000105,-0.036983,483,0,20,12,32,20,8219,7,11,22.955,0,0,0,0,0,0,0
5401,180.0,1803,57,25,945,858,0,0,372,369.31,0.826,1.200,0.696,0.055,0.480,-0.941,1.741,0.8826,2.9222,0.763,0.004,0.006,0.105,0.059,57,70,15,0,40,0,48554.05,8826.756,10450.696,3.415,2383.880,16.929,14035.150,4186.418,604.878,4194.513,3355.611,644.995,0.000,196.473,0.000111,-0.038005,448,0,14,1,15,14,8435,14,1,3.403,0,0,0,0,0,0,0
5431,181.0,1764,65,25,944,820,0,0,362,377.68,0.810,1.194,0.700,0.053,0.487,-0.940,1.741,0.8749,2.9860,0.765,0.005,0.007,0.105,0.056,48,87,12,0,39,0,48457.71,8892.672,10706.454,18.407,2106.967,19.201,13678.374,4056.804,566.471,4097.669,3278.135,436.485,5.270,150.935,0.000108,-0.037854,440,0,3,9,12,3,8403,25,6,15.909,0,0,0,0,0,0,0
5461,182.0,1777,66,25,945,832,0,0,327,439.98,0.810,1.200,0.693,0.054,0.485,-0.939,1.742,0.8615,3.0011,0.758,0.005,0.005,0.105,0.056,54,66,10,0,37,0,48904.66,8922.163,11056.497,7.614,2039.772,15.423,13428.190,4003.599,517.217,5334.289,4267.431,338.927,17.492,167.054,0.000186,-0.036890,405,0,7,3,10,7,8305,28,3,7.608,0,0,0,0,0,0,0
5491,183.0,1780,52,25,951,829,0,0,294,415.42,0.804,1.200,0.692,0.056,0.486,-0.939,1.745,0.8594,3.0247,0.764,0.007,0.006,0.105,0.056,37,53,18,0,36,0,50098.55,9136.397,11734.966,18.683,2256.120,16.074,13547.567,4038.153,457.516,4512.213,3609.770,562.146,21.849,166.472,0.000094,-0.036998,406,0,8,10,18,8,8449,11,10,18.653,0,0,0,0,0,0,0
5521,184.0,1794,47,25,970,824,0,0,265,386.57,0.795,1.199,0.694,0.055,0.491,-0.939,1.745,0.8644,2.9960,0.763,0.001,0.006,0.105,0.053,49,62,9,0,28,0,52100.64,9353.627,12142.159,2.832,2265.179,17.598,13629.098,4017.854,408.926,4634.306,3707.445,352.990,0.000,160.805,0.000108,-0.037087,419,0,8,1,9,8,8528,17,1,2.823,0,0,0,0,0,0,0
5551,185.0,1854,56,25,996,858,0,0,254,384.08,0.796,1.206,0.681,0.054,0.488,-0.937,1.746,0.8660,3.1259,0.737,0.002,0.006,0.106,0.053,52,46,5,0,16,0,54298.20,9881.656,12154.350,2.912,2263.454,18.032,13849.815,4107.740,377.548,5099.175,4079.340,290.053,6.191,190.174,0.000111,-0.036693,410,0,4,1,5,4,8794,25,0,0.000,0,0,0,0,0,0,0
5581,186.0,1936,53,25,1017,919,0,0,248,384.31,0.806,1.220,0.668,0.053,0.480,-0.934,1.745,0.8631,3.1732,0.734,0.008,0.005,0.106,0.054,55,49,12,0,12,0,57419.31,10380.544,13749.799,8.508,2490.698,16.060,14435.772,4292.810,363.931,6497.102,5197.682,377.424,42.851,205.530,0.000111,-0.036924,430,0,8,4,12,8,9075,15,3,7.284,0,0,0,0,0,0,0
5611,187.0,2019,64,25,1045,974,0,0,236,377.33,0.813,1.228,0.659,0.051,0.474,-0.932,1.744,0.8672,3.1828,0.723,0.004,0.004,0.106,0.055,49,52,7,0,24,0,61426.33,10980.677,15035.741,9.656,2834.081,15.705,15161.600,4644.863,347.314,6835.925,5468.740,302.917,0.000,195.177,0.000181,-0.038616,477,0,2,5,7,2,9208,5,2,5.519,0,0,0,0,0,0,0
5641,188.0,2161,69,25,1087,1074,0,0,239,370.95,0.825,1.241,0.638,0.051,0.464,-0.932,1.743,0.8656,3.2388,0.727,0.004,0.005,0.106,0.059,57,44,3,0,11,0,65898.65,11811.397,16106.097,1.115,3398.154,12.427,16088.272,5050.326,331.685,8172.931,6538.345,99.799,0.000,241.618,0.000150,-0.039442,554,0,2,1,3,2,9682,20,0,0.000,0,0,0,0,0,0,0
5671,189.0,2281,69,25,1123,1158,0,0,221,347.97,0.832,1.255,0.625,0.050,0.457,-0.931,1.743,0.8583,3.2416,0.736,0.007,0.004,0.106,0.059,62,55,12,0,18,0,71215.22,12951.453,17783.034,4.987,3488.867,20.124,17192.085,5458.200,325.729,8483.023,6786.419,464.142,16.053,270.087,0.000154,-0.040777,546,0,9,3,12,9,10136,8,2,4.443,0,0,0,0,0,0,0
5701,190.0,2453,74,25,1180,1273,0,0,227,301.39,0.842,1.266,0.610,0.050,0.448,-0.930,1.741,0.8622,3.2755,0.720,0.004,0.005,0.107,0.060,58,66,14,0,15,0,78024.20,14038.511,20413.824,7.057,4268.289,20.457,18343.839,5922.493,312.671,10983.786,8787.029,477.825,64.245,332.581,0.000155,-0.041359,646,0,10,4,14,10,10480,5,3,4.534,0,0,0,0,0,0,0
5731,191.0,2646,54,25,1240,1406,0,0,258,278.19,0.851,1.282,0.592,0.050,0.440,-0.930,1.741,0.8623,3.3363,0.706,0.012,0.005,0.107,0.059,62,59,9,0,17,0,84706.18,15065.771,21455.275,2.837,5287.706,16.029,19950.238,6567.122,347.977,11259.786,9007.829,262.768,63.302,398.543,0.000152,-0.040866,825,0,7,2,9,7,10709,15,2,2.759,0,0,0,0,0,0,0
5761,192.0,2867,59,25,1321,1546,0,0,288,285.67,0.856,1.290,0.579,0.049,0.434,-0.930,1.741,0.8617,3.3455,0.672,0.007,0.003,0.107,0.058,59,55,13,0,20,0,90458.93,16566.818,22020.976,1.755,5885.084,15.809,21595.863,7261.127,386.893,12278.956,9823.165,673.973,7.898,455.253,0.000118,-0.040788,913,0,12,1,13,12,11239,14,0,0.000,0,0,0,0,0,0,0
5791,193.0,3092,69,25,1396,1696,0,0,334,270.99,0.863,1.300,0.566,0.049,0.427,-0.932,1.741,0.8629,3.3503,0.678,0.011,0.004,0.107,0.058,69,68,17,0,24,0,98415.74,17987.950,25459.694,7.300,6573.825,15.821,23263.636,8014.668,450.460,13504.316,10803.453,544.932,34.079,489.500,0.000097,-0.040360,1025,0,14,3,17,14,12298,24,2,6.380,0,0,0,0,0,0,0
5821,194.0,3349,54,25,1477,1872,0,0,425,238.43,0.874,1.311,0.553,0.049,0.420,-0.932,1.739,0.8724,3.3678,0.671,0.007,0.004,0.107,0.059,65,72,17,0,29,0,107210.12,19965.247,28069.121,9.283,7905.609,16.920,25379.261,8872.551,554.498,15345.437,12276.350,731.399,21.568,620.899,0.000172,-0.040959,1240,0,12,5,17,12,12554,21,3,6.952,0,0,0,0,0,0,0
5851,195.0,3625,53,25,1584,2041,0,0,524,227.95,0.877,1.313,0.544,0.049,0.417,-0.933,1.740,0.8707,3.3888,0.672,0.013,0.003,0.108,0.060,58,81,31,0,42,0,117404.00,21855.859,31476.126,14.139,8630.070,15.518,27334.888,9753.500,696.357,17213.278,13770.622,1128.944,71.801,724.110,0.000189,-0.040063,1406,0,26,5,31,26,13454,38,5,13.947,0,0,0,0,0,0,0
5881,196.0,3917,55,25,1682,2235,0,0,658,220.34,0.886,1.321,0.541,0.050,0.411,-0.935,1.743,0.8591,3.3154,0.638,0.008,0.003,0.109,0.061,83,76,44,0,41,0,126498.42,24081.115,32608.835,22.239,10038.806,16.752,29706.286,10685.440,880.330,18546.105,14836.885,1657.446,91.396,887.644,0.000188,-0.039503,1681,0,34,10,44,34,14224,86,8,19.042,0,0,0,0,0,0,0
5911,197.0,4231,63,25,1772,2459,0,0,905,233.84,0.899,1.332,0.532,0.052,0.403,-0.936,1.746,0.8656,3.3579,0.639,0.014,0.002,0.110,0.062,68,77,49,0,58,0,137011.89,26108.051,36557.039,43.109,12549.062,16.296,32381.154,11846.194,1189.583,20424.455,16339.564,1643.309,83.283,966.323,0.000307,-0.037685,2119,0,29,20,49,29,14643,52,17,37.917,0,0,0,0,0,0,0
5941,198.0,4475,35,25,1854,2621,0,0,1181,230.40,0.904,1.339,0.528,0.054,0.400,-0.936,1.745,0.8642,3.3791,0.636,0.012,0.003,0.109,0.063,63,89,67,0,80,0,145445.45,27953.954,37431.788,48.892,13023.450,15.732,34904.579,12842.640,1631.773,19781.137,15824.910,2572.560,49.909,1043.390,0.000201,-0.036208,2235,0,47,20,67,47,15338,62,16,44.046,0,0,0,0,0,0,0
5971,199.0,4736,45,25,1940,2796,0,0,1531,286.21,0.915,1.342,0.528,0.055,0.396,-0.937,1.744,0.8704,3.3634,0.629,0.007,0.003,0.110,0.064,66,58,88,0,128,0,152666.22,30063.546,39426.806,64.764,15246.108,12.239,37254.211,13801.426,2186.385,22271.388,17817.111,3373.084,70.660,1194.297,0.000264,-0.034762,2637,0,58,30,88,58,15912,42,24,56.919,0,0,0,0,0,0,0
6001,200.0,4983,47,25,2033,2950,0,0,1988,260.39,0.920,1.343,0.528,0.056,0.395,-0.938,1.748,0.8667,3.3313,0.620,0.007,0.003,0.110,0.065,61,58,85,0,145,0,160179.23,32484.263,41039.740,40.009,15910.588,13.145,39476.249,14455.165,2911.912,22156.819,17725.456,3465.846,2.305,1308.160,0.000222,-0.034960,2892,0,64,21,85,64,16684,44,18,34.784,0,0,0,0,0,0,0
6031,201.0,5176,51,25,2104,3072,0,0,2444,240.60,0.928,1.344,0.530,0.057,0.394,-0.939,1.749,0.8731,3.3190,0.611,0.005,0.003,0.110,0.067,56,57,135,0,163,0,165004.67,34831.110,41419.796,52.085,17984.149,13.155,41594.585,15306.324,3733.118,23074.328,18459.463,4627.473,113.835,1487.345,0.000302,-0.036298,3245,0,104,31,135,104,16612,55,28,47.926,0,0,0,0,0,0,0
6061,202.0,5384,46,25,2141,3243,0,0,2890,305.42,0.943,1.354,0.522,0.060,0.387,-0.941,1.751,0.8685,3.3211,0.617,0.005,0.002,0.111,0.071,52,40,108,0,200,0,170578.77,36477.733,44060.449,71.702,18609.795,12.410,43579.203,15812.757,4526.176,23849.355,19079.484,4863.472,44.094,1440.229,0.000285,-0.038533,3455,0,74,34,108,74,16698,60,30,67.416,0,0,0,0,0,0,0
6091,203.0,5588,38,25,2203,3385,0,0,3358,289.43,0.952,1.358,0.520,0.060,0.384,-0.942,1.752,0.8689,3.2971,0.615,0.007,0.002,0.111,0.072,55,30,106,0,223,0,175130.38,38202.538,45353.185,65.729,20334.676,11.986,45922.929,16654.691,5392.945,24003.243,19202.595,4636.791,56.355,1605.468,0.000312,-0.040461,3906,0,79,27,106,79,17506,128,25,62.799,0,0,0,0,0,0,0
6121,204.0,5691,34,25,2240,3451,0,0,3682,335.32,0.961,1.360,0.520,0.060,0.383,-0.943,1.755,0.8731,3.2770,0.608,0.005,0.003,0.112,0.074,49,31,115,0,286,0,180147.00,39715.835,47802.447,53.467,20753.442,10.648,47771.766,17356.068,6173.309,23165.505,18532.404,5021.166,81.170,1518.542,0.000197,-0.040850,4151,0,85,30,115,85,18020,109,27,48.026,0,0,0,0,0,0,0
6151,205.0,5807,35,25,2267,3540,0,0,3977,312.30,0.971,1.362,0.514,0.063,0.380,-0.943,1.758,0.8716,3.2539,0.603,0.004,0.002,0.112,0.077,44,30,110,0,285,0,184324.47,40795.042,48089.036,57.694,21991.440,11.079,49021.403,17767.956,6741.944,23556.369,18845.095,4926.114,44.332,1551.289,0.000248,-0.042638,4414,0,78,32,110,78,18322,128,30,55.130,0,0,0,0,0,0,0
6181,206.0,5899,43,25,2332,3567,0,0,4149,243.59,0.974,1.359,0.519,0.063,0.383,-0.945,1.758,0.8753,3.2536,0.590,0.002,0.003,0.112,0.076,35,26,112,0,334,0,187790.48,41970.559,49769.408,73.817,22595.973,13.238,50394.252,18062.473,7188.574,24356.827,19485.462,6129.984,68.505,1632.623,0.000324,-0.039882,4730,0,76,36,112,76,18757,117,31,66.266,0,0,0,0,0,0,0
6211,207.0,5997,47,25,2352,3645,0,0,4354,285.59,0.982,1.363,0.515,0.065,0.381,-0.946,1.756,0.8726,3.2581,0.600,0.006,0.013,0.112,0.077,59,23,142,0,295,0,190636.95,42954.609,50982.892,67.738,23570.430,15.903,51605.976,18388.255,7595.736,24595.523,19676.419,6798.740,54.426,1796.532,0.000311,-0.037832,4999,0,108,34,142,108,19523,124,25,50.221,0,0,0,0,0,0,0
6241,208.0,6000,47,25,2320,3680,0,0,4402,347.77,0.994,1.367,0.508,0.067,0.377,-0.947,1.757,0.8668,3.2341,0.594,0.014,0.024,0.113,0.079,54,20,107,0,310,0,195992.16,43308.958,52307.651,79.315,23353.301,14.993,52420.813,18687.852,7830.446,20064.499,16051.599,5309.553,490.615,1588.545,0.000248,-0.035200,4920,0,64,43,107,64,19001,79,37,70.717,0,0,0,0,0,0,0
6271,209.0,6000,43,25,2292,3708,0,0,4430,327.95,1.003,1.372,0.504,0.070,0.373,-0.948,1.756,0.8683,3.2282,0.614,0.021,0.034,0.113,0.081,48,21,82,0,324,0,202220.39,43843.264,53154.262,50.830,24295.167,12.857,52880.395,18703.113,7939.551,19620.975,15696.780,4734.352,1081.068,1557.453,0.000251,-0.033553,5077,0,58,24,82,58,18424,85,23,49.021,0,0,0,0,0,0,0
6301,210.0,5996,28,29,2276,3720,0,0,4409,292.67,1.010,1.376,0.502,0.072,0.371,-0.948,1.759,0.8647,3.2171,0.616,0.025,0.044,0.113,0.082,35,29,121,0,332,0,206748.19,44259.106,54226.613,69.153,23778.780,8.657,53338.373,19108.871,7989.596,21801.518,17441.214,6009.876,1533.503,1686.554,0.000268,-0.034354,4885,0,84,37,121,84,18573,71,34,62.514,0,0,0,0,0,0,0
6331,211.0,6000,32,29,2265,3735,0,0,4482,308.17,1.017,1.376,0.501,0.071,0.369,-0.948,1.762,0.8732,3.1751,0.610,0.022,0.050,0.113,0.084,42,17,94,0,325,0,209092.98,43489.130,53061.542,43.020,24810.357,10.519,53775.447,19173.936,8005.503,20375.019,16300.015,6316.870,1204.280,1697.847,0.000259,-0.033942,4925,0,72,22,94,72,17658,104,17,34.000,0,0,0,0,0,0,0
6361,212.0,5993,37,29,2225,3768,0,0,4502,302.45,1.028,1.381,0.495,0.072,0.364,-0.949,1.764,0.8678,3.1982,0.633,0.026,0.045,0.114,0.085,36,25,75,0,324,0,210427.75,43506.580,51918.407,26.516,25011.398,10.341,54171.918,19034.427,8113.245,19472.562,15578.050,5382.218,1936.994,1583.418,0.000365,-0.036372,5058,0,59,16,75,59,17643,68,12,23.123,0,0,0,0,0,0,0
6391,213.0,5999,40,29,2230,3769,0,0,4465,304.73,1.032,1.379,0.496,0.074,0.364,-0.949,1.764,0.8764,3.1555,0.614,0.024,0.048,0.114,0.086,30,25,101,0,330,0,210519.38,43234.119,51673.258,38.269,24099.166,12.544,54582.081,19205.109,8094.292,21051.942,16841.554,5648.141,1473.248,1640.759,0.000439,-0.039385,4924,0,78,23,101,78,17642,51,20,30.282,0,0,0,0,0,0,0
6421,214.0,5996,38,29,2230,3766,0,0,4365,311.23,1.036,1.379,0.498,0.074,0.364,-0.950,1.765,0.8699,3.1500,0.622,0.021,0.047,0.114,0.088,40,27,80,0,322,0,209847.25,43495.394,50936.739,13.219,25576.438,10.632,54846.443,19271.095,7958.709,19696.500,15757.200,5905.122,1607.091,1589.721,0.000318,-0.042185,5115,0,69,11,80,69,17406,59,11,13.000,0,0,0,0,0,0,0
6451,215.0,5995,25,29,2218,3777,0,0,4383,327.20,1.041,1.382,0.496,0.073,0.362,-0.951,1.766,0.8759,3.1443,0.625,0.016,0.039,0.114,0.090,25,27,82,0,347,0,207403.17,42795.474,50150.980,32.233,24715.967,10.021,55095.116,19428.183,7912.503,21090.358,16872.287,6000.250,1167.892,1600.739,0.000352,-0.045511,5192,0,69,13,82,69,17525,53,10,24.164,0,0,0,0,0,0,0
6481,216.0,5998,36,29,2222,3776,0,0,4395,283.70,1.043,1.381,0.495,0.071,0.363,-0.951,1.768,0.8690,3.1318,0.612,0.015,0.031,0.115,0.089,31,33,58,0,359,0,203039.92,41256.203,49126.218,10.355,23950.612,10.965,55382.050,19820.177,7881.763,20904.992,16723.994,5058.284,979.068,1453.691,0.000218,-0.044160,5046,0,52,6,58,52,17313,50,4,6.391,0,0,0,0,0,0,0
6511,217.0,5995,25,29,2205,3790,0,0,4378,351.11,1.048,1.383,0.495,0.072,0.361,-0.952,1.772,0.8606,3.1370,0.625,0.014,0.024,0.115,0.090,44,23,64,0,341,0,198200.94,40784.460,48380.869,19.225,23668.071,10.829,55613.259,19595.030,7886.571,20087.457,16069.966,4663.554,905.572,1342.067,0.000317,-0.042391,5079,0,50,14,64,50,17177,53,13,18.937,0,0,0,0,0,0,0
6541,218.0,5998,25,29,2199,3799,0,0,4311,315.60,1.053,1.384,0.495,0.070,0.360,-0.953,1.771,0.8667,3.1046,0.625,0.007,0.008,0.115,0.091,37,23,65,0,366,0,191039.48,39757.722,46262.825,16.947,22332.976,12.019,55877.946,19358.967,7766.487,21300.719,17040.576,4284.230,301.673,1349.503,0.000215,-0.042256,5079,0,56,9,65,56,17333,50,7,13.848,0,0,0,0,0,0,0
6571,219.0,5966,30,29,2226,3740,0,0,4293,369.49,1.049,1.378,0.502,0.069,0.365,-0.954,1.775,0.8623,3.1439,0.622,0.003,0.003,0.115,0.091,43,41,74,0,363,0,182916.52,39285.191,45498.335,16.853,22141.506,11.844,55899.683,19534.358,7587.415,20320.174,16256.140,4459.823,58.232,1319.803,0.000329,-0.041362,5299,0,63,11,74,63,17527,49,10,15.976,0,0,0,0,0,0,0
6601,220.0,5885,40,29,2225,3660,0,0,4259,339.86,1.049,1.374,0.507,0.070,0.368,-0.954,1.776,0.8618,3.1085,0.622,0.000,0.002,0.115,0.090,39,32,65,0,372,0,175081.14,38227.405,44936.599,17.544,21327.957,11.938,55380.824,19331.339,7533.780,18056.327,14445.062,3897.429,35.939,1226.346,0.000386,-0.042154,5227,0,55,10,65,55,17864,63,7,15.227,0,0,0,0,0,0,0
6631,221.0,5681,20,29,2202,3479,0,0,4048,407.39,1.042,1.363,0.516,0.070,0.375,-0.955,1.781,0.8561,3.0665,0.622,0.003,0.002,0.115,0.089,36,42,67,0,428,0,164653.42,36984.304,41187.194,12.081,19470.751,10.132,54197.181,18680.961,7316.054,15621.941,12497.553,4166.402,31.558,1094.750,0.000280,-0.044647,4985,0,56,11,67,56,17858,34,7,8.168,0,0,0,0,0,0,0
6661,222.0,5484,26,29,2184,3300,0,0,3944,380.00,1.036,1.352,0.524,0.071,0.383,-0.955,1.780,0.8538,3.0915,0.609,0.003,0.001,0.116,0.089,50,41,32,0,440,0,154985.52,35426.556,39531.349,6.872,18749.329,9.425,52576.627,17892.717,6980.415,15000.199,12000.159,3215.665,1.075,966.135,0.000239,-0.045836,4833,0,28,4,32,28,17624,47,3,6.126,0,0,0,0,0,0,0
6691,223.0,5207,23,29,2149,3058,0,0,3703,362.80,1.023,1.339,0.535,0.071,0.394,-0.956,1.783,0.8523,3.0769,0.627,0.005,0.001,0.115,0.085,39,46,49,0,463,0,145375.39,33426.444,37339.077,11.018,16901.807,12.343,49973.639,16719.506,6577.455,13297.487,10637.990,3471.944,7.815,976.819,0.000196,-0.045965,4528,0,44,5,49,44,17252,97,5,10.957,0,0,0,0,0,0,0
6721,224.0,4979,23,29,2116,2863,0,0,3535,374.76,1.011,1.329,0.546,0.070,0.403,-0.957,1.784,0.8525,3.0861,0.626,0.002,0.001,0.115,0.082,25,49,32,0,382,0,137730.20,32012.558,35258.897,13.923,15650.530,13.063,47436.267,15673.933,6218.399,10975.695,8780.556,2552.563,28.601,825.654,0.000218,-0.044891,4127,0,23,9,32,23,17249,65,5,9.637,0,0,0,0,0,0,0
6751,225.0,4747,33,29,2081,2666,0,0,3297,396.19,0.997,1.318,0.556,0.067,0.413,-0.957,1.783,0.8515,3.0746,0.625,0.001,0.001,0.115,0.080,39,43,13,0,391,0,131055.56,30196.334,33350.461,2.092,14853.945,15.184,44974.016,14747.838,5803.485,10197.996,8158.397,1954.160,8.528,695.903,0.000308,-0.044859,3903,0,11,2,13,11,16672,38,0,0.000,0,0,0,0,0,0,0
6781,226.0,4579,31,29,2036,2543,0,0,3126,499.38,0.992,1.313,0.561,0.065,0.418,-0.958,1.783,0.8515,3.0808,0.649,0.003,0.002,0.116,0.079,42,60,8,0,325,0,126969.86,29004.810,33316.662,4.845,13436.536,12.647,42963.505,13740.894,5444.523,10763.023,8610.418,1488.191,8.157,614.142,0.000276,-0.046712,3651,0,4,4,8,4,16207,40,1,1.594,0,0,0,0,0,0,0
6811,227.0,4439,37,29,1998,2441,0,0,2903,487.11,0.986,1.308,0.564,0.066,0.422,-0.959,1.786,0.8455,3.0690,0.655,0.001,0.002,0.116,0.076,48,38,3,1,297,0,118811.20,27264.523,28171.602,1.404,12750.825,16.149,41348.995,13189.125,5054.407,9475.653,7580.523,1532.012,8.103,568.422,0.000243,-0.048082,3431,0,1,2,3,1,16415,41,0,0.000,0,0,0,0,0,0,0
6841,228.0,4247,30,29,1962,2285,0,0,2703,474.60,0.972,1.296,0.574,0.063,0.431,-0.959,1.786,0.8441,3.0610,0.653,0.001,0.003,0.116,0.073,37,57,3,0,322,0,111760.64,25797.445,27435.319,3.745,11427.810,15.119,39738.343,12448.490,4671.552,8834.861,7067.889,1124.106,0.661,536.942,0.000221,-0.049341,3192,0,0,3,3,0,15780,59,2,3.015,0,0,0,0,0,0,0
6871,229.0,4025,26,29,1909,2116,0,0,2484,481.40,0.959,1.285,0.584,0.062,0.441,-0.959,1.788,0.8400,3.0421,0.663,0.001,0.002,0.117,0.070,37,55,9,0,315,0,103782.88,24037.601,25225.223,6.374,10258.160,15.945,37532.834,11717.936,4281.328,7400.738,5920.590,1675.026,72.018,487.670,0.000199,-0.050484,2935,0,5,4,9,5,15549,34,3,5.600,0,0,0,0,0,0,0
6901,230.0,3809,25,32,1846,1963,0,0,2298,490.17,0.947,1.276,0.590,0.060,0.449,-0.959,1.790,0.8370,3.0916,0.667,0.001,0.002,0.117,0.067,46,48,5,0,293,0,94589.50,22584.914,21422.999,4.447,9364.888,12.364,35383.580,11060.129,3943.367,6325.198,5060.158,1120.063,40.825,392.730,0.000203,-0.052218,2703,0,2,3,5,2,15496,27,2,4.079,0,0,0,0,0,0,0
6931,231.0,3562,29,32,1786,1776,0,0,2116,496.86,0.928,1.260,0.604,0.057,0.461,-0.960,1.790,0.8361,3.0729,0.678,0.001,0.004,0.117,0.064,37,79,6,0,265,0,86996.95,20900.485,20300.623,3.011,8106.097,14.795,33090.563,10200.959,3592.828,4913.543,3930.834,492.905,48.029,388.671,0.000175,-0.052498,2368,0,4,2,6,4,15168,42,2,3.011,0,0,0,0,0,0,0
6961,232.0,3348,25,32,1745,1603,0,0,1908,499.27,0.906,1.241,0.619,0.055,0.476,-0.961,1.792,0.8335,3.0939,0.691,0.000,0.002,0.117,0.061,42,65,3,0,255,0,80874.60,19709.972,19138.972,0.000,6915.621,13.838,30487.091,9148.144,3287.130,5011.176,4008.941,653.771,76.393,316.534,0.000171,-0.053649,2028,0,3,0,3,3,14798,43,0,0.000,0,0,0,0,0,0,0
6991,233.0,3148,23,32,1694,1454,0,0,1724,507.02,0.886,1.225,0.631,0.055,0.489,-0.961,1.793,0.8378,3.0876,0.686,0.001,0.002,0.117,0.057,42,67,7,0,212,0,74962.23,18476.292,16808.168,4.046,6461.037,18.393,28191.845,8416.386,2916.754,3931.295,3145.036,601.415,15.122,273.088,0.000152,-0.054791,1850,0,1,6,7,1,14560,31,4,2.369,0,0,0,0,0,0,0
7021,234.0,2929,23,32,1632,1297,0,0,1528,510.65,0.864,1.205,0.645,0.056,0.503,-0.961,1.794,0.8351,3.0554,0.693,0.000,0.002,0.117,0.054,40,72,5,0,225,0,68459.16,17103.553,14329.543,3.124,5692.510,22.524,26152.802,7447.459,2617.025,3915.924,3132.739,662.158,21.060,255.608,0.000171,-0.054819,1600,0,2,3,5,2,13816,35,3,3.124,0,0,0,0,0,0,0
7051,235.0,2740,28,32,1570,1170,0,0,1348,606.41,0.847,1.190,0.653,0.057,0.516,-0.961,1.794,0.8287,3.0739,0.703,0.001,0.003,0.117,0.051,37,76,2,0,183,0,64137.38,16034.023,13976.229,5.808,4690.260,20.594,24046.742,6639.809,2304.264,3348.476,2678.781,449.316,24.188,203.826,0.000138,-0.055826,1336,0,0,2,2,0,13551,22,2,5.808,0,0,0,0,0,0,0
7081,236.0,2595,24,32,1514,1081,0,0,1195,640.71,0.832,1.181,0.658,0.054,0.523,-0.962,1.797,0.8292,3.1213,0.705,0.000,0.004,0.117,0.047,35,69,5,0,151,0,59839.17,15016.131,12990.805,1.443,4629.061,14.229,22574.719,6332.075,2043.243,3656.667,2925.334,332.018,75.906,217.291,0.000179,-0.055222,1237,0,3,2,5,3,13215,26,0,0.000,0,0,0,0,0,0,0
7111,237.0,2449,34,32,1461,988,0,0,1055,634.30,0.818,1.167,0.667,0.053,0.533,-0.962,1.802,0.8210,3.1109,0.720,0.001,0.002,0.118,0.046,53,85,2,0,120,0,56368.25,14243.263,12083.493,2.572,3873.805,21.191,21026.973,5799.587,1805.166,2841.127,2272.901,409.377,26.223,164.694,0.000251,-0.053359,1066,0,0,2,2,0,12749,32,2,2.572,0,0,0,0,0,0,0
7141,238.0,2331,29,32,1416,915,0,0,937,637.26,0.804,1.158,0.672,0.050,0.541,-0.962,1.801,0.8185,3.0979,0.720,0.001,0.003,0.118,0.043,49,63,0,0,122,0,53652.23,13654.707,11778.357,0.000,3252.806,25.098,19826.027,5365.089,1601.032,3031.373,2425.098,606.393,11.909,132.370,0.000181,-0.050970,866,0,0,0,0,0,12231,16,0,0.000,0,0,0,0,0,0,0
7171,239.0,2241,31,32,1371,870,0,0,829,669.43,0.799,1.151,0.671,0.049,0.545,-0.962,1.801,0.8183,3.0631,0.711,0.002,0.002,0.118,0.043,62,60,4,0,103,0,52174.09,12861.732,12051.953,0.000,3255.120,23.699,18669.156,5003.136,1403.333,3540.943,2832.755,402.563,54.758,150.692,0.000140,-0.050800,839,0,4,0,4,4,11920,20,0,0.000,0,0,0,0,0,0,0
7201,240.0,2144,37,31,1334,810,0,0,748,633.07,0.782,1.144,0.674,0.047,0.552,-0.961,1.803,0.8054,3.1670,0.735,0.001,0.002,0.119,0.039,49,73,5,0,96,0,51032.72,12700.069,11183.123,2.033,3095.795,25.525,17653.102,4737.099,1238.216,3476.294,2781.036,535.799,9.578,157.535,0.000106,-0.049689,767,0,2,3,5,2,11520,22,0,0.000,0,0,0,0,0,0,0
7231,241.0,2102,38,31,1312,790,0,0,675,638.09,0.775,1.142,0.672,0.046,0.554,-0.961,1.804,0.8033,3.1508,0.735,0.001,0.001,0.118,0.038,48,67,5,0,52,0,50307.92,12528.953,10933.539,0.000,2993.855,28.507,17144.805,4609.046,1121.485,3651.318,2921.055,424.932,0.401,156.360,0.000087,-0.049445,712,0,5,0,5,5,11440,21,0,0.000,0,0,0,0,0,0,0
7261,242.0,2057,49,31,1288,769,0,0,603,650.72,0.769,1.142,0.669,0.045,0.556,-0.960,1.805,0.8023,3.2595,0.724,0.003,0.003,0.119,0.036,53,68,5,0,52,0,50921.24,12520.769,11308.704,1.269,2663.552,32.968,16615.881,4409.103,1015.453,3549.965,2839.972,314.511,7.648,144.838,0.000151,-0.050153,620,0,4,1,5,4,11189,22,1,1.269,0,0,0,0,0,0,0
7291,243.0,2046,53,31,1273,773,0,0,571,665.91,0.771,1.147,0.662,0.045,0.553,-0.961,1.807,0.8024,3.2949,0.714,0.002,0.004,0.119,0.036,57,59,4,0,48,0,52192.48,12241.140,12230.828,2.043,2749.836,29.345,16388.050,4359.455,937.918,4407.714,3526.171,482.192,0.908,152.702,0.000098,-0.049936,627,0,3,1,4,3,11090,24,1,2.043,0,0,0,0,0,0,0
7321,244.0,2079,40,31,1272,807,0,0,524,657.80,0.780,1.155,0.643,0.044,0.545,-0.961,1.809,0.7996,3.3108,0.716,0.005,0.002,0.120,0.037,52,58,1,0,43,0,54238.52,12591.254,12781.934,0.723,2867.182,24.236,16432.634,4461.517,851.197,5795.664,4636.532,206.032,72.387,144.974,0.000119,-0.050239,639,0,0,1,1,0,11297,16,0,0.000,0,0,0,0,0,0,0
7351,245.0,2121,55,31,1279,842,0,0,511,606.40,0.786,1.165,0.633,0.044,0.539,-0.961,1.813,0.7946,3.3142,0.725,0.002,0.002,0.121,0.039,58,41,0,1,38,0,56939.56,12990.162,13558.472,0.000,3516.708,22.791,16779.932,4682.131,808.974,5271.141,4216.913,316.188,57.359,148.783,0.000145,-0.050813,731,0,0,0,0,0,11265,12,0,0.000,0,0,0,0,0,0,0
7381,246.0,2181,52,31,1279,902,0,0,493,579.91,0.802,1.184,0.617,0.045,0.527,-0.960,1.814,0.7993,3.3556,0.704,0.006,0.001,0.121,0.041,52,38,3,0,44,0,61000.80,13721.294,15005.657,3.738,3418.868,22.511,17309.389,4838.190,785.407,6582.520,5266.016,243.355,18.234,158.363,0.000165,-0.051062,677,0,0,3,3,0,11477,11,0,0.000,0,0,0,0,0,0,0
7411,247.0,2268,43,31,1302,966,0,0,479,517.79,0.813,1.198,0.602,0.048,0.518,-0.961,1.816,0.7979,3.3207,0.692,0.002,0.002,0.121,0.042,59,38,2,0,32,0,64547.04,13981.020,15560.092,2.503,4044.727,24.023,18083.783,5380.841,755.806,6763.453,5410.762,195.525,46.799,181.937,0.000156,-0.050174,796,0,0,2,2,0,11780,18,0,0.000,0,0,0,0,0,0,0
7441,248.0,2343,46,31,1323,1020,0,0,459,503.12,0.821,1.212,0.591,0.050,0.511,-0.961,1.816,0.7951,3.3699,0.681,0.004,0.002,0.122,0.045,45,49,1,0,41,0,69000.25,14619.904,16938.709,0.003,4285.081,27.082,18783.291,5604.648,725.108,7232.963,5786.370,285.622,80.880,179.267,0.000170,-0.049458,804,0,1,0,1,1,11701,15,0,0.000,0,0,0,0,0,0,0
7471,249.0,2500,47,31,1358,1142,0,0,476,457.89,0.841,1.230,0.569,0.051,0.495,-0.961,1.817,0.7902,3.3802,0.686,0.003,0.001,0.122,0.048,76,51,1,0,29,0,74651.05,15646.243,19169.937,0.990,5176.297,27.349,19889.419,6039.745,731.199,10335.614,8268.492,161.488,24.938,252.447,0.000116,-0.049472,959,0,0,1,1,0,12344,33,1,0.990,0,0,0,0,0,0,0
7501,250.0,2616,63,31,1392,1224,0,0,502,456.67,0.852,1.243,0.559,0.051,0.488,-0.961,1.818,0.7918,3.4353,0.680,0.006,0.002,0.122,0.049,65,57,3,0,32,0,79873.80,16446.044,19693.121,3.095,5547.242,25.419,21150.891,6847.668,749.236,8866.805,7093.444,76.593,59.534,262.233,0.000161,-0.048758,1015,0,1,2,3,1,13184,25,0,0.000,0,0,0,0,0,0,0
7531,251.0,2796,49,31,1445,1351,0,0,531,436.75,0.863,1.261,0.545,0.052,0.476,-0.961,1.821,0.7994,3.4349,0.666,0.006,0.001,0.122,0.051,70,48,3,0,36,0,86502.38,17582.138,22753.319,3.172,5814.011,21.627,22599.484,7442.413,797.936,11276.286,9021.029,269.523,86.497,258.950,0.000201,-0.046838,1020,0,1,2,3,1,13555,19,0,0.000,0,0,0,0,0,0,0
7561,252.0,3007,52,31,1512,1495,0,0,601,350.33,0.876,1.274,0.529,0.054,0.466,-0.961,1.825,0.7897,3.4576,0.647,0.004,0.001,0.122,0.054,55,60,6,0,31,0,93613.73,18900.132,24519.144,6.435,6905.180,19.190,24086.400,8125.568,868.081,13104.211,10483.369,299.318,1.305,312.833,0.000231,-0.047349,1182,0,4,2,6,4,14291,24,2,6.418,0,0,0,0,0,0,0
7591,253.0,3233,51,31,1575,1658,0,0,658,346.95,0.890,1.291,0.515,0.053,0.455,-0.961,1.827,0.7772,3.4877,0.651,0.003,0.001,0.123,0.056,56,38,17,0,41,0,102085.01,20826.734,27325.541,5.243,8335.828,19.065,26031.487,8847.698,965.173,13784.917,11027.934,663.802,7.373,413.732,0.000188,-0.047488,1479,0,13,4,17,13,14887,54,2,2.832,0,0,0,0,0,0,0
7621,254.0,3474,55,31,1651,1823,0,0,720,286.14,0.904,1.304,0.504,0.053,0.446,-0.961,1.828,0.7718,3.4970,0.648,0.010,0.001,0.123,0.058,59,51,21,0,63,0,110813.99,22765.736,29355.791,19.550,9106.758,16.524,28003.359,9819.727,1033.455,16074.831,12859.865,896.425,12.240,431.920,0.000233,-0.048189,1554,0,12,9,21,12,15845,35,8,18.032,0,0,0,0,0,0,0
7651,255.0,3761,36,32,1752,2009,0,0,798,301.71,0.912,1.314,0.493,0.054,0.439,-0.962,1.828,0.7860,3.4545,0.633,0.005,0.001,0.124,0.060,57,58,3,0,70,0,120339.61,24724.471,31897.453,0.015,11146.469,21.286,30456.900,10982.006,1143.682,17471.526,13977.221,534.213,17.330,467.883,0.000251,-0.049942,1934,0,3,0,3,3,16355,49,0,0.000,0,0,0,0,0,0,0
7681,256.0,4033,54,32,1841,2192,0,0,965,288.81,0.921,1.324,0.485,0.055,0.432,-0.962,1.832,0.7831,3.5067,0.604,0.008,0.001,0.123,0.062,68,68,5,0,68,0,129355.57,26345.838,33207.185,2.921,13053.074,15.803,32837.754,11927.722,1287.385,17538.067,14030.454,377.758,27.687,574.064,0.000205,-0.051037,2336,0,4,1,5,4,17155,64,1,2.898,0,0,0,0,0,0,0
7711,257.0,4350,52,32,1931,2419,0,0,1202,276.16,0.932,1.338,0.474,0.055,0.423,-0.962,1.834,0.7795,3.5215,0.602,0.003,0.001,0.123,0.064,61,73,6,0,73,0,138796.77,28377.097,36369.676,11.200,13303.823,16.701,35423.535,13143.753,1608.591,19966.513,15973.211,574.398,21.882,551.309,0.000244,-0.053023,2385,0,2,4,6,2,18169,39,4,11.199,0,0,0,0,0,0,0
7741,258.0,4631,39,32,2021,2610,0,0,1444,294.91,0.941,1.347,0.466,0.055,0.418,-0.962,1.833,0.7768,3.5283,0.604,0.006,0.002,0.124,0.065,49,64,8,0,101,0,148199.58,30719.298,38561.874,1.328,16135.314,14.157,38224.781,14348.345,1994.493,19482.523,15586.018,728.152,0.000,687.420,0.000287,-0.054049,2918,0,7,1,8,7,19455,46,1,1.316,0,0,0,0,0,0,0
7771,259.0,4900,36,32,2099,2801,0,0,1718,313.08,0.952,1.354,0.461,0.055,0.412,-0.962,1.836,0.7679,3.5022,0.594,0.004,0.001,0.124,0.067,60,66,41,0,144,0,155688.22,32862.664,40483.975,38.911,17421.996,14.646,40675.463,15324.137,2422.450,22507.013,18005.611,2142.571,0.000,830.887,0.000223,-0.055862,3239,0,21,20,41,21,20679,65,19,38.387,0,0,0,0,0,0,0
7801,260.0,5131,30,32,2166,2965,0,0,2091,355.14,0.962,1.359,0.454,0.056,0.407,-0.961,1.840,0.7774,3.4965,0.601,0.006,0.002,0.124,0.069,69,77,40,0,177,0,164242.25,35403.289,42954.540,39.279,18236.990,15.235,43084.067,16521.612,2936.573,22935.662,18348.530,1821.498,35.994,856.196,0.000389,-0.059327,3540,0,19,21,40,19,20987,53,20,38.492,0,0,0,0,0,0,0
7831,261.0,5342,37,32,2206,3136,0,0,2529,331.64,0.974,1.367,0.450,0.057,0.400,-0.961,1.837,0.7762,3.4659,0.590,0.008,0.001,0.123,0.070,54,44,59,1,199,0,170855.30,36796.718,44756.337,71.037,20971.707,14.002,45347.228,17647.244,3659.947,22735.500,18188.401,2838.016,4.297,967.214,0.000192,-0.059645,3913,0,26,33,59,26,21834,54,33,71.021,0,0,0,0,0,0,0
7861,262.0,5557,36,32,2262,3294,1,0,2994,327.37,0.983,1.371,0.445,0.057,0.396,-0.961,1.839,0.7731,3.4360,0.581,0.008,0.002,0.123,0.071,51,39,71,0,219,0,178227.84,38690.405,47681.646,48.453,20569.850,15.294,47540.741,18186.715,4435.798,24091.955,19273.564,2930.979,61.608,1073.725,0.000270,-0.057756,4048,0,47,24,71,47,22698,82,24,48.421,0,0,0,0,0,0,0
7891,263.0,5694,25,32,2298,3395,1,0,3351,315.05,0.993,1.372,0.443,0.058,0.393,-0.961,1.842,0.7696,3.4065,0.591,0.005,0.002,0.124,0.072,64,36,111,0,275,0,183192.77,40124.624,48826.484,82.292,23431.086,13.534,49297.670,19072.220,5189.226,24861.389,19889.111,4271.090,52.057,1213.931,0.000242,-0.059085,4509,0,65,46,111,65,23095,64,44,78.400,0,0,0,0,0,0,0
7921,264.0,5814,43,32,2339,3474,1,0,3711,274.65,0.999,1.373,0.441,0.058,0.393,-0.962,1.845,0.7700,3.3643,0.574,0.004,0.002,0.124,0.073,60,26,142,0,268,0,185774.44,41708.954,48683.460,71.939,22930.101,16.595,50680.859,19638.855,5812.079,24663.548,19730.839,5361.182,119.934,1337.070,0.000216,-0.058404,4610,0,103,39,142,103,23987,81,39,71.827,0,0,0,0,0,0,0
7951,265.0,5915,23,33,2331,3583,1,0,4000,339.88,1.010,1.380,0.438,0.059,0.386,-0.962,1.847,0.7698,3.3974,0.574,0.006,0.002,0.125,0.074,57,21,181,0,298,0,188475.62,42312.802,52411.725,119.139,24648.995,16.258,52140.592,19886.415,6455.683,27072.302,21657.842,6791.945,45.472,1407.897,0.000265,-0.059119,5094,0,117,64,181,117,24165,88,63,117.988,0,0,0,0,0,0,0
7981,266.0,5928,24,33,2319,3608,1,0,4112,377.21,1.019,1.381,0.443,0.061,0.385,-0.963,1.846,0.7687,3.3628,0.568,0.006,0.002,0.125,0.076,58,20,176,0,346,0,191816.06,43166.407,53608.215,125.693,23548.658,13.695,52987.595,20079.450,6801.627,25001.862,20001.490,7262.826,60.756,1367.250,0.000286,-0.058489,4875,0,112,64,176,112,24301,63,60,122.009,0,0,0,0,0,0,0
8011,267.0,5992,27,33,2329,3663,0,0,4195,288.05,1.030,1.381,0.442,0.062,0.383,-0.963,1.845,0.7673,3.3503,0.583,0.008,0.002,0.126,0.079,51,15,161,0,342,0,192621.53,43732.920,52046.330,96.366,25458.095,12.999,53841.787,20320.723,7040.473,26453.703,21162.963,6954.429,165.372,1456.634,0.000234,-0.058781,5283,0,112,49,161,112,24637,67,46,91.916,0,0,0,0,0,0,0
8041,268.0,5996,30,33,2323,3673,0,0,4224,347.90,1.037,1.383,0.443,0.059,0.382,-0.964,1.845,0.7654,3.3327,0.576,0.008,0.005,0.125,0.079,52,26,169,1,346,0,193423.36,44680.792,52397.124,102.328,25751.214,12.528,54578.986,20553.980,7157.986,24994.310,19995.448,7486.399,99.009,1503.187,0.000239,-0.059162,5288,0,118,51,169,118,25048,96,49,98.193,0,0,0,0,0,0,0
8071,269.0,5998,23,33,2330,3668,0,0,4250,235.68,1.041,1.380,0.445,0.057,0.383,-0.964,1.843,0.7637,3.2902,0.567,0.008,0.013,0.125,0.078,40,31,155,0,330,0,197547.16,44919.814,55773.266,64.311,25884.740,14.773,54966.494,20853.404,7282.929,23898.255,19118.604,7041.776,167.277,1542.066,0.000271,-0.058370,5381,0,116,39,155,116,25535,117,38,63.127,0,0,0,0,0,0,0
8101,270.0,6000,30,33,2315,3685,0,0,4366,316.41,1.048,1.381,0.446,0.055,0.381,-0.965,1.846,0.7585,3.3197,0.578,0.011,0.017,0.126,0.078,56,25,140,1,333,0,198596.38,44075.616,54389.418,66.819,25963.651,14.715,55296.712,20717.664,7473.587,23669.560,18935.648,7562.280,265.000,1433.484,0.000211,-0.058026,5516,0,106,34,140,106,25882,84,33,64.229,0,0,0,0,0,0,0
8131,271.0,6000,38,33,2312,3688,0,0,4356,295.66,1.055,1.379,0.450,0.054,0.380,-0.965,1.851,0.7513,3.2536,0.578,0.010,0.013,0.126,0.078,52,15,158,0,342,0,198395.97,44221.195,53468.386,68.377,25279.120,15.341,55719.768,20671.383,7569.832,24287.132,19429.706,7335.615,348.591,1455.738,0.000286,-0.058282,5375,0,123,35,158,123,25594,90,34,67.577,0,0,0,0,0,0,0
8161,272.0,5991,25,33,2322,3669,0,0,4326,344.36,1.058,1.375,0.455,0.056,0.382,-0.965,1.854,0.7567,3.2780,0.576,0.010,0.011,0.126,0.080,56,37,172,0,372,0,197195.16,44788.012,53520.431,80.851,26856.222,15.617,56078.991,20957.966,7551.474,26629.578,21303.663,7725.081,384.540,1566.147,0.000237,-0.057703,5627,0,137,35,172,137,25593,75,35,80.640,0,0,0,0,0,0,0
8191,273.0,6000,25,33,2300,3700,0,0,4381,317.82,1.066,1.379,0.458,0.056,0.379,-0.965,1.849,0.7508,3.2033,0.569,0.012,0.024,0.125,0.082,46,28,142,0,293,0,199446.81,44670.599,55240.392,89.054,27195.547,12.790,56432.330,21255.911,7582.997,22307.797,17846.238,6219.135,399.986,1396.470,0.000306,-0.054906,5760,0,99,43,142,99,25493,61,40,84.431,0,0,0,0,0,0,0
8221,274.0,6000,34,33,2284,3716,0,0,4312,329.05,1.071,1.377,0.459,0.056,0.377,-0.965,1.849,0.7526,3.1879,0.576,0.011,0.011,0.125,0.082,52,29,132,1,369,0,197198.30,43328.199,54339.896,37.987,24943.303,13.557,56807.439,21237.353,7567.041,25234.904,20187.924,7457.648,462.059,1376.077,0.000298,-0.054424,5736,0,110,22,132,110,25338,53,20,33.463,0,0,0,0,0,0,0
8251,275.0,5980,27,33,2304,3676,0,0,4338,317.17,1.070,1.373,0.463,0.057,0.381,-0.966,1.852,0.7543,3.2222,0.581,0.002,0.002,0.125,0.081,44,24,161,0,384,0,193644.98,43681.511,53548.555,52.204,25200.791,14.013,56903.547,21320.673,7540.186,25496.822,20397.458,8356.328,105.210,1510.283,0.000339,-0.055072,5627,0,132,29,161,132,25451,82,27,49.055,0,0,0,0,0,0,0
8281,276.0,5959,32,33,2282,3677,0,0,4360,362.36,1.076,1.375,0.465,0.057,0.379,-0.966,1.849,0.7504,3.1812,0.582,0.001,0.002,0.126,0.081,49,35,118,0,354,0,189723.84,42436.939,50560.388,65.560,25019.835,12.368,56699.536,21116.964,7547.227,23054.364,18443.491,5635.577,80.057,1293.781,0.000317,-0.055321,5680,0,83,35,118,83,25457,80,35,65.529,0,0,0,0,0,0,0
8311,277.0,5936,31,33,2295,3641,0,0,4332,302.52,1.073,1.371,0.470,0.054,0.382,-0.967,1.847,0.7504,3.1789,0.575,0.001,0.002,0.126,0.082,52,25,94,1,373,0,186126.52,42053.501,50660.412,35.008,24054.332,12.950,56831.402,20824.139,7595.160,21990.934,17592.748,5424.256,67.400,1205.711,0.000316,-0.056346,5594,0,73,21,94,73,24926,68,20,33.660,0,0,0,0,0,0,0
8341,278.0,5821,25,33,2279,3542,0,0,4131,373.40,1.070,1.364,0.476,0.054,0.385,-0.967,1.847,0.7544,3.1894,0.595,0.001,0.003,0.126,0.081,43,39,83,1,428,0,181702.72,41055.200,48406.497,49.973,23193.631,15.583,56051.071,20324.359,7354.370,20713.434,16570.748,4880.917,140.293,1041.777,0.000223,-0.055851,5338,0,57,26,83,57,25116,40,24,46.719,0,0,0,0,0,0,0
8371,279.0,5760,29,33,2271,3489,0,0,4109,339.92,1.070,1.361,0.480,0.053,0.388,-0.967,1.850,0.7504,3.2045,0.591,0.002,0.003,0.126,0.080,36,40,71,1,339,0,175838.73,39906.875,45549.097,20.604,23849.262,12.745,55359.333,20227.580,7114.679,18799.620,15039.696,3678.162,137.671,1063.204,0.000327,-0.055791,5648,0,57,14,71,57,25034,59,13,19.034,0,0,0,0,0,0,0
8401,280.0,5580,26,33,2240,3340,0,0,3937,345.78,1.067,1.354,0.488,0.052,0.393,-0.968,1.853,0.7488,3.1371,0.596,0.003,0.002,0.126,0.080,38,43,79,0,428,0,169007.81,38918.984,44487.744,35.416,21585.427,12.406,54300.830,19648.422,7021.807,17702.573,14162.059,4653.626,26.421,1081.452,0.000255,-0.056064,5396,0,61,18,79,61,24774,145,16,32.204,0,0,0,0,0,0,0
8431,281.0,5446,35,33,2222,3224,0,0,3870,363.49,1.061,1.346,0.496,0.052,0.398,-0.968,1.854,0.7452,3.1351,0.602,0.002,0.002,0.126,0.079,35,36,71,0,376,0,162451.44,37877.176,42504.163,49.078,21021.777,13.592,52875.945,18927.634,6807.979,16607.786,13286.229,4143.591,4.702,905.388,0.000326,-0.053544,5256,0,49,22,71,49,24454,123,20,47.345,0,0,0,0,0,0,0
8461,282.0,5320,26,33,2210,3110,0,0,3760,352.98,1.056,1.338,0.502,0.051,0.404,-0.968,1.859,0.7462,3.1606,0.597,0.002,0.002,0.125,0.078,27,36,52,0,348,0,156846.20,36055.924,41496.778,37.603,19157.412,10.652,51444.657,18129.620,6662.022,14898.640,11918.913,3186.780,11.439,781.293,0.000309,-0.050586,4823,0,33,19,52,33,24353,108,17,35.189,0,0,0,0,0,0,0
8491,283.0,5133,19,33,2167,2966,0,0,3632,425.59,1.049,1.329,0.510,0.051,0.409,-0.969,1.860,0.7434,3.1008,0.617,0.003,0.002,0.125,0.078,37,44,64,0,376,0,150109.84,34404.009,39546.252,31.712,18561.981,13.373,49860.782,17532.179,6444.730,14380.411,11504.329,3200.214,25.808,778.529,0.000264,-0.051024,4715,0,39,25,64,39,23987,105,25,31.701,0,0,0,0,0,0,0
8521,284.0,4972,32,33,2123,2849,0,0,3582,464.21,1.045,1.322,0.514,0.051,0.413,-0.969,1.862,0.7481,3.0932,0.616,0.003,0.002,0.125,0.078,51,42,50,2,351,0,141761.34,32718.616,37014.813,28.059,17578.594,16.882,48197.470,16676.343,6310.005,13766.289,11013.032,3401.821,59.914,711.185,0.000273,-0.049989,4683,0,34,16,50,34,23338,115,16,28.021,0,0,0,0,0,0,0
8551,285.0,4780,29,35,2064,2716,0,0,3353,438.30,1.040,1.318,0.516,0.050,0.417,-0.969,1.861,0.7453,3.1082,0.608,0.001,0.002,0.126,0.077,46,37,48,3,350,0,132724.67,30840.823,34466.224,20.450,16104.749,15.105,46427.011,15989.971,6052.978,12073.436,9658.749,2750.350,47.817,681.353,0.000302,-0.049173,4428,0,32,16,48,32,22942,143,15,20.028,0,0,0,0,0,0,0
8581,286.0,4530,22,35,2006,2524,0,0,3083,490.76,1.029,1.305,0.524,0.050,0.425,-0.969,1.861,0.7322,3.0642,0.630,0.001,0.002,0.126,0.075,42,42,63,0,366,0,123846.52,29113.466,32485.134,34.164,14667.656,19.054,44115.653,15007.839,5630.545,10814.273,8651.418,2897.852,40.383,655.799,0.000258,-0.047628,4067,0,39,24,63,39,22352,103,23,33.276,0,0,0,0,0,0,0
8611,287.0,4296,21,35,1964,2332,0,0,2858,441.18,1.011,1.289,0.531,0.051,0.436,-0.969,1.864,0.7306,3.0917,0.616,0.003,0.003,0.126,0.072,49,68,62,0,309,0,114898.34,27112.499,29585.535,20.430,13002.688,20.479,41439.138,13878.951,5177.616,9763.626,7810.901,2540.171,82.134,595.899,0.000195,-0.049206,3660,0,48,14,62,48,21830,113,14,20.408,0,0,0,0,0,0,0
8641,288.0,4041,22,35,1915,2126,0,0,2658,503.92,0.990,1.270,0.546,0.052,0.450,-0.970,1.866,0.7251,3.0886,0.634,0.001,0.002,0.126,0.067,55,55,60,2,316,0,107185.28,25809.817,28456.030,27.372,11375.575,20.750,38665.324,12870.117,4807.239,8530.548,6824.438,3354.293,28.928,574.269,0.000150,-0.049282,3272,0,44,16,60,44,21713,184,16,27.353,0,0,0,0,0,0,0
8671,289.0,3795,27,35,1858,1937,0,0,2418,534.50,0.972,1.252,0.556,0.051,0.462,-0.970,1.865,0.7179,3.1022,0.640,0.001,0.004,0.125,0.064,52,65,46,0,285,0,100987.71,23837.885,25337.592,14.431,10518.199,19.789,35645.032,11613.977,4398.657,7260.301,5808.241,1765.434,41.980,470.336,0.000184,-0.048034,2985,0,33,13,46,33,21021,175,11,13.951,0,0,0,0,0,0,0
8701,290.0,3603,26,37,1807,1796,0,0,2218,494.28,0.959,1.237,0.564,0.051,0.471,-0.970,1.867,0.7207,3.0561,0.662,0.002,0.004,0.126,0.064,47,53,28,1,274,0,96030.92,22782.159,24225.957,23.731,9391.506,21.301,33455.034,10593.560,4022.810,8019.248,6415.398,1918.337,9.809,385.241,0.000187,-0.046942,2667,0,15,13,28,15,20797,176,12,20.472,0,0,0,0,0,0,0
8731,291.0,3436,26,37,1751,1685,0,0,2043,548.90,0.951,1.228,0.567,0.053,0.477,-0.971,1.869,0.7172,3.0652,0.668,0.002,0.002,0.126,0.063,49,50,12,1,232,0,90351.02,21275.005,21109.800,7.281,8771.580,22.161,31696.389,9944.763,3693.833,6133.452,4906.762,1137.661,58.524,314.126,0.000146,-0.046491,2402,0,6,6,12,6,20379,149,5,6.552,0,0,0,0,0,0,0
8761,292.0,3257,30,37,1708,1549,0,0,1900,578.06,0.933,1.210,0.579,0.052,0.489,-0.971,1.869,0.7162,3.0782,0.650,0.001,0.003,0.125,0.059,52,51,9,2,243,0,83915.18,19775.861,18948.663,10.759,8132.976,21.595,29947.841,9327.067,3425.827,5802.582,4642.065,1027.571,12.957,269.345,0.000126,-0.047114,2177,0,2,7,9,2,19543,95,4,8.420,0,0,0,0,0,0,0
8791,293.0,3076,35,37,1650,1426,0,0,1766,568.92,0.917,1.198,0.587,0.052,0.499,-0.972,1.871,0.7133,3.0971,0.667,0.001,0.001,0.125,0.057,54,65,12,3,205,0,77613.32,18272.389,17639.517,7.296,7305.767,27.900,28045.357,8538.360,3163.091,5075.295,4060.236,1209.010,0.136,250.043,0.000181,-0.047751,1849,0,8,4,12,8,19263,19,4,7.295,0,0,0,0,0,0,0
8821,294.0,2913,31,37,1600,1313,0,0,1582,644.03,0.901,1.184,0.595,0.051,0.509,-0.972,1.870,0.7034,3.1186,0.665,0.000,0.002,0.125,0.054,52,43,10,6,194,0,72143.09,17358.845,15951.745,2.842,6222.099,23.365,26069.234,7842.677,2873.624,4198.216,3358.573,902.936,35.868,219.690,0.000166,-0.047390,1632,0,8,2,10,8,18685,46,1,2.512,0,0,0,0,0,0,0
8851,295.0,2761,25,37,1553,1208,0,0,1427,553.77,0.882,1.169,0.603,0.051,0.520,-0.972,1.869,0.7037,3.0744,0.676,0.001,0.003,0.125,0.051,55,74,2,3,159,0,66988.67,16136.608,14765.280,1.113,5921.025,23.126,24492.260,7437.006,2577.448,4052.609,3242.087,551.406,18.051,170.720,0.000263,-0.044626,1508,0,1,1,2,1,18034,18,1,1.113,0,0,0,0,0,0,0
8881,296.0,2594,36,37,1501,1093,0,0,1278,631.84,0.861,1.150,0.612,0.049,0.532,-0.972,1.866,0.7017,3.0761,0.679,0.001,0.003,0.125,0.048,53,59,8,2,178,0,62595.88,15253.496,13611.081,5.733,5047.758,25.278,22727.047,6513.214,2290.214,3797.410,3037.928,730.068,69.020,174.058,0.000215,-0.043246,1275,0,6,2,8,6,17904,26,2,5.731,0,0,0,0,0,0,0
8911,297.0,2476,34,37,1467,1009,0,0,1155,586.36,0.845,1.135,0.622,0.048,0.543,-0.972,1.869,0.6991,3.1159,0.698,0.001,0.002,0.125,0.045,42,62,9,2,120,0,59288.52,14641.155,12760.289,2.952,4476.231,28.756,21307.072,6016.203,2059.836,3492.057,2793.646,474.042,0.209,155.986,0.000137,-0.044366,1132,0,7,2,9,7,17437,16,2,2.951,0,0,0,0,0,0,0
8941,298.0,2346,25,37,1419,927,0,0,1025,651.35,0.828,1.123,0.630,0.045,0.553,-0.972,1.869,0.6978,3.0954,0.698,0.001,0.003,0.125,0.043,45,67,7,3,129,0,56697.04,13945.407,12119.790,7.071,4155.974,30.414,19822.221,5512.772,1816.283,3580.829,2864.663,650.876,0.000,145.430,0.000127,-0.044732,1005,0,3,4,7,3,17257,21,1,2.916,0,0,0,0,0,0,0
8971,299.0,2253,27,37,1393,860,0,0,912,686.72,0.811,1.108,0.638,0.044,0.563,-0.974,1.869,0.6930,3.1759,0.707,0.003,0.002,0.125,0.041,71,50,7,5,102,0,54927.77,13548.788,11646.668,0.987,3762.409,31.512,18781.538,5152.563,1616.913,3086.344,2469.075,625.810,35.349,136.271,0.000143,-0.045318,882,0,6,1,7,6,16951,17,0,0.000,0,0,0,0,0,0,0
9001,300.0,2191,35,37,1387,804,0,0,791,583.14,0.792,1.091,0.645,0.044,0.575,-0.974,1.870,0.6874,3.1335,0.690,0.002,0.002,0.125,0.038,59,48,4,2,98,0,53558.79,13386.181,10978.872,2.252,3565.834,33.202,17847.503,4966.794,1406.769,3845.895,3076.716,575.665,53.603,116.770,0.000150,-0.045667,832,0,3,1,4,3,16746,16,0,0.000,0,0,0,0,0,0,0
9031,301.0,2134,28,37,1367,767,0,0,705,610.39,0.782,1.083,0.648,0.045,0.581,-0.974,1.871,0.6827,3.1611,0.684,0.002,0.005,0.125,0.038,58,51,5,2,68,0,52535.25,13124.417,10404.092,0.002,3831.319,33.899,17233.018,4739.902,1245.710,3134.824,2507.859,548.625,22.979,134.861,0.000142,-0.044773,804,0,5,0,5,5,16930,26,0,0.000,0,0,0,0,0,0,0
9061,302.0,2100,37,37,1356,744,0,0,638,630.49,0.772,1.077,0.647,0.045,0.585,-0.974,1.873,0.6757,3.2089,0.682,0.003,0.003,0.125,0.036,70,52,5,3,62,0,53260.57,13261.080,11177.390,0.003,3453.822,33.958,16727.155,4539.807,1117.697,3852.427,3081.942,419.263,10.070,128.672,0.000153,-0.043566,707,0,5,0,5,5,16681,23,0,0.000,0,0,0,0,0,0,0
9091,303.0,2092,49,37,1354,738,0,0,592,620.53,0.769,1.074,0.646,0.046,0.587,-0.973,1.872,0.6806,3.2527,0.693,0.004,0.004,0.125,0.036,74,58,5,0,52,0,55170.30,13225.602,11972.753,0.000,3440.261,35.725,16428.121,4448.607,985.819,4795.745,3836.596,275.389,60.248,131.291,0.000101,-0.042849,699,0,5,0,5,5,16826,17,0,0.000,0,0,0,0,0,0,0
9121,304.0,2118,43,37,1350,768,0,0,553,609.02,0.777,1.085,0.638,0.048,0.579,-0.972,1.873,0.6768,3.2589,0.673,0.005,0.005,0.126,0.038,73,49,5,2,50,0,58020.96,13588.352,13106.254,6.546,3626.852,36.683,16607.720,4613.535,922.839,5862.084,4689.667,383.881,4.281,145.820,0.000192,-0.041898,744,0,2,3,5,2,16665,81,3,6.546,0,0,0,0,0,0,0
9151,305.0,2184,51,37,1369,815,0,0,540,592.24,0.787,1.097,0.624,0.048,0.571,-0.973,1.870,0.6692,3.3693,0.681,0.009,0.004,0.127,0.039,82,49,1,0,33,0,61407.58,13981.171,13869.710,0.000,4574.753,32.462,17014.719,4853.851,871.197,6581.052,5264.841,245.670,15.963,146.657,0.000124,-0.042029,855,0,1,0,1,1,16725,65,0,0.000,0,0,0,0,0,0,0
9181,306.0,2267,51,37,1396,871,0,0,507,593.11,0.798,1.109,0.612,0.051,0.563,-0.972,1.870,0.6694,3.3303,0.676,0.008,0.005,0.128,0.040,74,31,6,1,35,0,65173.83,14438.838,14809.985,4.154,4449.481,34.659,17634.338,5099.492,817.274,6648.874,5319.100,408.531,38.584,158.733,0.000148,-0.041749,905,0,5,1,6,5,16919,100,1,4.152,0,0,0,0,0,0,0
9211,307.0,2366,46,37,1432,934,0,0,521,503.83,0.809,1.119,0.603,0.052,0.555,-0.972,1.868,0.6655,3.2477,0.667,0.005,0.004,0.128,0.045,69,50,17,0,24,0,69922.60,15282.711,16723.863,9.384,5082.435,27.369,18543.265,5456.976,798.031,8246.519,6597.215,542.493,67.832,209.289,0.000129,-0.041376,949,0,11,6,17,11,17540,52,5,7.889,0,0,0,0,0,0,0
9241,308.0,2470,64,37,1462,1008,0,0,526,438.04,0.822,1.134,0.592,0.054,0.545,-0.972,1.872,0.6549,3.3210,0.662,0.004,0.005,0.128,0.048,67,38,27,0,32,0,73628.07,16204.739,16750.007,19.079,5844.050,31.151,19437.991,5787.554,794.525,8810.546,7048.437,1133.399,53.533,299.245,0.000171,-0.039789,1034,0,21,6,27,21,18028,55,5,17.787,0,0,0,0,0,0,0
9271,309.0,2581,53,37,1490,1091,0,0,523,445.35,0.839,1.149,0.583,0.058,0.534,-0.972,1.871,0.6552,3.3094,0.670,0.005,0.005,0.128,0.050,83,38,32,0,38,0,78806.68,17650.533,18655.436,30.564,6094.588,31.565,20566.346,6204.683,805.606,9607.496,7685.997,1266.078,111.925,281.784,0.000222,-0.040777,1097,0,18,14,32,18,18626,83,12,24.990,0,0,0,0,0,0,0
9301,310.0,2763,51,38,1554,1209,0,0,549,379.04,0.855,1.165,0.571,0.060,0.522,-0.971,1.870,0.6578,3.3030,0.644,0.007,0.007,0.128,0.055,79,48,14,1,30,0,87323.31,18668.555,22526.246,8.078,6834.741,28.614,21899.494,6724.931,804.966,12067.948,9654.358,530.500,66.619,246.144,0.000187,-0.042732,1190,0,11,3,14,11,18839,65,3,8.075,0,0,0,0,0,0,0
9331,311.0,2979,47,38,1618,1361,0,0,611,390.05,0.875,1.185,0.557,0.062,0.508,-0.971,1.872,0.6565,3.3607,0.640,0.008,0.005,0.128,0.059,86,41,14,0,32,0,94814.38,19862.777,23715.367,2.592,7854.993,29.235,23704.189,7605.790,856.427,13178.589,10542.871,854.210,98.985,334.349,0.000252,-0.044383,1332,0,13,1,14,13,19906,50,0,0.000,0,0,0,0,0,0,0
9361,312.0,3197,54,38,1688,1509,0,0,707,419.70,0.893,1.200,0.543,0.062,0.497,-0.970,1.874,0.6477,3.3167,0.641,0.006,0.005,0.129,0.064,99,52,18,1,27,0,102334.70,21586.695,25365.756,9.834,9465.092,27.430,25849.161,8649.274,988.636,13861.241,11088.993,685.135,152.185,345.325,0.000137,-0.044043,1538,0,14,4,18,14,20866,33,4,9.803,0,0,0,0,0,0,0
9391,313.0,3420,59,38,1760,1660,0,0,812,367.12,0.906,1.217,0.532,0.063,0.487,-0.971,1.873,0.6455,3.3471,0.628,0.005,0.005,0.129,0.066,76,53,22,0,34,0,110261.13,23545.142,27311.614,10.934,11169.693,28.700,27907.702,9471.273,1149.099,14463.464,11570.771,1039.843,74.912,405.737,0.000138,-0.045020,1902,0,17,5,22,17,21723,36,5,10.859,0,0,0,0,0,0,0
9421,314.0,3675,35,38,1850,1825,0,0,930,332.85,0.917,1.230,0.522,0.063,0.479,-0.970,1.873,0.6425,3.3147,0.610,0.009,0.004,0.129,0.068,73,58,21,1,49,0,120468.16,25242.223,31667.693,6.824,11805.377,22.132,30004.577,10245.966,1296.245,16738.482,13390.786,1184.826,194.122,436.282,0.000234,-0.045705,2036,0,17,4,21,17,22673,64,2,4.090,0,0,0,0,0,0,0
9451,315.0,3931,36,37,1919,2012,0,0,1118,327.15,0.934,1.249,0.509,0.066,0.467,-0.971,1.876,0.6481,3.3718,0.612,0.009,0.005,0.130,0.071,79,63,40,0,64,0,128576.39,27314.600,32329.823,36.614,13133.905,24.744,32431.685,11272.811,1531.468,18653.864,14923.092,1977.123,111.619,517.326,0.000230,-0.046850,2251,0,23,17,40,23,23591,63,14,30.405,0,0,0,0,0,0,0
9481,316.0,4200,40,37,2002,2198,0,0,1348,331.34,0.949,1.264,0.501,0.064,0.458,-0.970,1.878,0.6463,3.3711,0.615,0.006,0.004,0.130,0.074,85,43,37,1,89,0,136623.66,29417.616,34429.664,35.302,15449.263,23.358,35021.130,12488.167,1860.706,19120.791,15296.633,1905.346,158.075,577.728,0.000257,-0.049503,2684,0,19,18,37,19,24713,39,12,26.170,0,0,0,0,0,0,0
9511,317.0,4483,51,37,2094,2389,0,0,1594,288.48,0.959,1.277,0.494,0.063,0.451,-0.970,1.880,0.6424,3.3898,0.592,0.006,0.004,0.130,0.075,66,69,24,0,97,0,146028.14,31572.006,37278.558,30.378,17262.986,22.125,37612.753,13506.193,2200.438,20740.243,16592.195,1266.348,160.581,582.102,0.000171,-0.049277,3189,0,11,13,24,11,25469,59,9,24.682,0,0,0,0,0,0,0
9541,318.0,4774,29,37,2165,2609,0,0,1892,301.62,0.975,1.293,0.485,0.060,0.440,-0.970,1.882,0.6491,3.3754,0.579,0.004,0.003,0.131,0.078,71,61,25,0,113,0,153932.53,33600.480,39013.717,14.942,19049.322,19.046,40326.388,14840.839,2635.008,22086.106,17668.885,1765.174,40.256,699.856,0.000229,-0.050811,3584,0,20,5,25,20,26582,65,3,10.838,0,0,0,0,0,0,0
9571,319.0,5026,36,37,2230,2796,0,0,2234,330.65,0.987,1.305,0.475,0.060,0.432,-0.970,1.883,0.6366,3.3486,0.573,0.006,0.003,0.131,0.079,74,62,34,1,150,0,162911.12,35578.548,42604.460,27.739,19753.220,20.836,43143.299,16058.641,3158.397,22373.577,17898.862,1617.458,56.665,722.982,0.000282,-0.050847,3847,0,19,15,34,19,27456,56,12,23.667,0,0,0,0,0,0,0
9601,320.0,5265,43,39,2300,2965,0,0,2629,326.90,0.998,1.314,0.470,0.062,0.427,-0.971,1.885,0.6372,3.3687,0.567,0.007,0.003,0.131,0.081,60,46,66,0,176,0,169021.72,37445.947,43605.510,50.182,20611.396,24.726,45555.003,17232.321,3764.224,23646.669,18917.336,2840.282,62.105,807.771,0.000228,-0.052330,4058,0,40,26,66,40,27993,73,21,42.564,0,0,0,0,0,0,0
9631,321.0,5431,36,39,2338,3093,0,0,2955,332.90,1.008,1.319,0.464,0.062,0.423,-0.971,1.887,0.6304,3.3578,0.568,0.006,0.003,0.131,0.083,62,48,94,1,209,0,174948.97,39490.895,46531.275,69.556,23412.795,20.332,47732.621,18139.623,4366.618,23438.169,18750.535,4200.776,48.533,988.664,0.000380,-0.055954,4738,0,63,31,94,63,28829,96,29,63.556,0,0,0,0,0,0,0
9661,322.0,5579,39,39,2381,3198,0,0,3287,333.46,1.015,1.322,0.460,0.063,0.421,-0.971,1.887,0.6302,3.3627,0.566,0.004,0.003,0.131,0.084,59,49,92,0,244,0,179017.77,41302.318,46207.633,67.746,23118.746,18.587,49389.646,18613.045,4967.182,24167.651,19334.121,4630.490,61.172,1013.841,0.000319,-0.057002,4793,0,63,29,92,63,29246,102,25,62.463,0,0,0,0,0,0,0
9691,323.0,5768,44,39,2448,3320,0,0,3617,310.95,1.022,1.321,0.457,0.063,0.419,-0.971,1.893,0.6270,3.3151,0.549,0.004,0.003,0.131,0.087,75,39,86,0,261,0,184954.48,42297.568,50138.651,53.100,25334.137,18.952,51190.735,19161.353,5529.852,26223.448,20978.759,4289.804,19.826,1116.347,0.000240,-0.056005,5139,0,61,25,86,61,29681,102,24,52.116,0,0,0,0,0,0,0
9721,324.0,5933,37,39,2490,3443,0,0,3923,309.23,1.030,1.326,0.455,0.063,0.416,-0.971,1.893,0.6150,3.3001,0.553,0.003,0.003,0.131,0.088,70,35,79,0,278,0,190333.17,44629.412,50314.813,54.950,26533.637,17.048,52876.366,19962.000,6172.020,25557.895,20446.317,4388.054,21.400,1089.069,0.000276,-0.058055,5544,0,49,30,79,49,30370,109,25,48.162,0,0,0,0,0,0,0
9751,325.0,6000,33,41,2499,3501,0,0,4202,304.88,1.035,1.327,0.451,0.064,0.414,-0.971,1.895,0.6216,3.3293,0.547,0.016,0.029,0.131,0.089,77,28,36,0,296,0,199610.42,45917.903,53396.188,35.440,27613.003,17.007,54407.355,20564.080,6717.961,20023.493,16018.795,3180.139,213.372,984.660,0.000389,-0.061495,5741,0,20,16,36,20,30904,131,16,35.432,0,0,0,0,0,0,0
9781,326.0,5998,26,41,2510,3488,0,0,4364,335.10,1.035,1.323,0.452,0.064,0.415,-0.971,1.897,0.6204,3.3157,0.556,0.019,0.056,0.131,0.090,66,26,27,0,323,0,209016.44,48090.736,53338.625,29.150,28324.981,19.205,54706.213,20528.193,7140.423,17542.598,14034.079,3610.938,1669.444,888.768,0.000334,-0.063727,5781,0,12,15,27,12,30922,84,15,29.129,0,0,0,0,0,0,0
9811,327.0,6000,38,41,2508,3492,0,0,4434,299.74,1.037,1.323,0.451,0.063,0.415,-0.972,1.897,0.6174,3.3269,0.563,0.028,0.070,0.131,0.090,64,25,12,0,325,0,218127.77,48059.861,53963.790,12.795,29082.361,23.852,54775.420,20284.968,7436.733,17368.141,13894.513,3250.251,2824.957,879.164,0.000331,-0.068049,5806,0,5,7,12,5,31421,52,3,6.529,0,0,0,0,0,0,0
9841,328.0,6000,33,41,2497,3503,0,0,4545,369.74,1.041,1.326,0.450,0.060,0.413,-0.972,1.898,0.6153,3.3169,0.565,0.036,0.099,0.131,0.090,53,18,8,1,316,0,228186.89,48641.176,55583.609,13.769,29702.468,20.625,55011.668,20057.059,7664.458,16268.846,13015.077,3110.340,4156.612,925.511,0.000394,-0.072845,5961,0,2,6,8,2,31255,81,3,7.917,0,0,0,0,0,0,0
9871,329.0,6000,32,41,2486,3514,0,0,4619,336.74,1.044,1.327,0.448,0.059,0.412,-0.972,1.899,0.6191,3.2644,0.567,0.038,0.133,0.131,0.091,43,17,3,1,281,0,238318.84,48962.012,56068.593,0.261,31153.917,17.520,55170.556,20262.648,7862.234,14586.388,11669.111,2402.081,5351.074,933.039,0.000345,-0.075813,6122,0,2,1,3,2,31364,72,1,0.228,0,0,0,0,0,0,0
9901,330.0,6000,34,41,2460,3540,0,0,4544,381.99,1.050,1.332,0.445,0.060,0.409,-0.972,1.901,0.6187,3.2872,0.565,0.036,0.161,0.132,0.092,55,21,5,2,279,0,246719.83,49340.462,57271.468,4.058,30721.603,19.244,55392.624,20704.337,7940.809,14944.995,11955.996,3244.865,6971.175,972.199,0.000318,-0.075375,5893,0,3,2,5,3,31236,88,0,0.000,0,0,0,0,0,0,0
9931,331.0,6000,32,41,2441,3559,0,0,4635,367.04,1.054,1.334,0.442,0.059,0.407,-0.972,1.900,0.6115,3.2672,0.572,0.041,0.183,0.132,0.092,45,19,9,1,246,0,251989.86,49165.299,55607.463,12.999,31633.316,20.623,55622.194,20902.635,8047.898,13436.592,10749.274,3652.021,7580.611,1023.054,0.000371,-0.072866,6000,0,5,4,9,5,31053,82,3,10.079,0,0,0,0,0,0,0
9961,332.0,5999,39,41,2406,3593,0,0,4608,418.03,1.062,1.341,0.439,0.061,0.402,-0.972,1.902,0.6182,3.2615,0.576,0.040,0.178,0.132,0.093,49,16,36,0,296,0,255225.27,48977.863,56177.195,28.871,31957.414,16.332,55928.473,20974.938,8091.761,17057.396,13645.917,4866.895,7622.253,1052.728,0.000292,-0.075192,6035,0,20,16,36,20,30832,55,14,26.879,0,0,0,0,0,0,0
9991,333.0,6000,36,41,2364,3636,0,0,4515,477.10,1.072,1.349,0.434,0.061,0.397,-0.971,1.907,0.6094,3.2773,0.601,0.033,0.182,0.132,0.095,39,14,30,1,247,0,256372.81,48225.066,55921.942,26.784,31653.604,18.308,56376.018,21220.007,8005.472,14254.666,11403.733,4423.599,9106.610,1043.598,0.000559,-0.076666,6132,0,12,18,30,12,30634,74,15,22.755,0,0,0,0,0,0,0
10021,334.0,6000,36,41,2334,3666,0,0,4548,429.68,1.079,1.353,0.429,0.061,0.392,-0.971,1.908,0.6088,3.2614,0.584,0.031,0.192,0.133,0.097,45,16,37,1,244,0,256767.55,47420.772,56445.979,16.971,30907.834,16.103,56735.322,21424.000,7976.576,14552.797,11642.238,4188.652,9211.791,1042.080,0.000433,-0.080350,6004,0,22,15,37,22,30275,69,10,10.242,0,0,0,0,0,0,0
10051,335.0,5997,31,41,2288,3709,0,0,4471,449.15,1.088,1.363,0.424,0.060,0.387,-0.972,1.911,0.6106,3.2484,0.594,0.036,0.164,0.133,0.098,38,21,45,0,297,0,250710.69,45994.445,52105.727,44.028,29906.754,14.992,57150.979,21363.017,7961.335,17369.821,13895.857,5471.477,7757.154,1023.130,0.000311,-0.081126,6019,0,23,22,45,23,29885,60,22,43.968,0,0,0,0,0,0,0
10081,336.0,6000,20,41,2254,3746,0,0,4334,408.61,1.097,1.369,0.420,0.060,0.382,-0.972,1.914,0.6122,3.2288,0.595,0.030,0.148,0.133,0.099,35,25,34,0,295,0,246585.09,44247.416,54364.092,24.402,28879.478,21.666,57745.980,21519.501,7807.150,17588.822,14071.057,4814.837,6362.310,993.964,0.000362,-0.080899,5878,0,22,12,34,22,29749,72,11,23.813,0,0,0,0,0,0,0
10111,337.0,5995,26,41,2245,3750,0,0,4337,361.24,1.098,1.370,0.418,0.060,0.381,-0.972,1.917,0.6054,3.2281,0.602,0.026,0.132,0.133,0.100,46,25,11,1,290,0,241547.59,43927.298,51327.552,2.228,28540.631,19.392,58033.745,21854.406,7664.079,15670.313,12536.251,3334.126,5394.520,879.652,0.000251,-0.081092,5923,0,9,2,11,9,29194,63,2,2.198,0,0,0,0,0,0,0
10141,338.0,6000,23,41,2216,3784,0,0,4355,401.17,1.105,1.375,0.415,0.060,0.377,-0.972,1.918,0.6045,3.2335,0.589,0.022,0.109,0.134,0.102,32,29,18,0,323,0,233704.83,42258.250,50705.116,16.201,27237.515,19.850,58327.735,21888.896,7632.476,18521.542,14817.234,3699.870,4704.374,864.667,0.000402,-0.077078,5932,0,11,7,18,11,28700,62,6,15.141,0,0,0,0,0,0,0
10171,339.0,5993,28,41,2195,3798,0,0,4407,392.33,1.109,1.379,0.413,0.060,0.375,-0.972,1.919,0.6073,3.2422,0.600,0.023,0.089,0.134,0.102,43,31,14,0,303,0,222843.52,40283.371,48531.620,6.606,26224.300,18.439,58635.307,21923.064,7708.371,16742.337,13393.869,3486.632,3758.389,822.690,0.000256,-0.075809,5901,0,9,5,14,9,28538,62,5,6.605,0,0,0,0,0,0,0
10201,340.0,6000,15,54,2174,3826,0,0,4326,466.55,1.114,1.383,0.409,0.061,0.372,-0.973,1.920,0.6057,3.2677,0.598,0.016,0.041,0.134,0.103,41,38,25,0,399,0,208173.23,39456.885,45477.497,11.783,25346.857,16.198,58864.879,22161.776,7623.024,23148.217,18518.574,3487.794,2022.714,826.602,0.000320,-0.076149,5771,0,17,8,25,17,28630,67,7,9.709,0,0,0,0,0,0,0
10231,341.0,5993,25,54,2153,3840,0,0,4288,459.07,1.118,1.386,0.407,0.061,0.370,-0.973,1.918,0.6074,3.2563,0.607,0.007,0.018,0.135,0.104,36,40,41,2,347,0,191081.12,37601.164,43291.639,25.770,23908.748,16.390,59161.765,22299.828,7464.976,20523.884,16419.108,3447.496,752.684,779.169,0.000311,-0.075208,5911,0,23,18,41,23,28391,61,17,25.400,0,0,0,0,0,0,0
10261,342.0,5855,21,54,2145,3710,0,0,4170,444.89,1.109,1.375,0.411,0.061,0.375,-0.973,1.920,0.6098,3.2382,0.607,0.002,0.002,0.135,0.102,35,48,13,1,447,0,174507.53,36904.277,41908.424,6.695,21779.826,17.013,58798.783,22306.804,7258.933,17820.567,14256.454,2690.527,103.273,670.550,0.000363,-0.073148,5673,0,7,6,13,7,27912,66,6,6.646,0,0,0,0,0,0,0
10291,343.0,5604,34,54,2121,3483,0,0,4008,397.18,1.095,1.358,0.419,0.059,0.385,-0.972,1.920,0.6044,3.2362,0.605,0.002,0.002,0.136,0.101,41,47,12,0,485,0,160061.69,35523.334,39428.039,8.685,20668.640,12.756,56123.670,20891.576,7022.503,13992.963,11194.371,1901.664,44.341,623.562,0.000304,-0.071541,5423,0,5,7,12,5,27565,84,6,8.288,0,0,0,0,0,0,0
10321,344.0,5239,32,54,2081,3158,0,0,3770,437.52,1.074,1.331,0.432,0.057,0.400,-0.972,1.921,0.5996,3.2430,0.613,0.001,0.002,0.136,0.098,34,67,41,1,486,0,147182.08,33581.901,37375.186,15.657,18800.929,14.336,52767.995,19317.660,6644.627,11101.636,8881.309,2213.277,38.523,649.942,0.000260,-0.071375,4917,0,27,14,41,27,27208,68,11,12.323,0,0,0,0,0,0,0
10351,345.0,4940,24,54,2065,2875,0,0,3453,395.45,1.050,1.304,0.445,0.054,0.416,-0.973,1.923,0.5959,3.2151,0.614,0.003,0.002,0.136,0.095,36,57,38,1,443,0,137371.62,32167.554,35371.536,16.223,16277.210,22.214,48656.689,17201.096,6128.817,11436.742,9149.394,2480.897,23.677,587.250,0.000210,-0.072473,4344,0,28,10,38,28,26319,70,9,14.439,0,0,0,0,0,0,0
10381,346.0,4686,18,54,2032,2654,0,0,3239,458.93,1.033,1.282,0.456,0.053,0.429,-0.972,1.929,0.5952,3.1988,0.611,0.002,0.001,0.135,0.094,47,54,31,1,404,0,128839.27,30675.878,33053.819,17.292,15894.000,23.474,45536.374,16019.382,5633.548,11141.514,8913.212,2322.819,0.000,538.903,0.000160,-0.074097,3982,0,17,14,31,17,26188,52,9,14.180,0,0,0,0,0,0,0
10411,347.0,4425,23,54,1998,2427,0,0,2984,484.37,1.012,1.259,0.468,0.052,0.443,-0.972,1.931,0.5916,3.1515,0.625,0.000,0.001,0.136,0.093,46,65,22,1,386,0,121426.80,28481.879,31269.607,19.495,14541.911,21.641,42750.760,14759.694,5247.429,10027.954,8022.363,1905.564,26.240,488.178,0.000383,-0.078542,3737,0,10,12,22,10,26110,80,9,16.337,0,0,0,0,0,0,0
10441,348.0,4236,27,54,1959,2277,0,0,2783,527.59,0.999,1.243,0.474,0.050,0.451,-0.972,1.937,0.5860,3.1896,0.634,0.000,0.001,0.136,0.092,49,54,16,0,324,0,114743.64,27487.633,28575.350,7.521,13464.905,23.745,40092.998,13731.957,4847.170,9948.819,7959.055,1598.139,47.965,445.670,0.000189,-0.078945,3476,0,9,7,16,9,25529,60,7,7.517,0,0,0,0,0,0,0
10471,349.0,4058,33,54,1929,2129,0,0,2554,531.16,0.983,1.228,0.481,0.050,0.461,-0.972,1.940,0.5804,3.2032,0.621,0.001,0.002,0.136,0.091,53,59,4,0,287,0,108700.33,25985.765,25764.230,1.889,12419.336,23.159,37777.242,12561.708,4409.599,8195.717,6556.574,1035.975,7.709,363.814,0.000176,-0.079184,3154,0,3,1,4,3,24937,59,0,0.000,0,0,0,0,0,0,0
10501,350.0,3903,30,54,1899,2004,0,0,2347,581.36,0.969,1.214,0.485,0.051,0.470,-0.972,1.939,0.5807,3.1811,0.626,0.002,0.002,0.136,0.090,55,65,2,4,244,0,102776.84,24654.506,24289.645,3.203,11794.140,27.296,36131.966,11984.339,4038.937,7429.825,5943.860,781.033,76.402,372.205,0.000196,-0.078644,2982,0,0,2,2,0,24634,43,2,3.203,0,0,0,0,0,0,0
10531,351.0,3688,22,54,1857,1831,0,0,2141,537.78,0.950,1.191,0.495,0.049,0.484,-0.972,1.940,0.5841,3.1686,0.639,0.001,0.003,0.137,0.089,36,65,6,4,267,0,95682.30,23041.642,21424.923,8.160,10695.034,30.558,34107.542,11015.268,3667.034,5948.025,4758.420,1245.835,9.006,334.981,0.000207,-0.078860,2768,0,2,4,6,2,24176,50,1,2.100,0,0,0,0,0,0,0
10561,352.0,3491,19,54,1826,1665,0,0,1982,577.18,0.926,1.167,0.506,0.047,0.500,-0.971,1.940,0.5794,3.1869,0.641,0.002,0.002,0.137,0.085,45,72,5,1,236,0,88924.73,21678.253,19248.077,2.106,9594.287,35.376,31722.614,10085.900,3359.383,5339.057,4271.246,1143.078,6.536,300.673,0.000235,-0.078897,2444,0,2,3,5,2,23728,44,1,1.261,0,0,0,0,0,0,0
10591,353.0,3310,27,54,1781,1529,0,0,1829,660.84,0.907,1.146,0.513,0.047,0.511,-0.971,1.941,0.5716,3.2083,0.661,0.001,0.001,0.137,0.083,52,74,5,3,214,0,83103.96,20653.779,18109.690,5.336,8649.874,41.502,29648.204,9282.422,3131.915,5364.795,4291.836,1163.407,13.793,276.874,0.000201,-0.080437,2212,0,1,4,5,1,23465,38,1,0.753,0,0,0,0,0,0,0
10621,354.0,3165,30,54,1753,1412,0,0,1714,644.61,0.887,1.126,0.522,0.045,0.524,-0.971,1.943,0.5617,3.1785,0.655,0.001,0.001,0.137,0.081,65,73,2,4,177,0,78349.97,19631.492,16585.691,2.741,7804.554,36.340,27864.355,8561.723,2856.859,5102.994,4082.396,413.906,4.395,252.081,0.000221,-0.081759,1956,0,0,2,2,0,23329,46,0,0.000,0,0,0,0,0,0,0
10651,355.0,3017,32,54,1718,1299,0,0,1594,628.22,0.867,1.106,0.533,0.044,0.537,-0.971,1.945,0.5573,3.2094,0.661,0.001,0.001,0.137,0.078,52,61,5,6,160,0,73316.99,18498.677,14991.664,3.839,7397.885,41.691,26113.182,7898.027,2670.322,3861.552,3089.242,801.837,0.000,271.479,0.000096,-0.082119,1799,0,3,2,5,3,22546,35,2,3.823,0,0,0,0,0,0,0
10681,356.0,2864,23,54,1688,1176,0,0,1428,677.83,0.842,1.080,0.543,0.044,0.552,-0.971,1.943,0.5556,3.1946,0.675,0.000,0.001,0.138,0.075,60,60,2,5,176,0,68478.24,17828.325,13148.982,1.104,6673.191,38.780,24469.417,7247.471,2432.992,4032.028,3225.622,645.022,0.000,215.849,0.000188,-0.083674,1617,0,1,1,2,1,22338,33,1,1.104,0,0,0,0,0,0,0
10711,357.0,2733,27,54,1661,1072,0,0,1319,650.35,0.821,1.055,0.552,0.043,0.567,-0.971,1.944,0.5546,3.1943,0.679,0.001,0.001,0.138,0.074,65,69,5,1,142,0,64856.67,16991.315,12407.664,3.473,5866.537,40.542,22806.138,6573.718,2197.572,3836.496,3069.196,471.006,0.000,208.292,0.000162,-0.085008,1445,0,3,2,5,3,21857,49,2,3.472,0,0,0,0,0,0,0
10741,358.0,2619,25,54,1625,994,0,0,1196,696.35,0.805,1.037,0.559,0.043,0.578,-0.972,1.945,0.5512,3.2341,0.672,0.003,0.001,0.138,0.073,63,61,1,1,138,0,63067.69,16353.414,12825.571,2.090,5503.097,49.364,21428.288,5975.714,2009.513,3940.448,3152.358,590.389,0.000,178.064,0.000187,-0.084061,1227,0,0,1,1,0,21595,32,1,2.090,0,0,0,0,0,0,0
10771,359.0,2545,34,54,1601,944,0,0,1090,748.00,0.794,1.024,0.563,0.043,0.585,-0.973,1.948,0.5483,3.1991,0.664,0.002,0.003,0.139,0.072,74,49,6,5,101,0,61177.85,15850.259,11743.546,3.647,5201.796,58.389,20486.282,5622.393,1844.421,3889.694,3111.755,574.785,7.540,173.926,0.000153,-0.085401,1206,0,3,3,6,3,21058,23,2,3.038,0,0,0,0,0,0,0
10801,360.0,2476,26,54,1579,897,0,0,1010,714.58,0.782,1.010,0.568,0.042,0.593,-0.973,1.948,0.5396,3.1643,0.680,0.002,0.003,0.138,0.071,63,59,4,4,91,0,60023.62,15675.129,11256.245,3.010,5060.354,49.144,19795.959,5369.552,1670.023,3829.115,3063.292,315.415,15.668,156.172,0.000131,-0.085957,1126,0,1,3,4,1,20795,28,2,2.515,0,0,0,0,0,0,0
10831,361.0,2404,34,54,1550,854,0,0,893,765.59,0.771,0.999,0.570,0.041,0.599,-0.972,1.951,0.5400,3.2139,0.661,0.005,0.004,0.138,0.070,73,48,1,8,102,0,59901.87,15635.605,11165.822,1.521,4620.540,44.208,18949.778,5082.712,1502.600,3853.378,3082.703,445.982,14.022,158.935,0.000115,-0.085718,1000,0,0,1,1,0,20576,29,1,1.521,0,0,0,0,0,0,0
10861,362.0,2395,45,54,1558,837,0,0,837,708.39,0.765,0.989,0.572,0.042,0.604,-0.971,1.953,0.5367,3.2665,0.678,0.003,0.004,0.138,0.069,62,67,1,2,53,0,61236.52,15663.558,11833.296,1.996,5033.586,50.724,18439.505,4842.843,1365.313,4929.715,3943.772,338.981,19.260,172.357,0.000140,-0.085484,987,0,0,1,1,0,20383,24,0,0.000,0,0,0,0,0,0,0
10891,363.0,2396,34,54,1565,831,0,0,781,658.48,0.760,0.986,0.573,0.041,0.607,-0.972,1.958,0.5360,3.2626,0.662,0.006,0.004,0.138,0.070,80,47,4,2,56,0,63481.33,16142.326,12157.642,4.174,4837.348,58.541,18446.108,4881.449,1264.860,4737.910,3790.328,355.158,0.000,164.170,0.000114,-0.086124,938,0,2,2,4,2,20773,22,1,3.516,0,0,0,0,0,0,0
10921,364.0,2443,43,54,1584,859,0,0,738,681.94,0.764,0.991,0.571,0.041,0.604,-0.971,1.960,0.5249,3.2877,0.658,0.004,0.006,0.138,0.070,68,43,2,2,54,0,66056.78,16044.992,13022.347,0.745,5245.908,59.715,18542.145,5033.125,1182.072,6333.116,5066.493,283.845,0.000,184.821,0.000101,-0.086102,982,0,1,1,2,1,20762,26,1,0.744,0,0,0,0,0,0,0
10951,365.0,2492,40,54,1606,886,0,0,719,643.52,0.767,0.995,0.568,0.041,0.601,-0.971,1.965,0.5214,3.2679,0.656,0.007,0.007,0.138,0.073,72,39,4,1,45,0,70233.92,17079.503,14072.771,2.454,5317.320,51.309,18968.229,5183.977,1127.419,5832.510,4666.008,348.010,4.760,178.693,0.000138,-0.086172,966,0,2,2,4,2,21093,24,0,0.000,0,0,0,0,0,0,0
10981,366.0,2599,46,54,1644,955,0,0,722,623.12,0.778,1.010,0.559,0.041,0.591,-0.971,1.968,0.5190,3.3007,0.649,0.005,0.006,0.138,0.076,85,35,4,0,40,0,75194.16,17809.141,15487.186,7.205,5458.616,48.110,19529.202,5414.547,1111.432,7866.620,6293.296,500.484,34.314,179.983,0.000201,-0.085720,982,0,1,3,4,1,21564,16,3,7.204,0,0,0,0,0,0,0
11011,367.0,2713,42,54,1684,1029,0,0,745,610.53,0.791,1.025,0.548,0.042,0.583,-0.972,1.969,0.5187,3.3018,0.644,0.010,0.006,0.138,0.079,81,38,5,2,49,0,79564.31,18967.390,15902.275,2.075,6720.326,50.132,20718.341,5917.523,1114.584,9008.113,7206.490,628.327,85.990,235.203,0.000178,-0.086614,1192,0,4,1,5,4,22067,31,1,2.073,0,0,0,0,0,0,0
11041,368.0,2872,57,54,1749,1123,0,0,790,638.11,0.803,1.039,0.540,0.041,0.574,-0.971,1.975,0.5141,3.3056,0.625,0.007,0.005,0.138,0.080,72,32,3,3,44,0,85820.87,19868.663,18236.532,6.320,7329.835,44.085,21811.317,6342.410,1168.434,10106.168,8084.934,238.929,10.562,262.076,0.000186,-0.086151,1280,0,0,3,3,0,22583,52,0,0.000,0,0,0,0,0,0,0
11071,369.0,3046,53,54,1808,1238,0,0,848,537.45,0.819,1.058,0.529,0.043,0.563,-0.971,1.980,0.5079,3.3375,0.620,0.007,0.006,0.138,0.084,73,37,6,1,42,0,92726.99,21393.262,19995.226,12.706,8650.707,43.874,23281.484,6960.260,1237.001,11199.600,8959.680,462.156,18.369,295.885,0.000142,-0.085585,1493,0,1,5,6,1,23071,79,3,8.111,0,0,0,0,0,0,0
11101,370.0,3211,54,55,1868,1343,0,0,889,517.91,0.831,1.071,0.520,0.045,0.554,-0.970,1.985,0.5086,3.4128,0.621,0.008,0.004,0.138,0.088,90,45,15,2,49,0,99602.38,22974.967,21113.870,17.663,9716.892,54.899,24743.683,7548.578,1296.690,11681.744,9345.395,885.523,62.911,357.377,0.000196,-0.084644,1647,0,6,9,15,6,23054,72,6,13.872,0,0,0,0,0,0,0
11131,371.0,3445,46,55,1941,1504,0,0,1027,491.52,0.851,1.096,0.508,0.045,0.539,-0.970,1.992,0.5087,3.3603,0.607,0.008,0.004,0.138,0.093,71,49,21,2,44,0,108355.57,24570.884,24795.552,23.013,11182.076,37.750,26459.778,8286.941,1422.432,15080.014,12064.012,984.368,75.120,391.623,0.000153,-0.084057,1941,0,8,13,21,8,24008,82,8,13.485,0,0,0,0,0,0,0
11161,372.0,3658,43,55,2001,1657,0,0,1135,441.86,0.870,1.117,0.496,0.046,0.527,-0.970,1.996,0.5004,3.3319,0.600,0.009,0.004,0.138,0.094,82,35,29,1,51,0,117068.09,26366.026,26989.726,12.805,12864.674,30.372,28667.697,9421.183,1618.644,14374.373,11499.499,1498.515,47.193,527.935,0.000190,-0.083521,2227,0,22,7,29,22,25081,39,4,7.822,0,0,0,0,0,0,0
11191,373.0,3926,43,55,2090,1836,0,0,1304,391.21,0.887,1.133,0.489,0.047,0.516,-0.970,1.999,0.4928,3.3464,0.587,0.008,0.004,0.138,0.096,78,36,24,0,73,0,124922.88,28355.010,28231.205,10.403,14175.696,37.972,30988.237,10207.913,1826.170,17360.641,13888.513,1643.654,58.228,545.499,0.000216,-0.082523,2510,0,18,6,24,18,26440,80,4,7.868,0,0,0,0,0,0,0
11221,374.0,4218,52,55,2189,2029,0,0,1486,387.15,0.902,1.152,0.481,0.047,0.506,-0.969,2.002,0.4956,3.4261,0.584,0.005,0.004,0.139,0.098,74,41,11,1,81,0,132656.05,30432.097,30031.293,17.213,15676.549,33.478,33739.781,11475.944,2121.640,18397.352,14717.882,1118.580,57.801,554.207,0.000213,-0.081928,2905,0,4,7,11,4,27560,43,2,4.053,0,0,0,0,0,0,0
11251,375.0,4450,33,55,2253,2197,0,0,1695,393.48,0.914,1.169,0.471,0.046,0.496,-0.968,2.006,0.4874,3.3366,0.570,0.005,0.004,0.139,0.101,78,49,21,0,108,0,142210.95,32699.164,33549.646,21.251,17865.765,37.238,36021.494,12480.298,2435.680,17900.208,14320.166,1518.593,20.686,658.375,0.000263,-0.078774,3294,0,9,12,21,9,28259,68,8,13.820,0,0,0,0,0,0,0
11281,376.0,4722,45,55,2326,2396,0,0,1989,367.02,0.929,1.189,0.462,0.048,0.486,-0.968,2.008,0.4911,3.4248,0.556,0.003,0.004,0.139,0.103,75,42,22,2,114,0,151431.02,34870.074,35386.371,16.217,19462.404,31.534,38419.139,13440.157,2823.187,20060.496,16048.397,1582.953,64.812,710.247,0.000218,-0.077732,3597,0,14,8,22,14,29071,86,3,4.573,0,0,0,0,0,0,0
11311,377.0,5058,38,55,2420,2638,0,0,2304,403.06,0.944,1.208,0.452,0.049,0.474,-0.968,2.004,0.4886,3.4423,0.555,0.006,0.004,0.140,0.104,72,28,16,0,148,0,160941.16,37125.377,39002.286,15.402,21143.724,25.168,41376.773,14800.516,3337.153,23147.184,18517.747,1622.787,153.795,712.475,0.000281,-0.074712,4112,0,8,8,16,8,30603,95,5,9.924,0,0,0,0,0,0,0
11341,378.0,5328,35,55,2497,2831,0,0,2693,380.26,0.957,1.220,0.446,0.051,0.467,-0.969,2.006,0.4915,3.4276,0.538,0.005,0.004,0.140,0.106,79,45,20,1,149,0,169667.30,39322.137,40121.255,6.307,22504.152,29.707,44345.900,15917.940,3940.984,21678.552,17342.842,1310.293,65.284,807.443,0.000225,-0.074227,4499,0,15,5,20,15,32248,95,2,2.946,0,0,0,0,0,0,0
11371,379.0,5621,28,55,2568,3053,0,0,3147,329.11,0.971,1.236,0.439,0.053,0.458,-0.969,2.005,0.4845,3.3676,0.550,0.006,0.003,0.141,0.109,59,32,20,1,183,0,178969.98,41717.457,44216.258,16.732,24472.805,28.844,47221.342,17210.168,4682.191,23690.250,18952.201,1897.870,18.578,879.549,0.000252,-0.076924,5061,0,12,8,20,12,33108,81,4,7.372,0,0,0,0,0,0,0
11401,380.0,5894,26,55,2660,3234,0,0,3581,348.34,0.978,1.243,0.436,0.054,0.454,-0.969,2.005,0.4837,3.3971,0.537,0.005,0.002,0.142,0.108,61,29,36,3,202,0,185388.58,44437.726,44848.141,18.653,27055.687,23.099,49971.934,18236.208,5500.693,24117.245,19293.797,3298.474,29.403,1025.767,0.000368,-0.077797,5804,0,26,10,36,26,34065,82,8,12.256,0,0,0,0,0,0,0
11431,381.0,5996,37,55,2680,3316,0,0,4025,350.02,0.985,1.249,0.432,0.054,0.450,-0.970,2.004,0.4885,3.3844,0.533,0.014,0.024,0.142,0.108,73,27,51,1,252,0,193727.14,46674.382,47388.204,29.934,27327.274,26.656,52007.146,19145.002,6293.968,19900.630,15920.504,3036.511,208.318,1082.884,0.000276,-0.078705,6004,0,33,18,51,33,35957,109,14,24.223,0,0,0,0,0,0,0
11461,382.0,5998,34,55,2686,3312,0,0,4249,395.54,0.985,1.247,0.434,0.055,0.451,-0.969,2.008,0.4827,3.3906,0.528,0.019,0.054,0.142,0.109,65,18,34,0,311,0,202844.09,48207.860,48600.026,21.181,27907.031,32.072,52394.251,19247.557,6913.598,16728.561,13382.849,3640.624,1125.746,1044.635,0.000259,-0.076042,5777,0,22,12,34,22,35920,89,4,10.814,0,0,0,0,0,0,0
11491,383.0,5998,31,55,2676,3322,0,0,4369,359.57,0.988,1.250,0.433,0.056,0.450,-0.970,2.007,0.4813,3.3807,0.535,0.026,0.084,0.143,0.110,66,25,26,4,303,0,215109.33,50020.044,51621.367,23.387,30346.733,28.920,52495.339,19193.882,7240.634,16396.993,13117.595,3557.711,2548.234,1084.378,0.000356,-0.072497,6086,0,12,14,26,12,35712,144,8,12.698,0,0,0,0,0,0,0
11521,384.0,6000,37,55,2661,3339,0,0,4442,400.41,0.992,1.254,0.433,0.055,0.448,-0.970,2.006,0.4826,3.3884,0.537,0.032,0.106,0.143,0.110,69,17,42,0,272,0,225734.75,50665.993,50252.105,35.017,30504.302,30.215,52701.275,19179.433,7480.589,15528.265,12422.612,3102.864,3632.609,1125.260,0.000372,-0.069511,6157,0,21,21,42,21,35600,170,15,27.971,0,0,0,0,0,0,0
11551,385.0,6000,35,55,2653,3347,0,0,4509,348.82,0.994,1.256,0.434,0.056,0.447,-0.970,2.010,0.4799,3.3712,0.532,0.043,0.148,0.143,0.110,50,11,36,0,277,0,238029.41,51541.471,53510.138,31.766,32283.949,23.790,52891.250,19469.256,7623.403,15079.733,12063.787,4012.672,4541.659,1234.546,0.000362,-0.067278,6356,0,23,13,36,23,35667,158,7,18.324,0,0,0,0,0,0,0
11581,386.0,5996,28,55,2628,3368,0,0,4603,390.49,1.000,1.260,0.432,0.056,0.444,-0.970,2.013,0.4791,3.3500,0.551,0.041,0.173,0.143,0.112,58,13,51,2,241,0,247118.53,52085.526,53808.418,37.153,32743.658,25.908,53205.321,19499.757,7845.299,14286.399,11429.120,5494.458,6678.736,1261.119,0.000430,-0.069716,6252,0,32,19,51,32,35514,106,13,27.509,0,0,0,0,0,0,0
11611,387.0,6000,31,55,2603,3397,0,0,4602,415.29,1.006,1.266,0.428,0.058,0.441,-0.970,2.016,0.4802,3.3524,0.542,0.043,0.202,0.143,0.112,63,12,39,2,230,0,256979.53,52545.891,55458.436,29.003,34019.004,35.412,53517.512,19667.230,7920.420,13526.663,10821.331,4680.347,8429.765,1251.714,0.000629,-0.074057,6362,0,29,10,39,29,35457,118,7,21.889,0,0,0,0,0,0,0
11641,388.0,5996,32,55,2566,3430,0,0,4563,490.38,1.015,1.273,0.424,0.058,0.437,-0.970,2.012,0.4784,3.3545,0.549,0.054,0.235,0.144,0.113,57,18,47,2,219,0,267467.78,53073.661,57958.949,36.899,32744.267,26.350,53833.012,19720.234,7861.356,13404.412,10723.530,5088.553,10097.167,1300.035,0.000405,-0.079924,6135,0,32,15,47,32,35048,135,10,24.385,0,0,0,0,0,0,0
11671,389.0,6000,36,55,2542,3458,0,0,4517,385.45,1.021,1.278,0.422,0.057,0.433,-0.970,2.013,0.4786,3.3273,0.542,0.058,0.253,0.144,0.114,61,16,52,3,186,0,274537.25,52307.521,56405.638,22.674,34176.810,32.712,54228.322,19789.185,7836.166,12485.919,9988.735,4454.024,11497.658,1363.836,0.000526,-0.085919,6086,0,39,13,52,39,34724,102,8,16.750,0,0,0,0,0,0,0
11701,390.0,6000,31,55,2508,3492,0,0,4480,489.93,1.028,1.287,0.418,0.058,0.429,-0.970,2.014,0.4778,3.3416,0.554,0.059,0.258,0.144,0.114,48,18,64,4,208,0,277031.97,52461.757,56317.928,26.596,35146.342,25.781,54577.564,19939.181,7786.103,14019.218,11215.375,7529.646,12175.842,1499.387,0.000522,-0.093268,6231,0,56,8,64,56,34854,127,5,18.850,0,0,0,0,0,0,0
11731,391.0,6000,31,55,2465,3535,0,0,4469,447.61,1.037,1.297,0.416,0.059,0.424,-0.970,2.015,0.4769,3.3559,0.562,0.059,0.262,0.144,0.115,46,11,70,2,192,0,281216.38,52179.471,58344.357,52.809,34292.813,22.464,55107.326,20086.227,7820.844,13322.441,10657.953,6175.846,13124.954,1412.530,0.000673,-0.101914,6127,0,44,26,70,44,34724,167,23,48.827,0,0,0,0,0,0,0
11761,392.0,6000,37,55,2435,3565,0,0,4373,442.18,1.045,1.303,0.413,0.059,0.420,-0.971,2.014,0.4773,3.3701,0.562,0.063,0.261,0.144,0.116,43,18,90,2,191,0,279529.12,51491.523,54663.697,61.953,34939.029,23.544,55634.784,20576.465,7668.943,14229.565,11383.652,7451.202,12208.791,1518.317,0.000473,-0.107527,6397,0,66,24,90,66,34639,133,21,53.089,0,0,0,0,0,0,0
11791,393.0,6000,30,55,2392,3608,0,0,4307,499.93,1.056,1.312,0.410,0.059,0.414,-0.971,2.015,0.4757,3.3781,0.567,0.061,0.246,0.145,0.117,42,13,109,0,210,0,279474.69,50759.461,57907.181,57.203,32978.552,22.012,56098.128,20772.177,7521.884,15949.248,12759.398,8162.446,11492.957,1540.837,0.000564,-0.110716,5991,0,77,32,109,77,33941,99,23,42.417,0,0,0,0,0,0,0
11821,394.0,6000,35,55,2362,3638,0,0,4379,409.08,1.062,1.318,0.408,0.060,0.410,-0.971,2.018,0.4690,3.3487,0.557,0.047,0.245,0.145,0.118,41,15,84,1,191,0,280162.62,49649.834,57644.247,36.706,35526.766,24.386,56530.711,20846.780,7490.338,14049.824,11239.860,6300.788,11131.129,1533.131,0.000404,-0.114661,6242,0,63,21,84,63,33515,77,14,24.384,0,0,0,0,0,0,0
11851,395.0,6000,31,55,2339,3661,0,0,4429,452.20,1.067,1.323,0.406,0.060,0.408,-0.971,2.018,0.4738,3.3326,0.570,0.042,0.236,0.145,0.119,42,15,85,0,210,0,276959.03,48089.988,55990.405,36.351,32492.282,26.560,56923.246,20989.070,7561.339,15152.894,12122.315,7161.746,10151.135,1503.224,0.000557,-0.122112,6006,0,68,17,85,68,33204,87,13,27.845,0,0,0,0,0,0,0
11881,396.0,5998,27,55,2302,3696,0,0,4446,504.20,1.077,1.333,0.403,0.060,0.403,-0.971,2.021,0.4687,3.3573,0.558,0.055,0.212,0.145,0.120,43,17,90,2,194,0,269766.69,46998.359,52468.789,50.761,31368.592,22.524,57340.818,21111.175,7612.885,14598.290,11678.632,7282.853,9015.088,1427.747,0.000442,-0.127063,6009,0,64,26,90,64,32896,82,21,41.229,0,0,0,0,0,0,0
11911,397.0,6000,27,55,2276,3724,0,0,4367,455.71,1.083,1.339,0.401,0.058,0.400,-0.971,2.020,0.4742,3.3627,0.580,0.040,0.182,0.145,0.122,28,18,74,1,257,0,259993.92,45692.042,51192.192,36.136,30971.032,20.774,57827.177,21315.252,7537.445,17026.617,13621.294,8029.231,7237.056,1341.667,0.000322,-0.125022,6151,0,59,15,74,59,32693,69,14,35.188,0,0,0,0,0,0,0
11941,398.0,6000,30,55,2247,3753,0,0,4359,499.40,1.089,1.344,0.398,0.057,0.396,-0.971,2.025,0.4663,3.3244,0.582,0.029,0.158,0.146,0.124,47,26,65,2,247,0,252834.41,45030.861,50950.561,25.931,29848.645,23.343,58158.113,21400.546,7426.811,16522.219,13217.775,5404.517,6185.119,1287.324,0.000355,-0.122088,6036,0,52,13,65,52,32211,107,10,20.759,0,0,0,0,0,0,0
11971,399.0,6000,21,55,2221,3779,0,0,4291,450.98,1.095,1.352,0.396,0.057,0.393,-0.971,2.025,0.4660,3.3366,0.591,0.024,0.124,0.146,0.125,30,20,88,0,244,0,242254.11,43420.710,49301.207,30.532,28738.315,24.180,58560.955,21630.962,7315.903,17054.476,13643.581,6627.057,4423.621,1363.360,0.000373,-0.121665,6056,0,69,19,88,69,32466,150,15,23.677,0,0,0,0,0,0,0
12001,400.0,6000,17,55,2193,3807,0,0,4289,478.52,1.100,1.358,0.394,0.057,0.389,-0.971,2.022,0.4646,3.3184,0.583,0.026,0.090,0.146,0.126,36,37,72,1,281,0,230284.39,42176.885,47818.316,52.167,27879.624,19.825,58844.769,21759.652,7218.887,18807.887,15046.310,5339.623,3917.791,1174.776,0.000398,-0.123926,6102,0,48,24,72,48,32179,134,22,46.649,0,0,0,0,0,0,0
12031,401.0,6000,26,55,2157,3843,0,0,4200,474.77,1.109,1.365,0.392,0.056,0.384,-0.971,2.022,0.4669,3.2795,0.574,0.013,0.056,0.147,0.126,49,25,72,2,330,0,214243.42,39892.963,44613.499,45.306,27370.832,20.743,59214.807,22300.787,7024.246,21067.808,16854.247,4849.227,1850.207,1139.901,0.000306,-0.126977,6216,0,51,21,72,51,31276,152,18,38.642,0,0,0,0,0,0,0
12061,402.0,6000,16,55,2126,3874,0,0,4186,498.61,1.116,1.370,0.389,0.055,0.380,-0.971,2.024,0.4628,3.2870,0.586,0.008,0.010,0.148,0.128,33,44,68,2,346,0,194069.22,37708.345,41660.299,32.896,25118.911,21.550,59601.682,22335.314,6882.921,22277.596,17822.077,4507.042,782.886,1010.373,0.000490,-0.130766,6138,0,47,21,68,47,30552,120,19,29.491,0,0,0,0,0,0,0
12091,403.0,5905,26,55,2136,3769,0,0,4156,495.01,1.106,1.358,0.392,0.054,0.386,-0.971,2.023,0.4618,3.2906,0.597,0.003,0.001,0.147,0.128,32,46,46,1,391,0,175626.00,36545.853,41602.940,8.192,23130.615,17.872,59422.142,21903.566,6764.317,18455.620,14764.496,3783.759,66.981,968.320,0.000395,-0.131267,6171,0,41,5,46,41,30504,124,3,5.667,0,0,0,0,0,0,0
12121,404.0,5635,15,55,2118,3517,0,0,3947,451.67,1.089,1.336,0.401,0.053,0.397,-0.972,2.030,0.4561,3.3000,0.590,0.003,0.001,0.147,0.127,47,56,40,2,438,0,159189.09,35565.957,38092.947,12.100,21112.352,19.096,56980.755,20772.133,6517.241,12639.334,10111.468,2551.218,4.824,753.864,0.000216,-0.130432,5766,0,30,10,40,30,30377,151,7,9.195,0,0,0,0,0,0,0
12151,405.0,5306,20,55,2086,3220,0,0,3678,428.83,1.070,1.310,0.411,0.051,0.412,-0.972,2.029,0.4565,3.2926,0.598,0.002,0.001,0.146,0.124,41,65,53,1,468,0,145459.94,34273.555,36542.421,16.903,19119.391,15.707,53238.625,19116.067,6028.040,12409.558,9927.647,2966.245,0.797,730.359,0.000325,-0.126980,5162,0,43,10,53,43,29920,110,8,14.527,0,0,0,0,0,0,0
12181,406.0,4957,11,55,2073,2884,0,0,3400,487.98,1.041,1.275,0.426,0.051,0.431,-0.972,2.030,0.4568,3.2697,0.588,0.002,0.001,0.145,0.122,48,75,11,3,465,0,135206.17,32049.667,34050.124,8.118,17870.113,24.309,49270.928,17548.445,5573.187,9587.227,7669.782,1481.393,0.210,570.070,0.000337,-0.123416,4789,0,8,3,11,8,29180,137,3,8.080,0,0,0,0,0,0,0
12211,407.0,4694,22,55,2045,2649,0,0,3146,452.28,1.021,1.250,0.438,0.050,0.446,-0.973,2.032,0.4485,3.2648,0.598,0.002,0.000,0.145,0.120,43,51,20,4,392,0,125829.26,30726.045,30941.002,9.571,16669.860,22.541,45654.848,15884.439,5115.520,9507.895,7606.316,1939.838,0.000,557.316,0.000156,-0.122098,4424,0,12,8,20,12,28997,82,7,9.175,0,0,0,0,0,0,0
12241,408.0,4410,21,55,2022,2388,0,0,2869,535.40,0.996,1.218,0.451,0.049,0.463,-0.973,2.034,0.4499,3.2678,0.603,0.002,0.000,0.144,0.119,41,68,26,3,354,0,117504.86,29434.828,28280.522,8.332,15288.884,23.520,42538.853,14647.928,4703.907,7954.065,6363.253,2033.617,0.000,532.956,0.000171,-0.122627,3991,0,19,7,26,19,28699,39,2,1.275,0,0,0,0,0,0,0
12271,409.0,4208,24,55,2010,2198,0,0,2640,529.29,0.973,1.192,0.463,0.049,0.479,-0.972,2.038,0.4451,3.2650,0.614,0.002,0.000,0.143,0.117,32,88,9,7,289,0,110845.68,28046.944,25751.397,5.929,14028.830,28.474,39742.239,13048.809,4279.023,8939.293,7151.435,1172.252,0.000,433.273,0.000162,-0.123252,3608,0,6,3,9,6,28420,27,2,4.205,0,0,0,0,0,0,0
12301,410.0,4048,20,56,2002,2046,0,0,2418,544.11,0.953,1.167,0.474,0.047,0.492,-0.972,2.039,0.4412,3.2248,0.606,0.000,0.000,0.143,0.116,46,64,5,3,258,0,105664.09,26337.414,24361.256,4.607,12985.110,32.078,37393.313,12014.802,3933.426,7869.705,6295.764,582.336,0.000,387.049,0.000204,-0.124062,3256,0,1,4,5,1,27980,36,3,3.514,0,0,0,0,0,0,0
12331,411.0,3884,26,56,1991,1893,0,0,2273,590.87,0.931,1.140,0.483,0.047,0.507,-0.972,2.042,0.4393,3.2562,0.612,0.002,0.000,0.142,0.114,51,65,3,3,244,0,99669.77,25400.002,21683.074,3.126,12220.272,38.245,35659.549,11251.014,3690.842,6898.934,5519.147,725.236,2.062,372.034,0.000169,-0.124857,3018,0,0,3,3,0,27535,57,3,3.126,0,0,0,0,0,0,0
12361,412.0,3735,17,56,1976,1759,0,0,2124,630.12,0.911,1.115,0.493,0.047,0.521,-0.973,2.047,0.4375,3.2615,0.612,0.002,0.000,0.142,0.113,47,81,3,10,213,0,94409.92,24317.277,20376.286,4.773,12066.699,35.586,33565.698,10566.485,3462.244,7298.140,5838.512,521.754,0.000,382.368,0.000233,-0.125687,2907,0,0,3,3,0,27313,48,2,3.101,0,0,0,0,0,0,0
12391,413.0,3554,20,56,1934,1620,0,0,1978,697.05,0.895,1.093,0.500,0.046,0.532,-0.973,2.050,0.4353,3.2490,0.609,0.002,0.001,0.141,0.112,41,77,1,5,219,0,88322.94,22741.143,18231.084,4.228,10201.676,47.133,31627.816,9784.937,3249.915,5626.375,4501.100,939.231,0.000,336.269,0.000294,-0.124075,2639,0,0,1,1,0,26920,56,1,4.228,0,0,0,0,0,0,0
12421,414.0,3342,29,56,1883,1459,0,0,1780,681.14,0.871,1.065,0.510,0.046,0.548,-0.973,2.053,0.4305,3.2196,0.633,0.001,0.001,0.140,0.109,53,82,21,6,213,0,83442.96,21696.824,17636.264,34.753,9246.164,46.001,29423.699,8924.551,2987.548,5015.797,4012.638,1578.035,8.505,322.318,0.000204,-0.123543,2334,0,7,14,21,7,26603,60,13,34.081,0,0,0,0,0,0,0
12451,415.0,3196,18,57,1854,1342,0,0,1655,610.17,0.850,1.040,0.518,0.046,0.561,-0.973,2.052,0.4278,3.1855,0.623,0.001,0.001,0.140,0.108,78,66,21,2,173,0,78679.82,20615.156,15265.640,13.312,8218.244,57.759,27370.580,8097.525,2734.775,5146.614,4117.291,1117.246,15.630,292.170,0.000136,-0.121842,1974,0,12,9,21,12,26242,36,9,13.292,0,0,0,0,0,0,0
12481,416.0,3067,33,57,1828,1239,0,0,1543,690.78,0.830,1.016,0.528,0.044,0.575,-0.974,2.052,0.4250,3.2390,0.626,0.000,0.002,0.139,0.104,57,66,6,6,150,0,73998.07,19608.383,13051.946,7.075,7653.254,51.576,25742.060,7301.405,2542.897,4450.966,3560.773,613.872,9.790,248.937,0.000146,-0.122543,1900,0,0,6,6,0,25435,66,5,6.614,0,0,0,0,0,0,0
12511,417.0,2951,23,57,1807,1143,0,1,1438,637.39,0.809,0.992,0.535,0.042,0.588,-0.973,2.057,0.4204,3.2075,0.630,0.001,0.002,0.139,0.105,58,62,0,2,148,0,71107.09,18751.122,13280.835,0.000,7349.854,53.741,24184.260,6780.952,2397.757,4243.277,3394.622,483.508,5.790,222.011,0.000139,-0.123677,1784,0,0,0,0,0,24529,56,0,0.000,0,0,0,0,0,0,0
12541,418.0,2837,24,57,1774,1062,0,1,1336,772.18,0.793,0.973,0.543,0.043,0.598,-0.973,2.057,0.4187,3.2334,0.638,0.002,0.002,0.139,0.105,61,61,3,10,130,0,68716.76,18222.539,12804.959,3.368,6591.722,56.258,23031.263,6507.820,2251.012,4011.970,3209.576,587.191,44.065,197.455,0.000117,-0.123874,1564,0,0,3,3,0,24253,48,0,0.000,0,0,0,0,0,0,0
12571,419.0,2745,29,57,1749,995,0,1,1247,792.61,0.780,0.955,0.548,0.042,0.608,-0.973,2.059,0.4161,3.2786,0.641,0.001,0.002,0.139,0.106,64,49,3,9,125,0,66624.63,17777.175,11446.546,2.933,6670.697,52.020,21873.759,5886.529,2082.817,3973.439,3178.751,467.087,24.273,189.630,0.000163,-0.123888,1558,0,0,3,3,0,23941,29,0,0.000,0,0,0,0,0,0,0
12601,420.0,2708,27,57,1746,961,0,1,1121,791.46,0.772,0.943,0.551,0.041,0.614,-0.973,2.061,0.4137,3.2885,0.631,0.003,0.001,0.139,0.106,58,40,2,8,90,0,66155.97,17614.708,12037.880,0.725,5987.271,60.243,21106.184,5724.845,1894.904,4472.344,3577.875,323.050,0.000,178.523,0.000141,-0.123595,1347,0,1,1,2,1,23672,42,0,0.000,0,0,0,0,0,0,0
12631,421.0,2657,36,57,1733,923,0,1,1068,736.15,0.761,0.932,0.554,0.042,0.620,-0.973,2.062,0.4133,3.2736,0.642,0.004,0.001,0.139,0.106,77,42,0,2,101,0,66068.87,17632.144,11490.049,0.000,5685.222,65.260,20605.966,5461.208,1751.173,4034.796,3227.837,402.896,0.000,181.098,0.000146,-0.123718,1261,0,0,0,0,0,23615,34,0,0.000,0,0,0,0,0,0,0
12661,422.0,2628,35,57,1735,893,0,0,1010,728.70,0.750,0.922,0.558,0.044,0.628,-0.975,2.066,0.4086,3.2655,0.635,0.005,0.000,0.139,0.106,86,49,4,3,81,0,67362.15,17715.036,12183.320,6.188,5660.811,74.708,20089.188,5225.913,1643.336,4500.999,3600.800,586.490,0.000,166.134,0.000171,-0.124344,1175,0,0,4,4,0,23559,42,0,0.000,0,0,0,0,0,0,0
12691,423.0,2630,40,57,1736,894,0,0,956,764.53,0.750,0.921,0.557,0.044,0.629,-0.976,2.073,0.4084,3.3308,0.629,0.005,0.000,0.138,0.107,69,46,12,6,71,0,69766.50,18154.128,12927.361,12.281,6179.735,70.900,19851.223,5124.701,1524.025,5754.044,4603.235,839.383,0.000,199.274,0.000149,-0.124227,1218,0,5,7,12,5,23605,34,4,8.665,0,0,0,0,0,0,0
12721,424.0,2667,48,57,1755,912,0,0,904,731.94,0.752,0.923,0.554,0.046,0.627,-0.976,2.079,0.4024,3.3083,0.629,0.006,0.000,0.138,0.110,88,38,10,4,67,0,72907.22,18815.349,13290.704,22.359,6498.281,62.345,19983.663,5288.671,1438.961,6682.050,5345.640,739.664,0.000,200.321,0.000175,-0.126167,1225,0,2,8,10,2,23692,28,6,18.959,0,0,0,0,0,0,0
12751,425.0,2728,43,57,1769,959,0,0,895,746.84,0.762,0.935,0.547,0.046,0.619,-0.975,2.081,0.4043,3.3372,0.623,0.007,0.002,0.138,0.113,81,41,12,7,53,0,76848.66,19004.210,14529.906,15.700,6587.699,72.374,20340.036,5337.503,1381.792,7449.521,5959.617,823.167,0.000,235.980,0.000221,-0.125939,1228,0,5,7,12,5,23577,38,6,13.833,0,0,0,0,0,0,0
12781,426.0,2836,51,57,1821,1015,0,0,903,727.59,0.767,0.944,0.544,0.047,0.615,-0.976,2.087,0.4011,3.3863,0.615,0.005,0.002,0.138,0.116,89,45,2,5,35,0,81425.85,19998.128,15013.757,2.645,7298.090,65.616,21081.712,5843.349,1348.551,8130.209,6504.167,270.541,15.137,252.001,0.000153,-0.125782,1311,0,0,2,2,0,23668,40,2,2.645,0,0,0,0,0,0,0
12811,427.0,2976,46,57,1879,1097,0,0,946,730.59,0.778,0.960,0.537,0.047,0.607,-0.976,2.087,0.3964,3.3749,0.598,0.004,0.002,0.138,0.117,91,27,6,2,47,0,86502.38,21205.915,16321.190,8.760,8539.936,59.974,22202.252,6255.229,1393.448,9166.944,7333.555,498.671,10.197,266.149,0.000162,-0.124472,1511,0,2,4,6,2,24195,46,3,3.738,0,0,0,0,0,0,0
12841,428.0,3152,38,57,1945,1207,0,0,1023,633.12,0.796,0.978,0.528,0.048,0.595,-0.976,2.096,0.3927,3.2800,0.586,0.006,0.002,0.138,0.122,88,35,2,2,40,0,93265.49,22235.448,19199.510,3.668,9296.195,57.309,23536.750,6771.714,1468.222,10970.281,8776.225,380.133,25.480,299.163,0.000156,-0.123331,1678,0,0,2,2,0,24672,80,0,0.000,0,0,0,0,0,0,0
12871,429.0,3322,36,57,1998,1324,0,0,1088,640.47,0.814,1.001,0.518,0.049,0.583,-0.975,2.097,0.3912,3.3363,0.582,0.006,0.003,0.139,0.123,94,24,3,1,48,0,100411.73,23823.443,20386.828,5.518,10116.127,68.490,25160.186,7374.006,1544.876,10608.535,8486.828,555.872,10.297,302.606,0.000230,-0.121930,1831,0,1,2,3,1,25272,45,2,5.518,0,0,0,0,0,0,0
12901,430.0,3534,34,57,2069,1465,0,0,1196,580.22,0.833,1.025,0.510,0.051,0.570,-0.975,2.098,0.3936,3.3204,0.577,0.006,0.003,0.140,0.125,93,35,4,2,54,0,107728.12,25640.816,21879.033,4.697,11843.565,64.179,27019.941,8047.469,1669.835,13356.498,10685.198,442.847,0.000,356.773,0.000183,-0.120913,2096,0,1,3,4,1,26036,67,0,0.000,0,0,0,0,0,0,0
12931,431.0,3731,46,57,2139,1592,0,0,1300,440.39,0.846,1.046,0.503,0.051,0.561,-0.975,2.097,0.3917,3.3607,0.572,0.007,0.003,0.141,0.127,75,36,14,0,63,0,115716.55,27451.087,23944.907,18.502,13373.639,47.744,28929.895,8852.592,1850.989,13265.513,10612.411,694.986,48.621,395.882,0.000222,-0.119078,2369,0,4,10,14,4,26674,49,8,16.096,0,0,0,0,0,0,0
12961,432.0,3982,44,57,2214,1768,0,0,1468,416.27,0.864,1.072,0.493,0.052,0.548,-0.975,2.099,0.3903,3.3583,0.553,0.006,0.002,0.141,0.131,83,44,12,0,66,0,123705.85,29582.316,25866.629,8.315,14949.582,53.370,31071.400,9642.739,2078.911,16177.296,12941.837,955.733,31.566,452.144,0.000192,-0.118659,2737,0,6,6,12,6,27370,46,1,1.786,0,0,0,0,0,0,0
12991,433.0,4227,35,57,2279,1948,0,0,1635,475.98,0.884,1.096,0.482,0.054,0.534,-0.975,2.099,0.3922,3.4049,0.560,0.008,0.002,0.142,0.134,89,35,3,1,98,0,133722.20,31671.796,29593.355,4.435,17586.899,56.491,33472.654,10628.756,2369.399,16883.121,13506.497,848.464,71.125,486.212,0.000207,-0.116773,3154,0,0,3,3,0,28151,109,1,1.552,0,0,0,0,0,0,0
13021,434.0,4525,37,57,2370,2155,0,0,1910,391.28,0.902,1.118,0.474,0.052,0.523,-0.975,2.100,0.3892,3.4014,0.531,0.006,0.003,0.142,0.136,84,43,2,0,90,0,142968.03,33841.587,31235.842,2.516,18864.165,46.870,36230.049,11936.147,2736.328,18997.711,15198.169,588.766,1.102,542.192,0.000164,-0.116090,3595,0,0,2,2,0,29093,120,0,0.000,0,0,0,0,0,0,0
13051,435.0,4822,38,57,2457,2365,0,0,2204,400.15,0.918,1.139,0.467,0.052,0.512,-0.975,2.104,0.3859,3.3676,0.526,0.004,0.003,0.143,0.138,83,45,16,0,109,0,151271.47,36025.490,33863.746,25.805,19995.543,50.535,39042.895,13108.655,3251.643,20663.076,16530.461,1474.891,22.187,578.725,0.000286,-0.114617,3961,0,6,10,16,6,29937,104,7,16.806,0,0,0,0,0,0,0
13081,436.0,5082,40,57,2529,2553,0,0,2601,465.30,0.932,1.158,0.461,0.053,0.502,-0.975,2.111,0.3894,3.3987,0.536,0.006,0.002,0.142,0.139,74,31,29,2,126,0,158829.94,38628.909,35589.406,31.044,22463.439,47.561,41780.580,14266.831,3861.064,19895.340,15916.272,2070.786,34.693,697.866,0.000251,-0.113001,4565,0,14,15,29,14,31016,98,11,24.531,0,0,0,0,0,0,0
13111,437.0,5340,30,57,2587,2753,0,0,2999,390.68,0.949,1.179,0.454,0.053,0.493,-0.975,2.112,0.3865,3.3751,0.517,0.006,0.002,0.143,0.141,80,38,18,1,152,0,167362.44,40945.616,39354.291,13.287,23567.682,51.262,44425.255,15631.287,4558.510,21348.018,17078.415,2095.585,34.194,766.256,0.000287,-0.112732,4876,0,10,8,18,10,31276,104,4,7.205,0,0,0,0,0,0,0
13141,438.0,5606,32,57,2648,2958,0,0,3412,391.07,0.965,1.195,0.447,0.054,0.483,-0.974,2.116,0.3864,3.3668,0.518,0.007,0.002,0.142,0.142,73,35,22,0,183,0,176089.55,43743.072,41718.143,14.999,26733.628,38.680,47193.880,16889.919,5320.690,22854.300,18283.440,1941.545,53.553,778.666,0.000294,-0.111725,5459,0,11,11,22,11,31518,82,6,6.778,0,0,0,0,0,0,0
13171,439.0,5896,39,57,2711,3185,0,0,3775,413.93,0.981,1.214,0.440,0.055,0.474,-0.975,2.119,0.3897,3.3828,0.515,0.004,0.001,0.142,0.144,65,25,18,1,221,0,183799.81,45501.106,44538.789,15.487,27838.105,40.270,49960.641,18045.541,5984.631,25360.791,20288.633,2449.628,6.827,825.687,0.000300,-0.112157,6075,0,9,9,18,9,31895,160,2,0.367,0,0,0,0,0,0,0
13201,440.0,6000,31,60,2745,3255,0,0,4097,360.76,0.983,1.217,0.439,0.055,0.472,-0.975,2.122,0.3845,3.4157,0.510,0.008,0.020,0.143,0.145,73,29,14,3,258,0,191845.83,47872.062,45351.052,21.614,28498.934,34.530,52443.893,19200.532,6663.756,18538.073,14830.459,2157.632,208.171,817.115,0.000346,-0.112891,6226,0,5,9,14,5,32299,183,6,13.145,0,0,0,0,0,0,0
13231,441.0,5999,35,60,2757,3242,0,0,4257,372.92,0.981,1.214,0.441,0.055,0.474,-0.975,2.123,0.3869,3.3903,0.516,0.020,0.052,0.143,0.145,69,21,11,4,278,0,203050.20,49635.338,47933.286,15.800,28916.969,42.497,52717.412,18990.252,7138.193,14513.665,11610.933,2265.538,1575.161,790.751,0.000272,-0.111053,6236,0,2,9,11,2,32481,176,6,10.836,0,0,0,0,0,0,0
13261,442.0,6000,27,60,2758,3242,0,0,4366,381.90,0.982,1.213,0.440,0.055,0.473,-0.975,2.126,0.3825,3.3567,0.509,0.029,0.096,0.143,0.146,75,21,5,0,288,0,215996.08,51676.423,49385.670,6.130,31704.268,33.088,52882.396,18700.515,7368.084,14679.371,11743.497,2331.355,3079.372,824.759,0.000258,-0.111694,6428,0,2,3,5,2,32733,96,0,0.000,0,0,0,0,0,0,0
13291,443.0,5998,29,60,2748,3250,0,0,4435,368.37,0.985,1.216,0.439,0.055,0.472,-0.976,2.127,0.3850,3.3743,0.512,0.032,0.137,0.143,0.146,65,23,9,2,262,0,230441.16,52701.094,52340.429,17.935,32059.360,40.265,52948.247,18917.691,7549.570,13798.024,11038.419,2734.800,4818.112,886.361,0.000327,-0.109292,6317,0,3,6,9,3,32673,133,3,9.314,0,0,0,0,0,0,0
13321,444.0,6000,22,60,2733,3267,0,0,4462,430.45,0.989,1.221,0.438,0.057,0.470,-0.975,2.128,0.3804,3.3896,0.514,0.040,0.188,0.143,0.146,52,15,14,3,241,0,244683.64,54493.993,54551.649,15.803,34189.429,33.230,53229.966,18884.528,7727.912,12972.976,10378.381,3751.868,7676.090,953.992,0.000289,-0.109540,6497,0,8,6,14,8,32705,173,2,5.421,0,0,0,0,0,0,0
13351,445.0,5998,38,60,2701,3297,0,0,4522,419.36,0.996,1.228,0.435,0.056,0.466,-0.976,2.127,0.3839,3.3789,0.514,0.048,0.221,0.144,0.145,66,22,17,0,204,0,258096.86,54818.109,54557.234,29.561,34619.371,35.960,53560.325,19024.423,7843.581,11442.780,9154.224,2814.584,9543.021,917.195,0.000346,-0.111046,6335,0,2,15,17,2,32271,99,11,20.609,0,0,0,0,0,0,0
13381,446.0,5999,38,60,2669,3330,0,0,4529,395.65,1.003,1.236,0.432,0.056,0.461,-0.976,2.126,0.3831,3.3628,0.523,0.055,0.267,0.145,0.145,49,10,14,0,200,0,271875.84,55388.807,57747.023,8.729,36105.137,33.891,53943.795,19314.750,7907.117,10951.935,8761.548,3483.866,11600.652,925.003,0.000411,-0.112588,6342,0,6,8,14,6,31748,124,6,6.858,0,0,0,0,0,0,0
13411,447.0,5998,36,60,2641,3357,0,0,4516,405.83,1.009,1.241,0.429,0.057,0.457,-0.976,2.128,0.3819,3.3298,0.532,0.075,0.295,0.145,0.146,60,12,10,1,223,0,282586.84,56177.371,57933.634,14.712,35034.383,32.700,54295.192,19338.147,7854.140,11658.738,9326.990,4581.698,14086.993,926.805,0.000378,-0.112825,6185,0,3,7,10,3,31327,109,5,9.864,0,0,0,0,0,0,0
13441,448.0,6000,27,60,2625,3375,0,0,4512,429.14,1.012,1.245,0.428,0.057,0.455,-0.976,2.131,0.3793,3.3552,0.520,0.076,0.321,0.145,0.147,49,14,16,0,204,0,291273.62,56693.614,57477.388,18.296,38380.302,24.592,54578.657,19083.798,7805.537,11146.826,8917.461,3946.427,16886.554,972.167,0.000469,-0.115110,6468,0,6,10,16,6,31228,102,7,14.214,0,0,0,0,0,0,0
13471,449.0,5996,42,60,2592,3404,0,0,4496,532.62,1.019,1.252,0.426,0.058,0.451,-0.976,2.133,0.3805,3.3882,0.525,0.082,0.348,0.145,0.148,60,15,16,0,181,0,299513.34,55940.857,59627.944,27.326,38469.811,28.931,54934.501,19508.065,7774.351,9953.445,7962.756,3905.062,18220.443,1023.298,0.000272,-0.116073,6480,0,4,12,16,4,30759,106,9,23.723,0,0,0,0,0,0,0
13501,450.0,6000,26,64,2578,3422,0,0,4495,518.40,1.022,1.255,0.424,0.057,0.449,-0.976,2.136,0.3814,3.3850,0.528,0.069,0.368,0.146,0.149,45,11,9,1,175,0,305653.72,56165.306,57458.208,18.938,37489.137,27.778,55237.053,19677.259,7751.814,9372.697,7498.158,4445.649,17546.836,968.932,0.000332,-0.118831,6387,0,2,7,9,2,30400,87,5,14.356,0,0,0,0,0,0,0
13531,451.0,5998,31,64,2539,3459,0,0,4491,510.90,1.029,1.263,0.421,0.058,0.443,-0.976,2.139,0.3803,3.3360,0.547,0.076,0.382,0.146,0.150,57,5,15,1,161,0,310541.44,56205.944,57127.904,27.454,38149.176,26.730,55649.909,19778.214,7704.507,8806.355,7045.084,4268.425,18306.108,1005.145,0.000381,-0.118281,6382,0,1,14,15,1,29967,129,12,22.181,0,0,0,0,0,0,0
13561,452.0,6000,25,64,2513,3487,0,0,4444,599.40,1.035,1.268,0.419,0.057,0.440,-0.976,2.139,0.3814,3.3522,0.548,0.072,0.403,0.146,0.151,52,10,11,0,173,0,317052.62,56342.889,60934.560,16.068,38292.318,28.021,56075.307,19818.217,7629.251,9366.232,7492.986,4307.241,20078.442,1000.631,0.000370,-0.115504,6416,0,2,9,11,2,29428,85,5,7.910,0,0,0,0,0,0,0
13591,453.0,6000,36,64,2490,3510,0,0,4473,477.26,1.039,1.274,0.417,0.058,0.436,-0.976,2.138,0.3801,3.3736,0.546,0.071,0.399,0.146,0.151,43,10,5,1,156,0,319794.06,55656.687,58081.157,3.100,38945.641,21.464,56461.067,19994.689,7569.077,8393.533,6714.826,4112.921,20080.686,1102.377,0.000326,-0.114320,6536,0,4,1,5,4,29215,154,1,3.096,0,0,0,0,0,0,0
13621,454.0,6000,32,64,2456,3544,0,0,4475,536.97,1.046,1.282,0.414,0.059,0.432,-0.976,2.136,0.3813,3.3720,0.548,0.075,0.407,0.147,0.152,46,11,10,0,160,0,322008.53,54577.586,59397.026,5.647,37509.689,28.648,56952.958,20147.432,7554.399,8733.811,6987.049,3919.725,20397.756,1046.758,0.000294,-0.112821,6356,0,3,7,10,3,28657,126,4,2.331,0,0,0,0,0,0,0
13651,455.0,6000,25,66,2429,3571,0,0,4479,617.84,1.053,1.288,0.411,0.059,0.428,-0.976,2.138,0.3817,3.3930,0.552,0.071,0.402,0.147,0.153,52,10,10,2,144,0,319893.50,53206.189,55375.526,2.905,37768.680,29.475,57388.682,20314.069,7504.583,8108.116,6486.493,3609.820,19267.648,993.211,0.000293,-0.113942,6426,0,7,3,10,7,28519,88,1,1.880,0,0,0,0,0,0,0
13681,456.0,6000,22,66,2397,3603,0,0,4488,659.78,1.059,1.295,0.409,0.059,0.424,-0.976,2.137,0.3796,3.3547,0.550,0.058,0.385,0.147,0.153,46,11,9,3,141,0,315931.53,51807.237,54618.659,20.206,35933.588,29.240,57890.345,20714.494,7461.810,7974.346,6379.477,3457.276,18334.360,954.905,0.000401,-0.117888,6232,0,1,8,9,1,28102,68,7,18.242,0,0,0,0,0,0,0
13711,457.0,5995,24,66,2373,3622,0,0,4471,607.52,1.063,1.301,0.407,0.058,0.421,-0.976,2.136,0.3798,3.3318,0.559,0.055,0.362,0.148,0.153,45,13,9,1,176,0,310550.56,50607.858,53801.304,17.391,34448.587,26.523,58278.143,20997.089,7424.071,9389.666,7511.733,4059.492,16236.773,934.037,0.000480,-0.122036,6082,0,3,6,9,3,27804,63,2,4.356,0,0,0,0,0,0,0
13741,458.0,5999,23,66,2330,3669,0,0,4489,707.49,1.072,1.312,0.402,0.059,0.415,-0.976,2.137,0.3796,3.3625,0.559,0.051,0.340,0.148,0.154,40,9,8,2,174,0,302998.81,48514.841,51783.438,6.238,34409.653,24.398,58777.938,20976.328,7382.258,9554.705,7643.764,3610.840,14315.898,882.071,0.000460,-0.122498,6310,0,3,5,8,3,27646,52,1,1.063,0,0,0,0,0,0,0
13771,459.0,5996,22,66,2311,3685,0,0,4432,575.92,1.075,1.316,0.401,0.059,0.413,-0.976,2.135,0.3800,3.3464,0.576,0.044,0.305,0.149,0.153,46,15,8,2,219,0,293557.91,47411.706,50243.032,12.268,32217.890,31.574,59270.287,20883.249,7315.112,11623.428,9298.742,4523.859,11986.068,804.637,0.000508,-0.122641,6125,0,3,5,8,3,27281,50,3,8.459,0,0,0,0,0,0,0
13801,460.0,6000,24,67,2283,3717,0,0,4367,647.78,1.080,1.323,0.398,0.059,0.409,-0.976,2.135,0.3791,3.3730,0.566,0.039,0.261,0.149,0.153,34,14,5,2,219,0,281121.53,45431.271,46914.994,1.903,31038.102,22.339,59618.443,20868.512,7204.253,11766.335,9413.068,3717.604,10186.264,836.193,0.000385,-0.118731,6040,0,3,2,5,3,26837,42,0,0.000,0,0,0,0,0,0,0
13831,461.0,5998,16,67,2252,3746,0,0,4373,602.21,1.085,1.330,0.395,0.059,0.405,-0.976,2.137,0.3819,3.3740,0.568,0.034,0.224,0.149,0.154,30,19,15,3,217,0,269933.19,43694.956,47680.127,13.461,29502.758,22.786,60070.028,21173.551,7148.126,12259.983,9807.987,2851.397,8076.385,805.413,0.000385,-0.119917,6081,0,7,8,15,7,26540,63,4,8.202,0,0,0,0,0,0,0
13861,462.0,6000,19,67,2221,3779,0,0,4321,620.86,1.089,1.337,0.392,0.059,0.401,-0.976,2.138,0.3800,3.3480,0.562,0.029,0.178,0.149,0.156,27,24,5,2,241,0,253819.42,41301.227,44747.296,11.650,27746.380,26.028,60438.621,21422.135,7123.471,13300.783,10640.626,3352.676,6405.634,771.241,0.000455,-0.118449,6136,0,2,3,5,2,26111,70,2,11.429,0,0,0,0,0,0,0
13891,463.0,6000,18,67,2193,3807,0,0,4229,679.66,1.095,1.343,0.389,0.060,0.397,-0.976,2.140,0.3758,3.3418,0.574,0.024,0.129,0.150,0.158,30,28,10,2,271,0,234966.41,39507.566,41054.529,7.911,25963.828,19.557,60686.996,21478.447,6991.989,15119.842,12095.874,2725.344,3845.707,670.578,0.000362,-0.119984,5955,0,5,5,10,5,25726,30,2,3.255,0,0,0,0,0,0,0
13921,464.0,6000,21,67,2167,3833,0,0,4237,613.96,1.100,1.350,0.386,0.059,0.394,-0.976,2.145,0.3770,3.3630,0.566,0.013,0.074,0.150,0.159,35,27,9,3,319,0,212944.66,37210.504,39397.879,8.679,24715.611,24.573,60944.660,21796.107,6906.152,17483.962,13987.170,2325.034,2523.663,646.406,0.000228,-0.118437,6051,0,4,5,9,4,25082,39,4,5.189,0,0,0,0,0,0,0
13951,465.0,6000,11,68,2160,3840,0,0,4170,587.66,1.102,1.349,0.386,0.059,0.393,-0.976,2.145,0.3752,3.3053,0.575,0.004,0.016,0.150,0.159,43,34,7,6,356,0,188554.45,35725.245,37189.494,7.090,22685.817,24.997,61068.154,22044.129,6865.244,19512.451,15609.961,1713.712,1123.835,594.459,0.000313,-0.118792,6033,0,3,4,7,3,24729,59,0,0.000,0,0,0,0,0,0,0
13981,466.0,5767,15,68,2136,3631,0,0,4064,583.44,1.090,1.333,0.393,0.059,0.401,-0.976,2.145,0.3751,3.2927,0.574,0.000,0.001,0.150,0.159,38,53,3,7,476,0,162871.80,34073.884,34871.525,3.416,20810.669,20.146,60146.046,21607.847,6773.416,14625.766,11700.613,2627.866,30.910,520.246,0.000186,-0.118927,5909,0,1,2,3,1,24481,65,2,3.416,0,0,0,0,0,0,0
14011,467.0,5356,18,68,2094,3262,0,0,3797,616.36,1.066,1.301,0.404,0.060,0.417,-0.976,2.149,0.3683,3.3257,0.582,0.001,0.000,0.149,0.159,42,84,5,5,490,0,140289.64,32138.837,30998.467,3.890,18106.563,20.460,56025.502,19554.123,6499.418,8041.550,6433.240,1546.532,5.753,483.714,0.000345,-0.120467,5408,0,1,4,5,1,24016,141,3,3.317,0,0,0,0,0,0,0
14041,468.0,4886,18,68,2051,2835,0,0,3441,600.04,1.033,1.258,0.421,0.059,0.440,-0.976,2.149,0.3731,3.3397,0.590,0.000,0.000,0.148,0.158,31,82,5,4,541,0,123228.95,30586.474,29344.905,7.168,16206.181,20.532,50675.920,17234.386,6002.352,7685.541,6148.433,1126.400,0.000,423.075,0.000237,-0.121800,4718,0,2,3,5,2,23131,47,3,7.168,0,0,0,0,0,0,0
14071,469.0,4459,25,68,2004,2455,0,0,3090,667.70,0.997,1.213,0.438,0.058,0.463,-0.977,2.148,0.3709,3.2856,0.598,0.000,0.001,0.147,0.155,25,75,4,10,473,0,110518.40,29119.748,26361.849,2.767,14412.366,18.767,45109.768,14820.751,5397.969,6454.155,5163.324,1226.851,0.000,348.740,0.000192,-0.121158,4059,0,0,4,4,0,22757,25,1,0.293,0,0,0,0,0,0,0
14101,470.0,4098,30,68,1961,2137,0,0,2741,675.31,0.963,1.168,0.454,0.056,0.486,-0.977,2.154,0.3637,3.3059,0.605,0.001,0.000,0.145,0.155,50,68,2,11,413,0,102148.88,27242.702,24952.154,2.730,12911.374,35.417,40189.130,13027.965,4786.566,6187.178,4949.742,993.070,1.171,331.768,0.000184,-0.121012,3401,0,0,2,2,0,22090,54,2,2.730,0,0,0,0,0,0,0
14131,471.0,3809,26,68,1937,1872,0,0,2419,584.32,0.927,1.123,0.473,0.056,0.510,-0.976,2.157,0.3655,3.2492,0.597,0.000,0.000,0.144,0.154,48,76,4,5,337,0,95577.22,25931.078,22087.343,3.168,11590.853,36.632,36403.888,11351.568,4194.399,6081.449,4865.159,1132.061,0.000,295.049,0.000174,-0.122126,3052,0,0,4,4,0,21660,29,2,2.045,0,0,0,0,0,0,0
14161,472.0,3608,18,68,1902,1706,0,0,2145,705.24,0.903,1.097,0.484,0.053,0.525,-0.977,2.158,0.3614,3.2414,0.601,0.000,0.000,0.143,0.153,54,62,7,1,282,0,91154.75,24467.070,20968.461,2.547,10405.276,42.741,33269.785,10208.370,3743.163,6993.430,5594.744,946.163,0.000,294.372,0.000120,-0.122523,2600,0,4,3,7,4,20974,36,2,0.985,0,0,0,0,0,0,0
14191,473.0,3466,23,68,1887,1579,0,0,1920,701.19,0.882,1.071,0.494,0.054,0.539,-0.977,2.161,0.3592,3.2873,0.602,0.002,0.001,0.142,0.152,57,59,3,8,199,0,86635.88,23173.315,18348.705,2.010,10059.751,49.364,31177.428,9304.478,3277.203,5658.973,4527.178,890.398,2.674,258.928,0.000125,-0.123438,2392,0,2,1,3,2,21004,37,0,0.000,0,0,0,0,0,0,0
14221,474.0,3329,26,68,1870,1459,0,0,1722,682.27,0.860,1.046,0.503,0.054,0.553,-0.977,2.165,0.3671,3.2579,0.607,0.000,0.001,0.141,0.152,51,64,5,7,183,0,82646.35,21937.362,16937.516,0.953,9065.224,56.952,29397.612,8599.568,2926.691,5406.768,4325.414,586.746,32.225,241.163,0.000151,-0.122840,2084,0,4,1,5,4,20878,35,1,0.952,0,0,0,0,0,0,0
14251,475.0,3195,32,69,1833,1362,0,0,1552,763.24,0.846,1.029,0.509,0.054,0.562,-0.977,2.172,0.3598,3.3379,0.615,0.001,0.001,0.139,0.152,58,74,4,9,158,0,78828.48,20936.181,15721.236,3.819,8349.902,63.909,27890.577,8083.166,2617.055,5109.797,4087.838,584.399,73.760,208.188,0.000171,-0.122125,1944,0,2,2,4,2,20229,37,1,1.724,0,0,0,0,0,0,0
14281,476.0,3091,32,69,1831,1260,0,0,1446,716.29,0.825,1.000,0.519,0.054,0.578,-0.978,2.173,0.3609,3.2785,0.624,0.001,0.002,0.138,0.152,53,76,3,6,124,0,76192.56,20508.107,14592.214,2.647,8069.763,66.674,26458.492,7522.624,2387.100,4657.745,3726.196,189.751,41.512,207.862,0.000229,-0.119863,1799,0,0,3,3,0,19953,38,2,1.807,0,0,0,0,0,0,0
14311,477.0,2987,29,69,1812,1175,0,0,1381,784.79,0.809,0.978,0.526,0.055,0.589,-0.977,2.176,0.3590,3.2500,0.618,0.001,0.002,0.137,0.152,63,71,0,12,122,0,73706.86,19525.919,13992.372,0.000,7417.023,66.862,25222.389,7045.819,2207.563,4500.250,3600.200,407.338,34.611,186.229,0.000124,-0.119415,1711,0,0,0,0,0,19848,43,0,0.000,0,0,0,0,0,0,0
14341,478.0,2883,24,69,1792,1091,0,0,1291,778.29,0.792,0.957,0.533,0.056,0.601,-0.977,2.183,0.3552,3.2314,0.612,0.002,0.002,0.136,0.153,61,71,0,5,131,0,71297.45,19080.415,12507.579,0.000,6988.272,67.059,24015.365,6400.506,2085.389,4401.965,3521.572,390.348,41.183,184.213,0.000116,-0.119928,1565,0,0,0,0,0,19501,26,0,0.000,0,0,0,0,0,0,0
14371,479.0,2813,25,69,1779,1034,0,0,1207,860.65,0.780,0.940,0.539,0.057,0.610,-0.978,2.185,0.3560,3.2106,0.605,0.002,0.003,0.135,0.154,62,58,1,8,110,0,69720.64,18500.090,12326.142,2.501,6547.664,69.870,22976.549,5965.251,1938.399,4633.258,3706.606,431.308,5.942,161.441,0.000108,-0.119739,1384,0,0,1,1,0,19061,36,1,2.501,0,0,0,0,0,0,0
14401,480.0,2759,21,70,1778,981,0,0,1151,724.30,0.764,0.922,0.544,0.057,0.620,-0.978,2.189,0.3502,3.2350,0.612,0.001,0.002,0.134,0.154,57,69,0,6,90,0,69874.50,18362.811,12812.647,0.000,6731.929,65.598,22100.237,5635.774,1811.497,4727.564,3782.052,352.887,4.869,170.832,0.000278,-0.116663,1394,0,0,0,0,0,19086,55,0,0.000,0,0,0,0,0,0,0
14431,481.0,2713,32,70,1771,942,0,0,1079,832.71,0.752,0.908,0.549,0.056,0.626,-0.978,2.192,0.3456,3.2501,0.615,0.001,0.002,0.133,0.153,70,49,1,7,89,0,69726.86,18527.079,11569.605,2.648,6180.262,77.032,21517.666,5407.678,1730.720,4236.371,3389.097,587.847,0.341,155.442,0.000230,-0.114130,1247,0,0,1,1,0,18877,25,0,0.000,0,0,0,0,0,0,0
14461,482.0,2730,47,70,1780,950,0,0,1057,827.12,0.754,0.910,0.547,0.057,0.626,-0.978,2.200,0.3458,3.3950,0.620,0.002,0.003,0.132,0.156,80,46,1,9,56,0,71838.97,18928.652,12975.565,0.000,6452.563,75.508,21166.189,5419.680,1630.576,5522.844,4418.275,296.340,9.851,164.908,0.000161,-0.114662,1251,0,1,0,1,1,19015,29,0,0.000,0,0,0,0,0,0,0
14491,483.0,2791,32,70,1799,992,0,0,1028,876.31,0.761,0.923,0.541,0.058,0.620,-0.977,2.205,0.3435,3.3481,0.603,0.002,0.002,0.131,0.157,74,44,1,9,49,0,73742.39,19147.976,13497.435,0.706,6909.541,71.093,21582.875,5637.345,1605.087,6962.917,5570.333,353.061,10.041,161.699,0.000147,-0.116115,1336,0,0,1,1,0,19051,18,0,0.000,0,0,0,0,0,0,0
14521,484.0,2828,30,70,1821,1007,0,0,1029,798.41,0.760,0.924,0.540,0.059,0.619,-0.977,2.208,0.3417,3.3577,0.598,0.003,0.004,0.131,0.158,65,43,3,3,68,0,76474.80,19769.837,14234.061,1.070,7102.345,64.539,21958.759,5662.553,1571.104,6473.487,5178.790,558.448,25.769,201.224,0.000165,-0.115871,1390,0,2,1,3,2,19185,54,0,0.000,0,0,0,0,0,0,0
14551,485.0,2927,45,70,1863,1064,0,0,1036,738.48,0.768,0.934,0.535,0.061,0.614,-0.976,2.213,0.3402,3.3866,0.589,0.002,0.003,0.131,0.161,73,40,1,3,41,0,80114.67,20608.047,15024.757,0.000,7748.815,70.403,22373.704,5972.232,1600.481,7708.135,6166.508,300.263,0.000,204.631,0.000202,-0.116839,1479,0,1,0,1,1,19107,48,0,0.000,0,0,0,0,0,0,0
14581,486.0,3008,43,70,1903,1105,0,0,1048,752.32,0.772,0.940,0.532,0.062,0.612,-0.977,2.213,0.3369,3.3504,0.598,0.001,0.003,0.130,0.161,75,45,4,6,50,0,84915.38,22035.115,16241.528,1.243,8147.404,76.956,23212.646,6357.663,1602.670,7766.792,6213.434,438.393,73.697,238.741,0.000130,-0.117047,1484,0,3,1,4,3,19645,41,0,0.000,0,0,0,0,0,0,0
14611,487.0,3144,32,70,1952,1192,0,0,1075,714.65,0.784,0.959,0.524,0.063,0.603,-0.976,2.214,0.3440,3.3602,0.589,0.002,0.003,0.131,0.162,68,37,2,3,49,0,91489.62,23129.000,18262.517,3.467,8836.810,76.372,24078.052,6692.771,1661.852,9717.181,7773.745,131.169,85.239,228.225,0.000150,-0.117467,1608,0,0,2,2,0,19918,45,1,1.362,0,0,0,0,0,0,0
14641,488.0,3268,35,70,2002,1266,0,0,1119,662.99,0.794,0.972,0.520,0.065,0.596,-0.976,2.218,0.3396,3.3506,0.593,0.001,0.003,0.130,0.165,65,38,5,2,71,0,97883.23,24650.875,18944.737,7.632,10299.076,64.831,25166.497,7172.677,1703.408,10144.269,8115.415,783.768,67.133,287.304,0.000173,-0.116840,1854,0,2,3,5,2,20270,64,3,7.632,0,0,0,0,0,0,0
14671,489.0,3479,45,70,2097,1382,0,0,1213,585.44,0.806,0.987,0.513,0.066,0.588,-0.976,2.219,0.3408,3.4268,0.580,0.003,0.004,0.130,0.167,74,28,4,0,61,0,104444.58,26402.617,19879.797,2.266,10704.600,74.715,26636.209,7634.244,1829.842,12558.644,10046.916,664.118,120.681,326.506,0.000194,-0.116254,1954,0,2,2,4,2,20628,28,2,2.266,0,0,0,0,0,0,0
14701,490.0,3703,39,70,2174,1529,0,0,1356,528.22,0.823,1.014,0.504,0.066,0.575,-0.975,2.222,0.3383,3.3642,0.564,0.004,0.004,0.131,0.168,73,33,6,1,66,0,113709.33,28490.436,23597.321,4.906,13125.514,64.667,28597.185,8404.921,2026.434,13998.277,11198.622,619.737,27.507,352.476,0.000332,-0.116080,2310,0,3,3,6,3,21352,72,2,3.736,0,0,0,0,0,0,0
14731,491.0,3959,45,70,2264,1695,0,0,1521,569.35,0.839,1.037,0.494,0.067,0.563,-0.975,2.227,0.3359,3.4300,0.554,0.005,0.002,0.131,0.171,94,23,4,3,76,0,121545.03,30751.074,24119.571,3.767,14304.801,53.269,30841.144,9501.678,2296.817,15337.024,12269.620,926.874,43.907,360.883,0.000203,-0.116848,2523,0,3,1,4,3,22046,56,0,0.000,0,0,0,0,0,0,0
14761,492.0,4244,38,70,2371,1873,0,0,1727,482.64,0.854,1.058,0.484,0.069,0.553,-0.975,2.227,0.3349,3.3893,0.542,0.004,0.003,0.132,0.173,65,42,0,1,90,0,131705.91,32810.015,28456.287,0.000,16450.799,49.785,33405.208,10391.962,2584.274,17887.660,14310.128,649.638,56.971,439.849,0.000248,-0.117135,2946,0,0,0,0,0,22943,48,0,0.000,0,0,0,0,0,0,0
14791,493.0,4557,32,70,2486,2071,0,0,1942,515.34,0.870,1.081,0.476,0.068,0.542,-0.975,2.231,0.3387,3.4504,0.529,0.002,0.001,0.132,0.174,80,26,4,5,91,0,140873.33,35197.397,29942.102,1.149,18532.470,44.621,36147.618,11563.451,2989.346,18482.992,14786.394,1021.833,36.849,517.528,0.000222,-0.118449,3341,0,2,2,4,2,23921,49,0,0.000,0,0,0,0,0,0,0
14821,494.0,4861,31,70,2582,2279,0,0,2255,507.33,0.886,1.103,0.467,0.067,0.530,-0.975,2.238,0.3356,3.4144,0.504,0.003,0.001,0.132,0.177,87,37,6,0,117,0,149593.47,37582.115,32655.467,4.906,20921.988,47.940,38971.984,12962.447,3453.131,19923.251,15938.601,1545.160,14.794,590.172,0.000216,-0.118915,3944,0,3,3,6,3,24610,52,0,0.000,0,0,0,0,0,0,0
14851,495.0,5117,36,70,2651,2466,0,0,2644,448.63,0.904,1.122,0.457,0.068,0.519,-0.974,2.247,0.3335,3.4872,0.508,0.002,0.001,0.133,0.181,77,41,10,2,148,0,158790.89,40173.111,35217.235,9.338,22758.295,43.321,41811.446,14116.405,4031.832,20341.880,16273.504,1524.425,0.538,649.248,0.000254,-0.117180,4419,0,5,5,10,5,24706,62,3,6.457,0,0,0,0,0,0,0
14881,496.0,5410,31,70,2742,2668,0,0,2965,377.17,0.917,1.138,0.451,0.068,0.511,-0.975,2.254,0.3304,3.4829,0.501,0.000,0.001,0.133,0.183,77,37,21,1,158,0,168747.58,42867.304,38813.515,8.779,24521.803,36.167,44551.362,14968.043,4671.362,22533.042,18026.434,2309.685,4.502,721.346,0.000281,-0.115464,4861,0,16,5,21,16,25348,98,5,8.730,0,0,0,0,0,0,0
14911,497.0,5682,33,70,2826,2856,0,0,3319,510.57,0.931,1.152,0.445,0.068,0.503,-0.975,2.258,0.3294,3.4317,0.510,0.002,0.001,0.134,0.183,67,24,25,2,193,0,176889.05,46206.466,38558.297,10.992,26939.085,39.679,47351.745,16314.068,5239.725,22738.594,18190.876,2217.721,177.137,786.174,0.000226,-0.116505,5447,0,20,5,25,20,26207,130,4,9.103,0,0,0,0,0,0,0
14941,498.0,5990,31,70,2906,3084,0,0,3710,374.42,0.947,1.171,0.437,0.069,0.493,-0.975,2.265,0.3285,3.4162,0.486,0.003,0.002,0.134,0.184,78,28,26,1,198,0,187161.25,48875.648,43202.194,16.161,28562.123,37.753,50122.200,17513.047,5878.985,25106.683,20085.347,2272.920,118.155,895.150,0.000280,-0.115721,5929,0,16,10,26,16,26362,119,7,9.930,0,0,0,0,0,0,0
14971,499.0,6000,32,70,2913,3087,0,0,4095,411.98,0.949,1.170,0.438,0.069,0.494,-0.975,2.268,0.3255,3.4351,0.491,0.014,0.051,0.133,0.185,73,31,48,3,207,0,198559.95,50797.116,45100.209,40.229,30933.361,39.213,52040.572,18273.745,6575.646,13542.709,10834.168,3130.925,796.095,1013.329,0.000204,-0.114800,6431,0,28,20,48,28,26196,86,19,37.675,0,0,0,0,0,0,0
15001,500.0,6000,25,75,2900,3100,0,0,4287,445.38,0.953,1.173,0.439,0.068,0.492,-0.975,2.270,0.3267,3.4357,0.492,0.025,0.090,0.133,0.187,65,13,33,1,279,0,211512.31,52912.275,47323.164,38.917,31303.085,46.008,52206.353,18481.910,7102.521,14928.446,11942.757,3052.403,2552.621,940.501,0.000353,-0.114052,6536,0,8,25,33,8,26061,114,23,37.669,0,0,0,0,0,0,0
