tick,sim_second,organisms,food,species,plants,grazers,hunters,omnivores,infected,avg_lifespan,avg_body_size,avg_speed,avg_armor,avg_attack,avg_photo,avg_diet,avg_photo_area,avg_speed_plants,avg_speed_eaters,avg_light_share,ready_share_plants,ready_share_eaters,avg_disease_resistance,avg_symbiosis_rate,symbiotic_pairs,deaths_starvation,deaths_predation,deaths_old_age,deaths_disease,deaths_event,energy_total,flow_photosynthesis,flow_food,flow_predation,flow_grazing,flow_symbiosis,flow_metabolism,flow_movement,flow_disease,flow_reproduction_spent,flow_reproduction_received,flow_death,flow_clamp,flow_digestion,ledger_max_residual,ledger_cumulative_residual,grazes_eat,grazes_attack,kills_consumer,kills_plant,grazer_kills,grazer_kills_consumer,attacks_no_plant_in_reach,grazes_eat_by_plant,kills_plant_by_consumer,plant_kill_energy_consumer,hunter_intents,hunter_strikes,hunter_consumer_in_reach,hunter_kills_consumer,hunter_rejected_size,hunter_rejected_damage,hunter_rejected_both
31,1.0,501,7694,0,145,183,73,100,0,12.34,0.829,0.836,0.226,0.172,0.204,-0.263,1.567,0.3278,1.4960,0.840,0.469,0.073,0.097,0.015,43,0,38,0,0,0,25259.92,1388.123,7781.058,69.533,75.453,14.564,2332.947,898.924,0.000,4892.362,3913.890,1839.266,853.495,196.076,0.000089,-0.000679,34,0,29,9,16,13,3747,28,9,13.560,805,68,48,8,0,40,0
61,2.0,681,6726,0,148,370,70,93,0,23.22,0.822,0.886,0.201,0.155,0.160,-0.500,1.571,0.3273,1.7703,0.840,0.493,0.084,0.089,0.022,60,0,41,0,0,0,31370.95,1344.514,13548.669,99.821,78.854,19.634,2886.769,1239.528,0.000,7969.637,6375.709,1929.109,1086.837,145.798,0.000112,-0.001626,16,0,35,6,14,11,5755,2,6,8.362,761,113,76,19,0,37,20
91,3.0,1098,5256,0,151,777,73,97,0,28.02,0.805,0.968,0.183,0.158,0.115,-0.663,1.563,0.3333,2.0997,0.859,0.483,0.059,0.081,0.026,89,0,32,0,0,0,45270.78,1418.464,24545.486,63.734,146.876,22.334,4180.771,2065.427,0.000,15868.255,12694.604,1468.335,1084.222,155.451,0.000134,-0.001457,29,0,29,3,14,12,10207,0,3,8.232,727,119,87,16,0,68,3
121,4.0,1796,3221,0,153,1472,75,96,3,34.69,0.796,1.043,0.172,0.159,0.086,-0.748,1.585,0.3182,2.3880,0.811,0.438,0.047,0.076,0.030,102,13,83,0,0,0,66746.55,1417.464,41177.665,89.170,336.790,24.622,6917.163,3929.518,0.397,27815.961,22252.769,3143.706,1324.236,330.316,0.000161,-0.000538,42,0,78,5,53,49,19751,2,5,21.142,793,121,107,17,0,90,0
151,5.0,2197,1577,29,151,1878,69,99,14,53.60,0.800,1.074,0.187,0.165,0.078,-0.763,1.603,0.3115,2.4722,0.815,0.417,0.032,0.076,0.030,136,33,190,0,0,0,74654.00,1421.688,34377.929,151.243,412.297,20.306,9777.895,5417.231,10.160,22070.567,17656.454,6303.437,1521.810,598.766,0.000151,0.000569,39,0,180,10,127,122,27167,1,10,31.436,776,202,172,21,0,149,2
181,6.0,2318,555,29,152,2011,62,93,19,71.10,0.790,1.088,0.192,0.168,0.077,-0.771,1.607,0.3120,2.5071,0.809,0.349,0.026,0.075,0.031,108,61,256,0,3,0,71309.68,1435.797,25301.844,158.285,653.486,20.110,11391.850,6350.296,33.671,15334.898,12267.918,8017.640,522.950,856.860,0.000233,0.001041,66,0,252,4,187,183,30006,2,4,27.736,742,173,170,34,0,133,3
211,7.0,2142,292,29,149,1865,51,77,32,102.66,0.779,1.090,0.185,0.165,0.079,-0.778,1.614,0.3083,2.5267,0.813,0.342,0.025,0.075,0.032,70,154,210,0,7,0,60762.79,1433.850,14222.247,199.871,739.363,11.972,11164.501,6883.615,47.826,6699.361,5359.489,6150.719,242.055,574.268,0.000130,0.000726,68,0,202,8,125,117,28679,0,8,34.784,683,160,150,42,0,106,2
241,8.0,1866,276,29,150,1620,35,61,37,127.39,0.768,1.088,0.174,0.163,0.084,-0.788,1.610,0.3192,2.5600,0.793,0.300,0.026,0.075,0.033,63,233,147,0,7,0,51379.86,1450.609,10244.915,144.973,686.672,10.223,9708.370,6129.829,62.090,3848.703,3078.962,3955.091,152.033,446.281,0.000142,0.000204,81,0,140,7,86,80,24390,5,7,24.496,606,152,141,36,0,100,5
271,9.0,1614,331,29,140,1399,26,49,30,142.98,0.763,1.084,0.162,0.166,0.087,-0.796,1.603,0.3117,2.5731,0.792,0.321,0.028,0.075,0.032,54,188,117,0,9,0,43794.27,1423.763,8729.725,108.816,490.910,9.399,8282.987,5219.067,62.046,2171.279,1737.023,3253.264,218.073,378.197,0.000110,-0.000355,78,0,102,15,76,66,20943,19,15,32.699,492,125,109,26,3,78,1
301,10.0,1402,419,29,142,1196,18,46,26,150.98,0.762,1.070,0.142,0.158,0.095,-0.805,1.603,0.3105,2.5505,0.783,0.310,0.029,0.075,0.032,40,207,95,0,6,0,40343.36,1442.484,9945.785,51.921,371.835,9.510,7049.341,4364.054,48.211,3374.903,2699.922,2266.744,174.704,313.068,0.000088,-0.000865,77,0,92,3,66,64,17880,45,3,3.306,374,67,59,20,0,39,0
331,11.0,1298,466,29,149,1108,10,31,30,187.65,0.759,1.064,0.126,0.146,0.102,-0.830,1.619,0.3209,2.5966,0.786,0.295,0.034,0.074,0.032,42,158,68,0,2,0,39808.00,1532.955,11027.038,62.271,245.366,6.174,6279.188,3774.694,48.390,4359.175,3487.340,1849.978,147.957,185.577,0.000102,-0.000961,52,0,66,2,37,37,15764,29,2,0.074,261,46,44,22,0,21,1
361,12.0,1277,501,29,151,1095,5,26,28,206.90,0.759,1.064,0.112,0.134,0.104,-0.848,1.624,0.3103,2.6374,0.783,0.285,0.030,0.073,0.034,55,112,58,0,4,0,41714.75,1641.957,13142.114,50.935,369.668,5.945,5905.618,3586.501,49.994,5496.029,4396.824,1835.576,242.093,209.275,0.000099,-0.000427,43,0,54,4,45,41,14898,16,4,20.770,134,10,10,7,1,2,0
391,13.0,1348,556,29,167,1163,0,18,38,216.40,0.760,1.065,0.099,0.124,0.107,-0.870,1.637,0.3066,2.6715,0.758,0.263,0.035,0.072,0.037,53,80,55,0,2,0,45261.76,1785.068,14967.515,27.315,507.362,4.989,5998.022,3781.255,58.487,7283.191,5826.553,1514.879,235.563,188.037,0.000154,-0.001593,36,0,52,3,41,38,15200,0,3,7.201,36,4,4,4,0,0,0
421,14.0,1448,544,29,175,1259,0,14,38,205.01,0.762,1.068,0.097,0.121,0.104,-0.878,1.640,0.3303,2.7191,0.713,0.251,0.035,0.072,0.040,72,61,46,0,3,0,49207.67,1901.976,16070.241,51.099,561.709,6.388,6395.790,4090.717,64.782,7429.250,5943.400,1465.220,409.464,165.581,0.000094,-0.002070,40,0,38,8,36,28,16499,0,8,34.657,0,0,0,0,0,0,0
451,15.0,1569,575,21,186,1372,0,11,39,199.64,0.762,1.069,0.092,0.115,0.103,-0.886,1.643,0.3310,2.7380,0.713,0.231,0.038,0.070,0.041,63,79,61,0,1,0,53767.20,2004.898,18065.326,36.489,493.005,7.944,6884.039,4317.098,65.985,9201.535,7361.228,1757.904,454.517,227.334,0.000181,-0.003262,61,0,54,7,56,49,18197,17,7,30.335,0,0,0,0,0,0,0
481,16.0,1722,566,21,199,1516,0,7,35,193.38,0.766,1.069,0.089,0.110,0.102,-0.894,1.650,0.3257,2.7270,0.738,0.201,0.041,0.070,0.042,63,63,62,0,7,0,59593.26,2314.218,20573.405,26.482,685.192,7.505,7470.862,4767.354,63.749,10100.356,8080.285,1812.585,664.940,288.482,0.000135,-0.004170,90,0,58,4,58,54,19955,27,4,16.584,0,0,0,0,0,0,0
511,17.0,1957,507,21,212,1740,0,5,36,182.10,0.764,1.073,0.080,0.110,0.097,-0.900,1.662,0.3345,2.7531,0.704,0.189,0.033,0.069,0.042,69,61,62,0,2,0,66200.93,2532.734,23579.369,20.943,994.054,5.707,8397.723,5570.933,57.703,12719.244,10175.395,2065.329,577.726,312.118,0.000156,-0.004599,111,0,56,6,60,54,22808,13,6,14.311,0,0,0,0,0,0,0
541,18.0,2112,510,21,214,1893,0,5,39,176.29,0.767,1.075,0.076,0.103,0.093,-0.904,1.653,0.3224,2.7513,0.689,0.196,0.033,0.068,0.044,55,69,81,0,4,0,70257.47,2690.827,22712.510,46.857,891.221,5.493,9208.544,6475.501,61.483,11044.363,8835.490,2404.923,689.580,344.746,0.000174,-0.005558,100,0,69,12,76,64,25554,20,12,38.129,0,0,0,0,0,0,0
571,19.0,2272,481,21,235,2032,0,5,37,176.46,0.770,1.073,0.077,0.102,0.094,-0.907,1.651,0.3225,2.7548,0.664,0.174,0.033,0.068,0.043,65,103,77,0,8,0,74806.71,2871.476,24653.111,25.588,998.622,4.572,9912.187,7148.520,62.007,12383.487,9906.790,2229.224,824.269,348.025,0.000108,-0.005986,135,0,72,5,75,70,27437,45,5,20.065,0,0,0,0,0,0,0
601,20.0,2408,478,20,253,2150,0,5,36,185.24,0.769,1.074,0.075,0.100,0.095,-0.912,1.659,0.3295,2.7761,0.668,0.166,0.030,0.067,0.043,62,104,109,0,7,0,79065.69,3198.657,26074.020,46.070,1331.524,5.385,10565.130,7492.579,58.662,12563.223,10050.578,3458.524,454.359,517.874,0.000184,-0.006806,195,0,97,12,106,94,29327,82,12,38.525,0,0,0,0,0,0,0
631,21.0,2534,426,20,276,2254,0,4,45,187.08,0.773,1.070,0.076,0.095,0.097,-0.914,1.665,0.3257,2.7686,0.646,0.141,0.031,0.067,0.044,60,124,124,0,3,0,82234.63,3644.515,26490.789,25.379,1306.525,5.114,11319.515,8053.852,61.265,13555.719,10844.575,3659.308,640.432,546.225,0.000190,-0.007778,220,0,117,7,124,117,30666,92,7,22.488,0,0,0,0,0,0,0
661,22.0,2634,447,20,295,2335,0,4,57,175.26,0.775,1.068,0.075,0.092,0.099,-0.918,1.661,0.3261,2.7597,0.647,0.125,0.033,0.068,0.045,69,130,149,0,4,0,85931.73,3906.805,28191.998,33.273,1562.528,4.804,11736.206,8208.222,75.165,13706.233,10964.987,4190.859,787.759,695.525,0.000260,-0.008210,301,0,139,10,147,137,31164,151,10,28.513,0,0,0,0,0,0,0
691,23.0,2771,449,20,309,2460,0,2,62,193.01,0.776,1.072,0.074,0.088,0.099,-0.921,1.662,0.3179,2.7598,0.632,0.136,0.029,0.067,0.045,59,129,129,0,5,0,89860.61,4123.494,29182.534,53.779,1693.439,6.032,12430.815,8756.532,94.300,14268.765,11415.012,3964.926,755.845,574.748,0.000188,-0.009108,304,0,113,16,127,111,32627,153,15,49.039,0,0,0,0,0,0,0
721,24.0,2930,449,20,339,2590,0,1,74,190.57,0.775,1.067,0.074,0.085,0.101,-0.924,1.669,0.3290,2.7756,0.607,0.109,0.028,0.067,0.045,75,140,158,0,10,0,94481.77,4367.962,31631.011,36.108,1687.244,6.162,13029.513,9059.478,113.353,16622.482,13297.986,4791.053,416.537,679.484,0.000138,-0.009942,204,0,149,9,158,149,34157,54,9,33.231,0,0,0,0,0,0,0
751,25.0,3070,399,20,376,2693,0,1,102,190.50,0.774,1.061,0.075,0.082,0.104,-0.925,1.672,0.3288,2.7722,0.600,0.077,0.030,0.067,0.045,70,135,169,0,4,0,99075.08,4686.051,32927.354,27.655,1854.509,6.633,13637.695,9628.884,146.614,15915.152,12732.122,4996.888,714.659,739.991,0.000198,-0.010440,333,0,162,7,169,162,35428,147,7,24.801,0,0,0,0,0,0,0
781,26.0,3181,392,20,391,2789,0,1,121,176.18,0.773,1.062,0.074,0.080,0.104,-0.926,1.667,0.3286,2.7729,0.624,0.074,0.030,0.067,0.044,62,124,181,0,9,0,101466.92,5151.132,31587.615,75.859,2189.377,6.655,14330.720,10172.848,189.902,15124.035,12099.228,5265.348,741.104,698.035,0.000134,-0.009567,306,0,160,21,181,160,36992,69,21,72.798,0,0,0,0,0,0,0
811,27.0,3285,388,20,440,2844,0,1,158,209.05,0.775,1.054,0.075,0.078,0.111,-0.929,1.674,0.3354,2.7747,0.591,0.070,0.029,0.067,0.043,69,178,138,0,14,0,105224.42,5466.879,31652.149,13.845,2607.582,6.927,14751.586,10120.180,236.851,15635.938,12508.750,3836.337,619.579,683.651,0.000126,-0.009124,400,0,136,2,138,136,37143,118,2,12.038,0,0,0,0,0,0,0
841,28.0,3402,385,20,465,2936,0,1,209,225.68,0.776,1.051,0.076,0.074,0.113,-0.930,1.676,0.3314,2.7629,0.598,0.056,0.032,0.067,0.043,63,158,160,0,18,0,109795.12,6116.950,33581.808,59.562,2678.307,6.728,15228.108,10417.053,321.988,16258.888,13007.111,4676.284,610.273,682.136,0.000136,-0.008147,417,0,140,20,160,140,38346,124,20,57.884,0,0,0,0,0,0,0
871,29.0,3519,355,20,488,3030,0,1,258,204.80,0.778,1.050,0.077,0.074,0.114,-0.931,1.677,0.3447,2.7509,0.595,0.059,0.031,0.067,0.042,72,124,167,0,21,0,113231.35,6532.482,33658.960,72.842,2578.652,5.667,15820.574,11120.512,404.756,15414.882,12331.906,5058.823,584.988,755.434,0.000249,-0.005065,457,0,144,23,167,144,39973,147,23,71.035,0,0,0,0,0,0,0
901,30.0,3637,340,20,532,3104,0,1,338,205.29,0.781,1.046,0.077,0.072,0.119,-0.934,1.677,0.3438,2.7533,0.607,0.049,0.030,0.067,0.040,64,156,176,0,27,0,115464.12,7091.177,33918.325,52.910,3596.872,5.465,16514.039,11763.577,516.359,17092.037,13673.630,5066.590,818.436,732.234,0.000350,-0.002980,470,0,160,16,176,160,41297,65,16,50.416,0,0,0,0,0,0,0
931,31.0,3635,353,20,562,3072,0,1,386,209.71,0.782,1.042,0.078,0.070,0.124,-0.934,1.678,0.3358,2.7628,0.598,0.048,0.033,0.067,0.039,69,156,254,0,62,0,113680.77,7689.397,32411.575,85.263,3070.260,5.804,16781.230,11833.069,623.653,16798.803,13439.043,7552.888,752.828,1066.151,0.000205,-0.001602,443,0,224,30,250,221,41738,88,29,77.427,0,0,0,0,0,0,0
961,32.0,3658,380,20,611,3046,0,1,458,207.65,0.779,1.035,0.080,0.067,0.132,-0.935,1.683,0.3456,2.7520,0.599,0.049,0.032,0.067,0.038,78,187,177,0,44,0,115657.65,8182.678,32516.191,39.056,3050.493,5.662,16792.484,11645.356,727.985,15259.024,12207.219,5006.992,696.829,839.604,0.000197,-0.001624,476,0,164,13,176,163,41488,121,13,36.298,0,0,0,0,0,0,0
991,33.0,3698,346,20,658,3039,0,1,570,230.15,0.777,1.026,0.080,0.064,0.138,-0.937,1.675,0.3451,2.7543,0.596,0.049,0.032,0.068,0.037,69,154,216,0,57,0,117754.80,8675.021,33522.497,92.247,3548.358,6.021,16926.386,11451.497,879.349,16513.882,13211.106,5972.129,757.610,902.857,0.000202,-0.001882,523,0,189,27,214,187,41560,110,27,81.822,0,0,0,0,0,0,0
1021,34.0,3757,313,20,694,3062,0,1,668,229.21,0.781,1.023,0.082,0.064,0.142,-0.937,1.684,0.3473,2.7504,0.586,0.045,0.033,0.068,0.035,71,148,180,0,68,0,120281.23,9359.621,33104.252,94.326,4484.295,6.718,17202.667,11273.101,1056.773,16417.854,13134.284,5714.869,578.764,922.033,0.000246,-0.002577,667,0,149,31,172,141,41993,144,31,83.711,0,0,0,0,0,0,0
1051,35.0,3837,303,22,751,3085,0,1,792,212.18,0.778,1.016,0.082,0.064,0.149,-0.938,1.682,0.3452,2.7555,0.579,0.040,0.033,0.068,0.033,87,130,171,0,70,0,121523.58,9671.375,31838.520,70.561,4630.147,6.995,17579.078,11477.385,1235.753,15994.929,12795.944,5125.848,763.191,957.865,0.000227,-0.003401,744,0,143,28,165,139,42473,180,26,60.094,0,0,0,0,0,0,0
1081,36.0,3884,274,22,806,3078,0,0,952,224.73,0.777,1.007,0.085,0.063,0.156,-0.939,1.684,0.3491,2.7450,0.584,0.037,0.032,0.069,0.032,77,132,169,0,83,0,122894.80,10425.213,31235.141,40.180,4770.840,8.060,17736.247,11473.828,1484.644,15392.096,12313.677,4958.350,721.677,876.151,0.000227,-0.005366,709,0,157,12,157,148,42542,115,9,22.621,0,0,0,0,0,0,0
1111,37.0,3929,297,22,865,3064,0,0,1078,267.70,0.774,0.998,0.087,0.061,0.164,-0.939,1.680,0.3478,2.7372,0.587,0.035,0.031,0.069,0.031,81,120,152,0,82,0,122445.27,11096.301,28911.723,50.442,5046.596,8.854,17978.909,11936.700,1757.273,14063.258,11250.607,4704.124,459.837,858.490,0.000276,-0.007298,723,0,136,16,138,124,42434,94,14,35.595,0,0,0,0,0,0,0
1141,38.0,3981,289,22,925,3056,0,0,1256,254.59,0.771,0.990,0.088,0.060,0.172,-0.940,1.685,0.3526,2.7380,0.583,0.035,0.032,0.070,0.030,86,131,138,0,101,0,123621.67,11662.540,30375.177,43.107,5248.410,6.940,18170.665,11891.862,2036.796,14858.074,11886.460,4373.354,588.710,871.421,0.000190,-0.008695,876,0,126,12,125,115,43057,207,10,18.650,0,0,0,0,0,0,0
1171,39.0,4004,293,22,984,3020,0,0,1423,267.21,0.766,0.981,0.089,0.061,0.181,-0.940,1.687,0.3559,2.7349,0.581,0.037,0.032,0.070,0.027,93,132,143,0,131,0,122474.98,12149.790,28454.172,77.367,5332.993,8.253,18422.353,12113.595,2370.773,15166.404,12133.123,4605.751,377.247,905.028,0.000140,-0.007786,910,0,118,25,128,105,43131,226,22,55.263,0,0,0,0,0,0,0
1201,40.0,3961,281,22,1033,2928,0,0,1553,248.49,0.761,0.970,0.092,0.060,0.191,-0.940,1.690,0.3516,2.7357,0.572,0.033,0.033,0.070,0.026,91,96,158,0,146,0,119818.41,12567.713,26504.958,77.221,5839.134,7.849,18175.839,11522.932,2664.932,12746.526,10197.221,5378.095,555.343,960.006,0.000137,-0.007624,952,0,134,24,132,115,42289,212,16,43.519,0,0,0,0,0,0,0
1231,41.0,3918,264,22,1087,2831,0,0,1698,249.30,0.758,0.959,0.094,0.059,0.201,-0.940,1.694,0.3560,2.7289,0.593,0.029,0.036,0.070,0.024,85,105,112,0,161,0,119990.45,13030.117,26468.288,57.098,5686.347,6.918,17951.485,11102.080,2924.608,11886.565,9509.252,3828.035,435.052,764.893,0.000217,-0.008181,938,0,93,19,106,88,41323,188,18,49.124,0,0,0,0,0,0,0
1261,42.0,3887,236,22,1132,2755,0,0,1775,265.16,0.758,0.947,0.097,0.058,0.210,-0.940,1.693,0.3553,2.7087,0.575,0.022,0.036,0.070,0.022,84,91,138,0,167,0,117594.74,13068.691,24924.528,80.588,6333.754,9.112,17672.341,10818.138,3114.728,13122.903,10498.323,4855.384,430.903,953.442,0.000154,-0.008676,973,0,115,23,115,96,40562,150,19,41.207,0,0,0,0,0,0,0
1291,43.0,3771,250,22,1176,2595,0,0,1847,257.79,0.753,0.930,0.100,0.058,0.223,-0.940,1.689,0.3592,2.6933,0.586,0.026,0.040,0.070,0.020,77,99,144,0,157,0,115038.17,13111.482,23271.649,86.031,5732.628,10.922,17325.981,10379.730,3239.241,10080.784,8064.627,4654.942,446.531,963.153,0.000182,-0.008106,1000,0,117,27,132,106,39233,203,25,61.226,0,0,0,0,0,0,0
1321,44.0,3666,239,22,1199,2467,0,0,1892,284.66,0.751,0.919,0.101,0.058,0.231,-0.941,1.690,0.3654,2.6860,0.605,0.026,0.039,0.070,0.019,75,67,179,0,171,0,111896.61,13415.844,23358.578,103.161,5815.504,10.721,16768.313,10007.949,3391.134,11144.920,8915.937,6303.096,381.030,938.634,0.000296,-0.010300,910,0,135,44,167,127,37600,125,39,83.385,0,0,0,0,0,0,0
1351,45.0,3572,236,23,1227,2345,0,0,1930,269.92,0.750,0.907,0.103,0.059,0.241,-0.941,1.687,0.3618,2.6894,0.602,0.017,0.038,0.071,0.016,95,51,162,0,153,0,106908.00,13084.925,19986.923,106.988,6006.376,8.625,16395.410,9809.919,3445.504,9721.847,7777.477,5329.759,261.512,980.974,0.000186,-0.009434,1037,0,128,34,150,116,36278,225,34,81.575,0,0,0,0,0,0,0
1381,46.0,3473,223,23,1242,2231,0,0,1893,297.42,0.745,0.897,0.105,0.060,0.251,-0.943,1.687,0.3596,2.6869,0.598,0.018,0.039,0.071,0.013,85,50,144,0,184,0,102460.68,12791.755,20369.896,116.606,6083.481,11.205,15960.876,9503.194,3434.148,9918.034,7934.427,5386.838,446.145,1010.776,0.000179,-0.008778,1185,0,106,38,132,97,35528,357,35,99.306,0,0,0,0,0,0,0
1411,47.0,3288,216,23,1224,2064,0,0,1810,313.82,0.740,0.886,0.108,0.061,0.260,-0.943,1.690,0.3571,2.6682,0.616,0.015,0.040,0.071,0.011,85,64,158,0,184,0,95916.17,12420.800,16817.334,105.988,5348.611,11.537,15270.973,8911.248,3339.990,7935.353,6348.282,5470.587,430.876,877.888,0.000213,-0.007936,937,0,115,43,145,107,34324,150,38,92.925,0,0,0,0,0,0,0
1441,48.0,3136,238,23,1231,1905,0,0,1679,328.60,0.731,0.872,0.109,0.059,0.273,-0.943,1.689,0.3554,2.6785,0.616,0.021,0.042,0.071,0.009,93,48,134,0,183,0,90790.14,11912.949,15586.144,105.654,4116.572,13.483,14414.867,8048.303,3145.552,7368.320,5894.656,4821.252,149.776,677.364,0.000172,-0.007095,740,0,92,42,124,85,33096,111,39,90.311,0,0,0,0,0,0,0
1471,49.0,3006,258,23,1240,1766,0,0,1571,302.36,0.725,0.859,0.112,0.057,0.286,-0.944,1.695,0.3544,2.6640,0.607,0.019,0.041,0.072,0.006,78,42,120,0,150,0,86977.48,11282.715,14886.285,112.399,4302.283,13.924,13641.505,7306.785,2937.667,6448.969,5159.175,4000.377,240.558,677.368,0.000117,-0.007369,724,0,85,35,105,73,31739,105,31,78.948,0,0,0,0,0,0,0
1501,50.0,2878,246,24,1245,1633,0,0,1463,324.11,0.721,0.843,0.115,0.054,0.299,-0.944,1.695,0.3579,2.6403,0.616,0.021,0.038,0.072,0.002,110,48,119,0,153,0,84076.48,11252.369,14244.755,72.894,4063.333,14.977,13065.285,6686.572,2728.341,6910.230,5528.184,3725.524,143.979,739.276,0.000198,-0.008775,780,0,92,27,108,83,30712,209,25,57.066,0,0,0,0,0,0,0
1531,51.0,2788,219,24,1262,1526,0,0,1339,338.04,0.715,0.829,0.117,0.054,0.312,-0.945,1.694,0.3569,2.6352,0.613,0.017,0.039,0.073,-0.002,98,50,89,0,134,0,81333.10,10893.815,13239.726,72.637,4581.279,15.874,12445.892,6373.829,2492.593,6604.220,5283.376,3521.648,101.418,693.336,0.000202,-0.009212,814,0,66,23,78,57,28769,165,21,53.335,0,0,0,0,0,0,0
1561,52.0,2709,219,24,1265,1444,0,0,1232,371.17,0.714,0.819,0.119,0.054,0.321,-0.944,1.699,0.3590,2.6318,0.628,0.019,0.040,0.073,-0.003,92,55,100,0,101,0,77254.78,10432.653,12210.707,115.218,3724.748,18.825,12115.054,6255.756,2302.545,6341.737,5073.390,4086.569,199.564,609.057,0.000154,-0.010144,682,0,67,33,79,51,28027,114,27,72.030,0,0,0,0,0,0,0
1591,53.0,2600,189,24,1260,1340,0,0,1161,334.54,0.707,0.806,0.121,0.054,0.332,-0.945,1.702,0.3526,2.6261,0.632,0.019,0.040,0.073,-0.006,116,64,97,0,92,0,73415.52,10116.485,10853.900,80.103,4012.105,18.954,11680.224,6040.875,2116.389,5237.101,4189.681,3194.533,225.240,585.064,0.000204,-0.010809,714,0,72,25,85,61,27206,114,24,57.103,0,0,0,0,0,0,0
1621,54.0,2485,219,24,1242,1243,0,0,1106,381.04,0.703,0.795,0.123,0.054,0.342,-0.944,1.700,0.3567,2.6341,0.629,0.018,0.038,0.072,-0.007,122,56,87,0,93,0,69677.18,9753.572,9076.330,87.560,3650.852,24.618,11133.793,5494.586,2017.515,4306.386,3445.109,2533.629,112.307,502.701,0.000148,-0.010073,652,0,47,40,70,36,26347,130,34,65.907,0,0,0,0,0,0,0
1651,55.0,2390,211,24,1239,1151,0,0,1043,360.07,0.693,0.780,0.125,0.052,0.354,-0.945,1.700,0.3576,2.6271,0.645,0.019,0.036,0.072,-0.010,116,57,67,0,83,0,66517.89,9458.861,8527.054,48.122,3131.379,23.873,10628.120,5049.350,1908.657,3947.478,3157.983,2193.944,41.464,582.297,0.000105,-0.009251,606,0,47,20,57,40,25270,164,17,34.462,0,0,0,0,0,0,0
1681,56.0,2302,203,24,1241,1061,0,0,982,375.42,0.682,0.765,0.127,0.052,0.367,-0.947,1.705,0.3586,2.6366,0.654,0.015,0.036,0.073,-0.012,111,57,67,0,77,0,63900.86,9346.435,8101.051,63.650,2899.387,26.604,10019.370,4582.358,1772.975,3996.212,3196.969,2419.626,30.917,503.671,0.000149,-0.010363,577,0,46,21,57,38,24309,161,19,52.873,0,0,0,0,0,0,0
1711,57.0,2208,184,24,1230,978,0,0,908,398.33,0.673,0.751,0.128,0.051,0.379,-0.948,1.708,0.3558,2.6303,0.657,0.014,0.038,0.073,-0.013,122,48,64,0,67,0,61440.18,9196.049,7184.237,84.551,2745.496,26.993,9579.325,4290.010,1651.917,2966.770,2373.416,2278.620,118.011,414.279,0.000116,-0.010477,515,0,35,29,48,26,23645,121,21,63.086,0,0,0,0,0,0,0
1741,58.0,2145,195,24,1230,915,0,0,860,398.95,0.667,0.737,0.128,0.049,0.391,-0.949,1.710,0.3559,2.6219,0.655,0.012,0.040,0.074,-0.014,134,42,31,0,79,0,59962.90,8897.077,6687.985,39.877,2745.467,28.856,9192.979,3906.530,1538.617,3095.528,2476.422,1368.404,91.383,385.210,0.000110,-0.010791,539,0,15,16,25,12,22799,159,12,30.648,0,0,0,0,0,0,0
1771,59.0,2091,188,24,1235,856,0,0,780,420.99,0.659,0.726,0.129,0.047,0.402,-0.949,1.712,0.3567,2.6176,0.646,0.013,0.040,0.074,-0.017,115,48,43,0,62,0,58821.82,8749.798,6838.510,67.520,2552.856,26.877,8826.522,3716.829,1419.119,3485.863,2788.690,1593.987,140.222,403.049,0.000119,-0.012390,547,0,19,24,36,15,22200,186,21,55.623,0,0,0,0,0,0,0
1801,60.0,2073,176,25,1251,822,0,0,710,445.57,0.653,0.716,0.131,0.045,0.412,-0.948,1.717,0.3542,2.6350,0.644,0.014,0.043,0.075,-0.019,140,46,25,0,46,0,58528.90,8859.484,6523.145,29.204,2308.771,26.301,8657.701,3535.040,1279.293,3387.095,2709.676,1183.641,67.105,304.557,0.000197,-0.014106,413,0,11,14,23,10,21530,97,13,27.338,0,0,0,0,0,0,0
1831,61.0,2078,204,25,1284,794,0,0,687,429.43,0.647,0.705,0.133,0.044,0.422,-0.951,1.717,0.3562,2.6318,0.639,0.014,0.043,0.075,-0.021,112,37,25,0,49,0,57760.58,8941.279,5623.773,23.065,2484.931,28.803,8554.438,3498.719,1185.385,4001.831,3201.465,967.927,73.645,275.956,0.000141,-0.014679,460,0,15,10,20,12,21347,101,8,19.363,0,0,0,0,0,0,0
1861,62.0,2048,210,25,1290,758,0,0,654,467.74,0.642,0.696,0.134,0.045,0.430,-0.951,1.714,0.3570,2.6563,0.639,0.012,0.047,0.075,-0.022,128,47,43,0,51,0,57706.25,9123.746,6579.549,77.198,2400.614,29.005,8435.708,3502.082,1127.255,3810.076,3048.061,1554.100,113.185,340.476,0.000174,-0.015700,462,0,15,28,36,10,21424,136,26,70.133,0,0,0,0,0,0,0
1891,63.0,2036,225,25,1311,725,0,0,629,456.51,0.634,0.687,0.136,0.044,0.440,-0.951,1.717,0.3569,2.6524,0.640,0.011,0.048,0.075,-0.024,144,43,35,0,47,0,58376.69,9316.892,6773.548,33.143,2242.456,31.485,8326.507,3436.968,1087.389,3911.946,3129.557,1353.268,65.528,401.093,0.000137,-0.016365,455,0,22,13,32,20,21641,133,12,29.235,0,0,0,0,0,0,0
1921,64.0,2053,277,25,1338,715,0,0,651,436.55,0.630,0.681,0.138,0.044,0.447,-0.952,1.717,0.3582,2.6556,0.629,0.013,0.046,0.075,-0.026,172,50,28,0,31,0,59688.90,9697.669,6511.402,45.419,2328.366,36.703,8302.232,3218.185,1066.254,4345.390,3476.312,1023.730,107.207,355.594,0.000157,-0.016872,469,0,11,17,24,7,21958,138,17,37.351,0,0,0,0,0,0,0
1951,65.0,2104,310,25,1382,722,0,0,662,416.82,0.626,0.677,0.139,0.044,0.451,-0.954,1.722,0.3600,2.6457,0.629,0.011,0.050,0.075,-0.026,154,34,25,0,31,0,62175.48,10324.647,7438.448,30.787,2495.301,37.728,8380.913,3083.896,1089.791,4735.931,3788.745,1114.405,165.271,525.835,0.000167,-0.016214,523,0,13,12,19,8,22256,178,11,18.620,0,0,0,0,0,0,0
1981,66.0,2164,324,25,1432,732,0,0,677,448.45,0.625,0.675,0.141,0.043,0.455,-0.956,1.724,0.3587,2.6615,0.621,0.011,0.049,0.075,-0.027,162,31,34,0,26,0,64569.84,10836.176,7403.898,45.807,2577.421,37.916,8545.710,3255.893,1110.445,5133.135,4106.508,1382.555,152.433,417.859,0.000193,-0.015086,459,0,16,18,27,12,22580,135,15,37.463,0,0,0,0,0,0,0
2011,67.0,2269,342,25,1488,781,0,0,692,456.55,0.627,0.679,0.141,0.045,0.453,-0.957,1.726,0.3591,2.6612,0.603,0.013,0.047,0.075,-0.026,145,29,31,0,27,0,68830.17,11554.238,9253.035,46.776,2685.476,33.150,8853.038,3408.746,1118.971,6580.580,5264.464,1194.203,226.110,476.540,0.000135,-0.015123,594,0,11,20,22,6,23461,236,16,36.269,0,0,0,0,0,0,0
2041,68.0,2409,332,25,1545,864,0,0,703,448.16,0.636,0.693,0.141,0.045,0.444,-0.957,1.727,0.3612,2.6345,0.586,0.013,0.049,0.076,-0.024,190,26,40,0,21,0,73695.75,12217.804,10701.034,49.277,3422.662,38.267,9449.899,3854.974,1151.479,7983.870,6387.096,1341.690,243.144,464.573,0.000161,-0.016065,667,0,21,19,32,15,24856,230,17,39.764,0,0,0,0,0,0,0
2071,69.0,2499,346,25,1584,915,0,0,733,420.08,0.640,0.699,0.141,0.046,0.441,-0.957,1.729,0.3637,2.6503,0.601,0.020,0.047,0.076,-0.022,156,27,63,0,26,0,78344.35,13296.109,11064.102,77.075,3874.734,41.720,10061.934,4143.130,1166.308,7238.796,5791.037,2035.857,377.677,556.018,0.000152,-0.016450,682,0,35,28,55,28,26397,188,27,62.194,0,0,0,0,0,0,0
2101,70.0,2618,386,25,1628,990,0,0,739,391.67,0.649,0.708,0.140,0.046,0.434,-0.958,1.732,0.3637,2.6486,0.596,0.020,0.047,0.076,-0.020,166,20,70,0,30,0,82766.33,14361.456,11498.060,103.620,3969.890,33.754,10590.006,4348.200,1203.172,8589.417,6871.534,2613.671,386.508,681.723,0.000238,-0.015436,757,0,32,38,65,30,27119,245,35,98.249,0,0,0,0,0,0,0
2131,71.0,2777,354,25,1692,1085,0,0,767,370.85,0.659,0.719,0.140,0.045,0.427,-0.960,1.733,0.3625,2.6139,0.588,0.017,0.042,0.076,-0.018,202,21,99,0,25,0,88153.51,15347.238,13812.533,109.126,4484.018,37.018,11231.798,4792.835,1240.603,10814.319,8651.456,3337.699,337.497,778.420,0.000180,-0.014082,746,0,47,52,87,44,28555,165,43,100.860,0,0,0,0,0,0,0
2161,72.0,2951,342,25,1770,1180,1,0,839,349.71,0.665,0.727,0.142,0.046,0.422,-0.957,1.735,0.3618,2.6047,0.580,0.018,0.042,0.076,-0.016,190,34,84,0,24,0,93904.05,16421.493,14251.524,94.685,5004.061,37.884,12082.803,5113.166,1297.924,11140.922,8912.738,2829.451,707.780,757.848,0.000177,-0.013735,811,0,43,41,74,38,29583,167,36,85.690,19,1,0,0,0,0,0
2191,73.0,3125,350,25,1859,1265,1,0,918,379.36,0.669,0.734,0.143,0.044,0.419,-0.959,1.734,0.3628,2.5978,0.557,0.016,0.043,0.076,-0.016,192,41,98,0,35,0,100215.55,17652.249,15586.558,123.252,5979.211,34.998,12912.869,5529.206,1461.700,12207.921,9766.337,3443.141,373.317,888.753,0.000202,-0.011633,1011,0,53,45,92,49,31693,236,43,112.988,30,2,0,0,0,0,0
2221,74.0,3367,311,25,1945,1421,1,0,1011,358.45,0.682,0.750,0.143,0.045,0.409,-0.961,1.737,0.3607,2.5888,0.556,0.019,0.040,0.077,-0.015,209,25,122,0,28,0,108198.39,19242.543,18624.262,128.332,6872.372,33.300,13929.733,6040.152,1600.002,15088.989,12071.192,4071.964,387.329,965.319,0.000199,-0.009438,1161,0,67,55,110,61,33354,256,49,114.153,30,1,0,0,0,0,0
2251,75.0,3581,332,26,2031,1549,1,0,1163,273.23,0.689,0.762,0.143,0.047,0.403,-0.963,1.735,0.3622,2.5642,0.543,0.017,0.036,0.077,-0.014,197,28,139,0,37,0,114004.46,20881.282,17973.877,135.740,8196.673,36.818,15141.759,6936.457,1807.525,15045.577,12036.462,4618.871,536.790,1134.311,0.000193,-0.008599,1365,0,85,54,125,77,35736,290,48,119.485,30,2,2,0,0,0,2
2281,76.0,3782,314,26,2097,1685,0,0,1283,319.35,0.697,0.771,0.144,0.048,0.395,-0.964,1.738,0.3622,2.5694,0.535,0.015,0.031,0.078,-0.010,158,24,157,0,57,0,120871.62,22403.805,20063.188,197.330,9187.432,36.852,16193.070,7642.239,2034.415,15639.689,12511.752,5216.835,452.327,1130.336,0.000265,-0.008252,1549,0,76,81,154,74,38141,350,79,193.732,9,0,0,0,0,0,0
2311,77.0,3911,302,26,2088,1823,0,0,1455,340.23,0.710,0.788,0.149,0.051,0.382,-0.964,1.736,0.3644,2.5509,0.547,0.019,0.027,0.077,-0.005,183,20,232,0,59,0,125908.98,23848.511,21108.269,313.098,10066.867,33.461,17200.682,8180.159,2329.961,15886.617,12709.294,7525.730,438.497,1380.169,0.000270,-0.006391,1683,0,100,132,221,97,40850,389,124,306.457,0,0,0,0,0,0,0
2341,78.0,4091,321,26,2144,1947,0,0,1646,292.17,0.716,0.795,0.151,0.053,0.376,-0.964,1.736,0.3645,2.5224,0.539,0.014,0.028,0.078,-0.001,139,29,242,0,58,0,130877.20,25021.201,23017.425,265.963,10560.748,28.962,18084.432,8738.230,2649.070,18178.553,14542.843,8200.615,625.170,1403.146,0.000243,-0.005141,1662,0,138,104,239,135,43012,302,104,257.700,0,0,0,0,0,0,0
2371,79.0,4217,305,26,2186,2031,0,0,1756,290.07,0.719,0.801,0.153,0.053,0.374,-0.963,1.742,0.3647,2.5418,0.541,0.012,0.028,0.079,0.001,156,41,290,0,73,0,135232.61,26331.981,24634.750,325.381,11044.981,31.863,18911.838,9354.971,2905.425,18973.207,15178.566,9748.032,458.260,1763.537,0.000240,-0.005676,1896,0,157,133,286,157,44495,441,128,323.370,0,0,0,0,0,0,0
2401,80.0,4414,261,26,2215,2198,1,0,1962,292.79,0.730,0.815,0.154,0.055,0.364,-0.962,1.746,0.3658,2.5219,0.531,0.009,0.025,0.079,0.003,157,29,298,0,70,0,141853.59,27757.294,26873.372,397.578,12010.688,33.768,19805.493,9883.346,3201.284,21508.610,17206.888,9212.891,421.060,1581.468,0.000198,-0.004285,2064,0,132,166,290,127,46362,491,162,381.237,0,0,0,0,0,0,0
2431,81.0,4580,269,26,2251,2327,1,1,2150,276.32,0.736,0.823,0.156,0.056,0.358,-0.960,1.748,0.3650,2.5286,0.521,0.009,0.025,0.080,0.006,137,16,326,0,80,0,145700.89,28597.882,27264.257,359.039,12898.441,36.808,20737.779,10559.730,3565.104,21183.317,16946.654,10860.430,382.786,2031.379,0.000258,-0.002371,2348,0,188,138,307,177,48413,589,127,323.867,0,0,0,0,0,0,0
2461,82.0,4685,262,26,2262,2421,1,1,2323,242.65,0.741,0.831,0.158,0.057,0.353,-0.959,1.750,0.3667,2.4882,0.527,0.011,0.023,0.080,0.010,140,23,403,0,93,0,147509.05,29860.359,28585.101,420.404,14177.739,34.054,21626.768,11221.725,3920.735,22590.891,18072.713,13208.392,402.042,2159.877,0.000205,-0.000706,2437,0,239,164,369,216,50771,482,153,364.222,0,0,0,0,0,0,0
2491,83.0,4744,252,26,2281,2462,1,0,2481,251.74,0.746,0.837,0.161,0.058,0.353,-0.960,1.754,0.3653,2.5003,0.522,0.011,0.019,0.081,0.011,136,33,418,0,108,0,149862.75,30862.294,30681.784,434.957,14814.694,32.387,22190.498,11854.968,4273.017,22555.375,18044.301,14158.526,408.901,2228.340,0.000305,0.001275,2455,0,260,158,396,241,52902,402,155,390.685,0,0,0,0,0,0,0
2521,84.0,4699,243,26,2244,2455,0,0,2577,276.02,0.749,0.841,0.165,0.061,0.351,-0.960,1.757,0.3656,2.4859,0.520,0.010,0.022,0.081,0.013,138,18,483,0,106,0,150174.27,31110.366,30216.501,477.260,14289.853,27.666,22383.433,11835.590,4477.236,20575.461,16460.369,15948.489,373.377,2359.397,0.000330,0.005388,2355,0,295,188,466,285,55279,366,181,445.529,0,0,0,0,0,0,0
2551,85.0,4738,222,26,2221,2517,0,0,2629,265.36,0.756,0.847,0.168,0.062,0.346,-0.960,1.760,0.3640,2.4760,0.512,0.009,0.023,0.082,0.015,122,18,482,0,115,0,152393.78,31451.773,33110.228,525.260,15234.947,25.507,22426.463,11826.870,4633.940,23901.462,19121.170,16082.078,674.333,2443.784,0.000246,0.006662,2618,0,281,201,466,270,56440,446,196,502.905,0,0,0,0,0,0,0
2581,86.0,4779,210,26,2205,2574,0,0,2707,246.92,0.759,0.854,0.170,0.062,0.342,-0.959,1.762,0.3626,2.4488,0.507,0.012,0.024,0.082,0.017,138,25,490,0,113,0,153130.42,31762.503,31958.314,497.695,13886.316,25.587,22834.022,12156.387,4749.333,24099.937,19279.950,16110.642,574.482,2237.020,0.000314,0.009569,2504,0,282,208,482,279,57953,530,203,487.760,0,0,0,0,0,0,0
2611,87.0,4784,224,26,2126,2658,0,0,2704,301.84,0.772,0.873,0.174,0.064,0.332,-0.960,1.765,0.3666,2.4722,0.514,0.009,0.022,0.082,0.025,136,23,524,0,115,0,153518.33,31204.244,32871.728,614.908,14297.744,27.372,23211.303,12335.375,4845.143,24646.994,19717.596,16168.425,509.018,2304.302,0.000231,0.011615,2673,0,277,247,512,273,59127,682,238,601.345,0,0,0,0,0,0,0
2641,88.0,4801,195,26,2097,2704,0,0,2688,285.36,0.776,0.878,0.179,0.064,0.327,-0.960,1.769,0.3645,2.4489,0.509,0.009,0.021,0.082,0.028,126,20,526,0,120,0,152819.69,31297.020,34206.394,451.362,14597.901,27.593,23641.071,12785.568,4825.226,24994.800,19995.841,17450.739,519.345,2432.521,0.000237,0.014214,2559,0,324,202,508,320,60416,498,187,441.558,0,0,0,0,0,0,0
2671,89.0,4748,180,26,2055,2693,0,0,2701,230.46,0.775,0.880,0.185,0.065,0.325,-0.961,1.775,0.3635,2.4338,0.521,0.010,0.019,0.083,0.030,124,26,534,0,152,0,152171.22,31454.579,33120.523,496.148,14050.501,23.530,23420.749,12550.411,4813.635,24028.357,19222.686,17388.946,419.449,2320.855,0.000253,0.013740,2315,0,326,208,517,320,60651,395,197,480.210,0,0,0,0,0,0,0
2701,90.0,4728,191,27,2024,2704,0,0,2665,232.07,0.778,0.886,0.188,0.065,0.322,-0.961,1.776,0.3628,2.4284,0.530,0.008,0.016,0.084,0.034,128,21,539,0,145,0,151237.52,31410.093,34535.936,529.338,14448.452,20.333,23470.593,12587.994,4837.381,25004.292,20003.434,18716.272,273.978,2521.984,0.000191,0.012918,2433,0,340,199,519,327,61481,446,192,500.957,0,0,0,0,0,0,0
2731,91.0,4711,162,27,1991,2720,0,0,2711,241.22,0.780,0.889,0.194,0.065,0.319,-0.961,1.781,0.3620,2.4150,0.521,0.013,0.014,0.084,0.035,124,29,520,0,121,0,150990.70,31230.808,33426.970,573.207,14195.978,21.180,23417.500,12790.944,4809.063,23598.915,18879.132,16910.788,543.213,2286.509,0.000227,0.014039,2369,0,298,222,507,291,62121,448,213,546.796,0,0,0,0,0,0,0
2761,92.0,4718,171,27,1982,2736,0,0,2650,237.70,0.782,0.893,0.200,0.066,0.319,-0.961,1.789,0.3622,2.4206,0.518,0.017,0.015,0.086,0.036,146,30,495,0,149,0,150864.38,30335.611,34149.171,487.258,13575.879,23.269,23477.385,12923.952,4754.246,24934.364,19947.491,16405.480,322.437,2227.999,0.000234,0.014837,2344,0,303,192,484,297,62187,475,186,469.622,0,0,0,0,0,0,0
2791,93.0,4627,184,27,1963,2664,0,0,2594,203.61,0.781,0.890,0.207,0.067,0.323,-0.961,1.797,0.3615,2.4045,0.511,0.014,0.017,0.087,0.036,136,34,577,0,143,0,147631.30,30350.869,33326.918,570.570,14062.990,22.613,23476.495,13154.345,4675.899,23889.457,19111.566,18587.174,409.397,2400.234,0.000383,0.016840,2426,0,360,217,565,350,63463,506,213,534.648,0,0,0,0,0,0,0
2821,94.0,4425,198,27,1876,2548,0,1,2487,251.60,0.783,0.890,0.216,0.069,0.323,-0.961,1.803,0.3574,2.3798,0.519,0.012,0.016,0.086,0.036,132,23,670,0,135,0,141339.39,29381.797,32706.956,628.580,12682.302,25.322,22872.752,12387.695,4497.400,22962.483,18369.987,21572.756,402.557,2683.586,0.000299,0.019618,2274,0,423,247,662,419,63651,577,243,615.513,0,0,0,0,0,0,0
2851,95.0,4248,182,27,1763,2484,0,1,2289,243.40,0.793,0.898,0.222,0.070,0.318,-0.960,1.807,0.3554,2.3612,0.529,0.014,0.015,0.087,0.039,150,23,670,0,144,0,137305.75,28095.093,34126.282,778.091,12040.689,23.152,22009.780,11873.868,4217.855,24150.694,19320.556,21568.610,244.252,2288.615,0.000277,0.022068,1997,0,378,292,658,372,62191,410,285,761.748,0,0,0,0,0,0,0
2881,96.0,4175,190,27,1725,2449,0,1,2215,225.90,0.795,0.898,0.230,0.070,0.317,-0.961,1.813,0.3525,2.3248,0.520,0.015,0.015,0.087,0.042,136,24,558,0,113,0,134363.81,26490.395,31801.338,549.113,11647.833,26.352,21515.847,11829.654,3944.194,22593.702,18074.962,17410.457,411.816,2152.072,0.000379,0.025328,1828,0,345,213,553,342,60495,334,208,534.292,0,0,0,0,0,0,0
2911,97.0,4046,192,27,1655,2390,0,1,2111,237.54,0.802,0.901,0.234,0.070,0.314,-0.961,1.810,0.3560,2.3391,0.539,0.016,0.016,0.087,0.046,136,36,569,0,115,0,130253.27,25793.108,30931.760,644.376,11950.026,25.323,21176.697,11735.195,3790.621,21784.617,17427.694,18122.796,238.367,2059.194,0.000234,0.026167,1825,0,336,233,560,329,60054,263,230,622.769,0,0,0,0,0,0,0
2941,98.0,3844,207,27,1574,2269,0,1,1964,214.17,0.807,0.901,0.240,0.070,0.315,-0.961,1.811,0.3555,2.3363,0.532,0.017,0.016,0.087,0.047,136,37,581,0,125,0,124938.04,24250.023,30190.150,636.031,9801.074,26.988,20593.277,11402.431,3542.415,19618.957,15695.166,18734.396,296.100,1899.023,0.000209,0.027780,1496,0,337,244,573,333,57956,189,240,623.977,3,0,0,0,0,0,0
2971,99.0,3639,166,27,1464,2174,0,1,1801,215.02,0.812,0.906,0.248,0.073,0.311,-0.962,1.815,0.3494,2.3450,0.536,0.018,0.017,0.086,0.053,136,40,560,0,130,0,120454.90,22504.338,29502.621,648.671,8875.220,22.734,19753.331,10711.688,3274.126,19259.898,15407.919,17322.642,375.925,1849.082,0.000249,0.030272,1472,0,308,252,556,305,56054,285,251,635.743,0,0,0,0,0,0,0
3001,100.0,3521,152,30,1388,2133,0,0,1689,225.85,0.820,0.913,0.256,0.073,0.305,-0.963,1.823,0.3490,2.3348,0.542,0.020,0.016,0.087,0.057,143,34,481,0,101,0,117240.47,20763.575,28424.060,602.205,8590.424,23.759,19035.642,10437.056,2996.306,18121.416,14497.133,14857.211,429.180,1624.593,0.000199,0.031499,1411,0,255,226,476,250,53865,292,225,586.103,0,0,0,0,0,0,0
3031,101.0,3400,156,30,1299,2101,0,0,1563,232.10,0.831,0.925,0.263,0.074,0.298,-0.962,1.824,0.3466,2.3294,0.556,0.018,0.017,0.087,0.064,150,42,497,0,79,0,112273.53,19651.047,27496.608,571.015,8592.156,22.959,18738.410,10315.499,2780.844,18438.409,14750.728,15263.221,341.753,1558.198,0.000202,0.032252,1290,0,271,226,493,271,51951,203,221,568.812,0,0,0,0,0,0,0
3061,102.0,3293,159,30,1250,2043,0,0,1484,205.30,0.837,0.932,0.274,0.075,0.298,-0.961,1.834,0.3460,2.3112,0.530,0.018,0.018,0.087,0.067,142,26,377,0,105,0,108188.62,17789.341,26239.052,443.656,7817.933,21.483,18367.096,10144.061,2586.099,15107.486,12085.989,12759.186,270.971,1408.046,0.000205,0.031190,1212,0,226,151,367,219,51210,192,147,424.998,0,0,0,0,0,0,0
3091,103.0,3195,143,30,1212,1983,0,0,1385,221.71,0.843,0.931,0.281,0.075,0.298,-0.960,1.842,0.3526,2.3120,0.538,0.017,0.016,0.087,0.068,142,44,413,0,82,0,103800.45,17111.016,26177.460,403.034,7483.353,24.841,18026.034,9910.229,2412.788,16314.109,13051.287,12524.325,497.478,1446.003,0.000224,0.030915,1143,0,252,161,406,249,49759,145,157,393.111,0,0,0,0,0,0,0
3121,104.0,3066,128,30,1176,1890,0,0,1302,218.82,0.846,0.929,0.288,0.075,0.301,-0.960,1.849,0.3501,2.3129,0.535,0.017,0.014,0.087,0.067,140,55,362,0,97,0,97580.12,15842.731,23503.567,332.152,6974.460,20.668,17475.946,9530.354,2243.198,14619.980,11695.984,11996.001,274.620,1454.663,0.000189,0.031366,1158,0,238,124,358,234,47045,178,124,323.574,0,0,0,0,0,0,0
3151,105.0,2971,119,29,1161,1810,0,0,1220,196.75,0.842,0.924,0.297,0.076,0.306,-0.959,1.850,0.3517,2.2977,0.560,0.012,0.013,0.086,0.067,129,62,301,0,94,0,93427.95,15424.142,22145.852,286.813,6809.583,22.638,17053.258,9077.836,2109.307,13471.320,10777.056,9757.769,177.532,1139.028,0.000252,0.032543,1101,0,190,111,301,190,46040,162,110,284.936,0,0,0,0,0,0,0
3181,106.0,2831,113,29,1097,1734,0,0,1127,236.23,0.849,0.929,0.307,0.078,0.303,-0.959,1.854,0.3541,2.3218,0.561,0.018,0.013,0.086,0.069,127,57,309,0,77,0,89299.52,14054.470,21374.314,358.931,5431.416,25.405,16374.788,8431.880,1927.746,11502.404,9201.923,9357.855,405.664,1117.724,0.000238,0.031514,940,0,170,139,305,167,43358,174,137,353.040,0,0,0,0,0,0,0
3211,107.0,2720,132,29,1079,1641,0,0,1048,236.11,0.850,0.925,0.310,0.078,0.309,-0.959,1.862,0.3515,2.3222,0.554,0.019,0.013,0.086,0.068,121,62,236,0,78,0,85212.73,12998.301,18403.021,251.258,4922.112,22.765,15765.972,7928.708,1768.735,10058.081,8046.465,6958.873,330.723,974.738,0.000167,0.030924,900,0,142,94,228,138,41155,194,90,240.597,0,0,0,0,0,0,0
3241,108.0,2604,97,29,1074,1530,0,0,966,241.60,0.844,0.911,0.324,0.078,0.320,-0.959,1.872,0.3513,2.3110,0.567,0.016,0.015,0.084,0.067,128,58,246,0,81,0,80844.88,12162.047,17978.422,210.443,5047.519,24.396,15136.265,7490.429,1642.143,10105.612,8084.490,7272.212,183.247,973.344,0.000125,0.031079,945,0,164,82,245,164,38851,220,81,209.758,0,0,0,0,0,0,0
3271,109.0,2515,111,29,1057,1458,0,0,907,246.22,0.844,0.903,0.333,0.078,0.325,-0.959,1.872,0.3564,2.2826,0.566,0.017,0.016,0.083,0.066,128,56,178,0,74,0,76747.88,11433.464,16110.279,194.907,4627.876,25.503,14695.718,7374.697,1519.580,8391.414,6713.132,5577.614,211.411,778.343,0.000169,0.030734,789,0,106,72,172,105,37369,116,67,192.063,0,0,0,0,0,0,0
3301,110.0,2395,96,29,1048,1347,0,0,862,241.41,0.834,0.890,0.339,0.079,0.336,-0.959,1.875,0.3541,2.2473,0.575,0.018,0.019,0.083,0.062,135,73,166,0,56,0,73099.05,11013.944,14806.612,161.326,4025.722,29.031,14072.482,6947.573,1411.948,6567.698,5254.159,4859.710,407.402,618.058,0.000183,0.029206,670,0,108,58,163,106,36485,53,57,158.207,0,0,0,0,0,0,0
3331,111.0,2264,114,29,1023,1241,0,0,789,266.46,0.822,0.877,0.347,0.078,0.347,-0.959,1.886,0.3541,2.2490,0.584,0.017,0.021,0.081,0.059,129,70,182,0,63,0,68048.34,10518.320,12775.331,187.966,3944.236,26.398,13168.425,6374.876,1307.837,6977.489,5581.991,5388.684,246.753,650.259,0.000189,0.029918,633,0,106,76,179,104,34507,73,75,184.477,0,0,0,0,0,0,0
3361,112.0,2162,94,29,1021,1141,0,0,725,311.73,0.809,0.861,0.358,0.078,0.360,-0.959,1.886,0.3550,2.2270,0.599,0.015,0.020,0.080,0.056,134,66,138,1,52,0,65847.02,10244.076,12901.737,124.204,3637.566,26.333,12355.910,5715.837,1189.219,5893.407,4714.725,4358.396,90.903,582.395,0.000162,0.030763,580,0,92,46,133,91,32986,54,40,119.730,0,0,0,0,0,0,0
3391,113.0,2079,73,29,1015,1064,0,0,660,291.72,0.801,0.849,0.367,0.077,0.371,-0.959,1.886,0.3518,2.2393,0.595,0.018,0.019,0.079,0.053,126,60,126,0,50,0,62531.54,9546.749,11110.990,155.249,3357.624,29.631,11809.263,5166.957,1094.653,5684.789,4547.832,4156.598,124.737,639.301,0.000115,0.031380,637,0,71,55,121,68,30670,125,50,145.002,0,0,0,0,0,0,0
3421,114.0,1979,90,29,1016,963,0,0,591,272.81,0.793,0.830,0.380,0.077,0.388,-0.958,1.887,0.3579,2.1478,0.597,0.018,0.019,0.078,0.048,137,61,127,0,48,0,58498.90,9300.530,9226.715,132.774,3116.456,35.105,11334.130,4871.203,989.099,5079.912,4063.929,3788.651,112.729,580.861,0.000183,0.030768,642,0,79,48,125,78,29606,153,47,132.312,0,0,0,0,0,0,0
3451,115.0,1849,82,29,998,851,0,0,526,306.88,0.778,0.810,0.396,0.076,0.406,-0.958,1.892,0.3484,2.1966,0.600,0.014,0.020,0.077,0.044,141,63,131,0,51,0,54686.71,8689.251,8297.936,163.534,2673.620,37.161,10551.003,4286.493,857.192,4087.777,3270.222,3822.759,139.296,488.616,0.000175,0.030394,548,0,68,63,124,63,27578,141,59,154.148,0,0,0,0,0,0,0
3481,116.0,1783,89,29,978,805,0,0,469,332.54,0.773,0.801,0.405,0.076,0.412,-0.958,1.888,0.3482,2.1429,0.605,0.015,0.021,0.077,0.043,144,45,102,0,39,0,52770.97,8405.160,8562.657,133.259,2685.363,33.312,9925.566,3867.631,757.505,4616.176,3692.941,2952.786,163.787,426.301,0.000216,0.028665,523,0,50,52,99,48,26031,100,51,129.640,0,0,0,0,0,0,0
3511,117.0,1733,78,29,973,760,0,0,399,331.39,0.764,0.791,0.416,0.075,0.421,-0.957,1.887,0.3482,2.1343,0.624,0.016,0.020,0.075,0.040,146,40,91,0,33,0,51031.43,8112.148,8061.214,104.854,2323.877,34.749,9587.142,3629.534,658.381,4262.494,3409.995,2763.938,97.136,429.126,0.000192,0.026745,460,0,48,43,88,46,25201,83,42,101.594,0,0,0,0,0,0,0
3541,118.0,1707,81,29,995,712,0,0,325,325.02,0.750,0.774,0.426,0.075,0.436,-0.955,1.888,0.3508,2.1349,0.609,0.015,0.020,0.075,0.035,159,55,67,0,24,0,50524.96,8062.687,7854.077,69.525,2037.896,37.452,9371.144,3391.782,539.510,4310.165,3448.132,1875.790,104.887,347.604,0.000095,0.026174,393,0,37,30,63,36,24715,80,27,66.295,0,0,0,0,0,0,0
3571,119.0,1668,80,29,988,680,0,0,281,342.55,0.744,0.769,0.433,0.074,0.442,-0.954,1.896,0.3524,2.1765,0.593,0.015,0.024,0.075,0.033,169,57,74,0,19,0,49319.34,7871.274,6888.264,117.137,2335.697,39.033,9087.801,3285.365,457.594,4108.033,3286.427,2017.394,71.172,341.370,0.000180,0.025216,429,0,27,47,69,25,23811,78,44,112.429,0,0,0,0,0,0,0
3601,120.0,1634,87,26,970,664,0,0,268,361.48,0.741,0.766,0.438,0.074,0.443,-0.955,1.899,0.3493,2.1606,0.618,0.019,0.023,0.075,0.034,151,38,70,0,15,0,48334.92,7807.476,6838.375,100.558,2030.216,41.015,8863.526,3232.796,403.378,3349.540,2679.632,2115.386,124.591,321.238,0.000127,0.024978,365,0,27,43,65,27,23007,98,37,99.350,0,0,0,0,0,0,0
3631,121.0,1609,87,26,970,639,0,0,237,379.80,0.734,0.759,0.449,0.070,0.450,-0.956,1.904,0.3469,2.0992,0.596,0.018,0.020,0.075,0.033,146,53,75,0,13,0,47953.95,7643.858,7374.995,116.517,1778.761,43.338,8684.373,3098.578,367.274,4263.180,3410.544,2221.363,9.020,283.100,0.000141,0.023425,316,0,25,50,74,25,22695,48,49,116.349,0,0,0,0,0,0,0
3661,122.0,1610,75,26,969,641,0,0,229,369.73,0.734,0.759,0.455,0.071,0.450,-0.955,1.914,0.3455,2.1103,0.602,0.021,0.019,0.075,0.032,163,44,60,0,9,0,48236.44,7733.038,7186.610,95.613,2261.855,40.421,8559.547,2954.855,333.805,4273.989,3419.192,1639.924,0.000,389.841,0.000143,0.022643,437,0,18,42,56,18,22305,118,38,94.907,0,0,0,0,0,0,0
3691,123.0,1619,81,26,975,644,0,0,193,346.11,0.731,0.759,0.461,0.072,0.450,-0.955,1.920,0.3482,2.0773,0.608,0.018,0.019,0.073,0.033,176,51,62,0,13,0,48229.65,7861.593,7271.217,99.223,1931.681,36.750,8705.836,3008.001,298.195,5079.949,4063.959,1805.369,7.767,397.661,0.000145,0.022668,403,0,26,36,61,25,22469,153,36,96.733,0,0,0,0,0,0,0
3721,124.0,1605,111,26,972,633,0,0,180,365.83,0.728,0.756,0.470,0.073,0.453,-0.955,1.922,0.3440,2.1030,0.611,0.019,0.021,0.073,0.033,191,43,59,0,12,0,48597.72,8070.689,7020.020,94.359,1974.565,39.828,8676.321,2880.234,260.781,3703.562,2962.850,1831.117,39.473,388.360,0.000148,0.023352,387,0,22,37,57,22,22167,110,35,94.191,0,0,0,0,0,0,0
3751,125.0,1631,103,25,995,636,0,0,173,336.31,0.724,0.752,0.476,0.072,0.456,-0.955,1.921,0.3504,2.0963,0.601,0.019,0.019,0.072,0.031,151,51,54,0,10,0,50533.70,8319.708,8810.938,89.912,1973.886,32.260,8715.108,3011.586,255.005,5251.770,4201.416,1901.707,63.714,287.114,0.000119,0.023897,340,0,23,31,54,23,21744,51,29,86.950,0,0,0,0,0,0,0
3781,126.0,1689,118,25,1025,664,0,0,158,329.11,0.728,0.753,0.492,0.073,0.454,-0.954,1.917,0.3489,2.0893,0.581,0.020,0.015,0.071,0.029,169,40,68,0,12,0,52379.49,8628.923,9485.371,105.055,2514.317,41.886,8956.194,3000.397,239.917,6700.040,5360.032,2379.119,71.007,386.909,0.000134,0.024126,451,0,29,39,67,29,21914,92,38,104.905,0,0,0,0,0,0,0
3811,127.0,1767,102,25,1051,716,0,0,155,323.05,0.739,0.762,0.496,0.074,0.446,-0.954,1.912,0.3526,2.0687,0.574,0.020,0.013,0.070,0.030,185,37,58,0,7,0,55559.41,9085.249,10229.909,85.547,2065.591,44.317,9509.354,3151.430,216.172,6809.261,5447.409,1669.948,7.557,304.478,0.000103,0.024045,385,0,23,35,57,23,22769,65,34,85.435,0,0,0,0,0,0,0
3841,128.0,1816,124,25,1078,738,0,0,164,318.97,0.744,0.761,0.509,0.072,0.445,-0.954,1.915,0.3550,1.9727,0.565,0.025,0.015,0.070,0.032,187,39,91,0,4,0,57555.59,9574.069,10517.644,156.795,2335.520,42.663,9933.192,3252.562,216.320,6786.795,5429.436,3021.119,38.298,433.477,0.000112,0.023980,450,0,37,54,87,37,22789,98,50,156.542,0,0,0,0,0,0,0
3871,129.0,1882,129,25,1087,795,0,0,166,334.36,0.763,0.768,0.517,0.072,0.434,-0.954,1.910,0.3485,1.9866,0.563,0.020,0.015,0.068,0.033,187,38,98,0,7,0,61133.50,10161.938,12620.450,186.307,2731.119,42.937,10555.596,3428.361,224.042,8078.885,6463.108,3079.077,89.258,398.674,0.000125,0.023255,491,0,35,63,93,34,23780,85,59,176.716,0,0,0,0,0,0,0
3901,130.0,1964,114,25,1091,873,0,0,180,322.92,0.785,0.783,0.527,0.074,0.418,-0.954,1.906,0.3488,1.9619,0.581,0.021,0.013,0.067,0.035,164,36,109,0,12,0,65177.82,10781.862,13940.454,185.209,3213.318,44.251,11206.943,3763.737,229.674,9349.293,7479.435,3177.090,130.696,485.195,0.000198,0.021817,640,0,41,68,108,41,24708,124,66,184.576,0,0,0,0,0,0,0
3931,131.0,2080,120,25,1139,941,0,0,171,309.45,0.795,0.791,0.535,0.075,0.414,-0.955,1.901,0.3556,1.9396,0.565,0.018,0.009,0.066,0.034,205,42,88,1,12,0,68907.45,11653.777,14337.377,133.465,3318.599,43.452,12195.453,4272.862,230.964,9978.161,7982.529,3052.633,154.044,493.405,0.000196,0.022394,598,0,45,43,88,45,25296,93,43,133.312,0,0,0,0,0,0,0
3961,132.0,2178,142,25,1169,1009,0,0,173,352.65,0.807,0.792,0.550,0.074,0.406,-0.955,1.890,0.3481,1.9524,0.556,0.014,0.008,0.065,0.036,210,47,123,0,8,0,71815.84,12237.256,15133.643,266.762,3498.186,47.071,12991.349,4524.489,228.786,10379.036,8303.229,4149.386,244.652,514.798,0.000133,0.022046,681,0,36,87,121,36,25865,126,85,266.606,0,0,0,0,0,0,0
3991,133.0,2296,147,25,1206,1090,0,0,173,280.55,0.818,0.796,0.564,0.074,0.399,-0.954,1.885,0.3490,1.8888,0.552,0.013,0.007,0.064,0.037,232,47,118,0,19,0,76663.40,13115.180,17200.837,198.128,4028.215,47.311,13933.927,4615.837,227.895,11656.880,9325.504,3853.156,101.170,603.228,0.000205,0.022355,742,0,46,72,117,46,26769,96,71,197.982,0,0,0,0,0,0,0
4021,134.0,2485,133,25,1272,1213,0,0,182,281.76,0.831,0.804,0.577,0.076,0.389,-0.953,1.890,0.3509,1.9007,0.555,0.013,0.010,0.063,0.040,212,36,103,0,7,0,82900.98,14292.557,19122.824,168.197,4460.788,43.523,15193.760,5257.027,240.555,12915.563,10332.451,3196.676,196.553,678.322,0.000255,0.023536,915,0,45,58,100,43,27720,199,57,161.513,0,0,0,0,0,0,0
4051,135.0,2709,118,26,1353,1356,0,0,202,264.71,0.845,0.811,0.586,0.075,0.381,-0.953,1.883,0.3526,1.8712,0.547,0.014,0.011,0.061,0.039,210,50,95,0,15,0,91042.35,15700.615,21595.989,164.017,5474.233,43.014,16727.601,5766.139,263.962,15045.860,12036.688,2810.741,156.124,585.511,0.000152,0.024215,1113,0,33,62,92,33,29017,231,59,163.943,0,0,0,0,0,0,0
4081,136.0,2940,103,26,1452,1488,0,0,215,264.73,0.856,0.812,0.597,0.074,0.378,-0.953,1.884,0.3564,1.8703,0.533,0.016,0.009,0.061,0.037,227,59,96,0,15,0,98318.28,17139.728,22355.881,129.287,6254.149,41.516,18512.105,6331.027,297.287,15701.474,12561.179,3027.087,228.932,812.229,0.000219,0.026353,1288,0,41,55,94,41,30567,286,53,129.209,0,0,0,0,0,0,0
4111,137.0,3125,102,26,1538,1587,0,0,240,250.57,0.866,0.808,0.606,0.075,0.376,-0.953,1.884,0.3525,1.8132,0.507,0.017,0.011,0.061,0.036,220,69,144,0,17,0,104815.81,18571.367,23953.849,217.077,7163.850,39.110,20066.420,6895.291,321.106,16252.990,13002.393,4492.606,262.733,956.012,0.000178,0.027889,1350,0,67,77,140,64,32050,281,76,208.150,0,0,0,0,0,0,0
4141,138.0,3334,95,26,1627,1707,0,0,277,244.06,0.875,0.808,0.619,0.075,0.373,-0.952,1.878,0.3499,1.8213,0.496,0.016,0.010,0.060,0.034,238,56,149,0,12,0,110809.52,19850.072,24981.980,213.447,7804.685,41.619,21802.977,7460.219,367.274,16647.132,13317.706,4757.297,198.206,1136.395,0.000215,0.027941,1680,0,71,78,147,71,33851,417,76,212.889,0,0,0,0,0,0,0
4171,139.0,3516,84,26,1697,1819,0,0,326,269.49,0.885,0.809,0.631,0.074,0.370,-0.951,1.881,0.3509,1.7850,0.479,0.012,0.008,0.060,0.034,241,71,142,0,20,0,116340.93,21031.390,24924.608,230.504,8541.198,46.697,23470.353,7797.642,432.866,16466.331,13173.065,4384.404,195.893,1080.667,0.000186,0.029082,1773,0,55,87,142,55,35917,416,87,230.367,0,0,0,0,0,0,0
4201,140.0,3724,96,26,1786,1938,0,0,392,231.74,0.887,0.810,0.638,0.074,0.368,-0.951,1.885,0.3534,1.8222,0.488,0.011,0.009,0.060,0.034,255,82,133,0,25,0,123618.03,22801.014,26992.914,217.621,10069.299,45.604,25013.253,8376.612,514.021,17450.878,13960.702,3895.191,238.361,1206.839,0.000242,0.031378,2158,0,45,88,132,45,36425,423,87,217.470,0,0,0,0,0,0,0
4231,141.0,3931,74,26,1864,2067,0,0,486,244.88,0.895,0.811,0.646,0.074,0.366,-0.951,1.886,0.3517,1.7704,0.466,0.012,0.006,0.059,0.031,246,87,162,0,22,0,130270.08,24351.773,28235.569,228.880,10960.898,50.270,26576.812,8889.461,645.407,18997.208,15197.767,4763.302,140.402,1349.348,0.000215,0.029794,2448,0,65,97,160,65,36876,566,95,228.478,0,0,0,0,0,0,0
4261,142.0,4130,75,26,1947,2183,0,0,605,269.99,0.899,0.812,0.655,0.075,0.364,-0.952,1.881,0.3542,1.7692,0.476,0.011,0.008,0.059,0.032,245,82,141,0,24,0,137041.52,25913.438,28780.738,200.352,12091.471,44.650,28529.019,9371.052,817.691,17579.600,14063.681,4222.339,211.118,1455.949,0.000271,0.029206,2790,0,53,88,138,52,38845,658,84,197.007,0,0,0,0,0,0,0
4291,143.0,4382,66,26,2028,2354,0,0,781,243.66,0.909,0.816,0.661,0.075,0.359,-0.952,1.876,0.3535,1.7538,0.474,0.011,0.008,0.059,0.031,246,69,142,0,43,0,143355.20,28051.244,29652.578,260.027,13534.877,47.037,30350.807,10299.936,1086.561,20061.204,16048.964,4260.421,138.481,1501.711,0.000241,0.027200,3054,0,35,107,141,35,39369,661,106,259.867,0,0,0,0,0,0,0
4321,144.0,4604,64,26,2111,2493,0,0,1053,230.07,0.915,0.817,0.668,0.076,0.356,-0.951,1.872,0.3534,1.7488,0.469,0.012,0.008,0.058,0.033,257,91,156,0,48,0,150332.73,29814.004,31972.295,226.180,14313.572,51.862,32288.510,10958.895,1455.612,20590.954,16472.763,4354.404,270.970,1588.363,0.000314,0.028667,3340,0,47,109,151,47,40171,731,103,224.562,0,0,0,0,0,0,0
4351,145.0,4762,64,26,2187,2575,0,0,1351,232.63,0.918,0.816,0.675,0.076,0.357,-0.952,1.875,0.3502,1.7456,0.470,0.010,0.009,0.058,0.031,246,100,164,0,83,0,155595.55,31013.575,31821.732,236.103,15763.412,52.037,33813.515,11360.223,1959.109,20167.597,16134.078,4729.312,230.515,1682.408,0.000168,0.029340,3623,0,55,109,162,54,41149,758,108,235.473,0,0,0,0,0,0,0
4381,146.0,4946,64,26,2266,2680,0,0,1705,274.14,0.921,0.818,0.678,0.077,0.357,-0.951,1.877,0.3507,1.7599,0.465,0.008,0.010,0.058,0.032,230,78,158,0,87,0,161054.11,32100.944,33730.194,222.001,16664.202,59.933,35268.222,11946.472,2522.198,20185.132,16148.106,5012.193,229.597,1578.868,0.000180,0.027901,3605,0,56,102,155,56,41228,469,99,221.432,0,0,0,0,0,0,0
4411,147.0,5153,62,26,2346,2807,0,0,2150,239.02,0.924,0.820,0.683,0.078,0.356,-0.952,1.877,0.3503,1.7434,0.476,0.008,0.008,0.057,0.032,227,69,171,0,100,0,165826.80,33958.478,35283.324,220.325,17813.993,62.869,36755.295,12463.474,3267.819,22118.267,17694.614,5696.527,238.260,1844.423,0.000286,0.027008,3941,0,74,97,168,74,41935,537,94,219.885,0,0,0,0,0,0,0
4441,148.0,5251,64,26,2376,2875,0,0,2560,263.64,0.927,0.822,0.688,0.080,0.354,-0.951,1.875,0.3517,1.7403,0.465,0.009,0.008,0.057,0.034,231,68,206,0,151,0,166435.09,35073.668,34330.025,240.537,19515.835,58.299,38224.851,13115.540,4097.729,21332.641,17066.113,7100.030,177.456,2053.794,0.000182,0.024802,4663,0,86,120,198,86,43092,651,111,238.971,0,0,0,0,0,0,0
4471,149.0,5324,65,26,2405,2919,0,0,2927,346.60,0.929,0.823,0.692,0.079,0.355,-0.951,1.876,0.3545,1.7247,0.459,0.005,0.010,0.057,0.034,245,54,170,0,184,0,166869.94,35291.880,34238.747,221.223,18825.671,60.646,38954.035,13425.379,4765.184,19623.800,15699.040,6135.458,122.823,1989.366,0.000276,0.022973,4563,0,68,102,168,68,43084,731,100,220.997,0,0,0,0,0,0,0
4501,150.0,5397,58,25,2428,2969,0,0,3222,282.51,0.934,0.824,0.695,0.079,0.355,-0.951,1.879,0.3517,1.7428,0.461,0.005,0.008,0.057,0.033,247,43,193,1,212,0,164519.91,35273.336,33708.417,236.648,19317.687,63.265,39758.162,13370.352,5411.019,21405.454,17124.363,6614.642,115.525,2017.646,0.000263,0.022864,4851,0,71,122,186,71,42940,833,115,235.903,0,0,0,0,0,0,0
4531,151.0,5389,68,25,2419,2970,0,0,3431,301.51,0.936,0.825,0.697,0.079,0.354,-0.951,1.881,0.3517,1.7391,0.475,0.006,0.011,0.057,0.034,232,47,142,0,257,0,165325.05,36299.677,35140.060,173.394,18039.157,54.980,40239.582,13403.855,5956.995,17997.323,14397.859,5695.462,102.341,1810.281,0.000249,0.023403,4742,0,41,101,132,41,43402,691,90,172.149,0,0,0,0,0,0,0
4561,152.0,5428,60,25,2456,2971,1,0,3607,286.15,0.934,0.824,0.697,0.078,0.358,-0.951,1.886,0.3501,1.7479,0.477,0.007,0.010,0.058,0.033,228,39,134,0,263,0,164737.98,37422.816,33576.507,166.526,18942.088,56.122,40415.598,13434.439,6305.737,19273.025,15418.421,5711.562,126.841,1904.139,0.000263,0.024698,4884,0,45,89,131,44,42949,790,87,162.745,28,6,1,0,0,0,1
4591,153.0,5428,65,25,2501,2926,1,0,3660,278.26,0.927,0.818,0.697,0.077,0.364,-0.952,1.893,0.3488,1.7278,0.466,0.004,0.010,0.059,0.031,241,39,117,0,286,0,165244.05,37295.736,33234.854,137.210,17825.089,56.819,40365.874,13101.526,6533.153,17778.166,14222.533,4717.984,202.843,1684.714,0.000220,0.023703,4726,0,42,75,113,42,42701,862,71,136.465,30,19,2,0,0,0,2
4621,154.0,5472,57,25,2557,2912,2,1,3712,274.40,0.922,0.813,0.702,0.077,0.370,-0.952,1.896,0.3438,1.7384,0.461,0.006,0.010,0.060,0.028,248,36,139,0,264,0,166983.39,37382.665,35674.577,168.382,19408.888,61.372,40281.533,12957.427,6644.972,19349.995,15479.996,5796.785,203.422,1732.141,0.000276,0.022898,4780,0,55,84,133,55,42487,610,78,167.182,44,6,3,0,0,0,3
4651,155.0,5486,55,26,2589,2894,2,1,3774,306.58,0.919,0.810,0.704,0.076,0.374,-0.952,1.899,0.3450,1.7459,0.454,0.008,0.010,0.061,0.025,211,34,144,0,266,0,165213.00,37143.255,33495.335,118.350,19394.635,71.249,40356.819,12983.586,6725.249,18831.100,15064.880,6403.661,321.929,1969.883,0.000290,0.024537,4875,0,65,79,136,63,42872,625,73,113.883,60,25,7,0,0,0,7
4681,156.0,5463,38,26,2576,2886,0,1,3726,308.13,0.920,0.812,0.705,0.077,0.375,-0.954,1.900,0.3428,1.7406,0.470,0.006,0.010,0.061,0.024,226,38,172,0,241,0,163804.75,37559.087,32379.885,206.429,19803.290,58.139,40394.440,12934.211,6760.820,17433.380,13946.705,5991.415,252.679,1733.399,0.000267,0.023357,5024,0,60,112,165,60,42579,537,105,205.651,29,12,10,0,0,0,10
4711,157.0,5374,56,26,2540,2834,0,0,3661,296.45,0.921,0.812,0.706,0.076,0.376,-0.955,1.904,0.3427,1.7449,0.474,0.006,0.009,0.061,0.023,210,29,193,0,281,0,159456.50,36663.573,30665.200,222.323,19612.091,58.432,40036.462,12904.429,6601.405,16958.512,13566.810,6961.640,100.647,1903.061,0.000215,0.020869,4999,0,69,124,193,69,41745,637,124,221.883,0,0,0,0,0,0,0
4741,158.0,5330,53,26,2544,2785,1,0,3707,332.03,0.917,0.808,0.709,0.076,0.380,-0.954,1.909,0.3409,1.7370,0.486,0.006,0.008,0.062,0.021,224,42,124,0,277,0,157250.64,36609.974,29958.165,137.812,19001.616,72.681,39587.588,12580.379,6568.226,16452.550,13162.040,5085.069,168.978,1631.050,0.000330,0.018158,4814,0,48,76,122,48,41658,515,74,137.590,2,0,0,0,0,0,0
4771,159.0,5273,56,26,2544,2728,1,0,3643,323.61,0.915,0.806,0.711,0.075,0.385,-0.955,1.913,0.3406,1.7456,0.479,0.005,0.010,0.062,0.019,263,32,126,0,285,0,154040.61,35743.392,29780.469,143.073,18286.978,73.182,39208.765,12359.130,6495.274,15886.758,12709.406,5600.943,289.275,1746.235,0.000308,0.015028,4934,0,48,78,121,48,41447,708,71,142.410,30,1,1,0,0,0,1
4801,160.0,5221,48,27,2533,2688,0,0,3579,317.36,0.914,0.804,0.711,0.074,0.387,-0.955,1.919,0.3367,1.7266,0.490,0.004,0.010,0.063,0.018,234,39,145,0,257,0,149483.86,35206.979,28695.437,151.032,18079.324,68.347,38809.860,12183.579,6364.079,16115.627,12892.502,5967.533,230.464,1831.557,0.000425,0.012138,4911,0,55,90,141,55,41037,801,85,149.312,26,1,1,0,0,0,1
4831,161.0,5109,47,27,2528,2581,0,0,3505,318.44,0.906,0.797,0.714,0.074,0.395,-0.956,1.923,0.3363,1.7615,0.494,0.002,0.010,0.064,0.016,242,42,134,0,269,0,146246.77,34524.083,27744.477,143.213,18127.477,66.047,38105.832,12040.124,6211.298,13627.170,10901.736,4690.370,151.371,1724.432,0.000291,0.009518,4762,0,52,82,133,52,40150,705,80,142.181,0,0,0,0,0,0,0
4861,162.0,4994,48,27,2501,2492,1,0,3406,335.52,0.900,0.793,0.716,0.075,0.400,-0.955,1.922,0.3391,1.7440,0.510,0.002,0.008,0.064,0.014,214,33,121,0,252,0,142727.92,33849.237,26257.165,140.492,16265.575,79.715,37001.158,11703.375,5966.679,11929.354,9543.484,5035.735,87.594,1585.324,0.000249,0.008437,4655,0,43,78,119,43,38938,791,75,138.271,4,0,0,0,0,0,0
4891,163.0,4908,42,27,2510,2397,1,0,3361,344.36,0.892,0.786,0.717,0.075,0.409,-0.955,1.921,0.3377,1.7391,0.509,0.004,0.010,0.065,0.011,216,39,87,0,250,0,138636.05,33356.287,24047.367,112.134,15522.990,76.066,36128.096,11142.078,5828.485,11782.029,9425.624,4353.715,223.078,1575.807,0.000251,0.007666,4412,0,33,54,86,33,40104,829,52,110.747,30,1,1,0,0,0,1
4921,164.0,4874,41,27,2554,2319,1,0,3275,332.07,0.881,0.778,0.719,0.074,0.419,-0.955,1.931,0.3360,1.7468,0.498,0.002,0.009,0.066,0.008,215,36,59,1,250,0,135325.95,31833.836,23667.835,53.795,16232.787,82.118,35454.282,10676.730,5642.334,12422.954,9938.364,2998.198,116.705,1492.707,0.000340,0.004005,4561,0,20,39,56,20,39585,796,36,53.060,30,1,1,0,0,0,1
4951,165.0,4789,52,26,2542,2246,1,0,3215,397.94,0.875,0.775,0.718,0.074,0.424,-0.956,1.936,0.3374,1.7464,0.490,0.004,0.011,0.067,0.007,246,40,58,0,224,0,130238.73,30262.752,21070.697,64.994,14971.783,80.682,34837.001,10203.208,5538.042,9587.549,7670.039,2564.891,201.895,1223.125,0.000258,0.001371,4266,0,10,48,52,10,39229,585,42,64.922,30,1,1,0,0,0,1
4981,166.0,4681,25,26,2533,2148,0,0,3101,372.00,0.866,0.769,0.719,0.074,0.432,-0.957,1.940,0.3369,1.7542,0.500,0.002,0.009,0.068,0.005,207,48,46,0,257,0,125464.66,28909.568,21294.375,46.240,13438.495,82.031,33895.485,9745.148,5359.328,9801.197,7840.958,2750.523,79.247,1234.278,0.000327,0.000798,3992,0,6,40,36,6,38855,643,26,44.259,13,1,1,0,0,0,1
5011,167.0,4522,52,26,2513,2009,0,0,2970,388.11,0.852,0.759,0.720,0.075,0.443,-0.957,1.940,0.3352,1.7448,0.503,0.003,0.009,0.069,0.001,227,43,64,1,245,0,118790.88,28175.493,17617.345,67.847,13180.937,76.247,32577.213,9422.646,5127.493,7979.876,6383.901,2612.004,39.121,1160.010,0.000280,-0.002004,3830,0,20,44,59,20,39335,643,38,66.465,0,0,0,0,0,0,0
5041,168.0,4371,60,26,2480,1891,0,0,2851,390.11,0.841,0.752,0.722,0.075,0.452,-0.957,1.945,0.3342,1.7470,0.512,0.002,0.006,0.070,-0.001,232,47,86,0,221,0,112376.79,27008.655,17752.251,84.290,11954.385,90.137,31249.634,8976.637,4940.103,8210.281,6568.225,3228.206,82.406,1140.254,0.000157,-0.000568,3664,0,23,63,82,23,38775,670,55,81.136,0,0,0,0,0,0,0
5071,169.0,4225,39,26,2415,1810,0,0,2740,428.01,0.839,0.749,0.723,0.074,0.456,-0.957,1.945,0.3346,1.7589,0.533,0.002,0.007,0.071,-0.003,217,35,72,0,223,0,107805.57,25852.914,17608.940,67.045,12341.763,92.302,29867.589,8437.359,4709.696,7674.058,6139.246,2515.621,21.433,1013.609,0.000200,0.001055,3616,0,14,58,67,14,37505,667,52,66.490,0,0,0,0,0,0,0
5101,170.0,4058,39,26,2375,1683,0,0,2557,428.20,0.826,0.740,0.724,0.073,0.467,-0.956,1.949,0.3346,1.7445,0.523,0.003,0.005,0.072,-0.007,222,52,57,0,215,0,101715.42,24237.810,15095.913,63.743,10326.265,91.648,28713.326,7868.615,4451.550,6390.673,5112.538,2324.294,10.548,841.141,0.000161,0.001937,3065,0,16,41,54,16,36770,431,37,62.838,0,0,0,0,0,0,0
5131,171.0,3898,35,26,2334,1564,0,0,2381,483.05,0.814,0.731,0.726,0.072,0.477,-0.957,1.949,0.3333,1.7495,0.530,0.002,0.008,0.073,-0.010,229,39,37,0,217,0,94635.95,22572.314,13039.520,40.287,9026.543,105.322,27274.015,7236.709,4163.320,5411.002,4328.802,1986.110,53.372,935.866,0.000142,0.002381,2791,0,9,28,34,9,36062,504,25,40.251,0,0,0,0,0,0,0
5161,172.0,3710,40,26,2300,1410,0,0,2238,464.30,0.794,0.717,0.728,0.070,0.494,-0.957,1.954,0.3338,1.7051,0.538,0.002,0.009,0.074,-0.015,198,49,31,0,225,0,87961.57,21363.779,11494.308,29.420,8221.868,115.099,25712.058,6716.142,3863.144,4664.668,3731.735,1572.597,96.705,668.311,0.000144,0.002304,2403,0,7,24,26,7,35564,317,18,28.438,0,0,0,0,0,0,0
5191,173.0,3496,46,26,2255,1241,0,0,2086,408.83,0.770,0.700,0.730,0.069,0.513,-0.958,1.957,0.3333,1.7540,0.540,0.001,0.010,0.076,-0.020,239,55,50,0,219,0,83549.23,20470.621,11463.700,65.899,6754.793,115.676,23735.304,5971.731,3581.658,4307.458,3445.967,1650.762,23.654,587.957,0.000167,0.002491,2043,0,8,42,49,8,34433,298,39,63.004,0,0,0,0,0,0,0
5221,174.0,3340,41,26,2223,1117,0,0,1941,477.10,0.751,0.686,0.731,0.068,0.529,-0.958,1.962,0.3307,1.7558,0.554,0.003,0.012,0.078,-0.025,234,36,27,0,193,0,79234.39,19493.768,10224.182,27.449,7037.881,123.749,22139.497,5444.868,3323.006,3866.139,3092.911,1488.923,83.395,807.319,0.000176,0.000545,2113,0,9,18,26,9,33764,402,14,24.917,0,0,0,0,0,0,0
5251,175.0,3219,47,23,2177,1042,0,0,1834,582.34,0.740,0.680,0.731,0.068,0.539,-0.958,1.966,0.3288,1.7496,0.548,0.001,0.012,0.079,-0.029,252,50,27,1,155,0,75467.35,18375.583,9675.321,36.935,5695.726,126.980,20905.192,4950.913,3130.684,4494.632,3595.706,1408.397,11.868,548.895,0.000160,0.000055,1637,0,7,20,26,7,32659,278,19,36.925,0,0,0,0,0,0,0
5281,176.0,3064,36,23,2123,941,0,0,1648,522.60,0.723,0.668,0.733,0.068,0.551,-0.958,1.968,0.3322,1.7714,0.564,0.003,0.011,0.080,-0.033,251,42,27,0,166,0,71863.55,17716.430,8274.579,32.445,5247.006,122.339,19813.183,4431.632,2851.446,3229.607,2583.686,1308.984,14.754,561.338,0.000208,-0.000820,1554,0,3,24,27,3,32192,316,22,31.086,0,0,0,0,0,0,0
5311,177.0,2967,39,23,2091,876,0,0,1499,552.38,0.711,0.660,0.733,0.068,0.561,-0.958,1.967,0.3298,1.7933,0.568,0.003,0.011,0.082,-0.037,249,31,20,0,117,0,69133.20,17341.669,7479.002,26.364,5018.748,115.254,18641.428,4031.690,2580.958,2693.227,2154.582,1067.868,33.884,682.916,0.000162,-0.002037,1598,0,3,17,18,3,31238,410,15,26.192,0,0,0,0,0,0,0
5341,178.0,2893,64,23,2079,814,0,0,1395,569.27,0.697,0.651,0.733,0.067,0.573,-0.960,1.972,0.3285,1.7928,0.560,0.002,0.011,0.083,-0.040,237,36,14,0,111,0,66769.04,16814.200,6913.359,18.156,4608.695,129.896,17914.177,3763.292,2391.510,3181.441,2545.153,854.746,16.480,533.375,0.000173,-0.003418,1466,0,1,13,12,1,31048,360,11,18.024,0,0,0,0,0,0,0
5371,179.0,2804,43,23,2054,750,0,0,1270,558.16,0.685,0.642,0.733,0.066,0.585,-0.960,1.978,0.3284,1.7903,0.558,0.002,0.013,0.085,-0.044,240,49,10,0,119,0,65572.16,16387.019,7339.881,18.188,4191.687,145.273,17077.558,3505.118,2141.407,3425.717,2740.573,950.284,1.048,581.407,0.000112,-0.004060,1304,0,0,10,10,0,30272,334,10,18.188,0,0,0,0,0,0,0
5401,180.0,2720,56,23,2030,689,1,0,1170,562.15,0.670,0.634,0.734,0.067,0.596,-0.957,1.983,0.3275,1.7750,0.560,0.003,0.010,0.086,-0.048,245,42,14,0,103,0,64722.39,16295.467,6342.325,16.859,4224.973,143.077,16437.795,3408.130,1958.356,2865.292,2292.234,603.838,19.363,503.883,0.000243,-0.005266,1217,0,3,11,13,3,30704,287,10,16.650,0,0,0,0,0,0,0
5431,181.0,2675,51,23,2030,644,1,0,1103,566.98,0.659,0.626,0.734,0.066,0.606,-0.958,1.983,0.3278,1.8265,0.554,0.002,0.008,0.087,-0.051,263,39,17,0,81,0,64820.90,16125.678,7084.097,25.464,3929.394,148.182,15861.737,3239.420,1806.580,3540.522,2832.417,967.019,48.807,505.055,0.000136,-0.004881,1066,0,1,16,11,1,29900,248,10,25.386,0,0,0,0,0,0,0
5461,182.0,2675,60,23,2038,636,1,0,1079,601.20,0.656,0.625,0.734,0.066,0.609,-0.957,1.987,0.3280,1.8182,0.556,0.004,0.008,0.088,-0.052,281,33,12,0,58,0,65909.18,16318.571,7091.461,15.424,3684.675,149.883,15654.296,3095.965,1718.919,4036.460,3229.168,540.089,28.005,492.614,0.000144,-0.004202,1017,0,2,10,10,2,30016,275,7,14.223,0,0,0,0,0,0,0
5491,183.0,2687,53,23,2046,641,0,0,1066,637.05,0.657,0.626,0.735,0.067,0.610,-0.960,1.987,0.3264,1.7719,0.553,0.003,0.012,0.089,-0.054,269,30,16,0,44,0,67626.17,16622.035,7300.156,30.006,4283.017,133.428,15625.786,3039.460,1664.967,3865.027,3092.022,717.212,4.023,410.752,0.000185,-0.004395,1052,0,3,13,15,3,29976,194,12,29.999,0,0,0,0,0,0,0
5521,184.0,2713,65,23,2053,660,0,0,1070,641.26,0.661,0.631,0.732,0.066,0.607,-0.961,1.990,0.3281,1.7776,0.559,0.003,0.011,0.089,-0.053,259,24,13,0,59,0,70216.48,17239.804,8034.751,21.462,3711.432,144.598,15797.802,3156.178,1651.295,4697.855,3758.284,729.127,43.715,388.013,0.000137,-0.005057,942,0,1,12,9,1,30527,173,8,21.237,0,0,0,0,0,0,0
5551,185.0,2782,62,23,2085,697,0,0,1069,597.57,0.667,0.636,0.729,0.067,0.603,-0.961,1.994,0.3303,1.8096,0.552,0.004,0.009,0.089,-0.052,273,23,20,0,48,0,73541.75,18129.623,9087.911,19.240,4356.913,131.748,16179.340,3314.287,1632.418,6199.575,4959.660,713.408,116.356,715.785,0.000195,-0.003974,1174,0,4,16,17,4,30402,344,13,19.207,0,0,0,0,0,0,0
5581,186.0,2832,60,23,2124,708,0,0,1055,576.66,0.666,0.635,0.729,0.067,0.605,-0.962,1.997,0.3299,1.8324,0.537,0.003,0.010,0.090,-0.054,266,30,18,0,60,0,76708.79,18567.102,8951.918,29.199,4375.672,141.506,16601.689,3421.995,1610.613,5886.884,4709.507,853.609,120.990,594.908,0.000138,-0.003515,1046,0,4,14,16,4,31109,270,12,28.793,0,0,0,0,0,0,0
5611,187.0,2953,75,23,2187,766,0,0,1071,603.36,0.675,0.643,0.727,0.067,0.601,-0.961,1.999,0.3291,1.8224,0.521,0.003,0.009,0.090,-0.053,286,13,14,0,48,0,81153.34,19618.048,10160.292,24.636,4681.647,123.298,17232.360,3656.456,1603.431,7443.648,5954.918,657.417,80.373,639.654,0.000192,-0.003102,1161,0,1,13,13,1,32167,283,12,24.634,0,0,0,0,0,0,0
5641,188.0,3036,73,23,2213,823,0,0,1123,606.33,0.685,0.653,0.726,0.068,0.594,-0.961,2.003,0.3282,1.8766,0.514,0.004,0.009,0.090,-0.053,262,30,31,0,47,0,85724.82,20599.058,11107.268,59.857,6047.437,135.137,17985.741,3933.970,1654.894,7487.590,5990.072,1191.447,188.107,743.035,0.000175,-0.002091,1474,0,4,27,30,4,32683,408,26,59.841,0,0,0,0,0,0,0
5671,189.0,3150,79,23,2263,887,0,0,1152,633.76,0.696,0.663,0.725,0.069,0.587,-0.962,2.007,0.3290,1.8259,0.506,0.004,0.011,0.090,-0.052,242,18,36,0,48,0,91050.76,21973.618,11833.681,57.818,6773.200,133.588,18796.309,4141.749,1733.063,8176.910,6541.528,1326.683,134.950,771.040,0.000171,-0.002507,1453,0,9,27,35,9,33154,292,26,57.815,0,0,0,0,0,0,0
5701,190.0,3315,72,23,2331,983,0,1,1212,620.06,0.710,0.676,0.723,0.071,0.577,-0.961,2.014,0.3268,1.8887,0.503,0.004,0.010,0.089,-0.048,270,22,31,0,57,0,96754.83,23357.114,13590.170,57.352,7597.317,123.677,19955.991,4591.705,1808.539,10686.932,8549.546,1907.595,189.184,710.168,0.000243,-0.002980,1618,0,5,26,26,5,34365,267,21,57.304,0,0,0,0,0,0,0
5731,191.0,3518,79,23,2416,1101,0,1,1279,577.47,0.725,0.689,0.720,0.074,0.566,-0.961,2.016,0.3285,1.8979,0.504,0.004,0.008,0.089,-0.047,281,18,20,0,56,0,103885.70,25251.973,14611.054,50.858,8577.024,130.193,21309.120,5036.669,1898.050,11529.876,9223.901,1030.046,191.025,1012.128,0.000189,-0.002672,1962,0,2,18,20,2,35203,461,18,50.853,0,0,0,0,0,0,0
5761,192.0,3726,92,23,2505,1221,0,0,1392,542.58,0.737,0.703,0.718,0.076,0.558,-0.962,2.018,0.3289,1.8904,0.497,0.004,0.010,0.089,-0.045,283,30,48,0,64,0,111445.98,27361.146,16747.726,72.956,9381.904,121.349,22895.625,5700.917,2061.030,13391.474,10713.179,2249.732,103.216,932.727,0.000223,-0.002150,2106,0,9,39,40,9,36982,365,31,72.856,0,0,0,0,0,0,0
5791,193.0,3953,64,23,2597,1356,0,0,1594,511.76,0.752,0.718,0.717,0.077,0.548,-0.962,2.023,0.3279,1.9554,0.490,0.003,0.010,0.088,-0.043,259,25,54,0,60,0,120288.19,29554.545,18529.045,71.012,10996.584,114.593,24679.069,6211.036,2324.375,14295.713,11436.571,2098.233,100.923,1039.621,0.000170,-0.001541,2177,0,14,40,48,14,38749,337,34,70.955,0,0,0,0,0,0,0
5821,194.0,4215,73,23,2704,1511,0,0,1839,503.13,0.767,0.730,0.713,0.079,0.537,-0.962,2.029,0.3295,1.9457,0.466,0.003,0.012,0.088,-0.041,278,24,40,0,54,0,128117.10,31161.142,18899.315,50.770,12049.102,99.503,26575.035,7058.159,2711.947,14921.840,11937.472,1646.027,112.049,1194.725,0.000151,-0.003054,2609,0,6,34,30,6,39898,502,24,50.667,0,0,0,0,0,0,0
5851,195.0,4472,73,23,2792,1680,0,0,2057,464.18,0.784,0.745,0.711,0.081,0.526,-0.963,2.032,0.3282,1.9644,0.463,0.005,0.011,0.087,-0.039,258,19,86,0,84,0,134175.39,32793.387,21323.492,134.694,14121.223,94.951,28704.652,7769.719,3104.771,17648.848,14119.079,3365.135,208.856,1510.377,0.000243,-0.003737,3135,0,22,64,81,22,41548,553,59,134.605,0,0,0,0,0,0,0
5881,196.0,4683,56,23,2878,1805,0,0,2236,454.36,0.795,0.754,0.710,0.083,0.520,-0.962,2.035,0.3278,1.9545,0.456,0.005,0.010,0.086,-0.037,292,20,80,0,111,0,142325.89,35100.193,23357.822,91.102,14654.253,97.059,30618.220,8471.287,3443.668,16589.470,13271.576,2892.893,121.845,1532.817,0.000330,-0.003773,3265,0,18,62,70,18,42362,550,52,90.993,0,0,0,0,0,0,0
5911,197.0,4954,63,23,2963,1991,0,0,2512,467.04,0.811,0.768,0.710,0.083,0.508,-0.962,2.039,0.3273,1.9563,0.442,0.005,0.014,0.086,-0.034,270,23,84,0,92,0,151415.25,37910.593,25359.110,93.173,16322.402,91.768,32697.579,9256.476,3866.711,18941.735,15153.389,2879.609,212.959,1571.836,0.000321,-0.004037,3503,0,23,61,75,23,44428,551,51,92.615,0,0,0,0,0,0,0
5941,198.0,5224,35,23,3081,2143,0,0,2852,458.77,0.820,0.775,0.707,0.084,0.503,-0.962,2.046,0.3262,1.9907,0.433,0.003,0.014,0.086,-0.032,289,29,90,0,111,0,157468.97,39865.195,24722.072,93.919,18907.796,91.166,34871.205,10101.040,4455.297,19666.576,15733.261,3307.905,284.777,1673.921,0.000285,-0.003325,4186,0,33,57,86,33,45488,643,53,93.799,0,0,0,0,0,0,0
5971,199.0,5444,52,23,3189,2255,0,0,3197,407.12,0.823,0.779,0.711,0.084,0.502,-0.962,2.053,0.3258,1.9642,0.429,0.003,0.011,0.086,-0.032,261,19,99,0,139,0,162409.98,42356.550,25625.249,91.229,20496.876,91.437,36535.459,10755.593,5099.627,18696.541,14957.233,4388.230,165.162,2448.648,0.000321,-0.000844,5057,0,41,58,90,41,47170,1112,49,91.039,0,0,0,0,0,0,0
6001,200.0,5662,49,24,3263,2399,0,0,3526,376.33,0.834,0.788,0.712,0.084,0.496,-0.962,2.057,0.3266,1.9531,0.426,0.003,0.011,0.086,-0.030,226,24,99,0,159,0,168288.94,45013.955,27305.694,138.979,21896.361,80.320,38478.671,11601.671,5706.637,20184.466,16147.573,4390.697,262.777,2102.318,0.000228,-0.000753,5201,0,25,74,89,25,48888,958,63,136.638,0,0,0,0,0,0,0
6031,201.0,5833,55,24,3321,2512,0,0,3809,373.35,0.841,0.793,0.712,0.085,0.491,-0.962,2.061,0.3266,1.9620,0.419,0.003,0.011,0.086,-0.029,255,22,126,0,188,0,173754.11,47385.518,28833.383,155.735,23493.215,81.614,40177.162,12211.490,6342.551,20451.979,16361.583,6015.212,204.996,1867.665,0.000158,-0.001387,5457,0,39,87,118,39,50712,772,79,155.483,0,0,0,0,0,0,0
6061,202.0,5988,41,24,3331,2657,0,0,4078,374.75,0.854,0.803,0.713,0.086,0.483,-0.962,2.062,0.3255,1.9595,0.423,0.002,0.011,0.086,-0.028,249,19,104,0,198,0,180834.14,48912.885,30648.030,152.243,24639.989,81.577,41717.192,12680.380,6853.272,19799.052,15839.242,5053.354,183.640,2185.466,0.000320,-0.004368,5953,0,28,76,97,28,50617,896,69,152.069,0,0,0,0,0,0,0
6091,203.0,5999,47,24,3321,2678,0,0,4305,383.18,0.857,0.805,0.713,0.086,0.482,-0.962,2.065,0.3263,1.9576,0.421,0.026,0.047,0.086,-0.029,251,19,110,0,205,0,188755.69,50477.799,31002.435,118.600,24016.987,84.593,42767.780,13002.279,7393.726,14080.538,11264.431,5015.942,417.935,2263.523,0.000403,-0.007596,5954,0,35,75,101,35,49806,1040,65,117.891,0,0,0,0,0,0,0
6121,204.0,5996,50,24,3320,2676,0,0,4379,445.01,0.859,0.804,0.713,0.087,0.483,-0.962,2.067,0.3233,1.9706,0.422,0.032,0.084,0.087,-0.031,219,18,106,1,229,0,199408.27,51794.086,33078.658,134.220,26235.188,87.026,42868.384,12996.964,7731.700,14084.425,11267.540,4781.676,1080.942,2077.826,0.000165,-0.007626,6033,0,27,79,101,26,50582,898,75,130.113,0,0,0,0,0,0,0
6151,205.0,6000,44,24,3297,2703,0,0,4356,412.49,0.864,0.806,0.712,0.088,0.481,-0.962,2.070,0.3239,1.9880,0.418,0.044,0.125,0.087,-0.031,181,14,95,0,224,0,210974.75,53065.921,34969.075,132.886,27784.005,81.990,42980.518,13171.898,7832.766,13816.976,11053.581,5660.899,2015.863,2176.062,0.000211,-0.006565,5991,0,27,68,90,27,50531,770,62,131.060,0,0,0,0,0,0,0
6181,206.0,6000,57,24,3245,2755,0,0,4384,445.19,0.872,0.814,0.711,0.089,0.475,-0.962,2.070,0.3225,1.9685,0.427,0.053,0.142,0.086,-0.029,206,15,134,0,216,0,219135.25,53671.769,34341.736,203.742,28684.950,89.022,43249.741,13252.784,7890.884,14985.004,11988.004,7524.492,2831.907,2309.947,0.000467,-0.008334,6343,0,27,107,122,27,49617,791,95,203.428,0,0,0,0,0,0,0
6211,207.0,5995,59,24,3201,2794,0,0,4359,414.71,0.880,0.819,0.709,0.090,0.470,-0.962,2.072,0.3227,1.9684,0.439,0.065,0.160,0.087,-0.027,206,13,110,0,249,0,228249.55,54691.340,36376.688,158.252,29181.776,81.115,43678.708,13548.367,7948.972,15395.451,12316.361,7698.040,3989.614,2169.189,0.000458,-0.010265,6184,0,29,81,105,29,49881,665,76,157.993,0,0,0,0,0,0,0
6241,208.0,5998,65,24,3144,2854,0,0,4455,424.68,0.890,0.827,0.709,0.090,0.463,-0.963,2.073,0.3257,1.9841,0.437,0.062,0.182,0.086,-0.026,188,13,129,0,188,0,235592.23,55633.426,35623.157,232.168,31065.187,80.142,44136.958,14003.349,8012.264,14181.827,11345.462,8423.652,4262.128,2471.339,0.000414,-0.011714,6415,0,35,94,115,35,49482,809,80,231.774,0,0,0,0,0,0,0
6271,209.0,6000,54,24,3101,2899,0,0,4467,415.61,0.898,0.833,0.710,0.090,0.458,-0.962,2.078,0.3215,1.9664,0.442,0.073,0.209,0.086,-0.024,190,11,119,0,196,0,242940.25,54874.445,36758.725,165.588,30104.363,77.163,44558.967,14211.313,8163.961,13598.926,10879.141,7495.082,4899.781,2401.848,0.000403,-0.013732,6170,0,41,78,112,41,48677,813,71,165.238,0,0,0,0,0,0,0
6301,210.0,5999,58,25,3054,2945,0,0,4529,474.33,0.907,0.839,0.709,0.090,0.453,-0.963,2.080,0.3208,1.9797,0.446,0.080,0.234,0.086,-0.023,172,16,84,0,193,0,250074.97,55029.502,36851.422,157.704,33135.798,70.012,45019.459,14503.041,8254.399,12428.260,9942.608,6132.685,6334.127,2174.550,0.000457,-0.016419,6691,0,18,66,81,18,48861,746,62,156.010,0,0,0,0,0,0,0
6331,211.0,5997,47,25,3011,2985,1,0,4551,463.58,0.915,0.845,0.707,0.090,0.448,-0.962,2.084,0.3231,1.9658,0.444,0.072,0.241,0.085,-0.022,172,11,119,0,192,0,253004.62,55405.858,36870.666,161.713,32078.219,76.364,45424.653,14792.039,8335.460,13771.822,11017.458,8524.965,7148.362,2528.740,0.000329,-0.018714,6384,0,46,73,115,46,48981,712,68,160.574,0,0,0,0,0,0,0
6361,212.0,5998,35,25,2979,3018,1,0,4655,438.86,0.920,0.849,0.709,0.090,0.444,-0.962,2.086,0.3214,1.9514,0.457,0.080,0.243,0.085,-0.020,188,14,84,0,201,0,255848.38,54866.903,35784.068,113.146,32453.981,71.733,45818.458,14805.359,8486.705,12902.597,10322.078,6702.536,7008.530,2518.259,0.000321,-0.019016,6618,0,27,57,82,27,47905,984,55,113.058,0,0,0,0,0,0,0
6391,213.0,6000,38,25,2937,3062,1,0,4585,484.07,0.927,0.855,0.706,0.091,0.439,-0.962,2.087,0.3214,1.9386,0.466,0.086,0.244,0.085,-0.019,182,14,106,0,175,0,259416.23,55550.078,35553.894,156.178,31909.599,75.077,46108.273,14954.418,8541.710,12827.850,10262.281,6929.123,6315.701,2277.483,0.000240,-0.019783,6335,0,35,71,102,35,48133,778,66,154.856,0,0,0,0,0,0,0
6421,214.0,6000,51,25,2898,3101,1,0,4468,475.50,0.935,0.861,0.706,0.092,0.435,-0.962,2.096,0.3190,1.9639,0.465,0.078,0.243,0.085,-0.019,160,17,114,0,221,0,258804.92,54009.287,35045.634,153.227,32589.376,74.456,46505.756,14930.621,8368.376,15172.974,12138.379,8701.831,5895.958,2382.327,0.000298,-0.021302,6219,0,40,74,110,40,48227,681,69,152.692,0,0,0,0,0,0,0
6451,215.0,5996,52,25,2858,3137,1,0,4456,461.10,0.942,0.866,0.706,0.093,0.430,-0.962,2.098,0.3179,1.9845,0.476,0.082,0.235,0.085,-0.018,159,22,104,0,182,0,258031.86,52926.028,34997.736,157.598,32199.836,77.050,46855.439,15225.303,8268.291,13076.179,10460.944,7047.384,6676.468,2166.301,0.000331,-0.019675,6102,0,30,74,97,30,47320,660,66,156.972,0,0,0,0,0,0,0
6481,216.0,5999,45,25,2828,3170,1,0,4484,442.77,0.947,0.870,0.705,0.092,0.426,-0.962,2.100,0.3169,1.9451,0.461,0.071,0.230,0.085,-0.017,171,17,105,0,216,0,255628.41,51491.363,35633.940,166.234,31596.870,78.437,47212.193,15372.476,8308.319,14463.941,11571.153,7773.301,5867.723,2268.199,0.000359,-0.018086,6060,0,34,71,98,34,46196,602,63,165.731,0,0,0,0,0,0,0
6511,217.0,5998,39,25,2770,3227,1,0,4542,456.02,0.957,0.876,0.703,0.093,0.420,-0.962,2.103,0.3157,1.9876,0.463,0.073,0.198,0.084,-0.015,181,13,111,0,212,0,248890.27,49252.876,32783.662,137.932,30019.000,77.715,47664.279,15548.963,8405.162,14701.810,11761.448,7831.887,4387.104,2134.864,0.000309,-0.017326,5967,0,46,65,105,46,45659,538,58,137.604,0,0,0,0,0,0,0
6541,218.0,6000,46,25,2739,3261,0,0,4526,457.65,0.963,0.882,0.702,0.093,0.416,-0.963,2.106,0.3170,1.9614,0.481,0.069,0.178,0.084,-0.015,156,12,102,0,249,0,241702.59,48061.619,33286.062,98.889,29351.877,63.281,48001.134,15572.489,8498.229,16008.376,12806.701,6757.658,4539.766,2063.287,0.000325,-0.017926,6052,0,42,60,94,42,45503,643,52,98.668,0,0,0,0,0,0,0
6571,219.0,5996,31,25,2702,3294,0,0,4423,503.85,0.969,0.885,0.701,0.095,0.412,-0.963,2.107,0.3164,1.9668,0.468,0.060,0.144,0.084,-0.015,145,18,108,1,259,0,231832.92,46923.087,30830.316,142.415,29064.447,64.140,48282.354,15451.688,8347.649,16308.043,13046.434,7098.572,3420.311,1903.301,0.000396,-0.019753,6070,0,37,71,101,37,45834,629,64,142.272,0,0,0,0,0,0,0
6601,220.0,5996,40,25,2674,3322,0,0,4431,490.50,0.973,0.890,0.701,0.094,0.409,-0.964,2.109,0.3203,1.9630,0.466,0.052,0.112,0.084,-0.014,183,19,111,0,250,0,220607.58,45234.609,30194.598,133.206,27662.666,64.216,48633.485,15555.085,8273.587,16368.239,13094.592,6706.042,2353.591,1992.319,0.000231,-0.018975,6353,0,37,74,104,37,44561,809,67,133.087,0,0,0,0,0,0,0
6631,221.0,5997,26,25,2674,3323,0,0,4378,500.64,0.973,0.889,0.699,0.094,0.410,-0.964,2.112,0.3196,1.9599,0.468,0.040,0.087,0.085,-0.016,166,18,80,0,268,0,208603.00,43430.750,28667.528,78.390,26019.370,59.699,48831.996,15736.297,8271.983,15638.004,12510.404,4876.095,1615.599,1721.684,0.000332,-0.018512,6084,0,29,51,74,29,43987,754,45,78.191,0,0,0,0,0,0,0
6661,222.0,6000,37,25,2717,3283,0,0,4338,437.76,0.968,0.883,0.699,0.093,0.417,-0.963,2.118,0.3210,1.9601,0.472,0.022,0.051,0.086,-0.019,150,31,73,0,343,0,193754.31,42789.926,26243.464,50.048,25382.986,57.625,48749.854,15543.031,8106.961,18934.586,15147.669,5009.308,1009.152,1726.903,0.000252,-0.018691,6121,0,38,35,72,38,44228,666,34,49.918,0,0,0,0,0,0,0
6691,223.0,5999,28,25,2749,3250,0,0,4315,468.87,0.963,0.877,0.701,0.092,0.422,-0.963,2.121,0.3184,1.9461,0.469,0.004,0.015,0.087,-0.022,143,34,86,1,326,0,178630.67,41819.421,26077.118,67.510,25004.044,59.811,48440.131,15337.252,8014.138,18726.138,14980.911,5388.477,486.659,1675.789,0.000271,-0.019567,6179,0,41,45,82,41,44493,561,41,67.247,0,0,0,0,0,0,0
6721,224.0,5830,33,25,2749,3081,0,0,4294,457.33,0.951,0.864,0.702,0.090,0.434,-0.963,2.125,0.3163,1.9586,0.465,0.002,0.010,0.088,-0.026,143,32,77,0,349,0,164449.05,40368.026,24738.818,47.910,22910.881,62.180,47580.233,14980.270,7963.856,12142.309,9713.847,4491.722,255.209,1636.640,0.000262,-0.018851,5954,0,41,36,73,41,44195,533,32,47.578,0,0,0,0,0,0,0
6751,225.0,5583,28,26,2723,2860,0,0,4224,490.98,0.938,0.851,0.705,0.088,0.448,-0.963,2.131,0.3143,1.9445,0.464,0.003,0.010,0.090,-0.031,164,42,70,0,380,0,150373.98,38207.527,22682.063,46.131,20613.674,68.479,45334.139,14102.834,7788.440,10147.139,8117.711,4130.769,190.802,1434.363,0.000307,-0.017708,5700,0,34,36,60,34,43448,508,26,45.791,0,0,0,0,0,0,0
6781,226.0,5308,34,26,2710,2598,0,0,4020,482.42,0.917,0.833,0.706,0.087,0.467,-0.964,2.135,0.3154,1.9534,0.454,0.003,0.010,0.092,-0.037,180,35,47,1,411,0,137794.58,36175.397,20608.208,34.886,17855.572,73.329,42523.767,12847.005,7467.896,9034.830,7227.864,3374.477,62.263,1315.539,0.000228,-0.015233,5046,0,25,22,44,25,42844,526,19,34.819,0,0,0,0,0,0,0
6811,227.0,5018,35,26,2681,2337,0,0,3718,456.02,0.894,0.815,0.705,0.085,0.487,-0.964,2.140,0.3116,1.9732,0.459,0.002,0.012,0.095,-0.044,178,43,52,0,391,0,128878.34,34890.974,20392.325,28.899,16477.924,77.128,39647.779,11623.308,6996.585,7944.558,6355.647,2876.764,158.803,1336.280,0.000268,-0.013541,4732,0,23,29,43,23,43146,603,20,28.831,0,0,0,0,0,0,0
6841,228.0,4765,25,26,2651,2114,0,0,3466,544.81,0.873,0.797,0.707,0.083,0.506,-0.964,2.147,0.3111,1.9543,0.460,0.001,0.014,0.097,-0.049,204,34,57,0,338,0,120501.77,33007.335,18605.682,48.388,15721.449,86.513,36733.858,10613.393,6473.084,7175.003,5740.003,3308.436,219.918,1254.283,0.000243,-0.012687,4405,0,24,33,48,24,42857,567,24,48.342,0,0,0,0,0,0,0
6871,229.0,4524,50,26,2631,1893,0,0,3164,501.05,0.849,0.776,0.708,0.082,0.527,-0.964,2.149,0.3107,1.9545,0.465,0.000,0.016,0.099,-0.057,215,49,51,0,306,0,113974.76,31750.468,16467.795,38.180,13131.615,95.029,34160.178,9478.413,5905.723,6593.500,5274.800,2660.059,123.126,1137.259,0.000186,-0.013712,3846,0,22,29,44,22,42316,576,22,38.119,0,0,0,0,0,0,0
6901,230.0,4304,39,27,2567,1737,0,0,2924,567.72,0.836,0.766,0.706,0.081,0.539,-0.965,2.151,0.3108,1.9369,0.471,0.001,0.013,0.101,-0.061,201,57,38,0,278,0,107952.55,29524.197,14970.358,49.632,12916.939,91.230,31851.295,8754.329,5334.629,6338.412,5070.730,2224.511,69.020,1064.934,0.000233,-0.012090,3587,0,8,30,32,8,41889,490,24,49.622,0,0,0,0,0,0,0
6931,231.0,4143,31,27,2533,1610,0,0,2660,549.88,0.821,0.753,0.706,0.079,0.553,-0.965,2.153,0.3084,1.9329,0.475,0.000,0.015,0.102,-0.066,212,33,34,0,251,0,103845.18,28320.324,14638.380,27.683,11641.996,95.270,30083.986,7925.285,4837.024,6444.915,5155.932,1912.728,66.902,978.848,0.000165,-0.011607,3216,0,10,24,29,10,41555,401,19,27.667,0,0,0,0,0,0,0
6961,232.0,3995,37,27,2504,1491,0,0,2482,586.28,0.806,0.742,0.705,0.079,0.566,-0.965,2.158,0.3073,1.9699,0.479,0.000,0.015,0.104,-0.072,208,49,34,2,199,0,98600.54,26866.010,12249.292,32.780,11128.503,100.793,28521.271,7453.999,4385.136,5461.968,4369.575,1786.253,181.921,971.749,0.000138,-0.011729,3041,0,15,19,29,15,40717,507,14,32.765,0,0,0,0,0,0,0
6991,233.0,3832,32,27,2463,1369,0,0,2342,579.65,0.791,0.729,0.706,0.080,0.580,-0.966,2.162,0.3099,1.9626,0.478,0.001,0.016,0.105,-0.078,217,45,40,0,207,0,93450.89,25849.817,10885.406,41.472,10380.415,95.354,26954.677,6902.781,4070.377,5180.698,4144.559,2035.153,61.523,865.690,0.000195,-0.010626,2752,0,9,31,34,9,40173,377,25,41.451,0,0,0,0,0,0,0
7021,234.0,3657,40,27,2416,1241,0,0,2197,546.81,0.773,0.714,0.708,0.078,0.595,-0.967,2.164,0.3061,1.9797,0.480,0.001,0.016,0.108,-0.084,228,45,36,0,194,0,89073.38,24417.488,10390.209,37.922,8735.526,100.331,25588.556,6459.651,3813.984,3864.041,3091.233,1790.861,74.999,722.271,0.000218,-0.011594,2399,0,8,28,27,8,39415,311,19,37.911,0,0,0,0,0,0,0
7051,235.0,3535,42,27,2383,1152,0,0,2110,741.95,0.760,0.703,0.707,0.077,0.607,-0.967,2.168,0.3052,1.9765,0.480,0.002,0.015,0.109,-0.088,215,49,32,1,147,0,84839.38,23118.549,9877.276,29.412,8481.512,97.963,24057.570,6054.133,3563.554,4048.894,3239.116,1790.586,122.626,860.982,0.000201,-0.012990,2441,0,9,23,27,9,38342,427,18,29.398,0,0,0,0,0,0,0
7081,236.0,3399,34,27,2343,1056,0,0,1968,666.25,0.745,0.690,0.708,0.077,0.620,-0.967,2.171,0.3045,1.9466,0.489,0.001,0.015,0.111,-0.093,234,41,11,0,184,0,81103.88,22210.835,8437.156,7.310,7368.192,101.118,22885.721,5653.020,3370.417,3944.664,3155.731,962.431,67.933,662.357,0.000158,-0.013291,1994,0,5,6,9,5,37847,325,4,7.306,0,0,0,0,0,0,0
7111,237.0,3294,41,27,2324,970,0,0,1857,634.99,0.730,0.678,0.708,0.076,0.635,-0.967,2.174,0.3025,1.9493,0.487,0.001,0.018,0.112,-0.098,224,47,18,1,144,0,78799.21,21459.141,8562.067,19.683,7080.694,102.743,21578.378,5061.462,3101.423,4063.704,3250.963,1125.142,63.898,602.507,0.000141,-0.013708,1795,0,1,17,11,1,37922,244,10,19.676,0,0,0,0,0,0,0
7141,238.0,3189,38,27,2297,892,0,0,1758,626.67,0.715,0.666,0.708,0.075,0.647,-0.967,2.180,0.3040,1.9667,0.503,0.001,0.017,0.114,-0.102,243,50,11,0,151,0,77872.16,21135.531,8507.913,17.533,6185.517,110.860,20575.518,4700.823,2910.033,4194.439,3355.551,973.667,21.538,567.562,0.000175,-0.014505,1733,0,0,11,9,0,37676,352,9,17.530,0,0,0,0,0,0,0
7171,239.0,3167,32,27,2306,861,0,0,1683,715.75,0.706,0.660,0.708,0.075,0.655,-0.967,2.187,0.3017,1.9849,0.497,0.001,0.016,0.115,-0.105,240,46,6,1,99,0,78051.98,21076.568,8287.912,6.838,6052.975,120.287,19809.669,4352.535,2744.510,4922.346,3937.877,684.073,74.904,541.333,0.000189,-0.014113,1641,0,1,5,4,1,37566,365,3,6.836,0,0,0,0,0,0,0
7201,240.0,3127,32,27,2310,817,0,0,1611,679.99,0.696,0.652,0.708,0.075,0.665,-0.967,2.188,0.3014,2.0250,0.487,0.002,0.016,0.116,-0.109,241,46,12,0,101,0,78096.10,20879.140,7931.075,4.323,5603.677,118.498,19443.163,4203.495,2610.704,4394.046,3515.237,904.095,125.621,604.533,0.000272,-0.012194,1495,0,0,12,1,0,37863,349,1,4.313,0,0,0,0,0,0,0
7231,241.0,3119,48,27,2315,804,0,0,1575,723.39,0.691,0.650,0.709,0.077,0.669,-0.966,2.190,0.3020,2.0199,0.488,0.002,0.015,0.117,-0.111,248,24,17,1,93,0,77803.21,20554.622,7508.929,3.833,5622.495,110.506,19112.167,4096.147,2506.284,4690.482,3752.386,940.955,65.619,701.010,0.000138,-0.011752,1557,0,3,14,5,3,37635,361,2,3.823,0,0,0,0,0,0,0
7261,242.0,3127,37,27,2334,793,0,0,1526,671.57,0.687,0.647,0.708,0.076,0.673,-0.966,2.192,0.3032,2.0215,0.494,0.002,0.020,0.118,-0.112,257,25,6,0,87,0,78141.19,20962.588,7106.637,1.695,6176.691,119.647,19046.841,4048.414,2438.028,4753.225,3802.580,525.599,16.845,706.572,0.000156,-0.011636,1536,0,1,5,5,1,38214,363,4,1.695,0,0,0,0,0,0,0
7291,243.0,3107,63,27,2352,755,0,0,1482,645.54,0.677,0.640,0.709,0.075,0.682,-0.965,2.193,0.3014,2.0279,0.489,0.002,0.016,0.119,-0.116,254,31,7,0,102,0,79038.76,21515.143,7142.705,2.149,5815.665,128.187,18835.354,4008.794,2342.849,4491.647,3593.318,930.337,96.850,649.915,0.000183,-0.011068,1441,0,1,6,3,1,38306,284,2,2.146,0,0,0,0,0,0,0
7321,244.0,3120,45,27,2371,749,0,0,1469,619.70,0.674,0.639,0.708,0.076,0.685,-0.965,2.194,0.3050,2.0464,0.483,0.002,0.021,0.119,-0.116,270,27,6,1,81,0,81918.41,21759.296,8646.398,2.171,5717.486,121.747,18651.455,3921.052,2296.595,4975.237,3980.189,974.055,54.265,635.741,0.000221,-0.012711,1415,0,0,6,1,0,38731,320,1,2.167,0,0,0,0,0,0,0
7351,245.0,3179,64,27,2425,754,0,0,1470,639.57,0.668,0.635,0.707,0.076,0.688,-0.965,2.197,0.3047,2.0210,0.471,0.002,0.023,0.120,-0.119,288,24,9,0,67,0,85300.81,22836.445,8398.272,10.227,5356.070,125.836,18825.437,4002.100,2291.824,5695.198,4556.159,783.868,151.806,668.467,0.000137,-0.013842,1476,0,0,9,5,0,39258,456,5,10.224,0,0,0,0,0,0,0
7381,246.0,3274,66,27,2477,797,0,0,1473,679.93,0.674,0.641,0.706,0.076,0.684,-0.965,2.200,0.3038,2.0496,0.465,0.002,0.020,0.120,-0.118,285,21,8,0,76,0,90167.34,23646.340,10207.994,6.999,6889.801,120.452,19247.807,4086.363,2316.433,7543.356,6034.685,793.956,180.932,860.643,0.000135,-0.014862,1570,0,1,7,5,1,39619,411,3,5.261,0,0,0,0,0,0,0
7411,247.0,3400,81,27,2526,874,0,0,1509,687.18,0.686,0.654,0.700,0.078,0.674,-0.966,2.201,0.3031,2.0720,0.454,0.002,0.021,0.120,-0.115,276,20,20,0,63,0,95520.17,24989.297,11253.689,19.767,7903.026,108.884,20142.258,4469.794,2328.664,8842.255,7073.804,1069.145,186.853,944.750,0.000154,-0.014437,1780,0,0,20,10,0,40489,421,9,18.584,0,0,0,0,0,0,0
7441,248.0,3529,62,27,2595,934,0,0,1525,643.93,0.693,0.661,0.699,0.079,0.668,-0.966,2.206,0.3065,2.0941,0.452,0.003,0.021,0.119,-0.113,283,18,23,0,70,0,100607.24,26523.877,11639.794,26.120,8168.681,112.528,21166.931,4846.444,2381.907,9060.593,7248.475,1580.487,302.234,1012.600,0.000166,-0.014858,1868,0,3,20,16,3,41454,416,13,26.110,0,0,0,0,0,0,0
7471,249.0,3683,63,27,2676,1007,0,0,1624,589.85,0.700,0.669,0.696,0.080,0.662,-0.966,2.208,0.3040,2.1026,0.439,0.002,0.024,0.119,-0.111,264,19,25,0,68,0,106643.63,27990.759,12795.676,22.806,9427.684,99.684,22207.202,5241.670,2476.701,10116.523,8093.218,1433.550,272.852,1117.571,0.000128,-0.015727,2075,0,8,17,18,8,42774,464,10,22.752,0,0,0,0,0,0,0
7501,250.0,3864,92,27,2769,1095,0,0,1748,530.21,0.708,0.680,0.695,0.081,0.654,-0.966,2.209,0.3064,2.1007,0.429,0.001,0.025,0.118,-0.108,287,29,24,1,57,0,113318.50,29629.589,13816.599,18.487,10140.139,98.222,23313.816,5713.386,2683.480,11258.862,9007.090,1500.486,277.882,1048.993,0.000235,-0.013729,2249,0,9,15,18,9,43542,510,9,18.473,0,0,0,0,0,0,0
7531,251.0,4100,58,27,2870,1229,1,0,1883,514.33,0.724,0.695,0.692,0.081,0.641,-0.963,2.211,0.3085,2.0941,0.421,0.002,0.022,0.117,-0.103,277,14,28,0,64,0,121019.33,31781.398,15641.102,31.411,11480.504,100.041,25026.306,6236.433,2900.797,13339.969,10671.975,1475.998,167.203,1278.351,0.000254,-0.011334,2573,0,8,20,23,8,44772,631,15,31.395,20,8,3,0,0,0,3
7561,252.0,4315,69,27,2973,1341,1,0,2056,554.54,0.735,0.704,0.691,0.081,0.633,-0.963,2.214,0.3058,2.0930,0.415,0.002,0.022,0.116,-0.100,295,20,57,1,69,0,129012.35,33992.543,17653.485,68.322,11719.900,96.548,26766.100,6777.232,3191.593,13909.863,11127.890,2421.930,246.272,1536.227,0.000228,-0.010384,2731,0,15,42,49,15,45736,689,33,67.076,30,9,9,0,0,0,9
7591,253.0,4578,63,27,3107,1470,1,0,2264,551.79,0.745,0.714,0.690,0.082,0.625,-0.961,2.216,0.3050,2.1171,0.412,0.001,0.019,0.115,-0.097,300,22,49,0,74,0,136858.02,36647.230,18142.490,52.512,14273.988,97.625,28660.187,7511.557,3497.009,15717.493,12573.995,2188.465,256.465,1739.388,0.000251,-0.009841,3359,0,21,28,44,21,48021,821,23,52.495,30,3,3,0,0,0,3
7621,254.0,4800,65,27,3191,1608,1,0,2519,519.22,0.759,0.727,0.687,0.083,0.613,-0.961,2.215,0.3069,2.1262,0.399,0.001,0.018,0.114,-0.093,295,18,70,0,103,0,143052.80,38919.177,18570.678,82.747,16718.880,90.826,30614.204,8595.310,3874.930,16378.935,13103.149,2793.337,471.851,1752.413,0.000250,-0.008135,3626,0,20,50,61,20,49416,671,41,82.728,30,8,0,0,0,0,0
7651,255.0,5084,60,27,3315,1769,0,0,2801,467.27,0.772,0.738,0.685,0.084,0.603,-0.963,2.221,0.3105,2.1178,0.391,0.001,0.018,0.113,-0.089,262,24,87,1,101,0,150463.05,42120.221,21302.127,82.514,18169.773,86.441,32623.829,9184.452,4373.653,19514.366,15611.493,3667.962,377.377,1964.464,0.000256,-0.007210,4178,0,37,50,76,37,50175,845,39,82.338,14,11,0,0,0,0,0
7681,256.0,5305,54,27,3397,1908,0,0,3038,467.49,0.784,0.749,0.684,0.085,0.594,-0.964,2.224,0.3058,2.1085,0.386,0.001,0.016,0.112,-0.087,283,22,99,0,119,0,157010.42,43888.339,22239.623,116.672,19147.901,79.707,34776.850,10084.622,4784.869,18187.801,14550.241,4016.021,482.847,1914.488,0.000266,-0.005658,4326,0,30,69,90,30,51844,784,60,116.606,0,0,0,0,0,0,0
7711,257.0,5532,49,27,3501,2031,0,0,3328,426.18,0.792,0.757,0.682,0.084,0.589,-0.964,2.224,0.3067,2.1102,0.380,0.001,0.017,0.112,-0.084,300,17,106,0,141,0,164713.33,46692.386,23682.857,130.559,20587.282,80.418,36432.617,10460.506,5232.230,19219.972,15375.978,4553.282,209.589,2070.671,0.000215,-0.005195,4741,0,34,72,100,34,53163,826,66,130.478,0,0,0,0,0,0,0
7741,258.0,5798,50,27,3604,2194,0,0,3620,446.80,0.805,0.767,0.680,0.085,0.580,-0.964,2.225,0.3091,2.1338,0.376,0.002,0.016,0.112,-0.082,281,17,115,0,143,0,173409.77,49273.091,26779.264,150.141,23398.676,81.784,38334.464,11158.698,5742.956,21594.185,17275.348,5295.656,362.784,2292.674,0.000285,-0.005121,5327,0,43,72,110,43,53351,865,67,150.012,0,0,0,0,0,0,0
7771,259.0,6000,41,27,3669,2331,0,0,3886,449.90,0.815,0.777,0.680,0.085,0.572,-0.964,2.228,0.3090,2.1486,0.368,0.008,0.030,0.111,-0.080,276,21,115,0,137,0,182294.55,51500.995,27933.944,141.772,24683.813,87.405,40831.072,12297.275,6321.860,19104.804,15283.843,4810.782,350.475,2259.503,0.000378,-0.002179,5536,0,40,75,110,40,53617,785,70,141.628,0,0,0,0,0,0,0
7801,260.0,6000,41,27,3660,2340,0,0,4074,430.86,0.818,0.778,0.681,0.086,0.571,-0.965,2.228,0.3098,2.1223,0.376,0.021,0.077,0.111,-0.080,247,12,122,1,164,0,192593.77,54171.172,28360.924,152.433,26009.580,85.243,41672.359,12511.867,6691.739,12150.915,9720.732,6012.453,701.507,2365.213,0.000256,0.000177,5946,0,47,75,118,47,54541,914,71,152.323,0,0,0,0,0,0,0
7831,261.0,6000,69,27,3650,2350,0,0,4202,359.77,0.820,0.780,0.680,0.086,0.570,-0.965,2.227,0.3094,2.1191,0.373,0.043,0.125,0.111,-0.080,256,14,107,1,177,0,205264.98,56565.729,29739.718,112.440,26510.552,84.577,41816.266,12550.431,7028.833,12252.023,9801.618,5880.957,1582.603,2437.164,0.000269,0.001850,5911,0,35,72,90,35,54433,924,55,112.251,0,0,0,0,0,0,0
7861,262.0,6000,55,27,3645,2355,0,0,4384,422.42,0.822,0.781,0.680,0.087,0.569,-0.964,2.228,0.3083,2.1382,0.373,0.060,0.186,0.111,-0.080,239,18,88,0,168,0,219990.50,57646.958,32295.142,135.725,28842.602,76.652,42009.030,12750.006,7250.066,11017.659,8814.128,4950.933,3709.947,2478.804,0.000359,0.005492,6185,0,26,62,80,26,53655,1001,54,135.634,0,0,0,0,0,0,0
7891,263.0,6000,59,27,3598,2402,0,0,4441,540.27,0.830,0.787,0.678,0.088,0.563,-0.964,2.230,0.3080,2.1440,0.384,0.073,0.224,0.110,-0.078,227,13,106,1,164,0,234012.61,60095.195,33076.234,133.987,30936.170,84.720,42219.857,12743.331,7498.912,11890.988,9512.790,5817.685,5808.642,2816.686,0.000327,0.008152,6399,0,27,79,89,27,53576,1060,62,133.864,0,0,0,0,0,0,0
7921,264.0,6000,53,27,3576,2424,0,0,4459,459.36,0.833,0.790,0.679,0.089,0.560,-0.964,2.234,0.3068,2.1256,0.389,0.084,0.286,0.109,-0.077,233,8,97,0,155,0,246911.86,61703.995,32865.736,142.185,32553.589,88.782,42462.826,12915.845,7568.767,10548.384,8438.708,7278.810,6881.411,2595.336,0.000416,0.009626,6137,0,33,64,84,33,52400,887,51,142.016,0,0,0,0,0,0,0
7951,265.0,5999,51,31,3555,2444,0,0,4394,475.55,0.836,0.793,0.679,0.089,0.558,-0.964,2.236,0.3068,2.1438,0.396,0.096,0.324,0.109,-0.077,229,5,101,0,147,0,260815.84,63105.610,34122.695,135.380,32965.511,86.251,42690.931,13094.887,7628.277,10469.930,8375.944,7051.987,8161.461,2738.175,0.000530,0.005802,5935,0,37,64,91,37,52083,758,53,134.075,0,0,0,0,0,0,0
7981,266.0,6000,57,31,3523,2477,0,0,4328,457.37,0.842,0.796,0.681,0.089,0.553,-0.964,2.238,0.3043,2.1195,0.391,0.112,0.356,0.108,-0.076,198,5,112,0,136,0,271822.72,64429.955,35214.784,152.954,35588.626,74.401,42986.044,13431.379,7456.231,10544.188,8435.350,8348.314,11441.875,3018.139,0.000568,0.001698,6296,0,38,74,100,38,51901,918,62,152.712,0,0,0,0,0,0,0
8011,267.0,5998,50,31,3446,2552,0,0,4330,532.08,0.854,0.808,0.679,0.090,0.543,-0.964,2.240,0.3092,2.1437,0.397,0.112,0.388,0.108,-0.072,209,10,143,0,123,0,281565.12,64408.589,36809.723,286.733,36851.532,75.576,43385.470,13686.252,7404.197,11593.022,9274.418,9565.137,12337.619,3065.331,0.000452,-0.003780,6264,0,41,102,133,41,51146,884,92,286.479,0,0,0,0,0,0,0
8041,268.0,5996,46,31,3385,2611,0,0,4294,449.42,0.864,0.818,0.680,0.090,0.535,-0.964,2.240,0.3074,2.1237,0.394,0.124,0.405,0.107,-0.069,211,4,174,0,113,0,286482.34,64066.099,37584.449,313.637,38329.987,73.286,43979.076,13987.962,7387.941,12302.565,9842.052,11492.669,14683.206,3055.613,0.000456,-0.007620,6285,0,67,107,166,67,50489,699,99,313.249,0,0,0,0,0,0,0
8071,269.0,6000,55,31,3330,2670,0,0,4269,549.30,0.873,0.826,0.680,0.091,0.527,-0.964,2.244,0.3062,2.1188,0.396,0.120,0.409,0.106,-0.066,214,8,138,0,137,0,291813.59,63833.153,37085.270,204.906,35982.104,70.572,44510.402,14093.372,7383.430,12111.058,9688.847,9500.305,14726.882,3155.461,0.000340,-0.009433,6114,0,51,87,128,51,50032,899,77,204.544,0,0,0,0,0,0,0
8101,270.0,6000,41,33,3277,2723,0,0,4306,491.26,0.881,0.833,0.679,0.089,0.520,-0.964,2.245,0.3074,2.1284,0.409,0.139,0.414,0.105,-0.063,189,11,130,1,128,0,297340.31,63602.129,38401.743,193.078,38494.027,76.702,44979.647,14289.692,7363.222,11622.706,9298.165,9409.972,15134.280,3168.881,0.000332,-0.010946,6239,0,53,77,126,53,49458,785,73,192.852,0,0,0,0,0,0,0
8131,271.0,5999,39,33,3223,2776,0,0,4330,509.49,0.890,0.841,0.679,0.090,0.512,-0.964,2.246,0.3045,2.1198,0.409,0.131,0.427,0.104,-0.060,185,3,125,0,125,0,299671.72,62943.714,36328.988,159.453,39274.557,73.349,45575.121,14446.548,7419.588,10743.624,8594.899,9584.280,15040.409,2886.069,0.000567,-0.014114,6230,0,51,74,121,51,49147,640,70,159.247,0,0,0,0,0,0,0
8161,272.0,5997,37,33,3186,2811,0,0,4353,534.67,0.897,0.847,0.679,0.090,0.507,-0.963,2.248,0.3037,2.1241,0.415,0.138,0.422,0.103,-0.059,177,7,153,0,125,0,300315.31,62753.103,37349.790,198.271,37586.743,71.597,46034.601,14533.367,7522.867,11832.759,9466.207,11651.754,14513.668,3034.761,0.000585,-0.013030,6240,0,67,86,146,67,49219,726,79,197.898,0,0,0,0,0,0,0
8191,273.0,5994,34,33,3148,2846,0,0,4383,553.85,0.903,0.851,0.678,0.091,0.503,-0.963,2.247,0.3079,2.1280,0.414,0.127,0.426,0.103,-0.058,180,4,119,1,137,0,300203.84,61608.278,36320.127,139.579,40267.450,78.631,46471.345,14844.575,7565.056,11007.268,8805.815,9250.053,14662.372,3184.602,0.000368,-0.013396,6432,0,54,65,107,54,47831,724,53,139.326,0,0,0,0,0,0,0
8221,274.0,5997,42,33,3104,2893,0,0,4389,578.86,0.911,0.857,0.677,0.091,0.496,-0.963,2.249,0.3060,2.1161,0.416,0.129,0.399,0.102,-0.056,159,6,132,0,136,0,297249.38,60676.076,36757.771,180.322,38298.822,67.117,46861.632,14897.156,7631.152,11941.244,9552.995,11586.871,14090.469,3113.107,0.000348,-0.011940,6293,0,62,70,127,62,47334,681,65,179.945,0,0,0,0,0,0,0
8251,275.0,6000,43,35,3068,2932,0,0,4391,555.92,0.918,0.862,0.678,0.093,0.491,-0.963,2.246,0.3058,2.1463,0.419,0.122,0.394,0.102,-0.054,169,9,137,0,138,0,294118.88,59690.287,35768.604,138.305,38154.842,62.576,47285.902,15101.001,7655.734,12250.573,9800.459,10876.821,12365.253,2992.872,0.000443,-0.008111,6481,0,61,76,125,61,47414,712,62,137.575,0,0,0,0,0,0,0
8281,276.0,5999,44,35,3042,2957,0,0,4419,538.55,0.923,0.866,0.678,0.093,0.488,-0.963,2.246,0.3056,2.1288,0.419,0.100,0.374,0.102,-0.053,154,8,117,1,135,0,289509.97,57870.304,35281.574,130.722,38866.366,66.074,47703.273,15402.258,7726.154,11153.336,8922.669,9685.972,12404.845,2738.358,0.000379,-0.005672,6707,0,56,61,109,56,46419,678,53,130.465,0,0,0,0,0,0,0
8311,277.0,5998,42,35,3005,2993,0,0,4414,581.51,0.929,0.872,0.678,0.093,0.483,-0.963,2.247,0.3048,2.1223,0.423,0.095,0.360,0.101,-0.051,150,11,120,0,143,0,283861.72,57294.037,33514.477,129.646,35974.977,61.388,48074.237,15337.540,7722.851,11870.554,9496.443,9528.098,10940.814,2608.749,0.000332,-0.004239,6379,0,57,63,111,57,46655,674,54,129.326,0,0,0,0,0,0,0
8341,278.0,6000,35,35,2938,3062,0,0,4358,614.32,0.941,0.882,0.677,0.093,0.474,-0.963,2.248,0.3028,2.1258,0.424,0.094,0.306,0.100,-0.048,147,12,141,1,181,0,275589.91,55634.473,33410.531,127.522,34919.286,62.080,48654.149,15834.110,7713.126,14929.638,11943.711,10927.208,8681.091,2648.745,0.000464,0.000172,6380,0,64,77,132,64,44875,680,68,127.103,0,0,0,0,0,0,0
8371,279.0,6000,28,35,2893,3107,0,0,4399,545.60,0.950,0.888,0.675,0.093,0.468,-0.963,2.249,0.3027,2.1323,0.426,0.084,0.278,0.100,-0.045,150,10,117,0,159,0,267593.22,53294.454,33164.244,108.213,34401.520,58.716,49187.087,15963.264,7730.825,12608.459,10086.767,8426.424,8234.101,2500.215,0.000467,0.005539,6248,0,60,57,108,60,44700,621,48,107.832,0,0,0,0,0,0,0
8401,280.0,6000,23,36,2842,3158,0,0,4378,592.33,0.957,0.896,0.673,0.095,0.461,-0.963,2.251,0.3040,2.1482,0.427,0.068,0.230,0.099,-0.043,138,16,120,1,206,0,255048.80,50523.787,30741.490,125.425,32864.511,59.193,49641.515,16062.003,7729.849,15207.028,12165.623,8828.487,6289.763,2342.103,0.000469,0.011750,6320,0,60,60,119,60,43777,591,58,124.574,0,0,0,0,0,0,0
8431,281.0,6000,31,36,2811,3189,0,0,4365,496.45,0.963,0.899,0.672,0.095,0.457,-0.963,2.252,0.3037,2.0994,0.433,0.050,0.176,0.099,-0.042,144,20,147,0,196,0,240857.47,49091.521,29692.286,133.758,32864.017,55.768,50050.117,16538.754,7750.805,15872.779,12698.223,8308.653,4978.765,2307.251,0.000408,0.015212,6484,0,78,69,143,78,43183,523,65,133.537,0,0,0,0,0,0,0
8461,282.0,6000,42,36,2763,3237,0,0,4273,547.85,0.971,0.905,0.672,0.096,0.450,-0.964,2.257,0.3039,2.1267,0.436,0.035,0.131,0.098,-0.039,141,26,143,3,215,0,224780.33,47606.766,27832.619,191.198,30233.685,56.269,50441.669,16593.985,7636.470,17108.441,13686.753,8497.110,2993.887,2122.911,0.000275,0.016838,6327,0,64,79,140,64,42810,511,76,191.048,0,0,0,0,0,0,0
8491,283.0,5998,28,36,2743,3255,0,0,4248,535.86,0.974,0.908,0.672,0.095,0.448,-0.964,2.257,0.3017,2.0915,0.444,0.022,0.074,0.098,-0.038,146,23,161,0,237,0,206304.95,45234.366,27408.094,129.436,27967.099,53.498,50745.993,16716.262,7505.607,18450.219,14760.175,8873.275,1499.758,2216.339,0.000371,0.018378,6216,0,90,71,158,90,42427,458,68,129.125,0,0,0,0,0,0,0
8521,284.0,5997,25,36,2737,3259,1,0,4274,572.42,0.975,0.907,0.674,0.095,0.448,-0.963,2.259,0.3034,2.1037,0.434,0.010,0.031,0.098,-0.037,133,26,153,1,243,0,187647.38,43595.560,25123.552,86.356,26339.259,51.935,50872.199,16444.191,7521.346,18288.458,14630.767,6481.596,616.717,1869.295,0.000364,0.018637,6135,0,93,60,149,93,42265,384,56,86.187,0,0,0,0,0,0,0
8551,285.0,5902,29,40,2731,3169,2,0,4150,542.91,0.969,0.901,0.675,0.094,0.454,-0.963,2.263,0.3040,2.0716,0.439,0.000,0.006,0.099,-0.041,142,32,138,0,305,0,167697.09,41095.637,23286.992,82.356,23146.842,53.061,50586.173,15951.746,7471.843,15948.703,12758.962,5492.815,75.861,1647.089,0.000323,0.018788,5896,0,71,67,132,71,41820,414,61,82.220,0,0,0,0,0,0,0
8581,286.0,5632,27,40,2706,2925,1,0,4056,517.75,0.952,0.885,0.677,0.092,0.469,-0.964,2.266,0.3050,2.1089,0.435,0.000,0.007,0.100,-0.046,140,59,92,0,347,0,151153.38,39463.249,22135.465,76.966,22351.758,48.603,48423.997,15234.659,7215.559,9430.670,7544.536,3964.431,41.319,1453.296,0.000232,0.018639,5811,0,40,52,87,39,40893,475,48,75.150,0,0,0,0,0,0,0
8611,287.0,5326,30,40,2698,2627,1,0,3816,509.64,0.926,0.862,0.684,0.089,0.492,-0.964,2.268,0.3032,2.0925,0.432,0.000,0.006,0.103,-0.054,156,55,91,0,371,0,136835.62,37468.684,20619.851,42.230,19207.849,56.965,45156.198,13949.319,6922.344,8502.903,6802.323,3348.978,66.550,1304.547,0.000228,0.018837,5106,0,51,40,88,51,40489,407,37,42.159,0,0,0,0,0,0,0
8641,288.0,5020,33,40,2653,2366,1,0,3560,563.33,0.904,0.844,0.687,0.087,0.510,-0.964,2.267,0.3047,2.0843,0.443,0.000,0.005,0.105,-0.061,148,62,57,2,382,0,126592.33,35682.959,20298.303,64.598,17577.905,60.012,41683.206,12439.121,6411.942,8196.859,6557.487,2922.418,39.811,1153.298,0.000250,0.020410,4694,0,16,41,52,15,39975,450,37,64.540,0,0,0,0,0,0,0
8671,289.0,4724,28,40,2643,2080,1,0,3322,523.86,0.873,0.816,0.693,0.086,0.537,-0.964,2.269,0.3030,2.1075,0.446,0.000,0.007,0.107,-0.071,177,50,50,1,375,0,117461.17,33902.110,17529.121,37.894,14979.610,69.821,38343.973,11145.459,6007.120,7363.451,5890.761,2486.348,85.836,1058.851,0.000172,0.020962,4110,0,19,31,41,19,38714,445,22,37.842,0,0,0,0,0,0,0
8701,290.0,4515,39,42,2640,1875,0,0,3120,642.59,0.848,0.793,0.697,0.084,0.559,-0.965,2.269,0.3023,2.1299,0.447,0.000,0.007,0.109,-0.079,148,46,25,1,295,0,110247.81,32354.789,15386.836,10.543,14256.234,66.859,35312.427,9939.287,5579.938,6185.356,4948.285,1865.214,86.680,944.911,0.000228,0.022658,3754,0,16,9,22,16,38747,373,6,10.483,0,0,0,0,0,0,0
8731,291.0,4327,35,42,2645,1682,0,0,2937,571.55,0.821,0.769,0.702,0.083,0.582,-0.965,2.274,0.3027,2.1017,0.441,0.000,0.006,0.111,-0.087,199,59,10,1,267,0,105697.30,30729.929,15147.447,4.661,13005.980,76.429,33020.958,8987.302,5210.797,5768.627,4614.901,1048.257,70.608,940.909,0.000185,0.023655,3535,0,2,8,4,2,37952,449,2,4.649,0,0,0,0,0,0,0
8761,292.0,4174,36,42,2631,1543,0,0,2738,591.35,0.802,0.752,0.704,0.080,0.599,-0.965,2.280,0.3048,2.1078,0.450,0.000,0.006,0.113,-0.093,188,55,8,1,246,0,100391.51,29478.591,13018.076,5.858,12030.867,77.310,31155.324,8285.042,4904.518,6462.928,5170.343,1287.105,49.157,834.579,0.000193,0.023042,3171,0,4,4,6,4,37946,355,2,5.852,0,0,0,0,0,0,0
8791,293.0,4020,35,42,2618,1402,0,0,2586,610.57,0.781,0.735,0.705,0.078,0.617,-0.966,2.283,0.3037,2.1101,0.453,0.000,0.004,0.115,-0.100,200,54,6,1,211,0,96377.78,28749.697,11490.411,2.898,11453.045,85.223,29357.998,7650.666,4573.165,4459.209,3567.367,918.879,84.655,779.534,0.000207,0.021908,2818,0,1,5,4,1,37562,270,2,1.912,0,0,0,0,0,0,0
8821,294.0,3873,22,42,2580,1293,0,0,2396,690.80,0.766,0.721,0.708,0.076,0.631,-0.966,2.286,0.3056,2.0750,0.460,0.000,0.005,0.116,-0.105,228,45,9,2,215,0,92799.01,27345.096,11417.717,8.485,11069.039,81.095,27760.815,7007.931,4284.397,5051.744,4041.395,1325.783,79.938,880.855,0.000142,0.021630,2753,0,2,7,7,2,36697,370,5,8.476,0,0,0,0,0,0,0
8851,295.0,3736,40,41,2560,1176,0,0,2247,695.32,0.746,0.707,0.711,0.076,0.648,-0.967,2.293,0.3049,2.0864,0.459,0.001,0.007,0.118,-0.111,228,40,15,2,202,0,89458.47,26179.848,10335.158,9.575,9304.687,91.698,26153.151,6474.965,3966.387,4762.258,3809.806,1548.548,0.000,769.620,0.000197,0.022748,2489,0,8,7,13,8,36244,346,5,9.531,0,0,0,0,0,0,0
8881,296.0,3644,38,41,2540,1104,0,0,2151,699.15,0.735,0.695,0.713,0.074,0.658,-0.967,2.293,0.3022,2.1285,0.451,0.000,0.007,0.119,-0.115,234,47,14,1,151,0,86445.98,24993.485,9882.810,7.374,8949.051,92.997,25098.002,6057.073,3739.649,4697.572,3758.058,1257.119,32.077,772.725,0.000174,0.023500,2374,0,6,8,11,6,35955,341,5,7.361,0,0,0,0,0,0,0
8911,297.0,3519,43,41,2516,1003,0,0,2037,590.05,0.716,0.679,0.718,0.073,0.674,-0.967,2.296,0.3034,2.1198,0.466,0.000,0.010,0.120,-0.121,240,48,24,0,169,0,83431.65,24412.758,8681.977,20.656,8364.337,92.687,24029.704,5634.476,3587.939,4484.344,3587.475,1351.928,8.884,619.918,0.000137,0.022571,2094,0,9,15,22,9,35776,215,13,20.651,0,0,0,0,0,0,0
8941,298.0,3443,35,41,2487,956,0,0,1946,681.20,0.709,0.675,0.716,0.073,0.681,-0.967,2.296,0.3048,2.1050,0.465,0.000,0.007,0.121,-0.123,237,25,15,0,148,0,81831.47,23900.815,8912.204,9.363,7991.481,99.022,22984.674,5200.796,3385.703,4534.327,3627.462,1100.822,40.143,803.563,0.000143,0.022375,2134,0,7,8,13,7,35287,457,6,9.319,0,0,0,0,0,0,0
8971,299.0,3370,30,41,2455,915,0,0,1830,740.49,0.702,0.670,0.716,0.072,0.686,-0.967,2.297,0.3030,2.1462,0.476,0.000,0.007,0.123,-0.124,235,32,7,1,141,0,80350.91,23257.478,8402.583,0.533,7403.058,97.741,22393.465,4959.407,3194.858,4261.583,3409.267,1049.386,9.414,682.311,0.000167,0.021499,1962,0,4,3,5,4,34875,337,1,0.507,0,0,0,0,0,0,0
9001,300.0,3281,34,42,2424,857,0,0,1741,764.29,0.691,0.661,0.717,0.071,0.695,-0.967,2.299,0.3046,2.1372,0.471,0.000,0.008,0.124,-0.129,236,40,10,1,137,0,79061.39,23133.950,7496.044,12.306,7261.831,100.720,21758.295,4710.750,3025.569,3815.290,3052.232,959.663,50.182,664.294,0.000179,0.020524,1787,0,4,6,9,4,34458,274,5,12.301,0,0,0,0,0,0,0
9031,301.0,3244,48,42,2429,815,0,0,1675,754.53,0.680,0.651,0.717,0.070,0.704,-0.968,2.297,0.3048,2.0986,0.460,0.000,0.011,0.125,-0.133,257,27,22,2,115,0,78453.41,22755.301,7658.033,11.192,6425.183,102.161,20960.325,4397.680,2892.768,4843.944,3875.155,1182.932,2.646,627.362,0.000138,0.020624,1735,0,11,11,18,11,34167,284,7,11.161,0,0,0,0,0,0,0
9061,302.0,3225,47,42,2435,790,0,0,1637,703.52,0.675,0.645,0.715,0.070,0.710,-0.969,2.296,0.3052,2.1511,0.469,0.001,0.008,0.126,-0.135,232,26,24,1,98,0,79419.85,23112.570,8112.802,14.352,6815.325,94.045,20530.508,4331.585,2768.655,4871.580,3897.264,1062.341,16.078,589.801,0.000165,0.021270,1660,0,9,15,19,9,34538,261,9,13.731,0,0,0,0,0,0,0
9091,303.0,3256,42,42,2478,778,0,0,1633,660.09,0.668,0.640,0.713,0.070,0.715,-0.970,2.297,0.3064,2.1202,0.457,0.000,0.012,0.127,-0.137,281,32,6,1,79,0,81832.19,23736.857,8378.989,10.095,6454.690,106.130,20410.326,4141.306,2765.659,5565.830,4452.664,763.633,4.794,514.723,0.000161,0.020975,1518,0,1,5,4,1,35039,219,3,10.093,0,0,0,0,0,0,0
9121,304.0,3276,45,42,2501,775,0,0,1586,699.89,0.664,0.638,0.714,0.069,0.718,-0.969,2.298,0.3015,2.1152,0.464,0.000,0.008,0.127,-0.139,267,30,11,2,94,0,84316.09,24445.899,8188.440,10.676,6825.455,103.884,20387.527,4130.359,2659.773,5861.920,4689.536,1101.668,17.556,691.852,0.000157,0.022662,1584,0,3,8,8,3,34551,286,5,10.642,0,0,0,0,0,0,0
9151,305.0,3380,48,42,2566,814,0,0,1604,719.78,0.670,0.641,0.711,0.069,0.715,-0.970,2.296,0.3041,2.1530,0.449,0.000,0.011,0.127,-0.138,277,25,9,1,67,0,87071.99,25345.923,8384.087,9.547,7387.348,98.840,20842.596,4255.633,2620.259,7907.239,6325.791,883.375,32.252,768.093,0.000183,0.023762,1711,0,4,5,7,4,35038,325,3,9.543,0,0,0,0,0,0,0
9181,306.0,3445,56,42,2601,844,0,0,1623,761.10,0.674,0.647,0.709,0.070,0.712,-0.970,2.296,0.3013,2.1597,0.438,0.000,0.011,0.126,-0.138,263,27,8,2,80,0,91221.06,26124.288,10018.693,9.442,8112.245,97.707,21404.920,4584.043,2643.953,7015.979,5612.783,1075.676,51.653,839.908,0.000171,0.023837,1912,0,1,7,8,1,35720,361,7,9.441,0,0,0,0,0,0,0
9211,307.0,3566,77,42,2696,870,0,0,1627,735.05,0.673,0.646,0.709,0.070,0.713,-0.970,2.293,0.3038,2.1542,0.430,0.000,0.010,0.127,-0.139,296,15,8,1,88,0,96459.69,27568.356,10500.070,5.581,8335.404,109.168,22022.964,4773.245,2636.556,8545.749,6836.599,849.799,173.676,669.994,0.000215,0.024829,1771,0,1,7,4,1,35657,225,3,5.567,0,0,0,0,0,0,0
9241,308.0,3725,57,42,2781,944,0,0,1688,677.21,0.682,0.657,0.705,0.071,0.705,-0.969,2.293,0.2999,2.1350,0.434,0.000,0.013,0.126,-0.136,245,22,12,0,74,0,103651.28,29669.369,12586.342,14.188,9167.938,105.083,22996.522,4989.428,2685.174,10405.126,8324.101,1212.338,120.221,993.597,0.000214,0.024557,2061,0,2,10,7,2,37338,419,5,14.171,0,0,0,0,0,0,0
9271,309.0,3903,59,42,2873,1030,0,0,1821,627.48,0.692,0.667,0.699,0.070,0.696,-0.970,2.292,0.3036,2.1724,0.420,0.000,0.011,0.126,-0.132,255,22,15,0,72,0,112065.66,31426.707,13642.298,26.730,10518.648,92.519,24232.616,5362.000,2829.325,11111.101,8888.881,1004.376,49.602,981.216,0.000199,0.024106,2223,0,0,15,9,0,38295,372,9,26.653,0,0,0,0,0,0,0
9301,310.0,4154,67,43,2993,1161,0,0,1992,664.63,0.708,0.683,0.692,0.073,0.683,-0.970,2.291,0.3061,2.1998,0.413,0.001,0.011,0.124,-0.127,269,19,23,1,56,0,120301.55,33723.208,14489.311,31.170,11858.841,97.486,25922.355,5729.636,3054.713,13545.087,10836.069,1412.678,30.706,1148.689,0.000229,0.023658,2652,0,3,20,18,3,40036,541,14,29.984,0,0,0,0,0,0,0
9331,311.0,4419,61,43,3124,1295,0,0,2205,618.07,0.721,0.698,0.688,0.074,0.671,-0.970,2.290,0.3068,2.2404,0.406,0.001,0.012,0.123,-0.123,295,23,20,0,82,0,129097.04,35780.220,16852.800,30.424,13493.232,93.148,28008.058,6528.965,3343.191,15218.627,12174.902,1635.788,164.990,1143.246,0.000187,0.024155,2850,0,5,15,18,5,42158,482,13,30.408,0,0,0,0,0,0,0
9361,312.0,4700,63,43,3247,1453,0,0,2438,619.96,0.737,0.714,0.681,0.075,0.657,-0.970,2.290,0.3090,2.2581,0.394,0.001,0.012,0.123,-0.118,273,21,22,0,83,0,137274.86,38272.111,17430.720,12.256,16208.276,86.546,30235.382,7545.490,3700.309,16059.213,12847.371,1373.602,119.567,1351.074,0.000264,0.024879,3447,0,2,20,10,2,43635,474,8,12.145,0,0,0,0,0,0,0
9391,313.0,4947,71,43,3351,1595,1,0,2676,612.91,0.751,0.727,0.676,0.077,0.646,-0.969,2.290,0.3070,2.2468,0.389,0.000,0.013,0.122,-0.113,293,15,19,0,110,0,144085.22,40600.426,18185.027,24.755,17883.589,87.780,32416.470,8532.665,4112.114,15446.859,12357.488,2148.526,226.893,1473.808,0.000310,0.025283,3739,0,2,17,12,2,44725,530,10,24.702,27,0,0,0,0,0,0
9421,314.0,5238,51,43,3460,1777,1,0,2977,493.38,0.767,0.744,0.671,0.078,0.632,-0.969,2.289,0.3088,2.2766,0.394,0.001,0.011,0.121,-0.107,276,12,28,0,107,0,154102.86,44051.083,21890.951,30.692,19802.370,90.212,34617.227,9267.918,4594.004,17830.666,14264.533,2126.354,178.209,1605.240,0.000367,0.028218,4292,0,11,17,26,11,45619,671,15,30.651,30,3,3,0,0,0,3
9451,315.0,5518,56,43,3576,1941,1,0,3318,467.55,0.779,0.755,0.667,0.079,0.621,-0.969,2.287,0.3125,2.2499,0.376,0.001,0.011,0.120,-0.103,229,22,43,1,118,0,161942.27,46849.416,21958.086,54.946,22989.959,88.420,37122.150,10328.009,5166.052,18641.627,14913.302,2635.156,310.036,1733.319,0.000329,0.031331,5118,0,12,31,36,12,47034,789,23,52.593,30,7,1,0,0,0,1
9481,316.0,5818,49,43,3676,2141,1,0,3665,505.30,0.796,0.771,0.663,0.079,0.607,-0.969,2.286,0.3091,2.2608,0.371,0.001,0.009,0.119,-0.098,231,14,53,1,124,0,170015.33,49399.180,23940.421,82.432,23675.128,71.468,39553.667,11135.211,5752.025,19980.677,15984.542,2898.583,254.420,1758.927,0.000212,0.032202,5424,0,6,47,47,6,48149,742,41,82.414,30,0,0,0,0,0,0
9511,317.0,6000,50,43,3735,2265,0,0,4034,470.73,0.807,0.781,0.658,0.079,0.599,-0.969,2.287,0.3083,2.2831,0.377,0.008,0.025,0.118,-0.095,269,18,65,1,152,0,178115.45,52417.671,24792.654,89.117,26866.857,74.452,41960.577,12091.839,6374.062,17228.302,13782.642,3157.438,313.116,1856.627,0.000272,0.033211,5885,0,16,49,63,16,49766,652,47,89.077,16,6,6,0,0,0,6
9541,318.0,5999,45,43,3732,2267,0,0,4285,441.36,0.807,0.781,0.658,0.078,0.599,-0.969,2.290,0.3082,2.2803,0.374,0.030,0.082,0.118,-0.095,233,15,51,1,160,0,190681.00,55429.350,27607.318,84.832,27285.354,68.035,42632.636,12348.693,6982.677,9377.264,7501.812,3894.374,916.932,1905.198,0.000468,0.036674,6181,0,16,35,49,16,50042,669,33,84.788,0,0,0,0,0,0,0
9571,319.0,5995,44,43,3730,2265,0,0,4416,440.92,0.808,0.781,0.659,0.078,0.599,-0.970,2.289,0.3089,2.2613,0.376,0.047,0.145,0.118,-0.095,227,9,51,2,182,0,204264.61,56652.371,29274.545,46.125,28088.481,78.073,42678.774,12421.224,7325.927,10108.737,8086.990,3777.362,2262.519,1901.881,0.000306,0.037230,6000,0,21,30,47,21,49197,665,26,46.067,0,0,0,0,0,0,0
9601,320.0,6000,50,44,3708,2292,0,0,4530,494.94,0.813,0.784,0.659,0.078,0.596,-0.970,2.290,0.3090,2.2764,0.371,0.059,0.195,0.118,-0.094,243,12,62,0,176,0,218142.95,58626.001,29859.311,74.403,29687.178,78.915,42833.752,12271.045,7571.292,10533.565,8426.852,4640.191,3127.252,2131.120,0.000338,0.035204,6153,0,18,44,60,18,48368,711,42,74.368,0,0,0,0,0,0,0
9631,321.0,5999,61,44,3674,2325,0,0,4565,515.07,0.819,0.790,0.658,0.079,0.591,-0.970,2.290,0.3079,2.2792,0.381,0.075,0.235,0.118,-0.092,230,14,78,1,142,0,231808.89,61480.829,29889.874,92.549,31530.272,75.093,43034.751,12516.536,7724.781,9984.315,7987.452,4728.226,5390.321,2405.837,0.000285,0.034090,6260,0,23,55,75,23,48372,770,52,92.459,0,0,0,0,0,0,0
9661,322.0,5997,50,44,3658,2339,0,0,4531,455.63,0.822,0.792,0.659,0.080,0.589,-0.970,2.290,0.3073,2.2511,0.382,0.089,0.285,0.118,-0.091,201,11,64,1,157,0,245825.75,62619.008,33380.164,74.823,32800.668,78.406,43400.786,12698.618,7737.136,9891.425,7913.140,6092.719,7772.220,2377.380,0.000236,0.034647,6094,0,31,33,60,31,48098,768,29,74.706,0,0,0,0,0,0,0
9691,323.0,6000,49,44,3626,2374,0,0,4453,517.01,0.829,0.798,0.659,0.080,0.584,-0.970,2.291,0.3086,2.2343,0.386,0.097,0.341,0.117,-0.090,192,5,63,0,130,0,260034.38,64086.049,34227.364,79.675,35398.191,73.640,43644.278,13131.190,7635.065,8605.080,6884.064,5694.705,9775.526,2582.676,0.000263,0.035249,6167,0,22,41,60,22,48011,834,38,79.599,0,0,0,0,0,0,0
9721,324.0,6000,66,44,3586,2414,0,0,4351,634.23,0.836,0.804,0.658,0.080,0.579,-0.970,2.291,0.3080,2.2654,0.382,0.108,0.372,0.117,-0.087,205,7,56,1,128,0,271379.69,64819.048,34087.758,78.178,37274.114,73.971,44036.567,13241.312,7531.422,8223.216,6578.573,5750.845,12629.281,2805.613,0.000365,0.032618,6423,0,18,38,45,18,47543,812,27,78.043,0,0,0,0,0,0,0
9751,325.0,6000,48,45,3555,2445,0,0,4394,560.74,0.841,0.808,0.658,0.081,0.574,-0.969,2.293,0.3060,2.2732,0.389,0.117,0.447,0.117,-0.085,181,6,50,1,119,0,285584.59,66348.424,38073.591,78.828,39064.290,68.222,44367.302,13139.950,7443.043,7597.818,6078.254,5597.684,15546.478,2681.893,0.000414,0.031893,6452,0,19,31,47,19,47845,781,28,78.699,0,0,0,0,0,0,0
9781,326.0,6000,56,45,3537,2463,0,0,4449,577.68,0.844,0.811,0.657,0.081,0.572,-0.969,2.293,0.3087,2.2484,0.393,0.130,0.502,0.116,-0.085,211,6,38,1,103,0,298121.97,67174.074,38351.660,66.564,39495.011,69.707,44688.852,13285.294,7547.192,6306.475,5045.180,5757.715,17949.336,2565.260,0.000467,0.031697,6322,0,17,21,37,17,47127,655,20,66.460,0,0,0,0,0,0,0
9811,327.0,5997,46,45,3493,2504,0,0,4388,602.26,0.852,0.818,0.655,0.082,0.566,-0.969,2.294,0.3064,2.2909,0.392,0.140,0.518,0.116,-0.082,187,1,58,0,145,0,304429.00,67814.002,36996.607,102.250,41693.256,73.024,45104.867,13564.754,7512.359,8722.808,6978.247,8151.430,19964.828,2563.024,0.000334,0.032266,6406,0,19,39,57,19,46775,654,38,102.170,0,0,0,0,0,0,0
9841,328.0,5999,60,45,3443,2556,0,0,4455,614.84,0.862,0.826,0.654,0.082,0.559,-0.969,2.294,0.3070,2.2714,0.404,0.153,0.534,0.116,-0.080,173,4,72,1,104,0,311702.16,68017.646,39387.800,116.953,40722.781,79.204,45577.602,13721.232,7554.277,8010.970,6408.776,7594.326,21339.812,2859.805,0.000322,0.030875,6395,0,25,47,69,25,45714,694,44,116.866,0,0,0,0,0,0,0
9871,329.0,6000,50,45,3391,2609,0,0,4408,619.51,0.871,0.834,0.653,0.082,0.551,-0.969,2.299,0.3051,2.2333,0.393,0.149,0.535,0.115,-0.077,171,5,99,1,132,0,315270.66,67675.635,40839.352,179.085,42161.131,68.629,46055.826,13896.181,7552.232,10174.607,8139.686,9601.309,23023.446,2961.646,0.000343,0.029061,6399,0,36,63,97,36,45332,714,61,178.917,0,0,0,0,0,0,0
9901,330.0,6000,52,45,3353,2647,0,0,4423,669.09,0.878,0.839,0.652,0.082,0.546,-0.969,2.298,0.3063,2.2507,0.404,0.146,0.549,0.115,-0.075,183,2,59,2,112,0,318848.44,67000.058,40441.932,124.463,42594.327,69.648,46586.446,14313.474,7574.041,7653.342,6122.674,8087.938,23306.577,2589.528,0.000433,0.032865,6735,0,20,39,56,20,44340,687,36,124.408,0,0,0,0,0,0,0
9931,331.0,5999,44,45,3323,2676,0,0,4452,585.33,0.883,0.844,0.650,0.082,0.542,-0.969,2.302,0.3067,2.2429,0.403,0.158,0.550,0.115,-0.073,160,3,61,0,111,0,322244.66,67203.110,40826.823,72.451,42578.377,73.548,46965.305,14303.062,7617.446,7591.994,6073.595,7308.006,24272.811,2721.123,0.000400,0.034262,6636,0,32,29,60,32,43733,696,28,72.380,0,0,0,0,0,0,0
9961,332.0,6000,45,45,3296,2704,0,0,4404,598.70,0.888,0.849,0.649,0.082,0.538,-0.969,2.303,0.3036,2.2689,0.408,0.156,0.546,0.115,-0.072,160,3,80,0,116,0,322497.16,67472.570,38838.967,113.183,43343.683,65.683,47324.514,14535.610,7704.911,8822.889,7058.312,9082.781,23037.628,2722.198,0.000445,0.034088,6537,0,42,38,79,42,43773,645,36,112.575,0,0,0,0,0,0,0
9991,333.0,6000,34,45,3264,2736,0,0,4477,640.55,0.893,0.853,0.647,0.082,0.533,-0.969,2.305,0.3040,2.2702,0.407,0.149,0.549,0.114,-0.070,157,7,60,1,99,0,324718.47,65947.330,39013.262,67.777,41734.327,62.798,47742.456,14634.575,7710.985,7247.884,5798.308,6424.103,22260.670,2584.696,0.000309,0.033604,6500,0,32,28,59,32,43172,629,27,67.724,0,0,0,0,0,0,0
10021,334.0,5999,48,45,3209,2790,0,0,4440,679.35,0.902,0.861,0.645,0.083,0.526,-0.969,2.305,0.3042,2.2418,0.407,0.160,0.520,0.114,-0.066,182,4,79,1,129,0,322428.38,65672.351,38224.621,89.967,43093.548,71.158,48256.372,14880.926,7870.204,9373.640,7498.912,8396.149,22307.185,2691.465,0.000479,0.034174,6552,0,38,41,75,38,42798,633,37,89.759,0,0,0,0,0,0,0
10051,335.0,5996,43,46,3148,2848,0,0,4500,641.49,0.913,0.871,0.642,0.084,0.517,-0.968,2.306,0.3048,2.2507,0.416,0.146,0.502,0.113,-0.063,157,3,83,0,151,0,318829.56,63909.429,37099.209,108.558,41626.948,69.797,48875.130,15264.551,7863.116,10319.976,8255.981,9320.806,18683.968,2644.457,0.000376,0.033228,6418,0,39,44,80,39,42011,582,41,108.484,0,0,0,0,0,0,0
10081,336.0,5996,47,46,3111,2885,0,0,4477,592.26,0.920,0.877,0.642,0.084,0.512,-0.968,2.308,0.3044,2.2615,0.414,0.132,0.478,0.113,-0.062,167,5,88,1,126,0,314305.34,62433.318,36395.847,108.987,41148.497,68.290,49483.021,15585.697,7944.058,9728.069,7782.455,8554.987,17629.417,2319.561,0.000377,0.033109,6241,0,45,43,87,45,41676,369,42,108.879,0,0,0,0,0,0,0
10111,337.0,6000,44,46,3055,2945,0,0,4468,640.05,0.930,0.885,0.641,0.084,0.504,-0.969,2.309,0.3039,2.2441,0.417,0.119,0.444,0.112,-0.058,148,7,93,1,140,0,307175.53,60288.316,35450.148,134.028,40455.953,63.705,49988.497,15849.945,7925.476,11051.582,8841.266,8193.149,16198.877,2636.050,0.000476,0.030036,6475,0,34,59,89,34,40797,583,55,133.847,0,0,0,0,0,0,0
10141,338.0,5999,35,46,3002,2997,0,0,4407,658.59,0.940,0.893,0.641,0.084,0.496,-0.968,2.308,0.3037,2.2437,0.422,0.106,0.406,0.111,-0.056,140,8,104,0,124,0,298412.31,59012.226,33664.602,228.107,40024.248,58.414,50666.134,15957.303,7957.871,10496.338,8397.070,8677.814,14008.611,2301.150,0.000406,0.024596,6602,0,36,68,103,36,40184,537,67,227.926,0,0,0,0,0,0,0
10171,339.0,5996,35,46,2946,3050,0,0,4390,721.27,0.949,0.902,0.638,0.084,0.488,-0.969,2.308,0.3035,2.2587,0.430,0.105,0.366,0.111,-0.052,135,7,89,1,152,0,290762.50,57410.804,35000.763,137.020,36976.846,54.537,51252.511,16271.874,7942.140,11139.181,8911.345,8310.374,12024.347,2169.306,0.000446,0.021006,6328,0,37,52,87,37,40099,440,50,136.897,0,0,0,0,0,0,0
10201,340.0,6000,31,47,2909,3091,0,0,4379,668.20,0.956,0.908,0.639,0.085,0.483,-0.968,2.311,0.2968,2.2323,0.427,0.095,0.316,0.110,-0.050,132,12,95,1,170,0,278769.41,54946.370,32480.244,104.154,36641.325,44.891,51721.064,16344.609,7837.105,12468.910,9975.128,8592.261,10016.843,2518.202,0.000322,0.018360,6569,0,47,48,94,47,39317,659,47,103.982,0,0,0,0,0,0,0
10231,341.0,6000,34,47,2883,3117,0,0,4392,626.17,0.960,0.912,0.638,0.084,0.480,-0.968,2.308,0.3017,2.2353,0.415,0.080,0.282,0.110,-0.048,137,9,82,1,173,0,264985.91,52055.777,30110.029,91.579,33883.511,50.369,52219.245,16413.432,7885.445,11695.800,9356.641,7239.933,7876.444,2067.208,0.000361,0.016128,6426,0,41,41,79,41,38414,507,38,91.410,0,0,0,0,0,0,0
10261,342.0,6000,32,47,2846,3154,0,0,4410,641.20,0.966,0.917,0.638,0.085,0.475,-0.969,2.313,0.2999,2.2272,0.421,0.066,0.216,0.110,-0.046,146,22,66,2,224,0,250905.67,49976.385,29091.968,100.793,31416.755,52.194,52477.703,16613.207,7940.883,13960.322,11168.258,5674.818,5885.067,1865.645,0.000441,0.013983,6234,0,23,43,65,23,38825,504,42,100.751,0,0,0,0,0,0,0
10291,343.0,6000,27,47,2835,3165,0,0,4393,618.20,0.969,0.918,0.636,0.085,0.473,-0.968,2.314,0.2989,2.2067,0.424,0.050,0.171,0.110,-0.044,135,28,63,2,222,0,235642.59,47347.679,28219.850,45.178,29814.253,53.541,52703.048,16563.386,7941.269,14181.375,11345.100,5044.449,4050.042,1737.310,0.000222,0.011702,6241,0,32,31,61,32,38258,482,29,45.109,0,0,0,0,0,0,0
10321,344.0,6000,28,47,2812,3188,0,0,4411,668.92,0.973,0.920,0.636,0.085,0.470,-0.969,2.315,0.3002,2.2397,0.420,0.037,0.110,0.110,-0.043,146,26,85,1,246,0,215094.22,45479.694,25538.093,88.887,28295.044,48.147,52840.139,16662.842,7920.654,16037.867,12830.294,6425.353,2880.244,1718.245,0.000456,0.006128,6188,0,42,43,82,42,37958,460,40,88.740,0,0,0,0,0,0,0
10351,345.0,5999,19,48,2800,3199,0,0,4272,579.38,0.976,0.922,0.636,0.085,0.469,-0.968,2.317,0.3009,2.2220,0.421,0.021,0.047,0.110,-0.043,158,38,102,1,297,0,192138.39,43121.351,25183.646,62.271,25753.466,55.632,52932.511,16493.005,7845.203,19374.907,15499.926,6974.079,1344.476,1858.850,0.000330,0.004822,6175,0,55,47,98,55,37235,519,43,62.171,0,0,0,0,0,0,0
10381,346.0,5982,20,48,2821,3161,0,0,4256,648.67,0.972,0.917,0.637,0.084,0.473,-0.968,2.317,0.3022,2.2397,0.426,0.000,0.005,0.110,-0.044,131,40,51,7,332,0,172203.30,41798.143,23847.019,37.148,24851.451,49.307,52868.775,16585.381,7710.562,17879.386,14303.509,3091.740,376.699,1408.364,0.000367,0.002127,6255,0,25,26,48,25,37418,428,23,37.042,0,0,0,0,0,0,0
10411,347.0,5705,21,48,2779,2926,0,0,4123,638.74,0.956,0.901,0.640,0.081,0.487,-0.969,2.318,0.2994,2.2294,0.427,0.000,0.006,0.112,-0.049,150,59,31,2,369,0,151719.78,40028.824,20523.509,29.750,23071.626,44.309,51280.839,16209.826,7553.558,7744.332,6195.466,3119.646,93.417,1259.449,0.000168,0.003011,6288,0,14,17,29,14,37097,475,15,29.669,0,0,0,0,0,0,0
10441,348.0,5352,28,48,2741,2611,0,0,3968,597.36,0.929,0.876,0.647,0.079,0.509,-0.969,2.321,0.2994,2.2382,0.431,0.000,0.006,0.114,-0.058,144,71,23,4,413,0,133968.09,37775.310,18878.102,21.096,19830.471,52.164,47645.520,14600.938,7270.966,6559.793,5247.835,2336.770,91.075,1168.962,0.000266,0.002775,5608,0,8,15,23,8,36279,437,15,21.078,0,0,0,0,0,0,0
10471,349.0,5013,31,48,2721,2292,0,0,3716,605.15,0.897,0.845,0.653,0.078,0.535,-0.969,2.323,0.2998,2.1822,0.427,0.000,0.005,0.116,-0.068,155,59,22,2,407,0,120664.80,35832.538,18380.928,16.447,17392.429,50.513,43183.002,13334.093,6836.123,6113.943,4891.154,1854.949,20.986,1081.262,0.000157,0.002739,4988,0,9,13,21,9,35494,494,12,16.435,0,0,0,0,0,0,0
10501,350.0,4678,29,50,2686,1992,0,0,3408,615.25,0.863,0.813,0.661,0.075,0.562,-0.969,2.325,0.2974,2.2042,0.447,0.000,0.004,0.119,-0.079,166,56,14,5,384,0,110128.73,34255.832,16204.921,7.539,15766.753,60.020,39292.696,11621.935,6301.888,5079.150,4063.320,1872.502,7.668,891.846,0.000172,0.003110,4374,0,6,8,12,6,34980,392,6,7.486,0,0,0,0,0,0,0
10531,351.0,4362,29,50,2644,1718,0,0,3087,599.09,0.829,0.782,0.671,0.074,0.590,-0.970,2.326,0.2963,2.1807,0.441,0.000,0.006,0.121,-0.090,179,74,19,0,352,0,102912.56,32858.040,14575.209,23.865,13540.432,64.040,35743.536,9895.248,5732.807,5424.385,4339.508,1508.047,23.448,685.316,0.000222,0.002458,3685,0,4,15,17,4,34681,315,13,23.861,0,0,0,0,0,0,0
10561,352.0,4141,36,50,2602,1539,0,0,2775,766.17,0.806,0.762,0.676,0.072,0.610,-0.970,2.328,0.2977,2.1966,0.439,0.000,0.006,0.123,-0.097,179,49,26,4,267,0,97844.12,30857.658,13449.154,27.692,12207.692,72.208,32546.470,8569.118,5145.859,4862.850,3890.280,1403.484,6.394,759.058,0.000147,0.002798,3228,0,6,20,24,6,33629,379,18,27.665,0,0,0,0,0,0,0
10591,353.0,3941,32,50,2554,1387,0,0,2537,789.42,0.785,0.743,0.681,0.072,0.627,-0.970,2.327,0.2968,2.1712,0.451,0.000,0.005,0.125,-0.104,184,53,27,3,243,0,94230.33,29048.220,13282.348,26.004,11097.872,80.303,30293.943,7750.887,4631.021,5225.073,4180.058,1515.329,0.000,734.167,0.000189,0.003360,3024,0,10,17,24,10,33221,337,14,25.988,0,0,0,0,0,0,0
10621,354.0,3817,32,50,2530,1287,0,0,2420,698.78,0.769,0.728,0.683,0.071,0.641,-0.970,2.328,0.2972,2.2191,0.448,0.001,0.005,0.127,-0.109,202,40,14,4,189,0,90395.06,27660.385,11439.653,18.924,10299.858,81.838,28595.925,7145.042,4333.725,5042.706,4034.165,1210.708,46.646,613.645,0.000124,0.002868,2646,0,2,12,14,2,33366,300,12,18.923,0,0,0,0,0,0,0
10651,355.0,3661,33,50,2499,1162,0,0,2281,808.70,0.749,0.709,0.688,0.070,0.658,-0.970,2.329,0.2965,2.1943,0.451,0.000,0.004,0.128,-0.116,214,43,12,5,207,0,86238.30,26440.131,10152.068,12.676,9672.669,86.076,27114.975,6626.107,4112.195,4245.078,3396.063,1400.220,29.408,629.711,0.000156,0.002466,2456,0,3,9,10,3,32724,275,7,12.670,0,0,0,0,0,0,0
10681,356.0,3542,43,50,2478,1064,0,0,2164,810.09,0.730,0.694,0.691,0.069,0.673,-0.970,2.331,0.3013,2.2566,0.456,0.000,0.006,0.129,-0.122,230,41,6,4,170,0,83652.38,25334.435,9542.235,5.026,8397.980,88.783,25457.683,5934.963,3849.267,3876.012,3100.810,753.884,28.481,668.140,0.000283,0.000768,2188,0,2,4,6,2,32051,319,4,5.025,0,0,0,0,0,0,0
10711,357.0,3472,31,50,2472,1000,0,0,2085,755.65,0.715,0.683,0.693,0.068,0.684,-0.970,2.336,0.2971,2.1882,0.450,0.000,0.006,0.130,-0.126,214,43,9,2,138,0,82141.90,24536.876,10232.718,10.191,8115.222,86.981,24356.946,5530.310,3674.035,4750.112,3800.090,1131.118,11.550,636.280,0.000167,-0.000584,2125,0,2,7,8,2,31703,322,6,10.191,0,0,0,0,0,0,0
10741,358.0,3389,51,50,2457,932,0,0,2008,807.42,0.701,0.673,0.696,0.068,0.696,-0.970,2.340,0.2965,2.2081,0.450,0.000,0.006,0.131,-0.131,210,45,9,3,134,0,80418.06,23991.383,8918.712,12.633,7324.503,90.838,23333.298,5117.757,3506.079,4174.281,3339.425,1251.662,18.513,584.402,0.000182,0.000263,1949,0,1,8,9,1,31881,275,8,12.632,0,0,0,0,0,0,0
10771,359.0,3323,37,50,2431,892,0,0,1931,936.81,0.693,0.668,0.698,0.067,0.702,-0.970,2.341,0.2961,2.2505,0.454,0.000,0.007,0.132,-0.134,213,33,8,6,128,0,78823.29,23616.720,8241.603,3.725,6797.407,91.300,22691.502,4972.467,3394.301,4246.106,3396.885,955.635,34.148,559.546,0.000122,0.000219,1703,0,2,6,7,2,31787,234,5,3.724,0,0,0,0,0,0,0
10801,360.0,3248,42,51,2412,836,0,0,1856,835.82,0.682,0.659,0.701,0.068,0.711,-0.970,2.339,0.2963,2.2753,0.450,0.001,0.007,0.133,-0.138,236,38,16,3,113,0,77496.31,23056.623,7947.934,9.049,7487.165,93.164,21982.246,4853.030,3251.550,3607.175,2885.740,805.961,66.310,660.051,0.000133,0.000222,1940,0,4,12,14,4,31012,379,10,9.024,0,0,0,0,0,0,0
10831,361.0,3194,35,51,2397,797,0,0,1742,815.97,0.674,0.651,0.700,0.069,0.718,-0.969,2.341,0.2950,2.2807,0.445,0.001,0.011,0.134,-0.140,245,30,16,1,120,0,76891.66,22873.321,8067.606,12.957,6814.221,99.880,21314.043,4641.339,3075.764,4519.518,3615.615,997.536,18.333,607.616,0.000181,0.000582,1748,0,3,13,14,3,30884,319,11,12.947,0,0,0,0,0,0,0
10861,362.0,3149,51,51,2383,766,0,0,1667,764.48,0.666,0.647,0.699,0.067,0.724,-0.969,2.343,0.2958,2.2908,0.452,0.001,0.008,0.134,-0.144,238,34,20,2,113,0,76851.76,22970.105,7778.891,33.817,6263.191,96.230,20817.056,4411.492,2913.128,4746.156,3796.925,1118.788,42.781,570.236,0.000104,0.000019,1626,0,1,19,20,1,30771,336,19,33.817,0,0,0,0,0,0,0
10891,363.0,3147,47,51,2397,750,0,0,1575,770.00,0.660,0.643,0.699,0.067,0.728,-0.969,2.345,0.2928,2.2865,0.447,0.001,0.011,0.135,-0.145,231,25,15,1,92,0,78725.03,23399.692,8468.895,30.521,6980.393,103.546,20460.492,4378.371,2773.352,4995.963,3996.771,726.158,47.626,640.644,0.000182,-0.001338,1710,0,0,15,15,0,30508,333,15,30.521,0,0,0,0,0,0,0
10921,364.0,3179,50,51,2408,771,0,0,1563,815.49,0.663,0.649,0.696,0.068,0.725,-0.969,2.344,0.2985,2.3110,0.447,0.000,0.010,0.134,-0.143,228,30,21,2,64,0,80394.05,23907.421,8353.000,28.139,7041.783,110.764,20610.294,4676.092,2684.026,5802.856,4642.285,743.527,41.831,703.197,0.000124,-0.001375,1719,0,1,20,21,1,30461,420,20,28.139,0,0,0,0,0,0,0
10951,365.0,3210,60,52,2415,795,0,0,1538,834.17,0.668,0.656,0.693,0.068,0.720,-0.969,2.345,0.2944,2.3212,0.450,0.001,0.009,0.134,-0.141,238,23,29,0,81,0,83894.77,24891.060,9854.175,39.978,7709.778,100.002,20734.837,4564.977,2631.043,6337.292,5069.834,1407.178,35.911,643.099,0.000186,-0.001642,1741,0,3,26,27,3,31251,346,24,39.966,0,0,0,0,0,0,0
10981,366.0,3284,45,52,2442,842,0,0,1532,847.22,0.678,0.665,0.689,0.069,0.713,-0.969,2.347,0.2995,2.3409,0.449,0.001,0.011,0.133,-0.138,231,24,29,1,66,0,88385.76,25714.035,11111.142,54.202,7609.490,93.300,21363.754,4764.876,2589.496,7662.105,6129.684,1314.147,57.406,766.280,0.000150,-0.002888,1768,0,4,25,29,4,31370,392,25,54.202,0,0,0,0,0,0,0
11011,367.0,3377,60,52,2488,889,0,0,1536,815.05,0.685,0.673,0.686,0.069,0.708,-0.969,2.348,0.2997,2.3828,0.434,0.001,0.011,0.132,-0.135,263,24,21,4,68,0,93752.22,26765.165,11689.253,40.065,8029.059,87.840,21959.812,5087.213,2598.936,8085.291,6468.233,1154.028,63.331,647.652,0.000133,-0.002568,1780,0,3,18,20,3,31720,342,17,40.041,0,0,0,0,0,0,0
11041,368.0,3510,56,52,2566,944,0,0,1620,699.38,0.691,0.680,0.683,0.069,0.703,-0.969,2.345,0.2993,2.3577,0.433,0.001,0.012,0.131,-0.133,283,25,31,3,60,0,99317.05,28270.262,12130.776,37.093,9243.690,90.939,22865.795,5355.953,2623.940,9708.784,7767.027,1193.030,83.791,809.027,0.000187,-0.001507,2037,0,8,23,30,8,32037,393,22,37.086,0,0,0,0,0,0,0
11071,369.0,3692,68,52,2660,1032,0,0,1716,698.12,0.701,0.692,0.678,0.069,0.694,-0.970,2.343,0.2979,2.3909,0.420,0.002,0.014,0.131,-0.128,264,22,31,4,69,0,105950.93,30156.213,13806.040,48.724,10262.110,95.258,23950.117,5664.789,2769.655,11777.838,9422.271,1600.599,39.038,997.339,0.000239,0.001537,2222,0,6,25,31,6,33170,443,25,48.715,0,0,0,0,0,0,0
11101,370.0,3920,46,53,2782,1138,0,0,1849,723.78,0.715,0.703,0.675,0.070,0.684,-0.969,2.345,0.3009,2.3677,0.413,0.001,0.010,0.130,-0.124,258,20,38,3,62,0,113613.09,32043.610,15852.990,64.427,11362.163,89.267,25518.721,6330.336,2938.044,13552.752,10842.201,1760.271,17.599,1023.346,0.000172,0.002201,2525,0,9,29,38,9,34813,448,29,64.414,0,0,0,0,0,0,0
11131,371.0,4130,66,53,2865,1265,0,0,2007,652.27,0.732,0.721,0.670,0.070,0.670,-0.969,2.348,0.3016,2.3280,0.400,0.001,0.009,0.128,-0.117,238,20,58,0,69,0,121398.62,34693.416,16873.805,70.796,13281.944,80.995,27317.152,7014.091,3151.474,14014.247,11211.397,2305.325,223.763,1037.828,0.000219,0.003377,2731,0,12,46,54,12,36706,398,42,70.770,0,0,0,0,0,0,0
11161,372.0,4392,73,53,2988,1404,0,0,2160,647.74,0.745,0.736,0.664,0.072,0.659,-0.969,2.344,0.3048,2.3481,0.393,0.001,0.008,0.128,-0.113,246,20,69,1,59,0,129612.69,36687.493,18728.197,88.630,14693.541,75.632,29247.941,7561.052,3386.707,15889.201,12711.361,2564.014,132.875,1219.828,0.000247,0.002841,3135,0,18,51,68,18,38084,474,50,88.614,0,0,0,0,0,0,0
11191,373.0,4624,57,53,3077,1547,0,0,2342,621.98,0.761,0.753,0.659,0.071,0.646,-0.969,2.347,0.3035,2.3828,0.388,0.001,0.010,0.127,-0.107,240,21,76,4,87,0,138086.89,39470.260,20406.456,123.202,17281.404,78.334,31279.005,8523.100,3664.073,16570.184,13256.147,3370.350,88.794,1286.357,0.000194,0.003035,3597,0,16,60,75,16,39147,495,59,123.174,0,0,0,0,0,0,0
11221,374.0,4920,43,53,3198,1722,0,0,2584,508.61,0.777,0.771,0.653,0.072,0.633,-0.969,2.349,0.3029,2.4163,0.390,0.002,0.008,0.125,-0.102,237,17,92,0,81,0,146862.27,42295.370,21482.781,130.991,18939.214,80.155,33421.871,9665.092,3967.109,19347.005,15477.604,2836.899,92.888,1280.511,0.000228,0.003913,3927,0,21,71,91,21,40399,516,70,130.977,0,0,0,0,0,0,0
11251,375.0,5145,48,53,3277,1868,0,0,2869,475.10,0.790,0.783,0.648,0.071,0.621,-0.970,2.348,0.3058,2.4349,0.374,0.001,0.010,0.125,-0.097,239,22,93,0,101,0,153594.97,44850.942,21643.124,142.154,21454.754,71.579,35899.558,10722.949,4441.216,17789.343,14231.475,3628.745,94.875,1558.302,0.000208,0.004979,4447,0,24,69,91,24,41817,573,67,142.136,0,0,0,0,0,0,0
11281,376.0,5358,43,53,3340,2018,0,0,3114,434.76,0.806,0.797,0.644,0.070,0.610,-0.969,2.351,0.3051,2.3899,0.374,0.001,0.011,0.124,-0.093,247,25,97,0,126,0,160925.53,46622.990,24207.698,147.610,23363.824,68.286,37772.141,11543.187,4883.668,18835.790,15068.632,3806.072,211.306,1664.215,0.000248,0.006850,4872,0,24,73,95,24,42400,508,71,147.587,0,0,0,0,0,0,0
11311,377.0,5624,35,53,3429,2195,0,0,3371,534.99,0.821,0.814,0.638,0.070,0.598,-0.969,2.354,0.3064,2.4143,0.362,0.001,0.010,0.123,-0.088,252,18,106,2,141,0,168486.56,48949.279,27151.709,151.854,25226.229,67.883,40092.196,12498.457,5275.029,21580.131,17264.105,4572.116,162.624,1775.362,0.000286,0.006780,5340,0,27,79,104,27,43446,571,77,151.835,0,0,0,0,0,0,0
11341,378.0,5880,50,53,3510,2370,0,0,3640,465.58,0.835,0.827,0.636,0.070,0.587,-0.969,2.354,0.3047,2.4274,0.367,0.000,0.008,0.122,-0.084,228,22,113,1,170,0,176475.31,51839.288,28785.933,140.389,26657.491,73.991,42273.387,13237.391,5680.538,23106.313,18485.051,4953.659,220.013,1790.597,0.000236,0.007972,5883,0,34,79,106,34,44575,548,72,140.305,0,0,0,0,0,0,0
11371,379.0,5997,44,53,3538,2459,0,0,3965,473.48,0.844,0.833,0.635,0.070,0.581,-0.969,2.355,0.3020,2.4319,0.363,0.013,0.043,0.122,-0.083,226,17,114,0,146,0,186398.14,54488.238,29651.631,169.970,28474.636,63.287,44526.878,14061.204,6225.625,15954.013,12763.210,4152.885,448.202,1781.416,0.000244,0.009325,6432,0,20,94,110,20,45527,544,90,169.928,0,0,0,0,0,0,0
11401,380.0,5997,45,54,3511,2486,0,0,4141,436.20,0.850,0.839,0.636,0.070,0.577,-0.969,2.352,0.3021,2.4205,0.370,0.032,0.085,0.121,-0.081,235,16,121,0,158,0,199525.19,56874.532,32716.093,189.721,29195.623,68.637,45065.388,14483.662,6629.306,12434.629,9947.703,5050.204,1052.826,1885.001,0.000319,0.008762,6393,0,28,93,120,28,44586,614,92,189.644,0,0,0,0,0,0,0
11431,381.0,5998,37,54,3492,2506,0,0,4222,425.89,0.854,0.842,0.635,0.070,0.574,-0.970,2.354,0.3018,2.4316,0.373,0.042,0.127,0.121,-0.080,229,19,109,2,196,0,211265.58,58576.926,32519.472,175.190,32264.757,61.094,45254.479,14638.017,6885.024,13585.483,10868.387,5387.591,2729.983,1918.993,0.000242,0.008156,6601,0,21,88,102,21,45099,597,81,175.156,0,0,0,0,0,0,0
11461,382.0,6000,46,54,3473,2527,0,0,4312,454.93,0.858,0.846,0.634,0.071,0.571,-0.970,2.353,0.3023,2.4381,0.372,0.056,0.186,0.121,-0.079,201,15,76,1,199,0,224437.09,59933.190,34307.294,129.236,33441.414,65.912,45572.965,15002.099,7021.225,12245.008,9796.006,5396.470,3771.754,1984.689,0.000339,0.003984,6613,0,12,64,69,12,44140,603,57,129.172,0,0,0,0,0,0,0
11491,383.0,5996,48,54,3441,2555,0,0,4439,453.35,0.864,0.851,0.633,0.071,0.567,-0.970,2.354,0.3032,2.4322,0.372,0.065,0.216,0.120,-0.077,206,13,73,0,170,0,237906.16,61543.230,34966.142,110.948,33365.858,75.734,45809.906,14871.057,7241.299,10920.475,8736.380,5681.677,5269.124,2094.094,0.000323,0.001623,6579,0,17,56,71,17,43409,669,54,110.913,0,0,0,0,0,0,0
11521,384.0,6000,55,54,3407,2593,0,0,4472,585.65,0.871,0.859,0.632,0.070,0.562,-0.970,2.352,0.3037,2.4169,0.376,0.082,0.255,0.120,-0.075,184,6,77,3,180,0,249387.66,62944.193,35776.802,136.481,35795.792,65.003,46085.634,15078.788,7416.260,11588.304,9270.644,6856.951,7396.894,2223.791,0.000413,-0.002507,6680,0,22,55,74,22,43812,607,52,136.387,0,0,0,0,0,0,0
11551,385.0,5998,37,58,3354,2644,0,0,4447,514.64,0.880,0.868,0.631,0.070,0.555,-0.970,2.353,0.3043,2.4400,0.380,0.082,0.312,0.119,-0.072,147,6,78,0,128,0,262652.78,64390.684,37761.913,118.693,40379.408,67.567,46423.480,15337.895,7432.233,9119.026,7295.221,5619.772,10186.731,2182.247,0.000151,-0.001217,6956,0,21,57,78,21,43168,514,57,118.606,0,0,0,0,0,0,0
11581,386.0,5995,42,58,3306,2689,0,0,4414,594.22,0.889,0.875,0.630,0.070,0.548,-0.970,2.354,0.3029,2.4133,0.386,0.095,0.350,0.119,-0.069,189,10,92,0,124,0,275065.31,64324.289,39490.376,178.444,38241.370,65.543,47015.452,15479.852,7434.867,9732.957,7786.366,5975.581,11504.459,2223.787,0.000292,-0.002568,6848,0,19,73,89,19,42595,628,70,178.404,0,0,0,0,0,0,0
11611,387.0,5996,41,58,3255,2741,0,0,4336,582.32,0.900,0.884,0.627,0.071,0.541,-0.970,2.355,0.3057,2.4394,0.385,0.108,0.370,0.118,-0.066,191,9,102,2,133,0,284355.06,65264.156,39159.174,197.736,39120.686,67.911,47450.294,15690.797,7372.118,10660.737,8528.590,7377.856,13223.803,2084.282,0.000340,-0.002881,6662,0,26,76,102,26,41613,545,76,197.699,0,0,0,0,0,0,0
11641,388.0,5998,39,58,3171,2827,0,0,4269,560.28,0.917,0.898,0.624,0.072,0.528,-0.970,2.356,0.3036,2.4100,0.395,0.110,0.373,0.117,-0.061,164,5,124,4,139,0,290968.31,65294.096,40003.663,218.488,40796.225,57.897,48043.413,16105.986,7293.138,12265.380,9812.304,8310.523,14508.659,2188.202,0.000381,-0.002587,6577,0,28,96,122,28,40865,436,94,218.435,0,0,0,0,0,0,0
11671,389.0,5997,42,58,3123,2874,0,0,4266,474.70,0.926,0.905,0.623,0.073,0.521,-0.970,2.356,0.3000,2.4185,0.393,0.118,0.384,0.116,-0.058,162,7,123,0,113,0,296435.94,64930.868,41549.052,183.857,41282.605,64.981,48813.533,16456.966,7292.958,10755.722,8604.578,8195.307,15931.435,2354.817,0.000314,-0.002636,6461,0,40,83,117,40,40048,485,77,183.719,0,0,0,0,0,0,0
11701,390.0,5995,42,58,3056,2939,0,0,4286,555.66,0.938,0.918,0.621,0.073,0.512,-0.970,2.355,0.3013,2.4420,0.399,0.119,0.381,0.115,-0.054,151,7,148,2,121,0,297124.28,64395.494,39806.779,224.468,41948.262,52.140,49311.765,16751.512,7378.910,12427.574,9942.060,10290.347,15009.922,2510.427,0.000509,0.000651,6617,0,60,88,146,60,39729,393,86,224.315,0,0,0,0,0,0,0
11731,391.0,6000,39,58,2996,3004,0,0,4334,582.71,0.951,0.930,0.619,0.075,0.503,-0.970,2.358,0.3015,2.4133,0.398,0.117,0.362,0.115,-0.050,157,11,157,1,141,0,295524.06,63810.259,39529.036,226.059,41752.034,54.202,50004.630,17292.370,7422.242,14054.382,11243.506,11265.302,13939.009,2431.163,0.000469,0.004330,6619,0,68,89,155,68,38744,457,87,225.926,0,0,0,0,0,0,0
11761,392.0,6000,40,58,2940,3060,0,0,4362,527.97,0.962,0.939,0.619,0.076,0.495,-0.970,2.360,0.2991,2.3930,0.400,0.124,0.344,0.114,-0.047,146,7,160,1,132,0,295147.81,62049.806,41071.926,234.144,39925.405,54.467,50643.225,17309.329,7533.629,13294.482,10635.586,9744.897,13273.150,2568.980,0.000473,0.005059,6614,0,65,95,155,65,37486,506,90,233.967,0,0,0,0,0,0,0
11791,393.0,5999,45,58,2894,3105,0,0,4398,495.35,0.970,0.946,0.618,0.075,0.488,-0.969,2.358,0.2977,2.4089,0.409,0.120,0.329,0.113,-0.045,138,12,137,2,136,0,293696.19,61181.761,40873.477,187.909,39801.528,53.384,51119.918,17520.309,7658.986,12771.263,10217.011,9760.911,12647.509,2432.891,0.000488,0.004840,6595,0,62,75,134,62,37292,437,72,187.743,0,0,0,0,0,0,0
11821,394.0,6000,40,58,2842,3158,0,0,4425,550.69,0.980,0.956,0.616,0.076,0.481,-0.969,2.357,0.3007,2.3788,0.411,0.108,0.316,0.112,-0.041,107,8,138,1,161,0,288591.06,59758.433,39823.607,215.708,40756.774,44.004,51691.106,18036.096,7671.166,13676.255,10941.004,10674.504,11822.688,2272.073,0.000324,0.001358,6453,0,48,90,135,48,36469,291,87,215.627,0,0,0,0,0,0,0
11851,395.0,5998,38,61,2782,3216,0,0,4397,624.19,0.990,0.967,0.615,0.075,0.472,-0.969,2.356,0.2985,2.4278,0.410,0.092,0.283,0.112,-0.038,143,11,145,4,177,0,283550.00,58509.893,39608.668,216.868,39380.751,47.126,52269.897,18512.241,7688.894,14963.382,11970.706,9564.691,10111.561,2236.522,0.000435,0.006088,6626,0,56,89,143,56,35757,375,87,216.710,0,0,0,0,0,0,0
11881,396.0,5998,29,61,2728,3270,0,0,4402,602.74,1.001,0.977,0.613,0.075,0.464,-0.969,2.358,0.2992,2.4364,0.412,0.082,0.248,0.111,-0.035,133,11,162,1,173,0,274515.06,56644.962,37842.279,197.458,38188.610,49.137,52774.878,18632.333,7707.990,15590.103,12472.083,9844.496,9250.596,2391.315,0.000424,0.005650,6554,0,70,92,160,70,35277,409,90,197.250,0,0,0,0,0,0,0
11911,397.0,6000,34,61,2680,3320,0,0,4264,624.51,1.010,0.984,0.612,0.075,0.457,-0.969,2.357,0.2966,2.4486,0.423,0.071,0.209,0.110,-0.031,123,16,186,2,200,0,265014.69,55103.378,37532.499,223.017,35473.961,55.075,53213.332,18712.051,7539.141,17943.373,14354.699,10160.881,6929.167,2216.019,0.000416,0.008420,6467,0,75,111,179,75,34460,376,104,222.828,0,0,0,0,0,0,0
11941,398.0,6000,31,61,2628,3372,0,0,4264,598.40,1.020,0.993,0.609,0.074,0.450,-0.969,2.359,0.3004,2.4107,0.418,0.072,0.181,0.110,-0.027,119,14,144,2,186,0,256838.62,53316.849,37343.153,169.448,35476.180,45.188,53621.868,18794.866,7445.700,15446.800,12357.440,8652.534,5370.612,2030.591,0.000303,0.010564,6580,0,58,86,139,58,34161,381,80,169.009,0,0,0,0,0,0,0
11971,399.0,6000,26,61,2584,3416,0,0,4282,519.02,1.029,1.002,0.606,0.074,0.443,-0.968,2.354,0.2999,2.3916,0.415,0.056,0.143,0.109,-0.024,115,20,137,2,220,0,243981.77,50739.432,34277.377,172.607,34001.523,43.578,54083.646,19122.112,7445.954,16868.477,13494.782,7951.876,4291.904,1777.087,0.000492,0.011163,6522,0,40,97,135,40,34365,298,95,172.477,0,0,0,0,0,0,0
12001,400.0,5995,34,64,2545,3450,0,0,4261,563.58,1.036,1.008,0.606,0.075,0.438,-0.969,2.356,0.2958,2.4364,0.418,0.046,0.106,0.109,-0.022,99,29,148,0,237,0,228802.83,48515.709,33688.857,217.692,31106.385,42.131,54571.501,19427.805,7382.212,18200.183,14560.146,7978.631,2792.121,1808.894,0.000331,0.012020,6231,0,50,98,143,50,34387,389,93,217.547,0,0,0,0,0,0,0
12031,401.0,6000,26,64,2528,3472,0,0,4190,508.11,1.042,1.010,0.605,0.074,0.435,-0.968,2.359,0.2964,2.4115,0.418,0.027,0.057,0.108,-0.020,121,30,154,3,287,0,210714.53,46109.323,32628.144,227.084,30367.942,40.757,54977.402,19527.097,7313.424,20860.522,16688.418,7542.103,1698.901,1821.813,0.000411,0.015120,6468,0,49,105,150,46,33904,480,104,212.890,0,0,0,0,0,0,0
12061,402.0,6000,29,64,2536,3464,0,0,4230,472.52,1.041,1.008,0.606,0.075,0.436,-0.968,2.356,0.2978,2.3936,0.415,0.006,0.020,0.109,-0.018,121,36,113,1,313,0,191940.06,44740.096,29770.954,132.604,27651.303,38.237,55001.848,19607.475,7209.652,20325.378,16260.303,5517.080,490.934,1526.066,0.000290,0.017635,6335,0,35,78,112,35,33810,397,77,132.433,0,0,0,0,0,0,0
12091,403.0,5896,22,64,2548,3348,0,0,4202,520.54,1.031,0.996,0.610,0.075,0.445,-0.967,2.356,0.2990,2.3936,0.416,0.001,0.004,0.110,-0.021,130,52,88,1,350,0,174387.78,43043.719,29625.786,105.038,26575.926,39.158,54469.242,19389.033,7244.605,16823.972,13459.178,4324.170,60.075,1474.906,0.000243,0.017844,6305,0,28,60,87,28,33783,394,59,104.954,0,0,0,0,0,0,0
12121,404.0,5661,24,64,2534,3127,0,0,4040,477.63,1.016,0.979,0.615,0.075,0.459,-0.968,2.359,0.3006,2.3876,0.414,0.001,0.004,0.112,-0.026,147,49,86,0,410,0,158729.22,41324.828,28470.518,70.761,24214.447,43.965,52176.300,18202.088,7026.464,13350.175,10680.141,3998.067,42.470,1409.247,0.000313,0.016184,6058,0,30,56,85,30,33765,377,55,70.604,0,0,0,0,0,0,0
12151,405.0,5337,20,67,2516,2821,0,0,3819,468.21,0.993,0.953,0.623,0.074,0.480,-0.968,2.360,0.3019,2.3757,0.411,0.001,0.004,0.115,-0.034,125,50,69,3,413,0,143967.84,39377.970,24124.902,74.882,21703.733,41.271,48811.218,16456.294,6641.941,9021.649,7217.320,3330.505,42.667,1252.161,0.000326,0.012486,5545,0,19,50,67,19,33547,409,48,74.791,0,0,0,0,0,0,0
12181,406.0,5052,36,67,2511,2541,0,0,3571,509.06,0.966,0.926,0.632,0.073,0.502,-0.968,2.360,0.2955,2.3560,0.423,0.001,0.004,0.116,-0.042,107,64,55,0,397,0,134902.75,37937.735,24650.297,58.880,19887.192,41.885,45234.003,14742.496,6199.764,9663.729,7730.984,2478.284,57.101,1067.607,0.000216,0.011945,4942,0,17,38,55,17,33172,272,38,58.784,0,0,0,0,0,0,0
12211,407.0,4797,30,67,2512,2285,0,0,3320,501.74,0.938,0.900,0.640,0.073,0.526,-0.968,2.360,0.2963,2.3435,0.425,0.001,0.005,0.118,-0.051,137,57,46,2,354,0,128383.20,37002.239,22650.645,53.106,19184.963,51.338,41941.510,13310.224,5762.356,8605.197,6884.158,2292.477,92.390,1105.548,0.000219,0.010484,4958,0,13,33,46,13,32951,412,33,53.029,0,0,0,0,0,0,0
12241,408.0,4627,37,67,2528,2099,0,0,3085,470.01,0.913,0.878,0.649,0.071,0.546,-0.968,2.359,0.2999,2.3848,0.416,0.001,0.003,0.120,-0.059,136,46,41,1,305,0,121378.55,34978.647,20261.339,47.878,17135.857,57.214,39292.019,12485.697,5296.033,9067.266,7253.813,2259.983,94.014,1051.310,0.000229,0.010385,4363,0,12,29,40,12,32436,349,27,46.378,0,0,0,0,0,0,0
12271,409.0,4458,37,67,2539,1918,1,0,2865,529.57,0.887,0.855,0.656,0.070,0.566,-0.968,2.361,0.3011,2.3706,0.430,0.000,0.004,0.122,-0.066,154,58,25,4,287,0,115349.55,33834.115,18299.056,14.964,16589.430,57.665,37047.477,11500.552,4871.599,8409.158,6727.327,2084.147,64.391,927.146,0.000186,0.009711,4089,0,12,13,22,12,32741,304,9,14.536,0,0,0,0,0,0,0
12301,410.0,4348,26,69,2545,1802,1,0,2739,476.32,0.870,0.839,0.660,0.069,0.579,-0.967,2.363,0.2994,2.3722,0.428,0.001,0.004,0.123,-0.072,160,45,17,1,220,0,112388.70,32518.769,18193.579,30.860,15263.505,60.182,35043.965,10592.935,4590.459,7223.836,5779.069,1179.062,52.811,800.064,0.000211,0.009503,3661,0,2,15,17,2,33174,284,15,30.858,0,0,0,0,0,0,0
12331,411.0,4195,49,69,2532,1662,1,0,2622,563.62,0.852,0.820,0.665,0.070,0.595,-0.967,2.363,0.3028,2.3427,0.432,0.001,0.006,0.125,-0.077,169,45,21,2,238,0,107176.70,30859.603,16034.918,19.330,14434.170,59.457,33456.058,10092.609,4404.447,6373.459,5098.767,1964.742,84.416,848.879,0.000244,0.008210,3559,0,4,17,20,4,32931,279,16,19.317,0,0,0,0,0,0,0
12361,412.0,4059,28,69,2516,1542,1,0,2513,564.04,0.834,0.802,0.669,0.071,0.609,-0.967,2.364,0.3019,2.3381,0.432,0.001,0.006,0.126,-0.082,170,46,15,1,212,0,102772.60,29552.071,14912.132,17.771,12967.228,72.431,31828.124,9198.682,4192.527,5661.625,4529.300,1596.786,42.926,894.703,0.000151,0.009506,3328,0,5,10,15,5,32794,327,10,17.762,0,0,0,0,0,0,0
12391,413.0,3921,31,69,2489,1432,0,0,2363,641.24,0.818,0.787,0.672,0.071,0.622,-0.968,2.365,0.3005,2.3444,0.436,0.001,0.005,0.127,-0.087,175,50,20,3,198,0,97676.85,28034.182,13068.134,11.216,12249.475,72.225,30305.575,8723.927,3987.105,5440.339,4352.271,1214.341,8.288,881.974,0.000244,0.006886,3203,0,3,17,14,3,33116,378,9,8.803,0,0,0,0,0,0,0
12421,414.0,3777,28,69,2480,1297,0,0,2222,544.42,0.794,0.766,0.677,0.072,0.641,-0.968,2.368,0.3009,2.3863,0.447,0.002,0.006,0.129,-0.094,179,49,18,2,217,0,92900.39,27680.078,11125.865,25.965,11228.437,68.061,28677.159,8177.783,3736.845,5553.548,4442.838,1133.848,0.000,772.024,0.000213,0.005560,2921,0,2,16,16,2,32708,297,14,25.962,0,0,0,0,0,0,0
12451,415.0,3705,23,70,2484,1221,0,0,2152,622.72,0.777,0.754,0.680,0.072,0.653,-0.968,2.370,0.3025,2.3798,0.444,0.002,0.007,0.130,-0.098,192,52,10,1,146,0,88820.63,26468.584,10471.343,7.309,11127.012,81.562,27270.147,7526.619,3566.547,5443.449,4354.759,803.196,7.094,764.700,0.000191,0.004246,2705,0,3,7,7,3,32708,296,3,6.997,0,0,0,0,0,0,0
12481,416.0,3585,34,70,2456,1129,0,0,2042,649.20,0.760,0.740,0.684,0.071,0.666,-0.967,2.373,0.3010,2.3891,0.443,0.002,0.004,0.131,-0.104,212,45,17,7,151,0,84901.77,25450.005,9602.573,23.797,9455.020,84.243,26180.421,6825.837,3401.131,3976.278,3181.023,1119.307,47.235,626.044,0.000188,0.004780,2394,0,1,16,14,1,32260,263,12,22.905,0,0,0,0,0,0,0
12511,417.0,3481,31,70,2431,1050,0,0,1906,622.74,0.745,0.728,0.688,0.072,0.678,-0.968,2.376,0.3029,2.3436,0.451,0.002,0.005,0.132,-0.108,215,47,10,3,151,0,81711.58,24474.886,9547.790,9.370,9324.647,83.699,24962.556,6381.475,3188.953,4409.074,3527.259,1058.474,18.964,730.005,0.000144,0.004299,2386,0,1,9,8,1,31815,338,6,8.527,0,0,0,0,0,0,0
12541,418.0,3368,29,70,2404,964,0,0,1811,688.22,0.727,0.712,0.692,0.071,0.692,-0.967,2.381,0.3038,2.3607,0.454,0.001,0.005,0.133,-0.114,198,54,13,3,135,0,79466.26,23971.989,8636.319,14.989,8622.904,93.144,23769.258,5822.908,3006.530,3719.017,2975.214,906.404,45.335,574.383,0.000239,0.006817,2248,0,1,12,13,1,31822,255,10,13.068,0,0,0,0,0,0,0
12571,419.0,3295,33,70,2380,915,0,0,1740,769.88,0.717,0.705,0.694,0.071,0.699,-0.968,2.382,0.3016,2.3843,0.453,0.002,0.004,0.134,-0.117,221,52,11,4,110,0,78206.64,23454.399,8617.365,8.748,7776.599,90.638,22803.776,5396.606,2843.339,4261.489,3409.191,808.244,16.350,619.521,0.000148,0.006472,2052,0,1,10,9,1,31187,335,8,8.720,0,0,0,0,0,0,0
12601,420.0,3228,41,70,2373,855,0,0,1677,816.32,0.703,0.693,0.700,0.070,0.711,-0.968,2.383,0.3004,2.4117,0.456,0.001,0.004,0.135,-0.122,229,34,13,6,126,0,77564.76,23098.718,8463.333,8.449,7574.609,87.047,22048.236,5321.738,2768.969,4243.770,3395.016,683.438,0.000,541.245,0.000157,0.005673,1924,0,2,11,8,2,30891,317,5,7.552,0,0,0,0,0,0,0
12631,421.0,3178,31,70,2373,805,0,0,1598,729.60,0.689,0.683,0.704,0.070,0.721,-0.969,2.382,0.2988,2.3873,0.458,0.003,0.005,0.136,-0.127,195,50,9,4,105,0,77773.39,23473.505,7815.923,8.288,7370.667,96.953,21258.040,5017.102,2632.876,4568.977,3655.181,738.374,0.000,528.898,0.000190,0.006392,1810,0,1,8,6,1,30987,252,5,8.274,0,0,0,0,0,0,0
12661,422.0,3172,26,70,2388,784,0,0,1544,727.33,0.682,0.676,0.705,0.070,0.726,-0.969,2.382,0.2985,2.4015,0.449,0.001,0.005,0.136,-0.129,235,39,14,1,73,0,78499.40,23471.771,7963.863,17.830,7537.893,96.004,20879.099,4887.565,2500.492,4699.993,3759.994,874.589,0.000,645.710,0.000148,0.007042,1767,0,1,13,10,1,30899,263,9,17.830,0,0,0,0,0,0,0
12691,423.0,3170,35,70,2412,758,0,0,1529,789.27,0.674,0.668,0.706,0.070,0.733,-0.969,2.383,0.2987,2.3948,0.441,0.002,0.007,0.137,-0.131,211,32,13,1,91,0,79167.21,23798.986,7191.109,21.616,7639.312,93.859,20561.499,4814.265,2444.725,4869.085,3895.268,856.682,39.697,653.215,0.000190,0.007403,1699,0,0,13,11,0,31684,252,10,20.185,0,0,0,0,0,0,0
12721,424.0,3206,50,70,2432,774,0,0,1530,669.33,0.675,0.673,0.705,0.070,0.731,-0.969,2.381,0.3000,2.4449,0.444,0.002,0.009,0.137,-0.130,235,25,9,2,67,0,82023.66,24209.755,8997.303,14.114,7743.747,97.126,20584.118,4767.875,2438.295,5540.669,4432.536,836.531,62.949,566.827,0.000152,0.009161,1672,0,1,8,9,1,31886,193,8,14.108,0,0,0,0,0,0,0
12751,425.0,3276,46,70,2473,803,0,0,1484,672.88,0.679,0.678,0.700,0.070,0.728,-0.969,2.383,0.2983,2.4217,0.436,0.002,0.009,0.137,-0.129,247,25,9,0,67,0,85376.17,25146.439,9538.458,15.260,7553.652,106.728,21088.972,4835.546,2405.266,6587.256,5269.805,824.000,23.200,853.210,0.000148,0.010533,1908,0,1,8,8,1,32052,447,6,14.921,0,0,0,0,0,0,0
12781,426.0,3375,43,70,2540,835,0,0,1497,693.66,0.680,0.682,0.698,0.071,0.726,-0.970,2.386,0.2972,2.4416,0.429,0.003,0.008,0.137,-0.129,247,29,7,1,64,0,89708.01,26146.352,10351.577,10.344,7958.671,97.898,21736.434,5053.924,2402.437,7502.606,6002.085,706.573,79.520,697.026,0.000146,0.010340,1833,0,0,7,4,0,32997,316,4,10.342,0,0,0,0,0,0,0
12811,427.0,3509,62,70,2614,895,0,0,1553,631.48,0.686,0.694,0.695,0.072,0.720,-0.968,2.386,0.2983,2.4451,0.422,0.003,0.004,0.136,-0.125,269,26,12,0,70,0,96151.20,27673.800,12054.976,11.664,9048.460,95.594,22511.609,5114.092,2449.376,9338.602,7470.882,660.638,42.100,651.713,0.000134,0.010098,1958,0,1,11,10,1,33515,295,9,11.664,0,0,0,0,0,0,0
12841,428.0,3675,49,70,2711,964,0,0,1686,612.79,0.693,0.701,0.690,0.074,0.714,-0.967,2.386,0.2989,2.5069,0.418,0.003,0.005,0.135,-0.122,260,17,14,0,82,0,103290.45,29293.926,13515.286,12.515,9716.801,87.101,23632.352,5471.934,2596.078,10677.576,8542.061,905.225,54.965,886.410,0.000249,0.010559,2158,0,2,12,8,2,34443,364,6,12.511,0,0,0,0,0,0,0
12871,429.0,3876,53,70,2808,1068,0,0,1800,584.98,0.706,0.719,0.682,0.075,0.703,-0.968,2.385,0.3020,2.5331,0.404,0.002,0.008,0.135,-0.118,269,21,14,1,70,0,110934.34,31328.773,14731.454,11.463,10584.737,95.606,25114.103,5913.085,2837.498,11911.374,9529.099,1057.619,141.710,981.514,0.000183,0.009238,2512,0,3,11,10,3,36006,487,7,11.415,0,0,0,0,0,0,0
12901,430.0,4119,60,70,2944,1175,0,0,1946,571.80,0.716,0.732,0.676,0.075,0.695,-0.969,2.385,0.3008,2.4738,0.403,0.002,0.008,0.134,-0.114,264,19,17,0,68,0,119358.48,33949.419,16055.188,10.489,11904.949,91.024,26797.637,6598.141,3070.603,13386.637,10709.310,1385.265,62.664,999.309,0.000208,0.010670,2593,0,5,12,11,5,37729,396,6,10.323,0,0,0,0,0,0,0
12931,431.0,4400,48,70,3086,1314,0,0,2148,568.99,0.728,0.748,0.671,0.078,0.683,-0.968,2.390,0.3014,2.5106,0.390,0.002,0.008,0.133,-0.110,269,18,18,0,87,0,127351.41,36224.821,17240.372,9.805,14478.770,94.918,28834.940,7465.297,3370.126,15768.207,12614.566,1386.358,110.009,1161.702,0.000316,0.014320,3044,0,10,8,16,10,39556,433,6,9.798,0,0,0,0,0,0,0
12961,432.0,4662,50,70,3216,1446,0,0,2402,600.05,0.741,0.761,0.665,0.079,0.673,-0.967,2.387,0.3068,2.5136,0.377,0.002,0.008,0.132,-0.107,269,17,17,0,111,0,135042.53,38723.294,18909.437,17.591,16285.622,88.204,30895.678,8214.681,3802.686,16021.910,12817.528,2211.721,222.371,1407.682,0.000186,0.016433,3503,0,5,12,14,5,41884,506,9,17.579,0,0,0,0,0,0,0
12991,433.0,4946,57,70,3352,1594,0,0,2664,526.57,0.754,0.776,0.657,0.080,0.663,-0.968,2.387,0.3040,2.5942,0.369,0.001,0.008,0.132,-0.101,245,28,25,0,96,0,142203.88,41258.205,19478.262,19.965,18976.447,91.533,33106.636,9306.497,4242.143,17250.460,13800.368,1877.879,143.585,1468.265,0.000258,0.019933,4161,0,11,14,20,11,43831,548,9,19.815,0,0,0,0,0,0,0
13021,434.0,5225,33,70,3462,1763,0,0,3020,481.20,0.769,0.794,0.650,0.079,0.650,-0.968,2.388,0.3076,2.5670,0.360,0.001,0.006,0.131,-0.095,268,17,29,0,92,0,151055.56,44109.289,22602.630,18.004,20446.229,91.470,35564.178,10403.685,4818.792,17020.860,13616.688,2047.021,86.083,1554.314,0.000400,0.022954,4679,0,12,17,22,12,45489,618,10,17.906,0,0,0,0,0,0,0
13051,435.0,5508,51,70,3579,1929,0,0,3340,488.57,0.782,0.810,0.646,0.077,0.639,-0.969,2.387,0.3095,2.6075,0.361,0.001,0.006,0.130,-0.091,220,22,45,1,128,0,158505.83,46353.342,24230.589,33.752,22724.734,74.504,37886.030,11383.956,5409.326,19453.573,15562.859,2783.051,128.995,1685.339,0.000282,0.024986,5104,0,17,28,37,17,47083,638,20,33.661,0,0,0,0,0,0,0
13081,436.0,5742,47,70,3662,2080,0,0,3680,441.89,0.794,0.826,0.640,0.077,0.629,-0.969,2.387,0.3098,2.5989,0.359,0.001,0.006,0.129,-0.086,235,20,74,2,143,0,166686.22,50696.870,25319.334,57.694,25092.376,69.846,40289.439,12362.778,6044.147,19300.179,15440.143,3588.591,116.576,1631.940,0.000294,0.025782,5687,0,18,56,56,18,48695,579,38,57.582,0,0,0,0,0,0,0
13111,437.0,6000,40,70,3759,2241,0,0,4002,434.12,0.807,0.838,0.635,0.076,0.619,-0.969,2.386,0.3119,2.6281,0.357,0.002,0.010,0.128,-0.082,235,19,44,0,166,0,175944.58,53182.089,27635.884,27.539,26578.527,74.891,42533.368,13256.894,6679.625,20062.911,16050.329,3244.405,187.108,1673.175,0.000274,0.027275,6170,0,15,29,32,15,50437,550,17,27.457,0,0,0,0,0,0,0
13141,438.0,6000,39,70,3751,2249,0,0,4217,433.90,0.810,0.838,0.634,0.075,0.618,-0.969,2.389,0.3092,2.5791,0.360,0.018,0.075,0.129,-0.081,233,18,45,0,175,0,187390.06,55713.825,28593.386,25.825,28358.886,76.670,43706.589,13579.419,7188.088,10065.535,8052.428,3589.764,858.489,1952.097,0.000355,0.029979,6476,0,21,24,36,21,51117,771,15,25.788,0,0,0,0,0,0,0
13171,439.0,6000,43,70,3733,2267,0,0,4344,444.95,0.813,0.840,0.632,0.075,0.616,-0.969,2.387,0.3093,2.6033,0.364,0.036,0.130,0.129,-0.080,214,14,43,2,206,0,199957.03,58296.910,29864.382,46.216,30268.617,77.178,43886.861,13667.780,7490.197,11331.575,9065.260,4158.537,2195.635,1975.222,0.000270,0.029194,6687,0,10,33,37,10,50956,754,27,46.197,0,0,0,0,0,0,0
13201,440.0,6000,43,71,3718,2282,0,0,4415,380.79,0.817,0.843,0.630,0.074,0.614,-0.969,2.390,0.3093,2.5592,0.364,0.045,0.184,0.129,-0.079,215,16,50,1,189,0,215595.97,60485.837,33561.577,61.748,30842.224,76.971,44047.872,13799.922,7671.513,10941.993,8753.595,4366.466,4238.216,2157.839,0.000238,0.029040,6553,0,18,32,46,18,50572,796,28,61.702,0,0,0,0,0,0,0
13231,441.0,6000,41,71,3708,2292,0,0,4532,458.80,0.819,0.844,0.630,0.074,0.612,-0.969,2.390,0.3091,2.5686,0.367,0.066,0.250,0.129,-0.079,220,9,52,0,162,0,230984.33,62739.702,33083.154,41.991,32768.822,72.927,44164.771,13522.952,7836.719,9555.446,7644.357,4843.110,6262.949,1934.892,0.000314,0.031085,6407,0,28,24,48,28,50677,588,20,41.920,0,0,0,0,0,0,0
13261,442.0,6000,58,71,3669,2331,0,0,4511,471.79,0.827,0.850,0.627,0.075,0.607,-0.969,2.392,0.3100,2.5814,0.369,0.085,0.308,0.128,-0.076,176,7,39,2,160,0,247600.45,64533.222,35365.712,41.911,35351.799,71.763,44500.907,13737.003,7893.081,9216.615,7373.293,4681.877,8516.340,2152.187,0.000289,0.029719,6585,0,11,28,31,11,50540,671,20,41.892,0,0,0,0,0,0,0
13291,443.0,5998,48,71,3630,2368,0,0,4477,530.47,0.833,0.857,0.626,0.075,0.601,-0.969,2.394,0.3093,2.5752,0.372,0.105,0.371,0.128,-0.075,192,6,38,3,133,0,263121.69,66107.893,35997.522,81.809,36579.064,74.384,44998.387,14045.511,7873.575,7686.299,6149.040,4978.981,10991.209,2241.070,0.000279,0.029613,6696,0,13,25,36,13,49885,658,23,81.791,0,0,0,0,0,0,0
13321,444.0,6000,43,71,3579,2421,0,0,4410,598.98,0.843,0.866,0.624,0.074,0.593,-0.969,2.396,0.3126,2.5554,0.378,0.110,0.415,0.128,-0.072,201,5,61,1,144,0,273935.38,67149.434,37285.986,76.859,40368.622,71.592,45398.615,14520.347,7749.047,9364.279,7491.424,6057.864,15660.558,2439.288,0.000367,0.031009,7114,0,22,39,52,22,49208,650,30,76.763,0,0,0,0,0,0,0
13351,445.0,5997,49,73,3548,2449,0,0,4353,576.17,0.849,0.871,0.624,0.074,0.590,-0.969,2.398,0.3085,2.5752,0.379,0.121,0.452,0.127,-0.070,177,10,59,0,144,0,286399.66,68445.166,38900.421,72.416,40206.295,68.520,45834.776,14478.131,7647.513,8863.835,7091.068,5611.012,17210.736,2398.817,0.000436,0.036124,6955,0,16,43,50,16,48724,644,34,72.312,0,0,0,0,0,0,0
13381,446.0,5999,44,73,3529,2470,0,0,4401,552.66,0.853,0.874,0.623,0.074,0.587,-0.970,2.400,0.3062,2.5657,0.374,0.124,0.492,0.127,-0.069,174,11,49,0,128,0,296642.88,69143.745,39861.396,54.674,41587.067,71.493,46161.017,14842.704,7578.388,8100.963,6480.770,6513.580,19494.381,2606.343,0.000621,0.046257,6831,0,20,29,42,20,48962,694,22,54.589,0,0,0,0,0,0,0
13411,447.0,5997,60,73,3500,2497,0,0,4430,481.55,0.859,0.879,0.622,0.074,0.582,-0.970,2.402,0.3075,2.5504,0.381,0.140,0.519,0.126,-0.067,153,5,43,0,118,0,304877.56,69609.385,40320.758,71.400,43560.859,71.654,46505.662,14916.957,7660.522,7245.780,5796.624,6228.730,22579.648,2426.176,0.000500,0.051369,6928,0,16,27,39,16,48733,627,23,71.294,0,0,0,0,0,0,0
13441,448.0,5998,40,73,3454,2544,0,0,4456,598.78,0.868,0.887,0.620,0.074,0.576,-0.970,2.402,0.3090,2.5402,0.387,0.138,0.539,0.126,-0.064,185,1,35,0,120,0,312479.72,70097.550,42273.600,49.605,44914.942,66.268,46980.719,15262.318,7647.117,7031.253,5625.002,5827.456,25220.263,2474.474,0.000467,0.055017,7047,0,10,25,31,10,48033,668,21,49.428,0,0,0,0,0,0,0
13471,449.0,5999,48,73,3423,2576,0,0,4467,588.51,0.874,0.893,0.618,0.074,0.571,-0.970,2.402,0.3065,2.5719,0.389,0.159,0.575,0.125,-0.062,185,4,34,1,98,0,320881.22,71301.846,41780.417,41.577,44307.840,73.111,47471.106,15637.557,7617.849,6137.108,4909.686,5124.381,25044.024,2599.998,0.000500,0.062363,7059,0,12,22,33,12,47649,638,21,41.530,0,0,0,0,0,0,0
13501,450.0,5999,53,75,3384,2615,0,0,4516,649.66,0.881,0.901,0.616,0.072,0.565,-0.970,2.401,0.3048,2.5567,0.391,0.153,0.583,0.125,-0.059,169,4,50,2,105,0,324016.03,70355.435,41647.988,64.064,45700.465,63.067,47932.416,15665.646,7658.020,6907.494,5525.995,6651.295,27012.022,2631.789,0.000331,0.065255,7049,0,22,28,47,22,47497,645,25,63.862,0,0,0,0,0,0,0
13531,451.0,5998,56,75,3364,2634,0,0,4498,605.26,0.885,0.903,0.616,0.072,0.563,-0.970,2.404,0.3053,2.5743,0.391,0.145,0.576,0.125,-0.058,152,5,53,0,107,0,324500.09,70471.834,40974.449,75.934,47493.990,61.018,48355.128,15747.842,7632.659,7147.661,5718.129,7584.492,27780.486,2508.010,0.000309,0.065154,7220,0,24,29,50,24,46986,598,25,74.270,0,0,0,0,0,0,0
13561,452.0,6000,43,75,3302,2698,0,0,4507,641.72,0.896,0.914,0.613,0.072,0.554,-0.970,2.405,0.3079,2.5280,0.397,0.148,0.566,0.124,-0.054,142,6,80,1,96,0,325501.06,70636.602,42620.210,132.402,46402.241,65.677,48854.168,15792.908,7614.652,8546.232,6836.986,7493.867,28275.422,2647.982,0.000384,0.066464,7036,0,31,49,77,31,46724,550,46,132.256,0,0,0,0,0,0,0
13591,453.0,5996,50,75,3243,2753,0,0,4439,716.04,0.907,0.925,0.611,0.072,0.546,-0.970,2.405,0.3061,2.5561,0.396,0.140,0.554,0.123,-0.051,128,5,76,1,104,0,326421.19,68679.574,42087.700,126.095,46327.630,55.420,49468.423,16017.398,7546.705,8148.060,6518.449,6921.936,25858.895,2530.297,0.000470,0.070478,7140,0,21,55,73,21,46032,624,52,126.081,0,0,0,0,0,0,0
13621,454.0,6000,39,75,3196,2804,0,0,4467,674.09,0.915,0.935,0.609,0.074,0.539,-0.970,2.406,0.3036,2.5736,0.406,0.133,0.553,0.123,-0.048,135,5,81,0,90,0,326562.72,67669.610,42576.126,147.338,45946.875,53.885,50165.825,16154.997,7427.401,8114.006,6491.205,7286.021,25319.430,2275.047,0.000459,0.070774,7022,0,28,53,78,28,45317,502,50,147.238,0,0,0,0,0,0,0
13651,455.0,5998,33,76,3118,2880,0,0,4512,713.72,0.930,0.949,0.606,0.074,0.527,-0.970,2.405,0.3043,2.5657,0.405,0.133,0.519,0.122,-0.044,147,2,86,0,98,0,324120.06,66859.523,39983.165,139.992,45107.364,54.592,50920.806,16487.843,7442.875,8561.255,6849.004,7700.391,22712.156,2449.027,0.000504,0.068557,7174,0,25,61,84,25,44937,511,59,139.885,0,0,0,0,0,0,0
13681,456.0,5999,33,76,3065,2934,0,0,4451,729.82,0.940,0.958,0.602,0.075,0.519,-0.970,2.404,0.3040,2.5757,0.411,0.133,0.484,0.121,-0.041,145,7,80,1,122,0,320255.19,65117.227,39410.046,104.272,43405.435,56.289,51691.048,16980.601,7415.758,9652.366,7721.893,7552.968,20491.542,2434.039,0.000424,0.064870,7039,0,29,51,78,29,44165,475,49,104.195,0,0,0,0,0,0,0
13711,457.0,5998,44,76,3038,2960,0,0,4337,719.12,0.945,0.962,0.601,0.074,0.516,-0.969,2.404,0.3028,2.5424,0.414,0.116,0.470,0.121,-0.040,134,8,57,2,118,0,313864.28,62545.002,38617.287,62.047,43803.491,57.279,52254.250,17255.168,7208.695,8300.804,6640.643,7423.538,19462.637,2350.776,0.000428,0.059821,7126,0,33,24,56,33,43337,371,23,61.919,0,0,0,0,0,0,0
13741,458.0,5996,37,76,3010,2986,0,0,4295,660.91,0.950,0.966,0.600,0.075,0.512,-0.969,2.404,0.3011,2.5529,0.416,0.109,0.445,0.122,-0.038,141,12,71,1,121,0,306565.16,61409.660,37083.782,87.095,41490.649,56.308,52665.449,17472.791,7042.928,9023.939,7219.151,6624.024,17916.807,2352.853,0.000348,0.055886,6994,0,33,38,67,33,42976,466,34,86.874,0,0,0,0,0,0,0
13771,459.0,5999,39,76,2971,3028,0,0,4275,684.63,0.958,0.972,0.597,0.075,0.506,-0.969,2.406,0.3017,2.5454,0.414,0.101,0.403,0.121,-0.037,149,17,53,0,156,0,298075.12,59003.925,36055.000,75.407,38772.680,58.139,53090.041,17365.481,6953.877,10421.109,8336.887,7065.758,15042.704,2022.301,0.000375,0.052228,6949,0,25,28,51,25,42649,524,26,75.355,0,0,0,0,0,0,0
13801,460.0,5997,27,79,2935,3062,0,0,4312,658.26,0.965,0.977,0.595,0.075,0.501,-0.970,2.409,0.3041,2.5218,0.413,0.104,0.359,0.121,-0.034,128,11,63,1,154,0,286805.97,56670.751,34116.810,91.615,37062.978,58.235,53613.885,17585.374,6965.563,10395.012,8316.009,7243.728,12762.310,1898.442,0.000437,0.046603,6860,0,24,39,59,24,42061,469,35,91.543,0,0,0,0,0,0,0
13831,461.0,6000,23,79,2907,3093,0,0,4279,688.11,0.971,0.981,0.593,0.073,0.497,-0.970,2.409,0.3002,2.4968,0.423,0.088,0.314,0.121,-0.032,118,18,55,2,183,0,276313.91,54686.856,34376.533,79.635,37837.074,50.704,54054.867,18134.841,6932.676,11789.952,9431.962,6050.721,10192.064,1911.946,0.000591,0.048703,7311,0,27,28,55,27,41642,369,28,79.544,0,0,0,0,0,0,0
13861,462.0,6000,28,79,2854,3146,0,0,4300,766.67,0.982,0.989,0.592,0.074,0.489,-0.970,2.411,0.3001,2.4810,0.424,0.061,0.260,0.120,-0.029,114,15,80,3,171,0,262423.34,52737.665,30932.921,70.510,36809.138,44.244,54460.465,18073.760,6923.107,12451.151,9960.921,5900.940,7828.648,1954.500,0.000592,0.052455,7052,0,35,45,78,35,41526,330,43,70.402,0,0,0,0,0,0,0
13891,463.0,6000,31,79,2800,3200,0,0,4300,685.66,0.991,0.998,0.588,0.073,0.481,-0.970,2.411,0.3011,2.5092,0.418,0.050,0.216,0.120,-0.026,104,24,71,1,188,0,246950.27,50109.119,30292.016,56.732,34101.971,43.565,55018.766,18370.749,6928.980,13253.787,10603.030,5529.071,5736.496,1696.136,0.000357,0.053139,6959,0,34,37,70,34,41196,309,36,56.597,0,0,0,0,0,0,0
13921,464.0,6000,22,79,2752,3248,0,0,4319,696.02,1.001,1.004,0.584,0.073,0.474,-0.970,2.410,0.2987,2.4857,0.423,0.035,0.144,0.120,-0.023,82,31,102,3,205,0,226475.77,47146.370,27475.657,93.742,31980.960,41.098,55412.732,18536.025,6950.584,15685.132,12548.106,5448.622,4027.732,1677.538,0.000366,0.050508,7219,0,51,51,99,51,40592,301,48,93.574,0,0,0,0,0,0,0
13951,465.0,5996,24,79,2726,3270,0,0,4296,609.76,1.005,1.007,0.583,0.072,0.471,-0.970,2.411,0.2991,2.4814,0.432,0.023,0.085,0.120,-0.021,116,32,72,1,261,0,204255.64,44892.861,25741.889,54.690,28949.938,40.365,55623.336,18500.432,6981.652,16671.187,13336.949,5321.124,1724.507,1424.280,0.000248,0.049846,7227,0,36,36,71,36,40127,323,35,54.494,0,0,0,0,0,0,0
13981,466.0,6000,23,79,2713,3287,0,0,4209,627.57,1.007,1.009,0.583,0.072,0.469,-0.970,2.411,0.2983,2.5012,0.424,0.006,0.021,0.120,-0.020,120,49,57,0,286,0,180785.70,43159.036,23573.240,48.902,26839.985,45.573,55796.785,18482.024,6948.187,17876.619,14301.296,3327.089,847.696,1274.016,0.000282,0.050002,6969,0,26,31,56,26,39904,344,29,47.581,0,0,0,0,0,0,0
14011,467.0,5874,19,79,2712,3162,0,0,4049,592.09,0.996,0.996,0.586,0.072,0.477,-0.971,2.416,0.2980,2.4795,0.427,0.000,0.005,0.120,-0.024,90,43,46,2,344,0,159952.78,40825.624,24789.749,35.199,24433.801,39.545,55152.432,17950.252,6749.172,13507.143,10805.714,2689.086,66.563,1174.566,0.000207,0.052031,7009,0,21,25,45,21,39567,370,24,35.149,0,0,0,0,0,0,0
14041,468.0,5497,19,79,2666,2831,0,0,3847,638.15,0.971,0.968,0.596,0.071,0.498,-0.971,2.420,0.2948,2.4699,0.426,0.000,0.004,0.122,-0.031,111,61,38,2,437,0,139024.44,38741.040,20566.794,37.573,21880.068,44.491,52019.503,16803.951,6508.274,7088.006,5670.405,2456.504,98.135,969.772,0.000372,0.054708,6553,0,12,26,36,12,38842,382,23,37.236,0,0,0,0,0,0,0
14071,469.0,5071,17,79,2602,2469,0,0,3569,667.66,0.940,0.937,0.605,0.070,0.522,-0.972,2.424,0.3001,2.4505,0.426,0.000,0.004,0.124,-0.041,101,70,53,3,452,0,122402.59,36322.896,20464.159,23.738,19496.344,46.950,47250.944,15020.154,6165.976,6532.552,5226.041,2622.205,64.391,1002.463,0.000196,0.054335,5905,0,32,21,51,32,37996,386,19,23.614,0,0,0,0,0,0,0
14101,470.0,4663,29,80,2547,2116,0,0,3274,660.76,0.902,0.900,0.616,0.068,0.551,-0.972,2.430,0.3008,2.4346,0.437,0.001,0.004,0.126,-0.051,133,71,42,4,422,0,109784.39,34380.063,17895.844,28.300,16592.345,47.755,42098.767,12791.583,5674.181,5576.777,4461.422,2350.270,72.432,819.825,0.000207,0.054332,5045,0,24,18,42,24,37122,278,18,28.273,0,0,0,0,0,0,0
14131,471.0,4330,23,80,2510,1820,0,0,2984,673.42,0.865,0.863,0.628,0.066,0.580,-0.973,2.435,0.3007,2.4163,0.444,0.000,0.004,0.129,-0.062,122,60,24,4,363,0,101099.72,32869.506,15664.380,22.127,14727.161,59.693,37603.382,11173.082,5189.393,4860.198,3888.158,1538.421,84.566,679.800,0.000168,0.054233,4299,0,8,16,24,8,36439,276,16,22.105,0,0,0,0,0,0,0
14161,472.0,4074,32,80,2479,1595,0,0,2716,649.42,0.831,0.832,0.639,0.066,0.606,-0.973,2.438,0.2985,2.4081,0.440,0.002,0.003,0.131,-0.071,117,52,25,2,309,0,94023.13,30981.950,14568.659,23.317,13729.843,61.040,34239.949,10121.062,4717.359,5339.790,4271.832,1726.934,55.639,721.607,0.000244,0.054039,3941,0,9,16,23,9,36154,334,13,22.178,0,0,0,0,0,0,0
14191,473.0,3830,40,80,2432,1398,0,0,2404,704.73,0.800,0.805,0.647,0.066,0.629,-0.973,2.439,0.3002,2.4266,0.445,0.001,0.004,0.133,-0.079,156,60,12,3,269,0,89093.91,29197.705,12732.003,9.544,12426.909,73.535,31080.134,8677.574,4212.853,4329.655,3463.724,1357.000,39.599,635.387,0.000193,0.052857,3482,0,5,7,11,5,35891,327,6,9.538,0,0,0,0,0,0,0
14221,474.0,3709,38,80,2409,1300,0,0,2224,766.71,0.782,0.791,0.653,0.066,0.641,-0.973,2.440,0.2993,2.4327,0.451,0.001,0.003,0.134,-0.086,172,56,9,2,196,0,86230.62,27947.498,12723.995,11.163,11282.550,76.487,28971.714,7802.238,3815.868,5905.661,4724.529,1152.457,25.938,596.595,0.000206,0.051284,3164,0,4,5,8,4,35289,299,4,11.160,0,0,0,0,0,0,0
14251,475.0,3573,46,80,2382,1191,0,0,2005,831.63,0.760,0.776,0.658,0.065,0.656,-0.973,2.442,0.2995,2.4960,0.446,0.000,0.003,0.135,-0.091,186,56,9,5,178,0,82641.70,26565.415,10548.676,8.274,9855.733,88.021,27515.766,7168.385,3467.712,4533.595,3626.876,1135.689,0.000,517.006,0.000195,0.049005,2725,0,4,5,9,4,34538,290,4,7.031,0,0,0,0,0,0,0
14281,476.0,3475,33,80,2364,1111,0,0,1889,757.86,0.745,0.762,0.663,0.065,0.668,-0.973,2.443,0.2984,2.4706,0.446,0.001,0.002,0.136,-0.095,187,51,19,4,141,0,81005.45,25592.857,11350.540,14.811,9494.454,90.933,26116.046,6464.703,3122.103,4640.578,3712.463,1328.513,9.996,624.980,0.000246,0.046833,2639,0,8,11,19,8,34421,369,11,14.802,0,0,0,0,0,0,0
14311,477.0,3391,40,80,2333,1058,0,0,1817,850.80,0.733,0.755,0.663,0.066,0.675,-0.974,2.447,0.2994,2.4922,0.451,0.000,0.003,0.137,-0.096,188,52,11,2,145,0,78669.41,24544.871,9752.430,11.940,9977.121,80.302,25029.074,6085.623,2940.978,5277.733,4222.187,988.280,28.777,517.011,0.000183,0.045680,2471,0,2,9,11,2,33849,231,9,11.939,0,0,0,0,0,0,0
14341,478.0,3296,46,80,2301,995,0,0,1740,820.03,0.721,0.744,0.664,0.066,0.683,-0.974,2.448,0.2995,2.4277,0.456,0.000,0.003,0.138,-0.100,182,44,18,4,122,0,76227.95,23735.045,8988.351,16.188,9090.026,87.632,24044.280,6025.391,2794.483,3785.658,3028.527,1085.172,28.440,446.142,0.000119,0.045105,2324,0,7,11,17,7,33895,187,9,15.226,0,0,0,0,0,0,0
14371,479.0,3209,38,80,2283,926,0,0,1686,758.44,0.706,0.731,0.668,0.065,0.695,-0.975,2.451,0.2993,2.4999,0.458,0.002,0.005,0.139,-0.104,185,51,17,2,127,0,74732.32,23508.164,8700.419,13.751,8411.394,85.246,23068.638,5657.729,2672.883,4284.945,3427.956,1007.705,9.375,444.644,0.000122,0.045377,2128,0,8,9,16,8,33605,178,6,12.038,0,0,0,0,0,0,0
14401,480.0,3160,37,80,2266,894,0,0,1601,757.95,0.698,0.727,0.668,0.065,0.700,-0.975,2.452,0.3009,2.4895,0.444,0.002,0.004,0.139,-0.106,177,38,9,2,107,0,74401.91,23122.679,8889.280,8.329,8530.243,95.745,22309.438,5194.203,2547.417,4282.706,3426.165,923.326,8.598,511.168,0.000164,0.046066,2214,0,3,6,9,3,33474,288,6,8.323,0,0,0,0,0,0,0
14431,481.0,3143,31,80,2259,884,0,0,1540,859.47,0.695,0.727,0.666,0.065,0.702,-0.975,2.453,0.2966,2.5708,0.457,0.000,0.006,0.139,-0.107,214,41,16,1,75,0,74361.55,22782.917,8832.501,16.398,8125.086,94.537,21986.234,5078.807,2400.824,4660.856,3728.685,785.413,26.558,462.169,0.000135,0.045544,1994,0,3,13,15,3,33298,184,11,15.322,0,0,0,0,0,0,0
14461,482.0,3144,35,80,2264,880,0,0,1454,865.09,0.692,0.726,0.666,0.065,0.703,-0.975,2.454,0.2999,2.5491,0.450,0.001,0.005,0.140,-0.108,210,34,18,1,85,0,75201.21,23233.158,9119.200,25.506,7575.726,96.726,21790.669,5030.910,2261.730,5384.599,4307.679,815.221,33.274,529.480,0.000138,0.045804,1914,0,3,15,18,3,33587,233,15,25.505,0,0,0,0,0,0,0
14491,483.0,3122,45,80,2270,852,0,0,1425,801.18,0.682,0.721,0.668,0.066,0.709,-0.975,2.454,0.2977,2.5587,0.459,0.000,0.005,0.140,-0.110,210,32,14,2,104,0,76883.50,23455.224,9085.047,16.781,7356.718,91.041,21512.716,4865.302,2159.407,4997.632,3998.106,796.965,89.663,451.185,0.000129,0.046953,1799,0,5,9,14,5,33941,244,7,15.018,0,0,0,0,0,0,0
14521,484.0,3145,48,80,2288,857,0,0,1371,689.70,0.679,0.723,0.668,0.066,0.709,-0.974,2.456,0.3011,2.5763,0.456,0.000,0.005,0.141,-0.110,196,35,32,1,72,0,79595.97,24453.511,9560.200,37.410,7631.532,90.015,21406.481,4824.528,2066.062,6370.007,5096.006,1215.445,52.885,499.250,0.000165,0.047142,1801,0,9,23,30,9,34043,191,19,36.968,0,0,0,0,0,0,0
14551,485.0,3220,53,80,2336,884,0,0,1357,741.69,0.681,0.726,0.666,0.066,0.708,-0.974,2.454,0.2981,2.6241,0.443,0.002,0.006,0.141,-0.109,196,35,16,4,55,0,83335.12,25341.602,10013.780,20.175,8360.320,88.833,21611.826,5160.857,2006.845,6989.641,5591.713,808.294,83.801,566.854,0.000273,0.048852,1851,0,4,12,14,4,34403,240,10,20.174,0,0,0,0,0,0,0
14581,486.0,3304,47,80,2386,918,0,0,1337,753.21,0.683,0.729,0.664,0.067,0.705,-0.973,2.459,0.2993,2.5649,0.435,0.002,0.007,0.141,-0.108,196,25,27,3,62,0,87494.19,26284.893,10421.750,37.293,9215.916,91.340,22196.361,5298.825,1941.760,7759.872,6207.898,797.640,106.845,691.469,0.000261,0.050857,2030,0,4,23,21,4,34784,293,15,36.072,0,0,0,0,0,0,0
14611,487.0,3432,52,80,2457,975,0,0,1348,702.11,0.688,0.737,0.660,0.069,0.700,-0.972,2.461,0.2964,2.6286,0.423,0.000,0.005,0.141,-0.105,192,34,23,2,56,0,93673.30,27419.432,12674.746,35.328,10166.522,81.904,22927.840,5550.094,1932.843,9260.141,7408.113,964.308,101.041,622.241,0.000147,0.051982,2194,0,4,19,22,4,35551,207,17,34.208,0,0,0,0,0,0,0
14641,488.0,3589,55,80,2531,1058,0,0,1408,620.21,0.701,0.748,0.656,0.069,0.690,-0.971,2.463,0.2998,2.5931,0.412,0.003,0.004,0.141,-0.101,207,24,21,0,66,0,99646.91,28729.604,12967.482,23.752,10843.185,89.004,24002.711,5881.473,1958.953,10674.478,8539.582,958.122,20.401,790.671,0.000234,0.054087,2392,0,8,13,19,7,36564,281,12,20.642,0,0,0,0,0,0,0
14671,489.0,3768,54,80,2602,1166,0,0,1492,689.31,0.714,0.766,0.650,0.070,0.677,-0.972,2.462,0.2953,2.6154,0.416,0.001,0.004,0.139,-0.095,207,26,28,3,50,0,106358.51,30572.451,14526.335,35.034,13124.481,76.723,25415.257,6690.717,2098.150,11322.028,9057.623,1147.393,35.131,771.176,0.000197,0.055705,2704,0,6,22,22,6,38072,234,15,34.043,0,0,0,0,0,0,0
14701,490.0,3989,56,79,2686,1303,0,0,1597,732.58,0.732,0.787,0.642,0.071,0.662,-0.971,2.459,0.3014,2.6177,0.402,0.001,0.004,0.138,-0.088,197,26,28,5,54,0,113634.65,32252.276,16304.120,38.820,12901.177,81.584,27130.069,7335.398,2198.647,13421.571,10737.257,1139.736,28.009,802.903,0.000299,0.057722,2728,0,6,22,21,5,38924,314,16,34.069,0,0,0,0,0,0,0
14731,491.0,4212,45,79,2787,1425,0,0,1694,624.74,0.742,0.801,0.635,0.070,0.651,-0.972,2.458,0.3047,2.6328,0.392,0.000,0.006,0.138,-0.084,214,33,34,1,68,0,120957.14,34775.860,17110.611,32.644,15394.020,72.953,28883.408,8029.630,2336.432,14020.115,11216.092,1628.434,22.882,891.814,0.000241,0.058512,3210,0,9,25,31,9,40238,285,22,32.620,0,0,0,0,0,0,0
14761,492.0,4481,65,79,2879,1602,0,0,1878,536.34,0.761,0.824,0.628,0.070,0.634,-0.972,2.458,0.3014,2.6687,0.390,0.002,0.005,0.136,-0.076,213,29,34,1,77,0,129540.18,37145.401,19842.486,29.668,17939.582,72.082,30952.282,8922.906,2552.784,16748.458,13398.767,1527.173,58.029,1071.652,0.000258,0.058540,3774,0,11,23,28,11,41682,363,17,29.649,0,0,0,0,0,0,0
14791,493.0,4766,51,79,2979,1787,0,0,2155,545.64,0.780,0.843,0.621,0.070,0.619,-0.972,2.458,0.3035,2.6791,0.383,0.000,0.004,0.135,-0.070,179,23,42,2,81,0,138767.23,39897.656,21709.698,31.567,19952.413,72.334,33366.885,9738.849,2894.469,17799.809,14239.848,1610.088,64.470,1177.139,0.000188,0.057704,4195,0,15,27,37,15,42575,351,21,30.390,0,0,0,0,0,0,0
14821,494.0,5052,53,79,3096,1956,0,0,2387,542.99,0.794,0.856,0.615,0.071,0.608,-0.971,2.457,0.3052,2.6651,0.373,0.001,0.005,0.134,-0.067,219,31,29,2,106,0,146971.81,42522.603,22535.481,13.712,21962.635,61.876,35887.461,10842.755,3267.352,18492.100,14793.680,1772.498,121.883,1276.862,0.000289,0.055430,4723,0,16,13,26,16,43802,416,10,13.704,0,0,0,0,0,0,0
14851,495.0,5320,44,79,3193,2127,0,0,2671,439.10,0.807,0.872,0.611,0.071,0.596,-0.971,2.455,0.3036,2.6812,0.365,0.001,0.004,0.133,-0.062,200,30,40,1,117,0,154827.64,44899.979,24372.168,44.996,24715.013,72.383,38390.750,11780.619,3645.958,18755.684,15004.547,2376.024,129.055,1387.758,0.000182,0.054178,5508,0,14,26,36,14,45623,496,22,44.956,0,0,0,0,0,0,0
14881,496.0,5615,47,79,3283,2332,0,0,3007,475.07,0.822,0.892,0.606,0.071,0.583,-0.970,2.456,0.3028,2.6655,0.360,0.002,0.004,0.132,-0.057,192,31,56,1,117,0,163779.27,47833.348,27433.086,27.780,26222.857,60.838,40899.890,12984.409,4096.942,20926.602,16741.282,2588.942,116.653,1470.440,0.000360,0.056042,6006,0,34,22,51,34,47676,461,17,27.640,0,0,0,0,0,0,0
14911,497.0,5910,52,79,3385,2525,0,0,3480,461.00,0.834,0.905,0.603,0.072,0.573,-0.970,2.458,0.3034,2.6973,0.357,0.002,0.004,0.131,-0.053,193,27,60,3,118,0,171671.72,50591.385,28236.928,54.681,29054.795,61.867,43623.689,14033.652,4628.768,20699.135,16559.308,2588.319,162.078,1814.203,0.000246,0.056255,6740,0,26,34,54,26,48600,689,27,53.940,0,0,0,0,0,0,0
14941,498.0,6000,37,79,3401,2599,0,0,3797,487.33,0.842,0.910,0.600,0.072,0.567,-0.970,2.459,0.3013,2.6739,0.358,0.016,0.043,0.131,-0.051,180,23,47,2,158,0,182711.50,53407.129,30556.836,35.425,30163.917,65.958,45729.712,14635.837,5268.903,13853.107,11082.486,2608.299,269.865,1676.382,0.000188,0.056554,7298,0,22,25,44,22,49617,687,22,35.305,0,0,0,0,0,0,0
14971,499.0,6000,53,79,3414,2586,0,0,4027,389.98,0.841,0.905,0.601,0.072,0.569,-0.970,2.458,0.3035,2.6747,0.359,0.028,0.096,0.131,-0.050,182,38,35,2,170,0,195856.55,55532.322,31671.510,23.459,30577.639,65.595,46032.142,14679.199,5694.620,10566.372,8453.097,2595.416,1225.257,1742.336,0.000330,0.053774,7316,0,18,17,33,18,49754,767,15,23.295,0,0,0,0,0,0,0
15001,500.0,5997,40,79,3413,2584,0,0,4181,494.38,0.843,0.903,0.601,0.073,0.569,-0.970,2.460,0.3040,2.6990,0.365,0.043,0.153,0.132,-0.050,190,20,27,0,180,0,210218.88,58200.188,31904.851,24.883,32738.587,61.892,46015.150,14677.255,5982.147,9580.387,7664.310,2804.473,2561.581,1810.911,0.000226,0.054885,7507,0,11,16,24,11,50181,751,12,23.083,0,0,0,0,0,0,0
