tick,sim_second,organisms,food,species,plants,grazers,hunters,omnivores,infected,avg_lifespan,avg_body_size,avg_speed,avg_armor,avg_attack,avg_photo,avg_diet,avg_photo_area,avg_speed_plants,avg_speed_eaters,avg_light_share,ready_share_plants,ready_share_eaters,avg_disease_resistance,avg_symbiosis_rate,symbiotic_pairs,deaths_starvation,deaths_predation,deaths_old_age,deaths_disease,deaths_event,energy_total,flow_photosynthesis,flow_food,flow_predation,flow_grazing,flow_symbiosis,flow_metabolism,flow_movement,flow_disease,flow_reproduction_spent,flow_reproduction_received,flow_death,flow_clamp,flow_digestion,ledger_max_residual,ledger_cumulative_residual,grazes_eat,grazes_attack,kills_consumer,kills_plant,grazer_kills,grazer_kills_consumer,attacks_no_plant_in_reach,grazes_eat_by_plant,kills_plant_by_consumer,plant_kill_energy_consumer,hunter_intents,hunter_strikes,hunter_consumer_in_reach,hunter_kills_consumer,hunter_rejected_size,hunter_rejected_damage,hunter_rejected_both
31,1.0,493,10562,0,153,143,97,100,0,14.33,0.908,0.873,0.155,0.147,0.219,-0.085,1.595,0.3190,1.4099,0.784,0.425,0.153,0.097,0.013,39,0,33,0,0,0,27533.41,1388.320,9951.707,87.125,30.630,9.951,2498.360,885.672,0.000,4948.157,3958.526,1752.246,995.162,156.680,0.000141,-0.000831,19,0,25,8,11,5,3653,0,8,14.830,949,130,94,16,3,75,0
61,2.0,637,9012,0,158,240,94,145,0,22.21,0.962,0.971,0.138,0.135,0.186,-0.217,1.581,0.3157,1.5907,0.838,0.462,0.115,0.090,0.024,60,0,15,0,0,0,33049.39,1404.394,12180.619,19.110,120.109,16.692,3142.450,1130.185,0.000,6603.719,5282.975,722.274,1546.778,225.707,0.000111,-0.001004,67,0,11,4,10,8,5026,34,4,4.944,921,66,62,2,0,54,6
91,3.0,898,7059,0,159,427,94,218,2,30.14,1.021,1.083,0.114,0.116,0.147,-0.333,1.574,0.3176,1.8099,0.815,0.421,0.083,0.083,0.036,70,0,49,0,0,0,43309.34,1466.329,21615.880,53.241,176.769,18.878,4523.781,1928.435,0.193,13165.707,10532.565,2107.235,1235.603,447.118,0.000113,-0.001035,49,0,44,5,32,31,7143,0,5,4.130,878,132,118,11,8,93,6
121,4.0,1322,4517,0,160,766,88,308,6,40.61,1.083,1.193,0.104,0.111,0.117,-0.447,1.584,0.3259,2.0644,0.799,0.375,0.058,0.079,0.049,98,11,72,0,0,0,59954.26,1441.244,34778.150,62.638,409.218,19.124,6956.232,3329.317,4.434,22019.776,17615.821,2886.875,1503.228,553.071,0.000138,-0.000478,108,0,67,5,56,53,11224,44,5,3.507,850,142,138,11,2,119,6
151,5.0,1846,1929,76,162,1207,82,395,7,55.24,1.110,1.269,0.097,0.093,0.098,-0.510,1.583,0.3371,2.2149,0.791,0.284,0.044,0.078,0.059,115,19,52,0,0,0,76731.13,1483.342,40599.209,83.033,760.244,23.385,10800.429,5413.071,10.533,25518.027,20414.422,2295.685,1340.533,424.851,0.000098,-0.000707,97,0,46,6,26,24,16915,8,6,11.239,834,152,129,20,0,95,14
181,6.0,2043,590,76,156,1396,72,419,7,90.57,1.119,1.293,0.091,0.084,0.091,-0.542,1.582,0.3356,2.3009,0.838,0.199,0.036,0.078,0.064,98,57,106,0,2,0,75870.76,1470.455,28131.422,105.375,1203.990,20.347,14105.141,7373.528,10.787,15578.012,12462.410,3905.278,1097.469,959.823,0.000167,0.000095,162,0,95,11,69,62,20823,0,11,16.678,763,103,98,23,3,55,17
211,7.0,1945,388,76,147,1347,62,389,5,109.57,1.116,1.299,0.087,0.078,0.090,-0.554,1.580,0.3482,2.3358,0.850,0.177,0.032,0.078,0.066,90,124,74,0,2,0,64505.81,1492.645,12987.924,57.597,1274.651,20.119,14249.909,7371.802,8.642,4365.177,3492.142,2419.635,247.204,732.888,0.000167,0.001194,224,0,65,9,53,49,20731,4,9,13.040,614,130,118,15,0,72,29
241,8.0,1734,348,76,141,1208,50,335,5,123.30,1.111,1.299,0.087,0.075,0.093,-0.564,1.587,0.3329,2.3337,0.841,0.142,0.031,0.079,0.067,74,168,105,0,1,0,53244.31,1416.572,10784.019,83.728,558.579,20.192,12960.251,6486.245,7.824,2671.188,2136.950,2884.154,97.691,575.417,0.000112,0.001159,196,0,96,9,81,72,18400,69,9,22.029,501,95,95,21,0,57,17
271,9.0,1513,334,76,131,1077,31,274,4,146.04,1.105,1.300,0.083,0.075,0.096,-0.583,1.588,0.3322,2.3654,0.842,0.153,0.032,0.079,0.070,53,231,52,0,2,0,47544.82,1400.224,12445.062,33.926,576.186,11.150,11408.831,5617.288,6.377,2749.549,2199.639,1433.266,111.191,451.844,0.000114,0.000704,166,0,43,9,44,38,15652,44,9,16.941,377,91,73,5,0,64,4
301,10.0,1365,388,56,127,990,23,225,1,174.18,1.097,1.300,0.084,0.071,0.099,-0.603,1.598,0.3290,2.3899,0.858,0.173,0.033,0.079,0.073,51,183,41,0,5,0,45727.68,1365.053,14472.049,23.669,502.351,8.519,10063.555,4987.490,5.010,3485.094,2788.075,1291.153,271.059,362.624,0.000124,-0.000314,72,0,36,5,37,32,13928,0,5,5.499,216,32,32,4,0,24,4
331,11.0,1320,455,56,128,978,15,199,4,191.99,1.097,1.307,0.083,0.070,0.101,-0.627,1.597,0.3253,2.4261,0.866,0.125,0.029,0.079,0.077,44,133,23,0,0,0,45951.91,1401.580,14929.365,10.740,676.484,8.352,9393.353,4597.417,3.457,4805.950,3844.760,750.708,147.615,263.710,0.000170,-0.000887,92,0,23,0,20,20,12827,0,0,0.000,159,28,28,3,0,22,3
361,12.0,1328,449,56,130,1007,11,180,7,207.44,1.099,1.314,0.084,0.066,0.101,-0.653,1.603,0.3304,2.4401,0.881,0.162,0.027,0.080,0.079,48,96,31,0,0,0,47955.62,1534.912,17187.038,10.149,451.233,6.841,9270.959,4521.250,10.770,5827.972,4662.378,1035.914,384.090,339.818,0.000099,-0.001139,81,0,30,1,26,25,12105,3,1,1.439,124,14,14,2,0,9,3
391,13.0,1399,566,56,133,1090,8,168,10,216.17,1.106,1.326,0.085,0.065,0.098,-0.678,1.603,0.3128,2.4818,0.830,0.173,0.024,0.081,0.082,60,81,23,0,1,0,51380.62,1574.955,18724.632,10.710,638.635,7.239,9539.422,4603.742,14.633,7590.341,6072.273,614.825,316.753,277.853,0.000198,0.000537,70,0,21,2,16,14,11853,0,2,4.056,80,7,7,0,0,4,3
421,14.0,1510,550,56,140,1208,4,158,8,232.08,1.111,1.338,0.086,0.060,0.097,-0.700,1.608,0.3198,2.5082,0.847,0.164,0.023,0.081,0.085,69,71,15,0,3,0,56978.62,1675.044,22002.647,3.197,658.824,8.160,10262.355,5022.847,16.306,8572.086,6857.669,521.396,310.184,235.381,0.000175,0.001869,78,0,13,2,15,13,12030,0,2,1.629,42,2,2,0,0,0,2
451,15.0,1652,568,44,143,1361,3,145,13,231.93,1.119,1.354,0.088,0.059,0.093,-0.721,1.611,0.3156,2.5330,0.825,0.196,0.022,0.081,0.088,74,79,19,0,0,0,63212.91,1844.576,24603.004,11.783,716.478,10.587,11324.862,5565.360,16.201,10408.575,8326.860,691.238,205.588,340.108,0.000132,0.001668,97,0,17,2,15,13,12749,5,2,5.416,30,0,0,0,0,0,0
481,16.0,1842,548,44,148,1554,2,138,12,221.65,1.127,1.368,0.089,0.059,0.089,-0.738,1.615,0.3198,2.5575,0.799,0.176,0.022,0.082,0.092,64,77,20,0,2,0,70616.68,1900.420,28316.459,13.061,839.698,9.004,12625.127,6284.859,23.581,12460.572,9968.458,677.568,382.814,340.111,0.000116,0.001704,108,0,17,3,18,15,13434,17,3,8.333,30,4,4,0,0,0,4
511,17.0,2033,427,44,151,1752,2,128,13,218.85,1.136,1.382,0.089,0.060,0.086,-0.755,1.614,0.3176,2.5882,0.801,0.166,0.021,0.081,0.093,85,77,20,0,2,0,78920.97,2018.244,31578.846,6.044,1198.622,10.027,14139.851,7184.132,22.122,12699.875,10159.900,687.445,364.429,360.898,0.000203,0.003082,188,0,20,0,17,17,13822,40,0,0.000,30,7,7,0,0,0,7
541,18.0,2244,398,44,157,1964,2,121,15,211.82,1.142,1.390,0.090,0.061,0.083,-0.765,1.623,0.3207,2.5970,0.778,0.146,0.019,0.082,0.093,71,82,21,0,1,0,84850.98,2095.521,31671.676,5.910,1390.337,11.046,15779.575,7995.440,27.394,13685.620,10948.496,626.145,212.167,465.243,0.000234,0.001434,167,0,20,1,16,15,14576,6,1,1.254,30,1,1,0,0,0,1
571,19.0,2436,391,44,161,2162,2,111,15,202.80,1.149,1.397,0.093,0.058,0.081,-0.773,1.630,0.3220,2.5990,0.774,0.130,0.016,0.082,0.095,86,102,31,0,1,0,90877.56,2186.055,34322.960,5.754,1515.887,11.868,17381.976,8834.961,28.032,14212.358,11369.887,819.600,147.405,433.738,0.000166,0.000563,199,0,31,0,25,25,15830,2,0,0.000,30,4,4,0,0,0,4
601,20.0,2606,359,42,162,2336,2,106,20,200.16,1.154,1.404,0.094,0.056,0.079,-0.781,1.633,0.3144,2.6030,0.775,0.136,0.018,0.082,0.096,66,111,38,0,1,0,95424.45,2310.848,35642.313,15.596,1048.447,8.180,18911.542,9775.031,31.383,14042.386,11233.909,1293.434,218.515,383.484,0.000112,0.000874,159,0,36,2,33,32,17812,0,2,7.750,30,2,2,0,0,0,2
631,21.0,2746,348,42,170,2484,2,90,26,203.71,1.159,1.407,0.095,0.056,0.078,-0.790,1.636,0.3159,2.6318,0.778,0.112,0.020,0.082,0.097,73,146,46,0,1,0,100957.20,2394.137,39395.512,9.038,1500.820,9.889,20209.189,10565.484,38.241,14594.790,11675.832,1480.006,515.313,538.748,0.000155,0.000970,204,0,45,1,44,43,19530,9,1,2.836,30,2,2,0,0,0,2
661,22.0,2887,355,42,172,2635,3,77,32,210.12,1.165,1.411,0.094,0.054,0.077,-0.796,1.637,0.3141,2.6339,0.800,0.116,0.019,0.082,0.097,70,171,38,0,4,0,105760.93,2612.117,39881.235,12.641,1392.454,10.435,21347.897,11009.307,53.281,15540.202,12432.162,1224.377,513.325,446.041,0.000149,0.001382,193,0,33,5,35,30,19485,0,5,7.951,54,9,9,0,0,0,9
691,23.0,3009,343,42,172,2766,3,68,39,213.15,1.169,1.418,0.096,0.052,0.076,-0.801,1.638,0.3172,2.6392,0.773,0.087,0.017,0.082,0.097,62,188,46,0,3,0,110738.62,2686.605,42403.508,14.767,1790.417,10.022,22613.837,11698.487,65.708,15838.333,12670.667,1626.535,369.375,585.584,0.000183,0.000801,238,0,40,6,46,40,20281,0,6,12.338,60,9,9,0,0,0,9
721,24.0,3210,306,42,180,2968,2,60,53,227.71,1.174,1.425,0.097,0.050,0.076,-0.807,1.638,0.3277,2.6404,0.777,0.072,0.017,0.083,0.099,65,161,35,0,9,0,115876.18,2780.130,44263.030,9.070,1877.898,9.235,24004.519,12334.470,80.325,17804.423,14243.539,1090.821,309.822,533.828,0.000160,0.000993,276,0,32,3,35,32,20010,0,3,7.915,60,6,6,0,0,0,6
751,25.0,3349,257,33,180,3111,2,56,78,220.98,1.179,1.430,0.098,0.050,0.075,-0.814,1.641,0.3247,2.6588,0.781,0.039,0.016,0.083,0.100,50,184,30,0,5,0,119790.42,2845.676,45018.511,4.716,1914.232,7.936,25541.235,13068.355,109.534,15818.541,12654.833,951.378,557.733,562.721,0.000124,0.000479,314,0,28,2,30,28,20294,2,2,3.325,60,10,10,0,0,0,10
781,26.0,3439,266,33,182,3207,2,48,84,230.43,1.183,1.434,0.099,0.052,0.076,-0.818,1.634,0.3189,2.6648,0.771,0.077,0.017,0.084,0.100,49,221,26,0,20,0,123257.34,2883.489,45977.038,4.044,1716.629,8.757,26636.357,13651.693,122.649,15893.740,12714.993,895.245,520.021,392.931,0.000206,-0.000026,284,0,25,1,26,25,21408,12,1,1.895,60,5,5,0,0,0,5
811,27.0,3527,268,33,184,3302,2,39,115,246.46,1.188,1.437,0.101,0.051,0.075,-0.823,1.633,0.3214,2.6607,0.781,0.049,0.017,0.084,0.099,58,231,32,0,12,0,125404.48,2995.480,45733.605,2.167,1847.203,7.034,27469.680,14005.229,162.776,16166.250,12933.000,908.094,323.822,481.258,0.000142,0.000582,297,0,30,2,32,30,21751,0,2,1.066,60,15,15,0,0,1,14
841,28.0,3658,262,33,187,3434,2,35,133,223.97,1.191,1.440,0.102,0.053,0.074,-0.826,1.632,0.3148,2.6579,0.781,0.048,0.016,0.084,0.100,65,207,37,0,15,0,128640.00,3128.115,49000.001,5.002,1780.870,8.738,28534.640,14515.059,200.460,17310.711,13848.569,1166.141,525.350,493.812,0.000196,0.002238,290,0,35,2,37,35,22562,6,2,4.140,60,14,9,0,0,0,9
871,29.0,3715,256,33,190,3493,2,30,165,240.90,1.193,1.440,0.104,0.053,0.074,-0.829,1.619,0.3213,2.6592,0.777,0.037,0.018,0.084,0.099,42,255,44,0,18,0,130648.37,3153.020,49192.207,14.027,2071.065,8.980,29318.560,14854.801,236.443,16503.611,13202.889,1439.359,568.388,632.619,0.000231,0.004066,345,0,37,7,44,37,23045,4,7,13.561,60,11,11,0,0,0,11
901,30.0,3751,246,30,199,3523,2,27,214,233.05,1.194,1.439,0.105,0.053,0.075,-0.834,1.612,0.3126,2.6654,0.758,0.020,0.016,0.084,0.099,58,294,29,0,33,0,132726.72,3193.371,49339.539,2.603,2278.268,7.847,29773.476,15028.290,300.807,17279.996,13823.997,897.499,460.673,540.420,0.000142,0.004638,378,0,28,1,29,28,22786,4,1,1.716,60,18,18,0,0,1,17
931,31.0,3771,234,30,201,3548,2,20,235,256.70,1.197,1.438,0.105,0.055,0.075,-0.836,1.622,0.3123,2.6623,0.752,0.020,0.017,0.084,0.099,57,282,42,0,29,0,134497.73,3289.815,50052.932,14.904,1798.237,9.540,30236.026,15298.993,361.380,16533.573,13226.858,1336.798,610.005,436.719,0.000243,0.005241,328,0,35,7,42,35,22617,6,7,13.068,60,8,8,0,0,0,8
961,32.0,3812,219,30,202,3590,2,18,265,253.15,1.200,1.439,0.105,0.055,0.075,-0.840,1.620,0.3168,2.6663,0.766,0.025,0.016,0.085,0.098,51,255,36,0,47,0,135826.95,3380.077,50078.270,4.573,2130.817,6.734,30634.198,15313.670,400.188,16862.724,13490.180,1299.272,491.756,622.078,0.000208,0.006197,429,0,33,3,36,33,21908,76,3,2.693,60,12,12,0,0,0,12
991,33.0,3841,214,30,208,3616,2,15,328,267.29,1.202,1.440,0.107,0.054,0.076,-0.843,1.619,0.3228,2.6564,0.765,0.024,0.016,0.085,0.099,47,251,48,0,30,0,135630.89,3435.220,49050.016,6.186,2273.831,7.057,30951.643,15464.672,453.200,15935.595,12748.476,1558.732,485.103,587.011,0.000204,0.006920,489,0,46,2,48,46,22261,89,2,2.952,60,14,14,0,0,2,12
1021,34.0,3847,202,30,216,3617,2,12,387,245.76,1.201,1.438,0.105,0.053,0.077,-0.847,1.619,0.3148,2.6626,0.752,0.028,0.018,0.085,0.099,56,261,30,0,49,0,135563.56,3531.427,48662.897,0.729,2086.571,6.732,31236.369,15575.660,558.492,15361.479,12289.183,1029.132,325.593,464.837,0.000247,0.008101,421,0,30,0,30,30,22180,61,0,0.000,60,9,9,0,0,0,9
1051,35.0,3832,183,30,224,3597,2,9,477,258.32,1.202,1.438,0.105,0.054,0.079,-0.848,1.618,0.3127,2.6733,0.748,0.022,0.017,0.086,0.098,49,246,21,0,65,0,135305.64,3588.022,47705.715,8.295,2374.317,6.801,31193.443,15343.869,677.771,13974.174,11179.339,741.007,316.188,492.851,0.000177,0.008356,512,0,17,4,21,17,21277,88,4,7.605,60,13,13,0,0,0,13
1081,36.0,3854,214,30,226,3619,2,7,562,267.61,1.204,1.437,0.106,0.052,0.079,-0.851,1.623,0.3122,2.6654,0.729,0.027,0.018,0.086,0.099,41,239,8,0,77,0,135553.78,3643.757,48562.336,3.328,2198.720,8.071,31263.920,15327.707,815.523,15501.680,12401.344,409.992,624.971,418.837,0.000182,0.008788,456,0,7,1,8,7,21096,71,1,3.118,60,16,8,0,0,0,8
1111,37.0,3813,173,30,225,3579,2,7,606,295.06,1.208,1.436,0.108,0.050,0.079,-0.853,1.623,0.3183,2.6580,0.764,0.022,0.018,0.086,0.098,34,221,10,0,104,0,133039.08,3646.377,45715.592,3.679,2402.087,5.567,31519.064,15333.333,931.333,13293.817,10635.054,644.292,363.545,430.018,0.000175,0.009163,541,0,8,2,10,8,20480,121,2,3.551,60,13,13,0,0,0,13
1141,38.0,3759,199,30,225,3526,2,6,702,309.95,1.212,1.435,0.108,0.050,0.079,-0.855,1.621,0.3179,2.6559,0.778,0.018,0.019,0.086,0.098,33,251,3,0,101,0,129384.45,3618.869,43721.573,0.049,2445.616,5.629,31216.012,15123.080,1030.416,13606.269,10885.016,304.669,170.867,428.815,0.000222,0.009225,535,0,3,0,3,3,20269,82,0,0.000,60,11,11,0,0,0,11
1171,39.0,3700,173,30,230,3462,3,5,784,333.42,1.214,1.429,0.106,0.049,0.081,-0.856,1.619,0.3157,2.6534,0.778,0.004,0.017,0.086,0.098,33,239,3,0,123,0,127710.13,3604.896,45482.233,0.038,2302.184,5.041,30862.940,14870.286,1184.786,13690.114,10952.092,445.100,233.052,427.301,0.000200,0.010218,484,0,3,0,3,3,19046,45,0,0.000,66,16,16,0,0,0,16
1201,40.0,3584,176,30,238,3341,3,2,810,326.89,1.215,1.423,0.106,0.050,0.083,-0.858,1.621,0.3134,2.6565,0.750,0.013,0.015,0.086,0.098,44,235,0,0,152,0,123714.58,3564.203,41837.260,0.000,2216.442,6.372,30296.723,14532.416,1285.280,12204.295,9763.436,302.485,161.163,378.096,0.000221,0.011348,457,0,0,0,0,0,17849,5,0,0.000,90,23,23,0,0,1,22
1231,41.0,3511,205,30,241,3266,3,1,855,329.34,1.214,1.422,0.106,0.051,0.085,-0.860,1.629,0.3212,2.6596,0.766,0.012,0.015,0.087,0.098,41,213,7,0,119,0,118513.88,3526.788,39764.618,1.537,1925.137,6.158,29423.652,14110.156,1349.440,11955.956,9564.765,755.445,152.916,310.836,0.000171,0.011338,409,0,6,1,7,6,18039,0,1,1.303,90,22,22,0,0,0,22
1261,42.0,3397,189,30,242,3151,3,1,905,341.70,1.213,1.421,0.105,0.050,0.087,-0.861,1.628,0.3182,2.6710,0.773,0.012,0.018,0.087,0.098,49,228,10,0,126,0,114070.01,3449.122,39396.261,0.379,2045.898,7.172,28711.462,13813.746,1443.288,11359.017,9087.214,430.240,252.423,366.671,0.000270,0.007821,422,0,10,0,10,10,17619,31,0,0.000,90,12,12,0,0,0,12
1291,43.0,3255,198,30,246,3005,3,1,972,317.55,1.211,1.418,0.105,0.049,0.090,-0.863,1.635,0.3188,2.6816,0.765,0.012,0.018,0.088,0.098,45,208,2,0,150,0,108354.28,3413.767,36394.433,0.050,2122.529,7.068,27682.881,13155.286,1537.663,9739.391,7791.513,614.835,244.061,341.372,0.000187,0.006232,504,0,2,0,2,2,16140,72,0,0.000,90,12,12,0,0,0,12
1321,44.0,3083,174,30,247,2832,3,1,957,312.43,1.208,1.414,0.105,0.050,0.092,-0.866,1.642,0.3172,2.6902,0.765,0.012,0.016,0.088,0.098,45,210,1,0,168,0,102409.95,3304.652,34150.649,0.015,1873.778,7.719,26359.396,12465.635,1585.642,9318.809,7455.047,597.153,195.862,332.189,0.000221,0.003660,538,0,1,0,1,1,14733,146,0,0.000,90,15,15,0,0,0,15
1351,45.0,2912,196,30,251,2658,3,0,919,337.85,1.202,1.406,0.105,0.049,0.096,-0.867,1.645,0.3143,2.6914,0.769,0.032,0.019,0.089,0.097,34,195,6,0,165,0,96289.72,3188.149,31598.502,0.862,1759.771,7.281,24806.375,11707.975,1549.088,8750.772,7000.617,604.727,198.102,291.329,0.000213,0.000983,413,0,5,1,6,5,13616,40,1,0.668,90,10,10,0,0,0,10
1381,46.0,2774,170,30,253,2518,3,0,873,359.83,1.198,1.403,0.106,0.050,0.100,-0.870,1.650,0.3239,2.7038,0.758,0.028,0.020,0.089,0.097,35,187,2,0,151,0,90751.25,3063.876,29970.243,0.871,1670.006,4.945,23473.485,10982.678,1480.637,9071.898,7257.518,313.010,254.492,254.776,0.000211,-0.000527,444,0,1,1,2,1,12280,78,1,0.868,90,26,26,0,0,24,2
1411,47.0,2634,189,30,255,2376,3,0,845,341.70,1.194,1.398,0.107,0.050,0.103,-0.870,1.654,0.3263,2.7310,0.749,0.020,0.018,0.090,0.096,38,158,4,0,135,0,84001.65,2873.249,26750.022,3.686,1636.111,6.512,22355.735,10433.167,1442.054,7088.837,5671.070,369.324,96.609,261.897,0.000127,-0.000581,385,0,2,2,4,2,11832,30,2,3.604,90,12,12,0,0,6,6
1441,48.0,2460,169,30,258,2199,3,0,795,380.35,1.190,1.387,0.108,0.046,0.108,-0.871,1.653,0.3224,2.7418,0.745,0.019,0.021,0.090,0.095,49,160,4,0,138,0,78130.50,2789.677,25346.303,0.169,1511.535,5.695,20987.802,9768.160,1372.907,5776.048,4620.838,317.555,174.476,231.192,0.000207,-0.000370,379,0,4,0,4,4,11414,50,0,0.000,90,31,31,0,0,23,8
1471,49.0,2268,216,30,258,2007,3,0,692,368.26,1.184,1.376,0.108,0.045,0.113,-0.873,1.666,0.3235,2.7378,0.772,0.012,0.019,0.090,0.094,36,170,12,0,147,0,71229.34,2701.984,22376.282,3.206,1468.789,6.361,19446.568,9073.274,1256.393,6147.804,4918.244,600.989,149.307,226.535,0.000185,-0.002000,321,0,9,3,12,9,10700,2,3,3.013,90,39,39,0,0,30,9
1501,50.0,2104,191,29,255,1846,3,0,620,370.49,1.177,1.368,0.110,0.046,0.118,-0.874,1.666,0.3297,2.7427,0.758,0.016,0.024,0.091,0.092,43,164,0,0,135,0,67123.28,2532.885,22641.745,0.000,1172.337,5.894,17825.277,8223.216,1094.830,6105.953,4884.762,503.659,257.103,155.412,0.000109,-0.002297,281,0,0,0,0,0,9204,5,0,0.000,90,23,23,0,0,14,9
1531,51.0,1978,189,29,254,1721,3,0,556,416.40,1.175,1.361,0.110,0.043,0.122,-0.874,1.668,0.3259,2.7410,0.776,0.004,0.024,0.091,0.092,37,129,0,0,103,0,62728.71,2370.650,19941.634,0.000,1213.286,6.649,16633.298,7569.712,977.076,4782.610,3826.088,219.386,188.947,161.910,0.000136,-0.002920,256,0,0,0,0,0,8742,2,0,0.000,90,5,5,0,0,0,5
1561,52.0,1840,202,29,250,1587,3,0,481,375.14,1.167,1.353,0.110,0.040,0.126,-0.875,1.676,0.3236,2.7599,0.801,0.016,0.028,0.091,0.092,47,154,0,0,86,0,57606.96,2297.390,17524.381,0.000,1051.489,5.835,15549.682,7105.440,859.552,4612.756,3690.204,197.892,158.783,149.628,0.000159,-0.004546,238,0,0,0,0,0,8150,5,0,0.000,90,8,8,0,0,0,8
1591,53.0,1694,210,29,247,1444,3,0,409,360.24,1.159,1.343,0.111,0.039,0.132,-0.875,1.678,0.3285,2.7582,0.793,0.004,0.028,0.091,0.091,37,153,1,0,76,0,53756.91,2158.689,16627.738,1.564,1047.618,6.355,14274.883,6508.855,725.964,3816.175,3052.940,116.318,106.771,142.015,0.000100,-0.004964,216,0,0,1,1,0,7490,4,1,1.564,90,9,9,0,0,1,8
1621,54.0,1591,186,29,242,1346,3,0,338,386.85,1.152,1.337,0.112,0.039,0.136,-0.875,1.681,0.3211,2.7712,0.793,0.008,0.031,0.092,0.090,35,126,4,0,72,0,50441.67,1986.048,16045.109,4.431,808.569,6.345,13312.381,6047.024,622.578,4462.206,3569.765,221.285,143.917,111.199,0.000149,-0.004651,183,0,1,3,4,1,7221,6,3,4.421,90,10,10,0,0,0,10
1651,55.0,1482,195,27,242,1238,2,0,272,387.43,1.142,1.329,0.112,0.039,0.144,-0.878,1.679,0.3231,2.7971,0.797,0.008,0.027,0.092,0.090,48,130,2,0,52,0,46693.80,1926.058,13715.303,1.664,783.853,7.458,12341.970,5638.285,497.255,3285.437,2628.350,79.705,80.360,96.238,0.000094,-0.005261,169,0,0,2,2,0,7037,1,2,1.664,61,7,7,0,0,0,7
1681,56.0,1375,205,27,241,1132,2,0,211,396.39,1.130,1.317,0.113,0.038,0.151,-0.879,1.681,0.3245,2.8022,0.809,0.012,0.026,0.093,0.089,44,125,1,0,41,0,43133.97,1862.704,12411.776,1.161,775.191,7.936,11400.924,5151.622,385.155,2678.778,2143.023,0.713,252.550,108.742,0.000158,-0.005811,181,0,0,1,1,0,6513,7,1,1.161,60,1,1,0,0,0,1
1711,57.0,1314,207,27,239,1073,2,0,188,389.40,1.122,1.310,0.113,0.038,0.155,-0.881,1.685,0.3288,2.8163,0.795,0.008,0.032,0.094,0.090,33,116,1,0,26,0,40663.58,1822.209,12443.972,0.654,575.172,7.465,10655.342,4756.612,323.206,3688.316,2950.653,162.159,31.465,70.776,0.000093,-0.006227,137,0,0,1,1,0,5976,2,0,0.000,60,4,4,0,0,0,4
1741,58.0,1230,206,27,240,988,2,0,152,382.06,1.110,1.294,0.114,0.038,0.164,-0.882,1.687,0.3249,2.8246,0.801,0.017,0.039,0.095,0.088,54,114,0,0,31,0,38585.95,1763.130,11832.719,0.000,712.079,7.933,10093.714,4503.535,274.617,2677.659,2142.127,-3.969,174.892,95.158,0.000092,-0.006340,151,0,0,0,0,0,5959,5,0,0.000,60,2,2,0,0,0,2
1771,59.0,1141,229,27,240,899,2,0,114,432.09,1.095,1.279,0.116,0.037,0.173,-0.880,1.691,0.3249,2.8440,0.805,0.013,0.042,0.095,0.086,44,110,0,0,32,0,36502.73,1776.071,10530.547,0.000,601.498,7.515,9223.937,4126.667,211.788,2353.197,1882.558,85.837,193.339,77.633,0.000086,-0.006647,128,0,0,0,0,0,5247,2,0,0.000,60,1,1,0,0,0,1
1801,60.0,1100,238,27,242,856,2,0,95,450.87,1.084,1.268,0.118,0.036,0.179,-0.882,1.692,0.3239,2.8567,0.780,0.012,0.041,0.096,0.083,59,95,0,0,14,0,34960.16,1725.166,10317.423,0.000,704.612,7.113,8676.079,3850.085,169.795,3016.278,2413.023,29.689,147.944,108.309,0.000104,-0.007510,146,0,0,0,0,0,4651,11,0,0.000,60,0,0,0,0,0,0
1831,61.0,1067,251,27,248,817,2,0,70,436.58,1.074,1.255,0.120,0.035,0.186,-0.881,1.696,0.3239,2.8690,0.798,0.004,0.046,0.096,0.081,53,89,0,0,16,0,34233.02,1770.312,10652.322,0.000,539.752,7.605,8338.930,3659.029,131.110,3150.526,2520.421,-17.175,330.841,76.932,0.000135,-0.008832,117,0,0,0,0,0,4410,8,0,0.000,60,2,2,0,0,0,2
1861,62.0,1048,241,27,251,795,2,0,67,420.21,1.067,1.246,0.121,0.032,0.191,-0.880,1.701,0.3102,2.8874,0.799,0.004,0.053,0.097,0.080,58,73,0,0,9,0,34365.09,1848.947,10927.441,0.000,485.668,9.225,8058.946,3519.302,109.913,2751.198,2200.959,-10.082,345.419,70.584,0.000091,-0.008492,109,0,0,0,0,0,4361,6,0,0.000,60,2,2,0,0,0,2
1891,63.0,1017,299,27,257,758,2,0,63,436.04,1.056,1.232,0.123,0.033,0.199,-0.883,1.712,0.3206,2.9067,0.766,0.008,0.045,0.098,0.079,58,98,0,0,5,0,33780.30,1892.114,9795.558,0.000,443.865,7.376,7776.364,3389.064,102.437,3114.620,2491.696,-9.941,325.146,66.464,0.000125,-0.009562,111,0,0,0,0,0,4387,18,0,0.000,60,0,0,0,0,0,0
1921,64.0,1020,294,27,257,761,2,0,50,449.69,1.056,1.235,0.121,0.033,0.199,-0.884,1.714,0.3226,2.9334,0.778,0.019,0.045,0.098,0.080,71,71,0,0,8,0,35128.23,1965.132,11649.088,0.000,514.024,8.063,7657.235,3354.423,83.262,3672.539,2938.031,-17.995,396.563,58.299,0.000122,-0.008674,90,0,0,0,0,0,4432,0,0,0.000,60,14,0,0,0,0,0
1951,65.0,1056,293,27,257,798,1,0,50,440.05,1.062,1.247,0.120,0.034,0.193,-0.886,1.717,0.3170,2.9112,0.765,0.019,0.043,0.097,0.081,69,58,2,0,3,0,37193.68,1995.836,12618.188,1.865,516.067,7.813,7827.660,3452.103,72.671,4409.459,3527.567,31.063,187.927,97.118,0.000104,-0.007983,108,0,0,2,2,0,4852,18,1,0.424,43,15,2,0,0,0,2
1981,66.0,1103,361,27,268,834,1,0,47,402.32,1.057,1.252,0.121,0.033,0.193,-0.889,1.725,0.3164,2.9221,0.748,0.026,0.044,0.096,0.081,76,54,3,0,7,0,38869.59,2122.740,12829.570,0.073,677.023,6.923,8168.003,3729.207,71.284,4727.107,3781.686,84.456,128.615,149.487,0.000078,-0.007815,164,0,3,0,3,3,5489,56,0,0.000,30,4,4,0,0,0,4
2011,67.0,1183,329,27,282,900,1,0,43,371.86,1.060,1.259,0.121,0.031,0.190,-0.890,1.731,0.3173,2.9464,0.724,0.011,0.046,0.096,0.079,71,73,2,0,4,0,42890.44,2282.511,16113.324,2.035,680.128,7.448,8607.474,3950.738,65.368,6864.803,5491.842,78.475,210.735,91.273,0.000150,-0.008090,121,0,1,1,2,1,5721,7,1,2.002,30,2,2,0,0,0,2
2041,68.0,1269,375,27,295,973,1,0,46,336.32,1.063,1.267,0.122,0.031,0.187,-0.890,1.730,0.3140,2.9458,0.717,0.014,0.047,0.095,0.078,86,57,0,0,6,0,46291.24,2496.456,16116.738,0.000,828.411,8.060,9171.637,4228.020,63.983,6408.158,5126.527,17.715,348.635,100.773,0.000162,-0.009722,130,0,0,0,0,0,5952,6,0,0.000,30,2,2,0,0,0,2
2071,69.0,1390,412,27,310,1079,1,0,47,314.11,1.069,1.282,0.122,0.036,0.181,-0.891,1.731,0.3215,2.9671,0.698,0.026,0.042,0.095,0.080,90,44,4,0,6,0,49715.91,2685.621,18138.362,0.078,998.561,8.328,9980.541,4631.708,66.560,7625.223,6100.179,272.725,769.401,153.410,0.000092,-0.009795,169,0,4,0,4,4,6231,16,0,0.000,30,0,0,0,0,0,0
2101,70.0,1497,373,25,317,1179,1,0,48,292.36,1.081,1.296,0.122,0.035,0.174,-0.892,1.735,0.3252,2.9729,0.709,0.019,0.039,0.096,0.082,85,65,14,0,3,0,54120.14,2907.039,20883.683,0.219,1238.976,11.431,10919.332,5152.698,70.936,8450.241,6760.193,713.571,538.827,301.303,0.000122,-0.009317,264,0,14,0,14,14,6339,83,0,0.000,30,4,4,0,0,0,4
2131,71.0,1591,380,25,324,1266,1,0,43,282.55,1.091,1.308,0.121,0.035,0.169,-0.893,1.733,0.3200,2.9847,0.703,0.022,0.040,0.096,0.083,75,75,22,0,4,0,57650.01,3189.783,21241.147,10.839,1286.781,11.353,11763.788,5646.750,65.662,8604.351,6883.481,888.452,601.826,224.550,0.000131,-0.011099,186,0,18,4,22,18,6599,2,4,10.647,30,4,4,0,0,0,4
2161,72.0,1733,335,25,339,1393,1,0,47,242.71,1.101,1.319,0.121,0.033,0.164,-0.893,1.735,0.3234,2.9930,0.711,0.024,0.040,0.097,0.082,73,88,5,0,3,0,63926.65,3440.781,24856.139,0.060,1665.501,10.891,12757.792,6195.639,70.861,10445.756,8356.605,217.147,430.641,259.108,0.000215,-0.012237,280,0,5,0,5,5,6806,18,0,0.000,30,2,2,0,0,1,1
2191,73.0,1896,349,25,352,1544,0,0,50,254.74,1.110,1.331,0.121,0.034,0.158,-0.896,1.739,0.3290,2.9856,0.698,0.026,0.034,0.096,0.083,102,73,8,0,4,0,69465.09,3796.482,25968.739,0.321,1755.020,10.756,14006.468,6818.989,70.168,10956.127,8764.902,309.987,540.307,289.957,0.000183,-0.013486,320,0,8,0,8,8,7618,63,0,0.000,1,0,0,0,0,0,0
2221,74.0,2039,328,25,367,1672,0,0,56,254.62,1.116,1.341,0.124,0.034,0.156,-0.897,1.748,0.3281,2.9776,0.714,0.025,0.032,0.096,0.082,90,115,7,0,4,0,76993.98,4176.540,29637.427,5.694,2035.901,10.809,15280.866,7484.297,78.570,11890.417,9512.334,174.254,601.036,293.653,0.000201,-0.014876,387,0,5,2,7,5,8085,77,2,5.533,0,0,0,0,0,0,0
2251,75.0,2246,372,26,389,1857,0,0,65,259.49,1.120,1.352,0.125,0.034,0.151,-0.898,1.750,0.3293,2.9938,0.701,0.023,0.032,0.096,0.083,75,82,11,0,4,0,82876.88,4483.611,30709.001,0.281,2073.637,10.426,16786.716,8278.211,93.019,13347.446,10677.957,350.566,835.690,296.306,0.000130,-0.014286,375,0,11,0,11,11,8730,64,0,0.000,0,0,0,0,0,0,0
2281,76.0,2437,333,26,404,2033,0,0,66,262.23,1.128,1.362,0.126,0.035,0.147,-0.899,1.753,0.3349,3.0009,0.670,0.030,0.028,0.096,0.084,78,110,22,0,6,0,89288.51,4846.766,34078.222,13.867,2637.767,9.167,18384.677,9105.342,102.240,14493.053,11594.442,693.087,945.982,397.295,0.000206,-0.014877,463,0,16,6,22,16,9163,68,6,13.694,0,0,0,0,0,0,0
2311,77.0,2614,278,26,416,2198,0,0,80,228.30,1.135,1.372,0.125,0.035,0.144,-0.900,1.754,0.3360,3.0128,0.676,0.026,0.026,0.096,0.085,98,120,17,0,9,0,95607.12,5196.601,35779.804,7.356,2905.986,9.386,19900.232,9981.015,108.798,14366.360,11493.088,483.444,864.760,453.633,0.000109,-0.014848,544,0,13,4,17,13,9977,128,3,6.441,0,0,0,0,0,0,0
2341,78.0,2787,269,26,427,2360,0,0,100,284.65,1.141,1.382,0.124,0.037,0.141,-0.901,1.759,0.3376,3.0091,0.655,0.023,0.024,0.097,0.085,70,129,9,0,7,0,100913.16,5471.229,36101.883,12.678,3272.263,9.733,21388.958,10653.905,136.969,14102.505,11282.004,227.472,662.510,389.430,0.000270,-0.014435,572,0,3,6,9,3,10263,88,6,12.542,0,0,0,0,0,0,0
2371,79.0,2976,270,26,449,2527,0,0,110,220.35,1.146,1.386,0.125,0.037,0.139,-0.902,1.765,0.3347,2.9970,0.640,0.018,0.023,0.097,0.085,77,141,6,0,15,0,107027.36,5788.061,39349.741,16.066,3637.658,8.881,22954.650,11469.148,162.805,15499.366,12399.493,286.947,636.514,429.734,0.000161,-0.014372,659,0,2,4,6,2,10733,64,4,16.005,0,0,0,0,0,0,0
2401,80.0,3126,282,27,457,2669,0,0,144,226.46,1.154,1.395,0.126,0.038,0.136,-0.904,1.767,0.3348,3.0008,0.639,0.013,0.022,0.096,0.085,82,201,23,0,13,0,113442.49,5996.871,42817.412,15.781,3479.335,11.063,24444.285,12190.651,201.846,17347.643,13878.115,808.528,827.789,472.300,0.000196,-0.014404,669,0,16,7,23,16,11251,74,7,15.429,0,0,0,0,0,0,0
2431,81.0,3284,240,27,456,2828,0,0,171,243.97,1.163,1.406,0.127,0.037,0.132,-0.904,1.769,0.3387,2.9958,0.641,0.024,0.024,0.096,0.086,59,163,31,0,18,0,119383.40,6373.353,44824.288,19.882,4010.584,9.618,25898.906,13037.743,253.978,16712.631,13370.105,1183.046,1003.992,556.428,0.000156,-0.014644,749,0,21,10,31,21,12073,75,10,19.651,0,0,0,0,0,0,0
2461,82.0,3429,239,27,480,2949,0,0,219,213.07,1.165,1.404,0.125,0.036,0.133,-0.906,1.767,0.3359,2.9900,0.629,0.015,0.022,0.097,0.086,72,189,39,0,13,0,123335.38,6724.031,44446.982,5.599,4099.652,8.656,27173.612,13838.568,314.833,17178.756,13743.005,1158.219,731.194,572.447,0.000207,-0.016121,762,0,35,4,39,35,12374,79,4,5.174,0,0,0,0,0,0,0
2491,83.0,3585,204,27,495,3090,0,0,261,245.62,1.170,1.407,0.124,0.036,0.132,-0.906,1.772,0.3414,3.0036,0.642,0.018,0.025,0.097,0.087,72,181,42,0,37,0,128937.21,7202.937,47627.727,6.755,4643.360,11.223,28425.374,14397.705,385.314,18712.875,14970.301,1298.825,348.963,636.836,0.000214,-0.018222,833,0,37,5,42,37,12726,67,5,6.404,0,0,0,0,0,0,0
2521,84.0,3758,225,27,513,3245,0,0,359,252.43,1.175,1.409,0.125,0.037,0.130,-0.907,1.776,0.3391,3.0012,0.643,0.012,0.022,0.097,0.086,73,199,22,0,34,0,134292.58,7660.192,49125.948,1.328,4795.327,10.827,30032.674,15158.180,503.552,19306.012,15444.810,898.254,426.413,551.826,0.000188,-0.018796,846,0,21,1,22,21,13146,31,1,1.069,0,0,0,0,0,0,0
2551,85.0,3907,176,27,527,3380,0,0,441,258.74,1.179,1.413,0.127,0.037,0.130,-0.907,1.775,0.3396,2.9999,0.648,0.008,0.020,0.097,0.086,82,206,23,0,58,0,138993.19,8134.172,50375.003,12.140,5398.802,14.064,31303.167,15903.947,656.772,19616.346,15693.077,985.242,442.628,605.677,0.000219,-0.019031,1033,0,17,6,23,17,13848,92,6,11.847,0,0,0,0,0,0,0
2581,86.0,4055,197,27,543,3512,0,0,571,276.22,1.182,1.414,0.127,0.038,0.129,-0.908,1.784,0.3372,2.9889,0.644,0.009,0.021,0.097,0.086,59,190,20,0,60,0,142371.34,8530.561,51028.105,8.140,5716.394,14.816,32808.800,16588.589,846.739,18868.478,15094.782,997.970,518.953,653.901,0.000350,-0.021748,1024,0,15,5,20,15,14191,11,5,7.686,0,0,0,0,0,0,0
2611,87.0,4120,209,27,551,3569,0,0,744,234.43,1.184,1.412,0.127,0.038,0.130,-0.909,1.791,0.3383,2.9805,0.642,0.005,0.021,0.097,0.087,76,225,42,0,76,0,145444.19,8785.268,52714.836,29.034,5617.981,12.966,33849.084,17056.388,1138.672,18385.460,14708.368,1456.406,563.405,715.241,0.000206,-0.022096,1099,0,26,16,42,26,14017,53,16,28.673,0,0,0,0,0,0,0
2641,88.0,4211,195,27,561,3650,0,0,914,301.74,1.188,1.413,0.126,0.036,0.130,-0.910,1.795,0.3372,2.9751,0.648,0.007,0.021,0.097,0.087,66,206,29,0,108,0,148767.47,9213.760,54805.386,6.262,6032.767,10.047,34509.348,17502.465,1431.024,19774.301,15819.441,1879.331,669.887,755.219,0.000349,-0.021178,1171,0,26,3,29,26,14606,69,3,6.205,0,0,0,0,0,0,0
2671,89.0,4279,158,27,581,3698,0,0,1144,286.44,1.187,1.412,0.124,0.035,0.132,-0.910,1.794,0.3398,2.9845,0.649,0.010,0.022,0.097,0.088,60,214,19,0,127,0,151290.28,9624.574,54399.922,0.047,6491.880,8.981,35247.882,17856.256,1796.462,19282.676,15426.141,1309.220,731.027,704.349,0.000297,-0.018768,1232,0,19,0,19,19,14942,33,0,0.000,0,0,0,0,0,0,0
2701,90.0,4309,140,28,590,3719,0,0,1316,279.41,1.188,1.411,0.124,0.035,0.133,-0.911,1.792,0.3437,2.9724,0.652,0.012,0.022,0.097,0.089,62,178,24,0,171,0,152983.27,10056.002,54170.613,9.360,6410.839,11.217,35762.117,18107.263,2154.010,18225.453,14580.363,1503.253,686.000,685.256,0.000240,-0.018014,1238,0,17,7,24,17,15318,14,7,9.312,0,0,0,0,0,0,0
2731,91.0,4353,193,28,606,3747,0,0,1548,286.68,1.188,1.408,0.124,0.036,0.135,-0.912,1.792,0.3433,2.9726,0.636,0.017,0.022,0.098,0.088,54,179,6,0,182,0,153660.19,10234.057,53014.115,1.611,6480.389,8.055,36039.583,18072.304,2520.221,18592.711,14874.169,1089.843,496.209,636.166,0.000215,-0.020182,1200,0,4,2,6,4,15505,19,2,1.594,0,0,0,0,0,0,0
2761,92.0,4389,200,28,626,3763,0,0,1807,302.14,1.187,1.405,0.125,0.037,0.137,-0.913,1.791,0.3416,2.9659,0.619,0.014,0.021,0.098,0.087,60,164,31,0,198,0,152812.16,10141.168,54161.279,13.332,6792.708,10.872,36562.168,18242.602,2968.217,19350.749,15480.600,2232.520,524.803,763.339,0.000165,-0.020256,1348,0,27,4,31,27,15137,49,4,13.172,0,0,0,0,0,0,0
2791,93.0,4417,169,28,646,3771,0,0,2039,270.55,1.185,1.401,0.125,0.036,0.140,-0.914,1.788,0.3386,2.9675,0.621,0.011,0.020,0.098,0.087,75,143,15,0,240,0,152668.55,10310.150,54644.378,0.770,6803.756,11.352,36746.104,18194.901,3380.690,19292.045,15433.637,1482.448,703.716,732.642,0.000198,-0.019917,1421,0,13,2,15,13,14653,83,2,0.683,0,0,0,0,0,0,0
2821,94.0,4424,155,28,662,3762,0,0,2168,292.67,1.183,1.396,0.125,0.035,0.142,-0.915,1.790,0.3408,2.9643,0.622,0.011,0.021,0.098,0.086,76,110,14,0,290,0,151961.55,10629.934,54468.776,1.816,7191.276,9.731,36957.190,18372.935,3723.848,19123.654,15298.924,1533.388,566.021,829.418,0.000196,-0.020014,1553,0,13,1,14,13,14487,139,1,1.640,0,0,0,0,0,0,0
2851,95.0,4327,145,29,651,3676,0,0,2216,294.92,1.185,1.394,0.125,0.036,0.142,-0.916,1.795,0.3420,2.9373,0.639,0.008,0.021,0.099,0.087,62,124,45,0,322,0,148596.50,10613.079,52291.824,36.690,6672.570,11.223,36447.449,17931.950,3892.581,18041.914,14433.531,3079.357,569.823,777.102,0.000216,-0.020359,1475,0,25,20,45,25,13824,99,20,36.408,0,0,0,0,0,0,0
2881,96.0,4266,149,29,655,3611,0,0,2320,295.86,1.184,1.389,0.125,0.036,0.145,-0.917,1.791,0.3393,2.9359,0.634,0.009,0.022,0.099,0.087,58,115,20,0,275,0,148079.80,10398.038,52290.445,8.083,6583.700,9.642,36075.370,17520.137,4020.982,16011.553,12809.243,1340.869,378.995,674.592,0.000150,-0.021019,1394,0,15,5,20,15,13776,69,5,7.964,0,0,0,0,0,0,0
2911,97.0,4228,164,29,663,3565,0,0,2350,301.52,1.185,1.386,0.126,0.035,0.147,-0.918,1.793,0.3347,2.9224,0.636,0.014,0.020,0.099,0.087,55,93,22,0,274,0,145766.73,10287.986,50531.913,7.844,6531.110,9.956,35611.726,17299.689,4118.055,16102.801,12882.241,1607.252,614.419,669.110,0.000157,-0.020783,1496,0,17,5,22,17,13673,92,5,7.722,0,0,0,0,0,0,0
2941,98.0,4214,135,29,675,3539,0,0,2350,270.77,1.185,1.383,0.127,0.035,0.149,-0.919,1.792,0.3391,2.9229,0.632,0.015,0.017,0.099,0.087,86,91,1,0,307,0,142278.23,10138.852,48981.999,0.010,6383.009,12.485,35521.196,17043.426,4112.003,17547.028,14037.623,1457.104,366.741,599.493,0.000267,-0.023753,1411,0,1,0,1,1,13139,99,0,0.000,0,0,0,0,0,0,0
2971,99.0,4066,158,29,672,3394,0,0,2271,296.57,1.182,1.377,0.128,0.037,0.152,-0.920,1.794,0.3397,2.9091,0.631,0.012,0.016,0.100,0.086,77,109,19,0,337,0,136527.56,10055.000,45426.270,2.135,6147.601,10.284,34825.431,16466.022,4063.982,14602.459,11681.968,2073.759,260.964,623.414,0.000135,-0.023805,1288,0,15,4,19,15,12528,22,4,1.926,0,0,0,0,0,0,0
3001,100.0,3974,170,30,680,3294,0,0,2206,340.00,1.179,1.371,0.126,0.038,0.156,-0.921,1.797,0.3383,2.8980,0.633,0.012,0.016,0.100,0.086,56,108,7,0,291,0,132488.47,9729.017,45371.761,0.567,6112.753,11.140,33774.668,15872.738,3900.376,14454.458,11563.567,1798.967,358.492,544.306,0.000204,-0.023915,1316,0,6,1,7,6,12321,54,1,0.536,0,0,0,0,0,0,0
3031,101.0,3877,147,30,680,3197,0,0,2083,313.28,1.176,1.366,0.126,0.039,0.159,-0.923,1.797,0.3365,2.9039,0.627,0.007,0.015,0.100,0.086,58,101,0,0,287,0,129620.81,9524.645,44120.564,0.000,6335.738,10.866,32963.185,15316.441,3760.735,13398.158,10718.526,956.143,272.738,563.997,0.000326,-0.022827,1379,0,0,0,0,0,11650,88,0,0.000,0,0,0,0,0,0,0
3061,102.0,3770,150,30,682,3088,0,0,2017,279.86,1.173,1.360,0.123,0.040,0.163,-0.923,1.798,0.3370,2.8873,0.657,0.006,0.015,0.101,0.085,62,122,10,1,263,0,125419.24,9558.079,41344.146,4.438,5675.079,10.138,32085.412,14907.152,3610.467,13287.834,10630.267,1157.018,164.379,526.239,0.000259,-0.024930,1288,0,7,3,10,7,11216,67,3,4.075,0,0,0,0,0,0,0
3091,103.0,3685,132,30,686,2999,0,0,1956,316.79,1.170,1.353,0.124,0.040,0.167,-0.925,1.796,0.3354,2.8748,0.667,0.006,0.016,0.101,0.084,58,95,0,1,262,0,120241.99,9472.521,38845.199,0.000,5834.696,7.161,31246.126,14392.906,3454.595,12581.008,10064.807,1211.050,170.119,503.969,0.000260,-0.026940,1301,0,0,0,0,0,10685,48,0,0.000,0,0,0,0,0,0,0
3121,104.0,3540,139,30,686,2854,0,0,1870,327.52,1.166,1.343,0.123,0.040,0.173,-0.926,1.799,0.3332,2.8712,0.658,0.006,0.019,0.101,0.084,74,116,0,2,265,0,115466.27,9091.334,37243.920,0.000,5845.058,9.023,30214.069,13872.112,3342.861,10997.187,8797.750,711.166,302.178,469.145,0.000240,-0.030342,1279,0,0,0,0,0,9924,29,0,0.000,0,0,0,0,0,0,0
3151,105.0,3387,126,29,695,2692,0,0,1729,317.79,1.157,1.329,0.124,0.038,0.180,-0.927,1.803,0.3325,2.8669,0.656,0.006,0.019,0.101,0.083,57,109,0,2,267,0,110641.76,8721.049,35208.500,0.000,5032.506,9.188,28903.854,13142.988,3171.422,10204.027,8163.222,726.299,334.003,434.690,0.000243,-0.034641,1152,0,0,0,0,0,9124,47,0,0.000,0,0,0,0,0,0,0
3181,106.0,3245,153,29,708,2537,0,0,1615,305.76,1.146,1.313,0.124,0.039,0.189,-0.927,1.807,0.3299,2.8408,0.652,0.007,0.019,0.101,0.083,55,98,0,0,251,0,104321.41,8591.596,31689.700,0.000,5073.498,8.632,27577.123,12434.669,2926.967,9440.236,7552.189,953.407,418.056,403.373,0.000175,-0.036547,1137,0,0,0,0,0,8763,35,0,0.000,0,0,0,0,0,0,0
3211,107.0,3108,151,29,716,2392,0,0,1455,344.08,1.136,1.299,0.126,0.039,0.197,-0.928,1.802,0.3320,2.8409,0.652,0.004,0.019,0.102,0.082,67,120,0,1,214,0,97875.17,8258.948,29155.585,0.000,4945.065,8.627,26122.603,11556.783,2630.470,9105.497,7284.398,841.355,502.620,385.840,0.000194,-0.038024,1101,0,0,0,0,0,8213,18,0,0.000,0,0,0,0,0,0,0
3241,108.0,2951,144,29,711,2240,0,0,1330,390.33,1.128,1.288,0.126,0.042,0.204,-0.929,1.803,0.3324,2.8332,0.665,0.008,0.021,0.102,0.080,51,90,0,0,216,0,92996.26,8029.032,28168.230,0.000,4529.229,10.151,24800.433,10818.057,2407.665,6908.192,5526.554,759.729,538.806,369.847,0.000196,-0.038293,1089,0,0,0,0,0,7332,31,0,0.000,0,0,0,0,0,0,0
3271,109.0,2827,128,29,718,2109,0,0,1233,359.66,1.117,1.271,0.128,0.045,0.213,-0.931,1.806,0.3309,2.8275,0.663,0.006,0.019,0.103,0.078,74,134,0,1,180,0,88597.55,7799.255,26265.205,0.000,4430.607,10.043,23475.380,10053.022,2190.436,8674.102,6939.282,477.080,189.853,342.573,0.000161,-0.038819,1017,0,0,0,0,0,6991,51,0,0.000,0,0,0,0,0,0,0
3301,110.0,2700,133,29,717,1983,0,0,1133,406.02,1.107,1.257,0.129,0.049,0.221,-0.932,1.808,0.3303,2.8204,0.658,0.006,0.021,0.103,0.078,67,118,0,1,169,0,83505.17,7472.080,23873.453,0.000,4134.937,9.186,22324.125,9487.531,1980.984,7387.535,5910.028,636.775,246.416,284.581,0.000134,-0.038319,950,0,0,0,0,0,6692,41,0,0.000,0,0,0,0,0,0,0
3331,111.0,2559,131,29,718,1841,0,0,1032,369.70,1.093,1.239,0.131,0.051,0.231,-0.934,1.810,0.3326,2.8006,0.670,0.003,0.020,0.103,0.076,57,110,0,1,163,0,77760.07,7080.373,21250.569,0.000,3432.142,10.261,21146.149,8844.832,1807.154,6001.148,4800.918,471.682,354.483,251.511,0.000224,-0.035358,815,0,0,0,0,0,6455,38,0,0.000,0,0,0,0,0,0,0
3361,112.0,2408,125,29,714,1694,0,0,957,404.08,1.078,1.222,0.134,0.048,0.242,-0.935,1.815,0.3322,2.7805,0.666,0.004,0.025,0.104,0.074,65,127,2,3,144,0,72024.84,6713.511,19417.673,0.001,3521.641,8.412,19843.355,8139.457,1658.323,5725.137,4580.110,536.661,272.432,271.166,0.000191,-0.035528,820,0,2,0,2,2,6115,50,0,0.000,0,0,0,0,0,0,0
3391,113.0,2275,124,29,707,1568,0,0,865,439.77,1.066,1.207,0.136,0.048,0.252,-0.936,1.822,0.3335,2.7497,0.682,0.003,0.023,0.104,0.074,54,105,2,3,132,0,67148.97,6429.233,17973.443,1.594,3356.248,9.032,18518.042,7412.608,1497.186,5002.689,4002.151,379.695,203.928,268.141,0.000115,-0.034831,818,0,1,1,2,1,5576,53,1,1.593,0,0,0,0,0,0,0
3421,114.0,2127,123,29,706,1421,0,0,737,419.61,1.046,1.182,0.139,0.046,0.266,-0.936,1.826,0.3326,2.7455,0.685,0.006,0.027,0.105,0.073,69,121,1,2,119,0,62292.29,6204.824,16068.040,0.501,2821.480,10.389,17260.388,6794.709,1288.945,4364.668,3491.735,498.860,180.933,233.275,0.000170,-0.034447,683,0,0,1,1,0,5186,58,1,0.501,0,0,0,0,0,0,0
3451,115.0,2001,112,30,699,1302,0,0,632,420.03,1.029,1.163,0.140,0.046,0.278,-0.938,1.829,0.3315,2.7185,0.691,0.001,0.028,0.106,0.072,70,103,3,0,108,0,58639.34,6040.186,15296.059,4.370,2591.741,9.670,15950.823,6147.729,1091.179,4008.367,3206.693,484.586,275.301,242.274,0.000140,-0.034746,661,0,1,2,3,1,4953,117,2,4.363,0,0,0,0,0,0,0
3481,116.0,1880,132,30,695,1185,0,0,529,455.95,1.010,1.138,0.143,0.043,0.292,-0.938,1.834,0.3329,2.7025,0.676,0.004,0.027,0.107,0.071,88,107,10,2,104,0,54892.99,5786.096,13564.517,15.610,2488.146,11.520,14749.346,5560.040,913.230,4556.963,3645.570,644.410,102.760,231.396,0.000142,-0.036417,595,0,3,7,10,3,4715,101,7,15.586,0,0,0,0,0,0,0
3511,117.0,1793,131,30,702,1091,0,0,459,418.04,0.991,1.112,0.144,0.040,0.307,-0.939,1.836,0.3335,2.6670,0.695,0.007,0.030,0.108,0.069,70,112,1,1,57,0,52871.73,5768.919,13345.563,0.013,2597.165,9.073,13736.854,5094.806,767.908,3707.930,2966.344,252.160,332.410,210.032,0.000114,-0.035896,619,0,1,0,1,1,4669,104,0,0.000,0,0,0,0,0,0,0
3541,118.0,1724,114,30,708,1016,0,0,397,431.89,0.976,1.092,0.146,0.039,0.320,-0.939,1.839,0.3299,2.6131,0.695,0.007,0.029,0.108,0.068,82,102,6,0,48,0,50274.39,5664.158,11689.954,0.511,2150.196,11.352,13026.303,4747.707,671.678,3898.746,3118.997,214.543,302.813,209.169,0.000112,-0.034799,570,0,5,1,6,5,4608,122,1,0.479,0,0,0,0,0,0,0
3571,119.0,1679,138,30,716,963,0,0,349,452.74,0.959,1.074,0.146,0.037,0.331,-0.939,1.843,0.3335,2.6308,0.689,0.013,0.029,0.109,0.067,91,97,2,2,38,0,48618.97,5686.946,11411.904,0.006,2219.515,11.195,12403.593,4404.612,573.189,4114.721,3291.777,100.819,250.914,198.205,0.000111,-0.034739,560,0,2,0,2,2,4451,137,0,0.000,0,0,0,0,0,0,0
3601,120.0,1652,136,28,729,923,0,0,309,426.04,0.945,1.059,0.146,0.039,0.342,-0.939,1.847,0.3332,2.6394,0.688,0.011,0.035,0.110,0.065,86,85,0,0,34,0,48769.39,5754.098,12119.600,0.000,2278.178,13.142,11900.731,4114.220,492.163,4076.559,3261.247,44.966,140.542,215.345,0.000101,-0.034574,539,0,0,0,0,0,4400,128,0,0.000,0,0,0,0,0,0,0
3631,121.0,1639,124,28,746,893,0,0,282,443.89,0.931,1.044,0.145,0.038,0.352,-0.941,1.849,0.3346,2.5994,0.681,0.011,0.034,0.111,0.064,110,77,0,1,31,0,49109.25,5859.291,11898.270,0.000,2039.952,15.776,11640.485,3954.569,445.485,4177.684,3342.147,72.253,307.824,161.554,0.000104,-0.034315,478,0,0,0,0,0,4508,108,0,0.000,0,0,0,0,0,0,0
3661,122.0,1626,144,28,763,863,0,0,248,420.86,0.918,1.029,0.147,0.040,0.363,-0.941,1.853,0.3361,2.5743,0.681,0.012,0.038,0.111,0.065,94,94,0,0,20,0,50002.80,6071.787,11919.908,0.000,2285.645,12.590,11420.413,3844.001,396.047,4389.829,3511.864,35.570,316.557,207.589,0.000126,-0.033303,531,0,0,0,0,0,4330,154,0,0.000,0,0,0,0,0,0,0
3691,123.0,1653,144,28,781,872,0,0,221,451.89,0.913,1.027,0.147,0.042,0.366,-0.942,1.856,0.3330,2.6152,0.666,0.014,0.039,0.112,0.064,111,71,0,0,18,0,52043.57,6280.617,12609.933,0.000,2288.218,16.580,11379.668,3781.903,354.814,4962.040,3969.632,81.142,84.644,175.199,0.000142,-0.032689,529,0,0,0,0,0,4333,138,0,0.000,0,0,0,0,0,0,0
3721,124.0,1687,147,28,799,888,0,0,209,466.24,0.912,1.028,0.146,0.041,0.367,-0.941,1.859,0.3341,2.6491,0.660,0.015,0.032,0.112,0.065,113,70,0,1,18,0,53933.48,6510.677,12844.059,0.000,2602.251,15.844,11593.316,3921.530,315.848,5406.235,4324.988,104.127,250.966,197.786,0.000096,-0.032302,544,0,0,0,0,0,4427,117,0,0.000,0,0,0,0,0,0,0
3751,125.0,1741,128,25,826,915,0,0,198,434.64,0.913,1.029,0.146,0.042,0.368,-0.941,1.858,0.3349,2.6382,0.646,0.016,0.037,0.112,0.065,118,68,0,0,6,0,56922.84,6882.911,14079.634,0.000,2672.380,15.866,11915.500,4026.406,300.407,5597.256,4477.805,38.821,354.757,217.842,0.000105,-0.032665,568,0,0,0,0,0,4407,123,0,0.000,0,0,0,0,0,0,0
3781,126.0,1823,152,25,856,967,0,0,187,378.85,0.917,1.037,0.146,0.042,0.365,-0.941,1.859,0.3372,2.6509,0.653,0.019,0.038,0.112,0.065,135,64,0,0,12,0,59933.50,7317.252,14733.144,0.000,3068.772,17.891,12472.625,4240.632,282.069,6866.306,5493.045,59.035,337.053,275.068,0.000160,-0.032787,655,0,0,0,0,0,4446,168,0,0.000,0,0,0,0,0,0,0
3811,127.0,1919,139,25,887,1032,0,0,172,361.42,0.927,1.045,0.145,0.044,0.360,-0.943,1.864,0.3366,2.6306,0.644,0.012,0.037,0.111,0.065,142,68,0,0,16,0,64287.63,7781.870,16646.474,0.000,3189.653,18.462,13067.647,4427.369,263.232,7934.780,6347.824,102.305,391.184,235.516,0.000172,-0.032298,647,0,0,0,0,0,4574,163,0,0.000,0,0,0,0,0,0,0
3841,128.0,2055,157,25,926,1129,0,0,167,343.42,0.938,1.062,0.146,0.047,0.353,-0.943,1.868,0.3366,2.6579,0.620,0.011,0.035,0.111,0.065,117,57,0,0,10,0,69072.29,8378.194,18128.010,0.000,3956.617,15.889,14037.130,4810.284,250.011,8851.956,7081.565,163.593,416.394,273.742,0.000188,-0.033450,788,0,0,0,0,0,4826,156,0,0.000,0,0,0,0,0,0,0
3871,129.0,2213,160,25,972,1241,0,0,172,316.55,0.948,1.078,0.149,0.049,0.346,-0.944,1.875,0.3363,2.6580,0.634,0.014,0.036,0.111,0.066,124,63,0,0,7,0,74316.76,9179.962,19906.101,0.000,4400.355,14.978,15277.457,5260.030,253.634,9873.964,7899.171,83.662,646.706,345.317,0.000203,-0.033240,865,0,0,0,0,0,5135,169,0,0.000,0,0,0,0,0,0,0
3901,130.0,2357,169,24,1020,1337,0,0,179,332.95,0.955,1.090,0.149,0.049,0.342,-0.944,1.879,0.3364,2.6683,0.608,0.014,0.032,0.111,0.066,136,73,0,0,14,0,80291.62,9908.873,21656.153,0.000,5029.155,17.948,16505.388,5771.263,263.568,9966.752,7973.402,146.540,539.659,370.387,0.000144,-0.033121,995,0,0,0,0,0,5386,217,0,0.000,0,0,0,0,0,0,0
3931,131.0,2566,123,24,1062,1504,0,0,190,348.26,0.972,1.117,0.147,0.049,0.329,-0.944,1.880,0.3361,2.6694,0.588,0.009,0.035,0.111,0.067,123,78,0,1,8,0,87515.53,10537.735,24875.975,0.000,5572.302,17.532,17949.931,6423.070,288.515,13152.154,10521.724,45.515,434.659,417.688,0.000140,-0.032600,1080,0,0,0,0,0,5561,190,0,0.000,0,0,0,0,0,0,0
3961,132.0,2749,130,24,1115,1634,0,0,204,281.73,0.983,1.132,0.144,0.050,0.324,-0.944,1.883,0.3373,2.7154,0.569,0.011,0.036,0.110,0.066,110,80,1,0,17,0,94171.16,11349.167,25984.594,1.786,5831.807,18.906,19583.602,7076.065,309.754,12325.459,9860.368,188.514,564.432,492.455,0.000159,-0.032695,1137,0,1,0,1,1,5897,184,0,0.000,0,0,0,0,0,0,0
3991,133.0,2967,113,24,1158,1809,0,0,256,288.00,0.998,1.155,0.143,0.048,0.314,-0.944,1.885,0.3360,2.6978,0.570,0.016,0.034,0.110,0.068,120,71,0,1,15,0,101326.00,12503.621,28295.828,0.000,6943.499,17.641,21334.900,7786.685,364.749,13595.069,10876.056,40.103,957.064,442.096,0.000175,-0.033382,1245,0,0,0,0,0,6290,101,0,0.000,0,0,0,0,0,0,0
4021,134.0,3147,132,24,1219,1928,0,0,313,260.74,1.003,1.160,0.143,0.047,0.313,-0.944,1.885,0.3357,2.7197,0.561,0.015,0.033,0.110,0.068,134,105,0,1,21,0,108049.34,13708.764,29259.899,0.000,8094.855,18.169,23111.070,8550.858,447.289,13405.456,10724.365,60.038,786.437,608.545,0.000219,-0.035074,1499,0,0,0,0,0,7019,146,0,0.000,0,0,0,0,0,0,0
4051,135.0,3386,112,22,1280,2106,0,0,372,194.00,1.015,1.171,0.142,0.047,0.306,-0.945,1.883,0.3352,2.7114,0.549,0.012,0.029,0.110,0.068,137,94,0,0,23,0,117655.81,14736.445,34359.502,0.000,8939.957,18.533,24707.307,9154.110,541.214,15789.816,12631.853,278.457,991.107,659.313,0.000223,-0.034161,1729,0,0,0,0,0,7434,182,0,0.000,0,0,0,0,0,0,0
4081,136.0,3646,112,22,1340,2306,0,0,461,213.20,1.027,1.184,0.141,0.049,0.299,-0.945,1.885,0.3345,2.7297,0.548,0.013,0.033,0.110,0.068,121,108,4,0,28,0,127294.50,15827.180,37159.446,1.245,9707.090,20.886,27084.405,10167.263,664.155,17868.537,14294.830,333.256,835.089,691.307,0.000260,-0.034437,1902,0,3,1,4,3,7944,179,1,1.231,0,0,0,0,0,0,0
4111,137.0,3875,104,22,1383,2492,0,0,589,243.48,1.039,1.200,0.141,0.050,0.292,-0.945,1.884,0.3352,2.7216,0.549,0.012,0.032,0.110,0.069,135,110,9,1,31,0,135132.28,17232.432,37454.781,4.801,10710.631,20.309,29370.977,11258.291,839.056,17292.708,13834.166,322.906,876.701,727.764,0.000241,-0.034296,2030,0,6,3,9,6,8236,132,3,4.782,0,0,0,0,0,0,0
4141,138.0,4137,84,22,1430,2707,0,0,770,264.48,1.052,1.218,0.141,0.050,0.284,-0.945,1.886,0.3348,2.7228,0.543,0.010,0.031,0.109,0.070,114,107,19,0,42,0,142517.95,18187.782,40805.882,8.556,12152.354,18.308,31602.248,12096.499,1090.931,19470.631,15576.505,902.520,1149.643,880.585,0.000229,-0.035970,2327,0,12,7,19,12,8472,159,7,8.523,0,0,0,0,0,0,0
4171,139.0,4348,81,22,1464,2884,0,0,959,271.36,1.063,1.229,0.139,0.051,0.278,-0.944,1.886,0.3350,2.7781,0.548,0.005,0.030,0.109,0.071,105,119,7,0,72,0,148880.16,19769.904,41049.521,8.828,13131.396,17.206,33764.472,13068.183,1400.246,18842.597,15074.078,761.478,836.434,866.712,0.000240,-0.038043,2477,0,3,4,7,3,8821,103,4,8.767,0,0,0,0,0,0,0
4201,140.0,4600,74,23,1522,3078,0,0,1218,254.26,1.070,1.238,0.139,0.051,0.275,-0.945,1.884,0.3352,2.7511,0.546,0.010,0.028,0.109,0.071,84,120,8,1,77,0,157059.03,21184.783,45210.581,0.009,14014.613,14.256,35869.481,13959.836,1777.892,20712.132,16569.706,808.037,696.850,961.974,0.000294,-0.039387,2808,0,8,0,8,8,9549,159,0,0.000,0,0,0,0,0,0,0
4231,141.0,4804,83,23,1553,3251,0,0,1602,298.09,1.080,1.249,0.138,0.050,0.269,-0.946,1.883,0.3365,2.7764,0.540,0.007,0.028,0.109,0.072,99,123,6,1,119,0,164536.98,22197.387,47873.936,0.029,15574.232,15.348,38043.970,15009.711,2340.617,21031.570,16825.256,1097.979,808.247,1086.552,0.000319,-0.039623,3222,0,6,0,6,6,9856,286,0,0.000,0,0,0,0,0,0,0
4261,142.0,4975,69,23,1591,3384,0,0,2014,298.55,1.086,1.257,0.137,0.049,0.267,-0.946,1.884,0.3380,2.7909,0.543,0.005,0.027,0.110,0.072,125,110,5,0,170,0,169476.44,23183.847,47827.926,5.116,15729.172,15.486,39854.163,15876.043,3029.554,20891.149,16712.920,1389.692,713.173,1036.592,0.000246,-0.041153,3432,0,3,2,5,3,9644,312,2,5.102,0,0,0,0,0,0,0
4291,143.0,5174,87,23,1639,3535,0,0,2449,261.57,1.091,1.262,0.137,0.048,0.265,-0.947,1.885,0.3362,2.7643,0.535,0.004,0.026,0.110,0.072,107,97,6,0,189,0,174416.59,24713.297,50468.868,8.654,16224.849,15.827,41696.215,16592.761,3789.999,22515.137,18012.110,1421.741,1178.191,1068.728,0.000261,-0.042060,3667,0,1,5,6,1,9710,339,5,8.651,0,0,0,0,0,0,0
4321,144.0,5349,73,23,1681,3668,0,0,2901,242.57,1.095,1.267,0.136,0.048,0.264,-0.947,1.883,0.3373,2.7929,0.531,0.007,0.026,0.110,0.072,111,90,1,0,243,0,180104.84,25646.931,52945.088,1.548,17306.524,15.527,43326.784,17202.319,4607.753,23474.778,18779.823,1106.915,874.599,1091.979,0.000270,-0.042179,3901,0,0,1,1,0,9776,330,1,1.548,0,0,0,0,0,0,0
4351,145.0,5488,56,23,1707,3781,0,0,3255,259.10,1.100,1.273,0.137,0.048,0.262,-0.947,1.885,0.3374,2.7896,0.539,0.006,0.026,0.110,0.073,97,69,2,1,266,0,183667.44,26547.613,52582.259,3.167,18314.752,17.103,44898.275,17829.854,5297.801,22207.003,17765.603,1212.788,717.426,1172.905,0.000233,-0.041235,4245,0,0,2,2,0,9941,363,2,3.167,0,0,0,0,0,0,0
4381,146.0,5633,64,23,1728,3905,0,0,3580,263.52,1.105,1.280,0.137,0.047,0.259,-0.947,1.887,0.3382,2.8050,0.536,0.003,0.025,0.110,0.073,112,72,4,0,288,0,189614.95,27733.120,57005.165,3.488,18300.546,14.873,46284.905,18484.768,5903.301,23761.622,19009.298,1619.289,608.172,1141.499,0.000323,-0.040495,4296,0,0,4,4,0,10058,329,4,3.488,0,0,0,0,0,0,0
4411,147.0,5718,53,23,1740,3978,0,0,3842,354.79,1.109,1.282,0.137,0.049,0.257,-0.948,1.889,0.3394,2.7668,0.534,0.003,0.025,0.110,0.072,72,44,3,2,341,0,192710.31,28163.376,56582.509,3.257,19066.253,12.919,47379.617,18859.342,6437.291,22137.898,17710.319,2266.401,1088.656,1194.906,0.000280,-0.038692,4435,0,1,2,3,1,10064,334,2,3.253,0,0,0,0,0,0,0
4441,148.0,5797,54,23,1769,4028,0,0,3953,300.07,1.110,1.280,0.137,0.049,0.258,-0.948,1.887,0.3411,2.8020,0.549,0.003,0.024,0.110,0.072,86,38,3,1,367,0,195218.98,29250.691,56052.531,3.166,19639.596,14.914,48174.069,19285.315,6748.727,22561.772,18049.418,2030.051,803.900,1243.299,0.000329,-0.038535,4572,0,1,2,3,1,10197,328,2,3.160,0,0,0,0,0,0,0
4471,149.0,5911,65,23,1783,4128,0,0,4051,293.85,1.115,1.284,0.137,0.051,0.255,-0.948,1.889,0.3425,2.8066,0.538,0.003,0.023,0.110,0.072,75,44,2,0,342,0,197945.81,29809.445,57133.023,1.457,20798.513,12.054,49123.981,19674.170,6956.204,23644.576,18915.661,1588.150,894.169,1251.508,0.000286,-0.039578,4876,0,0,2,2,0,10411,277,2,1.457,0,0,0,0,0,0,0
4501,150.0,5984,54,23,1775,4209,0,0,4193,337.77,1.122,1.289,0.137,0.053,0.252,-0.948,1.887,0.3422,2.8010,0.548,0.004,0.024,0.110,0.072,81,36,14,1,344,0,199489.23,30016.049,57694.894,13.278,20401.981,15.138,50197.739,20159.545,7187.601,22045.978,17636.783,2180.811,790.920,1254.985,0.000228,-0.038096,4978,0,1,13,14,1,10382,291,13,13.278,0,0,0,0,0,0,0
4531,151.0,5999,62,23,1783,4216,0,0,4310,278.16,1.123,1.289,0.138,0.054,0.253,-0.949,1.889,0.3403,2.7860,0.549,0.004,0.022,0.110,0.072,83,52,10,1,411,0,200025.97,30081.063,58423.812,6.551,20363.392,13.435,50881.332,20290.363,7412.157,23084.658,18467.726,2508.435,986.877,1278.594,0.000338,-0.037959,5054,0,4,6,10,4,10249,350,6,6.549,0,0,0,0,0,0,0
4561,152.0,6000,56,23,1802,4198,0,0,4377,335.07,1.121,1.283,0.138,0.052,0.256,-0.949,1.889,0.3415,2.7568,0.547,0.003,0.027,0.110,0.072,88,43,11,1,372,0,199627.88,29956.665,56937.832,7.648,20177.031,14.776,50924.383,20232.746,7586.136,19932.740,15946.192,2404.271,919.744,1246.410,0.000287,-0.038179,4998,0,7,4,11,7,10113,331,4,7.630,0,0,0,0,0,0,0
4591,153.0,5997,65,23,1820,4177,0,0,4397,315.86,1.119,1.279,0.139,0.052,0.258,-0.949,1.889,0.3417,2.7943,0.541,0.004,0.028,0.110,0.072,78,40,4,2,412,0,200317.00,30580.091,57141.921,2.725,21268.358,12.680,50886.058,20094.215,7656.968,21304.079,17043.263,2131.259,754.750,1251.555,0.000382,-0.034998,5453,0,2,2,4,2,10140,355,2,2.716,0,0,0,0,0,0,0
4621,154.0,6000,53,23,1822,4178,0,0,4330,305.91,1.121,1.278,0.138,0.051,0.259,-0.949,1.891,0.3417,2.7585,0.560,0.006,0.033,0.111,0.071,81,48,17,1,373,0,201255.59,30709.453,58288.195,7.676,20567.357,13.491,50910.660,20134.842,7629.042,20859.874,16687.900,2900.206,1065.609,1254.400,0.000362,-0.032797,5343,0,11,6,17,11,10276,332,6,7.636,0,0,0,0,0,0,0
4651,155.0,6000,52,26,1838,4162,0,0,4226,365.95,1.120,1.275,0.140,0.051,0.261,-0.950,1.895,0.3395,2.7694,0.538,0.007,0.029,0.111,0.071,81,59,3,0,381,0,199001.22,30341.577,54686.381,1.104,20426.682,12.203,51017.609,20041.243,7413.495,20971.527,16777.222,2496.414,914.973,1205.393,0.000295,-0.030693,5312,0,1,2,3,1,10286,362,2,1.095,0,0,0,0,0,0,0
4681,156.0,5989,57,26,1844,4145,0,0,4207,336.42,1.121,1.274,0.140,0.050,0.262,-0.951,1.898,0.3404,2.7646,0.539,0.003,0.024,0.111,0.071,89,55,17,0,400,0,194878.56,29605.030,53951.429,23.674,19831.050,14.600,51075.923,20049.809,7348.231,21807.894,17446.316,2822.059,866.606,1178.587,0.000273,-0.029363,5303,0,5,12,17,5,10264,372,12,23.671,0,0,0,0,0,0,0
4711,157.0,5944,56,26,1834,4110,0,0,4141,370.82,1.122,1.271,0.140,0.050,0.263,-0.951,1.901,0.3419,2.7509,0.540,0.002,0.020,0.111,0.070,86,53,14,1,391,0,189681.91,29371.170,52515.784,13.067,19535.569,15.862,51085.395,19951.880,7304.939,19788.139,15830.511,2775.712,843.487,1177.633,0.000267,-0.029994,5277,0,4,10,14,4,10439,336,10,13.065,0,0,0,0,0,0,0
4741,158.0,5885,56,26,1853,4032,0,0,4108,347.65,1.116,1.262,0.140,0.051,0.268,-0.952,1.903,0.3381,2.7795,0.551,0.003,0.022,0.111,0.070,75,61,8,0,427,0,185597.84,28623.020,52283.179,9.419,19237.501,14.155,50291.378,19537.222,7189.636,20329.112,16263.290,2304.531,507.974,1103.127,0.000218,-0.030691,5085,0,4,4,8,4,10158,255,4,9.410,0,0,0,0,0,0,0
4771,159.0,5728,53,26,1841,3887,0,0,4068,346.81,1.110,1.253,0.140,0.051,0.273,-0.952,1.903,0.3404,2.7477,0.553,0.004,0.021,0.111,0.070,70,66,0,1,447,0,179565.16,28458.688,47840.131,0.000,19256.973,14.443,49083.006,18889.460,7110.941,17002.470,13601.976,2197.122,552.273,1098.204,0.000366,-0.028206,5128,0,0,0,0,0,10258,281,0,0.000,0,0,0,0,0,0,0
4801,160.0,5626,41,25,1842,3784,0,0,4090,344.26,1.104,1.243,0.139,0.050,0.277,-0.952,1.904,0.3383,2.7199,0.559,0.003,0.024,0.112,0.070,66,67,5,2,369,0,175474.56,27867.378,48616.141,2.469,18156.055,12.964,48136.278,18520.035,7143.299,16257.361,13005.889,1914.811,625.835,984.858,0.000271,-0.027347,4915,0,3,2,5,3,10503,201,2,2.467,0,0,0,0,0,0,0
4831,161.0,5514,67,25,1837,3677,0,0,4023,387.14,1.098,1.235,0.139,0.050,0.282,-0.953,1.906,0.3386,2.7250,0.555,0.003,0.025,0.111,0.070,67,46,10,0,410,0,168340.14,26794.064,45097.074,8.854,17311.128,13.810,46854.025,17977.724,7093.287,16470.242,13176.194,2135.771,677.737,1001.818,0.000338,-0.028949,4760,0,3,7,10,3,10210,246,7,8.852,0,0,0,0,0,0,0
4861,162.0,5340,47,25,1830,3510,0,0,3841,309.77,1.090,1.222,0.140,0.050,0.289,-0.953,1.912,0.3382,2.7071,0.554,0.001,0.023,0.112,0.069,79,54,17,3,383,0,160006.98,25829.349,41841.084,18.900,16555.396,13.688,45507.575,17252.388,6907.769,13383.406,10706.725,2405.628,317.759,954.694,0.000243,-0.031023,4609,0,6,11,17,6,10444,243,11,18.834,0,0,0,0,0,0,0
4891,163.0,5120,46,25,1812,3308,0,0,3602,436.68,1.079,1.207,0.140,0.050,0.298,-0.953,1.914,0.3355,2.7386,0.563,0.001,0.024,0.112,0.069,90,61,7,2,445,0,152655.78,24728.885,41163.229,3.994,15350.752,18.072,43497.576,16333.614,6499.905,13789.932,11031.945,2833.686,415.078,909.461,0.000320,-0.029989,4403,0,2,5,7,2,10053,340,5,3.938,0,0,0,0,0,0,0
4921,164.0,4913,48,25,1796,3117,0,0,3380,337.30,1.068,1.192,0.141,0.048,0.307,-0.954,1.917,0.3362,2.7332,0.556,0.001,0.024,0.112,0.068,78,49,8,2,405,0,146329.00,23626.232,38819.601,8.228,14285.695,14.973,41553.051,15484.589,6152.462,12199.945,9759.956,1800.217,528.209,822.326,0.000268,-0.030140,4070,0,2,6,8,2,10080,288,6,8.186,0,0,0,0,0,0,0
4951,165.0,4746,60,25,1778,2968,0,0,3178,463.67,1.060,1.179,0.141,0.050,0.314,-0.954,1.918,0.3358,2.7345,0.561,0.002,0.022,0.112,0.069,88,56,3,2,363,0,139925.72,22551.016,36401.813,0.800,13785.270,15.640,39682.342,14621.955,5780.169,12182.493,9745.995,1669.096,386.828,780.027,0.000261,-0.032078,4049,0,1,2,3,1,9778,335,2,0.785,0,0,0,0,0,0,0
4981,166.0,4568,40,25,1778,2790,0,0,3039,391.84,1.045,1.157,0.142,0.049,0.325,-0.954,1.919,0.3369,2.7033,0.566,0.001,0.023,0.113,0.068,85,68,2,0,318,0,133669.95,21989.107,33671.156,0.366,13376.391,17.780,37993.264,13827.492,5471.946,9816.271,7853.017,1468.357,414.585,777.487,0.000296,-0.032374,3954,0,1,1,2,1,9741,330,1,0.348,0,0,0,0,0,0,0
5011,167.0,4397,53,25,1762,2635,0,0,2871,463.90,1.034,1.142,0.143,0.047,0.333,-0.954,1.918,0.3372,2.7120,0.574,0.002,0.025,0.113,0.068,88,42,5,0,332,0,126691.73,21045.770,30861.085,1.082,12199.232,17.425,36265.715,13050.523,5181.789,9856.638,7885.311,1280.779,437.298,698.729,0.000194,-0.032652,3625,0,2,3,5,2,9768,288,3,1.063,0,0,0,0,0,0,0
5041,168.0,4227,56,25,1760,2467,0,0,2715,419.26,1.018,1.121,0.145,0.045,0.345,-0.954,1.920,0.3381,2.7008,0.565,0.001,0.024,0.113,0.068,81,62,3,3,289,0,119949.27,19835.077,28617.538,1.222,11293.543,15.950,34322.471,12225.995,4873.943,8639.038,6911.230,1121.243,291.543,633.310,0.000318,-0.030935,3356,0,2,1,3,2,9882,212,1,1.204,0,0,0,0,0,0,0
5071,169.0,4064,52,25,1744,2320,0,0,2606,481.29,1.004,1.104,0.146,0.045,0.355,-0.954,1.920,0.3378,2.6844,0.567,0.002,0.026,0.114,0.067,86,49,0,3,276,0,113032.41,18711.231,26732.972,0.000,10670.581,16.142,32573.823,11476.439,4621.696,7645.679,6116.543,1293.033,268.386,598.539,0.000124,-0.030507,3168,0,0,0,0,0,9949,187,0,0.000,0,0,0,0,0,0,0
5101,170.0,3885,62,24,1716,2169,0,0,2449,488.15,0.990,1.086,0.147,0.045,0.364,-0.954,1.920,0.3390,2.6593,0.592,0.002,0.025,0.114,0.067,86,60,0,4,257,0,105326.91,17973.289,24356.291,0.000,9713.975,17.529,31056.243,10821.694,4381.146,6803.944,5443.155,1278.118,567.144,569.944,0.000215,-0.029961,2852,0,0,0,0,0,9878,161,0,0.000,0,0,0,0,0,0,0
5131,171.0,3687,67,24,1697,1990,0,0,2239,497.36,0.970,1.061,0.150,0.043,0.378,-0.954,1.923,0.3385,2.6677,0.593,0.002,0.029,0.115,0.067,83,62,0,1,249,0,98339.54,17184.362,21879.924,0.000,9090.923,18.367,29055.787,9910.045,4041.705,5405.862,4324.689,1319.969,168.625,474.357,0.000240,-0.029087,2614,0,0,0,0,0,9577,137,0,0.000,0,0,0,0,0,0,0
5161,172.0,3496,66,24,1669,1827,0,0,2018,485.73,0.952,1.038,0.151,0.042,0.391,-0.955,1.927,0.3364,2.6580,0.595,0.002,0.028,0.115,0.067,95,58,2,4,249,0,92136.48,16180.693,20181.205,2.334,7627.581,23.988,27075.935,9103.000,3634.933,5722.209,4577.767,672.690,474.729,461.561,0.000149,-0.028757,2309,0,0,2,2,0,9281,170,2,2.334,0,0,0,0,0,0,0
5191,173.0,3341,56,24,1642,1699,0,0,1886,581.79,0.937,1.019,0.152,0.043,0.402,-0.955,1.933,0.3349,2.6211,0.596,0.001,0.028,0.115,0.067,106,69,1,1,197,0,85722.99,15150.238,18115.605,0.872,7840.465,24.314,25363.201,8286.120,3343.643,5180.825,4144.660,832.145,393.741,425.192,0.000147,-0.029693,2208,0,0,1,1,0,9104,89,1,0.872,0,0,0,0,0,0,0
5221,174.0,3173,72,24,1621,1552,0,0,1768,552.52,0.915,0.993,0.153,0.042,0.417,-0.956,1.936,0.3346,2.6171,0.608,0.001,0.034,0.116,0.067,108,62,0,2,188,0,80046.00,14456.632,16297.702,0.000,6922.065,26.802,23794.282,7677.945,3108.815,3844.923,3075.938,506.438,162.627,412.234,0.000170,-0.029420,1949,0,0,0,0,0,8962,119,0,0.000,0,0,0,0,0,0,0
5251,175.0,3006,75,23,1588,1418,0,0,1583,549.26,0.896,0.969,0.156,0.041,0.430,-0.956,1.939,0.3333,2.6329,0.604,0.001,0.030,0.117,0.067,128,71,0,3,195,0,75487.16,13790.491,16499.913,0.000,6487.746,26.719,22147.333,7049.987,2798.860,4846.140,3876.912,1192.267,312.443,379.131,0.000129,-0.029802,1822,0,0,0,0,0,8926,136,0,0.000,0,0,0,0,0,0,0
5281,176.0,2839,53,23,1558,1281,0,0,1470,560.60,0.875,0.943,0.157,0.041,0.446,-0.957,1.942,0.3341,2.6533,0.617,0.001,0.036,0.117,0.067,120,79,0,2,159,0,71068.59,13171.473,14029.567,0.000,5744.815,25.840,20658.930,6486.528,2525.390,3412.339,2729.871,796.633,172.505,297.152,0.000144,-0.028368,1588,0,0,0,0,0,8752,79,0,0.000,0,0,0,0,0,0,0
5311,177.0,2718,65,23,1536,1182,0,0,1363,596.42,0.858,0.921,0.158,0.041,0.458,-0.957,1.943,0.3338,2.6358,0.612,0.001,0.034,0.117,0.065,124,75,0,3,118,0,67643.72,12756.970,13189.145,0.000,5428.136,25.966,19375.288,5964.400,2321.588,3565.915,2852.732,579.576,103.950,313.005,0.000133,-0.028198,1469,0,0,0,0,0,8599,91,0,0.000,0,0,0,0,0,0,0
5341,178.0,2598,57,23,1515,1083,0,0,1230,623.39,0.839,0.899,0.158,0.039,0.472,-0.957,1.949,0.3326,2.6479,0.620,0.001,0.030,0.118,0.065,133,63,0,5,126,0,65278.56,12276.712,12676.329,0.000,4778.966,30.227,18094.883,5452.731,2125.356,3361.575,2689.260,522.772,188.307,261.831,0.000132,-0.029505,1255,0,0,0,0,0,8434,70,0,0.000,0,0,0,0,0,0,0
5371,179.0,2510,71,23,1494,1016,0,0,1109,639.60,0.825,0.883,0.158,0.039,0.481,-0.957,1.948,0.3331,2.6278,0.624,0.001,0.031,0.118,0.065,127,58,0,3,106,0,63187.70,12171.895,11563.704,0.000,4732.570,32.776,17140.507,5048.221,1896.979,3582.553,2866.042,529.223,224.307,270.712,0.000155,-0.029889,1167,0,0,0,0,0,8319,74,0,0.000,0,0,0,0,0,0,0
5401,180.0,2448,71,23,1484,964,0,0,1004,566.98,0.813,0.869,0.160,0.037,0.489,-0.957,1.949,0.3315,2.6767,0.630,0.003,0.030,0.118,0.064,134,47,0,1,89,0,62874.14,12191.184,11749.918,0.000,4836.095,33.201,16417.949,4780.638,1701.866,3418.959,2735.167,226.258,181.532,262.635,0.000187,-0.030076,1178,0,0,0,0,0,8368,63,0,0.000,0,0,0,0,0,0,0
5431,181.0,2389,86,23,1481,908,0,0,898,571.14,0.799,0.851,0.160,0.036,0.499,-0.957,1.950,0.3304,2.6734,0.620,0.003,0.032,0.118,0.064,148,60,0,2,80,0,63063.55,12011.566,11430.047,0.000,4472.846,32.669,15757.646,4508.148,1515.285,3749.002,2999.202,308.580,188.070,224.666,0.000132,-0.030434,999,0,0,0,0,0,8522,45,0,0.000,0,0,0,0,0,0,0
5461,182.0,2379,85,23,1491,888,0,0,838,569.57,0.791,0.841,0.159,0.036,0.505,-0.958,1.951,0.3304,2.5989,0.618,0.003,0.035,0.118,0.063,148,38,0,0,58,0,63337.13,12089.130,11117.627,0.000,4765.224,31.212,15488.420,4383.902,1380.917,3820.706,3056.565,487.633,114.179,313.989,0.000189,-0.031179,1100,0,0,0,0,0,8442,89,0,0.000,0,0,0,0,0,0,0
5491,183.0,2380,96,23,1488,892,0,0,784,555.41,0.793,0.843,0.159,0.036,0.504,-0.958,1.952,0.3302,2.6919,0.627,0.005,0.041,0.118,0.064,148,46,0,1,50,0,65262.21,12440.609,12439.457,0.000,4824.816,35.464,15402.238,4367.622,1289.665,4590.902,3672.722,284.938,407.655,284.689,0.000179,-0.030221,1011,0,0,0,0,0,8430,70,0,0.000,0,0,0,0,0,0,0
5521,184.0,2420,80,23,1509,911,0,0,730,573.59,0.794,0.845,0.158,0.037,0.503,-0.958,1.952,0.3297,2.6767,0.600,0.007,0.044,0.118,0.063,150,31,0,1,46,0,68117.53,12596.011,13247.756,0.000,4506.129,33.611,15609.405,4430.847,1199.417,5123.839,4099.071,153.478,226.547,343.978,0.000170,-0.029454,1041,0,0,0,0,0,8385,169,0,0.000,0,0,0,0,0,0,0
5551,185.0,2459,93,23,1534,925,0,0,716,612.72,0.794,0.843,0.157,0.037,0.504,-0.959,1.955,0.3282,2.7322,0.612,0.005,0.045,0.118,0.064,175,55,0,2,42,0,71066.98,13134.400,13583.796,0.000,4978.965,36.107,15899.044,4624.066,1156.813,6007.525,4806.020,281.760,308.109,297.460,0.000171,-0.027982,1075,0,0,0,0,0,8519,158,0,0.000,0,0,0,0,0,0,0
5581,186.0,2533,107,23,1561,972,0,0,725,582.27,0.800,0.854,0.157,0.038,0.499,-0.959,1.957,0.3286,2.7606,0.596,0.005,0.047,0.118,0.065,175,35,0,1,35,0,74984.33,13907.856,14116.780,0.000,5311.009,37.003,16131.361,4671.441,1133.719,6396.872,5117.498,224.484,389.399,277.508,0.000176,-0.027154,1048,0,0,0,0,0,8845,51,0,0.000,0,0,0,0,0,0,0
5611,187.0,2682,112,23,1614,1068,0,0,741,581.77,0.815,0.875,0.155,0.038,0.488,-0.959,1.960,0.3287,2.7672,0.579,0.004,0.044,0.118,0.065,140,38,0,1,32,0,80463.41,14417.367,17218.934,0.000,6570.092,32.981,17043.717,5062.928,1135.785,9509.571,7607.657,202.410,407.762,402.701,0.000216,-0.025042,1321,0,0,0,0,0,8748,137,0,0.000,0,0,0,0,0,0,0
5641,188.0,2798,109,23,1652,1146,0,0,776,495.27,0.828,0.892,0.154,0.038,0.480,-0.959,1.963,0.3293,2.8004,0.572,0.004,0.041,0.117,0.066,170,35,0,0,49,0,86515.25,15356.136,19051.917,0.000,7250.757,32.410,18163.488,5643.388,1207.020,8866.121,7092.897,465.663,678.431,424.996,0.000241,-0.025244,1412,0,0,0,0,0,9249,130,0,0.000,0,0,0,0,0,0,0
5671,189.0,2951,103,23,1688,1263,0,0,836,530.82,0.849,0.917,0.153,0.038,0.467,-0.958,1.964,0.3303,2.8092,0.565,0.002,0.044,0.116,0.067,138,31,1,1,35,0,92554.44,16375.839,20404.062,0.089,7934.568,31.815,19490.663,6219.016,1292.032,9809.967,7847.974,551.047,757.852,468.207,0.000220,-0.024123,1504,0,0,1,1,0,9545,112,0,0.000,0,0,0,0,0,0,0
5701,190.0,3091,103,23,1726,1365,0,0,948,519.86,0.864,0.937,0.152,0.038,0.457,-0.958,1.963,0.3310,2.8396,0.561,0.005,0.046,0.116,0.067,156,42,1,1,50,0,99250.74,17454.940,22365.874,0.499,8766.201,27.157,20876.485,6772.790,1435.826,10338.469,8270.776,595.035,840.642,536.535,0.000174,-0.023439,1736,0,0,1,1,0,9732,144,0,0.000,0,0,0,0,0,0,0
5731,191.0,3292,103,23,1784,1508,0,0,1067,449.10,0.883,0.958,0.150,0.038,0.445,-0.958,1.963,0.3302,2.8384,0.554,0.004,0.035,0.116,0.068,141,41,1,0,35,0,105945.60,18643.088,23792.568,0.000,10043.535,28.736,22319.518,7292.093,1647.207,12367.144,9893.715,580.141,850.255,578.152,0.000176,-0.023648,1901,0,1,0,1,1,9929,135,0,0.000,0,0,0,0,0,0,0
5761,192.0,3549,93,23,1858,1691,0,0,1233,411.00,0.904,0.984,0.149,0.039,0.431,-0.958,1.967,0.3301,2.8242,0.531,0.001,0.037,0.115,0.068,167,38,1,0,48,0,114033.43,19643.807,27874.600,0.000,10985.741,27.809,24432.452,8191.038,1901.360,15310.967,12248.774,515.988,685.957,641.589,0.000212,-0.023096,2142,0,1,0,1,1,10678,139,0,0.000,0,0,0,0,0,0,0
5791,193.0,3787,89,23,1905,1882,0,0,1432,373.25,0.928,1.014,0.148,0.040,0.416,-0.958,1.970,0.3304,2.8355,0.551,0.003,0.032,0.114,0.069,149,42,1,0,62,0,121297.40,21208.824,29365.788,0.848,12381.634,29.996,26864.723,9320.293,2211.959,15709.484,12567.588,472.588,602.114,697.920,0.000171,-0.023054,2526,0,0,1,1,0,10847,176,1,0.848,0,0,0,0,0,0,0
5821,194.0,4006,76,23,1951,2055,0,0,1613,454.24,0.946,1.037,0.146,0.041,0.404,-0.959,1.972,0.3298,2.8660,0.532,0.006,0.027,0.114,0.070,143,37,0,2,97,0,128648.30,23036.843,31692.146,0.000,13854.798,24.079,29112.329,10236.763,2577.194,16125.824,12900.660,1023.419,445.501,757.712,0.000290,-0.023100,2876,0,0,0,0,0,11293,197,0,0.000,0,0,0,0,0,0,0
5851,195.0,4245,87,24,1978,2267,0,0,1855,462.52,0.972,1.068,0.142,0.042,0.389,-0.959,1.975,0.3293,2.8793,0.529,0.004,0.025,0.113,0.071,132,36,1,0,100,0,135911.56,24048.605,34846.735,2.380,14764.556,25.106,31448.055,11368.841,2955.955,17576.850,14061.480,1180.633,385.409,780.197,0.000299,-0.023841,3008,0,0,1,1,0,11447,140,1,2.380,0,0,0,0,0,0,0
5881,196.0,4450,78,24,2030,2420,0,0,2134,343.74,0.984,1.083,0.141,0.042,0.382,-0.958,1.975,0.3306,2.8845,0.523,0.004,0.020,0.113,0.071,127,46,3,1,117,0,141726.12,25583.381,35528.801,5.715,15586.597,23.637,33613.083,12359.527,3476.266,17101.948,13681.559,1239.722,349.993,844.361,0.000277,-0.022636,3317,0,0,3,3,0,11813,191,3,5.715,0,0,0,0,0,0,0
5911,197.0,4635,62,24,2059,2576,0,0,2460,418.39,0.997,1.100,0.139,0.043,0.373,-0.958,1.977,0.3305,2.8838,0.519,0.003,0.022,0.113,0.072,104,42,7,1,164,0,148501.91,27129.680,38634.026,9.841,17448.953,21.639,35511.513,13211.439,4024.984,18513.928,14811.143,1182.654,452.298,912.088,0.000275,-0.022394,3776,0,0,7,7,0,12126,240,7,9.841,0,0,0,0,0,0,0
5941,198.0,4828,77,24,2067,2761,0,0,2726,429.61,1.017,1.120,0.138,0.043,0.362,-0.957,1.977,0.3304,2.8910,0.525,0.004,0.018,0.113,0.073,117,50,28,3,166,0,154430.94,28512.783,41260.199,25.430,18100.964,19.232,37384.956,13963.753,4558.312,20689.833,16551.867,2155.251,636.745,1032.392,0.000240,-0.023172,4178,0,10,18,28,10,12283,280,18,25.407,0,0,0,0,0,0,0
5971,199.0,5011,59,24,2071,2940,0,0,2983,362.58,1.035,1.141,0.137,0.045,0.351,-0.957,1.974,0.3308,2.8296,0.525,0.002,0.018,0.112,0.073,110,32,23,1,201,0,161069.69,29737.626,44427.907,16.812,19173.197,20.073,39518.570,14957.078,5040.905,20777.785,16622.228,2201.666,658.530,1011.284,0.000200,-0.025095,4294,0,7,16,23,7,12316,152,16,16.800,0,0,0,0,0,0,0
6001,200.0,5191,67,24,2092,3099,0,0,3316,375.40,1.049,1.154,0.136,0.043,0.343,-0.957,1.974,0.3316,2.9289,0.521,0.002,0.017,0.112,0.074,110,29,15,2,194,0,166467.61,30653.633,45618.498,12.953,20494.073,17.968,41726.778,15987.769,5597.231,19933.614,15946.891,2001.499,563.151,1024.019,0.000345,-0.024018,4676,0,6,9,15,6,12516,137,9,12.945,0,0,0,0,0,0,0
6031,201.0,5344,83,24,2115,3229,0,0,3531,340.58,1.059,1.164,0.136,0.043,0.338,-0.957,1.977,0.3310,2.9160,0.522,0.003,0.017,0.112,0.074,117,38,4,1,247,0,172332.81,32078.243,47757.911,1.319,20334.650,20.963,43574.718,16692.566,6120.479,21166.614,16933.292,1664.130,582.608,1104.439,0.000214,-0.024473,4802,0,2,2,4,2,12756,215,2,1.315,0,0,0,0,0,0,0
6061,202.0,5475,75,24,2115,3360,0,0,3778,331.17,1.071,1.178,0.135,0.043,0.331,-0.958,1.979,0.3288,2.9301,0.525,0.002,0.017,0.112,0.074,113,30,15,2,288,0,177886.77,33247.621,51084.721,13.132,21376.283,21.397,45273.250,17486.718,6551.211,22382.835,17906.269,3126.671,724.057,1153.048,0.000326,-0.027846,5087,0,8,7,15,8,12584,237,7,13.107,0,0,0,0,0,0,0
6091,203.0,5647,60,24,2136,3511,0,0,3964,344.69,1.081,1.190,0.135,0.042,0.325,-0.958,1.979,0.3290,2.9032,0.512,0.004,0.017,0.112,0.074,92,22,8,2,271,0,184400.69,33662.481,53501.317,6.279,21798.243,20.658,46752.632,18065.641,6900.872,22741.028,18192.822,2367.951,809.395,1211.460,0.000245,-0.028756,5197,0,6,2,8,6,12784,220,2,6.260,0,0,0,0,0,0,0
6121,204.0,5820,73,24,2152,3668,0,0,4101,337.62,1.092,1.201,0.135,0.042,0.319,-0.958,1.981,0.3278,2.9288,0.514,0.004,0.016,0.113,0.074,82,22,18,0,295,0,189685.19,34836.605,54685.275,18.466,22860.716,18.133,48868.981,19111.178,7209.311,24207.611,19366.089,2314.851,776.826,1133.177,0.000243,-0.027774,5391,0,4,14,18,4,13237,170,14,18.461,0,0,0,0,0,0,0
6151,205.0,5951,62,25,2152,3799,0,0,4245,364.58,1.102,1.212,0.134,0.043,0.313,-0.958,1.979,0.3280,2.9416,0.511,0.003,0.015,0.113,0.075,105,20,13,2,337,0,194425.33,35502.274,56158.439,8.761,23291.093,20.489,50455.105,19741.801,7439.246,24357.044,19485.636,2447.694,802.262,1171.806,0.000339,-0.029718,5557,0,3,10,13,3,13453,221,9,8.034,0,0,0,0,0,0,0
6181,206.0,6000,58,25,2170,3830,0,0,4328,378.42,1.102,1.212,0.135,0.044,0.313,-0.958,1.982,0.3282,2.8934,0.512,0.006,0.030,0.113,0.076,84,34,9,4,342,0,199682.98,36891.167,56668.256,3.171,24533.997,20.560,51569.059,20227.908,7660.528,21052.658,16842.127,2660.814,655.831,1320.266,0.000478,-0.034547,5902,0,7,2,9,7,13751,194,2,3.155,0,0,0,0,0,0,0
6211,207.0,6000,45,25,2170,3830,0,0,4314,305.20,1.103,1.212,0.135,0.044,0.314,-0.957,1.981,0.3276,2.8452,0.515,0.009,0.046,0.113,0.076,91,26,1,2,371,0,206037.27,37515.728,57512.730,1.338,25298.447,18.539,51805.293,20258.185,7735.424,19193.364,15354.691,2242.088,1564.942,1230.910,0.000210,-0.035667,6042,0,0,1,1,0,13892,177,1,1.338,0,0,0,0,0,0,0
6241,208.0,5996,47,25,2172,3824,0,0,4356,380.48,1.104,1.211,0.135,0.043,0.314,-0.958,1.983,0.3274,2.8558,0.516,0.010,0.063,0.113,0.076,66,29,1,3,328,0,211040.42,37349.443,56531.341,0.512,25238.777,19.075,51855.455,20150.302,7693.566,17261.009,13808.808,2505.076,1959.540,1262.000,0.000314,-0.034771,5957,0,0,1,1,0,13732,239,0,0.000,0,0,0,0,0,0,0
6271,209.0,6000,49,25,2171,3829,0,0,4391,368.31,1.105,1.211,0.135,0.043,0.314,-0.958,1.981,0.3273,2.8776,0.514,0.012,0.077,0.113,0.075,82,38,1,3,357,0,218426.81,37898.429,59726.540,0.299,25199.688,16.440,51917.280,20137.073,7764.448,19597.891,15678.313,2753.932,2538.402,1208.162,0.000314,-0.036346,5946,0,0,1,1,0,13785,170,0,0.000,0,0,0,0,0,0,0
6301,210.0,6000,41,26,2167,3833,0,0,4400,412.72,1.107,1.210,0.136,0.044,0.314,-0.958,1.982,0.3281,2.8717,0.517,0.016,0.093,0.113,0.076,81,24,6,2,309,0,224674.11,38012.847,59149.207,3.166,25355.283,18.509,52063.709,20089.448,7831.689,16538.871,13231.097,2668.989,3682.941,1273.372,0.000318,-0.038886,5978,0,3,3,6,3,13946,225,2,2.594,0,0,0,0,0,0,0
6331,211.0,5994,48,26,2159,3835,0,0,4426,385.26,1.108,1.212,0.135,0.043,0.313,-0.958,1.984,0.3290,2.8728,0.513,0.017,0.104,0.113,0.076,84,29,19,2,296,0,229203.83,38073.293,58843.817,8.238,26165.646,16.887,52178.664,20197.116,7827.080,16449.173,13159.339,3613.668,3941.191,1348.083,0.000243,-0.038926,6015,0,13,6,19,13,13761,192,6,8.229,0,0,0,0,0,0,0
6361,212.0,6000,45,26,2146,3854,0,0,4374,353.64,1.111,1.217,0.135,0.044,0.311,-0.958,1.984,0.3283,2.8708,0.522,0.015,0.115,0.113,0.076,90,26,5,0,309,0,233135.06,38147.884,60187.283,4.180,26568.651,17.549,52377.107,20198.818,7787.318,16843.727,13474.982,3695.762,5612.492,1367.861,0.000315,-0.039282,6149,0,0,5,5,0,13801,356,5,4.180,0,0,0,0,0,0,0
6391,213.0,5998,60,26,2138,3860,0,0,4340,331.83,1.113,1.219,0.134,0.044,0.310,-0.958,1.984,0.3278,2.8630,0.538,0.015,0.136,0.113,0.077,85,24,1,0,272,0,239559.42,38520.438,60759.588,0.568,26041.243,14.887,52560.616,20240.646,7708.014,14408.515,11526.812,2933.595,5218.042,1313.615,0.000316,-0.038440,6058,0,0,1,1,0,13616,286,0,0.000,0,0,0,0,0,0,0
6421,214.0,5998,78,26,2127,3871,0,0,4372,416.32,1.115,1.221,0.134,0.044,0.309,-0.958,1.985,0.3271,2.8572,0.527,0.014,0.137,0.113,0.077,71,33,0,1,280,0,241946.50,37753.766,57607.986,0.000,25999.232,16.814,52691.583,20055.866,7668.862,15292.573,12234.059,2316.817,5868.228,1314.810,0.000285,-0.038094,6108,0,0,0,0,0,13625,272,0,0.000,0,0,0,0,0,0,0
6451,215.0,6000,58,28,2107,3893,0,0,4307,373.48,1.119,1.226,0.134,0.045,0.307,-0.957,1.987,0.3273,2.8683,0.531,0.017,0.137,0.113,0.077,82,27,0,2,307,0,240742.41,37230.541,56633.103,0.000,26020.190,14.407,52934.561,20086.500,7647.333,16610.124,13288.100,3355.905,6496.707,1224.713,0.000264,-0.038836,6085,0,0,0,0,0,13759,237,0,0.000,0,0,0,0,0,0,0
6481,216.0,6000,51,28,2091,3909,0,0,4325,401.92,1.122,1.229,0.134,0.044,0.305,-0.957,1.989,0.3262,2.8366,0.537,0.019,0.134,0.113,0.078,82,32,25,0,259,0,239693.70,36752.631,57783.006,10.879,24938.245,15.943,53465.000,20302.983,7600.645,15458.875,12367.100,3623.717,6243.294,1267.799,0.000257,-0.039477,5986,0,15,10,25,15,13976,264,9,10.492,0,0,0,0,0,0,0
6511,217.0,6000,55,28,2062,3938,0,0,4317,407.17,1.128,1.236,0.134,0.045,0.301,-0.958,1.988,0.3276,2.8483,0.531,0.014,0.113,0.113,0.078,74,43,19,4,310,0,233976.11,35638.093,53453.053,25.524,25595.904,16.699,53666.299,20482.918,7611.339,18502.712,14802.169,3473.383,4636.962,1262.820,0.000412,-0.039324,6146,0,3,16,19,3,13798,203,13,24.303,0,0,0,0,0,0,0
6541,218.0,6000,45,28,2038,3962,0,0,4334,465.93,1.133,1.241,0.134,0.046,0.298,-0.958,1.987,0.3290,2.8463,0.542,0.009,0.095,0.113,0.078,73,32,11,3,300,0,226701.39,34847.150,52239.362,17.115,24304.510,14.653,53982.324,20624.115,7571.341,17032.227,13625.782,3739.379,3847.332,1207.413,0.000349,-0.041557,6206,0,4,7,11,4,13791,217,7,17.091,0,0,0,0,0,0,0
6571,219.0,5997,34,28,2018,3979,0,0,4343,441.88,1.137,1.245,0.134,0.046,0.296,-0.957,1.986,0.3282,2.8173,0.550,0.009,0.079,0.113,0.078,76,32,19,2,286,0,219235.20,33834.675,51971.850,23.843,23333.558,15.316,54292.470,20656.543,7518.898,16549.727,13239.782,3126.611,3235.543,1156.536,0.000353,-0.043436,6103,0,6,13,19,6,13477,202,11,23.106,0,0,0,0,0,0,0
6601,220.0,6000,40,30,2004,3996,0,0,4319,388.77,1.140,1.247,0.134,0.045,0.294,-0.957,1.988,0.3287,2.8315,0.550,0.006,0.046,0.113,0.078,67,34,8,2,353,0,208507.84,32901.582,49154.158,9.971,22815.930,14.864,54539.402,20538.738,7545.768,19663.689,15730.951,3422.391,1658.452,1155.583,0.000272,-0.040922,6199,0,4,4,8,4,13069,252,4,9.948,0,0,0,0,0,0,0
6631,221.0,5996,35,30,1994,4002,0,0,4271,438.59,1.143,1.248,0.133,0.044,0.293,-0.957,1.988,0.3297,2.8277,0.537,0.002,0.018,0.113,0.078,75,41,27,4,372,0,194768.44,31288.517,47444.224,6.095,21130.082,14.617,54717.265,20689.331,7494.704,21677.190,17341.752,2994.425,1123.083,1124.006,0.000243,-0.041610,5958,0,18,9,27,18,12829,295,8,5.819,0,0,0,0,0,0,0
6661,222.0,5824,36,30,1972,3852,0,0,4178,462.42,1.136,1.241,0.134,0.043,0.298,-0.958,1.990,0.3298,2.8418,0.551,0.001,0.012,0.114,0.078,89,43,35,2,428,0,177710.95,29844.383,43516.941,12.666,19867.926,18.363,54091.073,20383.298,7451.354,16196.889,12957.511,3794.963,447.597,1023.803,0.000408,-0.039659,5797,0,21,14,35,21,12818,245,13,12.477,0,0,0,0,0,0,0
6691,223.0,5603,49,30,1947,3656,0,0,4129,465.02,1.127,1.229,0.135,0.042,0.305,-0.959,1.991,0.3306,2.8208,0.555,0.001,0.011,0.114,0.078,70,53,20,2,423,0,162790.22,28960.244,41238.561,10.398,18635.984,16.481,51890.574,19367.832,7321.822,13448.621,10758.897,2562.108,341.948,955.932,0.000241,-0.039590,5529,0,9,11,20,9,12489,215,11,10.367,0,0,0,0,0,0,0
6721,224.0,5292,36,30,1925,3367,0,0,3898,423.98,1.109,1.206,0.137,0.042,0.317,-0.960,1.993,0.3303,2.8040,0.557,0.002,0.009,0.115,0.077,88,64,13,4,492,0,150713.44,27505.265,40585.201,2.021,17705.975,15.619,49087.414,18115.779,7058.110,12946.815,10357.452,2227.202,239.890,851.520,0.000324,-0.035330,5267,0,10,3,13,10,12296,193,2,1.392,0,0,0,0,0,0,0
6751,225.0,5003,38,35,1904,3099,0,0,3634,431.64,1.090,1.183,0.139,0.042,0.330,-0.960,1.993,0.3284,2.7546,0.552,0.002,0.009,0.115,0.076,80,55,13,3,453,0,139959.91,25770.394,37694.006,4.148,15574.572,18.277,45734.992,16570.428,6644.241,11583.589,9266.871,1986.466,197.807,771.418,0.000359,-0.032928,4777,0,8,5,13,8,11790,191,4,3.925,0,0,0,0,0,0,0
6781,226.0,4722,26,35,1853,2869,0,0,3404,565.58,1.077,1.169,0.140,0.041,0.340,-0.961,1.992,0.3301,2.7409,0.565,0.002,0.010,0.115,0.075,93,62,5,5,404,0,131376.83,24763.614,35153.710,7.049,14670.207,18.168,42654.568,15153.003,6207.107,9810.965,7848.772,1781.601,60.839,688.144,0.000220,-0.030683,4449,0,2,3,5,2,11369,177,3,7.048,0,0,0,0,0,0,0
6811,227.0,4481,45,35,1818,2663,0,0,3171,599.12,1.062,1.149,0.141,0.042,0.350,-0.960,1.994,0.3290,2.7483,0.567,0.001,0.010,0.116,0.075,107,48,13,7,374,0,123536.24,23211.853,33394.550,5.123,13189.024,19.119,39856.391,14010.420,5790.892,9844.686,7875.749,1982.506,199.350,643.619,0.000246,-0.028190,4001,0,8,5,13,8,11144,175,3,4.403,0,0,0,0,0,0,0
6841,228.0,4218,49,35,1778,2440,0,0,2931,557.67,1.044,1.128,0.142,0.042,0.362,-0.960,1.995,0.3286,2.7426,0.566,0.000,0.009,0.116,0.074,103,59,14,6,347,0,114313.91,21731.413,28966.121,9.305,12269.404,16.200,37322.971,13075.142,5388.834,7963.982,6371.186,1736.782,213.814,598.832,0.000189,-0.028316,3666,0,7,7,14,7,10959,188,7,9.303,0,0,0,0,0,0,0
6871,229.0,3976,45,35,1750,2226,0,0,2692,472.01,1.023,1.105,0.143,0.041,0.376,-0.960,1.996,0.3279,2.7643,0.569,0.000,0.010,0.116,0.074,92,55,13,2,325,0,107117.36,20209.749,28098.556,3.246,10973.446,21.616,34613.694,11891.471,4967.725,7543.643,6034.914,1628.945,318.787,578.754,0.000215,-0.026063,3321,0,9,4,13,9,10851,206,3,3.189,0,0,0,0,0,0,0
6901,230.0,3780,56,34,1707,2073,0,0,2508,694.98,1.010,1.091,0.142,0.041,0.385,-0.960,1.998,0.3280,2.7431,0.575,0.001,0.014,0.116,0.073,86,61,7,10,266,0,99150.20,19286.155,24291.210,2.662,9856.828,19.362,32495.929,10916.393,4598.077,7186.262,5749.009,1351.598,268.070,479.878,0.000186,-0.024797,2986,0,5,2,7,5,10497,176,2,2.661,0,0,0,0,0,0,0
6931,231.0,3577,61,34,1689,1888,0,0,2222,567.51,0.986,1.065,0.143,0.042,0.401,-0.960,1.999,0.3280,2.7191,0.589,0.001,0.011,0.116,0.072,95,61,3,8,271,0,92686.16,18203.979,22410.716,0.001,8999.308,19.018,30217.598,9877.305,4151.738,6658.294,5326.635,848.192,188.401,463.834,0.000191,-0.024584,2803,0,3,0,3,3,10098,204,0,0.000,0,0,0,0,0,0,0
6961,232.0,3400,52,34,1663,1737,0,0,2055,589.97,0.966,1.043,0.144,0.042,0.414,-0.961,2.000,0.3267,2.6606,0.586,0.002,0.014,0.116,0.072,104,63,1,6,241,0,86980.21,17114.784,20944.977,0.131,8279.811,23.235,28290.864,9104.194,3755.547,6349.131,5079.305,695.735,225.293,424.385,0.000207,-0.025754,2444,0,0,1,1,0,9961,204,0,0.000,0,0,0,0,0,0,0
6991,233.0,3220,49,34,1644,1576,0,0,1823,603.03,0.941,1.016,0.146,0.041,0.431,-0.962,2.002,0.3264,2.7214,0.594,0.001,0.016,0.116,0.070,93,73,0,7,220,0,82316.28,16508.572,18956.388,0.000,7528.700,21.951,26235.636,8310.190,3400.284,5607.563,4486.050,613.864,97.345,350.053,0.000148,-0.026308,2142,0,0,0,0,0,9836,101,0,0.000,0,0,0,0,0,0,0
7021,234.0,3087,57,34,1636,1451,0,0,1669,532.23,0.919,0.992,0.148,0.040,0.446,-0.962,2.001,0.3258,2.7150,0.592,0.001,0.018,0.116,0.069,107,58,0,4,173,0,78774.15,15714.557,17958.297,0.000,7572.121,25.279,24514.950,7709.946,3003.727,4884.464,3907.571,529.481,148.369,331.623,0.000146,-0.025017,2050,0,0,0,0,0,9662,72,0,0.000,0,0,0,0,0,0,0
7051,235.0,2972,40,33,1623,1349,0,0,1562,616.84,0.901,0.970,0.149,0.041,0.459,-0.963,2.002,0.3237,2.7177,0.608,0.001,0.019,0.116,0.068,109,67,0,4,151,0,74596.93,15164.539,15677.685,0.000,7141.188,30.304,23220.459,7166.930,2788.238,4967.754,3974.203,399.621,117.746,332.898,0.000163,-0.024212,1902,0,0,0,0,0,9590,126,0,0.000,0,0,0,0,0,0,0
7081,236.0,2846,53,33,1607,1239,0,0,1477,653.14,0.879,0.947,0.150,0.039,0.473,-0.963,2.002,0.3253,2.7238,0.601,0.000,0.017,0.116,0.067,114,78,0,7,129,0,70886.62,14794.468,14052.255,0.000,6553.467,26.711,21795.612,6577.987,2603.703,4095.189,3276.151,369.989,83.281,307.424,0.000194,-0.024891,1700,0,0,0,0,0,9629,62,0,0.000,0,0,0,0,0,0,0
7111,237.0,2735,39,33,1588,1147,0,0,1392,636.66,0.859,0.927,0.152,0.038,0.486,-0.963,2.002,0.3254,2.7273,0.599,0.000,0.017,0.117,0.066,118,61,0,8,119,0,67767.70,14016.587,13569.092,0.000,5783.147,32.092,20597.461,6098.481,2454.171,3615.370,2892.296,437.990,98.187,295.244,0.000187,-0.022880,1506,0,0,0,0,0,9550,77,0,0.000,0,0,0,0,0,0,0
7141,238.0,2650,59,33,1571,1079,0,0,1280,688.01,0.843,0.913,0.154,0.037,0.495,-0.963,2.003,0.3241,2.8085,0.599,0.000,0.017,0.117,0.065,113,43,1,5,128,0,64873.30,13615.685,12674.279,0.971,5671.971,29.692,19448.249,5677.739,2295.987,4173.842,3339.073,518.943,151.382,258.256,0.000197,-0.021230,1508,0,0,1,1,0,9317,78,0,0.000,0,0,0,0,0,0,0
7171,239.0,2554,57,33,1550,1004,0,0,1186,693.64,0.828,0.898,0.154,0.036,0.506,-0.963,2.005,0.3235,2.8025,0.602,0.001,0.021,0.116,0.064,132,69,0,4,105,0,62956.41,13519.071,12302.665,0.000,5484.212,33.832,18545.151,5387.409,2088.122,3786.007,3028.805,563.385,106.563,290.805,0.000170,-0.021694,1460,0,0,0,0,0,9300,142,0,0.000,0,0,0,0,0,0,0
7201,240.0,2511,45,35,1545,966,0,0,1117,702.32,0.817,0.889,0.155,0.037,0.513,-0.963,2.005,0.3225,2.7428,0.615,0.001,0.014,0.116,0.063,141,47,1,5,81,0,61754.51,13205.661,12144.363,0.275,4869.654,35.670,17834.008,5144.679,1937.326,4193.785,3355.028,399.836,152.470,245.116,0.000152,-0.022518,1225,0,0,1,1,0,9278,114,0,0.000,0,0,0,0,0,0,0
7231,241.0,2443,46,35,1525,918,0,0,1027,689.72,0.807,0.881,0.155,0.037,0.520,-0.963,2.006,0.3223,2.8036,0.617,0.001,0.015,0.116,0.062,145,49,2,10,84,0,61386.51,13070.446,12217.276,1.136,4965.761,38.544,17302.086,4977.591,1799.312,3633.579,2906.863,531.800,59.061,260.297,0.000087,-0.022423,1242,0,1,1,2,1,9324,164,1,1.136,0,0,0,0,0,0,0
7261,242.0,2419,59,35,1526,893,0,0,975,659.17,0.799,0.875,0.156,0.039,0.526,-0.963,2.006,0.3218,2.8545,0.594,0.001,0.019,0.116,0.061,137,53,8,4,63,0,61837.09,13181.308,12298.679,3.953,4557.767,37.902,16815.072,4820.086,1670.990,4769.568,3815.655,461.373,40.702,271.220,0.000127,-0.021447,1149,0,4,4,8,4,9195,146,4,3.952,0,0,0,0,0,0,0
7291,243.0,2404,66,35,1519,885,0,0,917,750.09,0.799,0.879,0.155,0.039,0.527,-0.963,2.008,0.3193,2.9290,0.603,0.001,0.015,0.115,0.060,140,52,3,8,68,0,63359.61,13169.983,13224.250,7.895,5200.881,36.122,16661.740,4859.425,1568.082,5255.806,4204.645,435.247,23.380,280.581,0.000105,-0.021624,1180,0,0,3,3,0,8971,138,3,7.895,0,0,0,0,0,0,0
7321,244.0,2431,73,35,1522,909,0,0,880,732.82,0.806,0.891,0.155,0.042,0.524,-0.963,2.006,0.3213,2.8967,0.603,0.001,0.013,0.114,0.060,149,36,4,5,44,0,65451.33,13613.012,13447.618,5.620,5175.277,40.157,16826.770,4982.007,1505.022,5338.006,4270.405,244.080,75.932,273.114,0.000164,-0.021143,1178,0,0,4,4,0,8715,165,4,5.620,0,0,0,0,0,0,0
7351,245.0,2464,65,35,1527,937,0,0,879,654.59,0.814,0.906,0.153,0.044,0.520,-0.964,2.005,0.3215,2.9940,0.600,0.001,0.017,0.113,0.059,174,41,1,2,57,0,68423.77,14014.281,15032.964,0.000,5394.132,37.556,17315.397,5289.285,1470.600,6272.537,5018.030,313.013,131.655,300.350,0.000190,-0.019928,1098,0,1,0,1,1,8597,114,0,0.000,0,0,0,0,0,0,0
7381,246.0,2513,61,35,1550,963,0,0,891,639.43,0.818,0.916,0.152,0.046,0.518,-0.964,2.004,0.3197,3.0398,0.594,0.002,0.019,0.112,0.057,150,58,1,3,42,0,71849.02,14593.497,15593.730,0.819,5991.933,36.447,17670.786,5520.162,1461.300,6749.664,5399.732,310.148,122.902,327.560,0.000175,-0.020538,1225,0,0,1,1,0,8644,136,0,0.000,0,0,0,0,0,0,0
7411,247.0,2599,69,35,1577,1022,0,0,891,634.89,0.829,0.935,0.151,0.047,0.511,-0.964,2.004,0.3198,3.0525,0.586,0.005,0.022,0.111,0.056,141,35,7,3,54,0,76841.86,15292.624,17782.307,6.899,5938.225,36.250,18280.866,5817.147,1467.587,8264.736,6611.789,367.540,177.479,325.427,0.000202,-0.020529,1246,0,4,3,7,4,8834,138,3,6.886,0,0,0,0,0,0,0
7441,248.0,2705,70,35,1597,1108,0,0,912,654.84,0.848,0.964,0.149,0.048,0.499,-0.964,2.005,0.3202,3.0048,0.591,0.006,0.016,0.110,0.055,148,33,10,4,64,0,81583.45,15996.509,18615.859,11.916,7239.834,30.803,19046.518,6205.036,1500.876,9933.118,7946.495,596.283,107.444,439.912,0.000160,-0.019765,1471,0,4,6,10,4,9063,196,6,11.899,0,0,0,0,0,0,0
7471,249.0,2841,75,35,1627,1214,0,0,927,626.67,0.867,0.996,0.147,0.050,0.487,-0.964,2.003,0.3197,3.0974,0.580,0.004,0.015,0.108,0.054,154,30,21,4,46,0,87497.88,16953.184,21580.058,29.238,8167.206,31.426,20371.389,6808.808,1520.967,10692.744,8554.196,1069.343,254.217,484.788,0.000151,-0.019407,1591,0,8,13,21,8,9260,177,13,29.219,0,0,0,0,0,0,0
7501,250.0,2969,63,36,1644,1325,0,0,1009,580.92,0.891,1.031,0.144,0.053,0.473,-0.963,2.003,0.3196,3.0978,0.574,0.005,0.011,0.107,0.054,155,30,30,2,58,0,92679.19,17654.901,22754.164,34.556,8370.612,34.110,21821.432,7543.100,1587.010,11489.310,9191.448,1328.655,184.737,499.508,0.000210,-0.020452,1631,0,15,15,30,15,9299,188,15,34.543,0,0,0,0,0,0,0
7531,251.0,3108,51,36,1675,1433,0,0,1075,493.18,0.908,1.059,0.143,0.055,0.463,-0.963,2.004,0.3218,3.1475,0.561,0.004,0.010,0.106,0.052,145,43,37,2,64,0,98201.73,18670.023,25131.329,45.006,9708.064,32.213,23200.843,8221.064,1733.684,12885.623,10308.499,1900.004,101.790,589.304,0.000201,-0.020577,1869,0,16,21,37,16,9317,186,21,44.985,0,0,0,0,0,0,0
7561,252.0,3294,57,36,1720,1574,0,0,1183,426.71,0.928,1.091,0.141,0.057,0.451,-0.964,2.007,0.3202,3.2185,0.549,0.003,0.008,0.105,0.051,143,47,62,0,52,0,103550.16,19605.484,28044.253,68.155,10404.399,32.122,24935.509,9076.068,1848.357,15706.177,12564.942,2551.528,72.748,744.016,0.000161,-0.020762,2035,0,32,30,62,32,9867,194,29,67.614,0,0,0,0,0,0,0
7591,253.0,3452,55,36,1735,1717,0,0,1312,551.53,0.952,1.126,0.140,0.058,0.437,-0.964,2.011,0.3213,3.2414,0.544,0.004,0.009,0.103,0.050,147,40,48,2,80,0,110323.16,20718.146,30628.084,58.824,11446.413,30.268,26701.376,9982.131,2065.463,15162.019,12129.616,1991.536,215.735,643.407,0.000278,-0.019942,2139,0,19,29,48,19,9982,145,28,56.965,0,0,0,0,0,0,0
7621,254.0,3586,63,36,1745,1841,0,0,1429,497.52,0.971,1.157,0.139,0.061,0.426,-0.965,2.011,0.3214,3.2654,0.548,0.004,0.009,0.102,0.049,140,46,87,1,92,0,115781.32,21778.756,33969.709,66.789,12237.791,28.157,28761.922,11168.445,2297.500,16910.117,13528.094,3680.002,218.104,849.110,0.000186,-0.019623,2372,0,56,31,87,56,9903,155,30,66.013,0,0,0,0,0,0,0
7651,255.0,3756,47,41,1774,1982,0,0,1565,422.24,0.989,1.183,0.137,0.064,0.415,-0.965,2.011,0.3229,3.2296,0.542,0.005,0.009,0.101,0.048,133,55,77,2,88,0,122509.55,22923.525,37165.396,51.551,12431.741,28.246,30412.396,12079.598,2497.562,18422.680,14738.144,3645.101,180.653,912.386,0.000162,-0.019309,2540,0,51,26,77,51,9744,241,26,51.255,0,0,0,0,0,0,0
7681,256.0,3875,54,41,1805,2070,0,0,1677,391.79,0.998,1.197,0.136,0.066,0.411,-0.965,2.009,0.3236,3.2659,0.525,0.003,0.008,0.100,0.048,137,38,129,1,104,0,127440.39,24062.232,38154.080,84.397,14306.022,30.172,31956.123,12941.445,2723.580,17956.547,14365.238,4866.566,220.149,1070.707,0.000291,-0.020058,2765,0,90,39,129,90,9979,239,38,82.833,0,0,0,0,0,0,0
7711,257.0,4072,45,41,1822,2250,0,0,1838,431.67,1.022,1.229,0.134,0.067,0.398,-0.966,2.011,0.3224,3.3034,0.512,0.004,0.007,0.099,0.048,132,36,72,4,132,0,134047.61,24713.389,40835.435,57.619,14724.083,27.243,33664.274,13815.926,2971.235,21035.172,16828.138,3287.733,67.524,985.492,0.000211,-0.018364,3039,0,42,30,72,42,10113,264,30,57.452,0,0,0,0,0,0,0
7741,258.0,4244,44,41,1857,2387,0,0,1993,407.07,1.036,1.246,0.134,0.068,0.391,-0.965,2.014,0.3252,3.2574,0.514,0.003,0.008,0.098,0.048,144,52,75,4,154,0,139972.30,25913.281,42564.770,44.800,16449.829,28.017,35632.420,14899.532,3263.494,21521.852,17217.482,3331.818,149.647,1016.884,0.000213,-0.018253,3194,0,47,28,75,47,10115,187,26,43.323,0,0,0,0,0,0,0
7771,259.0,4411,38,41,1886,2525,0,0,2177,327.58,1.049,1.265,0.133,0.071,0.384,-0.965,2.012,0.3261,3.2806,0.515,0.004,0.006,0.097,0.048,133,47,66,1,168,0,147063.33,27552.872,44959.658,41.813,16867.803,23.813,37706.563,15669.642,3573.946,21165.320,16932.256,3036.360,289.345,954.395,0.000237,-0.018706,3573,0,39,27,66,39,10429,179,26,40.499,0,0,0,0,0,0,0
7801,260.0,4618,44,38,1906,2712,0,0,2483,372.82,1.069,1.292,0.131,0.072,0.374,-0.965,2.015,0.3269,3.2649,0.506,0.002,0.006,0.096,0.048,127,31,89,1,182,0,152464.78,28504.851,47892.002,65.689,18969.612,24.014,39951.621,16841.699,4042.310,24331.227,19464.982,4183.210,122.912,1053.091,0.000214,-0.018526,3816,0,54,35,89,54,10537,135,35,65.363,0,0,0,0,0,0,0
7831,261.0,4742,50,38,1921,2821,0,0,2714,454.89,1.080,1.307,0.131,0.074,0.369,-0.965,2.013,0.3275,3.3044,0.517,0.005,0.005,0.096,0.048,134,45,107,5,211,0,156936.53,30206.903,48808.557,87.306,18520.760,24.037,41836.733,17790.624,4486.519,23131.870,18505.496,4685.794,161.517,1043.453,0.000185,-0.018160,3890,0,62,45,107,62,10905,111,45,87.128,0,0,0,0,0,0,0
7861,262.0,4880,53,38,1922,2958,0,0,2878,394.27,1.095,1.329,0.129,0.077,0.361,-0.965,2.021,0.3267,3.3160,0.519,0.004,0.004,0.095,0.047,130,33,111,0,224,0,162153.98,31203.260,52080.594,77.550,20149.720,21.163,43393.276,18564.146,4886.456,24457.054,19565.644,4950.080,215.792,1242.802,0.000432,-0.015172,4253,0,70,41,111,70,10842,201,41,77.338,0,0,0,0,0,0,0
7891,263.0,5023,38,38,1942,3081,0,0,3084,332.30,1.104,1.344,0.129,0.078,0.356,-0.965,2.023,0.3264,3.3871,0.509,0.002,0.005,0.095,0.047,136,34,117,0,254,0,167979.30,32261.007,55823.153,76.976,20704.045,22.988,45593.736,19762.733,5217.887,25899.880,20719.904,5233.335,167.982,1180.172,0.000304,-0.014169,4248,0,74,43,117,74,11045,141,43,76.778,0,0,0,0,0,0,0
7921,264.0,5119,45,38,1942,3177,0,0,3191,348.46,1.115,1.359,0.128,0.081,0.350,-0.964,2.023,0.3263,3.3524,0.509,0.003,0.005,0.094,0.046,132,31,101,4,304,0,171035.84,32402.537,55058.577,51.436,21638.023,23.630,46903.106,20265.808,5509.786,26001.496,20801.197,5146.677,197.312,1233.019,0.000262,-0.013616,4651,0,66,35,101,66,11115,154,34,50.990,0,0,0,0,0,0,0
7951,265.0,5263,48,40,1951,3312,0,0,3349,374.58,1.128,1.374,0.127,0.081,0.344,-0.964,2.020,0.3272,3.3179,0.508,0.004,0.004,0.094,0.046,132,46,95,4,285,0,174210.55,33051.726,57349.153,60.193,22060.735,19.441,48683.800,21097.416,5724.329,27821.386,22257.110,4700.088,324.784,1191.676,0.000289,-0.012756,4799,0,52,43,95,52,11001,188,42,59.839,0,0,0,0,0,0,0
7981,266.0,5347,35,40,1984,3363,0,0,3433,276.68,1.130,1.374,0.127,0.083,0.345,-0.964,2.016,0.3279,3.3390,0.506,0.002,0.005,0.094,0.046,97,27,127,0,305,0,175273.53,33707.247,57649.059,46.168,22344.539,21.165,49877.469,21644.517,5931.741,25986.724,20789.380,6125.407,156.459,1406.552,0.000337,-0.008652,5004,0,92,35,127,92,11312,221,33,45.319,0,0,0,0,0,0,0
8011,267.0,5346,41,40,2006,3340,0,0,3471,292.43,1.126,1.369,0.128,0.083,0.348,-0.964,2.019,0.3284,3.3129,0.506,0.004,0.004,0.095,0.045,112,32,168,2,321,0,177068.66,34333.561,59255.338,69.407,22818.931,21.514,50291.060,21847.896,6013.721,25167.066,20133.653,6978.637,134.642,1563.817,0.000412,-0.004581,5072,0,130,38,168,130,11587,280,38,69.094,0,0,0,0,0,0,0
8041,268.0,5387,37,40,2021,3366,0,0,3548,365.57,1.129,1.371,0.130,0.084,0.348,-0.964,2.016,0.3282,3.2912,0.505,0.001,0.005,0.095,0.046,107,43,179,7,307,0,179152.42,35468.677,59687.222,75.492,24344.641,19.341,50374.370,21842.674,6096.302,27835.511,22268.410,7389.402,260.673,1617.097,0.000274,-0.002908,5364,0,132,47,179,132,11549,196,46,74.950,0,0,0,0,0,0,0
8071,269.0,5403,40,40,2018,3385,0,0,3611,322.33,1.135,1.375,0.130,0.087,0.348,-0.963,2.016,0.3286,3.3536,0.505,0.002,0.004,0.094,0.046,112,31,197,3,312,0,181099.86,35904.424,60428.348,92.993,22637.059,19.037,50852.864,22187.378,6159.876,27373.279,21898.623,8001.939,161.001,1640.620,0.000180,-0.003088,5117,0,142,55,197,142,11323,198,53,91.772,0,0,0,0,0,0,0
8101,270.0,5375,39,41,1998,3377,0,0,3633,355.61,1.139,1.380,0.131,0.089,0.347,-0.963,2.018,0.3300,3.3159,0.505,0.003,0.004,0.094,0.045,108,26,206,2,329,0,180624.06,35877.879,59463.676,135.407,24141.523,18.789,51453.200,22460.240,6291.289,25790.260,20632.208,8727.336,216.260,1646.378,0.000365,-0.002274,5195,0,126,80,206,126,11090,157,80,135.162,0,0,0,0,0,0,0
8131,271.0,5408,32,41,1962,3446,0,0,3680,442.90,1.152,1.394,0.130,0.090,0.341,-0.962,2.019,0.3299,3.3085,0.499,0.001,0.005,0.093,0.045,101,31,219,4,317,0,180217.72,35371.100,61761.486,168.766,23803.163,18.363,51739.931,22622.043,6310.375,29554.646,23643.717,9241.151,266.715,1616.558,0.000240,-0.000658,5186,0,131,88,219,131,10805,145,88,168.466,0,0,0,0,0,0,0
8161,272.0,5326,30,41,1931,3395,0,0,3542,353.33,1.155,1.395,0.131,0.092,0.341,-0.962,2.021,0.3298,3.3192,0.498,0.001,0.005,0.092,0.046,112,27,236,6,356,0,176878.39,34516.946,60012.877,129.569,23912.808,18.078,51757.042,22448.241,6235.451,26586.625,21269.300,10232.573,114.923,1893.169,0.000249,-0.000892,5340,0,166,70,236,166,10379,252,69,128.955,0,0,0,0,0,0,0
8191,273.0,5233,30,41,1906,3327,0,0,3460,374.45,1.152,1.392,0.133,0.091,0.343,-0.962,2.025,0.3303,3.3445,0.507,0.001,0.004,0.093,0.046,105,37,236,6,333,0,174578.19,33948.433,59514.105,117.212,22239.190,19.115,51198.596,22177.889,6043.603,25195.671,20156.537,9411.972,248.014,1760.735,0.000311,-0.002428,5113,0,167,69,236,167,10630,245,68,114.985,0,0,0,0,0,0,0
8221,274.0,5187,32,41,1895,3292,0,0,3413,412.55,1.153,1.391,0.134,0.090,0.344,-0.962,2.025,0.3322,3.2732,0.515,0.002,0.005,0.092,0.045,105,33,214,3,362,0,172957.00,33585.022,58962.054,108.747,21985.034,21.370,50301.687,21731.552,5909.953,27541.080,22032.864,9080.493,92.705,1652.418,0.000323,-0.001802,5073,0,143,71,214,143,10343,178,69,107.542,0,0,0,0,0,0,0
8251,275.0,5106,27,39,1881,3225,0,0,3328,332.20,1.151,1.385,0.135,0.090,0.346,-0.962,2.027,0.3330,3.2859,0.507,0.003,0.004,0.092,0.046,104,30,223,0,319,0,169169.14,32636.703,57968.939,85.703,21772.778,19.355,49764.560,21550.856,5797.524,24342.637,19474.110,10583.748,130.686,1783.299,0.000256,-0.001334,5006,0,176,47,223,176,10442,175,46,84.634,0,0,0,0,0,0,0
8281,276.0,4999,41,39,1849,3150,0,0,3211,401.32,1.150,1.383,0.139,0.089,0.348,-0.963,2.028,0.3333,3.3113,0.517,0.004,0.004,0.093,0.045,97,28,254,1,338,0,165407.17,31962.675,57050.113,136.906,20797.636,19.597,49011.588,21068.370,5620.902,25133.487,20106.790,10277.477,189.127,1717.506,0.000236,-0.002663,4662,0,182,72,254,182,10289,162,71,135.752,0,0,0,0,0,0,0
8311,277.0,4981,31,39,1849,3132,0,0,3143,323.58,1.149,1.383,0.141,0.086,0.349,-0.963,2.030,0.3350,3.2707,0.503,0.003,0.004,0.093,0.045,109,38,195,3,317,0,164605.31,31198.238,57518.776,97.424,20468.088,19.936,48226.514,20815.012,5470.684,26093.711,20874.969,8083.163,261.181,1540.997,0.000239,-0.004400,4687,0,137,58,195,137,10134,146,58,96.912,0,0,0,0,0,0,0
8341,278.0,4894,32,39,1811,3083,0,0,3079,371.83,1.152,1.385,0.142,0.086,0.349,-0.963,2.033,0.3327,3.2949,0.509,0.002,0.005,0.093,0.045,93,38,217,1,308,0,160112.89,29953.061,53752.074,116.625,20368.414,16.621,47898.368,20740.412,5368.724,23411.503,18729.203,7924.588,228.919,1470.871,0.000251,-0.005445,4790,0,137,80,217,137,10053,148,79,115.859,0,0,0,0,0,0,0
8371,279.0,4711,36,39,1776,2935,0,0,2963,335.99,1.146,1.375,0.144,0.088,0.354,-0.963,2.034,0.3321,3.2969,0.505,0.000,0.004,0.093,0.045,106,47,257,1,325,0,153055.00,28694.340,51772.328,114.767,18719.532,17.985,46564.705,20020.755,5160.351,21809.311,17447.449,9727.898,154.758,1648.992,0.000208,-0.006393,4423,0,178,79,257,178,9783,163,79,114.206,0,0,0,0,0,0,0
8401,280.0,4606,32,40,1765,2841,0,0,2925,361.95,1.140,1.366,0.144,0.087,0.359,-0.963,2.041,0.3351,3.2744,0.511,0.002,0.004,0.094,0.045,102,49,161,1,298,0,148082.70,27709.349,49223.003,69.136,18050.074,18.606,44986.111,19323.720,5053.691,19859.996,15887.997,7007.424,242.971,1387.866,0.000240,-0.005137,4416,0,117,44,161,117,9779,219,43,68.132,0,0,0,0,0,0,0
8431,281.0,4537,43,40,1753,2784,0,0,2892,328.30,1.137,1.361,0.145,0.085,0.361,-0.963,2.037,0.3370,3.2762,0.511,0.001,0.004,0.094,0.045,97,34,120,1,284,0,145689.94,26870.939,49596.908,80.005,17443.288,17.619,44279.412,18876.811,5002.199,18223.335,14578.668,5767.464,171.077,1198.993,0.000269,-0.006739,4261,0,79,41,120,79,9717,226,41,79.486,0,0,0,0,0,0,0
8461,282.0,4444,31,40,1732,2712,0,0,2796,325.74,1.133,1.355,0.145,0.083,0.364,-0.963,2.040,0.3371,3.2779,0.508,0.001,0.003,0.094,0.045,101,40,132,1,295,0,140351.86,25556.044,45824.463,84.009,16918.090,17.703,43105.482,18256.262,4854.144,18493.711,14794.969,5589.775,88.095,1210.092,0.000313,-0.008139,4232,0,84,48,132,84,9637,257,48,83.431,0,0,0,0,0,0,0
8491,283.0,4278,36,40,1695,2583,0,0,2699,387.44,1.127,1.343,0.146,0.080,0.369,-0.963,2.043,0.3349,3.2082,0.518,0.001,0.003,0.095,0.044,109,40,150,3,291,0,134259.25,24657.030,42799.634,77.894,14895.533,20.106,41777.938,17421.205,4678.124,15767.376,12613.901,5398.460,77.403,1120.565,0.000176,-0.008504,3702,0,100,50,150,100,9448,223,47,76.951,0,0,0,0,0,0,0
8521,284.0,4123,33,40,1665,2458,0,0,2562,277.98,1.120,1.332,0.148,0.079,0.375,-0.962,2.046,0.3354,3.2200,0.518,0.001,0.003,0.094,0.045,92,42,142,0,284,0,127326.91,23535.574,41031.431,44.941,15383.824,18.727,40173.869,16486.656,4505.964,15741.453,12593.163,6021.792,36.912,1170.796,0.000190,-0.009426,3752,0,108,34,142,108,9148,185,31,43.660,0,0,0,0,0,0,0
8551,285.0,3977,30,41,1638,2339,0,0,2498,369.67,1.111,1.321,0.151,0.078,0.381,-0.962,2.047,0.3358,3.1870,0.533,0.001,0.002,0.095,0.044,100,44,125,2,249,0,121505.73,22309.410,38464.443,75.641,14038.537,20.554,38344.086,15399.183,4273.737,13622.879,10898.303,4908.481,43.338,977.275,0.000219,-0.010189,3495,0,87,38,125,87,9025,208,38,75.463,0,0,0,0,0,0,0
8581,286.0,3799,21,41,1594,2205,0,0,2336,399.17,1.100,1.309,0.153,0.077,0.387,-0.962,2.048,0.3385,3.1794,0.536,0.001,0.002,0.095,0.044,105,47,119,3,278,0,114970.10,21370.695,35764.034,94.892,12757.198,19.640,36704.233,14476.342,4128.894,13319.153,10655.323,4873.394,30.552,888.009,0.000230,-0.009892,3100,0,61,58,119,61,8890,184,58,94.779,0,0,0,0,0,0,0
8611,287.0,3635,37,41,1570,2065,0,0,2189,365.73,1.085,1.290,0.154,0.077,0.396,-0.963,2.048,0.3384,3.2133,0.540,0.001,0.002,0.096,0.043,105,59,105,3,229,0,108336.45,19938.831,32843.699,54.112,11605.937,19.033,34660.384,13683.745,3862.099,11623.731,9298.985,4098.876,28.704,811.746,0.000275,-0.008334,2726,0,75,30,105,75,8610,126,30,53.964,0,0,0,0,0,0,0
8641,288.0,3483,26,41,1572,1911,0,0,2046,336.48,1.062,1.260,0.156,0.075,0.411,-0.963,2.051,0.3391,3.1703,0.543,0.001,0.002,0.096,0.043,107,39,96,1,222,0,102304.06,18983.949,30431.300,36.799,10967.672,22.250,32675.121,12667.632,3604.021,9843.179,7874.543,3706.188,9.494,853.336,0.000152,-0.008792,2655,0,73,23,96,73,8431,191,23,36.548,0,0,0,0,0,0,0
8671,289.0,3313,37,41,1534,1779,0,0,1860,453.02,1.047,1.241,0.157,0.072,0.420,-0.964,2.053,0.3388,3.1323,0.551,0.003,0.002,0.097,0.043,101,50,83,5,218,0,96702.11,17885.339,28540.784,55.528,10368.607,21.816,30712.699,11765.223,3359.922,9255.996,7404.797,3644.439,45.688,704.433,0.000200,-0.007132,2559,0,48,35,83,48,8164,192,34,54.796,0,0,0,0,0,0,0
8701,290.0,3181,24,39,1504,1677,0,0,1697,511.23,1.035,1.225,0.157,0.072,0.428,-0.963,2.053,0.3377,3.0891,0.559,0.001,0.001,0.098,0.042,122,50,70,2,192,0,92573.78,17032.626,27055.594,57.251,9316.387,18.202,28899.854,11023.294,3032.782,8784.208,7027.367,2953.358,30.879,576.796,0.000241,-0.005097,2312,0,37,33,70,37,7997,190,33,57.162,0,0,0,0,0,0,0
8731,291.0,3013,32,39,1455,1558,0,0,1518,404.98,1.024,1.210,0.160,0.073,0.435,-0.963,2.053,0.3357,3.1941,0.557,0.002,0.004,0.098,0.042,109,63,105,5,165,0,85068.83,15774.611,23480.195,72.272,8901.553,22.090,27593.137,10441.124,2757.608,8407.764,6726.211,3667.155,44.106,647.348,0.000145,-0.004442,2181,0,57,48,105,57,7862,179,48,72.213,0,0,0,0,0,0,0
8761,292.0,2883,30,39,1440,1443,0,0,1398,423.46,1.001,1.184,0.162,0.072,0.448,-0.963,2.054,0.3360,3.1896,0.570,0.003,0.003,0.099,0.043,120,67,68,1,144,0,79569.88,15027.807,21871.804,49.699,7830.640,22.862,25647.283,9622.350,2494.941,7103.006,5682.405,2672.601,31.135,559.353,0.000125,-0.004403,1937,0,41,27,68,41,7792,182,27,49.642,0,0,0,0,0,0,0
8791,293.0,2736,31,39,1417,1319,0,0,1304,494.95,0.977,1.155,0.165,0.072,0.462,-0.963,2.053,0.3361,3.1330,0.572,0.001,0.002,0.099,0.043,100,64,61,3,146,0,74296.66,14327.325,19229.433,38.029,7412.640,23.590,23948.897,8722.051,2309.858,6062.748,4850.198,2167.509,34.374,472.764,0.000202,-0.004453,1792,0,36,25,61,36,7706,132,25,37.967,0,0,0,0,0,0,0
8821,294.0,2566,29,39,1392,1174,0,0,1185,513.03,0.943,1.117,0.168,0.070,0.481,-0.963,2.058,0.3387,3.0666,0.585,0.003,0.003,0.101,0.043,130,54,65,3,154,0,70341.52,13663.044,17894.603,41.759,6686.201,28.333,22000.873,7881.852,2129.077,4924.865,3939.892,2101.352,5.577,450.844,0.000187,-0.003622,1604,0,35,30,65,35,7447,151,30,41.711,0,0,0,0,0,0,0
8851,295.0,2438,24,35,1342,1096,0,0,1095,559.63,0.933,1.103,0.169,0.070,0.487,-0.964,2.062,0.3369,3.1085,0.582,0.001,0.003,0.102,0.042,123,54,57,5,119,0,66576.11,12809.835,16383.190,47.158,6462.848,26.207,20388.780,7135.811,1966.967,5249.729,4199.783,2005.393,1.076,457.620,0.000110,-0.003068,1506,0,28,29,57,28,7119,134,28,46.992,0,0,0,0,0,0,0
8881,296.0,2303,34,35,1315,988,0,0,1008,495.33,0.908,1.072,0.172,0.068,0.503,-0.963,2.065,0.3378,3.1333,0.589,0.002,0.002,0.103,0.042,107,58,74,3,106,0,61992.32,12185.266,14641.138,55.629,5723.775,26.359,19016.084,6522.497,1803.080,4994.474,3995.579,2642.461,0.889,481.913,0.000129,-0.003759,1322,0,44,30,74,44,6955,104,30,55.594,0,0,0,0,0,0,0
8911,297.0,2190,25,35,1280,910,0,0,861,558.43,0.890,1.051,0.175,0.066,0.514,-0.962,2.065,0.3368,3.1428,0.587,0.004,0.003,0.104,0.042,124,50,63,4,106,0,59198.12,11697.019,14490.351,55.973,5022.482,28.140,17630.034,5986.307,1588.180,5037.749,4030.200,2406.860,23.341,395.267,0.000145,-0.004227,1170,0,28,35,63,28,6871,141,35,55.906,0,0,0,0,0,0,0
8941,298.0,2126,34,35,1262,864,0,0,773,522.23,0.876,1.037,0.176,0.066,0.521,-0.963,2.066,0.3387,3.1753,0.589,0.005,0.005,0.105,0.042,123,51,38,2,74,0,57390.51,11203.481,13216.564,37.198,5207.034,28.058,16619.499,5662.010,1383.650,4729.730,3783.784,1219.874,84.441,349.438,0.000204,-0.005539,1149,0,12,26,38,12,6634,92,26,37.154,0,0,0,0,0,0,0
8971,299.0,2075,34,35,1242,833,0,0,686,536.58,0.870,1.031,0.178,0.068,0.525,-0.963,2.066,0.3385,3.0937,0.596,0.004,0.004,0.105,0.043,116,47,41,0,66,0,56380.86,11078.148,13343.710,64.354,4789.854,28.135,15988.565,5471.484,1217.106,4787.477,3829.981,1477.623,82.611,300.976,0.000200,-0.006411,1009,0,13,28,41,13,6500,53,28,64.345,0,0,0,0,0,0,0
9001,300.0,2039,37,35,1235,804,0,0,654,517.74,0.862,1.020,0.179,0.066,0.531,-0.963,2.070,0.3394,3.0882,0.602,0.004,0.005,0.106,0.042,136,46,22,4,46,0,55568.41,11044.681,12028.120,20.909,4206.379,33.169,15693.302,5257.782,1123.904,3787.848,3030.278,764.439,31.767,277.396,0.000124,-0.007407,913,0,9,13,22,9,6404,62,13,20.896,0,0,0,0,0,0,0
9031,301.0,2035,46,35,1249,786,0,0,611,603.53,0.851,1.009,0.181,0.065,0.537,-0.964,2.070,0.3381,3.1324,0.578,0.002,0.006,0.106,0.041,144,37,15,6,58,0,56626.83,10901.348,13503.256,24.356,4475.168,31.304,15327.516,5122.587,1042.621,4921.146,3936.917,514.195,110.243,269.151,0.000249,-0.009247,916,0,5,10,15,5,6452,91,10,24.347,0,0,0,0,0,0,0
9061,302.0,2032,34,35,1262,770,0,0,581,532.50,0.839,0.999,0.182,0.063,0.543,-0.965,2.073,0.3398,3.0894,0.592,0.004,0.008,0.106,0.040,129,48,30,1,46,0,57070.00,11167.451,12683.876,31.469,4544.888,29.466,15131.971,5014.478,985.552,5415.762,4332.610,948.910,4.322,271.244,0.000132,-0.009425,835,0,13,17,30,13,6602,31,17,31.439,0,0,0,0,0,0,0
9091,303.0,2042,32,35,1279,763,0,0,553,489.51,0.832,0.991,0.182,0.063,0.547,-0.966,2.071,0.3402,3.0660,0.574,0.005,0.008,0.107,0.039,153,48,36,2,30,0,58533.87,11318.855,13889.039,24.437,4569.306,28.219,14970.501,4996.858,922.285,5613.125,4490.500,1385.087,32.498,338.601,0.000117,-0.008865,877,0,24,12,36,24,6755,65,12,24.332,0,0,0,0,0,0,0
9121,304.0,2038,26,35,1285,753,0,0,529,489.42,0.824,0.984,0.179,0.063,0.550,-0.965,2.073,0.3414,3.1777,0.565,0.005,0.008,0.108,0.039,154,38,40,1,48,0,59761.17,11512.405,13175.431,39.773,4680.823,33.134,14875.936,4871.682,879.678,5419.311,4335.449,1390.622,54.871,343.663,0.000142,-0.007995,895,0,19,21,40,19,6921,65,21,39.705,0,0,0,0,0,0,0
9151,305.0,2105,35,31,1304,801,0,0,505,475.94,0.837,1.003,0.178,0.064,0.542,-0.964,2.074,0.3420,3.1070,0.562,0.007,0.006,0.107,0.038,161,38,38,0,26,0,62182.46,11845.712,14663.152,43.410,5278.516,30.986,15096.174,5063.947,821.080,7578.568,6062.855,1232.690,31.055,370.318,0.000161,-0.006175,976,0,16,22,38,16,6968,84,22,43.278,0,0,0,0,0,0,0
9181,306.0,2153,53,31,1337,816,0,0,472,422.48,0.834,1.001,0.180,0.063,0.544,-0.964,2.072,0.3415,3.2748,0.557,0.006,0.004,0.107,0.038,166,47,51,0,33,0,65358.11,12510.429,16353.840,51.311,5259.000,32.670,15526.621,5309.827,778.015,7872.002,6297.602,2016.240,94.091,440.745,0.000144,-0.005321,944,0,30,21,51,30,6981,78,21,51.153,0,0,0,0,0,0,0
9211,307.0,2255,46,31,1371,884,0,0,477,440.66,0.850,1.025,0.178,0.063,0.534,-0.963,2.074,0.3422,3.2184,0.554,0.006,0.003,0.107,0.037,160,39,38,0,27,0,69884.47,13013.232,17987.662,56.822,5759.241,28.338,16332.833,5660.966,743.316,9160.343,7328.274,1508.119,74.037,380.015,0.000216,-0.003214,1056,0,17,21,38,17,6971,56,21,56.754,0,0,0,0,0,0,0
9241,308.0,2371,55,31,1405,966,0,0,481,483.04,0.865,1.052,0.175,0.064,0.523,-0.963,2.074,0.3428,3.2925,0.534,0.006,0.003,0.107,0.037,183,37,38,0,21,0,74872.61,13686.504,19665.172,29.580,6048.401,29.841,17278.964,6175.140,745.688,9534.996,7627.997,1792.443,10.383,483.501,0.000167,-0.001143,1151,0,22,16,38,22,7035,124,16,29.438,0,0,0,0,0,0,0
9271,309.0,2513,43,31,1458,1055,0,0,461,517.69,0.881,1.074,0.173,0.065,0.513,-0.964,2.075,0.3442,3.3023,0.530,0.004,0.001,0.107,0.036,192,39,55,2,39,0,79378.73,14705.860,21254.395,40.968,6501.787,32.140,18621.172,6839.815,723.698,12293.664,9834.931,2264.316,100.308,487.064,0.000242,0.000073,1193,0,34,21,55,34,7464,104,21,40.861,0,0,0,0,0,0,0
9301,310.0,2635,60,33,1492,1143,0,0,467,412.96,0.898,1.099,0.172,0.064,0.503,-0.963,2.071,0.3439,3.3405,0.512,0.006,0.002,0.106,0.035,158,42,84,0,27,0,83698.80,15451.017,23284.116,66.720,7572.072,27.461,19829.972,7477.709,699.068,12434.548,9947.638,3267.278,18.548,702.305,0.000240,0.001415,1405,0,49,35,84,49,7282,192,35,66.555,0,0,0,0,0,0,0
9331,311.0,2800,59,33,1525,1275,0,0,550,403.95,0.925,1.136,0.168,0.066,0.487,-0.964,2.070,0.3463,3.4059,0.505,0.008,0.003,0.105,0.035,183,51,59,1,21,0,90462.71,16371.001,26177.825,72.505,8923.067,25.309,21454.384,8237.957,767.529,13694.234,10955.388,2099.139,4.964,554.592,0.000245,0.001757,1551,0,27,32,59,27,7552,103,32,72.373,0,0,0,0,0,0,0
9361,312.0,2984,38,33,1573,1411,0,0,615,317.33,0.945,1.164,0.167,0.065,0.473,-0.964,2.071,0.3460,3.2301,0.508,0.006,0.006,0.105,0.034,180,51,65,0,32,0,97615.39,17574.486,29300.034,49.857,9856.453,27.869,23305.855,9193.240,869.740,15379.825,12303.860,2557.130,79.527,690.242,0.000103,0.001527,1797,0,46,19,65,46,8120,92,19,49.637,0,0,0,0,0,0,0
9391,313.0,3155,47,33,1612,1543,0,0,697,333.46,0.965,1.193,0.164,0.066,0.461,-0.964,2.073,0.3491,3.3881,0.506,0.006,0.004,0.104,0.034,149,57,85,0,43,0,102619.37,18529.827,30175.697,79.143,10896.067,25.210,25189.504,10035.120,990.145,16420.392,13136.314,3427.475,69.424,784.949,0.000210,0.002201,2041,0,48,37,85,48,8158,134,37,78.786,0,0,0,0,0,0,0
9421,314.0,3371,52,33,1672,1699,0,0,815,302.89,0.983,1.218,0.162,0.069,0.450,-0.964,2.073,0.3478,3.3985,0.497,0.005,0.004,0.104,0.034,149,59,53,0,43,0,109664.85,20039.968,32140.803,42.869,11711.495,21.687,27170.045,11070.570,1138.427,17051.815,13641.453,1688.661,37.452,662.634,0.000182,0.002542,2275,0,29,24,53,29,8556,97,24,42.686,0,0,0,0,0,0,0
9451,315.0,3576,37,32,1724,1852,0,0,967,325.62,1.000,1.242,0.159,0.069,0.440,-0.964,2.075,0.3493,3.3999,0.489,0.005,0.003,0.103,0.033,151,65,67,0,59,0,116005.91,21496.035,34757.435,69.503,12614.051,23.486,29544.173,12239.078,1374.077,18135.803,14508.643,2367.985,16.357,813.082,0.000170,0.003072,2520,0,33,34,67,33,8912,214,33,68.882,0,0,0,0,0,0,0
9481,316.0,3764,37,32,1787,1977,0,0,1102,358.40,1.010,1.256,0.159,0.070,0.434,-0.965,2.079,0.3483,3.4671,0.477,0.005,0.002,0.102,0.033,148,70,93,0,67,0,122086.62,22802.164,37993.516,62.967,13935.834,21.241,31457.680,13195.461,1611.128,19091.388,15273.111,3781.389,0.000,914.012,0.000229,0.004203,2860,0,62,31,93,62,9334,194,30,61.791,0,0,0,0,0,0,0
9511,317.0,3938,47,32,1827,2111,0,0,1302,324.89,1.025,1.276,0.157,0.069,0.426,-0.965,2.085,0.3484,3.4742,0.484,0.005,0.003,0.102,0.033,151,78,87,1,95,0,128943.24,24482.712,40249.420,57.998,15095.732,21.785,33453.462,14133.754,1923.558,20421.215,16336.972,3266.324,78.355,993.806,0.000172,0.005266,3116,0,55,32,87,55,9432,213,30,57.027,0,0,0,0,0,0,0
9541,318.0,4181,32,32,1894,2287,0,0,1530,323.64,1.039,1.295,0.156,0.070,0.418,-0.965,2.089,0.3491,3.4652,0.474,0.003,0.003,0.101,0.033,176,63,46,0,155,0,137309.12,25962.037,43619.810,37.594,15725.083,22.829,35766.178,15283.387,2270.069,23656.772,18925.418,2290.291,126.289,785.994,0.000250,0.005180,3177,0,21,25,46,21,9657,150,25,37.453,0,0,0,0,0,0,0
9571,319.0,4400,36,32,1956,2444,0,0,1808,265.44,1.051,1.309,0.154,0.071,0.412,-0.965,2.088,0.3517,3.4018,0.473,0.003,0.003,0.101,0.032,155,60,55,1,146,0,145496.94,27814.827,46245.685,32.421,18090.168,25.405,38343.947,16421.606,2752.154,22721.603,18177.283,2707.293,139.554,996.245,0.000153,0.006679,3791,0,39,16,55,39,10033,149,16,32.266,0,0,0,0,0,0,0
9601,320.0,4620,37,35,2013,2607,0,0,2046,280.08,1.065,1.324,0.153,0.071,0.406,-0.964,2.085,0.3524,3.4657,0.466,0.004,0.002,0.100,0.033,154,59,82,1,187,0,152466.16,29729.690,49288.605,40.111,19456.419,21.734,40807.140,17633.610,3209.851,26297.310,21037.848,3943.372,78.578,1157.168,0.000234,0.006533,4100,0,60,22,82,60,10479,146,22,39.895,0,0,0,0,0,0,0
9631,321.0,4880,25,35,2067,2813,0,0,2397,249.33,1.081,1.345,0.152,0.072,0.397,-0.963,2.083,0.3543,3.3972,0.457,0.005,0.002,0.099,0.033,144,53,65,1,190,0,159728.12,31229.207,51842.779,28.164,20867.725,21.681,43332.051,18753.591,3710.629,27331.288,21865.030,3289.785,153.323,1132.555,0.000277,0.007878,4417,0,49,16,65,49,10645,163,16,28.005,0,0,0,0,0,0,0
9661,322.0,5062,41,35,2104,2958,0,0,2785,230.62,1.090,1.358,0.153,0.073,0.391,-0.963,2.087,0.3542,3.4589,0.464,0.003,0.002,0.099,0.033,142,45,75,1,224,0,165123.00,32502.566,53098.146,28.384,22187.188,21.359,46168.438,20162.690,4406.394,25509.736,20407.790,2923.622,125.304,1345.827,0.000237,0.009877,4955,0,53,22,75,53,11020,248,20,27.232,0,0,0,0,0,0,0
9691,323.0,5194,30,35,2144,3050,0,0,3042,280.03,1.094,1.363,0.153,0.073,0.389,-0.962,2.091,0.3545,3.4645,0.463,0.002,0.003,0.100,0.033,120,48,88,0,267,0,168728.75,34053.965,54392.695,33.014,23300.914,17.525,47772.440,20983.139,4969.636,25651.866,20521.493,4437.338,143.705,1437.303,0.000280,0.013630,5424,0,62,26,88,62,11154,371,26,32.594,0,0,0,0,0,0,0
9721,324.0,5275,36,35,2137,3138,0,0,3331,256.74,1.104,1.376,0.153,0.074,0.384,-0.962,2.095,0.3536,3.4456,0.464,0.002,0.002,0.100,0.033,140,37,125,0,290,0,172545.95,35085.672,56802.038,74.792,23525.767,18.649,49269.220,21766.652,5495.829,26237.662,20990.130,4831.069,104.009,1430.993,0.000326,0.016124,5453,0,74,51,125,74,11271,303,51,74.367,0,0,0,0,0,0,0
9751,325.0,5329,48,39,2160,3169,0,0,3509,252.85,1.105,1.376,0.153,0.076,0.384,-0.961,2.099,0.3540,3.4612,0.456,0.002,0.003,0.100,0.034,117,26,126,0,320,0,173571.23,35954.477,55807.340,88.488,24045.973,18.706,50099.348,22061.611,5878.212,25342.608,20274.087,6086.448,102.832,1528.040,0.000277,0.015714,5521,0,79,47,126,79,11544,204,44,86.219,0,0,0,0,0,0,0
9781,326.0,5339,37,39,2132,3207,0,0,3529,266.68,1.115,1.385,0.153,0.077,0.380,-0.961,2.094,0.3536,3.4161,0.467,0.002,0.004,0.100,0.035,108,23,153,0,355,0,176640.42,37034.276,58723.460,101.240,24592.003,14.264,50332.594,22234.640,6060.425,26495.037,21196.030,7118.908,121.392,1622.827,0.000301,0.016511,5798,0,94,59,153,94,11446,294,59,100.766,0,0,0,0,0,0,0
9811,327.0,5425,31,39,2119,3306,0,0,3576,308.29,1.128,1.400,0.152,0.077,0.374,-0.962,2.099,0.3532,3.3932,0.466,0.003,0.005,0.099,0.035,114,24,149,0,341,0,180388.28,37396.618,60692.092,101.467,25346.258,16.169,51447.637,22702.685,6158.017,29428.919,23543.136,6604.573,70.111,1573.523,0.000450,0.020705,5728,0,88,61,149,88,11377,254,60,100.408,0,0,0,0,0,0,0
9841,328.0,5493,21,39,2095,3398,0,0,3636,311.54,1.141,1.415,0.151,0.079,0.367,-0.962,2.101,0.3542,3.4553,0.466,0.001,0.006,0.098,0.034,115,26,203,0,306,0,182534.25,37398.701,62658.345,129.647,25691.516,14.941,52864.104,23522.547,6203.345,29584.022,23667.218,7666.205,154.631,1713.091,0.000316,0.023785,5812,0,121,82,203,121,11403,243,82,129.411,0,0,0,0,0,0,0
9871,329.0,5502,32,39,2083,3419,0,0,3676,306.88,1.146,1.420,0.151,0.078,0.365,-0.962,2.105,0.3542,3.4477,0.470,0.001,0.005,0.098,0.034,110,31,215,1,349,0,182452.00,37394.434,62574.552,126.106,25005.276,17.418,53667.995,23782.008,6353.922,29297.165,23437.733,8561.444,192.851,1759.694,0.000390,0.026778,5767,0,136,79,215,136,11282,213,79,125.811,0,0,0,0,0,0,0
9901,330.0,5485,22,44,2063,3422,0,0,3645,271.32,1.150,1.424,0.151,0.078,0.363,-0.962,2.108,0.3541,3.4271,0.470,0.003,0.005,0.098,0.035,99,41,173,0,348,0,182348.38,37224.665,60484.974,87.484,25126.370,17.075,53837.880,23533.024,6343.455,26811.117,21448.894,7074.056,190.151,1559.966,0.000346,0.029923,5733,0,108,65,173,108,11576,162,65,87.260,0,0,0,0,0,0,0
9931,331.0,5510,26,44,2083,3427,0,0,3657,310.73,1.149,1.419,0.152,0.077,0.364,-0.962,2.113,0.3534,3.3440,0.473,0.001,0.004,0.098,0.034,107,35,127,0,393,0,184104.52,37277.165,62438.913,91.475,25166.312,15.872,53939.468,23501.517,6318.373,28095.378,22476.303,6932.561,185.694,1554.709,0.000226,0.031213,5828,0,80,47,127,80,11423,251,45,90.490,0,0,0,0,0,0,0
9961,332.0,5582,27,44,2091,3491,0,0,3788,251.54,1.155,1.425,0.151,0.078,0.362,-0.962,2.111,0.3536,3.4321,0.466,0.000,0.003,0.097,0.034,120,34,126,1,350,0,186716.08,37160.478,63850.401,67.393,25734.327,18.998,54732.462,23935.223,6490.353,28783.457,23026.766,5740.934,230.039,1581.010,0.000221,0.032164,6026,0,86,40,126,86,11527,293,40,67.221,0,0,0,0,0,0,0
9991,333.0,5481,27,44,2059,3422,0,0,3780,286.86,1.155,1.424,0.153,0.078,0.364,-0.963,2.112,0.3536,3.3898,0.465,0.001,0.004,0.097,0.034,101,35,219,2,354,0,181898.31,36492.766,59510.422,104.625,24729.606,17.642,54938.115,23822.749,6542.070,25220.331,20176.265,8606.293,157.005,1815.293,0.000386,0.031327,5843,0,149,70,219,149,11964,303,68,103.274,0,0,0,0,0,0,0
10021,334.0,5411,17,44,2020,3391,0,0,3708,281.72,1.159,1.428,0.156,0.079,0.362,-0.963,2.115,0.3572,3.3654,0.470,0.000,0.004,0.097,0.033,107,33,263,0,344,0,177540.59,35539.252,62740.578,157.953,24331.324,16.024,54181.938,23560.195,6527.629,27800.610,22240.488,10917.240,129.711,1918.660,0.000358,0.031391,5888,0,162,101,263,162,11365,334,100,157.432,0,0,0,0,0,0,0
10051,335.0,5356,37,43,2028,3328,0,0,3688,292.02,1.154,1.419,0.159,0.081,0.366,-0.964,2.117,0.3575,3.3778,0.468,0.001,0.004,0.097,0.033,91,25,195,1,348,0,174502.03,34673.681,60107.900,79.555,23693.016,15.795,53102.893,22853.327,6355.530,25210.495,20168.396,8625.356,87.802,1832.695,0.000260,0.028952,5761,0,150,45,195,150,11407,372,44,78.692,0,0,0,0,0,0,0
10081,336.0,5327,31,43,1993,3334,0,0,3653,287.27,1.160,1.427,0.158,0.081,0.363,-0.964,2.121,0.3587,3.3697,0.479,0.002,0.003,0.098,0.032,99,17,147,2,356,0,173806.88,34476.679,59606.333,76.896,23103.439,15.044,52973.432,22723.219,6355.160,24598.642,19678.914,6299.859,171.459,1412.206,0.000433,0.027486,5570,0,90,57,147,90,11200,303,55,75.769,0,0,0,0,0,0,0
10111,337.0,5279,22,43,1973,3306,0,0,3647,323.20,1.162,1.428,0.160,0.082,0.363,-0.965,2.124,0.3596,3.3024,0.477,0.001,0.004,0.098,0.031,105,26,147,2,376,0,170434.69,33165.409,58550.642,89.247,22651.959,15.521,53215.675,22755.679,6336.857,25053.867,20043.094,6331.371,167.302,1359.830,0.000229,0.026629,5445,0,94,53,147,94,10716,240,53,89.003,0,0,0,0,0,0,0
10141,338.0,5137,30,43,1936,3201,0,0,3503,374.88,1.158,1.424,0.160,0.082,0.366,-0.966,2.123,0.3626,3.3572,0.498,0.002,0.004,0.098,0.032,115,30,157,2,393,0,164735.05,32681.150,55075.247,79.821,22162.379,19.073,52231.313,22215.383,6208.503,21954.053,17563.243,6978.597,122.777,1388.463,0.000315,0.027043,5371,0,105,52,157,105,10441,257,51,78.779,0,0,0,0,0,0,0
10171,339.0,4977,23,43,1892,3085,0,0,3370,327.62,1.155,1.417,0.162,0.083,0.369,-0.965,2.122,0.3641,3.3364,0.493,0.001,0.004,0.098,0.033,96,25,167,0,393,0,159009.50,31746.632,53153.205,75.916,21000.747,19.858,50655.285,21434.591,5937.712,21074.009,16859.207,6879.682,216.793,1362.447,0.000225,0.026997,4978,0,98,69,167,98,10422,239,67,74.238,0,0,0,0,0,0,0
10201,340.0,4847,27,49,1880,2967,0,0,3304,272.44,1.147,1.405,0.163,0.081,0.375,-0.965,2.123,0.3628,3.3357,0.485,0.001,0.003,0.099,0.033,95,41,147,0,354,0,152752.03,30132.834,50674.044,69.442,20711.459,16.611,48938.041,20500.905,5769.740,20407.627,16326.102,6484.128,26.850,1332.593,0.000247,0.027979,5009,0,103,44,147,103,10035,198,41,67.371,0,0,0,0,0,0,0
10231,341.0,4687,31,49,1834,2853,0,0,3160,430.89,1.144,1.400,0.165,0.081,0.378,-0.966,2.120,0.3657,3.3443,0.509,0.000,0.004,0.099,0.034,102,41,164,1,353,0,147347.02,28960.358,49338.812,90.820,18319.458,18.671,47295.561,19676.483,5552.384,19784.054,15827.243,6038.035,65.819,1209.917,0.000282,0.028696,4528,0,94,70,164,94,9580,194,69,90.556,0,0,0,0,0,0,0
10261,342.0,4438,38,49,1774,2664,0,0,2833,331.64,1.134,1.385,0.167,0.082,0.385,-0.966,2.121,0.3657,3.3102,0.506,0.001,0.005,0.100,0.034,105,37,209,1,345,0,139072.81,27918.257,45439.056,119.670,18257.255,21.592,45159.342,18744.459,5120.049,17103.829,13683.063,7860.558,90.115,1355.902,0.000318,0.031833,4326,0,139,70,209,139,9231,205,70,119.571,0,0,0,0,0,0,0
10291,343.0,4238,33,49,1716,2522,0,0,2620,339.48,1.128,1.376,0.171,0.082,0.389,-0.966,2.121,0.3629,3.2965,0.517,0.003,0.003,0.100,0.033,98,47,189,0,310,0,133492.55,26545.615,44902.820,137.921,16371.316,16.432,42717.239,17717.282,4682.707,17092.416,13673.933,7301.054,171.309,1158.553,0.000266,0.034402,3913,0,112,77,189,112,8895,131,75,137.264,0,0,0,0,0,0,0
10321,344.0,4125,24,49,1700,2425,0,0,2467,291.23,1.119,1.364,0.173,0.081,0.395,-0.966,2.120,0.3641,3.2339,0.512,0.002,0.005,0.101,0.033,98,51,112,0,274,0,129347.26,24888.185,41861.874,49.248,15669.358,17.707,40889.236,16619.466,4331.129,15920.856,12736.685,4839.034,107.955,973.604,0.000152,0.034019,3637,0,77,35,112,77,8686,153,35,49.211,0,0,0,0,0,0,0
10351,345.0,4055,28,50,1682,2373,0,0,2405,329.48,1.114,1.358,0.174,0.081,0.397,-0.966,2.117,0.3652,3.2442,0.520,0.001,0.005,0.101,0.033,127,45,90,0,234,0,124630.77,23720.159,38981.499,58.840,15290.995,20.215,39697.593,15905.531,4163.799,14772.382,11817.906,3700.128,165.546,889.913,0.000248,0.035261,3494,0,52,38,90,52,8345,156,37,58.105,0,0,0,0,0,0,0
10381,346.0,3933,23,50,1664,2269,0,0,2249,342.81,1.104,1.343,0.175,0.082,0.404,-0.966,2.118,0.3646,3.2215,0.519,0.001,0.004,0.102,0.033,102,53,80,1,281,0,118809.41,22599.867,36566.742,44.822,14767.642,20.862,38526.293,15334.892,3957.941,14507.764,11606.212,3314.767,199.702,797.641,0.000204,0.036041,3436,0,48,32,80,48,8335,121,31,44.605,0,0,0,0,0,0,0
10411,347.0,3784,21,50,1642,2142,0,0,2144,354.01,1.091,1.326,0.178,0.081,0.413,-0.967,2.116,0.3648,3.1905,0.529,0.001,0.004,0.102,0.033,108,61,65,1,242,0,113247.66,21751.127,33959.305,41.865,13245.150,22.666,37106.586,14624.057,3783.423,11058.859,8847.087,2806.776,75.522,705.916,0.000279,0.038888,3162,0,39,26,65,39,7998,126,26,41.857,0,0,0,0,0,0,0
10441,348.0,3681,26,50,1635,2046,0,0,2113,322.07,1.078,1.309,0.178,0.079,0.421,-0.968,2.119,0.3635,3.1506,0.538,0.001,0.005,0.103,0.032,97,55,37,0,239,0,107355.31,20823.341,30558.528,16.815,12303.763,21.836,35519.374,13645.939,3687.756,11241.669,8993.335,1476.581,106.844,606.209,0.000229,0.040915,2948,0,22,15,37,22,7991,100,13,16.523,0,0,0,0,0,0,0
10471,349.0,3489,26,50,1624,1865,0,0,1936,401.22,1.051,1.274,0.179,0.078,0.438,-0.968,2.122,0.3641,3.2579,0.530,0.001,0.006,0.104,0.033,111,73,65,0,254,0,100405.76,19714.988,28070.917,47.446,11788.873,17.428,33309.630,12464.284,3515.447,9611.530,7689.224,2707.514,238.262,625.469,0.000264,0.042927,2844,0,41,24,65,41,7899,118,24,47.434,0,0,0,0,0,0,0
10501,350.0,3352,29,50,1619,1733,0,0,1876,360.06,1.028,1.245,0.183,0.077,0.451,-0.968,2.124,0.3635,3.2244,0.526,0.001,0.004,0.105,0.033,103,68,59,0,196,0,95034.25,18575.234,27189.626,26.038,11261.805,19.302,31249.350,11570.656,3314.568,8990.359,7192.287,2549.317,27.347,653.092,0.000175,0.043529,2722,0,38,21,59,38,7844,106,21,26.024,0,0,0,0,0,0,0
10531,351.0,3200,33,50,1604,1596,0,0,1748,388.14,1.004,1.216,0.187,0.075,0.466,-0.968,2.124,0.3643,3.1725,0.532,0.001,0.004,0.106,0.033,104,54,62,0,200,0,87807.29,17663.893,23360.222,29.122,10595.849,20.028,29398.018,10714.127,3196.529,8033.565,6426.852,2619.260,79.492,666.061,0.000139,0.042485,2574,0,42,20,62,42,7849,110,20,29.101,0,0,0,0,0,0,0
10561,352.0,3060,27,50,1572,1488,0,0,1651,429.56,0.989,1.195,0.188,0.075,0.476,-0.968,2.123,0.3662,3.1059,0.536,0.001,0.005,0.107,0.034,106,56,62,2,174,0,81964.22,16908.367,21728.048,37.154,8679.741,24.594,27573.978,9929.005,2953.917,7504.583,6003.667,2010.837,82.210,465.773,0.000126,0.042767,2182,0,31,31,62,31,7715,96,31,37.145,0,0,0,0,0,0,0
10591,353.0,2909,30,50,1542,1367,0,0,1556,487.80,0.968,1.168,0.190,0.074,0.489,-0.968,2.123,0.3653,3.0587,0.544,0.001,0.006,0.107,0.033,108,58,34,2,166,0,77320.96,15873.692,20029.717,22.789,8487.802,26.808,25728.609,9076.548,2781.350,5362.727,4290.181,1406.895,89.370,414.140,0.000149,0.042357,2155,0,15,19,34,15,7559,143,19,22.786,0,0,0,0,0,0,0
10621,354.0,2787,21,50,1524,1263,0,0,1438,469.35,0.944,1.141,0.193,0.074,0.502,-0.969,2.122,0.3668,3.0504,0.552,0.000,0.006,0.109,0.034,122,56,43,2,156,0,73164.05,15221.608,19262.895,30.774,7506.554,26.189,24090.675,8401.745,2620.199,6483.578,5186.862,1691.296,118.772,452.783,0.000174,0.042108,1872,0,28,15,43,28,7433,162,15,30.766,0,0,0,0,0,0,0
10651,355.0,2640,24,46,1491,1149,0,0,1308,499.36,0.920,1.112,0.194,0.073,0.516,-0.970,2.122,0.3659,3.1432,0.556,0.001,0.005,0.110,0.034,139,68,28,1,157,0,70376.09,14826.238,17387.155,28.892,6910.012,26.722,22299.464,7583.748,2370.886,5098.930,4079.144,1336.829,108.905,310.626,0.000167,0.043328,1721,0,8,20,28,8,7265,115,20,28.888,0,0,0,0,0,0,0
10681,356.0,2570,23,46,1479,1091,0,0,1203,434.45,0.906,1.097,0.196,0.073,0.525,-0.970,2.119,0.3671,3.0595,0.561,0.001,0.005,0.110,0.034,121,52,15,2,119,0,67306.76,14314.457,15702.622,17.308,7285.276,25.566,21192.464,7111.054,2168.053,5812.362,4649.889,1061.488,29.214,378.977,0.000106,0.043621,1665,0,7,8,15,7,7229,103,8,17.306,0,0,0,0,0,0,0
10711,357.0,2498,17,46,1474,1024,0,0,1105,385.23,0.886,1.074,0.197,0.072,0.537,-0.971,2.120,0.3686,3.0067,0.548,0.001,0.003,0.111,0.034,121,48,11,0,105,0,64566.11,13540.054,14166.959,12.163,6381.317,29.633,20118.198,6578.397,1979.153,4339.027,3471.222,606.307,7.416,302.556,0.000143,0.042511,1552,0,5,6,11,5,7076,136,6,12.161,0,0,0,0,0,0,0
10741,358.0,2422,16,46,1472,950,0,0,1058,561.80,0.862,1.046,0.197,0.071,0.551,-0.971,2.118,0.3701,2.9535,0.558,0.001,0.003,0.112,0.034,107,59,2,3,109,0,62201.00,13416.330,13345.277,3.946,6060.349,27.220,19219.045,6203.649,1827.129,4312.994,3450.395,739.047,0.000,279.193,0.000172,0.042735,1469,0,0,2,2,0,7078,128,2,3.946,0,0,0,0,0,0,0
10771,359.0,2369,26,46,1462,907,0,0,1015,490.05,0.850,1.032,0.196,0.072,0.559,-0.971,2.122,0.3678,3.0412,0.571,0.001,0.002,0.112,0.035,133,51,5,0,86,0,61374.88,13178.527,13258.846,8.738,5964.132,30.668,18243.634,5836.656,1735.340,4274.040,3419.232,336.846,0.000,264.947,0.000143,0.041983,1373,0,1,4,5,1,6971,105,4,8.738,0,0,0,0,0,0,0
10801,360.0,2319,31,43,1460,859,0,0,925,447.28,0.834,1.014,0.197,0.071,0.569,-0.972,2.125,0.3687,3.1445,0.566,0.001,0.003,0.113,0.034,136,55,1,0,91,0,60474.37,13086.254,12411.449,3.781,5711.039,35.299,17717.288,5558.094,1612.554,4484.665,3587.732,388.915,7.222,220.986,0.000126,0.041855,1252,0,0,1,1,0,6946,56,1,3.781,0,0,0,0,0,0,0
10831,361.0,2258,44,43,1451,807,0,0,856,523.99,0.815,0.994,0.197,0.068,0.579,-0.971,2.123,0.3697,3.0599,0.560,0.001,0.005,0.115,0.035,124,53,1,2,87,0,61199.27,13028.922,12550.329,3.031,5729.668,38.390,16902.543,5190.622,1459.009,3835.208,3068.166,255.137,4.072,278.960,0.000114,0.041507,1231,0,0,1,1,0,6863,77,1,3.031,0,0,0,0,0,0,0
10861,362.0,2262,25,43,1459,803,0,0,809,517.12,0.811,0.993,0.197,0.065,0.581,-0.971,2.126,0.3694,3.0209,0.554,0.003,0.006,0.114,0.035,132,40,2,1,65,0,62653.76,13155.596,12898.329,6.062,5243.295,36.928,16597.159,5055.374,1358.584,5102.074,4081.659,282.653,45.123,246.187,0.000166,0.042420,1082,0,0,2,2,0,6959,81,2,6.062,0,0,0,0,0,0,0
10891,363.0,2304,30,43,1475,829,0,0,763,486.87,0.816,1.000,0.196,0.065,0.578,-0.971,2.129,0.3669,3.1085,0.547,0.003,0.011,0.114,0.036,144,37,8,0,59,0,64562.81,13249.800,13850.811,7.496,5697.403,38.915,16638.004,5165.519,1283.413,6596.469,5277.176,436.791,83.846,272.189,0.000146,0.043760,1161,0,2,6,8,2,7063,92,5,6.151,0,0,0,0,0,0,0
10921,364.0,2378,38,43,1511,867,0,0,770,502.41,0.822,1.009,0.194,0.065,0.574,-0.971,2.126,0.3693,3.1936,0.549,0.004,0.008,0.114,0.036,148,31,3,2,57,0,67508.38,13905.471,15264.015,5.521,6033.066,32.833,17163.175,5373.451,1211.724,7357.794,5886.236,600.428,85.101,323.996,0.000135,0.044524,1231,0,1,2,3,1,7116,97,2,5.521,0,0,0,0,0,0,0
10951,365.0,2458,28,42,1544,914,0,0,755,541.87,0.830,1.022,0.191,0.067,0.569,-0.972,2.127,0.3678,3.0693,0.554,0.003,0.011,0.114,0.036,149,28,4,1,50,0,70776.84,14572.483,15880.994,3.218,6249.989,35.872,17860.233,5829.859,1199.169,7300.935,5840.748,406.758,122.327,309.701,0.000141,0.045582,1260,0,1,3,4,1,7332,139,2,2.514,0,0,0,0,0,0,0
10981,366.0,2507,28,42,1579,928,0,0,732,512.77,0.828,1.021,0.190,0.066,0.571,-0.972,2.124,0.3706,3.1166,0.536,0.006,0.012,0.114,0.037,169,39,11,4,56,0,74718.98,15341.792,16639.909,19.190,6935.317,33.358,18463.178,6006.527,1152.980,6961.761,5569.409,565.193,126.199,352.326,0.000132,0.045501,1323,0,3,8,11,3,7435,81,8,19.190,0,0,0,0,0,0,0
11011,367.0,2610,31,42,1609,1001,0,0,741,467.92,0.844,1.045,0.187,0.067,0.561,-0.971,2.128,0.3699,3.1580,0.535,0.003,0.009,0.114,0.037,151,42,23,0,42,0,79626.43,15995.113,18860.693,30.402,7554.009,35.755,19087.220,6347.846,1141.766,9708.440,7766.752,1021.747,35.887,402.607,0.000158,0.044414,1464,0,9,14,23,9,7659,114,14,30.399,0,0,0,0,0,0,0
11041,368.0,2722,30,42,1632,1090,0,0,747,385.92,0.866,1.074,0.184,0.069,0.547,-0.971,2.122,0.3731,3.1647,0.519,0.005,0.007,0.113,0.036,152,27,48,0,36,0,84394.48,16831.795,20266.201,63.576,8059.541,38.545,20264.047,6909.579,1123.640,10275.418,8220.335,1448.172,83.810,509.191,0.000191,0.044537,1568,0,20,28,48,20,7744,139,28,63.570,0,0,0,0,0,0,0
11071,369.0,2873,43,42,1684,1189,0,0,793,334.38,0.882,1.096,0.181,0.070,0.537,-0.971,2.125,0.3711,3.2793,0.516,0.003,0.006,0.113,0.037,171,45,22,1,42,0,90255.62,17731.044,22644.699,14.033,9236.984,38.667,21604.270,7464.111,1158.959,11937.221,9549.777,1229.841,151.764,532.246,0.000099,0.044782,1747,0,15,7,22,15,7907,168,7,14.031,0,0,0,0,0,0,0
11101,370.0,3080,35,43,1745,1335,0,0,860,371.08,0.908,1.130,0.178,0.072,0.522,-0.971,2.125,0.3722,3.3327,0.520,0.003,0.005,0.113,0.036,143,38,8,0,48,0,97294.23,19230.030,25064.185,9.673,10587.286,30.992,23579.399,8405.050,1247.469,13751.816,11001.453,660.817,146.259,475.930,0.000242,0.046662,2011,0,4,4,8,4,7946,143,4,9.672,0,0,0,0,0,0,0
11131,371.0,3270,42,43,1792,1478,0,0,936,367.51,0.930,1.163,0.175,0.073,0.508,-0.971,2.122,0.3725,3.3066,0.506,0.006,0.007,0.112,0.036,160,46,33,1,51,0,103174.73,20545.979,27185.802,33.351,11473.109,31.183,25690.656,9366.502,1354.785,14837.538,11870.031,1706.833,199.110,599.226,0.000284,0.048580,2239,0,17,16,33,17,8294,128,16,33.313,0,0,0,0,0,0,0
11161,372.0,3442,36,43,1837,1605,0,0,1011,385.01,0.947,1.188,0.173,0.072,0.497,-0.970,2.123,0.3738,3.2864,0.504,0.007,0.007,0.112,0.036,155,44,28,0,83,0,110106.42,21602.424,30068.609,35.893,12686.132,30.799,27774.755,10314.590,1475.813,15198.575,12158.860,1296.107,226.955,647.305,0.000189,0.048959,2466,0,13,15,28,13,8484,194,15,35.892,0,0,0,0,0,0,0
11191,373.0,3657,34,43,1885,1772,0,0,1136,357.66,0.970,1.219,0.169,0.074,0.483,-0.970,2.125,0.3728,3.3927,0.487,0.006,0.007,0.111,0.036,169,52,32,0,82,0,116867.50,23022.521,32375.014,20.444,14492.539,27.466,29748.744,11173.675,1632.893,18044.411,14435.529,1513.165,232.251,747.292,0.000277,0.050356,2965,0,19,13,32,19,8571,180,13,20.426,0,0,0,0,0,0,0
11221,374.0,3845,27,43,1942,1903,0,0,1306,313.98,0.982,1.237,0.167,0.076,0.475,-0.969,2.127,0.3721,3.2519,0.490,0.006,0.005,0.111,0.036,148,52,44,0,76,0,123039.58,24655.682,34049.413,20.588,14746.113,25.030,31991.172,12089.493,1885.772,16862.480,13489.984,2232.038,185.019,797.615,0.000206,0.051514,3018,0,32,12,44,32,8773,196,12,20.561,0,0,0,0,0,0,0
11251,375.0,4034,22,43,1985,2049,0,0,1480,372.33,0.999,1.260,0.165,0.077,0.466,-0.969,2.125,0.3757,3.3394,0.494,0.005,0.007,0.111,0.036,161,63,73,0,90,0,129779.71,26148.274,37786.755,51.574,16060.721,26.513,34323.399,13362.204,2172.315,19617.500,15694.000,2456.583,182.863,825.608,0.000200,0.051357,3382,0,44,29,73,44,9082,189,28,51.085,0,0,0,0,0,0,0
11281,376.0,4219,28,43,2014,2205,0,0,1694,368.48,1.017,1.285,0.163,0.079,0.455,-0.968,2.123,0.3757,3.3309,0.484,0.004,0.006,0.110,0.037,152,45,102,1,116,0,136145.34,27624.647,40914.699,66.630,17379.044,29.973,36210.537,14350.759,2530.981,21188.175,16950.540,3715.847,137.865,1056.716,0.000239,0.053126,3622,0,57,45,102,57,9229,214,44,66.128,0,0,0,0,0,0,0
11311,377.0,4368,28,43,2047,2321,0,0,1991,269.14,1.027,1.300,0.163,0.080,0.449,-0.969,2.124,0.3733,3.4249,0.487,0.003,0.006,0.109,0.037,152,58,63,0,132,0,142445.95,28939.987,41776.047,45.856,18810.847,27.318,38377.636,15216.497,2957.958,19285.348,15428.279,2768.391,205.237,1078.506,0.000229,0.054931,4041,0,42,21,63,42,9426,255,21,45.776,0,0,0,0,0,0,0
11341,378.0,4619,32,43,2095,2524,0,0,2221,383.42,1.046,1.327,0.160,0.082,0.437,-0.968,2.124,0.3717,3.4353,0.493,0.002,0.006,0.109,0.037,126,49,45,1,147,0,149229.53,31004.666,44163.949,34.772,20347.956,22.954,40470.166,16124.917,3425.614,23477.863,18782.291,2377.515,339.734,986.285,0.000223,0.055941,4536,0,27,18,45,27,9633,220,18,34.726,0,0,0,0,0,0,0
11371,379.0,4842,22,43,2136,2706,0,0,2515,341.44,1.061,1.349,0.158,0.083,0.427,-0.968,2.124,0.3717,3.3240,0.471,0.003,0.006,0.108,0.037,123,48,43,2,174,0,156156.95,32487.815,47144.777,49.103,21423.990,22.650,43422.184,17388.924,3931.055,23343.882,18675.106,2203.506,215.491,924.333,0.000242,0.056196,4811,0,15,28,43,15,10063,202,28,49.048,0,0,0,0,0,0,0
11401,380.0,4959,25,47,2149,2810,0,0,2827,314.10,1.071,1.362,0.157,0.085,0.421,-0.968,2.125,0.3747,3.4004,0.480,0.000,0.005,0.107,0.038,129,42,70,0,236,0,159951.64,33347.648,48589.919,55.892,22199.024,25.516,45465.867,18574.819,4532.772,22623.988,18099.191,3731.281,223.940,1145.308,0.000226,0.056512,5054,0,40,30,70,40,10138,296,30,55.783,0,0,0,0,0,0,0
11431,381.0,5123,32,47,2169,2954,0,0,3115,337.08,1.083,1.379,0.156,0.087,0.413,-0.967,2.122,0.3737,3.3357,0.469,0.001,0.005,0.107,0.038,127,40,76,0,270,0,164614.16,35072.750,51894.547,54.606,22437.061,24.946,47306.205,19525.235,5083.635,26558.808,21247.047,4029.710,42.012,1060.825,0.000272,0.054127,4950,0,44,32,76,44,10215,136,32,54.519,0,0,0,0,0,0,0
11461,382.0,5218,30,47,2165,3053,0,0,3342,341.12,1.095,1.394,0.156,0.087,0.407,-0.967,2.122,0.3764,3.3384,0.473,0.000,0.006,0.106,0.039,136,33,101,0,290,0,168414.91,35473.040,54621.647,84.254,23950.324,23.898,49055.157,20613.868,5646.637,25368.355,20294.684,4611.533,68.396,1308.928,0.000258,0.053337,5325,0,53,48,101,53,10209,227,47,83.841,0,0,0,0,0,0,0
11491,383.0,5298,28,47,2188,3110,0,0,3516,261.61,1.098,1.400,0.155,0.087,0.405,-0.967,2.119,0.3814,3.3575,0.484,0.001,0.004,0.107,0.040,134,30,119,0,299,0,172907.23,36842.774,56935.952,69.663,23630.095,25.562,50122.189,21011.210,6047.952,25629.794,20503.836,5586.184,90.348,1372.219,0.000245,0.051596,5388,0,79,40,119,79,10422,218,39,68.241,0,0,0,0,0,0,0
11521,384.0,5402,32,47,2206,3196,0,0,3671,335.48,1.104,1.408,0.154,0.088,0.402,-0.967,2.120,0.3841,3.4570,0.477,0.002,0.006,0.107,0.040,145,24,110,1,319,0,177712.14,38241.657,57943.154,79.664,24948.622,25.740,51099.315,21507.623,6334.606,26814.975,21451.980,5435.979,339.645,1379.402,0.000397,0.052649,5666,0,68,42,110,68,10550,211,42,79.549,0,0,0,0,0,0,0
11551,385.0,5501,25,52,2243,3258,0,0,3760,342.49,1.106,1.410,0.155,0.088,0.402,-0.967,2.117,0.3858,3.3476,0.478,0.002,0.007,0.107,0.040,118,27,138,0,331,0,182760.55,39461.531,59949.263,58.530,24810.621,20.618,51857.458,21851.287,6581.893,28458.992,22767.194,6642.683,253.702,1542.095,0.000397,0.054336,5601,0,108,30,138,108,10643,250,28,56.979,0,0,0,0,0,0,0
11581,386.0,5584,30,52,2241,3343,0,0,3826,319.77,1.115,1.421,0.156,0.089,0.397,-0.966,2.116,0.3888,3.4074,0.458,0.005,0.007,0.107,0.039,101,16,186,0,336,0,185787.20,39625.640,61760.245,90.672,27159.086,22.121,53322.913,22586.864,6770.220,30315.011,24252.009,7812.796,231.461,1662.655,0.000328,0.056527,6140,0,127,59,186,127,10939,212,58,89.827,0,0,0,0,0,0,0
11611,387.0,5619,21,52,2248,3371,0,0,3887,281.95,1.119,1.423,0.157,0.090,0.396,-0.967,2.115,0.3862,3.3809,0.478,0.001,0.006,0.107,0.039,105,19,199,1,362,0,187848.41,40383.468,63278.262,98.591,26909.783,17.451,54259.836,23115.542,6852.593,29904.830,23923.865,9332.356,423.601,1734.224,0.000274,0.054265,6056,0,144,55,199,144,10642,183,55,98.177,0,0,0,0,0,0,0
11641,388.0,5654,36,52,2254,3400,0,0,3868,314.20,1.124,1.424,0.158,0.090,0.395,-0.967,2.118,0.3860,3.3959,0.477,0.001,0.005,0.107,0.039,127,17,246,0,336,0,187015.80,41085.208,62561.934,101.993,27513.357,21.302,54819.016,23183.376,6878.881,31258.373,25006.698,11141.017,212.290,2095.488,0.000346,0.053570,6267,0,194,52,246,194,10849,258,52,101.893,0,0,0,0,0,0,0
11671,389.0,5655,19,52,2270,3385,0,0,3799,241.18,1.121,1.419,0.161,0.091,0.398,-0.967,2.117,0.3851,3.3345,0.476,0.002,0.006,0.108,0.038,100,27,274,1,356,0,186337.66,41247.011,64359.831,114.966,27877.159,18.668,54965.737,23302.077,6819.369,31882.765,25506.212,12370.920,442.579,2122.700,0.000295,0.052140,6297,0,212,62,274,212,11036,208,62,114.866,0,0,0,0,0,0,0
11701,390.0,5675,29,55,2251,3424,0,0,3795,320.60,1.129,1.427,0.162,0.093,0.395,-0.967,2.121,0.3859,3.4099,0.475,0.002,0.005,0.107,0.038,99,27,269,1,301,0,188430.44,41902.381,64569.210,142.722,28209.089,18.910,55051.441,23216.068,6757.633,30463.702,24370.962,11058.230,340.906,2004.515,0.000202,0.051194,6379,0,187,82,269,187,10892,183,82,142.612,0,0,0,0,0,0,0
11731,391.0,5651,28,55,2249,3402,0,0,3828,249.05,1.128,1.428,0.163,0.094,0.396,-0.967,2.130,0.3859,3.4685,0.480,0.002,0.006,0.108,0.038,114,27,307,0,325,0,189134.48,41488.782,65883.686,151.839,27190.323,23.538,55279.229,23633.136,6707.288,31059.936,24847.950,12568.971,324.737,2094.920,0.000228,0.050254,6338,0,227,80,307,227,11115,214,80,151.723,0,0,0,0,0,0,0
11761,392.0,5598,32,55,2215,3383,0,0,3837,312.48,1.132,1.433,0.164,0.096,0.394,-0.967,2.128,0.3847,3.4321,0.477,0.002,0.006,0.108,0.038,125,20,338,0,323,0,186826.20,40697.227,63968.948,182.208,26908.337,23.818,54917.561,23285.449,6771.148,31059.796,24847.837,13506.902,291.804,2171.830,0.000266,0.047932,6108,0,246,92,338,246,10997,200,92,181.906,0,0,0,0,0,0,0
11791,393.0,5579,22,55,2188,3391,0,0,3837,276.57,1.137,1.439,0.165,0.096,0.391,-0.967,2.131,0.3825,3.3972,0.477,0.002,0.006,0.108,0.039,106,22,255,0,347,0,186611.86,39775.360,63649.224,147.359,26866.829,21.912,55060.953,23507.779,6756.321,29515.455,23612.365,10433.649,256.936,1867.558,0.000375,0.048577,6118,0,167,88,255,167,10982,248,88,146.725,0,0,0,0,0,0,0
11821,394.0,5553,24,55,2168,3385,0,0,3824,290.75,1.141,1.444,0.167,0.097,0.391,-0.967,2.125,0.3849,3.3779,0.478,0.001,0.006,0.108,0.039,105,28,274,1,341,0,183408.03,39315.327,62160.443,151.282,26485.970,22.712,55249.698,23794.884,6768.208,30160.558,24128.447,10860.624,242.221,1883.137,0.000300,0.047841,6132,0,184,90,274,184,11038,207,90,150.574,0,0,0,0,0,0,0
11851,395.0,5446,38,59,2159,3287,0,0,3802,268.16,1.133,1.435,0.169,0.098,0.396,-0.967,2.124,0.3869,3.4095,0.482,0.001,0.005,0.108,0.038,100,28,282,0,337,0,179040.94,38724.245,59552.185,102.410,25679.929,23.507,54154.289,23098.850,6689.868,26440.152,21152.122,11269.292,200.894,2044.710,0.000331,0.046581,5962,0,213,69,282,213,10927,233,69,101.633,0,0,0,0,0,0,0
11881,396.0,5348,29,59,2123,3225,0,0,3713,307.85,1.134,1.436,0.170,0.097,0.396,-0.966,2.128,0.3868,3.3653,0.478,0.000,0.006,0.109,0.038,98,23,301,1,343,0,176547.61,38463.389,61198.256,156.553,24586.767,20.585,53125.447,22462.706,6582.420,27786.197,22228.958,12376.831,222.568,1984.316,0.000359,0.049022,5543,0,207,94,301,207,10870,159,94,156.141,0,0,0,0,0,0,0
11911,397.0,5260,29,59,2063,3197,0,0,3578,337.85,1.140,1.444,0.172,0.098,0.393,-0.966,2.130,0.3896,3.3912,0.482,0.002,0.006,0.108,0.039,101,28,248,0,345,0,174354.47,36747.386,59399.941,167.182,24665.365,18.909,52688.743,22290.346,6376.445,26252.130,21001.704,10000.347,167.025,1734.324,0.000322,0.051488,5566,0,149,99,248,149,10329,178,99,166.713,0,0,0,0,0,0,0
11941,398.0,5229,27,59,2049,3180,0,0,3469,279.88,1.142,1.444,0.172,0.098,0.392,-0.966,2.128,0.3881,3.3255,0.480,0.003,0.006,0.108,0.038,92,29,194,1,349,0,171865.36,35737.353,57964.915,89.618,24546.457,19.655,52249.643,21967.714,6151.900,26909.582,21527.666,8523.939,333.161,1672.713,0.000409,0.048468,5581,0,137,57,194,137,10124,166,54,88.816,0,0,0,0,0,0,0
11971,399.0,5138,23,59,2016,3122,0,0,3449,327.69,1.140,1.444,0.174,0.098,0.393,-0.966,2.125,0.3928,3.3861,0.491,0.001,0.006,0.108,0.038,85,34,199,2,298,0,167294.03,34362.409,54513.208,113.984,23227.956,19.823,51712.263,21753.164,6040.867,21765.575,17412.460,7828.064,373.812,1499.639,0.000371,0.045014,5471,0,128,71,199,128,10076,176,71,113.797,0,0,0,0,0,0,0
12001,400.0,5030,18,59,1991,3039,0,0,3365,273.86,1.136,1.438,0.175,0.098,0.396,-0.966,2.127,0.3923,3.2613,0.500,0.002,0.007,0.108,0.038,84,35,210,0,295,0,161515.61,33774.455,52179.181,108.095,22415.892,18.034,50738.328,21022.706,5965.532,21389.427,17111.542,8119.702,171.192,1544.807,0.000274,0.042831,5313,0,143,67,210,143,10074,198,67,107.450,0,0,0,0,0,0,0
12031,401.0,4826,17,59,1938,2888,0,0,3152,320.73,1.130,1.428,0.177,0.094,0.401,-0.966,2.127,0.3953,3.2943,0.496,0.002,0.007,0.108,0.038,97,37,224,3,344,0,153499.56,31980.726,49472.004,132.800,21587.645,17.153,49070.605,19967.891,5695.183,19831.065,15864.852,9123.322,217.472,1560.891,0.000435,0.042273,5142,0,145,79,224,145,10001,200,79,132.394,0,0,0,0,0,0,0
12061,402.0,4611,24,59,1909,2702,0,0,3007,321.79,1.113,1.409,0.179,0.092,0.410,-0.966,2.125,0.3972,3.2838,0.493,0.002,0.007,0.109,0.038,96,38,219,1,338,0,145573.83,30250.701,47313.176,100.370,18909.455,21.417,46485.023,18976.618,5409.161,18661.631,14929.305,9427.509,89.570,1469.771,0.000285,0.040589,4582,0,159,60,219,159,9688,185,60,99.894,0,0,0,0,0,0,0
12091,403.0,4463,28,59,1859,2604,0,0,2842,355.42,1.110,1.405,0.180,0.092,0.413,-0.967,2.128,0.3975,3.2776,0.497,0.001,0.006,0.110,0.038,111,31,170,2,344,0,139172.50,28491.826,44649.976,127.274,18796.090,20.731,44347.945,18089.236,5100.621,19749.229,15799.383,6634.333,359.828,1188.595,0.000289,0.038939,4510,0,95,75,170,95,9368,194,75,127.055,0,0,0,0,0,0,0
12121,404.0,4352,26,59,1837,2515,0,0,2772,341.96,1.103,1.397,0.180,0.092,0.418,-0.967,2.127,0.4017,3.2505,0.497,0.001,0.007,0.110,0.037,99,41,122,0,283,0,134089.47,27521.805,41775.157,86.505,17231.155,18.998,42753.124,17225.506,4905.167,16374.305,13099.444,4938.509,271.647,1097.682,0.000260,0.037612,4338,0,69,53,122,69,8996,267,53,86.370,0,0,0,0,0,0,0
12151,405.0,4220,19,59,1798,2422,0,0,2661,376.12,1.098,1.392,0.181,0.091,0.421,-0.967,2.128,0.4030,3.2548,0.525,0.002,0.006,0.110,0.038,105,46,122,1,283,0,130147.98,26229.910,41275.528,75.317,16151.789,19.766,41311.029,16550.861,4723.845,15868.342,12694.674,4495.753,252.240,1014.852,0.000207,0.038469,4012,0,70,52,122,70,8694,215,52,75.173,0,0,0,0,0,0,0
12181,406.0,4041,25,59,1753,2288,0,0,2534,360.37,1.088,1.380,0.185,0.091,0.428,-0.967,2.124,0.4073,3.2964,0.514,0.002,0.007,0.110,0.037,89,41,122,0,270,0,123745.91,24600.040,36733.864,99.799,15066.729,20.753,39679.573,15565.645,4570.818,12448.858,9959.086,4432.809,128.690,968.464,0.000204,0.039300,3694,0,63,59,122,63,8653,179,59,99.429,0,0,0,0,0,0,0
12211,407.0,3952,21,59,1740,2212,0,0,2449,377.24,1.081,1.372,0.186,0.090,0.434,-0.966,2.124,0.4079,3.2492,0.533,0.002,0.006,0.110,0.037,99,43,66,0,255,0,117461.59,23646.432,33883.416,41.079,14322.356,21.338,38328.850,14805.728,4374.099,13455.513,10764.411,2661.885,171.741,821.847,0.000159,0.040882,3581,0,37,29,66,37,8626,152,26,39.022,0,0,0,0,0,0,0
12241,408.0,3761,24,59,1694,2067,0,0,2290,366.98,1.069,1.355,0.190,0.089,0.442,-0.966,2.125,0.4105,3.2170,0.537,0.001,0.005,0.110,0.036,87,34,77,2,305,0,110349.80,22333.452,32040.883,73.577,13166.661,21.243,36653.043,14013.959,4169.339,11176.362,8941.090,3627.861,110.989,749.243,0.000237,0.043611,3329,0,32,45,77,32,8338,203,45,73.504,0,0,0,0,0,0,0
12271,409.0,3605,22,59,1669,1936,0,0,2189,408.80,1.052,1.334,0.193,0.088,0.452,-0.966,2.124,0.4102,3.1840,0.537,0.000,0.006,0.111,0.036,90,47,70,1,245,0,104765.52,21165.030,30342.349,54.881,12459.252,21.599,34525.215,12967.753,3922.194,10146.515,8117.212,2902.421,85.789,713.859,0.000332,0.046152,3106,0,39,31,70,39,8297,156,31,54.817,0,0,0,0,0,0,0
12301,410.0,3419,18,57,1632,1787,0,0,2050,381.55,1.034,1.312,0.198,0.086,0.464,-0.966,2.125,0.4101,3.1387,0.551,0.001,0.007,0.112,0.036,95,52,75,0,236,0,98121.04,20060.528,27132.767,53.843,11856.323,24.494,32596.237,12101.841,3707.950,8815.667,7052.534,2965.189,92.837,664.436,0.000138,0.046262,2908,0,39,36,75,39,8154,135,36,53.773,0,0,0,0,0,0,0
12331,411.0,3289,18,57,1608,1681,0,0,1942,368.11,1.019,1.291,0.200,0.086,0.473,-0.967,2.120,0.4082,3.0606,0.556,0.001,0.007,0.113,0.037,103,38,43,3,209,0,92181.78,18950.155,24235.989,40.781,10395.509,19.758,30520.688,11004.821,3518.847,8014.994,6411.995,1892.450,131.501,494.882,0.000130,0.046254,2655,0,17,26,43,17,8145,125,26,40.735,0,0,0,0,0,0,0
12361,412.0,3161,22,57,1601,1560,0,0,1782,367.79,0.996,1.264,0.202,0.085,0.487,-0.967,2.120,0.4069,3.0905,0.550,0.000,0.004,0.114,0.036,105,48,31,0,205,0,86796.45,18010.659,22398.142,22.360,10181.241,23.061,28821.877,10234.176,3230.206,7554.024,6043.219,1404.774,114.562,500.087,0.000186,0.044619,2543,0,17,14,31,17,7960,110,14,22.343,0,0,0,0,0,0,0
12391,413.0,2979,15,57,1578,1401,0,0,1600,370.57,0.965,1.225,0.207,0.085,0.506,-0.967,2.119,0.4079,2.9567,0.546,0.001,0.004,0.115,0.036,90,50,45,3,213,0,79808.61,16870.201,19353.390,25.026,8864.061,24.975,26977.728,9309.537,2928.947,6155.163,4924.130,2174.606,110.604,504.008,0.000163,0.043732,2254,0,24,21,45,24,7728,76,21,24.939,0,0,0,0,0,0,0
12421,414.0,2842,20,57,1559,1283,0,0,1444,407.06,0.942,1.196,0.210,0.085,0.522,-0.967,2.121,0.4092,2.9701,0.557,0.001,0.005,0.116,0.037,103,56,37,0,160,0,74747.48,16220.759,17281.577,24.600,8294.908,21.808,24888.632,8219.819,2625.792,5561.439,4449.151,1272.904,55.027,413.609,0.000113,0.044439,2076,0,15,22,37,15,7571,103,21,23.928,0,0,0,0,0,0,0
12451,415.0,2705,26,54,1543,1162,0,0,1276,416.33,0.914,1.162,0.214,0.084,0.539,-0.968,2.121,0.4095,3.0325,0.557,0.000,0.009,0.117,0.036,100,60,29,1,147,0,71587.04,15597.035,16692.281,25.001,7456.308,23.552,23096.971,7339.626,2321.462,4587.195,3669.756,1263.596,167.496,368.164,0.000224,0.045344,1868,0,12,17,29,12,7389,70,17,24.904,0,0,0,0,0,0,0
12481,416.0,2612,22,54,1523,1089,0,0,1178,449.02,0.897,1.143,0.216,0.083,0.550,-0.967,2.122,0.4142,2.9917,0.566,0.001,0.008,0.117,0.035,108,56,35,0,122,0,67664.04,14864.903,15000.000,28.581,7105.922,27.842,21852.017,6862.254,2084.157,5803.994,4643.195,1393.465,11.505,452.283,0.000147,0.045349,1766,0,19,16,35,19,7147,161,16,28.377,0,0,0,0,0,0,0
12511,417.0,2524,19,54,1507,1017,0,0,1072,543.25,0.879,1.119,0.216,0.083,0.562,-0.968,2.121,0.4164,2.9432,0.568,0.000,0.004,0.118,0.035,106,54,17,2,112,0,65861.04,14435.025,14882.923,14.928,6266.357,28.485,20703.547,6397.164,1880.478,4544.242,3635.393,916.508,9.938,319.394,0.000099,0.045007,1557,0,5,12,17,5,7021,100,12,14.904,0,0,0,0,0,0,0
12541,418.0,2468,23,54,1523,945,0,0,966,443.80,0.852,1.088,0.215,0.083,0.579,-0.967,2.122,0.4165,2.9510,0.564,0.000,0.005,0.118,0.036,120,44,7,0,114,0,64736.52,14064.839,14168.248,4.881,6190.065,35.007,19569.355,5959.937,1708.614,4634.655,3707.724,832.566,52.931,312.150,0.000213,0.044703,1476,0,4,3,7,4,6855,80,3,4.874,0,0,0,0,0,0,0
12571,419.0,2445,27,54,1536,909,0,0,903,412.92,0.836,1.070,0.215,0.083,0.588,-0.967,2.121,0.4183,2.9722,0.568,0.000,0.007,0.119,0.036,136,50,7,2,75,0,64478.12,13988.837,13534.436,4.556,5933.126,35.163,18779.305,5690.854,1534.770,5023.449,4018.759,348.166,113.892,314.562,0.000134,0.044975,1303,0,2,5,7,2,6783,84,5,4.552,0,0,0,0,0,0,0
12601,420.0,2404,35,47,1539,865,0,0,814,574.83,0.820,1.051,0.215,0.084,0.598,-0.967,2.122,0.4204,2.9541,0.556,0.000,0.014,0.120,0.036,115,55,15,3,76,0,63932.36,13808.697,12745.507,20.605,5782.465,39.889,18266.675,5302.809,1397.008,4803.542,3842.834,789.341,40.458,363.564,0.000100,0.045115,1264,0,6,9,15,6,6865,87,9,20.598,0,0,0,0,0,0,0
12631,421.0,2398,24,47,1544,854,0,0,778,601.47,0.815,1.045,0.214,0.083,0.601,-0.966,2.120,0.4201,2.9551,0.564,0.002,0.015,0.120,0.038,134,50,17,3,59,0,64046.60,13887.963,13231.157,17.297,6115.016,42.616,17904.648,5194.314,1281.380,5527.684,4422.147,858.927,257.863,419.507,0.000094,0.045223,1491,0,8,9,17,8,6772,257,9,17.284,0,0,0,0,0,0,0
12661,422.0,2411,22,47,1567,844,0,0,757,567.12,0.805,1.036,0.212,0.083,0.606,-0.966,2.120,0.4211,3.0205,0.555,0.002,0.018,0.120,0.038,123,55,13,4,50,0,66125.95,14101.031,14416.330,14.726,6012.744,34.420,17710.800,5129.533,1219.472,5833.211,4666.569,571.050,283.191,372.048,0.000180,0.046281,1437,0,3,10,12,3,6624,227,8,13.564,0,0,0,0,0,0,0
12691,423.0,2421,25,47,1573,848,0,0,748,550.43,0.805,1.037,0.210,0.085,0.607,-0.966,2.120,0.4205,2.9446,0.552,0.001,0.015,0.120,0.039,135,42,15,1,51,0,67762.51,14374.160,13841.271,19.654,6141.741,36.603,17779.628,5214.151,1192.648,5436.664,4349.332,731.155,237.660,355.955,0.000202,0.047098,1457,0,7,8,15,7,6792,222,8,19.639,0,0,0,0,0,0,0
12721,424.0,2493,19,47,1610,883,0,0,747,520.62,0.808,1.045,0.208,0.086,0.604,-0.966,2.123,0.4191,3.0048,0.554,0.001,0.011,0.120,0.040,137,35,11,0,48,0,71732.75,14914.154,15953.926,14.493,5983.931,36.278,18008.703,5312.829,1177.271,7231.500,5785.200,584.245,57.796,325.185,0.000155,0.045805,1374,0,4,7,11,4,6816,188,7,14.481,0,0,0,0,0,0,0
12751,425.0,2579,28,45,1647,932,0,0,742,484.42,0.818,1.058,0.204,0.085,0.599,-0.966,2.126,0.4234,2.9541,0.551,0.002,0.013,0.119,0.041,161,33,20,0,36,0,74381.24,15705.357,15368.688,27.252,6743.383,39.300,18745.117,5678.968,1165.210,7699.383,6159.507,779.873,140.874,402.890,0.000174,0.044668,1406,0,8,12,20,8,6951,164,12,27.235,0,0,0,0,0,0,0
12781,426.0,2693,31,45,1693,1000,0,0,757,488.10,0.830,1.078,0.203,0.087,0.592,-0.966,2.128,0.4261,2.9927,0.525,0.002,0.014,0.119,0.041,125,43,9,1,38,0,78257.55,16213.138,17605.513,5.771,7474.767,38.670,19668.808,5955.460,1163.535,9069.782,7255.826,700.907,219.115,426.325,0.000139,0.043757,1533,0,4,5,9,4,6938,143,5,5.766,0,0,0,0,0,0,0
12811,427.0,2799,30,45,1733,1066,0,0,792,463.17,0.842,1.096,0.200,0.088,0.584,-0.967,2.123,0.4303,3.0109,0.529,0.005,0.013,0.119,0.041,134,44,14,1,36,0,83623.23,17150.818,19839.564,7.561,8573.259,32.334,20765.031,6465.916,1187.891,9071.154,7256.923,670.562,206.432,522.210,0.000151,0.043283,1752,0,7,7,14,7,6942,152,7,7.551,0,0,0,0,0,0,0
12841,428.0,2939,32,45,1770,1169,0,0,830,426.90,0.864,1.124,0.197,0.092,0.571,-0.966,2.126,0.4288,3.0599,0.531,0.004,0.012,0.118,0.041,138,40,15,2,44,0,89538.11,18470.275,21602.719,10.673,9326.134,37.713,22034.764,7047.802,1257.219,11217.284,8973.828,769.000,279.514,537.027,0.000220,0.043155,1865,0,8,7,14,8,7120,141,6,10.349,0,0,0,0,0,0,0
12871,429.0,3073,30,45,1806,1267,0,0,873,455.54,0.884,1.150,0.195,0.094,0.559,-0.966,2.125,0.4329,3.0610,0.540,0.003,0.011,0.117,0.040,146,48,28,1,48,0,94651.84,19476.020,22900.563,25.578,10011.823,34.502,23708.338,7635.490,1313.474,12065.191,9652.153,1460.947,171.780,585.364,0.000138,0.044618,1955,0,14,14,28,14,7172,101,14,25.576,0,0,0,0,0,0,0
12901,430.0,3263,29,44,1861,1402,0,0,892,396.32,0.907,1.180,0.192,0.095,0.546,-0.966,2.127,0.4292,3.0718,0.525,0.004,0.012,0.117,0.041,113,51,15,1,45,0,99946.98,20946.135,24066.387,14.367,11263.358,28.838,25495.567,8384.836,1355.041,13949.565,11159.652,783.806,379.247,543.349,0.000217,0.046197,2179,0,6,9,15,6,7557,96,9,14.360,0,0,0,0,0,0,0
12931,431.0,3425,35,44,1924,1501,0,0,991,382.16,0.919,1.197,0.191,0.097,0.539,-0.965,2.126,0.4330,3.1596,0.509,0.003,0.012,0.116,0.041,119,57,13,1,56,0,106236.74,22344.966,26518.767,15.947,12945.900,29.947,27401.804,9281.502,1458.489,13211.422,10569.138,874.559,319.589,611.686,0.000205,0.048194,2500,0,7,6,13,7,7930,88,6,15.939,0,0,0,0,0,0,0
12961,432.0,3602,25,44,1967,1635,0,0,1104,335.61,0.940,1.224,0.189,0.098,0.527,-0.965,2.126,0.4327,3.1660,0.503,0.002,0.009,0.115,0.042,121,50,23,0,68,0,113342.14,23299.011,30480.257,21.211,13431.287,25.779,29413.534,10429.546,1649.678,15020.008,12016.007,1173.644,273.227,751.453,0.000163,0.048835,2731,0,12,11,22,12,8395,118,9,20.148,0,0,0,0,0,0,0
12991,433.0,3828,27,44,2013,1815,0,0,1316,413.27,0.965,1.259,0.187,0.100,0.511,-0.965,2.126,0.4360,3.1880,0.502,0.003,0.009,0.115,0.041,133,44,31,4,52,0,120796.37,25373.195,33162.300,25.098,15755.459,25.542,31659.268,11614.418,1913.377,16917.736,13534.189,1395.391,291.946,848.415,0.000178,0.049145,3296,0,16,15,31,16,8558,133,15,25.086,0,0,0,0,0,0,0
13021,434.0,4013,30,44,2059,1954,0,0,1456,358.86,0.982,1.282,0.186,0.101,0.502,-0.964,2.129,0.4389,3.3413,0.500,0.004,0.008,0.114,0.041,118,46,49,0,107,0,127727.30,26862.925,35303.880,36.254,16094.411,24.314,34037.676,12446.465,2248.445,18240.472,14592.378,1746.010,311.749,833.683,0.000260,0.049510,3404,0,24,25,49,24,8904,132,24,35.396,0,0,0,0,0,0,0
13051,435.0,4202,22,48,2100,2102,0,0,1689,357.17,0.999,1.305,0.184,0.103,0.491,-0.964,2.133,0.4400,3.1883,0.498,0.003,0.006,0.113,0.041,111,43,73,0,92,0,133534.31,28751.647,36976.137,54.242,18162.071,22.698,36161.774,13356.049,2559.116,18985.514,15188.412,2833.031,263.330,1004.621,0.000207,0.050734,3779,0,43,30,72,43,9115,106,29,54.045,0,0,0,0,0,0,0
13081,436.0,4377,20,48,2134,2243,0,0,1895,390.38,1.017,1.325,0.183,0.104,0.482,-0.964,2.135,0.4371,3.1109,0.489,0.005,0.007,0.113,0.043,119,38,48,1,144,0,140205.56,30268.158,40370.405,27.874,18792.372,25.906,38475.377,14357.969,2969.217,19622.908,15698.327,2884.113,350.222,1033.705,0.000268,0.051421,4054,0,30,18,48,30,9076,165,18,27.864,0,0,0,0,0,0,0
13111,437.0,4557,25,48,2154,2403,0,0,2133,404.06,1.038,1.349,0.180,0.106,0.470,-0.963,2.131,0.4388,3.2711,0.487,0.005,0.007,0.112,0.044,106,44,55,2,157,0,148033.98,32303.475,43119.566,57.596,20584.648,21.633,40673.768,15377.819,3382.894,21404.495,17123.596,2586.248,233.244,1117.350,0.000220,0.052226,4382,0,27,28,55,27,9055,164,27,57.124,0,0,0,0,0,0,0
13141,438.0,4736,20,48,2185,2551,0,0,2433,361.05,1.055,1.370,0.180,0.107,0.462,-0.963,2.129,0.4383,3.2751,0.481,0.003,0.007,0.111,0.043,89,41,71,1,174,0,154050.28,33784.464,45003.004,51.460,21652.493,20.837,43208.695,16766.612,3899.938,22562.172,18049.738,3034.527,276.532,1123.894,0.000304,0.054786,4695,0,36,35,69,36,9241,133,30,49.190,0,0,0,0,0,0,0
13171,439.0,4925,22,48,2231,2694,0,0,2788,304.22,1.067,1.384,0.179,0.109,0.456,-0.963,2.130,0.4368,3.2968,0.489,0.003,0.008,0.111,0.043,112,43,76,1,177,0,159993.00,35558.159,48097.217,49.198,23387.012,25.369,45402.797,17879.025,4544.793,23517.108,18813.687,3567.068,334.969,1329.782,0.000396,0.057109,5234,0,49,27,76,49,9642,226,27,49.090,0,0,0,0,0,0,0
13201,440.0,5061,23,50,2278,2782,0,1,3006,330.55,1.071,1.391,0.180,0.112,0.454,-0.963,2.132,0.4386,3.2933,0.488,0.001,0.006,0.110,0.043,90,35,96,2,225,0,165665.75,37615.163,50052.498,35.086,24829.823,18.621,47171.981,18484.853,5036.527,23729.838,18983.870,4756.996,334.919,1498.752,0.000305,0.058422,5484,0,74,22,96,74,10216,173,21,34.438,0,0,0,0,0,0,0
13231,441.0,5233,15,50,2306,2926,0,1,3275,384.37,1.085,1.410,0.181,0.109,0.447,-0.963,2.131,0.4400,3.2974,0.473,0.001,0.007,0.109,0.042,95,34,109,3,239,0,171647.94,38880.307,52657.449,60.713,25084.134,20.378,48942.531,19076.437,5513.269,26990.016,21592.013,4885.090,276.009,1524.943,0.000239,0.061638,5698,0,69,40,109,69,10291,215,39,60.472,0,0,0,0,0,0,0
13261,442.0,5367,25,50,2308,3058,0,1,3466,334.98,1.100,1.430,0.181,0.105,0.438,-0.963,2.128,0.4420,3.2757,0.470,0.000,0.005,0.108,0.042,85,25,142,1,252,0,177102.27,40331.350,56196.344,117.821,27310.581,16.847,51484.348,20554.702,5982.986,27241.146,21792.917,5787.807,274.125,1658.999,0.000307,0.062925,6188,0,75,67,142,75,10718,180,65,116.643,0,0,0,0,0,0,0
13291,443.0,5422,28,50,2294,3127,0,1,3626,326.71,1.110,1.444,0.184,0.105,0.433,-0.962,2.129,0.4496,3.3181,0.486,0.000,0.006,0.108,0.042,94,13,179,1,288,0,180664.98,41408.942,57504.141,115.321,26743.952,17.960,52676.359,21579.879,6281.295,26363.177,21090.542,7397.687,463.775,1794.059,0.000271,0.064233,6313,0,108,71,179,108,10916,288,71,115.151,0,0,0,0,0,0,0
13321,444.0,5498,23,50,2300,3197,0,1,3700,283.15,1.118,1.453,0.186,0.105,0.429,-0.962,2.123,0.4548,3.3278,0.475,0.001,0.007,0.108,0.042,84,19,178,1,298,0,182413.00,42026.988,56513.480,102.482,28149.284,15.883,53732.777,21780.296,6546.091,28111.734,22489.388,6992.985,404.558,1815.876,0.000265,0.062917,6464,0,119,59,178,119,10805,236,58,102.171,0,0,0,0,0,0,0
13351,445.0,5559,20,53,2310,3248,0,1,3759,326.99,1.123,1.458,0.189,0.106,0.427,-0.961,2.121,0.4572,3.3600,0.474,0.000,0.007,0.107,0.042,88,22,208,1,309,0,185187.55,42314.050,61391.971,118.035,27740.614,16.451,54752.045,22396.302,6669.625,29560.585,23648.469,9007.101,338.359,1973.954,0.000281,0.059973,6399,0,139,69,208,139,10988,250,69,117.705,0,0,0,0,0,0,0
13381,446.0,5586,27,53,2292,3293,0,1,3756,335.96,1.132,1.468,0.191,0.109,0.423,-0.961,2.121,0.4543,3.2853,0.484,0.001,0.007,0.107,0.042,83,23,195,0,333,0,188008.92,43250.979,61203.852,97.859,29077.187,17.080,55554.964,22548.914,6721.147,28793.255,23034.605,8905.743,244.567,1997.334,0.000323,0.061786,6613,0,128,67,195,128,11015,274,67,97.422,0,0,0,0,0,0,0
13411,447.0,5699,16,53,2312,3387,0,0,3891,326.46,1.139,1.477,0.192,0.112,0.419,-0.961,2.123,0.4606,3.2221,0.475,0.001,0.005,0.107,0.042,118,16,180,2,336,0,192171.59,43779.595,63359.059,111.188,28881.167,16.103,56751.874,22939.179,6836.523,31430.551,25144.442,8080.623,268.819,1924.036,0.000339,0.061307,6638,0,109,71,180,109,10856,312,71,110.746,0,0,0,0,0,0,0
13441,448.0,5766,24,53,2308,3458,0,0,4000,259.46,1.147,1.486,0.193,0.114,0.416,-0.962,2.122,0.4568,3.3295,0.477,0.001,0.007,0.107,0.043,85,32,193,1,327,0,195191.59,44267.993,64213.685,128.491,30089.397,19.329,57864.307,23508.362,7046.987,30517.966,24414.373,8614.518,428.865,2023.545,0.000228,0.059879,7030,0,125,68,193,125,11085,361,68,127.990,0,0,0,0,0,0,0
13471,449.0,5889,26,53,2319,3570,0,0,4077,339.48,1.157,1.497,0.192,0.115,0.411,-0.962,2.126,0.4571,3.3113,0.475,0.003,0.007,0.107,0.042,99,23,167,0,340,0,197724.56,44693.160,64669.195,98.700,30084.841,14.808,59511.286,24258.536,7207.907,32393.518,25914.815,7063.428,422.840,1985.376,0.000325,0.058293,7096,0,104,63,167,104,11210,440,62,98.257,0,0,0,0,0,0,0
13501,450.0,5883,19,57,2274,3609,0,0,4094,342.11,1.168,1.509,0.191,0.116,0.405,-0.962,2.128,0.4611,3.3175,0.476,0.002,0.006,0.107,0.043,91,20,209,0,383,0,198177.42,44802.688,64915.196,117.809,30900.836,16.262,60651.857,24751.314,7301.239,30309.493,24247.594,8398.968,147.818,2069.751,0.000281,0.059933,7492,0,120,89,209,120,11182,532,88,117.313,0,0,0,0,0,0,0
13531,451.0,5864,14,57,2259,3605,0,0,4120,273.39,1.171,1.512,0.192,0.119,0.404,-0.962,2.132,0.4556,3.2930,0.481,0.003,0.008,0.107,0.043,93,38,218,2,372,0,195458.56,44664.942,64363.363,126.977,30609.345,14.590,61608.448,24945.533,7280.373,30385.071,24308.057,9340.577,461.281,2160.913,0.000238,0.060399,7371,0,144,74,218,144,11363,443,73,126.673,0,0,0,0,0,0,0
13561,452.0,5796,19,57,2227,3569,0,0,4101,322.60,1.173,1.514,0.193,0.120,0.404,-0.962,2.134,0.4587,3.2789,0.481,0.001,0.007,0.107,0.043,96,18,197,0,422,0,192699.48,44275.414,62669.860,117.745,29854.241,15.454,61149.460,24780.904,7301.889,28515.591,22812.473,8460.277,440.164,1986.289,0.000225,0.061016,7204,0,116,81,197,116,11085,412,75,113.354,0,0,0,0,0,0,0
13591,453.0,5723,23,57,2206,3517,0,0,4057,282.77,1.173,1.511,0.192,0.119,0.405,-0.962,2.136,0.4577,3.2888,0.484,0.000,0.008,0.107,0.043,100,24,214,1,420,0,190274.75,43292.024,63536.236,114.326,29725.141,17.810,60409.662,24318.609,7243.068,29340.184,23472.148,9144.556,341.835,2041.542,0.000346,0.060631,7129,0,138,76,214,138,10720,365,73,113.424,0,0,0,0,0,0,0
13621,454.0,5607,20,57,2158,3449,0,0,3914,336.30,1.176,1.511,0.193,0.119,0.405,-0.962,2.137,0.4603,3.2844,0.494,0.000,0.007,0.107,0.043,91,37,266,3,393,0,187657.06,42440.289,63252.498,169.937,29302.563,15.978,59730.331,23984.559,7059.186,28944.259,23155.407,9508.664,387.753,2021.062,0.000337,0.056571,7010,0,161,105,266,161,10685,370,100,167.025,0,0,0,0,0,0,0
13651,455.0,5507,21,59,2125,3382,0,0,3839,317.64,1.177,1.511,0.193,0.118,0.406,-0.963,2.144,0.4651,3.2131,0.501,0.000,0.006,0.107,0.043,90,30,231,1,381,0,185921.03,42095.717,62371.341,129.245,28241.781,14.550,58615.689,23476.161,6859.691,27186.868,21749.495,9731.538,252.849,1959.037,0.000267,0.057533,6691,0,149,82,231,149,10602,233,80,127.996,0,0,0,0,0,0,0
13681,456.0,5496,19,59,2111,3385,0,0,3826,306.82,1.180,1.515,0.192,0.120,0.405,-0.962,2.142,0.4624,3.2654,0.497,0.000,0.005,0.107,0.043,91,21,233,2,336,0,183213.31,41450.973,62170.511,133.172,28333.522,17.232,58268.947,23272.833,6763.391,28961.927,23169.542,9996.694,316.254,2051.869,0.000310,0.056141,6669,0,150,83,233,150,10282,328,78,127.540,0,0,0,0,0,0,0
13711,457.0,5282,17,59,2060,3222,0,0,3652,302.28,1.173,1.504,0.189,0.118,0.409,-0.962,2.138,0.4632,3.1973,0.504,0.002,0.006,0.108,0.043,91,19,296,1,396,0,177374.38,40043.257,59134.839,159.156,27531.392,13.020,56956.631,22628.428,6581.331,24778.163,19822.531,11627.153,301.972,2125.048,0.000256,0.055124,6489,0,192,104,296,192,10443,299,102,158.189,0,0,0,0,0,0,0
13741,458.0,5149,27,59,2023,3126,0,0,3490,315.89,1.170,1.500,0.190,0.117,0.412,-0.962,2.142,0.4656,3.1945,0.499,0.002,0.005,0.108,0.043,80,22,274,2,345,0,171457.84,38037.044,56911.238,131.122,25357.860,14.266,55061.915,21754.003,6253.016,25503.133,20402.507,10594.497,151.798,2080.076,0.000258,0.055828,5982,0,191,83,274,191,9899,265,81,130.109,0,0,0,0,0,0,0
13771,459.0,5088,32,59,2004,3084,0,0,3422,327.78,1.169,1.501,0.188,0.117,0.413,-0.963,2.144,0.4711,3.2541,0.506,0.003,0.005,0.108,0.043,101,30,222,0,328,0,169144.00,37219.201,57292.071,117.239,23944.820,15.353,53823.429,21346.973,6044.744,25994.769,20795.815,8566.325,150.754,1811.171,0.000321,0.056767,5679,0,153,69,222,153,9790,333,67,116.240,0,0,0,0,0,0,0
13801,460.0,5020,22,58,1993,3027,0,0,3344,281.01,1.166,1.498,0.187,0.118,0.416,-0.963,2.145,0.4727,3.2439,0.490,0.002,0.004,0.108,0.043,96,32,147,1,334,0,166947.11,35923.361,54523.225,77.333,24671.644,16.974,53206.169,20750.113,5887.510,22584.145,18067.316,6620.275,164.987,1574.933,0.000231,0.058327,5655,0,104,43,147,104,9888,285,41,76.122,0,0,0,0,0,0,0
13831,461.0,4965,19,58,1985,2980,0,0,3293,353.25,1.163,1.493,0.187,0.117,0.418,-0.964,2.145,0.4781,3.2313,0.501,0.002,0.003,0.108,0.044,92,35,105,2,356,0,163821.78,34907.139,51193.029,58.852,23823.366,17.723,52380.777,20061.168,5771.945,22307.187,17845.750,5038.398,167.877,1402.749,0.000253,0.057845,5603,0,68,37,105,68,9951,243,34,57.148,0,0,0,0,0,0,0
13861,462.0,4898,12,58,1975,2923,0,0,3233,332.77,1.158,1.489,0.186,0.115,0.420,-0.964,2.145,0.4781,3.1437,0.515,0.000,0.002,0.109,0.044,87,29,92,2,331,0,158684.64,33756.387,48898.804,55.659,22855.080,16.339,51701.227,19743.094,5678.317,19414.162,15531.330,5426.697,69.510,1346.308,0.000211,0.058243,5685,0,61,31,92,61,10067,270,30,55.229,0,0,0,0,0,0,0
13891,463.0,4839,16,58,1974,2865,0,0,3169,283.01,1.153,1.481,0.185,0.114,0.424,-0.964,2.145,0.4798,3.1832,0.521,0.000,0.002,0.109,0.045,93,34,96,0,317,0,152083.16,32793.504,46449.853,61.289,22643.836,14.007,50905.509,19332.475,5538.904,19568.574,15654.859,4884.296,62.623,1268.611,0.000249,0.057903,5587,0,64,32,96,64,10063,196,31,60.854,0,0,0,0,0,0,0
13921,464.0,4699,19,58,1963,2736,0,0,3104,278.24,1.140,1.465,0.184,0.114,0.433,-0.965,2.150,0.4789,3.1216,0.527,0.000,0.003,0.109,0.044,80,30,70,3,355,0,145521.80,31624.817,43762.665,31.430,20507.182,15.853,49396.621,18467.932,5440.182,16032.550,12826.040,4272.069,100.362,1096.590,0.000299,0.055972,5164,0,46,24,70,46,10101,204,23,30.709,0,0,0,0,0,0,0
13951,465.0,4532,17,58,1955,2577,0,0,2945,368.29,1.124,1.443,0.186,0.113,0.444,-0.965,2.152,0.4856,3.1431,0.521,0.000,0.003,0.109,0.043,89,44,55,3,349,0,139018.20,30114.016,40174.617,36.428,19953.626,17.389,47106.479,17252.326,5246.976,14288.504,11430.804,3246.884,157.644,960.648,0.000170,0.056552,4879,0,28,27,55,28,10006,183,25,35.403,0,0,0,0,0,0,0
13981,466.0,4394,15,58,1934,2460,0,0,2823,366.41,1.112,1.429,0.185,0.114,0.452,-0.965,2.154,0.4828,3.1030,0.524,0.001,0.003,0.110,0.043,94,33,56,2,311,0,132313.36,28653.330,37609.901,24.732,18138.316,14.916,45017.784,16259.228,5011.178,13403.564,10722.851,2968.708,136.002,919.203,0.000315,0.055688,4631,0,33,23,56,33,9775,180,20,23.198,0,0,0,0,0,0,0
14011,467.0,4248,19,58,1926,2322,0,0,2679,356.04,1.093,1.408,0.186,0.114,0.463,-0.965,2.153,0.4787,3.1367,0.523,0.001,0.003,0.110,0.043,86,38,40,2,324,0,125549.05,27193.006,35023.139,35.124,17272.051,16.193,43080.385,15299.989,4780.875,12902.024,10321.619,2371.741,130.602,771.569,0.000235,0.054604,4344,0,20,20,40,20,9890,157,20,35.107,0,0,0,0,0,0,0
14041,468.0,4083,12,58,1896,2187,0,0,2491,374.61,1.079,1.393,0.187,0.114,0.472,-0.965,2.153,0.4834,3.0060,0.524,0.000,0.005,0.111,0.042,110,56,51,3,287,0,117926.31,25900.894,32513.645,40.770,15850.767,18.132,41195.490,14516.699,4447.802,11777.351,9421.881,2774.682,44.518,743.392,0.000189,0.054196,4149,0,21,30,51,21,9852,169,30,40.743,0,0,0,0,0,0,0
14071,469.0,3862,20,58,1853,2009,0,0,2372,444.32,1.059,1.369,0.188,0.112,0.485,-0.965,2.157,0.4840,2.9973,0.531,0.001,0.004,0.112,0.042,87,68,66,1,268,0,109924.60,24116.697,29443.001,45.534,14734.563,19.314,38746.216,13349.618,4185.324,9277.198,7421.758,2628.854,56.860,784.625,0.000199,0.051496,3769,0,32,34,66,32,9551,158,31,44.760,0,0,0,0,0,0,0
14101,470.0,3655,14,57,1830,1825,0,0,2157,389.71,1.033,1.336,0.189,0.111,0.502,-0.967,2.157,0.4822,2.9961,0.540,0.001,0.004,0.113,0.042,81,53,78,1,248,0,102122.20,22766.547,26237.175,50.957,12889.078,16.699,35952.095,12071.054,3883.224,8575.091,6860.073,2483.782,65.119,686.791,0.000220,0.050564,3374,0,43,35,78,43,9543,166,35,50.934,0,0,0,0,0,0,0
14131,471.0,3506,20,57,1808,1698,0,0,2010,445.71,1.011,1.313,0.191,0.113,0.514,-0.967,2.156,0.4846,2.9098,0.551,0.000,0.006,0.114,0.041,93,52,70,3,195,0,95852.98,22010.018,24970.610,46.589,12506.933,15.766,33447.706,11088.964,3554.860,8340.889,6672.711,2708.395,123.571,704.757,0.000198,0.051814,3254,0,37,33,69,37,9564,197,31,45.342,0,0,0,0,0,0,0
14161,472.0,3353,18,57,1788,1565,0,0,1896,443.67,0.987,1.286,0.193,0.113,0.529,-0.967,2.154,0.4843,2.9083,0.549,0.000,0.006,0.114,0.040,86,63,39,1,191,0,90473.07,20397.662,22358.950,27.702,11099.582,23.641,31299.173,10029.900,3348.765,6881.108,5504.887,1380.846,175.503,553.820,0.000224,0.050584,2935,0,17,22,38,17,9503,207,20,27.083,0,0,0,0,0,0,0
14191,473.0,3192,11,57,1760,1432,0,0,1711,444.90,0.962,1.259,0.195,0.113,0.545,-0.968,2.157,0.4929,2.9249,0.565,0.000,0.007,0.115,0.040,80,54,57,2,187,0,85932.84,19817.815,21329.246,35.867,9950.652,18.569,29227.124,9179.178,3070.097,6873.794,5499.035,2215.751,81.980,574.266,0.000273,0.047465,2668,0,30,27,57,30,9382,172,22,34.529,0,0,0,0,0,0,0
14221,474.0,3034,20,57,1719,1315,0,0,1586,494.74,0.941,1.235,0.195,0.113,0.557,-0.968,2.156,0.4867,2.9120,0.564,0.001,0.005,0.115,0.040,113,51,49,6,169,0,81119.05,18839.421,17939.681,41.470,9824.441,23.974,27319.192,8355.816,2797.048,5592.509,4474.007,1465.427,75.739,502.639,0.000177,0.046551,2561,0,17,32,49,17,9255,198,31,40.989,0,0,0,0,0,0,0
14251,475.0,2969,21,56,1721,1248,0,0,1484,478.46,0.924,1.216,0.197,0.113,0.568,-0.969,2.162,0.4874,2.8357,0.555,0.001,0.007,0.116,0.040,101,44,27,0,122,0,77074.48,18048.982,17055.850,20.003,9319.929,29.330,25971.152,7810.510,2614.376,5843.977,4675.182,1099.925,91.214,413.428,0.000254,0.044475,2386,0,14,13,27,14,9260,199,11,18.688,0,0,0,0,0,0,0
14281,476.0,2834,16,56,1694,1140,0,0,1383,437.45,0.899,1.186,0.198,0.111,0.583,-0.969,2.164,0.4854,2.8970,0.567,0.000,0.005,0.117,0.039,82,68,39,4,136,0,73716.41,17138.534,16334.745,23.251,8375.851,27.671,24463.998,7142.102,2437.619,5385.918,4308.735,1201.575,99.379,432.749,0.000164,0.043364,2066,0,17,22,39,17,9187,160,20,22.612,0,0,0,0,0,0,0
14311,477.0,2742,16,56,1682,1060,0,0,1329,480.32,0.876,1.163,0.200,0.108,0.597,-0.969,2.162,0.4902,2.8142,0.580,0.000,0.008,0.118,0.039,92,59,31,3,111,0,71899.25,16898.088,15697.201,27.926,8000.128,25.778,22956.269,6611.664,2295.138,5183.977,4147.182,1051.004,94.290,395.206,0.000155,0.042476,1981,0,10,21,31,10,9008,132,19,26.671,0,0,0,0,0,0,0
14341,478.0,2672,20,56,1689,983,0,0,1235,471.86,0.850,1.133,0.202,0.106,0.612,-0.969,2.166,0.4846,2.7728,0.567,0.000,0.009,0.119,0.039,109,36,20,1,115,0,69661.61,16538.883,13619.506,24.421,7092.989,30.463,21702.028,6032.889,2170.164,4319.547,3455.638,1252.718,56.600,342.140,0.000148,0.042051,1676,0,7,13,20,7,9022,89,13,24.419,0,0,0,0,0,0,0
14371,479.0,2615,23,56,1682,933,0,0,1167,507.69,0.834,1.115,0.202,0.105,0.622,-0.969,2.165,0.4818,2.7681,0.560,0.000,0.006,0.119,0.039,101,41,17,3,104,0,68375.83,15951.397,13633.130,17.117,7650.154,37.631,20843.077,5797.523,2006.281,5023.778,4019.022,801.656,88.472,345.661,0.000146,0.042481,1751,0,4,13,16,4,9130,85,12,16.695,0,0,0,0,0,0,0
14401,480.0,2593,24,57,1684,909,0,0,1092,524.47,0.825,1.106,0.201,0.105,0.627,-0.970,2.166,0.4846,2.7529,0.572,0.000,0.007,0.120,0.040,113,28,14,0,90,0,67866.27,15924.805,13381.111,13.815,6997.359,38.759,20153.378,5513.557,1877.053,5064.446,4051.556,916.776,30.496,325.139,0.000181,0.044045,1552,0,5,9,14,5,9262,82,9,13.815,0,0,0,0,0,0,0
14431,481.0,2563,22,57,1671,892,0,0,1019,579.70,0.822,1.103,0.200,0.103,0.629,-0.970,2.166,0.4863,2.7816,0.556,0.001,0.007,0.119,0.040,108,38,30,2,74,0,68092.24,16214.358,13413.830,37.895,6803.526,35.577,19899.991,5352.357,1769.061,5286.897,4229.518,1037.262,28.066,296.002,0.000115,0.044297,1476,0,7,23,29,7,9415,62,21,36.906,0,0,0,0,0,0,0
14461,482.0,2539,21,57,1669,870,0,0,987,587.66,0.815,1.098,0.201,0.102,0.634,-0.970,2.166,0.4939,2.7835,0.575,0.001,0.007,0.121,0.040,99,37,29,3,67,0,68249.52,16108.817,12918.380,40.072,7268.740,32.106,19669.470,5141.031,1673.551,4915.857,3932.686,1014.335,68.911,359.516,0.000153,0.044360,1627,0,7,22,28,7,9449,117,21,39.878,0,0,0,0,0,0,0
14491,483.0,2547,18,57,1677,870,0,0,936,604.11,0.813,1.096,0.202,0.103,0.635,-0.970,2.165,0.4922,2.8275,0.573,0.001,0.006,0.120,0.040,108,39,25,1,64,0,70675.27,16811.443,14544.558,35.322,7231.267,32.396,19425.641,5228.719,1580.907,6159.862,4927.889,1011.952,62.254,424.132,0.000137,0.045148,1549,0,9,16,25,9,9516,109,16,35.321,0,0,0,0,0,0,0
14521,484.0,2602,16,57,1701,901,0,0,932,511.30,0.818,1.103,0.200,0.105,0.632,-0.970,2.161,0.4910,2.8338,0.570,0.001,0.008,0.119,0.042,112,30,17,0,53,0,74173.97,17305.245,15411.527,18.435,7256.031,31.557,19745.666,5335.803,1542.676,7102.389,5681.911,830.865,20.485,340.536,0.000152,0.046389,1602,0,7,10,17,7,9746,116,9,17.391,0,0,0,0,0,0,0
14551,485.0,2668,26,54,1732,936,0,0,941,454.95,0.824,1.113,0.199,0.105,0.628,-0.970,2.161,0.4882,2.8756,0.559,0.002,0.011,0.119,0.042,114,34,27,0,49,0,76654.91,17763.378,15477.596,36.316,7919.612,35.532,20401.660,5605.998,1557.710,7724.188,6179.350,1193.596,102.932,389.616,0.000114,0.046846,1626,0,9,18,26,9,9993,98,17,35.771,0,0,0,0,0,0,0
14581,486.0,2733,32,54,1763,970,0,0,930,483.93,0.830,1.122,0.197,0.107,0.625,-0.969,2.161,0.5041,2.7844,0.556,0.002,0.010,0.119,0.043,110,38,32,0,63,0,81040.39,18494.588,17852.596,37.179,8466.114,33.384,21094.835,5883.440,1541.715,9055.226,7244.181,1073.486,250.445,343.919,0.000116,0.047283,1637,0,8,24,32,8,10190,61,24,37.177,0,0,0,0,0,0,0
14611,487.0,2826,45,54,1784,1042,0,0,956,585.85,0.850,1.146,0.194,0.108,0.614,-0.970,2.161,0.5006,3.0573,0.540,0.002,0.013,0.118,0.042,122,27,60,2,48,0,85093.33,19293.928,19375.242,61.503,9483.923,40.212,21964.344,6209.636,1557.416,10386.990,8309.592,1824.578,443.018,601.345,0.000191,0.048380,1805,0,24,36,59,24,10398,93,33,60.410,0,0,0,0,0,0,0
14641,488.0,2945,36,54,1839,1106,0,0,996,448.76,0.860,1.158,0.192,0.106,0.609,-0.969,2.164,0.4998,3.0020,0.544,0.003,0.009,0.117,0.042,125,40,52,0,45,0,90386.96,20040.248,21514.436,57.414,10188.838,36.504,23033.793,6597.025,1604.401,11336.246,9068.997,2013.627,299.104,503.268,0.000205,0.048682,1953,0,25,27,52,25,10507,64,26,57.266,0,0,0,0,0,0,0
14671,489.0,3026,25,54,1839,1187,0,0,1053,480.23,0.883,1.188,0.189,0.110,0.595,-0.969,2.165,0.5090,2.9685,0.543,0.001,0.008,0.117,0.042,113,36,83,1,51,0,95255.42,21241.045,23481.243,112.014,10533.773,32.144,24302.509,7181.011,1683.024,12040.961,9632.769,3510.322,137.109,743.669,0.000153,0.049219,2111,0,35,48,83,35,10530,140,47,111.607,0,0,0,0,0,0,0
14701,490.0,3171,28,55,1882,1289,0,0,1136,490.34,0.904,1.212,0.186,0.110,0.584,-0.969,2.161,0.5174,3.0193,0.535,0.002,0.009,0.116,0.043,106,39,72,2,54,0,100267.23,22488.583,24597.440,90.223,12067.719,28.115,25943.770,7829.338,1826.577,14118.069,11294.455,2829.265,222.836,689.035,0.000216,0.049427,2366,0,31,41,72,31,11117,114,41,90.179,0,0,0,0,0,0,0
14731,491.0,3314,28,55,1913,1401,0,0,1197,454.73,0.928,1.239,0.185,0.112,0.572,-0.969,2.163,0.5167,3.0352,0.543,0.003,0.011,0.115,0.044,106,29,83,1,55,0,105737.89,23887.043,27221.493,85.186,12386.849,24.511,27718.540,8615.543,1937.518,14510.675,11608.540,3521.937,311.318,716.079,0.000283,0.051092,2433,0,44,39,82,44,11468,72,37,84.432,0,0,0,0,0,0,0
14761,492.0,3500,24,55,1960,1540,0,0,1284,429.77,0.951,1.268,0.182,0.112,0.557,-0.969,2.161,0.5157,3.0061,0.530,0.002,0.008,0.114,0.043,107,35,65,0,65,0,113709.48,25914.529,29968.194,79.479,13839.776,20.987,29665.958,9468.564,2058.400,16214.096,12971.277,2561.055,283.298,710.510,0.000156,0.050088,2643,0,27,38,64,27,12100,71,37,78.680,0,0,0,0,0,0,0
14791,493.0,3680,29,55,2009,1671,0,0,1426,498.33,0.970,1.294,0.180,0.112,0.546,-0.969,2.161,0.5199,3.0212,0.531,0.002,0.007,0.113,0.044,116,35,102,3,72,0,119963.16,27427.724,32267.879,83.748,15492.316,24.662,31772.282,10609.069,2256.222,18119.781,14495.825,4102.477,225.604,936.068,0.000163,0.050131,2941,0,58,44,102,58,12739,125,44,83.493,0,0,0,0,0,0,0
14821,494.0,3863,29,55,2063,1800,0,0,1565,407.23,0.986,1.316,0.177,0.114,0.536,-0.968,2.158,0.5218,3.1664,0.510,0.001,0.007,0.113,0.044,95,36,93,0,104,0,127545.11,29287.723,35577.081,97.370,17718.207,20.160,34061.028,11636.277,2531.245,19322.132,15457.706,4034.615,275.606,977.023,0.000273,0.048712,3440,0,43,50,93,43,13221,128,49,96.462,0,0,0,0,0,0,0
14851,495.0,4029,36,58,2097,1932,0,0,1743,437.30,1.005,1.339,0.175,0.118,0.525,-0.967,2.162,0.5349,3.1465,0.511,0.002,0.007,0.112,0.044,108,39,118,0,102,0,133535.05,30830.362,37492.804,122.879,18767.184,24.438,36432.300,12685.008,2781.403,20200.535,16160.429,5052.678,315.452,1149.167,0.000216,0.047153,3887,0,59,59,118,59,13625,242,58,122.280,0,0,0,0,0,0,0
14881,496.0,4191,26,58,2111,2080,0,0,1873,421.77,1.027,1.368,0.173,0.121,0.512,-0.967,2.160,0.5383,3.0888,0.522,0.001,0.006,0.111,0.045,116,32,172,0,121,0,140475.73,32982.295,41711.569,187.754,19455.356,19.080,38270.035,13464.500,3025.056,23101.949,18481.559,7103.112,138.617,1319.207,0.000193,0.046877,3970,0,87,85,170,87,13873,154,83,186.806,0,0,0,0,0,0,0
14911,497.0,4373,32,58,2167,2206,0,0,2063,305.01,1.040,1.384,0.171,0.121,0.506,-0.967,2.155,0.5403,3.1918,0.501,0.001,0.008,0.111,0.045,114,30,151,0,126,0,147699.05,34554.351,43196.390,129.419,21632.221,20.033,40494.068,14271.343,3326.100,23043.448,18434.759,6238.840,325.469,1392.339,0.000306,0.044916,4374,0,94,57,151,94,14604,166,56,128.209,0,0,0,0,0,0,0
14941,498.0,4554,21,58,2170,2384,0,0,2280,422.00,1.068,1.416,0.170,0.121,0.491,-0.967,2.153,0.5474,3.2098,0.508,0.002,0.006,0.111,0.047,102,31,177,0,135,0,156466.95,36238.116,48115.837,153.828,22988.255,17.831,43259.317,15593.990,3653.298,25323.955,20259.164,6481.667,233.338,1453.472,0.000232,0.046409,4785,0,88,89,175,88,15279,258,87,152.719,0,0,0,0,0,0,0
14971,499.0,4683,30,58,2179,2504,0,0,2435,397.15,1.086,1.436,0.168,0.122,0.482,-0.967,2.156,0.5534,3.0923,0.504,0.001,0.008,0.110,0.048,91,25,234,0,169,0,160919.39,37971.112,48926.172,211.161,24601.880,18.196,45571.481,16664.462,3981.869,26558.517,21246.814,9210.806,293.982,1621.717,0.000224,0.046698,5116,0,129,105,234,129,16089,152,105,210.852,0,0,0,0,0,0,0
15001,500.0,4787,17,59,2169,2618,0,0,2577,384.27,1.104,1.455,0.167,0.125,0.473,-0.966,2.153,0.5635,3.0758,0.504,0.001,0.007,0.110,0.047,95,24,279,0,176,0,163725.48,38872.233,50610.646,234.695,25334.705,17.931,47083.055,17165.218,4243.293,28275.372,22620.298,10616.171,302.696,1845.968,0.000234,0.046072,5308,0,161,118,279,161,16544,153,117,233.992,0,0,0,0,0,0,0
