tick,sim_second,organisms,food,species,plants,grazers,hunters,omnivores,infected,avg_lifespan,avg_body_size,avg_speed,avg_armor,avg_attack,avg_photo,avg_diet,avg_photo_area,avg_speed_plants,avg_speed_eaters,avg_light_share,ready_share_plants,ready_share_eaters,avg_disease_resistance,avg_symbiosis_rate,symbiotic_pairs,deaths_starvation,deaths_predation,deaths_old_age,deaths_disease,deaths_event,energy_total,flow_photosynthesis,flow_food,flow_predation,flow_grazing,flow_symbiosis,flow_metabolism,flow_movement,flow_disease,flow_reproduction_spent,flow_reproduction_received,flow_death,flow_clamp,flow_digestion,ledger_max_residual,ledger_cumulative_residual,grazes_eat,grazes_attack,kills_consumer,kills_plant,grazer_kills,grazer_kills_consumer,attacks_no_plant_in_reach,grazes_eat_by_plant,kills_plant_by_consumer,plant_kill_energy_consumer,hunter_intents,hunter_strikes,hunter_consumer_in_reach,hunter_kills_consumer,hunter_rejected_size,hunter_rejected_damage,hunter_rejected_both,omnivore_intents,omnivore_strikes,omnivore_consumer_in_reach,omnivore_kills_consumer,omnivore_rejected_size,omnivore_rejected_damage,omnivore_rejected_both,g1_ticks,g1_food_items,g1_bite_count,g1_plant_gross,g1_food,g1_bites,g1_kill_consumer,g1_kill_plant,g1_metabolism,g1_movement,g1_strike,g1_births,g1_deaths,g1_deaths_starvation,g1_deaths_predation,g1_deaths_disease,g1_death_age_sum,g2_ticks,g2_food_items,g2_bite_count,g2_plant_gross,g2_food,g2_bites,g2_kill_consumer,g2_kill_plant,g2_metabolism,g2_movement,g2_strike,g2_births,g2_deaths,g2_deaths_starvation,g2_deaths_predation,g2_deaths_disease,g2_death_age_sum,o1_ticks,o1_food_items,o1_bite_count,o1_plant_gross,o1_food,o1_bites,o1_kill_consumer,o1_kill_plant,o1_metabolism,o1_movement,o1_strike,o1_births,o1_deaths,o1_deaths_starvation,o1_deaths_predation,o1_deaths_disease,o1_death_age_sum,o2_ticks,o2_food_items,o2_bite_count,o2_plant_gross,o2_food,o2_bites,o2_kill_consumer,o2_kill_plant,o2_metabolism,o2_movement,o2_strike,o2_births,o2_deaths,o2_deaths_starvation,o2_deaths_predation,o2_deaths_disease,o2_death_age_sum,h1_ticks,h1_food_items,h1_bite_count,h1_plant_gross,h1_food,h1_bites,h1_kill_consumer,h1_kill_plant,h1_metabolism,h1_movement,h1_strike,h1_births,h1_deaths,h1_deaths_starvation,h1_deaths_predation,h1_deaths_disease,h1_death_age_sum,h2_ticks,h2_food_items,h2_bite_count,h2_plant_gross,h2_food,h2_bites,h2_kill_consumer,h2_kill_plant,h2_metabolism,h2_movement,h2_strike,h2_births,h2_deaths,h2_deaths_starvation,h2_deaths_predation,h2_deaths_disease,h2_death_age_sum,cross_plant_grazer,cross_plant_omnivore,cross_plant_hunter,cross_grazer_plant,cross_grazer_omnivore,cross_grazer_hunter,cross_omnivore_plant,cross_omnivore_grazer,cross_omnivore_hunter,cross_hunter_plant,cross_hunter_grazer,cross_hunter_omnivore
31,1.0,446,11345,0,137,144,80,85,1,12.27,0.863,0.800,0.219,0.180,0.213,-0.155,1.530,0.3209,1.2192,0.736,0.423,0.207,0.106,-0.010,33,0,44,0,0,0,25882.94,1177.940,8842.674,72.578,28.398,11.549,2304.320,657.717,0.132,3214.906,2571.925,2347.097,1375.335,234.004,0.000135,-0.001597,21,0,30,14,33,24,3504,6,14,33.650,670,90,65,6,0,50,9,665,145,138,2,0,134,2,2210,446,1,5274.261,4300.631,3.010,1.225,20.932,411.833,113.740,21.823,43,8,0,8,0,122,1718,395,4,4047.863,2240.922,8.625,3.397,9.706,398.423,123.085,27.212,22,7,0,7,0,91,1577,331,5,3643.236,1218.446,9.369,1.226,0.000,353.365,100.333,10.279,5,4,0,4,0,67,1007,252,2,2808.293,512.370,1.524,0.000,2.862,237.583,61.821,5.635,1,6,0,6,0,49,1341,289,3,3005.289,209.084,1.636,17.005,0.150,299.364,85.004,6.869,0,3,0,3,0,31,1153,204,0,2912.500,23.814,0.000,16.076,0.000,223.685,62.961,3.948,0,2,0,2,0,27,0,0,1,0,9,1,0,0,0,0,0,0
61,2.0,547,9813,0,141,237,78,91,2,20.52,0.882,0.823,0.254,0.149,0.182,-0.269,1.528,0.3129,1.3274,0.737,0.482,0.175,0.108,-0.017,50,0,35,0,0,0,29107.33,1106.161,10127.577,31.652,74.770,15.714,2640.991,727.009,2.068,5061.308,4049.046,1455.489,1996.064,207.117,0.000115,-0.002841,26,0,27,8,29,22,3911,0,8,19.411,621,64,49,0,0,46,3,746,167,143,7,0,125,9,3021,367,11,5537.899,4512.601,44.923,1.021,7.497,512.466,145.693,19.350,63,11,0,11,0,293,2565,574,4,7477.147,4074.769,23.501,1.951,6.987,625.203,186.526,37.487,50,8,0,8,0,211,1595,234,2,2196.652,758.998,1.642,2.916,3.744,366.183,94.272,12.305,5,4,0,4,0,105,998,193,1,2257.018,395.281,1.059,6.353,1.183,235.255,55.978,8.876,3,2,0,2,0,90,1263,209,8,2511.040,161.966,3.644,0.000,0.000,285.522,74.415,1.856,0,1,0,1,0,34,1094,156,0,2132.500,18.428,0.000,0.000,0.000,213.044,52.143,1.646,0,1,0,1,0,45,1,2,0,0,3,0,0,1,0,0,0,0
91,3.0,688,8305,0,142,380,78,88,2,24.44,0.891,0.862,0.263,0.130,0.154,-0.376,1.528,0.3117,1.4504,0.757,0.486,0.132,0.113,-0.021,72,1,27,0,0,0,33838.41,1123.042,12433.911,21.585,94.073,21.237,3393.874,939.103,3.353,6260.107,5008.086,1023.218,2066.782,169.107,0.000156,-0.004111,22,0,22,5,22,18,5427,0,4,12.732,620,45,42,0,0,38,4,790,229,203,4,0,199,0,4717,516,4,8185.170,6561.606,38.839,0.955,2.002,777.395,240.674,15.700,98,13,0,13,0,293,4318,656,7,8117.485,4700.209,33.640,1.825,10.730,1064.782,307.564,54.507,61,4,0,4,0,65,1662,159,7,1589.710,516.493,19.568,0.000,0.000,392.620,91.995,13.361,1,4,1,3,0,208,1037,169,1,2129.130,390.404,0.968,5.791,0.000,243.200,53.686,2.232,3,2,0,2,0,48,1260,172,3,2106.773,146.482,1.057,0.000,0.000,285.342,71.631,1.232,0,0,0,0,0,0,1080,120,0,1792.500,11.304,0.000,0.000,0.000,211.852,48.301,1.276,0,0,0,0,0,0,0,0,0,0,0,0,0,1,0,0,0,0
121,4.0,946,6499,0,142,636,75,93,6,32.15,0.888,0.934,0.248,0.111,0.125,-0.489,1.530,0.3184,1.8272,0.783,0.423,0.107,0.120,-0.010,80,3,30,0,0,0,43053.39,1151.907,19969.479,18.796,248.071,20.543,4504.938,1420.992,4.996,10880.701,8704.561,1151.753,2326.351,340.029,0.000124,-0.004257,44,0,28,2,27,25,7939,0,2,4.817,627,61,52,0,0,47,5,783,230,192,5,0,183,4,8566,846,16,16292.463,12785.843,131.981,0.000,0.000,1450.528,540.227,45.973,209,12,0,12,0,422,6310,856,10,10766.900,6111.374,106.169,7.573,4.817,1501.066,429.343,79.049,74,13,3,10,0,740,1681,136,2,1693.532,598.966,2.798,3.123,0.000,400.052,92.897,16.566,5,1,0,1,0,39,1015,125,2,1509.842,276.792,2.865,0.775,0.000,240.318,49.219,3.088,0,2,0,2,0,116,1260,81,10,920.358,65.865,3.217,0.000,0.000,285.228,68.556,2.008,0,0,0,0,0,0,1057,89,4,1377.173,11.124,1.040,0.000,0.000,208.468,45.781,1.302,0,3,0,3,0,340,0,1,0,0,4,0,0,2,0,0,0,0
151,5.0,1362,4081,66,144,1053,71,94,6,47.38,0.879,1.021,0.224,0.094,0.103,-0.580,1.531,0.3140,2.1984,0.781,0.417,0.076,0.126,0.008,80,14,90,0,0,0,57387.67,1181.477,31188.199,95.612,157.125,25.191,6288.124,2266.990,10.873,19340.113,15472.091,3297.661,2052.182,347.159,0.000153,-0.004529,30,0,89,1,62,61,12550,6,1,7.712,578,69,67,27,0,38,2,946,265,227,12,1,210,4,16286,1414,10,28787.009,22796.581,98.842,0.651,7.712,2750.615,1156.485,126.370,404,61,2,59,0,2297,8354,1009,9,13044.293,7484.442,48.048,12.104,0.000,1970.050,524.226,114.771,107,32,8,24,0,2111,1858,128,4,1559.046,564.254,6.830,8.468,0.000,446.544,98.966,22.845,6,6,4,2,0,425,990,103,0,860.000,168.735,0.000,1.426,0.000,236.560,48.322,2.247,0,0,0,0,0,0,1218,95,1,1029.774,70.539,0.196,40.194,0.000,272.340,62.706,15.383,0,3,0,3,0,411,961,69,0,1200.000,7.523,0.000,25.057,0.000,185.963,40.744,18.682,0,1,0,1,0,122,0,0,0,0,5,0,0,4,0,0,0,0
181,6.0,1905,1893,66,144,1609,63,89,9,67.53,0.864,1.087,0.201,0.079,0.088,-0.647,1.535,0.3152,2.4879,0.779,0.444,0.051,0.133,0.027,110,20,72,0,0,0,72439.28,1228.636,35908.080,44.948,263.938,25.248,9137.414,4115.174,13.154,23382.992,18706.394,2709.199,1127.904,350.607,0.000164,-0.006056,37,0,69,3,61,59,19191,13,3,8.070,545,86,84,8,0,76,0,838,353,341,11,0,329,1,29474,1723,15,36093.924,28620.356,215.641,2.328,5.138,5047.227,2680.839,305.132,548,33,3,30,0,1576,10395,785,6,11634.253,6687.894,33.147,4.975,2.902,2524.820,681.126,136.706,80,38,10,28,0,2892,1729,68,2,899.190,347.273,1.550,6.285,0.000,430.236,91.405,20.854,1,7,3,4,0,1012,1011,60,0,660.000,127.643,0.000,2.637,0.000,244.723,49.331,5.133,3,3,2,1,0,418,1134,48,1,436.882,26.811,0.237,12.296,0.000,265.573,57.038,9.573,0,4,1,3,0,688,903,41,0,587.500,3.732,0.000,8.356,0.030,182.491,38.388,4.831,0,4,1,3,0,667,0,0,0,0,2,0,0,1,0,0,0,0
211,7.0,2074,1195,66,145,1796,55,78,15,92.33,0.857,1.098,0.185,0.072,0.086,-0.669,1.535,0.3134,2.5135,0.812,0.414,0.039,0.135,0.027,110,56,87,0,0,0,70211.75,1291.524,19186.311,59.662,506.654,22.536,11064.605,5479.039,20.907,11402.335,9121.868,3075.865,375.159,468.983,0.000194,-0.007500,57,0,83,4,71,67,24100,0,4,18.674,514,82,82,5,0,75,2,745,312,310,12,0,298,0,40037,881,41,19833.970,15410.459,413.210,1.159,18.674,6884.047,3810.499,441.160,262,93,22,71,0,6167,11506,417,15,6171.517,3635.811,93.084,9.878,0.000,2756.787,828.190,127.893,45,27,17,10,0,2846,1600,13,0,132.500,47.999,0.000,0.545,0.000,390.340,83.176,13.895,0,7,6,1,0,1149,945,13,1,151.790,30.544,0.360,12.729,0.000,220.182,43.092,13.908,0,4,4,0,0,799,990,16,0,155.000,9.189,0.000,9.104,0.000,229.996,45.910,3.263,0,4,3,1,0,761,782,10,0,180.000,0.615,0.000,7.573,0.000,147.589,29.170,4.777,0,4,4,0,0,786,0,0,0,0,0,0,0,0,0,0,0,0
241,8.0,2049,743,66,144,1788,49,68,29,99.33,0.852,1.097,0.184,0.069,0.086,-0.679,1.530,0.3168,2.5032,0.793,0.403,0.036,0.136,0.025,115,97,165,0,1,0,65009.24,1326.332,17665.352,64.556,486.385,23.082,11406.119,5336.179,37.812,8712.626,6970.101,4904.578,212.109,619.431,0.000160,-0.008479,63,0,159,6,156,150,25361,2,6,22.950,451,89,89,2,0,87,0,619,216,208,14,0,194,0,42562,798,52,18432.957,14190.386,455.715,2.443,15.329,7324.140,3692.115,426.395,203,202,61,140,1,16304,11846,342,5,5601.693,3366.626,25.233,17.711,7.621,2804.095,866.340,113.607,30,39,22,17,0,4604,1400,13,2,138.305,44.989,2.273,4.237,0.000,327.638,71.563,12.132,0,5,5,0,0,887,798,15,2,191.837,32.824,1.805,13.235,0.000,182.827,36.133,10.571,0,5,3,2,0,1133,896,12,0,142.500,8.945,0.000,2.283,0.000,205.938,39.955,7.033,0,2,2,0,0,448,683,10,0,180.000,1.791,0.000,1.696,0.000,117.679,23.027,3.204,0,4,4,0,0,927,0,0,0,0,0,0,0,0,0,0,0,0
271,9.0,1981,550,66,140,1751,33,57,35,133.36,0.850,1.108,0.179,0.067,0.087,-0.695,1.546,0.3144,2.5529,0.795,0.321,0.032,0.137,0.024,98,134,132,0,5,0,60623.05,1319.643,16222.041,50.179,826.276,16.773,10981.440,5007.907,47.656,7574.628,6059.702,3607.762,206.662,611.699,0.000188,-0.010060,76,0,126,6,125,119,23987,5,6,24.812,312,45,45,5,0,36,4,503,164,156,8,0,148,0,41679,704,48,17193.415,13077.680,671.447,2.438,12.118,7189.262,3486.723,363.998,165,188,79,105,4,20996,11490,302,16,5350.927,3048.287,129.500,8.854,12.694,2697.796,875.843,82.234,35,49,30,18,1,5586,1229,9,4,141.341,42.193,7.170,3.894,0.000,282.504,59.876,12.208,0,8,7,1,0,1241,674,14,3,237.283,42.093,2.270,1.073,0.000,149.506,32.473,5.119,0,3,3,0,0,767,734,3,0,40.000,4.001,0.000,0.000,0.000,165.965,31.731,0.627,0,8,7,1,0,2032,529,2,0,15.000,0.021,0.000,9.108,0.000,81.670,16.236,9.054,0,8,7,1,0,2076,0,0,0,0,0,0,0,0,0,0,0,0
301,10.0,1832,445,57,138,1624,25,45,33,138.35,0.848,1.129,0.170,0.070,0.091,-0.703,1.551,0.3074,2.6404,0.760,0.275,0.032,0.137,0.028,91,176,120,0,7,0,56550.08,1300.747,14940.477,43.761,657.417,16.744,10361.076,4721.968,47.978,5698.988,4559.191,3477.340,82.655,527.139,0.000119,-0.010643,62,0,114,6,117,111,21714,0,6,29.765,197,35,35,2,0,31,2,375,169,169,5,0,164,0,39720,673,52,16147.196,12267.075,607.073,2.730,29.765,6980.535,3354.316,337.147,137,227,123,98,6,26530,10699,260,9,4324.835,2527.041,48.642,5.070,0.000,2473.953,812.047,68.803,13,50,37,12,1,7527,934,17,1,220.274,73.731,1.703,1.442,0.000,207.931,40.243,11.250,0,10,9,1,0,2612,602,21,0,227.500,43.204,0.000,1.017,0.000,133.866,31.994,2.633,0,2,1,1,0,574,503,10,0,180.000,12.083,0.000,0.000,0.000,106.925,21.675,1.220,0,6,5,1,0,1679,321,4,0,47.500,0.430,0.000,3.737,0.000,45.879,8.241,2.151,0,2,1,1,0,563,0,0,0,0,0,0,0,0,0,0,0,0
331,11.0,1760,477,57,139,1571,15,35,33,166.73,0.846,1.135,0.163,0.069,0.093,-0.716,1.540,0.3051,2.6495,0.764,0.266,0.028,0.138,0.032,61,133,93,0,7,0,54573.80,1363.559,15260.360,32.551,611.135,12.881,9741.384,4597.425,47.869,6062.114,4849.691,2488.102,92.583,452.958,0.000105,-0.010784,78,0,91,2,82,80,20352,6,2,7.789,153,28,28,6,0,22,0,282,117,104,6,0,98,0,37639,698,57,16718.792,12735.093,549.600,2.999,7.789,6689.277,3342.378,301.509,140,173,91,78,4,23816,9910,239,13,4121.040,2445.537,50.490,2.012,0.000,2259.159,759.380,65.650,17,37,27,9,1,7399,663,6,1,89.607,31.382,3.991,0.506,0.000,153.046,29.689,5.641,0,6,3,2,1,1866,522,14,1,161.637,29.459,0.687,5.529,0.000,119.305,29.637,4.841,0,4,3,1,0,956,367,4,0,47.500,3.812,0.000,0.000,0.000,73.811,16.322,1.224,0,6,5,0,1,1903,248,2,0,15.000,0.215,0.000,13.716,0.000,35.115,6.557,4.311,0,4,3,1,0,1272,0,0,0,0,0,0,0,0,0,0,0,0
361,12.0,1710,507,57,136,1534,12,28,34,170.40,0.852,1.140,0.155,0.066,0.094,-0.725,1.541,0.3133,2.6827,0.776,0.206,0.023,0.139,0.035,81,119,114,0,2,0,53636.62,1414.282,17250.167,69.023,713.683,13.388,9426.278,4626.139,49.621,7028.013,5622.411,3522.296,101.428,539.287,0.000115,-0.011533,84,0,105,9,102,93,19303,0,9,34.158,120,15,15,4,0,8,3,234,83,82,11,0,71,0,37037,760,65,18574.704,14258.166,582.149,2.433,32.543,6661.349,3409.174,278.298,161,170,84,85,1,24508,9181,272,19,5114.578,2918.441,131.534,6.412,1.615,2069.479,761.847,69.579,18,46,30,15,1,8681,505,9,0,85.000,31.593,0.000,3.635,0.000,118.694,23.448,5.356,0,5,0,5,0,1710,435,8,0,60.000,10.786,0.000,12.353,0.000,100.501,21.890,7.419,0,2,2,0,0,545,260,3,0,57.500,4.574,0.000,0.000,0.000,49.279,10.627,0.668,0,2,2,0,0,712,157,0,0,0.000,0.000,0.000,10.031,0.000,21.694,4.423,2.710,0,1,1,0,0,338,0,0,0,0,0,0,0,0,0,0,0,0
391,13.0,1699,522,57,131,1539,9,20,39,181.41,0.857,1.150,0.143,0.065,0.093,-0.736,1.544,0.3154,2.6696,0.804,0.214,0.025,0.141,0.038,67,107,110,0,1,0,55545.41,1463.466,20311.498,62.959,606.163,11.664,9368.395,4625.371,55.132,7834.827,6267.862,3577.493,199.328,536.458,0.000074,-0.011543,86,0,103,7,97,91,19577,25,7,24.601,120,9,9,5,0,4,0,134,45,37,7,0,30,0,37374,901,50,21848.122,16969.704,544.459,3.511,23.992,6793.223,3467.736,290.738,187,165,77,87,1,26597,8681,293,10,5465.300,3293.993,59.573,3.774,0.000,1963.204,728.831,53.885,18,35,21,14,0,7058,352,6,0,45.000,15.561,0.000,0.000,0.000,76.003,14.361,0.628,0,5,4,1,0,1615,335,5,1,39.370,7.961,0.434,11.231,0.610,79.759,17.057,6.646,0,3,2,1,0,1075,210,4,0,65.000,3.822,0.000,0.000,0.000,40.783,8.351,0.199,0,0,0,0,0,0,141,0,0,0.000,0.000,0.000,19.842,0.000,19.368,4.662,3.388,0,3,3,0,0,1164,0,0,0,0,0,0,0,0,0,0,0,0
421,14.0,1748,563,57,132,1596,6,14,38,203.94,0.861,1.170,0.138,0.063,0.094,-0.743,1.542,0.3166,2.7630,0.762,0.197,0.027,0.143,0.044,71,88,100,0,6,0,58621.88,1453.336,21190.868,71.168,320.542,10.226,9511.401,4657.707,56.041,9075.919,7260.736,3076.743,176.093,345.725,0.000108,-0.011710,38,0,91,9,77,70,20023,0,9,33.365,115,19,18,5,0,10,3,126,64,56,16,0,39,0,38454,931,36,22464.623,17648.854,316.628,2.417,32.968,7062.765,3520.929,311.045,203,146,62,81,3,24904,8430,308,2,5763.182,3502.356,3.914,2.930,0.000,1906.470,693.216,53.107,29,29,17,10,2,7200,269,6,0,45.000,14.635,0.000,0.000,0.000,56.091,12.042,0.476,0,3,3,0,0,1232,258,2,0,15.000,2.955,0.000,19.574,0.358,63.720,13.010,13.362,0,3,3,0,0,1213,165,1,0,25.000,1.444,0.000,0.000,0.000,28.754,5.825,0.782,0,3,3,0,0,1218,60,1,0,25.000,0.167,0.000,12.883,0.039,9.026,2.735,4.065,0,0,0,0,0,0,0,0,0,0,0,0,0,0,0,0,0,0
451,15.0,1870,532,50,140,1711,6,13,40,193.83,0.869,1.185,0.131,0.061,0.096,-0.750,1.549,0.3165,2.8224,0.732,0.193,0.021,0.145,0.050,81,81,87,0,2,0,64379.04,1546.839,24938.628,37.978,499.583,13.574,10094.476,5155.474,55.464,11061.082,8848.866,2646.220,190.116,412.319,0.000104,-0.012084,56,0,83,4,70,67,21417,0,4,8.617,90,19,18,4,0,12,2,126,46,38,12,0,26,0,41107,1126,45,27386.161,21527.863,433.984,2.636,5.448,7635.758,3931.745,352.993,255,128,56,71,1,22266,8407,288,6,5544.910,3355.998,59.921,2.385,3.127,1928.906,741.491,61.077,25,37,24,12,1,9726,210,8,5,73.668,21.221,5.678,0.000,0.000,43.118,9.222,0.317,0,0,0,0,0,0,202,8,0,77.500,12.721,0.000,18.388,0.000,51.426,9.191,10.153,0,1,1,0,0,404,120,0,0,0.000,0.000,0.000,0.000,0.000,20.951,4.158,0.939,0,0,0,0,0,0,60,0,0,0.000,0.000,0.000,5.953,0.042,9.010,2.689,3.388,0,0,0,0,0,0,0,0,0,0,0,0,0,0,0,0,0,0
481,16.0,2000,594,50,138,1847,5,10,35,198.38,0.871,1.195,0.127,0.061,0.094,-0.755,1.550,0.3211,2.8651,0.750,0.174,0.018,0.146,0.056,90,83,96,0,7,0,68323.59,1552.379,25082.466,49.126,529.519,11.132,10884.890,5597.616,54.491,11896.410,9517.129,3192.065,147.351,483.727,0.000126,-0.013109,75,0,93,3,80,77,23687,3,3,8.477,90,12,9,2,0,7,0,109,56,40,14,0,26,0,45111,1123,46,27609.233,21573.242,436.855,3.144,4.694,8432.549,4275.709,424.293,284,150,58,87,5,26197,8413,291,20,5696.363,3453.555,84.280,1.962,3.783,1937.977,763.091,72.670,31,29,21,6,2,8272,198,4,6,39.878,9.875,4.103,0.000,0.000,40.560,8.300,0.079,0,1,1,0,0,469,146,4,0,30.000,5.376,0.000,25.398,0.000,36.221,6.615,11.169,0,2,2,0,0,928,107,1,0,25.000,1.444,0.000,0.000,0.000,19.052,3.437,0.740,0,1,1,0,0,468,60,0,0,0.000,0.000,0.000,10.145,0.000,9.010,1.934,1.355,0,0,0,0,0,0,0,0,0,0,0,0,0,0,0,0,0,0
511,17.0,2221,545,50,145,2062,4,10,38,191.47,0.877,1.211,0.125,0.059,0.093,-0.759,1.546,0.3186,2.8942,0.714,0.166,0.018,0.147,0.060,76,60,72,0,1,0,75675.48,1683.066,29191.477,41.482,676.081,12.618,11832.951,6175.101,47.971,13403.744,10722.995,2249.631,110.958,466.774,0.000154,-0.014452,110,0,67,5,54,49,26034,29,5,12.851,90,20,14,3,0,10,1,97,26,26,15,0,11,0,49498,1344,69,32926.481,25680.808,613.790,2.367,9.790,9294.965,4735.707,459.664,317,107,50,57,0,18916,8695,291,12,5653.308,3482.777,57.878,1.190,3.060,2026.592,832.472,85.603,25,20,9,10,1,4540,180,3,0,22.500,7.359,0.000,0.000,0.000,36.198,6.582,0.238,0,0,0,0,0,0,120,2,0,15.000,3.517,0.000,18.290,0.000,27.773,6.372,11.081,0,0,0,0,0,0,90,4,0,100.000,5.777,0.000,0.000,0.000,16.689,3.647,1.013,0,0,0,0,0,0,53,1,0,7.500,0.125,0.000,6.784,0.000,8.127,1.116,3.388,0,1,1,0,0,504,0,0,0,0,0,0,0,0,0,0,0,0
541,18.0,2360,505,50,148,2201,4,7,45,211.60,0.879,1.221,0.123,0.058,0.093,-0.763,1.560,0.3210,2.9320,0.704,0.155,0.019,0.147,0.063,74,78,118,0,1,0,80661.27,1759.229,30456.819,71.020,730.654,11.244,12937.503,6998.291,57.034,12728.689,10182.951,4013.283,149.856,599.572,0.000180,-0.015885,83,0,111,7,96,89,28566,4,7,29.516,90,20,20,6,3,9,2,97,35,35,16,0,19,0,54727,1381,64,34016.558,26538.524,591.246,4.246,24.240,10379.007,5443.204,553.939,303,159,60,98,1,30063,8795,302,15,6396.342,3884.374,136.902,0.759,5.276,2049.003,848.770,89.847,23,28,16,12,0,6620,166,3,0,22.500,8.903,0.000,0.000,0.000,32.946,5.678,0.476,0,2,1,1,0,1068,98,2,0,32.500,6.325,0.000,21.460,0.000,21.178,4.375,11.501,0,1,1,0,0,519,90,2,0,50.000,2.889,0.000,0.000,0.000,16.969,3.504,0.668,0,0,0,0,0,0,30,0,0,0.000,0.000,0.000,15.039,0.000,5.266,0.998,6.098,0,0,0,0,0,0,0,0,0,0,0,0,0,0,0,0,0,0
571,19.0,2573,486,50,149,2414,4,6,52,202.35,0.889,1.240,0.123,0.059,0.091,-0.763,1.548,0.3233,2.9684,0.696,0.134,0.017,0.147,0.069,87,68,118,0,4,0,87410.20,1843.325,34528.063,32.174,712.251,11.061,14168.832,7828.323,69.972,15461.030,12368.824,3651.703,249.153,594.447,0.000163,-0.016063,96,0,111,7,109,102,32045,0,7,14.220,90,17,17,3,0,8,6,72,33,33,6,0,27,0,60223,1563,77,38663.445,30231.924,611.435,4.029,14.220,11544.864,6095.239,672.971,350,157,58,96,3,30122,9177,321,19,6992.599,4270.088,100.816,1.624,0.000,2123.533,913.545,99.818,44,24,10,14,0,6228,102,0,0,0.000,0.000,0.000,0.000,0.000,19.463,2.994,0.000,0,1,0,1,0,492,90,2,0,15.000,2.447,0.000,8.143,0.000,19.055,2.367,5.681,0,0,0,0,0,0,90,2,0,50.000,4.002,0.000,0.000,0.000,17.184,2.534,0.745,0,0,0,0,0,0,30,0,0,0.000,0.000,0.000,4.158,0.000,5.344,0.998,2.033,0,0,0,0,0,0,0,0,0,0,0,0,0,0,0,0,0,0
601,20.0,2747,456,48,153,2584,4,6,56,204.19,0.898,1.251,0.121,0.060,0.090,-0.764,1.546,0.3135,2.9965,0.709,0.124,0.014,0.147,0.070,86,86,134,0,2,0,92726.10,1918.172,35223.675,47.442,816.427,10.780,15415.263,8652.407,75.047,15275.692,12220.554,3794.885,265.474,615.174,0.000207,-0.014203,100,0,122,12,122,111,35024,6,12,23.539,90,12,11,4,0,7,0,60,13,13,7,0,6,0,64821,1561,76,38833.362,30424.646,695.050,4.506,22.006,12652.519,6755.948,761.964,333,188,76,110,2,33352,9714,353,18,7781.384,4769.785,120.859,1.414,1.391,2254.173,975.885,110.784,46,21,9,12,0,5487,90,1,0,7.500,2.970,0.000,0.000,0.000,18.128,2.850,0.000,0,0,0,0,0,0,90,4,0,65.000,11.515,0.000,7.999,0.000,19.126,2.367,5.330,0,0,0,0,0,0,90,1,0,25.000,2.557,0.000,0.000,0.000,17.403,2.861,0.469,0,0,0,0,0,0,30,0,0,0.000,0.000,0.000,9.985,0.142,5.422,0.998,3.388,0,0,0,0,0,0,0,0,0,0,0,0,0,0,0,0,0,0
631,21.0,2880,433,48,152,2720,2,6,70,188.96,0.909,1.262,0.121,0.062,0.089,-0.765,1.545,0.3098,3.0208,0.678,0.105,0.015,0.147,0.072,89,104,180,0,4,0,96623.48,2018.652,36953.139,57.716,1099.349,10.731,16610.417,9089.156,85.794,16332.074,13065.660,5004.066,234.192,842.092,0.000170,-0.011991,134,0,170,10,169,159,37524,2,10,27.501,72,18,18,5,0,13,0,60,13,13,6,0,7,0,68963,1669,115,41880.809,32435.203,943.768,6.071,27.501,13630.725,7008.633,817.826,372,241,85,154,2,40708,10505,325,16,7355.693,4476.922,154.313,2.245,0.000,2472.611,1077.591,138.807,40,35,19,14,2,7183,90,3,1,25.906,8.455,1.143,0.000,0.000,18.465,2.869,0.000,0,0,0,0,0,0,90,1,0,7.500,0.940,0.000,9.938,0.000,19.548,2.367,4.699,0,0,0,0,0,0,64,0,0,0.000,0.000,0.000,0.000,0.000,13.946,2.096,0.888,0,2,0,2,0,1236,30,0,0,0.000,0.000,0.000,11.961,0.000,5.500,0.998,3.388,0,0,0,0,0,0,0,0,0,0,0,0,0,0,0,0,0,0
661,22.0,3018,395,48,148,2866,2,2,77,177.90,0.916,1.274,0.120,0.064,0.088,-0.768,1.565,0.3036,3.0482,0.696,0.122,0.016,0.147,0.075,99,102,148,0,8,0,101967.77,1986.704,39079.801,47.836,1037.013,11.672,17600.043,9719.808,99.431,15332.711,12266.169,4335.618,218.652,729.958,0.000178,-0.010943,145,0,138,10,139,129,39743,0,10,27.268,60,14,14,5,0,9,0,50,9,9,4,0,5,0,72880,1761,122,44429.214,34547.265,911.875,5.229,24.190,14580.832,7501.307,919.993,358,218,88,122,8,38424,10646,330,23,7403.267,4518.174,125.138,0.227,3.077,2533.979,1125.247,131.779,32,26,12,14,0,4832,56,0,0,0.000,0.000,0.000,0.000,0.000,11.868,1.840,0.000,0,2,1,1,0,1288,67,1,0,7.500,0.940,0.000,3.347,0.000,15.851,2.086,3.086,0,2,1,1,0,1235,30,0,0,0.000,0.000,0.000,0.000,0.000,7.078,1.261,0.666,0,0,0,0,0,0,30,0,0,0.000,0.000,0.000,11.766,0.000,5.578,0.998,3.388,0,0,0,0,0,0,0,0,0,0,0,0,0,0,0,0,0,0
691,23.0,3146,409,48,149,2995,1,1,96,211.29,0.923,1.281,0.123,0.066,0.087,-0.769,1.551,0.3054,3.0733,0.693,0.087,0.015,0.147,0.076,83,123,183,0,6,0,104627.26,2036.547,40375.054,53.495,862.557,10.458,18719.421,10490.740,114.477,17053.830,13643.064,5830.266,382.592,857.342,0.000165,-0.011715,136,0,171,12,180,168,42649,9,12,35.363,43,10,10,3,0,7,0,5,0,0,0,0,0,0,76676,1788,106,44662.236,34944.945,755.903,7.295,24.375,15527.945,8107.210,999.238,383,257,103,151,3,48752,11285,386,21,8782.830,5415.428,103.626,1.889,10.988,2727.323,1210.503,138.819,44,41,18,20,3,8642,30,1,0,7.500,2.516,0.000,0.000,0.000,7.054,1.113,0.000,0,0,0,0,0,0,5,0,0,0.000,0.000,0.000,0.000,0.000,1.545,0.275,0.000,0,1,1,0,0,666,13,0,0,0.000,0.000,0.000,0.000,0.000,3.098,0.428,0.370,0,1,1,0,0,674,30,1,0,7.500,0.125,0.000,8.949,0.000,5.656,0.998,3.388,0,0,0,0,0,0,0,0,0,0,0,0,0,0,0,0,0,0
721,24.0,3226,405,48,151,3074,1,0,101,205.10,0.933,1.287,0.122,0.068,0.086,-0.769,1.556,0.3164,3.0662,0.703,0.073,0.016,0.147,0.077,74,146,199,0,13,0,107787.48,2124.031,41917.001,48.894,1022.877,11.555,19611.532,10971.871,139.751,17115.769,13692.616,5695.581,172.845,914.969,0.000144,-0.011474,156,0,190,9,190,181,44321,8,9,19.119,30,9,9,9,0,0,0,0,0,0,0,0,0,0,79715,1860,118,46508.013,36245.952,858.041,6.738,16.864,16331.404,8462.796,1079.530,373,307,126,169,12,61543,11548,413,30,9220.354,5648.903,158.374,1.711,2.255,2824.720,1248.837,143.690,54,41,19,21,1,9468,23,0,0,0.000,0.000,0.000,0.000,0.000,5.439,0.853,0.000,0,1,1,0,0,714,0,0,0,0.000,0.000,0.000,0.000,0.000,0.000,0.000,0.000,0,0,0,0,0,0,0,0,0,0.000,0.000,0.000,0.000,0.000,0.000,0.000,0.000,0,0,0,0,0,0,30,1,0,7.500,0.125,0.000,21.327,0.000,5.734,1.420,6.098,0,0,0,0,0,0,0,0,0,0,0,0,0,0,0,0,0,0
751,25.0,3260,347,38,150,3109,1,0,106,184.57,0.943,1.295,0.121,0.072,0.086,-0.770,1.553,0.3082,3.0583,0.722,0.060,0.016,0.146,0.078,82,154,243,0,13,0,109884.35,2319.041,43465.977,52.446,1060.609,13.832,20147.627,11329.181,141.091,17547.740,14038.192,7355.509,160.932,1096.702,0.000143,-0.011413,204,0,229,14,238,224,45484,59,14,29.124,30,5,5,5,0,0,0,0,0,0,0,0,0,0,80497,1921,120,48140.336,37746.055,867.666,8.616,29.124,16666.500,8635.858,1140.468,388,349,136,204,9,61093,12250,394,25,9233.039,5694.433,166.929,2.326,0.000,3015.046,1347.832,170.384,43,47,18,25,4,10863,0,0,0,0.000,0.000,0.000,0.000,0.000,0.000,0.000,0.000,0,0,0,0,0,0,0,0,0,0.000,0.000,0.000,0.000,0.000,0.000,0.000,0.000,0,0,0,0,0,0,0,0,0,0.000,0.000,0.000,0.000,0.000,0.000,0.000,0.000,0,0,0,0,0,0,30,0,0,0.000,0.000,0.000,12.380,0.000,5.812,1.510,3.388,0,0,0,0,0,0,0,0,0,0,0,0,0,0,0,0,0,0
781,26.0,3339,353,38,144,3194,1,0,125,219.73,0.949,1.300,0.118,0.074,0.085,-0.773,1.566,0.3127,3.0684,0.700,0.069,0.016,0.147,0.081,81,139,241,0,11,0,111310.77,2161.444,43981.292,66.369,832.284,11.268,20714.290,11666.208,159.674,18295.690,14636.553,7301.119,289.766,992.497,0.000203,-0.012405,182,0,221,20,230,214,46716,59,20,36.318,30,11,7,7,0,0,0,0,0,0,0,0,0,0,82766,1931,103,48474.813,38039.017,736.987,8.448,30.009,17349.432,8948.813,1174.132,411,315,120,186,9,59466,11756,404,20,9464.797,5917.265,84.531,2.799,6.185,2921.778,1331.184,175.293,45,56,19,35,2,16225,0,0,0,0.000,0.000,0.000,0.000,0.000,0.000,0.000,0.000,0,0,0,0,0,0,0,0,0,0.000,0.000,0.000,0.000,0.000,0.000,0.000,0.000,0,0,0,0,0,0,0,0,0,0.000,0.000,0.000,0.000,0.000,0.000,0.000,0.000,0,0,0,0,0,0,30,1,0,7.500,0.125,0.000,18.804,0.124,5.890,0.998,7.453,0,0,0,0,0,0,0,0,0,0,0,0,0,0,0,0,0,0
811,27.0,3338,374,38,145,3191,1,1,139,200.43,0.954,1.305,0.118,0.073,0.085,-0.774,1.554,0.3072,3.0976,0.729,0.076,0.017,0.147,0.082,81,151,264,0,14,0,112965.91,2248.555,45087.222,44.263,996.894,11.057,21080.975,11913.899,186.539,16980.509,13584.407,7779.658,257.328,1110.393,0.000206,-0.011543,151,0,253,11,260,249,47152,6,11,23.480,30,4,4,4,0,0,0,0,0,0,0,0,0,0,84133,1987,122,49982.356,39095.016,866.990,9.524,21.507,17771.314,9167.120,1215.221,370,361,128,220,13,69854,11425,405,23,9698.268,5950.089,129.054,2.685,1.972,2865.373,1325.663,171.135,46,57,23,33,1,12147,10,2,0,50.000,22.017,0.000,0.000,0.000,2.624,1.994,0.000,0,0,0,0,0,0,0,0,0,0.000,0.000,0.000,0.000,0.000,0.000,0.000,0.000,0,0,0,0,0,0,0,0,0,0.000,0.000,0.000,0.000,0.000,0.000,0.000,0.000,0,0,0,0,0,0,30,0,0,0.000,0.000,0.000,8.575,0.000,5.968,1.431,2.710,0,0,0,0,0,0,0,0,0,0,1,0,0,0,0,0,0,0
841,28.0,3380,347,38,145,3232,1,2,152,215.55,0.969,1.313,0.117,0.076,0.085,-0.772,1.567,0.3105,3.0876,0.681,0.062,0.018,0.146,0.083,78,163,253,0,9,0,114568.30,2241.545,45628.159,76.435,946.465,12.297,21518.215,11936.469,206.472,18735.361,14988.289,7575.497,321.366,1038.668,0.000196,-0.009827,137,0,240,13,244,232,47283,0,13,39.801,30,10,9,7,0,2,0,0,0,0,0,0,0,0,84817,2026,121,51134.424,39954.156,846.911,7.629,36.974,18126.445,9217.873,1215.760,401,364,148,208,8,73170,11557,381,14,9085.682,5618.541,91.150,2.643,2.787,2946.694,1296.617,161.345,52,48,15,32,1,12032,37,3,2,94.084,33.025,8.403,0.000,0.000,9.517,7.013,0.000,1,0,0,0,0,0,0,0,0,0.000,0.000,0.000,0.000,0.000,0.000,0.000,0.000,0,0,0,0,0,0,0,0,0,0.000,0.000,0.000,0.000,0.000,0.000,0.000,0.000,0,0,0,0,0,0,30,0,0,0.000,0.000,0.000,24.958,0.040,6.046,2.473,6.775,0,0,0,0,0,0,0,0,0,0,0,0,0,0,0,0,0,0
871,29.0,3415,337,38,135,3277,1,2,182,211.10,0.982,1.322,0.118,0.076,0.083,-0.772,1.563,0.3034,3.0850,0.689,0.052,0.016,0.146,0.084,73,139,244,0,11,0,115833.21,2086.945,45514.954,71.480,1019.130,12.311,22172.553,12349.328,237.339,17188.794,13751.036,7048.966,171.147,991.369,0.000157,-0.008938,141,0,225,19,236,217,47932,4,19,42.056,30,6,6,6,0,0,0,0,0,0,0,0,0,0,86002,2002,123,50744.225,39557.030,939.176,7.830,42.056,18726.547,9601.683,1247.722,379,331,120,203,8,69251,11643,389,14,9429.228,5884.870,75.875,2.659,0.000,2998.496,1288.979,163.218,41,44,19,22,3,10607,60,6,0,150.000,66.051,0.000,0.000,0.000,14.906,9.162,0.000,0,0,0,0,0,0,0,0,0,0.000,0.000,0.000,0.000,0.000,0.000,0.000,0.000,0,0,0,0,0,0,0,0,0,0.000,0.000,0.000,0.000,0.000,0.000,0.000,0.000,0,0,0,0,0,0,30,0,0,0.000,0.000,0.000,16.185,0.000,6.124,2.472,4.065,0,0,0,0,0,0,0,0,0,0,0,0,0,0,0,0,0,0
901,30.0,3457,301,32,129,3324,1,3,201,219.29,0.995,1.335,0.121,0.078,0.082,-0.772,1.566,0.3011,3.0825,0.697,0.062,0.018,0.145,0.085,78,169,222,0,27,0,117978.50,1936.980,47665.434,66.074,1094.267,10.175,22752.256,12664.684,285.891,18643.718,14914.975,6860.011,246.968,984.652,0.000357,-0.006081,160,0,209,13,215,202,48481,0,13,35.601,30,7,7,7,0,0,0,0,0,0,0,0,0,0,87398,2140,139,54209.821,42364.954,971.263,8.662,35.601,19367.149,9885.954,1329.659,407,358,145,190,23,76029,11492,336,21,8333.375,5194.630,123.005,2.018,0.000,2965.422,1255.897,154.566,44,46,24,19,3,13061,78,6,0,150.000,66.051,0.000,0.000,0.000,18.844,7.275,0.000,1,0,0,0,0,0,0,0,0,0.000,0.000,0.000,0.000,0.000,0.000,0.000,0.000,0,0,0,0,0,0,0,0,0,0.000,0.000,0.000,0.000,0.000,0.000,0.000,0.000,0,0,0,0,0,0,30,1,0,7.500,0.125,0.000,19.793,0.000,6.202,2.472,4.743,0,0,0,0,0,0,0,0,0,0,0,0,0,0,0,0,0,0
931,31.0,3454,325,32,122,3329,0,3,240,233.62,1.008,1.340,0.121,0.079,0.081,-0.773,1.588,0.2989,3.0753,0.722,0.049,0.020,0.145,0.084,78,176,258,0,20,0,117977.68,1930.942,47098.607,52.846,925.168,11.787,23262.444,12984.939,330.090,18348.130,14678.504,7631.154,152.708,1052.259,0.000240,-0.004821,135,0,248,10,250,240,49378,0,10,20.140,28,8,8,8,0,0,0,0,0,0,0,0,0,0,88217,2109,112,53240.904,41856.120,802.227,10.632,20.140,19905.551,10139.225,1414.939,410,391,152,221,18,80595,11438,335,22,8295.519,5176.484,119.451,1.446,0.000,2953.738,1239.811,152.730,37,52,24,26,2,13103,90,5,1,132.924,55.042,3.489,0.000,0.000,21.563,8.416,0.000,0,0,0,0,0,0,0,0,0,0.000,0.000,0.000,0.000,0.000,0.000,0.000,0.000,0,0,0,0,0,0,0,0,0,0.000,0.000,0.000,0.000,0.000,0.000,0.000,0.000,0,0,0,0,0,0,28,0,0,0.000,0.000,0.000,20.628,0.000,5.859,1.927,4.743,0,1,0,1,0,929,1,0,0,0,0,0,0,0,0,0,0,0
961,32.0,3486,314,32,119,3364,0,3,277,244.62,1.020,1.342,0.123,0.078,0.080,-0.773,1.588,0.2892,3.0427,0.701,0.050,0.020,0.144,0.082,65,163,230,0,22,0,119231.67,1929.553,48449.734,37.279,912.929,12.706,23726.638,13194.709,389.317,18338.769,14671.015,6830.017,384.342,969.795,0.000249,-0.005299,136,0,219,11,230,219,49747,6,11,25.262,0,0,0,0,0,0,0,0,0,0,0,0,0,0,89213,2162,119,54567.493,42873.828,834.324,9.079,23.785,20442.679,10370.013,1464.039,391,362,142,200,20,76348,11144,358,11,8739.887,5521.734,74.149,2.939,1.477,2895.681,1197.159,132.591,45,41,21,19,1,10435,90,4,0,100.000,44.034,0.000,0.000,0.000,21.540,8.395,0.000,2,0,0,0,0,0,0,0,0,0.000,0.000,0.000,0.000,0.000,0.000,0.000,0.000,0,0,0,0,0,0,0,0,0,0.000,0.000,0.000,0.000,0.000,0.000,0.000,0.000,0,0,0,0,0,0,0,0,0,0.000,0.000,0.000,0.000,0.000,0.000,0.000,0.000,0,0,0,0,0,0,0,0,0,0,0,0,0,2,0,0,0,0
991,33.0,3468,293,32,113,3353,0,2,351,200.04,1.035,1.347,0.126,0.079,0.079,-0.773,1.574,0.2765,3.0436,0.702,0.044,0.018,0.144,0.082,70,186,218,0,36,0,118144.84,1888.267,46920.139,35.248,927.097,14.995,24266.851,13601.585,496.214,17399.740,13919.792,6587.938,517.170,980.772,0.000250,-0.005631,149,0,205,13,218,205,50308,12,13,24.976,0,0,0,0,0,0,0,0,0,0,0,0,0,0,89998,2092,121,52904.864,41452.346,839.785,8.153,24.976,20975.807,10665.016,1532.459,368,383,166,183,34,81031,11105,349,16,8646.547,5430.930,84.102,2.119,0.000,2920.320,1248.368,127.281,45,41,19,21,1,7848,76,2,0,50.000,22.017,0.000,0.000,0.000,18.343,6.806,0.000,0,1,0,1,0,143,0,0,0,0.000,0.000,0.000,0.000,0.000,0.000,0.000,0.000,0,0,0,0,0,0,0,0,0,0.000,0.000,0.000,0.000,0.000,0.000,0.000,0.000,0,0,0,0,0,0,0,0,0,0.000,0.000,0.000,0.000,0.000,0.000,0.000,0.000,0,0,0,0,0,0,0,0,0,0,0,0,0,0,0,0,0,0
1021,34.0,3433,261,32,112,3319,0,2,400,231.46,1.046,1.349,0.125,0.080,0.079,-0.773,1.576,0.2725,3.0333,0.740,0.062,0.019,0.143,0.081,74,172,202,0,37,0,116743.03,1823.098,46002.132,23.544,979.605,15.295,24330.193,13503.084,577.911,15403.298,12322.638,6525.596,225.449,1007.701,0.000163,-0.005500,199,0,195,7,202,195,50068,43,7,14.493,0,0,0,0,0,0,0,0,0,0,0,0,0,0,88866,2034,136,51511.032,40242.127,878.493,7.610,14.493,21050.230,10567.275,1482.520,331,363,155,173,35,79491,11089,367,20,9075.936,5731.161,94.889,1.441,0.000,2926.494,1311.015,115.993,39,41,17,22,2,9720,60,0,0,0.000,0.000,0.000,0.000,0.000,14.676,5.436,0.000,0,0,0,0,0,0,0,0,0,0.000,0.000,0.000,0.000,0.000,0.000,0.000,0.000,0,0,0,0,0,0,0,0,0,0.000,0.000,0.000,0.000,0.000,0.000,0.000,0.000,0,0,0,0,0,0,0,0,0,0.000,0.000,0.000,0.000,0.000,0.000,0.000,0.000,0,0,0,0,0,0,0,0,0,0,0,0,0,0,0,0,0,0
1051,35.0,3349,282,29,113,3234,0,2,421,236.24,1.058,1.352,0.125,0.081,0.081,-0.772,1.563,0.2815,3.0102,0.704,0.044,0.018,0.142,0.081,62,196,198,0,59,0,114955.41,1768.702,45235.622,23.930,774.810,13.501,24400.042,13510.814,634.571,15533.391,12426.713,6082.992,206.750,874.032,0.000199,-0.003814,117,0,190,8,198,190,49604,3,8,14.415,0,0,0,0,0,0,0,0,0,0,0,0,0,0,88077,2019,103,50944.585,40022.981,709.517,8.485,14.415,21150.162,10545.237,1536.418,322,392,175,165,52,88809,10942,329,11,8139.912,5098.943,64.939,1.030,0.000,2894.254,1280.439,119.548,38,53,21,25,7,11868,60,9,0,225.000,99.076,0.000,0.000,0.000,14.685,8.381,0.000,0,0,0,0,0,0,0,0,0,0.000,0.000,0.000,0.000,0.000,0.000,0.000,0.000,0,0,0,0,0,0,0,0,0,0.000,0.000,0.000,0.000,0.000,0.000,0.000,0.000,0,0,0,0,0,0,0,0,0,0.000,0.000,0.000,0.000,0.000,0.000,0.000,0.000,0,0,0,0,0,0,0,0,0,0,0,0,0,0,0,0,0,0
1081,36.0,3226,298,29,107,3117,0,2,433,228.50,1.066,1.358,0.123,0.080,0.080,-0.772,1.568,0.2685,3.0163,0.762,0.047,0.019,0.142,0.083,56,190,224,0,60,0,112151.59,1748.251,44338.353,28.512,1055.932,12.166,23718.180,12947.444,658.615,14598.047,11678.438,7334.283,258.117,1082.683,0.000184,-0.004338,155,0,211,13,224,211,47256,2,13,17.368,0,0,0,0,0,0,0,0,0,0,0,0,0,0,84314,1974,127,50122.442,39110.537,887.934,9.550,17.368,20550.963,10106.264,1432.559,305,411,176,183,52,87758,10644,332,26,8442.334,5167.174,167.312,1.594,0.000,2820.120,1265.216,112.393,38,50,14,28,8,14162,60,5,0,125.000,55.042,0.000,0.000,0.000,14.686,11.100,0.000,1,0,0,0,0,0,0,0,0,0.000,0.000,0.000,0.000,0.000,0.000,0.000,0.000,0,0,0,0,0,0,0,0,0,0.000,0.000,0.000,0.000,0.000,0.000,0.000,0.000,0,0,0,0,0,0,0,0,0,0.000,0.000,0.000,0.000,0.000,0.000,0.000,0.000,0,0,0,0,0,0,0,0,0,0,0,0,0,1,0,0,0,0
1111,37.0,3194,259,29,104,3088,0,2,461,251.86,1.076,1.357,0.123,0.080,0.079,-0.772,1.582,0.2685,3.0048,0.729,0.029,0.017,0.142,0.081,62,142,188,0,56,0,110630.26,1673.911,44277.232,31.571,815.957,13.373,23601.791,12899.795,692.860,14868.408,11894.726,6240.932,243.471,851.515,0.000195,-0.005604,134,0,180,8,188,180,46335,5,8,21.509,0,0,0,0,0,0,0,0,0,0,0,0,0,0,83261,1971,122,49866.703,39058.843,773.813,8.129,21.509,20534.917,10147.818,1443.535,315,334,130,153,51,85144,10241,336,7,8269.515,5178.222,36.173,1.933,0.000,2726.307,1180.809,98.840,34,44,12,27,5,11130,60,3,0,75.000,33.025,0.000,0.000,0.000,14.807,9.577,0.000,0,0,0,0,0,0,0,0,0,0.000,0.000,0.000,0.000,0.000,0.000,0.000,0.000,0,0,0,0,0,0,0,0,0,0.000,0.000,0.000,0.000,0.000,0.000,0.000,0.000,0,0,0,0,0,0,0,0,0,0.000,0.000,0.000,0.000,0.000,0.000,0.000,0.000,0,0,0,0,0,0,0,0,0,0,0,0,0,0,0,0,0,0
1141,38.0,3103,286,29,104,2996,0,3,488,239.26,1.086,1.358,0.123,0.084,0.080,-0.771,1.588,0.2683,3.0065,0.753,0.029,0.016,0.141,0.080,67,153,197,0,62,0,105724.09,1637.614,40623.161,21.890,676.994,11.959,23403.784,12769.668,741.122,13635.449,10908.359,6363.917,330.550,852.698,0.000205,-0.006778,112,0,191,6,197,191,45447,0,6,12.123,0,0,0,0,0,0,0,0,0,0,0,0,0,0,81389,1819,101,45911.507,35944.056,612.860,8.417,12.123,20334.637,10046.197,1443.733,277,373,145,172,56,86572,10237,297,11,7311.944,4606.247,64.134,1.349,0.000,2730.666,1160.309,93.194,37,33,8,19,6,8820,68,6,0,150.000,66.051,0.000,0.000,0.000,16.790,7.812,0.000,1,0,0,0,0,0,0,0,0,0.000,0.000,0.000,0.000,0.000,0.000,0.000,0.000,0,0,0,0,0,0,0,0,0,0.000,0.000,0.000,0.000,0.000,0.000,0.000,0.000,0,0,0,0,0,0,0,0,0,0.000,0.000,0.000,0.000,0.000,0.000,0.000,0.000,0,0,0,0,0,0,0,0,0,0,0,0,0,0,0,0,0,0
1171,39.0,3005,253,29,97,2905,0,3,500,258.50,1.099,1.361,0.125,0.083,0.078,-0.770,1.569,0.2693,2.9750,0.699,0.041,0.019,0.140,0.080,70,173,170,0,64,0,103967.53,1454.756,41314.343,29.207,854.571,14.564,22938.197,12358.077,766.344,13065.343,10452.274,4877.678,269.118,732.382,0.000163,-0.007704,131,0,159,11,170,159,43303,0,11,22.173,0,0,0,0,0,0,0,0,0,0,0,0,0,0,78478,1824,117,46217.937,36118.842,793.946,6.103,22.173,19888.114,9749.172,1361.793,268,354,159,139,56,93514,10238,332,14,8223.153,5176.209,60.626,0.931,0.000,2723.522,1133.275,87.337,37,42,14,20,8,11810,90,1,0,25.000,11.008,0.000,0.000,0.000,21.946,8.729,0.000,0,0,0,0,0,0,0,0,0,0.000,0.000,0.000,0.000,0.000,0.000,0.000,0.000,0,0,0,0,0,0,0,0,0,0.000,0.000,0.000,0.000,0.000,0.000,0.000,0.000,0,0,0,0,0,0,0,0,0,0.000,0.000,0.000,0.000,0.000,0.000,0.000,0.000,0,0,0,0,0,0,0,0,0,0,0,0,0,0,0,0,0,0
1201,40.0,2929,253,26,97,2830,0,2,495,257.11,1.105,1.362,0.125,0.083,0.079,-0.771,1.585,0.2632,2.9745,0.668,0.021,0.019,0.140,0.078,57,147,170,0,59,0,100900.96,1365.177,39439.547,35.588,631.250,12.227,22428.069,12074.186,756.076,12658.056,10126.445,5178.786,217.287,720.869,0.000179,-0.005638,115,0,161,9,170,161,41840,0,9,27.444,0,0,0,0,0,0,0,0,0,0,0,0,0,0,76136,1731,87,43734.483,34516.247,531.385,6.309,27.444,19475.929,9511.680,1317.716,263,319,136,132,51,83915,9931,311,28,7771.001,4899.497,99.865,1.836,0.000,2634.192,1135.403,85.933,28,47,11,28,8,11879,66,1,0,25.000,11.008,0.000,0.000,0.000,16.308,6.019,0.000,0,1,0,1,0,44,0,0,0,0.000,0.000,0.000,0.000,0.000,0.000,0.000,0.000,0,0,0,0,0,0,0,0,0,0.000,0.000,0.000,0.000,0.000,0.000,0.000,0.000,0,0,0,0,0,0,0,0,0,0.000,0.000,0.000,0.000,0.000,0.000,0.000,0.000,0,0,0,0,0,0,0,0,0,0,0,0,0,0,0,0,0,0
1231,41.0,2854,244,26,95,2757,0,2,509,277.46,1.111,1.362,0.122,0.083,0.079,-0.773,1.576,0.2622,2.9587,0.713,0.021,0.018,0.140,0.078,71,162,126,0,67,0,97531.95,1291.414,37177.415,14.701,600.938,15.340,22064.786,11815.495,768.938,11989.927,9591.942,3904.702,318.903,581.726,0.000214,-0.005438,110,0,120,6,126,120,40609,0,6,8.946,0,0,0,0,0,0,0,0,0,0,0,0,0,0,74411,1624,90,41079.314,32390.295,513.814,5.113,8.946,19185.061,9387.588,1211.479,235,301,141,99,61,79993,9677,298,20,7484.778,4743.086,87.123,0.641,0.000,2565.506,1106.724,87.332,40,47,21,21,5,12998,60,4,0,100.000,44.034,0.000,0.000,0.000,14.824,5.364,0.000,0,0,0,0,0,0,0,0,0,0.000,0.000,0.000,0.000,0.000,0.000,0.000,0.000,0,0,0,0,0,0,0,0,0,0.000,0.000,0.000,0.000,0.000,0.000,0.000,0.000,0,0,0,0,0,0,0,0,0,0.000,0.000,0.000,0.000,0.000,0.000,0.000,0.000,0,0,0,0,0,0,0,0,0,0,0,0,0,0,0,0,0,0
1261,42.0,2742,254,26,92,2647,0,3,496,272.22,1.119,1.364,0.121,0.082,0.078,-0.774,1.582,0.2650,2.9551,0.748,0.011,0.017,0.140,0.079,64,170,132,0,80,0,93225.66,1297.872,35479.336,12.192,686.738,15.460,21463.703,11377.366,768.977,11673.511,9338.809,4348.249,152.775,649.916,0.000272,-0.004893,117,0,129,3,132,129,38728,12,3,5.384,0,0,0,0,0,0,0,0,0,0,0,0,0,0,71683,1561,90,39697.125,31317.231,589.960,5.119,5.384,18656.672,9074.454,1171.851,233,336,155,111,70,85080,9468,258,15,6539.120,4130.864,91.198,1.689,0.000,2497.064,1015.407,91.730,35,42,15,18,9,11510,81,2,0,50.000,22.017,0.000,0.000,0.000,20.048,7.319,0.000,1,0,0,0,0,0,0,0,0,0.000,0.000,0.000,0.000,0.000,0.000,0.000,0.000,0,0,0,0,0,0,0,0,0,0.000,0.000,0.000,0.000,0.000,0.000,0.000,0.000,0,0,0,0,0,0,0,0,0,0.000,0.000,0.000,0.000,0.000,0.000,0.000,0.000,0,0,0,0,0,0,0,0,0,0,0,0,0,0,0,0,0,0
1291,43.0,2616,226,26,87,2526,0,3,471,245.55,1.126,1.369,0.119,0.080,0.078,-0.773,1.577,0.2679,2.9663,0.733,0.000,0.017,0.139,0.077,68,156,133,0,62,0,88918.42,1214.339,33911.297,17.565,713.760,12.819,20780.880,11003.002,742.487,9690.894,7752.716,4023.723,361.418,600.755,0.000182,-0.004129,116,0,127,6,133,127,37167,4,6,10.926,0,0,0,0,0,0,0,0,0,0,0,0,0,0,68741,1487,95,37861.066,29634.975,647.675,6.041,10.926,18014.616,8789.776,1077.832,192,310,143,110,57,80937,9371,271,17,6720.611,4254.770,64.433,0.597,0.000,2462.308,1021.056,86.997,32,35,13,17,5,9333,90,1,0,25.000,11.008,0.000,0.000,0.000,22.258,11.205,0.000,0,0,0,0,0,0,0,0,0,0.000,0.000,0.000,0.000,0.000,0.000,0.000,0.000,0,0,0,0,0,0,0,0,0,0.000,0.000,0.000,0.000,0.000,0.000,0.000,0.000,0,0,0,0,0,0,0,0,0,0.000,0.000,0.000,0.000,0.000,0.000,0.000,0.000,0,0,0,0,0,0,0,0,0,0,0,0,0,0,0,0,0,0
1321,44.0,2444,233,26,87,2354,0,3,445,252.84,1.132,1.369,0.119,0.083,0.079,-0.771,1.583,0.2734,2.9576,0.735,0.011,0.019,0.137,0.075,67,157,149,0,67,0,82764.15,1079.519,31133.744,12.838,537.180,11.505,19758.261,10371.389,692.192,8660.378,6928.303,4880.776,293.436,652.243,0.000214,-0.006437,94,0,145,4,149,145,34924,0,4,4.514,0,0,0,0,0,0,0,0,0,0,0,0,0,0,64307,1332,84,33786.043,26538.765,495.414,7.143,4.514,17042.092,8260.471,975.688,166,339,145,134,60,85234,9271,289,10,7165.589,4566.715,41.767,1.181,0.000,2422.678,1012.494,96.646,31,30,12,11,7,7015,90,2,0,50.000,22.017,0.000,0.000,0.000,22.316,10.173,0.000,0,0,0,0,0,0,0,0,0,0.000,0.000,0.000,0.000,0.000,0.000,0.000,0.000,0,0,0,0,0,0,0,0,0,0.000,0.000,0.000,0.000,0.000,0.000,0.000,0.000,0,0,0,0,0,0,0,0,0,0.000,0.000,0.000,0.000,0.000,0.000,0.000,0.000,0,0,0,0,0,0,0,0,0,0,0,0,0,0,0,0,0,0
1351,45.0,2280,241,24,82,2197,0,1,405,268.10,1.135,1.369,0.121,0.081,0.079,-0.770,1.586,0.2751,2.9520,0.737,0.024,0.022,0.136,0.073,65,173,135,0,68,0,77533.09,1037.437,29593.548,17.433,427.035,10.963,18487.094,9578.084,639.510,9098.866,7279.093,4528.858,253.703,572.448,0.000105,-0.006824,72,0,129,6,135,129,32614,0,6,9.221,0,0,0,0,0,0,0,0,0,0,0,0,0,0,59480,1270,60,32062.497,25189.363,389.717,6.093,9.221,15848.344,7631.669,900.035,178,316,149,104,63,85689,9095,277,12,6876.793,4400.788,37.317,2.119,0.000,2360.531,933.470,87.288,33,52,22,25,5,14745,74,0,0,0.000,0.000,0.000,0.000,0.000,18.335,10.550,0.000,0,2,2,0,0,645,0,0,0,0.000,0.000,0.000,0.000,0.000,0.000,0.000,0.000,0,0,0,0,0,0,0,0,0,0.000,0.000,0.000,0.000,0.000,0.000,0.000,0.000,0,0,0,0,0,0,0,0,0,0.000,0.000,0.000,0.000,0.000,0.000,0.000,0.000,0,0,0,0,0,0,0,0,0,0,0,0,0,0,0,0,0,0
1381,46.0,2159,219,24,84,2074,0,1,357,264.39,1.139,1.368,0.125,0.079,0.081,-0.770,1.597,0.2803,2.9513,0.729,0.012,0.019,0.135,0.071,65,148,117,0,58,0,71777.60,987.092,26859.817,14.444,525.048,9.565,17396.268,9061.356,553.944,8759.560,7007.649,4156.322,129.816,567.224,0.000183,-0.007829,96,0,114,3,117,114,30253,0,3,6.665,0,0,0,0,0,0,0,0,0,0,0,0,0,0,55263,1142,80,28903.564,22667.629,472.913,6.010,6.665,14837.963,7185.884,844.118,164,272,130,90,52,74375,8808,261,16,6552.981,4170.171,52.135,1.769,0.000,2293.655,939.534,73.903,33,48,18,24,6,11132,30,2,0,50.000,22.017,0.000,0.000,0.000,6.996,2.833,0.000,0,0,0,0,0,0,0,0,0,0.000,0.000,0.000,0.000,0.000,0.000,0.000,0.000,0,0,0,0,0,0,0,0,0,0.000,0.000,0.000,0.000,0.000,0.000,0.000,0.000,0,0,0,0,0,0,0,0,0,0.000,0.000,0.000,0.000,0.000,0.000,0.000,0.000,0,0,0,0,0,0,0,0,0,0,0,0,0,0,0,0,0,0
1411,47.0,2018,195,24,81,1936,0,1,328,297.94,1.146,1.368,0.130,0.080,0.081,-0.769,1.602,0.2697,2.9263,0.750,0.000,0.021,0.133,0.067,57,165,90,0,54,0,68486.36,954.517,26081.895,14.506,419.531,10.847,16575.035,8552.126,507.550,7334.923,5867.938,2703.302,135.257,401.913,0.000245,-0.008479,71,0,84,6,90,84,27986,0,6,9.229,0,0,0,0,0,0,0,0,0,0,0,0,0,0,51927,1075,55,27167.167,21526.869,350.947,3.591,9.229,14068.709,6793.444,688.836,129,261,150,62,49,78041,8592,281,16,7063.854,4522.152,68.584,1.686,0.000,2246.292,983.064,69.022,36,42,15,22,5,12851,30,2,0,50.000,22.017,0.000,0.000,0.000,7.034,2.815,0.000,0,0,0,0,0,0,0,0,0,0.000,0.000,0.000,0.000,0.000,0.000,0.000,0.000,0,0,0,0,0,0,0,0,0,0.000,0.000,0.000,0.000,0.000,0.000,0.000,0.000,0,0,0,0,0,0,0,0,0,0.000,0.000,0.000,0.000,0.000,0.000,0.000,0.000,0,0,0,0,0,0,0,0,0,0,0,0,0,0,0,0,0,0
1441,48.0,1911,219,24,81,1829,0,1,292,317.99,1.152,1.366,0.130,0.078,0.081,-0.768,1.621,0.2673,2.9050,0.792,0.000,0.019,0.131,0.065,62,149,66,0,53,0,65167.68,964.438,23796.973,6.123,494.932,11.787,15498.700,7929.341,450.007,6996.241,5596.993,2292.765,152.499,363.650,0.000148,-0.009717,84,0,64,2,66,64,25261,0,2,1.818,0,0,0,0,0,0,0,0,0,0,0,0,0,0,47629,973,68,24608.703,19377.801,417.234,2.864,1.818,13005.127,6316.902,576.926,119,229,136,49,44,72311,8535,271,16,6842.311,4376.076,77.699,1.441,0.000,2230.137,966.943,50.753,39,37,13,15,9,9464,30,3,0,75.000,33.025,0.000,0.000,0.000,7.139,2.668,0.000,1,0,0,0,0,0,0,0,0,0.000,0.000,0.000,0.000,0.000,0.000,0.000,0.000,0,0,0,0,0,0,0,0,0,0.000,0.000,0.000,0.000,0.000,0.000,0.000,0.000,0,0,0,0,0,0,0,0,0,0.000,0.000,0.000,0.000,0.000,0.000,0.000,0.000,0,0,0,0,0,0,0,0,0,0,0,0,0,1,0,0,0,0
1471,49.0,1836,192,24,81,1754,0,1,248,291.31,1.150,1.365,0.134,0.078,0.082,-0.764,1.618,0.2677,2.9198,0.806,0.000,0.021,0.129,0.059,59,126,60,0,35,0,61546.79,913.000,22185.416,5.147,400.899,10.425,14969.797,7677.490,391.871,6265.434,5012.347,1862.444,264.709,305.058,0.000141,-0.010840,62,0,59,1,60,59,24011,0,1,1.725,0,0,0,0,0,0,0,0,0,0,0,0,0,0,45229,874,51,22030.303,17303.153,347.326,2.919,1.725,12380.560,6000.633,536.240,99,195,114,50,31,57468,8962,302,11,7597.648,4882.263,53.573,0.503,0.000,2329.445,1075.957,47.586,45,24,12,9,3,4399,30,0,0,0.000,0.000,0.000,0.000,0.000,7.228,2.612,0.000,0,0,0,0,0,0,0,0,0,0.000,0.000,0.000,0.000,0.000,0.000,0.000,0.000,0,0,0,0,0,0,0,0,0,0.000,0.000,0.000,0.000,0.000,0.000,0.000,0.000,0,0,0,0,0,0,0,0,0,0.000,0.000,0.000,0.000,0.000,0.000,0.000,0.000,0,0,0,0,0,0,0,0,0,0,0,0,0,0,0,0,0,0
1501,50.0,1729,208,22,81,1647,0,1,203,264.73,1.149,1.362,0.132,0.077,0.083,-0.762,1.618,0.2745,2.8869,0.780,0.000,0.019,0.127,0.056,46,153,34,0,45,0,57759.76,836.997,19427.517,5.056,391.565,9.066,14164.384,6997.304,333.424,5397.037,4317.630,1108.837,154.503,218.743,0.000112,-0.010695,68,0,33,1,34,33,22809,0,1,2.799,0,0,0,0,0,0,0,0,0,0,0,0,0,0,41999,780,55,19795.922,15558.995,339.484,1.329,2.799,11486.918,5448.997,455.512,95,209,138,27,44,56867,9306,236,13,5943.785,3828.218,52.081,0.928,0.000,2415.880,1025.284,50.028,29,22,15,6,1,3604,30,3,0,75.000,33.025,0.000,0.000,0.000,7.335,3.323,0.000,0,0,0,0,0,0,0,0,0,0.000,0.000,0.000,0.000,0.000,0.000,0.000,0.000,0,0,0,0,0,0,0,0,0,0.000,0.000,0.000,0.000,0.000,0.000,0.000,0.000,0,0,0,0,0,0,0,0,0,0.000,0.000,0.000,0.000,0.000,0.000,0.000,0.000,0,0,0,0,0,0,0,0,0,0,0,0,0,0,0,0,0,0
1531,51.0,1620,180,22,83,1536,0,1,157,323.14,1.142,1.359,0.135,0.076,0.086,-0.762,1.611,0.2862,2.8982,0.775,0.000,0.021,0.126,0.051,49,132,51,0,33,0,53281.91,776.255,17517.729,3.280,365.967,9.201,13155.200,6487.552,259.987,4591.942,3673.554,1541.713,141.579,270.690,0.000135,-0.010960,65,0,51,0,51,51,21525,0,0,0.000,0,0,0,0,0,0,0,0,0,0,0,0,0,0,38267,677,46,17232.258,13600.699,282.473,1.841,0.000,10463.313,4993.757,414.700,77,178,119,36,23,57112,9359,242,19,6160.953,3891.374,83.494,1.439,0.000,2426.472,990.926,68.171,27,37,13,15,9,12223,30,2,0,50.000,22.017,0.000,0.000,0.000,7.427,5.911,0.000,0,0,0,0,0,0,0,0,0,0.000,0.000,0.000,0.000,0.000,0.000,0.000,0.000,0,0,0,0,0,0,0,0,0,0.000,0.000,0.000,0.000,0.000,0.000,0.000,0.000,0,0,0,0,0,0,0,0,0,0.000,0.000,0.000,0.000,0.000,0.000,0.000,0.000,0,0,0,0,0,0,0,0,0,0,0,0,0,0,0,0,0,0
1561,52.0,1505,169,22,82,1422,0,1,120,329.28,1.138,1.355,0.130,0.071,0.087,-0.758,1.613,0.2876,2.8779,0.793,0.000,0.022,0.124,0.046,46,148,54,0,28,0,48875.95,751.298,15996.554,3.305,324.145,7.793,12183.409,6058.034,194.268,4941.334,3953.067,1404.536,91.103,237.500,0.000091,-0.011274,58,0,52,2,53,52,20150,0,1,0.688,0,0,0,0,0,0,0,0,0,0,0,0,0,0,35009,624,48,15831.920,12370.960,279.281,1.879,0.688,9522.845,4593.363,362.970,88,202,133,45,24,66353,9299,223,10,5624.328,3607.857,44.864,0.737,0.000,2389.102,1017.255,64.337,26,26,15,7,4,5936,30,1,0,25.000,11.008,0.000,0.000,0.000,7.528,5.028,0.000,0,0,0,0,0,0,0,0,0,0.000,0.000,0.000,0.000,0.000,0.000,0.000,0.000,0,0,0,0,0,0,0,0,0,0.000,0.000,0.000,0.000,0.000,0.000,0.000,0.000,0,0,0,0,0,0,0,0,0,0.000,0.000,0.000,0.000,0.000,0.000,0.000,0.000,0,0,0,0,0,0,0,0,0,0,0,0,0,0,0,0,0,0
1591,53.0,1399,176,22,78,1320,0,1,100,313.21,1.141,1.355,0.129,0.071,0.087,-0.755,1.633,0.2648,2.8707,0.805,0.000,0.023,0.122,0.040,51,139,33,0,20,0,45690.97,704.994,14902.656,5.059,262.638,9.960,11262.708,5597.089,159.140,3704.098,2963.279,838.778,32.979,166.174,0.000154,-0.012584,44,0,30,3,32,30,18679,0,2,2.858,0,0,0,0,0,0,0,0,0,0,0,0,0,0,31841,549,35,13945.087,10968.258,221.782,1.406,2.858,8666.230,4155.853,329.213,59,155,115,20,20,49134,9159,239,9,6039.122,3923.918,40.856,0.793,0.000,2327.114,1029.908,64.287,27,33,23,10,0,9658,30,0,0,0.000,0.000,0.000,0.000,0.000,7.627,2.963,0.000,0,0,0,0,0,0,0,0,0,0.000,0.000,0.000,0.000,0.000,0.000,0.000,0.000,0,0,0,0,0,0,0,0,0,0.000,0.000,0.000,0.000,0.000,0.000,0.000,0.000,0,0,0,0,0,0,0,0,0,0.000,0.000,0.000,0.000,0.000,0.000,0.000,0.000,0,0,0,0,0,0,0,0,0,0,0,0,0,0,0,0,0,0
1621,54.0,1321,168,22,78,1242,0,1,79,350.33,1.139,1.350,0.131,0.070,0.088,-0.750,1.649,0.2688,2.8476,0.761,0.000,0.022,0.119,0.033,49,141,23,0,8,0,42064.73,650.732,13430.746,6.206,320.734,8.723,10555.690,5243.512,128.579,3994.446,3195.557,744.337,75.619,167.293,0.000101,-0.012100,49,0,21,2,23,21,17411,0,2,4.574,0,0,0,0,0,0,0,0,0,0,0,0,0,0,29143,468,32,11959.673,9236.534,231.319,0.976,2.919,7977.110,3791.855,261.451,57,144,126,13,5,52326,9210,255,17,6508.334,4183.204,89.414,0.656,1.655,2321.434,1094.205,80.225,33,24,15,8,1,5394,30,1,0,25.000,11.008,0.000,0.000,0.000,7.716,2.668,0.000,0,0,0,0,0,0,0,0,0,0.000,0.000,0.000,0.000,0.000,0.000,0.000,0.000,0,0,0,0,0,0,0,0,0,0.000,0.000,0.000,0.000,0.000,0.000,0.000,0.000,0,0,0,0,0,0,0,0,0,0.000,0.000,0.000,0.000,0.000,0.000,0.000,0.000,0,0,0,0,0,0,0,0,0,0,0,0,0,0,0,0,0,0
1651,55.0,1209,177,22,77,1131,0,1,61,327.24,1.133,1.343,0.130,0.068,0.090,-0.746,1.649,0.2562,2.8682,0.802,0.000,0.018,0.116,0.025,39,139,25,0,13,0,38789.23,626.016,12289.378,2.339,290.060,6.308,9782.388,4841.555,98.250,2783.212,2226.570,712.894,47.833,153.676,0.000092,-0.011611,49,0,24,1,25,24,16197,0,1,0.955,0,0,0,0,0,0,0,0,0,0,0,0,0,0,26396,426,41,10915.401,8337.619,260.212,1.057,0.955,7204.458,3396.348,238.107,40,141,117,12,12,48047,9198,242,8,6094.873,3945.029,29.848,0.327,0.000,2319.786,1118.539,72.360,25,35,22,12,1,8253,30,0,0,0.000,0.000,0.000,0.000,0.000,7.825,2.916,0.000,0,0,0,0,0,0,0,0,0,0.000,0.000,0.000,0.000,0.000,0.000,0.000,0.000,0,0,0,0,0,0,0,0,0,0.000,0.000,0.000,0.000,0.000,0.000,0.000,0.000,0,0,0,0,0,0,0,0,0,0.000,0.000,0.000,0.000,0.000,0.000,0.000,0.000,0,0,0,0,0,0,0,0,0,0,0,0,0,0,0,0,0,0
1681,56.0,1119,179,22,76,1042,0,1,49,352.93,1.125,1.337,0.130,0.070,0.092,-0.741,1.655,0.2296,2.8462,0.773,0.000,0.016,0.115,0.019,35,122,23,0,8,0,35895.64,581.139,11211.376,5.800,217.215,7.526,8844.964,4301.191,78.163,2672.524,2138.019,618.624,171.147,143.309,0.000128,-0.011142,44,0,20,3,23,20,14832,0,3,4.707,0,0,0,0,0,0,0,0,0,0,0,0,0,0,23456,361,26,9192.288,7143.935,145.983,1.093,3.576,6366.450,3037.727,189.319,34,113,98,10,5,42994,8888,248,18,6309.761,4045.888,71.232,0.000,1.130,2225.813,994.762,64.482,27,37,24,10,3,9477,30,1,0,25.000,11.008,0.000,0.000,0.000,7.920,2.844,0.000,0,0,0,0,0,0,0,0,0,0.000,0.000,0.000,0.000,0.000,0.000,0.000,0.000,0,0,0,0,0,0,0,0,0,0.000,0.000,0.000,0.000,0.000,0.000,0.000,0.000,0,0,0,0,0,0,0,0,0,0.000,0.000,0.000,0.000,0.000,0.000,0.000,0.000,0,0,0,0,0,0,0,0,0,0,0,0,0,0,0,0,0,0
1711,57.0,1032,175,22,77,954,0,1,43,356.75,1.120,1.335,0.129,0.073,0.095,-0.735,1.654,0.2290,2.8265,0.746,0.000,0.019,0.111,0.014,41,116,22,0,7,0,33933.48,563.853,11108.057,1.340,142.827,7.159,8176.866,3952.368,66.792,2506.985,2005.588,699.400,118.866,119.721,0.000098,-0.011079,28,0,22,0,22,22,13918,0,0,0.000,0,0,0,0,0,0,0,0,0,0,0,0,0,0,21241,417,22,10426.659,8127.192,114.926,1.340,0.000,5750.940,2773.203,165.308,42,119,97,17,5,43797,8719,184,6,4641.517,2977.704,27.901,0.000,0.000,2168.173,951.914,47.055,15,26,19,5,2,7621,30,0,0,0.000,0.000,0.000,0.000,0.000,8.033,2.794,0.000,0,0,0,0,0,0,0,0,0,0.000,0.000,0.000,0.000,0.000,0.000,0.000,0.000,0,0,0,0,0,0,0,0,0,0.000,0.000,0.000,0.000,0.000,0.000,0.000,0.000,0,0,0,0,0,0,0,0,0,0.000,0.000,0.000,0.000,0.000,0.000,0.000,0.000,0,0,0,0,0,0,0,0,0,0,0,0,0,0,0,0,0,0
1741,58.0,978,137,22,77,900,0,1,37,373.78,1.118,1.337,0.130,0.074,0.097,-0.727,1.654,0.2284,2.8097,0.781,0.000,0.018,0.107,0.006,41,95,16,0,9,0,31333.04,562.251,9667.639,1.611,138.354,5.864,7634.899,3757.808,56.912,2863.717,2290.974,679.353,24.497,105.726,0.000122,-0.010992,27,0,16,0,16,16,13067,0,0,0.000,0,0,0,0,0,0,0,0,0,0,0,0,0,0,19095,322,18,8138.018,6246.510,100.950,1.184,0.000,5165.626,2540.813,158.227,45,109,88,14,7,41137,8825,210,9,5306.379,3399.112,37.404,0.427,0.000,2206.903,990.973,51.079,21,11,7,2,2,4583,30,2,0,50.000,22.017,0.000,0.000,0.000,8.149,4.458,0.000,0,0,0,0,0,0,0,0,0,0.000,0.000,0.000,0.000,0.000,0.000,0.000,0.000,0,0,0,0,0,0,0,0,0,0.000,0.000,0.000,0.000,0.000,0.000,0.000,0.000,0,0,0,0,0,0,0,0,0,0.000,0.000,0.000,0.000,0.000,0.000,0.000,0.000,0,0,0,0,0,0,0,0,0,0,0,0,0,0,0,0,0,0
1771,59.0,923,131,22,77,844,0,2,27,375.07,1.113,1.335,0.134,0.069,0.100,-0.720,1.655,0.2312,2.8496,0.770,0.000,0.019,0.104,-0.000,43,94,17,0,7,0,29558.70,558.827,9615.652,1.438,258.584,4.488,7156.160,3518.534,48.651,2647.262,2117.810,530.237,30.343,136.883,0.000114,-0.010264,39,0,17,0,17,17,12198,0,0,0.000,0,0,0,0,0,0,0,0,0,0,0,0,0,0,17349,312,28,7976.288,5985.954,197.788,1.438,0.000,4649.232,2276.314,142.424,38,88,71,12,5,35987,8927,218,11,5539.363,3560.244,60.796,0.000,0.000,2242.278,1032.298,48.852,23,29,22,5,2,9682,35,6,0,150.000,66.051,0.000,0.000,0.000,9.405,6.391,0.000,1,0,0,0,0,0,0,0,0,0.000,0.000,0.000,0.000,0.000,0.000,0.000,0.000,0,0,0,0,0,0,0,0,0,0.000,0.000,0.000,0.000,0.000,0.000,0.000,0.000,0,0,0,0,0,0,0,0,0,0.000,0.000,0.000,0.000,0.000,0.000,0.000,0.000,0,0,0,0,0,0,0,0,0,0,0,0,0,0,0,0,0,0
1801,60.0,850,135,19,79,769,0,2,26,395.79,1.105,1.333,0.136,0.065,0.106,-0.710,1.653,0.2314,2.8539,0.747,0.000,0.023,0.101,-0.010,45,102,18,0,2,0,28093.26,558.675,8685.804,1.793,189.975,6.221,6548.221,3185.446,38.464,2077.033,1661.627,403.570,10.238,110.360,0.000103,-0.010252,29,0,17,1,18,17,11226,0,1,0.819,0,0,0,0,0,0,0,0,0,0,0,0,0,0,15445,277,15,6999.895,5324.311,107.303,0.970,0.819,4098.796,1986.428,123.192,24,96,84,10,2,41404,8628,205,14,5252.484,3354.686,82.671,0.004,0.000,2178.219,1016.113,38.996,22,25,18,7,0,6361,60,0,0,0.000,0.000,0.000,0.000,0.000,15.365,8.276,0.000,0,0,0,0,0,0,0,0,0,0.000,0.000,0.000,0.000,0.000,0.000,0.000,0.000,0,0,0,0,0,0,0,0,0,0.000,0.000,0.000,0.000,0.000,0.000,0.000,0.000,0,0,0,0,0,0,0,0,0,0.000,0.000,0.000,0.000,0.000,0.000,0.000,0.000,0,0,0,0,0,0,0,0,0,0,0,0,0,0,0,0,0,0
1831,61.0,836,162,19,80,754,0,2,29,408.50,1.101,1.334,0.134,0.064,0.108,-0.704,1.654,0.2341,2.8202,0.747,0.000,0.026,0.098,-0.019,48,63,8,0,2,0,27691.05,552.937,9104.036,0.473,194.793,5.636,6180.236,3002.625,39.197,2497.405,1997.924,216.523,51.771,69.828,0.000106,-0.010750,30,0,8,0,8,8,10743,0,0,0.000,0,0,0,0,0,0,0,0,0,0,0,0,0,0,13909,279,25,7173.410,5327.413,177.881,0.473,0.000,3666.402,1775.965,83.336,34,58,50,7,1,27029,8853,229,5,5734.591,3740.517,16.912,0.000,0.000,2236.060,1080.164,44.812,24,15,13,1,1,4353,60,3,0,75.000,33.025,0.000,0.000,0.000,15.428,5.451,0.000,0,0,0,0,0,0,0,0,0,0.000,0.000,0.000,0.000,0.000,0.000,0.000,0.000,0,0,0,0,0,0,0,0,0,0.000,0.000,0.000,0.000,0.000,0.000,0.000,0.000,0,0,0,0,0,0,0,0,0,0.000,0.000,0.000,0.000,0.000,0.000,0.000,0.000,0,0,0,0,0,0,0,0,0,0,0,0,0,0,0,0,0,0
1861,62.0,820,157,19,80,738,0,2,24,401.84,1.096,1.335,0.134,0.066,0.109,-0.700,1.654,0.2339,2.8471,0.740,0.000,0.027,0.097,-0.027,35,70,10,0,1,0,27767.34,567.783,9517.296,0.948,117.687,6.720,6010.808,2919.417,36.177,2764.128,2211.303,299.620,113.282,77.603,0.000095,-0.010838,30,0,10,0,10,10,10598,0,0,0.000,0,0,0,0,0,0,0,0,0,0,0,0,0,0,13160,291,24,7352.499,5524.182,85.752,0.674,0.000,3454.399,1664.319,99.301,36,56,48,7,1,25589,9090,243,6,6088.705,3975.299,31.935,0.274,0.000,2274.425,1085.139,51.411,29,25,22,3,0,7914,60,1,0,25.000,11.008,0.000,0.000,0.000,15.521,6.093,0.000,0,0,0,0,0,0,0,0,0,0.000,0.000,0.000,0.000,0.000,0.000,0.000,0.000,0,0,0,0,0,0,0,0,0,0.000,0.000,0.000,0.000,0.000,0.000,0.000,0.000,0,0,0,0,0,0,0,0,0,0.000,0.000,0.000,0.000,0.000,0.000,0.000,0.000,0,0,0,0,0,0,0,0,0,0,0,0,0,0,0,0,0,0
1891,63.0,821,155,19,81,739,0,1,19,420.96,1.091,1.340,0.135,0.062,0.109,-0.696,1.654,0.2383,2.8421,0.749,0.012,0.027,0.094,-0.032,62,68,8,0,6,0,28362.61,583.483,10038.896,0.800,163.714,8.877,5928.245,2983.334,31.448,3491.734,2793.387,251.649,46.612,88.277,0.000158,-0.011193,32,0,8,0,8,8,10725,4,0,0.000,0,0,0,0,0,0,0,0,0,0,0,0,0,0,12854,297,21,7465.040,5565.602,115.034,0.276,0.000,3328.914,1686.205,96.539,47,54,44,4,6,23294,9273,272,7,6855.132,4469.551,47.549,0.524,0.000,2317.334,1130.802,52.710,35,27,23,4,0,10100,38,0,0,0.000,0.000,0.000,0.000,0.000,10.512,3.544,0.000,0,1,1,0,0,103,0,0,0,0.000,0.000,0.000,0.000,0.000,0.000,0.000,0.000,0,0,0,0,0,0,0,0,0,0.000,0.000,0.000,0.000,0.000,0.000,0.000,0.000,0,0,0,0,0,0,0,0,0,0.000,0.000,0.000,0.000,0.000,0.000,0.000,0.000,0,0,0,0,0,0,0,0,0,0,0,0,0,0,0,0,0,0
1921,64.0,828,189,19,86,741,0,1,15,388.35,1.084,1.336,0.135,0.060,0.113,-0.695,1.656,0.2323,2.9080,0.717,0.000,0.032,0.092,-0.038,48,54,8,0,2,0,28691.36,625.216,9663.636,0.688,172.965,8.088,5884.367,3046.329,22.610,2954.142,2363.314,226.550,94.067,96.038,0.000076,-0.011393,34,0,8,0,8,8,11068,4,0,0.000,0,0,0,0,0,0,0,0,0,0,0,0,0,0,12741,310,16,7827.155,5865.638,101.636,0.381,0.000,3268.156,1718.333,112.632,38,39,35,3,1,15442,9369,237,14,5926.249,3794.428,69.365,0.307,0.000,2326.286,1136.333,62.132,28,25,19,5,1,7574,30,0,0,0.000,0.000,0.000,0.000,0.000,8.766,2.761,0.000,0,0,0,0,0,0,0,0,0,0.000,0.000,0.000,0.000,0.000,0.000,0.000,0.000,0,0,0,0,0,0,0,0,0,0.000,0.000,0.000,0.000,0.000,0.000,0.000,0.000,0,0,0,0,0,0,0,0,0,0.000,0.000,0.000,0.000,0.000,0.000,0.000,0.000,0,0,0,0,0,0,0,0,0,0,0,0,0,0,0,0,0,0
1951,65.0,847,202,19,87,759,0,1,12,382.64,1.079,1.341,0.135,0.061,0.114,-0.694,1.657,0.2356,2.8830,0.744,0.000,0.033,0.090,-0.043,48,59,3,0,2,0,30181.72,666.135,10895.267,0.277,196.591,9.114,5937.788,2999.911,21.391,3419.454,2735.563,66.203,250.802,111.331,0.000068,-0.011444,50,0,3,0,3,3,11375,19,0,0.000,0,0,0,0,0,0,0,0,0,0,0,0,0,0,12923,363,13,9168.658,6745.561,83.143,0.060,0.000,3269.465,1686.239,106.275,58,42,39,2,1,16641,9527,252,18,6396.224,4094.663,97.704,0.217,0.000,2366.619,1131.131,58.724,24,22,20,1,1,5782,30,5,0,125.000,55.042,0.000,0.000,0.000,8.905,2.828,0.000,0,0,0,0,0,0,0,0,0,0.000,0.000,0.000,0.000,0.000,0.000,0.000,0.000,0,0,0,0,0,0,0,0,0,0.000,0.000,0.000,0.000,0.000,0.000,0.000,0.000,0,0,0,0,0,0,0,0,0,0.000,0.000,0.000,0.000,0.000,0.000,0.000,0.000,0,0,0,0,0,0,0,0,0,0,0,0,0,0,0,0,0,0
1981,66.0,893,218,19,90,801,0,2,12,346.30,1.076,1.347,0.134,0.057,0.113,-0.691,1.656,0.2312,2.9091,0.760,0.000,0.031,0.089,-0.046,58,44,10,0,0,0,32003.87,718.232,11830.202,1.145,182.697,7.410,6124.334,3122.855,17.596,4135.810,3308.648,343.228,184.754,107.497,0.000103,-0.012188,33,0,10,0,10,10,11982,0,0,0.000,0,0,0,0,0,0,0,0,0,0,0,0,0,0,13348,380,19,9644.006,7175.716,113.066,0.350,0.000,3349.595,1716.964,127.583,61,38,31,7,0,13888,9960,286,14,7205.544,4625.494,69.631,0.795,0.000,2460.308,1204.751,51.941,35,16,13,3,0,3222,57,2,0,50.000,22.017,0.000,0.000,0.000,15.451,6.900,0.000,1,0,0,0,0,0,0,0,0,0.000,0.000,0.000,0.000,0.000,0.000,0.000,0.000,0,0,0,0,0,0,0,0,0,0.000,0.000,0.000,0.000,0.000,0.000,0.000,0.000,0,0,0,0,0,0,0,0,0,0.000,0.000,0.000,0.000,0.000,0.000,0.000,0.000,0,0,0,0,0,0,0,0,0,0,0,0,0,0,0,0,0,0
2011,67.0,959,188,19,96,861,0,2,13,338.73,1.072,1.355,0.133,0.055,0.113,-0.690,1.657,0.2295,2.9534,0.709,0.000,0.031,0.089,-0.049,65,43,9,0,0,0,34448.62,784.226,13176.855,2.129,163.880,8.306,6571.665,3363.848,17.635,4883.965,3907.172,343.036,150.569,94.911,0.000110,-0.012436,33,0,8,1,9,8,13029,0,1,1.478,0,0,0,0,0,0,0,0,0,0,0,0,0,0,14494,415,26,10429.413,7767.956,124.360,0.260,1.478,3623.292,1822.064,140.475,71,33,25,8,0,10333,10624,328,7,8209.886,5363.039,39.520,0.390,0.000,2617.381,1317.948,58.317,40,18,18,0,0,5427,60,3,0,75.000,33.025,0.000,0.000,0.000,16.228,9.595,0.000,0,0,0,0,0,0,0,0,0,0.000,0.000,0.000,0.000,0.000,0.000,0.000,0.000,0,0,0,0,0,0,0,0,0,0.000,0.000,0.000,0.000,0.000,0.000,0.000,0.000,0,0,0,0,0,0,0,0,0,0.000,0.000,0.000,0.000,0.000,0.000,0.000,0.000,0,0,0,0,0,0,0,0,0,0,0,0,0,0,0,0,0,0
2041,68.0,1009,229,19,103,904,0,2,13,329.05,1.072,1.352,0.133,0.053,0.114,-0.689,1.643,0.2295,2.9195,0.709,0.000,0.029,0.089,-0.051,64,43,11,0,0,0,36330.30,863.489,13093.430,1.467,249.876,9.688,6830.290,3490.680,14.086,4329.130,3463.304,488.320,232.093,155.419,0.000157,-0.012764,48,0,11,0,11,11,13696,0,0,0.000,0,0,0,0,0,0,0,0,0,0,0,0,0,0,14902,351,25,8811.005,6576.230,134.675,0.346,0.000,3712.118,1838.756,154.283,41,36,28,8,0,12376,11316,396,23,9988.039,6469.596,115.200,1.106,0.000,2768.503,1402.664,69.522,56,18,15,3,0,5475,60,4,0,100.000,44.034,0.000,0.000,0.000,16.378,8.159,0.000,0,0,0,0,0,0,0,0,0,0.000,0.000,0.000,0.000,0.000,0.000,0.000,0.000,0,0,0,0,0,0,0,0,0,0.000,0.000,0.000,0.000,0.000,0.000,0.000,0.000,0,0,0,0,0,0,0,0,0,0.000,0.000,0.000,0.000,0.000,0.000,0.000,0.000,0,0,0,0,0,0,0,0,0,0,0,0,0,0,0,0,0,0
2071,69.0,1096,210,19,107,987,0,2,14,336.77,1.070,1.363,0.133,0.051,0.111,-0.686,1.645,0.2299,2.9582,0.718,0.000,0.023,0.086,-0.055,67,45,9,0,2,0,39295.70,946.958,15154.090,3.151,194.532,9.049,7334.500,3910.003,19.516,5896.786,4717.429,387.234,199.483,108.704,0.000103,-0.013140,36,0,8,1,9,8,15344,0,0,0.000,0,0,0,0,0,0,0,0,0,0,0,0,0,0,15839,438,20,11028.347,8156.154,111.794,0.306,0.000,3932.115,2020.045,185.977,76,34,28,5,1,13474,12442,431,16,10723.142,6977.349,82.738,0.410,0.000,3034.205,1586.969,91.612,61,20,17,3,0,6326,60,0,0,0.000,0.000,0.000,0.000,0.000,16.412,6.299,0.000,0,0,0,0,0,0,0,0,0,0.000,0.000,0.000,0.000,0.000,0.000,0.000,0.000,0,0,0,0,0,0,0,0,0,0.000,0.000,0.000,0.000,0.000,0.000,0.000,0.000,0,0,0,0,0,0,0,0,0,0.000,0.000,0.000,0.000,0.000,0.000,0.000,0.000,0,0,0,0,0,0,0,0,0,0,0,0,0,0,0,0,0,0
2101,70.0,1182,207,17,112,1068,0,2,15,326.29,1.071,1.369,0.135,0.049,0.108,-0.681,1.639,0.2297,2.9847,0.715,0.000,0.024,0.084,-0.058,71,54,12,0,1,0,43193.70,1081.740,17224.730,0.761,345.163,12.342,7952.588,4359.250,22.570,6413.965,5131.172,418.560,186.442,187.031,0.000127,-0.014031,71,0,12,0,12,12,17466,22,0,0.000,0,0,0,0,0,0,0,0,0,0,0,0,0,0,16728,518,30,13116.710,9587.876,212.676,0.502,0.000,4125.896,2296.045,189.755,79,45,37,7,1,13301,14164,461,19,11585.121,7549.584,110.767,0.245,0.000,3442.028,1746.228,100.750,69,22,17,5,0,4468,60,7,0,175.000,77.059,0.000,0.000,0.000,16.507,5.833,0.000,0,0,0,0,0,0,0,0,0,0.000,0.000,0.000,0.000,0.000,0.000,0.000,0.000,0,0,0,0,0,0,0,0,0,0.000,0.000,0.000,0.000,0.000,0.000,0.000,0.000,0,0,0,0,0,0,0,0,0,0.000,0.000,0.000,0.000,0.000,0.000,0.000,0.000,0,0,0,0,0,0,0,0,0,0,0,0,0,0,0,0,0,0
2131,71.0,1291,201,17,110,1179,0,2,18,308.39,1.077,1.384,0.135,0.052,0.102,-0.683,1.640,0.2332,2.9803,0.710,0.000,0.027,0.083,-0.059,54,54,19,0,2,0,47631.50,1106.245,19186.777,19.249,311.231,12.359,8631.319,4777.376,20.833,7663.739,6130.992,553.456,189.588,169.142,0.000092,-0.014169,53,0,11,8,19,11,18950,3,8,18.668,0,0,0,0,0,0,0,0,0,0,0,0,0,0,17943,573,27,14471.662,10656.699,189.162,0.582,18.668,4428.513,2459.951,204.047,99,36,30,4,2,9611,15679,520,23,13036.828,8501.344,117.369,0.000,0.000,3814.351,1960.729,125.526,79,31,24,7,0,7137,60,1,0,25.000,11.008,0.000,0.000,0.000,16.609,6.194,0.000,0,0,0,0,0,0,0,0,0,0.000,0.000,0.000,0.000,0.000,0.000,0.000,0.000,0,0,0,0,0,0,0,0,0,0.000,0.000,0.000,0.000,0.000,0.000,0.000,0.000,0,0,0,0,0,0,0,0,0,0.000,0.000,0.000,0.000,0.000,0.000,0.000,0.000,0,0,0,0,0,0,0,0,0,0,0,0,0,0,0,0,0,0
2161,72.0,1409,202,17,116,1291,0,2,19,282.23,1.079,1.392,0.131,0.050,0.102,-0.682,1.640,0.2403,3.0029,0.668,0.000,0.028,0.082,-0.061,74,53,18,0,2,0,52130.60,1174.459,20519.998,2.136,252.585,12.735,9409.017,5197.129,26.661,7942.209,6353.768,575.477,237.496,163.277,0.000133,-0.013424,49,0,17,1,18,17,20695,3,0,0.000,0,0,0,0,0,0,0,0,0,0,0,0,0,0,19837,646,28,16279.296,11980.433,146.406,0.829,0.000,4899.447,2693.474,224.862,113,42,28,13,1,8335,16924,518,17,13016.382,8509.140,102.490,0.086,0.000,4112.338,2110.825,138.778,70,29,24,4,1,8495,60,1,1,29.636,11.008,2.041,0.000,0.000,16.713,6.110,0.000,0,0,0,0,0,0,0,0,0,0.000,0.000,0.000,0.000,0.000,0.000,0.000,0.000,0,0,0,0,0,0,0,0,0,0.000,0.000,0.000,0.000,0.000,0.000,0.000,0.000,0,0,0,0,0,0,0,0,0,0.000,0.000,0.000,0.000,0.000,0.000,0.000,0.000,0,0,0,0,0,0,0,0,0,0,0,0,0,0,0,0,0,0
2191,73.0,1529,215,17,125,1402,0,2,21,280.48,1.079,1.398,0.130,0.048,0.102,-0.681,1.629,0.2419,3.0078,0.682,0.000,0.028,0.082,-0.064,69,50,18,0,2,0,55825.91,1266.859,21246.504,1.279,450.784,13.904,10344.981,5754.998,34.163,7817.548,6254.038,630.146,234.294,257.237,0.000128,-0.013293,73,0,18,0,18,18,22597,0,0,0.000,0,0,0,0,0,0,0,0,0,0,0,0,0,0,22197,652,36,16516.126,12006.060,241.827,1.045,0.000,5451.773,2916.698,264.820,109,33,21,11,1,8866,18322,566,37,14346.232,9216.263,208.956,0.190,0.000,4470.096,2387.056,155.735,71,36,29,7,0,11112,60,1,0,25.000,11.008,0.000,0.000,0.000,16.820,6.960,0.000,0,0,0,0,0,0,0,0,0,0.000,0.000,0.000,0.000,0.000,0.000,0.000,0.000,0,0,0,0,0,0,0,0,0,0.000,0.000,0.000,0.000,0.000,0.000,0.000,0.000,0,0,0,0,0,0,0,0,0,0.000,0.000,0.000,0.000,0.000,0.000,0.000,0.000,0,0,0,0,0,0,0,0,0,0,0,0,0,0,0,0,0,0
2221,74.0,1644,205,17,132,1509,0,3,25,297.88,1.079,1.399,0.129,0.048,0.100,-0.679,1.637,0.2397,3.0344,0.663,0.008,0.031,0.082,-0.065,86,69,25,0,3,0,59570.45,1439.112,22573.244,3.496,399.649,13.304,11025.871,6122.912,36.566,8788.418,7030.735,751.828,314.856,261.591,0.000138,-0.012954,73,0,23,2,25,23,24352,14,2,1.995,0,0,0,0,0,0,0,0,0,0,0,0,0,0,23781,636,40,16189.317,11763.177,249.030,1.501,1.995,5801.619,3039.727,308.689,107,57,40,16,1,16720,19676,655,19,16414.938,10696.860,130.649,0.000,0.000,4779.196,2560.580,179.398,95,38,29,7,2,11367,61,8,0,200.000,88.024,0.000,0.000,0.000,17.159,9.953,0.000,1,0,0,0,0,0,0,0,0,0.000,0.000,0.000,0.000,0.000,0.000,0.000,0.000,0,0,0,0,0,0,0,0,0,0.000,0.000,0.000,0.000,0.000,0.000,0.000,0.000,0,0,0,0,0,0,0,0,0,0.000,0.000,0.000,0.000,0.000,0.000,0.000,0.000,0,0,0,0,0,0,0,0,0,0,0,0,0,0,0,0,0,0
2251,75.0,1774,193,16,145,1626,0,3,31,274.92,1.078,1.399,0.133,0.048,0.100,-0.679,1.638,0.2430,3.0330,0.656,0.028,0.029,0.082,-0.066,72,77,26,0,1,0,64501.25,1602.381,25515.924,1.834,464.653,11.890,11894.413,6772.289,50.953,9678.913,7743.130,815.816,425.638,294.452,0.000098,-0.013506,112,0,26,0,26,26,26561,40,0,0.000,0,0,0,0,0,0,0,0,0,0,0,0,0,0,25630,783,40,19854.997,14534.687,257.049,1.568,0.000,6235.982,3328.756,351.429,130,61,48,13,0,15442,21358,669,32,16838.790,10912.964,191.952,0.247,0.000,5172.947,2849.003,199.851,91,43,29,13,1,9777,90,3,0,75.000,32.982,0.000,0.000,0.000,24.192,15.031,0.000,0,0,0,0,0,0,0,0,0,0.000,0.000,0.000,0.000,0.000,0.000,0.000,0.000,0,0,0,0,0,0,0,0,0,0.000,0.000,0.000,0.000,0.000,0.000,0.000,0.000,0,0,0,0,0,0,0,0,0,0.000,0.000,0.000,0.000,0.000,0.000,0.000,0.000,0,0,0,0,0,0,0,0,0,0,0,0,0,0,0,0,0,0
2281,76.0,1902,188,16,159,1740,0,3,38,249.24,1.081,1.399,0.132,0.048,0.100,-0.678,1.637,0.2418,3.0549,0.623,0.000,0.030,0.081,-0.066,74,85,25,0,3,0,70034.81,1789.900,27546.747,5.719,699.103,12.098,12754.658,7387.266,65.046,10052.913,8042.331,824.861,356.028,410.361,0.000128,-0.013680,200,0,24,1,25,24,28834,94,1,3.682,0,0,0,0,0,0,0,0,0,0,0,0,0,0,27390,835,65,21253.354,15243.002,412.976,1.493,3.682,6664.712,3661.286,390.975,116,64,52,10,2,15142,22924,752,41,18957.509,12242.991,231.441,0.531,0.000,5563.882,3077.777,217.176,110,48,33,14,1,11364,90,3,0,75.000,32.982,0.000,0.000,0.000,24.264,10.508,0.000,0,0,0,0,0,0,0,0,0,0.000,0.000,0.000,0.000,0.000,0.000,0.000,0.000,0,0,0,0,0,0,0,0,0,0.000,0.000,0.000,0.000,0.000,0.000,0.000,0.000,0,0,0,0,0,0,0,0,0,0.000,0.000,0.000,0.000,0.000,0.000,0.000,0.000,0,0,0,0,0,0,0,0,0,0,0,0,0,0,0,0,0,0
2311,77.0,2060,194,16,164,1893,0,3,33,262.86,1.087,1.408,0.134,0.048,0.098,-0.678,1.636,0.2452,3.0521,0.651,0.018,0.028,0.081,-0.068,69,77,34,0,7,0,74556.41,2061.254,29113.538,12.616,693.515,16.064,13890.063,8001.476,65.227,11639.067,9311.254,1399.599,552.328,429.300,0.000197,-0.014206,171,0,30,4,34,30,31375,58,4,9.827,0,0,0,0,0,0,0,0,0,0,0,0,0,0,30032,887,68,22646.314,16318.861,413.243,2.087,9.827,7353.181,4087.106,440.065,158,57,39,15,3,11836,24511,775,45,19712.854,12723.922,266.768,0.675,0.000,5991.806,3193.748,238.543,108,56,38,15,3,14469,90,4,0,100.000,43.990,0.000,0.000,0.000,24.352,9.496,0.000,0,0,0,0,0,0,0,0,0,0.000,0.000,0.000,0.000,0.000,0.000,0.000,0.000,0,0,0,0,0,0,0,0,0,0.000,0.000,0.000,0.000,0.000,0.000,0.000,0.000,0,0,0,0,0,0,0,0,0,0.000,0.000,0.000,0.000,0.000,0.000,0.000,0.000,0,0,0,0,0,0,0,0,0,0,0,0,0,0,0,0,0,0
2341,78.0,2191,165,16,179,2009,0,3,32,231.67,1.088,1.405,0.132,0.046,0.099,-0.678,1.633,0.2453,3.0588,0.660,0.017,0.028,0.080,-0.068,78,98,28,0,7,0,79894.11,2321.578,30516.870,1.889,850.963,14.208,14839.841,8611.256,59.034,10976.737,8781.390,952.036,376.141,468.990,0.000132,-0.013986,199,0,28,0,28,28,33687,65,0,0.000,0,0,0,0,0,0,0,0,0,0,0,0,0,0,32588,982,69,24914.846,17937.502,442.424,1.696,0.000,7960.768,4500.548,486.344,150,74,57,12,5,19652,25662,776,65,19547.838,12538.488,386.620,0.193,0.000,6308.502,3298.805,280.079,98,58,41,16,1,11021,90,1,0,25.000,11.008,0.000,0.000,0.000,24.459,12.062,0.000,0,0,0,0,0,0,0,0,0,0.000,0.000,0.000,0.000,0.000,0.000,0.000,0.000,0,0,0,0,0,0,0,0,0,0.000,0.000,0.000,0.000,0.000,0.000,0.000,0.000,0,0,0,0,0,0,0,0,0,0.000,0.000,0.000,0.000,0.000,0.000,0.000,0.000,0,0,0,0,0,0,0,0,0,0,0,0,0,0,0,0,0,0
2371,79.0,2331,188,16,198,2130,0,3,50,244.90,1.089,1.402,0.130,0.046,0.102,-0.678,1.639,0.2461,3.0509,0.642,0.015,0.029,0.079,-0.069,78,93,37,0,1,0,85270.06,2691.305,31802.122,4.350,884.632,13.915,15770.024,9067.990,70.742,11185.848,8948.678,1105.981,356.084,513.828,0.000152,-0.015040,228,0,36,1,37,36,35862,92,1,1.189,0,0,0,0,0,0,0,0,0,0,0,0,0,0,35113,1008,86,25585.290,18217.548,571.631,2.132,0.000,8557.949,4684.048,523.446,161,79,62,16,1,15028,26758,829,50,20870.623,13516.158,266.525,1.030,1.189,6592.896,3510.726,304.886,90,51,31,20,0,12967,90,2,0,50.000,21.973,0.000,0.000,0.000,24.570,9.163,0.000,0,0,0,0,0,0,0,0,0,0.000,0.000,0.000,0.000,0.000,0.000,0.000,0.000,0,0,0,0,0,0,0,0,0,0.000,0.000,0.000,0.000,0.000,0.000,0.000,0.000,0,0,0,0,0,0,0,0,0,0.000,0.000,0.000,0.000,0.000,0.000,0.000,0.000,0,0,0,0,0,0,0,0,0,0,0,0,0,0,0,0,0,0
2401,80.0,2483,176,14,215,2265,0,3,54,205.74,1.089,1.401,0.129,0.048,0.103,-0.678,1.637,0.2479,3.0605,0.619,0.009,0.028,0.079,-0.070,84,103,55,0,5,0,90844.02,2941.887,34847.886,10.642,1034.516,16.133,16734.398,9704.243,89.153,13105.641,10484.513,1942.434,470.025,665.077,0.000230,-0.015960,226,0,52,3,55,52,37946,65,3,5.247,0,0,0,0,0,0,0,0,0,0,0,0,0,0,37440,1122,90,28513.076,20439.064,572.788,2.943,5.247,9123.793,5008.204,571.731,179,93,63,28,2,16903,28032,880,71,22410.013,14320.435,440.772,2.420,0.000,6934.435,3748.000,323.481,116,67,40,24,3,13840,90,2,0,50.000,21.930,0.000,0.000,0.000,24.668,11.481,0.000,0,0,0,0,0,0,0,0,0,0.000,0.000,0.000,0.000,0.000,0.000,0.000,0.000,0,0,0,0,0,0,0,0,0,0.000,0.000,0.000,0.000,0.000,0.000,0.000,0.000,0,0,0,0,0,0,0,0,0,0.000,0.000,0.000,0.000,0.000,0.000,0.000,0.000,0,0,0,0,0,0,0,0,0,0,0,0,0,0,0,0,0,0
2431,81.0,2643,162,14,240,2401,0,2,65,234.98,1.088,1.398,0.132,0.046,0.107,-0.678,1.633,0.2482,3.0409,0.603,0.008,0.028,0.079,-0.069,95,107,50,0,6,0,95854.84,3223.155,36132.415,4.038,1506.731,16.016,17964.900,10619.378,100.563,13370.070,10696.056,1685.545,433.161,871.234,0.000189,-0.015971,334,0,50,0,50,50,40760,97,0,0.000,0,0,0,0,0,0,0,0,0,0,0,0,0,0,40308,1142,118,29292.962,20942.565,738.636,3.065,0.000,9847.487,5507.325,642.695,188,92,61,29,2,22165,29792,922,119,24035.166,15100.783,715.416,0.911,0.000,7397.468,4033.152,377.370,110,70,45,21,4,16495,69,5,0,125.000,54.868,0.000,0.000,0.000,17.436,13.060,0.000,0,1,1,0,0,1527,0,0,0,0.000,0.000,0.000,0.000,0.000,0.000,0.000,0.000,0,0,0,0,0,0,0,0,0,0.000,0.000,0.000,0.000,0.000,0.000,0.000,0.000,0,0,0,0,0,0,0,0,0,0.000,0.000,0.000,0.000,0.000,0.000,0.000,0.000,0,0,0,0,0,0,0,0,0,0,0,0,0,0,0,0,0,0
2461,82.0,2758,173,14,257,2499,0,2,76,218.59,1.092,1.398,0.131,0.044,0.107,-0.679,1.637,0.2482,3.0450,0.559,0.004,0.030,0.080,-0.067,88,137,57,0,9,0,100064.61,3470.817,37181.619,13.513,1639.002,17.544,18941.372,11312.232,115.516,13366.488,10693.191,2046.376,418.862,948.520,0.000295,-0.015696,392,0,53,4,57,53,41913,129,4,8.718,0,0,0,0,0,0,0,0,0,0,0,0,0,0,42321,1225,137,31472.390,22293.924,908.769,2.950,8.718,10405.098,5827.883,683.689,180,100,70,26,4,17612,31190,911,126,23481.694,14825.311,649.611,1.765,0.000,7756.154,4349.698,390.478,117,99,67,27,5,23764,60,0,0,0.000,0.000,0.000,0.000,0.000,14.317,9.216,0.000,0,0,0,0,0,0,0,0,0,0.000,0.000,0.000,0.000,0.000,0.000,0.000,0.000,0,0,0,0,0,0,0,0,0,0.000,0.000,0.000,0.000,0.000,0.000,0.000,0.000,0,0,0,0,0,0,0,0,0,0.000,0.000,0.000,0.000,0.000,0.000,0.000,0.000,0,0,0,0,0,0,0,0,0,0,0,0,0,0,0,0,0,0
2491,83.0,2852,147,14,274,2575,0,3,85,236.14,1.093,1.398,0.131,0.042,0.109,-0.678,1.633,0.2535,3.0667,0.582,0.007,0.029,0.080,-0.067,74,135,57,0,17,0,105173.57,3807.888,38421.666,4.613,1543.115,16.134,19653.425,11356.460,140.247,12685.166,10148.133,1872.055,688.802,877.188,0.000149,-0.015384,415,0,57,0,57,57,42694,145,0,0.000,0,0,0,0,0,0,0,0,0,0,0,0,0,0,43817,1188,169,30617.277,21648.148,972.441,2.636,0.000,10833.120,5880.440,667.856,167,134,88,36,10,29496,31977,1022,101,25996.236,16647.851,501.070,1.941,0.000,7989.818,4323.239,419.763,117,74,47,21,6,19868,83,6,0,150.000,65.790,0.000,0.000,0.000,19.867,8.888,0.000,1,0,0,0,0,0,0,0,0,0.000,0.000,0.000,0.000,0.000,0.000,0.000,0.000,0,0,0,0,0,0,0,0,0,0.000,0.000,0.000,0.000,0.000,0.000,0.000,0.000,0,0,0,0,0,0,0,0,0,0.000,0.000,0.000,0.000,0.000,0.000,0.000,0.000,0,0,0,0,0,0,0,0,0,0,0,0,0,0,0,0,0,0
2521,84.0,3050,158,14,294,2753,0,3,99,235.81,1.097,1.398,0.130,0.042,0.109,-0.678,1.634,0.2551,3.0459,0.607,0.024,0.030,0.079,-0.066,88,128,33,0,15,0,110608.39,4228.472,39904.620,14.752,1638.297,16.226,20745.020,11856.479,144.494,15724.062,12579.249,1384.847,603.104,834.266,0.000192,-0.014797,453,0,28,5,33,28,44884,171,5,11.943,0,0,0,0,0,0,0,0,0,0,0,0,0,0,45970,1301,164,33653.252,23833.580,1001.789,1.853,11.943,11414.121,6071.194,707.619,216,92,71,15,6,19977,33687,974,118,25099.298,15928.863,571.829,0.922,0.000,8447.794,4569.062,432.553,131,78,57,13,8,21111,90,6,0,150.000,65.833,0.000,0.000,0.000,21.642,14.509,0.000,1,0,0,0,0,0,0,0,0,0.000,0.000,0.000,0.000,0.000,0.000,0.000,0.000,0,0,0,0,0,0,0,0,0,0.000,0.000,0.000,0.000,0.000,0.000,0.000,0.000,0,0,0,0,0,0,0,0,0,0.000,0.000,0.000,0.000,0.000,0.000,0.000,0.000,0,0,0,0,0,0,0,0,0,0,0,0,0,1,0,0,0,0
2551,85.0,3213,143,13,317,2893,0,3,136,203.77,1.099,1.397,0.130,0.043,0.110,-0.680,1.635,0.2576,3.0679,0.598,0.006,0.028,0.079,-0.067,75,149,46,0,7,0,114634.59,4694.258,40441.332,14.102,1703.415,17.308,22123.434,12698.648,183.965,15343.794,12275.035,1653.632,488.183,906.866,0.000226,-0.014550,428,0,42,4,46,42,47050,139,4,9.742,0,0,0,0,0,0,0,0,0,0,0,0,0,0,49243,1346,165,34582.167,24462.536,998.341,2.144,9.742,12302.625,6718.129,751.908,226,113,86,21,6,23113,35181,971,124,25040.148,15883.509,667.654,2.217,0.000,8853.732,4698.258,455.472,112,85,63,21,1,17283,90,2,0,50.000,21.930,0.000,0.000,0.000,21.743,9.680,0.000,0,0,0,0,0,0,0,0,0,0.000,0.000,0.000,0.000,0.000,0.000,0.000,0.000,0,0,0,0,0,0,0,0,0,0.000,0.000,0.000,0.000,0.000,0.000,0.000,0.000,0,0,0,0,0,0,0,0,0,0.000,0.000,0.000,0.000,0.000,0.000,0.000,0.000,0,0,0,0,0,0,0,0,0,0,0,0,0,0,0,0,0,0
2581,86.0,3305,158,13,335,2967,0,3,176,228.63,1.100,1.394,0.133,0.043,0.111,-0.681,1.633,0.2571,3.0839,0.581,0.009,0.024,0.078,-0.066,83,164,75,0,17,0,117622.36,4926.144,41638.793,23.418,2402.467,17.920,23116.284,13276.508,239.107,14587.105,11669.684,2332.415,451.229,1267.623,0.000163,-0.015093,539,0,67,8,75,67,48078,144,8,18.025,0,0,0,0,0,0,0,0,0,0,0,0,0,0,52226,1440,234,37640.883,26294.072,1433.629,2.878,14.717,13093.452,7197.339,805.594,213,146,99,37,10,33294,35522,933,161,24465.765,15274.050,911.394,2.450,3.307,8995.616,4715.833,471.535,109,102,65,30,7,24697,90,2,0,50.000,21.973,0.000,0.000,0.000,21.851,9.997,0.000,0,0,0,0,0,0,0,0,0,0.000,0.000,0.000,0.000,0.000,0.000,0.000,0.000,0,0,0,0,0,0,0,0,0,0.000,0.000,0.000,0.000,0.000,0.000,0.000,0.000,0,0,0,0,0,0,0,0,0,0.000,0.000,0.000,0.000,0.000,0.000,0.000,0.000,0,0,0,0,0,0,0,0,0,0,0,0,0,0,0,0,0,0
2611,87.0,3421,119,13,352,3067,0,2,215,218.41,1.102,1.393,0.133,0.042,0.112,-0.682,1.632,0.2580,3.0338,0.589,0.006,0.027,0.078,-0.066,85,167,60,0,23,0,121204.11,5278.613,43545.139,19.975,2643.561,15.546,23997.715,13878.411,309.492,15516.315,12413.053,2014.375,654.824,1303.903,0.000180,-0.015263,557,0,53,7,60,53,49499,81,7,15.130,0,0,0,0,0,0,0,0,0,0,0,0,0,0,54870,1438,303,37968.839,26276.466,1748.278,2.113,15.130,13800.169,7638.758,852.956,210,137,90,33,14,30582,35926,1050,173,27289.734,17178.736,856.933,2.694,0.000,9140.063,4823.683,480.963,131,104,76,20,8,22614,68,2,0,50.000,21.930,0.000,0.000,0.000,16.335,8.586,0.000,0,1,1,0,0,635,0,0,0,0.000,0.000,0.000,0.000,0.000,0.000,0.000,0.000,0,0,0,0,0,0,0,0,0,0.000,0.000,0.000,0.000,0.000,0.000,0.000,0.000,0,0,0,0,0,0,0,0,0,0.000,0.000,0.000,0.000,0.000,0.000,0.000,0.000,0,0,0,0,0,0,0,0,0,0,0,0,0,0,0,0,0,0
2641,88.0,3456,138,13,378,3076,0,2,266,229.10,1.103,1.387,0.133,0.042,0.116,-0.683,1.637,0.2545,3.0386,0.593,0.005,0.027,0.078,-0.066,74,198,70,0,28,0,123136.19,5904.872,42867.412,10.148,2743.802,17.947,24597.246,14324.501,371.155,13950.460,11160.368,2725.212,576.855,1465.289,0.000177,-0.016067,613,0,68,2,70,68,50236,113,2,3.030,0,0,0,0,0,0,0,0,0,0,0,0,0,0,56431,1417,326,37402.068,25789.838,1773.676,3.174,3.030,14238.520,7795.012,890.036,195,171,115,38,18,35701,36054,1038,174,27096.652,17012.482,908.519,3.913,0.000,9220.759,5027.486,519.826,107,122,83,30,9,30743,60,0,0,0.000,0.000,0.000,0.000,0.000,14.303,12.649,0.000,0,0,0,0,0,0,0,0,0,0.000,0.000,0.000,0.000,0.000,0.000,0.000,0.000,0,0,0,0,0,0,0,0,0,0.000,0.000,0.000,0.000,0.000,0.000,0.000,0.000,0,0,0,0,0,0,0,0,0,0.000,0.000,0.000,0.000,0.000,0.000,0.000,0.000,0,0,0,0,0,0,0,0,0,0,0,0,0,0,0,0,0,0
2671,89.0,3533,124,13,399,3132,0,2,321,253.09,1.105,1.385,0.133,0.042,0.118,-0.684,1.632,0.2570,3.0055,0.590,0.005,0.025,0.078,-0.064,81,162,90,0,35,0,125864.25,6238.198,44012.254,13.455,2679.821,18.054,24974.224,14419.480,466.490,15413.863,12331.090,2889.245,337.373,1366.261,0.000198,-0.016869,544,0,86,4,90,86,50336,32,4,6.167,0,0,0,0,0,0,0,0,0,0,0,0,0,0,57095,1496,340,39393.599,27349.445,1762.461,3.380,3.352,14518.434,7865.731,923.462,210,165,104,40,21,38988,35981,1007,172,26313.129,16533.681,907.461,3.877,2.815,9261.260,5031.560,509.328,129,118,58,46,14,30915,60,4,0,100.000,43.860,0.000,0.000,0.000,14.311,8.139,0.000,0,0,0,0,0,0,0,0,0,0.000,0.000,0.000,0.000,0.000,0.000,0.000,0.000,0,0,0,0,0,0,0,0,0,0.000,0.000,0.000,0.000,0.000,0.000,0.000,0.000,0,0,0,0,0,0,0,0,0,0.000,0.000,0.000,0.000,0.000,0.000,0.000,0.000,0,0,0,0,0,0,0,0,0,0,0,0,0,0,0,0,0,0
2701,90.0,3601,122,13,436,3163,0,2,369,245.16,1.106,1.378,0.134,0.043,0.123,-0.685,1.632,0.2578,3.0115,0.566,0.007,0.024,0.078,-0.064,84,181,97,0,42,0,127483.05,6516.755,44423.259,33.909,3017.329,17.882,25751.618,14744.393,547.708,16103.566,12882.853,3109.648,441.510,1539.540,0.000300,-0.016327,621,0,84,13,97,84,50957,28,13,27.170,0,0,0,0,0,0,0,0,0,0,0,0,0,0,59182,1564,373,41411.865,28575.319,1966.054,3.901,22.862,15186.220,8222.597,964.020,224,176,98,53,25,39391,35793,965,220,25354.181,15751.382,1028.708,2.838,4.308,9273.529,4946.135,520.142,114,131,83,31,17,33397,60,1,0,25.000,10.965,0.000,0.000,0.000,14.301,6.536,0.000,0,0,0,0,0,0,0,0,0,0.000,0.000,0.000,0.000,0.000,0.000,0.000,0.000,0,0,0,0,0,0,0,0,0,0.000,0.000,0.000,0.000,0.000,0.000,0.000,0.000,0,0,0,0,0,0,0,0,0,0.000,0.000,0.000,0.000,0.000,0.000,0.000,0.000,0,0,0,0,0,0,0,0,0,0,0,0,0,0,0,0,0,0
2731,91.0,3657,120,13,452,3203,0,2,469,225.93,1.108,1.375,0.135,0.042,0.125,-0.685,1.631,0.2558,3.0084,0.579,0.009,0.027,0.078,-0.064,67,157,82,0,52,0,129217.48,6943.606,44171.248,20.311,3187.332,15.516,26028.733,14679.657,666.070,14807.563,11846.051,2799.817,659.349,1605.589,0.000309,-0.016359,651,0,76,6,82,76,50449,19,6,12.526,0,0,0,0,0,0,0,0,0,0,0,0,0,0,59550,1495,350,39514.544,27268.066,1876.721,2.364,4.698,15360.752,8168.955,960.498,213,186,112,45,29,38963,35601,1017,282,27222.197,16765.181,1296.170,5.378,7.828,9312.111,4893.236,559.430,111,98,45,31,22,25129,60,5,0,125.000,54.825,0.000,0.000,0.000,14.309,6.791,0.000,0,0,0,0,0,0,0,0,0,0.000,0.000,0.000,0.000,0.000,0.000,0.000,0.000,0,0,0,0,0,0,0,0,0,0.000,0.000,0.000,0.000,0.000,0.000,0.000,0.000,0,0,0,0,0,0,0,0,0,0.000,0.000,0.000,0.000,0.000,0.000,0.000,0.000,0,0,0,0,0,0,0,0,0,0,0,0,0,0,0,0,0,0
2761,92.0,3676,117,13,480,3194,0,2,574,277.45,1.107,1.367,0.136,0.040,0.129,-0.685,1.626,0.2565,2.9776,0.588,0.004,0.027,0.077,-0.065,60,172,88,0,66,0,129517.32,7492.002,42669.405,23.868,3299.306,15.247,26470.713,14862.711,846.251,14618.357,11694.686,2770.709,409.903,1601.479,0.000200,-0.016937,644,0,78,10,88,78,50501,10,10,16.097,0,0,0,0,0,0,0,0,0,0,0,0,0,0,60104,1540,393,40918.938,28010.912,2156.013,1.966,10.399,15562.903,8294.039,916.901,212,202,110,48,44,53822,36058,886,240,23556.191,14535.579,1123.280,5.782,5.698,9493.128,4945.248,604.833,94,113,62,30,21,34671,60,1,1,33.866,10.965,3.889,0.000,0.000,14.396,6.730,0.000,0,0,0,0,0,0,0,0,0,0.000,0.000,0.000,0.000,0.000,0.000,0.000,0.000,0,0,0,0,0,0,0,0,0,0.000,0.000,0.000,0.000,0.000,0.000,0.000,0.000,0,0,0,0,0,0,0,0,0,0.000,0.000,0.000,0.000,0.000,0.000,0.000,0.000,0,0,0,0,0,0,0,0,0,0,0,0,0,0,0,0,0,0
2791,93.0,3630,132,13,501,3127,0,2,636,301.40,1.105,1.359,0.138,0.040,0.133,-0.686,1.624,0.2570,2.9989,0.578,0.012,0.028,0.078,-0.065,70,170,115,0,95,0,128272.88,7728.028,42162.511,47.634,3572.871,15.732,26272.344,14464.004,995.432,14080.371,11264.297,4112.493,600.689,1921.580,0.000248,-0.017189,835,0,97,18,115,97,48933,105,18,37.084,0,0,0,0,0,0,0,0,0,0,0,0,0,0,59914,1524,442,40523.953,27593.311,2202.019,4.326,37.084,15546.492,8110.075,934.324,205,220,109,60,51,60856,34949,882,288,23669.587,14452.400,1274.363,6.202,0.000,9252.090,4749.042,565.490,90,142,61,37,44,42099,60,2,0,50.000,21.930,0.000,0.000,0.000,14.507,6.436,0.000,0,0,0,0,0,0,0,0,0,0.000,0.000,0.000,0.000,0.000,0.000,0.000,0.000,0,0,0,0,0,0,0,0,0,0.000,0.000,0.000,0.000,0.000,0.000,0.000,0.000,0,0,0,0,0,0,0,0,0,0.000,0.000,0.000,0.000,0.000,0.000,0.000,0.000,0,0,0,0,0,0,0,0,0,0,0,0,0,0,0,0,0,0
2821,94.0,3625,126,13,520,3103,0,2,750,292.92,1.107,1.353,0.138,0.039,0.137,-0.687,1.617,0.2622,2.9852,0.593,0.006,0.030,0.078,-0.065,77,159,99,0,90,0,128973.89,8152.159,43226.711,40.942,3621.435,15.410,25965.174,14155.551,1130.577,14489.742,11591.794,3958.593,770.380,1840.574,0.000208,-0.016480,800,0,83,16,99,83,46367,101,16,33.040,0,0,0,0,0,0,0,0,0,0,0,0,0,0,59410,1541,449,41156.471,28014.058,2346.364,3.357,29.322,15473.116,7996.876,898.598,208,193,93,45,55,48960,33435,918,248,24484.507,15051.528,1207.820,4.493,3.718,8940.108,4634.354,511.533,97,137,66,38,33,37433,60,3,2,90.364,32.895,6.739,0.000,0.000,14.615,8.587,0.000,1,0,0,0,0,0,0,0,0,0.000,0.000,0.000,0.000,0.000,0.000,0.000,0.000,0,0,0,0,0,0,0,0,0,0.000,0.000,0.000,0.000,0.000,0.000,0.000,0.000,0,0,0,0,0,0,0,0,0,0.000,0.000,0.000,0.000,0.000,0.000,0.000,0.000,0,0,0,0,0,0,0,0,0,0,0,0,0,1,0,0,0,0
2851,95.0,3661,125,10,552,3107,0,2,873,272.85,1.107,1.343,0.140,0.038,0.141,-0.688,1.616,0.2613,2.9586,0.603,0.005,0.031,0.078,-0.065,55,135,80,0,107,0,129294.31,8604.228,42350.279,32.800,3866.616,17.605,26167.281,14028.278,1348.456,15077.882,12062.306,3309.090,939.137,1859.070,0.000259,-0.016670,835,0,64,16,80,64,45896,95,15,24.867,0,0,0,0,0,0,0,0,0,0,0,0,0,0,59795,1502,470,40386.799,27352.342,2510.450,5.180,10.933,15660.627,8075.481,850.141,206,198,96,37,65,49096,32963,903,270,24293.874,14824.962,1314.645,1.401,13.934,8892.644,4515.531,465.275,101,105,39,27,39,32944,60,4,0,100.000,43.860,0.000,0.000,0.000,14.718,13.089,0.000,0,0,0,0,0,0,0,0,0,0.000,0.000,0.000,0.000,0.000,0.000,0.000,0.000,0,0,0,0,0,0,0,0,0,0.000,0.000,0.000,0.000,0.000,0.000,0.000,0.000,0,0,0,0,0,0,0,0,0,0.000,0.000,0.000,0.000,0.000,0.000,0.000,0.000,0,0,0,0,0,0,0,0,0,0,0,0,0,0,0,0,0,0
2881,96.0,3679,135,10,579,3098,0,2,1014,301.54,1.106,1.336,0.140,0.038,0.146,-0.689,1.615,0.2671,2.9531,0.595,0.012,0.031,0.078,-0.065,79,154,52,0,115,0,129110.90,9020.173,40722.740,34.486,4175.019,17.703,26480.154,14156.609,1582.619,14218.450,11374.760,2398.402,597.843,1901.494,0.000197,-0.016735,920,0,38,14,52,38,44967,103,12,25.931,0,0,0,0,0,0,0,0,0,0,0,0,0,0,60728,1523,513,40986.768,27624.840,2716.034,2.978,6.976,15993.231,8300.556,844.658,204,187,96,23,68,48392,32431,789,303,21551.042,12915.435,1394.934,0.735,18.955,8792.200,4426.851,457.177,87,114,58,15,41,39182,60,5,1,134.400,54.825,4.123,0.000,0.000,14.833,9.711,0.000,1,0,0,0,0,0,0,0,0,0.000,0.000,0.000,0.000,0.000,0.000,0.000,0.000,0,0,0,0,0,0,0,0,0,0.000,0.000,0.000,0.000,0.000,0.000,0.000,0.000,0,0,0,0,0,0,0,0,0,0.000,0.000,0.000,0.000,0.000,0.000,0.000,0.000,0,0,0,0,0,0,0,0,0,0,0,0,0,1,0,0,0,0
2911,97.0,3698,104,10,609,3087,0,2,1171,293.76,1.104,1.328,0.140,0.038,0.150,-0.690,1.615,0.2673,2.9778,0.594,0.003,0.031,0.078,-0.064,82,131,26,0,137,0,128481.89,9109.888,39405.493,8.850,4316.889,17.194,26574.614,14023.538,1829.395,13355.512,10684.410,1535.169,668.529,1850.900,0.000233,-0.014934,960,0,22,4,26,22,44145,122,4,6.428,0,0,0,0,0,0,0,0,0,0,0,0,0,0,61492,1498,563,41008.635,27401.083,2924.569,0.849,3.457,16288.158,8450.972,837.752,208,182,82,14,86,52473,31362,723,275,19917.826,11853.058,1319.080,1.573,2.971,8509.954,4174.483,431.489,69,106,49,8,49,31036,60,2,0,50.000,21.930,0.000,0.000,0.000,14.930,6.586,0.000,0,0,0,0,0,0,0,0,0,0.000,0.000,0.000,0.000,0.000,0.000,0.000,0.000,0,0,0,0,0,0,0,0,0,0.000,0.000,0.000,0.000,0.000,0.000,0.000,0.000,0,0,0,0,0,0,0,0,0,0.000,0.000,0.000,0.000,0.000,0.000,0.000,0.000,0,0,0,0,0,0,0,0,0,0,0,0,0,0,0,0,0,0
2941,98.0,3673,120,10,631,3040,0,2,1318,335.67,1.102,1.319,0.141,0.038,0.156,-0.691,1.617,0.2680,2.9529,0.608,0.006,0.032,0.079,-0.064,75,135,23,0,157,0,127864.47,9471.939,38421.594,6.334,4753.463,14.157,26515.184,13916.588,2085.769,12424.289,9939.432,1052.045,482.369,1980.473,0.000233,-0.013061,1011,0,19,4,23,19,42813,56,4,4.945,0,0,0,0,0,0,0,0,0,0,0,0,0,0,62264,1513,643,41578.722,27413.011,3258.649,0.814,3.932,16565.336,8556.019,860.882,203,194,87,13,94,60589,29823,661,312,18675.243,10913.670,1471.442,0.545,1.013,8095.434,3983.358,381.904,59,115,48,6,61,37410,60,0,0,0.000,0.000,0.000,0.000,0.000,15.038,6.409,0.000,0,0,0,0,0,0,0,0,0,0.000,0.000,0.000,0.000,0.000,0.000,0.000,0.000,0,0,0,0,0,0,0,0,0,0.000,0.000,0.000,0.000,0.000,0.000,0.000,0.000,0,0,0,0,0,0,0,0,0,0.000,0.000,0.000,0.000,0.000,0.000,0.000,0.000,0,0,0,0,0,0,0,0,0,0,0,0,0,0,0,0,0,0
2971,99.0,3689,109,10,656,3032,0,1,1409,326.05,1.100,1.314,0.143,0.038,0.160,-0.692,1.620,0.2718,2.9283,0.611,0.003,0.032,0.078,-0.065,77,105,16,0,159,0,126652.61,9720.764,37550.887,6.405,4561.916,18.111,26377.997,13729.541,2281.380,12626.870,10101.496,1147.084,505.303,1923.240,0.000202,-0.013643,1068,0,13,3,16,13,41441,96,3,5.508,0,0,0,0,0,0,0,0,0,0,0,0,0,0,62368,1436,679,39704.084,26063.325,3203.899,0.664,4.385,16690.706,8481.336,838.378,195,188,72,8,108,58497,28603,686,293,19057.540,11381.578,1297.799,0.226,1.123,7771.318,3913.505,356.837,69,84,33,4,47,28473,36,1,0,25.000,10.965,0.000,0.000,0.000,9.424,3.764,0.000,0,1,0,1,0,479,0,0,0,0.000,0.000,0.000,0.000,0.000,0.000,0.000,0.000,0,0,0,0,0,0,0,0,0,0.000,0.000,0.000,0.000,0.000,0.000,0.000,0.000,0,0,0,0,0,0,0,0,0,0.000,0.000,0.000,0.000,0.000,0.000,0.000,0.000,0,0,0,0,0,0,0,0,0,0,0,0,0,0,0,0,0,0
3001,100.0,3635,97,10,687,2947,0,1,1553,336.94,1.095,1.302,0.147,0.038,0.167,-0.692,1.621,0.2718,2.9345,0.602,0.003,0.030,0.078,-0.066,64,119,45,0,163,0,121809.36,9880.501,34955.748,16.931,4984.563,16.495,26284.596,13642.572,2494.733,11534.827,9227.862,2335.025,456.903,2175.634,0.000160,-0.013108,1095,0,38,7,45,38,40310,61,7,13.640,0,0,0,0,0,0,0,0,0,0,0,0,0,0,62124,1367,718,38629.236,24873.564,3524.516,3.096,12.301,16708.729,8441.719,821.373,171,212,80,25,107,68742,27814,605,316,17146.911,9978.498,1426.525,0.181,1.339,7578.888,3890.038,348.167,60,104,39,13,52,37823,30,1,0,25.000,10.965,0.000,0.000,0.000,8.103,3.364,0.000,0,0,0,0,0,0,0,0,0,0.000,0.000,0.000,0.000,0.000,0.000,0.000,0.000,0,0,0,0,0,0,0,0,0,0.000,0.000,0.000,0.000,0.000,0.000,0.000,0.000,0,0,0,0,0,0,0,0,0,0.000,0.000,0.000,0.000,0.000,0.000,0.000,0.000,0,0,0,0,0,0,0,0,0,0,0,0,0,0,0,0,0,0
3031,101.0,3556,111,10,697,2858,0,1,1610,304.83,1.091,1.295,0.149,0.039,0.172,-0.693,1.626,0.2703,2.9322,0.608,0.001,0.028,0.078,-0.066,72,108,36,0,174,0,118526.07,9728.552,34855.549,17.326,4717.605,14.607,25630.939,13182.008,2646.539,10171.605,8137.284,2039.411,321.741,2029.758,0.000183,-0.012865,1154,0,28,8,36,28,38505,73,8,14.732,0,0,0,0,0,0,0,0,0,0,0,0,0,0,60570,1313,741,36823.569,23955.066,3224.367,1.897,14.732,16343.147,8229.874,783.300,156,197,76,21,100,57424,26469,654,340,18408.135,10815.347,1452.094,0.696,0.000,7233.427,3684.599,341.710,56,104,32,7,65,34672,30,0,0,0.000,0.000,0.000,0.000,0.000,8.213,4.067,0.000,0,0,0,0,0,0,0,0,0,0.000,0.000,0.000,0.000,0.000,0.000,0.000,0.000,0,0,0,0,0,0,0,0,0,0.000,0.000,0.000,0.000,0.000,0.000,0.000,0.000,0,0,0,0,0,0,0,0,0,0.000,0.000,0.000,0.000,0.000,0.000,0.000,0.000,0,0,0,0,0,0,0,0,0,0,0,0,0,0,0,0,0,0
3061,102.0,3471,78,10,713,2758,0,0,1652,360.05,1.088,1.285,0.150,0.040,0.178,-0.693,1.628,0.2729,2.9564,0.605,0.004,0.030,0.078,-0.066,66,92,35,0,199,0,115501.09,9668.601,33952.491,14.519,4421.888,14.933,25010.835,12830.977,2710.663,10223.205,8178.564,1743.597,446.101,1873.774,0.000250,-0.012567,1133,0,29,6,35,29,36536,118,6,12.247,0,0,0,0,0,0,0,0,0,0,0,0,0,0,58714,1307,724,36724.539,23923.615,3207.969,1.769,12.247,15900.145,8084.803,749.120,155,219,70,16,133,68149,25466,601,291,16619.946,9948.283,1145.430,0.502,0.000,7008.695,3519.447,330.777,55,91,22,12,57,32455,28,0,0,0.000,0.000,0.000,0.000,0.000,7.759,6.123,0.000,0,1,0,1,0,839,0,0,0,0.000,0.000,0.000,0.000,0.000,0.000,0.000,0.000,0,0,0,0,0,0,0,0,0,0.000,0.000,0.000,0.000,0.000,0.000,0.000,0.000,0,0,0,0,0,0,0,0,0,0.000,0.000,0.000,0.000,0.000,0.000,0.000,0.000,0,0,0,0,0,0,0,0,0,0,0,0,0,0,0,0,0,0
3091,103.0,3362,105,10,728,2634,0,0,1651,351.68,1.083,1.272,0.150,0.040,0.186,-0.695,1.627,0.2698,2.9093,0.632,0.003,0.030,0.078,-0.066,57,94,34,0,193,0,111567.45,9659.986,31590.069,22.665,4356.753,13.455,24273.016,12345.993,2775.835,9004.833,7203.867,1927.735,295.017,1787.806,0.000358,-0.011186,1040,0,22,12,34,22,35102,62,12,20.403,0,0,0,0,0,0,0,0,0,0,0,0,0,0,57128,1263,709,35861.356,23337.109,3248.988,1.142,20.403,15524.237,7941.216,698.290,148,200,68,14,118,63762,23875,493,269,13835.813,8141.980,1077.246,1.120,0.000,6612.474,3275.153,288.352,33,105,26,8,71,42069,0,0,0,0.000,0.000,0.000,0.000,0.000,0.000,0.000,0.000,0,0,0,0,0,0,0,0,0,0.000,0.000,0.000,0.000,0.000,0.000,0.000,0.000,0,0,0,0,0,0,0,0,0,0.000,0.000,0.000,0.000,0.000,0.000,0.000,0.000,0,0,0,0,0,0,0,0,0,0.000,0.000,0.000,0.000,0.000,0.000,0.000,0.000,0,0,0,0,0,0,0,0,0,0,0,0,0,0,0,0,0,0
3121,104.0,3258,89,10,729,2529,0,0,1605,377.59,1.082,1.264,0.151,0.041,0.191,-0.695,1.629,0.2701,2.9085,0.624,0.008,0.030,0.078,-0.065,71,64,50,0,202,0,106181.27,9347.798,29745.661,35.362,4253.770,12.771,23609.489,11936.125,2764.078,9133.679,7306.943,2356.564,202.543,1819.475,0.000254,-0.009788,1080,0,33,17,50,33,33512,124,17,32.663,0,0,0,0,0,0,0,0,0,0,0,0,0,0,55683,1204,685,34190.562,22215.483,3098.123,1.895,28.033,15202.692,7772.989,665.434,131,195,42,25,128,64809,22473,450,271,12846.798,7444.443,1090.410,0.805,4.629,6227.783,3078.661,273.954,55,96,22,8,66,39541,0,0,0,0.000,0.000,0.000,0.000,0.000,0.000,0.000,0.000,0,0,0,0,0,0,0,0,0,0.000,0.000,0.000,0.000,0.000,0.000,0.000,0.000,0,0,0,0,0,0,0,0,0,0.000,0.000,0.000,0.000,0.000,0.000,0.000,0.000,0,0,0,0,0,0,0,0,0,0.000,0.000,0.000,0.000,0.000,0.000,0.000,0.000,0,0,0,0,0,0,0,0,0,0,0,0,0,0,0,0,0,0
3151,105.0,3101,82,8,726,2375,0,0,1586,340.85,1.075,1.252,0.150,0.039,0.197,-0.696,1.629,0.2717,2.8785,0.624,0.003,0.032,0.078,-0.066,54,82,64,0,182,0,101467.41,8914.972,28701.731,36.616,4462.068,14.851,22498.658,11259.799,2677.010,7307.020,5845.616,2164.193,339.034,1967.081,0.000191,-0.009906,1193,0,44,20,64,44,30870,161,20,32.802,0,0,0,0,0,0,0,0,0,0,0,0,0,0,52971,1123,714,32241.169,20689.825,3153.631,2.352,24.752,14534.855,7383.690,642.870,115,203,53,32,118,69541,20794,477,318,13747.845,7927.043,1226.962,1.462,8.049,5787.355,2847.380,243.128,33,99,29,12,58,42624,0,0,0,0.000,0.000,0.000,0.000,0.000,0.000,0.000,0.000,0,0,0,0,0,0,0,0,0,0.000,0.000,0.000,0.000,0.000,0.000,0.000,0.000,0,0,0,0,0,0,0,0,0,0.000,0.000,0.000,0.000,0.000,0.000,0.000,0.000,0,0,0,0,0,0,0,0,0,0.000,0.000,0.000,0.000,0.000,0.000,0.000,0.000,0,0,0,0,0,0,0,0,0,0,0,0,0,0,0,0,0,0
3181,106.0,2984,77,8,722,2262,0,0,1502,396.62,1.072,1.242,0.151,0.039,0.203,-0.698,1.630,0.2701,2.8458,0.634,0.003,0.030,0.078,-0.065,67,67,53,1,175,0,95643.31,8438.097,25822.918,24.225,3842.761,17.033,21337.490,10732.368,2590.973,7717.255,6173.804,2085.914,196.420,1622.713,0.000208,-0.011204,1041,0,36,17,53,36,29922,77,17,21.706,0,0,0,0,0,0,0,0,0,0,0,0,0,0,50583,1041,687,29757.312,19170.490,2844.205,1.787,13.448,13894.295,7091.689,626.965,130,195,48,24,123,67677,19017,400,277,11368.300,6589.477,968.786,0.732,8.258,5280.740,2634.152,239.372,31,79,19,12,48,31164,0,0,0,0.000,0.000,0.000,0.000,0.000,0.000,0.000,0.000,0,0,0,0,0,0,0,0,0,0.000,0.000,0.000,0.000,0.000,0.000,0.000,0.000,0,0,0,0,0,0,0,0,0,0.000,0.000,0.000,0.000,0.000,0.000,0.000,0.000,0,0,0,0,0,0,0,0,0,0.000,0.000,0.000,0.000,0.000,0.000,0.000,0.000,0,0,0,0,0,0,0,0,0,0,0,0,0,0,0,0,0,0
3211,107.0,2796,92,8,705,2091,0,0,1379,352.62,1.068,1.229,0.152,0.037,0.209,-0.698,1.630,0.2721,2.8465,0.646,0.001,0.029,0.078,-0.066,54,86,71,0,178,0,89657.05,7934.419,24585.929,37.129,3680.480,13.376,20093.846,10027.454,2400.251,6351.123,5080.898,2842.650,238.787,1670.527,0.000222,-0.012139,977,0,49,22,71,49,28334,67,22,31.421,0,0,0,0,0,0,0,0,0,0,0,0,0,0,47798,1032,664,29349.881,18966.613,2711.428,1.796,20.921,13162.937,6685.543,582.864,107,220,63,34,123,70078,17263,334,246,9711.554,5549.635,919.288,3.912,10.500,4805.880,2389.406,231.922,26,84,23,15,46,32248,0,0,0,0.000,0.000,0.000,0.000,0.000,0.000,0.000,0.000,0,0,0,0,0,0,0,0,0,0.000,0.000,0.000,0.000,0.000,0.000,0.000,0.000,0,0,0,0,0,0,0,0,0,0.000,0.000,0.000,0.000,0.000,0.000,0.000,0.000,0,0,0,0,0,0,0,0,0,0.000,0.000,0.000,0.000,0.000,0.000,0.000,0.000,0,0,0,0,0,0,0,0,0,0,0,0,0,0,0,0,0,0
3241,108.0,2688,66,8,701,1987,0,0,1338,418.76,1.065,1.219,0.152,0.037,0.215,-0.700,1.630,0.2700,2.8701,0.637,0.001,0.026,0.079,-0.066,74,75,39,0,143,0,84579.63,7474.067,22588.937,14.992,3105.817,15.313,19041.301,9423.813,2288.660,6556.425,5245.140,1626.593,158.906,1304.853,0.000229,-0.013007,834,0,31,8,39,31,26962,54,8,12.360,0,0,0,0,0,0,0,0,0,0,0,0,0,0,45525,948,575,26606.043,17369.327,2324.742,0.544,1.495,12575.842,6452.316,527.544,116,161,50,20,91,60912,15572,309,205,8836.526,5130.813,757.234,2.088,10.865,4352.148,2106.353,198.568,22,81,25,11,45,37138,0,0,0,0.000,0.000,0.000,0.000,0.000,0.000,0.000,0.000,0,0,0,0,0,0,0,0,0,0.000,0.000,0.000,0.000,0.000,0.000,0.000,0.000,0,0,0,0,0,0,0,0,0,0.000,0.000,0.000,0.000,0.000,0.000,0.000,0.000,0,0,0,0,0,0,0,0,0,0.000,0.000,0.000,0.000,0.000,0.000,0.000,0.000,0,0,0,0,0,0,0,0,0,0,0,0,0,0,0,0,0,0
3271,109.0,2558,79,8,692,1866,0,0,1241,393.55,1.061,1.207,0.153,0.036,0.222,-0.700,1.629,0.2701,2.8535,0.667,0.003,0.024,0.078,-0.066,65,83,18,0,156,0,79236.48,7178.411,20372.125,6.908,3102.628,18.556,18170.059,8913.847,2142.297,5700.242,4560.194,1066.579,218.719,1249.041,0.000214,-0.014297,811,0,13,5,18,13,25672,48,5,5.698,0,0,0,0,0,0,0,0,0,0,0,0,0,0,43664,841,568,24084.697,15465.197,2351.512,0.379,2.595,12094.596,6218.223,493.380,101,181,58,12,111,64838,14119,290,195,8319.378,4853.294,719.503,0.831,3.103,3961.844,1895.652,170.268,21,62,24,1,37,31238,0,0,0,0.000,0.000,0.000,0.000,0.000,0.000,0.000,0.000,0,0,0,0,0,0,0,0,0,0.000,0.000,0.000,0.000,0.000,0.000,0.000,0.000,0,0,0,0,0,0,0,0,0,0.000,0.000,0.000,0.000,0.000,0.000,0.000,0.000,0,0,0,0,0,0,0,0,0,0.000,0.000,0.000,0.000,0.000,0.000,0.000,0.000,0,0,0,0,0,0,0,0,0,0,0,0,0,0,0,0,0,0
3301,110.0,2442,52,8,699,1743,0,0,1153,409.90,1.053,1.189,0.153,0.035,0.233,-0.700,1.628,0.2691,2.8094,0.666,0.000,0.028,0.078,-0.066,55,85,13,0,140,0,74593.62,7015.065,19122.638,5.234,3063.765,16.010,17169.419,8377.398,2005.570,5217.888,4174.311,806.625,150.166,1233.041,0.000177,-0.015171,811,0,10,3,13,10,24106,63,3,4.346,0,0,0,0,0,0,0,0,0,0,0,0,0,0,41030,806,574,23301.227,14886.116,2379.513,0.708,4.346,11418.523,5839.742,453.347,81,174,68,8,98,64817,13013,251,174,7262.012,4180.151,660.859,0.180,0.000,3636.816,1795.121,153.340,21,51,17,2,32,22707,0,0,0,0.000,0.000,0.000,0.000,0.000,0.000,0.000,0.000,0,0,0,0,0,0,0,0,0,0.000,0.000,0.000,0.000,0.000,0.000,0.000,0.000,0,0,0,0,0,0,0,0,0,0.000,0.000,0.000,0.000,0.000,0.000,0.000,0.000,0,0,0,0,0,0,0,0,0,0.000,0.000,0.000,0.000,0.000,0.000,0.000,0.000,0,0,0,0,0,0,0,0,0,0,0,0,0,0,0,0,0,0
3331,111.0,2310,68,8,687,1623,0,0,1069,412.05,1.046,1.177,0.154,0.036,0.241,-0.701,1.629,0.2684,2.8417,0.699,0.000,0.031,0.078,-0.068,71,74,16,0,143,0,69450.98,6807.465,17353.079,7.100,2951.597,17.349,16266.898,7966.760,1865.442,4504.714,3603.772,1000.255,109.522,1200.463,0.000207,-0.017394,791,0,13,3,16,13,22841,55,3,5.714,0,0,0,0,0,0,0,0,0,0,0,0,0,0,38372,756,567,21946.323,13943.365,2320.771,0.533,2.501,10719.802,5526.268,405.455,84,164,52,11,101,57357,12291,204,169,6013.403,3388.716,608.711,0.854,3.213,3435.505,1755.667,143.139,16,56,21,2,33,22566,0,0,0,0.000,0.000,0.000,0.000,0.000,0.000,0.000,0.000,0,0,0,0,0,0,0,0,0,0.000,0.000,0.000,0.000,0.000,0.000,0.000,0.000,0,0,0,0,0,0,0,0,0,0.000,0.000,0.000,0.000,0.000,0.000,0.000,0.000,0,0,0,0,0,0,0,0,0,0.000,0.000,0.000,0.000,0.000,0.000,0.000,0.000,0,0,0,0,0,0,0,0,0,0,0,0,0,0,0,0,0,0
3361,112.0,2170,67,8,681,1489,0,0,966,409.15,1.033,1.156,0.157,0.035,0.252,-0.702,1.630,0.2664,2.8234,0.691,0.004,0.028,0.078,-0.070,71,74,19,0,129,0,64764.44,6545.921,15972.214,16.921,2295.757,15.326,15179.361,7464.347,1713.257,3448.850,2759.080,1089.624,167.086,918.159,0.000168,-0.017015,622,0,9,10,19,9,21513,27,10,16.313,0,0,0,0,0,0,0,0,0,0,0,0,0,0,35825,661,476,19018.901,12255.835,1865.781,0.202,4.248,10016.632,5222.151,383.812,54,149,54,7,88,53930,11019,220,119,6121.986,3671.257,413.940,0.407,12.064,3070.355,1595.197,129.361,13,52,19,2,31,24695,0,0,0,0.000,0.000,0.000,0.000,0.000,0.000,0.000,0.000,0,0,0,0,0,0,0,0,0,0.000,0.000,0.000,0.000,0.000,0.000,0.000,0.000,0,0,0,0,0,0,0,0,0,0.000,0.000,0.000,0.000,0.000,0.000,0.000,0.000,0,0,0,0,0,0,0,0,0,0.000,0.000,0.000,0.000,0.000,0.000,0.000,0.000,0,0,0,0,0,0,0,0,0,0,0,0,0,0,0,0,0,0
3391,113.0,2041,56,8,678,1363,0,0,911,399.23,1.020,1.133,0.160,0.034,0.265,-0.703,1.629,0.2675,2.7972,0.691,0.003,0.024,0.078,-0.072,61,67,21,0,116,0,60844.64,6199.251,15094.392,4.512,2365.711,11.393,14002.004,6785.910,1538.956,3283.208,2626.567,1210.802,35.194,988.451,0.000143,-0.017211,585,0,20,1,21,20,19332,20,1,2.281,0,0,0,0,0,0,0,0,0,0,0,0,0,0,32590,644,446,18622.924,11892.286,1918.237,0.309,2.281,9145.176,4782.639,325.710,55,150,50,18,82,54028,10005,190,119,5403.609,3155.573,435.836,1.922,0.000,2766.017,1427.110,117.964,15,46,17,2,27,20496,0,0,0,0.000,0.000,0.000,0.000,0.000,0.000,0.000,0.000,0,0,0,0,0,0,0,0,0,0.000,0.000,0.000,0.000,0.000,0.000,0.000,0.000,0,0,0,0,0,0,0,0,0,0.000,0.000,0.000,0.000,0.000,0.000,0.000,0.000,0,0,0,0,0,0,0,0,0,0.000,0.000,0.000,0.000,0.000,0.000,0.000,0.000,0,0,0,0,0,0,0,0,0,0,0,0,0,0,0,0,0,0
3421,114.0,1959,64,8,681,1278,0,0,812,407.52,1.011,1.116,0.161,0.033,0.275,-0.704,1.627,0.2678,2.8717,0.699,0.001,0.023,0.078,-0.073,60,77,3,0,94,0,57295.93,5905.693,13710.195,0.212,1975.389,14.013,13217.569,6346.717,1408.569,3999.203,3199.362,518.136,99.080,774.893,0.000132,-0.017277,513,0,3,0,3,3,18279,21,0,0.000,0,0,0,0,0,0,0,0,0,0,0,0,0,0,30597,586,384,16746.839,10841.004,1567.127,0.212,0.000,8609.016,4528.795,314.465,70,121,61,3,57,48597,9056,169,108,4808.918,2826.756,390.041,0.000,0.000,2510.223,1282.675,89.383,11,45,16,0,29,17112,0,0,0,0.000,0.000,0.000,0.000,0.000,0.000,0.000,0.000,0,0,0,0,0,0,0,0,0,0.000,0.000,0.000,0.000,0.000,0.000,0.000,0.000,0,0,0,0,0,0,0,0,0,0.000,0.000,0.000,0.000,0.000,0.000,0.000,0.000,0,0,0,0,0,0,0,0,0,0.000,0.000,0.000,0.000,0.000,0.000,0.000,0.000,0,0,0,0,0,0,0,0,0,0,0,0,0,0,0,0,0,0
3451,115.0,1864,62,8,676,1188,0,0,752,449.70,1.000,1.098,0.161,0.034,0.286,-0.704,1.630,0.2667,2.8442,0.698,0.006,0.024,0.078,-0.075,71,68,2,0,87,0,53976.44,5657.421,12418.901,0.163,2110.292,15.144,12464.145,5805.903,1269.954,2695.797,2156.638,391.655,109.384,815.777,0.000179,-0.017312,591,0,2,0,2,2,17310,82,0,0.000,0,0,0,0,0,0,0,0,0,0,0,0,0,0,28596,543,427,15818.973,10049.218,1725.601,0.163,0.000,8091.586,4205.149,278.371,44,110,52,2,56,42556,8162,140,82,4011.198,2335.797,351.303,0.000,0.000,2257.637,1119.481,71.951,13,37,16,0,21,18985,0,0,0,0.000,0.000,0.000,0.000,0.000,0.000,0.000,0.000,0,0,0,0,0,0,0,0,0,0.000,0.000,0.000,0.000,0.000,0.000,0.000,0.000,0,0,0,0,0,0,0,0,0,0.000,0.000,0.000,0.000,0.000,0.000,0.000,0.000,0,0,0,0,0,0,0,0,0,0.000,0.000,0.000,0.000,0.000,0.000,0.000,0.000,0,0,0,0,0,0,0,0,0,0,0,0,0,0,0,0,0,0
3481,116.0,1775,63,8,676,1099,0,0,648,453.13,0.986,1.078,0.162,0.033,0.298,-0.706,1.630,0.2680,2.8444,0.688,0.003,0.026,0.078,-0.077,79,70,0,0,88,0,51039.90,5459.451,11852.242,0.000,1894.209,15.419,11849.873,5466.276,1142.470,2991.240,2392.992,351.615,117.360,722.392,0.000209,-0.015935,486,0,0,0,0,0,16832,50,0,0.000,0,0,0,0,0,0,0,0,0,0,0,0,0,0,27144,526,359,15135.446,9692.214,1552.712,0.000,0.000,7690.546,3989.727,268.966,53,110,50,0,60,50850,7363,127,77,3641.035,2126.608,311.947,0.000,0.000,2039.893,1006.982,68.910,10,42,20,0,22,17225,0,0,0,0.000,0.000,0.000,0.000,0.000,0.000,0.000,0.000,0,0,0,0,0,0,0,0,0,0.000,0.000,0.000,0.000,0.000,0.000,0.000,0.000,0,0,0,0,0,0,0,0,0,0.000,0.000,0.000,0.000,0.000,0.000,0.000,0.000,0,0,0,0,0,0,0,0,0,0.000,0.000,0.000,0.000,0.000,0.000,0.000,0.000,0,0,0,0,0,0,0,0,0,0,0,0,0,0,0,0,0,0
3511,117.0,1694,63,8,674,1020,0,0,576,472.04,0.972,1.059,0.164,0.033,0.309,-0.708,1.631,0.2691,2.8607,0.717,0.003,0.025,0.078,-0.079,70,68,0,1,70,0,47393.57,5339.648,9957.074,0.000,1937.575,16.812,11124.843,5130.164,1003.224,2483.077,1986.462,356.820,95.292,736.088,0.000132,-0.016044,515,0,0,0,0,0,16032,71,0,0.000,0,0,0,0,0,0,0,0,0,0,0,0,0,0,25424,448,374,13272.294,8220.714,1652.860,0.000,0.000,7195.613,3782.474,257.713,42,99,50,0,49,39851,6503,101,70,2916.880,1696.350,262.062,0.000,0.000,1801.655,902.512,57.868,9,31,18,0,13,15799,0,0,0,0.000,0.000,0.000,0.000,0.000,0.000,0.000,0.000,0,0,0,0,0,0,0,0,0,0.000,0.000,0.000,0.000,0.000,0.000,0.000,0.000,0,0,0,0,0,0,0,0,0,0.000,0.000,0.000,0.000,0.000,0.000,0.000,0.000,0,0,0,0,0,0,0,0,0,0.000,0.000,0.000,0.000,0.000,0.000,0.000,0.000,0,0,0,0,0,0,0,0,0,0,0,0,0,0,0,0,0,0
3541,118.0,1613,50,8,675,938,0,0,503,481.76,0.955,1.035,0.167,0.032,0.323,-0.708,1.632,0.2671,2.8727,0.711,0.004,0.025,0.078,-0.080,82,70,0,0,71,0,45413.88,5219.311,10215.838,0.000,1531.411,17.022,10341.695,4844.036,864.820,2537.603,2030.082,157.730,129.000,570.041,0.000097,-0.015891,402,0,0,0,0,0,15144,29,0,0.000,0,0,0,0,0,0,0,0,0,0,0,0,0,0,23376,458,308,13067.994,8421.008,1288.131,0.000,0.000,6590.741,3550.646,249.006,46,105,55,0,50,46454,5826,106,65,2986.269,1767.640,224.829,0.000,0.000,1611.418,861.837,52.937,6,29,14,0,15,12600,0,0,0,0.000,0.000,0.000,0.000,0.000,0.000,0.000,0.000,0,0,0,0,0,0,0,0,0,0.000,0.000,0.000,0.000,0.000,0.000,0.000,0.000,0,0,0,0,0,0,0,0,0,0.000,0.000,0.000,0.000,0.000,0.000,0.000,0.000,0,0,0,0,0,0,0,0,0,0.000,0.000,0.000,0.000,0.000,0.000,0.000,0.000,0,0,0,0,0,0,0,0,0,0,0,0,0,0,0,0,0,0
3571,119.0,1537,51,8,679,858,0,0,435,497.23,0.939,1.008,0.170,0.030,0.339,-0.709,1.633,0.2664,2.9179,0.719,0.004,0.028,0.079,-0.084,81,67,0,0,60,0,43327.63,5195.330,9021.222,0.000,1547.021,18.639,9652.519,4498.142,736.729,2117.113,1693.690,284.980,90.203,616.809,0.000157,-0.015125,408,0,0,0,0,0,14146,60,0,0.000,0,0,0,0,0,0,0,0,0,0,0,0,0,0,21586,403,286,11673.017,7440.014,1248.844,0.000,0.000,6082.823,3342.335,222.398,35,89,46,0,43,35020,5147,92,62,2678.500,1540.005,253.039,0.000,0.000,1421.258,758.150,47.538,5,31,20,0,11,19537,0,0,0,0.000,0.000,0.000,0.000,0.000,0.000,0.000,0.000,0,0,0,0,0,0,0,0,0,0.000,0.000,0.000,0.000,0.000,0.000,0.000,0.000,0,0,0,0,0,0,0,0,0,0.000,0.000,0.000,0.000,0.000,0.000,0.000,0.000,0,0,0,0,0,0,0,0,0,0.000,0.000,0.000,0.000,0.000,0.000,0.000,0.000,0,0,0,0,0,0,0,0,0,0,0,0,0,0,0,0,0,0
3601,120.0,1465,61,9,681,784,0,0,370,478.79,0.922,0.981,0.173,0.030,0.354,-0.710,1.636,0.2656,2.9357,0.717,0.003,0.026,0.078,-0.086,86,74,0,0,57,0,42117.70,5240.130,8783.960,0.000,1445.256,20.014,9115.595,4157.335,639.776,2483.727,1986.981,229.822,43.097,551.648,0.000120,-0.015284,366,0,0,0,0,0,13567,26,0,0.000,0,0,0,0,0,0,0,0,0,0,0,0,0,0,20082,393,282,11352.516,7255.717,1201.225,0.000,0.000,5681.558,3116.439,211.115,44,101,57,0,44,41582,4574,91,58,2564.412,1508.529,215.459,0.000,0.000,1259.954,663.093,38.315,5,22,17,0,5,8714,0,0,0,0.000,0.000,0.000,0.000,0.000,0.000,0.000,0.000,0,0,0,0,0,0,0,0,0,0.000,0.000,0.000,0.000,0.000,0.000,0.000,0.000,0,0,0,0,0,0,0,0,0,0.000,0.000,0.000,0.000,0.000,0.000,0.000,0.000,0,0,0,0,0,0,0,0,0,0.000,0.000,0.000,0.000,0.000,0.000,0.000,0.000,0,0,0,0,0,0,0,0,0,0,0,0,0,0,0,0,0,0
3631,121.0,1419,62,9,682,737,0,0,330,485.02,0.912,0.963,0.175,0.030,0.365,-0.711,1.638,0.2638,2.9075,0.719,0.003,0.034,0.078,-0.087,88,60,0,1,47,0,41870.21,5112.576,9304.173,0.000,1278.343,20.279,8655.624,3934.356,553.002,2653.193,2122.554,393.464,102.824,494.326,0.000120,-0.015458,340,0,0,0,0,0,12825,56,0,0.000,0,0,0,0,0,0,0,0,0,0,0,0,0,0,18556,407,243,11577.775,7611.506,1048.672,0.000,0.000,5269.112,2906.273,196.542,48,81,49,0,32,35167,4308,101,41,2782.912,1655.315,185.015,0.000,0.000,1200.218,666.079,35.112,7,21,11,0,10,11018,0,0,0,0.000,0.000,0.000,0.000,0.000,0.000,0.000,0.000,0,0,0,0,0,0,0,0,0,0.000,0.000,0.000,0.000,0.000,0.000,0.000,0.000,0,0,0,0,0,0,0,0,0,0.000,0.000,0.000,0.000,0.000,0.000,0.000,0.000,0,0,0,0,0,0,0,0,0,0.000,0.000,0.000,0.000,0.000,0.000,0.000,0.000,0,0,0,0,0,0,0,0,0,0,0,0,0,0,0,0,0,0
3661,122.0,1411,71,9,693,718,0,0,296,495.57,0.902,0.951,0.176,0.030,0.372,-0.712,1.638,0.2656,2.9283,0.705,0.004,0.032,0.078,-0.088,92,42,0,0,33,0,41545.72,5173.862,8547.610,0.000,1353.598,18.426,8377.565,3762.096,493.335,2739.004,2191.203,288.138,62.190,514.840,0.000125,-0.014588,339,0,0,0,0,0,12267,52,0,0.000,0,0,0,0,0,0,0,0,0,0,0,0,0,0,17828,381,244,11027.453,7078.706,1159.428,0.000,0.000,5054.351,2789.928,206.327,45,53,32,0,21,24455,3943,88,43,2389.597,1435.300,160.113,0.000,0.000,1103.766,599.338,35.178,8,19,10,0,9,7829,0,0,0,0.000,0.000,0.000,0.000,0.000,0.000,0.000,0.000,0,0,0,0,0,0,0,0,0,0.000,0.000,0.000,0.000,0.000,0.000,0.000,0.000,0,0,0,0,0,0,0,0,0,0.000,0.000,0.000,0.000,0.000,0.000,0.000,0.000,0,0,0,0,0,0,0,0,0,0.000,0.000,0.000,0.000,0.000,0.000,0.000,0.000,0,0,0,0,0,0,0,0,0,0,0,0,0,0,0,0,0,0
3691,123.0,1407,70,9,699,708,0,0,274,504.80,0.896,0.948,0.176,0.031,0.376,-0.713,1.639,0.2644,3.0200,0.723,0.006,0.037,0.077,-0.088,97,51,0,0,25,0,42993.97,5222.498,10095.937,0.000,1396.443,22.795,8331.199,3792.023,442.881,3000.528,2400.422,31.263,136.361,536.351,0.000127,-0.014166,316,0,0,0,0,0,12228,33,0,0.000,0,0,0,0,0,0,0,0,0,0,0,0,0,0,17815,458,244,13083.552,8533.200,1227.169,0.000,0.000,5028.747,2865.096,211.410,56,61,42,0,19,25257,3723,92,39,2471.813,1514.259,137.038,0.000,0.000,1037.453,550.705,33.628,5,10,8,0,2,8416,0,0,0,0.000,0.000,0.000,0.000,0.000,0.000,0.000,0.000,0,0,0,0,0,0,0,0,0,0.000,0.000,0.000,0.000,0.000,0.000,0.000,0.000,0,0,0,0,0,0,0,0,0,0.000,0.000,0.000,0.000,0.000,0.000,0.000,0.000,0,0,0,0,0,0,0,0,0,0.000,0.000,0.000,0.000,0.000,0.000,0.000,0.000,0,0,0,0,0,0,0,0,0,0,0,0,0,0,0,0,0,0
3721,124.0,1424,72,9,717,707,0,0,244,496.06,0.888,0.942,0.177,0.032,0.381,-0.715,1.643,0.2691,2.9442,0.720,0.004,0.042,0.077,-0.088,104,41,1,0,33,0,44940.52,5567.821,10316.275,0.101,1324.209,24.062,8214.425,3740.922,387.325,3738.091,2990.473,172.785,169.919,504.657,0.000161,-0.012763,312,0,1,0,1,1,12238,48,0,0.000,0,0,0,0,0,0,0,0,0,0,0,0,0,0,17571,479,217,13339.494,8892.350,1058.364,0.101,0.000,4937.796,2851.474,208.178,64,56,28,1,27,25108,3487,84,47,2435.797,1386.999,235.490,0.000,0.000,963.855,509.744,36.888,7,16,13,0,3,8949,0,0,0,0.000,0.000,0.000,0.000,0.000,0.000,0.000,0.000,0,0,0,0,0,0,0,0,0,0.000,0.000,0.000,0.000,0.000,0.000,0.000,0.000,0,0,0,0,0,0,0,0,0,0.000,0.000,0.000,0.000,0.000,0.000,0.000,0.000,0,0,0,0,0,0,0,0,0,0.000,0.000,0.000,0.000,0.000,0.000,0.000,0.000,0,0,0,0,0,0,0,0,0,0,0,0,0,0,0,0,0,0
3751,125.0,1443,82,10,724,719,0,0,217,499.67,0.891,0.948,0.177,0.034,0.380,-0.715,1.643,0.2693,2.9902,0.705,0.004,0.043,0.077,-0.089,99,32,23,0,18,0,47220.43,5753.875,11773.252,16.509,1466.768,21.195,8359.578,3889.465,343.878,3836.002,3068.802,941.958,333.834,627.815,0.000149,-0.010630,314,0,15,8,23,15,12841,28,8,15.192,0,0,0,0,0,0,0,0,0,0,0,0,0,0,17963,550,239,15293.693,10192.284,1229.944,1.317,15.192,5048.625,2938.743,246.748,64,52,26,14,12,20627,3420,93,47,2622.656,1545.221,211.957,0.000,0.000,945.320,528.264,39.205,9,9,4,1,4,5112,0,0,0,0.000,0.000,0.000,0.000,0.000,0.000,0.000,0.000,0,0,0,0,0,0,0,0,0,0.000,0.000,0.000,0.000,0.000,0.000,0.000,0.000,0,0,0,0,0,0,0,0,0,0.000,0.000,0.000,0.000,0.000,0.000,0.000,0.000,0,0,0,0,0,0,0,0,0,0.000,0.000,0.000,0.000,0.000,0.000,0.000,0.000,0,0,0,0,0,0,0,0,0,0,0,0,0,0,0,0,0,0
3781,126.0,1492,87,10,744,748,0,0,193,471.27,0.892,0.952,0.177,0.034,0.378,-0.717,1.643,0.2701,3.0334,0.701,0.008,0.033,0.077,-0.088,105,31,25,0,20,0,49410.91,5971.460,12185.091,15.576,1569.017,25.135,8534.976,4000.584,306.977,5084.707,4067.766,1083.571,364.693,673.906,0.000149,-0.009588,330,0,19,6,25,19,13391,24,6,13.564,0,0,0,0,0,0,0,0,0,0,0,0,0,0,18571,570,264,16042.184,10610.506,1376.338,2.011,13.564,5242.204,3049.674,278.883,85,53,26,16,11,18873,3218,93,42,2584.740,1548.756,172.885,0.000,0.000,884.538,495.912,39.106,10,13,5,3,5,7114,0,0,0,0.000,0.000,0.000,0.000,0.000,0.000,0.000,0.000,0,0,0,0,0,0,0,0,0,0.000,0.000,0.000,0.000,0.000,0.000,0.000,0.000,0,0,0,0,0,0,0,0,0,0.000,0.000,0.000,0.000,0.000,0.000,0.000,0.000,0,0,0,0,0,0,0,0,0,0.000,0.000,0.000,0.000,0.000,0.000,0.000,0.000,0,0,0,0,0,0,0,0,0,0,0,0,0,0,0,0,0,0
3811,127.0,1559,86,10,755,804,0,0,176,486.08,0.901,0.973,0.175,0.033,0.369,-0.719,1.642,0.2746,2.9731,0.689,0.009,0.037,0.077,-0.086,100,34,26,0,9,0,53136.56,6201.664,13648.400,26.859,1725.003,27.307,8912.076,4214.069,264.203,5648.977,4519.182,808.628,146.327,676.168,0.000125,-0.009032,343,0,12,14,26,12,14088,32,14,26.120,0,0,0,0,0,0,0,0,0,0,0,0,0,0,19644,625,282,17664.167,11719.274,1559.118,0.739,26.120,5530.527,3193.537,312.737,96,45,27,11,7,18370,3358,112,29,2994.299,1886.842,129.897,0.000,0.000,917.883,518.270,50.149,14,9,7,1,1,4054,0,0,0,0.000,0.000,0.000,0.000,0.000,0.000,0.000,0.000,0,0,0,0,0,0,0,0,0,0.000,0.000,0.000,0.000,0.000,0.000,0.000,0.000,0,0,0,0,0,0,0,0,0,0.000,0.000,0.000,0.000,0.000,0.000,0.000,0.000,0,0,0,0,0,0,0,0,0,0.000,0.000,0.000,0.000,0.000,0.000,0.000,0.000,0,0,0,0,0,0,0,0,0,0,0,0,0,0,0,0,0,0
3841,128.0,1673,85,10,779,894,0,0,181,438.20,0.912,1.001,0.172,0.033,0.357,-0.718,1.648,0.2731,3.0532,0.671,0.012,0.039,0.076,-0.085,104,26,7,0,11,0,57033.52,6555.349,14518.974,9.003,1800.219,25.730,9645.505,4740.739,254.330,6515.314,5212.251,343.692,201.257,697.785,0.000116,-0.008790,354,0,4,3,7,4,15823,49,3,8.752,0,0,0,0,0,0,0,0,0,0,0,0,0,0,21850,660,266,18503.075,12285.678,1541.101,0.252,8.752,6135.913,3614.307,328.067,110,35,24,4,7,10642,3644,132,39,3613.175,2191.399,210.517,0.000,0.000,988.427,600.672,55.987,19,4,2,0,2,2073,0,0,0,0.000,0.000,0.000,0.000,0.000,0.000,0.000,0.000,0,0,0,0,0,0,0,0,0,0.000,0.000,0.000,0.000,0.000,0.000,0.000,0.000,0,0,0,0,0,0,0,0,0,0.000,0.000,0.000,0.000,0.000,0.000,0.000,0.000,0,0,0,0,0,0,0,0,0,0.000,0.000,0.000,0.000,0.000,0.000,0.000,0.000,0,0,0,0,0,0,0,0,0,0,0,0,0,0,0,0,0,0
3871,129.0,1778,89,10,801,977,0,0,167,426.64,0.922,1.023,0.169,0.034,0.347,-0.719,1.647,0.2761,3.1047,0.677,0.011,0.040,0.076,-0.084,117,41,15,0,11,0,61489.68,7008.718,16577.684,17.273,2045.236,24.618,10482.842,5319.962,247.188,7165.802,5732.642,585.536,272.049,806.778,0.000108,-0.008631,405,0,7,8,15,7,17516,50,8,16.973,0,0,0,0,0,0,0,0,0,0,0,0,0,0,24045,761,307,21234.008,14132.620,1746.105,0.300,16.973,6756.708,4060.136,371.890,124,48,35,5,8,11995,4103,142,48,3929.702,2394.129,256.267,0.000,0.000,1112.138,676.850,64.289,15,8,6,2,0,2090,0,0,0,0.000,0.000,0.000,0.000,0.000,0.000,0.000,0.000,0,0,0,0,0,0,0,0,0,0.000,0.000,0.000,0.000,0.000,0.000,0.000,0.000,0,0,0,0,0,0,0,0,0,0.000,0.000,0.000,0.000,0.000,0.000,0.000,0.000,0,0,0,0,0,0,0,0,0,0.000,0.000,0.000,0.000,0.000,0.000,0.000,0.000,0,0,0,0,0,0,0,0,0,0,0,0,0,0,0,0,0,0
3901,130.0,1888,95,10,829,1059,0,0,171,360.00,0.929,1.039,0.168,0.033,0.340,-0.719,1.652,0.2747,3.0279,0.664,0.012,0.040,0.076,-0.083,97,31,23,0,10,0,66544.80,7571.789,18266.192,19.074,2774.067,24.630,11178.252,5735.813,233.389,7130.704,5704.563,815.114,308.783,1104.435,0.000189,-0.009782,549,0,14,9,23,14,18256,68,9,18.049,0,0,0,0,0,0,0,0,0,0,0,0,0,0,25936,857,412,24462.910,15943.273,2358.705,1.025,18.049,7284.915,4350.354,417.336,123,47,25,13,9,8941,4474,136,69,3933.111,2271.203,358.284,0.000,0.000,1205.754,734.370,83.174,13,7,5,1,1,1754,0,0,0,0.000,0.000,0.000,0.000,0.000,0.000,0.000,0.000,0,0,0,0,0,0,0,0,0,0.000,0.000,0.000,0.000,0.000,0.000,0.000,0.000,0,0,0,0,0,0,0,0,0,0.000,0.000,0.000,0.000,0.000,0.000,0.000,0.000,0,0,0,0,0,0,0,0,0,0.000,0.000,0.000,0.000,0.000,0.000,0.000,0.000,0,0,0,0,0,0,0,0,0,0,0,0,0,0,0,0,0,0
3931,131.0,2004,90,10,842,1162,0,0,175,333.85,0.939,1.066,0.167,0.034,0.328,-0.720,1.652,0.2774,3.0194,0.662,0.008,0.035,0.076,-0.082,101,42,25,0,9,0,71265.23,8123.119,19100.518,19.475,2875.885,21.395,12034.868,6283.728,230.857,8103.898,6483.119,952.063,280.723,1119.671,0.000120,-0.009843,536,0,18,7,25,18,20193,29,7,17.654,0,0,0,0,0,0,0,0,0,0,0,0,0,0,28558,901,434,25621.387,16731.439,2475.957,0.844,9.891,8016.049,4799.606,445.743,150,56,37,13,6,15511,4687,138,73,4002.074,2316.221,371.577,0.977,7.763,1262.528,775.629,108.583,19,10,5,5,0,2151,0,0,0,0.000,0.000,0.000,0.000,0.000,0.000,0.000,0.000,0,0,0,0,0,0,0,0,0,0.000,0.000,0.000,0.000,0.000,0.000,0.000,0.000,0,0,0,0,0,0,0,0,0,0.000,0.000,0.000,0.000,0.000,0.000,0.000,0.000,0,0,0,0,0,0,0,0,0,0.000,0.000,0.000,0.000,0.000,0.000,0.000,0.000,0,0,0,0,0,0,0,0,0,0,0,0,0,0,0,0,0,0
3961,132.0,2155,68,10,877,1278,0,0,180,342.21,0.949,1.083,0.167,0.036,0.319,-0.720,1.654,0.2783,3.0633,0.673,0.011,0.037,0.076,-0.082,119,29,55,0,10,0,76261.12,8763.341,22204.206,22.794,3308.637,21.361,13003.750,6827.949,237.880,10213.917,8171.134,1974.168,511.257,1396.660,0.000155,-0.010672,635,0,45,10,55,45,21494,69,10,16.879,0,0,0,0,0,0,0,0,0,0,0,0,0,0,31346,1035,486,29544.907,19314.254,2856.313,1.482,6.864,8789.238,5192.211,507.963,168,67,26,35,6,16882,5055,170,80,4845.806,2844.142,398.103,4.434,10.015,1361.868,828.312,141.100,30,15,2,10,3,4004,0,0,0,0.000,0.000,0.000,0.000,0.000,0.000,0.000,0.000,0,0,0,0,0,0,0,0,0,0.000,0.000,0.000,0.000,0.000,0.000,0.000,0.000,0,0,0,0,0,0,0,0,0,0.000,0.000,0.000,0.000,0.000,0.000,0.000,0.000,0,0,0,0,0,0,0,0,0,0.000,0.000,0.000,0.000,0.000,0.000,0.000,0.000,0,0,0,0,0,0,0,0,0,0,0,0,0,0,0,0,0,0
3991,133.0,2294,68,10,919,1375,0,0,187,338.81,0.953,1.091,0.168,0.034,0.315,-0.720,1.658,0.2798,3.0823,0.664,0.013,0.036,0.076,-0.081,106,49,38,0,13,0,81526.33,9621.308,22511.314,26.977,3346.115,18.678,14040.360,7402.616,242.210,9829.588,7863.671,1392.567,515.061,1335.657,0.000221,-0.012743,652,0,26,12,38,26,23050,61,12,23.828,0,0,0,0,0,0,0,0,0,0,0,0,0,0,34197,1036,511,29517.951,19269.937,2851.746,1.665,21.939,9614.810,5710.946,569.071,157,71,41,19,11,19422,5460,190,80,5408.714,3179.483,438.333,1.483,1.889,1473.944,864.761,93.558,28,17,8,7,2,3746,0,0,0,0.000,0.000,0.000,0.000,0.000,0.000,0.000,0.000,0,0,0,0,0,0,0,0,0,0.000,0.000,0.000,0.000,0.000,0.000,0.000,0.000,0,0,0,0,0,0,0,0,0,0.000,0.000,0.000,0.000,0.000,0.000,0.000,0.000,0,0,0,0,0,0,0,0,0,0.000,0.000,0.000,0.000,0.000,0.000,0.000,0.000,0,0,0,0,0,0,0,0,0,0,0,0,0,0,0,0,0,0
4021,134.0,2455,93,10,970,1485,0,0,193,328.68,0.960,1.099,0.168,0.034,0.312,-0.720,1.658,0.2807,3.0868,0.645,0.006,0.032,0.076,-0.080,109,39,51,0,10,0,87056.62,10263.760,24507.256,33.970,3900.193,20.293,15107.874,8154.745,251.319,10598.396,8478.717,1647.552,436.588,1556.933,0.000202,-0.013571,792,0,34,17,51,34,24931,86,17,31.585,0,0,0,0,0,0,0,0,0,0,0,0,0,0,37099,1142,625,33111.703,21406.369,3457.169,2.386,31.585,10443.826,6277.291,660.594,172,69,34,27,8,17869,5865,181,81,5083.643,3029.537,377.721,0.000,0.000,1578.796,947.725,93.402,21,14,5,7,2,5044,0,0,0,0.000,0.000,0.000,0.000,0.000,0.000,0.000,0.000,0,0,0,0,0,0,0,0,0,0.000,0.000,0.000,0.000,0.000,0.000,0.000,0.000,0,0,0,0,0,0,0,0,0,0.000,0.000,0.000,0.000,0.000,0.000,0.000,0.000,0,0,0,0,0,0,0,0,0,0.000,0.000,0.000,0.000,0.000,0.000,0.000,0.000,0,0,0,0,0,0,0,0,0,0,0,0,0,0,0,0,0,0
4051,135.0,2634,88,10,1008,1626,0,0,218,283.38,0.972,1.115,0.166,0.035,0.304,-0.719,1.661,0.2797,3.0733,0.637,0.008,0.031,0.076,-0.080,124,61,59,0,15,0,93380.00,11073.335,27860.302,41.275,4462.385,20.746,16362.484,9091.571,261.652,13094.924,10475.939,1836.873,734.589,1745.381,0.000205,-0.013726,896,0,39,20,59,39,26504,80,20,38.719,0,0,0,0,0,0,0,0,0,0,0,0,0,0,40220,1299,723,37559.489,24247.534,3958.562,2.513,38.719,11352.960,6931.340,745.476,223,107,55,38,14,21472,6529,212,93,5955.345,3516.489,438.442,0.000,0.000,1777.340,1111.041,118.681,33,8,6,1,1,1008,0,0,0,0.000,0.000,0.000,0.000,0.000,0.000,0.000,0.000,0,0,0,0,0,0,0,0,0,0.000,0.000,0.000,0.000,0.000,0.000,0.000,0.000,0,0,0,0,0,0,0,0,0,0.000,0.000,0.000,0.000,0.000,0.000,0.000,0.000,0,0,0,0,0,0,0,0,0,0.000,0.000,0.000,0.000,0.000,0.000,0.000,0.000,0,0,0,0,0,0,0,0,0,0,0,0,0,0,0,0,0,0
4081,136.0,2799,62,10,1031,1768,0,0,236,323.86,0.983,1.136,0.165,0.035,0.295,-0.721,1.661,0.2800,3.0712,0.640,0.009,0.032,0.076,-0.079,104,70,60,0,13,0,99082.23,11903.059,29028.599,42.127,5389.013,19.515,17604.479,9887.734,290.973,13096.851,10477.481,2083.674,663.805,2121.516,0.000219,-0.014689,1112,0,40,20,60,40,27739,102,20,39.363,0,0,0,0,0,0,0,0,0,0,0,0,0,0,43696,1357,898,40056.516,25395.421,4717.219,2.651,39.363,12363.322,7580.535,807.279,236,97,56,31,10,21509,7021,215,112,6261.074,3571.896,592.841,0.112,0.000,1923.689,1197.394,114.261,28,25,13,9,3,7194,0,0,0,0.000,0.000,0.000,0.000,0.000,0.000,0.000,0.000,0,0,0,0,0,0,0,0,0,0.000,0.000,0.000,0.000,0.000,0.000,0.000,0.000,0,0,0,0,0,0,0,0,0,0.000,0.000,0.000,0.000,0.000,0.000,0.000,0.000,0,0,0,0,0,0,0,0,0,0.000,0.000,0.000,0.000,0.000,0.000,0.000,0.000,0,0,0,0,0,0,0,0,0,0,0,0,0,0,0,0,0,0
4111,137.0,2961,90,10,1070,1891,0,0,270,264.63,0.991,1.144,0.163,0.035,0.290,-0.722,1.665,0.2813,3.0087,0.635,0.006,0.028,0.077,-0.078,109,76,70,0,25,0,104032.38,12885.364,29668.179,52.986,5354.940,17.560,18918.712,10774.458,326.400,14041.850,11233.480,2336.454,350.160,2141.828,0.000159,-0.015533,1088,0,49,21,70,49,30170,106,21,49.565,0,0,0,0,0,0,0,0,0,0,0,0,0,0,47408,1377,862,40428.078,25813.880,4641.681,2.406,46.942,13462.993,8316.432,871.545,242,130,65,43,22,29201,7409,228,120,6631.953,3767.776,637.214,1.015,2.623,2043.075,1255.720,137.433,31,20,11,6,3,3514,0,0,0,0.000,0.000,0.000,0.000,0.000,0.000,0.000,0.000,0,0,0,0,0,0,0,0,0,0.000,0.000,0.000,0.000,0.000,0.000,0.000,0.000,0,0,0,0,0,0,0,0,0,0.000,0.000,0.000,0.000,0.000,0.000,0.000,0.000,0,0,0,0,0,0,0,0,0,0.000,0.000,0.000,0.000,0.000,0.000,0.000,0.000,0,0,0,0,0,0,0,0,0,0,0,0,0,0,0,0,0,0
4141,138.0,3127,70,10,1117,2010,0,0,300,263.12,0.997,1.148,0.162,0.032,0.287,-0.722,1.667,0.2804,3.0864,0.632,0.011,0.030,0.077,-0.079,95,70,67,0,31,0,111171.36,13822.039,32605.185,26.887,5451.978,18.804,19865.902,11232.421,381.297,14103.914,11283.132,2288.487,535.831,2190.403,0.000250,-0.017091,1082,0,54,13,67,54,31066,76,11,18.407,0,0,0,0,0,0,0,0,0,0,0,0,0,0,49757,1525,885,44411.934,28555.516,4823.808,3.592,14.551,14181.580,8644.698,890.946,246,137,63,47,27,30208,7825,241,121,6750.999,3936.815,562.922,0.673,3.857,2165.533,1350.151,146.516,24,14,7,7,0,4244,0,0,0,0.000,0.000,0.000,0.000,0.000,0.000,0.000,0.000,0,0,0,0,0,0,0,0,0,0.000,0.000,0.000,0.000,0.000,0.000,0.000,0.000,0,0,0,0,0,0,0,0,0,0.000,0.000,0.000,0.000,0.000,0.000,0.000,0.000,0,0,0,0,0,0,0,0,0,0.000,0.000,0.000,0.000,0.000,0.000,0.000,0.000,0,0,0,0,0,0,0,0,0,0,0,0,0,0,0,0,0,0
4171,139.0,3337,77,10,1171,2166,0,0,356,274.15,1.005,1.156,0.161,0.032,0.284,-0.723,1.668,0.2851,3.0528,0.611,0.009,0.031,0.077,-0.078,109,76,46,0,35,0,118957.53,15071.250,34805.369,35.928,6617.276,18.315,21475.410,12228.604,434.469,15506.705,12405.364,1785.132,571.468,2529.958,0.000173,-0.017763,1350,0,31,15,46,31,32865,122,15,33.525,0,0,0,0,0,0,0,0,0,0,0,0,0,0,54565,1644,1075,48566.989,30806.124,5747.796,1.717,28.554,15576.898,9498.180,987.105,265,114,61,28,25,21299,7976,241,153,7059.920,3925.329,774.647,0.686,4.971,2218.770,1383.798,144.392,29,24,14,3,7,4964,0,0,0,0.000,0.000,0.000,0.000,0.000,0.000,0.000,0.000,0,0,0,0,0,0,0,0,0,0.000,0.000,0.000,0.000,0.000,0.000,0.000,0.000,0,0,0,0,0,0,0,0,0,0.000,0.000,0.000,0.000,0.000,0.000,0.000,0.000,0,0,0,0,0,0,0,0,0,0.000,0.000,0.000,0.000,0.000,0.000,0.000,0.000,0,0,0,0,0,0,0,0,0,0,0,0,0,0,0,0,0,0
4201,140.0,3521,63,11,1207,2314,0,0,423,266.20,1.014,1.166,0.162,0.033,0.279,-0.723,1.667,0.2867,2.9883,0.626,0.003,0.031,0.077,-0.078,91,85,80,0,54,0,125849.79,16133.017,37343.480,57.190,7872.821,18.568,23087.407,13066.070,529.695,17236.286,13789.029,2849.917,662.591,2998.497,0.000332,-0.015051,1509,0,53,27,80,53,35245,95,27,52.556,0,0,0,0,0,0,0,0,0,0,0,0,0,0,59189,1780,1257,53570.568,33305.598,7030.383,3.283,49.355,16970.934,10188.911,1133.598,301,157,64,49,44,34788,8156,239,157,7054.736,3939.958,766.308,1.351,3.201,2297.964,1365.080,152.070,36,32,21,4,7,7409,0,0,0,0.000,0.000,0.000,0.000,0.000,0.000,0.000,0.000,0,0,0,0,0,0,0,0,0,0.000,0.000,0.000,0.000,0.000,0.000,0.000,0.000,0,0,0,0,0,0,0,0,0,0.000,0.000,0.000,0.000,0.000,0.000,0.000,0.000,0,0,0,0,0,0,0,0,0,0.000,0.000,0.000,0.000,0.000,0.000,0.000,0.000,0,0,0,0,0,0,0,0,0,0,0,0,0,0,0,0,0,0
4231,141.0,3711,87,11,1257,2454,0,0,530,285.54,1.019,1.172,0.161,0.033,0.276,-0.726,1.669,0.2875,3.0210,0.588,0.006,0.031,0.078,-0.078,91,90,86,0,48,0,131946.06,16793.429,38329.221,56.598,7589.047,20.230,24495.718,13909.806,660.398,17516.841,14013.473,2925.378,693.380,2894.920,0.000180,-0.014814,1553,0,58,28,86,58,36919,78,28,52.030,0,0,0,0,0,0,0,0,0,0,0,0,0,0,63302,1831,1320,54567.348,34372.442,6824.408,3.396,45.934,18227.611,10894.625,1212.593,302,162,76,47,39,33967,8262,233,155,6776.863,3817.305,706.721,1.172,6.097,2345.468,1409.195,161.409,30,30,14,11,5,7119,0,0,0,0.000,0.000,0.000,0.000,0.000,0.000,0.000,0.000,0,0,0,0,0,0,0,0,0,0.000,0.000,0.000,0.000,0.000,0.000,0.000,0.000,0,0,0,0,0,0,0,0,0,0.000,0.000,0.000,0.000,0.000,0.000,0.000,0.000,0,0,0,0,0,0,0,0,0,0.000,0.000,0.000,0.000,0.000,0.000,0.000,0.000,0,0,0,0,0,0,0,0,0,0,0,0,0,0,0,0,0,0
4261,142.0,3883,70,11,1321,2562,0,0,675,223.54,1.019,1.170,0.162,0.033,0.277,-0.727,1.665,0.2911,3.0164,0.599,0.006,0.030,0.078,-0.079,103,93,110,0,52,0,137930.92,17954.995,40888.527,38.727,8699.864,16.858,25704.496,14629.267,842.354,17973.732,14378.986,3788.308,917.726,3420.495,0.000208,-0.014480,1825,0,90,20,110,90,38403,153,20,32.320,0,0,0,0,0,0,0,0,0,0,0,0,0,0,66650,1963,1505,58951.430,36798.403,7748.733,5.053,32.320,19237.990,11529.885,1295.006,314,207,90,75,42,36580,8345,244,167,7266.155,4008.737,840.173,1.353,0.000,2368.257,1402.543,156.042,28,27,3,15,9,7928,0,0,0,0.000,0.000,0.000,0.000,0.000,0.000,0.000,0.000,0,0,0,0,0,0,0,0,0,0.000,0.000,0.000,0.000,0.000,0.000,0.000,0.000,0,0,0,0,0,0,0,0,0,0.000,0.000,0.000,0.000,0.000,0.000,0.000,0.000,0,0,0,0,0,0,0,0,0,0.000,0.000,0.000,0.000,0.000,0.000,0.000,0.000,0,0,0,0,0,0,0,0,0,0,0,0,0,0,0,0,0,0
4291,143.0,4080,64,11,1372,2708,0,0,834,303.90,1.023,1.174,0.161,0.034,0.275,-0.728,1.666,0.2926,2.9935,0.582,0.005,0.031,0.078,-0.078,102,84,111,0,79,0,143087.61,19185.902,42012.396,64.256,9737.347,19.462,27058.719,15281.433,1070.136,20062.362,16049.890,4174.878,786.522,3721.713,0.000270,-0.012756,2034,0,80,31,111,80,39055,122,31,59.336,0,0,0,0,0,0,0,0,0,0,0,0,0,0,70588,2050,1753,62802.478,38621.360,8893.764,4.921,59.336,20425.465,12069.335,1405.638,364,213,75,71,67,45842,8395,195,159,6005.067,3231.289,762.089,0.000,0.000,2379.051,1387.590,160.369,24,29,9,9,11,7634,0,0,0,0.000,0.000,0.000,0.000,0.000,0.000,0.000,0.000,0,0,0,0,0,0,0,0,0,0.000,0.000,0.000,0.000,0.000,0.000,0.000,0.000,0,0,0,0,0,0,0,0,0,0.000,0.000,0.000,0.000,0.000,0.000,0.000,0.000,0,0,0,0,0,0,0,0,0,0.000,0.000,0.000,0.000,0.000,0.000,0.000,0.000,0,0,0,0,0,0,0,0,0,0,0,0,0,0,0,0,0,0
4321,144.0,4193,60,11,1414,2778,0,1,1007,270.61,1.025,1.173,0.162,0.034,0.276,-0.729,1.661,0.2958,3.0079,0.581,0.004,0.027,0.078,-0.079,95,76,140,1,88,0,147105.62,19901.802,43297.833,69.424,10420.593,16.433,28156.343,15828.367,1341.213,17831.463,14265.171,5470.064,776.913,4111.852,0.000215,-0.013599,2206,0,109,31,140,109,40137,137,31,62.037,0,0,0,0,0,0,0,0,0,0,0,0,0,0,73838,2084,1874,64326.390,39292.281,9409.420,7.387,62.037,21400.239,12482.453,1478.447,303,231,63,98,70,54140,8328,236,195,7212.996,3898.896,887.283,0.000,0.000,2365.554,1442.210,156.659,36,38,13,11,14,7794,1,0,0,0.000,0.000,0.000,0.000,0.000,0.070,0.007,0.000,0,0,0,0,0,0,0,0,0,0.000,0.000,0.000,0.000,0.000,0.000,0.000,0.000,0,0,0,0,0,0,0,0,0,0.000,0.000,0.000,0.000,0.000,0.000,0.000,0.000,0,0,0,0,0,0,0,0,0,0.000,0.000,0.000,0.000,0.000,0.000,0.000,0.000,0,0,0,0,0,0,0,1,0,0,0,0,0,0,0,0,0,0
4351,145.0,4341,57,10,1440,2899,0,2,1225,317.39,1.032,1.179,0.161,0.034,0.273,-0.729,1.661,0.2963,2.9376,0.600,0.005,0.028,0.078,-0.079,85,64,145,0,100,0,151394.20,20945.675,44252.440,79.489,10356.557,17.694,29266.878,16440.338,1667.955,19691.606,15753.285,4996.189,685.514,3993.823,0.000261,-0.013662,2309,0,103,42,145,103,41217,117,42,73.218,0,0,0,0,0,0,0,0,0,0,0,0,0,0,77034,2149,1981,65782.255,40503.929,9319.823,6.271,73.218,22430.683,13047.702,1542.055,358,239,57,96,86,53680,8335,221,211,6842.993,3618.231,929.095,0.000,0.000,2365.961,1425.352,150.264,25,23,7,7,9,5835,41,0,0,0.000,0.000,0.000,0.000,0.000,2.905,0.448,0.000,0,0,0,0,0,0,0,0,0,0.000,0.000,0.000,0.000,0.000,0.000,0.000,0.000,0,0,0,0,0,0,0,0,0,0.000,0.000,0.000,0.000,0.000,0.000,0.000,0.000,0,0,0,0,0,0,0,0,0,0.000,0.000,0.000,0.000,0.000,0.000,0.000,0.000,0,0,0,0,0,0,0,1,0,0,0,0,0,0,0,0,0,0
4381,146.0,4452,53,10,1475,2976,0,1,1459,290.28,1.035,1.180,0.160,0.034,0.273,-0.731,1.665,0.2995,2.9344,0.597,0.003,0.028,0.079,-0.079,108,68,134,0,121,0,155755.88,21942.148,45391.506,69.198,10444.592,18.972,30196.483,17012.588,2047.602,18745.185,14996.148,5464.628,565.659,4005.178,0.000200,-0.013904,2251,0,101,33,134,101,42351,115,33,62.958,0,0,0,0,0,0,0,0,0,0,0,0,0,0,79389,2198,1931,67164.789,41429.684,9506.202,6.240,62.958,23207.381,13512.524,1589.899,336,247,54,92,101,52463,8499,233,205,7026.102,3842.633,844.859,0.000,0.000,2424.695,1467.909,157.722,26,38,14,8,16,9712,60,0,0,0.000,0.000,0.000,0.000,0.000,4.283,0.642,0.000,0,1,0,1,0,41,0,0,0,0.000,0.000,0.000,0.000,0.000,0.000,0.000,0.000,0,0,0,0,0,0,0,0,0,0.000,0.000,0.000,0.000,0.000,0.000,0.000,0.000,0,0,0,0,0,0,0,0,0,0.000,0.000,0.000,0.000,0.000,0.000,0.000,0.000,0,0,0,0,0,0,0,0,0,0,0,0,0,0,0,0,0,0
4411,147.0,4527,63,10,1508,3018,0,1,1703,263.05,1.036,1.178,0.161,0.035,0.275,-0.731,1.665,0.3022,2.9635,0.582,0.001,0.026,0.079,-0.078,77,53,152,0,168,0,157422.92,22378.365,45667.584,70.044,11731.230,21.583,31056.464,17248.413,2460.442,19265.174,15412.139,6399.797,914.471,4516.327,0.000356,-0.013311,2558,0,122,30,152,122,42724,165,30,61.775,0,0,0,0,0,0,0,0,0,0,0,0,0,0,81781,2222,2168,69309.642,41840.198,10669.578,8.112,61.775,24015.806,13735.190,1678.496,356,306,48,113,145,70108,8281,223,225,6969.323,3692.868,942.016,0.157,0.000,2365.509,1380.181,163.491,19,27,5,9,13,6068,30,0,0,0.000,0.000,0.000,0.000,0.000,2.109,0.337,0.000,0,0,0,0,0,0,0,0,0,0.000,0.000,0.000,0.000,0.000,0.000,0.000,0.000,0,0,0,0,0,0,0,0,0,0.000,0.000,0.000,0.000,0.000,0.000,0.000,0.000,0,0,0,0,0,0,0,0,0,0.000,0.000,0.000,0.000,0.000,0.000,0.000,0.000,0,0,0,0,0,0,0,0,0,0,0,0,0,0,0,0,0,0
4441,148.0,4642,39,10,1530,3111,0,1,1983,310.49,1.042,1.183,0.161,0.035,0.272,-0.733,1.667,0.3023,2.9325,0.587,0.002,0.027,0.079,-0.078,85,63,110,0,141,0,162555.88,22845.592,47767.097,52.893,11934.733,20.748,31777.813,17489.453,2953.869,18749.776,14999.821,4282.708,884.500,4394.337,0.000310,-0.013359,2746,0,81,29,110,81,43390,205,29,47.957,0,0,0,0,0,0,0,0,0,0,0,0,0,0,83663,2355,2311,72775.075,44403.703,10808.672,4.935,47.520,24673.209,14007.163,1677.493,345,247,56,76,115,65553,8157,196,230,6366.225,3264.724,978.065,0.000,0.438,2340.410,1351.010,153.744,23,28,6,5,17,9950,30,0,0,0.000,0.000,0.000,0.000,0.000,2.110,0.337,0.000,0,0,0,0,0,0,0,0,0,0.000,0.000,0.000,0.000,0.000,0.000,0.000,0.000,0,0,0,0,0,0,0,0,0,0.000,0.000,0.000,0.000,0.000,0.000,0.000,0.000,0,0,0,0,0,0,0,0,0,0.000,0.000,0.000,0.000,0.000,0.000,0.000,0.000,0,0,0,0,0,0,0,0,0,0,0,0,0,0,0,0,0,0
4471,149.0,4747,53,10,1542,3203,0,2,2280,290.48,1.050,1.188,0.161,0.035,0.270,-0.733,1.663,0.3016,2.9352,0.590,0.001,0.023,0.079,-0.078,99,40,108,0,187,0,165651.58,23694.780,47899.065,67.106,12946.689,21.077,32878.605,18146.023,3450.716,19424.333,15539.466,4930.783,528.324,4745.933,0.000304,-0.012150,2868,0,73,35,108,73,44607,192,35,61.183,0,0,0,0,0,0,0,0,0,0,0,0,0,0,86748,2316,2423,72863.635,43689.005,11621.275,5.795,59.876,25682.995,14571.803,1748.442,349,258,30,67,161,66907,8301,244,252,7874.199,4050.590,1196.377,0.128,1.307,2402.886,1373.493,154.643,32,31,10,6,15,7203,40,0,1,1.835,0.000,0.700,0.000,0.000,2.905,0.559,0.000,0,0,0,0,0,0,0,0,0,0.000,0.000,0.000,0.000,0.000,0.000,0.000,0.000,0,0,0,0,0,0,0,0,0,0.000,0.000,0.000,0.000,0.000,0.000,0.000,0.000,0,0,0,0,0,0,0,0,0,0.000,0.000,0.000,0.000,0.000,0.000,0.000,0.000,0,0,0,0,0,0,0,1,0,0,0,0,0,0,0,0,0,0
4501,150.0,4832,55,11,1544,3286,0,2,2541,302.32,1.058,1.195,0.160,0.034,0.266,-0.732,1.662,0.2990,2.8956,0.598,0.003,0.023,0.079,-0.078,85,38,122,0,194,0,166630.53,23532.257,47594.309,66.753,11860.660,20.918,33733.184,18679.887,3995.442,19480.665,15584.532,5080.411,435.688,4393.626,0.000322,-0.009552,2837,0,84,38,122,84,45347,189,38,59.865,0,0,0,0,0,0,0,0,0,0,0,0,0,0,88858,2289,2402,70997.762,43224.624,10700.569,6.708,59.865,26417.917,14933.250,1821.701,350,282,34,79,169,76393,8596,254,246,7870.126,4195.515,1041.217,0.180,0.000,2491.398,1444.829,174.892,37,22,3,5,14,7285,60,0,0,0.000,0.000,0.000,0.000,0.000,4.494,1.011,0.000,0,0,0,0,0,0,0,0,0,0.000,0.000,0.000,0.000,0.000,0.000,0.000,0.000,0,0,0,0,0,0,0,0,0,0.000,0.000,0.000,0.000,0.000,0.000,0.000,0.000,0,0,0,0,0,0,0,0,0,0.000,0.000,0.000,0.000,0.000,0.000,0.000,0.000,0,0,0,0,0,0,0,0,0,0,0,0,0,0,0,0,0,0
4531,151.0,4889,44,11,1555,3332,0,2,2839,295.24,1.063,1.197,0.161,0.034,0.265,-0.734,1.664,0.2990,2.9018,0.607,0.002,0.022,0.079,-0.079,75,34,112,0,207,0,168754.55,24288.912,48959.472,62.501,12627.000,18.253,34413.319,18990.448,4517.863,18030.995,14424.796,4659.735,446.776,4552.523,0.000397,-0.006420,3047,0,78,34,112,78,44765,147,34,56.642,0,0,0,0,0,0,0,0,0,0,0,0,0,0,90524,2384,2653,74410.179,44990.970,11567.026,5.859,56.642,26986.725,15182.028,1830.694,329,267,30,67,170,65788,8841,231,246,7185.758,3858.151,943.350,0.000,0.000,2577.097,1496.624,175.464,21,37,3,11,23,12535,60,0,1,3.869,0.000,1.480,0.000,0.000,4.493,1.009,0.000,0,0,0,0,0,0,0,0,0,0.000,0.000,0.000,0.000,0.000,0.000,0.000,0.000,0,0,0,0,0,0,0,0,0,0.000,0.000,0.000,0.000,0.000,0.000,0.000,0.000,0,0,0,0,0,0,0,0,0,0.000,0.000,0.000,0.000,0.000,0.000,0.000,0.000,0,0,0,0,0,0,0,0,0,0,0,0,0,0,0,0,0,0
4561,152.0,4933,51,11,1559,3372,0,2,3087,283.27,1.068,1.200,0.161,0.033,0.264,-0.734,1.665,0.3011,2.8959,0.604,0.004,0.021,0.079,-0.079,83,27,84,0,249,0,166488.55,23823.674,46667.035,50.310,12899.953,19.091,35121.874,19410.374,5041.067,18033.475,14426.781,4619.276,445.538,4562.206,0.000262,-0.005724,3185,0,58,26,84,58,45713,184,26,46.091,0,0,0,0,0,0,0,0,0,0,0,0,0,0,92425,2274,2753,72346.629,43151.107,11858.419,4.219,46.091,27705.332,15599.565,1875.930,334,280,25,54,201,71244,8621,204,248,6419.851,3380.431,902.489,0.000,0.000,2524.603,1455.435,170.202,24,38,2,4,32,11420,60,0,0,0.000,0.000,0.000,0.000,0.000,4.492,1.006,0.000,0,0,0,0,0,0,0,0,0,0.000,0.000,0.000,0.000,0.000,0.000,0.000,0.000,0,0,0,0,0,0,0,0,0,0.000,0.000,0.000,0.000,0.000,0.000,0.000,0.000,0,0,0,0,0,0,0,0,0,0.000,0.000,0.000,0.000,0.000,0.000,0.000,0.000,0,0,0,0,0,0,0,0,0,0,0,0,0,0,0,0,0,0
4591,153.0,4878,46,11,1554,3323,0,1,3252,302.11,1.069,1.197,0.162,0.033,0.266,-0.735,1.667,0.3012,2.8934,0.592,0.001,0.022,0.079,-0.079,83,32,118,0,278,0,163464.17,24104.242,46726.412,59.688,12379.010,21.666,35151.942,19374.790,5423.215,16411.539,13129.232,5770.270,404.828,4507.359,0.000487,-0.000628,3088,0,80,38,118,80,44530,193,38,54.255,0,0,0,0,0,0,0,0,0,0,0,0,0,0,92310,2289,2662,71974.600,43347.977,11372.981,5.433,54.255,27790.027,15633.425,1861.873,297,340,27,73,240,85278,8368,194,233,6149.869,3228.646,883.160,0.000,0.000,2467.596,1418.689,157.086,23,29,5,7,17,7002,52,0,0,0.000,0.000,0.000,0.000,0.000,3.859,0.825,0.000,0,1,0,0,1,122,0,0,0,0.000,0.000,0.000,0.000,0.000,0.000,0.000,0.000,0,0,0,0,0,0,0,0,0,0.000,0.000,0.000,0.000,0.000,0.000,0.000,0.000,0,0,0,0,0,0,0,0,0,0.000,0.000,0.000,0.000,0.000,0.000,0.000,0.000,0,0,0,0,0,0,0,0,0,0,0,0,0,0,0,0,0,0
4621,154.0,4785,52,11,1550,3235,0,0,3206,335.45,1.067,1.191,0.162,0.034,0.269,-0.736,1.668,0.2991,2.9123,0.605,0.000,0.022,0.078,-0.079,89,23,136,0,302,0,159567.36,23788.076,45630.150,64.517,12088.097,23.224,34637.391,19111.638,5576.730,16248.954,12999.164,5923.286,342.420,4538.301,0.000320,0.003224,3227,0,95,41,136,95,44074,378,41,58.811,0,0,0,0,0,0,0,0,0,0,0,0,0,0,90466,2212,2608,69607.377,42003.748,11010.121,5.693,58.811,27340.113,15389.143,1881.552,298,368,19,89,260,95401,8101,208,241,6520.903,3493.751,882.660,0.013,0.000,2406.675,1400.291,140.763,17,36,3,6,27,9520,9,0,0,0.000,0.000,0.000,0.000,0.000,0.634,0.101,0.000,0,1,1,0,0,280,0,0,0,0.000,0.000,0.000,0.000,0.000,0.000,0.000,0.000,0,0,0,0,0,0,0,0,0,0.000,0.000,0.000,0.000,0.000,0.000,0.000,0.000,0,0,0,0,0,0,0,0,0,0.000,0.000,0.000,0.000,0.000,0.000,0.000,0.000,0,0,0,0,0,0,1,0,0,0,0,0,0,0,0,0,0,0
4651,155.0,4758,48,9,1533,3225,0,0,3231,309.83,1.070,1.192,0.161,0.034,0.268,-0.737,1.669,0.2989,2.8605,0.612,0.003,0.019,0.079,-0.080,74,11,121,0,270,0,157373.91,23666.296,45744.555,52.226,12059.229,16.218,34298.682,18640.851,5605.483,17070.167,13656.134,4884.562,496.929,4316.004,0.000334,0.006632,2984,0,92,29,121,92,41997,154,29,47.021,0,0,0,0,0,0,0,0,0,0,0,0,0,0,89167,2228,2606,69954.585,42145.255,11204.864,5.205,47.021,27041.973,15068.376,1780.384,317,323,9,84,230,82737,8084,208,224,6307.182,3492.766,743.586,0.000,0.000,2408.504,1359.029,135.242,25,29,1,8,20,7266,0,0,0,0.000,0.000,0.000,0.000,0.000,0.000,0.000,0.000,0,0,0,0,0,0,0,0,0,0.000,0.000,0.000,0.000,0.000,0.000,0.000,0.000,0,0,0,0,0,0,0,0,0,0.000,0.000,0.000,0.000,0.000,0.000,0.000,0.000,0,0,0,0,0,0,0,0,0,0.000,0.000,0.000,0.000,0.000,0.000,0.000,0.000,0,0,0,0,0,0,0,0,0,0,0,0,0,0,0,0,0,0
4681,156.0,4640,57,9,1509,3131,0,0,3182,361.02,1.069,1.188,0.161,0.034,0.270,-0.738,1.670,0.2998,2.8580,0.612,0.001,0.020,0.078,-0.080,90,30,145,0,292,0,154942.30,23191.029,45329.336,65.118,11566.939,18.537,33825.390,18212.445,5611.713,15536.457,12429.166,5765.082,322.657,4172.504,0.000280,0.008078,2896,0,96,49,145,96,41671,128,49,59.092,0,0,0,0,0,0,0,0,0,0,0,0,0,0,87953,2236,2566,69601.189,42276.111,10738.709,6.026,59.092,26745.926,14776.942,1757.372,292,366,29,91,246,98155,7643,177,202,5524.029,2967.608,737.569,0.000,0.000,2275.671,1262.928,123.669,12,32,1,5,26,9167,0,0,0,0.000,0.000,0.000,0.000,0.000,0.000,0.000,0.000,0,0,0,0,0,0,0,0,0,0.000,0.000,0.000,0.000,0.000,0.000,0.000,0.000,0,0,0,0,0,0,0,0,0,0.000,0.000,0.000,0.000,0.000,0.000,0.000,0.000,0,0,0,0,0,0,0,0,0,0.000,0.000,0.000,0.000,0.000,0.000,0.000,0.000,0,0,0,0,0,0,0,0,0,0,0,0,0,0,0,0,0,0
4711,157.0,4590,48,9,1508,3082,0,0,3077,360.30,1.068,1.184,0.160,0.034,0.273,-0.740,1.668,0.3021,2.8865,0.621,0.000,0.019,0.078,-0.080,77,30,98,0,265,0,152732.73,22649.274,43589.541,57.567,11066.073,18.169,33080.675,17876.985,5473.248,15168.128,12134.503,4792.550,319.523,3929.341,0.000209,0.007367,2676,0,63,35,98,63,40467,107,35,53.334,0,0,0,0,0,0,0,0,0,0,0,0,0,0,86088,2155,2379,67150.636,40887.477,10261.139,4.232,53.334,26244.994,14656.780,1673.610,279,307,23,59,225,89007,6971,153,190,4913.019,2560.485,730.310,0.000,0.000,2080.404,1145.591,113.576,10,31,7,4,20,10140,0,0,0,0.000,0.000,0.000,0.000,0.000,0.000,0.000,0.000,0,0,0,0,0,0,0,0,0,0.000,0.000,0.000,0.000,0.000,0.000,0.000,0.000,0,0,0,0,0,0,0,0,0,0.000,0.000,0.000,0.000,0.000,0.000,0.000,0.000,0,0,0,0,0,0,0,0,0,0.000,0.000,0.000,0.000,0.000,0.000,0.000,0.000,0,0,0,0,0,0,0,0,0,0,0,0,0,0,0,0,0,0
4741,158.0,4498,43,9,1493,3005,0,0,2914,388.46,1.066,1.180,0.159,0.033,0.275,-0.741,1.667,0.3026,2.8565,0.614,0.001,0.021,0.079,-0.081,69,31,128,0,253,0,148588.53,21951.580,41546.160,50.354,11500.721,17.199,32599.663,17527.363,5256.389,14107.197,11285.758,4957.904,408.076,4121.459,0.000222,0.006111,2899,0,90,38,128,90,39830,182,38,44.596,0,0,0,0,0,0,0,0,0,0,0,0,0,0,85078,2036,2553,64980.301,38973.051,10789.208,5.487,44.596,26022.356,14477.082,1669.937,263,313,27,78,208,88463,6213,147,164,4587.507,2474.877,607.972,0.270,0.000,1849.091,997.470,98.259,9,36,4,12,20,14072,0,0,0,0.000,0.000,0.000,0.000,0.000,0.000,0.000,0.000,0,0,0,0,0,0,0,0,0,0.000,0.000,0.000,0.000,0.000,0.000,0.000,0.000,0,0,0,0,0,0,0,0,0,0.000,0.000,0.000,0.000,0.000,0.000,0.000,0.000,0,0,0,0,0,0,0,0,0,0.000,0.000,0.000,0.000,0.000,0.000,0.000,0.000,0,0,0,0,0,0,0,0,0,0,0,0,0,0,0,0,0,0
4771,159.0,4419,39,9,1493,2926,0,0,2857,330.01,1.063,1.172,0.160,0.033,0.280,-0.742,1.667,0.3026,2.8548,0.618,0.003,0.018,0.079,-0.081,69,29,72,0,277,0,145993.33,21135.913,41315.408,24.196,10366.720,19.859,31942.123,17056.169,5090.878,13401.616,10721.293,4423.022,236.276,3641.943,0.000158,0.006409,2711,0,55,17,72,55,39073,251,17,19.660,0,0,0,0,0,0,0,0,0,0,0,0,0,0,83346,2030,2303,63345.756,38754.626,9657.154,3.043,19.544,25538.199,14201.228,1556.131,248,315,25,47,243,82271,5646,145,157,4493.314,2444.710,578.498,1.494,0.116,1695.203,922.312,93.186,14,26,2,8,16,7653,0,0,0,0.000,0.000,0.000,0.000,0.000,0.000,0.000,0.000,0,0,0,0,0,0,0,0,0,0.000,0.000,0.000,0.000,0.000,0.000,0.000,0.000,0,0,0,0,0,0,0,0,0,0.000,0.000,0.000,0.000,0.000,0.000,0.000,0.000,0,0,0,0,0,0,0,0,0,0.000,0.000,0.000,0.000,0.000,0.000,0.000,0.000,0,0,0,0,0,0,0,0,0,0,0,0,0,0,0,0,0,0
4801,160.0,4362,59,10,1512,2850,0,0,2810,314.75,1.057,1.160,0.161,0.034,0.286,-0.742,1.667,0.3024,2.8183,0.622,0.003,0.019,0.079,-0.082,67,33,55,0,285,0,143333.25,21073.511,39655.169,19.245,9606.376,18.902,31391.462,16714.411,5002.532,13994.414,11195.532,3885.719,291.971,3323.025,0.000179,0.006051,2532,0,43,12,55,43,37926,192,12,15.475,0,0,0,0,0,0,0,0,0,0,0,0,0,0,81472,1965,2218,60712.698,37353.019,9048.154,1.932,13.604,25047.729,13961.079,1515.895,254,320,31,39,250,89961,5215,131,122,3929.345,2199.842,439.307,1.839,1.871,1581.214,865.179,84.292,16,26,1,4,21,7839,0,0,0,0.000,0.000,0.000,0.000,0.000,0.000,0.000,0.000,0,0,0,0,0,0,0,0,0,0.000,0.000,0.000,0.000,0.000,0.000,0.000,0.000,0,0,0,0,0,0,0,0,0,0.000,0.000,0.000,0.000,0.000,0.000,0.000,0.000,0,0,0,0,0,0,0,0,0,0.000,0.000,0.000,0.000,0.000,0.000,0.000,0.000,0,0,0,0,0,0,0,0,0,0,0,0,0,0,0,0,0,0
4831,161.0,4325,63,10,1527,2798,0,0,2825,323.54,1.054,1.152,0.161,0.034,0.291,-0.743,1.668,0.3048,2.8629,0.621,0.004,0.020,0.079,-0.083,85,23,51,0,245,0,139238.27,20487.138,36967.898,17.470,10392.035,22.444,30825.132,16124.186,4991.595,12568.231,10054.585,3195.072,343.329,3574.520,0.000266,0.007232,2620,0,42,9,51,42,36333,173,9,13.999,0,0,0,0,0,0,0,0,0,0,0,0,0,0,79562,1853,2317,58941.929,35388.011,9770.198,1.964,10.018,24534.112,13512.879,1462.572,239,281,19,42,220,84950,4799,88,130,2983.678,1480.473,526.810,1.507,3.981,1472.084,777.314,77.342,4,14,4,0,10,3942,0,0,0,0.000,0.000,0.000,0.000,0.000,0.000,0.000,0.000,0,0,0,0,0,0,0,0,0,0.000,0.000,0.000,0.000,0.000,0.000,0.000,0.000,0,0,0,0,0,0,0,0,0,0.000,0.000,0.000,0.000,0.000,0.000,0.000,0.000,0,0,0,0,0,0,0,0,0,0.000,0.000,0.000,0.000,0.000,0.000,0.000,0.000,0,0,0,0,0,0,0,0,0,0,0,0,0,0,0,0,0,0
4861,162.0,4298,46,10,1530,2768,0,0,2826,386.62,1.053,1.148,0.162,0.035,0.293,-0.745,1.666,0.3044,2.8410,0.619,0.003,0.018,0.079,-0.083,76,28,59,1,229,0,134997.56,19917.307,37066.102,31.890,10398.557,20.120,30762.562,15989.509,5020.396,12941.441,10353.153,3210.409,145.458,3539.380,0.000216,0.007701,2781,0,41,18,59,41,34976,150,18,28.370,0,0,0,0,0,0,0,0,0,0,0,0,0,0,79282,1852,2501,59003.364,35353.638,9837.048,1.546,28.370,24535.026,13436.521,1463.019,244,261,26,36,199,78325,4441,96,130,3098.450,1622.561,470.675,1.974,0.000,1373.299,718.674,76.701,7,20,2,5,13,7344,0,0,0,0.000,0.000,0.000,0.000,0.000,0.000,0.000,0.000,0,0,0,0,0,0,0,0,0,0.000,0.000,0.000,0.000,0.000,0.000,0.000,0.000,0,0,0,0,0,0,0,0,0,0.000,0.000,0.000,0.000,0.000,0.000,0.000,0.000,0,0,0,0,0,0,0,0,0,0.000,0.000,0.000,0.000,0.000,0.000,0.000,0.000,0,0,0,0,0,0,0,0,0,0,0,0,0,0,0,0,0,0
4891,163.0,4207,47,10,1510,2697,0,0,2747,355.92,1.052,1.144,0.163,0.035,0.295,-0.746,1.668,0.3057,2.8291,0.621,0.003,0.018,0.079,-0.083,82,30,51,1,264,0,127796.82,19155.203,34040.807,43.077,9547.606,20.142,30282.499,15860.227,4941.793,11595.552,9276.442,3529.402,309.355,3197.449,0.000356,0.009120,2598,0,29,22,51,29,34355,128,22,40.956,0,0,0,0,0,0,0,0,0,0,0,0,0,0,77885,1684,2352,53690.678,32217.777,9028.700,1.834,40.956,24170.956,13380.008,1403.187,221,282,28,26,228,84437,4169,101,118,3183.873,1701.600,445.286,0.287,0.000,1286.589,714.607,68.701,9,19,1,3,15,6573,0,0,0,0.000,0.000,0.000,0.000,0.000,0.000,0.000,0.000,0,0,0,0,0,0,0,0,0,0.000,0.000,0.000,0.000,0.000,0.000,0.000,0.000,0,0,0,0,0,0,0,0,0,0.000,0.000,0.000,0.000,0.000,0.000,0.000,0.000,0,0,0,0,0,0,0,0,0,0.000,0.000,0.000,0.000,0.000,0.000,0.000,0.000,0,0,0,0,0,0,0,0,0,0,0,0,0,0,0,0,0,0
4921,164.0,4037,44,10,1488,2549,0,0,2665,388.04,1.045,1.131,0.164,0.036,0.302,-0.748,1.669,0.3039,2.8361,0.626,0.001,0.018,0.080,-0.085,79,43,61,0,270,0,121911.59,18397.143,32709.075,24.751,8722.574,19.268,29253.814,15161.303,4792.007,9191.418,7353.135,2783.035,224.274,2963.477,0.000235,0.008575,2502,0,41,20,61,41,32789,149,20,23.053,0,0,0,0,0,0,0,0,0,0,0,0,0,0,74772,1651,2239,51793.523,31602.471,8197.311,1.698,23.053,23272.074,12795.927,1375.556,179,307,40,39,228,90559,3818,60,114,2144.913,1015.651,434.200,0.000,0.000,1184.780,636.848,62.521,3,23,3,2,18,7726,0,0,0,0.000,0.000,0.000,0.000,0.000,0.000,0.000,0.000,0,0,0,0,0,0,0,0,0,0.000,0.000,0.000,0.000,0.000,0.000,0.000,0.000,0,0,0,0,0,0,0,0,0,0.000,0.000,0.000,0.000,0.000,0.000,0.000,0.000,0,0,0,0,0,0,0,0,0,0.000,0.000,0.000,0.000,0.000,0.000,0.000,0.000,0,0,0,0,0,0,0,0,0,0,0,0,0,0,0,0,0,0
4951,165.0,3859,45,10,1461,2398,0,0,2580,399.69,1.037,1.116,0.166,0.036,0.309,-0.749,1.669,0.3050,2.8159,0.632,0.002,0.017,0.080,-0.086,81,20,92,0,253,0,114755.66,17419.167,31020.720,44.982,8047.214,22.651,27869.246,14299.661,4647.956,8394.634,6715.707,4198.327,107.214,2839.480,0.000211,0.009478,2317,0,65,27,92,65,31097,126,27,41.665,0,0,0,0,0,0,0,0,0,0,0,0,0,0,70794,1556,2100,48726.712,29753.918,7667.778,3.317,41.665,22107.552,12105.643,1311.738,156,297,17,64,216,87250,3339,68,91,2156.960,1148.633,309.468,0.000,0.000,1038.227,550.933,49.472,7,17,3,1,13,7811,0,0,0,0.000,0.000,0.000,0.000,0.000,0.000,0.000,0.000,0,0,0,0,0,0,0,0,0,0.000,0.000,0.000,0.000,0.000,0.000,0.000,0.000,0,0,0,0,0,0,0,0,0,0.000,0.000,0.000,0.000,0.000,0.000,0.000,0.000,0,0,0,0,0,0,0,0,0,0.000,0.000,0.000,0.000,0.000,0.000,0.000,0.000,0,0,0,0,0,0,0,0,0,0,0,0,0,0,0,0,0,0
4981,166.0,3688,44,10,1444,2244,0,0,2458,373.34,1.026,1.101,0.167,0.036,0.318,-0.750,1.669,0.3038,2.8027,0.632,0.002,0.015,0.079,-0.087,81,43,56,0,249,0,109247.81,16663.399,29205.610,31.876,7569.746,19.092,26476.476,13283.855,4473.907,7917.369,6333.895,2818.353,178.054,2594.614,0.000246,0.010990,2177,0,36,20,56,36,29594,144,20,29.511,0,0,0,0,0,0,0,0,0,0,0,0,0,0,66768,1445,1952,45450.025,27784.893,7200.338,2.366,29.511,20905.667,11299.833,1198.137,151,292,39,33,220,88127,2905,78,81,2384.159,1315.648,293.898,0.000,0.000,888.786,467.408,42.038,4,17,3,3,11,7437,0,0,0,0.000,0.000,0.000,0.000,0.000,0.000,0.000,0.000,0,0,0,0,0,0,0,0,0,0.000,0.000,0.000,0.000,0.000,0.000,0.000,0.000,0,0,0,0,0,0,0,0,0,0.000,0.000,0.000,0.000,0.000,0.000,0.000,0.000,0,0,0,0,0,0,0,0,0,0.000,0.000,0.000,0.000,0.000,0.000,0.000,0.000,0,0,0,0,0,0,0,0,0,0,0,0,0,0,0,0,0,0
5011,167.0,3512,47,10,1414,2098,0,0,2276,404.98,1.018,1.085,0.167,0.036,0.326,-0.750,1.672,0.3038,2.8302,0.638,0.002,0.014,0.080,-0.088,85,34,33,0,267,0,102960.46,15539.850,25943.397,23.071,6933.707,21.322,24959.555,12288.217,4200.570,7231.267,5785.014,2444.636,141.922,2312.513,0.000198,0.010912,2097,0,18,15,33,18,28372,292,15,21.831,0,0,0,0,0,0,0,0,0,0,0,0,0,0,62340,1301,1741,41028.285,24992.442,6609.775,1.241,21.831,19556.040,10497.952,1075.649,138,270,32,16,222,86892,2566,51,64,1576.296,865.882,204.107,0.000,0.000,777.546,408.650,33.867,5,19,1,2,16,8244,0,0,0,0.000,0.000,0.000,0.000,0.000,0.000,0.000,0.000,0,0,0,0,0,0,0,0,0,0.000,0.000,0.000,0.000,0.000,0.000,0.000,0.000,0,0,0,0,0,0,0,0,0,0.000,0.000,0.000,0.000,0.000,0.000,0.000,0.000,0,0,0,0,0,0,0,0,0,0.000,0.000,0.000,0.000,0.000,0.000,0.000,0.000,0,0,0,0,0,0,0,0,0,0,0,0,0,0,0,0,0,0
5041,168.0,3336,37,10,1382,1954,0,0,2098,394.58,1.008,1.072,0.168,0.036,0.334,-0.751,1.672,0.3042,2.8141,0.645,0.001,0.016,0.079,-0.089,90,26,62,0,232,0,95961.45,14580.415,23707.301,40.648,6347.828,23.940,23626.373,11475.553,3891.595,6596.586,5277.269,2726.580,159.515,2128.449,0.000274,0.013146,1957,0,35,27,62,35,26928,275,27,37.785,0,0,0,0,0,0,0,0,0,0,0,0,0,0,58464,1179,1632,37266.199,22599.629,6110.006,2.863,37.785,18388.403,9815.743,1024.753,128,270,25,34,211,88057,2262,62,50,1794.128,1046.710,163.967,0.000,0.000,686.592,341.932,29.288,5,7,0,1,6,2898,0,0,0,0.000,0.000,0.000,0.000,0.000,0.000,0.000,0.000,0,0,0,0,0,0,0,0,0,0.000,0.000,0.000,0.000,0.000,0.000,0.000,0.000,0,0,0,0,0,0,0,0,0,0.000,0.000,0.000,0.000,0.000,0.000,0.000,0.000,0,0,0,0,0,0,0,0,0,0.000,0.000,0.000,0.000,0.000,0.000,0.000,0.000,0,0,0,0,0,0,0,0,0,0,0,0,0,0,0,0,0,0
5071,169.0,3160,47,10,1347,1813,0,0,1915,426.20,0.998,1.057,0.170,0.037,0.342,-0.752,1.672,0.3030,2.8179,0.635,0.002,0.017,0.079,-0.091,100,38,39,0,218,0,89901.94,13731.425,21598.005,22.612,5799.969,24.629,22253.502,10636.210,3606.133,5391.215,4312.972,1788.509,150.652,1898.304,0.000163,0.014180,1746,0,22,17,39,22,25462,207,17,20.674,0,0,0,0,0,0,0,0,0,0,0,0,0,0,54289,1082,1481,34159.768,20855.764,5513.123,1.938,20.674,17114.734,9104.265,906.848,101,239,35,22,182,79412,2164,40,58,1313.812,679.587,211.661,0.000,0.000,659.308,339.806,26.981,6,9,1,0,8,4195,0,0,0,0.000,0.000,0.000,0.000,0.000,0.000,0.000,0.000,0,0,0,0,0,0,0,0,0,0.000,0.000,0.000,0.000,0.000,0.000,0.000,0.000,0,0,0,0,0,0,0,0,0,0.000,0.000,0.000,0.000,0.000,0.000,0.000,0.000,0,0,0,0,0,0,0,0,0,0.000,0.000,0.000,0.000,0.000,0.000,0.000,0.000,0,0,0,0,0,0,0,0,0,0,0,0,0,0,0,0,0,0
5101,170.0,3002,51,9,1329,1673,0,0,1756,447.44,0.984,1.036,0.172,0.036,0.354,-0.753,1.671,0.3026,2.8434,0.657,0.002,0.020,0.078,-0.093,89,39,33,0,192,0,84570.90,13098.665,20839.495,13.158,5091.569,28.847,20943.395,9786.381,3286.508,4782.761,3826.209,2424.954,228.828,1655.741,0.000258,0.016011,1564,0,25,8,33,25,23187,120,8,11.308,0,0,0,0,0,0,0,0,0,0,0,0,0,0,50415,1050,1394,32553.838,20232.105,4881.711,1.850,11.308,15940.197,8373.458,816.295,92,221,35,25,161,78127,1974,32,50,1048.309,542.881,166.951,0.000,0.000,605.659,318.959,25.954,1,12,4,0,8,5535,0,0,0,0.000,0.000,0.000,0.000,0.000,0.000,0.000,0.000,0,0,0,0,0,0,0,0,0,0.000,0.000,0.000,0.000,0.000,0.000,0.000,0.000,0,0,0,0,0,0,0,0,0,0.000,0.000,0.000,0.000,0.000,0.000,0.000,0.000,0,0,0,0,0,0,0,0,0,0.000,0.000,0.000,0.000,0.000,0.000,0.000,0.000,0,0,0,0,0,0,0,0,0,0,0,0,0,0,0,0,0,0
5131,171.0,2855,47,9,1313,1542,0,0,1574,454.36,0.969,1.015,0.173,0.036,0.366,-0.755,1.673,0.3043,2.8637,0.670,0.003,0.021,0.078,-0.095,85,46,40,1,168,0,79802.80,12336.660,19169.897,11.699,4910.328,30.381,19650.292,9034.852,2990.182,4786.828,3829.462,1784.138,220.177,1649.354,0.000192,0.016920,1505,0,31,9,40,31,21623,148,9,9.943,0,0,0,0,0,0,0,0,0,0,0,0,0,0,46603,965,1296,30150.470,18609.629,4660.234,1.756,9.943,14779.727,7777.931,705.836,89,214,43,29,142,71143,1679,31,61,1078.062,525.942,205.642,0.000,0.000,521.291,284.464,19.415,3,9,2,2,5,3951,0,0,0,0.000,0.000,0.000,0.000,0.000,0.000,0.000,0.000,0,0,0,0,0,0,0,0,0,0.000,0.000,0.000,0.000,0.000,0.000,0.000,0.000,0,0,0,0,0,0,0,0,0,0.000,0.000,0.000,0.000,0.000,0.000,0.000,0.000,0,0,0,0,0,0,0,0,0,0.000,0.000,0.000,0.000,0.000,0.000,0.000,0.000,0,0,0,0,0,0,0,0,0,0,0,0,0,0,0,0,0,0
5161,172.0,2747,48,9,1297,1450,0,0,1444,458.68,0.959,1.000,0.174,0.036,0.375,-0.755,1.672,0.3047,2.8198,0.669,0.004,0.021,0.078,-0.097,94,55,12,1,135,0,75368.10,11762.930,17342.773,4.135,4975.894,29.694,18706.831,8590.805,2725.919,4326.186,3460.949,866.227,195.336,1594.176,0.000177,0.017564,1522,0,9,3,12,9,19913,159,3,3.725,0,0,0,0,0,0,0,0,0,0,0,0,0,0,43644,865,1306,27723.675,16656.159,4736.409,0.411,3.725,13899.775,7410.674,644.484,84,172,52,9,111,64695,1545,39,57,1255.456,658.592,189.726,0.000,0.000,484.029,272.590,18.096,2,6,1,0,5,1973,0,0,0,0.000,0.000,0.000,0.000,0.000,0.000,0.000,0.000,0,0,0,0,0,0,0,0,0,0.000,0.000,0.000,0.000,0.000,0.000,0.000,0.000,0,0,0,0,0,0,0,0,0,0.000,0.000,0.000,0.000,0.000,0.000,0.000,0.000,0,0,0,0,0,0,0,0,0,0.000,0.000,0.000,0.000,0.000,0.000,0.000,0.000,0,0,0,0,0,0,0,0,0,0,0,0,0,0,0,0,0,0
5191,173.0,2640,38,9,1273,1367,0,0,1376,500.36,0.949,0.987,0.175,0.037,0.382,-0.755,1.673,0.3055,2.8322,0.664,0.002,0.023,0.077,-0.097,96,39,13,1,143,0,70302.73,11016.048,15917.817,5.332,4168.120,31.939,17778.924,8094.274,2551.297,3889.452,3111.562,1324.027,103.717,1374.446,0.000171,0.018600,1380,0,9,4,13,9,18982,196,4,4.584,0,0,0,0,0,0,0,0,0,0,0,0,0,0,40938,803,1148,25154.589,15491.433,3969.364,0.748,4.584,13063.157,6992.289,591.631,72,148,35,8,105,55730,1388,23,36,744.991,389.574,113.909,0.000,0.000,433.808,248.805,19.116,2,9,3,1,5,5354,0,0,0,0.000,0.000,0.000,0.000,0.000,0.000,0.000,0.000,0,0,0,0,0,0,0,0,0,0.000,0.000,0.000,0.000,0.000,0.000,0.000,0.000,0,0,0,0,0,0,0,0,0,0.000,0.000,0.000,0.000,0.000,0.000,0.000,0.000,0,0,0,0,0,0,0,0,0,0.000,0.000,0.000,0.000,0.000,0.000,0.000,0.000,0,0,0,0,0,0,0,0,0,0,0,0,0,0,0,0,0,0
5221,174.0,2498,46,9,1236,1262,0,0,1239,519.29,0.938,0.970,0.177,0.036,0.391,-0.757,1.674,0.3052,2.8088,0.676,0.002,0.023,0.077,-0.098,96,43,17,0,157,0,65222.29,10555.817,14207.607,16.987,3898.428,32.486,16869.675,7599.160,2381.293,3439.119,2751.295,1053.999,52.667,1216.228,0.000189,0.019385,1210,0,4,13,17,4,17916,145,13,16.678,0,0,0,0,0,0,0,0,0,0,0,0,0,0,38466,712,1036,22601.503,13790.246,3757.722,0.310,16.678,12300.957,6593.299,543.404,66,166,39,4,123,58674,1210,22,29,710.044,374.223,108.599,0.000,0.000,378.925,212.977,16.521,2,7,0,0,7,2313,0,0,0,0.000,0.000,0.000,0.000,0.000,0.000,0.000,0.000,0,0,0,0,0,0,0,0,0,0.000,0.000,0.000,0.000,0.000,0.000,0.000,0.000,0,0,0,0,0,0,0,0,0,0.000,0.000,0.000,0.000,0.000,0.000,0.000,0.000,0,0,0,0,0,0,0,0,0,0.000,0.000,0.000,0.000,0.000,0.000,0.000,0.000,0,0,0,0,0,0,0,0,0,0,0,0,0,0,0,0,0,0
5251,175.0,2352,38,10,1210,1142,0,0,1122,523.42,0.921,0.946,0.179,0.036,0.404,-0.757,1.675,0.3054,2.8261,0.684,0.001,0.025,0.077,-0.100,101,45,27,0,131,0,60274.05,9797.499,12785.869,10.986,3314.418,35.481,15622.912,6832.115,2122.337,2572.126,2057.701,1167.745,206.603,1076.458,0.000192,0.020097,1072,0,14,13,27,14,16738,153,13,10.364,0,0,0,0,0,0,0,0,0,0,0,0,0,0,34850,645,891,20143.028,12432.578,3181.189,0.621,10.364,11174.159,5923.823,475.651,50,165,40,14,111,64541,1097,18,28,593.623,300.180,97.352,0.000,0.000,342.392,190.423,13.907,1,6,2,0,4,2752,0,0,0,0.000,0.000,0.000,0.000,0.000,0.000,0.000,0.000,0,0,0,0,0,0,0,0,0,0.000,0.000,0.000,0.000,0.000,0.000,0.000,0.000,0,0,0,0,0,0,0,0,0,0.000,0.000,0.000,0.000,0.000,0.000,0.000,0.000,0,0,0,0,0,0,0,0,0,0.000,0.000,0.000,0.000,0.000,0.000,0.000,0.000,0,0,0,0,0,0,0,0,0,0,0,0,0,0,0,0,0,0
5281,176.0,2214,40,10,1185,1029,0,0,1018,550.21,0.903,0.922,0.182,0.037,0.419,-0.759,1.675,0.3059,2.8481,0.686,0.001,0.020,0.077,-0.102,87,53,10,0,134,0,56674.12,9384.240,12232.466,7.421,3170.771,32.819,14540.647,6239.926,1956.048,2651.471,2121.177,837.397,121.259,998.489,0.000123,0.020606,979,0,7,3,10,7,15156,135,3,7.277,0,0,0,0,0,0,0,0,0,0,0,0,0,0,31640,614,825,19269.997,11935.701,3074.516,0.144,7.277,10184.955,5433.838,399.565,53,165,48,6,111,66802,1001,15,19,454.749,254.314,53.617,0.000,0.000,314.192,171.970,11.540,0,1,0,1,0,122,0,0,0,0.000,0.000,0.000,0.000,0.000,0.000,0.000,0.000,0,0,0,0,0,0,0,0,0,0.000,0.000,0.000,0.000,0.000,0.000,0.000,0.000,0,0,0,0,0,0,0,0,0,0.000,0.000,0.000,0.000,0.000,0.000,0.000,0.000,0,0,0,0,0,0,0,0,0,0.000,0.000,0.000,0.000,0.000,0.000,0.000,0.000,0,0,0,0,0,0,0,0,0,0,0,0,0,0,0,0,0,0
5311,177.0,2096,46,10,1176,920,0,0,920,545.95,0.878,0.890,0.185,0.036,0.437,-0.762,1.678,0.3062,2.8013,0.700,0.003,0.020,0.077,-0.105,115,56,7,0,107,0,54308.36,9061.600,10916.030,1.705,2656.447,33.783,13432.428,5492.301,1728.609,2268.810,1815.048,380.622,50.668,806.708,0.000124,0.020741,839,0,4,3,7,4,13755,125,3,1.626,0,0,0,0,0,0,0,0,0,0,0,0,0,0,28362,543,693,16867.278,10554.601,2569.842,0.079,1.626,9141.514,4778.424,340.889,43,144,51,4,89,59113,869,19,21,538.986,321.127,43.832,0.000,0.000,276.532,144.696,10.111,0,8,3,0,5,3229,0,0,0,0.000,0.000,0.000,0.000,0.000,0.000,0.000,0.000,0,0,0,0,0,0,0,0,0,0.000,0.000,0.000,0.000,0.000,0.000,0.000,0.000,0,0,0,0,0,0,0,0,0,0.000,0.000,0.000,0.000,0.000,0.000,0.000,0.000,0,0,0,0,0,0,0,0,0,0.000,0.000,0.000,0.000,0.000,0.000,0.000,0.000,0,0,0,0,0,0,0,0,0,0,0,0,0,0,0,0,0,0
5341,178.0,2036,46,10,1161,875,0,0,849,589.96,0.868,0.880,0.186,0.036,0.444,-0.762,1.679,0.3067,2.8189,0.678,0.002,0.023,0.077,-0.106,111,35,1,1,83,0,52410.43,8846.364,10282.747,1.999,2705.021,35.761,12600.086,5110.108,1555.753,2647.848,2118.279,361.524,49.346,822.655,0.000149,0.020656,772,0,0,1,1,0,12726,94,1,1.999,0,0,0,0,0,0,0,0,0,0,0,0,0,0,26057,507,658,16030.967,9870.645,2609.658,0.000,1.999,8391.254,4458.567,314.164,48,91,30,0,61,39349,774,22,20,639.450,370.816,60.390,0.000,0.000,247.227,115.240,7.335,3,5,3,0,2,1819,0,0,0,0.000,0.000,0.000,0.000,0.000,0.000,0.000,0.000,0,0,0,0,0,0,0,0,0,0.000,0.000,0.000,0.000,0.000,0.000,0.000,0.000,0,0,0,0,0,0,0,0,0,0.000,0.000,0.000,0.000,0.000,0.000,0.000,0.000,0,0,0,0,0,0,0,0,0,0.000,0.000,0.000,0.000,0.000,0.000,0.000,0.000,0,0,0,0,0,0,0,0,0,0,0,0,0,0,0,0,0,0
5371,179.0,1967,29,10,1137,830,0,0,749,571.64,0.860,0.868,0.187,0.036,0.449,-0.764,1.683,0.3060,2.8286,0.687,0.003,0.024,0.077,-0.107,106,27,13,0,85,0,50915.43,8449.684,10368.751,11.019,2443.100,39.820,12145.127,4823.082,1421.395,2514.053,2011.242,599.330,50.524,782.179,0.000148,0.022110,698,0,3,10,13,3,12668,72,10,10.834,0,0,0,0,0,0,0,0,0,0,0,0,0,0,24746,520,604,15968.390,10140.972,2312.244,0.185,10.834,7961.523,4187.170,306.531,50,95,27,3,65,43564,750,11,22,390.770,184.687,77.601,0.000,0.000,240.667,109.104,7.398,0,0,0,0,0,0,0,0,0,0.000,0.000,0.000,0.000,0.000,0.000,0.000,0.000,0,0,0,0,0,0,0,0,0,0.000,0.000,0.000,0.000,0.000,0.000,0.000,0.000,0,0,0,0,0,0,0,0,0,0.000,0.000,0.000,0.000,0.000,0.000,0.000,0.000,0,0,0,0,0,0,0,0,0,0.000,0.000,0.000,0.000,0.000,0.000,0.000,0.000,0,0,0,0,0,0,0,0,0,0,0,0,0,0,0,0,0,0
5401,180.0,1896,48,10,1127,769,0,0,622,564.40,0.844,0.849,0.190,0.036,0.460,-0.763,1.684,0.3051,2.8332,0.688,0.003,0.023,0.077,-0.108,112,53,15,0,70,0,49869.01,8324.075,9892.473,8.812,2235.868,41.640,11586.036,4541.869,1191.331,2941.586,2353.269,587.278,42.057,734.898,0.000172,0.023597,623,0,7,8,15,7,11759,63,8,8.331,0,0,0,0,0,0,0,0,0,0,0,0,0,0,23252,496,537,15122.853,9678.705,2127.639,0.481,8.331,7471.046,3938.990,283.219,55,113,50,7,56,44685,701,11,23,383.272,187.300,72.582,0.000,0.000,224.626,108.988,5.042,0,3,2,0,1,1615,0,0,0,0.000,0.000,0.000,0.000,0.000,0.000,0.000,0.000,0,0,0,0,0,0,0,0,0,0.000,0.000,0.000,0.000,0.000,0.000,0.000,0.000,0,0,0,0,0,0,0,0,0,0.000,0.000,0.000,0.000,0.000,0.000,0.000,0.000,0,0,0,0,0,0,0,0,0,0.000,0.000,0.000,0.000,0.000,0.000,0.000,0.000,0,0,0,0,0,0,0,0,0,0,0,0,0,0,0,0,0,0
5431,181.0,1858,66,10,1111,747,0,0,553,615.59,0.839,0.846,0.190,0.035,0.462,-0.764,1.686,0.3043,2.8447,0.690,0.005,0.019,0.076,-0.109,114,28,7,2,65,0,49954.51,8266.672,9846.812,4.785,2180.280,46.419,11107.761,4310.057,1015.687,2748.964,2199.171,328.585,37.396,683.496,0.000175,0.026140,599,0,3,4,7,3,11296,114,4,4.684,0,0,0,0,0,0,0,0,0,0,0,0,0,0,21843,488,470,14785.332,9485.045,2056.556,0.101,4.684,7032.273,3748.989,250.072,52,72,25,3,44,32275,648,19,15,577.360,322.715,69.278,0.000,0.000,208.741,103.018,5.936,0,2,0,0,2,506,0,0,0,0.000,0.000,0.000,0.000,0.000,0.000,0.000,0.000,0,0,0,0,0,0,0,0,0,0.000,0.000,0.000,0.000,0.000,0.000,0.000,0.000,0,0,0,0,0,0,0,0,0,0.000,0.000,0.000,0.000,0.000,0.000,0.000,0.000,0,0,0,0,0,0,0,0,0,0.000,0.000,0.000,0.000,0.000,0.000,0.000,0.000,0,0,0,0,0,0,0,0,0,0,0,0,0,0,0,0,0,0
5461,182.0,1833,67,10,1101,732,0,0,521,717.21,0.836,0.845,0.191,0.035,0.464,-0.764,1.685,0.3079,2.9058,0.697,0.003,0.016,0.077,-0.109,98,39,8,1,37,0,50531.38,8332.700,10121.502,12.230,2330.025,40.880,10987.705,4324.996,912.227,2625.932,2100.746,398.192,55.102,686.154,0.000188,0.028536,540,0,0,8,8,0,11116,41,8,12.230,0,0,0,0,0,0,0,0,0,0,0,0,0,0,21598,503,478,15430.258,9811.607,2232.000,0.000,12.230,6948.247,3760.801,254.717,47,62,36,0,26,25865,640,16,21,493.431,271.823,64.353,0.000,0.000,207.744,101.494,6.783,2,2,2,0,0,1909,0,0,0,0.000,0.000,0.000,0.000,0.000,0.000,0.000,0.000,0,0,0,0,0,0,0,0,0,0.000,0.000,0.000,0.000,0.000,0.000,0.000,0.000,0,0,0,0,0,0,0,0,0,0.000,0.000,0.000,0.000,0.000,0.000,0.000,0.000,0,0,0,0,0,0,0,0,0,0.000,0.000,0.000,0.000,0.000,0.000,0.000,0.000,0,0,0,0,0,0,0,0,0,0,0,0,0,0,0,0,0,0
5491,183.0,1833,66,10,1095,738,0,0,501,721.47,0.836,0.853,0.190,0.034,0.463,-0.765,1.684,0.3077,2.8896,0.699,0.004,0.020,0.076,-0.108,110,31,4,0,40,0,52304.00,8401.610,11172.834,9.968,2279.470,43.421,10898.475,4289.249,871.308,3274.632,2619.706,273.260,86.215,738.356,0.000176,0.030054,637,0,0,4,4,0,10741,125,4,9.968,0,0,0,0,0,0,0,0,0,0,0,0,0,0,21404,558,495,16648.788,10904.793,2140.186,0.000,9.968,6884.594,3750.754,233.432,64,56,27,0,29,26758,586,13,17,406.013,220.341,55.589,0.000,0.000,189.313,96.720,7.698,1,3,1,0,2,834,0,0,0,0.000,0.000,0.000,0.000,0.000,0.000,0.000,0.000,0,0,0,0,0,0,0,0,0,0.000,0.000,0.000,0.000,0.000,0.000,0.000,0.000,0,0,0,0,0,0,0,0,0,0.000,0.000,0.000,0.000,0.000,0.000,0.000,0.000,0,0,0,0,0,0,0,0,0,0.000,0.000,0.000,0.000,0.000,0.000,0.000,0.000,0,0,0,0,0,0,0,0,0,0,0,0,0,0,0,0,0,0
5521,184.0,1841,54,10,1098,743,0,0,479,605.22,0.835,0.858,0.188,0.035,0.463,-0.768,1.685,0.3088,2.9494,0.697,0.006,0.019,0.076,-0.107,119,33,19,1,37,0,53713.24,8669.443,11600.025,13.133,2692.732,42.098,10968.289,4334.351,825.420,4209.526,3367.621,955.656,66.811,880.931,0.000175,0.031330,638,0,13,6,19,13,11084,77,6,12.037,0,0,0,0,0,0,0,0,0,0,0,0,0,0,21661,576,551,17709.120,11314.646,2589.213,1.096,12.037,6958.621,3785.700,247.943,79,74,29,13,32,27642,569,14,10,410.370,238.042,39.853,0.000,0.000,181.673,92.098,7.989,2,2,2,0,0,1361,0,0,0,0.000,0.000,0.000,0.000,0.000,0.000,0.000,0.000,0,0,0,0,0,0,0,0,0,0.000,0.000,0.000,0.000,0.000,0.000,0.000,0.000,0,0,0,0,0,0,0,0,0,0.000,0.000,0.000,0.000,0.000,0.000,0.000,0.000,0,0,0,0,0,0,0,0,0,0.000,0.000,0.000,0.000,0.000,0.000,0.000,0.000,0,0,0,0,0,0,0,0,0,0,0,0,0,0,0,0,0,0
5551,185.0,1852,56,9,1098,754,0,0,441,594.46,0.837,0.863,0.187,0.035,0.461,-0.768,1.687,0.3106,2.9503,0.699,0.004,0.020,0.076,-0.107,111,30,30,2,33,0,55631.02,8898.059,12329.399,23.294,2520.367,45.430,10979.072,4455.778,765.788,4651.721,3721.377,1339.755,25.862,836.377,0.000095,0.032274,580,0,20,10,30,20,11035,62,10,22.316,0,0,0,0,0,0,0,0,0,0,0,0,0,0,21621,608,504,18278.172,11927.753,2415.428,0.978,22.316,6924.210,3847.638,287.622,86,77,29,20,28,27863,656,22,14,631.429,371.225,55.223,0.000,0.000,204.478,107.884,9.974,3,1,0,0,1,612,0,0,0,0.000,0.000,0.000,0.000,0.000,0.000,0.000,0.000,0,0,0,0,0,0,0,0,0,0.000,0.000,0.000,0.000,0.000,0.000,0.000,0.000,0,0,0,0,0,0,0,0,0,0.000,0.000,0.000,0.000,0.000,0.000,0.000,0.000,0,0,0,0,0,0,0,0,0,0.000,0.000,0.000,0.000,0.000,0.000,0.000,0.000,0,0,0,0,0,0,0,0,0,0,0,0,0,0,0,0,0,0
5581,186.0,1911,71,9,1111,800,0,0,438,570.47,0.846,0.877,0.186,0.036,0.453,-0.769,1.686,0.3113,2.9207,0.700,0.004,0.020,0.076,-0.106,105,20,31,0,23,0,58334.28,9347.968,13116.422,20.102,2515.451,46.680,11368.709,4586.085,738.473,5712.778,4570.222,1070.574,67.264,807.573,0.000206,0.033980,535,0,20,11,31,20,11493,23,11,19.181,0,0,0,0,0,0,0,0,0,0,0,0,0,0,22670,643,503,19199.330,12704.297,2443.608,0.921,19.181,7247.018,3936.641,298.126,104,57,19,20,18,18891,791,22,9,619.996,370.061,47.718,0.000,0.000,246.129,139.587,10.683,1,2,1,0,1,866,0,0,0,0.000,0.000,0.000,0.000,0.000,0.000,0.000,0.000,0,0,0,0,0,0,0,0,0,0.000,0.000,0.000,0.000,0.000,0.000,0.000,0.000,0,0,0,0,0,0,0,0,0,0.000,0.000,0.000,0.000,0.000,0.000,0.000,0.000,0,0,0,0,0,0,0,0,0,0.000,0.000,0.000,0.000,0.000,0.000,0.000,0.000,0,0,0,0,0,0,0,0,0,0,0,0,0,0,0,0,0,0
5611,187.0,1962,74,9,1118,844,0,0,452,548.01,0.855,0.895,0.183,0.036,0.446,-0.771,1.686,0.3126,2.8665,0.668,0.004,0.020,0.076,-0.106,111,28,27,1,25,0,61742.59,9590.947,14220.604,28.954,2733.218,39.786,11839.966,4854.814,737.887,5657.263,4525.810,918.377,78.524,871.175,0.000201,0.034568,611,0,12,15,27,12,12039,85,15,28.246,0,0,0,0,0,0,0,0,0,0,0,0,0,0,23986,694,509,20660.530,13727.232,2608.231,0.709,28.246,7662.831,4177.043,308.387,103,60,27,12,21,23441,839,26,17,741.975,436.978,62.753,0.000,0.000,259.202,152.672,14.513,2,1,1,0,0,1058,0,0,0,0.000,0.000,0.000,0.000,0.000,0.000,0.000,0.000,0,0,0,0,0,0,0,0,0,0.000,0.000,0.000,0.000,0.000,0.000,0.000,0.000,0,0,0,0,0,0,0,0,0,0.000,0.000,0.000,0.000,0.000,0.000,0.000,0.000,0,0,0,0,0,0,0,0,0,0.000,0.000,0.000,0.000,0.000,0.000,0.000,0.000,0,0,0,0,0,0,0,0,0,0,0,0,0,0,0,0,0,0
5641,188.0,2044,67,9,1129,915,0,0,454,547.57,0.871,0.920,0.182,0.035,0.434,-0.773,1.690,0.3119,2.9675,0.655,0.005,0.020,0.076,-0.104,114,28,33,2,28,0,65415.20,9757.698,15846.642,20.267,2974.228,35.736,12293.318,5110.609,747.278,7505.462,6004.370,1222.284,104.184,973.224,0.000208,0.035695,654,0,21,12,33,21,12262,89,12,19.207,0,0,0,0,0,0,0,0,0,0,0,0,0,0,25354,773,547,22906.328,15244.777,2841.130,1.060,19.207,8103.653,4415.137,331.357,131,61,25,20,16,17148,816,32,18,902.559,541.443,69.220,0.000,0.000,249.553,147.969,11.470,6,5,2,1,2,723,0,0,0,0.000,0.000,0.000,0.000,0.000,0.000,0.000,0.000,0,0,0,0,0,0,0,0,0,0.000,0.000,0.000,0.000,0.000,0.000,0.000,0.000,0,0,0,0,0,0,0,0,0,0.000,0.000,0.000,0.000,0.000,0.000,0.000,0.000,0,0,0,0,0,0,0,0,0,0.000,0.000,0.000,0.000,0.000,0.000,0.000,0.000,0,0,0,0,0,0,0,0,0,0,0,0,0,0,0,0,0,0
5671,189.0,2168,70,9,1159,1009,0,0,469,536.35,0.885,0.947,0.180,0.034,0.423,-0.775,1.687,0.3151,2.9724,0.662,0.007,0.021,0.077,-0.103,126,19,21,0,21,0,70272.63,10437.373,17429.018,27.207,3647.880,38.381,13258.320,5590.757,760.178,7779.556,6223.645,698.596,81.692,1090.716,0.000120,0.035895,763,0,7,14,21,7,13445,77,14,26.858,0,0,0,0,0,0,0,0,0,0,0,0,0,0,27973,856,671,25754.040,16808.319,3531.221,0.349,26.858,8968.679,4897.506,317.336,132,43,19,7,17,15380,858,35,15,960.013,588.068,57.028,0.000,0.000,261.982,158.435,8.663,5,0,0,0,0,0,0,0,0,0.000,0.000,0.000,0.000,0.000,0.000,0.000,0.000,0,0,0,0,0,0,0,0,0,0.000,0.000,0.000,0.000,0.000,0.000,0.000,0.000,0,0,0,0,0,0,0,0,0,0.000,0.000,0.000,0.000,0.000,0.000,0.000,0.000,0,0,0,0,0,0,0,0,0,0.000,0.000,0.000,0.000,0.000,0.000,0.000,0.000,0,0,0,0,0,0,0,0,0,0,0,0,0,0,0,0,0,0
5701,190.0,2307,75,11,1177,1130,0,0,520,606.30,0.906,0.982,0.177,0.033,0.406,-0.775,1.688,0.3172,2.9530,0.645,0.004,0.023,0.077,-0.100,124,23,22,1,20,0,75302.01,11108.428,19077.040,32.993,3850.154,34.531,14285.937,6228.683,809.618,8871.575,7097.260,783.399,172.418,1134.714,0.000144,0.036020,782,0,7,15,22,7,14581,73,15,32.706,0,0,0,0,0,0,0,0,0,0,0,0,0,0,30858,943,690,28227.244,18616.740,3725.684,0.287,32.706,9884.907,5481.485,348.072,162,44,21,7,16,12585,980,24,19,689.841,406.794,60.372,0.000,0.000,301.516,174.875,8.731,4,1,1,0,0,87,0,0,0,0.000,0.000,0.000,0.000,0.000,0.000,0.000,0.000,0,0,0,0,0,0,0,0,0,0.000,0.000,0.000,0.000,0.000,0.000,0.000,0.000,0,0,0,0,0,0,0,0,0,0.000,0.000,0.000,0.000,0.000,0.000,0.000,0.000,0,0,0,0,0,0,0,0,0,0.000,0.000,0.000,0.000,0.000,0.000,0.000,0.000,0,0,0,0,0,0,0,0,0,0,0,0,0,0,0,0,0,0
5731,191.0,2429,79,11,1209,1220,0,0,564,550.20,0.915,0.999,0.175,0.035,0.398,-0.776,1.686,0.3173,2.9352,0.640,0.007,0.024,0.078,-0.099,116,29,24,0,34,0,80792.29,11736.960,21228.372,27.402,4624.459,32.340,15396.002,6854.849,884.145,8841.693,7073.354,1060.715,159.993,1378.412,0.000194,0.037186,952,0,12,12,24,12,15666,86,12,26.786,0,0,0,0,0,0,0,0,0,0,0,0,0,0,34167,1041,844,31591.760,20571.968,4441.366,0.616,26.786,10910.708,6034.882,402.239,158,68,27,12,29,20884,1020,36,22,1072.330,608.620,114.579,0.000,0.000,313.909,189.516,7.256,2,2,2,0,0,316,0,0,0,0.000,0.000,0.000,0.000,0.000,0.000,0.000,0.000,0,0,0,0,0,0,0,0,0,0.000,0.000,0.000,0.000,0.000,0.000,0.000,0.000,0,0,0,0,0,0,0,0,0,0.000,0.000,0.000,0.000,0.000,0.000,0.000,0.000,0,0,0,0,0,0,0,0,0,0.000,0.000,0.000,0.000,0.000,0.000,0.000,0.000,0,0,0,0,0,0,0,0,0,0,0,0,0,0,0,0,0,0
5761,192.0,2593,75,11,1236,1357,0,0,610,538.17,0.933,1.028,0.172,0.035,0.384,-0.778,1.687,0.3189,2.9915,0.635,0.006,0.022,0.077,-0.098,112,21,27,0,34,0,87050.62,12676.233,23311.790,33.989,4960.103,30.026,16566.244,7522.493,955.451,10497.422,8397.938,929.517,241.756,1448.738,0.000188,0.037001,1002,0,8,19,27,8,16677,80,19,33.689,0,0,0,0,0,0,0,0,0,0,0,0,0,0,37514,1149,893,34594.910,22745.222,4737.215,0.299,33.689,11967.217,6644.884,447.290,186,52,18,8,26,15218,1113,29,29,957.106,493.222,156.955,0.000,0.000,337.104,195.632,7.661,5,3,3,0,0,435,0,0,0,0.000,0.000,0.000,0.000,0.000,0.000,0.000,0.000,0,0,0,0,0,0,0,0,0,0.000,0.000,0.000,0.000,0.000,0.000,0.000,0.000,0,0,0,0,0,0,0,0,0,0.000,0.000,0.000,0.000,0.000,0.000,0.000,0.000,0,0,0,0,0,0,0,0,0,0.000,0.000,0.000,0.000,0.000,0.000,0.000,0.000,0,0,0,0,0,0,1,0,0,0,0,0,0,0,0,0,0,0
5791,193.0,2718,81,11,1241,1477,0,0,657,551.97,0.951,1.055,0.171,0.034,0.370,-0.780,1.688,0.3210,2.9542,0.635,0.006,0.024,0.077,-0.095,104,38,53,0,32,0,92885.38,13450.109,25474.224,74.155,5510.679,28.136,17807.847,8282.746,1033.117,10856.120,8684.897,1938.884,294.196,1635.711,0.000197,0.037368,1117,0,21,32,53,21,17694,85,32,72.839,0,0,0,0,0,0,0,0,0,0,0,0,0,0,41291,1247,1009,37738.548,24692.492,5318.648,1.316,72.839,13163.095,7332.104,512.328,200,85,38,21,26,23335,1165,40,23,1162.286,680.618,110.476,0.000,0.000,352.147,197.239,9.008,5,0,0,0,0,0,0,0,0,0.000,0.000,0.000,0.000,0.000,0.000,0.000,0.000,0,0,0,0,0,0,0,0,0,0.000,0.000,0.000,0.000,0.000,0.000,0.000,0.000,0,0,0,0,0,0,0,0,0,0.000,0.000,0.000,0.000,0.000,0.000,0.000,0.000,0,0,0,0,0,0,0,0,0,0.000,0.000,0.000,0.000,0.000,0.000,0.000,0.000,0,0,0,0,0,0,0,0,0,0,0,0,0,0,0,0,0,0
5821,194.0,2888,76,11,1263,1625,0,0,716,447.97,0.970,1.081,0.168,0.035,0.357,-0.781,1.689,0.3222,2.9665,0.640,0.003,0.022,0.078,-0.093,98,32,50,0,35,0,99712.58,14361.758,28124.449,44.658,6353.572,28.562,19102.631,8963.566,1130.310,12609.978,10087.982,1740.273,380.629,1864.267,0.000201,0.038126,1284,0,28,22,50,28,18895,126,22,42.897,0,0,0,0,0,0,0,0,0,0,0,0,0,0,45174,1393,1134,42373.879,27553.449,6172.527,1.761,42.897,14405.395,7939.472,579.476,239,89,30,27,32,24433,1193,31,24,918.631,521.491,96.750,0.000,0.000,361.276,198.921,8.260,1,3,2,1,0,270,0,0,0,0.000,0.000,0.000,0.000,0.000,0.000,0.000,0.000,0,0,0,0,0,0,0,0,0,0.000,0.000,0.000,0.000,0.000,0.000,0.000,0.000,0,0,0,0,0,0,0,0,0,0.000,0.000,0.000,0.000,0.000,0.000,0.000,0.000,0,0,0,0,0,0,0,0,0,0.000,0.000,0.000,0.000,0.000,0.000,0.000,0.000,0,0,0,0,0,0,0,0,0,0,0,0,0,0,0,0,0,0
5851,195.0,3065,75,12,1297,1768,0,0,799,382.08,0.984,1.102,0.168,0.034,0.347,-0.782,1.689,0.3229,2.9958,0.622,0.003,0.021,0.078,-0.090,112,32,67,0,38,0,105766.73,15016.395,29817.070,48.336,7043.774,29.923,20648.336,9633.191,1242.872,13493.589,10794.872,2189.672,325.910,2088.947,0.000305,0.040403,1463,0,40,27,67,40,20294,77,27,46.013,0,0,0,0,0,0,0,0,0,0,0,0,0,0,49480,1462,1342,44908.346,28884.058,6820.857,1.459,38.949,15818.946,8484.079,648.404,241,105,31,40,34,26700,1290,52,44,1544.477,871.502,165.934,0.864,7.065,395.648,225.970,30.602,8,1,1,0,0,318,0,0,0,0.000,0.000,0.000,0.000,0.000,0.000,0.000,0.000,0,0,0,0,0,0,0,0,0,0.000,0.000,0.000,0.000,0.000,0.000,0.000,0.000,0,0,0,0,0,0,0,0,0,0.000,0.000,0.000,0.000,0.000,0.000,0.000,0.000,0,0,0,0,0,0,0,0,0,0.000,0.000,0.000,0.000,0.000,0.000,0.000,0.000,0,0,0,0,0,0,0,0,0,0,0,0,0,0,0,0,0,0
5881,196.0,3236,64,12,1324,1912,0,0,944,404.18,0.998,1.122,0.168,0.034,0.337,-0.782,1.685,0.3198,2.9617,0.618,0.004,0.021,0.078,-0.089,100,35,63,0,53,0,111381.04,15785.824,31847.916,26.781,7455.711,29.675,22185.159,10720.263,1433.025,14236.780,11389.424,2350.339,323.935,2186.141,0.000275,0.041018,1542,0,47,16,63,47,22404,85,16,23.688,0,0,0,0,0,0,0,0,0,0,0,0,0,0,53773,1565,1419,47870.063,30965.363,7225.013,1.270,18.350,17206.376,9442.238,725.536,264,122,34,45,43,33399,1470,48,38,1425.588,805.327,153.187,1.823,5.338,461.830,265.732,39.457,6,4,1,2,1,1754,0,0,0,0.000,0.000,0.000,0.000,0.000,0.000,0.000,0.000,0,0,0,0,0,0,0,0,0,0.000,0.000,0.000,0.000,0.000,0.000,0.000,0.000,0,0,0,0,0,0,0,0,0,0.000,0.000,0.000,0.000,0.000,0.000,0.000,0.000,0,0,0,0,0,0,0,0,0,0.000,0.000,0.000,0.000,0.000,0.000,0.000,0.000,0,0,0,0,0,0,0,0,0,0,0,0,0,0,0,0,0,0
5911,197.0,3394,73,12,1355,2039,0,0,1080,356.48,1.008,1.136,0.166,0.034,0.331,-0.783,1.682,0.3208,3.0248,0.615,0.005,0.021,0.078,-0.089,112,54,61,0,69,0,116192.22,16610.531,33565.866,52.076,7597.089,27.643,23580.340,11544.179,1678.866,14924.682,11939.746,2780.442,548.450,2300.079,0.000180,0.041285,1664,0,39,22,61,39,23987,140,22,48.310,0,0,0,0,0,0,0,0,0,0,0,0,0,0,57695,1649,1491,50237.152,32736.397,7348.632,1.161,43.215,18484.818,10191.721,776.562,271,143,51,39,53,33524,1592,45,33,1345.055,761.826,147.628,2.605,5.095,503.764,280.088,47.768,4,5,2,0,3,1668,0,0,0,0.000,0.000,0.000,0.000,0.000,0.000,0.000,0.000,0,0,0,0,0,0,0,0,0,0.000,0.000,0.000,0.000,0.000,0.000,0.000,0.000,0,0,0,0,0,0,0,0,0,0.000,0.000,0.000,0.000,0.000,0.000,0.000,0.000,0,0,0,0,0,0,0,0,0,0.000,0.000,0.000,0.000,0.000,0.000,0.000,0.000,0,0,0,0,0,0,0,0,0,0,0,0,0,0,0,0,0,0
5941,198.0,3533,63,12,1359,2174,0,0,1201,430.27,1.020,1.155,0.164,0.035,0.321,-0.784,1.679,0.3191,2.9975,0.618,0.002,0.019,0.078,-0.087,101,40,67,0,87,0,121137.91,17521.841,35495.714,53.977,8465.166,24.265,24820.882,12381.035,1908.257,14877.463,11901.971,2940.621,512.457,2587.093,0.000252,0.041473,1959,0,38,29,67,38,24675,237,29,50.762,0,0,0,0,0,0,0,0,0,0,0,0,0,0,61408,1752,1677,53750.562,34704.922,8154.940,1.789,44.406,19656.447,10962.932,838.202,283,151,37,38,76,38169,1594,41,45,1268.296,688.452,164.199,1.425,6.357,506.059,288.601,39.126,7,4,3,0,1,353,0,0,0,0.000,0.000,0.000,0.000,0.000,0.000,0.000,0.000,0,0,0,0,0,0,0,0,0,0.000,0.000,0.000,0.000,0.000,0.000,0.000,0.000,0,0,0,0,0,0,0,0,0,0.000,0.000,0.000,0.000,0.000,0.000,0.000,0.000,0,0,0,0,0,0,0,0,0,0.000,0.000,0.000,0.000,0.000,0.000,0.000,0.000,0,0,0,0,0,0,0,0,0,0,0,0,0,0,0,0,0,0
5971,199.0,3649,52,12,1378,2271,0,0,1364,350.50,1.026,1.164,0.163,0.035,0.316,-0.785,1.677,0.3205,2.9969,0.614,0.004,0.018,0.078,-0.086,100,41,118,0,91,0,125721.45,18436.535,37467.884,69.198,8489.290,22.599,25908.910,13101.517,2190.348,15959.188,12767.351,4199.051,213.757,2584.654,0.000311,0.040346,1855,0,81,37,118,81,26455,139,37,64.212,0,0,0,0,0,0,0,0,0,0,0,0,0,0,64930,1836,1680,56130.146,36513.842,8276.089,2.355,55.199,20762.795,11587.900,928.879,297,199,40,78,81,44216,1487,50,36,1458.118,847.692,141.340,2.631,9.013,466.242,281.129,50.950,5,6,1,3,2,1234,0,0,0,0.000,0.000,0.000,0.000,0.000,0.000,0.000,0.000,0,0,0,0,0,0,0,0,0,0.000,0.000,0.000,0.000,0.000,0.000,0.000,0.000,0,0,0,0,0,0,0,0,0,0.000,0.000,0.000,0.000,0.000,0.000,0.000,0.000,0,0,0,0,0,0,0,0,0,0.000,0.000,0.000,0.000,0.000,0.000,0.000,0.000,0,0,0,0,0,0,0,0,0,0,0,0,0,0,0,0,0,0
6001,200.0,3732,65,17,1382,2350,0,0,1464,320.74,1.035,1.173,0.163,0.036,0.312,-0.786,1.674,0.3208,2.9848,0.600,0.005,0.019,0.078,-0.086,110,32,155,1,119,0,129892.20,18711.363,40075.343,82.930,9052.314,23.638,26729.137,13412.542,2459.675,17283.951,13827.161,5515.271,251.209,2874.263,0.000241,0.041779,2029,0,105,50,155,105,27247,186,50,77.007,0,0,0,0,0,0,0,0,0,0,0,0,0,0,67487,1979,1806,60162.947,39181.125,8772.235,4.166,56.902,21578.512,11856.599,978.351,320,235,29,99,107,55918,1404,47,37,1432.008,792.531,172.809,1.756,20.105,449.223,271.928,49.529,6,12,3,6,3,2926,0,0,0,0.000,0.000,0.000,0.000,0.000,0.000,0.000,0.000,0,0,0,0,0,0,0,0,0,0.000,0.000,0.000,0.000,0.000,0.000,0.000,0.000,0,0,0,0,0,0,0,0,0,0.000,0.000,0.000,0.000,0.000,0.000,0.000,0.000,0,0,0,0,0,0,0,0,0,0.000,0.000,0.000,0.000,0.000,0.000,0.000,0.000,0,0,0,0,0,0,0,0,0,0,0,0,0,0,0,0,0,0
6031,201.0,3852,66,17,1393,2459,0,0,1668,358.91,1.045,1.183,0.161,0.035,0.306,-0.786,1.671,0.3226,2.9608,0.605,0.004,0.020,0.078,-0.086,98,38,132,0,96,0,134013.64,19429.524,41160.413,77.918,9579.871,23.322,27951.990,14015.637,2749.762,17279.578,13823.663,5128.897,335.480,2908.739,0.000271,0.040506,2044,0,94,38,132,94,27732,143,38,74.356,0,0,0,0,0,0,0,0,0,0,0,0,0,0,71024,2023,1862,61883.558,40178.508,9312.551,3.469,74.356,22812.677,12447.712,1035.882,326,216,38,91,87,47469,1362,52,39,1581.589,878.472,188.735,0.093,0.000,441.427,261.226,13.072,5,6,0,3,3,2565,0,0,0,0.000,0.000,0.000,0.000,0.000,0.000,0.000,0.000,0,0,0,0,0,0,0,0,0,0.000,0.000,0.000,0.000,0.000,0.000,0.000,0.000,0,0,0,0,0,0,0,0,0,0.000,0.000,0.000,0.000,0.000,0.000,0.000,0.000,0,0,0,0,0,0,0,0,0,0.000,0.000,0.000,0.000,0.000,0.000,0.000,0.000,0,0,0,0,0,0,0,0,0,0,0,0,0,0,0,0,0,0
6061,202.0,3983,53,17,1396,2587,0,0,1836,416.58,1.056,1.198,0.160,0.034,0.298,-0.786,1.670,0.3235,2.9911,0.613,0.003,0.018,0.078,-0.084,90,33,121,2,135,0,139515.08,20204.131,44187.642,80.207,10129.451,20.297,28995.386,14675.903,3103.601,18671.294,14937.036,5024.690,396.901,3039.802,0.000205,0.040157,2202,0,75,46,121,75,28186,164,46,76.378,0,0,0,0,0,0,0,0,0,0,0,0,0,0,73918,2173,2007,66429.158,43175.004,9875.324,3.829,76.378,23777.062,13052.600,1059.209,343,223,33,75,115,51956,1505,53,31,1533.653,899.730,141.884,0.000,0.000,487.325,290.642,13.806,10,2,0,0,2,270,0,0,0,0.000,0.000,0.000,0.000,0.000,0.000,0.000,0.000,0,0,0,0,0,0,0,0,0,0.000,0.000,0.000,0.000,0.000,0.000,0.000,0.000,0,0,0,0,0,0,0,0,0,0.000,0.000,0.000,0.000,0.000,0.000,0.000,0.000,0,0,0,0,0,0,0,0,0,0.000,0.000,0.000,0.000,0.000,0.000,0.000,0.000,0,0,0,0,0,0,0,0,0,0,0,0,0,0,0,0,0,0
6091,203.0,4136,71,17,1427,2709,0,0,2064,356.65,1.062,1.206,0.159,0.035,0.295,-0.787,1.667,0.3263,2.9692,0.612,0.004,0.017,0.078,-0.084,95,32,106,0,136,0,144244.78,20792.553,44911.289,89.168,9974.309,22.518,30325.431,15583.665,3493.676,18832.826,15066.261,4480.305,469.277,2944.377,0.000166,0.040323,2254,0,68,38,106,68,29431,199,38,85.323,0,0,0,0,0,0,0,0,0,0,0,0,0,0,77781,2208,2009,67082.244,44012.101,9690.369,3.845,85.323,25072.422,13906.296,1095.379,345,226,32,68,126,53818,1604,45,46,1380.845,765.725,171.213,0.000,0.000,522.578,306.425,14.650,6,3,0,0,3,1092,0,0,0,0.000,0.000,0.000,0.000,0.000,0.000,0.000,0.000,0,0,0,0,0,0,0,0,0,0.000,0.000,0.000,0.000,0.000,0.000,0.000,0.000,0,0,0,0,0,0,0,0,0,0.000,0.000,0.000,0.000,0.000,0.000,0.000,0.000,0,0,0,0,0,0,0,0,0,0.000,0.000,0.000,0.000,0.000,0.000,0.000,0.000,0,0,0,0,0,0,0,0,0,0,0,0,0,0,0,0,0,0
6121,204.0,4223,59,17,1441,2782,0,0,2242,337.64,1.069,1.209,0.159,0.034,0.292,-0.788,1.666,0.3262,2.9780,0.604,0.004,0.015,0.078,-0.084,95,33,141,1,192,0,147890.14,21567.839,47546.555,84.169,11159.696,23.408,31526.107,16295.316,3912.892,20198.184,16158.547,5921.854,471.026,3386.371,0.000261,0.039095,2542,0,98,43,141,98,30011,236,43,78.654,0,0,0,0,0,0,0,0,0,0,0,0,0,0,81029,2331,2267,71621.532,46537.804,10864.982,5.514,78.654,26215.953,14540.501,1157.722,377,302,33,96,173,72695,1624,53,39,1591.719,897.571,179.187,0.000,0.000,529.790,319.093,15.204,4,6,0,2,4,2533,0,0,0,0.000,0.000,0.000,0.000,0.000,0.000,0.000,0.000,0,0,0,0,0,0,0,0,0,0.000,0.000,0.000,0.000,0.000,0.000,0.000,0.000,0,0,0,0,0,0,0,0,0,0.000,0.000,0.000,0.000,0.000,0.000,0.000,0.000,0,0,0,0,0,0,0,0,0,0.000,0.000,0.000,0.000,0.000,0.000,0.000,0.000,0,0,0,0,0,0,0,0,0,0,0,0,0,0,0,0,0,0
6151,205.0,4323,65,17,1445,2878,0,0,2393,333.69,1.078,1.221,0.161,0.034,0.288,-0.789,1.665,0.3267,2.9471,0.610,0.003,0.016,0.078,-0.082,99,20,126,0,205,0,150788.28,21741.417,47559.266,88.284,11294.830,21.918,32301.540,16601.146,4207.283,20185.968,16148.774,5549.363,417.238,3377.070,0.000283,0.041284,2728,0,82,44,126,82,31029,373,44,84.179,0,0,0,0,0,0,0,0,0,0,0,0,0,0,83244,2343,2317,72010.328,46825.366,10977.132,4.106,84.179,26998.846,14830.456,1205.815,383,286,20,81,185,64849,1571,38,38,1190.939,640.279,161.013,0.000,0.000,510.876,285.126,15.571,3,4,0,1,3,641,0,0,0,0.000,0.000,0.000,0.000,0.000,0.000,0.000,0.000,0,0,0,0,0,0,0,0,0,0.000,0.000,0.000,0.000,0.000,0.000,0.000,0.000,0,0,0,0,0,0,0,0,0,0.000,0.000,0.000,0.000,0.000,0.000,0.000,0.000,0,0,0,0,0,0,0,0,0,0.000,0.000,0.000,0.000,0.000,0.000,0.000,0.000,0,0,0,0,0,0,0,0,0,0,0,0,0,0,0,0,0,0
6181,206.0,4368,65,17,1442,2926,0,0,2516,306.38,1.085,1.228,0.160,0.034,0.285,-0.790,1.664,0.3277,2.9490,0.598,0.003,0.015,0.078,-0.081,86,23,144,2,224,0,151401.47,21886.359,48059.435,94.219,11622.918,19.074,33182.047,17227.769,4506.642,19754.021,15803.217,6633.364,489.992,3436.217,0.000244,0.042691,2698,0,98,46,144,98,31514,226,46,89.234,0,0,0,0,0,0,0,0,0,0,0,0,0,0,85548,2375,2441,73311.640,47533.478,11417.343,4.985,89.234,27913.104,15402.517,1272.576,373,323,23,98,202,74232,1550,24,31,747.989,397.706,111.720,0.000,0.000,499.590,273.545,13.994,4,6,0,0,6,982,0,0,0,0.000,0.000,0.000,0.000,0.000,0.000,0.000,0.000,0,0,0,0,0,0,0,0,0,0.000,0.000,0.000,0.000,0.000,0.000,0.000,0.000,0,0,0,0,0,0,0,0,0,0.000,0.000,0.000,0.000,0.000,0.000,0.000,0.000,0,0,0,0,0,0,0,0,0,0.000,0.000,0.000,0.000,0.000,0.000,0.000,0.000,0,0,0,0,0,0,0,0,0,0,0,0,0,0,0,0,0,0
6211,207.0,4398,55,17,1435,2963,0,0,2612,318.49,1.089,1.236,0.160,0.035,0.283,-0.791,1.664,0.3297,2.9434,0.598,0.003,0.018,0.078,-0.081,107,31,139,2,225,0,153221.02,21822.271,49960.306,81.538,10871.359,17.295,33676.831,17225.773,4685.953,19276.289,15421.032,7062.102,297.056,3241.590,0.000277,0.045339,2593,0,96,43,139,96,32126,219,43,76.620,0,0,0,0,0,0,0,0,0,0,0,0,0,0,86926,2455,2316,74334.038,49176.154,10585.639,4.918,76.620,28450.693,15374.977,1311.129,366,328,31,94,203,71276,1456,41,58,1322.709,690.480,201.703,0.000,0.000,466.125,257.775,15.907,5,6,0,2,4,2462,0,0,0,0.000,0.000,0.000,0.000,0.000,0.000,0.000,0.000,0,0,0,0,0,0,0,0,0,0.000,0.000,0.000,0.000,0.000,0.000,0.000,0.000,0,0,0,0,0,0,0,0,0,0.000,0.000,0.000,0.000,0.000,0.000,0.000,0.000,0,0,0,0,0,0,0,0,0,0.000,0.000,0.000,0.000,0.000,0.000,0.000,0.000,0,0,0,0,0,0,0,0,0,0,0,0,0,0,0,0,0,0
6241,208.0,4416,63,17,1411,3005,0,0,2656,343.30,1.096,1.247,0.160,0.036,0.278,-0.793,1.663,0.3293,2.9571,0.595,0.005,0.018,0.078,-0.080,82,29,184,1,222,0,153256.31,21706.179,50633.187,112.502,11310.526,17.488,34066.264,17302.120,4809.217,20725.469,16580.376,8356.375,271.998,3465.504,0.000204,0.044582,2732,0,129,55,184,129,31825,229,55,104.479,0,0,0,0,0,0,0,0,0,0,0,0,0,0,88224,2489,2471,75653.247,49969.390,11073.372,8.023,104.479,28937.618,15386.550,1384.785,395,345,29,126,190,74409,1411,34,32,1007.110,549.749,129.542,0.000,0.000,449.797,249.410,14.255,3,11,0,3,8,3387,0,0,0,0.000,0.000,0.000,0.000,0.000,0.000,0.000,0.000,0,0,0,0,0,0,0,0,0,0.000,0.000,0.000,0.000,0.000,0.000,0.000,0.000,0,0,0,0,0,0,0,0,0,0.000,0.000,0.000,0.000,0.000,0.000,0.000,0.000,0,0,0,0,0,0,0,0,0,0.000,0.000,0.000,0.000,0.000,0.000,0.000,0.000,0,0,0,0,0,0,0,0,0,0,0,0,0,0,0,0,0,0
6271,209.0,4417,49,17,1399,3018,0,0,2640,308.12,1.101,1.254,0.158,0.038,0.276,-0.795,1.662,0.3316,2.9489,0.615,0.005,0.016,0.078,-0.080,101,24,190,0,242,0,155113.77,22170.606,52052.236,117.248,10992.719,19.390,34278.218,17488.036,4887.268,20686.589,16549.271,7819.695,469.359,3402.754,0.000212,0.043236,2633,0,133,57,190,133,32510,218,57,109.942,0,0,0,0,0,0,0,0,0,0,0,0,0,0,88884,2561,2390,77132.866,51467.884,10785.858,7.306,109.942,29241.615,15571.977,1412.997,393,376,21,133,222,87566,1254,28,25,829.721,460.494,98.707,0.000,0.000,397.428,226.879,12.406,3,7,3,0,4,1588,0,0,0,0.000,0.000,0.000,0.000,0.000,0.000,0.000,0.000,0,0,0,0,0,0,0,0,0,0.000,0.000,0.000,0.000,0.000,0.000,0.000,0.000,0,0,0,0,0,0,0,0,0,0.000,0.000,0.000,0.000,0.000,0.000,0.000,0.000,0,0,0,0,0,0,0,0,0,0.000,0.000,0.000,0.000,0.000,0.000,0.000,0.000,0,0,0,0,0,0,0,0,0,0,0,0,0,0,0,0,0,0
6301,210.0,4441,67,19,1408,3033,0,0,2691,321.34,1.102,1.254,0.158,0.036,0.276,-0.796,1.663,0.3304,2.9682,0.613,0.004,0.017,0.078,-0.079,79,30,156,0,229,0,156307.25,22497.356,51553.702,61.531,11774.937,18.762,34623.426,17727.679,4872.958,19696.003,15756.802,7901.073,346.113,3508.643,0.000350,0.042161,2668,0,123,33,156,123,31592,179,33,54.204,0,0,0,0,0,0,0,0,0,0,0,0,0,0,89871,2543,2460,77710.587,51164.233,11592.291,7.328,54.204,29642.610,15933.130,1329.986,373,353,28,121,204,84860,1149,17,29,565.676,287.389,94.257,0.000,0.000,361.160,191.960,13.427,0,5,2,2,1,2481,0,0,0,0.000,0.000,0.000,0.000,0.000,0.000,0.000,0.000,0,0,0,0,0,0,0,0,0,0.000,0.000,0.000,0.000,0.000,0.000,0.000,0.000,0,0,0,0,0,0,0,0,0,0.000,0.000,0.000,0.000,0.000,0.000,0.000,0.000,0,0,0,0,0,0,0,0,0,0.000,0.000,0.000,0.000,0.000,0.000,0.000,0.000,0,0,0,0,0,0,0,0,0,0,0,0,0,0,0,0,0,0
6331,211.0,4440,47,19,1404,3036,0,0,2714,336.73,1.105,1.257,0.156,0.036,0.276,-0.797,1.665,0.3332,2.9711,0.600,0.001,0.015,0.078,-0.078,88,27,181,1,233,0,155836.36,22288.456,50824.635,90.124,11466.817,17.300,34878.660,17793.426,4929.143,20026.619,16021.296,8010.910,620.910,3435.740,0.000257,0.040597,2599,0,136,45,181,136,31407,124,45,81.664,0,0,0,0,0,0,0,0,0,0,0,0,0,0,90337,2498,2455,76206.860,50285.723,11315.097,8.460,81.664,29937.610,15982.921,1350.729,383,375,26,135,214,91365,1076,27,20,802.607,454.295,83.418,0.000,0.000,334.902,180.139,15.445,1,6,1,1,4,1295,0,0,0,0.000,0.000,0.000,0.000,0.000,0.000,0.000,0.000,0,0,0,0,0,0,0,0,0,0.000,0.000,0.000,0.000,0.000,0.000,0.000,0.000,0,0,0,0,0,0,0,0,0,0.000,0.000,0.000,0.000,0.000,0.000,0.000,0.000,0,0,0,0,0,0,0,0,0,0.000,0.000,0.000,0.000,0.000,0.000,0.000,0.000,0,0,0,0,0,0,0,0,0,0,0,0,0,0,0,0,0,0
6361,212.0,4376,64,19,1391,2985,0,0,2698,273.50,1.105,1.253,0.158,0.036,0.277,-0.798,1.667,0.3329,2.9734,0.611,0.004,0.016,0.077,-0.079,80,25,253,0,231,0,153863.36,22253.970,51440.493,110.301,11632.468,15.352,34730.720,17902.813,4942.115,19962.565,15970.053,10037.286,483.645,3688.669,0.000292,0.041049,2704,0,192,61,253,192,31455,159,61,99.369,0,0,0,0,0,0,0,0,0,0,0,0,0,0,89862,2535,2525,77406.092,51000.774,11487.412,10.932,99.369,29857.770,16067.775,1407.117,377,420,24,189,207,92087,914,19,20,574.381,321.228,66.399,0.000,0.000,285.436,150.600,13.981,2,10,1,3,6,3657,0,0,0,0.000,0.000,0.000,0.000,0.000,0.000,0.000,0.000,0,0,0,0,0,0,0,0,0,0.000,0.000,0.000,0.000,0.000,0.000,0.000,0.000,0,0,0,0,0,0,0,0,0,0.000,0.000,0.000,0.000,0.000,0.000,0.000,0.000,0,0,0,0,0,0,0,0,0,0.000,0.000,0.000,0.000,0.000,0.000,0.000,0.000,0,0,0,0,0,0,0,0,0,0,0,0,0,0,0,0,0,0
6391,213.0,4355,49,19,1367,2988,0,0,2649,271.05,1.110,1.259,0.158,0.037,0.275,-0.800,1.671,0.3341,2.9398,0.604,0.001,0.017,0.077,-0.078,80,24,250,1,240,0,152535.31,21745.838,53150.878,126.435,11416.846,15.775,34212.147,17643.449,4813.557,22553.523,18042.819,11123.726,409.740,3637.877,0.000290,0.039012,2658,0,186,64,250,186,30560,145,64,113.361,0,0,0,0,0,0,0,0,0,0,0,0,0,0,88609,2621,2498,79126.101,52872.231,11278.170,13.073,113.361,29500.532,15920.224,1346.987,431,422,23,183,216,94972,695,12,15,388.725,203.339,59.420,0.000,0.000,214.024,110.064,9.381,2,8,0,3,5,2587,0,0,0,0.000,0.000,0.000,0.000,0.000,0.000,0.000,0.000,0,0,0,0,0,0,0,0,0,0.000,0.000,0.000,0.000,0.000,0.000,0.000,0.000,0,0,0,0,0,0,0,0,0,0.000,0.000,0.000,0.000,0.000,0.000,0.000,0.000,0,0,0,0,0,0,0,0,0,0.000,0.000,0.000,0.000,0.000,0.000,0.000,0.000,0,0,0,0,0,0,0,0,0,0,0,0,0,0,0,0,0,0
6421,214.0,4336,67,19,1354,2982,0,0,2592,293.11,1.114,1.261,0.160,0.037,0.274,-0.800,1.671,0.3322,2.9582,0.610,0.002,0.018,0.077,-0.077,97,16,243,1,215,0,150815.44,21498.665,51408.608,105.375,10999.346,17.989,34214.150,17501.057,4683.060,20978.779,16783.023,10149.225,483.383,3505.892,0.000225,0.037477,2495,0,197,46,243,197,30315,146,46,93.742,0,0,0,0,0,0,0,0,0,0,0,0,0,0,88540,2531,2333,76386.098,51055.101,10853.626,11.170,93.742,29598.938,15774.492,1361.459,404,408,16,196,196,83013,636,15,16,472.477,253.683,65.794,0.463,0.000,195.156,99.322,13.105,1,3,0,1,2,445,0,0,0,0.000,0.000,0.000,0.000,0.000,0.000,0.000,0.000,0,0,0,0,0,0,0,0,0,0.000,0.000,0.000,0.000,0.000,0.000,0.000,0.000,0,0,0,0,0,0,0,0,0,0.000,0.000,0.000,0.000,0.000,0.000,0.000,0.000,0,0,0,0,0,0,0,0,0,0.000,0.000,0.000,0.000,0.000,0.000,0.000,0.000,0,0,0,0,0,0,0,0,0,0,0,0,0,0,0,0,0,0
6451,215.0,4293,67,19,1340,2953,0,0,2591,314.76,1.115,1.261,0.160,0.037,0.275,-0.801,1.672,0.3296,2.9855,0.605,0.001,0.017,0.078,-0.078,68,29,224,0,216,0,148497.22,20900.551,49658.314,117.143,10806.387,16.395,34105.305,17505.868,4573.964,19295.429,15436.344,9365.040,279.082,3305.872,0.000219,0.036573,2500,0,160,64,224,160,30028,144,64,108.543,0,0,0,0,0,0,0,0,0,0,0,0,0,0,88161,2438,2342,73839.767,49301.220,10688.306,6.599,105.395,29553.548,15764.495,1348.363,359,386,29,159,198,84837,645,16,14,455.130,268.263,37.236,2.002,3.148,202.261,106.728,33.378,1,3,0,1,2,414,0,0,0,0.000,0.000,0.000,0.000,0.000,0.000,0.000,0.000,0,0,0,0,0,0,0,0,0,0.000,0.000,0.000,0.000,0.000,0.000,0.000,0.000,0,0,0,0,0,0,0,0,0,0.000,0.000,0.000,0.000,0.000,0.000,0.000,0.000,0,0,0,0,0,0,0,0,0,0.000,0.000,0.000,0.000,0.000,0.000,0.000,0.000,0,0,0,0,0,0,0,0,0,0,0,0,0,0,0,0,0,0
6481,216.0,4176,51,19,1316,2860,0,0,2533,394.83,1.115,1.257,0.163,0.038,0.278,-0.803,1.668,0.3289,2.9040,0.615,0.002,0.019,0.077,-0.078,80,34,246,0,249,0,145137.52,20824.370,49286.143,123.463,11295.401,15.006,33611.116,16986.240,4516.428,18907.716,15126.173,10885.274,318.353,3494.730,0.000289,0.035818,2489,0,182,64,246,182,29552,52,64,114.056,0,0,0,0,0,0,0,0,0,0,0,0,0,0,86556,2421,2430,74031.123,48992.167,11228.687,7.990,100.291,29132.213,15333.014,1303.187,357,445,33,181,231,100788,516,13,7,370.400,220.491,30.865,1.416,13.765,161.970,86.530,17.435,2,7,1,1,5,1390,0,0,0,0.000,0.000,0.000,0.000,0.000,0.000,0.000,0.000,0,0,0,0,0,0,0,0,0,0.000,0.000,0.000,0.000,0.000,0.000,0.000,0.000,0,0,0,0,0,0,0,0,0,0.000,0.000,0.000,0.000,0.000,0.000,0.000,0.000,0,0,0,0,0,0,0,0,0,0.000,0.000,0.000,0.000,0.000,0.000,0.000,0.000,0,0,0,0,0,0,0,0,0,0,0,0,0,0,0,0,0,0
6511,217.0,4148,54,19,1296,2852,0,0,2417,372.70,1.119,1.259,0.166,0.038,0.276,-0.804,1.668,0.3293,2.9316,0.625,0.000,0.018,0.078,-0.078,66,26,208,3,216,0,144529.36,20339.514,48384.335,89.264,10346.001,19.673,33082.124,16649.411,4286.665,19319.023,15455.218,7969.668,438.744,3130.850,0.000248,0.035839,2309,0,151,57,208,151,29406,64,57,82.156,0,0,0,0,0,0,0,0,0,0,0,0,0,0,85074,2365,2240,71463.603,48104.747,10289.728,5.941,78.798,28786.110,15057.457,1287.696,368,375,26,151,198,89193,370,11,5,299.598,185.533,16.680,1.167,3.358,117.394,61.113,6.907,1,2,0,0,2,732,0,0,0,0.000,0.000,0.000,0.000,0.000,0.000,0.000,0.000,0,0,0,0,0,0,0,0,0,0.000,0.000,0.000,0.000,0.000,0.000,0.000,0.000,0,0,0,0,0,0,0,0,0,0.000,0.000,0.000,0.000,0.000,0.000,0.000,0.000,0,0,0,0,0,0,0,0,0,0.000,0.000,0.000,0.000,0.000,0.000,0.000,0.000,0,0,0,0,0,0,0,0,0,0,0,0,0,0,0,0,0,0
6541,218.0,4074,45,19,1273,2801,0,0,2343,357.14,1.122,1.259,0.166,0.038,0.276,-0.806,1.669,0.3293,2.8922,0.627,0.001,0.017,0.077,-0.078,75,26,231,0,218,0,140929.59,19597.464,46435.502,114.433,10058.880,17.809,32843.418,16578.794,4082.053,18189.645,14551.716,8957.175,552.200,3095.607,0.000273,0.036702,2278,0,166,65,231,166,28308,72,65,108.016,0,0,0,0,0,0,0,0,0,0,0,0,0,0,84298,2263,2201,68598.194,46232.606,9992.409,5.653,102.961,28617.876,14989.014,1287.296,346,396,26,165,205,91968,383,8,5,224.547,137.402,16.377,0.764,5.056,121.689,61.378,8.700,0,1,0,1,0,798,0,0,0,0.000,0.000,0.000,0.000,0.000,0.000,0.000,0.000,0,0,0,0,0,0,0,0,0,0.000,0.000,0.000,0.000,0.000,0.000,0.000,0.000,0,0,0,0,0,0,0,0,0,0.000,0.000,0.000,0.000,0.000,0.000,0.000,0.000,0,0,0,0,0,0,0,0,0,0.000,0.000,0.000,0.000,0.000,0.000,0.000,0.000,0,0,0,0,0,0,0,0,0,0,0,0,0,0,0,0,0,0
6571,219.0,3937,53,19,1234,2703,0,0,2253,342.58,1.123,1.258,0.169,0.039,0.277,-0.807,1.667,0.3306,2.9299,0.614,0.001,0.016,0.077,-0.079,82,30,254,1,211,0,135333.77,18481.857,44532.640,139.523,10146.560,17.468,32077.546,16129.026,3887.929,16320.444,13056.355,9839.301,390.578,3161.369,0.000206,0.035534,2371,0,182,72,254,182,27333,86,72,131.316,0,0,0,0,0,0,0,0,0,0,0,0,0,0,82015,2173,2274,66448.691,44236.203,10059.305,6.874,115.558,27941.572,14628.158,1198.702,304,402,30,182,190,96348,371,11,11,329.507,188.752,36.428,1.333,15.758,124.981,62.354,12.507,1,1,0,0,1,690,0,0,0,0.000,0.000,0.000,0.000,0.000,0.000,0.000,0.000,0,0,0,0,0,0,0,0,0,0.000,0.000,0.000,0.000,0.000,0.000,0.000,0.000,0,0,0,0,0,0,0,0,0,0.000,0.000,0.000,0.000,0.000,0.000,0.000,0.000,0,0,0,0,0,0,0,0,0,0.000,0.000,0.000,0.000,0.000,0.000,0.000,0.000,0,0,0,0,0,0,0,0,0,0,0,0,0,0,0,0,0,0
6601,220.0,3796,40,23,1193,2603,0,0,2139,360.14,1.124,1.253,0.171,0.038,0.278,-0.808,1.667,0.3306,2.8757,0.619,0.001,0.013,0.077,-0.078,67,29,250,0,215,0,128990.54,17049.069,43106.898,126.928,9138.042,18.176,31080.782,15544.222,3710.710,16277.855,13022.284,9790.398,290.731,2953.707,0.000197,0.035240,2113,0,180,70,250,180,26665,98,70,117.987,0,0,0,0,0,0,0,0,0,0,0,0,0,0,79331,2100,2007,63322.042,42843.956,9038.572,7.008,112.712,27067.965,14049.223,1196.200,312,412,29,180,203,92511,401,12,8,347.338,203.595,32.154,1.932,5.275,136.789,69.415,13.929,1,1,0,0,1,173,0,0,0,0.000,0.000,0.000,0.000,0.000,0.000,0.000,0.000,0,0,0,0,0,0,0,0,0,0.000,0.000,0.000,0.000,0.000,0.000,0.000,0.000,0,0,0,0,0,0,0,0,0,0.000,0.000,0.000,0.000,0.000,0.000,0.000,0.000,0,0,0,0,0,0,0,0,0,0.000,0.000,0.000,0.000,0.000,0.000,0.000,0.000,0,0,0,0,0,0,0,0,0,0,0,0,0,0,0,0,0,0
6631,221.0,3644,47,23,1160,2484,0,0,2039,316.67,1.121,1.247,0.178,0.040,0.281,-0.809,1.664,0.3309,2.8904,0.645,0.000,0.014,0.077,-0.079,81,39,209,0,215,0,123926.52,16528.217,41149.665,87.666,8348.768,19.753,29902.633,14702.308,3523.099,14387.765,11510.212,8903.766,300.834,2619.385,0.000271,0.038242,1960,0,163,46,209,163,25260,66,46,80.119,0,0,0,0,0,0,0,0,0,0,0,0,0,0,75836,2017,1886,60249.665,40988.058,8290.639,5.754,72.852,26001.229,13242.792,1161.917,279,397,38,163,196,95861,383,6,8,183.802,102.953,22.813,1.793,7.268,132.633,72.540,12.167,0,1,1,0,0,730,0,0,0,0.000,0.000,0.000,0.000,0.000,0.000,0.000,0.000,0,0,0,0,0,0,0,0,0,0.000,0.000,0.000,0.000,0.000,0.000,0.000,0.000,0,0,0,0,0,0,0,0,0,0.000,0.000,0.000,0.000,0.000,0.000,0.000,0.000,0,0,0,0,0,0,0,0,0,0.000,0.000,0.000,0.000,0.000,0.000,0.000,0.000,0,0,0,0,0,0,0,0,0,0,0,0,0,0,0,0,0,0
6661,222.0,3463,44,23,1121,2342,0,0,1886,284.86,1.117,1.240,0.182,0.041,0.286,-0.811,1.669,0.3308,2.8732,0.640,0.001,0.014,0.077,-0.079,77,35,250,2,202,0,116891.30,15602.344,39274.762,114.862,7933.987,17.723,28508.570,13967.238,3273.880,14271.218,11416.974,10474.186,232.234,2716.835,0.000240,0.038920,1959,0,193,57,250,193,24446,157,57,105.536,0,0,0,0,0,0,0,0,0,0,0,0,0,0,71859,1912,1788,57115.076,39099.865,7828.397,7.946,105.536,24723.784,12465.262,1223.949,271,410,34,191,185,100192,375,6,14,198.229,102.356,32.599,1.381,0.000,130.590,67.101,7.340,0,3,0,2,1,628,0,0,0,0.000,0.000,0.000,0.000,0.000,0.000,0.000,0.000,0,0,0,0,0,0,0,0,0,0.000,0.000,0.000,0.000,0.000,0.000,0.000,0.000,0,0,0,0,0,0,0,0,0,0.000,0.000,0.000,0.000,0.000,0.000,0.000,0.000,0,0,0,0,0,0,0,0,0,0.000,0.000,0.000,0.000,0.000,0.000,0.000,0.000,0,0,0,0,0,0,0,0,0,0,0,0,0,0,0,0,0,0
6691,223.0,3304,51,23,1089,2215,0,0,1783,346.62,1.113,1.231,0.185,0.042,0.290,-0.812,1.671,0.3302,2.8914,0.651,0.002,0.012,0.077,-0.080,82,32,250,0,168,0,110746.44,14623.564,37983.739,112.763,6993.230,22.358,27122.902,13194.423,3045.639,13457.630,10766.104,10050.369,241.643,2518.427,0.000206,0.039222,1700,0,194,56,250,194,23520,92,56,102.637,0,0,0,0,0,0,0,0,0,0,0,0,0,0,67925,1844,1600,54339.571,37714.211,6919.237,7.406,100.175,23462.681,11813.013,1103.922,254,380,31,193,156,85455,320,13,8,362.833,223.422,25.760,2.719,2.462,110.550,63.022,14.444,2,3,1,1,1,651,0,0,0,0.000,0.000,0.000,0.000,0.000,0.000,0.000,0.000,0,0,0,0,0,0,0,0,0,0.000,0.000,0.000,0.000,0.000,0.000,0.000,0.000,0,0,0,0,0,0,0,0,0,0.000,0.000,0.000,0.000,0.000,0.000,0.000,0.000,0,0,0,0,0,0,0,0,0,0.000,0.000,0.000,0.000,0.000,0.000,0.000,0.000,0,0,0,0,0,0,0,0,0,0,0,0,0,0,0,0,0,0
6721,224.0,3105,59,23,1058,2047,0,0,1616,373.54,1.103,1.219,0.191,0.041,0.298,-0.813,1.670,0.3309,2.8679,0.645,0.002,0.013,0.076,-0.082,85,39,278,1,157,0,104930.55,13651.531,37020.944,102.260,6681.182,19.594,25509.866,12292.722,2820.528,12524.084,10019.268,10633.380,327.047,2502.257,0.000203,0.038895,1586,0,223,55,278,223,21656,73,55,93.038,0,0,0,0,0,0,0,0,0,0,0,0,0,0,63326,1796,1511,52832.082,36842.154,6624.969,8.193,93.038,21986.534,10949.789,1103.732,234,400,39,221,140,102136,215,8,2,211.115,136.824,7.443,1.030,0.000,75.770,38.457,5.667,2,4,0,2,2,1193,0,0,0,0.000,0.000,0.000,0.000,0.000,0.000,0.000,0.000,0,0,0,0,0,0,0,0,0,0.000,0.000,0.000,0.000,0.000,0.000,0.000,0.000,0,0,0,0,0,0,0,0,0,0.000,0.000,0.000,0.000,0.000,0.000,0.000,0.000,0,0,0,0,0,0,0,0,0,0.000,0.000,0.000,0.000,0.000,0.000,0.000,0.000,0,0,0,0,0,0,0,0,0,0,0,0,0,0,0,0,0,0
6751,225.0,2923,54,24,1002,1921,0,0,1530,276.00,1.103,1.214,0.200,0.042,0.300,-0.815,1.670,0.3303,2.7969,0.655,0.002,0.012,0.076,-0.082,89,43,253,0,135,0,98169.13,12779.038,32017.776,147.325,5941.113,20.154,24193.811,11479.972,2621.486,11669.538,9335.630,8715.195,292.988,2068.197,0.000180,0.038791,1435,0,177,76,253,177,21136,78,76,140.914,0,0,0,0,0,0,0,0,0,0,0,0,0,0,59740,1555,1350,45861.930,31961.758,5882.307,5.959,140.914,20827.184,10188.443,1076.190,223,347,43,176,128,78086,142,1,7,63.808,16.829,26.125,0.452,0.000,49.554,26.044,2.594,0,2,0,1,1,361,0,0,0,0.000,0.000,0.000,0.000,0.000,0.000,0.000,0.000,0,0,0,0,0,0,0,0,0,0.000,0.000,0.000,0.000,0.000,0.000,0.000,0.000,0,0,0,0,0,0,0,0,0,0.000,0.000,0.000,0.000,0.000,0.000,0.000,0.000,0,0,0,0,0,0,0,0,0,0.000,0.000,0.000,0.000,0.000,0.000,0.000,0.000,0,0,0,0,0,0,0,0,0,0,0,0,0,0,0,0,0,0
6781,226.0,2745,77,24,948,1797,0,0,1376,311.16,1.100,1.213,0.210,0.045,0.302,-0.816,1.667,0.3252,2.8475,0.654,0.001,0.013,0.076,-0.082,91,40,261,0,106,0,91192.31,11344.452,31305.153,148.690,5478.674,21.840,22627.212,10523.076,2413.990,10611.023,8488.818,9820.921,128.880,2138.839,0.000168,0.039307,1269,0,192,69,261,192,21125,63,69,141.064,0,0,0,0,0,0,0,0,0,0,0,0,0,0,55464,1517,1202,44228.470,31104.672,5412.885,7.626,141.064,19427.120,9262.756,1064.713,204,329,40,192,97,76938,149,9,4,249.604,152.710,16.500,0.000,0.000,51.919,22.503,0.652,1,0,0,0,0,0,0,0,0,0.000,0.000,0.000,0.000,0.000,0.000,0.000,0.000,0,0,0,0,0,0,0,0,0,0.000,0.000,0.000,0.000,0.000,0.000,0.000,0.000,0,0,0,0,0,0,0,0,0,0.000,0.000,0.000,0.000,0.000,0.000,0.000,0.000,0,0,0,0,0,0,0,0,0,0.000,0.000,0.000,0.000,0.000,0.000,0.000,0.000,0,0,0,0,0,0,0,0,0,0,0,0,0,0,0,0,0,0
6811,227.0,2526,51,24,893,1633,0,0,1235,312.88,1.093,1.202,0.226,0.048,0.307,-0.819,1.666,0.3248,2.8095,0.675,0.003,0.013,0.076,-0.082,83,35,267,0,131,0,83521.92,10385.866,28871.299,123.934,4496.226,20.567,21248.467,9806.826,2182.522,9866.429,7893.143,9776.182,196.042,1868.161,0.000296,0.037409,1076,0,199,68,267,199,20169,50,68,115.518,0,0,0,0,0,0,0,0,0,0,0,0,0,0,51671,1399,1021,40103.509,28745.698,4436.331,8.415,115.518,18220.485,8584.617,1039.269,188,353,35,199,119,92553,150,4,5,141.499,67.316,28.069,0.000,0.000,52.443,20.257,0.677,1,0,0,0,0,0,0,0,0,0.000,0.000,0.000,0.000,0.000,0.000,0.000,0.000,0,0,0,0,0,0,0,0,0,0.000,0.000,0.000,0.000,0.000,0.000,0.000,0.000,0,0,0,0,0,0,0,0,0,0.000,0.000,0.000,0.000,0.000,0.000,0.000,0.000,0,0,0,0,0,0,0,0,0,0.000,0.000,0.000,0.000,0.000,0.000,0.000,0.000,0,0,0,0,0,0,0,0,0,0,0,0,0,0,0,0,0,0
6841,228.0,2350,83,24,850,1500,0,0,1109,412.11,1.085,1.195,0.236,0.047,0.314,-0.821,1.663,0.3244,2.8041,0.693,0.002,0.015,0.076,-0.083,89,47,218,0,102,0,77311.02,9581.371,26055.677,116.597,3997.531,19.845,19388.464,8912.545,1936.384,8749.193,6999.354,8292.790,104.672,1579.851,0.000187,0.037959,966,0,156,62,218,156,19252,70,62,109.727,0,0,0,0,0,0,0,0,0,0,0,0,0,0,46406,1258,894,36100.271,25950.988,3955.024,6.870,109.727,16476.618,7673.083,1063.388,165,298,47,156,95,75926,150,4,2,118.693,67.431,12.517,0.000,0.000,52.592,22.938,0.552,0,0,0,0,0,0,0,0,0,0.000,0.000,0.000,0.000,0.000,0.000,0.000,0.000,0,0,0,0,0,0,0,0,0,0.000,0.000,0.000,0.000,0.000,0.000,0.000,0.000,0,0,0,0,0,0,0,0,0,0.000,0.000,0.000,0.000,0.000,0.000,0.000,0.000,0,0,0,0,0,0,0,0,0,0.000,0.000,0.000,0.000,0.000,0.000,0.000,0.000,0,0,0,0,0,0,0,0,0,0,0,0,0,0,0,0,0,0
6871,229.0,2216,67,24,795,1421,0,0,968,302.52,1.086,1.199,0.251,0.047,0.311,-0.823,1.665,0.3211,2.8473,0.673,0.003,0.010,0.076,-0.082,72,36,219,0,85,0,71154.45,8410.458,25283.640,135.767,3700.423,19.532,18225.218,8408.760,1749.900,9531.608,7625.286,8034.552,134.550,1527.144,0.000145,0.037974,881,0,149,70,219,149,18677,49,70,129.308,0,0,0,0,0,0,0,0,0,0,0,0,0,0,43461,1218,826,34787.416,25229.140,3655.723,6.459,129.308,15486.755,7136.354,1116.145,184,262,36,149,77,61869,121,1,6,45.819,16.741,13.996,0.000,0.000,44.926,13.440,0.000,0,1,0,0,1,331,0,0,0,0.000,0.000,0.000,0.000,0.000,0.000,0.000,0.000,0,0,0,0,0,0,0,0,0,0.000,0.000,0.000,0.000,0.000,0.000,0.000,0.000,0,0,0,0,0,0,0,0,0,0.000,0.000,0.000,0.000,0.000,0.000,0.000,0.000,0,0,0,0,0,0,0,0,0,0.000,0.000,0.000,0.000,0.000,0.000,0.000,0.000,0,0,0,0,0,0,0,0,0,0,0,0,0,0,0,0,0,0
6901,230.0,2046,63,24,754,1292,0,0,840,394.07,1.076,1.188,0.267,0.051,0.318,-0.825,1.665,0.3210,2.7948,0.688,0.004,0.011,0.075,-0.084,76,50,211,4,81,0,64883.33,7647.932,23265.475,106.841,3330.884,19.100,17098.943,7859.310,1523.330,8080.523,6464.419,7701.062,85.236,1407.371,0.000168,0.036238,858,0,157,54,211,157,18097,115,54,100.340,0,0,0,0,0,0,0,0,0,0,0,0,0,0,40490,1116,739,31677.873,23178.578,3244.478,6.501,100.340,14503.519,6590.715,1119.666,151,280,48,157,75,65457,120,3,4,98.299,50.399,15.748,0.000,0.000,44.877,15.617,0.000,0,0,0,0,0,0,0,0,0,0.000,0.000,0.000,0.000,0.000,0.000,0.000,0.000,0,0,0,0,0,0,0,0,0,0.000,0.000,0.000,0.000,0.000,0.000,0.000,0.000,0,0,0,0,0,0,0,0,0,0.000,0.000,0.000,0.000,0.000,0.000,0.000,0.000,0,0,0,0,0,0,0,0,0,0.000,0.000,0.000,0.000,0.000,0.000,0.000,0.000,0,0,0,0,0,0,0,0,0,0,0,0,0,0,0,0,0,0
6931,231.0,1857,78,24,727,1130,0,0,735,331.86,1.052,1.159,0.279,0.054,0.336,-0.826,1.664,0.3197,2.8568,0.686,0.007,0.006,0.074,-0.088,78,47,191,1,84,0,58045.70,7121.647,19506.808,83.337,2776.009,21.439,15566.019,7145.073,1328.284,6062.956,4850.365,7036.449,15.625,1245.384,0.000210,0.035253,696,0,151,40,191,151,16476,66,40,77.135,0,0,0,0,0,0,0,0,0,0,0,0,0,0,36132,933,629,26552.517,19386.885,2733.084,6.202,77.135,13079.750,5989.572,1008.867,113,275,47,151,77,64148,157,4,1,106.244,67.184,4.181,0.000,0.000,60.051,19.754,0.020,0,0,0,0,0,0,0,0,0,0.000,0.000,0.000,0.000,0.000,0.000,0.000,0.000,0,0,0,0,0,0,0,0,0,0.000,0.000,0.000,0.000,0.000,0.000,0.000,0.000,0,0,0,0,0,0,0,0,0,0.000,0.000,0.000,0.000,0.000,0.000,0.000,0.000,0,0,0,0,0,0,0,0,0,0.000,0.000,0.000,0.000,0.000,0.000,0.000,0.000,0,0,0,0,0,0,0,0,0,0,0,0,0,0,0,0,0,0
6961,232.0,1729,68,24,703,1026,0,0,610,339.36,1.041,1.140,0.287,0.054,0.346,-0.827,1.666,0.3227,2.8120,0.703,0.004,0.009,0.072,-0.090,99,49,154,0,61,0,54431.49,6500.298,19053.904,79.363,2439.318,24.929,14219.889,6369.891,1123.386,6211.645,4969.316,5245.283,43.383,1003.612,0.000170,0.035465,585,0,118,36,154,118,14905,58,36,74.857,0,0,0,0,0,0,0,0,0,0,0,0,0,0,32314,912,527,25579.046,18953.581,2398.576,4.505,74.857,11807.744,5329.351,891.710,116,219,48,118,53,58817,175,5,0,125.000,84.703,0.000,0.000,0.000,67.147,26.851,0.014,0,1,1,0,0,762,0,0,0,0.000,0.000,0.000,0.000,0.000,0.000,0.000,0.000,0,0,0,0,0,0,0,0,0,0.000,0.000,0.000,0.000,0.000,0.000,0.000,0.000,0,0,0,0,0,0,0,0,0,0.000,0.000,0.000,0.000,0.000,0.000,0.000,0.000,0,0,0,0,0,0,0,0,0,0.000,0.000,0.000,0.000,0.000,0.000,0.000,0.000,0,0,0,0,0,0,0,0,0,0,0,0,0,0,0,0,0,0
6991,233.0,1591,72,24,649,942,0,0,523,427.55,1.040,1.140,0.313,0.053,0.347,-0.828,1.666,0.3197,2.7955,0.713,0.008,0.010,0.072,-0.090,75,42,155,1,56,0,50757.92,5942.083,17411.758,108.297,2054.327,23.407,13176.513,5694.598,969.041,5352.768,4282.215,5252.813,98.042,874.145,0.000158,0.033924,481,0,93,62,155,93,13781,39,62,104.818,0,0,0,0,0,0,0,0,0,0,0,0,0,0,29371,830,440,23045.727,17291.085,2009.385,3.479,104.818,10874.053,4739.600,813.425,103,187,42,93,52,51718,150,6,2,166.850,101.824,11.329,0.000,0.000,57.262,25.726,0.016,0,0,0,0,0,0,0,0,0,0.000,0.000,0.000,0.000,0.000,0.000,0.000,0.000,0,0,0,0,0,0,0,0,0,0.000,0.000,0.000,0.000,0.000,0.000,0.000,0.000,0,0,0,0,0,0,0,0,0,0.000,0.000,0.000,0.000,0.000,0.000,0.000,0.000,0,0,0,0,0,0,0,0,0,0.000,0.000,0.000,0.000,0.000,0.000,0.000,0.000,0,0,0,0,0,0,0,0,0,0,0,0,0,0,0,0,0,0
7021,234.0,1472,75,24,601,871,0,0,440,403.52,1.036,1.146,0.325,0.051,0.348,-0.831,1.665,0.3186,2.8257,0.736,0.010,0.011,0.072,-0.090,73,52,134,0,40,0,47389.21,5245.739,16044.502,98.926,1946.000,23.299,12160.006,5229.372,799.156,4863.742,3890.994,4714.164,75.473,806.956,0.000095,0.033746,453,0,81,53,134,81,12902,27,53,95.959,0,0,0,0,0,0,0,0,0,0,0,0,0,0,26887,766,422,21310.785,15990.685,1908.802,2.967,95.959,10038.819,4325.215,776.563,94,164,50,81,33,40672,141,2,4,81.942,33.836,21.278,0.000,0.000,54.968,25.348,0.002,1,2,0,0,2,484,0,0,0,0.000,0.000,0.000,0.000,0.000,0.000,0.000,0.000,0,0,0,0,0,0,0,0,0,0.000,0.000,0.000,0.000,0.000,0.000,0.000,0.000,0,0,0,0,0,0,0,0,0,0.000,0.000,0.000,0.000,0.000,0.000,0.000,0.000,0,0,0,0,0,0,0,0,0,0.000,0.000,0.000,0.000,0.000,0.000,0.000,0.000,0,0,0,0,0,0,0,0,0,0,0,0,0,0,0,0,0,0
7051,235.0,1362,62,23,555,806,0,1,345,447.94,1.033,1.146,0.344,0.054,0.348,-0.831,1.673,0.3176,2.7231,0.693,0.005,0.014,0.073,-0.091,88,41,130,2,38,0,42974.78,4685.753,13835.293,94.002,1428.748,27.419,11402.397,4822.916,645.023,4536.527,3629.222,4461.385,150.091,640.361,0.000145,0.033458,317,0,82,48,130,82,12517,9,48,91.101,0,0,0,0,0,0,0,0,0,0,0,0,0,0,25175,663,302,18038.800,13797.544,1399.005,2.901,91.101,9417.932,4021.554,678.820,87,152,40,82,30,41407,147,1,6,57.334,17.095,21.015,0.000,0.000,56.872,26.844,0.000,0,0,0,0,0,0,26,0,0,0.000,0.000,0.000,0.000,0.000,3.988,0.545,0.000,0,0,0,0,0,0,0,0,0,0.000,0.000,0.000,0.000,0.000,0.000,0.000,0.000,0,0,0,0,0,0,0,0,0,0.000,0.000,0.000,0.000,0.000,0.000,0.000,0.000,0,0,0,0,0,0,0,0,0,0.000,0.000,0.000,0.000,0.000,0.000,0.000,0.000,0,0,0,0,0,0,0,1,0,0,0,0,0,0,0,0,0,0
7081,236.0,1288,56,23,535,752,0,1,288,452.54,1.025,1.140,0.344,0.053,0.354,-0.832,1.671,0.3202,2.7513,0.709,0.002,0.011,0.072,-0.091,82,45,95,0,25,0,40141.66,4221.781,13454.982,68.499,1207.371,27.094,10595.354,4395.055,519.733,4052.904,3242.323,3488.863,186.597,582.203,0.000102,0.033081,323,0,66,29,95,66,11879,65,29,66.157,0,0,0,0,0,0,0,0,0,0,0,0,0,0,23204,638,254,17164.381,13337.932,1156.169,2.342,66.157,8706.907,3669.828,609.432,75,128,43,65,20,34084,141,6,4,193.024,102.279,28.745,0.000,0.000,54.882,23.393,0.020,0,1,0,1,0,47,30,0,0,0.000,0.000,0.000,0.000,0.000,4.582,0.638,0.000,0,0,0,0,0,0,0,0,0,0.000,0.000,0.000,0.000,0.000,0.000,0.000,0.000,0,0,0,0,0,0,0,0,0,0.000,0.000,0.000,0.000,0.000,0.000,0.000,0.000,0,0,0,0,0,0,0,0,0,0.000,0.000,0.000,0.000,0.000,0.000,0.000,0.000,0,0,0,0,0,0,0,0,0,0,0,0,0,0,0,0,0,0
7111,237.0,1187,61,23,500,686,0,1,214,465.12,1.017,1.131,0.345,0.054,0.359,-0.835,1.668,0.3222,2.8390,0.710,0.006,0.013,0.073,-0.093,74,47,97,1,33,0,36666.36,3965.319,11582.964,66.233,1268.850,25.648,9874.067,4095.110,427.083,3570.414,2856.331,3422.975,3.349,553.143,0.000085,0.033088,271,0,67,30,97,67,11156,11,30,63.853,0,0,0,0,0,0,0,0,0,0,0,0,0,0,21510,544,259,15010.977,11419.768,1256.167,2.380,63.853,8091.668,3453.708,531.295,69,135,45,66,24,37291,139,9,1,234.433,151.464,6.350,0.000,0.000,54.227,23.263,0.368,1,1,0,1,0,20,30,0,0,0.000,0.000,0.000,0.000,0.000,4.551,0.639,0.000,0,0,0,0,0,0,0,0,0,0.000,0.000,0.000,0.000,0.000,0.000,0.000,0.000,0,0,0,0,0,0,0,0,0,0.000,0.000,0.000,0.000,0.000,0.000,0.000,0.000,0,0,0,0,0,0,0,0,0,0.000,0.000,0.000,0.000,0.000,0.000,0.000,0.000,0,0,0,0,0,0,0,0,0,0,0,0,0,0,0,0,0,0
7141,238.0,1110,77,23,490,619,0,1,166,390.02,0.993,1.111,0.329,0.052,0.374,-0.839,1.671,0.3229,2.9020,0.716,0.002,0.010,0.073,-0.096,76,56,82,2,26,0,34207.92,3716.844,10937.884,41.283,1097.112,23.947,9089.368,3825.537,320.747,3933.234,3146.587,2643.939,22.961,465.255,0.000081,0.033491,253,0,60,22,82,60,10573,28,22,39.275,0,0,0,0,0,0,0,0,0,0,0,0,0,0,19712,515,224,13947.898,10849.786,1075.282,2.008,39.275,7393.753,3278.379,444.872,73,141,56,60,25,37666,120,5,1,128.084,79.754,1.873,0.000,0.000,47.806,19.885,0.000,1,0,0,0,0,0,30,0,0,0.000,0.000,0.000,0.000,0.000,4.526,0.641,0.000,0,0,0,0,0,0,0,0,0,0.000,0.000,0.000,0.000,0.000,0.000,0.000,0.000,0,0,0,0,0,0,0,0,0,0.000,0.000,0.000,0.000,0.000,0.000,0.000,0.000,0,0,0,0,0,0,0,0,0,0.000,0.000,0.000,0.000,0.000,0.000,0.000,0.000,0,0,0,0,0,0,0,0,0,0,0,0,0,0,0,0,0,0
7171,239.0,1061,73,23,495,566,0,0,127,385.33,0.969,1.081,0.330,0.055,0.392,-0.842,1.667,0.3273,2.8192,0.723,0.006,0.016,0.071,-0.100,88,44,84,0,16,0,33309.99,3655.763,11428.742,14.915,877.159,22.023,8259.610,3379.700,242.900,4129.951,3303.961,2635.962,193.116,460.079,0.000100,0.033630,206,0,75,9,84,75,9535,19,9,12.499,0,0,0,0,0,0,0,0,0,0,0,0,0,0,17560,535,180,14271.652,11407.287,843.636,2.416,12.499,6570.702,2920.169,359.480,76,129,42,75,12,36510,120,1,7,60.029,16.829,22.870,0.000,0.000,48.192,15.718,0.000,0,0,0,0,0,0,27,0,0,0.000,0.000,0.000,0.000,0.000,4.081,0.577,0.000,0,1,1,0,0,143,0,0,0,0.000,0.000,0.000,0.000,0.000,0.000,0.000,0.000,0,0,0,0,0,0,0,0,0,0.000,0.000,0.000,0.000,0.000,0.000,0.000,0.000,0,0,0,0,0,0,0,0,0,0.000,0.000,0.000,0.000,0.000,0.000,0.000,0.000,0,0,0,0,0,0,0,0,0,0,0,0,0,0,0,0,0,0
7201,240.0,1043,60,20,489,554,0,0,112,387.02,0.962,1.084,0.323,0.058,0.395,-0.844,1.664,0.3251,2.8706,0.713,0.004,0.016,0.071,-0.099,93,35,56,1,10,0,33276.82,3655.388,10800.284,37.131,937.944,26.375,7888.967,3131.950,205.454,3639.313,2911.451,2154.275,17.931,399.525,0.000083,0.034142,221,0,39,17,56,39,9048,31,17,35.880,0,0,0,0,0,0,0,0,0,0,0,0,0,0,16592,506,187,13647.571,10738.556,898.282,1.251,35.880,6201.327,2740.004,291.005,68,80,35,39,6,20491,120,3,3,103.301,45.564,19.206,0.000,0.000,48.392,16.454,0.000,0,0,0,0,0,0,0,0,0,0.000,0.000,0.000,0.000,0.000,0.000,0.000,0.000,0,0,0,0,0,0,0,0,0,0.000,0.000,0.000,0.000,0.000,0.000,0.000,0.000,0,0,0,0,0,0,0,0,0,0.000,0.000,0.000,0.000,0.000,0.000,0.000,0.000,0,0,0,0,0,0,0,0,0,0.000,0.000,0.000,0.000,0.000,0.000,0.000,0.000,0,0,0,0,0,0,0,0,0,0,0,0,0,0,0,0,0,0
7231,241.0,1029,72,20,492,537,0,0,96,331.48,0.954,1.067,0.320,0.059,0.401,-0.843,1.665,0.3242,2.8337,0.726,0.004,0.013,0.072,-0.102,86,44,70,1,8,0,33536.36,3616.039,11478.816,26.865,862.667,28.032,7780.766,3114.614,166.029,4860.090,3888.072,2365.850,46.735,416.177,0.000075,0.033874,172,0,58,12,70,58,9035,17,12,25.298,0,0,0,0,0,0,0,0,0,0,0,0,0,0,16353,537,154,14320.283,11421.057,838.615,1.568,25.298,6104.498,2732.710,280.688,92,108,42,58,8,20245,115,3,1,88.278,47.471,9.080,0.000,0.000,46.018,19.498,0.000,0,1,1,0,0,676,0,0,0,0.000,0.000,0.000,0.000,0.000,0.000,0.000,0.000,0,0,0,0,0,0,0,0,0,0.000,0.000,0.000,0.000,0.000,0.000,0.000,0.000,0,0,0,0,0,0,0,0,0,0.000,0.000,0.000,0.000,0.000,0.000,0.000,0.000,0,0,0,0,0,0,0,0,0,0.000,0.000,0.000,0.000,0.000,0.000,0.000,0.000,0,0,0,0,0,0,0,0,0,0,0,0,0,0,0,0,0,0
7261,242.0,1032,70,20,490,542,0,0,76,271.77,0.948,1.080,0.307,0.058,0.401,-0.847,1.667,0.3231,2.9557,0.728,0.014,0.020,0.072,-0.099,78,40,53,0,6,0,35364.41,3677.403,12346.047,26.373,783.372,23.036,7615.545,3093.563,135.337,4533.242,3626.593,2094.608,25.070,351.000,0.000142,0.034386,163,0,40,13,53,40,8775,13,13,25.101,0,0,0,0,0,0,0,0,0,0,0,0,0,0,16040,572,149,15155.285,12256.630,763.834,1.272,25.101,5963.330,2726.919,265.652,89,84,40,39,5,18355,103,5,1,141.536,79.488,10.046,0.000,0.000,38.350,21.559,0.000,1,1,0,1,0,335,0,0,0,0.000,0.000,0.000,0.000,0.000,0.000,0.000,0.000,0,0,0,0,0,0,0,0,0,0.000,0.000,0.000,0.000,0.000,0.000,0.000,0.000,0,0,0,0,0,0,0,0,0,0.000,0.000,0.000,0.000,0.000,0.000,0.000,0.000,0,0,0,0,0,0,0,0,0,0.000,0.000,0.000,0.000,0.000,0.000,0.000,0.000,0,0,0,0,0,0,0,0,0,0,0,0,0,0,0,0,0,0
7291,243.0,1063,88,20,492,571,0,0,69,301.54,0.956,1.100,0.307,0.057,0.392,-0.852,1.659,0.3273,2.8735,0.720,0.014,0.018,0.072,-0.098,115,31,56,0,2,0,36639.95,3709.325,11733.710,36.039,975.457,27.292,7770.205,3267.153,115.554,5171.062,4136.850,1658.273,24.712,333.422,0.000104,0.034141,197,0,34,22,56,34,9022,21,22,35.171,0,0,0,0,0,0,0,0,0,0,0,0,0,0,16576,546,176,14726.207,11694.029,955.792,0.867,35.171,6118.890,2837.997,331.212,96,64,31,31,2,12702,76,1,0,25.000,16.829,0.000,0.000,0.000,28.078,17.665,0.000,0,3,0,3,0,865,0,0,0,0.000,0.000,0.000,0.000,0.000,0.000,0.000,0.000,0,0,0,0,0,0,0,0,0,0.000,0.000,0.000,0.000,0.000,0.000,0.000,0.000,0,0,0,0,0,0,0,0,0,0.000,0.000,0.000,0.000,0.000,0.000,0.000,0.000,0,0,0,0,0,0,0,0,0,0.000,0.000,0.000,0.000,0.000,0.000,0.000,0.000,0,0,0,0,0,0,0,0,0,0,0,0,0,0,0,0,0,0
7321,244.0,1097,90,20,493,604,0,0,63,336.62,0.965,1.133,0.315,0.056,0.383,-0.855,1.658,0.3240,3.0137,0.717,0.014,0.020,0.072,-0.092,82,24,66,1,4,0,37907.90,3780.975,12806.162,46.497,970.015,25.512,8058.616,3472.716,100.507,5663.093,4530.475,2142.448,61.420,397.357,0.000147,0.033651,188,0,46,20,66,46,9611,36,20,45.226,0,0,0,0,0,0,0,0,0,0,0,0,0,0,17497,598,152,15977.042,12796.011,938.298,1.271,45.226,6432.218,3006.253,386.228,107,74,24,46,4,15662,0,0,0,0.000,0.000,0.000,0.000,0.000,0.000,0.000,0.000,0,0,0,0,0,0,0,0,0,0.000,0.000,0.000,0.000,0.000,0.000,0.000,0.000,0,0,0,0,0,0,0,0,0,0.000,0.000,0.000,0.000,0.000,0.000,0.000,0.000,0,0,0,0,0,0,0,0,0,0.000,0.000,0.000,0.000,0.000,0.000,0.000,0.000,0,0,0,0,0,0,0,0,0,0.000,0.000,0.000,0.000,0.000,0.000,0.000,0.000,0,0,0,0,0,0,0,0,0,0,0,0,0,0,0,0,0,0
7351,245.0,1133,116,19,496,637,0,0,57,316.65,0.972,1.145,0.313,0.053,0.375,-0.855,1.661,0.3244,2.9886,0.728,0.010,0.020,0.073,-0.092,103,36,59,0,6,0,39903.04,3917.616,14001.178,33.394,1160.841,22.896,8426.836,3754.604,90.080,6002.279,4801.823,2001.024,113.376,370.675,0.000143,0.033158,190,0,43,16,59,43,10052,9,16,32.308,0,0,0,0,0,0,0,0,0,0,0,0,0,0,18580,654,181,17610.764,13973.240,1154.404,1.086,32.308,6791.003,3257.645,415.779,116,83,36,43,4,20038,0,0,0,0.000,0.000,0.000,0.000,0.000,0.000,0.000,0.000,0,0,0,0,0,0,0,0,0,0.000,0.000,0.000,0.000,0.000,0.000,0.000,0.000,0,0,0,0,0,0,0,0,0,0.000,0.000,0.000,0.000,0.000,0.000,0.000,0.000,0,0,0,0,0,0,0,0,0,0.000,0.000,0.000,0.000,0.000,0.000,0.000,0.000,0,0,0,0,0,0,0,0,0,0.000,0.000,0.000,0.000,0.000,0.000,0.000,0.000,0,0,0,0,0,0,0,0,0,0,0,0,0,0,0,0,0,0
7381,246.0,1210,72,19,519,691,0,0,48,246.85,0.973,1.167,0.306,0.051,0.370,-0.859,1.660,0.3265,3.0556,0.695,0.006,0.020,0.073,-0.089,99,28,62,0,2,0,42590.77,4168.346,15809.277,11.434,1145.208,26.102,8914.660,3908.134,81.189,7337.158,5869.726,2206.783,285.047,438.084,0.000126,0.033992,194,0,57,5,62,57,10770,21,5,9.390,0,0,0,0,0,0,0,0,0,0,0,0,0,0,20007,735,173,19694.179,15786.064,1133.991,2.044,9.390,7242.383,3469.027,354.767,141,87,28,57,2,15337,0,0,0,0.000,0.000,0.000,0.000,0.000,0.000,0.000,0.000,0,0,0,0,0,0,0,0,0,0.000,0.000,0.000,0.000,0.000,0.000,0.000,0.000,0,0,0,0,0,0,0,0,0,0.000,0.000,0.000,0.000,0.000,0.000,0.000,0.000,0,0,0,0,0,0,0,0,0,0.000,0.000,0.000,0.000,0.000,0.000,0.000,0.000,0,0,0,0,0,0,0,0,0,0.000,0.000,0.000,0.000,0.000,0.000,0.000,0.000,0,0,0,0,0,0,0,0,0,0,0,0,0,0,0,0,0,0
7411,247.0,1247,105,19,519,728,0,0,36,272.82,0.981,1.191,0.304,0.049,0.362,-0.861,1.656,0.3288,3.0400,0.706,0.010,0.019,0.074,-0.088,98,30,63,0,7,0,44703.12,4382.237,15292.242,54.962,1357.674,24.496,9364.418,4024.480,65.667,5894.299,4715.440,2291.400,258.228,434.039,0.000165,0.035494,224,0,39,24,63,39,11442,11,24,53.398,0,0,0,0,0,0,0,0,0,0,0,0,0,0,21299,707,213,19229.143,15251.402,1348.540,1.563,53.398,7643.484,3608.562,328.873,112,75,30,39,6,15908,0,0,0,0.000,0.000,0.000,0.000,0.000,0.000,0.000,0.000,0,0,0,0,0,0,0,0,0,0.000,0.000,0.000,0.000,0.000,0.000,0.000,0.000,0,0,0,0,0,0,0,0,0,0.000,0.000,0.000,0.000,0.000,0.000,0.000,0.000,0,0,0,0,0,0,0,0,0,0.000,0.000,0.000,0.000,0.000,0.000,0.000,0.000,0,0,0,0,0,0,0,0,0,0.000,0.000,0.000,0.000,0.000,0.000,0.000,0.000,0,0,0,0,0,0,0,0,0,0,0,0,0,0,0,0,0,0
7441,248.0,1284,127,19,506,778,0,0,31,348.68,0.998,1.238,0.317,0.049,0.348,-0.864,1.652,0.3280,3.1549,0.729,0.014,0.019,0.074,-0.083,89,40,109,1,4,0,46296.23,4660.530,17418.475,91.283,1550.771,18.896,9848.275,4407.149,50.350,8449.143,6759.314,3844.014,122.757,614.807,0.000144,0.035614,274,0,72,37,109,72,12365,37,37,88.149,0,0,0,0,0,0,0,0,0,0,0,0,0,0,22722,803,237,21798.619,17399.986,1519.935,3.134,88.149,8151.668,3940.976,381.249,166,116,40,72,4,19292,0,0,0,0.000,0.000,0.000,0.000,0.000,0.000,0.000,0.000,0,0,0,0,0,0,0,0,0,0.000,0.000,0.000,0.000,0.000,0.000,0.000,0.000,0,0,0,0,0,0,0,0,0,0.000,0.000,0.000,0.000,0.000,0.000,0.000,0.000,0,0,0,0,0,0,0,0,0,0.000,0.000,0.000,0.000,0.000,0.000,0.000,0.000,0,0,0,0,0,0,0,0,0,0.000,0.000,0.000,0.000,0.000,0.000,0.000,0.000,0,0,0,0,0,0,0,0,0,0,0,0,0,0,0,0,0,0
7471,249.0,1407,97,19,523,884,0,0,29,325.26,1.012,1.285,0.327,0.047,0.334,-0.867,1.653,0.3301,3.1529,0.715,0.006,0.019,0.075,-0.077,89,44,74,0,2,0,51112.27,4841.161,20924.866,43.810,1557.031,19.210,10557.617,4806.149,46.722,10395.751,8316.601,2635.125,333.888,535.143,0.000135,0.036025,299,0,54,20,74,54,13653,73,20,41.453,0,0,0,0,0,0,0,0,0,0,0,0,0,0,24676,960,226,25696.978,20903.186,1510.894,2.357,41.453,8852.656,4258.194,457.927,205,99,44,54,1,17945,13,0,0,0.000,0.000,0.000,0.000,0.000,6.232,2.661,0.000,0,0,0,0,0,0,0,0,0,0.000,0.000,0.000,0.000,0.000,0.000,0.000,0.000,0,0,0,0,0,0,0,0,0,0.000,0.000,0.000,0.000,0.000,0.000,0.000,0.000,0,0,0,0,0,0,0,0,0,0.000,0.000,0.000,0.000,0.000,0.000,0.000,0.000,0,0,0,0,0,0,0,0,0,0.000,0.000,0.000,0.000,0.000,0.000,0.000,0.000,0,0,0,0,0,0,0,0,0,0,0,0,0,0,0,0,0,0
7501,250.0,1474,75,19,529,945,0,0,26,289.95,1.020,1.307,0.337,0.046,0.326,-0.870,1.655,0.3309,3.1630,0.690,0.006,0.017,0.075,-0.073,82,42,127,0,5,0,54266.13,5077.857,22100.977,75.688,1567.734,18.645,11585.686,5435.824,44.583,10242.545,8194.036,4120.762,218.058,647.239,0.000147,0.034753,326,0,91,36,127,91,15407,83,36,72.536,0,0,0,0,0,0,0,0,0,0,0,0,0,0,27569,1020,243,27050.216,22080.225,1535.660,3.152,72.536,9855.512,4831.123,509.502,198,137,42,91,4,21495,30,0,0,0.000,0.000,0.000,0.000,0.000,14.348,6.090,0.000,0,0,0,0,0,0,0,0,0,0.000,0.000,0.000,0.000,0.000,0.000,0.000,0.000,0,0,0,0,0,0,0,0,0,0.000,0.000,0.000,0.000,0.000,0.000,0.000,0.000,0,0,0,0,0,0,0,0,0,0.000,0.000,0.000,0.000,0.000,0.000,0.000,0.000,0,0,0,0,0,0,0,0,0,0.000,0.000,0.000,0.000,0.000,0.000,0.000,0.000,0,0,0,0,0,0,0,0,0,0,0,0,0,0,0,0,0,0
7531,251.0,1540,95,19,541,999,0,0,25,229.71,1.024,1.324,0.355,0.049,0.322,-0.868,1.654,0.3360,3.1585,0.675,0.013,0.024,0.075,-0.070,108,46,140,0,3,0,56484.13,5358.260,22916.271,88.250,1920.001,16.472,12220.032,5750.038,35.102,10907.071,8725.657,5012.859,167.310,778.028,0.000168,0.034767,370,0,106,34,140,106,16086,77,34,84.443,0,0,0,0,0,0,0,0,0,0,0,0,0,0,29138,1051,293,28330.801,22830.799,1896.568,3.808,84.443,10481.432,5125.468,529.013,209,155,46,106,3,20064,30,3,0,75.000,49.206,0.000,0.000,0.000,14.328,5.537,0.000,0,0,0,0,0,0,0,0,0,0.000,0.000,0.000,0.000,0.000,0.000,0.000,0.000,0,0,0,0,0,0,0,0,0,0.000,0.000,0.000,0.000,0.000,0.000,0.000,0.000,0,0,0,0,0,0,0,0,0,0.000,0.000,0.000,0.000,0.000,0.000,0.000,0.000,0,0,0,0,0,0,0,0,0,0.000,0.000,0.000,0.000,0.000,0.000,0.000,0.000,0,0,0,0,0,0,0,0,0,0,0,0,0,0,0,0,0,0
7561,252.0,1671,86,19,561,1110,0,0,23,252.49,1.036,1.358,0.363,0.051,0.312,-0.870,1.646,0.3345,3.1756,0.665,0.007,0.020,0.076,-0.062,96,51,131,0,2,0,61397.95,5788.325,26965.890,71.199,2040.494,16.638,13092.364,6097.497,36.612,13603.224,10882.579,4872.251,296.262,795.971,0.000172,0.035206,382,0,101,30,131,101,16996,88,30,68.083,0,0,0,0,0,0,0,0,0,0,0,0,0,0,31347,1236,294,33085.309,26897.951,2017.340,3.116,68.083,11319.252,5391.013,608.195,265,154,51,101,2,25322,30,2,0,50.000,32.804,0.000,0.000,0.000,14.317,6.407,0.000,0,0,0,0,0,0,0,0,0,0.000,0.000,0.000,0.000,0.000,0.000,0.000,0.000,0,0,0,0,0,0,0,0,0,0.000,0.000,0.000,0.000,0.000,0.000,0.000,0.000,0,0,0,0,0,0,0,0,0,0.000,0.000,0.000,0.000,0.000,0.000,0.000,0.000,0,0,0,0,0,0,0,0,0,0.000,0.000,0.000,0.000,0.000,0.000,0.000,0.000,0,0,0,0,0,0,0,0,0,0,0,0,0,0,0,0,0,0
7591,253.0,1757,115,19,560,1197,0,0,23,241.80,1.055,1.386,0.384,0.051,0.300,-0.871,1.642,0.3358,3.2011,0.646,0.007,0.016,0.077,-0.058,118,51,164,0,2,0,65215.36,5963.775,28791.170,101.360,2345.779,18.066,14357.449,6906.990,35.322,13203.494,10562.796,5618.163,521.132,959.134,0.000144,0.035257,517,0,121,43,164,121,18057,181,43,97.730,0,0,0,0,0,0,0,0,0,0,0,0,0,0,34763,1322,336,35426.305,28728.319,2254.396,3.630,97.730,12572.524,6072.808,731.913,261,173,51,120,2,21598,32,2,0,50.000,32.804,0.000,0.000,0.000,15.181,6.676,0.000,0,1,0,1,0,1,0,0,0,0.000,0.000,0.000,0.000,0.000,0.000,0.000,0.000,0,0,0,0,0,0,0,0,0,0.000,0.000,0.000,0.000,0.000,0.000,0.000,0.000,0,0,0,0,0,0,0,0,0,0.000,0.000,0.000,0.000,0.000,0.000,0.000,0.000,0,0,0,0,0,0,0,0,0,0.000,0.000,0.000,0.000,0.000,0.000,0.000,0.000,0,0,0,0,0,0,0,0,0,0,0,0,0,0,0,0,0,0
7621,254.0,1883,98,19,584,1299,0,0,27,213.94,1.057,1.408,0.394,0.052,0.295,-0.873,1.640,0.3411,3.2758,0.647,0.007,0.014,0.077,-0.056,111,55,164,0,2,0,68749.07,6338.169,30595.862,76.985,2613.570,17.447,15451.236,7263.273,41.191,14861.687,11889.350,6092.436,620.082,1036.749,0.000151,0.034604,550,0,131,33,164,131,18981,140,33,72.555,0,0,0,0,0,0,0,0,0,0,0,0,0,0,37373,1404,410,37904.224,30558.215,2578.330,4.430,72.555,13613.883,6388.653,761.555,290,188,55,131,2,25825,70,1,0,25.000,16.402,0.000,0.000,0.000,34.075,16.183,0.000,0,0,0,0,0,0,0,0,0,0.000,0.000,0.000,0.000,0.000,0.000,0.000,0.000,0,0,0,0,0,0,0,0,0,0.000,0.000,0.000,0.000,0.000,0.000,0.000,0.000,0,0,0,0,0,0,0,0,0,0.000,0.000,0.000,0.000,0.000,0.000,0.000,0.000,0,0,0,0,0,0,0,0,0,0.000,0.000,0.000,0.000,0.000,0.000,0.000,0.000,0,0,0,0,0,0,0,0,0,0,0,0,0,0,0,0,0,0
7651,255.0,1966,100,22,583,1383,0,0,25,211.68,1.069,1.432,0.399,0.052,0.286,-0.875,1.637,0.3391,3.2595,0.645,0.009,0.015,0.077,-0.052,119,72,214,0,4,0,72652.36,6715.345,33203.717,130.709,2502.536,14.260,16343.268,7652.383,39.533,16010.158,12808.127,7469.204,366.195,1073.867,0.000179,0.033911,545,0,160,54,214,160,20731,159,54,125.899,0,0,0,0,0,0,0,0,0,0,0,0,0,0,39801,1512,386,40482.135,33118.926,2465.425,4.720,125.899,14463.735,6734.091,796.352,319,234,71,159,4,30087,85,4,0,82.500,54.389,0.000,0.000,0.000,39.069,16.457,0.000,1,2,1,1,0,56,0,0,0,0.000,0.000,0.000,0.000,0.000,0.000,0.000,0.000,0,0,0,0,0,0,0,0,0,0.000,0.000,0.000,0.000,0.000,0.000,0.000,0.000,0,0,0,0,0,0,0,0,0,0.000,0.000,0.000,0.000,0.000,0.000,0.000,0.000,0,0,0,0,0,0,0,0,0,0.000,0.000,0.000,0.000,0.000,0.000,0.000,0.000,0,0,0,0,0,0,0,0,0,0,0,0,0,0,0,0,0,0
7681,256.0,2021,90,22,568,1453,0,0,24,228.56,1.085,1.451,0.421,0.056,0.276,-0.874,1.640,0.3379,3.2106,0.665,0.018,0.014,0.077,-0.048,123,75,254,0,4,0,75485.09,6964.501,35314.109,143.257,2760.795,17.632,17421.842,8337.994,35.269,17128.141,13702.513,8694.656,408.837,1264.918,0.000158,0.033284,548,0,199,55,254,199,22133,141,55,137.918,0,0,0,0,0,0,0,0,0,0,0,0,0,0,42891,1608,407,43261.985,35257.378,2724.852,5.339,137.918,15589.995,7319.238,906.583,348,278,75,199,4,37009,60,0,0,0.000,0.000,0.000,0.000,0.000,26.197,9.529,0.000,0,0,0,0,0,0,0,0,0,0.000,0.000,0.000,0.000,0.000,0.000,0.000,0.000,0,0,0,0,0,0,0,0,0,0.000,0.000,0.000,0.000,0.000,0.000,0.000,0.000,0,0,0,0,0,0,0,0,0,0.000,0.000,0.000,0.000,0.000,0.000,0.000,0.000,0,0,0,0,0,0,0,0,0,0.000,0.000,0.000,0.000,0.000,0.000,0.000,0.000,0,0,0,0,0,0,0,0,0,0,0,0,0,0,0,0,0,0
7711,257.0,2109,107,22,585,1524,0,0,26,200.10,1.091,1.457,0.444,0.055,0.273,-0.874,1.637,0.3352,3.1909,0.651,0.005,0.011,0.078,-0.046,100,73,271,0,3,0,77955.22,7331.550,36871.596,142.513,3139.410,19.139,18121.481,8811.581,37.302,18642.635,14914.109,9460.234,324.865,1391.531,0.000237,0.032030,599,0,212,59,271,212,22088,121,59,135.182,0,0,0,0,0,0,0,0,0,0,0,0,0,0,44365,1678,478,45457.314,36828.602,3092.350,7.331,135.182,16300.835,7644.125,1049.635,359,286,71,212,3,32789,64,0,0,0.000,0.000,0.000,0.000,0.000,29.394,12.041,0.083,0,2,2,0,0,329,0,0,0,0.000,0.000,0.000,0.000,0.000,0.000,0.000,0.000,0,0,0,0,0,0,0,0,0,0.000,0.000,0.000,0.000,0.000,0.000,0.000,0.000,0,0,0,0,0,0,0,0,0,0.000,0.000,0.000,0.000,0.000,0.000,0.000,0.000,0,0,0,0,0,0,0,0,0,0.000,0.000,0.000,0.000,0.000,0.000,0.000,0.000,0,0,0,0,0,0,0,0,0,0,0,0,0,0,0,0,0,0
7741,258.0,2193,97,22,578,1615,0,0,34,198.53,1.099,1.488,0.465,0.057,0.265,-0.877,1.628,0.3328,3.2167,0.639,0.014,0.014,0.078,-0.042,117,84,276,0,4,0,82117.78,7408.175,40508.691,162.545,3192.300,15.105,19097.146,9057.777,43.230,19508.511,15606.809,9854.582,526.355,1436.058,0.000165,0.032129,634,0,209,67,276,209,23660,148,67,155.480,0,0,0,0,0,0,0,0,0,0,0,0,0,0,46743,1846,486,49544.189,40469.432,3101.978,7.065,155.480,17303.887,7847.664,1098.340,387,295,84,208,3,37400,41,1,0,25.000,15.889,0.000,0.000,0.000,19.261,9.016,0.160,0,1,0,1,0,20,0,0,0,0.000,0.000,0.000,0.000,0.000,0.000,0.000,0.000,0,0,0,0,0,0,0,0,0,0.000,0.000,0.000,0.000,0.000,0.000,0.000,0.000,0,0,0,0,0,0,0,0,0,0.000,0.000,0.000,0.000,0.000,0.000,0.000,0.000,0,0,0,0,0,0,0,0,0,0.000,0.000,0.000,0.000,0.000,0.000,0.000,0.000,0,0,0,0,0,0,0,0,0,0,0,0,0,0,0,0,0,0
7771,259.0,2279,85,22,584,1695,0,0,37,165.61,1.110,1.496,0.501,0.061,0.260,-0.877,1.613,0.3366,3.2215,0.636,0.009,0.014,0.078,-0.039,125,92,304,0,6,0,86012.65,7617.084,43183.908,146.140,2975.837,16.434,20417.082,9770.563,58.705,21321.445,17057.156,10584.282,465.837,1491.510,0.000118,0.032050,592,0,242,62,304,242,25630,155,60,137.571,0,0,0,0,0,0,0,0,0,0,0,0,0,0,49998,1974,437,52267.048,43107.175,2916.920,6.875,137.571,18666.656,8388.152,1274.859,420,340,92,242,6,41532,30,3,0,75.000,47.666,0.000,0.000,0.000,15.380,6.478,0.065,0,0,0,0,0,0,0,0,0,0.000,0.000,0.000,0.000,0.000,0.000,0.000,0.000,0,0,0,0,0,0,0,0,0,0.000,0.000,0.000,0.000,0.000,0.000,0.000,0.000,0,0,0,0,0,0,0,0,0,0.000,0.000,0.000,0.000,0.000,0.000,0.000,0.000,0,0,0,0,0,0,0,0,0,0.000,0.000,0.000,0.000,0.000,0.000,0.000,0.000,0,0,0,0,0,0,0,0,0,0,0,0,0,0,0,0,0,0
7801,260.0,2385,95,22,576,1809,0,0,43,211.04,1.127,1.524,0.532,0.061,0.250,-0.879,1.613,0.3414,3.1654,0.625,0.010,0.015,0.079,-0.034,108,99,266,0,4,0,89875.38,7738.730,43404.280,187.045,3094.430,18.019,21651.600,10281.241,59.826,20578.493,16462.795,9517.226,504.612,1337.118,0.000129,0.031956,613,0,185,81,266,185,25960,151,81,181.487,0,0,0,0,0,0,0,0,0,0,0,0,0,0,52454,1981,460,52668.281,43261.158,3039.362,5.558,181.487,19899.785,8832.644,1340.905,401,287,99,185,3,38975,47,4,2,112.596,63.554,8.205,0.000,0.000,20.944,10.272,0.178,0,0,0,0,0,0,0,0,0,0.000,0.000,0.000,0.000,0.000,0.000,0.000,0.000,0,0,0,0,0,0,0,0,0,0.000,0.000,0.000,0.000,0.000,0.000,0.000,0.000,0,0,0,0,0,0,0,0,0,0.000,0.000,0.000,0.000,0.000,0.000,0.000,0.000,0,0,0,0,0,0,0,0,0,0.000,0.000,0.000,0.000,0.000,0.000,0.000,0.000,0,0,0,0,0,0,0,0,0,0,0,0,0,0,0,0,0,0
7831,261.0,2445,96,22,573,1872,0,0,50,168.76,1.135,1.527,0.559,0.065,0.244,-0.877,1.602,0.3445,3.1642,0.641,0.009,0.013,0.079,-0.033,122,122,304,0,1,0,92849.86,7945.568,45498.112,184.162,3063.479,16.696,23089.899,10908.627,70.319,21170.713,16936.571,10585.702,353.865,1410.807,0.000197,0.031411,528,0,229,75,304,229,26881,68,75,177.666,0,0,0,0,0,0,0,0,0,0,0,0,0,0,55550,2081,460,55052.268,45409.984,3039.957,6.496,177.666,21350.856,9396.599,1398.236,415,352,122,229,1,39905,81,2,0,50.000,34.255,0.000,0.000,0.000,31.403,16.180,0.206,0,0,0,0,0,0,0,0,0,0.000,0.000,0.000,0.000,0.000,0.000,0.000,0.000,0,0,0,0,0,0,0,0,0,0.000,0.000,0.000,0.000,0.000,0.000,0.000,0.000,0,0,0,0,0,0,0,0,0,0.000,0.000,0.000,0.000,0.000,0.000,0.000,0.000,0,0,0,0,0,0,0,0,0,0.000,0.000,0.000,0.000,0.000,0.000,0.000,0.000,0,0,0,0,0,0,0,0,0,0,0,0,0,0,0,0,0,0
7861,262.0,2450,110,22,544,1906,0,0,52,170.35,1.155,1.537,0.600,0.069,0.235,-0.874,1.602,0.3454,3.0065,0.629,0.015,0.016,0.080,-0.032,108,109,382,0,7,0,94327.75,7821.681,47990.315,226.102,3338.205,18.106,23698.973,11156.080,73.642,22141.418,17713.135,12758.936,724.311,1719.983,0.000297,0.029340,598,0,287,95,382,287,26916,99,95,217.787,0,0,0,0,0,0,0,0,0,0,0,0,0,0,56640,2196,495,58305.648,47850.357,3227.691,8.315,217.787,22044.729,9582.320,1460.877,437,402,109,286,7,51633,101,4,4,119.812,65.441,12.591,0.000,0.000,35.704,17.288,0.174,0,1,0,1,0,11,0,0,0,0.000,0.000,0.000,0.000,0.000,0.000,0.000,0.000,0,0,0,0,0,0,0,0,0,0.000,0.000,0.000,0.000,0.000,0.000,0.000,0.000,0,0,0,0,0,0,0,0,0,0.000,0.000,0.000,0.000,0.000,0.000,0.000,0.000,0,0,0,0,0,0,0,0,0,0.000,0.000,0.000,0.000,0.000,0.000,0.000,0.000,0,0,0,0,0,0,0,0,0,0,0,0,0,0,0,0,0,0
7891,263.0,2501,84,22,535,1966,0,0,57,162.63,1.171,1.546,0.626,0.071,0.229,-0.873,1.606,0.3477,2.9912,0.636,0.006,0.015,0.080,-0.031,124,131,364,0,8,0,94876.07,7662.782,49473.040,210.790,3239.667,16.165,24673.355,11539.441,80.088,24433.770,19547.016,13281.273,536.993,1800.378,0.000198,0.026802,633,0,277,87,364,277,27203,137,87,203.268,0,0,0,0,0,0,0,0,0,0,0,0,0,0,58451,2265,495,59930.766,49371.388,3165.792,7.522,203.268,23066.224,9925.916,1508.329,476,415,131,276,8,54863,78,3,1,81.344,48.889,4.343,0.000,0.000,30.115,13.940,0.092,0,1,0,1,0,95,0,0,0,0.000,0.000,0.000,0.000,0.000,0.000,0.000,0.000,0,0,0,0,0,0,0,0,0,0.000,0.000,0.000,0.000,0.000,0.000,0.000,0.000,0,0,0,0,0,0,0,0,0,0.000,0.000,0.000,0.000,0.000,0.000,0.000,0.000,0,0,0,0,0,0,0,0,0,0.000,0.000,0.000,0.000,0.000,0.000,0.000,0.000,0,0,0,0,0,0,0,0,0,0,0,0,0,0,0,0,0,0
7921,264.0,2566,89,22,520,2046,0,0,65,137.88,1.188,1.562,0.649,0.071,0.221,-0.873,1.626,0.3448,2.9831,0.631,0.012,0.017,0.081,-0.030,110,133,314,0,12,0,99141.22,7867.753,50770.124,200.699,3341.896,16.737,25540.549,11641.707,92.733,23207.084,18565.668,10591.908,577.141,1487.978,0.000143,0.026745,603,0,232,82,314,232,27064,59,82,194.851,0,0,0,0,0,0,0,0,0,0,0,0,0,0,60075,2316,544,61531.111,50694.236,3298.220,5.848,194.851,23979.440,10051.678,1491.269,457,377,133,232,12,46931,60,2,0,50.000,31.777,0.000,0.000,0.000,24.149,12.089,0.220,0,0,0,0,0,0,0,0,0,0.000,0.000,0.000,0.000,0.000,0.000,0.000,0.000,0,0,0,0,0,0,0,0,0,0.000,0.000,0.000,0.000,0.000,0.000,0.000,0.000,0,0,0,0,0,0,0,0,0,0.000,0.000,0.000,0.000,0.000,0.000,0.000,0.000,0,0,0,0,0,0,0,0,0,0.000,0.000,0.000,0.000,0.000,0.000,0.000,0.000,0,0,0,0,0,0,0,0,0,0,0,0,0,0,0,0,0,0
7951,265.0,2690,91,22,512,2178,0,0,68,182.15,1.200,1.591,0.658,0.070,0.213,-0.874,1.630,0.3508,2.9805,0.604,0.008,0.021,0.081,-0.025,116,144,265,0,14,0,104773.61,7453.568,53548.099,200.564,3105.411,19.705,26907.675,12168.101,105.828,24176.764,19341.411,9574.133,667.431,1311.315,0.000175,0.026338,506,0,185,80,265,185,27891,27,80,195.761,0,0,0,0,0,0,0,0,0,0,0,0,0,0,63214,2441,479,64416.563,53417.097,3081.186,4.803,195.761,25403.172,10586.419,1487.444,475,343,144,185,14,47644,60,4,0,100.000,68.448,0.000,0.000,0.000,24.134,10.440,0.234,0,0,0,0,0,0,0,0,0,0.000,0.000,0.000,0.000,0.000,0.000,0.000,0.000,0,0,0,0,0,0,0,0,0,0.000,0.000,0.000,0.000,0.000,0.000,0.000,0.000,0,0,0,0,0,0,0,0,0,0.000,0.000,0.000,0.000,0.000,0.000,0.000,0.000,0,0,0,0,0,0,0,0,0,0.000,0.000,0.000,0.000,0.000,0.000,0.000,0.000,0,0,0,0,0,0,0,0,0,0,0,0,0,0,0,0,0,0
7981,266.0,2810,89,22,509,2301,0,0,72,163.20,1.211,1.608,0.671,0.070,0.207,-0.877,1.622,0.3476,2.9861,0.654,0.006,0.019,0.081,-0.022,109,143,282,0,12,0,108725.36,7747.046,54870.728,151.032,3768.161,16.759,28625.438,12838.701,110.505,25022.600,20018.080,10074.969,648.284,1514.641,0.000184,0.025400,665,0,217,65,282,217,28651,59,65,145.634,0,0,0,0,0,0,0,0,0,0,0,0,0,0,67176,2504,605,66440.351,54720.781,3727.077,5.398,145.634,27130.602,11213.305,1525.287,495,372,143,217,12,47483,76,5,1,130.728,82.382,3.921,0.000,0.000,32.378,13.475,1.469,0,0,0,0,0,0,0,0,0,0.000,0.000,0.000,0.000,0.000,0.000,0.000,0.000,0,0,0,0,0,0,0,0,0,0.000,0.000,0.000,0.000,0.000,0.000,0.000,0.000,0,0,0,0,0,0,0,0,0,0.000,0.000,0.000,0.000,0.000,0.000,0.000,0.000,0,0,0,0,0,0,0,0,0,0.000,0.000,0.000,0.000,0.000,0.000,0.000,0.000,0,0,0,0,0,0,0,0,0,0,0,0,0,0,0,0,0,0
8011,267.0,2932,85,22,554,2378,0,0,75,148.62,1.207,1.597,0.682,0.069,0.212,-0.878,1.619,0.3570,2.9927,0.620,0.009,0.019,0.082,-0.023,124,171,268,0,17,0,110677.97,8157.623,54507.693,97.724,3818.671,16.759,29984.658,13351.139,115.684,25692.350,20553.880,9735.775,905.492,1579.216,0.000179,0.025252,728,0,232,36,268,232,29881,49,36,90.891,0,0,0,0,0,0,0,0,0,0,0,0,0,0,70036,2488,677,66022.677,54400.684,3767.131,6.525,90.891,28447.197,11594.550,1650.059,496,419,171,232,16,50316,90,4,2,113.046,66.494,8.930,0.308,0.000,39.524,14.743,4.775,0,0,0,0,0,0,0,0,0,0.000,0.000,0.000,0.000,0.000,0.000,0.000,0.000,0,0,0,0,0,0,0,0,0,0.000,0.000,0.000,0.000,0.000,0.000,0.000,0.000,0,0,0,0,0,0,0,0,0,0.000,0.000,0.000,0.000,0.000,0.000,0.000,0.000,0,0,0,0,0,0,0,0,0,0.000,0.000,0.000,0.000,0.000,0.000,0.000,0.000,0,0,0,0,0,0,0,0,0,0,0,0,0,0,0,0,0,0
8041,268.0,3010,71,22,550,2460,0,0,84,176.85,1.215,1.603,0.684,0.070,0.208,-0.879,1.622,0.3531,2.9645,0.610,0.011,0.017,0.082,-0.027,127,189,280,0,12,0,114623.73,8350.621,57567.751,164.991,4042.232,15.626,31086.454,13695.100,125.719,25013.945,20011.157,9753.503,994.152,1479.873,0.000220,0.023834,726,0,207,73,280,207,29900,40,73,158.873,0,0,0,0,0,0,0,0,0,0,0,0,0,0,72327,2611,683,69536.498,57483.656,3995.846,6.118,158.873,29490.554,11972.654,1606.138,490,408,189,207,12,54781,90,2,3,70.098,33.247,13.756,0.000,0.000,39.470,17.037,6.363,0,0,0,0,0,0,0,0,0,0.000,0.000,0.000,0.000,0.000,0.000,0.000,0.000,0,0,0,0,0,0,0,0,0,0.000,0.000,0.000,0.000,0.000,0.000,0.000,0.000,0,0,0,0,0,0,0,0,0,0.000,0.000,0.000,0.000,0.000,0.000,0.000,0.000,0,0,0,0,0,0,0,0,0,0.000,0.000,0.000,0.000,0.000,0.000,0.000,0.000,0,0,0,0,0,0,0,0,0,0,0,0,0,0,0,0,0,0
8071,269.0,3095,76,22,558,2537,0,0,93,156.95,1.218,1.617,0.686,0.069,0.207,-0.881,1.623,0.3610,2.9367,0.631,0.013,0.019,0.082,-0.021,102,217,283,0,9,0,117473.80,8505.758,57902.914,112.212,4648.003,17.112,32113.766,14121.672,146.433,26939.341,21551.473,9515.504,771.724,1613.849,0.000209,0.023254,817,0,233,50,283,233,31040,39,50,106.748,0,0,0,0,0,0,0,0,0,0,0,0,0,0,74870,2638,778,70893.114,57810.499,4616.325,5.464,106.748,30527.607,12285.381,1716.720,536,459,217,233,9,62165,90,4,0,100.000,67.717,0.000,0.000,0.000,39.493,16.414,5.406,0,0,0,0,0,0,0,0,0,0.000,0.000,0.000,0.000,0.000,0.000,0.000,0.000,0,0,0,0,0,0,0,0,0,0.000,0.000,0.000,0.000,0.000,0.000,0.000,0.000,0,0,0,0,0,0,0,0,0,0.000,0.000,0.000,0.000,0.000,0.000,0.000,0.000,0,0,0,0,0,0,0,0,0,0.000,0.000,0.000,0.000,0.000,0.000,0.000,0.000,0,0,0,0,0,0,0,0,0,0,0,0,0,0,0,0,0,0
8101,270.0,3148,71,30,566,2582,0,0,100,139.70,1.226,1.609,0.701,0.074,0.206,-0.880,1.613,0.3571,2.9636,0.632,0.011,0.017,0.082,-0.024,129,190,315,0,12,0,118403.66,9012.901,57555.219,138.849,4088.291,15.939,32915.096,14304.194,150.408,25625.053,20500.043,10664.399,951.764,1666.244,0.000204,0.024023,760,0,249,66,315,249,31312,56,66,132.306,0,0,0,0,0,0,0,0,0,0,0,0,0,0,76191,2613,704,69611.681,57472.079,4034.178,6.542,132.306,31299.969,12408.744,1769.182,496,450,190,248,12,55839,89,1,0,25.000,17.112,0.000,0.000,0.000,39.353,15.402,9.916,0,1,0,1,0,290,0,0,0,0.000,0.000,0.000,0.000,0.000,0.000,0.000,0.000,0,0,0,0,0,0,0,0,0,0.000,0.000,0.000,0.000,0.000,0.000,0.000,0.000,0,0,0,0,0,0,0,0,0,0.000,0.000,0.000,0.000,0.000,0.000,0.000,0.000,0,0,0,0,0,0,0,0,0,0.000,0.000,0.000,0.000,0.000,0.000,0.000,0.000,0,0,0,0,0,0,0,0,0,0,0,0,0,0,0,0,0,0
8131,271.0,3156,82,30,547,2609,0,0,107,215.33,1.236,1.611,0.719,0.074,0.201,-0.880,1.612,0.3498,2.8858,0.645,0.004,0.016,0.082,-0.024,132,216,321,0,14,0,118187.49,8676.706,57992.408,225.478,4099.834,17.600,33837.083,14623.868,167.570,25243.065,20194.452,11046.566,806.689,1580.374,0.000204,0.023866,683,0,231,90,321,231,31901,31,90,218.620,0,0,0,0,0,0,0,0,0,0,0,0,0,0,77918,2632,652,70156.467,57940.315,4072.697,6.144,218.620,32251.479,12775.410,1732.005,488,461,216,231,14,63767,60,1,0,25.000,15.889,0.000,0.714,0.000,30.810,10.377,9.438,0,0,0,0,0,0,0,0,0,0.000,0.000,0.000,0.000,0.000,0.000,0.000,0.000,0,0,0,0,0,0,0,0,0,0.000,0.000,0.000,0.000,0.000,0.000,0.000,0.000,0,0,0,0,0,0,0,0,0,0.000,0.000,0.000,0.000,0.000,0.000,0.000,0.000,0,0,0,0,0,0,0,0,0,0.000,0.000,0.000,0.000,0.000,0.000,0.000,0.000,0,0,0,0,0,0,0,0,0,0,0,0,0,0,0,0,0,0
8161,272.0,3236,78,30,561,2675,0,0,124,151.38,1.242,1.609,0.731,0.074,0.201,-0.882,1.609,0.3523,2.8889,0.627,0.002,0.017,0.082,-0.025,103,241,253,0,23,0,121980.77,8784.581,60335.842,140.287,4256.538,18.632,34537.183,14744.773,178.481,27039.306,21631.445,8435.886,775.284,1387.957,0.000184,0.023796,747,0,192,61,253,192,32066,50,61,135.032,0,0,0,0,0,0,0,0,0,0,0,0,0,0,79087,2735,697,72827.585,60287.634,4218.512,5.255,135.032,32966.039,12941.965,1695.577,521,454,240,192,22,60890,48,0,0,0.000,0.000,0.000,0.000,0.000,24.892,8.177,4.342,0,1,1,0,0,179,0,0,0,0.000,0.000,0.000,0.000,0.000,0.000,0.000,0.000,0,0,0,0,0,0,0,0,0,0.000,0.000,0.000,0.000,0.000,0.000,0.000,0.000,0,0,0,0,0,0,0,0,0,0.000,0.000,0.000,0.000,0.000,0.000,0.000,0.000,0,0,0,0,0,0,0,0,0,0.000,0.000,0.000,0.000,0.000,0.000,0.000,0.000,0,0,0,0,0,0,0,0,0,0,0,0,0,0,0,0,0,0
8191,273.0,3230,82,30,559,2671,0,0,137,204.46,1.249,1.613,0.748,0.077,0.201,-0.884,1.619,0.3516,2.8747,0.648,0.009,0.016,0.083,-0.024,104,224,299,0,18,0,121418.09,9080.666,57799.610,149.487,4776.683,15.142,35343.412,14906.519,198.932,24145.646,19316.518,9907.310,817.578,1589.562,0.000210,0.023291,861,0,230,69,299,230,31114,64,69,143.116,0,0,0,0,0,0,0,0,0,0,0,0,0,0,80384,2612,797,70459.773,57727.872,4739.683,6.371,143.116,33770.027,13168.460,1632.521,467,471,224,230,17,73060,60,2,0,50.000,32.859,0.000,0.000,0.000,32.239,10.036,0.178,0,0,0,0,0,0,0,0,0,0.000,0.000,0.000,0.000,0.000,0.000,0.000,0.000,0,0,0,0,0,0,0,0,0,0.000,0.000,0.000,0.000,0.000,0.000,0.000,0.000,0,0,0,0,0,0,0,0,0,0.000,0.000,0.000,0.000,0.000,0.000,0.000,0.000,0,0,0,0,0,0,0,0,0,0.000,0.000,0.000,0.000,0.000,0.000,0.000,0.000,0,0,0,0,0,0,0,0,0,0,0,0,0,0,0,0,0,0
8221,274.0,3236,78,30,549,2687,0,0,142,164.98,1.256,1.624,0.759,0.077,0.199,-0.885,1.617,0.3431,2.8762,0.643,0.004,0.016,0.084,-0.022,96,249,259,0,20,0,121130.94,8818.992,57125.298,162.748,5069.612,14.509,35763.299,15081.583,209.351,24246.057,19396.846,8333.952,683.291,1473.510,0.000229,0.021692,848,0,184,75,259,184,30817,55,75,157.748,0,0,0,0,0,0,0,0,0,0,0,0,0,0,80610,2569,793,69813.415,57030.888,5026.550,5.000,157.748,34196.403,13307.417,1671.595,469,453,249,184,20,66395,66,2,0,50.000,31.777,0.000,0.000,0.000,34.698,9.066,0.122,0,0,0,0,0,0,0,0,0,0.000,0.000,0.000,0.000,0.000,0.000,0.000,0.000,0,0,0,0,0,0,0,0,0,0.000,0.000,0.000,0.000,0.000,0.000,0.000,0.000,0,0,0,0,0,0,0,0,0,0.000,0.000,0.000,0.000,0.000,0.000,0.000,0.000,0,0,0,0,0,0,0,0,0,0.000,0.000,0.000,0.000,0.000,0.000,0.000,0.000,0,0,0,0,0,0,0,0,0,0,0,0,0,0,0,0,0,0
8251,275.0,3166,68,31,514,2652,0,0,142,181.30,1.266,1.641,0.772,0.078,0.193,-0.886,1.600,0.3322,2.9119,0.646,0.004,0.018,0.084,-0.020,108,246,293,0,25,0,119130.16,8390.437,56170.538,190.218,4472.430,14.661,35541.671,15054.595,221.365,22614.664,18091.732,9371.844,583.952,1455.605,0.000170,0.021380,779,0,208,85,293,208,30463,44,85,184.476,0,0,0,0,0,0,0,0,0,0,0,0,0,0,79859,2526,734,67978.341,56014.570,4440.158,5.742,184.476,34038.574,13310.096,1641.220,444,479,246,208,25,73907,90,7,1,183.270,113.391,5.614,0.000,0.000,44.968,14.380,0.296,0,0,0,0,0,0,0,0,0,0.000,0.000,0.000,0.000,0.000,0.000,0.000,0.000,0,0,0,0,0,0,0,0,0,0.000,0.000,0.000,0.000,0.000,0.000,0.000,0.000,0,0,0,0,0,0,0,0,0,0.000,0.000,0.000,0.000,0.000,0.000,0.000,0.000,0,0,0,0,0,0,0,0,0,0.000,0.000,0.000,0.000,0.000,0.000,0.000,0.000,0,0,0,0,0,0,0,0,0,0,0,0,0,0,0,0,0,0
8281,276.0,3075,74,31,491,2584,0,0,156,169.08,1.270,1.645,0.790,0.078,0.191,-0.885,1.600,0.3332,2.8814,0.644,0.002,0.020,0.085,-0.019,98,255,274,0,26,0,115519.98,7656.016,53603.115,162.527,4133.038,16.983,35081.420,14551.488,235.210,21050.852,16840.682,8792.149,788.731,1372.677,0.000270,0.019593,718,0,196,78,274,196,29842,32,78,157.707,0,0,0,0,0,0,0,0,0,0,0,0,0,0,78243,2413,685,64696.379,53535.120,4100.210,4.820,157.707,33632.296,12896.615,1550.760,408,476,255,196,25,75250,108,3,1,86.792,48.750,7.496,0.000,0.000,53.674,15.563,2.170,0,0,0,0,0,0,0,0,0,0.000,0.000,0.000,0.000,0.000,0.000,0.000,0.000,0,0,0,0,0,0,0,0,0,0.000,0.000,0.000,0.000,0.000,0.000,0.000,0.000,0,0,0,0,0,0,0,0,0,0.000,0.000,0.000,0.000,0.000,0.000,0.000,0.000,0,0,0,0,0,0,0,0,0,0.000,0.000,0.000,0.000,0.000,0.000,0.000,0.000,0,0,0,0,0,0,0,0,0,0,0,0,0,0,0,0,0,0
8311,277.0,3041,53,31,481,2560,0,0,159,183.47,1.275,1.650,0.795,0.079,0.191,-0.885,1.608,0.3339,2.8408,0.644,0.008,0.019,0.086,-0.019,109,251,221,0,36,0,114587.27,7469.027,53535.631,141.698,3597.306,17.389,34539.876,14284.343,240.658,21712.845,17370.276,6920.135,648.034,1103.445,0.000163,0.017985,613,0,159,62,221,159,29211,47,62,138.085,0,0,0,0,0,0,0,0,0,0,0,0,0,0,76800,2418,564,64265.802,53485.084,3562.408,3.613,138.085,33142.994,12624.781,1552.999,422,446,251,159,36,73061,120,1,2,30.184,16.971,3.519,0.000,0.000,59.170,16.760,3.451,0,0,0,0,0,0,0,0,0,0.000,0.000,0.000,0.000,0.000,0.000,0.000,0.000,0,0,0,0,0,0,0,0,0,0.000,0.000,0.000,0.000,0.000,0.000,0.000,0.000,0,0,0,0,0,0,0,0,0,0.000,0.000,0.000,0.000,0.000,0.000,0.000,0.000,0,0,0,0,0,0,0,0,0,0.000,0.000,0.000,0.000,0.000,0.000,0.000,0.000,0,0,0,0,0,0,0,0,0,0,0,0,0,0,0,0,0,0
8341,278.0,3049,53,31,477,2572,0,0,165,173.85,1.279,1.658,0.797,0.075,0.190,-0.887,1.611,0.3378,2.8400,0.648,0.006,0.016,0.086,-0.018,103,248,170,0,32,0,113485.02,7102.104,52018.864,118.467,3844.696,21.900,34513.468,14155.897,244.250,21004.739,16803.792,5636.675,626.968,963.484,0.000162,0.018351,658,0,118,52,170,118,28675,20,52,115.177,0,0,0,0,0,0,0,0,0,0,0,0,0,0,76520,2346,637,62620.369,51962.780,3823.106,3.291,115.177,33130.415,12641.267,1405.023,409,396,247,118,31,62539,120,2,1,52.558,31.779,1.625,0.000,0.000,60.971,22.522,1.303,0,1,1,0,0,57,0,0,0,0.000,0.000,0.000,0.000,0.000,0.000,0.000,0.000,0,0,0,0,0,0,0,0,0,0.000,0.000,0.000,0.000,0.000,0.000,0.000,0.000,0,0,0,0,0,0,0,0,0,0.000,0.000,0.000,0.000,0.000,0.000,0.000,0.000,0,0,0,0,0,0,0,0,0,0.000,0.000,0.000,0.000,0.000,0.000,0.000,0.000,0,0,0,0,0,0,0,0,0,0,0,0,0,0,0,0,0,0
8371,279.0,2945,63,31,462,2483,0,0,186,157.39,1.278,1.657,0.794,0.074,0.191,-0.887,1.613,0.3403,2.8363,0.643,0.002,0.015,0.086,-0.019,99,284,205,0,31,0,109574.67,6906.189,49827.143,132.834,3890.249,17.881,34131.711,13939.770,260.705,19059.814,15247.852,6961.549,563.566,1107.237,0.000360,0.015935,652,0,145,60,205,145,27698,7,60,128.908,0,0,0,0,0,0,0,0,0,0,0,0,0,0,75685,2246,642,60147.717,49809.323,3869.953,3.925,128.908,32784.311,12483.682,1349.310,371,460,284,145,31,70391,120,0,3,21.299,0.000,14.257,0.000,0.000,62.350,23.647,0.377,0,0,0,0,0,0,0,0,0,0.000,0.000,0.000,0.000,0.000,0.000,0.000,0.000,0,0,0,0,0,0,0,0,0,0.000,0.000,0.000,0.000,0.000,0.000,0.000,0.000,0,0,0,0,0,0,0,0,0,0.000,0.000,0.000,0.000,0.000,0.000,0.000,0.000,0,0,0,0,0,0,0,0,0,0.000,0.000,0.000,0.000,0.000,0.000,0.000,0.000,0,0,0,0,0,0,0,0,0,0,0,0,0,0,0,0,0,0
8401,280.0,2884,64,33,419,2465,0,0,181,176.68,1.289,1.677,0.798,0.073,0.183,-0.889,1.613,0.3531,2.8206,0.668,0.005,0.015,0.087,-0.017,93,235,190,0,37,0,105718.33,6618.936,46900.191,173.447,3597.102,15.924,33288.277,13411.527,260.459,18523.479,14818.784,5469.417,487.881,926.664,0.000323,0.018078,717,0,106,84,190,106,26602,55,84,171.339,0,0,0,0,0,0,0,0,0,0,0,0,0,0,74122,2117,661,56632.254,46880.464,3557.255,2.107,171.339,32046.317,12148.611,1164.670,360,375,232,106,37,65692,80,0,1,9.640,0.000,6.306,0.000,0.000,40.784,16.454,0.337,0,3,3,0,0,995,0,0,0,0.000,0.000,0.000,0.000,0.000,0.000,0.000,0.000,0,0,0,0,0,0,0,0,0,0.000,0.000,0.000,0.000,0.000,0.000,0.000,0.000,0,0,0,0,0,0,0,0,0,0.000,0.000,0.000,0.000,0.000,0.000,0.000,0.000,0,0,0,0,0,0,0,0,0,0.000,0.000,0.000,0.000,0.000,0.000,0.000,0.000,0,0,0,0,0,0,0,0,0,0,0,0,0,0,0,0,0,0
8431,281.0,2837,73,33,428,2409,0,0,201,189.79,1.283,1.671,0.790,0.073,0.188,-0.891,1.610,0.3586,2.8473,0.663,0.005,0.016,0.087,-0.017,106,254,153,0,23,0,103449.45,6379.453,47498.270,71.652,3809.553,16.343,32975.333,13281.780,271.858,17366.438,13893.151,4590.601,660.917,964.480,0.000231,0.017721,717,0,118,35,153,118,26415,29,35,69.531,0,0,0,0,0,0,0,0,0,0,0,0,0,0,73591,2134,688,57463.938,47487.851,3797.897,2.121,69.531,31810.093,12030.448,1164.271,338,393,253,118,22,69120,20,0,0,0.000,0.000,0.000,0.000,0.000,8.399,4.439,0.086,0,1,1,0,0,206,0,0,0,0.000,0.000,0.000,0.000,0.000,0.000,0.000,0.000,0,0,0,0,0,0,0,0,0,0.000,0.000,0.000,0.000,0.000,0.000,0.000,0.000,0,0,0,0,0,0,0,0,0,0.000,0.000,0.000,0.000,0.000,0.000,0.000,0.000,0,0,0,0,0,0,0,0,0,0.000,0.000,0.000,0.000,0.000,0.000,0.000,0.000,0,0,0,0,0,0,0,0,0,0,0,0,0,0,0,0,0,0
8461,282.0,2769,63,33,426,2343,0,0,217,189.51,1.279,1.675,0.784,0.070,0.190,-0.892,1.616,0.3622,2.8634,0.649,0.007,0.016,0.087,-0.015,98,237,149,0,27,0,100093.70,6192.288,45031.241,83.270,3298.433,15.052,31981.688,13008.812,293.283,15793.747,12634.998,4845.833,494.988,879.193,0.000288,0.017665,629,0,113,36,149,113,25642,22,36,81.000,0,0,0,0,0,0,0,0,0,0,0,0,0,0,71213,2014,607,53863.324,45012.456,3283.019,2.271,81.000,30838.167,11765.488,1161.614,310,376,237,113,26,73281,0,0,0,0.000,0.000,0.000,0.000,0.000,0.000,0.000,0.000,0,0,0,0,0,0,0,0,0,0.000,0.000,0.000,0.000,0.000,0.000,0.000,0.000,0,0,0,0,0,0,0,0,0,0.000,0.000,0.000,0.000,0.000,0.000,0.000,0.000,0,0,0,0,0,0,0,0,0,0.000,0.000,0.000,0.000,0.000,0.000,0.000,0.000,0,0,0,0,0,0,0,0,0,0.000,0.000,0.000,0.000,0.000,0.000,0.000,0.000,0,0,0,0,0,0,0,0,0,0,0,0,0,0,0,0,0,0
8491,283.0,2616,67,33,398,2218,0,0,220,252.18,1.284,1.677,0.794,0.072,0.189,-0.893,1.627,0.3751,2.8454,0.644,0.013,0.015,0.087,-0.014,92,260,186,0,30,0,93371.67,5819.368,40501.261,124.325,3168.237,13.318,30859.031,12603.725,303.206,14706.194,11764.955,5188.636,417.376,853.778,0.000192,0.017774,625,0,120,66,186,120,24545,14,66,122.205,0,0,0,0,0,0,0,0,0,0,0,0,0,0,68511,1818,611,48707.464,40491.862,3155.577,2.120,122.205,29739.269,11450.050,1073.364,284,409,260,120,29,86562,0,0,0,0.000,0.000,0.000,0.000,0.000,0.000,0.000,0.000,0,0,0,0,0,0,0,0,0,0.000,0.000,0.000,0.000,0.000,0.000,0.000,0.000,0,0,0,0,0,0,0,0,0,0.000,0.000,0.000,0.000,0.000,0.000,0.000,0.000,0,0,0,0,0,0,0,0,0,0.000,0.000,0.000,0.000,0.000,0.000,0.000,0.000,0,0,0,0,0,0,0,0,0,0.000,0.000,0.000,0.000,0.000,0.000,0.000,0.000,0,0,0,0,0,0,0,0,0,0,0,0,0,0,0,0,0,0
8521,284.0,2473,59,33,384,2089,0,0,222,204.59,1.282,1.679,0.794,0.074,0.192,-0.894,1.626,0.3764,2.8428,0.644,0.008,0.016,0.087,-0.013,93,234,148,0,42,0,88031.83,5497.218,38414.493,68.502,2768.368,15.450,29120.654,11924.675,304.677,13011.017,10408.814,4210.098,407.430,750.316,0.000225,0.017137,531,0,111,37,148,111,23379,20,37,65.742,0,0,0,0,0,0,0,0,0,0,0,0,0,0,64350,1719,511,45903.932,38402.089,2756.583,2.760,65.742,28050.507,10789.272,1056.879,258,387,234,111,42,79631,0,0,0,0.000,0.000,0.000,0.000,0.000,0.000,0.000,0.000,0,0,0,0,0,0,0,0,0,0.000,0.000,0.000,0.000,0.000,0.000,0.000,0.000,0,0,0,0,0,0,0,0,0,0.000,0.000,0.000,0.000,0.000,0.000,0.000,0.000,0,0,0,0,0,0,0,0,0,0.000,0.000,0.000,0.000,0.000,0.000,0.000,0.000,0,0,0,0,0,0,0,0,0,0.000,0.000,0.000,0.000,0.000,0.000,0.000,0.000,0,0,0,0,0,0,0,0,0,0,0,0,0,0,0,0,0,0
8551,285.0,2327,72,31,383,1944,0,0,224,217.27,1.271,1.668,0.784,0.073,0.199,-0.894,1.636,0.3670,2.8446,0.654,0.003,0.016,0.088,-0.013,77,236,127,0,42,0,83115.54,5233.803,36055.688,58.233,2938.444,15.550,27398.284,10957.425,301.756,11808.592,9446.874,4219.674,263.179,761.973,0.000148,0.016410,538,0,97,30,127,97,21469,29,30,56.527,0,0,0,0,0,0,0,0,0,0,0,0,0,0,60288,1604,509,43227.736,36029.359,2924.864,1.707,56.527,26372.152,9950.729,929.957,229,374,236,97,41,77535,0,0,0,0.000,0.000,0.000,0.000,0.000,0.000,0.000,0.000,0,0,0,0,0,0,0,0,0,0.000,0.000,0.000,0.000,0.000,0.000,0.000,0.000,0,0,0,0,0,0,0,0,0,0.000,0.000,0.000,0.000,0.000,0.000,0.000,0.000,0,0,0,0,0,0,0,0,0,0.000,0.000,0.000,0.000,0.000,0.000,0.000,0.000,0,0,0,0,0,0,0,0,0,0.000,0.000,0.000,0.000,0.000,0.000,0.000,0.000,0,0,0,0,0,0,0,0,0,0,0,0,0,0,0,0,0,0
8581,286.0,2237,42,31,382,1855,0,0,206,266.36,1.263,1.667,0.767,0.074,0.204,-0.896,1.640,0.3717,2.8723,0.661,0.000,0.015,0.089,-0.014,79,202,90,0,46,0,80355.64,5097.769,34809.118,67.265,3007.777,17.010,25997.232,10366.685,293.519,11304.895,9043.916,2895.941,285.743,633.949,0.000183,0.016252,555,0,60,30,90,60,20703,6,30,65.925,0,0,0,0,0,0,0,0,0,0,0,0,0,0,57021,1555,549,41988.711,34783.034,3003.660,1.340,65.925,24963.181,9437.173,850.299,218,307,202,60,45,71632,0,0,0,0.000,0.000,0.000,0.000,0.000,0.000,0.000,0.000,0,0,0,0,0,0,0,0,0,0.000,0.000,0.000,0.000,0.000,0.000,0.000,0.000,0,0,0,0,0,0,0,0,0,0.000,0.000,0.000,0.000,0.000,0.000,0.000,0.000,0,0,0,0,0,0,0,0,0,0.000,0.000,0.000,0.000,0.000,0.000,0.000,0.000,0,0,0,0,0,0,0,0,0,0.000,0.000,0.000,0.000,0.000,0.000,0.000,0.000,0,0,0,0,0,0,0,0,0,0,0,0,0,0,0,0,0,0
8611,287.0,2150,50,31,368,1782,0,0,192,247.72,1.258,1.683,0.745,0.072,0.205,-0.899,1.644,0.3814,2.9776,0.680,0.003,0.011,0.090,-0.011,96,210,77,0,48,0,76331.84,4799.043,31856.848,59.611,2572.055,14.104,24737.454,9937.507,270.327,11507.852,9206.282,2747.097,224.336,521.019,0.000206,0.017569,516,0,49,28,77,49,19807,15,28,58.393,0,0,0,0,0,0,0,0,0,0,0,0,0,0,54405,1417,501,38105.393,31843.173,2556.633,1.217,58.393,23714.263,9144.268,711.821,233,306,210,49,47,75395,0,0,0,0.000,0.000,0.000,0.000,0.000,0.000,0.000,0.000,0,0,0,0,0,0,0,0,0,0.000,0.000,0.000,0.000,0.000,0.000,0.000,0.000,0,0,0,0,0,0,0,0,0,0.000,0.000,0.000,0.000,0.000,0.000,0.000,0.000,0,0,0,0,0,0,0,0,0,0.000,0.000,0.000,0.000,0.000,0.000,0.000,0.000,0,0,0,0,0,0,0,0,0,0.000,0.000,0.000,0.000,0.000,0.000,0.000,0.000,0,0,0,0,0,0,0,0,0,0,0,0,0,0,0,0,0,0
8641,288.0,2057,46,31,364,1693,0,0,177,236.49,1.246,1.683,0.730,0.071,0.210,-0.901,1.649,0.3731,2.9368,0.672,0.005,0.011,0.091,-0.011,85,192,81,1,36,0,72596.32,4505.774,30444.878,55.800,2348.948,15.425,23761.985,9665.893,252.975,9897.608,7918.087,2382.320,211.427,487.846,0.000220,0.019564,427,0,54,27,81,54,19813,22,27,54.519,0,0,0,0,0,0,0,0,0,0,0,0,0,0,52516,1349,405,36189.662,30427.462,2338.874,1.281,54.519,22767.631,8814.222,773.302,192,281,192,54,35,62770,0,0,0,0.000,0.000,0.000,0.000,0.000,0.000,0.000,0.000,0,0,0,0,0,0,0,0,0,0.000,0.000,0.000,0.000,0.000,0.000,0.000,0.000,0,0,0,0,0,0,0,0,0,0.000,0.000,0.000,0.000,0.000,0.000,0.000,0.000,0,0,0,0,0,0,0,0,0,0.000,0.000,0.000,0.000,0.000,0.000,0.000,0.000,0,0,0,0,0,0,0,0,0,0.000,0.000,0.000,0.000,0.000,0.000,0.000,0.000,0,0,0,0,0,0,0,0,0,0,0,0,0,0,0,0,0,0
8671,289.0,1980,48,31,361,1619,0,0,177,273.19,1.237,1.688,0.710,0.069,0.215,-0.904,1.651,0.3792,2.9907,0.696,0.000,0.012,0.091,-0.008,79,180,66,0,27,0,67981.05,4384.684,26889.963,53.157,2393.637,15.253,22397.396,9074.677,246.892,8818.886,7055.109,1925.884,140.379,394.075,0.000101,0.019247,439,0,40,26,66,40,18788,2,26,52.125,0,0,0,0,0,0,0,0,0,0,0,0,0,0,49523,1185,437,32182.608,26857.032,2391.993,1.032,52.125,21405.366,8298.821,698.024,173,247,180,40,27,63246,0,0,0,0.000,0.000,0.000,0.000,0.000,0.000,0.000,0.000,0,0,0,0,0,0,0,0,0,0.000,0.000,0.000,0.000,0.000,0.000,0.000,0.000,0,0,0,0,0,0,0,0,0,0.000,0.000,0.000,0.000,0.000,0.000,0.000,0.000,0,0,0,0,0,0,0,0,0,0.000,0.000,0.000,0.000,0.000,0.000,0.000,0.000,0,0,0,0,0,0,0,0,0,0.000,0.000,0.000,0.000,0.000,0.000,0.000,0.000,0,0,0,0,0,0,0,0,0,0,0,0,0,0,0,0,0,0
8701,290.0,1868,42,29,362,1506,0,0,175,271.20,1.219,1.691,0.677,0.067,0.225,-0.906,1.653,0.3777,3.0126,0.700,0.000,0.012,0.091,-0.003,64,183,50,0,44,0,63657.12,4009.377,25113.236,43.483,2131.084,14.673,21166.159,8636.055,250.021,7404.709,5923.767,1392.826,215.935,348.080,0.000147,0.020081,371,0,30,20,50,30,17902,26,20,42.718,0,0,0,0,0,0,0,0,0,0,0,0,0,0,46861,1106,345,29843.858,25084.299,2109.615,0.765,42.718,20183.850,7986.614,573.876,144,257,183,30,44,68179,0,0,0,0.000,0.000,0.000,0.000,0.000,0.000,0.000,0.000,0,0,0,0,0,0,0,0,0,0.000,0.000,0.000,0.000,0.000,0.000,0.000,0.000,0,0,0,0,0,0,0,0,0,0.000,0.000,0.000,0.000,0.000,0.000,0.000,0.000,0,0,0,0,0,0,0,0,0,0.000,0.000,0.000,0.000,0.000,0.000,0.000,0.000,0,0,0,0,0,0,0,0,0,0.000,0.000,0.000,0.000,0.000,0.000,0.000,0.000,0,0,0,0,0,0,0,0,0,0,0,0,0,0,0,0,0,0
8731,291.0,1768,39,29,362,1406,0,0,164,259.92,1.204,1.688,0.662,0.064,0.234,-0.909,1.647,0.3789,3.1168,0.692,0.000,0.012,0.091,-0.003,80,173,55,0,34,0,59095.86,3847.935,23283.451,44.417,1970.417,13.081,19768.421,8075.455,229.489,7217.458,5773.967,1654.433,229.835,335.951,0.000128,0.020692,335,0,36,19,55,36,17144,7,19,43.516,0,0,0,0,0,0,0,0,0,0,0,0,0,0,43904,1023,328,27643.156,23272.553,1964.997,0.901,43.516,18784.690,7516.113,485.944,143,243,173,36,34,61259,0,0,0,0.000,0.000,0.000,0.000,0.000,0.000,0.000,0.000,0,0,0,0,0,0,0,0,0,0.000,0.000,0.000,0.000,0.000,0.000,0.000,0.000,0,0,0,0,0,0,0,0,0,0.000,0.000,0.000,0.000,0.000,0.000,0.000,0.000,0,0,0,0,0,0,0,0,0,0.000,0.000,0.000,0.000,0.000,0.000,0.000,0.000,0,0,0,0,0,0,0,0,0,0.000,0.000,0.000,0.000,0.000,0.000,0.000,0.000,0,0,0,0,0,0,0,0,0,0,0,0,0,0,0,0,0,0
8761,292.0,1660,41,29,358,1302,0,0,141,262.53,1.188,1.685,0.632,0.059,0.243,-0.911,1.640,0.3858,3.1991,0.706,0.003,0.012,0.093,-0.002,66,157,35,0,40,0,54281.29,3674.442,20240.188,25.389,2017.374,10.832,18353.057,7644.588,210.418,5634.869,4507.895,969.020,160.020,290.511,0.000153,0.020091,366,0,21,14,35,21,15748,8,14,24.764,0,0,0,0,0,0,0,0,0,0,0,0,0,0,40752,887,358,24351.778,20234.661,2012.643,0.625,24.764,17381.720,7130.877,441.489,114,218,157,21,40,59479,0,0,0,0.000,0.000,0.000,0.000,0.000,0.000,0.000,0.000,0,0,0,0,0,0,0,0,0,0.000,0.000,0.000,0.000,0.000,0.000,0.000,0.000,0,0,0,0,0,0,0,0,0,0.000,0.000,0.000,0.000,0.000,0.000,0.000,0.000,0,0,0,0,0,0,0,0,0,0.000,0.000,0.000,0.000,0.000,0.000,0.000,0.000,0,0,0,0,0,0,0,0,0,0.000,0.000,0.000,0.000,0.000,0.000,0.000,0.000,0,0,0,0,0,0,0,0,0,0,0,0,0,0,0,0,0,0
8791,293.0,1541,42,29,360,1181,0,0,119,287.65,1.163,1.667,0.601,0.058,0.258,-0.914,1.638,0.3865,3.2544,0.709,0.003,0.010,0.093,-0.003,60,177,31,0,30,0,50938.54,3559.620,19575.862,31.154,1737.901,13.774,16788.820,7150.865,183.552,5259.958,4207.966,932.364,147.953,253.833,0.000082,0.020190,308,0,18,13,31,18,14595,3,13,30.683,0,0,0,0,0,0,0,0,0,0,0,0,0,0,37357,851,305,23166.564,19567.260,1734.565,0.471,30.683,15806.085,6681.399,396.788,104,225,177,18,30,63640,0,0,0,0.000,0.000,0.000,0.000,0.000,0.000,0.000,0.000,0,0,0,0,0,0,0,0,0,0.000,0.000,0.000,0.000,0.000,0.000,0.000,0.000,0,0,0,0,0,0,0,0,0,0.000,0.000,0.000,0.000,0.000,0.000,0.000,0.000,0,0,0,0,0,0,0,0,0,0.000,0.000,0.000,0.000,0.000,0.000,0.000,0.000,0,0,0,0,0,0,0,0,0,0.000,0.000,0.000,0.000,0.000,0.000,0.000,0.000,0,0,0,0,0,0,0,0,0,0,0,0,0,0,0,0,0,0
8821,294.0,1473,43,29,369,1104,0,0,119,288.70,1.138,1.656,0.577,0.058,0.271,-0.918,1.640,0.3892,3.2387,0.711,0.005,0.010,0.093,-0.004,56,154,17,0,26,0,48805.29,3480.452,18534.038,12.699,1679.285,10.945,15459.451,6544.209,161.378,5682.628,4546.103,610.247,45.190,203.437,0.000137,0.020606,264,0,13,4,17,13,13736,7,4,12.303,0,0,0,0,0,0,0,0,0,0,0,0,0,0,34398,802,257,21851.972,18532.322,1673.536,0.397,12.303,14464.088,6130.783,341.969,115,192,154,13,25,53797,0,0,0,0.000,0.000,0.000,0.000,0.000,0.000,0.000,0.000,0,0,0,0,0,0,0,0,0,0.000,0.000,0.000,0.000,0.000,0.000,0.000,0.000,0,0,0,0,0,0,0,0,0,0.000,0.000,0.000,0.000,0.000,0.000,0.000,0.000,0,0,0,0,0,0,0,0,0,0.000,0.000,0.000,0.000,0.000,0.000,0.000,0.000,0,0,0,0,0,0,0,0,0,0.000,0.000,0.000,0.000,0.000,0.000,0.000,0.000,0,0,0,0,0,0,0,0,0,0,0,0,0,0,0,0,0,0
8851,295.0,1405,40,25,383,1022,0,0,111,280.08,1.110,1.631,0.553,0.053,0.288,-0.922,1.642,0.3916,3.3483,0.710,0.003,0.006,0.094,-0.005,71,141,20,0,23,0,45175.54,3429.906,15573.496,17.119,1593.009,16.050,14530.036,5951.749,155.306,4871.642,3897.314,687.259,129.400,222.196,0.000117,0.020541,265,0,12,8,20,12,13256,16,8,16.871,0,0,0,0,0,0,0,0,0,0,0,0,0,0,32270,672,249,18489.692,15558.800,1578.897,0.248,16.871,13504.788,5582.059,296.175,93,175,141,12,22,47628,0,0,0,0.000,0.000,0.000,0.000,0.000,0.000,0.000,0.000,0,0,0,0,0,0,0,0,0,0.000,0.000,0.000,0.000,0.000,0.000,0.000,0.000,0,0,0,0,0,0,0,0,0,0.000,0.000,0.000,0.000,0.000,0.000,0.000,0.000,0,0,0,0,0,0,0,0,0,0.000,0.000,0.000,0.000,0.000,0.000,0.000,0.000,0,0,0,0,0,0,0,0,0,0.000,0.000,0.000,0.000,0.000,0.000,0.000,0.000,0,0,0,0,0,0,0,0,0,0,0,0,0,0,0,0,0,0
8881,296.0,1325,42,25,385,940,0,0,99,305.93,1.085,1.612,0.528,0.053,0.302,-0.926,1.648,0.3875,3.4109,0.689,0.003,0.006,0.094,-0.007,66,128,30,0,26,0,42245.05,3318.751,14638.690,19.417,1256.036,17.501,13277.505,5497.271,137.040,4558.387,3646.710,850.811,58.026,175.019,0.000146,0.019956,217,0,21,9,30,21,12123,8,9,19.165,0,0,0,0,0,0,0,0,0,0,0,0,0,0,29465,631,209,17080.157,14629.686,1247.316,0.252,19.165,12236.696,5149.686,274.779,92,174,128,21,25,51072,0,0,0,0.000,0.000,0.000,0.000,0.000,0.000,0.000,0.000,0,0,0,0,0,0,0,0,0,0.000,0.000,0.000,0.000,0.000,0.000,0.000,0.000,0,0,0,0,0,0,0,0,0,0.000,0.000,0.000,0.000,0.000,0.000,0.000,0.000,0,0,0,0,0,0,0,0,0,0.000,0.000,0.000,0.000,0.000,0.000,0.000,0.000,0,0,0,0,0,0,0,0,0,0.000,0.000,0.000,0.000,0.000,0.000,0.000,0.000,0,0,0,0,0,0,0,0,0,0,0,0,0,0,0,0,0,0
8911,297.0,1268,42,25,393,875,0,0,84,284.63,1.060,1.592,0.498,0.051,0.316,-0.929,1.647,0.3854,3.3886,0.701,0.003,0.005,0.094,-0.010,62,118,22,0,17,0,40544.16,3334.515,14187.573,11.264,1481.901,16.938,12351.686,5090.741,126.190,4225.675,3380.540,596.177,35.723,188.584,0.000112,0.019740,246,0,15,7,22,15,11207,15,7,11.144,0,0,0,0,0,0,0,0,0,0,0,0,0,0,27429,609,231,16795.011,14171.098,1470.917,0.119,11.144,11281.290,4796.168,220.817,82,147,118,15,14,42228,0,0,0,0.000,0.000,0.000,0.000,0.000,0.000,0.000,0.000,0,0,0,0,0,0,0,0,0,0.000,0.000,0.000,0.000,0.000,0.000,0.000,0.000,0,0,0,0,0,0,0,0,0,0.000,0.000,0.000,0.000,0.000,0.000,0.000,0.000,0,0,0,0,0,0,0,0,0,0.000,0.000,0.000,0.000,0.000,0.000,0.000,0.000,0,0,0,0,0,0,0,0,0,0.000,0.000,0.000,0.000,0.000,0.000,0.000,0.000,0,0,0,0,0,0,0,0,0,0,0,0,0,0,0,0,0,0
8941,298.0,1238,34,25,414,824,0,0,81,305.46,1.034,1.562,0.473,0.051,0.335,-0.932,1.646,0.3886,3.4223,0.674,0.005,0.005,0.092,-0.011,84,104,21,0,7,0,39462.93,3330.577,13541.693,8.441,1333.141,17.385,11475.555,4756.884,111.957,4191.879,3353.503,608.090,0.000,171.081,0.000139,0.018993,206,0,16,5,21,16,10425,5,5,8.352,0,0,0,0,0,0,0,0,0,0,0,0,0,0,25456,580,201,15928.354,13533.342,1328.531,0.089,8.352,10376.050,4465.534,215.729,76,127,104,16,7,38698,0,0,0,0.000,0.000,0.000,0.000,0.000,0.000,0.000,0.000,0,0,0,0,0,0,0,0,0,0.000,0.000,0.000,0.000,0.000,0.000,0.000,0.000,0,0,0,0,0,0,0,0,0,0.000,0.000,0.000,0.000,0.000,0.000,0.000,0.000,0,0,0,0,0,0,0,0,0,0.000,0.000,0.000,0.000,0.000,0.000,0.000,0.000,0,0,0,0,0,0,0,0,0,0.000,0.000,0.000,0.000,0.000,0.000,0.000,0.000,0,0,0,0,0,0,0,0,0,0,0,0,0,0,0,0,0,0
8971,299.0,1212,42,25,430,782,0,0,68,298.46,1.009,1.548,0.447,0.047,0.352,-0.934,1.643,0.3916,3.5127,0.703,0.005,0.005,0.092,-0.009,68,105,8,0,13,0,38950.25,3464.595,12774.766,6.617,1536.023,15.253,10850.812,4583.644,100.916,4231.051,3384.841,250.158,0.000,126.914,0.000115,0.018885,230,0,5,3,8,5,9944,4,3,6.557,0,0,0,0,0,0,0,0,0,0,0,0,0,0,23865,546,226,15250.574,12766.925,1534.199,0.059,6.557,9689.366,4294.121,208.017,81,123,105,5,13,37871,0,0,0,0.000,0.000,0.000,0.000,0.000,0.000,0.000,0.000,0,0,0,0,0,0,0,0,0,0.000,0.000,0.000,0.000,0.000,0.000,0.000,0.000,0,0,0,0,0,0,0,0,0,0.000,0.000,0.000,0.000,0.000,0.000,0.000,0.000,0,0,0,0,0,0,0,0,0,0.000,0.000,0.000,0.000,0.000,0.000,0.000,0.000,0,0,0,0,0,0,0,0,0,0.000,0.000,0.000,0.000,0.000,0.000,0.000,0.000,0,0,0,0,0,0,0,0,0,0,0,0,0,0,0,0,0,0
9001,300.0,1200,26,21,443,757,0,0,62,284.11,0.985,1.537,0.427,0.048,0.365,-0.936,1.639,0.3983,3.6265,0.727,0.005,0.005,0.092,-0.008,75,94,13,0,7,0,39117.98,3681.171,12979.366,11.230,1189.107,14.542,10509.595,4633.529,87.823,4260.576,3408.461,292.820,1.538,126.624,0.000080,0.018526,187,0,7,6,13,7,9993,10,6,11.149,0,0,0,0,0,0,0,0,0,0,0,0,0,0,23049,553,177,15076.604,12965.712,1179.741,0.080,11.149,9296.445,4338.746,208.103,83,108,94,7,7,29167,0,0,0,0.000,0.000,0.000,0.000,0.000,0.000,0.000,0.000,0,0,0,0,0,0,0,0,0,0.000,0.000,0.000,0.000,0.000,0.000,0.000,0.000,0,0,0,0,0,0,0,0,0,0.000,0.000,0.000,0.000,0.000,0.000,0.000,0.000,0,0,0,0,0,0,0,0,0,0.000,0.000,0.000,0.000,0.000,0.000,0.000,0.000,0,0,0,0,0,0,0,0,0,0.000,0.000,0.000,0.000,0.000,0.000,0.000,0.000,0,0,0,0,0,0,0,0,0,0,0,0,0,0,0,0,0,0
9031,301.0,1186,40,21,454,732,0,0,49,262.33,0.971,1.520,0.412,0.046,0.375,-0.939,1.640,0.3986,3.7322,0.716,0.002,0.004,0.092,-0.008,76,84,19,0,8,0,38769.16,3822.946,12280.693,21.069,1564.428,19.370,10164.856,4655.115,75.556,4131.491,3305.193,559.097,39.418,153.186,0.000156,0.017712,233,0,11,8,19,11,9870,6,8,21.061,0,0,0,0,0,0,0,0,0,0,0,0,0,0,22306,520,227,14647.845,12269.378,1560.418,0.008,21.061,8916.573,4356.192,210.795,78,103,84,11,8,25052,0,0,0,0.000,0.000,0.000,0.000,0.000,0.000,0.000,0.000,0,0,0,0,0,0,0,0,0,0.000,0.000,0.000,0.000,0.000,0.000,0.000,0.000,0,0,0,0,0,0,0,0,0,0.000,0.000,0.000,0.000,0.000,0.000,0.000,0.000,0,0,0,0,0,0,0,0,0,0.000,0.000,0.000,0.000,0.000,0.000,0.000,0.000,0,0,0,0,0,0,0,0,0,0.000,0.000,0.000,0.000,0.000,0.000,0.000,0.000,0,0,0,0,0,0,0,0,0,0,0,0,0,0,0,0,0,0
9061,302.0,1206,46,21,471,735,0,0,50,274.78,0.961,1.522,0.392,0.045,0.381,-0.942,1.642,0.3975,3.8640,0.713,0.004,0.007,0.093,-0.007,72,86,19,0,8,0,40091.94,3911.958,13776.834,18.700,1271.161,13.334,9978.112,4509.291,68.811,5594.454,4475.563,487.795,85.440,136.373,0.000145,0.018123,188,0,12,7,19,12,9995,10,7,18.660,0,0,0,0,0,0,0,0,0,0,0,0,0,0,21803,580,178,15832.264,13752.891,1263.803,0.040,18.660,8692.532,4213.937,204.098,109,106,86,12,8,30020,0,0,0,0.000,0.000,0.000,0.000,0.000,0.000,0.000,0.000,0,0,0,0,0,0,0,0,0,0.000,0.000,0.000,0.000,0.000,0.000,0.000,0.000,0,0,0,0,0,0,0,0,0,0.000,0.000,0.000,0.000,0.000,0.000,0.000,0.000,0,0,0,0,0,0,0,0,0,0.000,0.000,0.000,0.000,0.000,0.000,0.000,0.000,0,0,0,0,0,0,0,0,0,0.000,0.000,0.000,0.000,0.000,0.000,0.000,0.000,0,0,0,0,0,0,0,0,0,0,0,0,0,0,0,0,0,0
9091,303.0,1261,47,21,500,761,0,0,42,284.59,0.951,1.518,0.382,0.044,0.385,-0.944,1.645,0.3936,3.8109,0.693,0.004,0.007,0.092,-0.007,88,67,15,0,6,0,40571.73,4096.251,13122.755,26.830,1488.262,17.612,10299.451,4666.057,62.806,5779.067,4623.254,421.679,23.184,137.049,0.000153,0.018497,225,0,4,11,15,4,10641,15,11,26.732,0,0,0,0,0,0,0,0,0,0,0,0,0,0,22502,559,210,15477.382,13107.507,1475.811,0.098,26.732,8941.806,4351.676,220.075,103,77,67,4,6,19739,0,0,0,0.000,0.000,0.000,0.000,0.000,0.000,0.000,0.000,0,0,0,0,0,0,0,0,0,0.000,0.000,0.000,0.000,0.000,0.000,0.000,0.000,0,0,0,0,0,0,0,0,0,0.000,0.000,0.000,0.000,0.000,0.000,0.000,0.000,0,0,0,0,0,0,0,0,0,0.000,0.000,0.000,0.000,0.000,0.000,0.000,0.000,0,0,0,0,0,0,0,0,0,0.000,0.000,0.000,0.000,0.000,0.000,0.000,0.000,0,0,0,0,0,0,0,0,0,0,0,0,0,0,0,0,0,0
9121,304.0,1270,39,21,518,752,0,0,38,279.20,0.939,1.498,0.374,0.041,0.393,-0.946,1.645,0.3910,3.8477,0.664,0.004,0.013,0.091,-0.009,67,85,25,0,5,0,41575.46,4298.841,13812.346,18.153,1813.149,16.388,10408.003,4756.704,52.242,5124.389,4099.512,637.444,21.120,225.224,0.000088,0.018484,305,0,15,10,25,15,10745,55,10,17.874,0,0,0,0,0,0,0,0,0,0,0,0,0,0,22752,582,250,16421.267,13794.769,1780.566,0.279,17.874,8992.913,4417.714,241.156,96,105,85,15,5,26273,0,0,0,0.000,0.000,0.000,0.000,0.000,0.000,0.000,0.000,0,0,0,0,0,0,0,0,0,0.000,0.000,0.000,0.000,0.000,0.000,0.000,0.000,0,0,0,0,0,0,0,0,0,0.000,0.000,0.000,0.000,0.000,0.000,0.000,0.000,0,0,0,0,0,0,0,0,0,0.000,0.000,0.000,0.000,0.000,0.000,0.000,0.000,0,0,0,0,0,0,0,0,0,0.000,0.000,0.000,0.000,0.000,0.000,0.000,0.000,0,0,0,0,0,0,0,0,0,0,0,0,0,0,0,0,0,0
9151,305.0,1343,60,16,550,793,0,0,32,274.36,0.932,1.499,0.364,0.043,0.396,-0.947,1.646,0.3865,3.9243,0.669,0.004,0.014,0.092,-0.008,86,82,16,0,5,0,44710.00,4687.101,15961.462,20.392,1898.007,15.161,10549.724,4820.841,42.991,7192.924,5754.339,451.570,34.393,196.307,0.000125,0.017874,305,0,7,9,16,7,10834,42,9,20.243,0,0,0,0,0,0,0,0,0,0,0,0,0,0,23102,673,263,18766.888,15953.000,1864.181,0.149,20.243,9058.839,4477.777,239.425,134,93,82,7,4,24722,0,0,0,0.000,0.000,0.000,0.000,0.000,0.000,0.000,0.000,0,0,0,0,0,0,0,0,0,0.000,0.000,0.000,0.000,0.000,0.000,0.000,0.000,0,0,0,0,0,0,0,0,0,0.000,0.000,0.000,0.000,0.000,0.000,0.000,0.000,0,0,0,0,0,0,0,0,0,0.000,0.000,0.000,0.000,0.000,0.000,0.000,0.000,0,0,0,0,0,0,0,0,0,0.000,0.000,0.000,0.000,0.000,0.000,0.000,0.000,0,0,0,0,0,0,0,0,0,0,0,0,0,0,0,0,0,0
9181,306.0,1432,54,16,578,854,0,0,27,288.36,0.939,1.519,0.355,0.043,0.393,-0.948,1.642,0.3889,3.9035,0.656,0.003,0.013,0.091,-0.006,98,63,21,0,3,0,47406.44,5032.196,16376.558,33.761,1982.820,16.775,11253.084,5135.649,38.488,7304.526,5843.621,617.954,49.402,190.596,0.000142,0.017666,343,0,9,12,21,9,11925,65,12,33.699,0,0,0,0,0,0,0,0,0,0,0,0,0,0,24773,692,278,19331.134,16357.689,1945.346,0.061,33.699,9678.950,4736.866,288.676,136,75,63,9,3,18645,0,0,0,0.000,0.000,0.000,0.000,0.000,0.000,0.000,0.000,0,0,0,0,0,0,0,0,0,0.000,0.000,0.000,0.000,0.000,0.000,0.000,0.000,0,0,0,0,0,0,0,0,0,0.000,0.000,0.000,0.000,0.000,0.000,0.000,0.000,0,0,0,0,0,0,0,0,0,0.000,0.000,0.000,0.000,0.000,0.000,0.000,0.000,0,0,0,0,0,0,0,0,0,0.000,0.000,0.000,0.000,0.000,0.000,0.000,0.000,0,0,0,0,0,0,0,0,0,0,0,0,0,0,0,0,0,0
9211,307.0,1531,56,16,610,921,0,0,29,266.96,0.944,1.535,0.352,0.042,0.390,-0.949,1.640,0.3910,3.9662,0.669,0.005,0.010,0.091,-0.005,98,72,12,0,2,0,51127.61,5587.701,17787.302,11.977,2054.290,18.845,12029.089,5475.218,35.608,7823.847,6259.078,325.247,63.677,172.212,0.000182,0.018582,283,0,8,4,12,8,12592,15,4,11.957,0,0,0,0,0,0,0,0,0,0,0,0,0,0,26441,747,268,20816.597,17767.251,2039.065,0.020,11.957,10367.549,5049.990,307.940,149,82,72,8,2,18001,0,0,0,0.000,0.000,0.000,0.000,0.000,0.000,0.000,0.000,0,0,0,0,0,0,0,0,0,0.000,0.000,0.000,0.000,0.000,0.000,0.000,0.000,0,0,0,0,0,0,0,0,0,0.000,0.000,0.000,0.000,0.000,0.000,0.000,0.000,0,0,0,0,0,0,0,0,0,0.000,0.000,0.000,0.000,0.000,0.000,0.000,0.000,0,0,0,0,0,0,0,0,0,0.000,0.000,0.000,0.000,0.000,0.000,0.000,0.000,0,0,0,0,0,0,0,0,0,0,0,0,0,0,0,0,0,0
9241,308.0,1652,56,16,649,1003,0,0,32,210.84,0.951,1.555,0.345,0.045,0.387,-0.950,1.640,0.3959,3.9727,0.657,0.008,0.010,0.093,-0.002,84,82,20,0,3,0,54853.32,6209.547,19609.589,30.265,2823.255,14.913,13099.924,6176.312,39.001,9355.122,7484.098,548.003,156.739,232.682,0.000132,0.018966,445,0,6,14,20,6,13308,47,14,30.202,0,0,0,0,0,0,0,0,0,0,0,0,0,0,28787,824,398,23542.113,19564.759,2791.433,0.063,30.202,11333.100,5690.727,360.341,173,91,82,6,3,14998,0,0,0,0.000,0.000,0.000,0.000,0.000,0.000,0.000,0.000,0,0,0,0,0,0,0,0,0,0.000,0.000,0.000,0.000,0.000,0.000,0.000,0.000,0,0,0,0,0,0,0,0,0,0.000,0.000,0.000,0.000,0.000,0.000,0.000,0.000,0,0,0,0,0,0,0,0,0,0.000,0.000,0.000,0.000,0.000,0.000,0.000,0.000,0,0,0,0,0,0,0,0,0,0.000,0.000,0.000,0.000,0.000,0.000,0.000,0.000,0,0,0,0,0,0,0,0,0,0,0,0,0,0,0,0,0,0
9271,309.0,1768,70,16,676,1092,0,0,32,220.51,0.960,1.580,0.341,0.045,0.381,-0.949,1.642,0.3967,4.0435,0.659,0.004,0.009,0.094,0.001,92,102,28,0,0,0,59144.71,6759.092,21861.486,53.196,2968.063,16.274,14158.771,7040.009,41.392,10263.940,8211.152,712.346,158.527,218.553,0.000123,0.019624,465,0,5,23,28,5,14676,39,23,53.102,0,0,0,0,0,0,0,0,0,0,0,0,0,0,31256,919,426,26055.530,21834.728,2939.225,0.094,53.102,12292.321,6499.366,407.984,196,107,102,5,0,17147,0,0,0,0.000,0.000,0.000,0.000,0.000,0.000,0.000,0.000,0,0,0,0,0,0,0,0,0,0.000,0.000,0.000,0.000,0.000,0.000,0.000,0.000,0,0,0,0,0,0,0,0,0,0.000,0.000,0.000,0.000,0.000,0.000,0.000,0.000,0,0,0,0,0,0,0,0,0,0.000,0.000,0.000,0.000,0.000,0.000,0.000,0.000,0,0,0,0,0,0,0,0,0,0.000,0.000,0.000,0.000,0.000,0.000,0.000,0.000,0,0,0,0,0,0,0,0,0,0,0,0,0,0,0,0,0,0
9301,310.0,1917,59,16,713,1204,0,0,35,208.01,0.970,1.607,0.343,0.044,0.374,-0.950,1.640,0.3967,3.9838,0.647,0.001,0.009,0.095,0.006,82,94,14,0,3,0,64724.71,7191.514,24591.926,29.164,3245.126,14.642,15533.701,7485.295,43.132,11054.061,8843.249,431.882,316.467,211.310,0.000236,0.018946,481,0,3,11,14,3,15742,13,11,29.101,0,0,0,0,0,0,0,0,0,0,0,0,0,0,34477,1030,468,29156.153,24552.705,3233.055,0.063,29.101,13588.999,6885.797,461.105,212,100,94,3,3,17117,0,0,0,0.000,0.000,0.000,0.000,0.000,0.000,0.000,0.000,0,0,0,0,0,0,0,0,0,0.000,0.000,0.000,0.000,0.000,0.000,0.000,0.000,0,0,0,0,0,0,0,0,0,0.000,0.000,0.000,0.000,0.000,0.000,0.000,0.000,0,0,0,0,0,0,0,0,0,0.000,0.000,0.000,0.000,0.000,0.000,0.000,0.000,0,0,0,0,0,0,0,0,0,0.000,0.000,0.000,0.000,0.000,0.000,0.000,0.000,0,0,0,0,0,0,0,0,0,0,0,0,0,0,0,0,0,0
9331,311.0,2054,64,16,761,1293,0,0,38,189.18,0.975,1.617,0.342,0.044,0.374,-0.950,1.640,0.3975,4.0396,0.651,0.001,0.011,0.097,0.007,101,113,31,0,4,0,70390.21,8045.488,26224.026,40.805,3751.750,17.377,16906.516,8086.588,48.239,11847.268,9477.815,831.400,111.011,291.621,0.000128,0.018835,563,0,13,18,31,13,17028,40,18,40.786,0,0,0,0,0,0,0,0,0,0,0,0,0,0,37514,1103,523,31431.137,26197.076,3717.978,0.019,40.786,14843.115,7422.442,516.972,219,130,113,13,4,21215,0,0,0,0.000,0.000,0.000,0.000,0.000,0.000,0.000,0.000,0,0,0,0,0,0,0,0,0,0.000,0.000,0.000,0.000,0.000,0.000,0.000,0.000,0,0,0,0,0,0,0,0,0,0.000,0.000,0.000,0.000,0.000,0.000,0.000,0.000,0,0,0,0,0,0,0,0,0,0.000,0.000,0.000,0.000,0.000,0.000,0.000,0.000,0,0,0,0,0,0,0,0,0,0.000,0.000,0.000,0.000,0.000,0.000,0.000,0.000,0,0,0,0,0,0,0,0,0,0,0,0,0,0,0,0,0,0
9361,312.0,2249,61,16,808,1441,0,0,45,197.57,0.987,1.640,0.340,0.045,0.367,-0.952,1.641,0.4009,4.0034,0.629,0.001,0.008,0.097,0.011,88,110,30,1,3,0,75818.38,8696.469,28120.780,56.407,3967.910,14.435,18423.516,8838.303,56.942,14293.870,11435.096,863.498,135.611,268.848,0.000145,0.019152,579,0,10,20,30,10,18700,21,20,56.346,0,0,0,0,0,0,0,0,0,0,0,0,0,0,40922,1181,558,33653.649,28080.445,3947.024,0.060,56.346,16230.212,8094.381,586.932,271,123,110,10,3,17789,0,0,0,0.000,0.000,0.000,0.000,0.000,0.000,0.000,0.000,0,0,0,0,0,0,0,0,0,0.000,0.000,0.000,0.000,0.000,0.000,0.000,0.000,0,0,0,0,0,0,0,0,0,0.000,0.000,0.000,0.000,0.000,0.000,0.000,0.000,0,0,0,0,0,0,0,0,0,0.000,0.000,0.000,0.000,0.000,0.000,0.000,0.000,0,0,0,0,0,0,0,0,0,0.000,0.000,0.000,0.000,0.000,0.000,0.000,0.000,0,0,0,0,0,0,0,0,0,0,0,0,0,0,0,0,0,0
9391,313.0,2430,53,16,860,1570,0,0,52,176.64,0.993,1.656,0.339,0.045,0.364,-0.952,1.638,0.4017,4.0553,0.635,0.002,0.010,0.097,0.014,88,123,45,0,3,0,80657.61,9668.942,30540.869,47.701,4976.642,16.879,20259.176,10124.382,64.886,14861.131,11888.905,1317.749,297.284,382.573,0.000135,0.019834,762,0,25,20,45,25,19987,55,20,47.525,0,0,0,0,0,0,0,0,0,0,0,0,0,0,45168,1283,707,37183.566,30487.796,4945.335,0.176,47.525,17927.029,9267.682,689.366,280,151,123,25,3,23941,0,0,0,0.000,0.000,0.000,0.000,0.000,0.000,0.000,0.000,0,0,0,0,0,0,0,0,0,0.000,0.000,0.000,0.000,0.000,0.000,0.000,0.000,0,0,0,0,0,0,0,0,0,0.000,0.000,0.000,0.000,0.000,0.000,0.000,0.000,0,0,0,0,0,0,0,0,0,0.000,0.000,0.000,0.000,0.000,0.000,0.000,0.000,0,0,0,0,0,0,0,0,0,0.000,0.000,0.000,0.000,0.000,0.000,0.000,0.000,0,0,0,0,0,0,0,0,0,0,0,0,0,0,0,0,0,0
9421,314.0,2548,65,16,883,1665,0,0,72,212.49,1.005,1.675,0.340,0.047,0.358,-0.953,1.639,0.4070,4.0337,0.640,0.001,0.009,0.097,0.016,93,167,82,0,10,0,85771.70,10515.107,33466.594,113.750,5482.691,14.734,21830.367,10850.084,86.103,16101.220,12880.976,2250.451,261.584,482.526,0.000211,0.020565,838,0,35,47,82,35,20804,57,47,113.663,0,0,0,0,0,0,0,0,0,0,0,0,0,0,48535,1404,781,40734.167,33423.429,5415.162,0.086,113.663,19397.369,9901.883,771.793,306,211,167,35,9,33450,0,0,0,0.000,0.000,0.000,0.000,0.000,0.000,0.000,0.000,0,0,0,0,0,0,0,0,0,0.000,0.000,0.000,0.000,0.000,0.000,0.000,0.000,0,0,0,0,0,0,0,0,0,0.000,0.000,0.000,0.000,0.000,0.000,0.000,0.000,0,0,0,0,0,0,0,0,0,0.000,0.000,0.000,0.000,0.000,0.000,0.000,0.000,0,0,0,0,0,0,0,0,0,0.000,0.000,0.000,0.000,0.000,0.000,0.000,0.000,0,0,0,0,0,0,0,0,0,0,0,0,0,0,0,0,0,0
9451,315.0,2654,65,16,892,1762,0,0,88,190.97,1.018,1.701,0.340,0.048,0.352,-0.953,1.636,0.4017,4.0715,0.640,0.003,0.011,0.098,0.021,79,144,110,0,8,0,90294.00,11170.876,34963.091,141.145,6049.490,16.091,23149.023,11440.697,118.966,15746.307,12597.046,3033.110,254.455,607.302,0.000154,0.020299,979,0,51,59,110,51,21640,108,59,141.064,0,0,0,0,0,0,0,0,0,0,0,0,0,0,51439,1469,871,42886.770,34883.902,5986.196,0.081,141.064,20674.484,10387.142,872.902,300,203,144,51,8,31748,0,0,0,0.000,0.000,0.000,0.000,0.000,0.000,0.000,0.000,0,0,0,0,0,0,0,0,0,0.000,0.000,0.000,0.000,0.000,0.000,0.000,0.000,0,0,0,0,0,0,0,0,0,0.000,0.000,0.000,0.000,0.000,0.000,0.000,0.000,0,0,0,0,0,0,0,0,0,0.000,0.000,0.000,0.000,0.000,0.000,0.000,0.000,0,0,0,0,0,0,0,0,0,0.000,0.000,0.000,0.000,0.000,0.000,0.000,0.000,0,0,0,0,0,0,0,0,0,0,0,0,0,0,0,0,0,0
9481,316.0,2837,62,16,928,1909,0,0,96,201.38,1.029,1.723,0.340,0.047,0.345,-0.953,1.632,0.4054,3.9894,0.632,0.003,0.009,0.098,0.025,85,170,86,0,12,0,96860.35,11915.949,39273.929,97.006,6378.606,17.300,24748.444,12219.174,130.536,19616.401,15693.121,2856.906,285.551,556.641,0.000160,0.020005,965,0,53,33,86,53,22661,91,33,96.857,0,0,0,0,0,0,0,0,0,0,0,0,0,0,54996,1651,874,47785.759,39219.271,6341.854,0.149,96.857,22211.537,11145.969,889.296,381,234,170,53,11,39873,0,0,0,0.000,0.000,0.000,0.000,0.000,0.000,0.000,0.000,0,0,0,0,0,0,0,0,0,0.000,0.000,0.000,0.000,0.000,0.000,0.000,0.000,0,0,0,0,0,0,0,0,0,0.000,0.000,0.000,0.000,0.000,0.000,0.000,0.000,0,0,0,0,0,0,0,0,0,0.000,0.000,0.000,0.000,0.000,0.000,0.000,0.000,0,0,0,0,0,0,0,0,0,0.000,0.000,0.000,0.000,0.000,0.000,0.000,0.000,0,0,0,0,0,0,0,0,0,0,0,0,0,0,0,0,0,0
9511,317.0,3022,47,16,964,2057,0,1,118,204.66,1.042,1.745,0.335,0.048,0.340,-0.954,1.630,0.4069,3.9798,0.605,0.006,0.009,0.098,0.028,93,187,89,0,11,0,104361.38,12698.416,41971.036,94.822,7183.416,17.005,26714.295,12981.996,153.433,20523.180,16418.544,2534.150,170.730,604.008,0.000185,0.019344,1112,0,48,41,89,48,23835,71,41,94.606,0,0,0,0,0,0,0,0,0,0,0,0,0,0,59275,1763,1041,51419.794,41926.350,7130.729,0.217,94.606,24069.180,11795.508,994.048,393,245,187,48,10,39006,0,0,0,0.000,0.000,0.000,0.000,0.000,0.000,0.000,0.000,0,0,0,0,0,0,4,0,0,0.000,0.000,0.000,0.000,0.000,0.346,0.051,0.000,0,0,0,0,0,0,0,0,0,0.000,0.000,0.000,0.000,0.000,0.000,0.000,0.000,0,0,0,0,0,0,0,0,0,0.000,0.000,0.000,0.000,0.000,0.000,0.000,0.000,0,0,0,0,0,0,0,0,0,0.000,0.000,0.000,0.000,0.000,0.000,0.000,0.000,0,0,0,0,0,0,0,1,0,0,0,0,0,0,0,0,0,0
9541,318.0,3211,55,16,1004,2206,0,1,148,210.12,1.051,1.758,0.332,0.048,0.335,-0.955,1.635,0.4004,4.0180,0.598,0.003,0.009,0.099,0.030,87,190,116,0,15,0,109120.91,13498.488,43685.145,92.259,8774.784,16.450,28871.823,14076.362,190.329,22168.795,17735.037,3713.185,366.414,864.479,0.000205,0.019330,1486,0,72,44,116,72,24966,166,44,91.796,0,0,0,0,0,0,0,0,0,0,0,0,0,0,64111,1831,1320,54721.931,43622.508,8683.208,0.463,91.796,26108.075,12779.337,1093.954,425,276,190,72,14,44528,0,0,0,0.000,0.000,0.000,0.000,0.000,0.000,0.000,0.000,0,0,0,0,0,0,30,0,0,0.000,0.000,0.000,0.000,0.000,2.595,0.386,0.000,0,0,0,0,0,0,0,0,0,0.000,0.000,0.000,0.000,0.000,0.000,0.000,0.000,0,0,0,0,0,0,0,0,0,0.000,0.000,0.000,0.000,0.000,0.000,0.000,0.000,0,0,0,0,0,0,0,0,0,0.000,0.000,0.000,0.000,0.000,0.000,0.000,0.000,0,0,0,0,0,0,0,0,0,0,0,0,0,0,0,0,0,0
9571,319.0,3428,50,16,1050,2377,0,1,180,204.21,1.058,1.770,0.334,0.048,0.331,-0.955,1.633,0.4031,4.0389,0.619,0.004,0.009,0.099,0.032,77,200,96,0,21,0,117121.27,14836.904,47781.873,98.174,8511.016,19.309,30813.067,15179.188,236.274,23136.142,18508.914,2691.896,477.069,691.875,0.000275,0.021489,1477,0,52,44,96,52,26860,160,44,97.961,0,0,0,0,0,0,0,0,0,0,0,0,0,0,68586,2005,1317,58797.411,47702.563,8440.602,0.213,97.961,27933.146,13820.017,1148.916,443,272,200,52,20,41157,0,0,0,0.000,0.000,0.000,0.000,0.000,0.000,0.000,0.000,0,0,0,0,0,0,30,0,0,0.000,0.000,0.000,0.000,0.000,2.598,0.386,0.000,0,0,0,0,0,0,0,0,0,0.000,0.000,0.000,0.000,0.000,0.000,0.000,0.000,0,0,0,0,0,0,0,0,0,0.000,0.000,0.000,0.000,0.000,0.000,0.000,0.000,0,0,0,0,0,0,0,0,0,0.000,0.000,0.000,0.000,0.000,0.000,0.000,0.000,0,0,0,0,0,0,0,0,0,0,0,0,0,0,0,0,0,0
9601,320.0,3564,49,19,1065,2498,0,1,218,159.66,1.069,1.786,0.335,0.049,0.327,-0.955,1.637,0.4045,4.0416,0.617,0.006,0.009,0.100,0.034,77,215,148,0,22,0,121996.86,15940.386,48980.656,158.337,9354.804,17.787,32906.740,16616.817,286.261,22938.361,18350.689,4561.912,350.573,893.814,0.000229,0.023838,1563,0,84,64,148,84,28832,140,64,158.196,0,0,0,0,0,0,0,0,0,0,0,0,0,0,73275,2053,1423,60895.979,48908.750,9274.562,0.141,158.196,29947.803,15102.550,1295.500,442,321,215,84,22,44300,0,0,0,0.000,0.000,0.000,0.000,0.000,0.000,0.000,0.000,0,0,0,0,0,0,30,0,0,0.000,0.000,0.000,0.000,0.000,2.607,0.386,0.000,0,0,0,0,0,0,0,0,0,0.000,0.000,0.000,0.000,0.000,0.000,0.000,0.000,0,0,0,0,0,0,0,0,0,0.000,0.000,0.000,0.000,0.000,0.000,0.000,0.000,0,0,0,0,0,0,0,0,0,0.000,0.000,0.000,0.000,0.000,0.000,0.000,0.000,0,0,0,0,0,0,0,0,0,0,0,0,0,0,0,0,0,0
9631,321.0,3692,58,19,1081,2610,0,1,268,207.69,1.080,1.802,0.340,0.049,0.323,-0.954,1.643,0.3988,4.0146,0.613,0.003,0.010,0.101,0.037,81,236,186,0,44,0,126981.31,16633.713,51908.752,200.568,9965.819,15.638,34358.666,17268.586,364.621,25818.112,20654.490,5238.820,440.637,923.633,0.000187,0.023073,1569,0,99,87,186,99,29211,68,87,200.206,0,0,0,0,0,0,0,0,0,0,0,0,0,0,76398,2185,1501,64728.990,51850.827,9908.656,0.362,200.206,31335.616,15643.068,1405.679,489,377,236,99,42,60529,0,0,0,0.000,0.000,0.000,0.000,0.000,0.000,0.000,0.000,0,0,0,0,0,0,30,0,0,0.000,0.000,0.000,0.000,0.000,2.606,0.412,0.000,0,0,0,0,0,0,0,0,0,0.000,0.000,0.000,0.000,0.000,0.000,0.000,0.000,0,0,0,0,0,0,0,0,0,0.000,0.000,0.000,0.000,0.000,0.000,0.000,0.000,0,0,0,0,0,0,0,0,0,0.000,0.000,0.000,0.000,0.000,0.000,0.000,0.000,0,0,0,0,0,0,0,0,0,0,0,0,0,0,0,0,0,0
9661,322.0,3814,48,19,1089,2725,0,0,344,213.19,1.091,1.821,0.342,0.052,0.319,-0.956,1.638,0.3958,4.0634,0.619,0.003,0.008,0.101,0.040,73,217,186,0,58,0,131203.44,17415.258,53232.762,204.189,10959.788,16.846,36054.263,17920.326,468.391,25415.630,20332.504,5552.760,551.680,999.530,0.000302,0.022049,1781,0,97,89,186,97,29571,121,89,203.805,0,0,0,0,0,0,0,0,0,0,0,0,0,0,79827,2228,1660,66970.132,53165.455,10877.064,0.383,203.805,32991.457,16194.071,1506.542,482,367,217,96,54,56002,0,0,0,0.000,0.000,0.000,0.000,0.000,0.000,0.000,0.000,0,0,0,0,0,0,14,0,0,0.000,0.000,0.000,0.000,0.000,1.216,0.241,0.000,0,1,0,1,0,138,0,0,0,0.000,0.000,0.000,0.000,0.000,0.000,0.000,0.000,0,0,0,0,0,0,0,0,0,0.000,0.000,0.000,0.000,0.000,0.000,0.000,0.000,0,0,0,0,0,0,0,0,0,0.000,0.000,0.000,0.000,0.000,0.000,0.000,0.000,0,0,0,0,0,0,0,0,0,0,0,0,0,0,0,0,0,0
9691,323.0,3960,39,19,1119,2841,0,0,418,192.88,1.100,1.829,0.339,0.053,0.316,-0.956,1.638,0.3957,3.9690,0.611,0.003,0.008,0.102,0.041,63,235,164,0,71,0,134832.52,17931.224,54483.464,167.021,11072.237,16.604,37918.424,18944.091,591.209,27068.637,21654.910,4790.306,374.166,920.707,0.000264,0.020890,1828,0,87,77,164,87,31107,116,77,166.609,0,0,0,0,0,0,0,0,0,0,0,0,0,0,83757,2298,1712,68387.531,54411.475,11016.418,0.412,166.609,34826.470,17111.384,1610.317,507,391,235,87,69,63071,0,0,0,0.000,0.000,0.000,0.000,0.000,0.000,0.000,0.000,0,0,0,0,0,0,0,0,0,0.000,0.000,0.000,0.000,0.000,0.000,0.000,0.000,0,0,0,0,0,0,0,0,0,0.000,0.000,0.000,0.000,0.000,0.000,0.000,0.000,0,0,0,0,0,0,0,0,0,0.000,0.000,0.000,0.000,0.000,0.000,0.000,0.000,0,0,0,0,0,0,0,0,0,0.000,0.000,0.000,0.000,0.000,0.000,0.000,0.000,0,0,0,0,0,0,0,0,0,0,0,0,0,0,0,0,0,0
9721,324.0,4083,47,19,1137,2946,0,0,550,214.33,1.107,1.840,0.341,0.056,0.314,-0.956,1.641,0.4009,4.0396,0.610,0.001,0.007,0.103,0.041,73,226,189,0,93,0,139170.05,18784.457,58395.454,171.099,11948.323,13.154,39515.923,19834.231,760.958,27834.670,22267.736,5837.719,367.473,1130.237,0.000266,0.019262,1989,0,111,78,189,111,31287,115,77,170.616,0,0,0,0,0,0,0,0,0,0,0,0,0,0,86929,2458,1874,73421.104,58325.657,11868.414,0.229,170.616,36333.208,17945.482,1655.979,532,427,226,111,90,73533,0,0,0,0.000,0.000,0.000,0.000,0.000,0.000,0.000,0.000,0,0,0,0,0,0,0,0,0,0.000,0.000,0.000,0.000,0.000,0.000,0.000,0.000,0,0,0,0,0,0,0,0,0,0.000,0.000,0.000,0.000,0.000,0.000,0.000,0.000,0,0,0,0,0,0,0,0,0,0.000,0.000,0.000,0.000,0.000,0.000,0.000,0.000,0,0,0,0,0,0,0,0,0,0.000,0.000,0.000,0.000,0.000,0.000,0.000,0.000,0,0,0,0,0,0,0,0,0,0,0,0,0,0,0,0,0,0
9751,325.0,4161,45,23,1158,3003,0,0,695,187.61,1.109,1.841,0.343,0.055,0.314,-0.957,1.640,0.4000,3.9895,0.597,0.002,0.009,0.103,0.041,94,234,194,0,98,0,142876.84,19265.141,58616.527,193.795,11714.989,19.243,40480.092,20218.250,984.411,26494.500,21195.601,5841.364,412.260,1133.394,0.000176,0.019633,1991,0,113,81,194,113,30767,156,81,193.628,0,0,0,0,0,0,0,0,0,0,0,0,0,0,88807,2462,1835,73310.492,58543.697,11597.539,0.167,193.628,37230.413,18357.854,1621.695,497,440,234,113,93,77162,0,0,0,0.000,0.000,0.000,0.000,0.000,0.000,0.000,0.000,0,0,0,0,0,0,0,0,0,0.000,0.000,0.000,0.000,0.000,0.000,0.000,0.000,0,0,0,0,0,0,0,0,0,0.000,0.000,0.000,0.000,0.000,0.000,0.000,0.000,0,0,0,0,0,0,0,0,0,0.000,0.000,0.000,0.000,0.000,0.000,0.000,0.000,0,0,0,0,0,0,0,0,0,0.000,0.000,0.000,0.000,0.000,0.000,0.000,0.000,0,0,0,0,0,0,0,0,0,0,0,0,0,0,0,0,0,0
9781,326.0,4281,36,23,1139,3142,0,0,900,218.07,1.124,1.865,0.345,0.054,0.306,-0.956,1.640,0.4002,3.9927,0.619,0.004,0.008,0.104,0.045,65,202,218,0,120,0,146299.14,19585.101,61426.254,259.129,12789.037,18.210,41837.867,20623.213,1272.767,29351.809,23481.447,6736.127,353.850,1154.008,0.000409,0.019891,2220,0,105,113,218,105,30630,132,112,258.417,0,0,0,0,0,0,0,0,0,0,0,0,0,0,91763,2577,2088,77304.635,61359.904,12699.386,0.201,258.417,38590.234,18685.413,1702.987,559,420,202,105,113,71579,0,0,0,0.000,0.000,0.000,0.000,0.000,0.000,0.000,0.000,0,0,0,0,0,0,0,0,0,0.000,0.000,0.000,0.000,0.000,0.000,0.000,0.000,0,0,0,0,0,0,0,0,0,0.000,0.000,0.000,0.000,0.000,0.000,0.000,0.000,0,0,0,0,0,0,0,0,0,0.000,0.000,0.000,0.000,0.000,0.000,0.000,0.000,0,0,0,0,0,0,0,0,0,0.000,0.000,0.000,0.000,0.000,0.000,0.000,0.000,0,0,0,0,0,0,0,0,0,0,0,0,0,0,0,0,0,0
9811,327.0,4337,41,23,1119,3218,0,0,1096,243.01,1.137,1.884,0.348,0.054,0.300,-0.957,1.640,0.4008,3.9701,0.623,0.003,0.007,0.104,0.047,82,223,204,0,158,0,149611.39,20139.458,62859.739,219.883,12562.449,14.352,43322.526,21371.594,1600.680,28775.074,23020.060,6341.985,430.221,1084.811,0.000264,0.020541,2172,0,100,104,204,100,31900,88,103,218.923,0,0,0,0,0,0,0,0,0,0,0,0,0,0,94858,2634,2084,78725.287,62796.026,12508.915,0.263,218.923,40118.061,19330.883,1808.207,549,473,223,100,150,90110,0,0,0,0.000,0.000,0.000,0.000,0.000,0.000,0.000,0.000,0,0,0,0,0,0,0,0,0,0.000,0.000,0.000,0.000,0.000,0.000,0.000,0.000,0,0,0,0,0,0,0,0,0,0.000,0.000,0.000,0.000,0.000,0.000,0.000,0.000,0,0,0,0,0,0,0,0,0,0.000,0.000,0.000,0.000,0.000,0.000,0.000,0.000,0,0,0,0,0,0,0,0,0,0.000,0.000,0.000,0.000,0.000,0.000,0.000,0.000,0,0,0,0,0,0,0,0,0,0,0,0,0,0,0,0,0,0
9841,328.0,4345,39,23,1096,3249,0,0,1373,199.08,1.146,1.896,0.351,0.054,0.297,-0.957,1.637,0.3990,3.9780,0.614,0.001,0.005,0.104,0.049,68,174,231,0,183,0,149090.98,19983.508,62255.232,237.555,13020.378,14.266,44374.177,22270.880,1972.890,26791.834,21433.467,7569.518,216.218,1234.656,0.000289,0.020257,2233,0,124,107,231,124,32795,114,106,236.994,0,0,0,0,0,0,0,0,0,0,0,0,0,0,96924,2611,2119,78528.272,62204.288,12963.916,0.357,236.994,41227.983,20138.176,1899.276,507,476,174,124,178,93446,0,0,0,0.000,0.000,0.000,0.000,0.000,0.000,0.000,0.000,0,0,0,0,0,0,0,0,0,0.000,0.000,0.000,0.000,0.000,0.000,0.000,0.000,0,0,0,0,0,0,0,0,0,0.000,0.000,0.000,0.000,0.000,0.000,0.000,0.000,0,0,0,0,0,0,0,0,0,0.000,0.000,0.000,0.000,0.000,0.000,0.000,0.000,0,0,0,0,0,0,0,0,0,0.000,0.000,0.000,0.000,0.000,0.000,0.000,0.000,0,0,0,0,0,0,0,0,0,0,0,0,0,0,0,0,0,0
9871,329.0,4282,32,23,1083,3199,0,0,1562,218.32,1.149,1.897,0.346,0.055,0.297,-0.956,1.636,0.3953,3.9373,0.637,0.003,0.005,0.105,0.049,48,180,233,0,270,0,146722.67,20036.221,61438.032,182.703,12698.578,13.432,44573.582,22631.916,2373.071,27922.255,22337.805,7331.671,324.295,1206.277,0.000198,0.019198,2145,0,142,91,233,142,32366,44,88,179.591,0,0,0,0,0,0,0,0,0,0,0,0,0,0,97207,2575,2101,77403.022,61358.570,12672.268,0.323,179.591,41471.439,20487.478,1914.588,535,585,180,142,263,119670,0,0,0,0.000,0.000,0.000,0.000,0.000,0.000,0.000,0.000,0,0,0,0,0,0,0,0,0,0.000,0.000,0.000,0.000,0.000,0.000,0.000,0.000,0,0,0,0,0,0,0,0,0,0.000,0.000,0.000,0.000,0.000,0.000,0.000,0.000,0,0,0,0,0,0,0,0,0,0.000,0.000,0.000,0.000,0.000,0.000,0.000,0.000,0,0,0,0,0,0,0,0,0,0.000,0.000,0.000,0.000,0.000,0.000,0.000,0.000,0,0,0,0,0,0,0,0,0,0,0,0,0,0,0,0,0,0
9901,330.0,4256,40,22,1074,3182,0,0,1726,215.99,1.154,1.900,0.344,0.054,0.297,-0.956,1.635,0.3878,3.9323,0.628,0.000,0.005,0.105,0.050,49,134,184,0,309,0,145114.86,19943.175,60494.687,198.979,12147.934,12.437,44257.507,22297.590,2650.294,27065.425,21652.340,6422.170,211.285,992.723,0.000242,0.018268,2039,0,97,87,184,97,31921,54,86,197.657,0,0,0,0,0,0,0,0,0,0,0,0,0,0,96250,2543,1985,75870.050,60437.760,12112.167,0.178,197.657,41201.534,20255.591,1818.791,508,525,134,97,294,106094,0,0,0,0.000,0.000,0.000,0.000,0.000,0.000,0.000,0.000,0,0,0,0,0,0,0,0,0,0.000,0.000,0.000,0.000,0.000,0.000,0.000,0.000,0,0,0,0,0,0,0,0,0,0.000,0.000,0.000,0.000,0.000,0.000,0.000,0.000,0,0,0,0,0,0,0,0,0,0.000,0.000,0.000,0.000,0.000,0.000,0.000,0.000,0,0,0,0,0,0,0,0,0,0.000,0.000,0.000,0.000,0.000,0.000,0.000,0.000,0,0,0,0,0,0,0,0,0,0,0,0,0,0,0,0,0,0
9931,331.0,4216,37,22,1073,3143,0,0,1794,225.46,1.159,1.899,0.340,0.054,0.299,-0.957,1.631,0.3887,3.9427,0.632,0.003,0.007,0.104,0.051,67,125,243,0,317,0,144909.27,19767.440,63915.264,216.606,12105.884,10.010,43991.763,22066.895,2843.262,28902.130,23121.704,7974.702,272.488,1175.369,0.000243,0.017544,2050,0,139,104,243,139,30844,70,104,216.322,0,0,0,0,0,0,0,0,0,0,0,0,0,0,95068,2680,1980,79336.348,63819.837,12061.367,0.284,216.322,40908.401,19989.880,1852.962,536,575,125,139,311,115230,0,0,0,0.000,0.000,0.000,0.000,0.000,0.000,0.000,0.000,0,0,0,0,0,0,0,0,0,0.000,0.000,0.000,0.000,0.000,0.000,0.000,0.000,0,0,0,0,0,0,0,0,0,0.000,0.000,0.000,0.000,0.000,0.000,0.000,0.000,0,0,0,0,0,0,0,0,0,0.000,0.000,0.000,0.000,0.000,0.000,0.000,0.000,0,0,0,0,0,0,0,0,0,0.000,0.000,0.000,0.000,0.000,0.000,0.000,0.000,0,0,0,0,0,0,0,0,0,0,0,0,0,0,0,0,0,0
9961,332.0,4183,33,22,1049,3134,0,0,1831,226.77,1.168,1.911,0.337,0.054,0.297,-0.956,1.632,0.3871,3.9898,0.631,0.003,0.008,0.104,0.054,50,94,199,0,349,0,145395.70,19418.282,62609.524,222.048,12786.298,12.339,43593.882,21625.343,2935.580,27813.946,22251.157,6703.998,224.718,1117.090,0.000262,0.014667,2175,0,103,96,199,103,30900,148,96,221.819,0,0,0,0,0,0,0,0,0,0,0,0,0,0,93647,2637,2027,78792.841,62517.085,12712.081,0.230,221.819,40561.033,19587.057,1827.238,527,536,94,103,339,107931,0,0,0,0.000,0.000,0.000,0.000,0.000,0.000,0.000,0.000,0,0,0,0,0,0,0,0,0,0.000,0.000,0.000,0.000,0.000,0.000,0.000,0.000,0,0,0,0,0,0,0,0,0,0.000,0.000,0.000,0.000,0.000,0.000,0.000,0.000,0,0,0,0,0,0,0,0,0,0.000,0.000,0.000,0.000,0.000,0.000,0.000,0.000,0,0,0,0,0,0,0,0,0,0.000,0.000,0.000,0.000,0.000,0.000,0.000,0.000,0,0,0,0,0,0,0,0,0,0,0,0,0,0,0,0,0,0
9991,333.0,4169,51,22,1027,3142,0,0,1911,236.07,1.177,1.922,0.335,0.053,0.294,-0.956,1.635,0.3847,3.9782,0.650,0.003,0.007,0.104,0.057,51,100,181,0,326,0,145370.92,19377.121,62592.508,187.736,12487.455,11.831,44044.890,22073.700,3023.816,27270.139,21816.112,6275.546,156.142,1154.029,0.000300,0.013607,2264,0,99,82,181,99,30475,232,82,187.525,0,0,0,0,0,0,0,0,0,0,0,0,0,0,94452,2624,2032,78442.407,62510.984,12398.481,0.211,187.525,41065.592,20024.222,1838.248,526,518,100,99,319,104876,0,0,0,0.000,0.000,0.000,0.000,0.000,0.000,0.000,0.000,0,0,0,0,0,0,0,0,0,0.000,0.000,0.000,0.000,0.000,0.000,0.000,0.000,0,0,0,0,0,0,0,0,0,0.000,0.000,0.000,0.000,0.000,0.000,0.000,0.000,0,0,0,0,0,0,0,0,0,0.000,0.000,0.000,0.000,0.000,0.000,0.000,0.000,0,0,0,0,0,0,0,0,0,0.000,0.000,0.000,0.000,0.000,0.000,0.000,0.000,0,0,0,0,0,0,0,0,0,0,0,0,0,0,0,0,0,0
10021,334.0,4145,37,22,1012,3133,0,0,1918,187.41,1.181,1.926,0.329,0.051,0.293,-0.955,1.638,0.3778,4.0034,0.626,0.003,0.006,0.105,0.058,51,79,204,0,346,0,143421.86,18928.369,60919.142,206.682,12429.632,11.986,43656.522,21756.496,3087.030,27498.486,21998.789,6589.475,292.029,1122.004,0.000255,0.010532,2104,0,109,95,204,109,30664,92,95,206.426,0,0,0,0,0,0,0,0,0,0,0,0,0,0,93448,2555,2012,76689.593,60853.195,12374.544,0.255,206.426,40736.621,19686.305,1862.907,518,527,79,109,339,94994,0,0,0,0.000,0.000,0.000,0.000,0.000,0.000,0.000,0.000,0,0,0,0,0,0,0,0,0,0.000,0.000,0.000,0.000,0.000,0.000,0.000,0.000,0,0,0,0,0,0,0,0,0,0.000,0.000,0.000,0.000,0.000,0.000,0.000,0.000,0,0,0,0,0,0,0,0,0,0.000,0.000,0.000,0.000,0.000,0.000,0.000,0.000,0,0,0,0,0,0,0,0,0,0.000,0.000,0.000,0.000,0.000,0.000,0.000,0.000,0,0,0,0,0,0,0,0,0,0,0,0,0,0,0,0,0,0
10051,335.0,4192,37,23,1015,3177,0,0,1999,236.76,1.189,1.934,0.326,0.052,0.292,-0.955,1.638,0.3810,3.9383,0.631,0.000,0.006,0.105,0.060,53,77,131,0,336,0,143648.59,18843.644,62014.225,164.271,11938.380,11.139,44571.276,22077.788,3184.208,26852.777,21482.222,4300.165,320.241,971.170,0.000199,0.010003,2173,0,56,75,131,56,30459,174,75,164.181,0,0,0,0,0,0,0,0,0,0,0,0,0,0,95104,2601,1999,77277.421,61934.004,11839.030,0.090,164.181,41644.903,20102.526,1768.437,502,458,77,56,325,88429,0,0,0,0.000,0.000,0.000,0.000,0.000,0.000,0.000,0.000,0,0,0,0,0,0,0,0,0,0.000,0.000,0.000,0.000,0.000,0.000,0.000,0.000,0,0,0,0,0,0,0,0,0,0.000,0.000,0.000,0.000,0.000,0.000,0.000,0.000,0,0,0,0,0,0,0,0,0,0.000,0.000,0.000,0.000,0.000,0.000,0.000,0.000,0,0,0,0,0,0,0,0,0,0.000,0.000,0.000,0.000,0.000,0.000,0.000,0.000,0,0,0,0,0,0,0,0,0,0,0,0,0,0,0,0,0,0
10081,336.0,4119,40,23,975,3144,0,0,2119,227.95,1.196,1.949,0.322,0.052,0.288,-0.955,1.637,0.3809,4.0063,0.641,0.001,0.007,0.105,0.062,56,111,131,0,341,0,140740.53,18330.526,59318.617,178.852,11908.582,8.777,44617.689,22292.023,3372.997,23670.789,18936.631,4612.918,267.010,839.263,0.000275,0.010679,2109,0,50,81,131,50,30444,109,81,178.622,0,0,0,0,0,0,0,0,0,0,0,0,0,0,95069,2490,2000,74473.382,59228.793,11858.072,0.230,178.622,41752.984,20295.348,1790.877,457,490,111,50,329,90035,0,0,0,0.000,0.000,0.000,0.000,0.000,0.000,0.000,0.000,0,0,0,0,0,0,0,0,0,0.000,0.000,0.000,0.000,0.000,0.000,0.000,0.000,0,0,0,0,0,0,0,0,0,0.000,0.000,0.000,0.000,0.000,0.000,0.000,0.000,0,0,0,0,0,0,0,0,0,0.000,0.000,0.000,0.000,0.000,0.000,0.000,0.000,0,0,0,0,0,0,0,0,0,0.000,0.000,0.000,0.000,0.000,0.000,0.000,0.000,0,0,0,0,0,0,0,0,0,0,0,0,0,0,0,0,0,0
10111,337.0,3975,35,23,975,3000,0,0,2098,223.63,1.189,1.933,0.323,0.052,0.294,-0.955,1.630,0.3857,3.9520,0.654,0.001,0.008,0.104,0.060,44,79,124,0,412,0,137195.67,17572.752,56941.105,128.607,11053.132,10.265,43532.817,21377.235,3455.318,21522.325,17217.860,4440.125,205.561,871.802,0.000250,0.011156,1923,0,64,60,124,64,29957,84,60,128.443,0,0,0,0,0,0,0,0,0,0,0,0,0,0,92436,2388,1839,70965.202,56837.803,10993.363,0.164,128.443,40725.136,19419.811,1757.921,401,545,79,64,402,108405,0,0,0,0.000,0.000,0.000,0.000,0.000,0.000,0.000,0.000,0,0,0,0,0,0,0,0,0,0.000,0.000,0.000,0.000,0.000,0.000,0.000,0.000,0,0,0,0,0,0,0,0,0,0.000,0.000,0.000,0.000,0.000,0.000,0.000,0.000,0,0,0,0,0,0,0,0,0,0.000,0.000,0.000,0.000,0.000,0.000,0.000,0.000,0,0,0,0,0,0,0,0,0,0.000,0.000,0.000,0.000,0.000,0.000,0.000,0.000,0,0,0,0,0,0,0,0,0,0,0,0,0,0,0,0,0,0
10141,338.0,3875,41,23,956,2919,0,0,2005,226.77,1.190,1.930,0.322,0.054,0.295,-0.956,1.631,0.3814,3.9614,0.646,0.001,0.007,0.104,0.061,61,78,137,0,369,0,132900.44,17079.945,55025.085,175.508,11265.817,11.640,42080.055,20711.996,3370.722,22311.515,17849.212,4920.542,144.841,885.316,0.000314,0.011295,1930,0,59,78,137,59,28118,61,78,175.428,0,0,0,0,0,0,0,0,0,0,0,0,0,0,88923,2304,1869,69252.922,54958.427,11210.556,0.079,175.428,39296.752,18759.789,1754.045,419,500,78,59,363,96865,0,0,0,0.000,0.000,0.000,0.000,0.000,0.000,0.000,0.000,0,0,0,0,0,0,0,0,0,0.000,0.000,0.000,0.000,0.000,0.000,0.000,0.000,0,0,0,0,0,0,0,0,0,0.000,0.000,0.000,0.000,0.000,0.000,0.000,0.000,0,0,0,0,0,0,0,0,0,0.000,0.000,0.000,0.000,0.000,0.000,0.000,0.000,0,0,0,0,0,0,0,0,0,0.000,0.000,0.000,0.000,0.000,0.000,0.000,0.000,0,0,0,0,0,0,0,0,0,0,0,0,0,0,0,0,0,0
10171,339.0,3735,42,23,904,2831,0,0,1910,250.83,1.198,1.942,0.322,0.055,0.292,-0.955,1.636,0.3797,3.9780,0.662,0.001,0.006,0.105,0.061,42,87,147,0,352,0,128462.69,16209.028,53743.659,192.732,10494.246,11.264,41041.158,20054.766,3222.560,20689.233,16551.387,5116.755,203.726,806.357,0.000242,0.010200,1844,0,53,94,147,53,27151,66,94,192.677,0,0,0,0,0,0,0,0,0,0,0,0,0,0,86549,2256,1778,67155.900,53675.174,10446.264,0.054,192.677,38352.633,18213.903,1649.163,390,478,87,53,338,95901,0,0,0,0.000,0.000,0.000,0.000,0.000,0.000,0.000,0.000,0,0,0,0,0,0,0,0,0,0.000,0.000,0.000,0.000,0.000,0.000,0.000,0.000,0,0,0,0,0,0,0,0,0,0.000,0.000,0.000,0.000,0.000,0.000,0.000,0.000,0,0,0,0,0,0,0,0,0,0.000,0.000,0.000,0.000,0.000,0.000,0.000,0.000,0,0,0,0,0,0,0,0,0,0.000,0.000,0.000,0.000,0.000,0.000,0.000,0.000,0,0,0,0,0,0,0,0,0,0,0,0,0,0,0,0,0,0
10201,340.0,3646,37,21,884,2762,0,0,1848,224.90,1.200,1.940,0.321,0.055,0.293,-0.955,1.638,0.3737,4.0070,0.675,0.002,0.004,0.105,0.061,60,77,97,0,337,0,124121.20,15421.898,50769.720,104.760,9720.511,10.193,40094.833,19529.070,3111.745,19694.917,15755.934,3239.069,59.214,664.955,0.000228,0.009170,1641,0,44,53,97,44,27060,28,52,103.856,0,0,0,0,0,0,0,0,0,0,0,0,0,0,84403,2129,1613,63200.632,50705.123,9697.606,0.150,103.856,37514.577,17759.787,1591.186,379,448,77,44,327,93920,0,0,0,0.000,0.000,0.000,0.000,0.000,0.000,0.000,0.000,0,0,0,0,0,0,0,0,0,0.000,0.000,0.000,0.000,0.000,0.000,0.000,0.000,0,0,0,0,0,0,0,0,0,0.000,0.000,0.000,0.000,0.000,0.000,0.000,0.000,0,0,0,0,0,0,0,0,0,0.000,0.000,0.000,0.000,0.000,0.000,0.000,0.000,0,0,0,0,0,0,0,0,0,0.000,0.000,0.000,0.000,0.000,0.000,0.000,0.000,0,0,0,0,0,0,0,0,0,0,0,0,0,0,0,0,0,0
10231,341.0,3549,45,21,893,2656,0,0,1817,222.12,1.193,1.920,0.321,0.057,0.300,-0.955,1.641,0.3727,4.0086,0.659,0.002,0.008,0.104,0.058,54,90,65,0,333,0,118603.43,15041.600,47278.577,80.589,9186.103,9.381,38720.861,18920.382,3032.983,17944.513,14355.610,2877.609,116.093,661.701,0.000180,0.010486,1600,0,28,37,65,28,26080,66,37,80.462,0,0,0,0,0,0,0,0,0,0,0,0,0,0,81087,1984,1534,58991.081,47223.985,9126.640,0.127,80.462,36126.876,17292.153,1447.181,334,440,90,28,322,85894,0,0,0,0.000,0.000,0.000,0.000,0.000,0.000,0.000,0.000,0,0,0,0,0,0,0,0,0,0.000,0.000,0.000,0.000,0.000,0.000,0.000,0.000,0,0,0,0,0,0,0,0,0,0.000,0.000,0.000,0.000,0.000,0.000,0.000,0.000,0,0,0,0,0,0,0,0,0,0.000,0.000,0.000,0.000,0.000,0.000,0.000,0.000,0,0,0,0,0,0,0,0,0,0.000,0.000,0.000,0.000,0.000,0.000,0.000,0.000,0,0,0,0,0,0,0,0,0,0,0,0,0,0,0,0,0,0
10261,342.0,3450,31,21,905,2545,0,0,1722,229.99,1.186,1.898,0.315,0.059,0.308,-0.955,1.638,0.3761,3.9692,0.657,0.002,0.006,0.104,0.054,50,96,85,0,307,0,113697.31,14416.169,47031.244,56.279,9491.188,8.923,37622.802,18327.929,2903.144,17977.316,14381.853,2954.368,245.191,760.916,0.000167,0.011882,1664,0,55,30,85,55,24367,108,30,56.119,0,0,0,0,0,0,0,0,0,0,0,0,0,0,78337,1978,1556,58982.952,46987.183,9429.130,0.160,56.119,34981.856,16786.405,1358.878,338,448,96,55,297,95579,0,0,0,0.000,0.000,0.000,0.000,0.000,0.000,0.000,0.000,0,0,0,0,0,0,0,0,0,0.000,0.000,0.000,0.000,0.000,0.000,0.000,0.000,0,0,0,0,0,0,0,0,0,0.000,0.000,0.000,0.000,0.000,0.000,0.000,0.000,0,0,0,0,0,0,0,0,0,0.000,0.000,0.000,0.000,0.000,0.000,0.000,0.000,0,0,0,0,0,0,0,0,0,0.000,0.000,0.000,0.000,0.000,0.000,0.000,0.000,0,0,0,0,0,0,0,0,0,1,0,0,0,0,0,0,0,0
10291,343.0,3268,48,21,908,2360,0,0,1602,212.35,1.171,1.868,0.315,0.062,0.320,-0.956,1.636,0.3771,4.0405,0.667,0.002,0.008,0.103,0.052,55,94,113,0,337,0,108247.98,14055.835,44032.648,75.977,7998.453,12.900,35636.285,17437.042,2729.493,16704.563,13363.651,3712.712,93.820,663.528,0.000195,0.012780,1461,0,76,37,113,76,22328,84,37,75.806,0,0,0,0,0,0,0,0,0,0,0,0,0,0,73684,1851,1377,54337.205,43961.465,7967.805,0.171,75.806,32970.834,15948.891,1302.519,315,499,94,76,329,94998,0,0,0,0.000,0.000,0.000,0.000,0.000,0.000,0.000,0.000,0,0,0,0,0,0,0,0,0,0.000,0.000,0.000,0.000,0.000,0.000,0.000,0.000,0,0,0,0,0,0,0,0,0,0.000,0.000,0.000,0.000,0.000,0.000,0.000,0.000,0,0,0,0,0,0,0,0,0,0.000,0.000,0.000,0.000,0.000,0.000,0.000,0.000,0,0,0,0,0,0,0,0,0,0.000,0.000,0.000,0.000,0.000,0.000,0.000,0.000,0,0,0,0,0,0,0,0,0,1,0,0,0,0,0,0,0,0
10321,344.0,3104,37,21,890,2214,0,0,1472,233.08,1.163,1.847,0.315,0.062,0.327,-0.957,1.641,0.3792,3.9792,0.660,0.006,0.008,0.102,0.049,49,91,101,0,291,0,104415.95,13464.506,41675.241,102.179,8581.201,9.575,33383.904,15859.897,2517.500,14720.747,11776.597,3521.980,101.438,745.091,0.000191,0.014365,1511,0,50,51,101,50,20309,139,51,102.011,0,0,0,0,0,0,0,0,0,0,0,0,0,0,68517,1744,1372,52345.591,41561.348,8494.179,0.168,102.011,30711.463,14540.908,1129.528,277,423,90,50,283,86534,0,0,0,0.000,0.000,0.000,0.000,0.000,0.000,0.000,0.000,0,0,0,0,0,0,0,0,0,0.000,0.000,0.000,0.000,0.000,0.000,0.000,0.000,0,0,0,0,0,0,0,0,0,0.000,0.000,0.000,0.000,0.000,0.000,0.000,0.000,0,0,0,0,0,0,0,0,0,0.000,0.000,0.000,0.000,0.000,0.000,0.000,0.000,0,0,0,0,0,0,0,0,0,0.000,0.000,0.000,0.000,0.000,0.000,0.000,0.000,0,0,0,0,0,0,0,0,0,0,0,0,0,0,0,0,0,0
10351,345.0,3029,31,20,884,2145,0,0,1341,247.32,1.159,1.836,0.313,0.061,0.331,-0.956,1.636,0.3804,3.9686,0.656,0.001,0.009,0.102,0.048,51,91,60,0,250,0,100935.88,12755.573,39365.372,81.704,7820.264,10.072,31995.745,15148.766,2294.477,15051.708,12041.366,2478.322,181.906,573.162,0.000288,0.015343,1454,0,20,40,60,20,19233,184,40,81.665,0,0,0,0,0,0,0,0,0,0,0,0,0,0,65406,1660,1270,49281.544,39335.962,7741.944,0.039,81.665,29352.721,13993.218,972.600,282,351,91,20,240,71741,0,0,0,0.000,0.000,0.000,0.000,0.000,0.000,0.000,0.000,0,0,0,0,0,0,0,0,0,0.000,0.000,0.000,0.000,0.000,0.000,0.000,0.000,0,0,0,0,0,0,0,0,0,0.000,0.000,0.000,0.000,0.000,0.000,0.000,0.000,0,0,0,0,0,0,0,0,0,0.000,0.000,0.000,0.000,0.000,0.000,0.000,0.000,0,0,0,0,0,0,0,0,0,0.000,0.000,0.000,0.000,0.000,0.000,0.000,0.000,0,0,0,0,0,0,0,0,0,0,0,0,0,0,0,0,0,0
10381,346.0,2933,45,20,872,2061,0,0,1262,221.71,1.154,1.827,0.314,0.062,0.336,-0.956,1.639,0.3775,4.0351,0.675,0.003,0.008,0.102,0.046,48,102,70,0,211,0,96308.27,12206.153,36598.696,81.821,7294.758,9.874,31113.625,14830.366,2092.258,13337.904,10670.323,2243.012,87.020,480.424,0.000196,0.015672,1360,0,27,43,70,27,18555,89,43,81.656,0,0,0,0,0,0,0,0,0,0,0,0,0,0,63440,1535,1271,45850.389,36574.259,7269.736,0.165,81.656,28477.857,13689.146,962.221,251,335,101,27,207,76593,0,0,0,0.000,0.000,0.000,0.000,0.000,0.000,0.000,0.000,0,0,0,0,0,0,0,0,0,0.000,0.000,0.000,0.000,0.000,0.000,0.000,0.000,0,0,0,0,0,0,0,0,0,0.000,0.000,0.000,0.000,0.000,0.000,0.000,0.000,0,0,0,0,0,0,0,0,0,0.000,0.000,0.000,0.000,0.000,0.000,0.000,0.000,0,0,0,0,0,0,0,0,0,0.000,0.000,0.000,0.000,0.000,0.000,0.000,0.000,0,0,0,0,0,0,0,0,0,0,0,0,0,0,0,0,0,0
10411,347.0,2798,37,20,864,1934,0,0,1134,224.60,1.146,1.804,0.314,0.063,0.344,-0.956,1.639,0.3756,4.0034,0.672,0.002,0.010,0.101,0.042,50,98,84,0,212,0,90931.17,11555.037,34317.417,82.293,7124.372,10.544,29622.047,13914.049,1924.452,12015.481,9612.385,2692.915,207.845,567.432,0.000153,0.016331,1324,0,45,39,84,45,17154,110,39,82.127,0,0,0,0,0,0,0,0,0,0,0,0,0,0,59977,1441,1214,43279.444,34294.668,7079.093,0.166,82.127,27027.253,12874.571,867.479,221,348,98,45,205,74638,0,0,0,0.000,0.000,0.000,0.000,0.000,0.000,0.000,0.000,0,0,0,0,0,0,0,0,0,0.000,0.000,0.000,0.000,0.000,0.000,0.000,0.000,0,0,0,0,0,0,0,0,0,0.000,0.000,0.000,0.000,0.000,0.000,0.000,0.000,0,0,0,0,0,0,0,0,0,0.000,0.000,0.000,0.000,0.000,0.000,0.000,0.000,0,0,0,0,0,0,0,0,0,0.000,0.000,0.000,0.000,0.000,0.000,0.000,0.000,0,0,0,0,0,0,0,0,0,0,0,0,0,0,0,0,0,0
10441,348.0,2612,34,20,854,1758,0,0,1040,221.04,1.128,1.764,0.313,0.066,0.358,-0.956,1.643,0.3735,3.9745,0.676,0.004,0.008,0.100,0.037,41,110,58,0,198,0,84385.35,10952.175,29154.283,49.725,6423.278,9.540,27824.269,12892.147,1742.506,8225.306,6580.245,2015.770,120.073,462.182,0.000236,0.017897,1174,0,28,30,58,28,15820,88,30,49.591,0,0,0,0,0,0,0,0,0,0,0,0,0,0,55762,1225,1086,37093.790,29110.747,6397.960,0.135,49.591,25230.906,11936.588,784.380,150,326,110,28,188,70775,0,0,0,0.000,0.000,0.000,0.000,0.000,0.000,0.000,0.000,0,0,0,0,0,0,0,0,0,0.000,0.000,0.000,0.000,0.000,0.000,0.000,0.000,0,0,0,0,0,0,0,0,0,0.000,0.000,0.000,0.000,0.000,0.000,0.000,0.000,0,0,0,0,0,0,0,0,0,0.000,0.000,0.000,0.000,0.000,0.000,0.000,0.000,0,0,0,0,0,0,0,0,0,0.000,0.000,0.000,0.000,0.000,0.000,0.000,0.000,0,0,0,0,0,0,0,0,0,0,0,0,0,0,0,0,0,0
10471,349.0,2485,50,20,835,1650,0,0,930,264.23,1.119,1.746,0.309,0.064,0.364,-0.957,1.641,0.3734,3.9876,0.686,0.001,0.009,0.100,0.035,55,115,56,0,174,0,81057.28,10137.723,30070.748,59.023,5970.423,10.598,25647.075,11623.909,1556.309,10171.437,8137.150,2106.981,206.311,420.694,0.000163,0.018482,1067,0,22,34,56,22,14011,104,33,58.420,0,0,0,0,0,0,0,0,0,0,0,0,0,0,51017,1262,963,37571.501,30032.632,5936.896,0.092,58.420,23085.913,10791.278,664.884,191,299,115,22,162,66850,0,0,0,0.000,0.000,0.000,0.000,0.000,0.000,0.000,0.000,0,0,0,0,0,0,0,0,0,0.000,0.000,0.000,0.000,0.000,0.000,0.000,0.000,0,0,0,0,0,0,0,0,0,0.000,0.000,0.000,0.000,0.000,0.000,0.000,0.000,0,0,0,0,0,0,0,0,0,0.000,0.000,0.000,0.000,0.000,0.000,0.000,0.000,0,0,0,0,0,0,0,0,0,0.000,0.000,0.000,0.000,0.000,0.000,0.000,0.000,0,0,0,0,0,0,0,0,0,0,0,0,0,0,0,0,0,0
10501,350.0,2400,38,19,836,1564,0,0,840,230.68,1.108,1.722,0.307,0.065,0.373,-0.957,1.639,0.3712,4.0138,0.691,0.002,0.008,0.099,0.031,58,87,43,0,149,0,77268.62,9559.306,27727.610,33.869,5634.070,10.119,24450.313,11155.438,1386.713,9089.579,7271.663,1654.171,182.778,462.107,0.000134,0.019031,1178,0,25,18,43,25,13437,227,18,33.792,0,0,0,0,0,0,0,0,0,0,0,0,0,0,48344,1165,951,34700.320,27705.521,5563.107,0.077,33.792,21910.987,10362.029,630.134,171,257,87,25,145,57011,0,0,0,0.000,0.000,0.000,0.000,0.000,0.000,0.000,0.000,0,0,0,0,0,0,0,0,0,0.000,0.000,0.000,0.000,0.000,0.000,0.000,0.000,0,0,0,0,0,0,0,0,0,0.000,0.000,0.000,0.000,0.000,0.000,0.000,0.000,0,0,0,0,0,0,0,0,0,0.000,0.000,0.000,0.000,0.000,0.000,0.000,0.000,0,0,0,0,0,0,0,0,0,0.000,0.000,0.000,0.000,0.000,0.000,0.000,0.000,0,0,0,0,0,0,0,0,0,0,0,0,0,0,0,0,0,0
10531,351.0,2310,28,19,843,1467,0,0,734,251.74,1.091,1.690,0.302,0.065,0.386,-0.958,1.638,0.3741,3.9712,0.674,0.002,0.007,0.098,0.027,59,102,34,0,121,0,73246.85,9015.906,24372.684,33.371,5087.938,10.171,23098.080,10074.842,1232.149,7619.449,6095.559,1089.796,47.037,377.942,0.000150,0.018851,1076,0,16,18,34,16,12249,214,17,33.080,0,0,0,0,0,0,0,0,0,0,0,0,0,0,45296,1021,862,30675.204,24325.549,5034.783,0.041,33.080,20540.970,9361.298,548.421,138,235,102,16,117,55789,0,0,0,0.000,0.000,0.000,0.000,0.000,0.000,0.000,0.000,0,0,0,0,0,0,0,0,0,0.000,0.000,0.000,0.000,0.000,0.000,0.000,0.000,0,0,0,0,0,0,0,0,0,0.000,0.000,0.000,0.000,0.000,0.000,0.000,0.000,0,0,0,0,0,0,0,0,0,0.000,0.000,0.000,0.000,0.000,0.000,0.000,0.000,0,0,0,0,0,0,0,0,0,0.000,0.000,0.000,0.000,0.000,0.000,0.000,0.000,0,0,0,0,0,0,0,0,0,0,0,0,0,0,0,0,0,0
10561,352.0,2221,34,19,841,1380,0,0,681,246.66,1.077,1.664,0.301,0.065,0.397,-0.957,1.636,0.3746,4.0360,0.673,0.001,0.007,0.097,0.023,52,109,30,0,108,0,68245.45,8678.666,22275.010,30.520,5008.604,14.165,22001.584,9680.046,1097.471,7359.341,5887.473,1247.317,127.416,359.908,0.000125,0.019541,1026,0,14,16,30,14,11294,149,16,30.494,0,0,0,0,0,0,0,0,0,0,0,0,0,0,42825,934,877,28433.322,22244.044,4966.556,0.025,30.494,19413.974,9034.535,478.968,138,225,109,14,102,49591,0,0,0,0.000,0.000,0.000,0.000,0.000,0.000,0.000,0.000,0,0,0,0,0,0,0,0,0,0.000,0.000,0.000,0.000,0.000,0.000,0.000,0.000,0,0,0,0,0,0,0,0,0,0.000,0.000,0.000,0.000,0.000,0.000,0.000,0.000,0,0,0,0,0,0,0,0,0,0.000,0.000,0.000,0.000,0.000,0.000,0.000,0.000,0,0,0,0,0,0,0,0,0,0.000,0.000,0.000,0.000,0.000,0.000,0.000,0.000,0,0,0,0,0,0,0,0,0,0,0,0,0,0,0,0,0,0
10591,353.0,2105,36,19,835,1270,0,0,599,276.80,1.059,1.628,0.297,0.069,0.411,-0.958,1.635,0.3756,3.9764,0.700,0.000,0.006,0.096,0.017,66,117,32,0,100,0,63135.21,8176.059,19767.284,38.148,3840.027,16.937,20651.147,9091.980,991.668,6111.485,4889.188,818.854,7.814,307.961,0.000203,0.020659,782,0,12,20,32,12,10605,105,20,38.139,0,0,0,0,0,0,0,0,0,0,0,0,0,0,39811,828,677,24566.547,19718.280,3789.731,0.008,38.139,18077.907,8481.500,443.668,113,223,117,12,94,54254,0,0,0,0.000,0.000,0.000,0.000,0.000,0.000,0.000,0.000,0,0,0,0,0,0,0,0,0,0.000,0.000,0.000,0.000,0.000,0.000,0.000,0.000,0,0,0,0,0,0,0,0,0,0.000,0.000,0.000,0.000,0.000,0.000,0.000,0.000,0,0,0,0,0,0,0,0,0,0.000,0.000,0.000,0.000,0.000,0.000,0.000,0.000,0,0,0,0,0,0,0,0,0,0.000,0.000,0.000,0.000,0.000,0.000,0.000,0.000,0,0,0,0,0,0,0,0,0,0,0,0,0,0,0,0,0,0
10621,354.0,2002,36,19,840,1162,0,0,523,253.85,1.037,1.580,0.294,0.070,0.428,-0.957,1.638,0.3764,3.9977,0.697,0.001,0.004,0.095,0.011,54,127,9,0,96,0,59803.77,8201.391,18510.213,19.122,4193.671,15.970,19157.455,8247.718,858.864,5975.700,4780.560,347.325,17.877,237.787,0.000158,0.021354,757,0,1,8,9,1,9121,33,8,19.121,0,0,0,0,0,0,0,0,0,0,0,0,0,0,36380,771,724,23598.466,18465.973,4165.526,0.001,19.121,16559.548,7685.076,394.177,110,218,127,1,90,52664,0,0,0,0.000,0.000,0.000,0.000,0.000,0.000,0.000,0.000,0,0,0,0,0,0,0,0,0,0.000,0.000,0.000,0.000,0.000,0.000,0.000,0.000,0,0,0,0,0,0,0,0,0,0.000,0.000,0.000,0.000,0.000,0.000,0.000,0.000,0,0,0,0,0,0,0,0,0,0.000,0.000,0.000,0.000,0.000,0.000,0.000,0.000,0,0,0,0,0,0,0,0,0,0.000,0.000,0.000,0.000,0.000,0.000,0.000,0.000,0,0,0,0,0,0,0,0,0,0,0,0,0,0,0,0,0,0
10651,355.0,1886,23,17,835,1051,0,0,463,314.55,1.015,1.534,0.298,0.070,0.446,-0.958,1.641,0.3758,3.9892,0.706,0.000,0.007,0.094,0.005,58,110,31,0,73,0,56639.45,7827.223,17220.988,47.685,3719.830,15.536,17758.934,7697.670,748.934,4355.582,3484.466,928.455,19.109,236.005,0.000099,0.021088,651,0,8,23,31,8,8457,23,23,47.680,0,0,0,0,0,0,0,0,0,0,0,0,0,0,33253,719,628,21782.590,17178.199,3702.203,0.006,47.680,15155.793,7197.618,332.001,76,187,110,8,69,55721,0,0,0,0.000,0.000,0.000,0.000,0.000,0.000,0.000,0.000,0,0,0,0,0,0,0,0,0,0.000,0.000,0.000,0.000,0.000,0.000,0.000,0.000,0,0,0,0,0,0,0,0,0,0.000,0.000,0.000,0.000,0.000,0.000,0.000,0.000,0,0,0,0,0,0,0,0,0,0.000,0.000,0.000,0.000,0.000,0.000,0.000,0.000,0,0,0,0,0,0,0,0,0,0.000,0.000,0.000,0.000,0.000,0.000,0.000,0.000,0,0,0,0,0,0,0,0,0,0,0,0,0,0,0,0,0,0
10681,356.0,1775,30,17,827,948,0,0,410,290.67,0.992,1.489,0.293,0.069,0.464,-0.958,1.644,0.3757,4.0157,0.714,0.001,0.007,0.092,-0.001,77,124,18,0,74,0,53551.09,7563.552,14863.084,32.823,3359.403,18.996,16185.837,6892.894,663.738,4903.265,3922.612,566.530,11.453,246.707,0.000138,0.020710,640,0,2,16,18,2,7363,61,16,32.822,0,0,0,0,0,0,0,0,0,0,0,0,0,0,29742,622,579,18956.690,14842.086,3319.405,0.002,32.822,13584.251,6457.362,269.423,90,193,123,2,68,48437,0,0,0,0.000,0.000,0.000,0.000,0.000,0.000,0.000,0.000,0,0,0,0,0,0,0,0,0,0.000,0.000,0.000,0.000,0.000,0.000,0.000,0.000,0,0,0,0,0,0,0,0,0,0.000,0.000,0.000,0.000,0.000,0.000,0.000,0.000,0,0,0,0,0,0,0,0,0,0.000,0.000,0.000,0.000,0.000,0.000,0.000,0.000,0,0,0,0,0,0,0,0,0,0.000,0.000,0.000,0.000,0.000,0.000,0.000,0.000,0,0,0,0,0,0,0,0,0,0,0,0,0,0,0,0,0,0
10711,357.0,1720,24,17,823,897,0,0,364,350.21,0.981,1.461,0.295,0.068,0.473,-0.959,1.649,0.3714,3.9346,0.704,0.000,0.007,0.092,-0.005,61,93,27,0,47,0,51212.89,7333.606,14722.415,55.386,3377.722,21.017,15292.923,6547.990,581.081,4920.771,3936.617,785.092,50.327,208.039,0.000135,0.020121,568,0,2,25,27,2,6652,41,24,54.321,0,0,0,0,0,0,0,0,0,0,0,0,0,0,27709,613,527,18805.769,14701.624,3350.585,0.000,54.321,12706.311,6140.850,242.211,84,135,93,2,40,36917,0,0,0,0.000,0.000,0.000,0.000,0.000,0.000,0.000,0.000,0,0,0,0,0,0,0,0,0,0.000,0.000,0.000,0.000,0.000,0.000,0.000,0.000,0,0,0,0,0,0,0,0,0,0.000,0.000,0.000,0.000,0.000,0.000,0.000,0.000,0,0,0,0,0,0,0,0,0,0.000,0.000,0.000,0.000,0.000,0.000,0.000,0.000,0,0,0,0,0,0,0,0,0,0.000,0.000,0.000,0.000,0.000,0.000,0.000,0.000,0,0,0,0,0,0,0,0,0,0,0,0,0,0,0,0,0,0
10741,358.0,1651,33,17,819,832,0,0,305,330.28,0.963,1.425,0.292,0.068,0.487,-0.959,1.645,0.3735,4.0518,0.707,0.002,0.006,0.091,-0.011,65,88,20,1,58,0,48742.84,7187.950,13333.364,48.017,3043.885,21.130,14661.393,6117.081,524.373,4390.545,3512.436,621.294,53.352,183.782,0.000147,0.020169,568,0,0,20,20,0,6425,72,19,47.765,0,0,0,0,0,0,0,0,0,0,0,0,0,0,26282,556,496,17008.602,13320.095,3007.555,0.000,47.765,12065.054,5733.342,218.857,77,142,88,0,54,38825,0,0,0,0.000,0.000,0.000,0.000,0.000,0.000,0.000,0.000,0,0,0,0,0,0,0,0,0,0.000,0.000,0.000,0.000,0.000,0.000,0.000,0.000,0,0,0,0,0,0,0,0,0,0.000,0.000,0.000,0.000,0.000,0.000,0.000,0.000,0,0,0,0,0,0,0,0,0,0.000,0.000,0.000,0.000,0.000,0.000,0.000,0.000,0,0,0,0,0,0,0,0,0,0.000,0.000,0.000,0.000,0.000,0.000,0.000,0.000,0,0,0,0,0,0,0,0,0,0,0,0,0,0,0,0,0,0
10771,359.0,1586,43,17,821,765,0,0,270,379.04,0.940,1.381,0.290,0.068,0.503,-0.960,1.646,0.3724,4.0412,0.700,0.000,0.009,0.090,-0.018,66,96,20,0,37,0,47441.67,7044.556,12550.057,36.230,2858.618,20.715,13536.495,5620.758,435.623,3806.014,3044.812,387.234,19.942,170.748,0.000151,0.019234,504,0,0,20,20,0,5581,44,20,36.230,0,0,0,0,0,0,0,0,0,0,0,0,0,0,23843,525,460,16001.396,12521.567,2828.885,0.000,36.230,10947.398,5256.424,201.026,62,129,95,0,34,36289,0,0,0,0.000,0.000,0.000,0.000,0.000,0.000,0.000,0.000,0,0,0,0,0,0,0,0,0,0.000,0.000,0.000,0.000,0.000,0.000,0.000,0.000,0,0,0,0,0,0,0,0,0,0.000,0.000,0.000,0.000,0.000,0.000,0.000,0.000,0,0,0,0,0,0,0,0,0,0.000,0.000,0.000,0.000,0.000,0.000,0.000,0.000,0,0,0,0,0,0,0,0,0,0.000,0.000,0.000,0.000,0.000,0.000,0.000,0.000,0,0,0,0,0,0,0,0,0,0,0,0,0,0,0,0,0,0
10801,360.0,1577,28,18,833,744,0,0,236,323.47,0.929,1.359,0.291,0.067,0.511,-0.959,1.648,0.3706,4.0205,0.705,0.001,0.008,0.089,-0.022,73,83,19,0,25,0,47047.16,7061.925,12795.403,43.029,2881.284,20.325,12935.616,5226.180,388.375,5079.187,4063.349,458.590,59.484,210.782,0.000127,0.018503,522,0,0,19,19,0,5333,58,19,43.029,0,0,0,0,0,0,0,0,0,0,0,0,0,0,22476,534,464,16278.789,12774.615,2831.141,0.000,43.029,10311.406,4891.006,169.997,84,105,82,0,23,28828,0,0,0,0.000,0.000,0.000,0.000,0.000,0.000,0.000,0.000,0,0,0,0,0,0,0,0,0,0.000,0.000,0.000,0.000,0.000,0.000,0.000,0.000,0,0,0,0,0,0,0,0,0,0.000,0.000,0.000,0.000,0.000,0.000,0.000,0.000,0,0,0,0,0,0,0,0,0,0.000,0.000,0.000,0.000,0.000,0.000,0.000,0.000,0,0,0,0,0,0,0,0,0,0.000,0.000,0.000,0.000,0.000,0.000,0.000,0.000,0,0,0,0,0,0,0,0,0,0,0,0,0,0,0,0,0,0
10831,361.0,1542,32,18,844,698,0,0,193,348.58,0.908,1.320,0.290,0.068,0.527,-0.958,1.646,0.3706,3.9257,0.686,0.001,0.010,0.088,-0.027,88,96,17,0,27,0,46249.35,7069.684,11903.813,40.425,2849.894,19.714,12629.856,5120.840,330.383,4482.337,3585.870,548.627,91.130,194.433,0.000197,0.019549,491,0,0,17,17,0,5090,59,17,40.425,0,0,0,0,0,0,0,0,0,0,0,0,0,0,21696,496,432,15324.593,11874.113,2802.765,0.000,40.425,9969.140,4775.626,179.029,74,120,95,0,25,32890,0,0,0,0.000,0.000,0.000,0.000,0.000,0.000,0.000,0.000,0,0,0,0,0,0,0,0,0,0.000,0.000,0.000,0.000,0.000,0.000,0.000,0.000,0,0,0,0,0,0,0,0,0,0.000,0.000,0.000,0.000,0.000,0.000,0.000,0.000,0,0,0,0,0,0,0,0,0,0.000,0.000,0.000,0.000,0.000,0.000,0.000,0.000,0,0,0,0,0,0,0,0,0,0.000,0.000,0.000,0.000,0.000,0.000,0.000,0.000,0,0,0,0,0,0,0,0,0,0,0,0,0,0,0,0,0,0
10861,362.0,1549,40,18,854,695,0,0,195,339.41,0.904,1.311,0.289,0.069,0.530,-0.958,1.644,0.3729,4.0457,0.689,0.001,0.012,0.087,-0.028,77,72,18,0,19,0,47562.42,7243.406,13213.058,31.195,2714.188,21.439,12224.178,4952.084,304.153,5165.301,4132.241,414.875,91.024,155.216,0.000097,0.019508,431,0,3,15,18,3,4890,19,15,31.188,0,0,0,0,0,0,0,0,0,0,0,0,0,0,20708,554,412,16642.170,13192.269,2697.098,0.007,31.188,9527.267,4603.107,180.543,89,92,72,3,17,24483,0,0,0,0.000,0.000,0.000,0.000,0.000,0.000,0.000,0.000,0,0,0,0,0,0,0,0,0,0.000,0.000,0.000,0.000,0.000,0.000,0.000,0.000,0,0,0,0,0,0,0,0,0,0.000,0.000,0.000,0.000,0.000,0.000,0.000,0.000,0,0,0,0,0,0,0,0,0,0.000,0.000,0.000,0.000,0.000,0.000,0.000,0.000,0,0,0,0,0,0,0,0,0,0.000,0.000,0.000,0.000,0.000,0.000,0.000,0.000,0,0,0,0,0,0,0,0,0,0,0,0,0,0,0,0,0,0
10891,363.0,1571,40,18,872,699,0,0,182,311.05,0.900,1.303,0.289,0.072,0.534,-0.957,1.646,0.3729,4.0754,0.711,0.005,0.010,0.087,-0.030,85,62,13,1,13,0,48915.39,7569.229,13044.989,16.622,3210.196,24.580,12318.043,4947.977,289.773,4878.353,3902.683,401.089,95.457,249.862,0.000116,0.019665,542,0,6,7,13,6,4735,69,7,16.596,0,0,0,0,0,0,0,0,0,0,0,0,0,0,20771,546,473,16910.139,13012.725,3160.713,0.027,16.596,9566.492,4591.168,185.108,82,78,61,6,11,17569,0,0,0,0.000,0.000,0.000,0.000,0.000,0.000,0.000,0.000,0,0,0,0,0,0,0,0,0,0.000,0.000,0.000,0.000,0.000,0.000,0.000,0.000,0,0,0,0,0,0,0,0,0,0.000,0.000,0.000,0.000,0.000,0.000,0.000,0.000,0,0,0,0,0,0,0,0,0,0.000,0.000,0.000,0.000,0.000,0.000,0.000,0.000,0,0,0,0,0,0,0,0,0,0.000,0.000,0.000,0.000,0.000,0.000,0.000,0.000,0,0,0,0,0,0,0,0,0,0,0,0,0,0,0,0,0,0
10921,364.0,1602,42,18,886,716,0,0,177,324.12,0.904,1.308,0.290,0.070,0.533,-0.955,1.646,0.3737,4.0460,0.686,0.006,0.008,0.087,-0.029,91,67,25,0,14,0,51019.51,7849.432,14239.428,57.445,3042.408,27.240,12594.351,4967.065,279.277,5941.698,4753.358,742.271,55.521,215.363,0.000149,0.018813,493,0,3,22,25,3,4889,55,22,57.440,0,0,0,0,0,0,0,0,0,0,0,0,0,0,21161,596,438,17984.302,14197.681,3004.165,0.005,57.440,9768.134,4588.918,202.983,99,82,67,3,12,20935,0,0,0,0.000,0.000,0.000,0.000,0.000,0.000,0.000,0.000,0,0,0,0,0,0,0,0,0,0.000,0.000,0.000,0.000,0.000,0.000,0.000,0.000,0,0,0,0,0,0,0,0,0,0.000,0.000,0.000,0.000,0.000,0.000,0.000,0.000,0,0,0,0,0,0,0,0,0,0.000,0.000,0.000,0.000,0.000,0.000,0.000,0.000,0,0,0,0,0,0,0,0,0,0.000,0.000,0.000,0.000,0.000,0.000,0.000,0.000,0,0,0,0,0,0,0,0,0,0,0,0,0,0,0,0,0,0
10951,365.0,1647,44,16,900,747,0,0,167,364.25,0.913,1.321,0.287,0.067,0.529,-0.955,1.647,0.3759,4.1325,0.680,0.002,0.011,0.087,-0.026,89,60,29,0,10,0,54064.52,8023.637,15832.416,62.331,3110.208,25.358,13003.989,5390.669,268.711,6205.228,4964.183,655.772,83.525,229.659,0.000159,0.018535,495,0,0,29,29,0,5073,41,28,61.449,0,0,0,0,0,0,0,0,0,0,0,0,0,0,21892,665,454,19746.536,15802.545,3066.565,0.000,61.449,10127.787,5013.967,196.368,99,68,59,0,9,16924,0,0,0,0.000,0.000,0.000,0.000,0.000,0.000,0.000,0.000,0,0,0,0,0,0,0,0,0,0.000,0.000,0.000,0.000,0.000,0.000,0.000,0.000,0,0,0,0,0,0,0,0,0,0.000,0.000,0.000,0.000,0.000,0.000,0.000,0.000,0,0,0,0,0,0,0,0,0,0.000,0.000,0.000,0.000,0.000,0.000,0.000,0.000,0,0,0,0,0,0,0,0,0,0.000,0.000,0.000,0.000,0.000,0.000,0.000,0.000,0,0,0,0,0,0,0,0,0,0,0,0,0,0,0,0,0,0
10981,366.0,1731,39,16,929,802,0,0,164,375.95,0.922,1.343,0.280,0.067,0.522,-0.956,1.649,0.3750,4.1361,0.650,0.004,0.007,0.088,-0.024,103,66,18,0,13,0,56864.81,8353.765,16607.217,42.053,3541.473,26.557,13693.428,5905.220,258.164,7935.221,6348.177,432.618,88.984,237.292,0.000176,0.017628,613,0,1,17,18,1,5139,86,17,42.049,0,0,0,0,0,0,0,0,0,0,0,0,0,0,23294,698,527,20999.631,16567.324,3496.750,0.005,42.049,10758.773,5512.712,210.468,134,79,65,1,13,22525,0,0,0,0.000,0.000,0.000,0.000,0.000,0.000,0.000,0.000,0,0,0,0,0,0,0,0,0,0.000,0.000,0.000,0.000,0.000,0.000,0.000,0.000,0,0,0,0,0,0,0,0,0,0.000,0.000,0.000,0.000,0.000,0.000,0.000,0.000,0,0,0,0,0,0,0,0,0,0.000,0.000,0.000,0.000,0.000,0.000,0.000,0.000,0,0,0,0,0,0,0,0,0,0.000,0.000,0.000,0.000,0.000,0.000,0.000,0.000,0,0,0,0,0,0,0,0,0,0,0,0,0,0,0,0,0,0
11011,367.0,1832,49,16,960,872,0,0,168,338.36,0.935,1.370,0.280,0.066,0.512,-0.955,1.651,0.3807,4.1887,0.654,0.003,0.006,0.088,-0.020,106,61,12,0,15,0,60013.57,8816.798,17848.403,27.192,3642.502,23.076,14633.955,6242.397,261.300,8392.511,6714.009,359.166,93.627,274.680,0.000129,0.017418,619,0,0,12,12,0,5412,97,12,27.192,0,0,0,0,0,0,0,0,0,0,0,0,0,0,25144,747,522,22371.669,17812.721,3571.691,0.000,27.192,11601.216,5841.234,213.494,143,73,61,0,12,13935,0,0,0,0.000,0.000,0.000,0.000,0.000,0.000,0.000,0.000,0,0,0,0,0,0,0,0,0,0.000,0.000,0.000,0.000,0.000,0.000,0.000,0.000,0,0,0,0,0,0,0,0,0,0.000,0.000,0.000,0.000,0.000,0.000,0.000,0.000,0,0,0,0,0,0,0,0,0,0.000,0.000,0.000,0.000,0.000,0.000,0.000,0.000,0,0,0,0,0,0,0,0,0,0.000,0.000,0.000,0.000,0.000,0.000,0.000,0.000,0,0,0,0,0,0,0,0,0,0,0,0,0,0,0,0,0,0
11041,368.0,1940,41,16,1003,937,0,0,168,277.10,0.942,1.383,0.281,0.066,0.508,-0.955,1.654,0.3782,4.0995,0.645,0.003,0.004,0.089,-0.018,96,77,16,0,19,0,64076.17,9344.072,19910.284,37.486,4251.823,26.440,15639.163,6538.759,274.518,9611.718,7689.374,462.713,37.972,353.773,0.000155,0.017167,747,0,2,14,16,2,5718,121,14,37.436,0,0,0,0,0,0,0,0,0,0,0,0,0,0,27125,835,626,25145.632,19855.768,4156.109,0.049,37.436,12481.954,6122.245,220.677,160,95,76,2,17,19322,0,0,0,0.000,0.000,0.000,0.000,0.000,0.000,0.000,0.000,0,0,0,0,0,0,0,0,0,0.000,0.000,0.000,0.000,0.000,0.000,0.000,0.000,0,0,0,0,0,0,0,0,0,0.000,0.000,0.000,0.000,0.000,0.000,0.000,0.000,0,0,0,0,0,0,0,0,0,0.000,0.000,0.000,0.000,0.000,0.000,0.000,0.000,0,0,0,0,0,0,0,0,0,0.000,0.000,0.000,0.000,0.000,0.000,0.000,0.000,0,0,0,0,0,0,0,0,0,0,0,0,0,0,0,0,0,0
11071,369.0,2067,49,16,1035,1032,0,0,159,285.24,0.961,1.417,0.280,0.065,0.495,-0.954,1.656,0.3787,4.1125,0.645,0.004,0.005,0.090,-0.013,114,70,14,0,14,0,69717.67,10180.073,22256.802,27.038,4531.220,25.454,16737.389,6967.626,262.703,10237.302,8189.842,391.311,73.278,342.647,0.000169,0.016234,775,0,1,13,14,1,5698,126,11,25.154,0,0,0,0,0,0,0,0,0,0,0,0,0,0,29206,942,649,27951.876,22193.231,4460.300,0.031,25.154,13465.459,6519.790,242.944,179,84,70,1,13,18550,0,0,0,0.000,0.000,0.000,0.000,0.000,0.000,0.000,0.000,0,0,0,0,0,0,0,0,0,0.000,0.000,0.000,0.000,0.000,0.000,0.000,0.000,0,0,0,0,0,0,0,0,0,0.000,0.000,0.000,0.000,0.000,0.000,0.000,0.000,0,0,0,0,0,0,0,0,0,0.000,0.000,0.000,0.000,0.000,0.000,0.000,0.000,0,0,0,0,0,0,0,0,0,0.000,0.000,0.000,0.000,0.000,0.000,0.000,0.000,0,0,0,0,0,0,0,0,0,0,0,0,0,0,0,0,0,0
11101,370.0,2214,54,16,1074,1140,0,0,173,255.07,0.979,1.452,0.279,0.063,0.484,-0.955,1.655,0.3805,4.0955,0.635,0.004,0.008,0.091,-0.008,102,74,20,0,14,0,74502.89,11088.001,23730.951,22.378,4918.191,24.217,18365.956,7789.397,260.578,11549.895,9239.916,687.383,194.908,447.907,0.000151,0.015364,838,0,10,10,20,10,6163,155,10,22.264,0,0,0,0,0,0,0,0,0,0,0,0,0,0,32447,997,683,29850.114,23656.997,4833.356,0.114,22.264,14991.988,7302.231,273.821,202,94,74,10,10,12053,0,0,0,0.000,0.000,0.000,0.000,0.000,0.000,0.000,0.000,0,0,0,0,0,0,0,0,0,0.000,0.000,0.000,0.000,0.000,0.000,0.000,0.000,0,0,0,0,0,0,0,0,0,0.000,0.000,0.000,0.000,0.000,0.000,0.000,0.000,0,0,0,0,0,0,0,0,0,0.000,0.000,0.000,0.000,0.000,0.000,0.000,0.000,0,0,0,0,0,0,0,0,0,0.000,0.000,0.000,0.000,0.000,0.000,0.000,0.000,0,0,0,0,0,0,0,0,0,0,0,0,0,0,0,0,0,0
11131,371.0,2386,45,16,1134,1252,0,0,187,221.18,0.992,1.474,0.277,0.062,0.478,-0.954,1.657,0.3771,4.0471,0.625,0.004,0.005,0.092,-0.005,92,80,28,0,17,0,79562.90,12069.573,26045.183,41.741,6106.444,20.616,20143.400,8607.575,282.498,13209.579,10567.663,853.239,86.023,481.836,0.000136,0.014870,1021,0,12,16,28,12,6307,148,15,41.090,0,0,0,0,0,0,0,0,0,0,0,0,0,0,35822,1095,873,33528.472,25976.758,6020.055,0.029,41.090,16610.845,8066.154,317.948,220,108,80,12,16,19959,0,0,0,0.000,0.000,0.000,0.000,0.000,0.000,0.000,0.000,0,0,0,0,0,0,0,0,0,0.000,0.000,0.000,0.000,0.000,0.000,0.000,0.000,0,0,0,0,0,0,0,0,0,0.000,0.000,0.000,0.000,0.000,0.000,0.000,0.000,0,0,0,0,0,0,0,0,0,0.000,0.000,0.000,0.000,0.000,0.000,0.000,0.000,0,0,0,0,0,0,0,0,0,0.000,0.000,0.000,0.000,0.000,0.000,0.000,0.000,0,0,0,0,0,0,0,0,0,0,0,0,0,0,0,0,0,0
11161,372.0,2531,49,16,1177,1354,0,0,209,200.51,1.002,1.498,0.275,0.061,0.470,-0.954,1.660,0.3833,4.1751,0.614,0.008,0.007,0.092,-0.002,91,100,38,0,19,0,84565.57,13066.522,28663.324,43.078,7227.436,20.813,21894.770,9664.043,308.696,13540.080,10832.064,1431.055,167.127,596.545,0.000182,0.014005,1206,0,18,20,38,18,6583,129,20,42.971,0,0,0,0,0,0,0,0,0,0,0,0,0,0,39201,1207,1077,37434.978,28617.826,7129.683,0.107,42.971,18209.324,9067.652,360.986,234,132,100,18,14,20833,0,0,0,0.000,0.000,0.000,0.000,0.000,0.000,0.000,0.000,0,0,0,0,0,0,0,0,0,0.000,0.000,0.000,0.000,0.000,0.000,0.000,0.000,0,0,0,0,0,0,0,0,0,0.000,0.000,0.000,0.000,0.000,0.000,0.000,0.000,0,0,0,0,0,0,0,0,0,0.000,0.000,0.000,0.000,0.000,0.000,0.000,0.000,0,0,0,0,0,0,0,0,0,0.000,0.000,0.000,0.000,0.000,0.000,0.000,0.000,0,0,0,0,0,0,0,0,0,0,0,0,0,0,0,0,0,0
11191,373.0,2676,43,16,1219,1457,0,0,234,242.17,1.014,1.518,0.274,0.061,0.463,-0.954,1.665,0.3837,4.1538,0.615,0.002,0.012,0.093,0.000,104,126,41,0,19,0,89706.76,14457.924,30198.022,46.333,7525.326,19.157,23459.346,10664.959,355.452,15061.727,12049.381,1308.868,120.472,639.647,0.000178,0.012925,1302,0,20,21,41,20,7089,192,21,46.179,0,0,0,0,0,0,0,0,0,0,0,0,0,0,42149,1267,1110,39328.531,30083.303,7411.580,0.154,46.179,19622.116,10028.501,391.360,264,161,126,20,15,29467,0,0,0,0.000,0.000,0.000,0.000,0.000,0.000,0.000,0.000,0,0,0,0,0,0,0,0,0,0.000,0.000,0.000,0.000,0.000,0.000,0.000,0.000,0,0,0,0,0,0,0,0,0,0.000,0.000,0.000,0.000,0.000,0.000,0.000,0.000,0,0,0,0,0,0,0,0,0,0.000,0.000,0.000,0.000,0.000,0.000,0.000,0.000,0,0,0,0,0,0,0,0,0,0.000,0.000,0.000,0.000,0.000,0.000,0.000,0.000,0,0,0,0,0,0,0,0,0,0,0,0,0,0,0,0,0,0
11221,374.0,2858,53,16,1285,1573,0,0,264,200.06,1.020,1.529,0.271,0.063,0.459,-0.954,1.664,0.3849,4.1130,0.617,0.007,0.011,0.093,0.002,87,100,43,0,36,0,96986.88,15771.977,34268.913,40.665,8543.387,22.115,25127.553,11419.512,385.202,16185.679,12948.544,1634.572,306.657,690.803,0.000175,0.011756,1413,0,29,14,43,29,7071,159,14,40.397,0,0,0,0,0,0,0,0,0,0,0,0,0,0,45379,1435,1254,44585.826,34171.870,8454.126,0.268,40.397,21129.536,10739.267,424.889,280,164,100,29,35,26299,0,0,0,0.000,0.000,0.000,0.000,0.000,0.000,0.000,0.000,0,0,0,0,0,0,0,0,0,0.000,0.000,0.000,0.000,0.000,0.000,0.000,0.000,0,0,0,0,0,0,0,0,0,0.000,0.000,0.000,0.000,0.000,0.000,0.000,0.000,0,0,0,0,0,0,0,0,0,0.000,0.000,0.000,0.000,0.000,0.000,0.000,0.000,0,0,0,0,0,0,0,0,0,0.000,0.000,0.000,0.000,0.000,0.000,0.000,0.000,0,0,0,0,0,0,0,0,0,0,0,0,0,0,0,0,0,0
11251,375.0,3078,59,17,1348,1730,0,0,318,233.76,1.033,1.553,0.271,0.063,0.451,-0.955,1.663,0.3830,4.1412,0.612,0.004,0.012,0.094,0.006,83,120,46,0,33,0,104719.25,17025.313,36986.642,37.520,9844.294,17.402,27159.096,12286.605,444.770,19067.389,15253.911,1596.370,217.773,799.012,0.000268,0.010080,1734,0,30,16,46,30,7432,238,16,37.302,0,0,0,0,0,0,0,0,0,0,0,0,0,0,49322,1550,1496,48773.489,36873.442,9723.609,0.218,37.302,22987.538,11541.465,478.020,335,178,120,30,28,31330,0,0,0,0.000,0.000,0.000,0.000,0.000,0.000,0.000,0.000,0,0,0,0,0,0,0,0,0,0.000,0.000,0.000,0.000,0.000,0.000,0.000,0.000,0,0,0,0,0,0,0,0,0,0.000,0.000,0.000,0.000,0.000,0.000,0.000,0.000,0,0,0,0,0,0,0,0,0,0.000,0.000,0.000,0.000,0.000,0.000,0.000,0.000,0,0,0,0,0,0,0,0,0,0.000,0.000,0.000,0.000,0.000,0.000,0.000,0.000,0,0,0,0,0,0,0,0,0,0,0,0,0,0,0,0,0,0
11281,376.0,3273,46,17,1408,1865,0,0,370,245.93,1.043,1.569,0.271,0.063,0.445,-0.955,1.664,0.3823,4.1826,0.610,0.004,0.009,0.095,0.008,95,114,68,0,37,0,111386.70,19100.524,38457.293,72.905,11163.620,16.814,29497.659,13351.908,522.695,18690.980,14952.785,2599.391,293.013,960.415,0.000209,0.008183,2014,0,42,26,68,42,7749,312,26,72.556,0,0,0,0,0,0,0,0,0,0,0,0,0,0,53826,1623,1702,51702.301,38352.133,11023.607,0.349,72.556,25139.688,12547.487,524.053,323,188,114,42,32,32483,0,0,0,0.000,0.000,0.000,0.000,0.000,0.000,0.000,0.000,0,0,0,0,0,0,0,0,0,0.000,0.000,0.000,0.000,0.000,0.000,0.000,0.000,0,0,0,0,0,0,0,0,0,0.000,0.000,0.000,0.000,0.000,0.000,0.000,0.000,0,0,0,0,0,0,0,0,0,0.000,0.000,0.000,0.000,0.000,0.000,0.000,0.000,0,0,0,0,0,0,0,0,0,0.000,0.000,0.000,0.000,0.000,0.000,0.000,0.000,0,0,0,0,0,0,0,0,0,0,0,0,0,0,0,0,0,0
11311,377.0,3477,44,17,1445,2032,0,0,430,295.32,1.060,1.600,0.268,0.061,0.435,-0.954,1.666,0.3861,4.1431,0.608,0.006,0.010,0.096,0.012,94,140,71,0,48,0,119633.03,20543.719,42711.609,91.293,12754.899,19.095,32029.051,14793.547,617.498,21264.829,17011.864,2279.277,214.374,913.572,0.000191,0.007429,2234,0,29,42,71,29,7959,227,41,90.186,0,0,0,0,0,0,0,0,0,0,0,0,0,0,58827,1793,2007,57883.635,42610.697,12653.616,0.093,90.186,27538.147,13961.164,539.764,375,208,139,29,40,33609,0,0,0,0.000,0.000,0.000,0.000,0.000,0.000,0.000,0.000,0,0,0,0,0,0,0,0,0,0.000,0.000,0.000,0.000,0.000,0.000,0.000,0.000,0,0,0,0,0,0,0,0,0,0.000,0.000,0.000,0.000,0.000,0.000,0.000,0.000,0,0,0,0,0,0,0,0,0,0.000,0.000,0.000,0.000,0.000,0.000,0.000,0.000,0,0,0,0,0,0,0,0,0,0.000,0.000,0.000,0.000,0.000,0.000,0.000,0.000,0,0,0,0,0,0,0,0,0,0,0,0,0,0,0,0,0,0
11341,378.0,3705,46,17,1491,2214,0,0,531,218.11,1.077,1.629,0.267,0.060,0.425,-0.955,1.671,0.3862,4.1371,0.602,0.003,0.009,0.096,0.016,86,149,64,0,51,0,127976.16,22072.795,44834.218,91.868,13780.688,18.589,34500.077,15779.956,757.077,22631.036,18104.829,1878.696,207.973,1005.765,0.000165,0.007531,2449,0,21,43,64,21,8249,306,42,90.777,0,0,0,0,0,0,0,0,0,0,0,0,0,0,63698,1890,2143,61099.741,44738.485,13609.836,0.053,90.777,29881.311,14899.938,574.315,398,216,149,21,46,38536,0,0,0,0.000,0.000,0.000,0.000,0.000,0.000,0.000,0.000,0,0,0,0,0,0,0,0,0,0.000,0.000,0.000,0.000,0.000,0.000,0.000,0.000,0,0,0,0,0,0,0,0,0,0.000,0.000,0.000,0.000,0.000,0.000,0.000,0.000,0,0,0,0,0,0,0,0,0,0.000,0.000,0.000,0.000,0.000,0.000,0.000,0.000,0,0,0,0,0,0,0,0,0,0.000,0.000,0.000,0.000,0.000,0.000,0.000,0.000,0,0,0,0,0,0,0,0,0,0,0,0,0,0,0,0,0,0
11371,379.0,3965,37,17,1552,2413,0,0,642,256.09,1.089,1.651,0.267,0.061,0.416,-0.955,1.672,0.3856,4.1289,0.599,0.001,0.010,0.096,0.020,75,131,68,0,76,0,136080.20,23789.922,47403.912,109.620,15250.756,17.916,37315.202,17258.432,925.975,24178.605,19342.884,1727.745,148.491,987.848,0.000162,0.006783,2651,0,15,53,68,15,8993,236,53,109.598,0,0,0,0,0,0,0,0,0,0,0,0,0,0,69306,1987,2415,65251.102,47248.296,15103.134,0.022,109.598,32537.527,16333.098,608.928,415,216,130,15,71,39178,0,0,0,0.000,0.000,0.000,0.000,0.000,0.000,0.000,0.000,0,0,0,0,0,0,0,0,0,0.000,0.000,0.000,0.000,0.000,0.000,0.000,0.000,0,0,0,0,0,0,0,0,0,0.000,0.000,0.000,0.000,0.000,0.000,0.000,0.000,0,0,0,0,0,0,0,0,0,0.000,0.000,0.000,0.000,0.000,0.000,0.000,0.000,0,0,0,0,0,0,0,0,0,0.000,0.000,0.000,0.000,0.000,0.000,0.000,0.000,0,0,0,0,0,0,0,0,0,0,0,0,0,0,0,0,0,0
11401,380.0,4174,39,16,1599,2575,0,0,883,205.51,1.097,1.668,0.267,0.061,0.410,-0.954,1.678,0.3846,4.1279,0.583,0.001,0.009,0.097,0.022,88,164,64,0,95,0,140556.56,24745.117,48309.467,106.624,15927.218,16.529,40139.462,18963.062,1235.378,24422.760,19538.209,2001.042,350.299,1111.058,0.000207,0.006778,2994,0,17,47,64,17,9222,304,47,106.587,0,0,0,0,0,0,0,0,0,0,0,0,0,0,75124,2025,2690,66920.000,48192.374,15751.899,0.037,106.587,35210.688,17961.261,679.028,433,271,164,17,90,45322,0,0,0,0.000,0.000,0.000,0.000,0.000,0.000,0.000,0.000,0,0,0,0,0,0,0,0,0,0.000,0.000,0.000,0.000,0.000,0.000,0.000,0.000,0,0,0,0,0,0,0,0,0,0.000,0.000,0.000,0.000,0.000,0.000,0.000,0.000,0,0,0,0,0,0,0,0,0,0.000,0.000,0.000,0.000,0.000,0.000,0.000,0.000,0,0,0,0,0,0,0,0,0,0.000,0.000,0.000,0.000,0.000,0.000,0.000,0.000,0,0,0,0,0,0,0,0,0,0,0,0,0,0,0,0,0,0
11431,381.0,4349,38,16,1634,2715,0,0,1171,200.54,1.106,1.681,0.265,0.061,0.405,-0.954,1.680,0.3853,4.1198,0.577,0.003,0.007,0.097,0.024,74,159,58,0,135,0,146447.67,25854.863,51877.836,107.933,17193.539,20.996,42183.844,19992.659,1699.528,24511.783,19609.427,1854.853,264.881,1051.389,0.000276,0.007701,3118,0,11,47,58,11,9792,232,46,106.651,0,0,0,0,0,0,0,0,0,0,0,0,0,0,79221,2175,2886,72073.835,51794.848,17070.111,0.024,106.651,37123.365,18910.116,750.933,438,298,158,11,129,50608,0,0,0,0.000,0.000,0.000,0.000,0.000,0.000,0.000,0.000,0,0,0,0,0,0,0,0,0,0.000,0.000,0.000,0.000,0.000,0.000,0.000,0.000,0,0,0,0,0,0,0,0,0,0.000,0.000,0.000,0.000,0.000,0.000,0.000,0.000,0,0,0,0,0,0,0,0,0,0.000,0.000,0.000,0.000,0.000,0.000,0.000,0.000,0,0,0,0,0,0,0,0,0,0.000,0.000,0.000,0.000,0.000,0.000,0.000,0.000,0,0,0,0,0,0,0,0,0,0,0,0,0,0,0,0,0,0
11461,382.0,4497,33,16,1670,2827,0,0,1359,245.93,1.112,1.692,0.266,0.062,0.402,-0.954,1.677,0.3862,4.1086,0.581,0.002,0.007,0.098,0.025,72,140,82,0,188,0,152144.91,27077.884,54265.217,109.648,17616.543,16.893,43865.251,20478.112,2081.587,25995.670,20796.536,2595.724,426.868,1108.843,0.000173,0.008412,3230,0,31,51,82,31,10074,176,51,109.528,0,0,0,0,0,0,0,0,0,0,0,0,0,0,82462,2278,3054,75071.119,54153.223,17519.640,0.120,109.528,38662.749,19342.802,797.597,465,353,138,31,184,63957,0,0,0,0.000,0.000,0.000,0.000,0.000,0.000,0.000,0.000,0,0,0,0,0,0,0,0,0,0.000,0.000,0.000,0.000,0.000,0.000,0.000,0.000,0,0,0,0,0,0,0,0,0,0.000,0.000,0.000,0.000,0.000,0.000,0.000,0.000,0,0,0,0,0,0,0,0,0,0.000,0.000,0.000,0.000,0.000,0.000,0.000,0.000,0,0,0,0,0,0,0,0,0,0.000,0.000,0.000,0.000,0.000,0.000,0.000,0.000,0,0,0,0,0,0,0,0,0,0,0,0,0,0,0,0,0,0
11491,383.0,4634,38,16,1665,2969,0,0,1603,279.63,1.127,1.717,0.264,0.061,0.393,-0.954,1.675,0.3889,4.1094,0.587,0.001,0.007,0.098,0.028,64,102,87,0,198,0,157681.86,28087.610,55902.619,159.178,18469.666,14.557,46053.306,21316.357,2429.347,24537.382,19629.906,2489.567,315.167,1101.239,0.000257,0.009730,3355,0,9,78,87,9,10769,203,77,158.239,0,0,0,0,0,0,0,0,0,0,0,0,0,0,86946,2351,3152,77685.437,55796.090,18345.638,0.005,158.239,40810.163,20146.888,822.719,440,298,102,9,187,60228,0,0,0,0.000,0.000,0.000,0.000,0.000,0.000,0.000,0.000,0,0,0,0,0,0,0,0,0,0.000,0.000,0.000,0.000,0.000,0.000,0.000,0.000,0,0,0,0,0,0,0,0,0,0.000,0.000,0.000,0.000,0.000,0.000,0.000,0.000,0,0,0,0,0,0,0,0,0,0.000,0.000,0.000,0.000,0.000,0.000,0.000,0.000,0,0,0,0,0,0,0,0,0,0.000,0.000,0.000,0.000,0.000,0.000,0.000,0.000,0,0,0,0,0,0,0,0,0,0,0,0,0,0,0,0,0,0
11521,384.0,4764,26,16,1702,3062,0,0,1973,250.96,1.131,1.721,0.264,0.060,0.391,-0.954,1.675,0.3911,4.1024,0.582,0.004,0.007,0.098,0.029,60,123,36,0,251,0,163039.75,29212.026,57154.347,74.407,20018.045,14.137,47867.919,21952.665,2962.552,25270.439,20216.351,1786.316,273.954,1185.402,0.000256,0.009230,3642,0,0,36,36,0,10587,204,36,74.407,0,0,0,0,0,0,0,0,0,0,0,0,0,0,90548,2401,3438,80592.900,57023.727,19901.569,0.000,74.407,42550.563,20814.751,785.786,453,360,123,0,237,76901,0,0,0,0.000,0.000,0.000,0.000,0.000,0.000,0.000,0.000,0,0,0,0,0,0,0,0,0,0.000,0.000,0.000,0.000,0.000,0.000,0.000,0.000,0,0,0,0,0,0,0,0,0,0.000,0.000,0.000,0.000,0.000,0.000,0.000,0.000,0,0,0,0,0,0,0,0,0,0.000,0.000,0.000,0.000,0.000,0.000,0.000,0.000,0,0,0,0,0,0,0,0,0,0.000,0.000,0.000,0.000,0.000,0.000,0.000,0.000,0,0,0,0,0,0,0,0,0,0,0,0,0,0,0,0,0,0
11551,385.0,4912,35,18,1736,3176,0,0,2336,281.49,1.135,1.727,0.262,0.062,0.389,-0.953,1.674,0.3915,4.0861,0.580,0.001,0.006,0.098,0.030,57,112,74,0,255,0,164719.84,30079.457,58010.613,82.601,20967.482,14.789,49363.490,22844.732,3634.991,27723.999,22179.199,3426.969,286.659,1390.939,0.000245,0.010231,3957,0,35,39,74,35,10195,215,39,82.453,0,0,0,0,0,0,0,0,0,0,0,0,0,0,93570,2433,3742,82473.029,57895.226,20840.448,0.149,82.453,43923.427,21620.603,864.313,501,387,112,35,240,76550,0,0,0,0.000,0.000,0.000,0.000,0.000,0.000,0.000,0.000,0,0,0,0,0,0,0,0,0,0.000,0.000,0.000,0.000,0.000,0.000,0.000,0.000,0,0,0,0,0,0,0,0,0,0.000,0.000,0.000,0.000,0.000,0.000,0.000,0.000,0,0,0,0,0,0,0,0,0,0.000,0.000,0.000,0.000,0.000,0.000,0.000,0.000,0,0,0,0,0,0,0,0,0,0.000,0.000,0.000,0.000,0.000,0.000,0.000,0.000,0,0,0,0,0,0,0,0,0,0,0,0,0,0,0,0,0,0
11581,386.0,5009,38,18,1737,3272,0,0,2618,278.30,1.145,1.740,0.263,0.062,0.384,-0.954,1.679,0.3911,4.1488,0.588,0.002,0.007,0.099,0.031,62,74,78,0,324,0,166920.77,30956.935,59584.809,121.488,20307.530,15.693,50885.190,23332.988,4238.473,26989.460,21591.568,3115.046,249.420,1243.288,0.000296,0.008419,3851,0,19,59,78,19,10708,172,59,121.464,0,0,0,0,0,0,0,0,0,0,0,0,0,0,96651,2501,3679,83484.558,59456.124,20200.509,0.023,121.464,45422.981,22117.416,854.530,488,392,74,19,299,84529,0,0,0,0.000,0.000,0.000,0.000,0.000,0.000,0.000,0.000,0,0,0,0,0,0,0,0,0,0.000,0.000,0.000,0.000,0.000,0.000,0.000,0.000,0,0,0,0,0,0,0,0,0,0.000,0.000,0.000,0.000,0.000,0.000,0.000,0.000,0,0,0,0,0,0,0,0,0,0.000,0.000,0.000,0.000,0.000,0.000,0.000,0.000,0,0,0,0,0,0,0,0,0,0.000,0.000,0.000,0.000,0.000,0.000,0.000,0.000,0,0,0,0,0,0,0,0,0,0,0,0,0,0,0,0,0,0
11611,387.0,5031,34,18,1729,3302,0,0,2845,279.02,1.151,1.749,0.262,0.060,0.382,-0.954,1.678,0.3926,4.1102,0.585,0.001,0.010,0.099,0.032,56,68,79,0,382,0,169243.67,31373.690,61230.223,127.528,21706.436,14.409,51974.495,23643.193,4684.663,26250.196,21000.157,3209.671,282.713,1363.766,0.000291,0.007959,4173,0,16,63,79,16,10698,191,61,126.201,0,0,0,0,0,0,0,0,0,0,0,0,0,0,98655,2567,3982,86654.922,61135.302,21572.008,0.011,126.201,46485.077,22444.808,834.157,480,450,68,16,366,92753,0,0,0,0.000,0.000,0.000,0.000,0.000,0.000,0.000,0.000,0,0,0,0,0,0,0,0,0,0.000,0.000,0.000,0.000,0.000,0.000,0.000,0.000,0,0,0,0,0,0,0,0,0,0.000,0.000,0.000,0.000,0.000,0.000,0.000,0.000,0,0,0,0,0,0,0,0,0,0.000,0.000,0.000,0.000,0.000,0.000,0.000,0.000,0,0,0,0,0,0,0,0,0,0.000,0.000,0.000,0.000,0.000,0.000,0.000,0.000,0,0,0,0,0,0,0,0,0,0,0,0,0,0,0,0,0,0
11641,388.0,5091,28,18,1740,3351,0,0,3073,324.11,1.155,1.754,0.262,0.061,0.381,-0.954,1.679,0.3916,4.1189,0.585,0.002,0.007,0.100,0.033,50,57,56,0,392,0,172705.20,31919.799,62799.335,98.164,21040.927,13.886,52651.303,23980.771,5113.078,26857.930,21486.344,2615.994,354.748,1268.296,0.000256,0.006720,4098,0,10,46,56,10,10017,185,46,98.155,0,0,0,0,0,0,0,0,0,0,0,0,0,0,99934,2639,3913,87633.951,62672.863,20927.828,0.009,98.155,47174.641,22799.518,818.245,489,440,57,10,373,100419,0,0,0,0.000,0.000,0.000,0.000,0.000,0.000,0.000,0.000,0,0,0,0,0,0,0,0,0,0.000,0.000,0.000,0.000,0.000,0.000,0.000,0.000,0,0,0,0,0,0,0,0,0,0.000,0.000,0.000,0.000,0.000,0.000,0.000,0.000,0,0,0,0,0,0,0,0,0,0.000,0.000,0.000,0.000,0.000,0.000,0.000,0.000,0,0,0,0,0,0,0,0,0,0.000,0.000,0.000,0.000,0.000,0.000,0.000,0.000,0,0,0,0,0,0,0,0,0,0,0,0,0,0,0,0,0,0
11671,389.0,5179,26,18,1747,3432,0,0,3303,272.67,1.162,1.765,0.264,0.062,0.377,-0.954,1.685,0.3908,4.0835,0.583,0.002,0.008,0.100,0.034,53,43,63,0,403,0,174531.56,32717.257,62615.189,117.717,21078.939,11.182,53519.566,24469.129,5522.593,28286.853,22629.483,2875.548,367.604,1211.977,0.000199,0.006037,4111,0,5,58,63,5,9908,177,58,117.709,0,0,0,0,0,0,0,0,0,0,0,0,0,0,101340,2627,3934,87320.774,62457.675,20955.326,0.008,117.709,47986.946,23282.761,819.009,509,428,43,5,380,97233,0,0,0,0.000,0.000,0.000,0.000,0.000,0.000,0.000,0.000,0,0,0,0,0,0,0,0,0,0.000,0.000,0.000,0.000,0.000,0.000,0.000,0.000,0,0,0,0,0,0,0,0,0,0.000,0.000,0.000,0.000,0.000,0.000,0.000,0.000,0,0,0,0,0,0,0,0,0,0.000,0.000,0.000,0.000,0.000,0.000,0.000,0.000,0,0,0,0,0,0,0,0,0,0.000,0.000,0.000,0.000,0.000,0.000,0.000,0.000,0,0,0,0,0,0,0,0,0,0,0,0,0,0,0,0,0,0
11701,390.0,5225,33,22,1730,3495,0,0,3464,276.11,1.170,1.779,0.263,0.062,0.372,-0.954,1.688,0.3923,4.0759,0.590,0.001,0.007,0.101,0.036,39,38,85,0,390,0,175524.41,32497.712,64875.491,96.695,23068.749,10.786,54922.111,25070.282,5925.696,26728.094,21382.476,3526.665,284.028,1402.667,0.000294,0.005337,4550,0,26,59,85,26,9652,239,59,96.661,0,0,0,0,0,0,0,0,0,0,0,0,0,0,104213,2732,4311,91898.102,64782.998,22946.007,0.035,96.661,49394.166,23857.179,849.262,487,424,37,26,361,90075,0,0,0,0.000,0.000,0.000,0.000,0.000,0.000,0.000,0.000,0,0,0,0,0,0,0,0,0,0.000,0.000,0.000,0.000,0.000,0.000,0.000,0.000,0,0,0,0,0,0,0,0,0,0.000,0.000,0.000,0.000,0.000,0.000,0.000,0.000,0,0,0,0,0,0,0,0,0,0.000,0.000,0.000,0.000,0.000,0.000,0.000,0.000,0,0,0,0,0,0,0,0,0,0.000,0.000,0.000,0.000,0.000,0.000,0.000,0.000,0,0,0,0,0,0,0,0,0,0,0,0,0,0,0,0,0,0
11731,391.0,5228,29,22,1720,3508,0,0,3516,235.66,1.175,1.784,0.258,0.063,0.370,-0.954,1.688,0.3949,4.0808,0.600,0.001,0.007,0.101,0.036,46,27,68,1,455,0,175579.09,32932.312,64058.275,95.977,22359.958,11.001,55399.647,25030.234,6105.971,26807.639,21446.112,3478.733,241.938,1413.824,0.000369,0.005863,4528,0,18,50,68,18,9874,262,50,95.951,0,0,0,0,0,0,0,0,0,0,0,0,0,0,105021,2690,4266,90333.251,63911.644,22212.022,0.026,95.951,49912.072,23819.182,847.698,494,481,27,18,436,96256,0,0,0,0.000,0.000,0.000,0.000,0.000,0.000,0.000,0.000,0,0,0,0,0,0,0,0,0,0.000,0.000,0.000,0.000,0.000,0.000,0.000,0.000,0,0,0,0,0,0,0,0,0,0.000,0.000,0.000,0.000,0.000,0.000,0.000,0.000,0,0,0,0,0,0,0,0,0,0.000,0.000,0.000,0.000,0.000,0.000,0.000,0.000,0,0,0,0,0,0,0,0,0,0.000,0.000,0.000,0.000,0.000,0.000,0.000,0.000,0,0,0,0,0,0,0,0,0,0,0,0,0,0,0,0,0,0
11761,392.0,5125,29,22,1675,3450,0,0,3442,289.27,1.179,1.788,0.257,0.063,0.369,-0.953,1.689,0.3927,4.1247,0.591,0.001,0.005,0.101,0.037,44,33,129,0,477,0,174119.77,32805.249,64429.540,148.240,21625.371,10.765,55200.496,25155.878,6161.554,26106.170,20884.936,5413.640,155.608,1533.941,0.000379,0.006795,4429,0,55,74,129,55,9916,291,74,148.102,0,0,0,0,0,0,0,0,0,0,0,0,0,0,104452,2714,4138,90044.698,64295.131,21489.870,0.138,148.102,49755.301,23912.602,883.769,486,544,32,55,457,114511,0,0,0,0.000,0.000,0.000,0.000,0.000,0.000,0.000,0.000,0,0,0,0,0,0,0,0,0,0.000,0.000,0.000,0.000,0.000,0.000,0.000,0.000,0,0,0,0,0,0,0,0,0,0.000,0.000,0.000,0.000,0.000,0.000,0.000,0.000,0,0,0,0,0,0,0,0,0,0.000,0.000,0.000,0.000,0.000,0.000,0.000,0.000,0,0,0,0,0,0,0,0,0,0.000,0.000,0.000,0.000,0.000,0.000,0.000,0.000,0,0,0,0,0,0,0,0,0,0,0,0,0,0,0,0,0,0
11791,393.0,5063,25,22,1667,3396,0,0,3405,271.48,1.178,1.781,0.257,0.063,0.371,-0.953,1.687,0.3921,4.0777,0.590,0.000,0.006,0.101,0.036,37,42,96,0,446,0,169994.31,31655.953,60336.720,108.771,21910.569,9.045,54442.065,24980.556,6053.737,24861.657,19889.326,4116.881,282.577,1378.753,0.000230,0.006169,4345,0,33,63,96,33,9652,176,63,108.698,0,0,0,0,0,0,0,0,0,0,0,0,0,0,103057,2538,4169,85871.657,60230.093,21812.115,0.074,108.698,49095.818,23829.539,799.685,446,500,42,33,425,105815,0,0,0,0.000,0.000,0.000,0.000,0.000,0.000,0.000,0.000,0,0,0,0,0,0,0,0,0,0.000,0.000,0.000,0.000,0.000,0.000,0.000,0.000,0,0,0,0,0,0,0,0,0,0.000,0.000,0.000,0.000,0.000,0.000,0.000,0.000,0,0,0,0,0,0,0,0,0,0.000,0.000,0.000,0.000,0.000,0.000,0.000,0.000,0,0,0,0,0,0,0,0,0,0.000,0.000,0.000,0.000,0.000,0.000,0.000,0.000,0,0,0,0,0,0,0,0,0,0,0,0,0,0,0,0,0,0
11821,394.0,4981,32,22,1649,3332,0,0,3342,265.34,1.179,1.777,0.256,0.064,0.373,-0.954,1.690,0.3911,4.1102,0.606,0.001,0.006,0.101,0.036,57,36,131,1,430,0,166392.62,31683.571,60825.247,114.606,20881.815,10.424,53832.652,24570.685,5964.540,24758.701,19806.961,5236.641,193.815,1475.036,0.000332,0.002668,4426,0,66,65,131,66,9311,246,63,112.373,0,0,0,0,0,0,0,0,0,0,0,0,0,0,101549,2567,4180,85429.844,60724.676,20761.505,0.163,112.373,48495.127,23353.505,863.774,449,513,36,66,411,109836,0,0,0,0.000,0.000,0.000,0.000,0.000,0.000,0.000,0.000,0,0,0,0,0,0,0,0,0,0.000,0.000,0.000,0.000,0.000,0.000,0.000,0.000,0,0,0,0,0,0,0,0,0,0.000,0.000,0.000,0.000,0.000,0.000,0.000,0.000,0,0,0,0,0,0,0,0,0,0.000,0.000,0.000,0.000,0.000,0.000,0.000,0.000,0,0,0,0,0,0,0,0,0,0.000,0.000,0.000,0.000,0.000,0.000,0.000,0.000,0,0,0,0,0,0,0,0,0,0,0,0,0,0,0,0,0,0
11851,395.0,4827,32,24,1608,3219,0,0,3185,256.51,1.179,1.773,0.257,0.062,0.375,-0.954,1.691,0.3927,4.0746,0.601,0.001,0.008,0.101,0.035,50,37,174,0,427,0,163368.80,30513.169,61586.796,162.409,19523.849,12.725,52338.917,24052.440,5750.798,23247.007,18597.606,6807.731,188.320,1498.590,0.000212,0.000482,4056,0,89,85,174,89,9697,212,85,162.182,0,0,0,0,0,0,0,0,0,0,0,0,0,0,98405,2591,3844,84721.152,61489.082,19407.341,0.227,162.182,47066.109,22772.069,927.203,420,533,37,89,407,108056,0,0,0,0.000,0.000,0.000,0.000,0.000,0.000,0.000,0.000,0,0,0,0,0,0,0,0,0,0.000,0.000,0.000,0.000,0.000,0.000,0.000,0.000,0,0,0,0,0,0,0,0,0,0.000,0.000,0.000,0.000,0.000,0.000,0.000,0.000,0,0,0,0,0,0,0,0,0,0.000,0.000,0.000,0.000,0.000,0.000,0.000,0.000,0,0,0,0,0,0,0,0,0,0.000,0.000,0.000,0.000,0.000,0.000,0.000,0.000,0,0,0,0,0,0,0,0,0,0,0,0,0,0,0,0,0,0
11881,396.0,4718,27,24,1573,3145,0,0,3074,245.65,1.180,1.772,0.258,0.060,0.375,-0.955,1.690,0.3909,4.0873,0.606,0.001,0.007,0.101,0.035,59,42,158,1,400,0,159386.92,29463.218,57569.586,152.503,19141.545,11.428,50811.761,23128.415,5511.020,23480.531,18784.425,5466.553,175.359,1377.977,0.000275,-0.001317,3883,0,83,75,158,83,9974,185,72,150.282,0,0,0,0,0,0,0,0,0,0,0,0,0,0,95236,2423,3698,80090.207,57463.563,19043.739,0.362,150.282,45654.636,21875.785,912.069,424,498,42,83,373,105546,0,0,0,0.000,0.000,0.000,0.000,0.000,0.000,0.000,0.000,0,0,0,0,0,0,0,0,0,0.000,0.000,0.000,0.000,0.000,0.000,0.000,0.000,0,0,0,0,0,0,0,0,0,0.000,0.000,0.000,0.000,0.000,0.000,0.000,0.000,0,0,0,0,0,0,0,0,0,0.000,0.000,0.000,0.000,0.000,0.000,0.000,0.000,0,0,0,0,0,0,0,0,0,0.000,0.000,0.000,0.000,0.000,0.000,0.000,0.000,0,0,0,0,0,0,0,0,0,0,0,0,0,0,0,0,0,0
11911,397.0,4618,37,24,1546,3072,0,0,2970,212.69,1.180,1.770,0.260,0.061,0.376,-0.956,1.690,0.3920,4.1079,0.608,0.001,0.008,0.101,0.035,45,49,143,0,385,0,154294.94,28679.021,54904.186,130.192,18538.484,13.987,49973.473,22625.816,5269.730,22811.384,18249.108,4864.504,152.553,1357.028,0.000282,-0.003108,3762,0,70,73,143,70,9894,234,73,130.000,0,0,0,0,0,0,0,0,0,0,0,0,0,0,93306,2304,3528,76541.368,54804.533,18418.369,0.192,130.000,44875.671,21431.209,859.404,412,485,49,70,366,97041,0,0,0,0.000,0.000,0.000,0.000,0.000,0.000,0.000,0.000,0,0,0,0,0,0,0,0,0,0.000,0.000,0.000,0.000,0.000,0.000,0.000,0.000,0,0,0,0,0,0,0,0,0,0.000,0.000,0.000,0.000,0.000,0.000,0.000,0.000,0,0,0,0,0,0,0,0,0,0.000,0.000,0.000,0.000,0.000,0.000,0.000,0.000,0,0,0,0,0,0,0,0,0,0.000,0.000,0.000,0.000,0.000,0.000,0.000,0.000,0,0,0,0,0,0,0,0,0,0,0,0,0,0,0,0,0,0
11941,398.0,4511,30,24,1526,2985,0,0,2847,283.22,1.176,1.761,0.262,0.063,0.379,-0.956,1.691,0.3915,4.0130,0.615,0.000,0.008,0.101,0.034,56,59,125,0,405,0,151663.84,27400.177,56588.463,108.292,17438.789,10.188,48692.093,22271.369,5092.063,23267.389,18613.911,4597.320,163.743,1257.963,0.000293,-0.002672,3463,0,63,62,125,63,9930,140,61,107.596,0,0,0,0,0,0,0,0,0,0,0,0,0,0,90732,2385,3323,77225.463,56506.589,17337.257,0.127,107.596,43681.597,21109.033,838.825,423,510,59,63,388,107789,0,0,0,0.000,0.000,0.000,0.000,0.000,0.000,0.000,0.000,0,0,0,0,0,0,0,0,0,0.000,0.000,0.000,0.000,0.000,0.000,0.000,0.000,0,0,0,0,0,0,0,0,0,0.000,0.000,0.000,0.000,0.000,0.000,0.000,0.000,0,0,0,0,0,0,0,0,0,0.000,0.000,0.000,0.000,0.000,0.000,0.000,0.000,0,0,0,0,0,0,0,0,0,0.000,0.000,0.000,0.000,0.000,0.000,0.000,0.000,0,0,0,0,0,0,0,0,0,0,0,0,0,0,0,0,0,0
11971,399.0,4447,32,24,1508,2939,0,0,2762,327.08,1.177,1.759,0.263,0.064,0.380,-0.956,1.697,0.3899,4.0301,0.611,0.001,0.009,0.102,0.033,62,54,110,0,347,0,149359.83,26505.733,55072.043,124.702,17568.866,10.338,47697.476,21547.501,4872.816,21160.190,16928.153,4214.106,269.950,1172.593,0.000242,-0.004115,3546,0,41,69,110,41,9531,244,69,124.616,0,0,0,0,0,0,0,0,0,0,0,0,0,0,88516,2315,3302,75697.295,54978.162,17442.778,0.087,124.616,42705.766,20448.338,778.306,373,419,54,41,324,92064,0,0,0,0.000,0.000,0.000,0.000,0.000,0.000,0.000,0.000,0,0,0,0,0,0,0,0,0,0.000,0.000,0.000,0.000,0.000,0.000,0.000,0.000,0,0,0,0,0,0,0,0,0,0.000,0.000,0.000,0.000,0.000,0.000,0.000,0.000,0,0,0,0,0,0,0,0,0,0.000,0.000,0.000,0.000,0.000,0.000,0.000,0.000,0,0,0,0,0,0,0,0,0,0.000,0.000,0.000,0.000,0.000,0.000,0.000,0.000,0,0,0,0,0,0,0,0,0,0,0,0,0,0,0,0,0,0
12001,400.0,4359,25,27,1465,2894,0,0,2647,321.36,1.182,1.765,0.264,0.062,0.378,-0.956,1.695,0.3877,4.0580,0.629,0.001,0.007,0.102,0.034,46,48,114,0,364,0,143574.48,25660.396,51495.900,161.412,17060.580,11.827,47054.162,21074.295,4666.592,21047.544,16838.036,4667.753,302.013,1128.725,0.000232,-0.005127,3526,0,33,81,114,33,9101,260,79,159.282,0,0,0,0,0,0,0,0,0,0,0,0,0,0,87179,2158,3266,71309.248,51385.348,16936.531,0.065,159.282,42157.593,20024.967,734.001,379,424,48,33,343,95392,0,0,0,0.000,0.000,0.000,0.000,0.000,0.000,0.000,0.000,0,0,0,0,0,0,0,0,0,0.000,0.000,0.000,0.000,0.000,0.000,0.000,0.000,0,0,0,0,0,0,0,0,0,0.000,0.000,0.000,0.000,0.000,0.000,0.000,0.000,0,0,0,0,0,0,0,0,0,0.000,0.000,0.000,0.000,0.000,0.000,0.000,0.000,0,0,0,0,0,0,0,0,0,0.000,0.000,0.000,0.000,0.000,0.000,0.000,0.000,0,0,0,0,0,0,0,0,0,0,0,0,0,0,0,0,0,0
12031,401.0,4119,29,27,1410,2709,0,0,2506,251.24,1.178,1.752,0.267,0.063,0.383,-0.957,1.693,0.3887,4.0371,0.624,0.000,0.008,0.102,0.032,54,63,131,1,399,0,135131.34,23855.464,48502.497,147.529,16013.599,13.154,45722.950,20710.680,4437.599,17217.120,13773.696,5270.283,182.382,1181.322,0.000222,-0.006007,3362,0,57,74,131,57,9020,244,72,145.658,0,0,0,0,0,0,0,0,0,0,0,0,0,0,84460,2031,3118,67053.283,48420.632,15891.317,0.193,145.658,40989.587,19678.291,729.732,313,498,63,57,378,107845,0,0,0,0.000,0.000,0.000,0.000,0.000,0.000,0.000,0.000,0,0,0,0,0,0,0,0,0,0.000,0.000,0.000,0.000,0.000,0.000,0.000,0.000,0,0,0,0,0,0,0,0,0,0.000,0.000,0.000,0.000,0.000,0.000,0.000,0.000,0,0,0,0,0,0,0,0,0,0.000,0.000,0.000,0.000,0.000,0.000,0.000,0.000,0,0,0,0,0,0,0,0,0,0.000,0.000,0.000,0.000,0.000,0.000,0.000,0.000,0,0,0,0,0,0,0,0,0,0,0,0,0,0,0,0,0,0
12061,402.0,3946,30,27,1368,2578,0,0,2369,262.86,1.175,1.744,0.268,0.063,0.387,-0.958,1.696,0.3918,4.0020,0.628,0.001,0.009,0.102,0.031,58,54,111,1,347,0,129431.09,22397.808,47434.853,130.224,14116.296,13.861,43090.511,19403.673,4162.197,16483.326,13186.661,4441.690,258.399,1009.992,0.000299,-0.007589,3009,0,48,63,111,48,8500,186,61,129.377,0,0,0,0,0,0,0,0,0,0,0,0,0,0,79049,1982,2823,63978.027,47354.203,14000.833,0.150,129.377,38488.560,18472.624,640.909,298,429,54,48,327,92267,0,0,0,0.000,0.000,0.000,0.000,0.000,0.000,0.000,0.000,0,0,0,0,0,0,0,0,0,0.000,0.000,0.000,0.000,0.000,0.000,0.000,0.000,0,0,0,0,0,0,0,0,0,0.000,0.000,0.000,0.000,0.000,0.000,0.000,0.000,0,0,0,0,0,0,0,0,0,0.000,0.000,0.000,0.000,0.000,0.000,0.000,0.000,0,0,0,0,0,0,0,0,0,0.000,0.000,0.000,0.000,0.000,0.000,0.000,0.000,0,0,0,0,0,0,0,0,0,0,0,0,0,0,0,0,0,0
12091,403.0,3794,40,27,1349,2445,0,0,2236,307.56,1.168,1.725,0.271,0.064,0.394,-0.958,1.695,0.3899,4.0347,0.635,0.000,0.008,0.101,0.028,50,60,92,0,329,0,123421.05,21439.106,43927.626,63.387,12871.394,14.634,41303.618,18074.522,3942.740,15976.337,12781.070,3881.181,97.033,945.799,0.000194,-0.007378,2679,0,54,38,92,54,8189,167,37,62.795,0,0,0,0,0,0,0,0,0,0,0,0,0,0,75258,1837,2512,59071.042,43845.469,12779.178,0.166,62.795,36759.128,17159.262,632.177,288,421,60,54,307,101937,0,0,0,0.000,0.000,0.000,0.000,0.000,0.000,0.000,0.000,0,0,0,0,0,0,0,0,0,0.000,0.000,0.000,0.000,0.000,0.000,0.000,0.000,0,0,0,0,0,0,0,0,0,0.000,0.000,0.000,0.000,0.000,0.000,0.000,0.000,0,0,0,0,0,0,0,0,0,0.000,0.000,0.000,0.000,0.000,0.000,0.000,0.000,0,0,0,0,0,0,0,0,0,0.000,0.000,0.000,0.000,0.000,0.000,0.000,0.000,0,0,0,0,0,0,0,0,0,0,0,0,0,0,0,0,0,0
12121,404.0,3655,31,27,1333,2322,0,0,2030,309.61,1.159,1.707,0.274,0.064,0.401,-0.958,1.694,0.3923,3.9875,0.647,0.002,0.009,0.101,0.025,57,59,69,1,326,0,119508.92,20792.912,42493.014,82.790,12950.464,12.676,39571.999,17296.183,3652.885,15261.462,12209.170,2748.522,144.489,814.480,0.000219,-0.006199,2706,0,26,43,69,26,7433,173,43,82.742,0,0,0,0,0,0,0,0,0,0,0,0,0,0,71522,1781,2533,57671.094,42435.466,12864.959,0.048,82.742,35050.342,16512.050,501.009,273,396,59,26,311,94903,0,0,0,0.000,0.000,0.000,0.000,0.000,0.000,0.000,0.000,0,0,0,0,0,0,0,0,0,0.000,0.000,0.000,0.000,0.000,0.000,0.000,0.000,0,0,0,0,0,0,0,0,0,0.000,0.000,0.000,0.000,0.000,0.000,0.000,0.000,0,0,0,0,0,0,0,0,0,0.000,0.000,0.000,0.000,0.000,0.000,0.000,0.000,0,0,0,0,0,0,0,0,0,0.000,0.000,0.000,0.000,0.000,0.000,0.000,0.000,0,0,0,0,0,0,0,0,0,0,0,0,0,0,0,0,0,0
12151,405.0,3541,40,34,1308,2233,0,0,1864,325.80,1.154,1.697,0.277,0.066,0.405,-0.958,1.690,0.3928,3.9612,0.635,0.001,0.008,0.101,0.025,50,48,71,0,280,0,115393.27,19591.423,40039.152,72.752,12107.676,13.919,38026.551,16342.621,3321.070,13746.425,10997.140,2419.053,187.332,773.075,0.000188,-0.004750,2512,0,18,53,71,18,6827,149,52,72.288,0,0,0,0,0,0,0,0,0,0,0,0,0,0,68258,1679,2363,54322.436,39970.756,12029.483,0.012,72.288,33537.233,15618.309,443.605,246,335,48,18,269,77110,0,0,0,0.000,0.000,0.000,0.000,0.000,0.000,0.000,0.000,0,0,0,0,0,0,0,0,0,0.000,0.000,0.000,0.000,0.000,0.000,0.000,0.000,0,0,0,0,0,0,0,0,0,0.000,0.000,0.000,0.000,0.000,0.000,0.000,0.000,0,0,0,0,0,0,0,0,0,0.000,0.000,0.000,0.000,0.000,0.000,0.000,0.000,0,0,0,0,0,0,0,0,0,0.000,0.000,0.000,0.000,0.000,0.000,0.000,0.000,0,0,0,0,0,0,0,0,0,0,0,0,0,0,0,0,0,0
12181,406.0,3426,33,34,1298,2128,0,0,1752,300.52,1.144,1.679,0.279,0.065,0.413,-0.958,1.694,0.3933,4.0334,0.649,0.002,0.008,0.101,0.023,47,72,59,1,238,0,110294.58,18716.678,37468.408,71.674,10613.326,11.961,36676.321,15667.891,3067.341,12145.937,9716.750,2707.067,122.081,685.554,0.000194,-0.005426,2190,0,23,36,59,23,6625,166,35,71.400,0,0,0,0,0,0,0,0,0,0,0,0,0,0,65445,1573,2024,50057.209,37412.339,10541.682,0.016,71.400,32251.196,14971.156,422.973,214,319,72,23,224,80991,0,0,0,0.000,0.000,0.000,0.000,0.000,0.000,0.000,0.000,0,0,0,0,0,0,0,0,0,0.000,0.000,0.000,0.000,0.000,0.000,0.000,0.000,0,0,0,0,0,0,0,0,0,0.000,0.000,0.000,0.000,0.000,0.000,0.000,0.000,0,0,0,0,0,0,0,0,0,0.000,0.000,0.000,0.000,0.000,0.000,0.000,0.000,0,0,0,0,0,0,0,0,0,0.000,0.000,0.000,0.000,0.000,0.000,0.000,0.000,0,0,0,0,0,0,0,0,0,0,0,0,0,0,0,0,0,0
12211,407.0,3263,33,34,1253,2010,0,0,1636,363.01,1.139,1.670,0.277,0.066,0.418,-0.958,1.700,0.3932,3.9336,0.640,0.001,0.008,0.100,0.022,53,75,87,0,240,0,102311.05,17720.512,33288.793,99.812,11097.165,10.386,35018.182,14944.169,2874.997,11475.278,9180.223,3044.025,157.420,758.793,0.000145,-0.005717,2304,0,29,58,87,29,5835,198,57,99.351,0,0,0,0,0,0,0,0,0,0,0,0,0,0,62167,1392,2106,46141.037,33186.483,11013.573,0.150,99.351,30639.394,14250.789,422.772,203,321,75,29,217,73982,0,0,0,0.000,0.000,0.000,0.000,0.000,0.000,0.000,0.000,0,0,0,0,0,0,0,0,0,0.000,0.000,0.000,0.000,0.000,0.000,0.000,0.000,0,0,0,0,0,0,0,0,0,0.000,0.000,0.000,0.000,0.000,0.000,0.000,0.000,0,0,0,0,0,0,0,0,0,0.000,0.000,0.000,0.000,0.000,0.000,0.000,0.000,0,0,0,0,0,0,0,0,0,0.000,0.000,0.000,0.000,0.000,0.000,0.000,0.000,0,0,0,0,0,0,0,0,0,0,0,0,0,0,0,0,0,0
12241,408.0,3074,28,34,1239,1835,0,0,1517,280.53,1.118,1.630,0.283,0.065,0.433,-0.958,1.698,0.3938,3.9418,0.656,0.000,0.008,0.099,0.017,53,81,80,1,239,0,95391.91,16595.489,31640.692,61.520,9599.417,15.172,32666.114,14064.617,2677.788,10084.927,8067.942,3082.195,40.183,668.967,0.000172,-0.004291,1934,0,46,34,80,46,5479,124,34,61.283,0,0,0,0,0,0,0,0,0,0,0,0,0,0,57493,1326,1810,42974.146,31593.741,9558.302,0.238,61.283,28411.497,13399.632,407.150,175,350,80,46,224,76220,0,0,0,0.000,0.000,0.000,0.000,0.000,0.000,0.000,0.000,0,0,0,0,0,0,0,0,0,0.000,0.000,0.000,0.000,0.000,0.000,0.000,0.000,0,0,0,0,0,0,0,0,0,0.000,0.000,0.000,0.000,0.000,0.000,0.000,0.000,0,0,0,0,0,0,0,0,0,0.000,0.000,0.000,0.000,0.000,0.000,0.000,0.000,0,0,0,0,0,0,0,0,0,0.000,0.000,0.000,0.000,0.000,0.000,0.000,0.000,0,0,0,0,0,0,0,0,0,0,0,0,0,0,0,0,0,0
12271,409.0,2906,33,34,1221,1685,0,0,1365,316.70,1.100,1.594,0.285,0.068,0.447,-0.958,1.699,0.3951,3.9602,0.657,0.002,0.010,0.098,0.013,50,66,57,0,217,0,89922.23,15269.081,29173.093,62.746,8556.229,13.944,30417.186,12974.787,2447.660,8273.066,6618.453,1712.857,199.332,568.170,0.000190,-0.002846,1829,0,25,32,57,25,4853,178,32,62.667,0,0,0,0,0,0,0,0,0,0,0,0,0,0,52900,1221,1651,39159.542,29092.157,8493.609,0.079,62.667,26204.872,12395.665,324.267,145,295,66,25,204,72171,0,0,0,0.000,0.000,0.000,0.000,0.000,0.000,0.000,0.000,0,0,0,0,0,0,0,0,0,0.000,0.000,0.000,0.000,0.000,0.000,0.000,0.000,0,0,0,0,0,0,0,0,0,0.000,0.000,0.000,0.000,0.000,0.000,0.000,0.000,0,0,0,0,0,0,0,0,0,0.000,0.000,0.000,0.000,0.000,0.000,0.000,0.000,0,0,0,0,0,0,0,0,0,0.000,0.000,0.000,0.000,0.000,0.000,0.000,0.000,0,0,0,0,0,0,0,0,0,0,0,0,0,0,0,0,0,0
12301,410.0,2799,24,35,1203,1596,0,0,1289,339.21,1.090,1.574,0.287,0.068,0.455,-0.958,1.701,0.3945,3.9378,0.655,0.000,0.008,0.098,0.010,66,83,34,0,191,0,85447.17,14595.541,27698.533,52.988,8325.339,14.927,28571.761,11990.444,2248.785,9867.932,7894.346,1410.535,135.797,491.209,0.000266,-0.000904,1730,0,5,29,34,5,4765,154,29,52.967,0,0,0,0,0,0,0,0,0,0,0,0,0,0,49062,1159,1576,37459.114,27649.173,8262.625,0.021,52.967,24382.551,11449.321,289.954,179,268,83,5,180,71079,0,0,0,0.000,0.000,0.000,0.000,0.000,0.000,0.000,0.000,0,0,0,0,0,0,0,0,0,0.000,0.000,0.000,0.000,0.000,0.000,0.000,0.000,0,0,0,0,0,0,0,0,0,0.000,0.000,0.000,0.000,0.000,0.000,0.000,0.000,0,0,0,0,0,0,0,0,0,0.000,0.000,0.000,0.000,0.000,0.000,0.000,0.000,0,0,0,0,0,0,0,0,0,0.000,0.000,0.000,0.000,0.000,0.000,0.000,0.000,0,0,0,0,0,0,0,0,0,0,0,0,0,0,0,0,0,0
12331,411.0,2650,30,35,1186,1464,0,0,1162,317.06,1.071,1.538,0.290,0.068,0.470,-0.958,1.701,0.3919,3.9417,0.655,0.000,0.008,0.096,0.004,63,78,38,0,182,0,79245.58,13589.523,24037.998,32.610,7562.230,16.605,27044.785,11246.019,2076.051,7274.523,5819.618,1311.065,219.927,508.972,0.000248,-0.000611,1605,0,17,21,38,17,4631,160,21,32.485,0,0,0,0,0,0,0,0,0,0,0,0,0,0,45910,1005,1445,32888.017,23988.655,7509.150,0.125,32.485,22907.627,10724.110,277.493,130,262,78,17,167,64224,0,0,0,0.000,0.000,0.000,0.000,0.000,0.000,0.000,0.000,0,0,0,0,0,0,0,0,0,0.000,0.000,0.000,0.000,0.000,0.000,0.000,0.000,0,0,0,0,0,0,0,0,0,0.000,0.000,0.000,0.000,0.000,0.000,0.000,0.000,0,0,0,0,0,0,0,0,0,0.000,0.000,0.000,0.000,0.000,0.000,0.000,0.000,0,0,0,0,0,0,0,0,0,0.000,0.000,0.000,0.000,0.000,0.000,0.000,0.000,0,0,0,0,0,0,0,0,0,0,0,0,0,0,0,0,0,0
12361,412.0,2507,33,35,1167,1340,0,0,1093,352.13,1.051,1.501,0.293,0.067,0.484,-0.957,1.700,0.3944,3.9687,0.667,0.002,0.008,0.095,-0.001,55,90,26,1,145,0,73073.48,12993.651,20883.111,17.105,7033.383,17.619,25217.958,10267.631,1927.444,5841.771,4673.417,923.869,112.950,447.770,0.000117,-0.001090,1518,0,15,11,26,15,4251,154,11,17.018,0,0,0,0,0,0,0,0,0,0,0,0,0,0,42284,876,1364,29032.136,20840.134,6975.193,0.087,17.018,21122.681,9775.247,250.263,105,229,90,15,124,61723,0,0,0,0.000,0.000,0.000,0.000,0.000,0.000,0.000,0.000,0,0,0,0,0,0,0,0,0,0.000,0.000,0.000,0.000,0.000,0.000,0.000,0.000,0,0,0,0,0,0,0,0,0,0.000,0.000,0.000,0.000,0.000,0.000,0.000,0.000,0,0,0,0,0,0,0,0,0,0.000,0.000,0.000,0.000,0.000,0.000,0.000,0.000,0,0,0,0,0,0,0,0,0,0.000,0.000,0.000,0.000,0.000,0.000,0.000,0.000,0,0,0,0,0,0,0,0,0,0,0,0,0,0,0,0,0,0
12391,413.0,2396,28,35,1160,1236,0,0,1004,338.39,1.030,1.464,0.295,0.065,0.499,-0.958,1.700,0.3972,3.9384,0.681,0.000,0.010,0.095,-0.005,74,85,23,0,143,0,68865.45,12366.349,20193.762,32.766,5904.196,17.866,23382.666,9157.184,1788.123,6663.354,5330.684,722.598,74.586,343.074,0.000153,-0.000532,1239,0,3,20,23,3,4035,118,20,32.762,0,0,0,0,0,0,0,0,0,0,0,0,0,0,38626,843,1121,27133.321,20173.020,5853.297,0.003,32.762,19318.706,8706.681,210.103,114,218,85,3,130,57175,0,0,0,0.000,0.000,0.000,0.000,0.000,0.000,0.000,0.000,0,0,0,0,0,0,0,0,0,0.000,0.000,0.000,0.000,0.000,0.000,0.000,0.000,0,0,0,0,0,0,0,0,0,0.000,0.000,0.000,0.000,0.000,0.000,0.000,0.000,0,0,0,0,0,0,0,0,0,0.000,0.000,0.000,0.000,0.000,0.000,0.000,0.000,0,0,0,0,0,0,0,0,0,0.000,0.000,0.000,0.000,0.000,0.000,0.000,0.000,0,0,0,0,0,0,0,0,0,0,0,0,0,0,0,0,0,0
12421,414.0,2280,32,35,1165,1115,0,0,918,314.43,0.999,1.407,0.298,0.065,0.521,-0.959,1.702,0.3959,3.9995,0.670,0.001,0.009,0.093,-0.012,69,88,12,0,119,0,64952.66,11996.398,18067.705,11.859,6143.618,20.681,21703.881,8573.993,1629.292,4876.725,3901.380,653.403,75.661,377.176,0.000195,-0.000006,1220,0,5,7,12,5,3519,88,7,11.848,0,0,0,0,0,0,0,0,0,0,0,0,0,0,35171,754,1132,25139.656,18017.132,6086.729,0.011,11.848,17610.973,8142.446,189.384,84,205,88,5,112,56714,0,0,0,0.000,0.000,0.000,0.000,0.000,0.000,0.000,0.000,0,0,0,0,0,0,0,0,0,0.000,0.000,0.000,0.000,0.000,0.000,0.000,0.000,0,0,0,0,0,0,0,0,0,0.000,0.000,0.000,0.000,0.000,0.000,0.000,0.000,0,0,0,0,0,0,0,0,0,0.000,0.000,0.000,0.000,0.000,0.000,0.000,0.000,0,0,0,0,0,0,0,0,0,0.000,0.000,0.000,0.000,0.000,0.000,0.000,0.000,0,0,0,0,0,0,0,0,0,0,0,0,0,0,0,0,0,0
12451,415.0,2159,26,29,1150,1009,0,0,814,398.10,0.971,1.362,0.300,0.065,0.538,-0.959,1.705,0.3984,3.9785,0.663,0.002,0.008,0.092,-0.017,57,80,23,1,123,0,62622.75,11279.249,17534.018,34.450,5173.589,18.575,19933.537,7698.372,1456.056,4953.064,3962.451,641.189,89.674,368.183,0.000217,0.000415,1092,0,1,22,23,1,3664,158,22,34.450,0,0,0,0,0,0,0,0,0,0,0,0,0,0,31657,731,934,23576.996,17482.794,5097.026,0.000,34.450,15836.890,7275.643,181.436,85,191,79,1,111,47156,0,0,0,0.000,0.000,0.000,0.000,0.000,0.000,0.000,0.000,0,0,0,0,0,0,0,0,0,0.000,0.000,0.000,0.000,0.000,0.000,0.000,0.000,0,0,0,0,0,0,0,0,0,0.000,0.000,0.000,0.000,0.000,0.000,0.000,0.000,0,0,0,0,0,0,0,0,0,0.000,0.000,0.000,0.000,0.000,0.000,0.000,0.000,0,0,0,0,0,0,0,0,0,0.000,0.000,0.000,0.000,0.000,0.000,0.000,0.000,0,0,0,0,0,0,0,0,0,0,0,0,0,0,0,0,0,0
12481,416.0,2095,28,29,1139,956,0,0,728,411.62,0.958,1.340,0.301,0.065,0.548,-0.959,1.705,0.4002,3.9725,0.677,0.002,0.007,0.092,-0.021,83,55,18,0,95,0,59627.41,10792.405,15551.086,32.023,5071.666,23.607,18592.528,7291.201,1295.865,4914.583,3931.666,803.408,83.680,321.254,0.000125,0.000177,1011,0,3,15,18,3,3313,82,15,32.023,0,0,0,0,0,0,0,0,0,0,0,0,0,0,29142,648,929,21414.295,15508.459,5019.058,0.000,32.023,14537.069,6897.998,155.256,85,138,55,3,80,40459,0,0,0,0.000,0.000,0.000,0.000,0.000,0.000,0.000,0.000,0,0,0,0,0,0,0,0,0,0.000,0.000,0.000,0.000,0.000,0.000,0.000,0.000,0,0,0,0,0,0,0,0,0,0.000,0.000,0.000,0.000,0.000,0.000,0.000,0.000,0,0,0,0,0,0,0,0,0,0.000,0.000,0.000,0.000,0.000,0.000,0.000,0.000,0,0,0,0,0,0,0,0,0,0.000,0.000,0.000,0.000,0.000,0.000,0.000,0.000,0,0,0,0,0,0,0,0,0,0,0,0,0,0,0,0,0,0
12511,417.0,2018,21,29,1130,888,0,0,665,375.58,0.938,1.305,0.305,0.062,0.561,-0.958,1.704,0.4017,3.9994,0.673,0.003,0.007,0.090,-0.025,79,74,20,0,68,0,56810.11,10421.567,14342.086,39.611,4432.499,22.461,17720.629,6828.918,1163.481,3997.324,3197.859,665.682,136.485,305.912,0.000118,-0.000531,870,0,3,17,20,3,3286,73,17,39.598,0,0,0,0,0,0,0,0,0,0,0,0,0,0,27479,600,797,19518.519,14317.223,4379.574,0.013,39.598,13684.269,6437.901,155.466,69,137,73,3,61,34058,0,0,0,0.000,0.000,0.000,0.000,0.000,0.000,0.000,0.000,0,0,0,0,0,0,0,0,0,0.000,0.000,0.000,0.000,0.000,0.000,0.000,0.000,0,0,0,0,0,0,0,0,0,0.000,0.000,0.000,0.000,0.000,0.000,0.000,0.000,0,0,0,0,0,0,0,0,0,0.000,0.000,0.000,0.000,0.000,0.000,0.000,0.000,0,0,0,0,0,0,0,0,0,0.000,0.000,0.000,0.000,0.000,0.000,0.000,0.000,0,0,0,0,0,0,0,0,0,0,0,0,0,0,0,0,0,0
12541,418.0,1950,31,29,1141,809,0,0,605,413.48,0.908,1.253,0.308,0.064,0.581,-0.959,1.707,0.4011,3.9883,0.679,0.002,0.007,0.089,-0.031,67,79,10,0,74,0,55278.46,10261.796,13876.658,14.350,3779.257,27.019,16776.780,6222.830,1061.427,4207.462,3365.970,457.589,79.970,244.358,0.000146,0.000108,760,0,2,8,10,2,3073,63,8,14.345,0,0,0,0,0,0,0,0,0,0,0,0,0,0,25563,577,697,18316.087,13846.237,3742.050,0.005,14.345,12735.220,5843.008,144.653,67,146,79,2,65,48060,0,0,0,0.000,0.000,0.000,0.000,0.000,0.000,0.000,0.000,0,0,0,0,0,0,0,0,0,0.000,0.000,0.000,0.000,0.000,0.000,0.000,0.000,0,0,0,0,0,0,0,0,0,0.000,0.000,0.000,0.000,0.000,0.000,0.000,0.000,0,0,0,0,0,0,0,0,0,0.000,0.000,0.000,0.000,0.000,0.000,0.000,0.000,0,0,0,0,0,0,0,0,0,0.000,0.000,0.000,0.000,0.000,0.000,0.000,0.000,0,0,0,0,0,0,0,0,0,0,0,0,0,0,0,0,0,0
12571,419.0,1882,26,29,1130,752,0,0,539,427.90,0.892,1.221,0.311,0.065,0.594,-0.959,1.708,0.4032,3.9979,0.677,0.000,0.008,0.088,-0.035,81,75,22,0,56,0,53691.22,10227.595,12319.740,23.481,4454.407,23.648,15729.523,5722.700,944.896,3962.612,3170.090,578.875,23.697,365.844,0.000136,-0.000026,851,0,4,18,22,4,2756,111,18,23.480,0,0,0,0,0,0,0,0,0,0,0,0,0,0,23382,512,740,17349.024,12286.259,4371.560,0.001,23.480,11667.439,5344.434,142.054,67,124,71,4,49,37308,0,0,0,0.000,0.000,0.000,0.000,0.000,0.000,0.000,0.000,0,0,0,0,0,0,0,0,0,0.000,0.000,0.000,0.000,0.000,0.000,0.000,0.000,0,0,0,0,0,0,0,0,0,0.000,0.000,0.000,0.000,0.000,0.000,0.000,0.000,0,0,0,0,0,0,0,0,0,0.000,0.000,0.000,0.000,0.000,0.000,0.000,0.000,0,0,0,0,0,0,0,0,0,0.000,0.000,0.000,0.000,0.000,0.000,0.000,0.000,0,0,0,0,0,0,0,0,0,0,0,0,0,0,0,0,0,0
12601,420.0,1853,38,28,1120,733,0,0,482,452.64,0.888,1.214,0.314,0.065,0.597,-0.959,1.707,0.4044,3.9552,0.673,0.000,0.010,0.089,-0.037,99,62,22,1,44,0,52840.69,10064.939,12890.174,43.396,4155.847,27.421,15140.777,5495.297,854.933,4701.809,3761.447,1043.018,85.060,289.599,0.000155,0.000567,752,0,3,19,22,3,2672,64,19,43.386,0,0,0,0,0,0,0,0,0,0,0,0,0,0,22198,535,688,17668.342,12857.536,4109.447,0.010,43.386,11097.194,5104.439,154.458,78,97,62,3,32,28767,0,0,0,0.000,0.000,0.000,0.000,0.000,0.000,0.000,0.000,0,0,0,0,0,0,0,0,0,0.000,0.000,0.000,0.000,0.000,0.000,0.000,0.000,0,0,0,0,0,0,0,0,0,0.000,0.000,0.000,0.000,0.000,0.000,0.000,0.000,0,0,0,0,0,0,0,0,0,0.000,0.000,0.000,0.000,0.000,0.000,0.000,0.000,0,0,0,0,0,0,0,0,0,0.000,0.000,0.000,0.000,0.000,0.000,0.000,0.000,0,0,0,0,0,0,0,0,0,0,0,0,0,0,0,0,0,0
12631,421.0,1834,34,28,1130,704,0,0,446,416.73,0.875,1.190,0.316,0.064,0.607,-0.959,1.710,0.4026,3.9864,0.666,0.000,0.011,0.088,-0.040,81,65,18,0,48,0,53303.85,9945.551,13550.144,28.712,4017.728,30.556,14766.994,5233.251,763.283,5089.199,4071.359,814.454,151.594,313.833,0.000169,0.002052,749,0,7,11,18,7,2565,98,11,28.678,0,0,0,0,0,0,0,0,0,0,0,0,0,0,21374,565,651,18225.090,13527.298,3957.211,0.034,28.678,10715.686,4850.667,147.402,84,113,62,7,44,30383,0,0,0,0.000,0.000,0.000,0.000,0.000,0.000,0.000,0.000,0,0,0,0,0,0,0,0,0,0.000,0.000,0.000,0.000,0.000,0.000,0.000,0.000,0,0,0,0,0,0,0,0,0,0.000,0.000,0.000,0.000,0.000,0.000,0.000,0.000,0,0,0,0,0,0,0,0,0,0.000,0.000,0.000,0.000,0.000,0.000,0.000,0.000,0,0,0,0,0,0,0,0,0,0.000,0.000,0.000,0.000,0.000,0.000,0.000,0.000,0,0,0,0,0,0,0,0,0,0,0,0,0,0,0,0,0,0
12661,422.0,1854,20,28,1146,708,0,0,403,392.52,0.872,1.186,0.315,0.063,0.609,-0.960,1.716,0.4011,4.0203,0.663,0.000,0.008,0.088,-0.041,96,44,24,0,33,0,53269.39,10144.462,13216.125,26.058,3997.126,28.701,14800.711,5572.133,697.254,5501.652,4401.321,788.414,75.333,386.931,0.000139,0.002504,821,0,11,13,24,11,2596,149,13,26.001,0,0,0,0,0,0,0,0,0,0,0,0,0,0,21344,549,672,17787.751,13183.823,3904.084,0.057,26.001,10701.975,5171.901,162.479,90,86,44,11,31,24557,0,0,0,0.000,0.000,0.000,0.000,0.000,0.000,0.000,0.000,0,0,0,0,0,0,0,0,0,0.000,0.000,0.000,0.000,0.000,0.000,0.000,0.000,0,0,0,0,0,0,0,0,0,0.000,0.000,0.000,0.000,0.000,0.000,0.000,0.000,0,0,0,0,0,0,0,0,0,0.000,0.000,0.000,0.000,0.000,0.000,0.000,0.000,0,0,0,0,0,0,0,0,0,0.000,0.000,0.000,0.000,0.000,0.000,0.000,0.000,0,0,0,0,0,0,0,0,0,0,0,0,0,0,0,0,0,0
12691,423.0,1850,39,28,1154,696,0,0,359,356.13,0.864,1.176,0.317,0.063,0.614,-0.960,1.717,0.4023,3.9937,0.671,0.004,0.007,0.088,-0.042,94,52,10,0,34,0,54260.48,10571.506,12616.093,15.807,4201.490,32.144,14660.157,5421.038,614.235,4207.112,3365.690,371.613,0.000,303.842,0.000159,0.002132,740,0,4,6,10,4,2555,98,6,15.806,0,0,0,0,0,0,0,0,0,0,0,0,0,0,20907,523,642,17385.986,12557.812,4136.282,0.002,15.806,10492.594,5057.065,123.372,70,82,52,4,26,20001,0,0,0,0.000,0.000,0.000,0.000,0.000,0.000,0.000,0.000,0,0,0,0,0,0,0,0,0,0.000,0.000,0.000,0.000,0.000,0.000,0.000,0.000,0,0,0,0,0,0,0,0,0,0.000,0.000,0.000,0.000,0.000,0.000,0.000,0.000,0,0,0,0,0,0,0,0,0,0.000,0.000,0.000,0.000,0.000,0.000,0.000,0.000,0,0,0,0,0,0,0,0,0,0.000,0.000,0.000,0.000,0.000,0.000,0.000,0.000,0,0,0,0,0,0,0,0,0,0,0,0,0,0,0,0,0,0
12721,424.0,1902,42,28,1176,726,0,0,359,355.64,0.870,1.189,0.315,0.062,0.610,-0.960,1.720,0.4014,4.0076,0.668,0.002,0.007,0.088,-0.040,85,59,12,0,17,0,57894.43,10992.992,15401.131,21.040,4506.626,27.287,14829.105,5293.880,571.672,6329.440,5063.552,476.475,2.185,342.014,0.000113,0.002470,841,0,3,9,12,3,2437,128,9,21.040,0,0,0,0,0,0,0,0,0,0,0,0,0,0,21095,638,713,20561.473,15343.410,4429.242,0.000,21.040,10587.902,4932.282,116.652,102,72,58,3,11,19833,0,0,0,0.000,0.000,0.000,0.000,0.000,0.000,0.000,0.000,0,0,0,0,0,0,0,0,0,0.000,0.000,0.000,0.000,0.000,0.000,0.000,0.000,0,0,0,0,0,0,0,0,0,0.000,0.000,0.000,0.000,0.000,0.000,0.000,0.000,0,0,0,0,0,0,0,0,0,0.000,0.000,0.000,0.000,0.000,0.000,0.000,0.000,0,0,0,0,0,0,0,0,0,0.000,0.000,0.000,0.000,0.000,0.000,0.000,0.000,0,0,0,0,0,0,0,0,0,0,0,0,0,0,0,0,0,0
12751,425.0,1946,51,24,1192,754,0,0,335,401.89,0.875,1.201,0.316,0.061,0.605,-0.960,1.718,0.4044,4.1068,0.659,0.002,0.008,0.088,-0.039,90,50,23,0,26,0,60640.61,11562.377,15598.678,43.201,4536.377,27.069,15422.620,5718.553,556.107,6301.252,5041.002,899.031,204.561,396.948,0.000133,0.002730,856,0,3,20,23,3,2481,155,20,43.201,0,0,0,0,0,0,0,0,0,0,0,0,0,0,22217,645,701,20756.761,15542.555,4443.287,0.000,43.201,11104.593,5328.191,140.214,100,72,49,3,20,18377,0,0,0,0.000,0.000,0.000,0.000,0.000,0.000,0.000,0.000,0,0,0,0,0,0,0,0,0,0.000,0.000,0.000,0.000,0.000,0.000,0.000,0.000,0,0,0,0,0,0,0,0,0,0.000,0.000,0.000,0.000,0.000,0.000,0.000,0.000,0,0,0,0,0,0,0,0,0,0.000,0.000,0.000,0.000,0.000,0.000,0.000,0.000,0,0,0,0,0,0,0,0,0,0.000,0.000,0.000,0.000,0.000,0.000,0.000,0.000,0,0,0,0,0,0,0,0,0,0,0,0,0,0,0,0,0,0
12781,426.0,2066,45,24,1237,829,0,0,322,388.15,0.891,1.228,0.313,0.060,0.595,-0.960,1.718,0.4046,4.1412,0.648,0.002,0.007,0.089,-0.037,102,40,13,1,24,0,64410.18,12175.621,17073.416,23.060,5136.609,25.128,16255.977,5887.012,517.084,8859.535,7087.628,712.939,65.070,292.544,0.000157,0.002814,880,0,4,9,13,4,2668,66,9,23.060,0,0,0,0,0,0,0,0,0,0,0,0,0,0,23686,712,814,23099.488,17046.888,5102.442,0.000,23.060,11827.590,5494.916,134.075,141,66,39,4,23,15229,0,0,0,0.000,0.000,0.000,0.000,0.000,0.000,0.000,0.000,0,0,0,0,0,0,0,0,0,0.000,0.000,0.000,0.000,0.000,0.000,0.000,0.000,0,0,0,0,0,0,0,0,0,0.000,0.000,0.000,0.000,0.000,0.000,0.000,0.000,0,0,0,0,0,0,0,0,0,0.000,0.000,0.000,0.000,0.000,0.000,0.000,0.000,0,0,0,0,0,0,0,0,0,0.000,0.000,0.000,0.000,0.000,0.000,0.000,0.000,0,0,0,0,0,0,0,0,0,0,0,0,0,0,0,0,0,0
12811,427.0,2158,53,24,1277,881,0,0,313,428.89,0.900,1.243,0.311,0.059,0.590,-0.960,1.723,0.4064,4.1178,0.637,0.001,0.006,0.090,-0.035,92,51,22,0,23,0,68113.94,12887.828,17971.089,32.291,5244.393,29.191,17315.030,6615.091,494.221,8186.230,6548.984,657.163,73.514,395.179,0.000165,0.003118,917,0,6,16,22,6,2915,120,16,32.286,0,0,0,0,0,0,0,0,0,0,0,0,0,0,25465,749,797,24038.877,17933.024,5155.971,0.005,32.286,12736.392,6193.493,153.060,125,73,50,6,17,16281,0,0,0,0.000,0.000,0.000,0.000,0.000,0.000,0.000,0.000,0,0,0,0,0,0,0,0,0,0.000,0.000,0.000,0.000,0.000,0.000,0.000,0.000,0,0,0,0,0,0,0,0,0,0.000,0.000,0.000,0.000,0.000,0.000,0.000,0.000,0,0,0,0,0,0,0,0,0,0.000,0.000,0.000,0.000,0.000,0.000,0.000,0.000,0,0,0,0,0,0,0,0,0,0.000,0.000,0.000,0.000,0.000,0.000,0.000,0.000,0,0,0,0,0,0,0,0,0,0,0,0,0,0,0,0,0,0
12841,428.0,2253,44,24,1292,961,0,0,327,431.35,0.922,1.279,0.311,0.058,0.576,-0.960,1.726,0.4035,4.0641,0.636,0.002,0.011,0.091,-0.030,109,55,38,1,23,0,72849.72,13573.134,20691.325,97.827,6444.495,25.042,18460.701,7108.823,503.086,9553.367,7642.694,1085.091,132.038,426.091,0.000156,0.003607,1110,0,0,38,38,0,2774,129,38,97.827,0,0,0,0,0,0,0,0,0,0,0,0,0,0,27583,863,981,28084.000,20622.691,6355.676,0.000,97.827,13812.290,6675.614,162.366,153,73,54,0,19,11728,0,0,0,0.000,0.000,0.000,0.000,0.000,0.000,0.000,0.000,0,0,0,0,0,0,0,0,0,0.000,0.000,0.000,0.000,0.000,0.000,0.000,0.000,0,0,0,0,0,0,0,0,0,0.000,0.000,0.000,0.000,0.000,0.000,0.000,0.000,0,0,0,0,0,0,0,0,0,0.000,0.000,0.000,0.000,0.000,0.000,0.000,0.000,0,0,0,0,0,0,0,0,0,0.000,0.000,0.000,0.000,0.000,0.000,0.000,0.000,0,0,0,0,0,0,0,0,0,0,0,0,0,0,0,0,0,0
12871,429.0,2376,45,24,1322,1054,0,0,382,441.61,0.941,1.314,0.308,0.059,0.562,-0.961,1.725,0.4036,4.0912,0.617,0.004,0.012,0.092,-0.025,87,55,30,0,25,0,78468.00,14243.410,22876.200,60.022,6982.996,27.198,19772.455,7791.115,559.014,10500.610,8400.488,732.813,179.731,426.105,0.000139,0.003622,1188,0,1,29,30,1,3008,114,29,60.018,0,0,0,0,0,0,0,0,0,0,0,0,0,0,30005,956,1074,30908.740,22811.893,6901.451,0.004,60.018,15048.525,7337.977,180.680,169,76,55,1,20,15471,0,0,0,0.000,0.000,0.000,0.000,0.000,0.000,0.000,0.000,0,0,0,0,0,0,0,0,0,0.000,0.000,0.000,0.000,0.000,0.000,0.000,0.000,0,0,0,0,0,0,0,0,0,0.000,0.000,0.000,0.000,0.000,0.000,0.000,0.000,0,0,0,0,0,0,0,0,0,0.000,0.000,0.000,0.000,0.000,0.000,0.000,0.000,0,0,0,0,0,0,0,0,0,0.000,0.000,0.000,0.000,0.000,0.000,0.000,0.000,0,0,0,0,0,0,0,0,0,0,0,0,0,0,0,0,0,0
12901,430.0,2499,49,27,1339,1160,0,0,400,399.00,0.966,1.355,0.303,0.060,0.546,-0.961,1.724,0.4034,4.0988,0.634,0.001,0.010,0.094,-0.020,83,71,48,1,22,0,83455.34,15311.320,24921.474,60.574,7976.075,21.422,21471.473,8442.426,602.752,12429.865,9943.892,1606.820,150.011,546.576,0.000166,0.004011,1315,0,20,28,48,20,3119,105,28,60.514,0,0,0,0,0,0,0,0,0,0,0,0,0,0,33187,1041,1210,34124.293,24881.168,7914.654,0.060,60.514,16645.186,7940.623,224.373,212,106,71,20,15,21974,0,0,0,0.000,0.000,0.000,0.000,0.000,0.000,0.000,0.000,0,0,0,0,0,0,0,0,0,0.000,0.000,0.000,0.000,0.000,0.000,0.000,0.000,0,0,0,0,0,0,0,0,0,0.000,0.000,0.000,0.000,0.000,0.000,0.000,0.000,0,0,0,0,0,0,0,0,0,0.000,0.000,0.000,0.000,0.000,0.000,0.000,0.000,0,0,0,0,0,0,0,0,0,0.000,0.000,0.000,0.000,0.000,0.000,0.000,0.000,0,0,0,0,0,0,0,0,0,0,0,0,0,0,0,0,0,0
12931,431.0,2622,37,27,1354,1268,0,0,405,390.32,0.988,1.396,0.301,0.058,0.531,-0.960,1.723,0.4023,4.1655,0.636,0.001,0.012,0.095,-0.014,94,58,66,0,26,0,87651.27,16179.121,26567.045,100.971,8357.172,21.946,23161.030,9399.704,616.423,12702.170,10161.736,1982.568,290.730,660.309,0.000194,0.004205,1464,0,23,43,66,23,3276,177,43,100.928,0,0,0,0,0,0,0,0,0,0,0,0,0,0,36444,1108,1287,36199.624,26504.203,8230.951,0.043,100.928,18286.187,8867.892,252.020,213,105,58,23,24,18081,0,0,0,0.000,0.000,0.000,0.000,0.000,0.000,0.000,0.000,0,0,0,0,0,0,0,0,0,0.000,0.000,0.000,0.000,0.000,0.000,0.000,0.000,0,0,0,0,0,0,0,0,0,0.000,0.000,0.000,0.000,0.000,0.000,0.000,0.000,0,0,0,0,0,0,0,0,0,0.000,0.000,0.000,0.000,0.000,0.000,0.000,0.000,0,0,0,0,0,0,0,0,0,0.000,0.000,0.000,0.000,0.000,0.000,0.000,0.000,0,0,0,0,0,0,0,0,0,0,0,0,0,0,0,0,0,0
12961,432.0,2768,40,27,1399,1369,0,0,457,375.96,1.000,1.421,0.300,0.059,0.522,-0.959,1.730,0.4019,4.1438,0.614,0.000,0.012,0.095,-0.012,75,74,58,0,36,0,92736.37,17278.010,29087.751,63.106,9559.583,22.066,24810.196,10169.380,665.889,14271.910,11417.528,1776.390,409.784,657.751,0.000217,0.003895,1605,0,26,32,58,26,3553,124,32,63.086,0,0,0,0,0,0,0,0,0,0,0,0,0,0,39551,1212,1481,40117.858,29026.652,9473.495,0.021,63.086,19845.826,9630.408,252.888,232,131,74,26,31,28189,0,0,0,0.000,0.000,0.000,0.000,0.000,0.000,0.000,0.000,0,0,0,0,0,0,0,0,0,0.000,0.000,0.000,0.000,0.000,0.000,0.000,0.000,0,0,0,0,0,0,0,0,0,0.000,0.000,0.000,0.000,0.000,0.000,0.000,0.000,0,0,0,0,0,0,0,0,0,0.000,0.000,0.000,0.000,0.000,0.000,0.000,0.000,0,0,0,0,0,0,0,0,0,0.000,0.000,0.000,0.000,0.000,0.000,0.000,0.000,0,0,0,0,0,0,0,0,0,0,0,0,0,0,0,0,0,0
12991,433.0,2913,58,27,1411,1502,0,0,504,399.79,1.024,1.465,0.296,0.060,0.505,-0.959,1.732,0.4007,4.0293,0.612,0.004,0.011,0.096,-0.007,98,76,75,0,38,0,98168.96,18402.081,31712.236,112.106,10553.619,19.173,26519.288,11060.114,747.993,15667.876,12534.301,2280.430,341.511,710.922,0.000194,0.004317,1848,0,26,49,75,26,3638,138,49,112.035,0,0,0,0,0,0,0,0,0,0,0,0,0,0,42815,1322,1710,43888.748,31622.663,10471.095,0.071,112.035,21451.166,10455.736,312.092,265,132,75,26,31,25334,0,0,0,0.000,0.000,0.000,0.000,0.000,0.000,0.000,0.000,0,0,0,0,0,0,0,0,0,0.000,0.000,0.000,0.000,0.000,0.000,0.000,0.000,0,0,0,0,0,0,0,0,0,0.000,0.000,0.000,0.000,0.000,0.000,0.000,0.000,0,0,0,0,0,0,0,0,0,0.000,0.000,0.000,0.000,0.000,0.000,0.000,0.000,0,0,0,0,0,0,0,0,0,0.000,0.000,0.000,0.000,0.000,0.000,0.000,0.000,0,0,0,0,0,0,0,0,0,0,0,0,0,0,0,0,0,0
13021,434.0,3085,40,27,1453,1632,0,0,585,298.12,1.043,1.493,0.292,0.061,0.495,-0.959,1.737,0.4032,4.1060,0.603,0.004,0.010,0.097,-0.004,83,92,65,0,58,0,105579.88,19700.425,36182.815,96.999,11037.530,18.477,28607.717,12050.589,849.271,17985.366,14388.293,2317.237,440.652,706.787,0.000149,0.004986,1886,0,23,42,65,23,4044,113,42,96.961,0,0,0,0,0,0,0,0,0,0,0,0,0,0,46858,1511,1773,49078.737,36123.733,10958.649,0.038,96.961,23484.151,11414.081,338.229,299,169,92,23,54,33624,0,0,0,0.000,0.000,0.000,0.000,0.000,0.000,0.000,0.000,0,0,0,0,0,0,0,0,0,0.000,0.000,0.000,0.000,0.000,0.000,0.000,0.000,0,0,0,0,0,0,0,0,0,0.000,0.000,0.000,0.000,0.000,0.000,0.000,0.000,0,0,0,0,0,0,0,0,0,0.000,0.000,0.000,0.000,0.000,0.000,0.000,0.000,0,0,0,0,0,0,0,0,0,0.000,0.000,0.000,0.000,0.000,0.000,0.000,0.000,0,0,0,0,0,0,0,0,0,0,0,0,0,0,0,0,0,0
13051,435.0,3224,42,31,1471,1753,0,0,704,324.76,1.060,1.524,0.290,0.061,0.483,-0.960,1.741,0.4009,4.1405,0.598,0.002,0.011,0.098,-0.001,82,76,104,0,51,0,110741.77,20882.605,37139.689,132.412,11966.033,19.832,30773.515,13044.836,1009.329,17262.151,13809.721,3443.734,365.876,903.094,0.000234,0.004691,2138,0,48,56,104,48,4424,146,56,132.344,0,0,0,0,0,0,0,0,0,0,0,0,0,0,50926,1550,1992,50965.844,37078.277,11869.907,0.068,132.344,25538.633,12334.225,406.675,290,169,75,48,46,32843,0,0,0,0.000,0.000,0.000,0.000,0.000,0.000,0.000,0.000,0,0,0,0,0,0,0,0,0,0.000,0.000,0.000,0.000,0.000,0.000,0.000,0.000,0,0,0,0,0,0,0,0,0,0.000,0.000,0.000,0.000,0.000,0.000,0.000,0.000,0,0,0,0,0,0,0,0,0,0.000,0.000,0.000,0.000,0.000,0.000,0.000,0.000,0,0,0,0,0,0,0,0,0,0.000,0.000,0.000,0.000,0.000,0.000,0.000,0.000,0,0,0,0,0,0,0,0,0,0,0,0,0,0,0,0,0,0
13081,436.0,3348,45,31,1499,1849,0,0,745,315.67,1.071,1.542,0.289,0.061,0.476,-0.959,1.750,0.4009,4.1249,0.582,0.003,0.007,0.098,0.002,83,80,115,0,79,0,115402.22,21864.118,39102.888,103.175,13204.540,17.145,32582.522,13951.905,1131.394,18583.506,14866.805,3558.968,378.039,1090.199,0.000236,0.006107,2470,0,61,54,115,61,4545,268,54,103.081,0,0,0,0,0,0,0,0,0,0,0,0,0,0,54273,1632,2202,54288.270,39011.843,13055.973,0.094,103.081,27274.846,13218.580,423.678,310,214,80,61,73,35749,0,0,0,0.000,0.000,0.000,0.000,0.000,0.000,0.000,0.000,0,0,0,0,0,0,0,0,0,0.000,0.000,0.000,0.000,0.000,0.000,0.000,0.000,0,0,0,0,0,0,0,0,0,0.000,0.000,0.000,0.000,0.000,0.000,0.000,0.000,0,0,0,0,0,0,0,0,0,0.000,0.000,0.000,0.000,0.000,0.000,0.000,0.000,0,0,0,0,0,0,0,0,0,0.000,0.000,0.000,0.000,0.000,0.000,0.000,0.000,0,0,0,0,0,0,0,0,0,0,0,0,0,0,0,0,0,0
13111,437.0,3475,43,31,1494,1981,0,0,825,307.26,1.091,1.582,0.287,0.061,0.462,-0.959,1.751,0.4063,4.1134,0.604,0.003,0.008,0.099,0.007,82,79,118,0,81,0,122349.88,23191.116,43155.134,127.910,13782.500,16.266,34035.804,14796.004,1224.220,19205.735,15364.589,4282.013,238.486,1108.829,0.000250,0.005713,2491,0,52,66,118,52,4499,269,66,127.816,0,0,0,0,0,0,0,0,0,0,0,0,0,0,57141,1802,2222,59068.742,43070.177,13635.066,0.094,127.816,28702.234,14034.756,449.795,335,203,79,52,72,36966,0,0,0,0.000,0.000,0.000,0.000,0.000,0.000,0.000,0.000,0,0,0,0,0,0,0,0,0,0.000,0.000,0.000,0.000,0.000,0.000,0.000,0.000,0,0,0,0,0,0,0,0,0,0.000,0.000,0.000,0.000,0.000,0.000,0.000,0.000,0,0,0,0,0,0,0,0,0,0.000,0.000,0.000,0.000,0.000,0.000,0.000,0.000,0,0,0,0,0,0,0,0,0,0.000,0.000,0.000,0.000,0.000,0.000,0.000,0.000,0,0,0,0,0,0,0,0,0,0,0,0,0,0,0,0,0,0
13141,438.0,3687,27,31,1509,2178,0,0,956,294.17,1.117,1.624,0.283,0.060,0.445,-0.959,1.754,0.4035,4.1088,0.599,0.001,0.006,0.100,0.012,82,76,78,1,101,0,130378.77,23902.947,46398.431,131.327,15040.474,15.840,36740.888,16299.967,1400.520,22461.714,17969.372,2356.007,210.045,904.044,0.000264,0.004699,2686,0,21,57,78,21,4913,226,57,131.285,0,0,0,0,0,0,0,0,0,0,0,0,0,0,62539,1936,2460,63810.373,46320.191,14937.007,0.042,131.285,31376.731,15546.138,442.232,389,192,76,21,95,32635,0,0,0,0.000,0.000,0.000,0.000,0.000,0.000,0.000,0.000,0,0,0,0,0,0,0,0,0,0.000,0.000,0.000,0.000,0.000,0.000,0.000,0.000,0,0,0,0,0,0,0,0,0,0.000,0.000,0.000,0.000,0.000,0.000,0.000,0.000,0,0,0,0,0,0,0,0,0,0.000,0.000,0.000,0.000,0.000,0.000,0.000,0.000,0,0,0,0,0,0,0,0,0,0.000,0.000,0.000,0.000,0.000,0.000,0.000,0.000,0,0,0,0,0,0,0,0,0,0,0,0,0,0,0,0,0,0
13171,439.0,3943,39,31,1567,2376,0,0,1113,256.43,1.132,1.649,0.282,0.060,0.435,-0.959,1.752,0.4069,4.1165,0.582,0.002,0.005,0.100,0.016,72,78,57,0,111,0,136952.56,25113.920,48035.355,70.360,16249.083,16.998,39652.604,17586.739,1609.943,23660.023,18928.019,1831.256,263.927,969.360,0.000214,0.004229,2988,0,19,38,57,19,5495,223,38,70.320,0,0,0,0,0,0,0,0,0,0,0,0,0,0,68081,2011,2765,66811.394,47933.698,16139.277,0.040,70.320,34172.467,16806.326,461.031,401,203,78,19,106,40070,0,0,0,0.000,0.000,0.000,0.000,0.000,0.000,0.000,0.000,0,0,0,0,0,0,0,0,0,0.000,0.000,0.000,0.000,0.000,0.000,0.000,0.000,0,0,0,0,0,0,0,0,0,0.000,0.000,0.000,0.000,0.000,0.000,0.000,0.000,0,0,0,0,0,0,0,0,0,0.000,0.000,0.000,0.000,0.000,0.000,0.000,0.000,0,0,0,0,0,0,0,0,0,0.000,0.000,0.000,0.000,0.000,0.000,0.000,0.000,0,0,0,0,0,0,0,0,0,0,0,0,0,0,0,0,0,0
13201,440.0,4139,40,34,1624,2515,0,0,1291,254.49,1.139,1.659,0.282,0.060,0.431,-0.960,1.753,0.4036,4.1054,0.566,0.001,0.008,0.101,0.017,76,115,56,0,139,0,141377.91,26409.391,49300.850,66.873,17088.049,14.528,42613.477,18942.113,1905.936,23963.258,19170.607,1903.128,174.297,1020.176,0.000250,0.004891,3174,0,17,39,56,17,5642,226,39,66.845,0,0,0,0,0,0,0,0,0,0,0,0,0,0,73540,2061,2948,68889.793,49187.411,16981.128,0.028,66.845,36940.718,18123.427,485.388,406,267,115,17,135,48169,0,0,0,0.000,0.000,0.000,0.000,0.000,0.000,0.000,0.000,0,0,0,0,0,0,0,0,0,0.000,0.000,0.000,0.000,0.000,0.000,0.000,0.000,0,0,0,0,0,0,0,0,0,0.000,0.000,0.000,0.000,0.000,0.000,0.000,0.000,0,0,0,0,0,0,0,0,0,0.000,0.000,0.000,0.000,0.000,0.000,0.000,0.000,0,0,0,0,0,0,0,0,0,0.000,0.000,0.000,0.000,0.000,0.000,0.000,0.000,0,0,0,0,0,0,0,0,0,0,0,0,0,0,0,0,0,0
13231,441.0,4218,29,34,1635,2583,0,0,1439,266.85,1.145,1.670,0.281,0.061,0.428,-0.960,1.750,0.4054,4.0876,0.591,0.000,0.007,0.101,0.019,61,121,88,0,196,0,146185.23,28165.024,51746.475,81.621,18834.714,14.307,44259.380,19628.124,2194.515,23560.457,18848.366,2877.942,328.117,1185.616,0.000280,0.005821,3465,0,43,45,88,43,5741,240,45,81.578,0,0,0,0,0,0,0,0,0,0,0,0,0,0,76461,2158,3225,73217.145,51651.633,18706.181,0.043,81.578,38459.760,18745.703,540.597,416,348,121,43,184,64773,0,0,0,0.000,0.000,0.000,0.000,0.000,0.000,0.000,0.000,0,0,0,0,0,0,0,0,0,0.000,0.000,0.000,0.000,0.000,0.000,0.000,0.000,0,0,0,0,0,0,0,0,0,0.000,0.000,0.000,0.000,0.000,0.000,0.000,0.000,0,0,0,0,0,0,0,0,0,0.000,0.000,0.000,0.000,0.000,0.000,0.000,0.000,0,0,0,0,0,0,0,0,0,0.000,0.000,0.000,0.000,0.000,0.000,0.000,0.000,0,0,0,0,0,0,0,0,0,0,0,0,0,0,0,0,0,0
13261,442.0,4384,21,34,1672,2712,0,0,1647,237.18,1.154,1.681,0.280,0.063,0.423,-0.960,1.749,0.4013,4.0876,0.571,0.001,0.004,0.101,0.020,60,99,74,0,189,0,151567.73,29042.335,53867.868,104.643,19085.116,12.872,45966.713,19964.196,2518.400,25315.433,20252.347,2770.770,301.442,1047.747,0.000222,0.005580,3526,0,26,48,74,26,6050,173,48,104.613,0,0,0,0,0,0,0,0,0,0,0,0,0,0,79566,2251,3353,75736.074,53741.729,19005.604,0.030,104.613,40107.753,19035.960,583.859,440,311,99,26,186,64113,0,0,0,0.000,0.000,0.000,0.000,0.000,0.000,0.000,0.000,0,0,0,0,0,0,0,0,0,0.000,0.000,0.000,0.000,0.000,0.000,0.000,0.000,0,0,0,0,0,0,0,0,0,0.000,0.000,0.000,0.000,0.000,0.000,0.000,0.000,0,0,0,0,0,0,0,0,0,0.000,0.000,0.000,0.000,0.000,0.000,0.000,0.000,0,0,0,0,0,0,0,0,0,0.000,0.000,0.000,0.000,0.000,0.000,0.000,0.000,0,0,0,0,0,0,0,0,0,0,0,0,0,0,0,0,0,0
13291,443.0,4501,36,34,1703,2798,0,0,1882,299.26,1.160,1.688,0.280,0.064,0.420,-0.959,1.745,0.4015,4.1004,0.578,0.001,0.005,0.101,0.021,69,87,98,0,242,0,154909.77,30331.643,54719.821,142.419,19684.202,14.582,47896.008,21006.084,2915.954,25673.639,20538.911,3378.667,259.499,1260.916,0.000315,0.006039,3889,0,29,69,98,29,6149,377,69,142.376,0,0,0,0,0,0,0,0,0,0,0,0,0,0,83014,2289,3512,77224.707,54613.686,19509.424,0.043,142.376,41903.299,20053.619,598.468,434,348,87,29,232,74300,0,0,0,0.000,0.000,0.000,0.000,0.000,0.000,0.000,0.000,0,0,0,0,0,0,0,0,0,0.000,0.000,0.000,0.000,0.000,0.000,0.000,0.000,0,0,0,0,0,0,0,0,0,0.000,0.000,0.000,0.000,0.000,0.000,0.000,0.000,0,0,0,0,0,0,0,0,0,0.000,0.000,0.000,0.000,0.000,0.000,0.000,0.000,0,0,0,0,0,0,0,0,0,0.000,0.000,0.000,0.000,0.000,0.000,0.000,0.000,0,0,0,0,0,0,0,0,0,0,0,0,0,0,0,0,0,0
13321,444.0,4585,30,34,1702,2883,0,0,2113,290.49,1.170,1.705,0.278,0.066,0.415,-0.959,1.738,0.4038,4.0921,0.578,0.000,0.007,0.102,0.024,60,86,143,0,243,0,158826.17,31389.277,59181.973,168.497,20645.526,13.378,49074.798,21777.085,3322.282,26752.319,21401.855,5201.169,627.339,1470.195,0.000211,0.006710,4159,0,63,80,143,63,6391,430,80,168.408,0,0,0,0,0,0,0,0,0,0,0,0,0,0,85114,2474,3729,82897.111,59065.258,20448.959,0.089,168.408,43040.982,20758.474,661.191,461,376,86,63,227,74695,0,0,0,0.000,0.000,0.000,0.000,0.000,0.000,0.000,0.000,0,0,0,0,0,0,0,0,0,0.000,0.000,0.000,0.000,0.000,0.000,0.000,0.000,0,0,0,0,0,0,0,0,0,0.000,0.000,0.000,0.000,0.000,0.000,0.000,0.000,0,0,0,0,0,0,0,0,0,0.000,0.000,0.000,0.000,0.000,0.000,0.000,0.000,0,0,0,0,0,0,0,0,0,0.000,0.000,0.000,0.000,0.000,0.000,0.000,0.000,0,0,0,0,0,0,0,0,0,0,0,0,0,0,0,0,0,0
13351,445.0,4661,48,39,1699,2962,0,0,2344,268.36,1.180,1.719,0.278,0.067,0.410,-0.959,1.737,0.4038,4.1404,0.580,0.001,0.006,0.102,0.026,83,71,137,2,280,0,161745.02,31794.102,60489.059,141.964,20496.965,12.790,50391.951,22871.309,3770.880,27591.312,22073.050,5252.116,254.486,1447.283,0.000204,0.007375,4049,0,66,71,137,66,6271,304,71,141.859,0,0,0,0,0,0,0,0,0,0,0,0,0,0,87553,2525,3745,84073.798,60373.221,20350.379,0.106,141.859,44344.221,21850.692,663.412,481,402,71,66,265,80359,0,0,0,0.000,0.000,0.000,0.000,0.000,0.000,0.000,0.000,0,0,0,0,0,0,0,0,0,0.000,0.000,0.000,0.000,0.000,0.000,0.000,0.000,0,0,0,0,0,0,0,0,0,0.000,0.000,0.000,0.000,0.000,0.000,0.000,0.000,0,0,0,0,0,0,0,0,0,0.000,0.000,0.000,0.000,0.000,0.000,0.000,0.000,0,0,0,0,0,0,0,0,0,0.000,0.000,0.000,0.000,0.000,0.000,0.000,0.000,0,0,0,0,0,0,0,0,0,0,0,0,0,0,0,0,0,0
13381,446.0,4739,27,39,1692,3046,0,1,2455,307.92,1.192,1.736,0.277,0.067,0.405,-0.959,1.742,0.4013,4.1921,0.584,0.002,0.005,0.103,0.029,65,61,105,0,332,0,165440.91,32026.700,62667.682,137.436,20833.114,15.107,51920.892,23601.892,4100.805,28422.463,22737.970,4300.167,227.525,1300.151,0.000288,0.008639,4062,0,38,67,105,38,6402,211,67,137.375,0,0,0,0,0,0,0,0,0,0,0,0,0,0,89969,2620,3851,86748.665,62533.068,20705.995,0.061,137.375,45893.559,22617.023,632.906,500,416,61,38,317,86973,0,0,0,0.000,0.000,0.000,0.000,0.000,0.000,0.000,0.000,0,0,0,0,0,0,8,0,0,0.000,0.000,0.000,0.000,0.000,0.863,0.341,0.000,0,0,0,0,0,0,0,0,0,0.000,0.000,0.000,0.000,0.000,0.000,0.000,0.000,0,0,0,0,0,0,0,0,0,0.000,0.000,0.000,0.000,0.000,0.000,0.000,0.000,0,0,0,0,0,0,0,0,0,0.000,0.000,0.000,0.000,0.000,0.000,0.000,0.000,0,0,0,0,0,0,0,1,0,0,0,0,0,0,0,0,0,0
13411,447.0,4815,32,39,1704,3111,0,0,2640,300.67,1.198,1.743,0.278,0.067,0.402,-0.959,1.741,0.4007,4.1226,0.585,0.001,0.005,0.103,0.030,63,61,115,0,342,0,166704.64,32788.648,61897.407,141.656,21561.304,11.727,53289.188,23972.290,4388.658,28848.413,23078.731,4580.553,283.007,1280.606,0.000180,0.008061,4174,0,46,69,115,46,7110,195,68,140.947,0,0,0,0,0,0,0,0,0,0,0,0,0,0,92485,2589,3979,86701.163,61788.559,21453.091,0.056,140.947,47237.870,22927.940,689.253,499,432,60,45,327,90378,0,0,0,0.000,0.000,0.000,0.000,0.000,0.000,0.000,0.000,0,0,0,0,0,0,17,0,0,0.000,0.000,0.000,0.000,0.000,1.864,1.283,0.000,0,1,0,1,0,25,0,0,0,0.000,0.000,0.000,0.000,0.000,0.000,0.000,0.000,0,0,0,0,0,0,0,0,0,0.000,0.000,0.000,0.000,0.000,0.000,0.000,0.000,0,0,0,0,0,0,0,0,0,0.000,0.000,0.000,0.000,0.000,0.000,0.000,0.000,0,0,0,0,0,0,0,0,0,2,0,0,0,0,0,0,0,0
13441,448.0,4877,27,39,1716,3161,0,0,2799,272.91,1.202,1.745,0.279,0.067,0.401,-0.959,1.742,0.3998,4.1236,0.587,0.001,0.006,0.103,0.030,72,61,118,0,340,0,168964.33,33548.880,64132.953,128.194,22947.956,13.075,54243.609,23937.331,4686.702,28328.529,22662.823,5203.962,381.007,1432.023,0.000256,0.007774,4438,0,56,62,118,56,7056,176,62,128.120,0,0,0,0,0,0,0,0,0,0,0,0,0,0,94100,2682,4262,90404.632,64013.873,22830.757,0.074,128.120,48136.451,22858.783,722.823,490,440,60,56,324,83278,0,0,0,0.000,0.000,0.000,0.000,0.000,0.000,0.000,0.000,0,0,0,0,0,0,0,0,0,0.000,0.000,0.000,0.000,0.000,0.000,0.000,0.000,0,0,0,0,0,0,0,0,0,0.000,0.000,0.000,0.000,0.000,0.000,0.000,0.000,0,0,0,0,0,0,0,0,0,0.000,0.000,0.000,0.000,0.000,0.000,0.000,0.000,0,0,0,0,0,0,0,0,0,0.000,0.000,0.000,0.000,0.000,0.000,0.000,0.000,0,0,0,0,0,0,0,0,0,0,0,0,0,0,0,0,0,0
13471,449.0,4952,31,39,1707,3245,0,0,2902,304.02,1.212,1.761,0.277,0.065,0.395,-0.959,1.740,0.4047,4.1397,0.590,0.003,0.006,0.104,0.032,73,46,91,1,367,0,171879.95,33524.608,65164.049,123.644,22559.884,11.670,55225.555,24545.685,4892.340,28513.095,22810.476,3870.273,431.362,1228.845,0.000233,0.008560,4474,0,25,66,91,25,7032,268,66,123.623,0,0,0,0,0,0,0,0,0,0,0,0,0,0,96018,2726,4206,91101.857,65025.349,22427.758,0.022,123.623,49131.227,23481.244,707.182,500,416,46,25,345,93310,0,0,0,0.000,0.000,0.000,0.000,0.000,0.000,0.000,0.000,0,0,0,0,0,0,0,0,0,0.000,0.000,0.000,0.000,0.000,0.000,0.000,0.000,0,0,0,0,0,0,0,0,0,0.000,0.000,0.000,0.000,0.000,0.000,0.000,0.000,0,0,0,0,0,0,0,0,0,0.000,0.000,0.000,0.000,0.000,0.000,0.000,0.000,0,0,0,0,0,0,0,0,0,0.000,0.000,0.000,0.000,0.000,0.000,0.000,0.000,0,0,0,0,0,0,0,0,0,0,0,0,0,0,0,0,0,0
13501,450.0,4991,28,40,1690,3301,0,0,3028,234.48,1.220,1.775,0.278,0.062,0.390,-0.960,1.741,0.4027,4.1481,0.582,0.002,0.005,0.105,0.035,60,62,97,1,358,0,172915.27,33385.189,64583.254,131.706,22976.240,11.330,56472.644,25154.389,5116.941,27404.843,21923.875,3453.439,133.248,1253.209,0.000255,0.008879,4514,0,28,69,97,28,6563,217,69,131.687,0,0,0,0,0,0,0,0,0,0,0,0,0,0,98554,2705,4297,90977.314,64476.226,22867.464,0.019,131.687,50425.183,24074.848,721.540,482,426,62,28,336,80332,0,0,0,0.000,0.000,0.000,0.000,0.000,0.000,0.000,0.000,0,0,0,0,0,0,0,0,0,0.000,0.000,0.000,0.000,0.000,0.000,0.000,0.000,0,0,0,0,0,0,0,0,0,0.000,0.000,0.000,0.000,0.000,0.000,0.000,0.000,0,0,0,0,0,0,0,0,0,0.000,0.000,0.000,0.000,0.000,0.000,0.000,0.000,0,0,0,0,0,0,0,0,0,0.000,0.000,0.000,0.000,0.000,0.000,0.000,0.000,0,0,0,0,0,0,0,0,0,0,0,0,0,0,0,0,0,0
13531,451.0,4951,30,40,1671,3280,0,0,3070,287.38,1.223,1.777,0.281,0.061,0.389,-0.960,1.736,0.4025,4.1563,0.575,0.001,0.005,0.105,0.034,52,55,100,1,437,0,170912.81,32873.569,63831.714,112.104,22548.390,10.256,56548.832,25666.535,5279.971,27452.853,21962.282,4178.779,318.255,1336.895,0.000243,0.009696,4606,0,40,60,100,40,6832,271,60,111.963,0,0,0,0,0,0,0,0,0,0,0,0,0,0,98553,2678,4335,89722.020,63720.280,22422.467,0.141,111.963,50502.174,24570.574,743.404,488,509,54,40,415,105270,0,0,0,0.000,0.000,0.000,0.000,0.000,0.000,0.000,0.000,0,0,0,0,0,0,0,0,0,0.000,0.000,0.000,0.000,0.000,0.000,0.000,0.000,0,0,0,0,0,0,0,0,0,0.000,0.000,0.000,0.000,0.000,0.000,0.000,0.000,0,0,0,0,0,0,0,0,0,0.000,0.000,0.000,0.000,0.000,0.000,0.000,0.000,0,0,0,0,0,0,0,0,0,0.000,0.000,0.000,0.000,0.000,0.000,0.000,0.000,0,0,0,0,0,0,0,0,0,0,0,0,0,0,0,0,0,0
13561,452.0,4982,29,40,1676,3306,0,0,3104,267.62,1.225,1.779,0.283,0.063,0.388,-0.960,1.740,0.4057,4.1363,0.596,0.001,0.007,0.105,0.035,52,46,72,1,419,0,170179.72,32778.349,65042.765,73.491,21999.901,8.911,56616.432,25631.934,5345.961,28199.898,22559.919,3869.038,241.463,1282.893,0.000284,0.008490,4603,0,34,38,72,34,6694,297,38,73.420,0,0,0,0,0,0,0,0,0,0,0,0,0,0,98595,2727,4306,90306.170,64937.354,21877.812,0.071,73.420,50592.996,24582.511,698.365,501,475,46,34,395,93679,0,0,0,0.000,0.000,0.000,0.000,0.000,0.000,0.000,0.000,0,0,0,0,0,0,0,0,0,0.000,0.000,0.000,0.000,0.000,0.000,0.000,0.000,0,0,0,0,0,0,0,0,0,0.000,0.000,0.000,0.000,0.000,0.000,0.000,0.000,0,0,0,0,0,0,0,0,0,0.000,0.000,0.000,0.000,0.000,0.000,0.000,0.000,0,0,0,0,0,0,0,0,0,0.000,0.000,0.000,0.000,0.000,0.000,0.000,0.000,0,0,0,0,0,0,0,0,0,0,0,0,0,0,0,0,0,0
13591,453.0,4950,26,40,1635,3315,0,0,3124,275.62,1.235,1.791,0.283,0.062,0.383,-0.960,1.743,0.4029,4.1104,0.588,0.001,0.005,0.106,0.037,49,47,99,0,405,0,168855.42,32862.938,63950.232,144.210,21911.320,9.578,57121.937,24994.122,5377.963,26130.493,20904.395,4103.651,249.298,1208.610,0.000287,0.009904,4418,0,26,73,99,26,6336,219,73,144.119,0,0,0,0,0,0,0,0,0,0,0,0,0,0,99464,2678,4199,89104.239,63834.346,21800.025,0.091,144.119,51135.182,23999.142,645.189,467,458,47,26,385,94131,0,0,0,0.000,0.000,0.000,0.000,0.000,0.000,0.000,0.000,0,0,0,0,0,0,0,0,0,0.000,0.000,0.000,0.000,0.000,0.000,0.000,0.000,0,0,0,0,0,0,0,0,0,0.000,0.000,0.000,0.000,0.000,0.000,0.000,0.000,0,0,0,0,0,0,0,0,0,0.000,0.000,0.000,0.000,0.000,0.000,0.000,0.000,0,0,0,0,0,0,0,0,0,0.000,0.000,0.000,0.000,0.000,0.000,0.000,0.000,0,0,0,0,0,0,0,0,0,0,0,0,0,0,0,0,0,0
13621,454.0,4954,19,40,1637,3316,0,1,3112,256.80,1.236,1.791,0.284,0.060,0.383,-0.960,1.742,0.4039,4.0874,0.600,0.001,0.006,0.106,0.038,54,46,50,1,409,0,167707.25,32358.294,63100.485,75.363,21810.668,8.176,57265.383,25153.823,5373.702,25318.810,20255.048,2495.476,213.289,1116.876,0.000300,0.007781,4480,0,13,37,50,13,6245,174,37,75.347,0,0,0,0,0,0,0,0,0,0,0,0,0,0,99628,2644,4306,88162.077,62961.600,21729.944,0.016,75.347,51318.537,24200.176,606.752,447,446,45,13,388,90792,0,0,0,0.000,0.000,0.000,0.000,0.000,0.000,0.000,0.000,0,0,0,0,0,0,1,0,0,0.000,0.000,0.000,0.000,0.000,0.104,0.021,0.000,0,0,0,0,0,0,0,0,0,0.000,0.000,0.000,0.000,0.000,0.000,0.000,0.000,0,0,0,0,0,0,0,0,0,0.000,0.000,0.000,0.000,0.000,0.000,0.000,0.000,0,0,0,0,0,0,0,0,0,0.000,0.000,0.000,0.000,0.000,0.000,0.000,0.000,0,0,0,0,0,0,0,1,0,0,0,0,0,0,0,0,0,0
13651,455.0,4855,30,42,1619,3235,0,1,3019,241.82,1.234,1.786,0.288,0.060,0.386,-0.960,1.739,0.4043,4.0730,0.589,0.001,0.006,0.106,0.037,43,58,86,1,459,0,164086.02,31714.648,62196.194,91.755,22266.755,8.121,56782.451,24977.215,5243.956,25468.426,20374.741,3655.847,532.703,1337.963,0.000372,0.006461,4671,0,36,50,86,36,6306,314,50,91.669,0,0,0,0,0,0,0,0,0,0,0,0,0,0,98444,2623,4357,87797.135,62107.736,22108.676,0.086,91.669,50805.285,24001.214,626.932,455,536,58,36,442,104127,0,0,0,0.000,0.000,0.000,0.000,0.000,0.000,0.000,0.000,0,0,0,0,0,0,30,0,0,0.000,0.000,0.000,0.000,0.000,3.134,0.499,0.000,0,0,0,0,0,0,0,0,0,0.000,0.000,0.000,0.000,0.000,0.000,0.000,0.000,0,0,0,0,0,0,0,0,0,0.000,0.000,0.000,0.000,0.000,0.000,0.000,0.000,0,0,0,0,0,0,0,0,0,0.000,0.000,0.000,0.000,0.000,0.000,0.000,0.000,0,0,0,0,0,0,0,0,0,0,0,0,0,0,0,0,0,0
13681,456.0,4762,29,42,1591,3170,0,1,2925,306.39,1.236,1.784,0.288,0.060,0.386,-0.960,1.733,0.4019,4.0694,0.587,0.003,0.006,0.106,0.037,51,46,80,0,439,0,162445.34,30750.721,62318.400,91.202,20474.998,11.693,55574.738,24320.461,5067.631,23942.663,19154.131,3456.032,401.442,1192.164,0.000253,0.005629,4420,0,26,54,80,26,5936,249,54,91.082,0,0,0,0,0,0,0,0,0,0,0,0,0,0,95944,2603,4171,85889.207,62223.127,20334.291,0.119,91.082,49666.971,23410.508,570.078,428,493,45,26,422,106920,0,0,0,0.000,0.000,0.000,0.000,0.000,0.000,0.000,0.000,0,0,0,0,0,0,30,0,0,0.000,0.000,0.000,0.000,0.000,3.133,0.507,0.000,0,0,0,0,0,0,0,0,0,0.000,0.000,0.000,0.000,0.000,0.000,0.000,0.000,0,0,0,0,0,0,0,0,0,0.000,0.000,0.000,0.000,0.000,0.000,0.000,0.000,0,0,0,0,0,0,0,0,0,0.000,0.000,0.000,0.000,0.000,0.000,0.000,0.000,0,0,0,0,0,0,0,0,0,0,0,0,0,0,0,0,0,0
13711,457.0,4723,29,42,1597,3125,0,1,2868,258.27,1.232,1.776,0.290,0.060,0.390,-0.961,1.732,0.4017,4.0632,0.595,0.001,0.007,0.106,0.036,51,42,56,0,386,0,158306.50,30325.343,58212.251,53.386,20186.166,8.503,54618.123,24018.830,4918.534,22211.977,17769.582,3159.583,410.434,1161.925,0.000254,0.005300,4208,0,25,31,56,25,5896,203,31,53.277,0,0,0,0,0,0,0,0,0,0,0,0,0,0,94024,2428,4005,81254.221,58083.764,20086.976,0.109,53.277,48724.505,23131.035,550.785,390,435,42,25,368,94404,0,0,0,0.000,0.000,0.000,0.000,0.000,0.000,0.000,0.000,0,0,0,0,0,0,30,0,0,0.000,0.000,0.000,0.000,0.000,3.133,0.516,0.000,0,0,0,0,0,0,0,0,0,0.000,0.000,0.000,0.000,0.000,0.000,0.000,0.000,0,0,0,0,0,0,0,0,0,0.000,0.000,0.000,0.000,0.000,0.000,0.000,0.000,0,0,0,0,0,0,0,0,0,0.000,0.000,0.000,0.000,0.000,0.000,0.000,0.000,0,0,0,0,0,0,0,0,0,0,0,0,0,0,0,0,0,0
13741,458.0,4659,37,42,1613,3045,0,1,2828,260.28,1.225,1.759,0.293,0.061,0.397,-0.961,1.732,0.4024,4.0698,0.604,0.001,0.007,0.105,0.033,61,57,36,0,417,0,155947.58,29746.376,58093.371,28.639,20169.611,10.531,54024.162,23293.278,4847.153,22599.296,18079.437,2180.721,307.738,1054.393,0.000281,0.004952,4264,0,21,15,36,21,5593,225,15,28.583,0,0,0,0,0,0,0,0,0,0,0,0,0,0,92593,2430,4039,81099.662,58027.308,20064.541,0.056,28.583,48064.648,22443.756,509.184,403,483,57,21,405,98026,0,0,0,0.000,0.000,0.000,0.000,0.000,0.000,0.000,0.000,0,0,0,0,0,0,30,0,0,0.000,0.000,0.000,0.000,0.000,3.134,0.663,0.000,0,0,0,0,0,0,0,0,0,0.000,0.000,0.000,0.000,0.000,0.000,0.000,0.000,0,0,0,0,0,0,0,0,0,0.000,0.000,0.000,0.000,0.000,0.000,0.000,0.000,0,0,0,0,0,0,0,0,0,0.000,0.000,0.000,0.000,0.000,0.000,0.000,0.000,0,0,0,0,0,0,0,0,0,0,0,0,0,0,0,0,0,0
13771,459.0,4603,28,42,1621,2982,0,0,2792,230.48,1.219,1.746,0.295,0.062,0.401,-0.962,1.735,0.4020,4.0326,0.594,0.001,0.006,0.105,0.031,60,67,35,1,382,0,152631.30,29633.934,55791.240,23.279,19586.717,10.240,53158.284,23110.057,4733.226,21654.500,17323.600,2239.962,130.913,1061.389,0.000271,0.003329,4223,0,22,13,35,22,5583,217,13,23.225,0,0,0,0,0,0,0,0,0,0,0,0,0,0,90557,2328,4006,78096.834,55708.205,19474.047,0.054,23.225,47154.196,22265.282,502.031,384,447,67,22,358,96032,0,0,0,0.000,0.000,0.000,0.000,0.000,0.000,0.000,0.000,0,0,0,0,0,0,2,0,0,0.000,0.000,0.000,0.000,0.000,0.209,0.047,0.000,0,1,0,0,1,123,0,0,0,0.000,0.000,0.000,0.000,0.000,0.000,0.000,0.000,0,0,0,0,0,0,0,0,0,0.000,0.000,0.000,0.000,0.000,0.000,0.000,0.000,0,0,0,0,0,0,0,0,0,0.000,0.000,0.000,0.000,0.000,0.000,0.000,0.000,0,0,0,0,0,0,0,0,0,0,0,0,0,0,0,0,0,0
13801,460.0,4488,32,49,1637,2851,0,0,2707,254.37,1.205,1.720,0.300,0.061,0.411,-0.962,1.737,0.4035,4.0416,0.585,0.000,0.004,0.105,0.027,61,62,36,0,412,0,148621.47,28501.856,53235.800,17.354,18922.274,9.259,51742.486,22079.516,4629.576,19780.980,15824.784,2175.948,126.558,1054.568,0.000254,0.004617,4150,0,24,12,36,24,5379,277,12,17.274,0,0,0,0,0,0,0,0,0,0,0,0,0,0,87657,2220,3873,74709.421,53147.000,18784.300,0.080,17.274,45676.876,21256.120,478.095,347,478,62,24,392,102354,0,0,0,0.000,0.000,0.000,0.000,0.000,0.000,0.000,0.000,0,0,0,0,0,0,0,0,0,0.000,0.000,0.000,0.000,0.000,0.000,0.000,0.000,0,0,0,0,0,0,0,0,0,0.000,0.000,0.000,0.000,0.000,0.000,0.000,0.000,0,0,0,0,0,0,0,0,0,0.000,0.000,0.000,0.000,0.000,0.000,0.000,0.000,0,0,0,0,0,0,0,0,0,0.000,0.000,0.000,0.000,0.000,0.000,0.000,0.000,0,0,0,0,0,0,0,0,0,0,0,0,0,0,0,0,0,0
13831,461.0,4397,30,49,1609,2788,0,0,2633,276.87,1.205,1.716,0.300,0.060,0.413,-0.963,1.734,0.4044,4.0534,0.609,0.000,0.005,0.105,0.027,58,65,82,1,339,0,143584.50,28017.108,51922.612,51.834,18490.378,10.428,50293.684,21492.454,4467.544,20345.167,16276.134,3491.669,132.723,1081.408,0.000231,0.003708,3946,0,52,30,82,52,5108,199,30,51.676,0,0,0,0,0,0,0,0,0,0,0,0,0,0,84531,2159,3747,72897.539,51821.079,18410.492,0.157,51.676,44242.815,20604.381,545.690,367,430,65,52,313,90139,0,0,0,0.000,0.000,0.000,0.000,0.000,0.000,0.000,0.000,0,0,0,0,0,0,0,0,0,0.000,0.000,0.000,0.000,0.000,0.000,0.000,0.000,0,0,0,0,0,0,0,0,0,0.000,0.000,0.000,0.000,0.000,0.000,0.000,0.000,0,0,0,0,0,0,0,0,0,0.000,0.000,0.000,0.000,0.000,0.000,0.000,0.000,0,0,0,0,0,0,0,0,0,0.000,0.000,0.000,0.000,0.000,0.000,0.000,0.000,0,0,0,0,0,0,0,0,0,0,0,0,0,0,0,0,0,0
13861,462.0,4269,36,49,1601,2668,0,0,2518,254.95,1.194,1.695,0.303,0.059,0.420,-0.964,1.737,0.4001,4.0796,0.614,0.000,0.006,0.105,0.024,46,51,69,0,340,0,136044.03,27353.889,47792.735,28.324,18283.419,9.419,48935.989,21343.067,4317.821,16677.552,13342.042,3455.761,234.303,1092.972,0.000304,0.001029,4025,0,48,21,69,48,4698,184,21,28.141,0,0,0,0,0,0,0,0,0,0,0,0,0,0,81988,1987,3841,68392.386,47724.858,18183.894,0.183,28.141,42926.000,20488.500,513.364,295,415,51,48,316,93261,0,0,0,0.000,0.000,0.000,0.000,0.000,0.000,0.000,0.000,0,0,0,0,0,0,0,0,0,0.000,0.000,0.000,0.000,0.000,0.000,0.000,0.000,0,0,0,0,0,0,0,0,0,0.000,0.000,0.000,0.000,0.000,0.000,0.000,0.000,0,0,0,0,0,0,0,0,0,0.000,0.000,0.000,0.000,0.000,0.000,0.000,0.000,0,0,0,0,0,0,0,0,0,0.000,0.000,0.000,0.000,0.000,0.000,0.000,0.000,0,0,0,0,0,0,0,0,0,0,0,0,0,0,0,0,0,0
13891,463.0,4105,31,49,1592,2513,0,0,2397,235.30,1.178,1.669,0.306,0.058,0.431,-0.964,1.740,0.4033,4.0314,0.608,0.000,0.006,0.105,0.021,54,65,59,0,374,0,129699.95,26438.796,46129.944,30.389,17439.874,12.310,46758.618,20147.388,4138.318,16987.839,13590.272,3277.078,239.434,984.801,0.000254,0.000062,3893,0,40,19,59,40,5019,227,19,30.226,0,0,0,0,0,0,0,0,0,0,0,0,0,0,77873,1920,3666,65761.557,46047.957,17354.944,0.164,30.226,40756.105,19304.470,504.153,305,460,63,40,357,97741,0,0,0,0.000,0.000,0.000,0.000,0.000,0.000,0.000,0.000,0,0,0,0,0,0,0,0,0,0.000,0.000,0.000,0.000,0.000,0.000,0.000,0.000,0,0,0,0,0,0,0,0,0,0.000,0.000,0.000,0.000,0.000,0.000,0.000,0.000,0,0,0,0,0,0,0,0,0,0.000,0.000,0.000,0.000,0.000,0.000,0.000,0.000,0,0,0,0,0,0,0,0,0,0.000,0.000,0.000,0.000,0.000,0.000,0.000,0.000,0,0,0,0,0,0,0,0,0,0,0,0,0,0,0,0,0,0
13921,464.0,3968,21,49,1565,2403,0,0,2302,306.20,1.169,1.656,0.308,0.059,0.437,-0.964,1.742,0.4035,4.0029,0.610,0.000,0.005,0.104,0.020,56,67,39,3,311,0,124940.90,25097.111,43222.830,24.745,15457.369,9.740,44499.183,18787.839,3970.737,14575.487,11660.390,1920.985,168.427,841.469,0.000289,-0.001389,3577,0,19,20,39,19,4450,225,20,24.695,0,0,0,0,0,0,0,0,0,0,0,0,0,0,73678,1798,3352,60621.760,43138.592,15357.135,0.050,24.695,38544.163,18010.017,443.970,265,375,66,19,290,82037,0,0,0,0.000,0.000,0.000,0.000,0.000,0.000,0.000,0.000,0,0,0,0,0,0,0,0,0,0.000,0.000,0.000,0.000,0.000,0.000,0.000,0.000,0,0,0,0,0,0,0,0,0,0.000,0.000,0.000,0.000,0.000,0.000,0.000,0.000,0,0,0,0,0,0,0,0,0,0.000,0.000,0.000,0.000,0.000,0.000,0.000,0.000,0,0,0,0,0,0,0,0,0,0.000,0.000,0.000,0.000,0.000,0.000,0.000,0.000,0,0,0,0,0,0,0,0,0,0,0,0,0,0,0,0,0,0
13951,465.0,3818,32,50,1547,2271,0,0,2144,333.55,1.156,1.633,0.310,0.061,0.446,-0.964,1.741,0.4046,4.0172,0.618,0.003,0.005,0.104,0.018,53,65,37,2,332,0,118981.12,23547.308,40545.963,44.202,14810.671,13.448,42709.580,18041.955,3751.943,14282.071,11425.657,1817.410,154.810,765.132,0.000242,-0.003437,3521,0,11,26,37,11,4457,293,26,44.170,0,0,0,0,0,0,0,0,0,0,0,0,0,0,70345,1691,3228,57227.223,40454.887,14713.087,0.031,44.170,36833.276,17304.140,407.242,252,384,65,11,308,89267,0,0,0,0.000,0.000,0.000,0.000,0.000,0.000,0.000,0.000,0,0,0,0,0,0,0,0,0,0.000,0.000,0.000,0.000,0.000,0.000,0.000,0.000,0,0,0,0,0,0,0,0,0,0.000,0.000,0.000,0.000,0.000,0.000,0.000,0.000,0,0,0,0,0,0,0,0,0,0.000,0.000,0.000,0.000,0.000,0.000,0.000,0.000,0,0,0,0,0,0,0,0,0,0.000,0.000,0.000,0.000,0.000,0.000,0.000,0.000,0,0,0,0,0,0,0,0,0,0,0,0,0,0,0,0,0,0
13981,466.0,3670,27,50,1515,2155,0,0,2043,292.82,1.148,1.618,0.313,0.061,0.452,-0.964,1.738,0.4030,3.9941,0.623,0.001,0.006,0.103,0.016,57,66,63,1,273,0,113062.70,22737.871,38416.452,63.742,14257.570,12.855,40631.489,17085.217,3541.194,13063.538,10450.830,2259.913,225.092,780.874,0.000159,-0.003911,3273,0,24,39,63,24,4391,261,39,63.681,0,0,0,0,0,0,0,0,0,0,0,0,0,0,66353,1596,3012,54469.809,38348.698,14181.284,0.061,63.681,34802.908,16299.171,458.484,235,351,66,24,261,77267,0,0,0,0.000,0.000,0.000,0.000,0.000,0.000,0.000,0.000,0,0,0,0,0,0,0,0,0,0.000,0.000,0.000,0.000,0.000,0.000,0.000,0.000,0,0,0,0,0,0,0,0,0,0.000,0.000,0.000,0.000,0.000,0.000,0.000,0.000,0,0,0,0,0,0,0,0,0,0.000,0.000,0.000,0.000,0.000,0.000,0.000,0.000,0,0,0,0,0,0,0,0,0,0.000,0.000,0.000,0.000,0.000,0.000,0.000,0.000,0,0,0,0,0,0,0,0,0,0,0,0,0,0,0,0,0,0
14011,467.0,3497,32,50,1479,2018,0,0,1916,336.85,1.136,1.598,0.317,0.059,0.461,-0.964,1.734,0.4015,3.9926,0.631,0.001,0.007,0.103,0.014,50,70,33,0,282,0,106298.14,21265.352,34858.786,44.566,13018.862,11.378,38755.431,16051.274,3377.381,10756.568,8605.255,1730.433,190.771,676.660,0.000209,-0.003141,3096,0,7,26,33,7,3993,301,26,44.549,0,0,0,0,0,0,0,0,0,0,0,0,0,0,62828,1448,2795,49401.885,34793.409,12918.545,0.017,44.549,33017.857,15368.426,363.684,192,329,70,7,252,77574,0,0,0,0.000,0.000,0.000,0.000,0.000,0.000,0.000,0.000,0,0,0,0,0,0,0,0,0,0.000,0.000,0.000,0.000,0.000,0.000,0.000,0.000,0,0,0,0,0,0,0,0,0,0.000,0.000,0.000,0.000,0.000,0.000,0.000,0.000,0,0,0,0,0,0,0,0,0,0.000,0.000,0.000,0.000,0.000,0.000,0.000,0.000,0,0,0,0,0,0,0,0,0,0.000,0.000,0.000,0.000,0.000,0.000,0.000,0.000,0,0,0,0,0,0,0,0,0,0,0,0,0,0,0,0,0,0
14041,468.0,3330,35,50,1453,1877,0,0,1807,386.61,1.120,1.570,0.321,0.060,0.472,-0.965,1.733,0.4014,4.0607,0.624,0.001,0.006,0.102,0.011,57,64,33,3,266,0,99986.10,19934.322,32491.043,41.393,11797.516,12.014,36389.515,14846.833,3152.546,10056.563,8045.250,1712.677,44.652,621.259,0.000174,-0.004043,2781,0,14,19,33,14,3780,257,19,41.355,0,0,0,0,0,0,0,0,0,0,0,0,0,0,58415,1347,2524,45719.788,32420.068,11714.589,0.037,41.355,30747.451,14216.699,317.782,180,321,64,14,243,74411,0,0,0,0.000,0.000,0.000,0.000,0.000,0.000,0.000,0.000,0,0,0,0,0,0,0,0,0,0.000,0.000,0.000,0.000,0.000,0.000,0.000,0.000,0,0,0,0,0,0,0,0,0,0.000,0.000,0.000,0.000,0.000,0.000,0.000,0.000,0,0,0,0,0,0,0,0,0,0.000,0.000,0.000,0.000,0.000,0.000,0.000,0.000,0,0,0,0,0,0,0,0,0,0.000,0.000,0.000,0.000,0.000,0.000,0.000,0.000,0,0,0,0,0,0,0,0,0,0,0,0,0,0,0,0,0,0
14071,469.0,3127,28,50,1410,1717,0,0,1637,372.24,1.102,1.540,0.327,0.059,0.484,-0.965,1.732,0.4027,3.9908,0.624,0.001,0.006,0.102,0.007,44,62,63,1,253,0,91536.09,18723.903,28327.086,66.464,10970.316,13.577,33987.744,13853.458,2919.119,8902.889,7122.312,2375.493,56.443,594.625,0.000186,-0.003963,2448,0,25,38,63,25,3569,137,38,66.410,0,0,0,0,0,0,0,0,0,0,0,0,0,0,53980,1174,2311,40562.654,28272.025,10912.962,0.054,66.410,28459.014,13230.503,318.967,156,316,62,25,229,80746,0,0,0,0.000,0.000,0.000,0.000,0.000,0.000,0.000,0.000,0,0,0,0,0,0,0,0,0,0.000,0.000,0.000,0.000,0.000,0.000,0.000,0.000,0,0,0,0,0,0,0,0,0,0.000,0.000,0.000,0.000,0.000,0.000,0.000,0.000,0,0,0,0,0,0,0,0,0,0.000,0.000,0.000,0.000,0.000,0.000,0.000,0.000,0,0,0,0,0,0,0,0,0,0.000,0.000,0.000,0.000,0.000,0.000,0.000,0.000,0,0,0,0,0,0,0,0,0,0,0,0,0,0,0,0,0,0
14101,470.0,2943,25,45,1372,1571,0,0,1495,424.48,1.084,1.509,0.333,0.058,0.497,-0.965,1.733,0.4007,4.0483,0.642,0.000,0.007,0.101,0.004,57,76,51,0,216,0,84980.62,17594.656,26747.307,41.768,9703.284,14.550,31406.654,12718.579,2642.971,8260.358,6608.287,1831.872,135.494,551.569,0.000178,-0.003271,2245,0,24,27,51,24,3161,165,27,41.766,0,0,0,0,0,0,0,0,0,0,0,0,0,0,49209,1108,2080,37595.959,26698.378,9634.154,0.002,41.766,26017.629,12131.680,290.668,151,297,75,24,198,71987,0,0,0,0.000,0.000,0.000,0.000,0.000,0.000,0.000,0.000,0,0,0,0,0,0,0,0,0,0.000,0.000,0.000,0.000,0.000,0.000,0.000,0.000,0,0,0,0,0,0,0,0,0,0.000,0.000,0.000,0.000,0.000,0.000,0.000,0.000,0,0,0,0,0,0,0,0,0,0.000,0.000,0.000,0.000,0.000,0.000,0.000,0.000,0,0,0,0,0,0,0,0,0,0.000,0.000,0.000,0.000,0.000,0.000,0.000,0.000,0,0,0,0,0,0,0,0,0,0,0,0,0,0,0,0,0,0
14131,471.0,2775,31,45,1355,1420,0,0,1303,335.81,1.058,1.464,0.339,0.057,0.516,-0.965,1.735,0.4018,3.9722,0.639,0.000,0.007,0.100,-0.002,77,70,33,0,201,0,79724.38,16418.971,24777.104,47.132,8630.206,16.261,29092.223,11674.587,2344.851,6645.733,5316.586,1460.330,115.664,482.644,0.000141,-0.003959,2034,0,9,24,33,9,3048,153,24,47.125,0,0,0,0,0,0,0,0,0,0,0,0,0,0,45032,1023,1881,34377.939,24706.312,8555.583,0.007,47.125,23834.413,11132.509,251.902,113,264,68,9,187,71316,0,0,0,0.000,0.000,0.000,0.000,0.000,0.000,0.000,0.000,0,0,0,0,0,0,0,0,0,0.000,0.000,0.000,0.000,0.000,0.000,0.000,0.000,0,0,0,0,0,0,0,0,0,0.000,0.000,0.000,0.000,0.000,0.000,0.000,0.000,0,0,0,0,0,0,0,0,0,0.000,0.000,0.000,0.000,0.000,0.000,0.000,0.000,0,0,0,0,0,0,0,0,0,0.000,0.000,0.000,0.000,0.000,0.000,0.000,0.000,0,0,0,0,0,0,0,0,0,0,0,0,0,0,0,0,0,0
14161,472.0,2634,35,45,1331,1303,0,0,1184,381.08,1.036,1.429,0.344,0.057,0.530,-0.966,1.734,0.4016,3.9965,0.639,0.000,0.005,0.100,-0.007,65,78,30,3,174,0,75908.12,15452.359,22859.341,34.423,8232.130,18.385,26744.239,10450.653,2091.131,7239.265,5791.412,928.625,47.288,452.592,0.000185,-0.003847,1818,0,8,22,30,8,2932,147,22,34.382,0,0,0,0,0,0,0,0,0,0,0,0,0,0,40672,945,1671,32069.827,22801.610,8167.195,0.041,34.382,21535.859,9940.608,227.334,127,244,76,8,160,63309,0,0,0,0.000,0.000,0.000,0.000,0.000,0.000,0.000,0.000,0,0,0,0,0,0,0,0,0,0.000,0.000,0.000,0.000,0.000,0.000,0.000,0.000,0,0,0,0,0,0,0,0,0,0.000,0.000,0.000,0.000,0.000,0.000,0.000,0.000,0,0,0,0,0,0,0,0,0,0.000,0.000,0.000,0.000,0.000,0.000,0.000,0.000,0,0,0,0,0,0,0,0,0,0.000,0.000,0.000,0.000,0.000,0.000,0.000,0.000,0,0,0,0,0,0,0,0,0,0,0,0,0,0,0,0,0,0
14191,473.0,2550,20,45,1323,1227,0,0,1091,426.78,1.019,1.403,0.346,0.056,0.541,-0.966,1.735,0.4029,3.9689,0.648,0.000,0.008,0.099,-0.010,77,64,12,2,133,0,71837.31,14600.210,20845.189,13.485,7296.673,18.944,25321.623,9889.294,1905.172,6212.821,4970.257,773.631,25.890,371.517,0.000162,-0.003637,1688,0,4,8,12,4,2839,134,8,13.485,0,0,0,0,0,0,0,0,0,0,0,0,0,0,38082,861,1554,28975.187,20808.860,7231.124,0.001,13.485,20160.667,9399.879,209.734,106,182,64,4,114,49936,0,0,0,0.000,0.000,0.000,0.000,0.000,0.000,0.000,0.000,0,0,0,0,0,0,0,0,0,0.000,0.000,0.000,0.000,0.000,0.000,0.000,0.000,0,0,0,0,0,0,0,0,0,0.000,0.000,0.000,0.000,0.000,0.000,0.000,0.000,0,0,0,0,0,0,0,0,0,0.000,0.000,0.000,0.000,0.000,0.000,0.000,0.000,0,0,0,0,0,0,0,0,0,0.000,0.000,0.000,0.000,0.000,0.000,0.000,0.000,0,0,0,0,0,0,0,0,0,0,0,0,0,0,0,0,0,0
14221,474.0,2426,27,45,1304,1122,0,0,1002,386.32,0.995,1.366,0.353,0.056,0.557,-0.966,1.736,0.4042,4.0520,0.666,0.000,0.007,0.099,-0.015,63,76,22,2,134,0,67860.11,13984.840,18993.983,29.545,7210.844,17.661,23790.461,9057.032,1746.005,5542.183,4433.747,852.174,39.398,392.065,0.000114,-0.003465,1607,0,6,16,22,6,2652,122,16,29.544,0,0,0,0,0,0,0,0,0,0,0,0,0,0,35243,787,1485,26970.540,18945.894,7142.671,0.001,29.544,18649.433,8593.060,185.468,99,204,75,6,123,55851,0,0,0,0.000,0.000,0.000,0.000,0.000,0.000,0.000,0.000,0,0,0,0,0,0,0,0,0,0.000,0.000,0.000,0.000,0.000,0.000,0.000,0.000,0,0,0,0,0,0,0,0,0,0.000,0.000,0.000,0.000,0.000,0.000,0.000,0.000,0,0,0,0,0,0,0,0,0,0.000,0.000,0.000,0.000,0.000,0.000,0.000,0.000,0,0,0,0,0,0,0,0,0,0.000,0.000,0.000,0.000,0.000,0.000,0.000,0.000,0,0,0,0,0,0,0,0,0,0,0,0,0,0,0,0,0,0
14251,475.0,2331,28,38,1292,1039,0,0,923,402.08,0.974,1.330,0.358,0.056,0.571,-0.966,1.738,0.4032,4.0572,0.656,0.001,0.008,0.098,-0.020,80,71,15,1,118,0,64092.45,13267.772,17410.575,13.410,6272.900,22.395,22313.204,8425.959,1611.577,5357.543,4286.034,669.395,52.591,315.180,0.000149,-0.002610,1395,0,5,10,15,5,2658,91,10,13.409,0,0,0,0,0,0,0,0,0,0,0,0,0,0,32527,720,1304,24397.171,17351.612,6232.769,0.001,13.409,17210.272,7985.342,167.171,92,175,70,5,100,50020,0,0,0,0.000,0.000,0.000,0.000,0.000,0.000,0.000,0.000,0,0,0,0,0,0,0,0,0,0.000,0.000,0.000,0.000,0.000,0.000,0.000,0.000,0,0,0,0,0,0,0,0,0,0.000,0.000,0.000,0.000,0.000,0.000,0.000,0.000,0,0,0,0,0,0,0,0,0,0.000,0.000,0.000,0.000,0.000,0.000,0.000,0.000,0,0,0,0,0,0,0,0,0,0.000,0.000,0.000,0.000,0.000,0.000,0.000,0.000,0,0,0,0,0,0,0,0,0,0,0,0,0,0,0,0,0,0
14281,476.0,2232,36,38,1288,944,0,0,862,394.35,0.946,1.283,0.365,0.053,0.590,-0.966,1.738,0.4040,4.0218,0.658,0.001,0.007,0.097,-0.025,86,84,4,2,94,0,61440.39,12694.423,16577.281,8.462,5711.664,23.830,20797.809,7764.309,1481.586,4127.225,3301.780,711.358,41.081,310.643,0.000132,-0.001898,1288,0,0,4,4,0,2380,113,4,8.462,0,0,0,0,0,0,0,0,0,0,0,0,0,0,29708,687,1175,22975.806,16534.571,5648.170,0.000,8.462,15701.877,7345.496,145.738,69,164,81,0,83,44132,0,0,0,0.000,0.000,0.000,0.000,0.000,0.000,0.000,0.000,0,0,0,0,0,0,0,0,0,0.000,0.000,0.000,0.000,0.000,0.000,0.000,0.000,0,0,0,0,0,0,0,0,0,0.000,0.000,0.000,0.000,0.000,0.000,0.000,0.000,0,0,0,0,0,0,0,0,0,0.000,0.000,0.000,0.000,0.000,0.000,0.000,0.000,0,0,0,0,0,0,0,0,0,0.000,0.000,0.000,0.000,0.000,0.000,0.000,0.000,0,0,0,0,0,0,0,0,0,0,0,0,0,0,0,0,0,0
14311,477.0,2171,33,38,1281,890,0,0,831,444.80,0.931,1.256,0.368,0.053,0.601,-0.966,1.740,0.4031,3.9672,0.653,0.000,0.006,0.096,-0.028,66,54,10,2,80,0,59373.18,12181.269,15216.106,7.675,5486.408,19.439,19598.662,7079.879,1379.192,4133.882,3307.106,282.550,1.422,303.784,0.000188,-0.002909,1183,0,4,6,10,4,2546,114,6,7.664,0,0,0,0,0,0,0,0,0,0,0,0,0,0,27429,631,1069,21319.488,15186.540,5429.994,0.012,7.664,14512.829,6661.737,147.498,70,124,51,4,69,34995,0,0,0,0.000,0.000,0.000,0.000,0.000,0.000,0.000,0.000,0,0,0,0,0,0,0,0,0,0.000,0.000,0.000,0.000,0.000,0.000,0.000,0.000,0,0,0,0,0,0,0,0,0,0.000,0.000,0.000,0.000,0.000,0.000,0.000,0.000,0,0,0,0,0,0,0,0,0,0.000,0.000,0.000,0.000,0.000,0.000,0.000,0.000,0,0,0,0,0,0,0,0,0,0.000,0.000,0.000,0.000,0.000,0.000,0.000,0.000,0,0,0,0,0,0,0,0,0,0,0,0,0,0,0,0,0,0
14341,478.0,2079,41,38,1261,818,0,0,744,536.72,0.910,1.224,0.372,0.051,0.615,-0.966,1.743,0.4030,3.9843,0.672,0.000,0.004,0.096,-0.033,86,50,27,3,92,0,56642.58,11835.172,13967.909,14.437,4887.206,22.735,18563.542,6591.502,1272.635,3949.515,3159.612,978.103,8.032,344.399,0.000123,-0.003374,1120,0,16,11,27,16,2460,114,11,14.419,0,0,0,0,0,0,0,0,0,0,0,0,0,0,25500,577,1006,19389.497,13940.524,4825.223,0.018,14.419,13516.213,6155.079,169.239,69,141,49,16,76,44029,0,0,0,0.000,0.000,0.000,0.000,0.000,0.000,0.000,0.000,0,0,0,0,0,0,0,0,0,0.000,0.000,0.000,0.000,0.000,0.000,0.000,0.000,0,0,0,0,0,0,0,0,0,0.000,0.000,0.000,0.000,0.000,0.000,0.000,0.000,0,0,0,0,0,0,0,0,0,0.000,0.000,0.000,0.000,0.000,0.000,0.000,0.000,0,0,0,0,0,0,0,0,0,0.000,0.000,0.000,0.000,0.000,0.000,0.000,0.000,0,0,0,0,0,0,0,0,0,0,0,0,0,0,0,0,0,0
14371,479.0,2026,22,38,1252,774,0,0,681,505.20,0.896,1.201,0.378,0.048,0.624,-0.967,1.742,0.4023,3.8708,0.675,0.001,0.008,0.096,-0.037,87,61,10,2,70,0,55414.77,11610.153,13783.860,10.472,4742.677,24.649,17721.175,6114.657,1148.526,4343.396,3474.717,448.720,41.100,289.434,0.000127,-0.002733,1071,0,1,9,10,1,2162,144,9,10.471,0,0,0,0,0,0,0,0,0,0,0,0,0,0,24018,568,927,19016.593,13748.677,4676.154,0.001,10.471,12728.703,5741.542,109.510,73,117,57,1,59,28860,0,0,0,0.000,0.000,0.000,0.000,0.000,0.000,0.000,0.000,0,0,0,0,0,0,0,0,0,0.000,0.000,0.000,0.000,0.000,0.000,0.000,0.000,0,0,0,0,0,0,0,0,0,0.000,0.000,0.000,0.000,0.000,0.000,0.000,0.000,0,0,0,0,0,0,0,0,0,0.000,0.000,0.000,0.000,0.000,0.000,0.000,0.000,0,0,0,0,0,0,0,0,0,0.000,0.000,0.000,0.000,0.000,0.000,0.000,0.000,0,0,0,0,0,0,0,0,0,0,0,0,0,0,0,0,0,0
14401,480.0,1991,30,36,1249,742,0,0,628,473.86,0.882,1.183,0.380,0.048,0.632,-0.968,1.740,0.4062,4.0456,0.641,0.001,0.009,0.095,-0.039,100,48,11,1,54,0,54167.06,11399.880,12837.067,20.612,4393.903,27.639,17067.492,5710.143,1055.406,3751.751,3001.401,609.983,42.249,269.645,0.000133,-0.002328,982,0,2,9,11,2,2130,120,9,20.580,0,0,0,0,0,0,0,0,0,0,0,0,0,0,22760,531,862,17692.469,12792.626,4324.027,0.033,20.580,12079.576,5326.416,118.658,61,93,47,2,44,27907,0,0,0,0.000,0.000,0.000,0.000,0.000,0.000,0.000,0.000,0,0,0,0,0,0,0,0,0,0.000,0.000,0.000,0.000,0.000,0.000,0.000,0.000,0,0,0,0,0,0,0,0,0,0.000,0.000,0.000,0.000,0.000,0.000,0.000,0.000,0,0,0,0,0,0,0,0,0,0.000,0.000,0.000,0.000,0.000,0.000,0.000,0.000,0,0,0,0,0,0,0,0,0,0.000,0.000,0.000,0.000,0.000,0.000,0.000,0.000,0,0,0,0,0,0,0,0,0,0,0,0,0,0,0,0,0,0
14431,481.0,1967,38,36,1245,722,0,0,555,518.84,0.876,1.172,0.379,0.048,0.637,-0.968,1.741,0.4061,4.0670,0.670,0.002,0.008,0.095,-0.041,82,44,11,1,61,0,54066.79,11288.982,13328.805,17.467,4810.496,31.338,16576.193,5449.610,944.343,4347.317,3477.853,493.287,57.955,344.682,0.000112,-0.001886,1065,0,2,9,11,2,2371,195,9,17.450,0,0,0,0,0,0,0,0,0,0,0,0,0,0,21874,551,870,18616.817,13294.084,4717.875,0.017,17.450,11596.425,5061.950,122.813,69,89,44,2,43,25529,0,0,0,0.000,0.000,0.000,0.000,0.000,0.000,0.000,0.000,0,0,0,0,0,0,0,0,0,0.000,0.000,0.000,0.000,0.000,0.000,0.000,0.000,0,0,0,0,0,0,0,0,0,0.000,0.000,0.000,0.000,0.000,0.000,0.000,0.000,0,0,0,0,0,0,0,0,0,0.000,0.000,0.000,0.000,0.000,0.000,0.000,0.000,0,0,0,0,0,0,0,0,0,0.000,0.000,0.000,0.000,0.000,0.000,0.000,0.000,0,0,0,0,0,0,0,0,0,0,0,0,0,0,0,0,0,0
14461,482.0,1972,27,36,1259,713,0,0,501,569.34,0.869,1.162,0.383,0.047,0.641,-0.968,1.744,0.4062,3.9465,0.652,0.001,0.008,0.095,-0.043,81,55,5,4,47,0,54632.60,11499.223,13659.026,9.706,4418.368,26.516,16512.182,5534.393,839.048,5388.823,4311.058,303.289,88.035,247.432,0.000146,-0.002947,886,0,0,5,5,0,2414,113,5,9.706,0,0,0,0,0,0,0,0,0,0,0,0,0,0,21673,562,773,18553.657,13618.722,4360.965,0.000,9.706,11513.204,5152.119,117.080,84,93,54,0,39,29626,0,0,0,0.000,0.000,0.000,0.000,0.000,0.000,0.000,0.000,0,0,0,0,0,0,0,0,0,0.000,0.000,0.000,0.000,0.000,0.000,0.000,0.000,0,0,0,0,0,0,0,0,0,0.000,0.000,0.000,0.000,0.000,0.000,0.000,0.000,0,0,0,0,0,0,0,0,0,0.000,0.000,0.000,0.000,0.000,0.000,0.000,0.000,0,0,0,0,0,0,0,0,0,0.000,0.000,0.000,0.000,0.000,0.000,0.000,0.000,0,0,0,0,0,0,0,0,0,0,0,0,0,0,0,0,0,0
14491,483.0,1991,44,36,1269,722,0,0,478,511.61,0.871,1.165,0.384,0.046,0.640,-0.967,1.743,0.4073,4.0733,0.656,0.000,0.010,0.096,-0.044,104,45,3,0,33,0,55719.39,11701.934,13728.451,4.480,4545.837,24.348,16530.265,5609.373,763.430,4791.130,3832.904,235.972,13.155,237.646,0.000090,-0.003502,866,0,1,2,3,1,2291,87,2,4.475,0,0,0,0,0,0,0,0,0,0,0,0,0,0,21500,566,779,18797.955,13683.486,4498.488,0.005,4.475,11475.351,5235.730,107.212,79,70,45,1,24,21146,0,0,0,0.000,0.000,0.000,0.000,0.000,0.000,0.000,0.000,0,0,0,0,0,0,0,0,0,0.000,0.000,0.000,0.000,0.000,0.000,0.000,0.000,0,0,0,0,0,0,0,0,0,0.000,0.000,0.000,0.000,0.000,0.000,0.000,0.000,0,0,0,0,0,0,0,0,0,0.000,0.000,0.000,0.000,0.000,0.000,0.000,0.000,0,0,0,0,0,0,0,0,0,0.000,0.000,0.000,0.000,0.000,0.000,0.000,0.000,0,0,0,0,0,0,0,0,0,0,0,0,0,0,0,0,0,0
14521,484.0,2003,41,36,1266,737,0,0,423,485.56,0.879,1.177,0.380,0.046,0.636,-0.967,1.743,0.4072,3.9711,0.655,0.002,0.012,0.096,-0.042,100,46,7,2,43,0,57593.34,12115.053,14694.327,12.372,4958.792,31.322,16746.704,5808.383,695.079,5411.416,4329.133,193.221,122.531,299.597,0.000153,-0.004375,979,0,1,6,7,1,2284,134,6,12.372,0,0,0,0,0,0,0,0,0,0,0,0,0,0,21797,606,845,20194.282,14648.458,4881.059,0.000,12.372,11653.012,5436.017,103.992,93,78,43,1,34,25191,0,0,0,0.000,0.000,0.000,0.000,0.000,0.000,0.000,0.000,0,0,0,0,0,0,0,0,0,0.000,0.000,0.000,0.000,0.000,0.000,0.000,0.000,0,0,0,0,0,0,0,0,0,0.000,0.000,0.000,0.000,0.000,0.000,0.000,0.000,0,0,0,0,0,0,0,0,0,0.000,0.000,0.000,0.000,0.000,0.000,0.000,0.000,0,0,0,0,0,0,0,0,0,0.000,0.000,0.000,0.000,0.000,0.000,0.000,0.000,0,0,0,0,0,0,0,0,0,0,0,0,0,0,0,0,0,0
14551,485.0,2070,37,36,1292,778,0,0,409,518.84,0.886,1.196,0.377,0.045,0.629,-0.968,1.744,0.4066,4.0075,0.645,0.002,0.009,0.096,-0.040,87,46,1,1,25,0,61069.77,12646.703,16595.163,3.761,5207.070,29.129,17251.831,6035.203,638.248,6495.897,5196.718,185.553,85.062,274.129,0.000199,-0.002136,972,0,0,1,1,0,2281,90,1,3.761,0,0,0,0,0,0,0,0,0,0,0,0,0,0,22660,684,882,22418.961,16559.864,5151.857,0.000,3.761,12116.646,5663.839,101.271,104,63,43,0,20,20177,0,0,0,0.000,0.000,0.000,0.000,0.000,0.000,0.000,0.000,0,0,0,0,0,0,0,0,0,0.000,0.000,0.000,0.000,0.000,0.000,0.000,0.000,0,0,0,0,0,0,0,0,0,0.000,0.000,0.000,0.000,0.000,0.000,0.000,0.000,0,0,0,0,0,0,0,0,0,0.000,0.000,0.000,0.000,0.000,0.000,0.000,0.000,0,0,0,0,0,0,0,0,0,0.000,0.000,0.000,0.000,0.000,0.000,0.000,0.000,0,0,0,0,0,0,0,0,0,0,0,0,0,0,0,0,0,0
14581,486.0,2135,34,36,1320,815,0,0,406,435.42,0.892,1.208,0.374,0.047,0.624,-0.968,1.742,0.4101,4.1170,0.643,0.002,0.010,0.097,-0.038,88,61,2,0,32,0,63606.33,13244.568,16249.215,5.636,5822.740,28.779,17926.054,6312.348,615.598,7535.767,6028.614,198.143,90.833,312.730,0.000168,-0.001331,1073,0,0,2,2,0,2232,104,2,5.636,0,0,0,0,0,0,0,0,0,0,0,0,0,0,23767,670,969,22694.926,16205.392,5756.264,0.000,5.636,12678.285,5922.708,112.853,123,86,59,0,27,21246,0,0,0,0.000,0.000,0.000,0.000,0.000,0.000,0.000,0.000,0,0,0,0,0,0,0,0,0,0.000,0.000,0.000,0.000,0.000,0.000,0.000,0.000,0,0,0,0,0,0,0,0,0,0.000,0.000,0.000,0.000,0.000,0.000,0.000,0.000,0,0,0,0,0,0,0,0,0,0.000,0.000,0.000,0.000,0.000,0.000,0.000,0.000,0,0,0,0,0,0,0,0,0,0.000,0.000,0.000,0.000,0.000,0.000,0.000,0.000,0,0,0,0,0,0,0,0,0,0,0,0,0,0,0,0,0,0
14611,487.0,2216,50,36,1348,868,0,0,414,363.25,0.905,1.228,0.370,0.048,0.616,-0.967,1.743,0.4112,4.1186,0.633,0.001,0.002,0.097,-0.036,98,65,3,1,21,0,67900.88,13987.685,18576.888,6.245,6044.251,25.895,18752.313,6794.878,631.730,8205.016,6564.013,86.791,11.467,358.080,0.000110,-0.001286,1103,0,0,3,3,0,2296,136,3,6.245,0,0,0,0,0,0,0,0,0,0,0,0,0,0,25106,766,967,25278.904,18516.231,5965.351,0.000,6.245,13384.828,6380.300,130.553,135,82,62,0,20,19722,0,0,0,0.000,0.000,0.000,0.000,0.000,0.000,0.000,0.000,0,0,0,0,0,0,0,0,0,0.000,0.000,0.000,0.000,0.000,0.000,0.000,0.000,0,0,0,0,0,0,0,0,0,0.000,0.000,0.000,0.000,0.000,0.000,0.000,0.000,0,0,0,0,0,0,0,0,0,0.000,0.000,0.000,0.000,0.000,0.000,0.000,0.000,0,0,0,0,0,0,0,0,0,0.000,0.000,0.000,0.000,0.000,0.000,0.000,0.000,0,0,0,0,0,0,0,0,0,0,0,0,0,0,0,0,0,0
14641,488.0,2333,40,36,1388,945,0,0,425,345.42,0.922,1.255,0.363,0.049,0.606,-0.968,1.739,0.4095,4.0340,0.636,0.003,0.006,0.098,-0.033,93,55,7,0,28,0,73195.27,15040.773,20710.579,15.917,6654.328,27.512,20037.580,7218.300,645.561,9707.906,7766.325,172.295,55.131,402.444,0.000269,-0.002180,1215,0,0,7,7,0,2490,125,7,15.917,0,0,0,0,0,0,0,0,0,0,0,0,0,0,27249,855,1090,28080.966,20630.559,6560.418,0.000,15.917,14548.909,6778.244,148.846,155,78,55,0,23,16327,0,0,0,0.000,0.000,0.000,0.000,0.000,0.000,0.000,0.000,0,0,0,0,0,0,0,0,0,0.000,0.000,0.000,0.000,0.000,0.000,0.000,0.000,0,0,0,0,0,0,0,0,0,0.000,0.000,0.000,0.000,0.000,0.000,0.000,0.000,0,0,0,0,0,0,0,0,0,0.000,0.000,0.000,0.000,0.000,0.000,0.000,0.000,0,0,0,0,0,0,0,0,0,0.000,0.000,0.000,0.000,0.000,0.000,0.000,0.000,0,0,0,0,0,0,0,0,0,0,0,0,0,0,0,0,0,0
14671,489.0,2436,43,36,1419,1017,0,0,429,338.05,0.937,1.281,0.360,0.049,0.595,-0.968,1.741,0.4105,4.1282,0.632,0.005,0.008,0.099,-0.031,99,52,11,0,31,0,78728.53,15932.208,22270.511,25.371,7682.431,28.300,21342.329,7768.330,647.309,9350.506,7480.405,397.433,268.233,401.089,0.000206,-0.001447,1350,0,1,10,11,1,2617,116,10,25.364,0,0,0,0,0,0,0,0,0,0,0,0,0,0,29431,920,1234,30770.286,22174.116,7601.482,0.007,25.364,15717.682,7315.534,155.660,153,81,52,1,28,20944,0,0,0,0.000,0.000,0.000,0.000,0.000,0.000,0.000,0.000,0,0,0,0,0,0,0,0,0,0.000,0.000,0.000,0.000,0.000,0.000,0.000,0.000,0,0,0,0,0,0,0,0,0,0.000,0.000,0.000,0.000,0.000,0.000,0.000,0.000,0,0,0,0,0,0,0,0,0,0.000,0.000,0.000,0.000,0.000,0.000,0.000,0.000,0,0,0,0,0,0,0,0,0,0.000,0.000,0.000,0.000,0.000,0.000,0.000,0.000,0,0,0,0,0,0,0,0,0,0,0,0,0,0,0,0,0,0
14701,490.0,2619,46,38,1461,1158,0,0,453,322.46,0.968,1.333,0.353,0.048,0.575,-0.967,1.742,0.4098,4.2050,0.627,0.001,0.010,0.100,-0.025,93,54,3,1,33,0,85188.15,16932.586,25762.646,6.297,9043.402,26.454,23210.750,8676.322,669.845,13203.896,10563.117,422.487,163.376,458.356,0.000147,-0.000171,1583,0,0,3,3,0,2695,137,3,6.297,0,0,0,0,0,0,0,0,0,0,0,0,0,0,32635,1065,1446,35801.881,25700.943,8947.954,0.000,6.297,17423.032,8204.740,167.622,220,79,54,0,25,15384,0,0,0,0.000,0.000,0.000,0.000,0.000,0.000,0.000,0.000,0,0,0,0,0,0,0,0,0,0.000,0.000,0.000,0.000,0.000,0.000,0.000,0.000,0,0,0,0,0,0,0,0,0,0.000,0.000,0.000,0.000,0.000,0.000,0.000,0.000,0,0,0,0,0,0,0,0,0,0.000,0.000,0.000,0.000,0.000,0.000,0.000,0.000,0,0,0,0,0,0,0,0,0,0.000,0.000,0.000,0.000,0.000,0.000,0.000,0.000,0,0,0,0,0,0,0,0,0,0,0,0,0,0,0,0,0,0
14731,491.0,2790,45,38,1501,1289,0,0,488,269.14,0.993,1.376,0.346,0.049,0.559,-0.967,1.742,0.4127,4.1110,0.627,0.004,0.008,0.100,-0.020,75,62,8,0,25,0,90914.00,18139.794,27119.116,16.862,10219.997,22.800,25384.193,9911.494,713.195,12884.333,10307.467,309.852,95.108,559.210,0.000154,0.000603,1810,0,2,6,8,2,2943,152,6,16.860,0,0,0,0,0,0,0,0,0,0,0,0,0,0,36419,1120,1658,38391.696,27021.468,10108.072,0.002,16.860,19445.601,9405.523,192.268,216,85,62,2,21,11550,0,0,0,0.000,0.000,0.000,0.000,0.000,0.000,0.000,0.000,0,0,0,0,0,0,0,0,0,0.000,0.000,0.000,0.000,0.000,0.000,0.000,0.000,0,0,0,0,0,0,0,0,0,0.000,0.000,0.000,0.000,0.000,0.000,0.000,0.000,0,0,0,0,0,0,0,0,0,0.000,0.000,0.000,0.000,0.000,0.000,0.000,0.000,0,0,0,0,0,0,0,0,0,0.000,0.000,0.000,0.000,0.000,0.000,0.000,0.000,0,0,0,0,0,0,0,0,0,0,0,0,0,0,0,0,0,0
14761,492.0,2955,38,38,1540,1415,0,0,535,307.23,1.014,1.410,0.341,0.048,0.545,-0.967,1.744,0.4096,4.1677,0.624,0.003,0.006,0.101,-0.015,102,75,9,0,46,0,96595.88,19874.000,29661.656,16.462,11228.286,21.932,27786.653,11204.178,779.413,14301.676,11441.341,501.444,169.238,568.986,0.000204,0.001454,2030,0,1,8,9,1,3211,167,8,16.461,0,0,0,0,0,0,0,0,0,0,0,0,0,0,40603,1227,1863,42100.740,29579.195,11123.131,0.001,16.461,21667.177,10644.841,234.717,241,115,75,1,39,24063,0,0,0,0.000,0.000,0.000,0.000,0.000,0.000,0.000,0.000,0,0,0,0,0,0,0,0,0,0.000,0.000,0.000,0.000,0.000,0.000,0.000,0.000,0,0,0,0,0,0,0,0,0,0.000,0.000,0.000,0.000,0.000,0.000,0.000,0.000,0,0,0,0,0,0,0,0,0,0.000,0.000,0.000,0.000,0.000,0.000,0.000,0.000,0,0,0,0,0,0,0,0,0,0.000,0.000,0.000,0.000,0.000,0.000,0.000,0.000,0,0,0,0,0,0,0,0,0,0,0,0,0,0,0,0,0,0
14791,493.0,3093,43,38,1561,1532,0,0,599,337.64,1.036,1.445,0.338,0.048,0.531,-0.966,1.749,0.4111,4.1185,0.616,0.002,0.006,0.102,-0.011,92,84,34,0,52,0,101938.94,21171.161,31511.633,61.917,11534.849,22.104,29885.074,12077.291,868.773,15041.543,12033.235,916.356,55.772,590.069,0.000161,0.001448,2063,0,4,30,34,4,3460,136,30,61.915,0,0,0,0,0,0,0,0,0,0,0,0,0,0,44277,1307,1927,44387.761,31431.155,11442.338,0.002,61.915,23649.742,11462.503,286.285,252,135,84,4,47,26589,0,0,0,0.000,0.000,0.000,0.000,0.000,0.000,0.000,0.000,0,0,0,0,0,0,0,0,0,0.000,0.000,0.000,0.000,0.000,0.000,0.000,0.000,0,0,0,0,0,0,0,0,0,0.000,0.000,0.000,0.000,0.000,0.000,0.000,0.000,0,0,0,0,0,0,0,0,0,0.000,0.000,0.000,0.000,0.000,0.000,0.000,0.000,0,0,0,0,0,0,0,0,0,0.000,0.000,0.000,0.000,0.000,0.000,0.000,0.000,0,0,0,0,0,0,0,0,0,0,0,0,0,0,0,0,0,0
14821,494.0,3252,39,38,1592,1660,0,0,662,318.85,1.054,1.479,0.334,0.048,0.519,-0.965,1.749,0.4134,4.1115,0.612,0.001,0.006,0.103,-0.007,64,90,33,1,63,0,109247.07,22313.738,36567.668,44.238,13005.143,17.225,31843.326,13245.291,961.437,16807.409,13445.927,1318.361,161.615,726.005,0.000247,0.001184,2324,0,13,20,33,13,3442,186,20,44.227,0,0,0,0,0,0,0,0,0,0,0,0,0,0,47715,1515,2138,51173.478,36511.281,12888.824,0.011,44.227,25518.115,12531.648,381.062,283,155,90,13,52,27483,0,0,0,0.000,0.000,0.000,0.000,0.000,0.000,0.000,0.000,0,0,0,0,0,0,0,0,0,0.000,0.000,0.000,0.000,0.000,0.000,0.000,0.000,0,0,0,0,0,0,0,0,0,0.000,0.000,0.000,0.000,0.000,0.000,0.000,0.000,0,0,0,0,0,0,0,0,0,0.000,0.000,0.000,0.000,0.000,0.000,0.000,0.000,0,0,0,0,0,0,0,0,0,0.000,0.000,0.000,0.000,0.000,0.000,0.000,0.000,0,0,0,0,0,0,0,0,0,0,0,0,0,0,0,0,0,0
14851,495.0,3464,44,37,1640,1824,0,0,722,288.98,1.075,1.514,0.329,0.047,0.505,-0.965,1.749,0.4153,4.1596,0.612,0.002,0.005,0.104,-0.003,75,82,21,1,67,0,118224.49,23630.642,40608.634,25.954,14134.824,19.657,34321.876,14177.822,1057.643,18736.149,14988.920,1073.916,198.362,710.954,0.000234,0.002160,2561,0,9,12,21,9,3819,146,12,25.949,0,0,0,0,0,0,0,0,0,0,0,0,0,0,52054,1683,2415,56547.044,40540.507,14048.738,0.005,25.949,27856.302,13464.199,372.212,315,151,82,9,60,28676,0,0,0,0.000,0.000,0.000,0.000,0.000,0.000,0.000,0.000,0,0,0,0,0,0,0,0,0,0.000,0.000,0.000,0.000,0.000,0.000,0.000,0.000,0,0,0,0,0,0,0,0,0,0.000,0.000,0.000,0.000,0.000,0.000,0.000,0.000,0,0,0,0,0,0,0,0,0,0.000,0.000,0.000,0.000,0.000,0.000,0.000,0.000,0,0,0,0,0,0,0,0,0,0.000,0.000,0.000,0.000,0.000,0.000,0.000,0.000,0,0,0,0,0,0,0,0,0,0,0,0,0,0,0,0,0,0
14881,496.0,3664,39,37,1665,1999,0,0,826,370.61,1.100,1.555,0.324,0.047,0.489,-0.965,1.750,0.4177,4.1236,0.603,0.002,0.004,0.106,0.001,71,81,39,1,72,0,123925.02,25057.529,40889.397,84.318,15707.172,17.132,37305.628,15561.588,1211.235,19346.463,15477.171,1471.879,176.453,734.640,0.000260,0.001636,2864,0,7,32,39,7,4025,119,32,84.317,0,0,0,0,0,0,0,0,0,0,0,0,0,0,57291,1695,2745,58411.836,40801.250,15626.209,0.001,84.317,30693.732,14810.930,398.400,328,153,81,7,65,28699,0,0,0,0.000,0.000,0.000,0.000,0.000,0.000,0.000,0.000,0,0,0,0,0,0,0,0,0,0.000,0.000,0.000,0.000,0.000,0.000,0.000,0.000,0,0,0,0,0,0,0,0,0,0.000,0.000,0.000,0.000,0.000,0.000,0.000,0.000,0,0,0,0,0,0,0,0,0,0.000,0.000,0.000,0.000,0.000,0.000,0.000,0.000,0,0,0,0,0,0,0,0,0,0.000,0.000,0.000,0.000,0.000,0.000,0.000,0.000,0,0,0,0,0,0,0,0,0,0,0,0,0,0,0,0,0,0
14911,497.0,3832,36,37,1692,2140,0,0,971,298.48,1.118,1.581,0.320,0.048,0.478,-0.965,1.753,0.4146,4.2041,0.581,0.000,0.005,0.107,0.005,67,130,37,0,87,0,129986.52,25626.426,44775.118,57.458,16198.421,20.151,39875.158,16696.761,1408.916,20948.820,16759.057,1138.828,230.552,857.519,0.000297,0.002266,3137,0,5,32,37,5,4198,247,32,57.458,0,0,0,0,0,0,0,0,0,0,0,0,0,0,61850,1856,2890,62815.168,44673.633,16051.829,0.000,57.458,33167.235,15930.077,410.709,355,214,130,5,79,40412,0,0,0,0.000,0.000,0.000,0.000,0.000,0.000,0.000,0.000,0,0,0,0,0,0,0,0,0,0.000,0.000,0.000,0.000,0.000,0.000,0.000,0.000,0,0,0,0,0,0,0,0,0,0.000,0.000,0.000,0.000,0.000,0.000,0.000,0.000,0,0,0,0,0,0,0,0,0,0.000,0.000,0.000,0.000,0.000,0.000,0.000,0.000,0,0,0,0,0,0,0,0,0,0.000,0.000,0.000,0.000,0.000,0.000,0.000,0.000,0,0,0,0,0,0,0,0,0,0,0,0,0,0,0,0,0,0
14941,498.0,3994,25,37,1724,2270,0,0,1153,262.84,1.131,1.603,0.317,0.048,0.470,-0.966,1.755,0.4140,4.1304,0.603,0.002,0.005,0.107,0.007,70,117,44,0,116,0,136094.89,27626.809,46939.497,46.346,18161.762,15.557,42324.956,17548.316,1687.784,21854.793,17483.835,1490.428,89.019,992.819,0.000293,0.001574,3523,0,17,27,44,17,4310,268,27,46.325,0,0,0,0,0,0,0,0,0,0,0,0,0,0,66183,1952,3255,67159.141,46886.821,18001.067,0.022,46.325,35521.149,16733.586,455.923,373,243,116,17,110,41952,0,0,0,0.000,0.000,0.000,0.000,0.000,0.000,0.000,0.000,0,0,0,0,0,0,0,0,0,0.000,0.000,0.000,0.000,0.000,0.000,0.000,0.000,0,0,0,0,0,0,0,0,0,0.000,0.000,0.000,0.000,0.000,0.000,0.000,0.000,0,0,0,0,0,0,0,0,0,0.000,0.000,0.000,0.000,0.000,0.000,0.000,0.000,0,0,0,0,0,0,0,0,0,0.000,0.000,0.000,0.000,0.000,0.000,0.000,0.000,0,0,0,0,0,0,0,0,0,0,0,0,0,0,0,0,0,0
14971,499.0,4171,28,37,1768,2403,0,0,1363,330.35,1.143,1.618,0.317,0.049,0.464,-0.966,1.754,0.4152,4.1726,0.574,0.001,0.003,0.108,0.010,72,125,47,2,133,0,140985.64,29159.662,49204.805,48.088,18829.095,14.211,44766.228,18857.107,2044.254,24032.390,19225.912,1833.409,254.734,959.597,0.000236,0.001219,3608,0,23,24,47,23,4698,152,24,48.069,0,0,0,0,0,0,0,0,0,0,0,0,0,0,70239,2042,3456,70188.508,49125.331,18727.914,0.019,48.069,37801.022,17974.221,514.943,405,272,125,23,124,51031,0,0,0,0.000,0.000,0.000,0.000,0.000,0.000,0.000,0.000,0,0,0,0,0,0,0,0,0,0.000,0.000,0.000,0.000,0.000,0.000,0.000,0.000,0,0,0,0,0,0,0,0,0,0.000,0.000,0.000,0.000,0.000,0.000,0.000,0.000,0,0,0,0,0,0,0,0,0,0.000,0.000,0.000,0.000,0.000,0.000,0.000,0.000,0,0,0,0,0,0,0,0,0,0.000,0.000,0.000,0.000,0.000,0.000,0.000,0.000,0,0,0,0,0,0,0,0,0,0,0,0,0,0,0,0,0,0
15001,500.0,4314,23,43,1808,2506,0,0,1568,253.27,1.150,1.629,0.315,0.050,0.460,-0.966,1.758,0.4162,4.1451,0.588,0.002,0.004,0.108,0.012,60,108,41,0,162,0,145874.33,30661.762,50731.817,50.608,19892.217,16.981,46753.057,19666.472,2387.365,22435.845,17948.676,1928.938,282.196,1050.298,0.000224,0.000925,3921,0,17,24,41,17,5042,274,24,50.541,0,0,0,0,0,0,0,0,0,0,0,0,0,0,73583,2112,3647,72829.765,50630.104,19740.103,0.067,50.541,39654.901,18758.206,529.063,381,277,108,17,152,54219,0,0,0,0.000,0.000,0.000,0.000,0.000,0.000,0.000,0.000,0,0,0,0,0,0,0,0,0,0.000,0.000,0.000,0.000,0.000,0.000,0.000,0.000,0,0,0,0,0,0,0,0,0,0.000,0.000,0.000,0.000,0.000,0.000,0.000,0.000,0,0,0,0,0,0,0,0,0,0.000,0.000,0.000,0.000,0.000,0.000,0.000,0.000,0,0,0,0,0,0,0,0,0,0.000,0.000,0.000,0.000,0.000,0.000,0.000,0.000,0,0,0,0,0,0,0,0,0,1,0,0,0,0,0,0,0,0
