tick,sim_second,organisms,food,species,plants,grazers,hunters,omnivores,infected,avg_lifespan,avg_body_size,avg_speed,avg_armor,avg_attack,avg_photo,avg_diet,avg_photo_area,avg_speed_plants,avg_speed_eaters,avg_light_share,ready_share_plants,ready_share_eaters,avg_disease_resistance,avg_symbiosis_rate,symbiotic_pairs,deaths_starvation,deaths_predation,deaths_old_age,deaths_disease,deaths_event,energy_total,flow_photosynthesis,flow_food,flow_predation,flow_grazing,flow_symbiosis,flow_metabolism,flow_movement,flow_disease,flow_reproduction_spent,flow_reproduction_received,flow_death,flow_clamp,flow_digestion,ledger_max_residual,ledger_cumulative_residual,grazes_eat,grazes_attack,kills_consumer,kills_plant,grazer_kills,grazer_kills_consumer,attacks_no_plant_in_reach,grazes_eat_by_plant,kills_plant_by_consumer,plant_kill_energy_consumer,hunter_intents,hunter_strikes,hunter_consumer_in_reach,hunter_kills_consumer,hunter_rejected_size,hunter_rejected_damage,hunter_rejected_both,omnivore_intents,omnivore_strikes,omnivore_consumer_in_reach,omnivore_kills_consumer,omnivore_rejected_size,omnivore_rejected_damage,omnivore_rejected_both,g1_ticks,g1_food_items,g1_bite_count,g1_plant_gross,g1_food,g1_bites,g1_kill_consumer,g1_kill_plant,g1_metabolism,g1_movement,g1_strike,g1_births,g1_deaths,g1_deaths_starvation,g1_deaths_predation,g1_deaths_disease,g1_death_age_sum,g2_ticks,g2_food_items,g2_bite_count,g2_plant_gross,g2_food,g2_bites,g2_kill_consumer,g2_kill_plant,g2_metabolism,g2_movement,g2_strike,g2_births,g2_deaths,g2_deaths_starvation,g2_deaths_predation,g2_deaths_disease,g2_death_age_sum,o1_ticks,o1_food_items,o1_bite_count,o1_plant_gross,o1_food,o1_bites,o1_kill_consumer,o1_kill_plant,o1_metabolism,o1_movement,o1_strike,o1_births,o1_deaths,o1_deaths_starvation,o1_deaths_predation,o1_deaths_disease,o1_death_age_sum,o2_ticks,o2_food_items,o2_bite_count,o2_plant_gross,o2_food,o2_bites,o2_kill_consumer,o2_kill_plant,o2_metabolism,o2_movement,o2_strike,o2_births,o2_deaths,o2_deaths_starvation,o2_deaths_predation,o2_deaths_disease,o2_death_age_sum,h1_ticks,h1_food_items,h1_bite_count,h1_plant_gross,h1_food,h1_bites,h1_kill_consumer,h1_kill_plant,h1_metabolism,h1_movement,h1_strike,h1_births,h1_deaths,h1_deaths_starvation,h1_deaths_predation,h1_deaths_disease,h1_death_age_sum,h2_ticks,h2_food_items,h2_bite_count,h2_plant_gross,h2_food,h2_bites,h2_kill_consumer,h2_kill_plant,h2_metabolism,h2_movement,h2_strike,h2_births,h2_deaths,h2_deaths_starvation,h2_deaths_predation,h2_deaths_disease,h2_death_age_sum,cross_plant_grazer,cross_plant_omnivore,cross_plant_hunter,cross_grazer_plant,cross_grazer_omnivore,cross_grazer_hunter,cross_omnivore_plant,cross_omnivore_grazer,cross_omnivore_hunter,cross_hunter_plant,cross_hunter_grazer,cross_hunter_omnivore,species_pass_tick,species_pass_organisms,species_pass_near_other,species_pass_drifting,species_pass_isolated,ticks_all_plant_aq0,ticks_deep_plant_aq0,ticks_shallow_plant_aq0,ticks_all_plant_aq1,ticks_deep_plant_aq1,ticks_shallow_plant_aq1,ticks_all_plant_aq2,ticks_deep_plant_aq2,ticks_shallow_plant_aq2,ticks_all_plant_aq3,ticks_deep_plant_aq3,ticks_shallow_plant_aq3,ticks_all_consumer_aq0,ticks_deep_consumer_aq0,ticks_shallow_consumer_aq0,ticks_all_consumer_aq1,ticks_deep_consumer_aq1,ticks_shallow_consumer_aq1,ticks_all_consumer_aq2,ticks_deep_consumer_aq2,ticks_shallow_consumer_aq2,ticks_all_consumer_aq3,ticks_deep_consumer_aq3,ticks_shallow_consumer_aq3,water_movement_plant_deep,water_movement_plant_shallow,water_movement_consumer_deep,water_movement_consumer_shallow,crossings_plant,crossings_consumer,new_region_events,food_spawned_deep,food_spawned_shallow,food_spawned_land,food_eaten,food_eaten_deep,food_eaten_shallow,plant_on_deep,plant_on_shallow,plant_on_sand,plant_on_grass,plant_on_forest,plant_on_rock,grazer_on_deep,grazer_on_shallow,grazer_on_sand,grazer_on_grass,grazer_on_forest,grazer_on_rock,omnivore_on_deep,omnivore_on_shallow,omnivore_on_sand,omnivore_on_grass,omnivore_on_forest,omnivore_on_rock,hunter_on_deep,hunter_on_shallow,hunter_on_sand,hunter_on_grass,hunter_on_forest,hunter_on_rock,plant_in_r0,plant_in_r1,plant_in_r2,plant_in_r3,plant_in_r4,plant_in_r5,plant_in_rother,plant_in_rminor,grazer_in_r0,grazer_in_r1,grazer_in_r2,grazer_in_r3,grazer_in_r4,grazer_in_r5,grazer_in_rother,grazer_in_rminor,omnivore_in_r0,omnivore_in_r1,omnivore_in_r2,omnivore_in_r3,omnivore_in_r4,omnivore_in_r5,omnivore_in_rother,omnivore_in_rminor,hunter_in_r0,hunter_in_r1,hunter_in_r2,hunter_in_r3,hunter_in_r4,hunter_in_r5,hunter_in_rother,hunter_in_rminor,region_sep,region_null,region_species,region_confined,region_confined_null,biome_sep,biome_null,biome_species,biome_confined,biome_confined_null
31,1.0,422,9012,0,147,105,83,87,0,12.77,0.815,0.834,0.219,0.189,0.233,-0.048,1.563,0.3417,1.4460,0.871,0.388,0.149,0.096,0.005,43,0,22,0,0,0,22383.78,1284.380,4380.881,52.093,24.871,12.802,2169.104,1602.882,0.000,1566.255,1253.004,1170.290,812.557,141.811,0.000094,0.001074,18,0,17,5,9,6,2669,5,5,7.900,502,60,34,7,0,20,7,495,64,47,7,1,39,0,1489,230,4,2332.778,2015.633,10.672,0.008,0.000,312.718,245.174,0.475,12,4,0,4,0,40,1506,171,0,1650.000,985.699,0.000,0.861,0.000,322.166,244.717,4.175,5,3,0,3,0,5,1315,183,3,1590.591,539.814,8.967,1.236,7.094,288.201,315.273,9.321,2,3,0,3,0,57,1465,250,2,2230.728,426.869,3.538,5.195,0.793,321.609,281.148,5.389,5,5,0,5,0,86,1085,175,1,1632.731,107.327,0.201,14.145,0.000,208.073,170.440,1.908,0,0,0,0,0,0,1516,242,3,3786.331,30.749,0.013,22.748,0.013,324.832,235.046,8.229,0,2,0,2,0,28,1,0,0,0,2,0,0,1,0,0,0,0,0,0,0,0,0,1994,13,302,2313,93,410,15,0,0,0,0,0,4102,687,401,4274,471,405,0,0,0,0,0,0,5.356,12.281,608.912,100.373,0,1,0,83,22,139,1363,196,153,6,20,30,34,30,27,26,13,15,22,22,7,24,4,12,19,16,12,20,6,11,16,22,8,49,49,18,5,0,0,0,0,35,22,9,0,0,0,0,0,23,24,11,1,0,0,0,0,25,19,10,3,0,0,0,0,0.4356,0.4356,1,0,0,0.2156,0.2156,1,0,0
61,2.0,431,8283,0,156,112,81,82,0,22.74,0.812,0.829,0.213,0.185,0.239,-0.075,1.553,0.3426,1.4023,0.857,0.500,0.131,0.096,0.007,52,2,11,0,0,0,21286.52,1310.621,3169.579,18.220,53.538,22.543,2176.227,2056.967,0.000,752.307,601.846,432.846,694.226,84.951,0.000115,0.000338,42,0,8,3,6,4,2736,35,3,3.385,499,39,31,2,0,29,0,434,36,15,3,0,12,0,1700,176,2,1572.521,1359.175,5.971,0.002,0.000,367.853,412.005,5.456,5,1,0,1,0,55,1582,146,0,1427.500,841.485,0.000,0.294,2.782,329.784,332.234,3.622,5,2,0,2,0,50,1201,112,1,914.575,307.098,1.737,1.296,0.000,259.715,321.644,1.794,0,1,0,1,0,32,1340,171,2,1515.995,288.495,0.833,3.346,0.000,295.043,366.900,3.659,0,4,2,2,0,204,1021,131,2,1445.425,84.274,0.531,0.000,0.603,196.970,223.108,0.657,0,1,0,1,0,32,1415,169,0,2387.500,13.907,0.000,9.897,0.000,307.525,283.054,4.900,0,1,0,1,0,36,0,0,0,0,0,0,0,0,0,0,0,0,0,0,0,0,0,2127,116,244,2378,288,346,30,0,0,0,0,0,4084,1474,385,4175,1289,298,0,0,0,0,0,0,22.789,11.134,1272.145,77.125,0,16,0,87,17,167,1000,319,99,23,15,30,36,29,23,45,12,13,13,16,13,32,4,10,12,11,13,27,10,5,9,21,9,48,49,17,4,0,0,0,0,30,19,6,0,0,0,0,0,19,19,7,1,0,0,0,0,22,17,5,0,0,0,0,0,0.4525,0.4525,1,0,0,0.2947,0.2947,1,0,0
91,3.0,432,7623,0,157,119,79,77,0,38.25,0.806,0.829,0.205,0.181,0.239,-0.101,1.551,0.3529,1.3815,0.878,0.516,0.142,0.096,0.009,51,15,2,0,0,0,20651.16,1335.029,3859.965,4.626,43.817,22.257,2176.646,2035.805,0.000,702.902,562.321,150.800,1250.516,80.630,0.000089,-0.000084,28,0,2,0,1,1,2717,9,0,0.000,434,23,8,1,0,5,2,428,35,4,0,0,4,0,1817,215,0,1997.500,1724.840,0.000,0.007,0.000,404.162,393.733,2.774,12,5,4,1,0,316,1610,200,6,2226.203,1325.906,16.031,0.000,0.000,322.397,377.343,0.531,5,5,4,1,0,331,1153,96,9,978.258,296.104,18.723,0.000,0.000,245.562,279.441,0.529,0,4,4,0,0,317,1259,110,3,1060.440,200.903,1.220,0.000,0.000,278.864,367.160,0.125,0,1,1,0,0,90,1020,119,1,1189.550,66.674,1.285,0.000,0.000,196.948,224.221,0.137,0,0,0,0,0,0,1367,131,0,1875.000,12.092,0.000,4.620,0.000,294.069,263.293,2.651,0,2,2,0,0,139,0,0,0,0,0,0,0,0,0,0,0,0,0,0,0,0,0,2220,323,123,2430,584,230,55,9,16,0,0,0,3948,1668,315,4278,1661,309,0,0,0,0,0,0,60.731,7.095,1300.651,75.821,0,21,0,101,28,160,949,364,102,36,9,29,36,27,20,48,6,12,15,25,13,40,5,10,7,7,8,32,3,11,8,16,9,45,48,16,3,0,0,0,0,32,24,7,2,0,0,0,0,11,14,7,0,0,0,0,0,23,12,9,0,0,0,0,0,0.4387,0.4387,1,0,0,0.3611,0.3611,1,0,0
121,4.0,442,6933,0,162,143,70,67,0,59.80,0.803,0.838,0.185,0.167,0.242,-0.198,1.557,0.3594,1.3821,0.837,0.512,0.139,0.096,0.008,60,25,6,0,0,0,20785.15,1337.658,4238.835,4.388,13.694,23.161,2163.429,2002.256,0.000,1544.431,1235.545,177.841,742.977,51.497,0.000141,-0.000828,6,0,5,1,3,3,2637,1,1,0.789,381,22,19,1,0,15,3,431,49,14,1,0,13,0,2209,314,1,2902.110,2510.277,4.069,0.095,0.000,499.093,438.975,0.661,25,5,4,1,0,402,1605,175,0,1540.000,952.540,0.000,0.135,0.000,289.437,351.367,0.742,9,5,3,2,0,335,1021,107,0,1012.500,327.940,0.000,0.000,0.000,215.144,228.555,0.951,0,5,4,1,0,546,1164,92,2,930.535,169.639,2.711,2.165,0.789,253.934,342.116,5.910,0,5,4,1,0,539,981,108,1,1007.258,64.337,0.442,0.000,0.000,188.557,241.435,0.677,0,4,4,0,0,445,1304,116,1,1783.109,20.086,0.307,1.203,0.000,276.701,255.641,1.634,0,5,5,0,0,559,0,0,0,0,0,0,0,0,0,0,0,0,0,0,0,0,0,2261,361,179,2452,772,299,61,30,0,0,0,0,3817,1672,254,4467,1820,258,0,0,0,0,0,0,74.009,9.898,1305.964,61.873,0,26,0,107,23,166,986,408,77,44,17,21,35,24,21,44,13,13,28,33,12,31,7,12,7,3,7,29,4,9,9,11,8,43,42,13,3,0,0,0,0,51,20,8,7,0,0,0,0,9,11,6,2,0,0,0,1,18,13,6,0,0,0,0,0,0.4802,0.4802,1,0,0,0.3348,0.3348,1,0,0
151,5.0,459,6194,25,177,173,55,54,0,80.62,0.803,0.849,0.168,0.145,0.253,-0.340,1.561,0.3482,1.4428,0.830,0.469,0.145,0.093,0.013,58,40,15,0,0,0,21743.93,1384.912,5557.733,6.110,106.736,22.746,2253.590,1978.558,0.000,2718.589,2174.872,492.005,599.944,122.166,0.000128,-0.001037,20,0,15,0,12,12,2707,2,0,0.000,322,27,15,1,0,14,0,381,18,12,2,0,9,1,3203,535,8,5097.312,4215.715,58.586,0.754,0.000,725.035,675.499,3.414,56,18,8,10,0,1024,1570,100,5,1142.754,647.980,44.843,0.000,0.000,273.582,302.755,0.642,1,9,7,2,0,1253,904,84,2,738.827,244.207,1.385,0.000,0.000,193.166,191.440,0.169,0,4,4,0,0,578,978,110,1,955.696,176.118,1.754,3.133,0.000,209.080,272.849,3.016,0,9,9,0,0,1233,819,106,0,1145.000,74.607,0.000,2.223,0.000,156.345,182.348,0.958,0,7,5,2,0,976,1090,75,2,1220.562,13.380,0.081,0.000,0.000,224.027,191.791,0.940,0,8,7,1,0,1098,0,0,0,0,0,0,0,0,0,0,0,0,151,459,434,0,0,2398,430,243,2620,988,360,143,62,42,0,0,0,3512,1315,318,5052,1989,393,0,0,0,0,0,0,93.214,13.458,1224.702,77.605,1,16,0,102,32,205,1078,429,76,55,23,18,30,25,26,74,13,18,25,36,7,28,4,8,5,5,4,22,4,5,8,8,8,46,42,8,3,0,0,0,0,66,11,4,5,0,0,0,0,7,6,8,1,0,0,0,0,13,12,4,0,0,0,0,0,0.6250,0.5446,4,0,0,0.3852,0.3820,10,0,0
181,6.0,489,5509,25,188,223,32,46,2,97.74,0.797,0.874,0.162,0.137,0.255,-0.508,1.567,0.3399,1.5602,0.804,0.431,0.133,0.091,0.012,65,36,5,0,0,0,23176.77,1466.925,6073.991,2.670,90.773,19.080,2363.197,2417.459,0.213,2630.971,2104.777,201.196,534.616,67.871,0.000078,-0.001166,22,0,4,1,5,4,2450,8,0,0.000,214,10,8,0,0,7,1,268,3,3,0,0,3,0,4391,566,11,5473.083,4536.502,78.060,0.102,0.000,1006.723,1324.649,1.245,53,6,4,2,0,578,1454,157,1,1343.349,837.873,5.217,0.432,0.000,253.521,339.615,1.485,6,3,3,0,0,472,765,74,2,769.603,247.869,1.884,0.000,0.000,165.058,184.743,0.111,0,4,3,1,0,679,723,97,0,885.000,170.112,0.000,0.000,0.000,156.619,167.870,0.000,0,4,4,0,0,625,535,38,0,442.500,27.710,0.000,0.000,0.000,96.386,85.211,0.000,0,10,9,1,0,1655,851,57,0,882.500,10.372,0.000,0.000,0.000,171.495,141.542,0.928,0,13,13,0,0,2244,0,0,0,0,0,0,0,0,0,0,0,0,151,459,434,0,0,2554,500,182,2768,1271,425,150,119,25,0,0,0,3262,1659,260,5457,2787,536,0,0,0,0,0,0,114.352,11.867,1740.529,99.840,3,15,4,125,32,224,1066,541,100,72,14,20,30,26,26,138,16,21,7,31,10,28,2,4,6,3,3,12,2,2,7,7,2,48,43,11,0,0,0,0,0,47,11,11,0,0,0,0,0,5,4,7,0,0,0,0,0,10,4,4,0,0,0,0,0,0.6711,0.6081,3,0,0,0.5028,0.5166,9,0,0
211,7.0,520,4943,25,193,270,19,38,2,116.56,0.809,0.906,0.147,0.139,0.246,-0.622,1.571,0.3484,1.6839,0.816,0.440,0.107,0.088,0.016,71,34,14,0,0,0,25054.36,1610.348,7272.080,0.575,92.033,19.520,2531.823,2816.770,3.201,3046.603,2437.283,410.508,550.086,83.700,0.000136,-0.002075,25,0,14,0,14,14,2617,8,0,0.000,118,3,3,0,0,3,0,260,12,6,0,0,4,2,5899,669,16,7184.274,6018.617,86.223,0.575,0.000,1339.371,1820.321,4.843,69,24,10,14,0,1655,1535,109,0,1027.500,636.750,0.000,0.000,0.000,264.356,401.646,0.596,4,2,2,0,0,398,633,71,0,795.000,263.496,0.000,0.000,0.000,141.992,182.776,0.254,0,3,3,0,0,576,598,64,1,727.697,138.371,0.410,0.000,0.000,133.369,123.246,0.195,0,5,5,0,0,963,319,27,0,255.000,22.191,0.000,0.000,0.000,49.835,48.960,0.000,0,3,3,0,0,562,389,24,0,495.000,8.836,0.000,0.000,0.000,69.142,50.515,0.290,0,10,10,0,0,1929,0,0,0,0,0,0,0,0,0,0,0,0,151,459,434,0,0,2671,498,171,2886,1639,221,150,120,0,0,0,0,3543,1786,286,5830,2972,469,0,0,0,0,0,0,129.845,7.848,1908.063,104.452,2,34,3,152,38,273,1029,494,116,77,11,26,32,25,22,129,17,46,31,20,27,25,3,4,1,2,3,5,3,2,3,5,1,51,43,11,0,0,0,0,0,33,45,35,11,0,0,0,0,3,3,3,1,0,0,0,0,5,3,3,0,0,0,0,0,0.5667,0.3878,3,0,0,0.5245,0.4644,8,0,0
241,8.0,559,4375,25,201,314,11,33,2,133.93,0.811,0.937,0.138,0.128,0.241,-0.688,1.578,0.3622,1.8522,0.826,0.418,0.095,0.087,0.010,59,34,16,0,0,0,26547.94,1763.297,8196.631,28.606,105.885,13.826,2717.916,3375.035,3.201,3337.511,2670.009,723.819,933.889,73.592,0.000130,-0.003113,21,0,12,4,16,12,2941,3,4,27.255,52,3,1,0,0,1,0,228,25,13,0,0,12,1,7101,783,17,8480.649,7155.523,92.881,0.184,21.257,1596.685,2437.555,6.743,75,26,16,10,0,2296,1500,116,1,1036.318,631.835,5.846,1.168,5.998,258.422,391.919,5.388,2,7,6,1,0,1235,590,56,0,700.000,223.258,0.000,0.000,0.000,133.751,178.201,0.857,0,3,3,0,0,713,505,42,0,367.500,63.415,0.000,0.000,0.000,108.876,127.992,0.214,0,2,1,1,0,447,245,11,0,117.500,8.403,0.000,0.000,0.000,36.754,25.135,0.132,0,4,4,0,0,909,200,7,0,122.500,1.976,0.000,0.000,0.000,32.075,15.700,0.000,0,4,4,0,0,894,0,0,0,0,0,0,0,0,0,0,0,0,151,459,434,0,0,2785,460,248,3004,1647,223,150,120,0,0,0,0,3981,2127,250,6160,3211,778,0,0,0,0,0,0,126.513,9.345,2290.440,142.011,5,23,2,169,42,291,1070,568,129,70,21,25,32,28,25,179,30,26,31,26,22,20,2,4,2,2,3,2,2,0,2,4,1,51,47,9,3,0,0,0,0,25,52,25,3,0,0,0,0,4,5,2,0,0,0,0,0,3,3,1,0,0,0,0,0,0.6322,0.5535,4,0,0,0.4497,0.4844,7,0,0
271,9.0,637,3817,25,215,388,9,25,3,137.98,0.810,0.968,0.129,0.146,0.230,-0.733,1.574,0.3509,2.0468,0.829,0.391,0.085,0.090,0.002,78,26,24,0,0,0,29081.40,1921.933,10774.585,17.624,202.469,16.509,3061.189,4282.323,3.755,4749.219,3799.375,885.242,876.999,121.332,0.000104,-0.003802,57,0,21,3,24,21,3027,38,3,16.052,45,0,0,0,0,0,0,220,10,10,0,2,8,0,9030,857,18,11577.268,9707.359,130.337,0.699,0.000,2006.810,3450.510,14.890,108,33,15,18,0,2754,1453,108,0,1090.000,675.330,0.000,0.573,16.052,250.187,364.207,6.339,3,4,2,2,0,561,453,44,1,480.790,158.125,3.222,0.000,0.000,107.013,148.336,1.450,0,3,2,1,0,756,382,28,0,210.000,38.602,0.000,0.000,0.000,75.998,89.590,0.000,0,5,5,0,0,1257,180,11,0,170.000,9.628,0.000,0.000,0.000,23.503,13.642,0.000,0,0,0,0,0,0,116,5,0,125.000,3.051,0.000,0.000,0.000,19.864,8.334,0.000,0,2,2,0,0,508,0,0,0,0,0,0,0,0,0,0,0,0,151,459,434,0,0,2979,486,289,3065,1518,289,183,129,24,0,0,0,5095,3143,506,6519,3405,666,0,0,0,0,0,0,117.838,11.227,3199.984,181.804,5,44,1,180,43,327,1108,579,102,73,20,27,42,25,28,213,30,49,46,30,20,14,2,3,4,2,0,2,0,0,2,4,1,54,51,12,5,0,0,0,0,25,46,63,11,0,0,0,0,4,3,2,0,0,0,0,0,3,3,1,0,0,0,0,0,0.5793,0.3850,4,0,0,0.4661,0.5425,7,0,0
301,10.0,788,3231,25,229,534,7,18,5,139.43,0.804,1.013,0.114,0.178,0.205,-0.772,1.574,0.3670,2.2129,0.781,0.367,0.075,0.091,-0.021,84,48,19,0,0,0,34085.71,2165.110,14883.711,33.304,228.671,13.690,3565.704,5378.112,6.083,7782.263,6225.810,654.650,823.085,93.725,0.000164,-0.005263,87,0,14,5,19,14,3347,60,5,33.039,49,0,0,0,0,0,0,219,22,19,0,2,13,4,11774,1033,20,16504.829,13717.976,143.983,0.265,33.039,2536.512,4580.024,11.735,195,48,35,13,0,4810,1402,114,5,1284.601,803.661,5.864,0.000,0.000,241.647,382.301,0.590,3,5,5,0,0,1069,388,52,1,480.274,154.118,1.004,0.000,0.000,95.343,132.806,1.348,0,2,2,0,0,569,228,14,1,132.496,21.459,1.761,0.000,0.000,42.119,50.616,0.519,0,5,4,1,0,1403,177,12,0,142.500,10.263,0.000,0.000,0.000,23.023,12.575,0.000,0,1,1,0,0,298,88,4,0,100.000,2.441,0.000,0.000,0.000,14.994,5.375,0.000,0,1,1,0,0,299,1,0,0,0,0,0,0,0,0,0,0,0,301,788,788,0,0,3214,634,209,3173,1499,213,211,100,94,0,0,0,6750,4205,443,7307,3655,689,0,0,0,0,0,0,128.426,9.416,3991.120,197.437,4,66,2,233,56,408,1283,552,115,83,12,28,52,25,29,294,38,22,37,116,27,8,2,2,4,2,0,0,1,0,1,3,2,55,58,12,9,0,0,0,0,108,50,33,11,0,0,0,0,5,1,2,0,0,0,0,0,3,3,0,0,0,0,0,0,0.6166,0.4886,4,0,0,0.4596,0.5092,8,0,0
331,11.0,1029,2171,25,231,779,6,13,6,73.86,0.776,1.057,0.095,0.217,0.169,-0.787,1.577,0.3639,2.5202,0.785,0.320,0.056,0.093,-0.060,78,58,149,0,0,0,40015.39,2310.171,25522.459,103.647,346.426,15.548,4709.817,7163.769,7.306,15171.950,12137.560,5447.788,1082.345,561.177,0.000116,-0.005876,93,0,129,20,149,129,4047,61,18,93.566,17,0,0,0,0,0,0,180,17,17,0,0,17,0,18581,1556,31,29973.371,24162.821,300.743,4.888,93.566,3689.477,6333.685,51.311,410,170,48,122,0,6923,1509,137,0,1657.500,1077.828,0.000,1.119,0.000,256.300,441.769,2.608,16,11,4,7,0,2039,301,29,1,289.728,97.622,0.671,0.000,0.000,70.666,72.985,0.444,0,3,3,0,0,922,152,22,0,200.000,34.860,0.000,0.000,0.000,25.221,23.379,0.430,0,2,2,0,0,623,135,6,0,80.000,5.464,0.000,0.000,0.000,17.178,13.977,0.000,0,1,1,0,0,316,60,1,0,25.000,0.610,0.000,0.000,0.000,12.019,2.118,0.000,0,0,0,0,0,0,0,0,0,0,0,0,0,0,0,0,0,0,301,788,788,0,0,3387,824,161,3283,1589,242,244,171,73,0,0,0,10594,5399,644,10100,4120,485,44,0,0,0,0,0,152.705,10.034,5068.541,186.197,2,25,0,250,76,419,1805,499,77,92,19,24,48,19,29,307,40,37,110,272,13,7,0,1,2,3,0,0,1,0,0,2,3,50,54,7,9,0,0,0,0,357,39,21,15,0,0,0,0,5,1,0,0,0,0,0,0,2,3,0,0,0,0,0,0,0.7156,0.6584,3,0,0,0.4517,0.4854,7,0,0
361,12.0,1176,1611,25,237,927,4,8,7,97.61,0.768,1.071,0.090,0.238,0.160,-0.798,1.573,0.3601,2.5708,0.771,0.287,0.048,0.093,-0.083,76,92,96,0,1,0,43555.29,2344.669,21493.670,57.804,609.073,14.622,5490.504,8309.496,7.884,12046.387,9637.110,3097.692,621.214,420.186,0.000133,-0.006898,132,0,86,10,96,86,4259,81,10,54.061,2,0,0,0,0,0,0,109,6,6,0,0,2,4,23602,1220,50,24662.218,20036.222,562.575,3.646,54.061,4473.009,7442.098,34.237,300,163,83,79,1,12632,1779,130,1,2011.949,1306.647,15.224,0.096,0.000,292.385,507.942,0.484,19,8,3,5,0,1074,197,5,0,72.500,22.354,0.000,0.000,0.000,41.340,56.894,0.000,0,4,3,1,0,1371,116,10,0,110.000,18.926,0.000,0.000,0.000,16.371,15.239,0.000,0,1,0,1,0,357,100,4,0,100.000,4.395,0.000,0.000,0.000,12.185,8.558,0.000,0,1,1,0,0,341,60,0,0,0.000,0.000,0.000,0.000,0.000,12.019,5.545,0.000,0,1,1,0,0,361,0,0,0,0,0,0,0,0,0,0,0,0,301,788,788,0,0,3436,991,287,3327,1626,359,270,240,30,0,0,0,13742,6205,1034,11949,4195,730,163,65,29,0,0,0,169.428,14.227,5654.752,325.183,3,49,0,246,71,521,1398,444,123,101,25,27,33,21,30,393,82,110,179,146,17,5,0,0,0,3,0,1,0,0,0,1,2,38,56,6,11,0,0,0,0,325,103,19,5,0,0,0,0,2,1,0,0,0,0,0,0,0,3,0,0,0,0,0,0,0.7081,0.6338,3,1,0,0.5016,0.4406,7,0,0
391,13.0,1192,1367,25,228,954,2,8,9,110.43,0.771,1.076,0.088,0.241,0.156,-0.808,1.579,0.3645,2.5694,0.754,0.250,0.036,0.094,-0.091,78,114,130,0,0,0,41294.56,2342.501,19046.829,133.277,375.112,16.129,6040.379,10437.569,10.603,9440.613,7552.491,4365.024,552.400,489.229,0.000129,-0.007815,130,0,99,31,130,99,4821,77,31,128.757,1,1,1,0,0,1,0,51,1,1,0,0,1,0,26836,1042,50,21881.980,18221.669,335.951,4.022,128.757,5077.182,9507.417,54.695,231,196,106,90,0,16388,1768,63,3,1097.010,672.907,30.669,0.322,0.000,288.585,560.475,2.090,6,14,5,9,0,1238,150,15,0,200.000,70.024,0.000,0.000,0.000,25.912,40.761,0.000,0,0,0,0,0,0,90,4,0,30.000,5.285,0.000,0.000,0.000,13.677,18.723,0.000,0,0,0,0,0,0,66,1,0,7.500,0.817,0.000,0.000,0.000,6.877,7.414,0.066,0,1,1,0,0,367,23,2,0,50.000,1.220,0.000,0.000,0.000,5.836,5.059,0.000,0,1,1,0,0,384,0,0,0,0,0,0,0,0,0,0,0,0,301,788,788,0,0,3423,1213,155,3181,1502,452,233,186,31,0,0,0,16559,7149,1225,12144,5558,1049,230,144,6,0,0,0,175.582,11.483,7390.352,442.880,7,130,3,291,76,546,1157,438,104,96,15,29,36,22,30,417,102,139,78,111,107,4,1,1,1,1,0,0,0,0,0,0,2,28,65,11,13,0,0,0,0,206,145,67,17,0,0,0,0,1,0,1,1,0,0,0,0,0,2,0,0,0,0,0,0,0.7013,0.4801,5,1,0,0.5433,0.4701,8,1,0
421,14.0,1171,1283,25,233,932,1,5,10,104.87,0.805,1.072,0.090,0.235,0.161,-0.825,1.592,0.3595,2.4225,0.792,0.245,0.033,0.093,-0.087,94,180,84,0,0,0,40306.96,2616.431,18749.929,61.094,514.052,14.811,6180.733,10943.109,10.533,9357.773,7486.218,2490.897,523.638,394.590,0.000123,-0.008204,82,0,70,14,84,70,4911,38,13,57.084,5,1,1,0,0,1,0,48,4,4,0,0,4,0,26950,976,40,21649.662,18113.740,417.589,2.032,57.084,5274.746,10155.590,61.688,220,231,168,63,0,20036,1500,49,4,914.633,501.341,73.869,0.000,0.000,245.632,454.325,0.608,3,15,10,5,0,2734,130,4,0,65.000,19.765,0.000,0.000,0.000,21.554,26.441,0.116,0,1,0,1,0,401,49,0,0,0.000,0.000,0.000,0.000,0.000,6.159,7.969,0.000,0,2,2,0,0,801,38,1,0,7.500,0.817,0.000,0.000,0.000,3.484,2.430,0.007,0,1,0,1,0,399,0,0,0,0.000,0.000,0.000,0.000,0.000,0.000,0.000,0.000,0,0,0,0,0,0,1,0,0,0,0,0,0,0,0,0,0,0,301,788,788,0,0,3350,1177,117,3246,1349,416,290,210,2,0,0,0,17779,7973,1191,10630,5236,849,258,183,11,0,0,0,167.092,8.797,7836.442,404.722,6,142,2,299,86,599,1068,357,93,90,19,28,46,22,28,424,75,119,126,115,73,4,0,1,0,0,0,0,0,0,0,0,1,31,66,12,15,0,0,0,0,176,152,64,40,0,0,0,1,0,0,1,0,0,0,0,0,0,1,0,0,0,0,0,0,0.6949,0.4735,4,1,0,0.5328,0.4329,9,1,0
451,15.0,1154,1207,22,241,908,1,4,11,111.23,0.827,1.068,0.092,0.239,0.166,-0.836,1.580,0.3603,2.3612,0.739,0.216,0.037,0.091,-0.084,75,176,98,0,2,0,40658.50,2785.643,20714.491,90.268,768.364,15.182,6317.557,11142.037,15.125,9808.652,7846.922,3023.592,357.134,421.687,0.000105,-0.008005,186,0,77,21,98,77,4739,117,21,87.879,0,0,0,0,0,0,0,15,4,4,0,0,4,0,26506,1062,67,23896.422,20056.978,631.765,1.985,87.879,5437.613,10386.007,77.798,225,237,161,74,2,22229,1290,48,2,968.535,610.399,20.356,0.207,0.000,218.571,415.266,1.437,4,17,14,3,0,2568,120,0,0,0.000,0.000,0.000,0.000,0.000,19.408,30.753,0.116,0,0,0,0,0,0,9,0,0,0.000,0.000,0.000,0.000,0.000,0.962,0.752,0.000,0,1,1,0,0,430,30,0,0,0.000,0.000,0.000,0.000,0.000,2.579,0.771,0.000,0,0,0,0,0,0,0,0,0,0.000,0.000,0.000,0.000,0.000,0.000,0.000,0.000,0,0,0,0,0,0,1,0,0,0,0,0,0,0,0,0,0,0,451,1154,1154,0,0,3378,1079,214,3321,1374,330,316,202,9,0,0,0,18413,9201,1604,9332,4076,883,210,90,25,0,0,0,160.742,9.752,8278.490,476.183,4,108,2,351,104,608,1139,374,123,90,15,31,41,31,33,482,77,76,122,104,47,3,0,1,0,0,0,0,0,0,0,0,1,36,72,13,15,0,0,0,0,140,106,83,20,0,0,0,0,0,0,1,0,0,0,0,0,0,1,0,0,0,0,0,0,0.7273,0.4551,7,3,0,0.5786,0.4801,8,0,0
481,16.0,1162,1124,22,237,920,1,4,9,102.39,0.855,1.087,0.093,0.247,0.164,-0.841,1.591,0.3491,2.3679,0.743,0.203,0.040,0.090,-0.082,85,173,130,0,2,0,42940.55,2997.859,24807.611,82.752,820.230,11.765,6464.295,11333.032,12.077,12040.808,9632.646,4238.339,605.048,545.218,0.000126,-0.008445,163,0,107,23,130,107,4606,76,23,79.446,0,0,0,0,0,0,0,37,3,3,1,0,2,0,26131,1223,80,28832.208,24178.014,741.637,2.609,77.438,5592.913,10611.629,71.874,287,279,171,106,2,24833,1115,45,7,902.751,568.677,26.141,0.338,2.008,192.956,379.378,1.692,5,3,2,1,0,209,120,2,0,50.000,13.957,0.000,0.359,0.000,19.421,33.817,0.654,0,0,0,0,0,0,0,0,0,0.000,0.000,0.000,0.000,0.000,0.000,0.000,0.000,0,0,0,0,0,0,30,0,0,0.000,0.000,0.000,0.000,0.000,2.579,0.771,0.000,0,0,0,0,0,0,0,0,0,0.000,0.000,0.000,0.000,0.000,0.000,0.000,0.000,0,0,0,0,0,0,2,0,0,0,0,0,0,0,0,0,0,0,451,1154,1154,0,0,3460,1045,171,3478,1471,278,301,141,4,0,0,0,18377,9146,1460,8838,3979,680,181,123,13,0,0,0,158.025,6.760,8607.829,421.839,3,138,0,380,115,712,1290,365,106,87,14,27,44,27,38,411,55,68,113,231,42,3,0,1,0,0,0,0,0,0,0,0,1,37,72,15,12,0,0,0,0,265,122,53,14,0,0,0,0,0,0,1,0,0,0,0,0,0,1,0,0,0,0,0,0,0.7804,0.5095,6,3,0,0.5406,0.4130,8,0,0
511,17.0,1180,1031,22,237,939,1,3,9,102.27,0.888,1.104,0.098,0.247,0.162,-0.849,1.611,0.3566,2.3507,0.748,0.190,0.034,0.089,-0.075,96,117,172,0,1,0,43830.07,3112.473,24733.965,120.698,715.553,16.021,6829.228,10823.172,10.891,12046.795,9637.436,5834.193,524.176,646.599,0.000105,-0.009610,90,0,143,29,172,143,4662,19,29,117.384,0,0,0,0,0,0,0,15,1,0,0,0,0,0,26933,1212,70,28452.669,24021.424,702.036,2.884,113.835,5991.138,10186.658,116.535,268,249,110,138,1,21490,969,41,1,958.132,620.555,10.412,0.430,2.072,173.641,274.451,1.178,10,11,6,5,0,2290,91,2,0,50.000,16.825,0.000,0.000,1.477,12.845,21.095,0.596,0,1,1,0,0,482,0,0,0,0.000,0.000,0.000,0.000,0.000,0.000,0.000,0.000,0,0,0,0,0,0,30,0,0,0.000,0.000,0.000,0.000,0.000,2.582,0.771,0.000,0,0,0,0,0,0,0,0,0,0.000,0.000,0.000,0.000,0.000,0.000,0.000,0.000,0,0,0,0,0,0,1,0,0,0,0,0,0,0,0,0,0,0,451,1154,1154,0,0,3444,943,138,3431,1550,237,249,148,0,0,0,0,18971,8133,1275,8880,3701,603,172,93,36,0,0,0,143.051,7.275,7590.392,399.557,2,123,0,384,113,694,1284,400,101,90,12,25,49,22,39,424,49,61,158,186,61,2,0,1,0,0,0,0,0,0,0,0,1,31,73,18,13,0,0,0,0,267,145,45,9,0,0,0,0,0,0,1,0,0,0,0,0,0,1,0,0,0,0,0,0,0.8003,0.5801,5,3,0,0.5018,0.3985,9,0,0
541,18.0,1246,1091,22,249,993,1,3,9,120.93,0.913,1.117,0.096,0.253,0.161,-0.854,1.636,0.3570,2.3369,0.701,0.153,0.037,0.087,-0.065,78,107,153,0,2,0,45025.23,3236.641,26209.915,82.101,1132.419,15.329,7278.879,12131.629,12.278,13049.073,10439.259,5149.315,496.786,654.793,0.000113,-0.008892,139,0,134,19,153,134,4678,7,19,78.434,4,1,1,0,0,1,0,30,0,0,0,0,0,0,28040,1244,129,30817.209,25736.639,1119.395,2.568,70.392,6439.891,11508.378,101.194,293,235,105,128,2,22115,889,28,3,572.870,359.036,8.055,1.099,8.042,156.117,270.281,4.321,4,8,2,6,0,1523,90,5,0,125.000,39.194,0.000,0.000,0.000,12.762,15.273,0.000,0,0,0,0,0,0,0,0,0,0.000,0.000,0.000,0.000,0.000,0.000,0.000,0.000,0,0,0,0,0,0,30,0,0,0.000,0.000,0.000,0.000,0.000,2.613,0.738,0.007,0,0,0,0,0,0,0,0,0,0.000,0.000,0.000,0.000,0.000,0.000,0.000,0.000,0,0,0,0,0,0,0,0,0,0,0,0,0,0,0,0,0,0,451,1154,1154,0,0,3597,837,186,3450,1724,211,283,165,0,0,0,0,19847,9154,1560,9117,4326,643,85,33,8,0,0,0,153.549,8.110,8784.770,500.454,4,131,1,426,140,801,1307,435,131,90,15,29,38,35,42,495,62,67,129,163,77,1,0,0,1,1,0,0,0,0,1,0,0,37,74,14,19,0,0,0,0,204,157,66,9,0,0,0,0,1,0,1,0,0,0,0,0,0,1,0,0,0,0,0,0,0.7847,0.4117,8,4,0,0.4901,0.5060,9,0,0
571,19.0,1247,1001,22,246,997,1,3,10,100.43,0.943,1.124,0.099,0.250,0.158,-0.858,1.655,0.3545,2.3270,0.682,0.146,0.038,0.086,-0.055,91,152,169,0,1,0,47357.04,3290.868,28820.802,110.763,683.637,15.513,7779.533,12841.991,14.460,12974.102,10379.282,5417.342,640.341,602.136,0.000149,-0.007960,96,0,138,31,169,138,5305,3,31,106.956,0,0,0,0,0,0,0,13,2,2,2,0,0,0,29037,1380,91,33235.292,28266.593,679.246,2.385,104.923,6952.462,12230.861,102.758,289,287,148,138,1,27470,780,33,2,689.892,444.894,3.236,0.025,2.033,139.846,272.293,1.219,5,4,4,0,0,923,90,6,0,150.000,49.040,0.000,1.397,0.000,12.954,7.583,1.191,0,0,0,0,0,0,0,0,0,0.000,0.000,0.000,0.000,0.000,0.000,0.000,0.000,0,0,0,0,0,0,30,0,0,0.000,0.000,0.000,0.000,0.000,2.652,0.267,0.000,0,0,0,0,0,0,0,0,0,0.000,0.000,0.000,0.000,0.000,0.000,0.000,0.000,0,0,0,0,0,0,1,0,0,0,0,0,0,0,0,0,0,0,451,1154,1154,0,0,3682,825,267,3422,1657,240,249,180,0,0,0,0,20262,8945,1470,9636,4433,827,39,9,0,0,0,0,146.734,9.521,9151.014,526.006,4,150,0,461,115,778,1444,453,129,92,14,32,43,34,31,436,84,89,121,190,77,1,0,0,0,2,0,0,0,0,1,0,0,37,65,13,24,0,0,0,1,230,164,77,6,0,0,0,0,1,0,1,0,0,0,0,0,0,1,0,0,0,0,0,0,0.7311,0.4921,5,2,0,0.4544,0.4424,9,0,0
601,20.0,1262,1065,18,246,1014,0,2,6,121.22,0.975,1.137,0.102,0.253,0.156,-0.868,1.648,0.3559,2.2843,0.677,0.138,0.031,0.085,-0.048,83,147,193,0,2,0,47413.42,3259.338,29666.833,115.858,1222.641,18.069,8207.619,13509.258,13.213,14483.993,11587.195,6785.266,748.592,824.908,0.000089,-0.007556,193,0,163,30,193,163,5271,51,30,112.326,10,0,0,0,0,0,0,8,0,0,0,0,0,0,29743,1395,140,34757.595,29362.644,1215.864,3.167,112.326,7411.042,12910.392,127.955,325,303,143,158,2,32631,639,20,2,388.409,238.315,6.076,0.364,0.000,116.068,234.696,1.629,2,7,3,4,0,1096,83,1,0,25.000,6.979,0.000,0.000,0.000,12.038,7.973,0.000,0,1,0,1,0,594,0,0,0,0.000,0.000,0.000,0.000,0.000,0.000,0.000,0.000,0,0,0,0,0,0,22,0,0,0.000,0.000,0.000,0.000,0.000,1.969,0.286,0.000,0,1,1,0,0,593,0,0,0,0.000,0.000,0.000,0.000,0.000,0.000,0.000,0.000,0,0,0,0,0,0,0,0,0,0,0,0,0,0,0,0,0,0,601,1262,1262,5,0,3769,927,313,3257,1657,293,225,165,0,0,0,0,20572,9450,1710,9885,4190,874,30,0,0,0,0,0,151.024,11.554,9721.019,590.592,6,113,1,487,144,869,1436,492,141,100,18,25,37,35,31,481,76,82,139,172,64,1,1,0,0,0,0,0,0,0,0,0,0,31,70,7,20,0,0,0,0,237,128,81,11,0,0,0,0,0,0,0,0,0,0,0,0,0,0,0,0,0,0,0,0,0.7138,0.4930,5,2,0,0.5048,0.4769,8,0,0
631,21.0,1337,1068,18,236,1099,0,2,5,114.26,0.998,1.165,0.102,0.252,0.144,-0.870,1.666,0.3683,2.2767,0.654,0.140,0.034,0.084,-0.047,81,134,176,0,0,0,51413.23,3214.810,34196.862,124.365,963.456,11.891,8735.983,14100.898,10.047,15938.811,12751.049,6157.923,634.960,708.651,0.000123,-0.006700,185,0,144,32,176,144,5158,69,32,121.955,0,0,0,0,0,0,0,7,3,3,0,0,1,2,31043,1574,116,39418.170,33765.453,960.354,2.410,121.955,7967.149,13531.061,121.081,359,274,131,143,0,25380,487,29,0,567.500,365.336,0.000,0.000,0.000,89.608,180.042,0.000,4,4,3,1,0,1261,60,1,0,25.000,8.412,0.000,0.000,0.000,8.595,13.570,0.087,0,0,0,0,0,0,0,0,0,0.000,0.000,0.000,0.000,0.000,0.000,0.000,0.000,0,0,0,0,0,0,0,0,0,0.000,0.000,0.000,0.000,0.000,0.000,0.000,0.000,0,0,0,0,0,0,0,0,0,0.000,0.000,0.000,0.000,0.000,0.000,0.000,0.000,0,0,0,0,0,0,0,0,0,0,0,0,0,0,0,0,0,0,601,1262,1262,5,0,3680,1104,218,3313,1810,273,201,141,0,0,0,0,21395,9538,1931,10176,4369,906,19,0,0,0,0,0,185.553,7.234,10084.641,658.400,0,132,0,526,166,941,1630,522,166,95,19,18,42,32,30,495,109,107,133,201,54,2,0,0,0,0,0,0,0,0,0,0,0,29,72,6,15,0,0,0,0,280,118,70,27,0,0,0,0,0,0,0,0,0,0,0,0,0,0,0,0,0,0,0,0,0.6219,0.5351,4,1,0,0.4801,0.4375,8,0,0
661,22.0,1414,958,18,232,1180,0,2,6,111.07,1.031,1.186,0.100,0.255,0.137,-0.875,1.685,0.3639,2.2972,0.665,0.121,0.036,0.084,-0.041,72,131,214,0,1,0,52906.39,3315.672,36459.883,116.020,1216.833,14.730,9588.429,15896.876,11.418,17762.692,14210.154,7555.747,849.297,944.117,0.000104,-0.006242,231,0,179,35,214,179,5385,85,35,112.703,0,0,0,0,0,0,0,6,1,1,0,0,1,0,33582,1674,146,42272.477,36296.890,1200.261,3.317,112.703,8839.107,15376.249,138.283,391,309,130,178,1,26552,397,7,0,157.500,102.181,0.000,0.000,0.000,75.465,136.075,0.000,0,2,1,1,0,967,60,1,0,25.000,8.412,0.000,0.000,0.000,8.727,15.663,0.029,0,0,0,0,0,0,0,0,0,0.000,0.000,0.000,0.000,0.000,0.000,0.000,0.000,0,0,0,0,0,0,0,0,0,0.000,0.000,0.000,0.000,0.000,0.000,0.000,0.000,0,0,0,0,0,0,0,0,0,0.000,0.000,0.000,0.000,0.000,0.000,0.000,0.000,0,0,0,0,0,0,1,0,0,0,0,0,0,0,0,0,0,0,601,1262,1262,5,0,3801,1008,233,3081,1547,357,213,191,8,0,0,0,23587,10555,2323,10452,5028,861,0,0,0,0,0,0,161.148,8.642,11683.647,715.697,3,145,0,519,160,909,1698,573,162,87,16,18,49,37,25,529,102,99,168,223,59,2,0,0,0,0,0,0,0,0,0,0,0,34,74,7,14,0,0,0,0,313,121,91,24,0,0,0,0,0,0,0,0,0,0,0,0,0,0,0,0,0,0,0,0,0.6733,0.5812,5,2,0,0.4448,0.4616,9,0,0
691,23.0,1410,938,18,251,1157,0,2,4,96.02,1.047,1.185,0.095,0.249,0.146,-0.880,1.697,0.3689,2.2699,0.650,0.112,0.024,0.085,-0.038,90,181,239,0,0,0,51813.21,3573.346,35422.915,70.686,834.981,13.828,10222.912,16537.865,9.919,17619.018,14095.214,8369.471,489.287,1006.863,0.000142,-0.007416,176,0,220,19,239,220,5608,66,19,67.070,0,0,0,0,0,0,0,3,0,0,0,0,0,0,35060,1620,110,40519.584,35231.224,831.198,3.615,67.070,9467.252,16018.749,160.126,376,397,178,219,0,32848,302,7,0,140.000,83.349,0.000,0.000,0.000,60.825,108.344,0.000,0,4,3,1,0,1126,60,1,0,25.000,10.976,0.000,0.000,0.000,8.869,15.958,0.000,0,0,0,0,0,0,0,0,0,0.000,0.000,0.000,0.000,0.000,0.000,0.000,0.000,0,0,0,0,0,0,0,0,0,0.000,0.000,0.000,0.000,0.000,0.000,0.000,0.000,0,0,0,0,0,0,0,0,0,0.000,0.000,0.000,0.000,0.000,0.000,0.000,0.000,0,0,0,0,0,0,2,0,0,0,0,0,0,0,0,0,0,0,601,1262,1262,5,0,4028,1034,371,2979,1407,348,240,239,1,0,0,0,25658,11013,2020,9764,4595,707,0,0,0,0,0,0,162.799,13.551,12083.166,641.792,0,124,0,538,154,948,1660,547,147,99,29,13,50,36,24,509,100,139,186,183,40,2,0,0,0,0,0,0,0,0,0,0,0,30,82,5,6,0,0,0,0,317,113,94,24,0,0,0,0,0,0,0,0,0,0,0,0,0,0,0,0,0,0,0,0,0.7411,0.5434,4,2,0,0.5822,0.4411,9,0,0
721,24.0,1335,1031,18,248,1085,0,2,11,104.45,1.053,1.180,0.096,0.244,0.150,-0.883,1.717,0.3452,2.2287,0.621,0.105,0.030,0.084,-0.033,84,191,239,0,1,0,50868.96,3490.753,34209.297,94.488,1183.086,14.047,9975.540,15715.867,10.291,15066.845,12053.476,8305.228,694.342,1024.154,0.000145,-0.007753,172,0,200,39,239,200,6032,8,39,91.550,0,0,0,0,0,0,0,10,0,0,0,0,0,0,33468,1570,159,39460.484,34012.318,1161.285,2.938,91.550,9193.831,15186.868,158.370,317,391,191,199,1,34551,260,9,5,231.942,125.377,15.244,0.000,0.000,56.100,91.320,0.000,1,1,0,1,0,714,60,1,0,25.000,8.412,0.000,0.000,0.000,8.981,15.975,0.000,0,0,0,0,0,0,0,0,0,0.000,0.000,0.000,0.000,0.000,0.000,0.000,0.000,0,0,0,0,0,0,0,0,0,0.000,0.000,0.000,0.000,0.000,0.000,0.000,0.000,0,0,0,0,0,0,0,0,0,0.000,0.000,0.000,0.000,0.000,0.000,0.000,0.000,0,0,0,0,0,0,2,0,0,0,0,0,0,0,0,0,0,0,601,1262,1262,5,0,4316,1231,523,3004,1653,361,217,164,22,0,0,0,24834,10752,2352,8954,3815,895,0,0,0,0,0,0,191.447,16.590,11291.400,762.715,4,171,0,526,143,1026,1602,493,169,98,36,11,41,36,26,472,112,119,150,154,78,2,0,0,0,0,0,0,0,0,0,0,0,28,78,6,2,0,0,0,0,233,150,108,10,0,0,0,0,0,0,0,0,0,0,0,0,0,0,0,0,0,0,0,0,0.7060,0.5151,4,1,0,0.5621,0.4235,8,0,0
751,25.0,1405,1060,18,250,1153,0,2,16,105.74,1.075,1.198,0.103,0.236,0.144,-0.885,1.708,0.3500,2.1990,0.677,0.104,0.028,0.082,-0.025,75,159,191,0,0,0,53958.04,3687.690,37780.742,82.325,1396.975,13.486,9945.850,15812.948,17.564,17995.626,14396.501,7067.580,1133.310,885.298,0.000146,-0.008709,176,0,163,28,191,163,5747,6,28,79.257,0,0,0,0,0,0,0,10,0,0,0,0,0,0,32845,1722,170,43695.459,37543.247,1395.612,3.069,79.257,9171.284,15332.247,143.429,390,319,157,162,0,30329,206,13,0,272.500,161.077,0.000,0.000,0.000,43.683,62.994,0.000,0,3,2,1,0,483,60,0,0,0.000,0.000,0.000,0.000,0.000,9.100,15.719,0.000,0,0,0,0,0,0,0,0,0,0.000,0.000,0.000,0.000,0.000,0.000,0.000,0.000,0,0,0,0,0,0,0,0,0,0.000,0.000,0.000,0.000,0.000,0.000,0.000,0.000,0,0,0,0,0,0,0,0,0,0.000,0.000,0.000,0.000,0.000,0.000,0.000,0.000,0,0,0,0,0,0,0,0,0,0,0,0,0,0,0,0,0,0,751,1405,1405,39,0,4482,1464,570,2934,1662,274,179,101,0,0,0,0,24453,10833,2403,8658,3845,698,0,0,0,0,0,0,191.764,12.485,11292.322,715.190,4,142,2,520,197,1078,1766,525,148,114,25,18,41,29,23,494,96,108,144,213,98,2,0,0,0,0,0,0,0,0,0,0,0,28,75,6,2,0,0,0,0,254,197,105,7,0,0,0,0,0,0,0,0,0,0,0,0,0,0,0,0,0,0,0,0,0.6955,0.4677,5,1,0,0.5219,0.3578,9,0,0
781,26.0,1458,974,18,249,1207,0,2,20,109.57,1.091,1.219,0.113,0.249,0.140,-0.889,1.707,0.3587,2.2463,0.648,0.092,0.026,0.083,-0.020,76,169,238,0,1,0,56986.11,3811.740,41403.225,123.860,1277.922,12.813,10927.383,17288.780,24.303,19768.148,15814.519,8147.852,1042.874,925.933,0.000146,-0.009460,131,0,195,43,238,195,6166,5,43,120.564,0,0,0,0,0,0,0,13,0,0,0,0,0,0,35585,1881,124,47599.522,41276.748,1271.331,3.295,120.564,10171.196,16758.191,195.871,419,363,167,195,1,35808,146,5,2,101.770,51.224,6.556,0.000,0.000,34.688,46.760,0.000,0,2,2,0,0,590,60,1,0,25.000,8.412,0.000,0.000,0.000,9.228,15.772,0.000,0,0,0,0,0,0,0,0,0,0.000,0.000,0.000,0.000,0.000,0.000,0.000,0.000,0,0,0,0,0,0,0,0,0,0.000,0.000,0.000,0.000,0.000,0.000,0.000,0.000,0,0,0,0,0,0,0,0,0,0.000,0.000,0.000,0.000,0.000,0.000,0.000,0.000,0,0,0,0,0,0,0,0,0,0,0,0,0,0,0,0,0,0,751,1405,1405,39,0,4453,1846,385,2908,1730,246,150,90,0,0,0,0,26473,11676,2217,9318,3939,691,0,0,0,0,0,0,214.624,8.536,12241.077,759.222,1,152,0,567,182,1074,1909,619,166,115,31,21,46,19,17,527,92,113,146,234,95,2,0,0,0,0,0,0,0,0,0,0,0,28,68,5,2,0,0,0,0,313,169,77,29,0,0,0,0,0,0,0,0,0,0,0,0,0,0,0,0,0,0,0,0,0.6919,0.5037,5,2,0,0.5091,0.3969,9,1,0
811,27.0,1458,1007,18,252,1204,0,2,21,114.20,1.104,1.223,0.126,0.258,0.145,-0.892,1.715,0.3636,2.2431,0.630,0.067,0.027,0.083,-0.018,80,170,251,0,2,0,56062.39,3824.665,39883.152,96.367,1234.780,13.052,11274.854,18485.786,26.352,18256.068,14604.855,9148.723,957.350,1183.627,0.000172,-0.010970,202,0,224,27,251,224,5980,58,27,92.788,0,0,0,0,0,0,0,17,1,1,0,0,1,0,35950,1813,144,45901.971,39812.984,1231.239,3.580,92.788,10537.463,17998.648,195.820,389,392,168,222,2,35012,87,3,0,57.500,32.058,0.000,0.000,0.000,20.218,13.330,0.000,0,2,0,2,0,1589,60,2,0,50.000,21.952,0.000,0.000,0.000,9.328,15.925,0.029,0,0,0,0,0,0,0,0,0,0.000,0.000,0.000,0.000,0.000,0.000,0.000,0.000,0,0,0,0,0,0,0,0,0,0.000,0.000,0.000,0.000,0.000,0.000,0.000,0.000,0,0,0,0,0,0,0,0,0,0.000,0.000,0.000,0.000,0.000,0.000,0.000,0.000,0,0,0,0,0,0,2,0,0,0,0,0,0,0,0,0,0,0,751,1405,1405,39,0,4626,1848,503,2709,1595,264,167,90,18,0,0,0,26528,12004,2370,9569,4649,687,0,0,0,0,0,0,200.259,11.711,13473.444,778.206,6,137,0,593,187,1089,1836,595,180,122,22,18,49,26,15,559,113,72,152,240,68,2,0,0,0,0,0,0,0,0,0,0,0,29,73,6,0,0,0,0,0,273,160,90,9,0,0,0,0,0,0,0,0,0,0,0,0,0,0,0,0,0,0,0,0,0.6150,0.5183,4,1,0,0.5670,0.5297,10,1,0
841,28.0,1501,863,18,255,1244,0,2,22,111.18,1.116,1.229,0.141,0.262,0.143,-0.894,1.704,0.3614,2.2436,0.635,0.067,0.027,0.082,-0.017,83,183,229,0,1,0,57652.44,3801.508,43249.465,88.926,2082.236,13.600,11972.044,19284.484,30.699,19992.676,15994.141,8292.472,890.182,1081.433,0.000141,-0.010242,268,0,202,27,229,202,6005,21,27,85.530,0,0,0,0,0,0,0,10,2,2,0,0,2,0,37370,1955,247,50429.163,43205.767,2071.988,3.396,85.530,11230.054,18768.482,221.404,426,385,183,201,1,37757,54,1,0,7.500,4.208,0.000,0.000,0.000,13.723,7.722,0.000,0,1,0,1,0,420,60,1,0,25.000,8.412,0.000,0.000,0.000,9.443,15.869,0.058,0,0,0,0,0,0,0,0,0,0.000,0.000,0.000,0.000,0.000,0.000,0.000,0.000,0,0,0,0,0,0,0,0,0,0.000,0.000,0.000,0.000,0.000,0.000,0.000,0.000,0,0,0,0,0,0,0,0,0,0.000,0.000,0.000,0.000,0.000,0.000,0.000,0.000,0,0,0,0,0,0,0,0,0,0,0,0,0,0,0,0,0,0,751,1405,1405,39,0,4699,1994,428,2713,1708,196,199,109,30,0,0,0,27498,12680,2534,9986,5153,747,0,0,0,0,0,0,208.369,12.327,14317.390,855.205,2,156,0,564,195,1070,1973,648,189,125,25,20,42,27,16,610,112,99,152,206,65,2,0,0,0,0,0,0,0,0,0,0,0,27,75,3,0,0,0,0,0,285,164,59,14,0,0,0,0,0,0,0,0,0,0,0,0,0,0,0,0,0,0,0,0,0.6446,0.5183,4,1,0,0.6079,0.4911,9,2,0
871,29.0,1475,876,18,226,1248,0,1,19,113.54,1.137,1.249,0.152,0.259,0.133,-0.896,1.696,0.3720,2.2112,0.684,0.066,0.025,0.080,-0.018,67,179,281,0,1,0,56162.69,3650.529,41211.814,166.493,1335.491,13.634,12037.353,19580.688,28.024,19075.944,15260.756,9539.878,453.322,1064.132,0.000168,-0.008651,200,0,222,59,281,222,5773,7,59,163.486,0,0,0,0,0,0,0,27,0,0,0,0,0,0,37321,1875,193,47159.932,41108.278,1334.749,3.007,163.486,11321.090,19060.155,229.388,403,401,178,222,1,36845,58,3,0,57.500,33.718,0.000,0.000,0.000,16.416,10.127,0.000,0,0,0,0,0,0,49,1,0,25.000,10.976,0.000,0.000,0.000,7.682,10.797,0.000,0,1,1,0,0,860,0,0,0,0.000,0.000,0.000,0.000,0.000,0.000,0.000,0.000,0,0,0,0,0,0,0,0,0,0.000,0.000,0.000,0.000,0.000,0.000,0.000,0.000,0,0,0,0,0,0,0,0,0,0.000,0.000,0.000,0.000,0.000,0.000,0.000,0.000,0,0,0,0,0,0,2,0,0,0,0,0,0,0,0,0,0,0,751,1405,1405,39,0,4431,1987,416,2716,1623,197,163,120,8,0,0,0,27419,13132,2420,10009,4877,962,0,0,0,0,0,0,209.084,14.673,14603.816,872.211,4,123,1,621,175,1113,1896,643,172,121,16,17,35,21,16,591,125,72,154,238,68,1,0,0,0,0,0,0,0,0,0,0,0,31,55,3,0,0,0,0,0,308,141,61,22,0,0,0,0,0,0,0,0,0,0,0,0,0,0,0,0,0,0,0,0,0.7599,0.5373,3,1,0,0.5836,0.4600,7,1,0
901,30.0,1447,854,18,225,1221,0,1,17,95.93,1.142,1.249,0.157,0.252,0.134,-0.898,1.679,0.3747,2.1938,0.686,0.053,0.034,0.080,-0.020,83,187,284,0,5,0,56169.76,3467.486,42483.774,106.834,966.166,12.838,11936.516,18592.760,20.040,19481.361,15585.089,10040.244,433.522,1131.666,0.000153,-0.008345,132,0,244,40,284,244,5374,4,40,103.257,0,0,0,0,0,0,0,25,0,0,0,0,0,0,36867,1926,128,48157.132,42406.121,965.811,3.578,103.257,11275.648,18082.222,232.451,408,435,186,244,5,37197,60,1,0,25.000,14.441,0.000,0.000,0.000,16.999,9.493,0.000,0,0,0,0,0,0,30,0,0,0.000,0.000,0.000,0.000,0.000,4.507,2.594,0.000,0,0,0,0,0,0,0,0,0,0.000,0.000,0.000,0.000,0.000,0.000,0.000,0.000,0,0,0,0,0,0,0,0,0,0.000,0.000,0.000,0.000,0.000,0.000,0.000,0.000,0,0,0,0,0,0,0,0,0,0.000,0.000,0.000,0.000,0.000,0.000,0.000,0.000,0,0,0,0,0,0,0,0,0,0,0,0,0,0,0,0,0,0,901,1447,1444,267,1,3832,1880,223,2755,1633,215,125,125,0,0,0,0,27899,12514,2417,9058,4177,819,0,0,0,0,0,0,213.438,11.331,13544.802,795.735,0,147,3,615,202,1108,1947,626,176,129,14,13,37,16,16,499,106,143,191,198,84,1,0,0,0,0,0,0,0,0,0,0,0,33,48,1,0,0,0,0,0,322,168,90,34,0,0,0,2,0,0,0,0,0,0,0,0,0,0,0,0,0,0,0,0,0.6324,0.5156,8,1,0,0.5034,0.4188,10,1,0
931,31.0,1480,796,18,210,1269,0,1,15,113.58,1.153,1.260,0.155,0.247,0.128,-0.898,1.666,0.3866,2.2083,0.682,0.076,0.026,0.079,-0.022,81,179,222,0,3,0,58292.63,3332.005,42757.281,109.340,1224.266,13.581,12237.044,18697.342,19.573,19324.780,15459.825,7844.539,520.268,892.033,0.000215,-0.008234,162,0,184,38,222,184,4669,2,38,107.016,0,0,0,0,0,0,0,14,0,0,0,0,0,0,37382,1915,160,48669.714,42726.793,1222.312,2.324,107.016,11583.859,18180.496,229.025,414,366,179,184,3,34652,66,1,0,7.500,4.835,0.000,0.000,0.000,19.167,20.324,0.000,0,0,0,0,0,0,30,0,0,0.000,0.000,0.000,0.000,0.000,4.563,2.954,0.000,0,0,0,0,0,0,0,0,0,0.000,0.000,0.000,0.000,0.000,0.000,0.000,0.000,0,0,0,0,0,0,0,0,0,0.000,0.000,0.000,0.000,0.000,0.000,0.000,0.000,0,0,0,0,0,0,0,0,0,0.000,0.000,0.000,0.000,0.000,0.000,0.000,0.000,0,0,0,0,0,0,0,0,0,0,0,0,0,0,0,0,0,0,901,1447,1444,267,1,3871,2150,271,2604,1546,307,150,150,0,0,0,0,28570,12356,2560,8908,4081,725,0,0,0,0,0,0,221.161,10.533,13480.682,828.592,4,109,0,557,190,1122,1927,615,194,123,25,11,29,11,11,574,124,122,165,235,49,1,0,0,0,0,0,0,0,0,0,0,0,20,41,1,0,0,0,0,0,340,134,71,25,0,0,0,1,0,0,0,0,0,0,0,0,0,0,0,0,0,0,0,0,0.6913,0.5888,8,1,0,0.4819,0.4649,9,1,0
961,32.0,1475,888,18,205,1269,0,1,15,116.29,1.163,1.263,0.157,0.249,0.128,-0.901,1.649,0.3699,2.1926,0.686,0.073,0.022,0.079,-0.021,83,172,231,0,6,0,56563.51,3095.357,40459.922,119.956,899.721,13.586,12542.664,19703.363,22.135,17842.940,14274.352,8293.439,369.230,904.942,0.000184,-0.007350,119,0,193,38,231,193,4499,2,38,117.681,0,0,0,0,0,0,0,3,0,0,0,0,0,0,38213,1806,115,45454.388,40355.769,885.365,2.275,117.681,11920.121,19168.886,233.413,371,370,171,193,6,35903,82,5,2,126.660,71.248,11.068,0.000,0.000,25.902,22.294,0.000,0,1,1,0,0,110,30,0,0,0.000,0.000,0.000,0.000,0.000,4.626,3.973,0.000,0,0,0,0,0,0,0,0,0,0.000,0.000,0.000,0.000,0.000,0.000,0.000,0.000,0,0,0,0,0,0,0,0,0,0.000,0.000,0.000,0.000,0.000,0.000,0.000,0.000,0,0,0,0,0,0,0,0,0,0.000,0.000,0.000,0.000,0.000,0.000,0.000,0.000,0,0,0,0,0,0,0,0,0,0,0,0,0,0,0,0,0,0,901,1447,1444,267,1,3801,2162,396,2234,1518,185,143,143,0,0,0,0,28435,13192,2702,9890,4728,984,0,0,0,0,0,0,237.134,11.937,14662.293,943.151,3,160,1,625,172,1120,1825,589,188,125,20,11,26,15,8,566,113,117,183,243,47,1,0,0,0,0,0,0,0,0,0,0,0,17,41,2,0,0,0,0,0,363,115,92,19,0,0,0,1,0,0,0,0,0,0,0,0,0,0,0,0,0,0,0,0,0.6957,0.5920,8,1,0,0.4969,0.4717,9,0,0
991,33.0,1490,811,18,189,1300,0,1,13,114.46,1.179,1.275,0.149,0.253,0.120,-0.900,1.658,0.3826,2.2294,0.702,0.069,0.023,0.078,-0.021,96,176,245,0,2,0,57336.07,3102.152,43821.980,139.927,945.203,10.622,12743.788,19161.203,18.245,19428.893,15543.115,8570.784,969.684,942.019,0.000121,-0.007319,123,0,194,51,245,194,4390,5,51,137.175,0,0,0,0,0,0,0,8,0,0,0,0,0,0,38609,1971,113,49405.064,43786.098,923.913,2.753,137.175,12150.247,18680.496,204.510,403,371,176,193,2,35396,40,0,5,32.780,0.000,18.936,0.000,0.000,14.954,9.477,0.000,0,1,0,1,0,46,30,0,0,0.000,0.000,0.000,0.000,0.000,4.677,2.659,0.000,0,0,0,0,0,0,0,0,0,0.000,0.000,0.000,0.000,0.000,0.000,0.000,0.000,0,0,0,0,0,0,0,0,0,0.000,0.000,0.000,0.000,0.000,0.000,0.000,0.000,0,0,0,0,0,0,0,0,0,0.000,0.000,0.000,0.000,0.000,0.000,0.000,0.000,0,0,0,0,0,0,0,0,0,0,0,0,0,0,0,0,0,0,901,1447,1444,267,1,3632,1900,292,2255,1585,87,93,93,0,0,0,0,28857,12175,2668,9822,4572,812,0,0,0,0,0,0,223.218,7.849,13697.657,909.339,2,173,1,605,188,1111,1981,584,204,111,8,18,30,10,12,571,103,96,192,275,63,1,0,0,0,0,0,0,0,0,0,0,0,19,38,13,0,0,0,0,0,370,170,76,10,0,0,0,0,0,0,0,0,0,0,0,0,0,0,0,0,0,0,0,0,0.7181,0.5352,6,1,0,0.5074,0.4915,9,0,0
1021,34.0,1469,777,18,183,1285,0,1,5,99.38,1.189,1.280,0.141,0.251,0.120,-0.902,1.643,0.3767,2.2162,0.721,0.055,0.029,0.077,-0.018,79,186,239,0,7,0,56018.98,2986.124,41673.858,98.862,1244.373,13.189,12775.570,19694.553,12.558,18326.306,14661.045,8096.328,885.330,946.329,0.000213,-0.007411,182,0,206,33,239,206,4370,3,33,95.458,0,0,0,0,0,0,0,7,0,0,0,0,0,0,38560,1882,179,47589.422,41642.968,1244.365,3.404,95.458,12231.648,19268.761,191.272,382,398,185,206,7,35726,30,0,0,0.000,0.000,0.000,0.000,0.000,11.718,7.016,0.000,0,0,0,0,0,0,30,0,0,0.000,0.000,0.000,0.000,0.000,4.730,2.398,0.000,0,0,0,0,0,0,0,0,0,0.000,0.000,0.000,0.000,0.000,0.000,0.000,0.000,0,0,0,0,0,0,0,0,0,0.000,0.000,0.000,0.000,0.000,0.000,0.000,0.000,0,0,0,0,0,0,0,0,0,0.000,0.000,0.000,0.000,0.000,0.000,0.000,0.000,0,0,0,0,0,0,1,0,0,0,0,0,0,0,0,0,0,0,901,1447,1444,267,1,3176,1507,380,2303,1610,53,81,81,0,0,0,0,29072,13004,2499,9548,4449,776,0,0,0,0,0,0,176.970,10.430,14349.904,839.639,2,138,0,571,190,1098,1893,643,161,106,19,16,21,10,11,608,111,112,193,202,59,1,0,0,0,0,0,0,0,0,0,0,0,17,26,15,0,0,0,0,0,306,156,87,17,0,0,0,0,0,0,0,0,0,0,0,0,0,0,0,0,0,0,0,0,0.7064,0.4960,6,2,0,0.5082,0.5089,8,0,0
1051,35.0,1454,834,15,186,1267,0,1,3,108.03,1.195,1.283,0.142,0.254,0.122,-0.903,1.632,0.4018,2.2540,0.707,0.065,0.029,0.076,-0.016,66,216,153,0,0,0,54054.30,3010.805,39129.941,68.073,1136.739,12.156,12783.773,20342.157,5.003,15871.292,12697.033,5621.578,1560.721,686.017,0.000167,-0.005822,156,0,129,24,153,129,4207,13,24,66.121,0,0,0,0,0,0,0,16,1,1,0,0,0,1,37998,1752,143,44293.935,39063.145,1116.460,1.952,66.121,12243.271,19947.460,165.123,327,345,216,129,0,32988,30,0,0,0.000,0.000,0.000,0.000,0.000,11.818,7.026,0.000,0,0,0,0,0,0,30,0,0,0.000,0.000,0.000,0.000,0.000,4.790,2.588,0.029,0,0,0,0,0,0,0,0,0,0.000,0.000,0.000,0.000,0.000,0.000,0.000,0.000,0,0,0,0,0,0,0,0,0,0.000,0.000,0.000,0.000,0.000,0.000,0.000,0.000,0,0,0,0,0,0,0,0,0,0.000,0.000,0.000,0.000,0.000,0.000,0.000,0.000,0,0,0,0,0,0,0,0,0,0,0,0,0,0,0,0,0,0,1051,1454,1454,11,0,2896,1325,299,2592,1840,66,60,60,0,0,0,0,27971,13556,2316,10073,5019,980,14,0,0,0,0,0,172.785,7.862,15225.624,873.182,3,161,0,561,195,1066,1765,600,174,111,8,22,23,10,12,626,118,119,156,172,76,1,0,0,0,0,0,0,0,0,0,0,0,19,30,16,0,0,0,0,2,276,145,88,14,0,0,0,0,0,0,0,0,0,0,0,0,0,0,0,0,0,0,0,0,0.6254,0.4989,6,1,0,0.5634,0.5076,9,0,0
1081,36.0,1418,832,15,203,1215,0,0,7,107.80,1.185,1.275,0.143,0.244,0.132,-0.902,1.600,0.4308,2.2505,0.704,0.054,0.030,0.079,-0.016,76,268,164,0,1,0,53776.93,3010.616,41181.450,33.854,773.494,8.934,12752.203,20063.418,3.886,17720.131,14176.105,5891.323,1534.783,713.640,0.000121,-0.006211,102,0,153,11,164,153,4633,0,11,32.206,0,0,0,0,0,0,0,14,1,1,0,0,1,0,37407,1861,102,46357.805,41174.608,773.494,1.648,32.206,12195.062,19585.447,229.978,369,421,267,153,1,41456,30,0,0,0.000,0.000,0.000,0.000,0.000,11.958,7.037,0.000,0,0,0,0,0,0,19,0,0,0.000,0.000,0.000,0.000,0.000,3.065,1.834,0.029,0,1,1,0,0,1070,0,0,0,0.000,0.000,0.000,0.000,0.000,0.000,0.000,0.000,0,0,0,0,0,0,0,0,0,0.000,0.000,0.000,0.000,0.000,0.000,0.000,0.000,0,0,0,0,0,0,0,0,0,0.000,0.000,0.000,0.000,0.000,0.000,0.000,0.000,0,0,0,0,0,0,0,0,0,0,0,0,0,0,0,0,0,0,1051,1454,1454,11,0,2934,1442,252,2730,1930,103,60,60,0,0,0,0,27100,12086,2169,10326,5584,867,30,0,0,0,0,0,190.860,8.318,14593.762,811.667,2,156,0,555,181,1127,1865,553,159,118,15,18,28,8,16,559,112,93,137,240,74,0,0,0,0,0,0,0,0,0,0,0,0,19,40,11,0,0,0,0,0,315,150,64,15,0,0,0,0,0,0,0,0,0,0,0,0,0,0,0,0,0,0,0,0,0.6632,0.5159,7,1,0,0.5268,0.5059,9,1,0
1111,37.0,1390,746,15,212,1178,0,0,5,114.39,1.176,1.267,0.150,0.227,0.139,-0.901,1.611,0.4227,2.2662,0.696,0.047,0.029,0.080,-0.019,72,221,213,0,3,0,53790.27,3147.520,39999.660,53.061,1184.848,9.613,12003.566,18337.105,9.634,18386.583,14709.267,7557.715,681.615,919.952,0.000193,-0.006293,152,0,196,17,213,196,4662,0,17,51.377,0,0,0,0,0,0,0,0,0,0,0,0,0,0,35016,1808,152,45540.780,39957.010,1184.848,1.684,51.377,11407.927,17871.961,207.000,382,420,221,196,3,40963,30,1,0,25.000,14.441,0.000,0.000,0.000,12.180,7.042,0.000,0,0,0,0,0,0,0,0,0,0.000,0.000,0.000,0.000,0.000,0.000,0.000,0.000,0,0,0,0,0,0,0,0,0,0.000,0.000,0.000,0.000,0.000,0.000,0.000,0.000,0,0,0,0,0,0,0,0,0,0.000,0.000,0.000,0.000,0.000,0.000,0.000,0.000,0,0,0,0,0,0,0,0,0,0.000,0.000,0.000,0.000,0.000,0.000,0.000,0.000,0,0,0,0,0,0,1,0,0,0,0,0,0,0,0,0,0,0,1051,1454,1454,11,0,3223,1482,250,2917,2006,105,60,60,0,0,0,0,25379,11195,2315,9666,4701,767,1,0,0,0,0,0,194.571,8.306,13233.224,791.394,7,132,0,525,168,1037,1816,546,167,123,7,12,38,11,21,518,87,105,186,222,60,0,0,0,0,0,0,0,0,0,0,0,0,18,54,10,0,0,0,0,0,354,121,82,14,0,0,0,2,0,0,0,0,0,0,0,0,0,0,0,0,0,0,0,0,0.6719,0.5598,8,3,0,0.4895,0.5041,9,0,0
1141,38.0,1415,728,15,235,1180,0,0,4,113.60,1.174,1.263,0.159,0.208,0.149,-0.902,1.588,0.4391,2.2906,0.690,0.051,0.023,0.083,-0.018,88,193,157,0,1,0,53203.52,3339.318,36552.502,40.639,938.416,11.330,12243.688,17965.011,6.546,16807.228,13445.783,5536.335,738.122,668.068,0.000164,-0.006353,130,0,142,15,157,142,4697,8,15,38.999,0,0,0,0,0,0,0,0,0,0,0,0,0,0,35323,1665,122,41357.690,36505.004,932.088,1.641,38.999,11614.243,17501.897,191.124,338,336,193,142,1,36897,30,1,0,25.000,14.441,0.000,0.000,0.000,12.291,7.042,0.000,0,0,0,0,0,0,0,0,0,0.000,0.000,0.000,0.000,0.000,0.000,0.000,0.000,0,0,0,0,0,0,0,0,0,0.000,0.000,0.000,0.000,0.000,0.000,0.000,0.000,0,0,0,0,0,0,0,0,0,0.000,0.000,0.000,0.000,0.000,0.000,0.000,0.000,0,0,0,0,0,0,0,0,0,0.000,0.000,0.000,0.000,0.000,0.000,0.000,0.000,0,0,0,0,0,0,0,0,0,0,0,0,0,0,0,0,0,0,1051,1454,1454,11,0,3408,1619,130,3134,2055,115,60,60,0,0,0,0,25695,10982,2029,9658,4148,770,0,0,0,0,0,0,202.444,5.712,12645.445,747.765,0,123,0,506,163,988,1675,500,151,127,8,18,40,12,30,516,84,107,197,227,49,0,0,0,0,0,0,0,0,0,0,0,0,19,71,10,0,0,0,0,0,367,121,78,14,0,0,0,0,0,0,0,0,0,0,0,0,0,0,0,0,0,0,0,0,0.7097,0.5583,9,2,0,0.4695,0.4388,9,0,0
1171,39.0,1376,736,15,250,1126,0,0,4,97.72,1.170,1.255,0.161,0.198,0.160,-0.903,1.582,0.4490,2.2984,0.725,0.044,0.028,0.084,-0.017,73,224,142,0,0,0,52086.52,3651.197,35246.801,34.462,1361.384,10.649,12345.604,18538.123,5.886,14646.629,11717.303,5076.457,434.182,719.881,0.000138,-0.006117,211,0,129,13,142,129,4439,29,13,32.783,0,0,0,0,0,0,0,0,0,0,0,0,0,0,34917,1590,182,40502.529,35179.977,1358.397,1.679,32.783,11665.697,18067.214,164.346,299,352,223,129,0,34133,18,0,0,0.000,0.000,0.000,0.000,0.000,7.482,4.230,0.000,0,1,1,0,0,1159,0,0,0,0.000,0.000,0.000,0.000,0.000,0.000,0.000,0.000,0,0,0,0,0,0,0,0,0,0.000,0.000,0.000,0.000,0.000,0.000,0.000,0.000,0,0,0,0,0,0,0,0,0,0.000,0.000,0.000,0.000,0.000,0.000,0.000,0.000,0,0,0,0,0,0,0,0,0,0.000,0.000,0.000,0.000,0.000,0.000,0.000,0.000,0,0,0,0,0,0,0,0,0,0,0,0,0,0,0,0,0,0,1051,1454,1454,11,0,3820,1711,252,3364,2110,64,24,24,0,0,0,0,24333,10539,1884,10602,4603,858,0,0,0,0,0,0,217.872,8.211,13147.170,732.047,2,113,0,514,165,929,1600,493,147,133,17,16,31,14,39,487,72,95,183,214,75,0,0,0,0,0,0,0,0,0,0,0,0,19,75,6,0,0,0,0,0,354,152,52,9,0,0,0,0,0,0,0,0,0,0,0,0,0,0,0,0,0,0,0,0,0.7634,0.5829,9,3,0,0.4564,0.4931,9,0,0
1201,40.0,1377,683,14,273,1104,0,0,7,115.67,1.166,1.244,0.174,0.188,0.170,-0.904,1.579,0.4434,2.3169,0.719,0.048,0.027,0.085,-0.019,76,186,132,0,0,0,51894.64,3932.164,35286.122,45.348,1171.545,11.195,12131.945,18446.488,7.168,14212.242,11369.794,4467.729,971.550,588.185,0.000130,-0.005077,159,0,116,16,132,116,4457,6,16,43.910,0,0,0,0,0,0,0,0,0,0,0,0,0,0,33595,1588,153,40142.990,35249.507,1161.055,1.438,43.910,11388.197,17946.225,146.222,280,302,186,116,0,30383,0,0,0,0.000,0.000,0.000,0.000,0.000,0.000,0.000,0.000,0,0,0,0,0,0,0,0,0,0.000,0.000,0.000,0.000,0.000,0.000,0.000,0.000,0,0,0,0,0,0,0,0,0,0.000,0.000,0.000,0.000,0.000,0.000,0.000,0.000,0,0,0,0,0,0,0,0,0,0.000,0.000,0.000,0.000,0.000,0.000,0.000,0.000,0,0,0,0,0,0,0,0,0,0.000,0.000,0.000,0.000,0.000,0.000,0.000,0.000,0,0,0,0,0,0,0,0,0,0,0,0,0,0,0,0,0,0,1201,1377,1376,81,0,4355,2123,237,3544,2202,212,0,0,0,0,0,0,22941,10104,1785,10654,4949,885,0,0,0,0,0,0,263.322,9.066,13261.331,753.976,3,124,0,498,145,899,1595,536,152,148,16,20,28,12,49,521,84,110,134,183,72,0,0,0,0,0,0,0,0,0,0,0,0,23,80,6,0,0,0,0,0,255,142,83,19,0,0,0,0,0,0,0,0,0,0,0,0,0,0,0,0,0,0,0,0,0.7408,0.4771,9,2,0,0.4708,0.5065,10,0,0
1231,41.0,1376,709,14,279,1097,0,0,8,114.61,1.167,1.246,0.185,0.182,0.175,-0.907,1.594,0.4418,2.2657,0.704,0.029,0.026,0.087,-0.018,88,192,135,0,3,0,50527.68,3975.077,33503.466,118.479,1257.616,9.917,12126.393,18176.394,11.548,14524.221,11619.377,4180.157,1060.714,503.933,0.000128,-0.005129,183,0,92,43,135,92,4563,31,43,117.556,0,0,0,0,0,0,0,0,0,0,0,0,0,0,32869,1492,152,38194.109,33497.344,1232.793,0.923,117.556,11333.347,17649.665,158.062,280,287,192,92,3,31930,0,0,0,0.000,0.000,0.000,0.000,0.000,0.000,0.000,0.000,0,0,0,0,0,0,0,0,0,0.000,0.000,0.000,0.000,0.000,0.000,0.000,0.000,0,0,0,0,0,0,0,0,0,0.000,0.000,0.000,0.000,0.000,0.000,0.000,0.000,0,0,0,0,0,0,0,0,0,0.000,0.000,0.000,0.000,0.000,0.000,0.000,0.000,0,0,0,0,0,0,0,0,0,0.000,0.000,0.000,0.000,0.000,0.000,0.000,0.000,0,0,0,0,0,0,0,0,0,0,0,0,0,0,0,0,0,0,1201,1377,1376,81,0,4762,2291,133,3670,2129,377,0,0,0,0,0,0,22255,9982,1855,10610,4857,810,4,0,0,0,0,0,262.448,10.638,13111.845,721.060,4,163,0,448,147,926,1495,501,141,141,18,23,27,22,48,474,114,106,145,178,80,0,0,0,0,0,0,0,0,0,0,0,0,29,83,8,0,0,0,0,0,263,135,91,20,0,0,0,0,0,0,0,0,0,0,0,0,0,0,0,0,0,0,0,0,0.6696,0.4915,8,1,0,0.4593,0.4722,10,0,0
1261,42.0,1365,681,14,297,1067,0,1,8,114.32,1.154,1.239,0.182,0.181,0.184,-0.908,1.600,0.4380,2.2507,0.664,0.024,0.030,0.088,-0.018,85,205,110,0,2,0,50446.82,3857.752,33401.621,39.406,1374.736,10.502,12094.613,17859.445,10.310,13651.056,10920.845,3425.030,761.513,498.513,0.000122,-0.004283,197,0,95,15,110,95,4663,31,15,38.521,0,0,0,0,0,0,0,0,0,0,0,0,0,0,32522,1473,166,38108.997,33395.030,1369.411,0.885,38.521,11279.545,17332.254,162.536,271,302,205,95,2,34167,0,0,0,0.000,0.000,0.000,0.000,0.000,0.000,0.000,0.000,0,0,0,0,0,0,0,0,0,0.000,0.000,0.000,0.000,0.000,0.000,0.000,0.000,0,0,0,0,0,0,0,0,0,0.000,0.000,0.000,0.000,0.000,0.000,0.000,0.000,0,0,0,0,0,0,0,0,0,0.000,0.000,0.000,0.000,0.000,0.000,0.000,0.000,0,0,0,0,0,0,0,0,0,0.000,0.000,0.000,0.000,0.000,0.000,0.000,0.000,0,0,0,0,0,0,1,1,0,0,0,0,0,0,0,0,0,0,1201,1377,1376,81,0,4919,2172,169,3701,2202,283,0,0,0,0,0,0,22047,10071,1979,10425,4508,975,50,12,6,0,0,0,260.032,9.758,12817.976,773.643,2,139,1,432,157,859,1476,440,136,147,12,28,29,30,51,473,92,87,138,201,76,1,0,0,0,0,0,0,0,0,0,0,0,34,93,10,1,0,0,0,0,281,129,78,14,0,0,0,0,0,0,0,0,0,0,0,0,0,0,0,0,0,0,0,0,0.6862,0.4870,8,1,0,0.4391,0.4389,10,0,0
1291,43.0,1289,679,14,296,992,0,1,12,132.02,1.145,1.227,0.190,0.181,0.194,-0.912,1.601,0.4488,2.2123,0.675,0.034,0.029,0.089,-0.018,82,227,118,0,1,0,48361.43,3896.141,29907.587,73.504,1739.386,8.979,11513.243,16645.575,13.249,12021.737,9617.389,4094.235,711.883,580.095,0.000174,-0.003230,284,0,89,29,116,89,4633,65,27,72.214,0,0,0,0,0,0,0,1,0,0,0,0,0,0,30714,1326,217,34629.862,29842.449,1734.348,1.284,72.214,10680.610,16149.381,151.685,241,316,226,89,1,38594,0,0,0,0.000,0.000,0.000,0.000,0.000,0.000,0.000,0.000,0,0,0,0,0,0,30,2,2,19.621,6.174,1.902,0.000,0.000,4.737,5.004,0.000,0,0,0,0,0,0,0,0,0,0.000,0.000,0.000,0.000,0.000,0.000,0.000,0.000,0,0,0,0,0,0,0,0,0,0.000,0.000,0.000,0.000,0.000,0.000,0.000,0.000,0,0,0,0,0,0,0,0,0,0.000,0.000,0.000,0.000,0.000,0.000,0.000,0.000,0,0,0,0,0,0,0,0,0,0,0,0,0,0,0,0,0,0,1201,1377,1376,81,0,5195,1999,169,3600,2054,262,0,0,0,0,0,0,20351,9186,1503,10326,4524,875,67,48,3,0,0,0,227.494,10.791,11899.684,648.995,3,129,0,443,131,762,1338,431,111,134,18,26,44,25,49,428,65,68,152,208,71,0,1,0,0,0,0,0,0,0,0,0,0,40,88,11,5,0,0,0,0,250,157,79,13,0,0,0,0,0,0,0,0,0,0,0,0,0,0,0,0,0,0,0,0,0.6351,0.4883,8,1,0,0.4003,0.4084,9,0,0
1321,44.0,1247,619,14,303,943,0,1,14,138.59,1.135,1.216,0.187,0.176,0.203,-0.909,1.600,0.4610,2.2592,0.675,0.030,0.030,0.090,-0.016,71,195,131,0,2,0,46160.11,3783.596,28420.499,71.554,1320.747,8.572,11057.381,15178.658,20.392,12608.473,10086.779,4393.443,737.660,567.746,0.000105,-0.002661,204,0,102,29,131,102,5107,35,29,70.091,0,0,0,0,0,0,0,0,0,0,0,0,0,0,29357,1270,166,32741.016,28404.492,1314.616,1.463,70.091,10195.611,14638.782,177.525,249,299,195,102,2,33743,0,0,0,0.000,0.000,0.000,0.000,0.000,0.000,0.000,0.000,0,0,0,0,0,0,30,1,3,20.207,3.087,5.230,0.000,0.000,4.736,1.932,0.000,0,0,0,0,0,0,0,0,0,0.000,0.000,0.000,0.000,0.000,0.000,0.000,0.000,0,0,0,0,0,0,0,0,0,0.000,0.000,0.000,0.000,0.000,0.000,0.000,0.000,0,0,0,0,0,0,0,0,0,0.000,0.000,0.000,0.000,0.000,0.000,0.000,0.000,0,0,0,0,0,0,1,0,0,0,0,0,0,0,0,0,0,0,1201,1377,1376,81,0,5309,1978,348,3725,2206,266,0,0,0,0,0,0,18625,7625,1439,10672,4453,822,90,67,14,0,0,0,249.363,14.999,10374.793,590.878,3,98,0,377,118,719,1274,402,118,148,23,24,36,18,54,374,75,72,165,197,60,0,0,0,1,0,0,0,0,0,0,0,0,36,83,11,2,0,0,0,0,284,130,65,15,0,0,0,0,0,1,0,0,0,0,0,0,0,0,0,0,0,0,0,0,0.6970,0.5114,8,2,0,0.4029,0.4186,8,0,0
1351,45.0,1210,541,12,300,909,0,1,8,116.46,1.132,1.213,0.190,0.171,0.206,-0.908,1.595,0.4548,2.3149,0.690,0.027,0.033,0.092,-0.014,88,155,143,0,7,0,44702.30,3655.023,28049.616,70.716,1017.436,12.944,10577.883,14502.218,20.635,12029.680,9623.744,4542.619,654.542,529.325,0.000119,-0.002716,157,0,114,29,143,114,5021,20,29,69.199,0,0,0,0,0,0,0,0,0,0,0,0,0,0,28002,1253,137,31963.813,28001.803,1009.826,1.517,69.199,9703.852,13944.015,170.031,242,276,155,114,7,30705,0,0,0,0.000,0.000,0.000,0.000,0.000,0.000,0.000,0.000,0,0,0,0,0,0,30,2,0,15.000,6.174,0.000,0.000,0.000,4.755,3.933,0.000,0,0,0,0,0,0,0,0,0,0.000,0.000,0.000,0.000,0.000,0.000,0.000,0.000,0,0,0,0,0,0,0,0,0,0.000,0.000,0.000,0.000,0.000,0.000,0.000,0.000,0,0,0,0,0,0,0,0,0,0.000,0.000,0.000,0.000,0.000,0.000,0.000,0.000,0,0,0,0,0,0,0,0,0,0,0,0,0,0,0,0,0,0,1351,1210,1210,6,0,5193,2260,407,3968,2331,245,0,0,0,0,0,0,16685,6450,1478,11259,4539,1057,88,30,0,0,0,0,275.878,15.138,9643.409,678.164,6,110,0,369,130,686,1263,372,128,161,23,25,36,9,46,372,83,75,107,212,60,0,0,0,0,0,1,0,0,0,0,0,0,31,66,17,2,0,0,0,0,273,116,61,4,0,0,0,0,0,1,0,0,0,0,0,0,0,0,0,0,0,0,0,0,0.6626,0.5410,8,1,0,0.4497,0.4371,8,0,0
1381,46.0,1122,568,12,295,826,0,1,7,144.49,1.113,1.205,0.201,0.160,0.217,-0.905,1.586,0.4745,2.3023,0.690,0.024,0.034,0.091,-0.019,80,191,120,0,2,0,41024.67,3307.737,24700.091,100.346,1093.067,10.701,9984.770,14544.812,11.948,9814.172,7851.338,4223.439,562.636,495.364,0.000123,-0.002186,231,0,83,37,120,83,5284,88,37,99.008,0,0,0,0,0,0,0,0,0,0,0,0,0,0,26324,1109,141,28391.887,24649.563,1016.303,1.338,99.008,9143.281,13951.301,185.562,191,274,189,83,2,32410,0,0,0,0.000,0.000,0.000,0.000,0.000,0.000,0.000,0.000,0,0,0,0,0,0,30,0,2,5.715,0.000,2.352,0.000,0.000,4.778,4.424,0.000,0,0,0,0,0,0,0,0,0,0.000,0.000,0.000,0.000,0.000,0.000,0.000,0.000,0,0,0,0,0,0,0,0,0,0.000,0.000,0.000,0.000,0.000,0.000,0.000,0.000,0,0,0,0,0,0,0,0,0,0.000,0.000,0.000,0.000,0.000,0.000,0.000,0.000,0,0,0,0,0,0,0,0,0,0,0,0,0,0,0,0,0,0,1351,1210,1210,6,0,4683,2379,285,4131,2415,245,0,0,0,0,0,0,15401,6179,1405,10910,5368,1000,43,3,7,0,0,0,305.944,11.088,10091.990,642.334,5,96,1,354,120,670,1117,355,114,159,14,30,39,12,41,334,96,74,111,168,43,0,0,0,0,0,1,0,0,0,0,0,0,33,71,16,2,0,0,0,0,218,107,60,11,0,0,0,0,0,1,0,0,0,0,0,0,0,0,0,0,0,0,0,0,0.6089,0.4682,8,2,0,0.4833,0.4381,8,0,0
1411,47.0,1033,604,12,282,750,0,1,6,122.96,1.104,1.203,0.201,0.159,0.223,-0.900,1.596,0.4634,2.3498,0.686,0.032,0.035,0.092,-0.020,71,169,115,0,1,0,37477.95,3224.099,21995.945,96.022,885.335,8.815,9138.322,13535.731,8.509,8506.818,6805.454,3316.925,769.231,392.712,0.000176,-0.001029,231,0,72,43,115,72,5646,115,43,94.982,0,0,0,0,0,0,0,0,0,0,0,0,0,0,24031,989,116,25213.625,21940.085,780.403,1.039,94.982,8302.062,12964.522,178.812,164,240,167,72,1,26768,0,0,0,0.000,0.000,0.000,0.000,0.000,0.000,0.000,0.000,0,0,0,0,0,0,30,0,0,0.000,0.000,0.000,0.000,0.000,4.796,4.424,0.000,0,0,0,0,0,0,0,0,0,0.000,0.000,0.000,0.000,0.000,0.000,0.000,0.000,0,0,0,0,0,0,0,0,0,0.000,0.000,0.000,0.000,0.000,0.000,0.000,0.000,0,0,0,0,0,0,0,0,0,0.000,0.000,0.000,0.000,0.000,0.000,0.000,0.000,0,0,0,0,0,0,0,0,0,0,0,0,0,0,0,0,0,0,1351,1210,1210,6,0,4709,2301,202,4110,2421,279,0,0,0,0,0,0,14204,6679,1446,9857,4433,974,0,0,0,0,0,0,294.344,10.832,9642.896,664.333,0,109,0,313,117,605,999,367,98,153,12,27,46,11,33,387,62,61,77,126,37,0,0,0,0,0,1,0,0,0,0,0,0,38,68,6,5,0,0,0,0,141,94,48,18,0,0,0,0,0,1,0,0,0,0,0,0,0,0,0,0,0,0,0,0,0.5962,0.4888,8,2,0,0.5379,0.5215,8,0,0
1441,48.0,936,620,12,269,666,0,1,6,140.02,1.089,1.192,0.215,0.156,0.236,-0.900,1.605,0.4714,2.3966,0.682,0.033,0.033,0.092,-0.019,62,181,110,0,1,0,33659.91,2899.260,20686.403,122.702,811.069,8.601,8049.794,12737.303,9.307,8478.617,6782.894,3628.412,1029.815,376.039,0.000116,-0.001800,108,0,67,43,110,67,5664,5,43,121.964,0,0,0,0,0,0,0,0,0,0,0,0,0,0,21019,945,103,23806.502,20615.868,799.652,0.739,121.964,7257.991,12141.599,213.042,164,249,181,67,1,29103,0,0,0,0.000,0.000,0.000,0.000,0.000,0.000,0.000,0.000,0,0,0,0,0,0,30,0,0,0.000,0.000,0.000,0.000,0.000,4.753,3.504,0.000,0,0,0,0,0,0,0,0,0,0.000,0.000,0.000,0.000,0.000,0.000,0.000,0.000,0,0,0,0,0,0,0,0,0,0.000,0.000,0.000,0.000,0.000,0.000,0.000,0.000,0,0,0,0,0,0,0,0,0,0.000,0.000,0.000,0.000,0.000,0.000,0.000,0.000,0,0,0,0,0,0,1,0,0,0,0,0,0,0,0,0,0,0,1351,1210,1210,6,0,4581,2236,289,3717,2226,153,0,0,0,0,0,0,12266,6534,1188,8783,4409,794,0,0,0,0,0,0,294.742,8.810,9556.306,561.430,1,101,0,301,101,567,953,344,87,143,17,18,45,7,39,312,60,63,98,95,38,0,0,0,1,0,0,0,0,0,0,0,0,44,57,3,5,0,0,0,0,124,87,64,19,0,0,0,0,0,1,0,0,0,0,0,0,0,0,0,0,0,0,0,0,0.5215,0.4733,7,1,0,0.4745,0.4979,8,0,0
1471,49.0,864,591,12,241,622,0,1,2,141.63,1.103,1.202,0.242,0.152,0.231,-0.903,1.613,0.4467,2.3617,0.698,0.029,0.034,0.092,-0.018,66,144,110,0,2,0,31367.89,2586.113,19158.932,113.555,747.500,6.958,7367.530,10710.631,5.902,8160.450,6528.360,3348.513,743.285,342.676,0.000101,-0.002301,96,0,60,50,110,60,6131,4,50,112.510,0,0,0,0,0,0,0,0,0,0,0,0,0,0,19170,882,92,22030.621,19125.729,747.424,1.045,112.510,6635.718,10073.729,282.360,161,205,143,60,2,25440,0,0,0,0.000,0.000,0.000,0.000,0.000,0.000,0.000,0.000,0,0,0,0,0,0,30,0,0,0.000,0.000,0.000,0.000,0.000,4.767,2.801,0.000,0,0,0,0,0,0,0,0,0,0.000,0.000,0.000,0.000,0.000,0.000,0.000,0.000,0,0,0,0,0,0,0,0,0,0.000,0.000,0.000,0.000,0.000,0.000,0.000,0.000,0,0,0,0,0,0,0,0,0,0.000,0.000,0.000,0.000,0.000,0.000,0.000,0.000,0,0,0,0,0,0,0,0,0,0,0,0,0,0,0,0,0,0,1351,1210,1210,6,0,4200,2095,205,3381,2043,178,0,0,0,0,0,0,10638,4393,799,8562,3594,772,0,0,0,0,0,0,283.577,7.801,7177.258,431.822,3,78,0,247,87,525,888,245,71,129,16,16,42,5,33,257,36,68,89,131,41,1,0,0,0,0,0,0,0,0,0,0,0,36,50,3,7,0,0,0,0,188,77,57,7,0,0,0,0,0,0,0,0,0,0,0,0,0,0,0,0,0,0,0,0,0.6612,0.5266,7,1,0,0.4432,0.4794,8,0,0
1501,50.0,832,543,10,231,600,0,1,2,143.80,1.093,1.210,0.254,0.157,0.228,-0.904,1.618,0.4585,2.3970,0.722,0.030,0.045,0.093,-0.016,69,127,85,0,0,0,30610.38,2357.091,18610.311,84.999,408.537,9.311,6890.455,9605.505,3.357,7884.894,6307.915,2710.648,747.681,275.281,0.000116,-0.002124,74,0,55,30,85,55,5942,15,30,84.253,0,0,0,0,0,0,0,0,0,0,0,0,0,0,17979,846,59,20930.974,18584.126,408.400,0.746,84.253,6196.369,9018.139,265.942,160,182,127,55,0,22903,0,0,0,0.000,0.000,0.000,0.000,0.000,0.000,0.000,0.000,0,0,0,0,0,0,30,0,0,0.000,0.000,0.000,0.000,0.000,4.755,5.231,0.000,0,0,0,0,0,0,0,0,0,0.000,0.000,0.000,0.000,0.000,0.000,0.000,0.000,0,0,0,0,0,0,0,0,0,0.000,0.000,0.000,0.000,0.000,0.000,0.000,0.000,0,0,0,0,0,0,0,0,0,0.000,0.000,0.000,0.000,0.000,0.000,0.000,0.000,0,0,0,0,0,0,0,0,0,0,0,0,0,0,0,0,0,0,1501,832,772,3,0,4108,1942,250,3005,1648,281,0,0,0,0,0,0,9411,3392,818,8589,3523,840,9,0,7,0,0,0,248.046,12.374,6182.251,471.732,6,64,0,217,101,485,851,228,109,112,15,26,41,7,30,246,57,74,72,124,27,1,0,0,0,0,0,0,0,0,0,0,0,40,44,8,12,0,0,0,0,179,57,48,13,0,0,0,0,0,0,0,0,0,0,0,0,0,0,0,0,0,0,0,0,0.6594,0.4822,7,0,0,0.4385,0.4445,8,0,0
1531,51.0,777,529,10,227,550,0,0,2,140.35,1.081,1.194,0.257,0.142,0.238,-0.904,1.612,0.4385,2.4556,0.738,0.018,0.062,0.095,-0.015,65,137,72,0,0,0,29283.52,2211.618,17243.269,69.799,521.595,8.178,6611.023,9536.392,3.117,6634.076,5307.261,2213.521,926.115,234.566,0.000144,-0.001230,79,0,42,30,72,42,5563,6,30,69.316,0,0,0,0,0,0,0,0,0,0,0,0,0,0,17411,783,73,19761.096,17228.087,519.543,0.484,69.316,5945.376,9011.290,224.667,128,178,136,42,0,21315,0,0,0,0.000,0.000,0.000,0.000,0.000,0.000,0.000,0.000,0,0,0,0,0,0,24,1,0,7.500,3.087,0.000,0.000,0.000,3.790,4.185,0.000,0,1,1,0,0,264,0,0,0,0.000,0.000,0.000,0.000,0.000,0.000,0.000,0.000,0,0,0,0,0,0,0,0,0,0.000,0.000,0.000,0.000,0.000,0.000,0.000,0.000,0,0,0,0,0,0,0,0,0,0.000,0.000,0.000,0.000,0.000,0.000,0.000,0.000,0,0,0,0,0,0,0,0,0,0,0,0,0,0,0,0,0,0,1501,832,772,3,0,4006,1810,289,2808,1519,123,0,0,0,0,0,0,8987,3826,847,8375,3431,838,73,9,34,0,0,0,229.494,9.702,6375.280,480.088,9,90,0,232,96,446,788,235,88,108,11,24,38,19,27,231,53,47,82,104,33,0,0,0,0,0,0,0,0,0,0,0,0,43,47,10,8,0,0,0,0,152,73,32,9,0,0,0,0,0,0,0,0,0,0,0,0,0,0,0,0,0,0,0,0,0.5445,0.5131,7,0,0,0.4235,0.4572,8,0,0
1561,52.0,779,485,10,221,558,0,0,3,138.14,1.091,1.207,0.261,0.142,0.233,-0.903,1.618,0.4308,2.4497,0.743,0.023,0.043,0.092,-0.010,73,103,57,0,0,0,28679.25,2141.580,16805.635,51.596,408.326,7.283,6338.200,9057.777,3.255,7182.658,5746.126,1907.874,657.769,201.676,0.000097,-0.001684,65,0,35,22,57,35,5431,5,22,51.006,0,0,0,0,0,0,0,0,0,0,0,0,0,0,16610,758,60,19104.830,16792.798,398.877,0.590,51.006,5680.467,8533.640,237.615,145,137,102,35,0,17653,0,0,0,0.000,0.000,0.000,0.000,0.000,0.000,0.000,0.000,0,0,0,0,0,0,0,0,0,0.000,0.000,0.000,0.000,0.000,0.000,0.000,0.000,0,0,0,0,0,0,0,0,0,0.000,0.000,0.000,0.000,0.000,0.000,0.000,0.000,0,0,0,0,0,0,0,0,0,0.000,0.000,0.000,0.000,0.000,0.000,0.000,0.000,0,0,0,0,0,0,0,0,0,0.000,0.000,0.000,0.000,0.000,0.000,0.000,0.000,0,0,0,0,0,0,0,0,0,0,0,0,0,0,0,0,0,0,1501,832,772,3,0,4105,1665,265,2610,1388,129,0,0,0,0,0,0,8662,3700,716,7870,3166,658,78,78,0,0,0,0,221.179,7.325,5890.694,354.569,4,65,0,230,86,400,760,239,80,97,16,26,39,19,24,251,52,20,64,121,50,0,0,0,0,0,0,0,0,0,0,0,0,38,53,10,7,0,0,0,0,134,100,21,0,0,0,0,0,0,0,0,0,0,0,0,0,0,0,0,0,0,0,0,0,0.6133,0.5283,8,0,0,0.4378,0.4158,8,0,0
1591,53.0,747,420,10,222,525,0,0,7,140.74,1.076,1.200,0.257,0.137,0.242,-0.904,1.623,0.4262,2.5422,0.715,0.014,0.034,0.093,-0.012,62,130,48,0,0,0,26596.14,2061.663,15034.987,50.879,413.162,7.826,6340.568,9447.813,5.785,6330.570,5064.456,1461.232,551.465,157.662,0.000149,-0.002392,54,0,29,19,48,29,5731,4,19,50.410,0,0,0,0,0,0,0,0,0,0,0,0,0,0,16608,679,50,17123.680,15028.921,405.763,0.469,50.410,5692.052,8932.149,250.857,126,159,130,29,0,19153,0,0,0,0.000,0.000,0.000,0.000,0.000,0.000,0.000,0.000,0,0,0,0,0,0,0,0,0,0.000,0.000,0.000,0.000,0.000,0.000,0.000,0.000,0,0,0,0,0,0,0,0,0,0.000,0.000,0.000,0.000,0.000,0.000,0.000,0.000,0,0,0,0,0,0,0,0,0,0.000,0.000,0.000,0.000,0.000,0.000,0.000,0.000,0,0,0,0,0,0,0,0,0,0.000,0.000,0.000,0.000,0.000,0.000,0.000,0.000,0,0,0,0,0,0,0,0,0,0,0,0,0,0,0,0,0,0,1501,832,772,3,0,4156,1625,405,2463,1215,165,0,0,0,0,0,0,8707,3664,956,7871,3768,600,30,8,5,0,0,0,201.077,11.660,6320.526,432.528,4,73,0,179,46,392,682,210,64,95,28,20,38,18,23,239,61,32,53,107,33,0,0,0,0,0,0,0,0,0,0,0,0,35,51,8,5,0,0,0,0,115,69,35,6,0,0,0,0,0,0,0,0,0,0,0,0,0,0,0,0,0,0,0,0,0.5248,0.4794,6,0,0,0.4652,0.4124,8,0,0
1621,54.0,675,416,10,216,459,0,0,7,132.74,1.072,1.168,0.254,0.134,0.259,-0.903,1.608,0.3929,2.4747,0.682,0.014,0.035,0.091,-0.012,51,130,65,0,1,0,23237.31,1858.388,13046.586,73.872,413.360,7.377,5677.682,8822.553,13.345,5345.854,4276.683,1971.839,596.638,186.446,0.000101,-0.003474,56,0,35,30,65,35,5313,1,30,73.295,0,0,0,0,0,0,0,0,0,0,0,0,0,0,14615,591,55,14977.613,13046.566,408.770,0.577,73.295,5027.839,8366.957,206.897,100,166,130,35,1,17825,0,0,0,0.000,0.000,0.000,0.000,0.000,0.000,0.000,0.000,0,0,0,0,0,0,0,0,0,0.000,0.000,0.000,0.000,0.000,0.000,0.000,0.000,0,0,0,0,0,0,0,0,0,0.000,0.000,0.000,0.000,0.000,0.000,0.000,0.000,0,0,0,0,0,0,0,0,0,0.000,0.000,0.000,0.000,0.000,0.000,0.000,0.000,0,0,0,0,0,0,0,0,0,0.000,0.000,0.000,0.000,0.000,0.000,0.000,0.000,0,0,0,0,0,0,0,0,0,0,0,0,0,0,0,0,0,0,1501,832,772,3,0,4109,1426,572,2456,1297,226,0,0,0,0,0,0,7549,3857,695,7036,3577,711,30,7,3,0,0,0,186.843,17.499,6329.381,419.345,2,61,0,180,50,358,592,217,51,84,31,22,44,12,23,251,40,50,33,66,19,0,0,0,0,0,0,0,0,0,0,0,0,38,50,8,5,0,0,0,0,87,33,33,14,0,0,0,1,0,0,0,0,0,0,0,0,0,0,0,0,0,0,0,0,0.6048,0.4210,6,0,0,0.4728,0.4965,8,0,0
1651,55.0,576,493,10,206,370,0,0,4,140.65,1.042,1.130,0.257,0.113,0.283,-0.901,1.604,0.3906,2.4969,0.729,0.019,0.035,0.093,-0.016,69,148,35,0,4,0,19580.45,1716.080,9730.011,40.061,218.391,6.486,4934.202,7944.498,13.016,3903.540,3122.832,895.723,489.623,85.248,0.000080,-0.003721,27,0,19,16,35,19,4784,0,16,39.764,0,0,0,0,0,0,0,0,0,0,0,0,0,0,12393,444,27,11144.395,9727.600,218.391,0.298,39.764,4300.550,7563.997,153.217,82,171,148,19,4,23237,0,0,0,0.000,0.000,0.000,0.000,0.000,0.000,0.000,0.000,0,0,0,0,0,0,0,0,0,0.000,0.000,0.000,0.000,0.000,0.000,0.000,0.000,0,0,0,0,0,0,0,0,0,0.000,0.000,0.000,0.000,0.000,0.000,0.000,0.000,0,0,0,0,0,0,0,0,0,0.000,0.000,0.000,0.000,0.000,0.000,0.000,0.000,0,0,0,0,0,0,0,0,0,0.000,0.000,0.000,0.000,0.000,0.000,0.000,0.000,0,0,0,0,0,0,0,0,0,0,0,0,0,0,0,0,0,0,1651,576,564,1,0,4035,1341,516,2318,1266,261,0,0,0,0,0,0,6231,3586,604,6132,3375,549,30,20,2,0,0,0,167.910,16.443,6110.137,362.480,5,45,0,158,51,316,448,162,37,92,15,25,41,16,17,199,38,33,48,44,8,0,0,0,0,0,0,0,0,0,0,0,0,33,51,10,5,0,0,0,0,75,31,22,5,0,0,0,0,0,0,0,0,0,0,0,0,0,0,0,0,0,0,0,0,0.5714,0.4984,5,0,0,0.5083,0.5159,7,0,0
1681,56.0,522,509,10,201,321,0,0,4,157.70,1.000,1.102,0.267,0.097,0.304,-0.898,1.610,0.3829,2.4752,0.718,0.020,0.044,0.092,-0.013,47,119,33,0,0,0,19519.20,1638.352,10359.356,36.583,390.373,4.917,4046.838,5751.103,7.234,4191.437,3353.149,828.863,523.327,99.882,0.000103,-0.004430,53,0,17,16,33,17,4484,4,16,36.390,0,0,0,0,0,0,0,0,0,0,0,0,0,0,10061,466,49,11984.712,10337.999,384.263,0.193,36.390,3432.463,5391.531,139.493,86,135,118,17,0,18751,0,0,0,0.000,0.000,0.000,0.000,0.000,0.000,0.000,0.000,0,0,0,0,0,0,0,0,0,0.000,0.000,0.000,0.000,0.000,0.000,0.000,0.000,0,0,0,0,0,0,0,0,0,0.000,0.000,0.000,0.000,0.000,0.000,0.000,0.000,0,0,0,0,0,0,0,0,0,0.000,0.000,0.000,0.000,0.000,0.000,0.000,0.000,0,0,0,0,0,0,0,0,0,0.000,0.000,0.000,0.000,0.000,0.000,0.000,0.000,0,0,0,0,0,0,0,0,0,0,0,0,0,0,0,0,0,0,1651,576,564,1,0,3800,1345,332,2289,1371,199,0,0,0,0,0,0,5096,2260,436,4944,2153,330,21,21,0,0,0,0,167.210,10.912,4012.720,210.609,1,49,0,130,54,302,470,131,52,90,19,24,32,20,16,117,30,25,55,79,15,0,0,0,0,0,0,0,0,0,0,0,0,30,47,8,7,0,0,0,0,110,40,19,5,0,0,0,0,0,0,0,0,0,0,0,0,0,0,0,0,0,0,0,0,0.5667,0.5447,4,0,0,0.4349,0.4299,6,0,0
1711,57.0,529,454,10,198,331,0,0,4,178.01,0.991,1.117,0.299,0.097,0.298,-0.898,1.604,0.3863,2.5970,0.749,0.040,0.057,0.092,-0.013,51,61,36,0,0,0,20478.79,1604.113,11332.854,39.698,335.586,5.668,3866.230,5106.940,7.234,4360.575,3488.460,1171.086,867.334,126.138,0.000097,-0.004590,38,0,22,14,36,22,4377,1,14,39.414,0,0,0,0,0,0,0,0,0,0,0,0,0,0,9849,516,37,13005.676,11312.605,335.579,0.284,39.414,3259.881,4724.302,156.328,93,83,61,22,0,11857,0,0,0,0.000,0.000,0.000,0.000,0.000,0.000,0.000,0.000,0,0,0,0,0,0,0,0,0,0.000,0.000,0.000,0.000,0.000,0.000,0.000,0.000,0,0,0,0,0,0,0,0,0,0.000,0.000,0.000,0.000,0.000,0.000,0.000,0.000,0,0,0,0,0,0,0,0,0,0.000,0.000,0.000,0.000,0.000,0.000,0.000,0.000,0,0,0,0,0,0,0,0,0,0.000,0.000,0.000,0.000,0.000,0.000,0.000,0.000,0,0,0,0,0,0,0,0,0,0,0,0,0,0,0,0,0,0,1651,576,564,1,0,3701,1570,223,2256,1392,159,0,0,0,0,0,0,4953,1893,433,4896,1564,428,0,0,0,0,0,0,175.483,8.440,3038.387,228.597,5,43,0,134,57,278,524,116,43,106,13,16,28,16,19,120,25,21,52,92,21,0,0,0,0,0,0,0,0,0,0,0,0,24,44,6,5,0,0,0,0,112,48,20,6,0,0,0,0,0,0,0,0,0,0,0,0,0,0,0,0,0,0,0,0,0.5767,0.5065,3,0,0,0.5319,0.4011,5,0,0
1741,58.0,563,384,10,206,357,0,0,2,156.35,0.988,1.133,0.322,0.090,0.295,-0.895,1.608,0.3635,2.6827,0.745,0.039,0.056,0.090,-0.008,60,49,24,0,1,0,20851.59,1541.755,10615.234,22.003,254.508,6.251,3951.804,5483.529,4.975,4541.926,3633.541,762.407,596.182,98.911,0.000125,-0.005386,55,0,16,8,24,16,4616,28,8,21.829,0,0,0,0,0,0,0,0,0,0,0,0,0,0,10253,479,27,12106.495,10601.837,212.741,0.174,21.829,3331.733,5079.844,155.818,92,66,49,16,1,8178,0,0,0,0.000,0.000,0.000,0.000,0.000,0.000,0.000,0.000,0,0,0,0,0,0,0,0,0,0.000,0.000,0.000,0.000,0.000,0.000,0.000,0.000,0,0,0,0,0,0,0,0,0,0.000,0.000,0.000,0.000,0.000,0.000,0.000,0.000,0,0,0,0,0,0,0,0,0,0.000,0.000,0.000,0.000,0.000,0.000,0.000,0.000,0,0,0,0,0,0,0,0,0,0.000,0.000,0.000,0.000,0.000,0.000,0.000,0.000,0,0,0,0,0,0,0,0,0,0,0,0,0,0,0,0,0,0,1651,576,564,1,0,3673,1817,115,2403,1538,147,0,0,0,0,0,0,4977,2113,416,5276,1522,537,0,0,0,0,0,0,201.160,5.689,3248.129,278.400,3,51,0,122,50,239,481,110,63,110,9,17,33,18,19,147,41,28,45,77,19,0,0,0,0,0,0,0,0,0,0,0,0,30,46,7,4,0,0,0,0,90,50,27,2,0,0,0,0,0,0,0,0,0,0,0,0,0,0,0,0,0,0,0,0,0.4941,0.5590,5,0,0,0.4682,0.4467,5,0,0
1771,59.0,533,370,10,200,333,0,0,3,132.55,0.990,1.115,0.309,0.085,0.301,-0.897,1.613,0.3723,2.6876,0.733,0.045,0.054,0.092,-0.008,58,90,32,0,0,0,18959.34,1585.750,9497.025,46.102,151.610,5.396,4019.628,6777.192,3.821,3924.916,3139.933,965.976,390.106,79.413,0.000096,-0.005885,16,0,12,20,32,12,4916,0,20,45.898,0,0,0,0,0,0,0,0,0,0,0,0,0,0,10487,428,16,10727.763,9483.614,151.610,0.204,45.898,3390.209,6367.083,166.963,78,102,90,12,0,11166,0,0,0,0.000,0.000,0.000,0.000,0.000,0.000,0.000,0.000,0,0,0,0,0,0,0,0,0,0.000,0.000,0.000,0.000,0.000,0.000,0.000,0.000,0,0,0,0,0,0,0,0,0,0.000,0.000,0.000,0.000,0.000,0.000,0.000,0.000,0,0,0,0,0,0,0,0,0,0.000,0.000,0.000,0.000,0.000,0.000,0.000,0.000,0,0,0,0,0,0,0,0,0,0.000,0.000,0.000,0.000,0.000,0.000,0.000,0.000,0,0,0,0,0,0,0,0,0,0,0,0,0,0,0,0,0,0,1651,576,564,1,0,3749,1869,130,2400,1364,178,0,0,0,0,0,0,4894,2431,460,5593,2811,512,0,0,0,0,0,0,191.156,8.297,4897.762,284.487,4,41,0,132,43,243,432,164,38,101,14,14,33,18,20,179,30,16,23,75,10,0,0,0,0,0,0,0,0,0,0,0,0,36,37,8,4,0,0,0,0,66,35,21,2,0,0,0,0,0,0,0,0,0,0,0,0,0,0,0,0,0,0,0,0,0.4867,0.5119,4,0,0,0.4591,0.5206,5,0,0
1801,60.0,475,392,9,199,276,0,0,4,141.58,0.966,1.068,0.283,0.082,0.330,-0.893,1.606,0.3670,2.7441,0.739,0.040,0.076,0.093,-0.013,53,105,15,0,0,0,17563.69,1495.273,8239.341,33.777,240.718,5.448,3616.513,6101.069,6.147,2613.962,2091.170,416.296,466.742,34.480,0.000119,-0.006943,38,0,4,11,15,4,4340,7,11,33.709,0,0,0,0,0,0,0,0,0,0,0,0,0,0,9148,371,31,9427.551,8226.893,223.466,0.068,33.709,3004.830,5717.859,136.530,51,108,104,4,0,12596,27,0,0,0.000,0.000,0.000,0.000,0.000,7.715,8.792,0.000,0,0,0,0,0,0,0,0,0,0.000,0.000,0.000,0.000,0.000,0.000,0.000,0.000,0,0,0,0,0,0,0,0,0,0.000,0.000,0.000,0.000,0.000,0.000,0.000,0.000,0,0,0,0,0,0,0,0,0,0.000,0.000,0.000,0.000,0.000,0.000,0.000,0.000,0,0,0,0,0,0,0,0,0,0.000,0.000,0.000,0.000,0.000,0.000,0.000,0.000,0,0,0,0,0,0,0,0,0,0,0,0,0,0,0,0,0,0,1801,475,475,0,0,3764,1876,282,2114,1094,138,0,0,0,0,0,0,4330,2440,419,4845,2467,437,0,0,0,0,0,0,185.138,9.633,4518.385,234.405,5,31,0,109,42,245,374,143,41,96,16,15,33,18,21,131,41,17,33,47,7,0,0,0,0,0,0,0,0,0,0,0,0,35,41,9,2,0,0,0,0,57,22,20,5,0,0,0,0,0,0,0,0,0,0,0,0,0,0,0,0,0,0,0,0,0.4751,0.5056,4,0,0,0.4718,0.4525,5,0,0
1831,61.0,470,373,9,206,264,0,0,6,157.12,0.952,1.064,0.269,0.079,0.344,-0.892,1.604,0.3938,2.9020,0.739,0.044,0.076,0.093,-0.023,58,71,24,0,0,0,17470.54,1565.577,9032.339,23.604,157.378,4.727,3247.515,5030.819,8.802,3713.390,2970.712,851.956,745.100,87.806,0.000068,-0.007316,24,0,14,10,24,14,4186,0,10,23.368,0,0,0,0,0,0,0,0,0,0,0,0,0,0,7845,408,24,10249.739,9003.708,157.378,0.236,23.368,2613.097,4666.043,118.298,73,84,70,14,0,13238,17,0,0,0.000,0.000,0.000,0.000,0.000,4.848,11.537,0.000,0,1,1,0,0,44,0,0,0,0.000,0.000,0.000,0.000,0.000,0.000,0.000,0.000,0,0,0,0,0,0,0,0,0,0.000,0.000,0.000,0.000,0.000,0.000,0.000,0.000,0,0,0,0,0,0,0,0,0,0.000,0.000,0.000,0.000,0.000,0.000,0.000,0.000,0,0,0,0,0,0,0,0,0,0.000,0.000,0.000,0.000,0.000,0.000,0.000,0.000,0,0,0,0,0,0,0,0,0,0,0,0,0,0,0,0,0,0,1801,475,475,0,0,4006,1834,359,2127,1064,136,0,0,0,0,0,0,3823,1989,317,4039,1976,481,0,0,0,0,0,0,174.726,11.454,3591.995,231.085,8,38,0,122,35,238,414,128,45,93,17,13,37,25,21,119,31,15,34,59,6,0,0,0,0,0,0,0,0,0,0,0,0,42,42,10,2,0,0,0,0,81,17,11,5,0,0,0,0,0,0,0,0,0,0,0,0,0,0,0,0,0,0,0,0,0.5273,0.6284,4,0,0,0.4273,0.4621,4,0,0
1861,62.0,455,426,9,198,257,0,0,4,170.77,0.944,1.076,0.280,0.074,0.343,-0.896,1.603,0.3881,2.8441,0.738,0.045,0.054,0.092,-0.021,64,66,20,0,2,0,16226.90,1587.699,7496.394,29.876,129.706,6.640,3273.624,5315.383,8.891,3123.111,2498.489,515.726,564.863,54.498,0.000106,-0.007503,22,0,6,14,20,6,4512,8,14,29.778,0,0,0,0,0,0,0,0,0,0,0,0,0,0,8017,335,14,8460.446,7448.161,125.943,0.099,29.778,2656.833,4951.116,146.584,66,73,65,6,2,8723,0,0,0,0.000,0.000,0.000,0.000,0.000,0.000,0.000,0.000,0,0,0,0,0,0,0,0,0,0.000,0.000,0.000,0.000,0.000,0.000,0.000,0.000,0,0,0,0,0,0,0,0,0,0.000,0.000,0.000,0.000,0.000,0.000,0.000,0.000,0,0,0,0,0,0,0,0,0,0.000,0.000,0.000,0.000,0.000,0.000,0.000,0.000,0,0,0,0,0,0,0,0,0,0.000,0.000,0.000,0.000,0.000,0.000,0.000,0.000,0,0,0,0,0,0,0,0,0,0,0,0,0,0,0,0,0,0,1801,475,475,0,0,3955,1698,350,2034,1058,118,0,0,0,0,0,0,4283,2194,354,3734,1853,304,0,0,0,0,0,0,156.841,10.841,3864.974,216.423,2,22,0,116,52,229,344,112,28,89,18,8,30,28,25,124,29,18,33,39,14,0,0,0,0,0,0,0,0,0,0,0,0,43,37,10,1,0,0,0,0,71,20,12,1,0,0,0,0,0,0,0,0,0,0,0,0,0,0,0,0,0,0,0,0,0.5526,0.6192,4,0,0,0.4386,0.5067,4,0,0
1891,63.0,445,424,9,204,241,0,0,2,158.76,0.904,1.048,0.290,0.077,0.359,-0.896,1.609,0.3888,2.8926,0.720,0.049,0.095,0.094,-0.020,53,75,20,0,1,0,17289.41,1581.724,8868.373,31.263,199.428,5.844,2914.899,4443.391,4.287,3410.121,2728.097,610.676,657.252,106.323,0.000081,-0.007805,70,0,10,10,20,10,4073,53,10,31.125,0,0,0,0,0,0,0,0,0,0,0,0,0,0,7129,400,17,10095.114,8841.504,196.139,0.138,31.125,2295.692,4125.182,107.758,69,85,74,10,1,10004,0,0,0,0.000,0.000,0.000,0.000,0.000,0.000,0.000,0.000,0,0,0,0,0,0,0,0,0,0.000,0.000,0.000,0.000,0.000,0.000,0.000,0.000,0,0,0,0,0,0,0,0,0,0.000,0.000,0.000,0.000,0.000,0.000,0.000,0.000,0,0,0,0,0,0,0,0,0,0.000,0.000,0.000,0.000,0.000,0.000,0.000,0.000,0,0,0,0,0,0,0,0,0,0.000,0.000,0.000,0.000,0.000,0.000,0.000,0.000,0,0,0,0,0,0,0,0,0,0,0,0,0,0,0,0,0,0,1801,475,475,0,0,3969,1668,317,2032,921,142,0,0,0,0,0,0,3969,1556,455,3160,1519,286,0,0,0,0,0,0,143.874,10.525,3007.698,243.607,6,34,0,116,45,242,405,115,40,83,14,11,42,27,27,104,25,18,30,51,13,0,0,0,0,0,0,0,0,0,0,0,0,51,43,10,3,0,0,0,0,74,22,15,1,0,0,0,0,0,0,0,0,0,0,0,0,0,0,0,0,0,0,0,0,0.5395,0.5594,4,0,0,0.4014,0.3864,4,0,0
1921,64.0,484,432,9,212,272,0,0,2,160.12,0.891,1.064,0.329,0.075,0.347,-0.891,1.618,0.3865,3.0023,0.712,0.052,0.066,0.092,-0.015,70,58,18,0,0,0,18344.78,1672.366,9426.889,32.873,157.306,6.159,3031.728,4921.255,2.951,4645.778,3716.622,602.143,536.232,53.285,0.000100,-0.008024,16,0,8,10,17,8,4511,1,9,32.730,0,0,0,0,0,0,0,0,0,0,0,0,0,0,7781,424,15,10668.436,9392.125,155.594,0.142,32.730,2384.563,4502.201,182.931,96,66,58,8,0,8317,27,0,0,0.000,0.000,0.000,0.000,0.000,6.223,17.650,0.000,0,0,0,0,0,0,0,0,0,0.000,0.000,0.000,0.000,0.000,0.000,0.000,0.000,0,0,0,0,0,0,0,0,0,0.000,0.000,0.000,0.000,0.000,0.000,0.000,0.000,0,0,0,0,0,0,0,0,0,0.000,0.000,0.000,0.000,0.000,0.000,0.000,0.000,0,0,0,0,0,0,0,0,0,0.000,0.000,0.000,0.000,0.000,0.000,0.000,0.000,0,0,0,0,0,0,1,0,0,0,0,0,0,0,0,0,0,0,1801,475,475,0,0,4138,1718,216,2109,785,154,0,0,0,0,0,0,4683,1915,384,3125,1466,316,0,0,0,0,0,0,147.084,7.610,3419.672,213.400,6,27,0,115,42,280,429,116,52,81,15,15,43,34,24,122,28,9,41,67,5,0,0,0,0,0,0,0,0,0,0,0,0,57,42,13,4,0,0,0,0,83,32,7,0,0,0,0,0,0,0,0,0,0,0,0,0,0,0,0,0,0,0,0,0,0.5623,0.5919,4,0,0,0.4275,0.4045,4,0,0
1951,65.0,517,424,8,210,307,0,0,2,162.88,0.916,1.099,0.343,0.075,0.324,-0.894,1.622,0.3614,3.0664,0.705,0.052,0.075,0.089,-0.012,64,52,21,0,1,0,19492.24,1752.459,10268.749,52.667,256.740,7.540,3224.518,5127.476,2.224,4471.831,3577.465,765.330,852.881,59.622,0.000096,-0.008352,42,0,4,17,21,4,4680,18,17,52.567,0,0,0,0,0,0,0,0,0,0,0,0,0,0,8577,466,24,11692.679,10242.267,228.839,0.100,52.567,2559.446,4705.684,185.337,92,56,51,4,1,6281,21,0,0,0.000,0.000,0.000,0.000,0.000,4.966,19.784,0.000,0,1,1,0,0,35,0,0,0,0.000,0.000,0.000,0.000,0.000,0.000,0.000,0.000,0,0,0,0,0,0,0,0,0,0.000,0.000,0.000,0.000,0.000,0.000,0.000,0.000,0,0,0,0,0,0,0,0,0,0.000,0.000,0.000,0.000,0.000,0.000,0.000,0.000,0,0,0,0,0,0,0,0,0,0.000,0.000,0.000,0.000,0.000,0.000,0.000,0.000,0,0,0,0,0,0,0,0,0,0,0,0,0,0,0,0,0,0,1951,517,517,0,0,4341,1766,215,2043,744,147,0,0,0,0,0,0,5050,1674,399,3548,1621,347,0,0,0,0,0,0,146.771,6.605,3278.773,237.229,3,46,0,155,44,264,471,116,49,83,13,16,46,32,20,132,32,21,42,60,20,0,0,0,0,0,0,0,0,0,0,0,0,55,42,13,4,0,0,0,0,68,43,27,5,0,0,0,0,0,0,0,0,0,0,0,0,0,0,0,0,0,0,0,0,0.4776,0.4376,4,0,0,0.4077,0.3893,4,0,0
1981,66.0,533,446,8,198,335,0,0,2,132.57,0.965,1.144,0.322,0.074,0.300,-0.900,1.617,0.3647,2.9677,0.710,0.056,0.075,0.086,-0.012,60,69,30,0,0,0,20587.92,1740.800,11976.493,48.495,153.697,8.363,3545.849,6259.961,3.000,4984.617,3987.694,1059.666,716.955,87.755,0.000085,-0.008032,24,0,12,18,29,12,4641,7,17,48.144,0,0,0,0,0,0,0,0,0,0,0,0,0,0,9516,537,17,13438.106,11969.496,135.932,0.349,48.144,2903.348,5851.965,174.264,108,80,68,12,0,7033,11,0,0,0.000,0.000,0.000,0.000,0.000,2.638,13.629,0.000,0,1,1,0,0,24,0,0,0,0.000,0.000,0.000,0.000,0.000,0.000,0.000,0.000,0,0,0,0,0,0,0,0,0,0.000,0.000,0.000,0.000,0.000,0.000,0.000,0.000,0,0,0,0,0,0,0,0,0,0.000,0.000,0.000,0.000,0.000,0.000,0.000,0.000,0,0,0,0,0,0,0,0,0,0.000,0.000,0.000,0.000,0.000,0.000,0.000,0.000,0,0,0,0,0,0,1,0,0,0,0,0,0,0,0,0,0,0,1951,517,517,0,0,4381,1867,312,1723,667,104,0,0,0,0,0,0,5710,2567,497,3817,1976,264,0,0,0,0,0,0,156.678,8.080,4419.818,245.947,1,31,0,180,58,325,541,182,56,87,14,18,36,25,18,165,25,14,31,85,15,0,0,0,0,0,0,0,0,0,0,0,0,49,30,8,10,0,0,0,0,86,43,12,4,0,0,0,0,0,0,0,0,0,0,0,0,0,0,0,0,0,0,0,0,0.5443,0.6048,4,0,0,0.4325,0.5608,4,0,0
2011,67.0,560,425,8,205,355,0,0,2,130.76,0.989,1.161,0.298,0.072,0.296,-0.895,1.619,0.3585,3.0470,0.709,0.044,0.065,0.088,-0.015,66,75,18,0,0,0,22268.01,1791.110,13209.161,43.813,178.505,6.758,3825.847,6652.599,3.000,5090.420,4072.336,729.578,1077.133,57.751,0.000082,-0.007278,18,0,5,13,18,5,4682,1,13,43.564,0,0,0,0,0,0,0,0,0,0,0,0,0,0,10168,599,17,15066.818,13209.161,176.260,0.249,43.564,3182.253,6253.166,165.785,100,80,75,5,0,9414,0,0,0,0.000,0.000,0.000,0.000,0.000,0.000,0.000,0.000,0,0,0,0,0,0,0,0,0,0.000,0.000,0.000,0.000,0.000,0.000,0.000,0.000,0,0,0,0,0,0,0,0,0,0.000,0.000,0.000,0.000,0.000,0.000,0.000,0.000,0,0,0,0,0,0,0,0,0,0.000,0.000,0.000,0.000,0.000,0.000,0.000,0.000,0,0,0,0,0,0,0,0,0,0.000,0.000,0.000,0.000,0.000,0.000,0.000,0.000,0,0,0,0,0,0,0,0,0,0,0,0,0,0,0,0,0,0,1951,517,517,0,0,4457,2134,262,1614,690,44,0,0,0,0,0,0,6308,2852,573,3860,1755,342,0,0,0,0,0,0,178.667,5.764,4521.989,297.237,1,70,0,180,61,337,599,181,62,100,10,13,42,24,16,148,40,43,42,65,17,0,0,0,0,0,0,0,0,0,0,0,0,55,26,5,9,0,0,0,0,79,40,40,7,0,0,0,1,0,0,0,0,0,0,0,0,0,0,0,0,0,0,0,0,0.5095,0.4933,3,0,0,0.4222,0.4789,4,0,0
2041,68.0,603,408,8,208,395,0,0,4,130.07,1.017,1.193,0.305,0.075,0.280,-0.887,1.615,0.3639,3.1165,0.724,0.048,0.073,0.090,-0.014,60,76,24,0,0,0,24054.22,1849.020,14494.017,50.396,328.260,6.132,4236.136,7297.158,3.130,6146.517,4917.214,748.287,1025.738,67.468,0.000103,-0.006976,31,0,6,18,24,6,4923,0,18,50.295,0,0,0,0,0,0,0,0,0,0,0,0,0,0,11165,655,31,16685.482,14452.525,328.260,0.102,50.295,3573.615,6880.801,172.357,122,82,76,6,0,7756,3,1,0,25.000,15.870,0.000,0.000,0.000,0.719,1.073,0.000,0,0,0,0,0,0,0,0,0,0.000,0.000,0.000,0.000,0.000,0.000,0.000,0.000,0,0,0,0,0,0,0,0,0,0.000,0.000,0.000,0.000,0.000,0.000,0.000,0.000,0,0,0,0,0,0,0,0,0,0.000,0.000,0.000,0.000,0.000,0.000,0.000,0.000,0,0,0,0,0,0,0,0,0,0.000,0.000,0.000,0.000,0.000,0.000,0.000,0.000,0,0,0,0,0,0,0,0,0,0,0,0,0,0,0,0,0,0,1951,517,517,0,0,4710,2369,269,1427,576,77,0,0,0,0,0,0,6772,2926,520,4396,1838,409,0,0,0,0,0,0,189.786,7.493,4807.009,309.584,2,47,0,204,68,372,661,223,59,91,17,8,55,20,17,178,36,38,38,99,6,0,0,0,0,0,0,0,0,0,0,0,0,58,30,6,6,0,0,0,0,104,27,44,6,0,0,0,0,0,0,0,0,0,0,0,0,0,0,0,0,0,0,0,0,0.5503,0.5814,3,0,0,0.4140,0.4488,4,0,0
2071,69.0,624,432,8,205,419,0,0,4,111.61,1.022,1.218,0.304,0.077,0.269,-0.884,1.612,0.3599,3.1195,0.709,0.063,0.072,0.090,-0.010,59,88,28,0,0,0,24610.27,1995.092,14964.878,41.958,287.672,7.204,4686.110,8426.357,5.468,5861.218,4688.975,1061.037,970.787,123.883,0.000133,-0.006401,55,0,14,14,28,14,5198,29,14,41.562,0,0,0,0,0,0,0,0,0,0,0,0,0,0,12371,675,26,17088.456,14913.475,233.784,0.395,41.562,4000.352,7951.887,219.970,126,102,88,14,0,8831,30,1,0,25.000,15.870,0.000,0.000,0.000,7.204,27.779,0.000,0,0,0,0,0,0,0,0,0,0.000,0.000,0.000,0.000,0.000,0.000,0.000,0.000,0,0,0,0,0,0,0,0,0,0.000,0.000,0.000,0.000,0.000,0.000,0.000,0.000,0,0,0,0,0,0,0,0,0,0.000,0.000,0.000,0.000,0.000,0.000,0.000,0.000,0,0,0,0,0,0,0,0,0,0.000,0.000,0.000,0.000,0.000,0.000,0.000,0.000,0,0,0,0,0,0,0,0,0,0,0,0,0,0,0,0,0,0,1951,517,517,0,0,4775,2126,419,1489,461,105,0,0,0,0,0,0,7377,3275,667,5024,2665,413,0,0,0,0,0,0,165.825,11.320,5931.552,364.985,8,46,0,220,59,429,684,231,67,84,13,16,53,21,18,202,22,35,42,107,11,0,0,0,0,0,0,0,0,0,0,0,0,54,33,10,11,0,0,0,0,137,21,28,9,0,0,0,0,0,0,0,0,0,0,0,0,0,0,0,0,0,0,0,0,0.5990,0.6030,3,0,0,0.4118,0.4797,3,0,0
2101,70.0,666,377,7,214,452,0,0,3,107.80,0.997,1.239,0.293,0.077,0.266,-0.889,1.625,0.3492,3.3272,0.672,0.056,0.106,0.089,-0.011,56,108,31,0,1,0,27199.59,2097.266,18067.358,24.964,407.434,6.623,4783.247,8562.373,4.270,7555.223,6044.179,1046.761,1557.888,134.684,0.000175,-0.005548,39,0,21,10,31,21,5115,1,10,24.402,0,0,0,0,0,0,0,0,0,0,0,0,0,0,13068,807,37,20510.835,17991.479,404.397,0.563,24.402,4088.796,8109.569,192.333,162,129,107,21,1,11382,30,3,1,77.177,47.610,1.382,0.000,0.000,7.240,31.550,0.000,0,0,0,0,0,0,0,0,0,0.000,0.000,0.000,0.000,0.000,0.000,0.000,0.000,0,0,0,0,0,0,0,0,0,0.000,0.000,0.000,0.000,0.000,0.000,0.000,0.000,0,0,0,0,0,0,0,0,0,0.000,0.000,0.000,0.000,0.000,0.000,0.000,0.000,0,0,0,0,0,0,0,0,0,0.000,0.000,0.000,0.000,0.000,0.000,0.000,0.000,0,0,0,0,0,0,0,0,0,0,0,0,0,0,0,0,0,0,2101,666,661,0,0,4867,2040,465,1408,430,95,0,0,0,0,0,0,8020,3716,700,5078,2320,445,0,0,0,0,0,0,164.467,13.151,5996.334,365.763,4,55,0,216,87,458,816,226,98,83,19,22,51,22,17,201,45,31,53,112,10,0,0,0,0,0,0,0,0,0,0,0,0,62,30,10,10,0,0,0,0,113,42,39,12,0,0,0,0,0,0,0,0,0,0,0,0,0,0,0,0,0,0,0,0,0.5516,0.5168,3,0,0,0.3850,0.4464,3,0,0
2131,71.0,731,392,7,228,503,0,0,3,108.03,0.983,1.245,0.287,0.077,0.261,-0.899,1.634,0.3564,3.2695,0.670,0.057,0.082,0.085,-0.009,53,91,36,0,1,0,28344.25,2267.274,17324.505,29.488,375.745,6.963,5027.386,9039.996,3.096,7899.655,6319.724,1445.989,1210.958,169.249,0.000099,-0.004965,41,0,27,9,36,27,5773,0,9,28.968,0,0,0,0,0,0,0,0,0,0,0,0,0,0,14282,768,41,19526.656,17253.878,375.745,0.521,28.968,4288.196,8551.329,224.623,169,119,91,27,1,9222,43,4,0,100.000,63.480,0.000,0.000,0.000,10.543,28.532,0.000,1,0,0,0,0,0,0,0,0,0.000,0.000,0.000,0.000,0.000,0.000,0.000,0.000,0,0,0,0,0,0,0,0,0,0.000,0.000,0.000,0.000,0.000,0.000,0.000,0.000,0,0,0,0,0,0,0,0,0,0.000,0.000,0.000,0.000,0.000,0.000,0.000,0.000,0,0,0,0,0,0,0,0,0,0.000,0.000,0.000,0.000,0.000,0.000,0.000,0.000,0,0,0,0,0,0,0,0,0,0,0,0,0,0,0,0,0,0,2101,666,661,0,0,5189,2117,418,1436,443,156,0,0,0,0,0,0,8905,3847,852,5420,2374,443,0,0,0,0,0,0,171.186,12.074,6188.467,429.460,7,93,0,258,80,452,775,239,83,93,12,20,67,17,19,199,42,46,71,121,24,0,0,0,0,0,0,0,0,0,0,0,0,66,39,13,5,0,0,0,0,139,67,53,3,0,0,0,0,0,0,0,0,0,0,0,0,0,0,0,0,0,0,0,0,0.5846,0.5662,3,0,0,0.4045,0.3779,4,0,0
2161,72.0,771,424,7,230,541,0,0,4,120.90,0.991,1.250,0.274,0.081,0.255,-0.906,1.636,0.3437,3.2914,0.685,0.048,0.076,0.084,-0.005,58,117,40,0,0,0,30537.71,2471.338,20220.564,60.223,516.565,6.586,5348.271,10174.245,4.004,8168.635,6534.908,1497.025,1706.261,195.128,0.000127,-0.004279,66,0,22,18,40,22,6464,9,18,59.962,0,0,0,0,0,0,0,0,0,0,0,0,0,0,15547,885,56,22589.634,20102.535,499.448,0.260,59.962,4577.065,9628.341,279.481,175,138,116,22,0,10411,63,6,1,176.914,95.221,17.085,0.000,0.000,15.330,18.376,0.000,1,0,0,0,0,0,0,0,0,0.000,0.000,0.000,0.000,0.000,0.000,0.000,0.000,0,0,0,0,0,0,0,0,0,0.000,0.000,0.000,0.000,0.000,0.000,0.000,0.000,0,0,0,0,0,0,0,0,0,0.000,0.000,0.000,0.000,0.000,0.000,0.000,0.000,0,0,0,0,0,0,0,0,0,0.000,0.000,0.000,0.000,0.000,0.000,0.000,0.000,0,0,0,0,0,0,0,0,0,0,0,0,0,0,0,0,0,0,2101,666,661,0,0,5420,2367,214,1496,551,28,0,0,0,0,0,0,9370,4195,735,6240,2934,581,0,0,0,0,0,0,188.854,5.318,7153.013,414.127,0,69,0,303,101,527,899,297,81,97,6,26,68,12,21,255,50,49,53,115,19,0,0,0,0,0,0,0,0,0,0,0,0,67,39,13,8,0,0,0,0,125,63,43,5,0,0,0,0,0,0,0,0,0,0,0,0,0,0,0,0,0,0,0,0,0.5852,0.5393,3,0,0,0.4500,0.4620,3,0,0
2191,73.0,866,394,7,244,622,0,0,4,112.89,1.011,1.262,0.285,0.082,0.244,-0.909,1.642,0.3354,3.2173,0.668,0.057,0.080,0.082,-0.004,79,101,35,0,0,0,34811.94,2712.419,22504.890,27.928,537.327,6.724,5840.695,10789.551,5.116,9631.464,7705.171,1168.439,1044.807,196.108,0.000121,-0.003953,90,0,24,11,33,23,6660,42,10,25.205,0,0,0,0,0,0,0,0,0,0,0,0,0,0,17008,982,48,24961.266,22325.262,463.063,0.423,25.205,5029.306,10238.602,246.943,204,124,101,23,0,11128,109,11,0,275.000,179.540,0.000,0.000,0.000,28.240,49.673,0.000,2,1,0,1,0,55,0,0,0,0.000,0.000,0.000,0.000,0.000,0.000,0.000,0.000,0,0,0,0,0,0,0,0,0,0.000,0.000,0.000,0.000,0.000,0.000,0.000,0.000,0,0,0,0,0,0,0,0,0,0.000,0.000,0.000,0.000,0.000,0.000,0.000,0.000,0,0,0,0,0,0,0,0,0,0.000,0.000,0.000,0.000,0.000,0.000,0.000,0.000,0,0,0,0,0,0,0,0,0,0,0,0,0,0,0,0,0,0,2101,666,661,0,0,5730,2496,173,1392,571,95,0,0,0,0,0,0,10075,4870,803,7042,2966,574,0,0,0,0,0,0,192.107,6.835,7510.474,400.629,3,86,0,303,100,563,996,333,99,107,9,23,67,14,24,275,41,50,88,154,14,0,0,0,0,0,0,0,0,0,0,0,0,66,43,12,7,0,0,0,0,178,67,57,4,0,0,0,0,0,0,0,0,0,0,0,0,0,0,0,0,0,0,0,0,0.6499,0.5465,3,0,0,0.4593,0.4141,3,0,0
2221,74.0,920,361,7,233,687,0,0,4,150.52,1.037,1.292,0.312,0.086,0.221,-0.909,1.616,0.3503,3.1868,0.714,0.056,0.080,0.082,-0.003,64,106,76,0,1,0,37163.38,2918.557,24550.904,122.852,474.015,7.428,6675.227,11815.891,5.242,9996.302,7997.041,3138.594,1237.016,369.646,0.000103,-0.003647,126,0,37,39,76,37,6931,71,39,122.350,0,0,0,0,0,0,0,0,0,0,0,0,0,0,19439,1077,55,27207.805,24353.337,442.928,0.502,122.350,5832.931,11127.791,298.633,206,143,105,37,1,14742,156,11,0,275.000,176.559,0.000,0.000,0.000,39.705,118.347,0.000,2,1,1,0,0,26,0,0,0,0.000,0.000,0.000,0.000,0.000,0.000,0.000,0.000,0,0,0,0,0,0,0,0,0,0.000,0.000,0.000,0.000,0.000,0.000,0.000,0.000,0,0,0,0,0,0,0,0,0,0.000,0.000,0.000,0.000,0.000,0.000,0.000,0.000,0,0,0,0,0,0,0,0,0,0.000,0.000,0.000,0.000,0.000,0.000,0.000,0.000,0,0,0,0,0,0,1,0,0,0,0,0,0,0,0,0,0,0,2101,666,661,0,0,5817,2580,199,1443,603,119,0,0,0,0,0,0,11687,5409,1090,7908,3351,788,0,0,0,0,0,0,208.608,8.919,8123.277,584.090,4,112,0,368,116,576,1093,373,118,107,15,20,55,14,22,293,55,59,102,161,17,0,0,0,0,0,0,0,0,0,0,0,0,49,43,10,9,0,0,0,0,192,75,60,12,0,0,0,0,0,0,0,0,0,0,0,0,0,0,0,0,0,0,0,0,0.6683,0.5467,3,0,0,0.4713,0.4308,3,0,0
2251,75.0,994,342,6,235,759,0,0,4,112.91,1.055,1.306,0.311,0.092,0.209,-0.912,1.584,0.3783,3.1946,0.727,0.055,0.082,0.081,-0.001,68,123,74,0,1,0,39687.96,2983.476,26752.925,89.362,584.223,7.186,7331.994,13028.503,4.440,11470.970,9176.776,2885.312,1457.753,298.984,0.000102,-0.003410,100,0,44,30,74,44,7339,40,30,88.810,0,0,0,0,0,0,0,0,0,0,0,0,0,0,21498,1186,60,29789.992,26699.728,549.888,0.553,88.810,6527.986,12312.377,332.811,239,165,121,43,1,13476,102,2,0,50.000,31.740,0.000,0.000,0.000,26.212,110.700,0.000,0,3,2,1,0,149,0,0,0,0.000,0.000,0.000,0.000,0.000,0.000,0.000,0.000,0,0,0,0,0,0,0,0,0,0.000,0.000,0.000,0.000,0.000,0.000,0.000,0.000,0,0,0,0,0,0,0,0,0,0.000,0.000,0.000,0.000,0.000,0.000,0.000,0.000,0,0,0,0,0,0,0,0,0,0.000,0.000,0.000,0.000,0.000,0.000,0.000,0.000,0,0,0,0,0,0,1,0,0,0,0,0,0,0,0,0,0,0,2251,994,952,0,0,5378,2553,355,1603,643,185,0,0,0,0,0,0,12798,4946,1054,8802,4091,860,0,0,0,0,0,0,206.358,10.568,8565.467,568.796,4,121,0,348,107,718,1192,361,101,107,18,20,49,15,26,308,72,77,91,189,22,0,0,0,0,0,0,0,0,0,0,0,0,46,47,11,6,0,0,0,0,199,95,65,20,0,0,0,0,0,0,0,0,0,0,0,0,0,0,0,0,0,0,0,0,0.6402,0.4918,3,0,0,0.4362,0.4230,3,0,0
2281,76.0,1010,350,6,247,763,0,0,7,108.28,1.063,1.297,0.289,0.083,0.216,-0.912,1.580,0.3731,3.1877,0.703,0.045,0.072,0.080,-0.000,78,166,65,0,0,0,40341.59,3177.041,25934.097,58.096,563.619,8.314,7809.685,13730.429,8.489,10525.501,8420.401,2660.293,1904.058,297.551,0.000108,-0.002770,72,0,50,15,65,50,7010,7,15,57.118,0,0,0,0,0,0,0,0,0,0,0,0,0,0,22700,1144,65,29006.652,25875.694,555.425,0.978,57.118,6994.490,13130.684,294.849,218,214,164,50,0,17717,34,2,0,50.000,31.740,0.000,0.000,0.000,8.527,28.363,0.000,0,1,1,0,0,214,0,0,0,0.000,0.000,0.000,0.000,0.000,0.000,0.000,0.000,0,0,0,0,0,0,0,0,0,0.000,0.000,0.000,0.000,0.000,0.000,0.000,0.000,0,0,0,0,0,0,0,0,0,0.000,0.000,0.000,0.000,0.000,0.000,0.000,0.000,0,0,0,0,0,0,0,0,0,0.000,0.000,0.000,0.000,0.000,0.000,0.000,0.000,0,0,0,0,0,0,1,0,0,0,0,0,0,0,0,0,0,0,2251,994,952,0,0,5514,2430,484,1762,746,131,0,0,0,0,0,0,13574,5741,1276,9160,4419,884,0,0,0,0,0,0,200.115,12.842,9411.354,617.658,5,133,0,338,147,675,1152,368,127,106,22,24,53,16,26,356,74,56,75,176,26,0,0,0,0,0,0,0,0,0,0,0,0,48,50,13,8,0,0,0,0,174,69,83,7,0,0,0,0,0,0,0,0,0,0,0,0,0,0,0,0,0,0,0,0,0.6061,0.4970,3,0,0,0.4308,0.4612,3,0,0
2311,77.0,1077,388,6,267,810,0,0,6,118.69,1.068,1.284,0.280,0.083,0.217,-0.909,1.587,0.3704,3.1582,0.685,0.049,0.079,0.078,-0.000,94,152,83,0,2,0,41841.09,3373.170,28736.355,67.359,610.917,7.662,8138.790,14685.986,9.259,12878.189,10302.551,3001.091,1871.033,395.586,0.000168,-0.003185,117,0,57,26,82,57,7620,44,25,66.165,0,0,0,0,0,0,0,0,0,0,0,0,0,0,23580,1271,73,32102.355,28638.558,601.543,1.147,66.165,7273.807,13975.732,351.792,258,211,152,57,2,19414,90,4,0,100.000,65.924,0.000,0.046,0.000,26.124,68.585,4.248,0,0,0,0,0,0,0,0,0,0.000,0.000,0.000,0.000,0.000,0.000,0.000,0.000,0,0,0,0,0,0,0,0,0,0.000,0.000,0.000,0.000,0.000,0.000,0.000,0.000,0,0,0,0,0,0,0,0,0,0.000,0.000,0.000,0.000,0.000,0.000,0.000,0.000,0,0,0,0,0,0,0,0,0,0.000,0.000,0.000,0.000,0.000,0.000,0.000,0.000,0,0,0,0,0,0,0,0,0,0,0,0,0,0,0,0,0,0,2251,994,952,0,0,5885,2515,521,1734,757,126,0,0,0,0,0,0,13990,6782,1383,9669,4856,831,11,0,0,0,0,0,210.438,12.906,10380.143,601.052,3,113,0,403,134,786,1285,407,125,119,19,23,68,15,23,400,72,62,69,172,35,0,0,0,0,0,0,0,0,0,0,0,0,61,46,12,10,0,0,0,0,184,73,73,8,0,0,0,0,0,0,0,0,0,0,0,0,0,0,0,0,0,0,0,0,0.5739,0.5018,3,0,0,0.4654,0.4848,3,0,0
2341,78.0,1098,405,6,272,826,0,0,7,104.93,1.080,1.282,0.264,0.083,0.218,-0.905,1.589,0.3563,3.1613,0.659,0.044,0.076,0.078,-0.000,63,171,104,0,1,0,44989.62,3556.409,31691.085,75.732,658.265,9.088,8380.672,14704.848,8.380,12681.128,10144.903,4048.187,2045.116,451.270,0.000218,-0.004854,136,0,77,27,104,77,8233,56,27,74.674,0,0,0,0,0,0,0,0,0,0,0,0,0,0,24213,1409,80,35488.570,31600.576,637.045,1.058,74.674,7474.640,13903.912,437.807,265,247,169,77,1,24198,77,4,0,100.000,64.878,0.000,0.000,0.000,22.854,53.492,0.152,0,2,2,0,0,110,0,0,0,0.000,0.000,0.000,0.000,0.000,0.000,0.000,0.000,0,0,0,0,0,0,0,0,0,0.000,0.000,0.000,0.000,0.000,0.000,0.000,0.000,0,0,0,0,0,0,0,0,0,0.000,0.000,0.000,0.000,0.000,0.000,0.000,0.000,0,0,0,0,0,0,0,0,0,0.000,0.000,0.000,0.000,0.000,0.000,0.000,0.000,0,0,0,0,0,0,0,0,0,0,0,0,0,0,0,0,0,0,2251,994,952,0,0,6239,2789,382,1772,779,156,0,0,0,0,0,0,13446,7183,1204,10838,4305,907,6,0,0,0,0,0,239.754,11.500,9991.457,610.537,1,117,0,436,142,858,1419,419,165,116,22,28,63,13,30,379,85,45,111,178,28,0,0,0,0,0,0,0,0,0,0,0,0,66,47,13,8,0,0,0,0,209,80,58,15,0,0,0,0,0,0,0,0,0,0,0,0,0,0,0,0,0,0,0,0,0.6216,0.5538,3,0,0,0.4593,0.4314,3,0,0
2371,79.0,1135,406,6,264,871,0,0,5,99.00,1.089,1.295,0.266,0.087,0.208,-0.904,1.584,0.3329,3.1521,0.686,0.053,0.078,0.079,-0.006,71,145,133,0,0,0,46338.17,3682.446,32291.835,132.101,891.716,9.060,8693.163,15182.899,8.481,13336.827,10669.462,5424.744,2234.515,546.664,0.000147,-0.005078,100,0,89,44,133,89,8202,11,44,130.694,0,0,0,0,0,0,0,0,0,0,0,0,0,0,25191,1444,89,36446.794,32207.777,868.005,1.407,130.694,7787.427,14380.745,476.611,278,233,145,88,0,19592,46,4,0,100.000,64.105,0.000,0.000,0.000,10.613,26.217,0.000,1,1,0,1,0,208,0,0,0,0.000,0.000,0.000,0.000,0.000,0.000,0.000,0.000,0,0,0,0,0,0,0,0,0,0.000,0.000,0.000,0.000,0.000,0.000,0.000,0.000,0,0,0,0,0,0,0,0,0,0.000,0.000,0.000,0.000,0.000,0.000,0.000,0.000,0,0,0,0,0,0,0,0,0,0.000,0.000,0.000,0.000,0.000,0.000,0.000,0.000,0,0,0,0,0,0,0,0,0,0,0,0,0,0,0,0,0,0,2251,994,952,0,0,6249,2518,539,1722,795,137,0,0,0,0,0,0,13200,7029,1071,12037,4999,1180,0,0,0,0,0,0,224.080,12.683,10398.583,640.693,3,127,0,446,156,853,1454,446,141,104,23,39,55,12,31,414,66,68,103,181,39,0,0,0,0,0,0,0,0,0,0,0,0,74,48,12,3,0,0,0,0,219,102,58,12,0,0,0,0,0,0,0,0,0,0,0,0,0,0,0,0,0,0,0,0,0.6162,0.5376,3,0,0,0.4014,0.4812,3,0,0
2401,80.0,1294,340,5,286,1008,0,0,10,118.65,1.102,1.318,0.260,0.089,0.201,-0.909,1.569,0.3314,3.1139,0.656,0.049,0.061,0.080,-0.008,71,153,77,0,1,0,52088.16,3966.879,37089.941,77.896,920.212,10.047,9579.300,16398.528,7.697,16754.292,13403.434,2966.878,2717.825,363.631,0.000098,-0.004812,109,0,52,25,77,52,8173,11,25,77.083,0,0,0,0,0,0,0,0,0,0,0,0,0,0,28013,1645,98,41529.293,36967.687,906.128,0.813,77.083,8630.893,15682.596,387.510,340,206,153,52,1,19050,47,7,0,175.000,115.463,0.000,0.000,0.000,9.763,24.981,0.000,2,0,0,0,0,0,0,0,0,0.000,0.000,0.000,0.000,0.000,0.000,0.000,0.000,0,0,0,0,0,0,0,0,0,0.000,0.000,0.000,0.000,0.000,0.000,0.000,0.000,0,0,0,0,0,0,0,0,0,0.000,0.000,0.000,0.000,0.000,0.000,0.000,0.000,0,0,0,0,0,0,0,0,0,0.000,0.000,0.000,0.000,0.000,0.000,0.000,0.000,0,0,0,0,0,0,1,0,0,0,0,0,0,0,0,0,0,0,2401,1294,1267,15,0,6700,2711,609,1561,566,136,0,0,0,0,0,0,14232,6805,1413,13828,5549,1071,0,0,0,0,0,0,218.375,12.894,11024.263,748.322,2,142,0,500,152,936,1654,550,160,113,24,46,59,10,34,458,77,77,161,207,28,0,0,0,0,0,0,0,0,0,0,0,0,80,56,11,2,0,0,0,0,273,125,65,10,0,0,0,0,0,0,0,0,0,0,0,0,0,0,0,0,0,0,0,0,0.6589,0.5849,4,0,0,0.4244,0.4734,4,0,0
2431,81.0,1361,346,5,286,1075,0,0,10,140.92,1.116,1.331,0.283,0.093,0.192,-0.914,1.535,0.3252,3.1178,0.680,0.035,0.060,0.081,-0.006,80,180,112,0,2,0,53514.44,4382.958,36684.509,144.282,1126.914,10.988,10855.034,18820.651,13.984,15612.890,12490.312,3970.174,2595.001,408.055,0.000170,-0.004529,136,0,72,40,109,70,8383,11,39,133.613,0,0,0,0,0,0,0,0,0,0,0,0,0,0,31408,1618,125,41229.267,36628.391,1122.944,0.794,133.613,9878.220,18089.628,369.458,320,253,180,71,2,22956,42,3,0,75.000,49.484,0.000,0.000,0.000,8.734,49.881,0.000,0,1,0,1,0,29,0,0,0,0.000,0.000,0.000,0.000,0.000,0.000,0.000,0.000,0,0,0,0,0,0,0,0,0,0.000,0.000,0.000,0.000,0.000,0.000,0.000,0.000,0,0,0,0,0,0,0,0,0,0.000,0.000,0.000,0.000,0.000,0.000,0.000,0.000,0,0,0,0,0,0,0,0,0,0.000,0.000,0.000,0.000,0.000,0.000,0.000,0.000,0,0,0,0,0,0,1,0,0,0,0,0,0,0,0,0,0,0,2401,1294,1267,15,0,6828,2760,513,1781,485,147,0,0,0,0,0,0,15564,7080,1459,15886,7308,1308,0,0,0,0,0,0,214.767,11.497,13041.457,803.730,5,128,0,468,182,983,1627,470,161,102,20,56,54,16,38,472,140,73,127,226,37,0,0,0,0,0,0,0,0,0,0,0,0,81,67,14,2,0,0,0,0,282,97,66,18,0,0,0,0,0,0,0,0,0,0,0,0,0,0,0,0,0,0,0,0,0.6830,0.5924,3,0,0,0.3745,0.4319,4,0,0
2461,82.0,1385,341,5,302,1083,0,0,8,103.35,1.130,1.330,0.279,0.088,0.197,-0.916,1.528,0.3622,3.0152,0.681,0.036,0.057,0.082,-0.006,65,212,124,0,2,0,56401.72,4562.841,38125.776,113.743,933.424,10.181,11528.093,19249.952,13.555,15693.586,12554.869,4170.864,1339.072,474.824,0.000177,-0.004755,123,0,89,35,118,84,8420,16,34,100.368,0,0,0,0,0,0,0,0,0,0,0,0,0,0,32811,1691,107,42532.242,38107.708,928.180,0.878,100.368,10557.233,18500.978,427.848,311,302,212,88,2,28653,5,0,0,0.000,0.000,0.000,0.000,0.000,1.045,6.186,0.000,0,1,0,1,0,86,0,0,0,0.000,0.000,0.000,0.000,0.000,0.000,0.000,0.000,0,0,0,0,0,0,0,0,0,0.000,0.000,0.000,0.000,0.000,0.000,0.000,0.000,0,0,0,0,0,0,0,0,0,0.000,0.000,0.000,0.000,0.000,0.000,0.000,0.000,0,0,0,0,0,0,0,0,0,0.000,0.000,0.000,0.000,0.000,0.000,0.000,0.000,0,0,0,0,0,0,0,0,0,0,0,0,0,0,0,0,0,0,2401,1294,1267,15,0,6761,2655,466,1899,466,152,0,0,0,0,0,0,16585,6934,1466,16231,7764,1510,0,0,0,0,0,0,203.490,12.414,13104.343,838.837,1,168,0,503,168,1020,1696,521,164,110,22,65,45,17,43,502,99,73,137,249,23,0,0,0,0,0,0,0,0,0,0,0,0,83,66,17,4,0,0,0,0,264,114,98,6,0,0,0,0,0,0,0,0,0,0,0,0,0,0,0,0,0,0,0,0,0.5987,0.5143,4,0,0,0.4102,0.4666,4,0,0
2491,83.0,1463,335,5,312,1151,0,0,7,123.50,1.141,1.338,0.283,0.091,0.194,-0.917,1.517,0.3711,3.0107,0.682,0.035,0.055,0.081,-0.004,73,200,123,0,3,0,58929.14,4849.225,39807.030,132.821,1166.128,12.808,12024.900,19729.492,11.993,17679.772,14143.818,4526.559,1895.475,537.285,0.000174,-0.005659,156,0,83,40,122,82,8597,40,40,129.625,0,0,0,0,0,0,0,0,0,0,0,0,0,0,33571,1767,116,44628.260,39793.193,1156.909,1.069,129.625,10992.612,18875.853,496.438,353,285,199,83,3,29159,0,0,0,0.000,0.000,0.000,0.000,0.000,0.000,0.000,0.000,0,0,0,0,0,0,0,0,0,0.000,0.000,0.000,0.000,0.000,0.000,0.000,0.000,0,0,0,0,0,0,0,0,0,0.000,0.000,0.000,0.000,0.000,0.000,0.000,0.000,0,0,0,0,0,0,0,0,0,0.000,0.000,0.000,0.000,0.000,0.000,0.000,0.000,0,0,0,0,0,0,0,0,0,0.000,0.000,0.000,0.000,0.000,0.000,0.000,0.000,0,0,0,0,0,0,0,0,0,0,0,0,0,0,0,0,0,0,2401,1294,1267,15,0,7140,2943,643,2183,472,173,0,0,0,0,0,0,17380,7466,1746,16191,8089,1496,0,0,0,0,0,0,231.441,17.408,13541.722,861.167,2,164,0,544,196,1025,1771,547,172,111,28,63,46,16,48,520,113,67,125,293,33,0,0,0,0,0,0,0,0,0,0,0,0,75,72,24,2,0,0,0,0,292,142,74,10,0,0,0,0,0,0,0,0,0,0,0,0,0,0,0,0,0,0,0,0,0.6551,0.5008,4,0,0,0.4544,0.4073,4,0,0
2521,84.0,1523,328,5,313,1210,0,0,8,102.91,1.168,1.341,0.289,0.090,0.188,-0.918,1.508,0.3528,2.9477,0.650,0.035,0.050,0.080,-0.007,74,213,124,0,1,0,60275.93,4892.015,40926.014,167.301,1364.038,10.878,12964.949,21105.682,13.940,17542.964,14034.372,4397.435,2208.325,439.620,0.000163,-0.005710,160,0,68,56,124,68,8747,24,56,166.103,0,0,0,0,0,0,0,0,0,0,0,0,0,0,35819,1813,136,45996.319,40900.645,1354.835,1.198,166.103,11921.560,20226.801,526.873,341,282,213,68,1,26314,0,0,0,0.000,0.000,0.000,0.000,0.000,0.000,0.000,0.000,0,0,0,0,0,0,0,0,0,0.000,0.000,0.000,0.000,0.000,0.000,0.000,0.000,0,0,0,0,0,0,0,0,0,0.000,0.000,0.000,0.000,0.000,0.000,0.000,0.000,0,0,0,0,0,0,0,0,0,0.000,0.000,0.000,0.000,0.000,0.000,0.000,0.000,0,0,0,0,0,0,0,0,0,0.000,0.000,0.000,0.000,0.000,0.000,0.000,0.000,0,0,0,0,0,0,0,0,0,0,0,0,0,0,0,0,0,0,2401,1294,1267,15,0,7035,2688,897,2367,445,154,0,0,0,0,0,0,18650,8799,1735,17169,8157,1613,0,0,0,0,0,0,213.727,22.456,14628.801,923.545,1,154,0,553,198,1061,1819,574,199,101,41,53,54,9,55,587,100,98,158,228,39,0,0,0,0,0,0,0,0,0,0,0,0,61,88,22,0,0,0,0,0,274,145,89,15,0,0,0,0,0,0,0,0,0,0,0,0,0,0,0,0,0,0,0,0,0.6627,0.4926,3,1,0,0.4803,0.4715,4,0,0
2551,85.0,1551,317,5,306,1245,0,0,14,116.01,1.184,1.343,0.281,0.090,0.184,-0.918,1.518,0.3476,2.8741,0.664,0.039,0.048,0.079,-0.011,76,240,156,0,2,0,61493.15,4921.491,43419.197,164.317,1459.672,10.662,13385.390,21313.609,16.838,19031.761,15225.409,5988.768,2116.625,660.199,0.000105,-0.005247,181,0,107,49,145,100,8621,15,45,141.122,0,0,0,0,0,0,0,0,0,0,0,0,0,0,36561,1910,166,48723.567,43374.794,1454.595,1.288,141.122,12345.873,20436.398,530.768,382,349,240,107,2,36366,0,0,0,0.000,0.000,0.000,0.000,0.000,0.000,0.000,0.000,0,0,0,0,0,0,0,0,0,0.000,0.000,0.000,0.000,0.000,0.000,0.000,0.000,0,0,0,0,0,0,0,0,0,0.000,0.000,0.000,0.000,0.000,0.000,0.000,0.000,0,0,0,0,0,0,0,0,0,0.000,0.000,0.000,0.000,0.000,0.000,0.000,0.000,0,0,0,0,0,0,0,0,0,0.000,0.000,0.000,0.000,0.000,0.000,0.000,0.000,0,0,0,0,0,0,2,0,0,0,0,0,0,0,0,0,0,0,2551,1551,1176,3,0,7017,2564,930,2306,325,104,0,0,0,0,0,0,18920,9163,1768,17641,8327,1707,0,0,0,0,0,0,195.468,20.293,14743.590,949.744,9,171,0,584,193,1130,1918,577,199,99,26,51,63,11,56,583,101,77,156,280,48,0,0,0,0,0,0,0,0,0,0,0,0,59,97,24,1,0,0,0,0,309,154,85,12,0,0,0,1,0,0,0,0,0,0,0,0,0,0,0,0,0,0,0,0,0.6814,0.4965,3,1,0,0.5152,0.5308,4,0,0
2581,86.0,1635,283,5,341,1294,0,0,23,110.90,1.191,1.331,0.289,0.095,0.191,-0.919,1.533,0.3415,2.8879,0.670,0.032,0.047,0.081,-0.014,74,227,118,0,5,0,66218.26,5507.119,45067.181,88.881,1569.134,10.860,13913.081,21099.316,34.030,19377.876,15502.301,4479.665,1961.469,574.933,0.000127,-0.004815,201,0,94,24,116,92,8527,26,24,77.527,0,0,0,0,0,0,0,0,0,0,0,0,0,0,37481,1975,175,50606.774,45035.600,1545.411,1.241,77.527,12833.800,20182.950,562.218,374,326,227,94,5,32255,0,0,0,0.000,0.000,0.000,0.000,0.000,0.000,0.000,0.000,0,0,0,0,0,0,0,0,0,0.000,0.000,0.000,0.000,0.000,0.000,0.000,0.000,0,0,0,0,0,0,0,0,0,0.000,0.000,0.000,0.000,0.000,0.000,0.000,0.000,0,0,0,0,0,0,0,0,0,0.000,0.000,0.000,0.000,0.000,0.000,0.000,0.000,0,0,0,0,0,0,0,0,0,0.000,0.000,0.000,0.000,0.000,0.000,0.000,0.000,0,0,0,0,0,0,1,0,0,0,0,0,0,0,0,0,0,0,2551,1551,1176,3,0,7296,2659,735,2427,368,104,0,0,0,0,0,0,19274,8256,1880,18207,8198,1478,0,0,0,0,0,0,195.662,16.271,13708.950,939.911,3,179,0,580,247,1123,1984,623,220,109,36,57,72,18,49,532,139,93,180,288,62,0,0,0,0,0,0,0,0,0,0,0,0,73,93,30,0,0,0,0,0,366,157,77,23,0,0,0,0,0,0,0,0,0,0,0,0,0,0,0,0,0,0,0,0,0.6770,0.4546,4,1,0,0.4549,0.4060,5,0,0
2611,87.0,1703,284,5,338,1365,0,0,20,119.08,1.211,1.348,0.293,0.097,0.186,-0.921,1.557,0.3235,2.8599,0.657,0.036,0.034,0.079,-0.012,81,209,175,0,4,0,67603.88,5891.914,45148.660,175.193,1850.548,9.703,15024.810,22303.589,33.634,20484.669,16387.736,6274.961,1405.807,690.421,0.000160,-0.003698,211,0,113,62,172,112,9140,19,60,171.523,0,0,0,0,0,0,0,0,0,0,0,0,0,0,39889,1974,192,50855.996,45066.037,1816.254,1.032,171.523,13902.832,21334.082,594.373,397,326,209,113,4,29918,0,0,0,0.000,0.000,0.000,0.000,0.000,0.000,0.000,0.000,0,0,0,0,0,0,0,0,0,0.000,0.000,0.000,0.000,0.000,0.000,0.000,0.000,0,0,0,0,0,0,0,0,0,0.000,0.000,0.000,0.000,0.000,0.000,0.000,0.000,0,0,0,0,0,0,0,0,0,0.000,0.000,0.000,0.000,0.000,0.000,0.000,0.000,0,0,0,0,0,0,0,0,0,0.000,0.000,0.000,0.000,0.000,0.000,0.000,0.000,0,0,0,0,0,0,0,0,0,0,0,0,0,0,0,0,0,0,2551,1551,1176,3,0,7808,2947,740,2320,575,121,0,0,0,0,0,0,20650,8611,2000,19239,8179,1716,0,0,0,0,0,0,236.401,16.081,14190.416,1024.956,3,132,0,607,197,1181,1984,601,184,111,27,71,67,11,51,581,120,114,169,339,42,0,0,0,0,0,0,0,0,0,0,0,0,81,83,36,0,0,0,0,0,380,156,110,17,0,0,0,1,0,0,0,0,0,0,0,0,0,0,0,0,0,0,0,0,0.6530,0.5157,4,1,0,0.5061,0.4265,5,0,0
2641,88.0,1763,274,5,376,1387,0,0,17,117.64,1.207,1.335,0.301,0.094,0.196,-0.920,1.554,0.3316,2.8088,0.630,0.032,0.034,0.079,-0.013,77,227,147,0,7,0,70029.44,6092.627,46227.165,105.716,1634.736,11.082,15748.343,23310.657,29.945,19652.143,15721.715,5375.591,841.164,763.812,0.000127,-0.003800,245,0,114,33,147,114,9338,74,33,104.607,0,0,0,0,0,0,0,0,0,0,0,0,0,0,41101,2021,171,51873.548,46195.639,1570.107,1.110,104.607,14572.033,22337.066,607.986,369,348,227,114,7,34945,0,0,0,0.000,0.000,0.000,0.000,0.000,0.000,0.000,0.000,0,0,0,0,0,0,0,0,0,0.000,0.000,0.000,0.000,0.000,0.000,0.000,0.000,0,0,0,0,0,0,0,0,0,0.000,0.000,0.000,0.000,0.000,0.000,0.000,0.000,0,0,0,0,0,0,0,0,0,0.000,0.000,0.000,0.000,0.000,0.000,0.000,0.000,0,0,0,0,0,0,0,0,0,0.000,0.000,0.000,0.000,0.000,0.000,0.000,0.000,0,0,0,0,0,0,1,0,0,0,0,0,0,0,0,0,0,0,2551,1551,1176,3,0,8541,2930,833,2084,278,79,0,0,0,0,0,0,21924,9056,1897,19177,8377,1791,0,0,0,0,0,0,215.384,17.373,15103.366,1013.189,7,170,0,643,222,1157,2032,661,206,105,31,79,78,11,72,593,130,90,192,334,48,0,0,0,0,0,0,0,0,0,0,0,0,87,118,34,1,0,0,0,0,381,169,95,19,0,0,0,0,0,0,0,0,0,0,0,0,0,0,0,0,0,0,0,0,0.7030,0.4702,5,0,0,0.4657,0.4448,5,0,0
2671,89.0,1789,280,5,377,1412,0,0,20,96.97,1.213,1.335,0.321,0.096,0.194,-0.922,1.569,0.3297,2.7601,0.611,0.029,0.042,0.078,-0.011,85,251,168,0,2,0,71982.81,6423.813,47054.456,162.495,1879.926,13.216,16297.572,23575.938,24.250,20038.779,16031.023,5733.890,1260.006,787.984,0.000194,-0.004337,321,0,111,57,168,111,9023,124,57,161.537,0,0,0,0,0,0,0,0,0,0,0,0,0,0,42017,2050,197,52707.201,47007.697,1753.048,0.958,161.537,15044.060,22621.768,574.422,387,364,251,111,2,35935,0,0,0,0.000,0.000,0.000,0.000,0.000,0.000,0.000,0.000,0,0,0,0,0,0,0,0,0,0.000,0.000,0.000,0.000,0.000,0.000,0.000,0.000,0,0,0,0,0,0,0,0,0,0.000,0.000,0.000,0.000,0.000,0.000,0.000,0.000,0,0,0,0,0,0,0,0,0,0.000,0.000,0.000,0.000,0.000,0.000,0.000,0.000,0,0,0,0,0,0,0,0,0,0.000,0.000,0.000,0.000,0.000,0.000,0.000,0.000,0,0,0,0,0,0,2,0,0,0,0,0,0,0,0,0,0,0,2551,1551,1176,3,0,8907,2841,810,2302,245,165,0,0,0,0,0,0,23339,9402,2121,18678,8816,1789,0,0,0,0,0,0,205.625,18.307,15748.114,1077.529,12,201,0,671,228,1167,2060,673,219,104,26,79,66,19,83,617,92,108,199,341,55,0,0,0,0,0,0,0,0,0,0,0,0,80,128,37,2,0,0,0,0,380,197,106,20,0,0,0,0,0,0,0,0,0,0,0,0,0,0,0,0,0,0,0,0,0.6613,0.4902,5,0,0,0.3924,0.3939,5,0,0
2701,90.0,1810,240,6,380,1430,0,0,24,106.08,1.217,1.337,0.337,0.091,0.194,-0.926,1.561,0.3285,2.7145,0.625,0.032,0.037,0.079,-0.010,79,247,169,0,5,0,73222.69,6558.059,46537.275,198.893,2228.028,11.042,16694.756,23240.910,34.282,19817.252,15853.802,5829.396,1552.225,739.329,0.000221,-0.006082,370,0,107,62,169,107,8703,142,62,197.950,0,0,0,0,0,0,0,0,0,0,0,0,0,0,42731,2026,228,52504.448,46503.765,2134.175,0.943,197.950,15412.151,22315.047,545.955,375,358,247,107,4,37249,0,0,0,0.000,0.000,0.000,0.000,0.000,0.000,0.000,0.000,0,0,0,0,0,0,0,0,0,0.000,0.000,0.000,0.000,0.000,0.000,0.000,0.000,0,0,0,0,0,0,0,0,0,0.000,0.000,0.000,0.000,0.000,0.000,0.000,0.000,0,0,0,0,0,0,0,0,0,0.000,0.000,0.000,0.000,0.000,0.000,0.000,0.000,0,0,0,0,0,0,0,0,0,0.000,0.000,0.000,0.000,0.000,0.000,0.000,0.000,0,0,0,0,0,0,1,0,0,0,0,0,0,0,0,0,0,0,2701,1810,1398,6,1,8772,2780,707,2530,244,177,0,0,0,0,0,0,24618,9747,2228,18113,8043,1539,0,0,0,0,0,0,196.795,15.033,15236.835,1033.962,5,150,0,615,237,1142,2034,656,209,97,36,76,52,28,91,576,152,100,208,328,66,0,0,0,0,0,0,0,0,0,0,0,0,68,137,39,3,0,0,0,0,401,187,103,11,0,0,0,0,0,0,0,0,0,0,0,0,0,0,0,0,0,0,0,0,0.6839,0.4892,5,0,0,0.3488,0.3828,5,0,0
2731,91.0,1879,201,6,390,1489,0,0,25,112.62,1.224,1.341,0.353,0.090,0.192,-0.925,1.561,0.3310,2.6931,0.634,0.021,0.036,0.078,-0.010,80,223,143,0,5,0,75254.41,6561.119,46920.942,158.115,2625.867,11.892,17177.965,23633.641,36.951,19896.854,15917.484,4853.342,1311.740,615.437,0.000144,-0.006602,314,0,91,52,143,91,8803,19,52,157.331,0,0,0,0,0,0,0,0,0,0,0,0,0,0,43542,2039,295,53376.475,46844.377,2612.385,0.784,157.331,15847.687,22706.012,541.490,377,318,222,91,5,34377,0,0,0,0.000,0.000,0.000,0.000,0.000,0.000,0.000,0.000,0,0,0,0,0,0,0,0,0,0.000,0.000,0.000,0.000,0.000,0.000,0.000,0.000,0,0,0,0,0,0,0,0,0,0.000,0.000,0.000,0.000,0.000,0.000,0.000,0.000,0,0,0,0,0,0,0,0,0,0.000,0.000,0.000,0.000,0.000,0.000,0.000,0.000,0,0,0,0,0,0,0,0,0,0.000,0.000,0.000,0.000,0.000,0.000,0.000,0.000,0,0,0,0,0,0,0,0,0,0,0,0,0,0,0,0,0,0,2701,1810,1398,6,1,8941,2577,1214,2774,367,218,0,0,0,0,0,0,25936,9876,2587,17606,7848,1542,0,0,0,0,0,0,188.016,25.069,15324.547,1118.514,4,180,0,615,196,1206,2056,648,192,103,49,73,65,22,78,581,130,88,230,378,82,0,0,0,0,0,0,0,0,0,0,0,0,63,128,43,4,0,0,0,0,455,205,107,11,0,0,0,0,0,0,0,0,0,0,0,0,0,0,0,0,0,0,0,0,0.6329,0.5446,5,0,0,0.3636,0.3603,5,0,0
2761,92.0,1859,241,6,391,1468,0,0,26,113.66,1.231,1.342,0.367,0.091,0.194,-0.925,1.571,0.3220,2.6536,0.648,0.031,0.031,0.079,-0.010,68,251,183,0,6,0,72278.64,6824.991,43415.525,197.381,2412.626,11.469,17719.865,23687.350,38.962,18886.790,15109.432,6719.435,695.554,775.151,0.000127,-0.006767,304,0,118,65,183,118,9881,22,65,196.270,0,0,0,0,0,0,0,0,0,0,0,0,0,0,44523,1907,282,49400.274,43360.809,2399.073,1.111,196.270,16352.476,22628.691,652.058,353,374,251,118,5,39480,0,0,0,0.000,0.000,0.000,0.000,0.000,0.000,0.000,0.000,0,0,0,0,0,0,0,0,0,0.000,0.000,0.000,0.000,0.000,0.000,0.000,0.000,0,0,0,0,0,0,0,0,0,0.000,0.000,0.000,0.000,0.000,0.000,0.000,0.000,0,0,0,0,0,0,0,0,0,0.000,0.000,0.000,0.000,0.000,0.000,0.000,0.000,0,0,0,0,0,0,0,0,0,0.000,0.000,0.000,0.000,0.000,0.000,0.000,0.000,0,0,0,0,0,0,0,0,0,0,0,0,0,0,0,0,0,0,2701,1810,1398,6,1,9304,2821,1056,2521,513,174,0,0,0,0,0,0,26934,9788,2517,17589,7241,1560,0,0,0,0,0,0,220.103,21.086,14908.372,1099.334,4,154,0,571,222,1164,1917,577,194,116,41,60,63,16,95,576,144,105,227,360,56,0,0,0,0,0,0,0,0,0,0,0,0,39,142,49,4,0,0,0,0,438,169,122,19,0,0,0,0,0,0,0,0,0,0,0,0,0,0,0,0,0,0,0,0,0.6400,0.4503,4,0,0,0.4281,0.4072,5,0,0
2791,93.0,1856,230,6,397,1459,0,0,26,118.15,1.239,1.342,0.365,0.089,0.196,-0.925,1.584,0.3394,2.6567,0.629,0.030,0.032,0.080,-0.012,91,273,134,0,7,0,72854.16,6843.494,45369.879,180.215,2006.983,12.747,17835.927,24129.765,42.607,18663.815,14931.052,4555.355,1018.423,503.228,0.000158,-0.008050,256,0,74,60,134,74,10570,14,60,179.288,0,0,0,0,0,0,0,0,0,0,0,0,0,0,44251,1993,242,51070.821,45298.849,1984.193,0.927,179.288,16454.000,23076.692,614.995,344,353,272,74,7,38392,0,0,0,0.000,0.000,0.000,0.000,0.000,0.000,0.000,0.000,0,0,0,0,0,0,0,0,0,0.000,0.000,0.000,0.000,0.000,0.000,0.000,0.000,0,0,0,0,0,0,0,0,0,0.000,0.000,0.000,0.000,0.000,0.000,0.000,0.000,0,0,0,0,0,0,0,0,0,0.000,0.000,0.000,0.000,0.000,0.000,0.000,0.000,0,0,0,0,0,0,0,0,0,0.000,0.000,0.000,0.000,0.000,0.000,0.000,0.000,0,0,0,0,0,0,0,0,0,0,0,0,0,0,0,0,0,0,2701,1810,1398,6,1,9266,3022,1119,2552,641,198,0,0,0,0,0,0,27076,9940,2659,17155,7739,1421,20,0,2,0,0,0,251.961,25.971,15670.028,1137.893,1,176,0,583,233,1181,2008,609,194,130,38,59,67,16,87,592,137,97,210,373,50,0,0,0,0,0,0,0,0,0,0,0,0,38,140,47,4,0,0,0,0,434,181,93,22,0,0,0,0,0,0,0,0,0,0,0,0,0,0,0,0,0,0,0,0,0.6470,0.4707,4,1,0,0.3600,0.4072,5,0,0
2821,94.0,1821,244,6,414,1407,0,0,19,116.71,1.240,1.327,0.364,0.088,0.206,-0.926,1.581,0.3200,2.6014,0.642,0.029,0.036,0.080,-0.013,65,255,152,0,10,0,73439.02,6739.368,44861.287,115.285,1908.634,12.273,17471.777,23025.849,34.186,17548.280,14038.624,5612.826,809.772,667.009,0.000157,-0.008392,222,0,111,41,152,111,9512,2,41,114.199,0,0,0,0,0,0,0,0,0,0,0,0,0,0,42698,1957,220,50367.004,44766.561,1903.229,1.086,114.199,16046.192,22048.921,502.282,322,376,255,111,10,43662,0,0,0,0.000,0.000,0.000,0.000,0.000,0.000,0.000,0.000,0,0,0,0,0,0,0,0,0,0.000,0.000,0.000,0.000,0.000,0.000,0.000,0.000,0,0,0,0,0,0,0,0,0,0.000,0.000,0.000,0.000,0.000,0.000,0.000,0.000,0,0,0,0,0,0,0,0,0,0.000,0.000,0.000,0.000,0.000,0.000,0.000,0.000,0,0,0,0,0,0,0,0,0,0.000,0.000,0.000,0.000,0.000,0.000,0.000,0.000,0,0,0,0,0,0,2,0,0,0,0,0,0,0,0,0,0,0,2701,1810,1398,6,1,9536,3424,872,2571,603,119,0,0,0,0,0,0,26781,9646,2600,15887,7246,1511,30,0,0,0,0,0,295.821,24.602,15033.731,1117.073,2,160,0,628,234,1125,1973,621,217,144,30,66,74,11,89,541,126,106,218,373,43,0,0,0,0,0,0,0,0,0,0,0,0,43,145,50,2,0,0,0,0,459,155,110,15,0,0,0,1,0,0,0,0,0,0,0,0,0,0,0,0,0,0,0,0,0.6786,0.5484,4,1,0,0.4414,0.3709,5,0,0
2851,95.0,1855,263,7,450,1405,0,0,16,126.27,1.236,1.306,0.372,0.088,0.218,-0.926,1.595,0.3134,2.5450,0.622,0.029,0.031,0.080,-0.015,94,246,134,0,3,0,74717.80,7132.256,44314.944,99.513,2517.209,11.515,17447.737,22237.686,26.431,19052.330,15241.864,4979.190,1071.367,695.051,0.000173,-0.007988,304,0,102,32,134,102,8802,12,32,98.460,0,0,0,0,0,0,0,0,0,0,0,0,0,0,41896,1931,292,50463.128,44265.413,2510.362,1.054,98.460,15916.445,21222.050,488.856,349,351,246,102,3,40714,0,0,0,0.000,0.000,0.000,0.000,0.000,0.000,0.000,0.000,0,0,0,0,0,0,0,0,0,0.000,0.000,0.000,0.000,0.000,0.000,0.000,0.000,0,0,0,0,0,0,0,0,0,0.000,0.000,0.000,0.000,0.000,0.000,0.000,0.000,0,0,0,0,0,0,0,0,0,0.000,0.000,0.000,0.000,0.000,0.000,0.000,0.000,0,0,0,0,0,0,0,0,0,0.000,0.000,0.000,0.000,0.000,0.000,0.000,0.000,0,0,0,0,0,0,0,0,0,0,0,0,0,0,0,0,0,0,2851,1855,1275,4,1,10181,3727,907,2802,681,200,0,0,0,0,0,0,26445,9365,2865,15421,6559,1319,30,9,3,0,0,0,337.544,23.902,14071.995,1137.864,4,147,1,580,229,1155,1945,581,200,146,40,63,86,9,106,533,146,91,212,368,55,0,0,0,0,0,0,0,0,0,0,0,0,43,172,48,1,0,0,0,0,427,183,102,14,0,0,0,0,0,0,0,0,0,0,0,0,0,0,0,0,0,0,0,0,0.6915,0.4729,4,0,0,0.3666,0.3885,4,0,0
2881,96.0,1884,223,7,475,1409,0,0,29,129.85,1.227,1.292,0.385,0.085,0.225,-0.927,1.612,0.3197,2.5626,0.624,0.023,0.040,0.080,-0.016,100,221,138,0,1,0,75897.98,7542.082,43936.110,120.680,2607.219,15.014,17767.129,22039.487,35.028,17739.873,14191.898,5091.109,1259.817,678.155,0.000214,-0.007856,326,0,98,40,138,98,9235,21,40,119.301,0,0,0,0,0,0,0,0,0,0,0,0,0,0,42086,1910,305,50129.768,43881.668,2575.418,1.379,119.301,16133.843,20982.834,509.533,323,319,220,98,1,39515,0,0,0,0.000,0.000,0.000,0.000,0.000,0.000,0.000,0.000,0,0,0,0,0,0,0,0,0,0.000,0.000,0.000,0.000,0.000,0.000,0.000,0.000,0,0,0,0,0,0,0,0,0,0.000,0.000,0.000,0.000,0.000,0.000,0.000,0.000,0,0,0,0,0,0,0,0,0,0.000,0.000,0.000,0.000,0.000,0.000,0.000,0.000,0,0,0,0,0,0,0,0,0,0.000,0.000,0.000,0.000,0.000,0.000,0.000,0.000,0,0,0,0,0,0,0,0,0,0,0,0,0,0,0,0,0,0,2851,1855,1275,4,1,11069,3955,964,2971,726,225,0,0,0,0,0,0,26914,9508,2823,15142,6439,1332,30,7,3,0,0,0,352.559,25.067,13872.852,1109.462,7,146,0,564,204,1115,1923,601,195,160,43,59,95,7,111,543,146,104,186,385,45,0,0,0,0,0,0,0,0,0,0,0,0,49,186,37,0,0,0,0,0,418,162,119,21,0,0,0,0,0,0,0,0,0,0,0,0,0,0,0,0,0,0,0,0,0.7139,0.4749,4,0,0,0.3609,0.3510,4,0,0
2911,97.0,1941,184,7,505,1436,0,0,34,137.21,1.220,1.285,0.403,0.084,0.230,-0.925,1.617,0.3229,2.5284,0.595,0.020,0.031,0.080,-0.015,89,222,121,0,3,0,76502.98,7790.678,42833.931,154.465,2667.638,13.215,18127.096,22061.280,49.991,18181.523,14545.218,4397.161,1284.638,617.599,0.000174,-0.007712,381,0,74,47,121,74,10218,67,47,153.710,0,0,0,0,0,0,0,0,0,0,0,0,0,0,42682,1866,314,49005.101,42763.720,2598.528,0.755,153.710,16434.696,20943.060,562.021,324,299,222,74,3,37165,0,0,0,0.000,0.000,0.000,0.000,0.000,0.000,0.000,0.000,0,0,0,0,0,0,0,0,0,0.000,0.000,0.000,0.000,0.000,0.000,0.000,0.000,0,0,0,0,0,0,0,0,0,0.000,0.000,0.000,0.000,0.000,0.000,0.000,0.000,0,0,0,0,0,0,0,0,0,0.000,0.000,0.000,0.000,0.000,0.000,0.000,0.000,0,0,0,0,0,0,0,0,0,0.000,0.000,0.000,0.000,0.000,0.000,0.000,0.000,0,0,0,0,0,0,2,0,0,0,0,0,0,0,0,0,0,0,2851,1855,1275,4,1,11558,4026,947,3087,836,272,0,0,0,0,0,0,27423,10072,3033,15229,6658,1452,30,30,0,0,0,0,343.449,24.325,14388.006,1159.263,10,154,1,559,214,1068,1880,586,202,162,36,65,99,8,135,533,154,95,201,406,47,0,0,0,0,0,0,0,0,0,0,0,0,49,224,34,0,0,0,0,0,470,179,91,9,0,0,0,0,0,0,0,0,0,0,0,0,0,0,0,0,0,0,0,0,0.7276,0.5333,4,0,0,0.3417,0.3348,4,0,0
2941,98.0,1939,182,7,524,1415,0,0,36,159.04,1.213,1.270,0.422,0.082,0.238,-0.926,1.628,0.3186,2.4374,0.596,0.021,0.033,0.081,-0.015,91,223,130,0,4,0,75747.30,7991.799,39619.312,157.741,2936.804,10.635,18328.745,21442.096,56.157,15880.923,12704.739,4199.736,780.639,540.984,0.000132,-0.007422,404,0,74,56,130,74,10970,49,56,156.964,0,0,0,0,0,0,0,0,0,0,0,0,0,0,42694,1731,355,45744.911,39558.397,2882.270,0.777,156.964,16548.906,20248.353,614.812,277,301,223,74,4,42341,0,0,0,0.000,0.000,0.000,0.000,0.000,0.000,0.000,0.000,0,0,0,0,0,0,0,0,0,0.000,0.000,0.000,0.000,0.000,0.000,0.000,0.000,0,0,0,0,0,0,0,0,0,0.000,0.000,0.000,0.000,0.000,0.000,0.000,0.000,0,0,0,0,0,0,0,0,0,0.000,0.000,0.000,0.000,0.000,0.000,0.000,0.000,0,0,0,0,0,0,0,0,0,0.000,0.000,0.000,0.000,0.000,0.000,0.000,0.000,0,0,0,0,0,0,3,0,0,0,0,0,0,0,0,0,0,0,2851,1855,1275,4,1,12318,4164,831,3127,836,179,0,0,0,0,0,0,27928,10072,3047,14736,5238,1267,30,30,0,0,0,0,340.198,23.996,12957.861,1133.621,1,135,0,517,203,1022,1744,516,170,171,36,58,92,6,161,521,134,92,219,391,58,0,0,0,0,0,0,0,0,0,0,0,0,39,243,35,0,0,0,0,0,468,189,85,18,0,0,0,0,0,0,0,0,0,0,0,0,0,0,0,0,0,0,0,0,0.7339,0.4739,4,0,0,0.3338,0.3513,4,0,0
2971,99.0,1921,170,7,554,1367,0,0,38,141.76,1.204,1.247,0.427,0.081,0.251,-0.925,1.641,0.3142,2.3813,0.566,0.013,0.032,0.083,-0.016,97,229,99,0,6,0,74812.49,8136.558,37142.919,112.850,2766.541,12.206,18126.298,20457.372,60.370,14271.807,11417.446,3405.897,888.144,534.688,0.000143,-0.007818,438,0,60,39,97,59,11063,93,38,111.019,0,0,0,0,0,0,0,0,0,0,0,0,0,0,41653,1620,345,42912.788,37056.099,2665.540,0.577,111.019,16253.855,19286.354,548.434,246,294,229,60,5,37987,0,0,0,0.000,0.000,0.000,0.000,0.000,0.000,0.000,0.000,0,0,0,0,0,0,0,0,0,0.000,0.000,0.000,0.000,0.000,0.000,0.000,0.000,0,0,0,0,0,0,0,0,0,0.000,0.000,0.000,0.000,0.000,0.000,0.000,0.000,0,0,0,0,0,0,0,0,0,0.000,0.000,0.000,0.000,0.000,0.000,0.000,0.000,0,0,0,0,0,0,0,0,0,0.000,0.000,0.000,0.000,0.000,0.000,0.000,0.000,0,0,0,0,0,0,0,0,0,0,0,0,0,0,0,0,0,0,2851,1855,1275,4,1,12888,4491,777,3361,890,208,0,0,0,0,0,0,27227,9210,3072,14396,5393,1356,30,23,2,0,0,0,371.773,27.339,12345.069,1108.993,2,137,0,495,164,972,1643,500,184,175,46,58,100,3,172,469,136,97,206,406,53,0,0,0,0,0,0,0,0,0,0,0,0,41,260,31,1,0,0,0,0,469,173,103,17,0,0,0,0,0,0,0,0,0,0,0,0,0,0,0,0,0,0,0,0,0.7416,0.5027,4,0,0,0.3329,0.3007,4,0,0
3001,100.0,1919,212,12,596,1323,0,0,45,131.40,1.192,1.223,0.433,0.082,0.264,-0.925,1.632,0.3197,2.3875,0.574,0.013,0.031,0.084,-0.018,105,217,105,0,9,0,74309.91,8134.357,36766.809,115.496,3001.994,14.809,17817.452,19987.090,66.423,14722.472,11777.978,3670.655,433.903,599.227,0.000180,-0.006681,502,0,66,39,104,66,10715,161,38,114.840,0,0,0,0,0,0,0,0,0,0,0,0,0,0,40289,1596,341,42565.644,36705.653,2751.577,0.639,114.840,15820.612,18829.489,527.411,248,292,217,66,9,39525,0,0,0,0.000,0.000,0.000,0.000,0.000,0.000,0.000,0.000,0,0,0,0,0,0,0,0,0,0.000,0.000,0.000,0.000,0.000,0.000,0.000,0.000,0,0,0,0,0,0,0,0,0,0.000,0.000,0.000,0.000,0.000,0.000,0.000,0.000,0,0,0,0,0,0,0,0,0,0.000,0.000,0.000,0.000,0.000,0.000,0.000,0.000,0,0,0,0,0,0,0,0,0,0.000,0.000,0.000,0.000,0.000,0.000,0.000,0.000,0,0,0,0,0,0,0,0,0,0,0,0,0,0,0,0,0,0,3001,1919,1285,179,6,13562,4383,1070,3669,905,220,0,0,0,0,0,0,26754,8983,2678,13505,5735,1320,30,0,0,0,0,0,365.265,26.802,12412.175,1021.071,7,114,0,524,162,968,1612,526,130,184,33,70,123,9,177,464,137,86,229,356,51,0,0,0,0,0,0,0,0,0,0,0,0,55,280,43,1,0,0,0,0,420,190,96,16,0,0,0,0,0,0,0,0,0,0,0,0,0,0,0,0,0,0,0,0,0.7250,0.4751,6,1,0,0.3888,0.3750,8,0,0
3031,101.0,1925,189,12,587,1338,0,0,51,157.00,1.201,1.229,0.445,0.085,0.261,-0.926,1.624,0.3150,2.3173,0.588,0.019,0.024,0.085,-0.017,97,220,115,0,6,0,73607.72,8246.208,36289.517,175.504,3504.331,16.058,17963.864,19646.247,71.752,15811.916,12649.533,3539.857,419.014,610.304,0.000168,-0.005915,604,0,41,74,111,41,10672,161,70,174.788,0,0,0,0,0,0,0,0,0,0,0,0,0,0,39947,1574,443,42613.979,36212.281,3263.711,0.630,174.788,15893.178,18501.953,510.788,278,263,216,41,6,36635,0,0,0,0.000,0.000,0.000,0.000,0.000,0.000,0.000,0.000,0,0,0,0,0,0,0,0,0,0.000,0.000,0.000,0.000,0.000,0.000,0.000,0.000,0,0,0,0,0,0,0,0,0,0.000,0.000,0.000,0.000,0.000,0.000,0.000,0.000,0,0,0,0,0,0,0,0,0,0.000,0.000,0.000,0.000,0.000,0.000,0.000,0.000,0,0,0,0,0,0,0,0,0,0.000,0.000,0.000,0.000,0.000,0.000,0.000,0.000,0,0,0,0,0,0,0,0,0,0,0,0,0,0,0,0,0,0,3001,1919,1285,179,6,13613,4293,918,4033,1036,198,0,0,0,0,0,0,26606,8496,2935,13311,5445,1423,30,12,4,0,0,0,354.958,24.084,11733.469,1171.790,6,113,1,462,176,929,1590,487,155,173,40,71,101,13,189,459,145,68,232,383,51,0,0,0,0,0,0,0,0,0,0,0,0,50,278,45,1,0,0,0,0,437,188,98,11,0,0,0,0,0,0,0,0,0,0,0,0,0,0,0,0,0,0,0,0,0.7570,0.4687,5,1,0,0.3790,0.3260,8,0,0
3061,102.0,1899,221,12,592,1307,0,0,52,167.52,1.200,1.223,0.446,0.085,0.266,-0.926,1.619,0.3205,2.2724,0.619,0.020,0.025,0.086,-0.016,100,223,82,0,7,0,73117.97,8313.645,34470.876,123.923,2873.810,12.897,17954.847,19399.682,80.270,13000.012,10400.010,2408.567,518.505,436.324,0.000210,-0.006926,463,0,32,50,82,32,10408,94,50,123.665,0,0,0,0,0,0,0,0,0,0,0,0,0,0,39589,1500,369,39951.906,34362.478,2717.217,0.257,123.665,15838.851,18321.651,484.841,229,260,221,32,7,38034,0,0,0,0.000,0.000,0.000,0.000,0.000,0.000,0.000,0.000,0,0,0,0,0,0,0,0,0,0.000,0.000,0.000,0.000,0.000,0.000,0.000,0.000,0,0,0,0,0,0,0,0,0,0.000,0.000,0.000,0.000,0.000,0.000,0.000,0.000,0,0,0,0,0,0,0,0,0,0.000,0.000,0.000,0.000,0.000,0.000,0.000,0.000,0,0,0,0,0,0,0,0,0,0.000,0.000,0.000,0.000,0.000,0.000,0.000,0.000,0,0,0,0,0,0,0,0,0,0,0,0,0,0,0,0,0,0,3001,1919,1285,179,6,13610,4076,956,4131,1135,244,0,0,0,0,0,0,26688,8535,2911,12871,5566,1189,30,0,8,0,0,0,328.643,26.203,11875.857,1069.213,5,119,1,495,172,883,1518,485,161,180,45,74,108,18,167,477,116,84,199,377,54,0,0,0,0,0,0,0,0,0,0,0,0,49,265,52,1,0,0,0,0,434,163,110,6,0,0,0,1,0,0,0,0,0,0,0,0,0,0,0,0,0,0,0,0,0.6993,0.4668,8,0,0,0.3565,0.3427,8,0,0
3091,103.0,1871,200,12,599,1272,0,0,51,156.78,1.193,1.217,0.451,0.087,0.271,-0.927,1.598,0.3242,2.3222,0.632,0.005,0.025,0.086,-0.017,90,223,117,0,7,0,71359.43,8259.698,33911.601,186.099,3513.482,12.986,17658.496,18444.538,75.690,14401.313,11521.050,3959.448,556.399,541.100,0.000162,-0.007107,503,0,58,59,116,57,9870,62,59,182.814,0,0,0,0,0,0,0,0,0,0,0,0,0,0,38566,1482,441,40159.648,33843.260,3375.676,0.622,182.814,15497.412,17350.108,459.476,251,288,223,58,7,42280,0,0,0,0.000,0.000,0.000,0.000,0.000,0.000,0.000,0.000,0,0,0,0,0,0,0,0,0,0.000,0.000,0.000,0.000,0.000,0.000,0.000,0.000,0,0,0,0,0,0,0,0,0,0.000,0.000,0.000,0.000,0.000,0.000,0.000,0.000,0,0,0,0,0,0,0,0,0,0.000,0.000,0.000,0.000,0.000,0.000,0.000,0.000,0,0,0,0,0,0,0,0,0,0.000,0.000,0.000,0.000,0.000,0.000,0.000,0.000,0,0,0,0,0,0,2,0,0,0,0,0,0,0,0,0,0,0,3001,1919,1285,179,6,13759,4502,1177,4223,1218,182,0,0,0,0,0,0,26251,7785,2336,12258,4833,1241,57,51,4,0,0,0,374.758,31.985,10738.394,923.472,4,131,1,433,138,905,1497,436,131,198,51,68,93,21,168,411,123,89,213,377,59,0,0,0,0,0,0,0,0,0,0,0,0,44,255,51,0,0,0,0,0,467,166,94,10,0,0,0,1,0,0,0,0,0,0,0,0,0,0,0,0,0,0,0,0,0.7164,0.4457,8,0,0,0.3703,0.3591,8,0,0
3121,104.0,1794,186,12,570,1224,0,0,38,153.99,1.197,1.217,0.462,0.087,0.270,-0.928,1.593,0.3118,2.2576,0.665,0.011,0.033,0.085,-0.018,97,214,120,0,7,0,67853.07,7912.572,30521.651,218.139,3157.936,15.395,17286.013,17749.499,68.203,12028.518,9622.815,3799.494,399.517,450.294,0.000201,-0.007919,505,0,41,79,120,41,9765,76,79,217.742,0,0,0,0,0,0,0,0,0,0,0,0,0,0,37561,1333,429,36073.489,30489.466,3034.394,0.396,217.742,15136.350,16636.821,475.883,211,261,213,41,7,37802,0,0,0,0.000,0.000,0.000,0.000,0.000,0.000,0.000,0.000,0,0,0,0,0,0,0,0,0,0.000,0.000,0.000,0.000,0.000,0.000,0.000,0.000,0,0,0,0,0,0,0,0,0,0.000,0.000,0.000,0.000,0.000,0.000,0.000,0.000,0,0,0,0,0,0,0,0,0,0.000,0.000,0.000,0.000,0.000,0.000,0.000,0.000,0,0,0,0,0,0,0,0,0,0.000,0.000,0.000,0.000,0.000,0.000,0.000,0.000,0,0,0,0,0,0,2,0,0,0,0,0,0,0,0,0,0,0,3001,1919,1285,179,6,13872,4986,1184,3728,1159,165,0,0,0,0,0,0,26071,7971,2473,11444,4523,993,46,36,2,0,0,0,408.266,30.452,10319.770,886.629,7,102,1,368,138,821,1341,388,148,213,40,76,89,20,132,400,113,88,214,358,51,0,0,0,0,0,0,0,0,0,0,0,0,48,210,57,2,0,0,0,0,449,159,90,13,0,0,0,0,0,0,0,0,0,0,0,0,0,0,0,0,0,0,0,0,0.6368,0.5203,7,0,0,0.3894,0.3341,8,0,0
3151,105.0,1767,173,12,593,1174,0,0,38,171.70,1.181,1.196,0.468,0.090,0.283,-0.927,1.599,0.3218,2.2497,0.659,0.007,0.034,0.087,-0.020,102,201,76,0,7,0,66603.67,7562.755,29515.630,130.920,2586.352,15.982,16729.290,16537.864,55.240,11313.577,9050.862,2103.178,461.501,308.919,0.000195,-0.007533,381,0,28,48,76,28,9441,33,48,130.748,0,0,0,0,0,0,0,0,0,0,0,0,0,0,36052,1279,348,34374.643,29428.340,2507.721,0.172,130.748,14565.655,15436.560,441.361,183,233,199,28,6,34314,0,0,0,0.000,0.000,0.000,0.000,0.000,0.000,0.000,0.000,0,0,0,0,0,0,0,0,0,0.000,0.000,0.000,0.000,0.000,0.000,0.000,0.000,0,0,0,0,0,0,0,0,0,0.000,0.000,0.000,0.000,0.000,0.000,0.000,0.000,0,0,0,0,0,0,0,0,0,0.000,0.000,0.000,0.000,0.000,0.000,0.000,0.000,0,0,0,0,0,0,0,0,0,0.000,0.000,0.000,0.000,0.000,0.000,0.000,0.000,0,0,0,0,0,0,0,0,0,0,0,0,0,0,0,0,0,0,3151,1767,1334,36,2,13907,5490,1018,3518,1140,164,0,0,0,0,0,0,25299,7381,2532,10723,4067,865,30,3,2,0,0,0,453.003,29.044,9484.278,887.992,9,92,0,407,129,751,1300,393,127,236,30,75,96,12,144,379,110,66,206,361,52,0,0,0,0,0,0,0,0,0,0,0,0,48,213,59,7,0,0,0,0,439,162,76,8,0,0,0,0,0,0,0,0,0,0,0,0,0,0,0,0,0,0,0,0,0.6663,0.4922,5,0,0,0.4298,0.4088,9,0,0
3181,106.0,1727,174,12,589,1138,0,0,36,182.98,1.178,1.189,0.477,0.088,0.287,-0.926,1.598,0.3235,2.2590,0.685,0.015,0.033,0.087,-0.022,101,188,65,0,3,0,63265.40,7382.154,26664.812,126.012,2296.706,14.436,16356.692,16245.972,56.795,9783.083,7826.467,1854.999,772.273,267.904,0.000153,-0.006527,376,0,15,50,62,15,9312,32,47,125.875,0,0,0,0,0,0,0,0,0,0,0,0,0,0,34872,1153,344,31070.028,26615.408,2237.303,0.098,125.875,14158.533,15126.799,414.165,164,200,183,15,2,29605,0,0,0,0.000,0.000,0.000,0.000,0.000,0.000,0.000,0.000,0,0,0,0,0,0,0,0,0,0.000,0.000,0.000,0.000,0.000,0.000,0.000,0.000,0,0,0,0,0,0,0,0,0,0.000,0.000,0.000,0.000,0.000,0.000,0.000,0.000,0,0,0,0,0,0,0,0,0,0.000,0.000,0.000,0.000,0.000,0.000,0.000,0.000,0,0,0,0,0,0,0,0,0,0.000,0.000,0.000,0.000,0.000,0.000,0.000,0.000,0,0,0,0,0,0,0,0,0,0,0,0,0,0,0,0,0,0,3151,1767,1334,36,2,14142,5833,885,3563,1142,205,0,0,0,0,0,0,24477,7323,2351,10354,3738,883,41,41,0,0,0,0,496.813,25.751,9284.756,821.104,3,93,0,342,110,712,1163,355,100,227,50,78,78,17,139,383,95,78,204,338,40,0,0,0,0,0,0,0,0,0,0,0,0,43,202,58,9,0,0,0,0,419,157,77,7,0,0,0,0,0,0,0,0,0,0,0,0,0,0,0,0,0,0,0,0,0.6533,0.4827,7,0,0,0.4096,0.3797,9,0,0
3211,107.0,1648,169,12,580,1068,0,0,45,191.21,1.170,1.174,0.482,0.086,0.295,-0.926,1.593,0.3204,2.2077,0.678,0.012,0.022,0.087,-0.023,107,210,86,0,4,0,59801.75,7095.961,25663.572,181.901,2394.974,13.677,15672.586,15516.914,59.732,9786.213,7828.971,2503.660,428.444,266.510,0.000145,-0.006471,387,0,20,66,86,20,8745,20,66,181.786,0,0,0,0,0,0,0,0,0,0,0,0,0,0,33066,1115,367,30207.334,25642.862,2345.985,0.116,181.786,13474.893,14452.470,370.963,160,230,206,20,4,39073,0,0,0,0.000,0.000,0.000,0.000,0.000,0.000,0.000,0.000,0,0,0,0,0,0,0,0,0,0.000,0.000,0.000,0.000,0.000,0.000,0.000,0.000,0,0,0,0,0,0,0,0,0,0.000,0.000,0.000,0.000,0.000,0.000,0.000,0.000,0,0,0,0,0,0,0,0,0,0.000,0.000,0.000,0.000,0.000,0.000,0.000,0.000,0,0,0,0,0,0,0,0,0,0.000,0.000,0.000,0.000,0.000,0.000,0.000,0.000,0,0,0,0,0,0,0,0,0,0,0,0,0,0,0,0,0,0,3151,1767,1334,36,2,14247,5677,1009,3481,966,313,0,0,0,0,0,0,22556,7048,1871,10450,3995,859,60,36,5,0,0,0,474.187,26.711,9115.213,697.270,10,76,0,342,105,668,1120,361,92,221,36,79,88,19,137,355,88,46,213,325,41,0,0,0,0,0,0,0,0,0,0,0,0,46,205,67,5,0,0,0,0,398,169,49,9,0,0,0,0,0,0,0,0,0,0,0,0,0,0,0,0,0,0,0,0,0.6508,0.5050,5,0,0,0.4358,0.3912,9,0,0
3241,108.0,1557,166,12,564,993,0,0,52,201.07,1.163,1.162,0.483,0.089,0.303,-0.928,1.582,0.3220,2.2632,0.694,0.009,0.024,0.087,-0.023,105,196,72,0,3,0,56913.43,6569.902,23806.443,152.563,2294.184,14.439,14764.013,14118.854,76.672,8233.356,6586.685,2255.272,227.125,328.614,0.000154,-0.007147,370,0,20,52,70,19,8089,58,51,146.682,0,0,0,0,0,0,0,0,0,0,0,0,0,0,30885,1025,312,27947.669,23741.693,2242.725,0.155,146.682,12627.376,13118.423,335.247,142,217,194,20,3,40167,0,0,0,0.000,0.000,0.000,0.000,0.000,0.000,0.000,0.000,0,0,0,0,0,0,0,0,0,0.000,0.000,0.000,0.000,0.000,0.000,0.000,0.000,0,0,0,0,0,0,0,0,0,0.000,0.000,0.000,0.000,0.000,0.000,0.000,0.000,0,0,0,0,0,0,0,0,0,0.000,0.000,0.000,0.000,0.000,0.000,0.000,0.000,0,0,0,0,0,0,0,0,0,0.000,0.000,0.000,0.000,0.000,0.000,0.000,0.000,0,0,0,0,0,0,0,0,0,0,0,0,0,0,0,0,0,0,3151,1767,1334,36,2,13665,5528,857,3372,965,280,0,0,0,0,0,0,20738,6048,1837,10114,4212,846,33,0,0,0,0,0,462.256,24.338,8108.110,679.193,8,83,0,309,102,622,1036,311,98,215,45,78,77,20,129,317,93,64,200,282,37,0,0,0,0,0,0,0,0,0,0,0,0,48,189,58,9,0,0,0,0,357,152,71,3,0,0,0,0,0,0,0,0,0,0,0,0,0,0,0,0,0,0,0,0,0.5772,0.4662,6,0,0,0.4120,0.3641,8,0,0
3271,109.0,1467,187,12,562,905,0,0,54,210.24,1.145,1.134,0.484,0.086,0.317,-0.928,1.587,0.3277,2.2195,0.703,0.007,0.017,0.088,-0.025,87,176,61,0,7,0,53658.55,6268.648,21281.399,107.741,2286.330,12.877,13800.624,13409.545,87.131,6842.453,5473.962,1864.327,89.421,293.128,0.000198,-0.007640,346,0,21,40,60,20,7991,24,40,103.564,0,0,0,0,0,0,0,0,0,0,0,0,0,0,28558,919,322,25315.316,21239.452,2283.543,0.146,103.564,11698.740,12445.221,303.517,112,200,172,21,7,37459,0,0,0,0.000,0.000,0.000,0.000,0.000,0.000,0.000,0.000,0,0,0,0,0,0,0,0,0,0.000,0.000,0.000,0.000,0.000,0.000,0.000,0.000,0,0,0,0,0,0,0,0,0,0.000,0.000,0.000,0.000,0.000,0.000,0.000,0.000,0,0,0,0,0,0,0,0,0,0.000,0.000,0.000,0.000,0.000,0.000,0.000,0.000,0,0,0,0,0,0,0,0,0,0.000,0.000,0.000,0.000,0.000,0.000,0.000,0.000,0,0,0,0,0,0,0,0,0,0,0,0,0,0,0,0,0,0,3151,1767,1334,36,2,13481,5508,833,3219,998,279,0,0,0,0,0,0,19112,5756,1825,9416,3997,772,30,5,7,0,0,0,461.793,23.428,7805.000,667.099,3,81,1,305,89,553,926,315,84,215,39,70,73,27,138,284,87,49,191,247,47,0,0,0,0,0,0,0,0,0,0,0,0,52,195,52,9,0,0,0,0,329,140,60,4,0,0,0,1,0,0,0,0,0,0,0,0,0,0,0,0,0,0,0,0,0.6274,0.4711,5,0,0,0.4451,0.3654,9,0,0
3301,110.0,1395,166,15,573,822,0,0,56,179.85,1.120,1.102,0.496,0.086,0.336,-0.926,1.589,0.3191,2.2311,0.683,0.010,0.016,0.091,-0.025,107,161,58,0,5,0,50220.95,6005.811,19333.263,68.660,1858.567,16.948,12957.140,12076.701,90.279,6823.098,5458.478,1739.706,324.650,292.241,0.000155,-0.008002,330,0,34,24,55,31,7584,58,24,58.114,0,0,0,0,0,0,0,0,0,0,0,0,0,0,26365,838,272,22681.963,19291.632,1758.409,0.149,58.114,10832.975,11171.196,250.126,114,197,158,34,5,34796,0,0,0,0.000,0.000,0.000,0.000,0.000,0.000,0.000,0.000,0,0,0,0,0,0,0,0,0,0.000,0.000,0.000,0.000,0.000,0.000,0.000,0.000,0,0,0,0,0,0,0,0,0,0.000,0.000,0.000,0.000,0.000,0.000,0.000,0.000,0,0,0,0,0,0,0,0,0,0.000,0.000,0.000,0.000,0.000,0.000,0.000,0.000,0,0,0,0,0,0,0,0,0,0.000,0.000,0.000,0.000,0.000,0.000,0.000,0.000,0,0,0,0,0,0,0,0,0,0,0,0,0,0,0,0,0,0,3301,1395,1124,43,4,13429,5429,958,3586,1169,124,0,0,0,0,0,0,17635,4780,1603,8700,3889,849,30,22,2,0,0,0,465.419,22.753,6951.369,606.973,11,62,0,239,101,489,850,249,92,227,29,79,88,26,124,265,81,31,154,255,36,0,0,0,0,0,0,0,0,0,0,0,0,48,198,59,12,0,0,0,0,313,120,36,7,0,0,0,0,0,0,0,0,0,0,0,0,0,0,0,0,0,0,0,0,0.6443,0.4803,5,0,0,0.4192,0.4018,10,0,0
3331,111.0,1386,151,15,595,791,0,0,52,202.43,1.102,1.075,0.490,0.086,0.349,-0.926,1.594,0.3141,2.1769,0.698,0.008,0.019,0.093,-0.027,116,139,26,0,5,0,48756.75,5890.076,18568.663,39.101,1682.020,18.220,12177.120,10832.417,82.719,7290.796,5832.637,965.378,255.034,191.209,0.000217,-0.009833,299,0,12,14,26,12,7540,19,14,39.027,0,0,0,0,0,0,0,0,0,0,0,0,0,0,24188,807,280,21771.275,18552.777,1640.392,0.074,39.027,10003.407,9963.900,209.043,121,152,137,12,3,31602,0,0,0,0.000,0.000,0.000,0.000,0.000,0.000,0.000,0.000,0,0,0,0,0,0,0,0,0,0.000,0.000,0.000,0.000,0.000,0.000,0.000,0.000,0,0,0,0,0,0,0,0,0,0.000,0.000,0.000,0.000,0.000,0.000,0.000,0.000,0,0,0,0,0,0,0,0,0,0.000,0.000,0.000,0.000,0.000,0.000,0.000,0.000,0,0,0,0,0,0,0,0,0,0.000,0.000,0.000,0.000,0.000,0.000,0.000,0.000,0,0,0,0,0,0,0,0,0,0,0,0,0,0,0,0,0,0,3301,1395,1124,43,4,13510,5578,971,3934,1223,179,0,0,0,0,0,0,16319,4266,1519,7839,3293,837,30,30,0,0,0,0,470.008,24.208,6019.199,581.354,6,60,3,250,78,474,817,242,82,231,40,86,83,22,133,247,80,52,124,258,30,0,0,0,0,0,0,0,0,0,0,0,0,47,207,59,11,0,0,0,0,299,102,57,6,0,0,0,0,0,0,0,0,0,0,0,0,0,0,0,0,0,0,0,0,0.6577,0.4751,6,0,0,0.4518,0.3697,8,0,0
3361,112.0,1311,182,15,595,716,0,0,52,219.35,1.079,1.045,0.485,0.088,0.365,-0.927,1.599,0.3184,2.1500,0.696,0.008,0.017,0.094,-0.028,108,144,35,0,3,0,45383.06,5836.947,14785.442,62.003,1426.636,16.784,11617.347,10266.947,78.276,4729.327,3783.462,838.230,176.970,134.446,0.000130,-0.009480,207,0,8,27,35,8,7627,10,27,61.920,0,0,0,0,0,0,0,0,0,0,0,0,0,0,22796,647,197,17419.405,14748.711,1420.188,0.083,61.920,9429.809,9412.706,193.673,76,151,140,8,3,28737,0,0,0,0.000,0.000,0.000,0.000,0.000,0.000,0.000,0.000,0,0,0,0,0,0,0,0,0,0.000,0.000,0.000,0.000,0.000,0.000,0.000,0.000,0,0,0,0,0,0,0,0,0,0.000,0.000,0.000,0.000,0.000,0.000,0.000,0.000,0,0,0,0,0,0,0,0,0,0.000,0.000,0.000,0.000,0.000,0.000,0.000,0.000,0,0,0,0,0,0,0,0,0,0.000,0.000,0.000,0.000,0.000,0.000,0.000,0.000,0,0,0,0,0,0,0,0,0,0,0,0,0,0,0,0,0,0,3301,1395,1124,43,4,13616,5725,955,4048,1110,328,0,0,0,0,0,0,15292,4055,1617,7474,3063,681,30,18,2,0,0,0,470.425,25.622,5756.738,566.107,3,63,1,233,85,372,659,223,67,224,46,78,86,25,136,237,75,31,130,223,20,0,0,0,0,0,0,0,0,0,0,0,0,42,218,56,9,0,0,0,0,246,111,43,4,0,0,0,0,0,0,0,0,0,0,0,0,0,0,0,0,0,0,0,0,0.6295,0.4929,5,0,0,0.4083,0.3214,7,0,0
3391,113.0,1256,165,15,600,656,0,0,54,214.59,1.058,1.018,0.478,0.088,0.382,-0.927,1.594,0.3188,2.1592,0.681,0.007,0.020,0.095,-0.030,99,147,35,0,6,0,42970.97,5479.237,15164.254,84.860,1306.727,16.732,10787.946,9713.234,81.061,5906.505,4725.204,990.969,235.130,150.798,0.000138,-0.009014,247,0,6,29,35,6,7017,51,29,84.854,0,0,0,0,0,0,0,0,0,0,0,0,0,0,20695,657,196,17619.953,15136.215,1248.479,0.006,84.854,8581.946,8903.973,138.051,94,154,143,6,5,30457,0,0,0,0.000,0.000,0.000,0.000,0.000,0.000,0.000,0.000,0,0,0,0,0,0,0,0,0,0.000,0.000,0.000,0.000,0.000,0.000,0.000,0.000,0,0,0,0,0,0,0,0,0,0.000,0.000,0.000,0.000,0.000,0.000,0.000,0.000,0,0,0,0,0,0,0,0,0,0.000,0.000,0.000,0.000,0.000,0.000,0.000,0.000,0,0,0,0,0,0,0,0,0,0.000,0.000,0.000,0.000,0.000,0.000,0.000,0.000,0,0,0,0,0,0,0,0,0,0,0,0,0,0,0,0,0,0,3301,1395,1124,43,4,13616,5642,834,4324,1159,345,0,0,0,0,0,0,14068,4570,1430,6597,2704,646,30,0,0,0,0,0,468.778,22.890,5883.377,467.289,10,53,0,199,69,379,664,226,57,225,47,69,101,22,136,221,58,24,122,215,16,0,0,0,0,0,0,0,0,0,0,0,0,39,222,56,11,0,0,0,0,242,88,37,10,0,0,0,0,0,0,0,0,0,0,0,0,0,0,0,0,0,0,0,0,0.6931,0.4464,6,1,0,0.4743,0.3589,8,0,0
3421,114.0,1208,175,15,610,598,0,0,55,226.05,1.035,0.986,0.469,0.087,0.402,-0.929,1.597,0.3212,2.2004,0.684,0.008,0.030,0.098,-0.030,107,123,28,0,3,0,41393.39,5329.797,13725.590,69.131,1464.456,16.541,10103.995,8452.754,86.058,4539.053,3631.242,789.967,208.180,153.337,0.000101,-0.009547,278,0,4,24,27,3,6733,58,24,67.791,0,0,0,0,0,0,0,0,0,0,0,0,0,0,18910,591,220,16189.479,13705.333,1373.888,0.015,67.791,7854.939,7666.240,104.128,66,124,117,4,3,26280,0,0,0,0.000,0.000,0.000,0.000,0.000,0.000,0.000,0.000,0,0,0,0,0,0,0,0,0,0.000,0.000,0.000,0.000,0.000,0.000,0.000,0.000,0,0,0,0,0,0,0,0,0,0.000,0.000,0.000,0.000,0.000,0.000,0.000,0.000,0,0,0,0,0,0,0,0,0,0.000,0.000,0.000,0.000,0.000,0.000,0.000,0.000,0,0,0,0,0,0,0,0,0,0.000,0.000,0.000,0.000,0.000,0.000,0.000,0.000,0,0,0,0,0,0,0,0,0,0,0,0,0,0,0,0,0,0,3301,1395,1124,43,4,13845,5618,1094,4431,1350,248,0,0,0,0,0,0,12777,3553,1134,6103,2143,558,30,0,0,0,0,0,483.614,27.025,4560.221,403.020,5,53,0,178,71,358,597,177,61,235,48,71,94,23,139,168,44,39,102,224,21,0,0,0,0,0,0,0,0,0,0,0,0,36,226,56,9,0,0,0,0,240,94,42,10,0,0,0,0,0,0,0,0,0,0,0,0,0,0,0,0,0,0,0,0,0.6953,0.5460,6,1,0,0.4974,0.3289,6,1,0
3451,115.0,1167,174,18,613,554,0,0,53,206.52,1.017,0.964,0.470,0.086,0.417,-0.929,1.597,0.3172,2.1509,0.692,0.010,0.020,0.100,-0.030,126,106,31,0,7,0,39815.69,5159.401,12761.603,68.445,1203.359,20.857,9436.147,7834.408,87.810,4624.932,3699.946,915.184,241.291,127.324,0.000191,-0.009838,184,0,6,25,30,5,6203,37,25,63.459,0,0,0,0,0,0,0,0,0,0,0,0,0,0,17239,551,147,14877.238,12734.447,1146.380,0.046,63.459,7182.761,7043.560,96.170,74,118,105,6,7,22898,0,0,0,0.000,0.000,0.000,0.000,0.000,0.000,0.000,0.000,0,0,0,0,0,0,0,0,0,0.000,0.000,0.000,0.000,0.000,0.000,0.000,0.000,0,0,0,0,0,0,0,0,0,0.000,0.000,0.000,0.000,0.000,0.000,0.000,0.000,0,0,0,0,0,0,0,0,0,0.000,0.000,0.000,0.000,0.000,0.000,0.000,0.000,0,0,0,0,0,0,0,0,0,0.000,0.000,0.000,0.000,0.000,0.000,0.000,0.000,0,0,0,0,0,0,0,0,0,0,0,0,0,0,0,0,0,0,3451,1167,822,36,3,13585,5881,1156,4680,1409,159,0,0,0,0,0,0,11534,3285,1103,5675,2237,569,30,20,4,0,0,0,496.657,28.326,4350.695,399.435,8,39,2,187,53,315,556,195,47,250,41,77,86,25,134,200,58,20,94,163,19,0,0,0,0,0,0,0,0,0,0,0,0,40,219,56,7,0,0,0,0,189,76,27,4,0,0,0,0,0,0,0,0,0,0,0,0,0,0,0,0,0,0,0,0,0.6511,0.4801,6,1,0,0.5142,0.4153,8,0,0
3481,116.0,1150,192,18,627,523,0,0,49,231.58,0.993,0.937,0.471,0.086,0.432,-0.930,1.604,0.3129,2.1774,0.707,0.010,0.025,0.102,-0.030,106,92,20,0,5,0,39126.18,5242.205,12060.631,37.352,996.028,18.573,9035.273,7244.774,84.176,4380.597,3504.478,587.851,81.057,120.442,0.000105,-0.009949,177,0,8,12,20,8,6225,33,12,37.326,0,0,0,0,0,0,0,0,0,0,0,0,0,0,16139,523,144,13925.990,12020.826,935.846,0.026,37.326,6733.317,6447.272,92.424,70,101,89,8,4,23151,0,0,0,0.000,0.000,0.000,0.000,0.000,0.000,0.000,0.000,0,0,0,0,0,0,0,0,0,0.000,0.000,0.000,0.000,0.000,0.000,0.000,0.000,0,0,0,0,0,0,0,0,0,0.000,0.000,0.000,0.000,0.000,0.000,0.000,0.000,0,0,0,0,0,0,0,0,0,0.000,0.000,0.000,0.000,0.000,0.000,0.000,0.000,0,0,0,0,0,0,0,0,0,0.000,0.000,0.000,0.000,0.000,0.000,0.000,0.000,0,0,0,0,0,0,0,0,0,0,0,0,0,0,0,0,0,0,3451,1167,822,36,3,13752,6117,950,4941,1499,214,0,0,0,0,0,0,10523,3055,1053,5586,2396,465,30,30,0,0,0,0,514.489,23.155,4086.718,351.098,2,55,0,164,49,336,531,148,46,260,35,81,92,25,134,174,59,21,82,163,24,0,0,0,0,0,0,0,0,0,0,0,0,38,226,60,8,0,0,0,0,193,69,26,2,0,0,0,0,0,0,0,0,0,0,0,0,0,0,0,0,0,0,0,0,0.7416,0.4885,7,2,0,0.4643,0.3801,8,0,0
3511,117.0,1100,188,18,632,468,0,0,53,260.73,0.965,0.904,0.470,0.084,0.452,-0.931,1.616,0.3193,2.1673,0.728,0.011,0.015,0.104,-0.030,111,101,29,0,8,0,36587.48,5336.477,9838.310,60.178,1163.072,20.333,8653.911,7058.434,83.736,3818.722,3054.977,1026.899,54.472,132.465,0.000122,-0.009940,184,0,9,20,29,9,6276,37,20,60.143,0,0,0,0,0,0,0,0,0,0,0,0,0,0,15201,423,147,11688.549,9810.899,1089.839,0.035,60.143,6330.724,6265.350,89.678,59,114,97,9,8,28309,0,0,0,0.000,0.000,0.000,0.000,0.000,0.000,0.000,0.000,0,0,0,0,0,0,0,0,0,0.000,0.000,0.000,0.000,0.000,0.000,0.000,0.000,0,0,0,0,0,0,0,0,0,0.000,0.000,0.000,0.000,0.000,0.000,0.000,0.000,0,0,0,0,0,0,0,0,0,0.000,0.000,0.000,0.000,0.000,0.000,0.000,0.000,0,0,0,0,0,0,0,0,0,0.000,0.000,0.000,0.000,0.000,0.000,0.000,0.000,0,0,0,0,0,0,0,0,0,0,0,0,0,0,0,0,0,0,3451,1167,822,36,3,13774,6118,996,5115,1447,174,0,0,0,0,0,0,9609,2736,832,5545,2293,452,47,47,0,0,0,0,502.334,22.785,3916.632,301.332,14,47,1,136,45,242,427,142,33,251,37,91,84,28,141,160,33,34,69,159,13,0,0,0,0,0,0,0,0,0,0,0,0,44,220,69,11,0,0,0,0,166,60,40,9,0,0,0,0,0,0,0,0,0,0,0,0,0,0,0,0,0,0,0,0,0.6390,0.5005,6,1,0,0.5181,0.3845,8,0,0
3541,118.0,1078,178,18,650,428,0,0,53,240.53,0.935,0.867,0.462,0.085,0.471,-0.930,1.625,0.3147,2.1246,0.709,0.011,0.028,0.107,-0.032,94,94,21,0,6,0,36631.31,5394.052,10241.546,45.107,880.155,19.506,7975.711,5973.375,89.758,4100.949,3280.760,646.237,36.514,95.095,0.000126,-0.010483,129,0,6,15,21,6,6211,21,15,45.100,0,0,0,0,0,0,0,0,0,0,0,0,0,0,13528,440,108,11856.388,10235.246,841.305,0.007,45.100,5619.338,5213.476,65.119,59,99,88,6,5,19596,0,0,0,0.000,0.000,0.000,0.000,0.000,0.000,0.000,0.000,0,0,0,0,0,0,0,0,0,0.000,0.000,0.000,0.000,0.000,0.000,0.000,0.000,0,0,0,0,0,0,0,0,0,0.000,0.000,0.000,0.000,0.000,0.000,0.000,0.000,0,0,0,0,0,0,0,0,0,0.000,0.000,0.000,0.000,0.000,0.000,0.000,0.000,0,0,0,0,0,0,0,0,0,0.000,0.000,0.000,0.000,0.000,0.000,0.000,0.000,0,0,0,0,0,0,0,0,0,0,0,0,0,0,0,0,0,0,3451,1167,822,36,3,13783,6029,1225,5456,1370,321,0,0,0,0,0,0,8455,2182,709,5013,1956,446,60,56,4,0,0,0,485.658,31.436,3105.063,250.311,9,42,0,131,43,261,445,141,38,245,60,87,78,32,148,125,36,46,62,149,10,0,0,0,0,0,0,0,0,0,0,0,0,50,221,61,13,0,0,0,0,165,46,54,2,0,0,0,0,0,0,0,0,0,0,0,0,0,0,0,0,0,0,0,0,0.6415,0.4414,6,1,0,0.4705,0.3828,7,0,0
3571,119.0,1078,176,18,670,408,0,0,48,240.58,0.914,0.841,0.459,0.082,0.484,-0.931,1.628,0.3137,2.1215,0.716,0.007,0.027,0.108,-0.032,104,69,13,0,9,0,36484.17,5418.065,9243.138,29.372,961.164,19.583,7603.389,5690.477,80.818,3840.852,3072.682,495.263,108.970,90.628,0.000097,-0.009999,141,0,4,9,13,4,6136,24,9,29.364,0,0,0,0,0,0,0,0,0,0,0,0,0,0,12510,397,117,10840.986,9197.495,923.871,0.007,29.364,5192.026,4921.407,59.257,56,76,63,4,9,15546,0,0,0,0.000,0.000,0.000,0.000,0.000,0.000,0.000,0.000,0,0,0,0,0,0,0,0,0,0.000,0.000,0.000,0.000,0.000,0.000,0.000,0.000,0,0,0,0,0,0,0,0,0,0.000,0.000,0.000,0.000,0.000,0.000,0.000,0.000,0,0,0,0,0,0,0,0,0,0.000,0.000,0.000,0.000,0.000,0.000,0.000,0.000,0,0,0,0,0,0,0,0,0,0.000,0.000,0.000,0.000,0.000,0.000,0.000,0.000,0,0,0,0,0,0,0,0,0,0,0,0,0,0,0,0,0,0,3451,1167,822,36,3,14005,6011,1346,5842,1601,327,0,0,0,0,0,0,8135,2469,908,4345,1712,442,30,0,0,0,0,0,494.454,31.074,3094.712,287.613,17,25,0,123,47,232,404,125,39,260,56,87,85,29,153,155,37,23,56,126,11,0,0,0,0,0,0,0,0,0,0,0,0,60,225,55,14,0,0,0,0,145,39,28,4,0,0,0,0,0,0,0,0,0,0,0,0,0,0,0,0,0,0,0,0,0.7580,0.4494,5,1,0,0.4304,0.4290,6,0,0
3601,120.0,1092,229,18,702,390,0,0,55,262.57,0.894,0.812,0.452,0.084,0.500,-0.932,1.636,0.3102,2.0671,0.691,0.011,0.023,0.110,-0.033,135,76,10,0,1,0,36660.85,5382.090,9042.845,21.254,715.326,21.626,7368.837,5428.316,83.044,4206.301,3365.040,308.291,171.277,68.484,0.000120,-0.009557,121,0,2,8,9,2,6325,20,7,21.244,0,0,0,0,0,0,0,0,0,0,0,0,0,0,11790,386,101,10324.885,9008.432,664.597,0.010,21.244,4884.332,4626.065,70.368,60,78,75,2,1,19267,0,0,0,0.000,0.000,0.000,0.000,0.000,0.000,0.000,0.000,0,0,0,0,0,0,0,0,0,0.000,0.000,0.000,0.000,0.000,0.000,0.000,0.000,0,0,0,0,0,0,0,0,0,0.000,0.000,0.000,0.000,0.000,0.000,0.000,0.000,0,0,0,0,0,0,0,0,0,0.000,0.000,0.000,0.000,0.000,0.000,0.000,0.000,0,0,0,0,0,0,0,0,0,0.000,0.000,0.000,0.000,0.000,0.000,0.000,0.000,0,0,0,0,0,0,0,0,0,0,0,0,0,0,0,0,0,0,3601,1092,874,13,1,14343,6093,1300,6241,1861,398,0,0,0,0,0,0,7620,2291,781,4140,1795,430,30,8,3,0,0,0,506.614,28.984,2930.519,263.458,9,38,1,144,43,259,393,125,35,272,60,85,92,35,158,142,36,15,69,115,13,0,0,0,0,0,0,0,0,0,0,0,0,66,235,57,12,0,0,0,0,140,53,16,3,0,0,0,0,0,0,0,0,0,0,0,0,0,0,0,0,0,0,0,0,0.7476,0.4776,5,1,0,0.4091,0.4224,6,0,0
3631,121.0,1101,229,18,719,382,0,0,49,270.32,0.881,0.803,0.446,0.081,0.506,-0.933,1.643,0.3119,2.0767,0.705,0.013,0.026,0.111,-0.034,140,60,25,0,7,0,36834.05,5563.653,9553.185,44.321,1140.546,21.566,7379.234,5507.307,86.916,4231.557,3385.246,899.834,121.626,146.735,0.000142,-0.008957,219,0,10,15,25,10,6463,70,15,44.279,0,0,0,0,0,0,0,0,0,0,0,0,0,0,11642,410,149,11293.656,9538.563,1010.041,0.042,44.279,4822.134,4707.723,70.133,63,71,56,10,5,16778,0,0,0,0.000,0.000,0.000,0.000,0.000,0.000,0.000,0.000,0,0,0,0,0,0,0,0,0,0.000,0.000,0.000,0.000,0.000,0.000,0.000,0.000,0,0,0,0,0,0,0,0,0,0.000,0.000,0.000,0.000,0.000,0.000,0.000,0.000,0,0,0,0,0,0,0,0,0,0.000,0.000,0.000,0.000,0.000,0.000,0.000,0.000,0,0,0,0,0,0,0,0,0,0.000,0.000,0.000,0.000,0.000,0.000,0.000,0.000,0,0,0,0,0,0,0,0,0,0,0,0,0,0,0,0,0,0,3601,1092,874,13,1,14741,6021,1371,6498,1986,466,0,0,0,0,0,0,7579,2202,518,4029,1849,443,34,0,0,0,0,0,493.739,32.891,2969.117,209.869,20,27,2,131,47,236,414,141,43,269,60,86,96,53,155,135,40,13,84,102,8,0,0,0,0,0,0,0,0,0,0,0,0,78,245,59,8,0,0,0,0,133,50,18,5,0,0,0,1,0,0,0,0,0,0,0,0,0,0,0,0,0,0,0,0,0.7014,0.5236,5,1,0,0.3912,0.3504,6,0,0
3661,122.0,1122,214,18,740,382,0,0,45,288.34,0.871,0.794,0.431,0.084,0.511,-0.934,1.653,0.3103,2.1290,0.693,0.011,0.018,0.113,-0.035,135,62,15,0,3,0,38051.21,5889.736,9658.578,42.494,1213.035,20.765,7324.902,5177.806,75.151,4322.262,3457.810,676.455,77.408,177.468,0.000072,-0.009262,242,0,5,10,15,5,6543,82,10,42.463,0,0,0,0,0,0,0,0,0,0,0,0,0,0,11437,418,160,11496.855,9638.059,1115.318,0.032,42.463,4697.288,4395.606,69.928,67,67,60,5,2,17449,0,0,0,0.000,0.000,0.000,0.000,0.000,0.000,0.000,0.000,0,0,0,0,0,0,0,0,0,0.000,0.000,0.000,0.000,0.000,0.000,0.000,0.000,0,0,0,0,0,0,0,0,0,0.000,0.000,0.000,0.000,0.000,0.000,0.000,0.000,0,0,0,0,0,0,0,0,0,0.000,0.000,0.000,0.000,0.000,0.000,0.000,0.000,0,0,0,0,0,0,0,0,0,0.000,0.000,0.000,0.000,0.000,0.000,0.000,0.000,0,0,0,0,0,0,0,0,0,0,0,0,0,0,0,0,0,0,3601,1092,874,13,1,15084,5788,1401,6725,2191,484,12,0,0,0,0,0,7507,2164,674,3847,1713,375,83,45,7,0,0,0,473.721,34.840,2778.945,242.456,10,42,0,107,48,255,425,126,54,266,71,95,102,53,153,121,53,26,65,110,7,0,0,0,0,0,0,0,0,0,0,0,0,86,248,62,7,0,0,0,0,128,50,27,3,0,0,0,0,0,0,0,0,0,0,0,0,0,0,0,0,0,0,0,0,0.7138,0.4974,6,2,0,0.4823,0.3638,6,1,0
3691,123.0,1175,210,18,762,413,0,0,45,275.54,0.879,0.808,0.423,0.084,0.504,-0.934,1.658,0.3143,2.2100,0.683,0.012,0.015,0.113,-0.033,117,41,18,0,7,0,39065.02,6168.171,9784.740,44.758,1687.096,20.994,7509.288,5356.633,72.720,5018.265,4014.612,683.001,228.962,129.603,0.000138,-0.009713,304,0,3,15,18,3,6685,77,15,44.748,0,0,0,0,0,0,0,0,0,0,0,0,0,0,11733,423,227,12137.157,9749.694,1584.127,0.010,44.748,4795.007,4579.162,47.526,75,44,39,3,2,9512,0,0,0,0.000,0.000,0.000,0.000,0.000,0.000,0.000,0.000,0,0,0,0,0,0,0,0,0,0.000,0.000,0.000,0.000,0.000,0.000,0.000,0.000,0,0,0,0,0,0,0,0,0,0.000,0.000,0.000,0.000,0.000,0.000,0.000,0.000,0,0,0,0,0,0,0,0,0,0.000,0.000,0.000,0.000,0.000,0.000,0.000,0.000,0,0,0,0,0,0,0,0,0,0.000,0.000,0.000,0.000,0.000,0.000,0.000,0.000,0,0,0,0,0,0,0,0,0,0,0,0,0,0,0,0,0,0,3601,1092,874,13,1,15498,5823,1511,7118,2317,564,30,0,0,0,0,0,7807,2186,770,3806,1508,287,120,14,13,0,0,0,483.429,36.158,2690.639,222.325,19,36,2,140,50,237,431,121,48,271,67,109,112,53,150,122,43,31,73,125,19,0,0,0,0,0,0,0,0,0,0,0,0,101,254,60,9,0,0,0,0,147,56,38,7,0,0,0,0,0,0,0,0,0,0,0,0,0,0,0,0,0,0,0,0,0.7094,0.5082,6,2,0,0.4511,0.3517,8,0,0
3721,124.0,1205,196,18,772,433,0,0,41,287.64,0.883,0.818,0.420,0.086,0.500,-0.931,1.658,0.3091,2.2069,0.683,0.010,0.014,0.113,-0.035,126,53,32,0,6,0,39717.00,6485.393,10371.469,79.258,1540.395,20.087,8005.280,5991.904,65.014,5147.054,4117.644,949.059,41.654,201.820,0.000161,-0.010237,287,0,6,26,32,6,6828,68,26,79.249,0,0,0,0,0,0,0,0,0,0,0,0,0,0,12931,444,219,12656.632,10350.880,1500.705,0.008,79.249,5258.967,5219.152,65.686,78,58,47,6,5,12930,0,0,0,0.000,0.000,0.000,0.000,0.000,0.000,0.000,0.000,0,0,0,0,0,0,0,0,0,0.000,0.000,0.000,0.000,0.000,0.000,0.000,0.000,0,0,0,0,0,0,0,0,0,0.000,0.000,0.000,0.000,0.000,0.000,0.000,0.000,0,0,0,0,0,0,0,0,0,0.000,0.000,0.000,0.000,0.000,0.000,0.000,0.000,0,0,0,0,0,0,0,0,0,0.000,0.000,0.000,0.000,0.000,0.000,0.000,0.000,0,0,0,0,0,0,0,0,0,0,0,0,0,0,0,0,0,0,3601,1092,874,13,1,15588,5713,1110,7366,2351,447,30,0,0,0,0,0,8766,2832,860,4062,1708,359,103,17,6,0,0,0,457.007,26.580,3307.785,267.297,23,31,0,114,35,287,450,133,40,268,46,117,141,62,138,164,38,25,68,119,19,0,0,0,0,0,0,0,0,0,0,0,0,120,260,67,10,0,0,0,1,134,60,33,4,0,0,0,0,0,0,0,0,0,0,0,0,0,0,0,0,0,0,0,0,0.6821,0.4518,6,2,0,0.4969,0.3657,9,0,0
3751,125.0,1214,224,17,783,431,0,0,45,252.09,0.877,0.812,0.424,0.087,0.505,-0.932,1.660,0.3142,2.2054,0.674,0.014,0.019,0.115,-0.035,112,82,44,0,4,0,40543.14,6760.333,10867.309,103.124,1265.396,23.162,8011.299,6067.956,65.788,5895.563,4716.451,1388.095,67.093,125.282,0.000138,-0.010414,266,0,10,34,43,10,6926,64,33,103.084,0,0,0,0,0,0,0,0,0,0,0,0,0,0,12841,470,202,12807.578,10833.837,1106.006,0.041,103.084,5224.091,5298.434,74.371,89,91,79,10,2,17120,0,0,0,0.000,0.000,0.000,0.000,0.000,0.000,0.000,0.000,0,0,0,0,0,0,0,0,0,0.000,0.000,0.000,0.000,0.000,0.000,0.000,0.000,0,0,0,0,0,0,0,0,0,0.000,0.000,0.000,0.000,0.000,0.000,0.000,0.000,0,0,0,0,0,0,0,0,0,0.000,0.000,0.000,0.000,0.000,0.000,0.000,0.000,0,0,0,0,0,0,0,0,0,0.000,0.000,0.000,0.000,0.000,0.000,0.000,0.000,0,0,0,0,0,0,0,0,0,0,0,0,0,0,0,0,0,0,3751,1214,1202,74,1,15694,5656,1087,7484,2402,360,30,0,0,0,0,0,8590,2930,812,4179,1662,360,72,33,7,0,0,0,446.335,25.360,3465.917,260.691,5,31,1,152,40,312,476,137,44,270,57,115,131,64,146,146,58,19,73,127,8,0,0,0,0,0,0,0,0,0,0,0,0,129,248,68,11,0,0,0,0,146,54,25,2,0,0,0,0,0,0,0,0,0,0,0,0,0,0,0,0,0,0,0,0,0.6662,0.4730,9,2,0,0.4663,0.3613,10,0,0
3781,126.0,1240,261,17,814,426,0,0,39,238.24,0.863,0.799,0.419,0.086,0.512,-0.930,1.669,0.3150,2.2378,0.679,0.012,0.035,0.116,-0.035,119,73,18,0,5,0,42708.30,7127.532,10620.818,48.479,1551.960,21.654,8046.428,5666.255,67.021,5058.373,4046.699,624.790,99.140,116.360,0.000106,-0.010449,260,0,4,14,18,4,7053,86,14,48.468,0,0,0,0,0,0,0,0,0,0,0,0,0,0,12751,462,174,12805.662,10600.974,1344.066,0.011,48.468,5166.663,4888.973,48.715,73,78,69,4,5,14059,0,0,0,0.000,0.000,0.000,0.000,0.000,0.000,0.000,0.000,0,0,0,0,0,0,0,0,0,0.000,0.000,0.000,0.000,0.000,0.000,0.000,0.000,0,0,0,0,0,0,0,0,0,0.000,0.000,0.000,0.000,0.000,0.000,0.000,0.000,0,0,0,0,0,0,0,0,0,0.000,0.000,0.000,0.000,0.000,0.000,0.000,0.000,0,0,0,0,0,0,0,0,0,0.000,0.000,0.000,0.000,0.000,0.000,0.000,0.000,0,0,0,0,0,0,0,0,0,0,0,0,0,0,0,0,0,0,3751,1214,1202,74,1,15981,5721,1313,7853,2438,613,55,0,0,0,0,0,8389,2484,801,4277,1870,431,85,0,0,0,0,0,457.413,36.351,3063.305,259.009,6,36,0,149,64,296,472,152,38,274,80,104,143,66,147,140,41,28,71,135,11,0,0,0,0,0,0,0,0,0,0,0,0,143,243,64,10,0,0,0,0,163,48,32,2,0,0,0,0,0,0,0,0,0,0,0,0,0,0,0,0,0,0,0,0,0.6989,0.4838,8,2,0,0.4490,0.3546,10,0,0
3811,127.0,1343,287,17,863,480,0,0,35,248.71,0.873,0.818,0.413,0.087,0.503,-0.929,1.672,0.3148,2.2567,0.668,0.015,0.031,0.116,-0.036,142,44,10,0,4,0,46836.64,7739.062,12824.885,20.684,1691.770,22.916,8431.777,5921.661,56.129,6805.451,5444.361,288.532,272.201,124.892,0.000117,-0.010860,343,0,3,7,10,3,7503,149,7,20.678,0,0,0,0,0,0,0,0,0,0,0,0,0,0,13412,552,194,15152.860,12753.313,1415.409,0.007,20.678,5411.551,5110.191,50.930,104,49,42,3,4,9737,0,0,0,0.000,0.000,0.000,0.000,0.000,0.000,0.000,0.000,0,0,0,0,0,0,0,0,0,0.000,0.000,0.000,0.000,0.000,0.000,0.000,0.000,0,0,0,0,0,0,0,0,0,0.000,0.000,0.000,0.000,0.000,0.000,0.000,0.000,0,0,0,0,0,0,0,0,0,0.000,0.000,0.000,0.000,0.000,0.000,0.000,0.000,0,0,0,0,0,0,0,0,0,0.000,0.000,0.000,0.000,0.000,0.000,0.000,0.000,0,0,0,0,0,0,0,0,0,1,0,0,0,0,0,0,0,0,3751,1214,1202,74,1,16756,5998,1544,8277,2602,711,60,0,0,0,0,0,8774,2232,923,4480,2038,482,158,0,0,0,0,0,486.095,41.748,3026.816,328.386,13,46,1,179,60,351,564,167,55,305,68,105,161,74,150,159,53,30,85,141,12,0,0,0,0,0,0,0,0,0,0,0,0,148,257,68,17,0,0,0,0,175,53,34,6,0,0,0,0,0,0,0,0,0,0,0,0,0,0,0,0,0,0,0,0,0.6593,0.4692,9,2,0,0.4237,0.3890,12,0,0
3841,128.0,1450,262,17,904,546,0,0,41,238.31,0.888,0.845,0.406,0.087,0.489,-0.931,1.675,0.3232,2.3048,0.651,0.014,0.018,0.115,-0.035,125,47,16,0,1,0,50462.51,8283.638,14363.062,30.151,2290.331,25.272,9322.425,7177.894,59.207,7390.871,5912.697,501.603,324.962,186.721,0.000180,-0.010791,391,0,6,10,15,6,7976,134,9,30.100,0,0,0,0,0,0,0,0,0,0,0,0,0,0,15322,619,257,17501.825,14284.097,2039.648,0.032,30.100,6151.709,6276.325,65.015,119,53,47,6,0,8212,0,0,0,0.000,0.000,0.000,0.000,0.000,0.000,0.000,0.000,0,0,0,0,0,0,0,0,0,0.000,0.000,0.000,0.000,0.000,0.000,0.000,0.000,0,0,0,0,0,0,0,0,0,0.000,0.000,0.000,0.000,0.000,0.000,0.000,0.000,0,0,0,0,0,0,0,0,0,0.000,0.000,0.000,0.000,0.000,0.000,0.000,0.000,0,0,0,0,0,0,0,0,0,0.000,0.000,0.000,0.000,0.000,0.000,0.000,0.000,0,0,0,0,0,0,0,0,0,0,0,0,0,0,0,0,0,0,3751,1214,1202,74,1,17584,6584,1512,8896,2817,822,60,0,0,0,0,0,9878,2715,843,5256,2354,394,188,0,0,0,0,0,544.898,41.193,3859.590,292.705,12,39,1,182,80,344,631,193,65,322,73,116,152,88,153,181,56,35,106,142,26,0,0,0,0,0,0,0,0,0,0,0,0,157,266,64,22,0,0,0,0,191,86,21,11,0,0,0,0,0,0,0,0,0,0,0,0,0,0,0,0,0,0,0,0,0.6638,0.4635,9,2,0,0.4464,0.3557,12,1,0
3871,129.0,1591,253,17,971,620,0,0,40,229.34,0.901,0.857,0.400,0.088,0.480,-0.933,1.684,0.3199,2.3552,0.634,0.013,0.019,0.115,-0.034,140,75,13,0,3,0,55151.12,9127.184,17008.270,18.055,2708.417,24.629,10303.220,8325.300,63.960,9942.146,7953.717,422.732,154.487,206.773,0.000167,-0.011066,473,0,2,11,10,2,8103,153,8,18.047,0,0,0,0,0,0,0,0,0,0,0,0,0,0,17351,730,320,20641.194,16910.372,2400.076,0.007,18.047,6964.556,7382.386,62.449,152,78,73,2,3,13078,0,0,0,0.000,0.000,0.000,0.000,0.000,0.000,0.000,0.000,0,0,0,0,0,0,0,0,0,0.000,0.000,0.000,0.000,0.000,0.000,0.000,0.000,0,0,0,0,0,0,0,0,0,0.000,0.000,0.000,0.000,0.000,0.000,0.000,0.000,0,0,0,0,0,0,0,0,0,0.000,0.000,0.000,0.000,0.000,0.000,0.000,0.000,0,0,0,0,0,0,0,0,0,0.000,0.000,0.000,0.000,0.000,0.000,0.000,0.000,0,0,0,0,0,0,0,0,0,0,0,0,0,0,0,0,0,0,3751,1214,1202,74,1,18246,6587,1665,9724,3046,914,60,0,0,0,0,0,11127,3116,983,5953,2528,607,271,57,7,0,0,0,560.182,47.875,4382.567,369.414,21,46,1,235,77,428,749,218,80,326,82,130,153,113,167,203,58,41,102,191,25,0,0,0,0,0,0,0,0,0,0,0,0,180,289,71,23,0,0,0,0,216,93,42,7,0,0,0,1,0,0,0,0,0,0,0,0,0,0,0,0,0,0,0,0,0.6327,0.4740,8,1,0,0.3894,0.3635,12,0,0
3901,130.0,1716,280,17,1046,670,0,0,44,192.31,0.903,0.859,0.390,0.087,0.479,-0.932,1.695,0.3232,2.4823,0.625,0.012,0.022,0.116,-0.034,138,76,22,0,2,0,59110.25,10171.280,17425.604,30.303,3066.015,26.716,11353.640,9352.809,59.805,9309.492,7447.594,619.215,135.808,284.882,0.000152,-0.010998,583,0,4,18,16,4,8736,163,12,30.077,0,0,0,0,0,0,0,0,0,0,0,0,0,0,19387,753,420,21626.058,17392.273,2797.512,0.105,30.077,7796.412,8336.186,65.341,132,82,76,4,2,9014,0,0,0,0.000,0.000,0.000,0.000,0.000,0.000,0.000,0.000,0,0,0,0,0,0,0,0,0,0.000,0.000,0.000,0.000,0.000,0.000,0.000,0.000,0,0,0,0,0,0,0,0,0,0.000,0.000,0.000,0.000,0.000,0.000,0.000,0.000,0,0,0,0,0,0,0,0,0,0.000,0.000,0.000,0.000,0.000,0.000,0.000,0.000,0,0,0,0,0,0,0,0,0,0.000,0.000,0.000,0.000,0.000,0.000,0.000,0.000,0,0,0,0,0,0,0,0,0,0,0,0,0,0,0,0,0,0,3901,1716,1693,47,0,19130,6753,1505,10975,3427,897,60,0,0,0,0,0,12365,3516,1250,6699,3210,697,323,131,43,0,0,0,598.850,42.347,5230.109,485.896,16,51,0,246,79,466,764,246,86,358,82,149,145,126,186,236,62,47,105,206,14,0,0,0,0,0,0,0,0,0,0,0,0,209,303,70,24,0,0,0,0,227,85,53,7,0,0,0,0,0,0,0,0,0,0,0,0,0,0,0,0,0,0,0,0,0.6399,0.4794,10,1,0,0.4758,0.3392,12,1,0
3931,131.0,1809,272,17,1086,723,0,0,51,187.61,0.913,0.877,0.388,0.092,0.471,-0.934,1.699,0.3188,2.4469,0.622,0.012,0.022,0.116,-0.036,141,91,63,0,2,0,62878.97,11298.811,19826.427,127.560,3061.978,27.541,12202.912,10393.328,73.601,10537.587,8430.069,1936.149,368.360,402.205,0.000164,-0.010976,611,0,15,48,61,15,9630,184,46,127.271,0,0,0,0,0,0,0,0,0,0,0,0,0,0,20945,851,427,24089.537,19729.307,2804.205,0.242,127.271,8450.073,9301.274,76.840,159,106,90,15,1,12437,0,0,0,0.000,0.000,0.000,0.000,0.000,0.000,0.000,0.000,0,0,0,0,0,0,0,0,0,0.000,0.000,0.000,0.000,0.000,0.000,0.000,0.000,0,0,0,0,0,0,0,0,0,0.000,0.000,0.000,0.000,0.000,0.000,0.000,0.000,0,0,0,0,0,0,0,0,0,0.000,0.000,0.000,0.000,0.000,0.000,0.000,0.000,0,0,0,0,0,0,0,0,0,0.000,0.000,0.000,0.000,0.000,0.000,0.000,0.000,0,0,0,0,0,0,0,0,0,0,0,0,0,0,0,0,0,0,3901,1716,1693,47,0,20154,7247,1526,11725,3917,924,60,0,0,0,0,0,13289,4215,1110,7276,2914,746,380,160,27,0,0,0,653.930,43.061,5772.425,451.869,8,74,0,258,92,511,869,275,83,380,89,151,156,124,186,264,62,56,106,207,28,0,0,0,0,0,0,0,0,0,0,0,0,211,307,77,22,0,0,0,0,229,100,59,9,0,0,0,0,0,0,0,0,0,0,0,0,0,0,0,0,0,0,0,0,0.6126,0.4471,10,0,0,0.4604,0.3673,12,1,0
3961,132.0,1951,226,17,1132,818,1,0,59,168.68,0.931,0.904,0.392,0.093,0.457,-0.933,1.701,0.3208,2.4856,0.620,0.010,0.013,0.114,-0.035,137,104,54,0,1,0,67388.88,12051.327,22280.443,155.870,3771.088,25.243,13182.603,11479.238,87.535,12894.192,10315.354,1763.057,537.120,349.347,0.000165,-0.011667,645,0,3,51,53,3,9754,199,50,155.847,0,0,0,0,0,0,0,0,0,0,0,0,0,0,22871,959,446,27302.974,22170.035,3401.886,0.022,155.847,9270.175,10290.315,118.969,201,106,102,3,1,13652,0,0,0,0.000,0.000,0.000,0.000,0.000,0.000,0.000,0.000,0,0,0,0,0,0,0,0,0,0.000,0.000,0.000,0.000,0.000,0.000,0.000,0.000,0,0,0,0,0,0,0,0,0,0.000,0.000,0.000,0.000,0.000,0.000,0.000,0.000,0,0,0,0,0,0,0,0,0,0.000,0.000,0.000,0.000,0.000,0.000,0.000,0.000,0,0,0,0,0,0,27,0,0,0.000,0.000,0.000,0.000,0.000,5.773,3.054,0.000,0,0,0,0,0,0,0,0,1,0,0,0,0,0,0,0,0,0,3901,1716,1693,47,0,20924,7701,1773,12183,4238,779,78,0,0,0,0,0,14464,5130,1075,8099,2867,971,335,131,38,0,0,0,694.841,45.548,6353.259,519.648,13,75,1,275,107,554,982,287,93,419,83,161,157,135,177,287,86,66,127,202,50,0,0,0,0,0,0,0,0,0,0,1,0,221,303,80,26,0,0,0,0,263,120,48,13,0,0,0,1,0,0,0,0,0,0,0,0,1,0,0,0,0,0,0,0,0.6064,0.4879,10,1,0,0.4375,0.3444,12,0,0
3991,133.0,2070,205,17,1180,889,1,0,75,202.82,0.941,0.919,0.393,0.093,0.451,-0.935,1.706,0.3234,2.4980,0.631,0.008,0.024,0.113,-0.034,141,101,66,0,5,0,71748.91,13201.004,23758.738,140.464,4679.786,26.134,14483.597,12964.392,102.603,12431.962,9945.570,2048.895,195.342,458.951,0.000181,-0.010656,771,0,15,51,63,15,10479,171,48,140.231,0,0,0,0,0,0,0,0,0,0,0,0,0,0,25561,1016,599,29884.973,23663.772,4412.882,0.173,140.231,10383.812,11674.404,147.538,189,118,99,15,4,14600,0,0,0,0.000,0.000,0.000,0.000,0.000,0.000,0.000,0.000,0,0,0,0,0,0,0,0,0,0.000,0.000,0.000,0.000,0.000,0.000,0.000,0.000,0,0,0,0,0,0,0,0,0,0.000,0.000,0.000,0.000,0.000,0.000,0.000,0.000,0,0,0,0,0,0,0,0,0,0.000,0.000,0.000,0.000,0.000,0.000,0.000,0.000,0,0,0,0,0,0,30,0,1,6.335,0.000,0.001,0.000,0.000,6.376,3.394,0.000,0,0,0,0,0,0,0,0,0,0,0,0,0,0,0,0,0,0,3901,1716,1693,47,0,21842,8367,1955,12722,4758,829,60,0,0,0,0,0,16268,5424,1341,8986,4164,1024,337,84,68,0,0,0,760.282,48.988,7580.217,594.400,7,83,0,329,97,591,1038,342,103,447,103,159,150,147,174,324,92,81,149,214,29,0,0,0,0,0,0,0,1,0,0,0,0,227,302,76,25,0,0,0,0,271,109,69,24,0,0,0,0,0,0,0,0,0,0,0,0,0,0,0,0,0,0,0,0,0.6474,0.4896,11,3,0,0.4360,0.3890,12,0,0
4021,134.0,2173,212,17,1227,946,0,0,85,193.76,0.945,0.923,0.396,0.092,0.447,-0.935,1.700,0.3245,2.4335,0.616,0.010,0.017,0.114,-0.034,147,128,90,0,5,0,75485.67,14419.072,24787.584,177.134,5323.560,23.250,15490.736,13558.282,114.766,13920.966,11136.773,2712.337,494.794,491.920,0.000118,-0.010085,911,0,25,65,86,24,11431,170,62,171.519,0,0,0,0,0,0,0,0,0,0,0,0,0,0,27637,1068,741,31788.311,24694.128,5022.140,0.248,171.519,11221.453,12225.204,141.837,211,154,125,25,4,22188,0,0,0,0.000,0.000,0.000,0.000,0.000,0.000,0.000,0.000,0,0,0,0,0,0,0,0,0,0.000,0.000,0.000,0.000,0.000,0.000,0.000,0.000,0,0,0,0,0,0,0,0,0,0.000,0.000,0.000,0.000,0.000,0.000,0.000,0.000,0,0,0,0,0,0,0,0,0,0.000,0.000,0.000,0.000,0.000,0.000,0.000,0.000,0,0,0,0,0,0,9,0,0,0.000,0.000,0.000,0.000,0.000,1.914,4.359,0.000,0,1,1,0,0,66,0,0,0,0,0,0,0,0,0,0,0,0,3901,1716,1693,47,0,22344,8745,1874,13785,4814,1263,64,0,0,0,0,0,17944,5117,1603,9254,4475,829,448,116,40,0,0,0,791.194,52.313,7585.587,598.525,16,102,0,326,123,645,1087,337,101,461,104,162,152,170,178,328,94,58,136,289,41,0,0,0,0,0,0,0,0,0,0,0,0,221,318,87,36,0,0,0,0,315,136,59,14,0,0,0,0,0,0,0,0,0,0,0,0,0,0,0,0,0,0,0,0,0.6528,0.4710,12,2,0,0.4859,0.3888,13,0,0
4051,135.0,2292,226,17,1287,1005,0,0,93,170.69,0.944,0.926,0.398,0.095,0.444,-0.934,1.691,0.3290,2.4576,0.618,0.008,0.024,0.115,-0.034,154,122,65,0,8,0,80664.70,15445.874,26472.692,114.896,5495.755,27.601,16246.959,14503.114,125.969,13413.787,10731.030,2121.321,575.519,598.799,0.000291,-0.008382,1013,0,25,40,63,25,12522,202,38,114.782,0,0,0,0,0,0,0,0,0,0,0,0,0,0,29116,1144,811,33780.224,26355.807,5230.114,0.114,114.782,11809.090,13128.365,132.430,213,154,122,25,7,21468,0,0,0,0.000,0.000,0.000,0.000,0.000,0.000,0.000,0.000,0,0,0,0,0,0,0,0,0,0.000,0.000,0.000,0.000,0.000,0.000,0.000,0.000,0,0,0,0,0,0,0,0,0,0.000,0.000,0.000,0.000,0.000,0.000,0.000,0.000,0,0,0,0,0,0,0,0,0,0.000,0.000,0.000,0.000,0.000,0.000,0.000,0.000,0,0,0,0,0,0,0,0,0,0.000,0.000,0.000,0.000,0.000,0.000,0.000,0.000,0,0,0,0,0,0,0,0,0,0,0,0,0,0,0,0,0,0,4051,2292,2279,15,0,22758,9180,1908,14872,5087,1436,60,0,0,0,0,0,19459,6108,1709,9111,4513,758,546,42,57,0,0,0,827.294,57.222,8274.279,614.048,27,75,0,377,125,682,1170,367,116,500,108,167,156,175,181,381,75,59,179,268,43,0,0,0,0,0,0,0,0,0,0,0,0,217,332,91,39,0,0,0,0,327,154,61,7,0,0,0,0,0,0,0,0,0,0,0,0,0,0,0,0,0,0,0,0,0.6794,0.4608,12,4,0,0.4531,0.3799,13,0,0
4081,136.0,2436,244,17,1371,1065,0,0,109,179.00,0.942,0.927,0.401,0.095,0.443,-0.933,1.695,0.3300,2.4131,0.607,0.012,0.023,0.117,-0.034,149,136,87,0,8,0,85847.93,17190.800,28047.394,141.394,6153.649,29.858,17289.496,15343.282,139.160,15730.478,12584.383,2921.936,745.353,611.031,0.000259,-0.008363,1071,0,33,54,84,33,12929,185,51,141.071,0,0,0,0,0,0,0,0,0,0,0,0,0,0,31136,1212,886,36177.265,27925.099,5823.137,0.312,141.071,12597.547,13840.665,160.301,235,175,135,33,7,27123,0,0,0,0.000,0.000,0.000,0.000,0.000,0.000,0.000,0.000,0,0,0,0,0,0,0,0,0,0.000,0.000,0.000,0.000,0.000,0.000,0.000,0.000,0,0,0,0,0,0,0,0,0,0.000,0.000,0.000,0.000,0.000,0.000,0.000,0.000,0,0,0,0,0,0,0,0,0,0.000,0.000,0.000,0.000,0.000,0.000,0.000,0.000,0,0,0,0,0,0,0,0,0,0.000,0.000,0.000,0.000,0.000,0.000,0.000,0.000,0,0,0,0,0,0,0,0,0,0,0,0,0,0,0,0,0,0,4051,2292,2279,15,0,23473,9941,2026,16486,5765,1390,54,0,0,0,0,0,21164,7095,1900,9278,4085,943,694,121,113,0,0,0,904.739,60.879,8681.757,708.850,17,109,0,405,138,716,1241,392,135,542,118,178,171,183,179,375,101,82,162,319,26,0,0,0,0,0,0,0,0,0,0,0,0,228,342,96,45,0,0,0,0,351,140,81,16,0,0,0,1,0,0,0,0,0,0,0,0,0,0,0,0,0,0,0,0,0.6541,0.4578,13,2,0,0.4443,0.3888,13,0,0
4111,137.0,2569,221,17,1417,1152,0,0,124,195.98,0.952,0.942,0.409,0.098,0.435,-0.933,1.691,0.3347,2.4041,0.621,0.013,0.029,0.117,-0.035,158,136,136,0,7,0,92007.33,18499.672,31401.333,254.564,6382.754,28.805,18533.980,16392.966,168.543,17377.884,13902.307,4092.506,676.481,656.121,0.000234,-0.008280,1067,0,38,98,126,38,14046,140,88,254.250,0,0,0,0,0,0,0,0,0,0,0,0,0,0,33486,1354,927,39950.853,31194.776,6125.179,0.275,254.250,13619.748,14727.170,220.382,262,175,133,38,4,19431,0,0,0,0.000,0.000,0.000,0.000,0.000,0.000,0.000,0.000,0,0,0,0,0,0,0,0,0,0.000,0.000,0.000,0.000,0.000,0.000,0.000,0.000,0,0,0,0,0,0,0,0,0,0.000,0.000,0.000,0.000,0.000,0.000,0.000,0.000,0,0,0,0,0,0,0,0,0,0.000,0.000,0.000,0.000,0.000,0.000,0.000,0.000,0,0,0,0,0,0,0,0,0,0.000,0.000,0.000,0.000,0.000,0.000,0.000,0.000,0,0,0,0,0,0,0,0,0,0,0,0,0,0,0,0,0,0,4051,2292,2279,15,0,24013,10640,2208,18006,6313,1403,30,0,0,0,0,0,23195,7878,1937,9492,3819,953,799,181,120,0,0,0,989.872,65.129,9154.251,709.309,12,116,0,406,122,843,1394,413,123,584,125,168,163,181,196,388,110,83,208,325,38,0,0,0,0,0,0,0,0,0,0,0,0,213,351,96,48,0,0,0,0,393,147,96,18,0,0,0,0,0,0,0,0,0,0,0,0,0,0,0,0,0,0,0,0,0.6558,0.4869,11,2,0,0.5410,0.3645,15,2,0
4141,138.0,2732,186,17,1506,1226,0,0,150,190.93,0.957,0.940,0.419,0.101,0.433,-0.933,1.683,0.3338,2.3694,0.600,0.012,0.015,0.120,-0.037,144,123,157,0,11,0,96473.05,19621.487,32210.589,200.036,7196.533,24.253,19861.505,17559.616,195.506,19064.513,15251.610,4813.634,442.692,880.536,0.000190,-0.006839,1202,0,70,87,150,70,14961,178,80,199.396,0,0,0,0,0,0,0,0,0,0,0,0,0,0,36001,1386,1024,41558.892,31989.353,6899.223,0.603,199.396,14760.786,15753.723,256.813,276,202,123,70,9,28657,0,0,0,0.000,0.000,0.000,0.000,0.000,0.000,0.000,0.000,0,0,0,0,0,0,0,0,0,0.000,0.000,0.000,0.000,0.000,0.000,0.000,0.000,0,0,0,0,0,0,0,0,0,0.000,0.000,0.000,0.000,0.000,0.000,0.000,0.000,0,0,0,0,0,0,0,0,0,0.000,0.000,0.000,0.000,0.000,0.000,0.000,0.000,0,0,0,0,0,0,0,0,0,0.000,0.000,0.000,0.000,0.000,0.000,0.000,0.000,0,0,0,0,0,0,0,0,0,0,0,0,0,0,0,0,0,0,4051,2292,2279,15,0,24144,11202,2364,19641,6789,1657,59,0,0,0,0,0,25152,8807,2580,9944,3969,1065,905,185,76,0,0,0,1060.256,72.466,9964.078,864.053,16,89,1,439,144,808,1426,468,136,631,121,195,167,167,225,438,131,85,191,325,56,0,0,0,0,0,0,0,0,0,0,0,0,202,372,112,68,0,0,0,0,386,167,88,16,0,0,0,0,0,0,0,0,0,0,0,0,0,0,0,0,0,0,0,0,0.6687,0.4402,12,1,0,0.4844,0.3915,15,1,0
4171,139.0,2882,197,17,1594,1288,0,0,188,194.13,0.956,0.935,0.428,0.102,0.435,-0.934,1.687,0.3314,2.3842,0.588,0.010,0.020,0.122,-0.037,148,140,133,0,9,0,102285.86,21240.573,34735.634,177.491,8322.337,27.834,21141.303,18938.941,237.402,18293.946,14635.157,4762.667,579.186,1022.597,0.000250,-0.006269,1407,0,64,69,126,64,16116,198,62,177.033,0,0,0,0,0,0,0,0,0,0,0,0,0,0,38035,1490,1209,45522.834,34544.570,7934.725,0.434,177.033,15766.920,17014.876,297.322,271,209,137,64,8,25168,0,0,0,0.000,0.000,0.000,0.000,0.000,0.000,0.000,0.000,0,0,0,0,0,0,0,0,0,0.000,0.000,0.000,0.000,0.000,0.000,0.000,0.000,0,0,0,0,0,0,0,0,0,0.000,0.000,0.000,0.000,0.000,0.000,0.000,0.000,0,0,0,0,0,0,0,0,0,0.000,0.000,0.000,0.000,0.000,0.000,0.000,0.000,0,0,0,0,0,0,0,0,0,0.000,0.000,0.000,0.000,0.000,0.000,0.000,0.000,0,0,0,0,0,0,0,0,0,0,0,0,0,0,0,0,0,0,4051,2292,2279,15,0,24957,11800,1948,21374,7632,1715,60,0,0,0,0,0,26608,9752,2300,10443,3794,948,984,393,90,0,0,0,1130.297,66.161,10897.237,778.447,23,92,0,474,149,910,1522,473,138,675,121,197,196,171,234,476,99,96,228,351,38,0,0,0,0,0,0,0,0,0,0,0,0,208,402,114,73,0,0,0,1,417,172,101,23,0,0,0,0,0,0,0,0,0,0,0,0,0,0,0,0,0,0,0,0,0.6608,0.4078,11,2,0,0.4697,0.3828,14,0,0
4201,140.0,3011,197,19,1658,1353,0,0,221,228.52,0.958,0.933,0.443,0.101,0.433,-0.934,1.688,0.3299,2.2686,0.555,0.011,0.018,0.124,-0.035,153,152,217,0,17,0,106652.39,22162.111,36437.436,294.366,8934.515,27.453,22086.513,19081.188,297.957,21865.855,17492.684,6963.304,575.187,1150.069,0.000219,-0.004209,1624,0,94,123,205,94,16537,379,110,291.281,0,0,0,0,0,0,0,0,0,0,0,0,0,0,39385,1559,1245,47356.876,36239.789,8120.781,0.759,291.281,16458.700,17000.714,376.945,324,259,151,94,14,37331,0,0,0,0.000,0.000,0.000,0.000,0.000,0.000,0.000,0.000,0,0,0,0,0,0,0,0,0,0.000,0.000,0.000,0.000,0.000,0.000,0.000,0.000,0,0,0,0,0,0,0,0,0,0.000,0.000,0.000,0.000,0.000,0.000,0.000,0.000,0,0,0,0,0,0,0,0,0,0.000,0.000,0.000,0.000,0.000,0.000,0.000,0.000,0,0,0,0,0,0,0,0,0,0.000,0.000,0.000,0.000,0.000,0.000,0.000,0.000,0,0,0,0,0,0,0,0,0,0,0,0,0,0,0,0,0,0,4201,3011,3003,75,3,25386,11904,1654,23422,8784,1757,60,0,0,0,0,0,27684,9152,2653,10713,4185,1010,988,309,111,0,0,0,1185.499,56.871,10692.182,886.083,20,105,1,473,173,944,1590,507,151,704,114,209,193,171,267,456,118,99,229,400,51,0,0,0,0,0,0,0,0,0,0,0,0,201,449,122,68,0,0,0,0,483,166,117,13,0,0,0,0,0,0,0,0,0,0,0,0,0,0,0,0,0,0,0,0,0.6925,0.4767,13,2,0,0.4972,0.4218,15,0,0
4231,141.0,3137,229,19,1667,1470,0,0,281,189.85,0.978,0.955,0.460,0.103,0.420,-0.935,1.690,0.3326,2.2303,0.558,0.008,0.018,0.122,-0.036,145,113,238,0,13,0,110404.43,22399.702,39050.478,402.877,10824.294,30.430,23616.236,20327.842,372.626,21105.003,16884.003,7495.637,781.798,1285.876,0.000176,-0.002828,1969,0,85,153,233,85,16738,334,144,391.902,0,0,0,0,0,0,0,0,0,0,0,0,0,0,42344,1671,1635,52357.527,38837.595,10165.229,0.793,391.902,17831.996,18142.957,441.503,323,206,111,85,10,24562,0,0,0,0.000,0.000,0.000,0.000,0.000,0.000,0.000,0.000,0,0,0,0,0,0,0,0,0,0.000,0.000,0.000,0.000,0.000,0.000,0.000,0.000,0,0,0,0,0,0,0,0,0,0.000,0.000,0.000,0.000,0.000,0.000,0.000,0.000,0,0,0,0,0,0,0,0,0,0.000,0.000,0.000,0.000,0.000,0.000,0.000,0.000,0,0,0,0,0,0,0,0,0,0.000,0.000,0.000,0.000,0.000,0.000,0.000,0.000,0,0,0,0,0,0,0,0,0,0,0,0,0,0,0,0,0,0,4201,3011,3003,75,3,25590,11739,1884,24477,9487,1971,60,0,0,0,0,0,30055,9593,2659,11214,4223,1140,1075,145,152,0,0,0,1198.792,62.557,11080.342,923.692,16,127,1,591,176,971,1706,559,160,705,153,198,181,147,283,491,124,106,301,408,40,0,0,0,0,0,0,0,0,0,0,0,0,188,449,113,59,0,0,0,0,510,221,107,17,0,0,0,0,0,0,0,0,0,0,0,0,0,0,0,0,0,0,0,0,0.6749,0.4707,12,2,0,0.4756,0.3781,15,0,0
4261,142.0,3198,195,19,1670,1528,0,0,305,175.40,0.992,0.966,0.483,0.103,0.415,-0.938,1.678,0.3358,2.2685,0.570,0.010,0.026,0.121,-0.036,139,156,268,0,23,0,113361.57,23679.713,40665.268,390.220,10024.918,27.864,24853.604,21189.820,426.815,22132.229,17705.783,8859.457,751.769,1270.148,0.000218,-0.002030,1862,0,110,158,262,110,16926,331,152,389.345,0,0,0,0,0,0,0,0,0,0,0,0,0,0,44904,1738,1531,53069.461,40444.596,9366.222,0.827,389.345,19051.907,18990.667,456.164,342,284,154,110,20,36315,0,0,0,0.000,0.000,0.000,0.000,0.000,0.000,0.000,0.000,0,0,0,0,0,0,0,0,0,0.000,0.000,0.000,0.000,0.000,0.000,0.000,0.000,0,0,0,0,0,0,0,0,0,0.000,0.000,0.000,0.000,0.000,0.000,0.000,0.000,0,0,0,0,0,0,0,0,0,0.000,0.000,0.000,0.000,0.000,0.000,0.000,0.000,0,0,0,0,0,0,0,0,0,0.000,0.000,0.000,0.000,0.000,0.000,0.000,0.000,0,0,0,0,0,0,0,0,0,0,0,0,0,0,0,0,0,0,4201,3011,3003,75,3,25519,11545,2419,24256,9627,2429,60,0,0,0,0,0,32532,10521,2940,11286,4530,1063,1086,94,166,0,0,0,1197.567,77.947,11622.869,969.850,24,120,0,528,189,1018,1769,567,170,726,160,190,189,126,279,506,137,98,281,439,67,0,0,0,0,0,0,0,0,0,0,0,0,177,428,127,52,0,0,0,0,537,219,103,26,0,0,0,0,0,0,0,0,0,0,0,0,0,0,0,0,0,0,0,0,0.6803,0.4660,13,2,0,0.4471,0.3938,14,0,0
4291,143.0,3329,176,19,1711,1618,0,0,340,218.20,0.999,0.975,0.493,0.106,0.410,-0.940,1.674,0.3348,2.2120,0.580,0.009,0.019,0.121,-0.035,164,159,205,0,25,0,118225.19,24744.752,41955.982,332.718,11191.653,32.311,26232.983,22287.292,448.276,22385.958,17908.767,6791.261,704.093,1228.741,0.000160,-0.002759,1990,0,76,129,197,76,17461,409,120,330.833,0,0,0,0,0,0,0,0,0,0,0,0,0,0,47370,1788,1581,55357.170,41721.278,10343.764,0.605,330.833,20295.041,19993.601,492.487,343,253,157,76,20,32917,0,0,0,0.000,0.000,0.000,0.000,0.000,0.000,0.000,0.000,0,0,0,0,0,0,0,0,0,0.000,0.000,0.000,0.000,0.000,0.000,0.000,0.000,0,0,0,0,0,0,0,0,0,0.000,0.000,0.000,0.000,0.000,0.000,0.000,0.000,0,0,0,0,0,0,0,0,0,0.000,0.000,0.000,0.000,0.000,0.000,0.000,0.000,0,0,0,0,0,0,0,0,0,0.000,0.000,0.000,0.000,0.000,0.000,0.000,0.000,0,0,0,0,0,0,0,0,0,0,0,0,0,0,0,0,0,0,4201,3011,3003,75,3,25968,12019,2310,24750,10772,1995,83,0,0,0,0,0,34736,11231,3094,11553,4550,1105,1081,238,256,0,0,0,1267.309,70.290,12259.123,1041.693,19,103,0,523,191,1092,1825,546,185,789,119,205,196,139,263,555,147,107,291,447,71,0,0,0,0,0,0,0,0,0,0,0,0,182,424,148,48,0,0,0,1,554,227,118,17,0,0,0,0,0,0,0,0,0,0,0,0,0,0,0,0,0,0,0,0,0.6931,0.4555,12,2,0,0.4710,0.3934,15,0,0
4321,144.0,3500,197,19,1792,1708,0,0,406,181.68,1.000,0.974,0.504,0.110,0.409,-0.940,1.678,0.3350,2.1749,0.562,0.008,0.022,0.122,-0.036,153,172,176,0,27,0,123650.48,26134.033,43044.968,283.660,10750.982,30.937,27528.594,23513.214,551.176,23324.599,18659.679,5860.118,817.465,1101.888,0.000224,-0.003343,1973,0,63,113,167,62,17980,388,105,282.304,0,0,0,0,0,0,0,0,0,0,0,0,0,0,49728,1833,1585,56183.983,42803.520,9986.350,0.232,282.304,21421.619,21152.769,480.442,346,256,169,63,24,35628,0,0,0,0.000,0.000,0.000,0.000,0.000,0.000,0.000,0.000,0,0,0,0,0,0,0,0,0,0.000,0.000,0.000,0.000,0.000,0.000,0.000,0.000,0,0,0,0,0,0,0,0,0,0.000,0.000,0.000,0.000,0.000,0.000,0.000,0.000,0,0,0,0,0,0,0,0,0,0.000,0.000,0.000,0.000,0.000,0.000,0.000,0.000,0,0,0,0,0,0,0,0,0,0.000,0.000,0.000,0.000,0.000,0.000,0.000,0.000,0,0,0,0,0,0,0,0,0,0,0,0,0,0,0,0,0,0,4201,3011,3003,75,3,26385,12679,1927,25830,11491,2050,113,0,0,0,0,0,36761,12045,3082,11866,4428,1168,1101,220,258,0,0,0,1335.998,64.992,12794.471,1068.160,24,125,1,577,209,1108,1873,585,169,822,133,249,193,128,267,574,160,118,291,466,99,0,0,0,0,0,0,0,0,0,0,0,0,190,424,167,56,0,0,0,0,578,252,128,16,0,0,0,0,0,0,0,0,0,0,0,0,0,0,0,0,0,0,0,0,0.6614,0.4510,12,1,0,0.4151,0.4012,15,0,0
4351,145.0,3619,167,20,1863,1756,0,0,440,184.32,0.999,0.968,0.511,0.106,0.411,-0.942,1.681,0.3396,2.1658,0.559,0.009,0.026,0.123,-0.035,144,182,206,0,43,0,128518.48,27288.158,43905.587,296.943,13141.897,28.806,28842.358,24049.886,617.054,23254.090,18603.272,6486.854,717.121,1258.590,0.000265,-0.002955,2333,0,73,133,189,72,18327,518,116,294.863,0,0,0,0,0,0,0,0,0,0,0,0,0,0,51988,1867,1815,59046.230,43639.294,12034.099,0.255,294.863,22453.636,21631.865,485.376,338,290,182,73,35,39216,0,0,0,0.000,0.000,0.000,0.000,0.000,0.000,0.000,0.000,0,0,0,0,0,0,0,0,0,0.000,0.000,0.000,0.000,0.000,0.000,0.000,0.000,0,0,0,0,0,0,0,0,0,0.000,0.000,0.000,0.000,0.000,0.000,0.000,0.000,0,0,0,0,0,0,0,0,0,0.000,0.000,0.000,0.000,0.000,0.000,0.000,0.000,0,0,0,0,0,0,0,0,0,0.000,0.000,0.000,0.000,0.000,0.000,0.000,0.000,0,0,0,0,0,0,0,0,0,0,0,0,0,0,0,0,0,0,4351,3619,3321,48,3,27082,12968,1769,27521,11874,2224,119,0,0,0,0,0,38839,12599,3309,11977,4216,1169,1172,415,230,0,0,0,1345.069,63.141,13121.052,1088.394,26,122,0,575,175,1132,1912,613,154,831,133,266,203,152,278,566,163,138,309,492,88,0,0,0,0,0,0,0,0,0,0,0,0,217,439,194,49,0,0,0,0,603,268,137,19,0,0,0,0,0,0,0,0,0,0,0,0,0,0,0,0,0,0,0,0,0.6479,0.4392,14,2,0,0.4071,0.3938,16,0,0
4381,146.0,3781,138,20,1936,1845,0,0,490,197.40,1.004,0.972,0.523,0.107,0.409,-0.943,1.673,0.3382,2.1513,0.559,0.007,0.018,0.123,-0.034,151,173,187,0,32,0,133734.03,28902.420,43759.270,269.080,14126.392,23.396,30054.318,24360.429,689.226,23806.645,19045.316,5828.406,761.144,1260.362,0.000323,-0.002458,2586,0,67,120,181,66,19136,541,115,267.859,0,0,0,0,0,0,0,0,0,0,0,0,0,0,53844,1858,2045,59743.594,43509.826,12862.688,0.360,267.859,23403.826,21883.639,500.952,357,268,171,67,30,37878,0,0,0,0.000,0.000,0.000,0.000,0.000,0.000,0.000,0.000,0,0,0,0,0,0,0,0,0,0.000,0.000,0.000,0.000,0.000,0.000,0.000,0.000,0,0,0,0,0,0,0,0,0,0.000,0.000,0.000,0.000,0.000,0.000,0.000,0.000,0,0,0,0,0,0,0,0,0,0.000,0.000,0.000,0.000,0.000,0.000,0.000,0.000,0,0,0,0,0,0,0,0,0,0.000,0.000,0.000,0.000,0.000,0.000,0.000,0.000,0,0,0,0,0,0,0,0,0,0,0,0,0,0,0,0,0,0,4351,3619,3321,48,3,27369,12842,1923,29522,12506,2480,96,6,0,0,0,0,40342,12696,3725,12398,4302,1291,1104,429,162,0,0,0,1373.395,69.447,13179.142,1218.983,27,123,2,572,199,1101,1901,603,177,855,152,300,176,162,291,625,168,140,308,526,78,0,0,0,0,0,0,0,0,0,0,0,0,226,438,208,56,0,0,0,1,615,275,134,28,0,0,0,0,0,0,0,0,0,0,0,0,0,0,0,0,0,0,0,0,0.6574,0.4423,12,2,0,0.4696,0.3815,15,0,0
4411,147.0,3955,148,20,2013,1942,0,0,543,200.14,1.007,0.974,0.531,0.107,0.407,-0.944,1.662,0.3407,2.0996,0.554,0.008,0.023,0.124,-0.034,155,177,182,0,55,0,139028.62,29947.921,46158.465,330.460,15037.812,25.480,31566.407,25831.063,768.741,25053.115,20042.492,5873.508,874.359,1217.554,0.000243,-0.003101,2910,0,55,127,177,55,19443,584,116,320.490,0,0,0,0,0,0,0,0,0,0,0,0,0,0,56368,1946,2326,63085.794,45935.264,13707.893,0.338,320.490,24669.643,23238.507,551.964,369,272,176,55,41,37144,0,0,0,0.000,0.000,0.000,0.000,0.000,0.000,0.000,0.000,0,0,0,0,0,0,0,0,0,0.000,0.000,0.000,0.000,0.000,0.000,0.000,0.000,0,0,0,0,0,0,0,0,0,0.000,0.000,0.000,0.000,0.000,0.000,0.000,0.000,0,0,0,0,0,0,0,0,0,0.000,0.000,0.000,0.000,0.000,0.000,0.000,0.000,0,0,0,0,0,0,0,0,0,0.000,0.000,0.000,0.000,0.000,0.000,0.000,0.000,0,0,0,0,0,0,0,0,0,0,0,0,0,0,0,0,0,0,4351,3619,3321,48,3,27566,12799,2121,31452,13119,2597,112,30,0,0,0,0,42264,13854,3691,12957,4287,1288,1147,406,212,0,0,0,1400.405,78.649,14309.227,1212.461,23,125,0,601,228,1165,1984,597,196,885,155,312,181,168,312,614,188,147,339,575,79,0,0,0,0,0,0,0,0,0,0,0,0,241,463,206,63,0,0,0,0,696,275,136,33,0,0,0,0,0,0,0,0,0,0,0,0,0,0,0,0,0,0,0,0,0.6694,0.4485,12,2,0,0.4336,0.3531,15,0,0
4441,148.0,4113,134,20,2047,2066,0,0,652,194.49,1.020,0.988,0.545,0.108,0.399,-0.944,1.650,0.3385,2.1445,0.551,0.007,0.015,0.124,-0.035,174,170,212,0,48,0,143474.34,30266.062,48466.750,355.950,16053.838,29.832,33553.492,27000.646,895.145,25547.003,20437.603,5988.202,777.211,1318.958,0.000216,-0.003630,3140,0,51,161,201,51,19705,621,149,354.053,0,0,0,0,0,0,0,0,0,0,0,0,0,0,60233,2051,2519,66851.838,48230.645,14907.755,0.401,354.053,26452.318,24286.184,585.921,386,263,169,51,43,40186,0,0,0,0.000,0.000,0.000,0.000,0.000,0.000,0.000,0.000,0,0,0,0,0,0,0,0,0,0.000,0.000,0.000,0.000,0.000,0.000,0.000,0.000,0,0,0,0,0,0,0,0,0,0.000,0.000,0.000,0.000,0.000,0.000,0.000,0.000,0,0,0,0,0,0,0,0,0,0.000,0.000,0.000,0.000,0.000,0.000,0.000,0.000,0,0,0,0,0,0,0,0,0,0.000,0.000,0.000,0.000,0.000,0.000,0.000,0.000,0,0,0,0,0,0,1,0,0,0,0,0,0,0,0,0,0,0,4351,3619,3321,48,3,27871,13095,2158,32765,13457,2865,111,39,0,0,0,0,45125,13579,4276,13937,5004,1509,1171,524,193,0,0,0,1442.704,81.047,14627.598,1373.230,22,133,0,631,232,1212,2089,647,208,894,168,310,178,166,331,640,230,133,375,611,77,0,0,0,0,0,0,0,0,0,0,0,0,257,465,183,80,0,0,0,0,728,305,144,19,0,0,0,0,0,0,0,0,0,0,0,0,0,0,0,0,0,0,0,0,0.6525,0.4546,12,1,0,0.4356,0.3766,15,0,0
4471,149.0,4207,146,20,2068,2139,0,0,746,196.66,1.028,0.994,0.559,0.107,0.394,-0.946,1.647,0.3392,2.1172,0.563,0.005,0.018,0.124,-0.035,165,183,219,1,64,0,145485.03,31400.593,47043.216,367.561,17044.327,31.327,35084.951,27734.068,1072.078,24294.694,19435.756,6212.765,482.455,1355.418,0.000251,-0.003558,3667,0,56,163,210,56,19686,945,153,364.862,0,0,0,0,0,0,0,0,0,0,0,0,0,0,62945,1992,2722,65770.848,46862.625,15329.597,0.412,364.862,27792.330,24949.522,591.473,363,290,182,56,52,45090,0,0,0,0.000,0.000,0.000,0.000,0.000,0.000,0.000,0.000,0,0,0,0,0,0,0,0,0,0.000,0.000,0.000,0.000,0.000,0.000,0.000,0.000,0,0,0,0,0,0,0,0,0,0.000,0.000,0.000,0.000,0.000,0.000,0.000,0.000,0,0,0,0,0,0,0,0,0,0.000,0.000,0.000,0.000,0.000,0.000,0.000,0.000,0,0,0,0,0,0,0,0,0,0.000,0.000,0.000,0.000,0.000,0.000,0.000,0.000,0,0,0,0,0,0,0,0,0,0,0,0,0,0,0,0,0,0,4351,3619,3321,48,3,27851,13338,2166,33886,14090,2346,165,49,0,0,0,0,47094,13652,4768,14831,5377,1900,1020,439,153,0,0,0,1491.207,71.107,14827.761,1554.496,22,145,0,592,241,1204,2025,613,218,932,135,284,194,176,347,657,229,159,360,639,95,0,0,0,0,0,0,0,0,0,0,0,0,271,479,177,73,0,0,0,1,775,292,163,23,0,0,0,0,0,0,0,0,0,0,0,0,0,0,0,0,0,0,0,0,0.6757,0.4688,12,3,0,0.4238,0.3976,14,0,0
4501,150.0,4272,142,21,2088,2184,0,0,823,185.20,1.031,0.994,0.570,0.107,0.392,-0.947,1.641,0.3425,2.0833,0.550,0.004,0.014,0.125,-0.035,164,212,227,0,65,0,146439.75,31644.176,48656.288,372.704,16101.946,29.652,36220.629,28393.980,1201.955,24988.288,19990.631,7030.331,527.450,1346.455,0.000288,-0.003311,3256,0,67,160,215,65,20146,585,148,359.141,0,0,0,0,0,0,0,0,0,0,0,0,0,0,65032,2049,2671,66986.891,48374.362,15052.741,0.479,359.141,28830.447,25554.771,644.848,384,339,211,67,61,50048,0,0,0,0.000,0.000,0.000,0.000,0.000,0.000,0.000,0.000,0,0,0,0,0,0,0,0,0,0.000,0.000,0.000,0.000,0.000,0.000,0.000,0.000,0,0,0,0,0,0,0,0,0,0.000,0.000,0.000,0.000,0.000,0.000,0.000,0.000,0,0,0,0,0,0,0,0,0,0.000,0.000,0.000,0.000,0.000,0.000,0.000,0.000,0,0,0,0,0,0,0,0,0,0.000,0.000,0.000,0.000,0.000,0.000,0.000,0.000,0,0,0,0,0,0,0,0,0,0,0,0,0,0,0,0,0,0,4501,4272,4171,49,2,27151,13158,2211,35078,14962,1943,180,30,41,0,0,0,48268,13845,4814,15825,5703,1629,939,345,132,0,0,0,1513.126,69.098,14790.234,1494.514,24,136,0,658,220,1210,2092,647,211,941,151,290,188,165,353,643,205,144,384,723,85,0,0,0,0,0,0,0,0,0,0,0,0,278,461,184,73,0,0,0,0,820,315,173,27,0,0,0,1,0,0,0,0,0,0,0,0,0,0,0,0,0,0,0,0,0.6361,0.4969,12,2,0,0.4659,0.3533,15,0,0
4531,151.0,4308,139,21,2119,2189,0,0,925,239.16,1.029,0.989,0.583,0.108,0.395,-0.948,1.644,0.3398,2.1079,0.541,0.005,0.015,0.126,-0.035,168,219,209,0,91,0,145559.47,31459.442,47221.588,361.245,15896.722,32.395,36754.443,28682.179,1350.563,24022.616,19218.093,6539.814,463.496,1327.528,0.000271,-0.004527,3271,0,54,155,199,54,20610,619,142,354.721,0,0,0,0,0,0,0,0,0,0,0,0,0,0,65696,1990,2652,65229.050,46974.890,14844.275,0.284,354.721,29253.285,25803.539,664.719,359,354,216,54,84,59739,0,0,0,0.000,0.000,0.000,0.000,0.000,0.000,0.000,0.000,0,0,0,0,0,0,0,0,0,0.000,0.000,0.000,0.000,0.000,0.000,0.000,0.000,0,0,0,0,0,0,0,0,0,0.000,0.000,0.000,0.000,0.000,0.000,0.000,0.000,0,0,0,0,0,0,0,0,0,0.000,0.000,0.000,0.000,0.000,0.000,0.000,0.000,0,0,0,0,0,0,0,0,0,0.000,0.000,0.000,0.000,0.000,0.000,0.000,0.000,0,0,0,0,0,0,0,0,0,0,0,0,0,0,0,0,0,0,4501,4272,4171,49,2,26947,13450,1899,35886,14769,2193,203,39,51,0,0,0,49022,14608,4431,15788,5735,1702,886,333,130,0,0,0,1519.152,68.426,15293.069,1436.910,27,117,0,606,220,1204,2033,625,188,943,128,313,205,172,358,700,193,151,396,670,79,0,0,0,0,0,0,0,0,0,0,0,0,294,467,203,84,0,0,0,0,817,300,147,32,0,0,0,0,0,0,0,0,0,0,0,0,0,0,0,0,0,0,0,0,0.6221,0.4962,11,2,0,0.4354,0.3723,14,0,0
4561,152.0,4203,133,21,2050,2153,0,0,1023,222.32,1.036,0.990,0.598,0.110,0.392,-0.948,1.630,0.3387,2.0657,0.558,0.005,0.014,0.126,-0.034,162,235,288,0,109,0,142719.22,31673.178,46116.276,543.845,15653.968,30.047,36525.303,28100.102,1494.980,23167.130,18533.705,8665.889,481.838,1272.008,0.000231,-0.005578,3297,0,60,228,279,60,20454,634,219,543.315,0,0,0,0,0,0,0,0,0,0,0,0,0,0,64764,1947,2663,63657.222,45835.440,14602.578,0.518,543.315,28960.935,25199.066,697.134,355,392,233,60,99,61985,0,0,0,0.000,0.000,0.000,0.000,0.000,0.000,0.000,0.000,0,0,0,0,0,0,0,0,0,0.000,0.000,0.000,0.000,0.000,0.000,0.000,0.000,0,0,0,0,0,0,0,0,0,0.000,0.000,0.000,0.000,0.000,0.000,0.000,0.000,0,0,0,0,0,0,0,0,0,0.000,0.000,0.000,0.000,0.000,0.000,0.000,0.000,0,0,0,0,0,0,0,0,0,0.000,0.000,0.000,0.000,0.000,0.000,0.000,0.000,0,0,0,0,0,0,1,0,0,0,0,0,0,0,0,0,0,0,4501,4272,4171,49,2,26515,13354,1728,36323,15094,2157,240,60,30,0,0,0,48568,14827,4359,15379,5206,1690,817,338,129,0,0,0,1516.352,65.973,14901.374,1401.829,17,132,1,628,209,1155,1998,644,188,951,128,277,216,152,326,666,206,166,376,663,76,0,0,0,0,0,0,0,0,0,0,0,0,265,451,193,62,0,0,0,0,790,274,183,33,0,0,0,1,0,0,0,0,0,0,0,0,0,0,0,0,0,0,0,0,0.6056,0.4928,13,2,0,0.4495,0.3947,16,1,0
4591,153.0,4216,131,21,2043,2173,0,0,1145,225.97,1.039,0.994,0.607,0.106,0.390,-0.949,1.619,0.3416,2.0955,0.564,0.006,0.011,0.127,-0.033,153,200,199,0,122,0,141307.62,30902.670,46413.963,378.428,15045.278,32.262,36423.483,28232.434,1674.524,23400.369,18720.295,6550.778,429.285,1116.085,0.000185,-0.005306,3146,0,40,159,193,40,20458,506,153,378.142,0,0,0,0,0,0,0,0,0,0,0,0,0,0,64680,1958,2640,63738.465,46253.692,14252.959,0.251,378.142,29004.007,25404.660,729.294,357,337,196,40,101,53483,0,0,0,0.000,0.000,0.000,0.000,0.000,0.000,0.000,0.000,0,0,0,0,0,0,0,0,0,0.000,0.000,0.000,0.000,0.000,0.000,0.000,0.000,0,0,0,0,0,0,0,0,0,0.000,0.000,0.000,0.000,0.000,0.000,0.000,0.000,0,0,0,0,0,0,0,0,0,0.000,0.000,0.000,0.000,0.000,0.000,0.000,0.000,0,0,0,0,0,0,0,0,0,0.000,0.000,0.000,0.000,0.000,0.000,0.000,0.000,0,0,0,0,0,0,0,0,0,0,0,0,0,0,0,0,0,0,4501,4272,4171,49,2,25118,12485,1954,35910,15703,2108,248,60,11,0,0,0,48885,15521,4380,15132,4981,1704,663,386,71,0,0,0,1478.490,72.109,15426.350,1385.411,17,113,0,623,192,1170,1987,623,200,934,133,296,210,160,310,712,215,140,392,621,93,0,0,0,0,0,0,0,0,0,0,0,0,258,449,214,54,0,0,0,1,763,294,154,35,0,0,0,0,0,0,0,0,0,0,0,0,0,0,0,0,0,0,0,0,0.6111,0.5012,13,1,0,0.4144,0.3906,14,0,0
4621,154.0,4187,138,21,2043,2144,0,0,1230,238.50,1.038,0.988,0.623,0.106,0.393,-0.949,1.610,0.3370,2.0489,0.564,0.003,0.019,0.128,-0.033,135,187,203,0,148,0,141221.66,30746.900,47134.509,398.920,16424.038,31.508,36512.777,28125.977,1843.012,22129.237,17703.390,5938.532,428.203,1091.953,0.000277,-0.004378,3257,0,31,172,194,30,19672,518,162,391.014,0,0,0,0,0,0,0,0,0,0,0,0,0,0,64611,1991,2739,65646.476,46767.415,15508.722,0.140,391.014,29068.112,25369.791,701.690,328,357,185,31,141,64123,0,0,0,0.000,0.000,0.000,0.000,0.000,0.000,0.000,0.000,0,0,0,0,0,0,0,0,0,0.000,0.000,0.000,0.000,0.000,0.000,0.000,0.000,0,0,0,0,0,0,0,0,0,0.000,0.000,0.000,0.000,0.000,0.000,0.000,0.000,0,0,0,0,0,0,0,0,0,0.000,0.000,0.000,0.000,0.000,0.000,0.000,0.000,0,0,0,0,0,0,0,0,0,0.000,0.000,0.000,0.000,0.000,0.000,0.000,0.000,0,0,0,0,0,0,0,0,0,0,0,0,0,0,0,0,0,0,4501,4272,4171,49,2,23986,11388,2016,36944,16109,2250,270,60,2,0,0,0,48572,15789,4374,15325,5064,1468,714,498,78,0,0,0,1416.502,68.543,15477.883,1325.345,18,123,0,644,235,1179,2051,654,210,913,156,316,217,151,290,731,191,133,389,614,86,0,0,0,0,0,0,0,0,0,0,0,0,253,446,228,44,0,0,0,3,740,300,142,39,0,0,0,1,0,0,0,0,0,0,0,0,0,0,0,0,0,0,0,0,0.6422,0.4596,13,1,0,0.4286,0.4063,14,0,0
4651,155.0,4166,119,21,2034,2132,0,0,1311,209.24,1.040,0.989,0.637,0.108,0.393,-0.948,1.603,0.3408,2.0259,0.573,0.003,0.017,0.129,-0.033,154,176,193,0,145,0,139244.02,30548.222,45956.358,360.149,16024.787,29.175,36679.415,28476.924,1971.983,21486.225,17188.980,5663.500,621.778,1131.519,0.000267,-0.006755,3608,0,25,168,183,25,19432,771,156,355.555,0,0,0,0,0,0,0,0,0,0,0,0,0,0,64408,1928,2837,63401.836,45570.156,14643.940,0.201,355.555,29123.376,25736.953,702.137,323,335,175,25,135,60150,0,0,0,0.000,0.000,0.000,0.000,0.000,0.000,0.000,0.000,0,0,0,0,0,0,0,0,0,0.000,0.000,0.000,0.000,0.000,0.000,0.000,0.000,0,0,0,0,0,0,0,0,0,0.000,0.000,0.000,0.000,0.000,0.000,0.000,0.000,0,0,0,0,0,0,0,0,0,0.000,0.000,0.000,0.000,0.000,0.000,0.000,0.000,0,0,0,0,0,0,0,0,0,0.000,0.000,0.000,0.000,0.000,0.000,0.000,0.000,0,0,0,0,0,0,0,0,0,0,0,0,0,0,0,0,0,0,4651,4166,4038,66,2,23567,10627,2027,37496,16376,2629,295,60,18,0,0,0,48337,16223,4261,15351,5610,1456,720,474,78,0,0,0,1384.108,75.170,16160.751,1276.390,21,110,1,591,205,1177,1992,627,189,893,161,332,194,154,300,694,199,156,379,608,96,0,0,0,0,0,0,0,0,0,0,0,0,255,437,245,42,0,0,0,1,738,317,158,25,0,0,0,1,0,0,0,0,0,0,0,0,0,0,0,0,0,0,0,0,0.5959,0.4748,13,1,0,0.4023,0.3645,15,0,0
4681,156.0,4108,136,21,2003,2105,0,0,1374,263.08,1.042,0.992,0.647,0.109,0.392,-0.948,1.589,0.3399,2.0469,0.587,0.004,0.012,0.130,-0.032,150,155,173,0,172,0,137851.67,30109.327,44298.947,305.919,15886.569,32.028,36370.836,27460.623,2071.957,19651.647,15721.317,4696.436,388.004,1188.343,0.000270,-0.009849,3442,0,24,149,165,24,19337,783,139,301.795,0,0,0,0,0,0,0,0,0,0,0,0,0,0,63497,1867,2659,61872.421,43961.822,14626.812,0.141,301.795,28847.932,24766.996,688.436,304,331,152,24,155,65066,0,0,0,0.000,0.000,0.000,0.000,0.000,0.000,0.000,0.000,0,0,0,0,0,0,0,0,0,0.000,0.000,0.000,0.000,0.000,0.000,0.000,0.000,0,0,0,0,0,0,0,0,0,0.000,0.000,0.000,0.000,0.000,0.000,0.000,0.000,0,0,0,0,0,0,0,0,0,0.000,0.000,0.000,0.000,0.000,0.000,0.000,0.000,0,0,0,0,0,0,0,0,0,0.000,0.000,0.000,0.000,0.000,0.000,0.000,0.000,0,0,0,0,0,0,0,0,0,0,0,0,0,0,0,0,0,0,4651,4166,4038,66,2,22827,10019,1758,37253,16457,2679,344,67,53,0,0,0,47851,15410,4738,14844,5140,1494,802,380,180,0,0,0,1352.804,73.257,15108.412,1419.237,25,121,2,594,239,1096,1912,586,207,880,146,302,200,170,305,686,240,154,377,566,82,0,0,0,0,0,0,0,0,0,0,0,0,246,445,242,44,0,0,0,0,712,284,150,33,0,0,0,0,0,0,0,0,0,0,0,0,0,0,0,0,0,0,0,0,0.5870,0.4630,14,0,0,0.3905,0.3869,15,0,0
4711,157.0,4062,126,21,1999,2063,0,0,1405,237.60,1.037,0.985,0.659,0.109,0.394,-0.947,1.585,0.3398,2.0575,0.592,0.005,0.014,0.131,-0.031,133,164,169,0,169,0,134362.89,29576.442,43573.500,271.132,15577.858,26.891,36084.429,27346.444,2144.130,20237.236,16189.789,5511.219,538.046,1238.145,0.000255,-0.009172,3205,0,46,123,164,46,19248,656,117,269.105,0,0,0,0,0,0,0,0,0,0,0,0,0,0,62762,1837,2549,60885.310,43236.166,14428.557,0.141,269.105,28549.962,24723.796,665.113,312,355,162,46,147,64874,0,0,0,0.000,0.000,0.000,0.000,0.000,0.000,0.000,0.000,0,0,0,0,0,0,0,0,0,0.000,0.000,0.000,0.000,0.000,0.000,0.000,0.000,0,0,0,0,0,0,0,0,0,0.000,0.000,0.000,0.000,0.000,0.000,0.000,0.000,0,0,0,0,0,0,0,0,0,0.000,0.000,0.000,0.000,0.000,0.000,0.000,0.000,0,0,0,0,0,0,0,0,0,0.000,0.000,0.000,0.000,0.000,0.000,0.000,0.000,0,0,0,0,0,0,1,0,0,0,0,0,0,0,0,0,0,0,4651,4166,4038,66,2,22388,9508,1813,37458,16940,2570,317,82,0,0,0,0,47172,15114,4388,14868,5734,1590,722,295,202,0,0,0,1331.130,77.024,15135.349,1374.537,17,119,0,590,218,1071,1889,625,195,893,142,294,205,167,298,712,197,144,337,572,101,0,0,0,0,0,0,0,0,0,0,0,0,245,446,230,43,0,0,0,0,680,300,149,25,0,0,0,0,0,0,0,0,0,0,0,0,0,0,0,0,0,0,0,0,0.5917,0.4673,12,1,0,0.4595,0.4230,15,0,0
4741,158.0,4053,101,21,2033,2020,0,0,1462,253.67,1.026,0.974,0.670,0.110,0.401,-0.947,1.589,0.3361,2.0217,0.614,0.003,0.020,0.132,-0.030,157,152,115,0,161,0,134894.66,29754.248,43519.331,192.319,15247.967,31.470,35480.418,26072.002,2194.665,18416.363,14733.090,3832.431,571.256,1100.086,0.000214,-0.008693,3262,0,30,85,110,30,18769,559,79,190.525,0,0,0,0,0,0,0,0,0,0,0,0,0,0,61041,1832,2703,60797.933,43290.278,14401.486,0.084,190.525,27836.918,23452.948,609.040,280,323,150,30,143,65426,0,0,0,0.000,0.000,0.000,0.000,0.000,0.000,0.000,0.000,0,0,0,0,0,0,0,0,0,0.000,0.000,0.000,0.000,0.000,0.000,0.000,0.000,0,0,0,0,0,0,0,0,0,0.000,0.000,0.000,0.000,0.000,0.000,0.000,0.000,0,0,0,0,0,0,0,0,0,0.000,0.000,0.000,0.000,0.000,0.000,0.000,0.000,0,0,0,0,0,0,0,0,0,0.000,0.000,0.000,0.000,0.000,0.000,0.000,0.000,0,0,0,0,0,0,0,0,0,0,0,0,0,0,0,0,0,0,4651,4166,4038,66,2,22213,9754,1684,38226,17752,2304,234,30,18,0,0,0,45835,14522,4073,14548,5664,1542,658,272,190,0,0,0,1386.406,68.002,14155.326,1263.924,8,160,1,586,199,1059,1869,582,174,933,117,294,219,153,317,677,198,170,338,553,84,0,0,0,0,0,0,0,0,0,0,0,0,242,463,230,47,0,0,0,1,663,301,152,29,0,0,0,0,0,0,0,0,0,0,0,0,0,0,0,0,0,0,0,0,0.5632,0.4445,12,0,0,0.4408,0.3973,14,0,0
4771,159.0,4011,126,21,2039,1972,0,0,1516,215.48,1.022,0.966,0.676,0.107,0.406,-0.947,1.589,0.3363,2.0254,0.614,0.005,0.016,0.133,-0.029,131,143,114,0,201,0,131816.34,29539.512,40416.887,216.036,14574.041,37.028,35268.712,26289.678,2286.215,18478.164,14782.532,3993.747,750.097,966.677,0.000294,-0.007166,3138,0,13,101,108,13,18929,510,94,213.600,0,0,0,0,0,0,0,0,0,0,0,0,0,0,60130,1708,2628,56931.420,40084.420,13705.759,0.046,213.600,27527.725,23660.120,586.571,285,333,140,13,180,64542,0,0,0,0.000,0.000,0.000,0.000,0.000,0.000,0.000,0.000,0,0,0,0,0,0,0,0,0,0.000,0.000,0.000,0.000,0.000,0.000,0.000,0.000,0,0,0,0,0,0,0,0,0,0.000,0.000,0.000,0.000,0.000,0.000,0.000,0.000,0,0,0,0,0,0,0,0,0,0.000,0.000,0.000,0.000,0.000,0.000,0.000,0.000,0,0,0,0,0,0,0,0,0,0.000,0.000,0.000,0.000,0.000,0.000,0.000,0.000,0,0,0,0,0,0,0,0,0,0,0,0,0,0,0,0,0,0,4651,4166,4038,66,2,21971,9581,1642,38818,18488,2123,267,30,54,0,0,0,45182,14782,4334,14277,5557,1382,671,337,170,0,0,0,1403.103,63.353,14535.095,1307.681,14,126,0,552,200,1035,1762,552,175,925,143,300,209,143,319,651,175,163,336,553,94,0,0,0,0,0,0,0,0,0,0,0,0,238,459,219,52,0,0,0,3,663,310,154,19,0,0,0,0,0,0,0,0,0,0,0,0,0,0,0,0,0,0,0,0,0.5982,0.4534,12,0,0,0.4339,0.4106,14,0,0
4801,160.0,3971,118,20,2082,1889,0,0,1534,240.04,1.004,0.946,0.684,0.106,0.417,-0.947,1.589,0.3318,1.9974,0.602,0.004,0.015,0.136,-0.026,157,149,131,0,180,0,128644.26,29085.744,38082.314,236.051,14614.269,36.242,34538.676,24597.715,2381.053,17909.242,14327.394,4123.280,337.170,1016.445,0.000221,-0.006196,3114,0,28,103,127,28,18821,588,98,233.639,0,0,0,0,0,0,0,0,0,0,0,0,0,0,58022,1596,2526,54022.059,37641.731,13581.821,0.093,233.639,26666.720,22069.195,506.882,256,339,148,28,163,67521,0,0,0,0.000,0.000,0.000,0.000,0.000,0.000,0.000,0.000,0,0,0,0,0,0,0,0,0,0.000,0.000,0.000,0.000,0.000,0.000,0.000,0.000,0,0,0,0,0,0,0,0,0,0.000,0.000,0.000,0.000,0.000,0.000,0.000,0.000,0,0,0,0,0,0,0,0,0,0.000,0.000,0.000,0.000,0.000,0.000,0.000,0.000,0,0,0,0,0,0,0,0,0,0.000,0.000,0.000,0.000,0.000,0.000,0.000,0.000,0,0,0,0,0,0,0,0,0,0,0,0,0,0,0,0,0,0,4801,3971,3962,152,0,21805,9290,1805,39667,18452,2473,323,63,57,0,0,0,43689,13511,3949,13668,5490,1163,665,349,143,0,0,0,1382.527,72.836,13266.425,1116.043,18,96,2,517,173,966,1664,528,155,925,154,327,216,131,329,659,196,146,334,462,92,0,0,0,0,0,0,0,0,0,0,0,0,243,472,229,58,0,0,0,1,613,256,143,22,0,0,0,0,0,0,0,0,0,0,0,0,0,0,0,0,0,0,0,0,0.5731,0.4281,11,0,0,0.4031,0.3996,15,0,0
4831,161.0,3907,112,20,2094,1813,0,0,1551,274.46,0.990,0.933,0.685,0.105,0.425,-0.946,1.591,0.3296,2.0144,0.620,0.004,0.014,0.138,-0.024,157,161,90,0,184,0,126447.21,28442.614,37641.347,154.942,14225.895,43.450,33816.572,24089.884,2396.023,16536.717,13229.374,3340.620,428.279,1057.233,0.000235,-0.007056,3204,0,22,68,86,22,18774,719,64,154.763,0,0,0,0,0,0,0,0,0,0,0,0,0,0,56092,1591,2485,53167.120,37364.777,12905.102,0.155,154.763,25795.330,21591.904,465.263,257,333,152,22,159,69425,0,0,0,0.000,0.000,0.000,0.000,0.000,0.000,0.000,0.000,0,0,0,0,0,0,0,0,0,0.000,0.000,0.000,0.000,0.000,0.000,0.000,0.000,0,0,0,0,0,0,0,0,0,0.000,0.000,0.000,0.000,0.000,0.000,0.000,0.000,0,0,0,0,0,0,0,0,0,0.000,0.000,0.000,0.000,0.000,0.000,0.000,0.000,0,0,0,0,0,0,0,0,0,0.000,0.000,0.000,0.000,0.000,0.000,0.000,0.000,0,0,0,0,0,0,0,0,0,0,0,0,0,0,0,0,0,0,4801,3971,3962,152,0,21799,9236,2040,40721,18397,2792,282,49,11,0,0,0,42379,13822,4387,12984,5024,1394,729,401,118,0,0,0,1363.526,80.492,13154.138,1283.631,30,104,0,468,188,968,1630,477,183,924,153,344,213,140,320,611,191,87,343,489,92,0,0,0,0,0,0,0,0,0,0,0,0,240,476,241,60,0,0,0,0,581,294,116,20,0,0,0,0,0,0,0,0,0,0,0,0,0,0,0,0,0,0,0,0,0.5856,0.4581,12,0,0,0.3888,0.3811,13,0,0
4861,162.0,3895,151,20,2137,1758,0,0,1575,247.23,0.978,0.917,0.688,0.101,0.434,-0.946,1.586,0.3301,1.9941,0.600,0.005,0.011,0.140,-0.023,170,139,98,0,158,0,121141.60,27728.278,32873.889,176.588,14616.560,37.716,32523.887,22979.214,2441.007,16618.752,13295.002,3283.017,499.665,1033.824,0.000248,-0.004520,3185,0,18,80,90,18,19412,757,71,174.129,0,0,0,0,0,0,0,0,0,0,0,0,0,0,53033,1381,2428,48390.537,32573.925,13215.691,0.134,174.129,24411.803,20534.791,420.370,244,299,137,18,144,58025,0,0,0,0.000,0.000,0.000,0.000,0.000,0.000,0.000,0.000,0,0,0,0,0,0,0,0,0,0.000,0.000,0.000,0.000,0.000,0.000,0.000,0.000,0,0,0,0,0,0,0,0,0,0.000,0.000,0.000,0.000,0.000,0.000,0.000,0.000,0,0,0,0,0,0,0,0,0,0.000,0.000,0.000,0.000,0.000,0.000,0.000,0.000,0,0,0,0,0,0,0,0,0,0.000,0.000,0.000,0.000,0.000,0.000,0.000,0.000,0,0,0,0,0,0,0,0,0,0,0,0,0,0,0,0,0,0,4801,3971,3962,152,0,21658,9180,1894,41669,18736,2755,351,84,0,0,0,0,40311,13392,3879,11943,4446,1400,779,520,152,0,0,0,1358.660,77.098,12587.794,1166.610,23,102,0,448,175,841,1425,448,152,930,157,360,217,149,324,610,167,122,293,467,99,0,0,0,0,0,0,0,0,0,0,0,0,244,486,249,71,0,0,0,0,559,283,111,27,0,0,0,1,0,0,0,0,0,0,0,0,0,0,0,0,0,0,0,0,0.5791,0.4227,11,0,0,0.4108,0.4071,13,0,0
4891,163.0,3842,123,20,2166,1676,0,0,1605,261.27,0.959,0.898,0.688,0.096,0.445,-0.946,1.586,0.3307,2.0061,0.605,0.004,0.014,0.142,-0.021,166,136,67,0,188,0,119789.84,26735.269,34947.742,127.490,13547.372,39.082,32015.507,22167.825,2480.916,14698.700,11758.960,2272.193,315.870,970.209,0.000179,-0.003755,2978,0,6,61,63,6,19525,748,55,124.621,0,0,0,0,0,0,0,0,0,0,0,0,0,0,51777,1468,2230,49567.013,34654.165,12214.268,0.057,124.621,23822.770,19795.331,362.088,220,302,132,6,164,64787,0,0,0,0.000,0.000,0.000,0.000,0.000,0.000,0.000,0.000,0,0,0,0,0,0,0,0,0,0.000,0.000,0.000,0.000,0.000,0.000,0.000,0.000,0,0,0,0,0,0,0,0,0,0.000,0.000,0.000,0.000,0.000,0.000,0.000,0.000,0,0,0,0,0,0,0,0,0,0.000,0.000,0.000,0.000,0.000,0.000,0.000,0.000,0,0,0,0,0,0,0,0,0,0.000,0.000,0.000,0.000,0.000,0.000,0.000,0.000,0,0,0,0,0,0,0,0,0,0,0,0,0,0,0,0,0,0,4801,3971,3962,152,0,21219,8574,1909,42704,19177,3020,405,90,0,0,0,0,38963,12466,3864,11994,4261,1320,820,446,127,0,0,0,1331.384,82.765,11777.729,1117.632,23,102,0,435,171,879,1513,438,173,926,179,378,221,153,309,556,147,128,289,481,75,0,0,0,0,0,0,0,0,0,0,0,0,247,477,248,89,0,0,0,0,574,257,124,17,0,0,0,1,0,0,0,0,0,0,0,0,0,0,0,0,0,0,0,0,0.6155,0.4144,11,1,0,0.4181,0.3849,13,0,0
4921,164.0,3835,136,20,2212,1623,0,0,1650,250.53,0.945,0.883,0.687,0.098,0.454,-0.947,1.586,0.3295,2.0152,0.609,0.002,0.011,0.145,-0.021,171,109,48,0,165,0,117825.18,26616.256,32134.112,70.018,13240.516,38.293,31132.015,21279.462,2552.607,13754.912,11003.930,1880.805,262.197,926.978,0.000252,-0.005146,3094,0,10,38,46,10,20428,724,33,62.791,0,0,0,0,0,0,0,0,0,0,0,0,0,0,49553,1349,2370,46520.078,31876.296,12104.527,0.074,62.791,22806.890,18971.514,295.873,207,260,108,10,142,50095,0,0,0,0.000,0.000,0.000,0.000,0.000,0.000,0.000,0.000,0,0,0,0,0,0,0,0,0,0.000,0.000,0.000,0.000,0.000,0.000,0.000,0.000,0,0,0,0,0,0,0,0,0,0.000,0.000,0.000,0.000,0.000,0.000,0.000,0.000,0,0,0,0,0,0,0,0,0,0.000,0.000,0.000,0.000,0.000,0.000,0.000,0.000,0,0,0,0,0,0,0,0,0,0.000,0.000,0.000,0.000,0.000,0.000,0.000,0.000,0,0,0,0,0,0,0,0,0,0,0,0,0,0,0,0,0,0,4801,3971,3962,152,0,20793,8267,1882,44277,20083,3198,433,90,12,0,0,0,36795,12114,3181,11905,4402,1278,853,303,144,0,0,0,1331.624,84.125,11371.204,950.545,34,101,0,426,150,829,1392,432,128,972,166,384,246,146,298,557,140,127,266,465,68,0,0,0,0,0,0,0,0,0,0,0,0,262,469,249,92,0,0,0,2,542,235,124,25,0,0,0,0,0,0,0,0,0,0,0,0,0,0,0,0,0,0,0,0,0.6063,0.4223,12,1,0,0.4335,0.4007,13,0,0
4951,165.0,3764,128,22,2203,1561,0,0,1647,267.83,0.938,0.872,0.688,0.095,0.460,-0.947,1.584,0.3317,2.0081,0.614,0.002,0.013,0.147,-0.019,167,107,76,1,184,0,112296.59,25826.159,29043.358,158.303,12944.523,42.905,30525.823,20849.761,2588.050,13429.112,10743.290,2853.459,209.409,844.088,0.000184,-0.004119,2872,0,8,68,69,8,20940,617,60,156.084,0,0,0,0,0,0,0,0,0,0,0,0,0,0,47970,1214,2255,42955.998,28772.531,11974.368,0.002,156.084,22127.470,18532.689,275.202,210,272,103,8,161,56593,0,0,0,0.000,0.000,0.000,0.000,0.000,0.000,0.000,0.000,0,0,0,0,0,0,0,0,0,0.000,0.000,0.000,0.000,0.000,0.000,0.000,0.000,0,0,0,0,0,0,0,0,0,0.000,0.000,0.000,0.000,0.000,0.000,0.000,0.000,0,0,0,0,0,0,0,0,0,0.000,0.000,0.000,0.000,0.000,0.000,0.000,0.000,0,0,0,0,0,0,0,0,0,0.000,0.000,0.000,0.000,0.000,0.000,0.000,0.000,0,0,0,0,0,0,0,0,0,0,0,0,0,0,0,0,0,0,4951,3764,3528,21,2,20339,8260,1672,45354,20639,3643,435,108,77,0,0,0,35562,12178,3436,11641,4354,1264,767,309,128,0,0,0,1362.654,86.611,11298.484,1004.472,22,107,0,382,135,731,1256,382,132,969,182,366,250,160,276,543,142,125,264,418,69,0,0,0,0,0,0,0,0,0,0,0,0,284,446,230,92,0,0,0,0,492,235,123,26,0,0,0,0,0,0,0,0,0,0,0,0,0,0,0,0,0,0,0,0,0.5978,0.4134,11,1,0,0.4137,0.4306,15,0,0
4981,166.0,3653,103,22,2200,1453,0,0,1625,293.45,0.920,0.851,0.691,0.090,0.472,-0.948,1.580,0.3273,2.0093,0.617,0.001,0.011,0.149,-0.018,170,113,69,0,189,0,105893.95,24966.561,26439.915,121.989,12670.247,39.882,29459.572,19757.959,2576.696,11306.177,9044.942,2734.967,299.995,840.687,0.000249,-0.002576,2952,0,9,60,64,9,21289,661,55,121.953,0,0,0,0,0,0,0,0,0,0,0,0,0,0,45524,1112,2291,39927.843,26218.760,11631.596,0.012,121.953,21042.449,17434.019,298.095,167,275,102,9,164,58842,0,0,0,0.000,0.000,0.000,0.000,0.000,0.000,0.000,0.000,0,0,0,0,0,0,0,0,0,0.000,0.000,0.000,0.000,0.000,0.000,0.000,0.000,0,0,0,0,0,0,0,0,0,0.000,0.000,0.000,0.000,0.000,0.000,0.000,0.000,0,0,0,0,0,0,0,0,0,0.000,0.000,0.000,0.000,0.000,0.000,0.000,0.000,0,0,0,0,0,0,0,0,0,0.000,0.000,0.000,0.000,0.000,0.000,0.000,0.000,0,0,0,0,0,0,0,0,0,0,0,0,0,0,0,0,0,0,4951,3764,3528,21,2,20107,8204,1790,45553,20725,3379,430,144,80,0,0,0,33417,11585,3029,11449,4318,1194,658,335,75,0,0,0,1358.322,82.486,10698.411,889.491,32,100,0,356,122,644,1147,393,112,973,158,366,255,173,275,520,137,106,241,374,75,0,0,0,0,0,0,0,0,0,0,0,0,289,443,247,89,0,0,0,1,440,230,105,21,0,0,0,0,0,0,0,0,0,0,0,0,0,0,0,0,0,0,0,0,0.5736,0.4326,11,0,0,0.4286,0.4119,15,0,0
5011,167.0,3537,121,22,2180,1357,0,0,1569,294.35,0.904,0.835,0.694,0.090,0.481,-0.948,1.579,0.3326,1.9913,0.616,0.002,0.015,0.152,-0.017,175,113,61,0,182,0,100660.84,23668.393,24974.284,126.556,10932.930,46.640,27986.939,18363.427,2504.816,10605.509,8484.407,2213.098,43.741,769.211,0.000326,0.000289,2865,0,3,58,59,3,20970,848,52,117.652,0,0,0,0,0,0,0,0,0,0,0,0,0,0,42391,1050,2017,36431.222,24715.571,9796.042,0.004,117.652,19609.914,16098.775,258.877,161,257,109,3,145,57764,0,0,0,0.000,0.000,0.000,0.000,0.000,0.000,0.000,0.000,0,0,0,0,0,0,0,0,0,0.000,0.000,0.000,0.000,0.000,0.000,0.000,0.000,0,0,0,0,0,0,0,0,0,0.000,0.000,0.000,0.000,0.000,0.000,0.000,0.000,0,0,0,0,0,0,0,0,0,0.000,0.000,0.000,0.000,0.000,0.000,0.000,0.000,0,0,0,0,0,0,0,0,0,0.000,0.000,0.000,0.000,0.000,0.000,0.000,0.000,0,0,0,0,0,0,0,0,0,0,0,0,0,0,0,0,0,0,4951,3764,3528,21,2,19774,8029,1560,45496,20894,3294,417,204,33,0,0,0,31039,10374,2838,10685,4036,1037,667,334,75,0,0,0,1350.519,72.546,9668.537,802.908,21,86,1,354,115,639,1090,341,115,966,167,371,250,167,259,462,123,103,236,353,80,0,0,0,0,0,0,0,0,0,0,0,0,271,432,255,88,0,0,0,1,429,219,113,11,0,0,0,0,0,0,0,0,0,0,0,0,0,0,0,0,0,0,0,0,0.5521,0.3914,10,0,0,0.3774,0.3945,13,0,0
5041,168.0,3425,113,22,2160,1265,0,0,1537,323.27,0.888,0.818,0.698,0.089,0.491,-0.949,1.580,0.3281,1.9685,0.636,0.003,0.011,0.155,-0.016,169,103,48,0,163,0,95875.77,22686.209,22725.167,91.554,10797.016,50.171,26592.241,17090.463,2429.485,8930.281,7144.225,1515.274,201.413,673.081,0.000165,0.000425,2836,0,2,46,44,2,20921,744,42,91.515,0,0,0,0,0,0,0,0,0,0,0,0,0,0,39505,948,2092,34005.272,22498.281,9801.412,0.023,91.515,18272.153,14874.370,236.374,136,228,96,2,130,49282,0,0,0,0.000,0.000,0.000,0.000,0.000,0.000,0.000,0.000,0,0,0,0,0,0,0,0,0,0.000,0.000,0.000,0.000,0.000,0.000,0.000,0.000,0,0,0,0,0,0,0,0,0,0.000,0.000,0.000,0.000,0.000,0.000,0.000,0.000,0,0,0,0,0,0,0,0,0,0.000,0.000,0.000,0.000,0.000,0.000,0.000,0.000,0,0,0,0,0,0,0,0,0,0.000,0.000,0.000,0.000,0.000,0.000,0.000,0.000,0,0,0,0,0,0,0,0,0,0,0,0,0,0,0,0,0,0,4951,3764,3528,21,2,19164,7707,1643,45614,21110,3495,362,141,41,0,0,0,29100,9629,2750,9663,3524,1054,742,366,51,0,0,0,1325.097,75.665,8860.280,782.119,22,77,0,297,96,585,986,316,97,969,177,364,244,155,251,454,123,83,204,345,56,0,0,0,0,0,0,0,0,0,0,0,0,267,419,243,83,0,0,0,2,416,180,78,14,0,0,0,0,0,0,0,0,0,0,0,0,0,0,0,0,0,0,0,0,0.5906,0.4192,10,0,0,0.3992,0.4259,12,0,0
5071,169.0,3312,111,22,2139,1172,1,0,1472,309.14,0.871,0.798,0.698,0.089,0.502,-0.948,1.584,0.3313,1.9926,0.651,0.004,0.015,0.158,-0.014,190,109,40,0,151,0,92717.08,21872.815,22289.239,92.074,9841.886,45.765,25216.529,16054.811,2343.006,8294.123,6635.298,1387.199,166.362,586.083,0.000174,0.000852,2542,0,1,39,39,1,20737,725,36,86.736,0,0,0,0,0,0,0,0,0,0,0,0,0,0,36627,926,1817,32244.676,21999.528,8644.891,0.000,86.736,16974.432,13908.369,188.846,129,222,103,1,118,50056,15,0,0,0.000,0.000,0.000,0.000,0.000,5.011,8.608,0.000,0,0,0,0,0,0,0,0,0,0.000,0.000,0.000,0.000,0.000,0.000,0.000,0.000,0,0,0,0,0,0,0,0,0,0.000,0.000,0.000,0.000,0.000,0.000,0.000,0.000,0,0,0,0,0,0,0,0,0,0.000,0.000,0.000,0.000,0.000,0.000,0.000,0.000,0,0,0,0,0,0,4,0,0,0.000,0.000,0.000,0.000,0.000,0.484,0.491,0.000,0,0,0,0,0,0,0,0,1,0,0,0,0,0,0,0,0,0,4951,3764,3528,21,2,18403,7586,1427,45817,21350,3581,347,107,42,0,0,0,26749,9235,2469,9184,3543,853,713,368,62,0,0,0,1319.626,76.602,8629.113,691.996,28,85,0,299,108,557,966,286,103,970,151,343,263,172,240,407,99,97,218,307,44,0,0,0,0,0,0,0,0,0,1,0,0,282,427,244,65,0,0,0,0,392,179,79,16,0,0,0,0,0,0,0,0,0,0,0,0,0,1,0,0,0,0,0,0,0.5834,0.4136,10,0,0,0.4237,0.4288,11,0,0
5101,170.0,3229,122,21,2138,1090,1,0,1378,352.68,0.852,0.779,0.699,0.087,0.514,-0.948,1.587,0.3284,2.0321,0.653,0.003,0.014,0.161,-0.013,171,91,35,1,149,0,89621.21,20991.294,19942.056,59.580,9431.950,52.630,23893.053,14416.226,2196.483,8456.960,6765.568,1170.340,136.406,584.898,0.000196,0.000892,2526,0,4,31,33,4,20686,831,28,57.551,0,0,0,0,0,0,0,0,0,0,0,0,0,0,33797,828,1691,29211.357,19695.500,8091.993,0.010,57.551,15692.348,12261.671,185.584,127,209,84,4,121,46131,30,1,4,53.811,17.051,19.650,0.000,0.000,10.014,16.719,0.000,0,0,0,0,0,0,0,0,0,0.000,0.000,0.000,0.000,0.000,0.000,0.000,0.000,0,0,0,0,0,0,0,0,0,0.000,0.000,0.000,0.000,0.000,0.000,0.000,0.000,0,0,0,0,0,0,0,0,0,0.000,0.000,0.000,0.000,0.000,0.000,0.000,0.000,0,0,0,0,0,0,30,0,0,0.000,0.000,0.000,0.000,0.000,3.623,2.561,0.000,0,0,0,0,0,0,0,0,0,0,0,0,0,0,0,0,0,0,5101,3229,3173,19,0,17747,7045,1373,46094,21818,3520,355,90,45,0,0,0,24389,7669,2180,8853,3645,719,615,275,75,0,0,0,1308.703,73.795,7340.997,609.994,27,81,1,281,80,511,861,281,71,969,176,326,242,181,244,383,92,78,189,307,41,0,0,0,0,0,0,1,0,0,0,0,0,278,431,226,58,0,0,0,0,358,171,81,5,0,0,0,0,0,0,0,0,0,0,0,0,0,0,0,0,0,0,0,0,0.5630,0.4270,10,0,0,0.4630,0.4182,11,1,0
5131,171.0,3154,109,21,2131,1021,2,0,1335,366.65,0.836,0.762,0.698,0.085,0.523,-0.948,1.585,0.3285,1.9345,0.637,0.005,0.013,0.163,-0.013,176,88,28,0,134,0,85906.52,19703.522,18029.190,27.896,7730.783,56.755,22917.628,13727.485,2060.445,7706.658,6165.326,722.318,89.922,416.176,0.000193,-0.000904,2111,0,1,27,21,1,20609,710,19,27.314,0,0,0,0,0,0,0,0,0,0,0,0,0,0,31769,746,1401,25526.615,17747.076,6614.929,0.011,27.314,14737.689,11590.954,180.293,117,186,81,1,104,49797,30,2,0,50.000,34.102,0.000,0.000,0.000,9.956,12.608,0.000,0,0,0,0,0,0,0,0,0,0.000,0.000,0.000,0.000,0.000,0.000,0.000,0.000,0,0,0,0,0,0,0,0,0,0.000,0.000,0.000,0.000,0.000,0.000,0.000,0.000,0,0,0,0,0,0,0,0,0,0.000,0.000,0.000,0.000,0.000,0.000,0.000,0.000,0,0,0,0,0,0,51,0,0,0.000,0.000,0.000,0.000,0.000,7.427,8.887,0.000,0,0,0,0,0,0,0,0,1,0,0,0,0,0,0,0,0,0,5101,3229,3173,19,0,17265,6826,1281,46496,22388,3790,360,101,52,0,0,0,22647,7356,1997,8659,3307,939,544,197,95,0,0,0,1309.429,78.172,7039.630,605.958,26,65,0,221,72,476,782,224,80,979,158,328,228,184,254,341,99,64,178,297,42,0,0,0,0,0,0,1,0,1,0,0,0,280,424,229,61,0,0,0,0,360,139,67,15,0,0,0,0,0,0,0,0,0,0,0,0,0,0,1,0,0,0,0,0,0.5836,0.4367,10,0,0,0.4002,0.4201,11,0,0
5161,172.0,3053,132,21,2113,939,1,0,1270,405.74,0.818,0.743,0.698,0.084,0.534,-0.951,1.585,0.3283,1.9063,0.652,0.004,0.016,0.166,-0.011,183,104,29,0,132,0,81796.10,18758.440,16756.419,38.881,8118.424,57.422,21808.024,12537.065,1991.990,7103.138,5682.510,1278.756,150.218,477.471,0.000158,-0.001232,1977,0,0,29,25,0,20673,603,25,38.852,0,0,0,0,0,0,0,0,0,0,0,0,0,0,29449,697,1373,24878.941,16559.348,7179.515,0.000,38.852,13673.524,10442.318,156.431,104,186,87,0,99,46723,30,1,1,31.038,17.051,4.118,0.000,0.000,9.917,11.987,0.000,0,0,0,0,0,0,0,0,0,0.000,0.000,0.000,0.000,0.000,0.000,0.000,0.000,0,0,0,0,0,0,0,0,0,0.000,0.000,0.000,0.000,0.000,0.000,0.000,0.000,0,0,0,0,0,0,0,0,0,0.000,0.000,0.000,0.000,0.000,0.000,0.000,0.000,0,0,0,0,0,0,39,0,0,0.000,0.000,0.000,0.000,0.000,6.540,2.914,0.000,0,1,1,0,0,73,0,0,0,0,0,0,0,0,0,0,0,0,5101,3229,3173,19,0,16968,6733,992,46478,22247,3874,384,145,8,0,0,0,21043,6730,1763,8056,2450,889,419,145,44,0,0,0,1300.309,72.972,6022.439,528.866,24,69,0,226,81,442,726,221,67,963,162,307,237,194,250,306,86,77,153,275,42,0,0,0,0,0,0,0,0,1,0,0,0,282,422,225,58,0,0,0,1,333,123,75,16,0,0,0,0,0,0,0,0,0,0,0,0,0,0,1,0,0,0,0,0,0.5850,0.4253,10,0,0,0.4191,0.4032,11,0,0
5191,173.0,2969,131,21,2094,874,1,0,1231,368.18,0.804,0.727,0.698,0.082,0.544,-0.951,1.583,0.3319,1.9515,0.664,0.003,0.013,0.168,-0.010,193,92,22,0,106,0,78284.14,18035.922,15693.589,35.729,7056.686,60.665,20746.507,11853.882,1898.997,6016.326,4813.061,1032.940,137.218,404.392,0.000153,-0.000821,1844,0,1,21,17,1,20360,520,16,35.690,0,0,0,0,0,0,0,0,0,0,0,0,0,0,27399,652,1322,22831.750,15467.124,6305.630,0.000,35.690,12720.522,9805.749,137.925,93,158,82,1,75,37356,30,1,2,29.005,17.051,2.731,0.000,0.000,9.933,13.431,0.000,0,0,0,0,0,0,0,0,0,0.000,0.000,0.000,0.000,0.000,0.000,0.000,0.000,0,0,0,0,0,0,0,0,0,0.000,0.000,0.000,0.000,0.000,0.000,0.000,0.000,0,0,0,0,0,0,0,0,0,0.000,0.000,0.000,0.000,0.000,0.000,0.000,0.000,0,0,0,0,0,0,30,0,0,0.000,0.000,0.000,0.000,0.000,5.480,0.430,0.000,0,0,0,0,0,0,0,0,0,0,0,0,0,0,0,0,0,0,5101,3229,3173,19,0,16404,6462,958,46363,22175,3828,360,150,1,0,0,0,19535,6303,1614,7567,2741,786,357,203,25,0,0,0,1291.547,70.252,5846.129,493.335,21,55,0,211,71,404,687,211,72,954,150,300,250,208,232,285,64,59,157,265,44,0,0,0,0,0,0,0,0,1,0,0,0,289,412,225,63,0,0,0,1,328,123,68,6,0,0,0,0,0,0,0,0,0,0,0,0,0,0,1,0,0,0,0,0,0.5855,0.4405,11,0,0,0.4006,0.4007,11,0,0
5221,174.0,2870,115,21,2068,801,1,0,1153,404.39,0.785,0.709,0.696,0.081,0.554,-0.952,1.585,0.3317,1.9769,0.668,0.005,0.014,0.171,-0.008,184,93,22,0,118,0,75391.80,17603.359,14262.564,36.034,6510.140,62.753,19617.523,11023.599,1798.633,5587.651,4470.121,805.528,37.118,394.369,0.000161,0.001190,1654,0,1,21,18,1,20361,496,16,35.454,0,0,0,0,0,0,0,0,0,0,0,0,0,0,25209,589,1158,20746.462,14066.047,5772.181,0.024,35.454,11705.060,9053.052,103.878,79,152,77,1,74,37441,30,1,0,25.000,17.051,0.000,0.000,0.000,10.027,12.226,0.000,0,0,0,0,0,0,0,0,0,0.000,0.000,0.000,0.000,0.000,0.000,0.000,0.000,0,0,0,0,0,0,0,0,0,0.000,0.000,0.000,0.000,0.000,0.000,0.000,0.000,0,0,0,0,0,0,0,0,0,0.000,0.000,0.000,0.000,0.000,0.000,0.000,0.000,0,0,0,0,0,0,30,0,0,0.000,0.000,0.000,0.000,0.000,5.500,0.523,0.000,0,0,0,0,0,0,0,0,0,0,0,0,0,0,0,0,0,0,5101,3229,3173,19,0,15823,5964,1148,46180,21840,3571,394,150,48,0,0,0,17721,5396,1494,7110,2338,665,438,328,39,0,0,0,1237.088,71.422,5146.468,437.866,30,47,0,187,68,349,620,201,61,902,171,306,234,209,246,289,79,49,129,226,29,0,0,0,0,0,0,0,1,0,0,0,0,295,413,225,62,0,0,0,0,278,96,55,4,0,0,0,0,0,0,0,0,0,0,0,0,0,0,0,0,0,0,0,0,0.6138,0.4121,10,0,0,0.4195,0.4368,11,0,0
5251,175.0,2791,127,20,2056,734,0,1,1094,383.23,0.768,0.691,0.695,0.082,0.565,-0.954,1.586,0.3314,1.9557,0.702,0.003,0.022,0.174,-0.007,189,72,11,0,104,0,72164.40,17239.206,12199.780,7.830,6061.306,59.557,18598.417,10334.773,1673.218,4629.607,3703.686,627.491,141.063,373.332,0.000160,0.002719,1626,0,5,6,8,5,20653,602,3,7.755,0,0,0,0,0,0,0,0,0,0,0,0,0,0,23097,503,1023,18010.205,11993.113,5224.977,0.062,7.755,10762.872,8446.706,75.800,67,134,62,5,67,35099,30,1,1,28.703,17.051,2.526,0.000,0.000,9.978,8.563,0.000,0,0,0,0,0,0,0,0,0,0.000,0.000,0.000,0.000,0.000,0.000,0.000,0.000,0,0,0,0,0,0,8,0,0,0.000,0.000,0.000,0.000,0.000,1.433,0.080,0.000,0,0,0,0,0,0,0,0,0,0.000,0.000,0.000,0.000,0.000,0.000,0.000,0.000,0,0,0,0,0,0,12,0,0,0.000,0.000,0.000,0.000,0.000,2.199,0.728,0.000,0,1,1,0,0,123,0,1,0,0,0,0,0,0,0,0,0,0,5251,2791,2706,9,2,15266,5473,1191,46190,21295,3872,450,197,46,0,0,0,16070,5623,1277,6650,2218,703,427,254,44,0,0,0,1193.682,76.347,5194.539,401.998,34,65,0,177,55,315,535,176,49,901,169,294,233,212,247,249,55,54,129,227,20,0,0,0,1,0,0,0,0,0,0,0,0,301,415,208,62,0,0,0,0,252,105,61,12,0,0,0,0,1,0,0,0,0,0,0,0,0,0,0,0,0,0,0,0,0.5476,0.4343,10,0,0,0.3932,0.4230,10,0,0
5281,176.0,2724,138,20,2059,664,0,1,1026,366.52,0.745,0.668,0.693,0.082,0.579,-0.954,1.586,0.3293,2.0399,0.686,0.004,0.015,0.177,-0.005,176,86,16,0,96,0,68761.86,16736.799,10556.979,22.073,5596.169,64.507,17696.078,9482.427,1606.655,5375.527,4300.422,519.552,30.351,308.226,0.000202,0.004316,1490,0,1,15,13,1,20917,432,11,21.418,0,0,0,0,0,0,0,0,0,0,0,0,0,0,21108,434,1057,16114.949,10352.665,5071.530,0.011,21.418,9882.824,7615.450,67.237,71,141,73,1,67,33309,30,1,1,25.797,17.051,0.543,0.000,0.000,10.096,16.375,0.000,0,0,0,0,0,0,0,0,0,0.000,0.000,0.000,0.000,0.000,0.000,0.000,0.000,0,0,0,0,0,0,30,0,0,0.000,0.000,0.000,0.000,0.000,5.379,0.324,0.000,0,0,0,0,0,0,0,0,0,0.000,0.000,0.000,0.000,0.000,0.000,0.000,0.000,0,0,0,0,0,0,0,0,0,0.000,0.000,0.000,0.000,0.000,0.000,0.000,0.000,0,0,0,0,0,0,0,0,0,0,0,0,0,0,0,0,0,0,5251,2791,2706,9,2,14877,5090,1410,46379,21843,3692,438,223,47,0,0,0,14688,5079,1211,6051,1942,770,429,188,60,0,0,0,1184.221,75.789,4492.666,380.575,35,51,0,154,52,271,466,152,39,914,151,301,225,220,248,234,62,63,99,180,26,0,0,0,0,1,0,0,0,0,0,0,0,306,410,213,65,0,0,0,0,201,93,60,14,0,0,0,0,1,0,0,0,0,0,0,0,0,0,0,0,0,0,0,0,0.5323,0.4141,10,0,0,0.4111,0.3914,11,0,0
5311,177.0,2652,127,20,2058,593,0,1,978,405.86,0.722,0.644,0.694,0.079,0.594,-0.956,1.587,0.3324,1.9374,0.696,0.003,0.017,0.181,-0.003,196,78,10,0,86,0,67159.27,16184.364,10574.684,13.287,4757.936,72.188,16570.225,8712.255,1498.557,4069.374,3255.500,387.112,115.338,277.567,0.000145,0.005003,1279,0,1,9,6,1,20854,391,5,13.262,0,0,0,0,0,0,0,0,0,0,0,0,0,0,18708,430,887,15121.944,10326.077,4183.617,0.000,13.262,8757.830,6861.528,52.289,52,123,65,1,57,31118,30,0,1,6.642,0.000,4.530,0.000,0.000,10.250,17.126,0.000,0,0,0,0,0,0,0,0,0,0.000,0.000,0.000,0.000,0.000,0.000,0.000,0.000,0,0,0,0,0,0,30,0,0,0.000,0.000,0.000,0.000,0.000,5.390,0.358,0.000,0,0,0,0,0,0,0,0,0,0.000,0.000,0.000,0.000,0.000,0.000,0.000,0.000,0,0,0,0,0,0,0,0,0,0.000,0.000,0.000,0.000,0.000,0.000,0.000,0.000,0,0,0,0,0,0,0,0,0,0,0,0,0,0,0,0,0,0,5251,2791,2706,9,2,14682,5103,1206,46653,21862,3703,434,247,34,0,0,0,13030,4617,1301,5351,2071,617,387,141,38,0,0,0,1181.300,70.303,4232.860,371.361,22,42,0,134,45,280,470,155,42,915,164,300,217,210,252,219,70,43,64,173,24,0,0,0,0,1,0,0,0,0,0,0,0,301,401,211,66,0,0,0,0,175,74,53,2,0,0,0,0,1,0,0,0,0,0,0,0,0,0,0,0,0,0,0,0,0.5283,0.4251,9,0,0,0.4456,0.4092,11,0,0
5341,178.0,2579,146,20,2056,522,0,1,918,451.52,0.697,0.619,0.692,0.078,0.609,-0.957,1.589,0.3327,1.9192,0.695,0.003,0.025,0.184,-0.001,178,73,14,0,90,0,66643.71,16005.054,10130.444,0.034,4472.101,68.049,15494.803,7671.201,1403.727,4159.177,3327.342,796.216,194.300,259.003,0.000132,0.005236,1145,0,5,9,5,5,20959,383,0,0.000,0,0,0,0,0,0,0,0,0,0,0,0,0,0,16478,416,762,14441.941,9913.264,3918.576,0.000,0.000,7710.787,5828.787,39.057,50,120,64,5,51,34793,5,0,0,0.000,0.000,0.000,0.000,0.000,1.708,2.508,0.000,0,1,1,0,0,260,0,0,0,0.000,0.000,0.000,0.000,0.000,0.000,0.000,0.000,0,0,0,0,0,0,30,0,0,0.000,0.000,0.000,0.000,0.000,5.407,0.400,0.000,0,0,0,0,0,0,0,0,0,0.000,0.000,0.000,0.000,0.000,0.000,0.000,0.000,0,0,0,0,0,0,0,0,0,0.000,0.000,0.000,0.000,0.000,0.000,0.000,0.000,0,0,0,0,0,0,0,0,0,0,0,0,0,0,0,0,0,0,5251,2791,2706,9,2,14299,5180,1078,46939,22015,3907,455,281,19,0,0,0,11122,3710,1113,5003,1797,615,388,111,41,0,0,0,1202.911,69.970,3438.266,326.386,31,41,0,144,43,280,448,140,41,915,166,274,228,222,251,178,53,52,72,158,9,0,0,0,0,1,0,0,0,0,0,0,0,302,414,196,63,0,0,0,0,179,60,45,7,0,0,0,0,1,0,0,0,0,0,0,0,0,0,0,0,0,0,0,0,0.5771,0.4306,9,0,0,0.3894,0.4434,11,0,0
5371,179.0,2585,150,20,2058,526,0,1,866,446.01,0.698,0.618,0.690,0.078,0.608,-0.958,1.587,0.3287,1.9848,0.690,0.003,0.021,0.184,-0.000,217,53,11,0,55,0,66919.53,15701.489,10415.924,18.036,4112.996,70.216,15106.735,7270.488,1302.431,5227.678,4182.143,756.791,161.072,216.577,0.000098,0.005682,1026,0,3,8,10,3,21203,347,5,13.891,0,0,0,0,0,0,0,0,0,0,0,0,0,0,15723,430,679,14476.055,10243.377,3649.816,0.000,13.891,7340.337,5450.020,43.830,72,68,37,3,28,16218,0,0,0,0.000,0.000,0.000,0.000,0.000,0.000,0.000,0.000,0,0,0,0,0,0,0,0,0,0.000,0.000,0.000,0.000,0.000,0.000,0.000,0.000,0,0,0,0,0,0,30,0,0,0.000,0.000,0.000,0.000,0.000,5.426,0.384,0.000,0,0,0,0,0,0,0,0,0,0.000,0.000,0.000,0.000,0.000,0.000,0.000,0.000,0,0,0,0,0,0,0,0,0,0.000,0.000,0.000,0.000,0.000,0.000,0.000,0.000,0,0,0,0,0,0,0,0,0,0,0,0,0,0,0,0,0,0,5251,2791,2706,9,2,13914,5089,932,47222,22091,3902,494,260,12,0,0,0,10502,3301,892,4855,1805,498,396,166,20,0,0,0,1178.536,68.608,3236.502,262.680,27,31,0,139,57,268,460,126,46,913,176,266,220,220,263,180,43,52,85,148,18,0,0,0,0,1,0,0,0,0,0,0,0,301,423,188,57,0,0,0,0,190,63,41,9,0,0,0,0,1,0,0,0,0,0,0,0,0,0,0,0,0,0,0,0,0.5755,0.4201,10,0,0,0.3813,0.4072,11,0,0
5401,180.0,2568,145,19,2056,512,0,0,850,479.14,0.692,0.613,0.689,0.078,0.611,-0.962,1.588,0.3289,1.9618,0.695,0.003,0.023,0.186,0.001,203,60,18,0,50,0,66896.66,15560.002,10016.101,21.009,4746.124,82.002,15072.939,7284.257,1246.004,4622.570,3698.056,648.326,165.650,278.285,0.000188,0.005096,1167,0,9,9,18,9,21843,428,9,20.978,0,0,0,0,0,0,0,0,0,0,0,0,0,0,15608,409,739,14522.202,9818.909,4182.256,0.031,20.978,7285.434,5457.238,57.593,65,79,44,9,26,24117,0,0,0,0.000,0.000,0.000,0.000,0.000,0.000,0.000,0.000,0,0,0,0,0,0,0,0,0,0.000,0.000,0.000,0.000,0.000,0.000,0.000,0.000,0,0,0,0,0,0,24,0,0,0.000,0.000,0.000,0.000,0.000,4.342,0.278,0.000,0,1,0,0,1,152,0,0,0,0.000,0.000,0.000,0.000,0.000,0.000,0.000,0.000,0,0,0,0,0,0,0,0,0,0.000,0.000,0.000,0.000,0.000,0.000,0.000,0.000,0,0,0,0,0,0,0,0,0,0,0,0,0,0,0,0,0,0,5401,2568,2468,0,0,13432,4838,1115,47823,22274,3877,515,246,84,0,0,0,10517,3268,880,4728,1760,535,387,158,60,0,0,0,1166.570,72.148,3167.038,287.158,26,35,0,145,44,243,437,146,48,920,157,267,218,225,269,169,54,39,97,136,17,0,0,0,0,0,0,0,0,0,0,0,0,310,428,185,56,0,0,0,0,163,68,45,13,0,0,0,0,0,0,0,0,0,0,0,0,0,0,0,0,0,0,0,0,0.5510,0.4188,10,0,0,0.3713,0.4127,11,0,0
5431,181.0,2573,130,19,2066,507,0,0,837,435.98,0.688,0.612,0.685,0.079,0.613,-0.962,1.591,0.3277,1.9977,0.688,0.003,0.016,0.187,0.001,196,50,14,0,62,0,66927.55,15599.397,9972.672,25.805,4498.834,72.927,14954.115,7304.000,1228.916,5397.358,4317.886,624.268,153.693,222.527,0.000118,0.005005,1239,0,3,11,11,3,22065,533,8,25.782,0,0,0,0,0,0,0,0,0,0,0,0,0,0,15321,404,706,14025.048,9702.328,3783.379,0.003,25.782,7145.650,5460.460,39.059,72,77,37,3,37,18094,0,0,0,0.000,0.000,0.000,0.000,0.000,0.000,0.000,0.000,0,0,0,0,0,0,0,0,0,0.000,0.000,0.000,0.000,0.000,0.000,0.000,0.000,0,0,0,0,0,0,0,0,0,0.000,0.000,0.000,0.000,0.000,0.000,0.000,0.000,0,0,0,0,0,0,0,0,0,0.000,0.000,0.000,0.000,0.000,0.000,0.000,0.000,0,0,0,0,0,0,0,0,0,0.000,0.000,0.000,0.000,0.000,0.000,0.000,0.000,0,0,0,0,0,0,0,0,0,0,0,0,0,0,0,0,0,0,5401,2568,2468,0,0,13115,4921,982,48315,22412,3962,568,262,53,0,0,0,10317,3459,912,4611,1540,571,393,145,19,0,0,0,1189.028,71.052,3179.242,285.537,33,42,0,132,42,258,447,147,39,917,173,253,234,216,273,188,34,29,86,151,19,0,0,0,0,0,0,0,0,0,0,0,0,314,423,180,59,0,0,0,0,181,69,29,6,0,0,0,0,0,0,0,0,0,0,0,0,0,0,0,0,0,0,0,0,0.6195,0.4676,10,0,0,0.4241,0.4542,11,0,0
5461,182.0,2567,159,19,2064,503,0,0,815,464.23,0.686,0.611,0.684,0.078,0.615,-0.963,1.590,0.3296,2.0011,0.709,0.003,0.006,0.188,0.000,189,53,18,0,50,0,67200.05,15965.510,9232.835,28.101,4976.003,70.929,14881.653,7096.463,1208.256,4665.591,3732.472,517.358,72.783,244.315,0.000157,0.004451,1329,0,1,17,16,1,22843,549,15,28.079,0,0,0,0,0,0,0,0,0,0,0,0,0,0,15103,377,780,13716.522,9065.052,4126.103,0.010,28.079,7066.480,5265.976,37.956,62,66,38,1,27,17183,0,0,0,0.000,0.000,0.000,0.000,0.000,0.000,0.000,0.000,0,0,0,0,0,0,0,0,0,0.000,0.000,0.000,0.000,0.000,0.000,0.000,0.000,0,0,0,0,0,0,0,0,0,0.000,0.000,0.000,0.000,0.000,0.000,0.000,0.000,0,0,0,0,0,0,0,0,0,0.000,0.000,0.000,0.000,0.000,0.000,0.000,0.000,0,0,0,0,0,0,0,0,0,0.000,0.000,0.000,0.000,0.000,0.000,0.000,0.000,0,0,0,0,0,0,0,0,0,0,0,0,0,0,0,0,0,0,5401,2568,2468,0,0,12836,4990,1010,48531,22295,3886,589,262,34,0,0,0,10242,3154,737,4501,1853,429,360,170,12,0,0,0,1193.547,68.208,3106.947,225.547,27,35,0,138,44,249,402,110,32,918,154,243,245,233,271,169,45,26,101,136,26,0,0,0,0,0,0,0,0,0,0,0,0,326,432,177,57,0,0,0,0,178,72,34,5,0,0,0,0,0,0,0,0,0,0,0,0,0,0,0,0,0,0,0,0,0.6197,0.4369,10,0,0,0.4007,0.4403,11,0,0
5491,183.0,2588,164,19,2073,515,0,0,760,509.23,0.689,0.614,0.680,0.077,0.613,-0.964,1.589,0.3282,2.0773,0.715,0.004,0.019,0.187,0.002,200,48,20,0,55,0,68555.03,16622.869,10162.450,32.506,4599.935,74.726,14957.768,7161.707,1151.006,5902.104,4721.683,698.521,110.989,202.433,0.000166,0.003999,1098,0,0,20,19,0,23772,364,19,32.498,0,0,0,0,0,0,0,0,0,0,0,0,0,0,15257,413,734,14550.435,9952.539,4083.919,0.000,32.498,7112.021,5333.184,38.284,79,67,38,0,29,15775,0,0,0,0.000,0.000,0.000,0.000,0.000,0.000,0.000,0.000,0,0,0,0,0,0,0,0,0,0.000,0.000,0.000,0.000,0.000,0.000,0.000,0.000,0,0,0,0,0,0,0,0,0,0.000,0.000,0.000,0.000,0.000,0.000,0.000,0.000,0,0,0,0,0,0,0,0,0,0.000,0.000,0.000,0.000,0.000,0.000,0.000,0.000,0,0,0,0,0,0,0,0,0,0.000,0.000,0.000,0.000,0.000,0.000,0.000,0.000,0,0,0,0,0,0,0,0,0,0,0,0,0,0,0,0,0,0,5401,2568,2468,0,0,12509,4990,957,49030,22193,4151,624,239,26,0,0,0,10351,3122,764,4542,1818,524,364,210,36,0,0,0,1190.770,70.219,2998.432,236.431,31,34,0,128,64,260,447,136,55,907,181,237,245,239,264,174,50,27,102,136,26,0,0,0,0,0,0,0,0,0,0,0,0,320,434,180,51,0,0,0,0,175,79,34,3,0,0,0,0,0,0,0,0,0,0,0,0,0,0,0,0,0,0,0,0,0.6046,0.4462,10,0,0,0.4107,0.4035,11,0,0
5521,184.0,2615,164,19,2098,517,0,0,763,453.37,0.685,0.611,0.676,0.078,0.614,-0.964,1.590,0.3317,2.0793,0.701,0.004,0.015,0.189,0.002,173,63,8,0,49,0,71586.06,17248.131,11223.219,11.579,4748.674,75.479,15099.231,7252.778,1114.992,6032.568,4826.054,364.987,165.240,248.152,0.000228,0.004051,1187,0,0,8,7,0,23938,409,7,11.579,0,0,0,0,0,0,0,0,0,0,0,0,0,0,15570,455,778,15664.114,10965.063,4138.661,0.000,11.579,7224.138,5458.870,34.804,82,80,51,0,29,15873,0,0,0,0.000,0.000,0.000,0.000,0.000,0.000,0.000,0.000,0,0,0,0,0,0,0,0,0,0.000,0.000,0.000,0.000,0.000,0.000,0.000,0.000,0,0,0,0,0,0,0,0,0,0.000,0.000,0.000,0.000,0.000,0.000,0.000,0.000,0,0,0,0,0,0,0,0,0,0.000,0.000,0.000,0.000,0.000,0.000,0.000,0.000,0,0,0,0,0,0,0,0,0,0.000,0.000,0.000,0.000,0.000,0.000,0.000,0.000,0,0,0,0,0,0,0,0,0,0,0,0,0,0,0,0,0,0,5401,2568,2468,0,0,12042,4633,1041,49673,21943,4626,728,223,52,0,0,0,10521,3460,777,4701,1918,609,348,200,23,0,0,0,1141.390,80.709,3223.300,261.055,39,31,0,152,53,291,496,149,58,899,177,257,248,257,260,195,42,33,109,124,14,0,0,0,0,0,0,0,0,0,0,0,0,338,443,197,44,0,0,0,0,180,68,27,5,0,0,0,0,0,0,0,0,0,0,0,0,0,0,0,0,0,0,0,0,0.6258,0.4698,10,0,0,0.4091,0.4517,10,0,0
5551,185.0,2661,146,19,2129,532,0,0,740,445.73,0.685,0.614,0.673,0.077,0.613,-0.965,1.595,0.3293,2.0801,0.692,0.004,0.024,0.189,0.001,187,48,22,0,40,0,74824.16,17678.915,11858.277,37.041,5371.874,74.239,15307.648,7395.188,1100.949,6066.878,4853.503,775.730,292.748,250.494,0.000115,0.004435,1150,0,1,21,17,1,24355,362,16,36.985,0,0,0,0,0,0,0,0,0,0,0,0,0,0,15861,480,788,16921.950,11581.280,4773.953,0.036,36.985,7324.262,5573.310,36.474,73,58,36,1,21,13917,0,0,0,0.000,0.000,0.000,0.000,0.000,0.000,0.000,0.000,0,0,0,0,0,0,0,0,0,0.000,0.000,0.000,0.000,0.000,0.000,0.000,0.000,0,0,0,0,0,0,0,0,0,0.000,0.000,0.000,0.000,0.000,0.000,0.000,0.000,0,0,0,0,0,0,0,0,0,0.000,0.000,0.000,0.000,0.000,0.000,0.000,0.000,0,0,0,0,0,0,0,0,0,0.000,0.000,0.000,0.000,0.000,0.000,0.000,0.000,0,0,0,0,0,0,0,0,0,0,0,0,0,0,0,0,0,0,5551,2661,2658,13,0,11964,4580,1043,50501,21871,4329,839,251,37,0,0,0,10871,3428,1042,4626,1823,617,364,231,3,0,0,0,1140.131,74.001,3292.319,318.389,45,52,1,158,62,286,524,171,68,890,176,275,270,248,270,172,54,45,103,142,16,0,0,0,0,0,0,0,0,0,0,0,0,347,459,207,50,0,0,0,0,189,67,46,4,0,0,0,0,0,0,0,0,0,0,0,0,0,0,0,0,0,0,0,0,0.5683,0.4431,10,0,0,0.3862,0.4258,10,0,0
5581,186.0,2757,155,19,2176,581,0,0,736,463.45,0.698,0.627,0.668,0.076,0.606,-0.965,1.594,0.3291,2.0829,0.701,0.003,0.022,0.188,0.002,202,35,19,0,38,0,78281.17,18624.164,12272.667,35.488,5788.658,73.128,15802.682,7594.219,1081.572,7718.541,6174.833,790.018,374.871,288.243,0.000132,0.004428,1312,0,1,18,16,1,25256,412,14,33.774,0,0,0,0,0,0,0,0,0,0,0,0,0,0,16614,500,900,17840.452,12038.446,5136.303,0.036,33.774,7643.688,5728.032,40.088,102,53,29,1,23,13520,0,0,0,0.000,0.000,0.000,0.000,0.000,0.000,0.000,0.000,0,0,0,0,0,0,0,0,0,0.000,0.000,0.000,0.000,0.000,0.000,0.000,0.000,0,0,0,0,0,0,0,0,0,0.000,0.000,0.000,0.000,0.000,0.000,0.000,0.000,0,0,0,0,0,0,0,0,0,0.000,0.000,0.000,0.000,0.000,0.000,0.000,0.000,0,0,0,0,0,0,0,0,0,0.000,0.000,0.000,0.000,0.000,0.000,0.000,0.000,0,0,0,0,0,0,0,0,0,0,0,0,0,0,0,0,0,0,5551,2661,2658,13,0,11972,4715,887,51761,22376,4030,912,282,38,0,0,0,11468,3377,1062,4826,1959,511,320,169,6,0,0,0,1164.372,68.263,3253.053,293.931,31,37,0,164,52,329,536,158,42,920,176,284,273,254,269,206,50,45,123,135,22,0,0,0,0,0,0,0,0,0,0,0,0,345,464,217,54,0,0,0,0,178,76,63,8,0,0,0,0,0,0,0,0,0,0,0,0,0,0,0,0,0,0,0,0,0.5440,0.4437,10,0,0,0.3954,0.4463,12,0,0
5611,187.0,2847,188,19,2220,627,0,0,739,459.10,0.707,0.638,0.667,0.076,0.600,-0.964,1.598,0.3287,2.0883,0.688,0.004,0.021,0.186,0.002,184,45,25,0,38,0,81318.59,19717.713,12878.384,40.699,6490.571,72.074,16665.174,8486.521,1092.003,8184.908,6547.927,1185.078,198.195,335.425,0.000199,0.004521,1402,0,4,21,16,3,26413,400,13,35.359,0,0,0,0,0,0,0,0,0,0,0,0,0,0,18140,520,1002,18981.267,12567.184,5777.197,0.079,35.359,8347.740,6579.464,36.081,110,64,39,4,21,13693,0,0,0,0.000,0.000,0.000,0.000,0.000,0.000,0.000,0.000,0,0,0,0,0,0,0,0,0,0.000,0.000,0.000,0.000,0.000,0.000,0.000,0.000,0,0,0,0,0,0,0,0,0,0.000,0.000,0.000,0.000,0.000,0.000,0.000,0.000,0,0,0,0,0,0,0,0,0,0.000,0.000,0.000,0.000,0.000,0.000,0.000,0.000,0,0,0,0,0,0,0,0,0,0.000,0.000,0.000,0.000,0.000,0.000,0.000,0.000,0,0,0,0,0,0,0,0,0,0,0,0,0,0,0,0,0,0,5551,2661,2658,13,0,11766,4649,915,53078,22841,4138,990,346,155,0,0,0,12325,3992,1033,5432,2171,648,383,175,49,0,0,0,1188.977,72.579,3898.789,310.044,35,38,0,164,62,368,561,181,43,949,159,297,271,259,285,224,63,52,101,161,26,0,0,0,0,0,0,0,0,0,0,0,0,364,466,224,58,0,0,0,0,213,81,43,3,0,0,0,0,0,0,0,0,0,0,0,0,0,0,0,0,0,0,0,0,0.6094,0.4448,9,0,0,0.3646,0.3942,11,0,0
5641,188.0,2948,198,19,2276,672,0,0,768,436.41,0.713,0.648,0.665,0.076,0.595,-0.965,1.604,0.3297,2.0165,0.696,0.004,0.030,0.186,0.001,188,49,21,0,38,0,86609.14,20915.213,15072.286,31.521,6420.884,65.905,17461.784,9093.463,1122.240,8379.730,6703.784,666.287,414.194,294.558,0.000183,0.005073,1283,0,0,21,16,0,27250,288,14,25.515,0,0,0,0,0,0,0,0,0,0,0,0,0,0,19489,611,995,21434.182,14760.148,5954.381,0.000,25.515,8924.893,7122.217,57.251,109,64,42,0,22,12340,0,0,0,0.000,0.000,0.000,0.000,0.000,0.000,0.000,0.000,0,0,0,0,0,0,0,0,0,0.000,0.000,0.000,0.000,0.000,0.000,0.000,0.000,0,0,0,0,0,0,0,0,0,0.000,0.000,0.000,0.000,0.000,0.000,0.000,0.000,0,0,0,0,0,0,0,0,0,0.000,0.000,0.000,0.000,0.000,0.000,0.000,0.000,0,0,0,0,0,0,0,0,0,0.000,0.000,0.000,0.000,0.000,0.000,0.000,0.000,0,0,0,0,0,0,0,0,0,0,0,0,0,0,0,0,0,0,5551,2661,2658,13,0,11795,4806,1054,54522,23428,3986,1164,488,89,0,0,0,13077,4412,1129,5920,2367,757,492,197,67,0,0,0,1218.476,74.141,4286.725,357.418,19,41,0,225,88,358,661,199,87,956,183,314,277,254,292,255,65,54,112,158,28,0,0,0,0,0,0,0,0,0,0,0,0,377,470,229,61,0,0,0,0,211,79,52,9,0,0,0,1,0,0,0,0,0,0,0,0,0,0,0,0,0,0,0,0,0.5798,0.4591,10,0,0,0.3915,0.3998,11,0,0
5671,189.0,3106,181,19,2355,751,0,0,821,429.11,0.726,0.664,0.664,0.079,0.585,-0.967,1.607,0.3307,2.0725,0.675,0.003,0.027,0.185,-0.000,196,36,30,0,48,0,92376.48,22566.660,16566.661,37.593,8036.156,69.295,18380.065,9672.073,1181.667,11059.774,8847.819,1059.177,484.204,414.432,0.000222,0.006487,1577,0,3,27,20,3,28355,355,16,34.045,0,0,0,0,0,0,0,0,0,0,0,0,0,0,21006,675,1222,24185.573,16187.556,7184.220,0.000,34.045,9583.022,7640.949,64.210,148,69,33,3,33,15684,0,0,0,0.000,0.000,0.000,0.000,0.000,0.000,0.000,0.000,0,0,0,0,0,0,0,0,0,0.000,0.000,0.000,0.000,0.000,0.000,0.000,0.000,0,0,0,0,0,0,0,0,0,0.000,0.000,0.000,0.000,0.000,0.000,0.000,0.000,0,0,0,0,0,0,0,0,0,0.000,0.000,0.000,0.000,0.000,0.000,0.000,0.000,0,0,0,0,0,0,0,0,0,0.000,0.000,0.000,0.000,0.000,0.000,0.000,0.000,0,0,0,0,0,0,0,0,0,0,0,0,0,0,0,0,0,0,5551,2661,2658,13,0,11875,4867,1209,56281,23855,4361,1247,518,78,0,0,0,13910,4984,1141,6533,2563,693,563,404,64,0,0,0,1241.188,81.341,4684.497,353.538,44,51,0,226,68,419,730,239,73,974,200,326,279,274,302,278,67,49,120,205,32,0,0,0,0,0,0,0,0,0,0,0,0,385,500,229,67,0,0,0,0,236,111,50,9,0,0,0,0,0,0,0,0,0,0,0,0,0,0,0,0,0,0,0,0,0.6063,0.4338,10,0,0,0.4245,0.3857,12,0,0
5701,190.0,3289,169,19,2449,840,0,0,869,405.52,0.740,0.680,0.662,0.080,0.576,-0.966,1.609,0.3283,2.0739,0.658,0.004,0.014,0.183,-0.002,188,45,32,0,44,0,97288.26,23868.979,18011.167,54.073,8523.165,65.761,19911.531,10764.840,1284.844,12331.122,9864.898,1690.185,464.290,440.529,0.000221,0.008067,1681,0,5,27,26,5,30109,458,20,52.121,0,0,0,0,0,0,0,0,0,0,0,0,0,0,23747,734,1223,25974.427,17621.371,7452.977,0.080,52.121,10775.971,8668.717,80.999,164,75,41,5,29,14518,0,0,0,0.000,0.000,0.000,0.000,0.000,0.000,0.000,0.000,0,0,0,0,0,0,0,0,0,0.000,0.000,0.000,0.000,0.000,0.000,0.000,0.000,0,0,0,0,0,0,0,0,0,0.000,0.000,0.000,0.000,0.000,0.000,0.000,0.000,0,0,0,0,0,0,0,0,0,0.000,0.000,0.000,0.000,0.000,0.000,0.000,0.000,0,0,0,0,0,0,0,0,0,0.000,0.000,0.000,0.000,0.000,0.000,0.000,0.000,0,0,0,0,0,0,0,0,0,0,0,0,0,0,0,0,0,0,5701,3289,3269,2,0,12077,4804,1214,58652,24387,4469,1426,603,120,0,0,0,15930,5663,1619,7253,2757,754,564,412,52,0,0,0,1249.895,81.547,5229.455,448.075,33,58,0,251,74,459,796,266,77,1023,183,352,297,290,304,306,79,64,132,230,29,0,0,0,0,0,0,0,0,0,0,0,0,399,523,247,74,0,0,0,0,250,133,55,17,0,0,0,0,0,0,0,0,0,0,0,0,0,0,0,0,0,0,0,0,0.5705,0.4300,10,0,0,0.4522,0.4264,13,0,0
5731,191.0,3407,198,19,2494,913,0,0,918,390.31,0.752,0.694,0.660,0.078,0.567,-0.967,1.611,0.3282,2.1513,0.662,0.004,0.022,0.182,-0.002,182,74,42,0,56,0,104206.96,25753.381,20267.109,84.475,9306.476,64.099,21251.937,11889.245,1340.557,12158.479,9726.784,1443.957,373.539,455.336,0.000224,0.010325,1804,0,5,37,39,5,31210,398,34,84.427,0,0,0,0,0,0,0,0,0,0,0,0,0,0,26347,830,1406,29454.566,19924.601,8535.201,0.036,84.427,11893.471,9725.289,103.528,173,100,62,5,33,19225,0,0,0,0.000,0.000,0.000,0.000,0.000,0.000,0.000,0.000,0,0,0,0,0,0,0,0,0,0.000,0.000,0.000,0.000,0.000,0.000,0.000,0.000,0,0,0,0,0,0,0,0,0,0.000,0.000,0.000,0.000,0.000,0.000,0.000,0.000,0,0,0,0,0,0,0,0,0,0.000,0.000,0.000,0.000,0.000,0.000,0.000,0.000,0,0,0,0,0,0,0,0,0,0.000,0.000,0.000,0.000,0.000,0.000,0.000,0.000,0,0,0,0,0,0,0,0,0,0,0,0,0,0,0,0,0,0,5701,3289,3269,2,0,11979,4984,1032,60417,25220,4731,1610,721,67,0,0,0,17603,6370,1440,8179,2701,804,565,318,42,0,0,0,1301.531,80.816,5707.038,437.002,33,59,0,283,95,537,886,283,80,1046,196,352,305,302,293,337,82,57,145,253,39,0,0,0,0,0,0,0,0,0,0,0,0,401,533,244,74,0,0,0,0,291,128,59,16,0,0,0,0,0,0,0,0,0,0,0,0,0,0,0,0,0,0,0,0,0.5798,0.4524,10,0,0,0.4243,0.4025,12,0,0
5761,192.0,3609,149,19,2586,1023,0,0,1066,389.27,0.769,0.712,0.657,0.079,0.557,-0.967,1.614,0.3292,2.1768,0.651,0.005,0.015,0.181,-0.002,172,64,47,0,45,0,111139.76,27447.777,22382.138,80.947,11758.391,62.274,22842.733,13284.156,1511.600,14826.309,11861.047,1544.553,296.547,533.216,0.000194,0.011358,2257,0,7,40,42,7,32510,525,35,80.899,0,0,0,0,0,0,0,0,0,0,0,0,0,0,29220,917,1732,33958.120,22013.909,10808.752,0.029,80.899,13189.706,11000.483,142.838,204,95,57,7,31,19068,0,0,0,0.000,0.000,0.000,0.000,0.000,0.000,0.000,0.000,0,0,0,0,0,0,0,0,0,0.000,0.000,0.000,0.000,0.000,0.000,0.000,0.000,0,0,0,0,0,0,0,0,0,0.000,0.000,0.000,0.000,0.000,0.000,0.000,0.000,0,0,0,0,0,0,0,0,0,0.000,0.000,0.000,0.000,0.000,0.000,0.000,0.000,0,0,0,0,0,0,0,0,0,0.000,0.000,0.000,0.000,0.000,0.000,0.000,0.000,0,0,0,0,0,0,1,0,0,0,0,0,0,0,0,0,0,0,5701,3289,3269,2,0,11949,5036,1191,62893,26698,4553,1654,808,69,0,0,0,19135,6623,1671,9489,3649,1010,596,271,102,0,0,0,1368.745,83.819,6352.662,514.425,27,70,0,291,108,525,973,309,97,1108,202,378,313,295,290,375,111,68,176,243,50,0,0,0,0,0,0,0,0,0,0,0,0,413,522,256,85,0,0,0,0,298,153,73,13,0,0,0,0,0,0,0,0,0,0,0,0,0,0,0,0,0,0,0,0,0.5590,0.4132,10,0,0,0.4504,0.4122,12,1,0
5791,193.0,3799,176,19,2665,1134,0,0,1150,346.86,0.785,0.729,0.656,0.081,0.546,-0.967,1.615,0.3287,2.1730,0.643,0.003,0.013,0.179,-0.003,170,54,55,0,49,0,117727.55,29315.838,23815.537,118.311,12744.854,62.848,24603.857,14704.711,1707.267,14448.608,11558.887,1929.011,280.942,546.382,0.000217,0.013423,2503,0,4,51,51,4,34258,527,44,110.662,0,0,0,0,0,0,0,0,0,0,0,0,0,0,32466,976,1976,36637.462,23463.943,11900.803,0.031,110.662,14654.004,12290.735,174.482,199,88,50,4,34,14133,0,0,0,0.000,0.000,0.000,0.000,0.000,0.000,0.000,0.000,0,0,0,0,0,0,0,0,0,0.000,0.000,0.000,0.000,0.000,0.000,0.000,0.000,0,0,0,0,0,0,0,0,0,0.000,0.000,0.000,0.000,0.000,0.000,0.000,0.000,0,0,0,0,0,0,0,0,0,0.000,0.000,0.000,0.000,0.000,0.000,0.000,0.000,0,0,0,0,0,0,0,0,0,0.000,0.000,0.000,0.000,0.000,0.000,0.000,0.000,0,0,0,0,0,0,0,0,0,0,0,0,0,0,0,0,0,0,5701,3289,3269,2,0,12122,5322,1116,64855,27696,4998,1795,917,61,0,0,0,21083,7374,2026,10739,4328,1260,644,280,75,0,0,0,1435.846,87.060,7360.107,618.712,34,84,0,326,111,616,1026,314,107,1153,204,390,304,305,309,449,104,65,195,278,43,0,0,0,0,0,0,0,0,0,0,0,0,420,548,247,93,0,0,0,0,328,167,67,19,0,0,0,0,0,0,0,0,0,0,0,0,0,0,0,0,0,0,0,0,0.5730,0.4424,10,0,0,0.4631,0.4264,14,1,0
5821,194.0,4018,151,19,2785,1233,0,0,1270,327.24,0.795,0.739,0.652,0.083,0.541,-0.965,1.620,0.3265,2.1790,0.632,0.003,0.015,0.178,-0.003,175,92,60,0,62,0,124730.77,31622.130,26856.617,79.674,14011.626,57.242,26362.520,16677.968,1864.088,18062.315,14449.852,2127.276,225.279,685.602,0.000226,0.013668,2815,0,18,42,54,18,36226,572,34,77.947,0,0,0,0,0,0,0,0,0,0,0,0,0,0,35636,1104,2243,40886.397,26386.559,13045.290,0.110,77.947,16054.900,14105.924,224.498,250,151,91,18,42,24758,0,0,0,0.000,0.000,0.000,0.000,0.000,0.000,0.000,0.000,0,0,0,0,0,0,0,0,0,0.000,0.000,0.000,0.000,0.000,0.000,0.000,0.000,0,0,0,0,0,0,0,0,0,0.000,0.000,0.000,0.000,0.000,0.000,0.000,0.000,0,0,0,0,0,0,0,0,0,0.000,0.000,0.000,0.000,0.000,0.000,0.000,0.000,0,0,0,0,0,0,0,0,0,0.000,0.000,0.000,0.000,0.000,0.000,0.000,0.000,0,0,0,0,0,0,0,0,0,0,0,0,0,0,0,0,0,0,5701,3289,3269,2,0,12110,5547,1034,67644,28865,4987,1929,899,121,0,0,0,23198,8666,1885,11784,4990,1213,654,190,81,0,0,0,1503.947,82.408,8711.920,598.217,34,74,0,336,139,676,1176,350,139,1215,195,415,334,312,314,441,135,86,198,319,54,0,0,0,0,0,0,0,0,0,0,0,0,448,560,272,95,0,0,0,0,368,179,92,18,0,0,0,0,0,0,0,0,0,0,0,0,0,0,0,0,0,0,0,0,0.5422,0.4440,11,0,0,0.4667,0.3744,15,1,0
5851,195.0,4239,122,20,2860,1379,0,0,1411,365.65,0.815,0.761,0.652,0.083,0.528,-0.964,1.619,0.3297,2.1522,0.616,0.004,0.016,0.176,-0.004,166,65,88,0,70,0,131632.16,33672.256,29255.959,119.983,15926.183,62.685,28290.462,17824.632,2081.819,18917.044,15133.635,3083.666,241.386,841.451,0.000295,0.014698,3157,0,21,67,77,21,37782,621,55,119.221,0,0,0,0,0,0,0,0,0,0,0,0,0,0,39090,1202,2536,45386.241,28799.023,14948.875,0.098,119.221,17613.350,15151.530,250.567,276,130,61,21,48,20862,0,0,0,0.000,0.000,0.000,0.000,0.000,0.000,0.000,0.000,0,0,0,0,0,0,0,0,0,0.000,0.000,0.000,0.000,0.000,0.000,0.000,0.000,0,0,0,0,0,0,0,0,0,0.000,0.000,0.000,0.000,0.000,0.000,0.000,0.000,0,0,0,0,0,0,0,0,0,0.000,0.000,0.000,0.000,0.000,0.000,0.000,0.000,0,0,0,0,0,0,0,0,0,0.000,0.000,0.000,0.000,0.000,0.000,0.000,0.000,0,0,0,0,0,0,0,0,0,0,0,0,0,0,0,0,0,0,5851,4239,4210,53,1,12143,5613,955,70468,29955,5504,2032,824,210,0,0,0,25743,9045,2488,12595,5426,1286,752,279,67,0,0,0,1545.737,90.490,9149.614,747.937,37,98,1,408,132,705,1274,427,122,1227,234,424,347,307,321,544,138,93,223,316,65,0,0,0,0,0,0,0,0,0,0,0,0,443,575,289,92,0,0,0,0,379,175,123,20,0,0,0,0,0,0,0,0,0,0,0,0,0,0,0,0,0,0,0,0,0.5187,0.4274,11,0,0,0.4399,0.4082,14,0,0
5881,196.0,4440,130,20,2948,1492,0,0,1606,314.31,0.826,0.774,0.651,0.083,0.521,-0.964,1.617,0.3300,2.1931,0.606,0.004,0.010,0.175,-0.005,181,80,71,0,88,0,137513.77,35162.427,30351.572,123.808,17516.009,55.867,30288.911,19208.100,2375.007,18917.781,15134.225,3054.250,202.554,843.809,0.000251,0.013418,3631,0,16,55,68,16,39650,747,48,117.337,0,0,0,0,0,0,0,0,0,0,0,0,0,0,42899,1241,2884,47898.936,29854.761,16361.075,0.040,117.337,19302.586,16396.883,301.555,280,167,77,16,74,29122,0,0,0,0.000,0.000,0.000,0.000,0.000,0.000,0.000,0.000,0,0,0,0,0,0,0,0,0,0.000,0.000,0.000,0.000,0.000,0.000,0.000,0.000,0,0,0,0,0,0,0,0,0,0.000,0.000,0.000,0.000,0.000,0.000,0.000,0.000,0,0,0,0,0,0,0,0,0,0.000,0.000,0.000,0.000,0.000,0.000,0.000,0.000,0,0,0,0,0,0,0,0,0,0.000,0.000,0.000,0.000,0.000,0.000,0.000,0.000,0,0,0,0,0,0,0,0,0,0,0,0,0,0,0,0,0,0,5851,4239,4210,53,1,12103,5569,1052,72630,31393,5851,2278,849,265,0,0,0,28715,9773,2497,13341,5985,1530,843,462,89,0,0,0,1606.891,101.775,10029.837,804.623,41,95,0,400,130,791,1313,423,115,1298,219,461,348,282,340,539,166,129,234,369,55,0,0,0,0,0,0,0,0,0,0,0,0,434,605,302,90,0,0,0,0,433,200,128,26,0,0,0,0,0,0,0,0,0,0,0,0,0,0,0,0,0,0,0,0,0.5125,0.4169,11,0,0,0.4117,0.4221,13,0,0
5911,197.0,4672,120,20,3025,1647,0,0,1802,325.70,0.845,0.795,0.652,0.086,0.509,-0.964,1.618,0.3280,2.1794,0.598,0.002,0.016,0.172,-0.006,159,51,112,0,109,0,142522.94,36989.026,33565.342,172.243,19609.763,57.420,32466.515,21376.177,2698.552,21397.083,17117.667,3626.768,397.062,872.959,0.000246,0.013528,3989,0,26,86,103,26,41594,686,72,161.238,0,0,0,0,0,0,0,0,0,0,0,0,0,0,47007,1375,3303,53393.722,33045.261,18498.324,0.080,161.238,21121.189,18421.772,330.913,310,155,47,26,82,25270,0,0,0,0.000,0.000,0.000,0.000,0.000,0.000,0.000,0.000,0,0,0,0,0,0,0,0,0,0.000,0.000,0.000,0.000,0.000,0.000,0.000,0.000,0,0,0,0,0,0,0,0,0,0.000,0.000,0.000,0.000,0.000,0.000,0.000,0.000,0,0,0,0,0,0,0,0,0,0.000,0.000,0.000,0.000,0.000,0.000,0.000,0.000,0,0,0,0,0,0,0,0,0,0.000,0.000,0.000,0.000,0.000,0.000,0.000,0.000,0,0,0,0,0,0,0,0,0,0,0,0,0,0,0,0,0,0,5851,4239,4210,53,1,12343,5815,1029,75073,32722,5611,2403,900,307,0,0,0,31594,11311,3034,14491,6178,1611,922,461,91,0,0,0,1682.533,100.039,11402.453,910.303,31,97,0,461,152,827,1450,462,131,1333,228,466,371,263,364,632,143,139,286,377,70,0,0,0,0,0,0,0,0,0,0,0,0,430,626,319,89,0,0,0,0,492,223,131,26,0,0,0,0,0,0,0,0,0,0,0,0,0,0,0,0,0,0,0,0,0.5392,0.4129,12,0,0,0.4318,0.4377,14,0,0
5941,198.0,4805,114,20,3075,1730,0,0,2005,306.36,0.853,0.806,0.654,0.087,0.504,-0.965,1.618,0.3303,2.1587,0.600,0.002,0.013,0.171,-0.006,144,84,102,0,119,0,147133.11,39346.718,33805.607,169.885,20552.638,47.700,34372.099,22779.235,3011.159,18980.360,15184.288,3469.759,324.175,959.543,0.000205,0.014235,4264,0,22,80,96,22,43146,725,72,165.761,0,0,0,0,0,0,0,0,0,0,0,0,0,0,50599,1384,3539,54584.661,33269.040,19389.322,0.064,165.761,22778.451,19749.430,342.713,284,201,82,22,97,33900,0,0,0,0.000,0.000,0.000,0.000,0.000,0.000,0.000,0.000,0,0,0,0,0,0,0,0,0,0.000,0.000,0.000,0.000,0.000,0.000,0.000,0.000,0,0,0,0,0,0,0,0,0,0.000,0.000,0.000,0.000,0.000,0.000,0.000,0.000,0,0,0,0,0,0,0,0,0,0.000,0.000,0.000,0.000,0.000,0.000,0.000,0.000,0,0,0,0,0,0,0,0,0,0.000,0.000,0.000,0.000,0.000,0.000,0.000,0.000,0,0,0,0,0,0,0,0,0,0,0,0,0,0,0,0,0,0,5851,4239,4210,53,1,12662,5916,1146,76203,33645,5554,2619,1044,240,0,0,0,33949,12640,3012,15533,6346,1871,1117,506,95,0,0,0,1734.559,99.529,12202.128,949.412,41,127,0,472,154,831,1463,490,147,1366,225,483,366,258,377,674,189,122,285,382,78,0,0,0,0,0,0,0,0,0,0,0,0,438,625,335,86,0,0,0,0,501,212,122,32,0,0,0,0,0,0,0,0,0,0,0,0,0,0,0,0,0,0,0,0,0.5212,0.4038,11,0,0,0.4322,0.4368,13,0,0
5971,199.0,5007,115,20,3142,1865,0,0,2250,335.67,0.866,0.821,0.652,0.088,0.496,-0.965,1.621,0.3298,2.2034,0.575,0.002,0.013,0.170,-0.006,160,90,124,0,128,0,151465.52,40784.118,37553.682,186.519,22337.251,50.315,36041.357,24444.266,3353.235,23471.328,18777.063,4267.329,286.464,1104.997,0.000204,0.014475,4604,0,29,95,116,29,43986,875,82,174.913,0,0,0,0,0,0,0,0,0,0,0,0,0,0,53911,1538,3729,59968.924,37042.308,20848.889,0.037,174.913,24244.445,21255.293,436.354,355,220,90,29,101,38034,0,0,0,0.000,0.000,0.000,0.000,0.000,0.000,0.000,0.000,0,0,0,0,0,0,0,0,0,0.000,0.000,0.000,0.000,0.000,0.000,0.000,0.000,0,0,0,0,0,0,0,0,0,0.000,0.000,0.000,0.000,0.000,0.000,0.000,0.000,0,0,0,0,0,0,0,0,0,0.000,0.000,0.000,0.000,0.000,0.000,0.000,0.000,0,0,0,0,0,0,0,0,0,0.000,0.000,0.000,0.000,0.000,0.000,0.000,0.000,0,0,0,0,0,0,0,0,0,0,0,0,0,0,0,0,0,0,5851,4239,4210,53,1,12788,5797,1023,77365,34308,5820,2879,1197,240,0,0,0,36330,13573,3499,16429,7036,1961,1152,452,99,0,0,0,1765.574,99.763,13062.799,1091.350,27,141,1,478,182,957,1616,486,176,1397,246,492,379,247,381,699,198,157,301,413,97,0,0,0,0,0,0,0,0,0,0,0,0,444,624,348,83,0,0,0,0,505,274,155,34,0,0,0,0,0,0,0,0,0,0,0,0,0,0,0,0,0,0,0,0,0.5168,0.4013,12,0,0,0.4098,0.4221,13,0,0
6001,200.0,5076,95,18,3153,1923,0,0,2459,323.49,0.876,0.827,0.656,0.088,0.492,-0.966,1.621,0.3268,2.1662,0.593,0.002,0.014,0.170,-0.007,147,91,143,0,170,0,154227.52,42537.331,37539.058,215.731,22956.298,53.025,37485.259,25551.761,3727.409,20750.130,16600.104,4959.825,562.041,1093.791,0.000256,0.014860,4734,0,37,106,137,37,45288,786,98,211.750,0,0,0,0,0,0,0,0,0,0,0,0,0,0,56552,1532,3948,60612.386,36897.555,21696.226,0.038,211.750,25526.937,22253.045,511.241,314,256,86,37,133,40116,0,0,0,0.000,0.000,0.000,0.000,0.000,0.000,0.000,0.000,0,0,0,0,0,0,0,0,0,0.000,0.000,0.000,0.000,0.000,0.000,0.000,0.000,0,0,0,0,0,0,0,0,0,0.000,0.000,0.000,0.000,0.000,0.000,0.000,0.000,0,0,0,0,0,0,0,0,0,0.000,0.000,0.000,0.000,0.000,0.000,0.000,0.000,0,0,0,0,0,0,0,0,0,0.000,0.000,0.000,0.000,0.000,0.000,0.000,0.000,0,0,0,0,0,0,0,0,0,0,0,0,0,0,0,0,0,0,6001,5076,5048,11,0,12545,5480,1079,78665,35042,5666,2996,1226,221,0,0,0,38592,14175,3437,16859,6919,2055,1101,499,89,0,0,0,1775.734,98.568,13424.311,1092.685,47,145,0,457,177,971,1625,489,168,1382,232,501,373,268,397,746,212,140,318,423,84,0,0,0,0,0,0,0,0,0,0,0,0,449,654,346,90,0,0,0,0,509,282,145,29,0,0,0,0,0,0,0,0,0,0,0,0,0,0,0,0,0,0,0,0,0.5287,0.4409,12,0,0,0.4147,0.4391,13,0,0
6031,201.0,5215,119,18,3183,2032,0,0,2657,336.52,0.889,0.838,0.656,0.088,0.484,-0.966,1.625,0.3273,2.1757,0.583,0.002,0.013,0.169,-0.007,144,72,128,0,173,0,158360.41,44699.322,38723.595,223.010,24598.519,48.990,38823.816,26750.677,4062.253,22258.019,17806.416,4116.062,311.998,996.627,0.000258,0.014148,5013,0,19,109,120,19,46397,693,96,213.711,0,0,0,0,0,0,0,0,0,0,0,0,0,0,59154,1584,4320,63515.121,37971.674,23389.278,0.011,213.711,26771.443,23434.748,552.807,339,230,70,19,141,40747,0,0,0,0.000,0.000,0.000,0.000,0.000,0.000,0.000,0.000,0,0,0,0,0,0,0,0,0,0.000,0.000,0.000,0.000,0.000,0.000,0.000,0.000,0,0,0,0,0,0,0,0,0,0.000,0.000,0.000,0.000,0.000,0.000,0.000,0.000,0,0,0,0,0,0,0,0,0,0.000,0.000,0.000,0.000,0.000,0.000,0.000,0.000,0,0,0,0,0,0,0,0,0,0.000,0.000,0.000,0.000,0.000,0.000,0.000,0.000,0,0,0,0,0,0,0,0,0,0,0,0,0,0,0,0,0,0,6001,5076,5048,11,0,12168,5046,1136,79801,35214,5402,2984,1161,246,0,0,0,40703,15389,3689,17271,7067,2072,1180,464,106,0,0,0,1734.756,93.314,14426.225,1125.812,42,148,0,557,164,997,1694,526,163,1380,231,507,385,278,402,767,207,155,341,467,95,0,0,0,0,0,0,0,0,0,0,0,0,462,677,338,95,0,0,0,0,574,292,156,36,0,0,0,0,0,0,0,0,0,0,0,0,0,0,0,0,0,0,0,0,0.5310,0.4276,12,0,0,0.4189,0.4195,12,0,0
6061,202.0,5303,113,18,3181,2122,0,0,2818,386.49,0.900,0.849,0.657,0.088,0.478,-0.967,1.628,0.3292,2.1802,0.578,0.003,0.016,0.167,-0.008,116,72,183,0,195,0,163542.61,46004.288,42889.621,304.755,25158.243,48.190,40300.115,27592.584,4360.686,23383.493,18706.794,5530.687,437.255,1118.440,0.000209,0.013864,5356,0,34,149,174,34,47639,845,133,292.264,0,0,0,0,0,0,0,0,0,0,0,0,0,0,62187,1769,4511,68307.886,42300.346,23652.871,0.025,292.264,28162.365,24246.325,596.965,355,265,71,34,160,44252,0,0,0,0.000,0.000,0.000,0.000,0.000,0.000,0.000,0.000,0,0,0,0,0,0,0,0,0,0.000,0.000,0.000,0.000,0.000,0.000,0.000,0.000,0,0,0,0,0,0,0,0,0,0.000,0.000,0.000,0.000,0.000,0.000,0.000,0.000,0,0,0,0,0,0,0,0,0,0.000,0.000,0.000,0.000,0.000,0.000,0.000,0.000,0,0,0,0,0,0,0,0,0,0.000,0.000,0.000,0.000,0.000,0.000,0.000,0.000,0,0,0,0,0,0,0,0,0,0,0,0,0,0,0,0,0,0,6001,5076,5048,11,0,12119,5002,1239,80604,35142,5541,2979,1070,257,0,0,0,42966,15828,4124,17956,7847,1938,1265,428,138,0,0,0,1711.673,97.952,15046.121,1205.150,32,134,0,558,204,1089,1857,583,178,1367,223,512,392,280,407,830,225,165,334,488,80,0,0,0,0,0,0,0,0,0,0,0,0,454,698,345,94,0,0,0,0,628,259,143,35,0,0,0,2,0,0,0,0,0,0,0,0,0,0,0,0,0,0,0,0,0.5546,0.4351,12,0,0,0.4389,0.4098,13,0,0
6091,203.0,5434,114,18,3212,2222,0,0,2994,307.81,0.910,0.861,0.659,0.088,0.472,-0.965,1.628,0.3258,2.1794,0.578,0.002,0.011,0.166,-0.008,125,92,165,0,187,0,168654.17,48027.234,43574.085,254.738,25913.781,43.768,41654.870,28582.199,4662.780,25010.796,20008.637,5344.372,308.357,1189.750,0.000248,0.013283,5527,0,36,129,153,36,48400,822,111,244.341,0,0,0,0,0,0,0,0,0,0,0,0,0,0,65067,1788,4705,69731.727,42963.411,24406.234,0.055,244.341,29499.719,25197.331,619.789,377,278,91,36,151,48707,0,0,0,0.000,0.000,0.000,0.000,0.000,0.000,0.000,0.000,0,0,0,0,0,0,0,0,0,0.000,0.000,0.000,0.000,0.000,0.000,0.000,0.000,0,0,0,0,0,0,0,0,0,0.000,0.000,0.000,0.000,0.000,0.000,0.000,0.000,0,0,0,0,0,0,0,0,0,0.000,0.000,0.000,0.000,0.000,0.000,0.000,0.000,0,0,0,0,0,0,0,0,0,0.000,0.000,0.000,0.000,0.000,0.000,0.000,0.000,0,0,0,0,0,0,1,0,0,0,0,0,0,0,0,0,0,0,6001,5076,5048,11,0,12005,4997,1016,80831,34399,6075,3141,985,214,0,0,0,44910,15985,4081,18951,8325,2158,1206,623,131,0,0,0,1675.586,99.113,15639.896,1245.375,49,186,0,581,203,1096,1879,582,184,1358,226,503,394,297,434,838,207,182,371,532,92,0,0,0,0,0,0,0,0,0,0,0,0,440,717,363,107,0,0,0,1,678,303,157,38,0,0,0,1,0,0,0,0,0,0,0,0,0,0,0,0,0,0,0,0,0.5425,0.4436,12,0,0,0.4038,0.3939,13,0,0
6121,204.0,5532,102,18,3210,2322,0,0,3231,323.55,0.923,0.874,0.662,0.089,0.464,-0.965,1.621,0.3274,2.1580,0.569,0.003,0.012,0.165,-0.009,130,76,183,0,214,0,171141.53,48290.460,44227.523,305.370,26609.124,41.847,42983.196,29869.612,5013.446,25000.895,20000.716,6014.582,249.575,1205.401,0.000304,0.012235,5544,0,29,154,179,29,49335,630,145,299.061,0,0,0,0,0,0,0,0,0,0,0,0,0,0,67752,1820,4914,71643.399,43634.985,25534.411,0.057,299.061,30788.000,26425.374,670.889,382,282,74,29,179,55817,0,0,0,0.000,0.000,0.000,0.000,0.000,0.000,0.000,0.000,0,0,0,0,0,0,0,0,0,0.000,0.000,0.000,0.000,0.000,0.000,0.000,0.000,0,0,0,0,0,0,0,0,0,0.000,0.000,0.000,0.000,0.000,0.000,0.000,0.000,0,0,0,0,0,0,0,0,0,0.000,0.000,0.000,0.000,0.000,0.000,0.000,0.000,0,0,0,0,0,0,0,0,0,0.000,0.000,0.000,0.000,0.000,0.000,0.000,0.000,0,0,0,0,0,0,0,0,0,0,0,0,0,0,0,0,0,0,6001,5076,5048,11,0,11797,5089,836,81198,34600,5728,3295,1028,141,0,0,0,47114,17421,4378,19401,8013,2133,1237,662,150,0,0,0,1682.297,91.956,16305.085,1324.471,43,160,0,563,223,1113,1911,597,219,1351,226,495,401,291,446,892,214,200,361,564,91,0,0,0,0,0,0,0,0,0,0,0,0,433,742,350,108,0,0,0,0,668,342,177,29,0,0,0,0,0,0,0,0,0,0,0,0,0,0,0,0,0,0,0,0,0.5427,0.4333,12,0,0,0.4187,0.4129,13,0,0
6151,205.0,5622,99,18,3223,2399,0,0,3389,342.02,0.932,0.883,0.663,0.091,0.460,-0.965,1.625,0.3270,2.1704,0.561,0.003,0.013,0.164,-0.009,124,72,159,0,236,0,174048.27,48925.918,46402.097,244.208,27186.448,42.311,44638.192,31017.785,5357.142,24529.521,19623.617,5266.794,309.255,1170.420,0.000304,0.011839,5722,0,27,132,154,27,49824,696,125,241.662,0,0,0,0,0,0,0,0,0,0,0,0,0,0,71077,1905,5026,74187.893,45704.679,25984.724,0.088,241.662,32416.263,27569.106,674.951,374,297,71,27,199,51522,0,0,0,0.000,0.000,0.000,0.000,0.000,0.000,0.000,0.000,0,0,0,0,0,0,0,0,0,0.000,0.000,0.000,0.000,0.000,0.000,0.000,0.000,0,0,0,0,0,0,0,0,0,0.000,0.000,0.000,0.000,0.000,0.000,0.000,0.000,0,0,0,0,0,0,0,0,0,0.000,0.000,0.000,0.000,0.000,0.000,0.000,0.000,0,0,0,0,0,0,0,0,0,0.000,0.000,0.000,0.000,0.000,0.000,0.000,0.000,0,0,0,0,0,0,0,0,0,0,0,0,0,0,0,0,0,0,6151,5622,5596,8,0,11740,5295,597,81440,33971,5880,3288,1045,293,0,0,0,49663,18465,4633,20158,7929,2650,1256,681,132,0,0,0,1662.062,93.945,16862.214,1457.986,38,165,0,645,222,1140,2010,658,202,1333,225,503,414,297,451,905,258,176,405,543,112,0,0,0,0,0,0,0,0,0,0,0,0,439,765,342,118,0,0,0,1,702,330,166,38,0,0,0,0,0,0,0,0,0,0,0,0,0,0,0,0,0,0,0,0,0.5220,0.4423,12,0,0,0.4124,0.3935,13,0,0
6181,206.0,5715,80,18,3276,2439,0,0,3513,276.03,0.935,0.883,0.665,0.091,0.460,-0.966,1.627,0.3274,2.1355,0.559,0.004,0.010,0.165,-0.009,128,89,142,0,258,0,175931.36,49946.006,47000.328,199.859,29206.888,38.850,45642.844,31816.925,5572.298,25652.777,20522.222,5459.679,347.706,1293.094,0.000282,0.010950,6473,0,35,107,139,35,50200,897,100,193.397,0,0,0,0,0,0,0,0,0,0,0,0,0,0,72697,1934,5576,76922.397,46413.749,27864.320,0.106,193.397,33299.064,28345.932,665.728,387,347,87,35,225,57383,0,0,0,0.000,0.000,0.000,0.000,0.000,0.000,0.000,0.000,0,0,0,0,0,0,0,0,0,0.000,0.000,0.000,0.000,0.000,0.000,0.000,0.000,0,0,0,0,0,0,0,0,0,0.000,0.000,0.000,0.000,0.000,0.000,0.000,0.000,0,0,0,0,0,0,0,0,0,0.000,0.000,0.000,0.000,0.000,0.000,0.000,0.000,0,0,0,0,0,0,0,0,0,0.000,0.000,0.000,0.000,0.000,0.000,0.000,0.000,0,0,0,0,0,0,0,0,0,0,0,0,0,0,0,0,0,0,6151,5622,5596,8,0,11781,5135,636,82154,33572,6233,3593,1213,306,0,0,0,50734,18994,4609,20738,7722,2317,1225,877,63,0,0,0,1656.482,98.431,17246.985,1358.903,42,177,0,606,201,1194,2020,643,178,1328,252,523,409,293,471,898,237,177,433,577,117,0,0,0,0,0,0,0,0,0,0,0,0,433,792,354,117,0,0,0,0,730,346,174,54,0,0,0,0,0,0,0,0,0,0,0,0,0,0,0,0,0,0,0,0,0.5384,0.4236,13,0,0,0.4270,0.4031,13,0,0
6211,207.0,5800,81,18,3270,2530,0,0,3613,342.15,0.945,0.893,0.667,0.092,0.454,-0.966,1.627,0.3313,2.1086,0.556,0.005,0.010,0.164,-0.010,150,66,155,0,289,0,178476.84,50518.610,48152.219,219.666,29106.979,47.170,46645.992,32107.206,5796.813,26712.034,21369.627,4816.378,338.057,1298.147,0.000279,0.010620,6447,0,30,125,146,30,51023,799,115,218.940,0,0,0,0,0,0,0,0,0,0,0,0,0,0,74349,1980,5648,78054.333,47554.872,27843.843,0.172,218.940,34230.067,28559.590,760.296,422,331,63,30,238,63848,0,0,0,0.000,0.000,0.000,0.000,0.000,0.000,0.000,0.000,0,0,0,0,0,0,0,0,0,0.000,0.000,0.000,0.000,0.000,0.000,0.000,0.000,0,0,0,0,0,0,0,0,0,0.000,0.000,0.000,0.000,0.000,0.000,0.000,0.000,0,0,0,0,0,0,0,0,0,0.000,0.000,0.000,0.000,0.000,0.000,0.000,0.000,0,0,0,0,0,0,0,0,0,0.000,0.000,0.000,0.000,0.000,0.000,0.000,0.000,0,0,0,0,0,0,0,0,0,0,0,0,0,0,0,0,0,0,6151,5622,5596,8,0,11675,4851,837,82621,33469,6584,3749,1226,234,0,0,0,51992,18753,5247,21083,8332,2488,1274,797,88,0,0,0,1622.995,105.626,17380.973,1524.406,42,185,0,686,201,1180,2066,671,202,1322,263,505,408,292,480,983,258,209,382,587,111,0,0,0,0,0,0,0,0,0,0,0,0,418,812,357,98,0,0,0,0,689,370,198,31,0,0,0,1,0,0,0,0,0,0,0,0,0,0,0,0,0,0,0,0,0.5565,0.4362,12,0,0,0.4076,0.3851,13,0,0
6241,208.0,5840,82,18,3281,2559,0,0,3720,281.36,0.949,0.895,0.670,0.092,0.453,-0.966,1.629,0.3283,2.1104,0.565,0.003,0.008,0.164,-0.010,145,61,168,0,305,0,178184.58,51304.540,48472.926,236.533,30666.496,48.414,47810.727,33890.004,6009.058,25742.063,20593.651,5784.537,256.865,1406.660,0.000322,0.009910,6856,0,47,121,160,47,51790,896,112,235.880,0,0,0,0,0,0,0,0,0,0,0,0,0,0,76497,1988,5960,79964.003,47838.905,29364.787,0.141,235.880,35377.301,30220.844,839.515,400,371,58,47,266,71253,0,0,0,0.000,0.000,0.000,0.000,0.000,0.000,0.000,0.000,0,0,0,0,0,0,0,0,0,0.000,0.000,0.000,0.000,0.000,0.000,0.000,0.000,0,0,0,0,0,0,0,0,0,0.000,0.000,0.000,0.000,0.000,0.000,0.000,0.000,0,0,0,0,0,0,0,0,0,0.000,0.000,0.000,0.000,0.000,0.000,0.000,0.000,0,0,0,0,0,0,0,0,0,0.000,0.000,0.000,0.000,0.000,0.000,0.000,0.000,0,0,0,0,0,0,0,0,0,0,0,0,0,0,0,0,0,0,6151,5622,5596,8,0,11354,4716,952,83243,34134,6579,3749,1280,137,0,0,0,53669,21240,4480,21685,9019,2591,1143,536,123,0,0,0,1663.770,104.654,19221.484,1408.404,39,163,0,683,232,1171,2085,713,214,1352,247,502,384,296,500,1022,249,234,394,560,100,0,0,0,0,0,0,0,0,0,0,0,0,383,828,364,106,0,0,0,1,661,350,234,43,0,0,0,0,0,0,0,0,0,0,0,0,0,0,0,0,0,0,0,0,0.5165,0.4011,12,0,0,0.4416,0.4182,13,0,0
6271,209.0,5871,74,18,3280,2591,0,0,3812,338.85,0.953,0.900,0.672,0.092,0.451,-0.965,1.629,0.3324,2.0812,0.567,0.002,0.011,0.163,-0.011,101,64,136,0,327,0,178338.61,51891.850,48883.135,191.631,31420.562,38.086,48233.046,34173.540,6163.109,25190.623,20152.499,5538.062,344.023,1322.690,0.000240,0.009599,6905,0,27,109,128,27,53074,770,94,179.598,0,0,0,0,0,0,0,0,0,0,0,0,0,0,77097,2006,6135,81465.240,48150.217,30469.598,0.078,179.598,35748.392,30472.585,820.290,400,368,62,27,279,69875,0,0,0,0.000,0.000,0.000,0.000,0.000,0.000,0.000,0.000,0,0,0,0,0,0,0,0,0,0.000,0.000,0.000,0.000,0.000,0.000,0.000,0.000,0,0,0,0,0,0,0,0,0,0.000,0.000,0.000,0.000,0.000,0.000,0.000,0.000,0,0,0,0,0,0,0,0,0,0.000,0.000,0.000,0.000,0.000,0.000,0.000,0.000,0,0,0,0,0,0,0,0,0,0.000,0.000,0.000,0.000,0.000,0.000,0.000,0.000,0,0,0,0,0,0,0,0,0,0,0,0,0,0,0,0,0,0,6151,5622,5596,8,0,11324,4744,779,83499,34876,6360,3848,1222,175,0,0,0,53949,20833,4408,22030,9367,2392,1118,429,100,0,0,0,1696.652,101.224,19209.157,1357.352,36,163,0,655,210,1230,2103,675,205,1362,256,480,364,314,504,985,236,240,410,585,135,0,0,0,0,0,0,0,0,0,0,0,0,375,833,349,105,0,0,0,0,700,400,226,44,0,0,0,0,0,0,0,0,0,0,0,0,0,0,0,0,0,0,0,0,0.5534,0.4278,13,0,0,0.4124,0.3678,13,0,0
6301,210.0,5900,86,18,3263,2637,0,0,3816,280.24,0.962,0.907,0.673,0.091,0.447,-0.965,1.631,0.3329,2.1049,0.569,0.002,0.011,0.163,-0.011,124,69,141,0,306,0,179617.03,52335.561,49467.152,203.422,32588.491,39.580,48897.678,34131.027,6262.664,24985.404,19988.323,4763.971,320.164,1355.124,0.000229,0.010388,7255,0,22,119,137,22,52295,946,108,195.970,0,0,0,0,0,0,0,0,0,0,0,0,0,0,78395,2029,6309,83123.852,48805.896,31382.486,0.022,195.970,36448.634,30439.425,824.807,402,356,68,22,266,68180,0,0,0,0.000,0.000,0.000,0.000,0.000,0.000,0.000,0.000,0,0,0,0,0,0,0,0,0,0.000,0.000,0.000,0.000,0.000,0.000,0.000,0.000,0,0,0,0,0,0,0,0,0,0.000,0.000,0.000,0.000,0.000,0.000,0.000,0.000,0,0,0,0,0,0,0,0,0,0.000,0.000,0.000,0.000,0.000,0.000,0.000,0.000,0,0,0,0,0,0,0,0,0,0.000,0.000,0.000,0.000,0.000,0.000,0.000,0.000,0,0,0,0,0,0,0,0,0,0,0,0,0,0,0,0,0,0,6301,5900,5608,159,2,11077,4569,851,83331,34644,6956,3845,1095,212,0,0,0,55649,20355,5087,21493,8746,2427,1253,546,141,0,0,0,1659.346,116.731,18632.947,1502.961,48,202,1,671,262,1198,2119,672,224,1333,283,490,364,300,493,1030,219,232,395,615,146,0,0,0,0,0,0,0,0,0,0,0,0,393,807,334,113,0,0,0,0,726,411,209,42,0,0,0,0,0,0,0,0,0,0,0,0,0,0,0,0,0,0,0,0,0.5693,0.4488,13,1,0,0.4338,0.4029,13,0,0
6331,211.0,5903,76,18,3252,2651,0,0,3885,296.48,0.965,0.910,0.676,0.093,0.445,-0.965,1.632,0.3354,2.1015,0.571,0.003,0.012,0.162,-0.011,99,85,135,0,299,0,178248.17,51816.213,47371.644,202.357,31050.167,40.566,49219.342,34387.181,6307.700,23554.017,18843.214,4327.391,542.814,1263.848,0.000335,0.010597,7151,0,16,119,130,16,52973,820,103,183.130,0,0,0,0,0,0,0,0,0,0,0,0,0,0,78933,1939,6331,79426.671,46633.232,30035.831,0.063,183.130,36823.116,30686.103,809.072,371,357,81,16,260,67817,0,0,0,0.000,0.000,0.000,0.000,0.000,0.000,0.000,0.000,0,0,0,0,0,0,0,0,0,0.000,0.000,0.000,0.000,0.000,0.000,0.000,0.000,0,0,0,0,0,0,0,0,0,0.000,0.000,0.000,0.000,0.000,0.000,0.000,0.000,0,0,0,0,0,0,0,0,0,0.000,0.000,0.000,0.000,0.000,0.000,0.000,0.000,0,0,0,0,0,0,0,0,0,0.000,0.000,0.000,0.000,0.000,0.000,0.000,0.000,0,0,0,0,0,0,0,0,0,0,0,0,0,0,0,0,0,0,6301,5900,5608,159,2,10805,4388,879,83095,35077,7242,3757,1061,283,0,0,0,56787,20440,4854,20863,8462,2300,1283,583,129,0,0,0,1691.636,118.082,18467.147,1436.900,50,193,0,621,222,1184,2037,645,231,1385,257,484,361,276,489,968,264,203,433,620,163,0,0,0,0,0,0,0,0,0,0,0,0,385,793,317,115,0,0,0,0,741,443,184,50,0,0,0,1,0,0,0,0,0,0,0,0,0,0,0,0,0,0,0,0,0.5530,0.4369,12,0,0,0.3943,0.3956,13,0,0
6361,212.0,5928,79,18,3267,2661,0,0,3965,318.42,0.965,0.910,0.681,0.092,0.446,-0.965,1.632,0.3300,2.0675,0.559,0.002,0.010,0.163,-0.009,115,71,109,0,331,0,177235.23,51389.370,48917.438,149.453,30191.618,41.751,49760.923,34276.840,6501.834,24303.558,19442.846,4437.905,392.882,1238.099,0.000298,0.014444,6862,0,20,89,102,20,53395,746,74,138.013,0,0,0,0,0,0,0,0,0,0,0,0,0,0,79819,2011,6116,80368.124,48243.074,29267.098,0.098,138.013,37320.950,30625.913,749.223,386,376,67,20,289,75318,0,0,0,0.000,0.000,0.000,0.000,0.000,0.000,0.000,0.000,0,0,0,0,0,0,0,0,0,0.000,0.000,0.000,0.000,0.000,0.000,0.000,0.000,0,0,0,0,0,0,0,0,0,0.000,0.000,0.000,0.000,0.000,0.000,0.000,0.000,0,0,0,0,0,0,0,0,0,0.000,0.000,0.000,0.000,0.000,0.000,0.000,0.000,0,0,0,0,0,0,0,0,0,0.000,0.000,0.000,0.000,0.000,0.000,0.000,0.000,0,0,0,0,0,0,0,0,0,0,0,0,0,0,0,0,0,0,6301,5900,5608,159,2,10463,4151,1001,83683,36481,6963,3742,1281,92,0,0,0,58154,21016,5072,20333,7949,2171,1332,557,136,0,0,0,1737.964,109.389,18386.203,1426.504,35,170,0,665,204,1243,2109,670,205,1399,279,487,374,256,472,981,237,231,439,650,123,0,0,0,0,0,0,0,0,0,0,0,0,390,776,305,117,0,0,0,1,779,444,184,36,0,0,0,0,0,0,0,0,0,0,0,0,0,0,0,0,0,0,0,0,0.5346,0.4363,11,0,0,0.4124,0.4352,13,0,0
6391,213.0,5890,72,18,3260,2630,0,0,3978,261.80,0.963,0.908,0.683,0.092,0.448,-0.965,1.632,0.3347,2.0797,0.560,0.002,0.009,0.163,-0.009,106,82,120,0,347,0,176977.66,50997.835,48894.259,185.829,29920.975,39.560,49764.979,33344.222,6597.423,23257.230,18605.785,4517.914,244.530,1214.993,0.000232,0.015107,7095,0,19,101,115,19,53645,831,92,183.096,0,0,0,0,0,0,0,0,0,0,0,0,0,0,79551,2007,6264,79773.246,48183.544,28791.268,0.106,183.096,37313.690,29737.390,714.415,370,401,79,19,303,82971,0,0,0,0.000,0.000,0.000,0.000,0.000,0.000,0.000,0.000,0,0,0,0,0,0,0,0,0,0.000,0.000,0.000,0.000,0.000,0.000,0.000,0.000,0,0,0,0,0,0,0,0,0,0.000,0.000,0.000,0.000,0.000,0.000,0.000,0.000,0,0,0,0,0,0,0,0,0,0.000,0.000,0.000,0.000,0.000,0.000,0.000,0.000,0,0,0,0,0,0,0,0,0,0.000,0.000,0.000,0.000,0.000,0.000,0.000,0.000,0,0,0,0,0,0,0,0,0,0,0,0,0,0,0,0,0,0,6301,5900,5608,159,2,10265,4016,1017,83881,36984,6757,3804,1200,348,0,0,0,58375,20037,5055,19874,7402,2236,1302,599,171,0,0,0,1747.101,111.018,17556.896,1438.687,52,197,0,622,233,1241,2103,642,217,1420,256,477,385,259,463,947,243,229,453,614,144,0,0,0,0,0,0,0,0,0,0,0,0,394,763,298,128,0,0,0,1,784,405,196,55,0,0,0,0,0,0,0,0,0,0,0,0,0,0,0,0,0,0,0,0,0.5967,0.4285,12,1,0,0.4048,0.4107,12,0,0
6421,214.0,5815,70,18,3218,2597,0,0,3970,318.95,0.965,0.908,0.686,0.092,0.448,-0.965,1.636,0.3332,2.0696,0.561,0.002,0.010,0.163,-0.009,116,63,148,0,344,0,174400.67,49736.055,47729.837,210.906,28328.938,43.632,49073.975,33458.449,6613.205,21888.813,17511.051,5237.748,318.409,1174.232,0.000225,0.013885,6574,0,21,127,140,21,53723,635,118,209.619,0,0,0,0,0,0,0,0,0,0,0,0,0,0,77914,1963,5939,77341.125,47057.384,27508.639,0.095,209.619,36678.798,29895.993,672.892,351,384,58,21,305,74229,0,0,0,0.000,0.000,0.000,0.000,0.000,0.000,0.000,0.000,0,0,0,0,0,0,0,0,0,0.000,0.000,0.000,0.000,0.000,0.000,0.000,0.000,0,0,0,0,0,0,0,0,0,0.000,0.000,0.000,0.000,0.000,0.000,0.000,0.000,0,0,0,0,0,0,0,0,0,0.000,0.000,0.000,0.000,0.000,0.000,0.000,0.000,0,0,0,0,0,0,0,0,0,0.000,0.000,0.000,0.000,0.000,0.000,0.000,0.000,0,0,0,0,0,0,0,0,0,0,0,0,0,0,0,0,0,0,6301,5900,5608,159,2,9893,4064,707,83668,37516,6202,3599,1178,349,0,0,0,57861,21262,5429,18903,7873,2010,1150,492,87,0,0,0,1780.631,96.463,18448.935,1464.553,44,181,1,649,207,1196,2054,649,189,1420,242,470,378,251,457,1008,266,193,427,568,135,0,0,0,0,0,0,0,0,0,0,0,0,374,757,294,131,0,0,0,0,737,348,203,35,0,0,0,0,0,0,0,0,0,0,0,0,0,0,0,0,0,0,0,0,0.5782,0.4215,12,1,0,0.4120,0.4102,12,0,0
6451,215.0,5794,74,17,3230,2564,0,0,3959,267.27,0.962,0.903,0.687,0.092,0.451,-0.964,1.638,0.3323,2.0454,0.566,0.001,0.012,0.164,-0.009,121,55,89,0,366,0,171921.47,49488.271,47100.378,132.649,29302.547,40.844,49085.600,33320.918,6633.118,22419.432,17935.546,4320.383,195.013,1161.583,0.000289,0.012248,6796,0,15,74,87,15,54378,628,70,127.192,0,0,0,0,0,0,0,0,0,0,0,0,0,0,77742,1938,6168,77807.591,46557.695,28512.461,0.029,127.192,36704.285,29768.849,682.920,356,389,51,15,323,77105,0,0,0,0.000,0.000,0.000,0.000,0.000,0.000,0.000,0.000,0,0,0,0,0,0,0,0,0,0.000,0.000,0.000,0.000,0.000,0.000,0.000,0.000,0,0,0,0,0,0,0,0,0,0.000,0.000,0.000,0.000,0.000,0.000,0.000,0.000,0,0,0,0,0,0,0,0,0,0.000,0.000,0.000,0.000,0.000,0.000,0.000,0.000,0,0,0,0,0,0,0,0,0,0.000,0.000,0.000,0.000,0.000,0.000,0.000,0.000,0,0,0,0,0,0,0,0,0,0,0,0,0,0,0,0,0,0,6451,5794,5706,2,0,9973,4090,701,83520,37705,6261,3389,1195,366,0,0,0,58489,22190,5694,18296,7359,1950,957,264,132,0,0,0,1774.810,99.056,18601.636,1487.350,42,220,0,642,201,1177,2016,657,191,1442,237,467,384,258,442,969,269,203,424,571,128,0,0,0,0,0,0,0,0,0,0,0,0,375,758,292,126,0,0,0,0,728,376,179,43,0,0,0,0,0,0,0,0,0,0,0,0,0,0,0,0,0,0,0,0,0.5358,0.4148,11,0,0,0.4280,0.4210,12,0,0
6481,216.0,5721,76,17,3198,2523,0,0,3879,299.98,0.961,0.903,0.689,0.092,0.452,-0.964,1.635,0.3345,2.0837,0.580,0.002,0.012,0.165,-0.009,100,67,113,0,365,0,169285.50,49083.622,45867.829,150.311,27504.666,41.222,48487.997,32703.800,6522.230,21688.348,17350.679,4326.965,216.656,1142.412,0.000198,0.012217,6523,0,15,98,104,15,54050,641,79,138.239,0,0,0,0,0,0,0,0,0,0,0,0,0,0,76288,1888,5882,74700.392,45325.142,26648.966,0.049,138.239,36130.580,29140.456,670.606,347,388,64,15,309,74519,0,0,0,0.000,0.000,0.000,0.000,0.000,0.000,0.000,0.000,0,0,0,0,0,0,0,0,0,0.000,0.000,0.000,0.000,0.000,0.000,0.000,0.000,0,0,0,0,0,0,0,0,0,0.000,0.000,0.000,0.000,0.000,0.000,0.000,0.000,0,0,0,0,0,0,0,0,0,0.000,0.000,0.000,0.000,0.000,0.000,0.000,0.000,0,0,0,0,0,0,0,0,0,0.000,0.000,0.000,0.000,0.000,0.000,0.000,0.000,0,0,0,0,0,0,0,0,0,0,0,0,0,0,0,0,0,0,6451,5794,5706,2,0,9848,3944,572,83416,38158,6040,3326,1264,369,0,0,0,57223,21757,4949,18292,7479,2137,773,259,77,0,0,0,1790.061,92.991,18356.253,1367.723,33,162,0,653,212,1099,1962,664,182,1433,255,472,340,257,441,999,235,202,374,568,145,0,0,0,0,0,0,0,0,0,0,0,0,353,754,285,118,0,0,0,0,697,385,179,28,0,0,0,0,0,0,0,0,0,0,0,0,0,0,0,0,0,0,0,0,0.5370,0.4220,11,0,0,0.4102,0.4456,12,0,0
6511,217.0,5671,91,17,3194,2477,0,0,3833,275.62,0.958,0.898,0.690,0.092,0.455,-0.964,1.638,0.3334,2.0306,0.584,0.002,0.010,0.165,-0.009,102,71,119,0,352,0,165752.98,48459.786,45023.673,179.376,27819.491,40.532,48115.251,32194.543,6397.762,22675.254,18140.204,4459.670,401.730,1091.337,0.000275,0.011570,6576,0,19,100,118,19,53848,552,92,166.793,0,0,0,0,0,0,0,0,0,0,0,0,0,0,75240,1850,6024,74189.170,44448.521,27127.137,0.078,166.793,35788.137,28685.423,637.554,359,405,69,19,317,83844,0,0,0,0.000,0.000,0.000,0.000,0.000,0.000,0.000,0.000,0,0,0,0,0,0,0,0,0,0.000,0.000,0.000,0.000,0.000,0.000,0.000,0.000,0,0,0,0,0,0,0,0,0,0.000,0.000,0.000,0.000,0.000,0.000,0.000,0.000,0,0,0,0,0,0,0,0,0,0.000,0.000,0.000,0.000,0.000,0.000,0.000,0.000,0,0,0,0,0,0,0,0,0,0.000,0.000,0.000,0.000,0.000,0.000,0.000,0.000,0,0,0,0,0,0,0,0,0,0,0,0,0,0,0,0,0,0,6451,5794,5706,2,0,9884,3790,693,82810,37802,6846,3325,1343,375,0,0,0,56249,20896,4964,18172,7604,1917,819,363,72,0,0,0,1780.315,105.247,17954.950,1341.225,44,190,0,591,215,1139,1930,609,184,1422,266,469,337,252,448,951,251,186,372,580,137,0,0,0,0,0,0,0,0,0,0,0,0,353,755,292,106,0,0,0,0,683,371,186,35,0,0,0,0,0,0,0,0,0,0,0,0,0,0,0,0,0,0,0,0,0.5789,0.4385,12,1,0,0.4478,0.4264,12,0,0
6541,218.0,5637,86,17,3215,2422,0,0,3727,294.61,0.951,0.888,0.690,0.092,0.460,-0.964,1.641,0.3312,1.9876,0.579,0.002,0.012,0.166,-0.008,105,67,86,0,348,0,164663.84,47905.277,45392.029,139.413,26702.799,45.052,47197.151,31363.513,6283.160,21477.296,17181.837,3840.785,501.582,1044.209,0.000351,0.012331,6254,0,17,69,84,17,54121,579,65,136.685,0,0,0,0,0,0,0,0,0,0,0,0,0,0,73068,1858,5675,73276.178,44757.764,25996.371,0.078,136.685,34843.851,27920.825,591.211,341,396,66,17,313,78202,0,0,0,0.000,0.000,0.000,0.000,0.000,0.000,0.000,0.000,0,0,0,0,0,0,0,0,0,0.000,0.000,0.000,0.000,0.000,0.000,0.000,0.000,0,0,0,0,0,0,0,0,0,0.000,0.000,0.000,0.000,0.000,0.000,0.000,0.000,0,0,0,0,0,0,0,0,0,0.000,0.000,0.000,0.000,0.000,0.000,0.000,0.000,0,0,0,0,0,0,0,0,0,0.000,0.000,0.000,0.000,0.000,0.000,0.000,0.000,0,0,0,0,0,0,0,0,0,0,0,0,0,0,0,0,0,0,6451,5794,5706,2,0,9924,3637,866,82846,37392,6749,3301,1367,285,0,0,0,54754,20345,4832,17598,7593,1969,716,272,81,0,0,0,1758.763,106.873,17558.192,1336.454,62,184,0,602,195,1133,1935,611,191,1387,285,490,335,286,432,910,228,212,386,550,136,0,0,0,0,0,0,0,0,0,0,0,0,371,761,309,101,0,0,0,1,672,391,178,43,0,0,0,0,0,0,0,0,0,0,0,0,0,0,0,0,0,0,0,0,0.5761,0.4183,12,1,0,0.4399,0.4196,13,0,0
6571,219.0,5531,104,17,3184,2347,0,0,3621,298.88,0.947,0.883,0.692,0.092,0.464,-0.964,1.648,0.3324,2.0048,0.573,0.002,0.014,0.167,-0.008,139,67,114,0,337,0,161904.00,46540.891,42324.700,176.442,25979.526,47.929,46689.602,30316.506,6048.008,18776.403,15021.122,3535.396,416.590,1040.493,0.000240,0.012362,6212,0,12,102,112,12,53560,551,91,161.244,0,0,0,0,0,0,0,0,0,0,0,0,0,0,71845,1732,5661,69374.001,41658.359,25301.515,0.007,161.244,34358.962,26974.298,530.962,292,367,64,12,291,75554,0,0,0,0.000,0.000,0.000,0.000,0.000,0.000,0.000,0.000,0,0,0,0,0,0,0,0,0,0.000,0.000,0.000,0.000,0.000,0.000,0.000,0.000,0,0,0,0,0,0,0,0,0,0.000,0.000,0.000,0.000,0.000,0.000,0.000,0.000,0,0,0,0,0,0,0,0,0,0.000,0.000,0.000,0.000,0.000,0.000,0.000,0.000,0,0,0,0,0,0,0,0,0,0.000,0.000,0.000,0.000,0.000,0.000,0.000,0.000,0,0,0,0,0,0,0,0,0,0,0,0,0,0,0,0,0,0,6451,5794,5706,2,0,9932,3667,826,82538,36346,7226,3258,1212,318,0,0,0,54269,19813,4906,16881,6822,1906,695,261,92,0,0,0,1695.565,114.638,16646.494,1323.738,61,166,0,604,199,1032,1817,601,164,1366,277,481,359,276,425,867,242,205,375,528,130,0,0,0,0,0,0,0,0,0,0,0,0,364,771,309,96,0,0,0,1,655,373,173,37,0,0,0,0,0,0,0,0,0,0,0,0,0,0,0,0,0,0,0,0,0.5803,0.4313,12,1,0,0.4005,0.4177,13,0,0
6601,220.0,5469,89,18,3153,2316,0,0,3515,326.98,0.948,0.881,0.692,0.093,0.465,-0.965,1.650,0.3318,1.9930,0.582,0.001,0.011,0.167,-0.008,121,65,117,1,294,0,157536.09,45050.967,41378.589,194.943,24921.125,48.672,45978.394,29637.176,5842.310,19049.692,15239.754,4472.018,281.090,971.480,0.000272,0.013341,6147,0,19,98,116,19,53406,614,87,179.020,0,0,0,0,0,0,0,0,0,0,0,0,0,0,70285,1697,5533,67282.318,40793.738,24215.996,0.010,179.020,33721.142,26399.072,452.287,300,331,63,19,249,67025,0,0,0,0.000,0.000,0.000,0.000,0.000,0.000,0.000,0.000,0,0,0,0,0,0,0,0,0,0.000,0.000,0.000,0.000,0.000,0.000,0.000,0.000,0,0,0,0,0,0,0,0,0,0.000,0.000,0.000,0.000,0.000,0.000,0.000,0.000,0,0,0,0,0,0,0,0,0,0.000,0.000,0.000,0.000,0.000,0.000,0.000,0.000,0,0,0,0,0,0,0,0,0,0.000,0.000,0.000,0.000,0.000,0.000,0.000,0.000,0,0,0,0,0,0,0,0,0,0,0,0,0,0,0,0,0,0,6601,5469,5345,63,2,9827,3866,977,81990,36110,6888,3177,1152,277,0,0,0,52815,19646,5015,16654,6698,1744,816,306,99,0,0,0,1694.765,104.268,16435.751,1290.238,34,165,1,560,196,1008,1779,579,204,1374,278,433,369,271,428,907,209,180,391,530,99,0,0,0,0,0,0,0,0,0,0,0,0,366,769,273,92,0,0,0,1,640,363,158,39,0,0,0,0,0,0,0,0,0,0,0,0,0,0,0,0,0,0,0,0,0.5940,0.4580,12,0,0,0.4612,0.4378,13,0,0
6631,221.0,5396,91,18,3144,2252,0,0,3485,311.89,0.941,0.874,0.694,0.093,0.469,-0.965,1.649,0.3345,2.0100,0.583,0.002,0.009,0.168,-0.007,118,64,81,0,288,0,152188.22,43294.410,39015.034,113.528,23836.060,46.640,45371.910,29500.312,5731.929,16177.589,12942.072,2828.347,189.055,913.778,0.000218,0.014339,6055,0,12,69,77,12,52975,673,56,99.388,0,0,0,0,0,0,0,0,0,0,0,0,0,0,68897,1598,5382,63576.818,38350.512,23034.089,0.046,99.388,33131.101,26327.372,380.011,246,310,63,12,235,66434,0,0,0,0.000,0.000,0.000,0.000,0.000,0.000,0.000,0.000,0,0,0,0,0,0,0,0,0,0.000,0.000,0.000,0.000,0.000,0.000,0.000,0.000,0,0,0,0,0,0,0,0,0,0.000,0.000,0.000,0.000,0.000,0.000,0.000,0.000,0,0,0,0,0,0,0,0,0,0.000,0.000,0.000,0.000,0.000,0.000,0.000,0.000,0,0,0,0,0,0,0,0,0,0.000,0.000,0.000,0.000,0.000,0.000,0.000,0.000,0,0,0,0,0,0,0,0,0,0,0,0,0,0,0,0,0,0,6601,5469,5345,63,2,9857,4089,924,81754,36071,7409,3044,1195,261,0,0,0,51440,20316,4909,16740,6769,1674,717,338,34,0,0,0,1701.878,110.904,16813.710,1247.405,41,146,1,521,193,977,1689,543,173,1386,287,414,354,263,440,868,207,156,350,553,118,0,0,0,0,0,0,0,0,0,0,0,0,345,776,262,88,0,0,0,0,660,347,133,37,0,0,0,0,0,0,0,0,0,0,0,0,0,0,0,0,0,0,0,0,0.6004,0.4549,12,0,0,0.4225,0.4050,13,0,0
6661,222.0,5300,75,18,3125,2175,0,0,3362,385.02,0.933,0.866,0.694,0.093,0.475,-0.966,1.652,0.3319,1.9691,0.599,0.002,0.011,0.170,-0.007,126,78,66,0,326,0,146766.09,42511.409,37021.216,98.103,22834.854,47.246,44121.759,27915.401,5529.068,17110.552,13688.442,2873.165,359.917,831.437,0.000216,0.013966,5497,0,5,61,61,5,53109,449,50,87.960,0,0,0,0,0,0,0,0,0,0,0,0,0,0,66388,1522,5048,60779.822,36494.616,22259.376,0.010,87.960,31961.279,24786.825,344.076,269,346,74,5,267,71343,0,0,0,0.000,0.000,0.000,0.000,0.000,0.000,0.000,0.000,0,0,0,0,0,0,0,0,0,0.000,0.000,0.000,0.000,0.000,0.000,0.000,0.000,0,0,0,0,0,0,0,0,0,0.000,0.000,0.000,0.000,0.000,0.000,0.000,0.000,0,0,0,0,0,0,0,0,0,0.000,0.000,0.000,0.000,0.000,0.000,0.000,0.000,0,0,0,0,0,0,0,0,0,0.000,0.000,0.000,0.000,0.000,0.000,0.000,0.000,0,0,0,0,0,0,0,0,0,0,0,0,0,0,0,0,0,0,6601,5469,5345,63,2,9809,4063,988,81191,36562,6869,2944,1145,349,0,0,0,49744,18724,4948,15984,6059,1607,660,355,78,0,0,0,1715.945,109.407,15307.505,1257.614,40,192,0,498,169,917,1600,523,159,1404,261,427,332,259,442,804,196,171,363,531,110,0,0,0,0,0,0,0,0,0,0,0,0,349,750,281,80,0,0,0,0,654,332,144,44,0,0,0,1,0,0,0,0,0,0,0,0,0,0,0,0,0,0,0,0,0.6294,0.4617,13,1,0,0.4367,0.4304,13,0,0
6691,223.0,5085,66,18,3067,2018,0,0,3178,313.10,0.917,0.850,0.698,0.093,0.485,-0.967,1.656,0.3335,1.9759,0.604,0.003,0.009,0.171,-0.006,104,82,103,0,321,0,140557.45,40814.802,33728.205,146.274,21306.962,50.913,42366.862,26513.445,5260.679,12905.380,10324.304,3232.285,136.930,806.656,0.000370,0.016932,5219,0,11,92,98,11,52385,540,81,140.503,0,0,0,0,0,0,0,0,0,0,0,0,0,0,62959,1376,4679,55490.179,33188.025,20513.144,0.014,140.503,30365.072,23431.311,314.234,195,352,80,11,261,75095,0,0,0,0.000,0.000,0.000,0.000,0.000,0.000,0.000,0.000,0,0,0,0,0,0,0,0,0,0.000,0.000,0.000,0.000,0.000,0.000,0.000,0.000,0,0,0,0,0,0,0,0,0,0.000,0.000,0.000,0.000,0.000,0.000,0.000,0.000,0,0,0,0,0,0,0,0,0,0.000,0.000,0.000,0.000,0.000,0.000,0.000,0.000,0,0,0,0,0,0,0,0,0,0.000,0.000,0.000,0.000,0.000,0.000,0.000,0.000,0,0,0,0,0,0,0,0,0,0,0,0,0,0,0,0,0,0,6601,5469,5345,63,2,9568,4128,769,80177,36633,6796,2891,1317,235,0,0,0,47369,17760,4834,14997,5847,1629,593,340,55,0,0,0,1724.665,103.682,14573.656,1259.494,30,132,1,474,159,809,1451,478,159,1412,259,399,303,260,434,802,224,162,300,431,99,0,0,0,0,0,0,0,0,0,0,0,0,329,725,276,66,0,0,0,0,551,262,146,31,0,0,0,2,0,0,0,0,0,0,0,0,0,0,0,0,0,0,0,0,0.5821,0.4426,12,0,0,0.4042,0.4201,13,0,0
6721,224.0,4917,95,18,3045,1872,0,0,3041,335.71,0.899,0.831,0.701,0.092,0.497,-0.967,1.659,0.3314,1.9285,0.598,0.001,0.016,0.173,-0.005,140,71,66,0,317,0,134758.33,38723.857,31377.988,100.392,20450.515,52.700,40138.777,24663.334,4978.288,13031.947,10425.558,2665.767,221.041,727.758,0.000288,0.019040,4969,0,3,63,63,3,51727,627,55,91.587,0,0,0,0,0,0,0,0,0,0,0,0,0,0,58410,1283,4342,52137.913,30896.916,19580.116,0.004,91.587,28241.838,21625.504,288.281,203,349,69,3,277,80961,0,0,0,0.000,0.000,0.000,0.000,0.000,0.000,0.000,0.000,0,0,0,0,0,0,0,0,0,0.000,0.000,0.000,0.000,0.000,0.000,0.000,0.000,0,0,0,0,0,0,0,0,0,0.000,0.000,0.000,0.000,0.000,0.000,0.000,0.000,0,0,0,0,0,0,0,0,0,0.000,0.000,0.000,0.000,0.000,0.000,0.000,0.000,0,0,0,0,0,0,0,0,0,0.000,0.000,0.000,0.000,0.000,0.000,0.000,0.000,0,0,0,0,0,0,0,0,0,0,0,0,0,0,0,0,0,0,6601,5469,5345,63,2,9559,4304,650,79244,37023,6412,2805,1339,157,0,0,0,44221,16665,3903,13631,5500,1501,558,322,43,0,0,0,1738.287,95.385,13674.639,1050.179,30,138,1,408,145,831,1355,412,124,1432,239,393,301,250,430,698,174,166,294,442,98,0,0,0,0,0,0,0,0,0,0,0,0,331,691,287,65,0,0,0,0,550,275,137,38,0,0,0,0,0,0,0,0,0,0,0,0,0,0,0,0,0,0,0,0,0.5827,0.4121,12,0,0,0.4368,0.4148,13,0,0
6751,225.0,4767,90,16,2996,1771,0,0,2934,398.04,0.889,0.819,0.703,0.091,0.504,-0.968,1.660,0.3317,1.9261,0.607,0.002,0.012,0.175,-0.004,143,65,71,0,298,0,130281.38,36568.740,30939.741,111.128,18837.569,49.890,38303.820,22908.454,4744.126,12896.097,10316.878,2568.312,259.769,732.860,0.000230,0.019418,4917,0,4,67,65,4,50909,837,57,105.225,0,0,0,0,0,0,0,0,0,0,0,0,0,0,54765,1265,4080,49762.742,30561.909,17596.760,0.002,105.225,26514.035,19889.182,286.163,198,299,64,4,231,68102,0,0,0,0.000,0.000,0.000,0.000,0.000,0.000,0.000,0.000,0,0,0,0,0,0,0,0,0,0.000,0.000,0.000,0.000,0.000,0.000,0.000,0.000,0,0,0,0,0,0,0,0,0,0.000,0.000,0.000,0.000,0.000,0.000,0.000,0.000,0,0,0,0,0,0,0,0,0,0.000,0.000,0.000,0.000,0.000,0.000,0.000,0.000,0,0,0,0,0,0,0,0,0,0.000,0.000,0.000,0.000,0.000,0.000,0.000,0.000,0,0,0,0,0,0,0,0,0,0,0,0,0,0,0,0,0,0,6751,4767,4691,3,0,9658,4267,801,78206,37159,5735,2754,1242,262,0,0,0,41833,15216,3586,12411,5435,1345,521,304,46,0,0,0,1732.814,89.730,12641.332,930.332,30,105,0,403,133,777,1318,417,118,1412,215,402,310,241,416,662,176,147,315,409,62,0,0,0,0,0,0,0,0,0,0,0,0,328,677,300,64,0,0,0,0,517,263,122,31,0,0,0,0,0,0,0,0,0,0,0,0,0,0,0,0,0,0,0,0,0.5668,0.4325,12,0,0,0.4234,0.4495,12,0,0
6781,226.0,4617,80,16,2957,1660,0,0,2777,375.86,0.876,0.804,0.705,0.089,0.513,-0.968,1.660,0.3344,1.9311,0.612,0.001,0.011,0.177,-0.003,147,63,64,1,276,0,126465.93,34908.755,29148.149,104.205,17029.372,56.015,36688.107,21277.517,4479.215,11287.852,9030.282,2504.112,191.857,578.183,0.000306,0.021159,4420,0,2,62,55,2,50690,595,46,91.784,0,0,0,0,0,0,0,0,0,0,0,0,0,0,51565,1188,3825,46306.998,28693.116,16184.739,0.001,91.784,25055.756,18327.436,259.740,168,279,59,2,218,66977,0,0,0,0.000,0.000,0.000,0.000,0.000,0.000,0.000,0.000,0,0,0,0,0,0,0,0,0,0.000,0.000,0.000,0.000,0.000,0.000,0.000,0.000,0,0,0,0,0,0,0,0,0,0.000,0.000,0.000,0.000,0.000,0.000,0.000,0.000,0,0,0,0,0,0,0,0,0,0.000,0.000,0.000,0.000,0.000,0.000,0.000,0.000,0,0,0,0,0,0,0,0,0,0.000,0.000,0.000,0.000,0.000,0.000,0.000,0.000,0,0,0,0,0,0,0,0,0,0,0,0,0,0,0,0,0,0,6751,4767,4691,3,0,9344,4294,747,77186,36706,5504,2766,1205,318,0,0,0,39747,14214,3345,11326,4670,1296,492,200,74,0,0,0,1718.310,87.546,11446.466,878.255,37,135,0,384,127,732,1253,390,112,1397,217,424,299,228,392,630,146,137,248,402,97,0,0,0,0,0,0,0,0,0,0,0,0,315,664,294,70,0,0,0,0,493,252,118,21,0,0,0,0,0,0,0,0,0,0,0,0,0,0,0,0,0,0,0,0,0.5413,0.4374,12,0,0,0.4359,0.4213,12,0,0
6811,227.0,4486,73,16,2902,1584,0,0,2610,389.79,0.869,0.796,0.704,0.089,0.519,-0.968,1.661,0.3315,1.9297,0.625,0.001,0.008,0.178,-0.003,153,67,57,0,244,0,121502.02,33553.378,26385.013,72.060,15922.477,60.686,35397.391,20856.556,4221.803,10831.372,8665.098,1556.288,222.160,553.888,0.000206,0.021140,4135,0,1,56,48,1,50289,533,40,64.725,0,0,0,0,0,0,0,0,0,0,0,0,0,0,49090,1078,3602,42571.652,25984.098,15246.476,0.000,64.725,23925.767,17970.274,258.705,167,243,58,1,184,60907,0,0,0,0.000,0.000,0.000,0.000,0.000,0.000,0.000,0.000,0,0,0,0,0,0,0,0,0,0.000,0.000,0.000,0.000,0.000,0.000,0.000,0.000,0,0,0,0,0,0,0,0,0,0.000,0.000,0.000,0.000,0.000,0.000,0.000,0.000,0,0,0,0,0,0,0,0,0,0.000,0.000,0.000,0.000,0.000,0.000,0.000,0.000,0,0,0,0,0,0,0,0,0,0.000,0.000,0.000,0.000,0.000,0.000,0.000,0.000,0,0,0,0,0,0,0,0,0,0,0,0,0,0,0,0,0,0,6751,4767,4691,3,0,9259,4176,695,76051,36006,5882,2676,1141,207,0,0,0,38147,14553,3483,10489,4041,1121,454,222,38,0,0,0,1684.786,89.331,11298.563,854.176,37,122,0,373,123,633,1136,389,120,1353,239,417,306,217,370,614,157,133,214,364,102,0,0,0,0,0,0,0,0,0,0,0,0,322,624,293,71,0,0,0,0,464,222,107,20,0,0,0,0,0,0,0,0,0,0,0,0,0,0,0,0,0,0,0,0,0.5368,0.4498,12,0,0,0.4382,0.4606,13,0,0
6841,228.0,4406,94,16,2885,1521,0,0,2496,441.61,0.859,0.787,0.706,0.088,0.525,-0.968,1.661,0.3332,1.9439,0.645,0.000,0.008,0.179,-0.002,147,65,35,0,219,0,116676.83,32481.454,24608.561,48.207,15730.947,59.721,34025.783,19873.075,3958.582,10819.744,8655.795,1275.325,106.155,560.541,0.000299,0.018889,3818,0,2,33,31,2,50270,499,24,40.430,0,0,0,0,0,0,0,0,0,0,0,0,0,0,46487,1003,3319,40608.153,24213.209,15079.345,0.014,40.430,22701.643,17108.444,223.592,167,230,58,2,170,60577,0,0,0,0.000,0.000,0.000,0.000,0.000,0.000,0.000,0.000,0,0,0,0,0,0,0,0,0,0.000,0.000,0.000,0.000,0.000,0.000,0.000,0.000,0,0,0,0,0,0,0,0,0,0.000,0.000,0.000,0.000,0.000,0.000,0.000,0.000,0,0,0,0,0,0,0,0,0,0.000,0.000,0.000,0.000,0.000,0.000,0.000,0.000,0,0,0,0,0,0,0,0,0,0.000,0.000,0.000,0.000,0.000,0.000,0.000,0.000,0,0,0,0,0,0,0,0,0,0,0,0,0,0,0,0,0,0,6751,4767,4691,3,0,8982,3920,800,74994,35333,6091,2700,1139,237,0,0,0,35793,13741,2968,10280,4077,1066,414,123,28,0,0,0,1639.939,91.337,10777.320,758.125,31,105,0,349,102,628,1058,338,99,1344,229,405,317,223,367,567,134,133,259,353,75,0,0,0,0,0,0,0,0,0,0,0,0,332,609,292,79,0,0,0,0,445,238,119,17,0,0,0,1,0,0,0,0,0,0,0,0,0,0,0,0,0,0,0,0,0.5455,0.4235,12,0,0,0.4198,0.4259,12,0,0
6871,229.0,4275,77,16,2869,1406,0,0,2370,428.18,0.839,0.770,0.707,0.085,0.537,-0.967,1.665,0.3347,1.9324,0.646,0.001,0.006,0.181,-0.002,145,81,27,0,227,0,111238.88,30911.642,22264.633,30.293,15390.560,61.702,32819.171,18339.115,3779.381,8993.540,7194.832,1318.201,52.125,537.814,0.000308,0.020433,3824,0,5,22,25,5,50711,401,17,26.938,0,0,0,0,0,0,0,0,0,0,0,0,0,0,44026,910,3423,37931.557,21880.203,14837.727,0.006,26.938,21517.209,15570.193,234.469,134,249,72,5,172,61765,0,0,0,0.000,0.000,0.000,0.000,0.000,0.000,0.000,0.000,0,0,0,0,0,0,0,0,0,0.000,0.000,0.000,0.000,0.000,0.000,0.000,0.000,0,0,0,0,0,0,0,0,0,0.000,0.000,0.000,0.000,0.000,0.000,0.000,0.000,0,0,0,0,0,0,0,0,0,0.000,0.000,0.000,0.000,0.000,0.000,0.000,0.000,0,0,0,0,0,0,0,0,0,0.000,0.000,0.000,0.000,0.000,0.000,0.000,0.000,0,0,0,0,0,0,0,0,0,0,0,0,0,0,0,0,0,0,6751,4767,4691,3,0,8813,3743,732,74881,35569,5930,2700,1178,130,0,0,0,33704,11625,2715,9945,4256,1096,377,113,50,0,0,0,1628.937,91.344,9584.647,719.220,35,95,0,310,107,532,966,317,110,1351,220,396,316,224,362,508,135,125,239,331,68,0,0,0,0,0,0,0,0,0,0,0,0,333,603,283,79,0,0,0,0,432,199,111,21,0,0,0,0,0,0,0,0,0,0,0,0,0,0,0,0,0,0,0,0,0.5537,0.4447,12,0,0,0.4511,0.4219,12,0,0
6901,230.0,4164,78,15,2836,1328,0,0,2270,431.60,0.826,0.757,0.709,0.083,0.544,-0.967,1.668,0.3346,1.9227,0.642,0.001,0.009,0.183,-0.001,141,75,45,0,185,0,106895.83,29532.503,21621.677,42.617,13421.910,64.582,31348.552,17052.403,3582.911,8401.435,6721.148,1270.501,126.087,479.114,0.000281,0.022297,3341,0,2,43,37,2,50721,345,31,38.206,0,0,0,0,0,0,0,0,0,0,0,0,0,0,41142,881,2996,35399.210,21268.464,12991.948,0.000,38.206,20142.979,14339.519,200.685,122,200,68,2,130,47403,0,0,0,0.000,0.000,0.000,0.000,0.000,0.000,0.000,0.000,0,0,0,0,0,0,0,0,0,0.000,0.000,0.000,0.000,0.000,0.000,0.000,0.000,0,0,0,0,0,0,0,0,0,0.000,0.000,0.000,0.000,0.000,0.000,0.000,0.000,0,0,0,0,0,0,0,0,0,0.000,0.000,0.000,0.000,0.000,0.000,0.000,0.000,0,0,0,0,0,0,0,0,0,0.000,0.000,0.000,0.000,0.000,0.000,0.000,0.000,0,0,0,0,0,0,0,0,0,0,0,0,0,0,0,0,0,0,6901,4164,4063,30,0,8689,3719,688,74068,35179,5923,2710,1172,188,0,0,0,31417,10706,2754,9360,3890,1204,365,142,46,0,0,0,1632.739,90.792,8878.006,741.693,32,103,0,285,92,555,931,300,86,1325,238,385,318,219,351,484,112,102,220,356,54,0,0,0,0,0,0,0,0,0,0,0,0,327,596,269,80,0,0,0,1,432,181,104,15,0,0,0,0,0,0,0,0,0,0,0,0,0,0,0,0,0,0,0,0,0.5903,0.4540,12,0,0,0.4581,0.4457,12,0,0
6931,231.0,4037,86,15,2795,1242,0,0,2176,458.01,0.813,0.744,0.710,0.082,0.553,-0.967,1.667,0.3319,1.8943,0.658,0.002,0.006,0.185,0.001,145,89,34,0,169,0,101801.71,28223.171,19910.904,60.080,12025.400,64.653,30002.286,16390.589,3436.935,7544.412,6035.530,1396.999,104.249,448.326,0.000263,0.020928,3020,0,0,34,32,0,50552,341,30,57.352,0,0,0,0,0,0,0,0,0,0,0,0,0,0,38550,813,2679,32225.945,19582.550,11524.526,0.000,57.352,18889.327,13755.336,178.624,117,203,77,0,126,53542,0,0,0,0.000,0.000,0.000,0.000,0.000,0.000,0.000,0.000,0,0,0,0,0,0,0,0,0,0.000,0.000,0.000,0.000,0.000,0.000,0.000,0.000,0,0,0,0,0,0,0,0,0,0.000,0.000,0.000,0.000,0.000,0.000,0.000,0.000,0,0,0,0,0,0,0,0,0,0.000,0.000,0.000,0.000,0.000,0.000,0.000,0.000,0,0,0,0,0,0,0,0,0,0.000,0.000,0.000,0.000,0.000,0.000,0.000,0.000,0,0,0,0,0,0,0,0,0,0,0,0,0,0,0,0,0,0,6901,4164,4063,30,0,8634,3641,725,73234,34689,5846,2688,1186,162,0,0,0,29495,11361,2503,8652,3203,937,403,86,88,0,0,0,1597.243,89.465,8666.146,655.381,39,69,0,290,83,493,858,289,65,1311,208,393,308,231,344,483,106,92,213,294,54,0,0,0,0,0,0,0,0,0,0,0,0,339,582,274,80,0,0,0,1,377,173,88,15,0,0,0,0,0,0,0,0,0,0,0,0,0,0,0,0,0,0,0,0,0.5949,0.4257,12,0,0,0.4537,0.4362,12,0,0
6961,232.0,3899,88,15,2764,1135,0,0,2049,482.22,0.791,0.724,0.710,0.081,0.566,-0.966,1.668,0.3354,1.9146,0.662,0.001,0.011,0.187,0.002,137,70,24,0,190,0,95527.23,26976.248,16886.464,36.721,11320.980,65.042,28412.848,15524.672,3250.960,6385.349,5108.279,1164.293,99.853,444.218,0.000143,0.022152,2889,0,3,21,23,3,49828,372,14,31.592,0,0,0,0,0,0,0,0,0,0,0,0,0,0,35619,688,2517,28342.750,16569.402,10816.507,0.001,31.592,17446.326,12989.218,137.429,95,202,62,3,137,56281,0,0,0,0.000,0.000,0.000,0.000,0.000,0.000,0.000,0.000,0,0,0,0,0,0,0,0,0,0.000,0.000,0.000,0.000,0.000,0.000,0.000,0.000,0,0,0,0,0,0,0,0,0,0.000,0.000,0.000,0.000,0.000,0.000,0.000,0.000,0,0,0,0,0,0,0,0,0,0.000,0.000,0.000,0.000,0.000,0.000,0.000,0.000,0,0,0,0,0,0,0,0,0,0.000,0.000,0.000,0.000,0.000,0.000,0.000,0.000,0,0,0,0,0,0,0,0,0,0,0,0,0,0,0,0,0,0,6901,4164,4063,30,0,8655,3692,657,72098,33673,6073,2616,1196,200,0,0,0,27233,10513,2219,7960,2924,915,426,137,59,0,0,0,1544.817,91.216,8262.782,601.210,35,86,0,248,74,412,732,255,67,1267,237,380,302,239,339,417,107,98,171,285,57,0,0,0,0,0,0,0,0,0,0,0,0,343,571,269,77,0,0,0,0,339,174,87,11,0,0,0,0,0,0,0,0,0,0,0,0,0,0,0,0,0,0,0,0,0.5874,0.4825,12,0,0,0.4601,0.4574,12,0,0
6991,233.0,3751,79,15,2718,1033,0,0,1936,558.03,0.772,0.705,0.712,0.080,0.578,-0.966,1.669,0.3332,1.9077,0.668,0.001,0.010,0.189,0.002,172,86,28,0,173,0,90393.40,25615.004,15801.035,43.788,10777.995,72.861,26705.866,13942.576,3042.918,6096.367,4877.094,1174.526,111.260,397.244,0.000176,0.023222,2694,0,1,27,26,1,49409,325,18,31.958,0,0,0,0,0,0,0,0,0,0,0,0,0,0,32380,643,2369,26711.991,15524.317,10304.486,0.000,31.958,15839.040,11479.510,121.312,89,191,77,1,113,55524,0,0,0,0.000,0.000,0.000,0.000,0.000,0.000,0.000,0.000,0,0,0,0,0,0,0,0,0,0.000,0.000,0.000,0.000,0.000,0.000,0.000,0.000,0,0,0,0,0,0,0,0,0,0.000,0.000,0.000,0.000,0.000,0.000,0.000,0.000,0,0,0,0,0,0,0,0,0,0.000,0.000,0.000,0.000,0.000,0.000,0.000,0.000,0,0,0,0,0,0,0,0,0,0.000,0.000,0.000,0.000,0.000,0.000,0.000,0.000,0,0,0,0,0,0,0,0,0,0,0,0,0,0,0,0,0,0,6901,4164,4063,30,0,8728,3686,735,71126,33169,6033,2600,1231,101,0,0,0,24592,8910,2367,7362,2695,939,426,192,59,0,0,0,1520.020,89.880,7004.969,639.297,41,80,0,223,79,375,686,236,64,1264,212,366,312,235,329,397,98,83,151,244,60,0,0,0,0,0,0,0,0,0,0,0,0,349,553,252,88,0,0,0,0,302,151,66,19,0,0,0,0,0,0,0,0,0,0,0,0,0,0,0,0,0,0,0,0,0.5919,0.4079,12,1,0,0.4589,0.4480,12,0,0
7021,234.0,3593,113,15,2673,920,0,0,1847,526.66,0.748,0.684,0.714,0.078,0.593,-0.966,1.671,0.3367,1.8168,0.675,0.001,0.016,0.192,0.004,162,82,28,0,175,0,85132.77,24486.494,13773.431,48.626,9420.397,75.949,25184.846,12598.694,2896.985,5300.401,4240.321,1410.052,93.001,325.534,0.000208,0.024237,2466,0,0,28,28,0,48660,335,25,41.890,0,0,0,0,0,0,0,0,0,0,0,0,0,0,29718,554,2131,23131.641,13407.657,9015.174,0.000,41.890,14559.014,10190.636,123.917,70,183,71,0,112,48724,0,0,0,0.000,0.000,0.000,0.000,0.000,0.000,0.000,0.000,0,0,0,0,0,0,0,0,0,0.000,0.000,0.000,0.000,0.000,0.000,0.000,0.000,0,0,0,0,0,0,0,0,0,0.000,0.000,0.000,0.000,0.000,0.000,0.000,0.000,0,0,0,0,0,0,0,0,0,0.000,0.000,0.000,0.000,0.000,0.000,0.000,0.000,0,0,0,0,0,0,0,0,0,0.000,0.000,0.000,0.000,0.000,0.000,0.000,0.000,0,0,0,0,0,0,0,0,0,0,0,0,0,0,0,0,0,0,6901,4164,4063,30,0,8459,3488,846,69747,32543,5559,2593,1237,85,0,0,0,22685,7864,2309,6645,2525,941,388,181,51,0,0,0,1477.696,82.587,6210.289,600.309,39,92,0,200,72,362,600,184,73,1224,218,358,309,238,326,308,100,73,159,235,45,0,0,0,0,0,0,0,0,0,0,0,0,365,547,243,76,0,0,0,0,283,148,67,14,0,0,0,0,0,0,0,0,0,0,0,0,0,0,0,0,0,0,0,0,0.5548,0.4730,11,0,0,0.4533,0.4426,12,0,0
7051,235.0,3474,104,16,2643,831,0,0,1766,558.18,0.727,0.664,0.715,0.077,0.606,-0.967,1.672,0.3392,1.8128,0.682,0.001,0.014,0.194,0.005,153,90,22,0,136,0,83415.22,23669.763,14460.958,33.692,7566.083,75.133,23285.317,11337.830,2745.233,5434.302,4347.442,1002.595,149.959,274.163,0.000177,0.023624,1971,0,0,22,19,0,48489,222,17,30.564,0,0,0,0,0,0,0,0,0,0,0,0,0,0,26180,585,1749,22080.618,14165.375,7217.014,0.000,30.564,12818.154,9021.636,86.185,75,164,75,0,89,50384,0,0,0,0.000,0.000,0.000,0.000,0.000,0.000,0.000,0.000,0,0,0,0,0,0,0,0,0,0.000,0.000,0.000,0.000,0.000,0.000,0.000,0.000,0,0,0,0,0,0,0,0,0,0.000,0.000,0.000,0.000,0.000,0.000,0.000,0.000,0,0,0,0,0,0,0,0,0,0.000,0.000,0.000,0.000,0.000,0.000,0.000,0.000,0,0,0,0,0,0,0,0,0,0.000,0.000,0.000,0.000,0.000,0.000,0.000,0.000,0,0,0,0,0,0,0,0,0,0,0,0,0,0,0,0,0,0,7051,3474,3392,3,2,8261,3431,782,68831,31683,5779,2580,1205,107,0,0,0,19835,6962,1970,6040,2494,696,305,188,48,0,0,0,1437.666,85.961,5616.281,491.528,38,60,1,196,78,339,622,204,76,1198,227,354,291,252,321,318,72,59,132,210,40,0,0,0,0,0,0,0,0,0,0,0,0,371,536,242,69,0,0,0,0,250,126,52,13,0,0,0,0,0,0,0,0,0,0,0,0,0,0,0,0,0,0,0,0,0.5719,0.4420,10,0,0,0.4482,0.4302,12,0,0
7081,236.0,3383,94,16,2604,779,0,0,1658,564.88,0.715,0.654,0.712,0.075,0.613,-0.968,1.675,0.3367,1.8556,0.687,0.000,0.022,0.196,0.005,180,63,26,0,129,0,81249.65,22682.084,13064.173,57.387,8090.196,77.551,22160.932,10564.040,2611.255,5364.684,4291.748,1210.103,68.236,281.715,0.000127,0.022688,1985,0,1,25,26,1,48338,250,22,51.882,0,0,0,0,0,0,0,0,0,0,0,0,0,0,24145,527,1735,21101.515,12757.195,7685.553,0.000,51.882,11829.664,8316.625,66.715,74,126,48,1,77,33044,0,0,0,0.000,0.000,0.000,0.000,0.000,0.000,0.000,0.000,0,0,0,0,0,0,0,0,0,0.000,0.000,0.000,0.000,0.000,0.000,0.000,0.000,0,0,0,0,0,0,0,0,0,0.000,0.000,0.000,0.000,0.000,0.000,0.000,0.000,0,0,0,0,0,0,0,0,0,0.000,0.000,0.000,0.000,0.000,0.000,0.000,0.000,0,0,0,0,0,0,0,0,0,0.000,0.000,0.000,0.000,0.000,0.000,0.000,0.000,0,0,0,0,0,0,0,0,0,0,0,0,0,0,0,0,0,0,7051,3474,3392,3,2,8017,3396,763,67990,31093,5555,2664,1178,210,0,0,0,17936,6362,1569,5917,2263,613,292,97,50,0,0,0,1392.323,85.131,5133.069,397.027,47,58,1,162,59,331,562,176,55,1183,211,344,301,258,307,270,92,52,135,197,33,0,0,0,0,0,0,0,0,0,0,0,0,381,522,243,64,0,0,0,0,254,103,54,6,0,0,0,0,0,0,0,0,0,0,0,0,0,0,0,0,0,0,0,0,0.6127,0.4225,10,0,0,0.4545,0.4666,12,0,0
7111,237.0,3295,100,16,2560,735,0,0,1593,570.40,0.706,0.645,0.712,0.074,0.619,-0.968,1.679,0.3392,1.8513,0.692,0.001,0.016,0.197,0.004,146,61,33,0,106,0,78459.05,21832.247,11215.047,49.127,7324.117,86.386,21288.535,9818.479,2459.656,4650.000,3720.000,992.924,149.274,248.147,0.000189,0.021566,1875,0,0,33,32,0,47569,345,23,34.490,0,0,0,0,0,0,0,0,0,0,0,0,0,0,22598,451,1530,17891.507,10910.311,6416.660,0.000,34.490,11098.483,7613.983,62.315,62,106,47,0,59,30424,0,0,0,0.000,0.000,0.000,0.000,0.000,0.000,0.000,0.000,0,0,0,0,0,0,0,0,0,0.000,0.000,0.000,0.000,0.000,0.000,0.000,0.000,0,0,0,0,0,0,0,0,0,0.000,0.000,0.000,0.000,0.000,0.000,0.000,0.000,0,0,0,0,0,0,0,0,0,0.000,0.000,0.000,0.000,0.000,0.000,0.000,0.000,0,0,0,0,0,0,0,0,0,0.000,0.000,0.000,0.000,0.000,0.000,0.000,0.000,0,0,0,0,0,0,0,0,0,0,0,0,0,0,0,0,0,0,7051,3474,3392,3,2,7955,3440,647,66863,30684,5303,2701,1136,254,0,0,0,16524,5718,1511,5803,2079,739,271,146,29,0,0,0,1363.496,86.013,4609.946,397.558,34,42,0,146,53,301,494,160,41,1153,221,325,301,274,286,276,82,43,129,175,30,0,0,0,0,0,0,0,0,0,0,0,0,385,516,228,57,0,0,0,0,234,93,40,10,0,0,0,0,0,0,0,0,0,0,0,0,0,0,0,0,0,0,0,0,0.6063,0.4236,10,0,0,0.4453,0.4296,12,0,0
7141,238.0,3213,127,16,2543,670,0,0,1514,577.83,0.688,0.629,0.713,0.072,0.631,-0.968,1.680,0.3397,1.8916,0.693,0.002,0.018,0.199,0.005,163,61,18,0,130,0,75731.01,21478.375,10177.645,22.460,7279.735,76.461,20459.815,9408.729,2353.339,5150.512,4120.410,809.386,101.405,243.748,0.000177,0.020930,1818,0,2,16,15,2,47761,281,11,20.091,0,0,0,0,0,0,0,0,0,0,0,0,0,0,21105,405,1537,16976.807,9814.300,6646.113,0.002,20.091,10387.955,7245.526,58.514,63,128,49,2,77,38170,0,0,0,0.000,0.000,0.000,0.000,0.000,0.000,0.000,0.000,0,0,0,0,0,0,0,0,0,0.000,0.000,0.000,0.000,0.000,0.000,0.000,0.000,0,0,0,0,0,0,0,0,0,0.000,0.000,0.000,0.000,0.000,0.000,0.000,0.000,0,0,0,0,0,0,0,0,0,0.000,0.000,0.000,0.000,0.000,0.000,0.000,0.000,0,0,0,0,0,0,0,0,0,0.000,0.000,0.000,0.000,0.000,0.000,0.000,0.000,0,0,0,0,0,0,0,0,0,0,0,0,0,0,0,0,0,0,7051,3474,3392,3,2,7846,3518,612,66012,30437,5209,2738,1140,159,0,0,0,15047,5631,1432,5760,2319,682,298,132,40,0,0,0,1364.180,83.604,4604.854,390.638,35,62,1,160,50,274,457,133,65,1176,178,333,291,284,281,235,63,46,128,166,32,0,0,0,0,0,0,0,0,0,0,0,0,395,515,226,53,0,0,0,0,228,98,28,18,0,0,0,0,0,0,0,0,0,0,0,0,0,0,0,0,0,0,0,0,0.6209,0.4736,10,1,0,0.4547,0.4367,12,0,0
7171,239.0,3140,88,16,2514,626,0,0,1417,618.64,0.676,0.619,0.715,0.071,0.639,-0.968,1.683,0.3403,1.8621,0.691,0.002,0.018,0.201,0.006,167,65,17,1,105,0,74906.54,20865.303,10796.917,32.075,6336.314,85.826,19478.253,8610.277,2184.019,4732.894,3786.316,892.609,202.310,204.712,0.000142,0.019539,1595,0,0,17,16,0,47255,331,14,28.704,0,0,0,0,0,0,0,0,0,0,0,0,0,0,19295,433,1264,16859.293,10444.424,5920.570,0.000,28.704,9497.757,6483.179,43.306,62,107,48,0,59,29699,0,0,0,0.000,0.000,0.000,0.000,0.000,0.000,0.000,0.000,0,0,0,0,0,0,0,0,0,0.000,0.000,0.000,0.000,0.000,0.000,0.000,0.000,0,0,0,0,0,0,0,0,0,0.000,0.000,0.000,0.000,0.000,0.000,0.000,0.000,0,0,0,0,0,0,0,0,0,0.000,0.000,0.000,0.000,0.000,0.000,0.000,0.000,0,0,0,0,0,0,0,0,0,0.000,0.000,0.000,0.000,0.000,0.000,0.000,0.000,0,0,0,0,0,0,1,0,0,0,0,0,0,0,0,0,0,0,7051,3474,3392,3,2,7703,3540,465,65286,29896,5006,2771,1203,250,0,0,0,13567,4667,1020,5428,2058,540,300,91,77,0,0,0,1350.938,78.127,3800.610,296.480,35,56,0,139,53,251,482,149,55,1150,195,322,277,279,291,217,51,42,118,156,42,0,0,0,0,0,0,0,0,0,0,0,0,393,510,219,46,0,0,0,1,216,104,27,11,0,0,0,0,0,0,0,0,0,0,0,0,0,0,0,0,0,0,0,0,0.5911,0.4384,10,0,0,0.4779,0.4360,12,0,0
7201,240.0,3070,96,15,2486,584,0,0,1325,561.46,0.664,0.608,0.717,0.071,0.646,-0.969,1.686,0.3407,1.8897,0.700,0.002,0.019,0.202,0.006,187,54,22,0,113,0,73897.61,20593.928,9832.167,38.597,5458.492,94.215,18781.538,8264.486,2039.574,4868.369,3894.695,1070.895,133.634,209.818,0.000194,0.019415,1370,0,0,22,20,0,46789,282,16,27.321,0,0,0,0,0,0,0,0,0,0,0,0,0,0,18112,393,1088,15175.571,9509.916,5191.653,0.000,27.321,8889.237,6146.496,40.401,63,105,44,0,61,30156,0,0,0,0.000,0.000,0.000,0.000,0.000,0.000,0.000,0.000,0,0,0,0,0,0,0,0,0,0.000,0.000,0.000,0.000,0.000,0.000,0.000,0.000,0,0,0,0,0,0,0,0,0,0.000,0.000,0.000,0.000,0.000,0.000,0.000,0.000,0,0,0,0,0,0,0,0,0,0.000,0.000,0.000,0.000,0.000,0.000,0.000,0.000,0,0,0,0,0,0,0,0,0,0.000,0.000,0.000,0.000,0.000,0.000,0.000,0.000,0,0,0,0,0,0,0,0,0,0,0,0,0,0,0,0,0,0,7201,3070,3016,6,1,7734,3421,577,64396,29561,5131,2809,1268,314,0,0,0,12759,4139,997,5058,1891,469,295,83,83,0,0,0,1355.125,81.874,3561.376,284.194,40,37,0,130,43,271,436,126,44,1137,200,301,254,304,290,196,57,42,97,163,29,0,0,0,0,0,0,0,0,0,0,0,0,407,501,194,47,0,0,0,0,215,76,30,10,0,0,0,0,0,0,0,0,0,0,0,0,0,0,0,0,0,0,0,0,0.6531,0.4717,10,1,0,0.4456,0.4176,12,0,0
7231,241.0,3026,121,15,2475,551,0,0,1279,591.56,0.652,0.599,0.720,0.071,0.653,-0.968,1.690,0.3406,1.9039,0.703,0.002,0.018,0.204,0.006,159,52,14,1,71,0,73646.08,20519.155,8885.762,16.236,5615.033,95.084,18225.920,7891.945,1925.999,3676.466,2941.173,586.368,116.911,190.250,0.000134,0.019271,1304,0,1,13,12,1,46519,259,8,14.290,0,0,0,0,0,0,0,0,0,0,0,0,0,0,17087,358,1045,14386.417,8629.422,5339.185,0.000,14.290,8375.185,5791.880,35.825,45,78,41,1,36,20614,0,0,0,0.000,0.000,0.000,0.000,0.000,0.000,0.000,0.000,0,0,0,0,0,0,0,0,0,0.000,0.000,0.000,0.000,0.000,0.000,0.000,0.000,0,0,0,0,0,0,0,0,0,0.000,0.000,0.000,0.000,0.000,0.000,0.000,0.000,0,0,0,0,0,0,0,0,0,0.000,0.000,0.000,0.000,0.000,0.000,0.000,0.000,0,0,0,0,0,0,0,0,0,0.000,0.000,0.000,0.000,0.000,0.000,0.000,0.000,0,0,0,0,0,0,0,0,0,0,0,0,0,0,0,0,0,0,7201,3070,3016,6,1,7727,3395,482,63817,29551,4800,2834,1304,228,0,0,0,12133,3759,1053,4678,1937,401,276,32,91,0,0,0,1353.816,75.179,3401.485,282.397,39,49,1,145,35,239,394,121,44,1145,176,307,266,299,282,185,53,47,101,142,23,0,0,0,0,0,0,0,0,0,0,0,0,403,489,212,50,0,0,0,0,195,59,54,4,0,0,0,1,0,0,0,0,0,0,0,0,0,0,0,0,0,0,0,0,0.6132,0.4560,9,0,0,0.4485,0.4224,12,0,0
7261,242.0,2986,131,15,2467,519,0,0,1198,581.14,0.642,0.590,0.721,0.071,0.659,-0.968,1.693,0.3400,1.8366,0.704,0.001,0.021,0.205,0.007,167,52,18,0,90,0,75401.31,20987.759,9986.835,33.728,5665.437,81.055,17716.782,7604.067,1840.738,4789.882,3831.906,816.257,101.120,216.151,0.000160,0.019173,1312,0,1,17,16,1,46526,288,13,30.152,0,0,0,0,0,0,0,0,0,0,0,0,0,0,16112,397,1024,15314.759,9604.817,5219.295,0.000,30.152,7886.573,5524.010,35.559,58,90,39,1,50,25598,0,0,0,0.000,0.000,0.000,0.000,0.000,0.000,0.000,0.000,0,0,0,0,0,0,0,0,0,0.000,0.000,0.000,0.000,0.000,0.000,0.000,0.000,0,0,0,0,0,0,0,0,0,0.000,0.000,0.000,0.000,0.000,0.000,0.000,0.000,0,0,0,0,0,0,0,0,0,0.000,0.000,0.000,0.000,0.000,0.000,0.000,0.000,0,0,0,0,0,0,0,0,0,0.000,0.000,0.000,0.000,0.000,0.000,0.000,0.000,0,0,0,0,0,0,0,0,0,0,0,0,0,0,0,0,0,0,7201,3070,3016,6,1,7576,3249,499,63666,29440,5019,2819,1333,156,0,0,0,11583,4155,1111,4262,1653,427,267,13,121,0,0,0,1343.241,75.757,3390.207,297.796,31,35,0,164,37,254,445,166,40,1130,196,311,266,293,271,187,65,33,86,133,15,0,0,0,0,0,0,0,0,0,0,0,0,396,490,208,46,0,0,0,1,168,56,38,4,0,0,0,1,0,0,0,0,0,0,0,0,0,0,0,0,0,0,0,0,0.6599,0.4324,11,2,0,0.4450,0.4582,12,0,0
7291,243.0,3030,150,15,2498,532,0,0,1176,581.01,0.642,0.592,0.721,0.070,0.659,-0.968,1.695,0.3407,1.8913,0.690,0.002,0.019,0.206,0.007,156,39,11,0,73,0,77260.33,21289.876,9882.518,21.590,5509.749,85.305,17597.270,7563.908,1738.777,6574.645,5259.716,825.506,91.418,203.159,0.000154,0.019183,1296,0,0,11,10,0,46750,257,9,19.224,0,0,0,0,0,0,0,0,0,0,0,0,0,0,15658,394,1039,15099.476,9543.265,5090.962,0.000,19.224,7686.059,5480.326,41.736,79,66,26,0,40,20167,0,0,0,0.000,0.000,0.000,0.000,0.000,0.000,0.000,0.000,0,0,0,0,0,0,0,0,0,0.000,0.000,0.000,0.000,0.000,0.000,0.000,0.000,0,0,0,0,0,0,0,0,0,0.000,0.000,0.000,0.000,0.000,0.000,0.000,0.000,0,0,0,0,0,0,0,0,0,0.000,0.000,0.000,0.000,0.000,0.000,0.000,0.000,0,0,0,0,0,0,0,0,0,0.000,0.000,0.000,0.000,0.000,0.000,0.000,0.000,0,0,0,0,0,0,0,0,0,0,0,0,0,0,0,0,0,0,7201,3070,3016,6,1,7430,2966,528,64263,29458,5223,2896,1310,187,0,0,0,11277,4264,1121,4094,1762,449,287,44,96,0,0,0,1322.831,78.778,3527.080,286.816,50,46,0,131,60,260,432,144,45,1116,196,311,278,307,290,204,67,32,84,129,16,0,0,0,0,0,0,0,0,0,0,0,0,403,522,212,49,0,0,0,0,156,63,34,8,0,0,0,0,0,0,0,0,0,0,0,0,0,0,0,0,0,0,0,0,0.6275,0.4524,10,2,0,0.4635,0.4268,12,0,0
7321,244.0,3093,152,15,2552,541,0,0,1132,598.92,0.639,0.592,0.719,0.069,0.661,-0.970,1.696,0.3400,1.9147,0.687,0.004,0.028,0.205,0.006,157,44,11,0,48,0,81034.63,22082.190,10994.339,14.498,5850.242,77.851,17865.004,7682.732,1669.067,6447.642,5158.114,438.144,168.370,203.875,0.000181,0.020549,1231,0,0,11,9,0,47938,190,5,8.912,0,0,0,0,0,0,0,0,0,0,0,0,0,0,15991,441,1041,16627.603,10674.819,5447.339,0.000,8.912,7812.841,5587.188,40.587,75,66,40,0,26,19631,0,0,0,0.000,0.000,0.000,0.000,0.000,0.000,0.000,0.000,0,0,0,0,0,0,0,0,0,0.000,0.000,0.000,0.000,0.000,0.000,0.000,0.000,0,0,0,0,0,0,0,0,0,0.000,0.000,0.000,0.000,0.000,0.000,0.000,0.000,0,0,0,0,0,0,0,0,0,0.000,0.000,0.000,0.000,0.000,0.000,0.000,0.000,0,0,0,0,0,0,0,0,0,0.000,0.000,0.000,0.000,0.000,0.000,0.000,0.000,0,0,0,0,0,0,0,0,0,0,0,0,0,0,0,0,0,0,7201,3070,3016,6,1,7581,2732,622,65022,29559,4780,3000,1341,171,0,0,0,11354,4162,929,4294,1927,553,343,97,73,0,0,0,1316.530,73.988,3659.224,266.807,36,31,0,148,59,279,484,146,51,1129,190,322,283,324,304,203,39,45,98,133,23,0,0,0,0,0,0,0,0,0,0,0,0,411,547,225,50,0,0,0,0,173,66,46,14,0,0,0,0,0,0,0,0,0,0,0,0,0,0,0,0,0,0,0,0,0.5845,0.4654,9,1,0,0.4261,0.4320,11,0,0
7351,245.0,3189,159,16,2607,582,0,0,1130,578.87,0.647,0.601,0.720,0.069,0.656,-0.969,1.696,0.3421,1.9698,0.684,0.004,0.021,0.204,0.005,167,41,9,1,49,0,85788.14,22865.927,12393.377,14.637,6393.786,89.381,18458.132,7786.687,1629.885,7885.383,6308.307,604.501,210.143,254.012,0.000172,0.020319,1348,0,0,9,6,0,49235,301,6,14.621,0,0,0,0,0,0,0,0,0,0,0,0,0,0,16823,493,1047,18181.175,11929.859,5706.111,0.000,14.621,8164.409,5663.820,43.550,100,59,31,0,28,17525,0,0,0,0.000,0.000,0.000,0.000,0.000,0.000,0.000,0.000,0,0,0,0,0,0,0,0,0,0.000,0.000,0.000,0.000,0.000,0.000,0.000,0.000,0,0,0,0,0,0,0,0,0,0.000,0.000,0.000,0.000,0.000,0.000,0.000,0.000,0,0,0,0,0,0,0,0,0,0.000,0.000,0.000,0.000,0.000,0.000,0.000,0.000,0,0,0,0,0,0,0,0,0,0.000,0.000,0.000,0.000,0.000,0.000,0.000,0.000,0,0,0,0,0,0,0,0,0,0,0,0,0,0,0,0,0,0,7351,3189,3103,27,2,7782,2652,599,66494,29301,5153,3155,1303,270,0,0,0,11833,3905,881,4657,1780,472,333,104,44,0,0,0,1293.336,80.634,3328.420,251.959,57,39,0,159,77,324,553,161,61,1096,215,342,302,350,302,220,36,47,93,151,35,0,0,0,0,0,0,0,0,0,0,0,0,427,575,234,60,0,0,0,0,180,87,52,6,0,0,0,1,0,0,0,0,0,0,0,0,0,0,0,0,0,0,0,0,0.5969,0.4394,9,0,0,0.4116,0.4148,11,0,0
7381,246.0,3320,157,16,2688,632,0,0,1143,617.07,0.655,0.611,0.718,0.071,0.652,-0.969,1.699,0.3446,1.9506,0.678,0.003,0.021,0.203,0.005,186,39,14,0,44,0,89945.52,24661.540,12232.973,26.885,7746.780,79.669,19406.371,8537.658,1649.297,8916.161,7132.929,836.465,278.439,272.564,0.000192,0.021712,1538,0,1,13,13,1,50827,252,9,22.629,0,0,0,0,0,0,0,0,0,0,0,0,0,0,18318,485,1286,19587.760,11749.332,7246.197,0.000,22.629,8870.049,6375.884,54.188,106,56,33,1,22,13751,0,0,0,0.000,0.000,0.000,0.000,0.000,0.000,0.000,0.000,0,0,0,0,0,0,0,0,0,0.000,0.000,0.000,0.000,0.000,0.000,0.000,0.000,0,0,0,0,0,0,0,0,0,0.000,0.000,0.000,0.000,0.000,0.000,0.000,0.000,0,0,0,0,0,0,0,0,0,0.000,0.000,0.000,0.000,0.000,0.000,0.000,0.000,0,0,0,0,0,0,0,0,0,0.000,0.000,0.000,0.000,0.000,0.000,0.000,0.000,0,0,0,0,0,0,0,0,0,0,0,0,0,0,0,0,0,0,7351,3189,3103,27,2,8156,2628,547,67833,29339,5421,3223,1404,242,0,0,0,12770,4435,1081,5173,1911,544,375,119,35,0,0,0,1292.750,84.145,3781.546,292.482,45,41,0,178,66,298,544,161,69,1126,220,363,315,356,308,231,53,43,94,180,31,0,0,0,0,0,0,0,0,0,0,0,0,436,581,260,64,0,0,0,1,194,105,42,7,0,0,0,0,0,0,0,0,0,0,0,0,0,0,0,0,0,0,0,0,0.6107,0.4309,9,0,0,0.4570,0.4268,11,0,0
7411,247.0,3437,155,16,2751,686,0,0,1174,563.33,0.665,0.623,0.717,0.072,0.646,-0.969,1.699,0.3443,1.9834,0.670,0.005,0.022,0.202,0.004,164,50,24,0,43,0,95859.02,25778.471,14407.792,43.277,8168.973,77.847,20351.770,9217.178,1684.729,9437.973,7550.379,727.478,156.448,290.840,0.000176,0.020002,1613,0,1,23,23,1,52192,239,17,32.073,0,0,0,0,0,0,0,0,0,0,0,0,0,0,19645,578,1374,22363.768,13997.718,7673.388,0.001,32.073,9494.032,6982.235,43.219,121,67,41,1,25,17574,0,0,0,0.000,0.000,0.000,0.000,0.000,0.000,0.000,0.000,0,0,0,0,0,0,0,0,0,0.000,0.000,0.000,0.000,0.000,0.000,0.000,0.000,0,0,0,0,0,0,0,0,0,0.000,0.000,0.000,0.000,0.000,0.000,0.000,0.000,0,0,0,0,0,0,0,0,0,0.000,0.000,0.000,0.000,0.000,0.000,0.000,0.000,0,0,0,0,0,0,0,0,0,0.000,0.000,0.000,0.000,0.000,0.000,0.000,0.000,0,0,0,0,0,0,0,0,0,0,0,0,0,0,0,0,0,0,7351,3189,3103,27,2,8574,2786,536,69655,30633,5374,3362,1545,249,0,0,0,13678,5073,1141,5550,2072,442,417,158,56,0,0,0,1373.065,83.191,4310.879,297.774,29,48,0,188,62,385,637,191,59,1193,201,358,338,357,304,252,50,38,109,205,32,0,0,0,0,0,0,0,0,0,0,0,0,447,584,264,62,0,0,0,0,226,100,53,5,0,0,0,0,0,0,0,0,0,0,0,0,0,0,0,0,0,0,0,0,0.6173,0.4237,9,0,0,0.4388,0.4401,11,0,0
7441,248.0,3579,154,16,2826,753,0,0,1230,588.16,0.676,0.637,0.715,0.074,0.639,-0.971,1.703,0.3442,2.0231,0.651,0.005,0.020,0.201,0.003,175,42,24,0,45,0,100994.30,27176.192,14570.062,42.884,9029.315,75.365,21503.186,10015.890,1732.375,10179.847,8143.877,860.618,201.155,304.664,0.000220,0.019487,1823,0,0,24,22,0,53388,309,17,35.940,0,0,0,0,0,0,0,0,0,0,0,0,0,0,21578,585,1514,23223.476,14154.253,8379.593,0.000,35.940,10401.016,7692.978,63.500,130,63,40,0,23,15409,0,0,0,0.000,0.000,0.000,0.000,0.000,0.000,0.000,0.000,0,0,0,0,0,0,0,0,0,0.000,0.000,0.000,0.000,0.000,0.000,0.000,0.000,0,0,0,0,0,0,0,0,0,0.000,0.000,0.000,0.000,0.000,0.000,0.000,0.000,0,0,0,0,0,0,0,0,0,0.000,0.000,0.000,0.000,0.000,0.000,0.000,0.000,0,0,0,0,0,0,0,0,0,0.000,0.000,0.000,0.000,0.000,0.000,0.000,0.000,0,0,0,0,0,0,0,0,0,0,0,0,0,0,0,0,0,0,7351,3189,3103,27,2,8984,2901,937,70978,31901,5132,3488,1664,348,0,0,0,15093,5352,1382,6071,1947,448,414,184,103,0,0,0,1443.900,85.154,4529.622,362.790,33,53,0,214,67,359,641,219,61,1249,214,368,323,366,306,291,71,46,118,179,48,0,0,0,0,0,0,0,0,0,0,0,0,456,581,264,62,0,0,0,0,226,109,44,12,0,0,0,0,0,0,0,0,0,0,0,0,0,0,0,0,0,0,0,0,0.6276,0.4262,9,0,0,0.4640,0.4318,11,0,0
7471,249.0,3734,126,16,2908,826,0,0,1296,550.54,0.688,0.650,0.716,0.076,0.633,-0.971,1.702,0.3416,2.0427,0.649,0.005,0.015,0.199,0.001,163,36,35,0,57,0,106867.95,28846.759,17051.299,68.208,10649.815,77.637,22772.739,11334.375,1845.663,11235.992,8988.793,1184.927,321.933,385.769,0.000223,0.019436,2152,0,3,32,33,3,55169,398,20,49.013,0,0,0,0,0,0,0,0,0,0,0,0,0,0,23580,688,1754,27313.738,16603.254,9897.596,0.002,49.013,11331.316,8893.318,85.345,142,69,31,3,35,14841,0,0,0,0.000,0.000,0.000,0.000,0.000,0.000,0.000,0.000,0,0,0,0,0,0,0,0,0,0.000,0.000,0.000,0.000,0.000,0.000,0.000,0.000,0,0,0,0,0,0,0,0,0,0.000,0.000,0.000,0.000,0.000,0.000,0.000,0.000,0,0,0,0,0,0,0,0,0,0.000,0.000,0.000,0.000,0.000,0.000,0.000,0.000,0,0,0,0,0,0,0,0,0,0.000,0.000,0.000,0.000,0.000,0.000,0.000,0.000,0,0,0,0,0,0,0,0,0,0,0,0,0,0,0,0,0,0,7351,3189,3103,27,2,9395,3093,941,72964,32740,5680,3614,1747,318,0,0,0,16351,6317,1501,6826,1960,846,403,150,67,0,0,0,1504.998,91.052,5411.340,469.038,50,57,0,209,75,440,752,220,82,1251,240,374,348,377,318,279,92,78,149,184,44,0,0,0,0,0,0,0,0,0,0,0,0,466,611,276,64,0,0,0,0,245,121,67,21,0,0,0,1,0,0,0,0,0,0,0,0,0,0,0,0,0,0,0,0,0.5881,0.4223,9,0,0,0.4469,0.3853,11,0,0
7501,250.0,3942,179,17,3027,915,0,0,1378,499.73,0.698,0.663,0.715,0.077,0.626,-0.970,1.702,0.3468,2.0287,0.634,0.004,0.015,0.198,0.001,157,48,35,0,53,0,112551.31,30966.313,17667.231,65.793,12447.293,70.882,24244.331,12094.987,1936.122,13760.308,11008.247,1341.560,199.194,447.720,0.000240,0.016991,2448,0,3,32,32,3,56907,382,25,55.681,0,0,0,0,0,0,0,0,0,0,0,0,0,0,25987,712,2066,29703.229,17130.726,11705.223,0.005,55.681,12435.777,9603.188,77.553,174,85,46,3,36,17614,0,0,0,0.000,0.000,0.000,0.000,0.000,0.000,0.000,0.000,0,0,0,0,0,0,0,0,0,0.000,0.000,0.000,0.000,0.000,0.000,0.000,0.000,0,0,0,0,0,0,0,0,0,0.000,0.000,0.000,0.000,0.000,0.000,0.000,0.000,0,0,0,0,0,0,0,0,0,0.000,0.000,0.000,0.000,0.000,0.000,0.000,0.000,0,0,0,0,0,0,0,0,0,0.000,0.000,0.000,0.000,0.000,0.000,0.000,0.000,0,0,0,0,0,0,0,0,0,0,0,0,0,0,0,0,0,0,7501,3942,3803,54,1,9737,3347,776,75369,32991,5758,3822,1985,281,0,0,0,17680,6506,1739,7825,2560,838,478,197,120,4,4,0,1523.858,86.205,5810.893,515.545,46,66,1,282,84,467,780,262,80,1301,223,390,357,402,354,348,85,67,150,212,53,0,0,0,0,0,0,0,0,0,0,0,0,495,654,276,77,0,0,0,1,273,129,73,6,0,0,0,1,0,0,0,0,0,0,0,0,0,0,0,0,0,0,0,0,0.6051,0.4192,10,1,0,0.4614,0.4201,11,0,0
7531,251.0,4139,135,17,3117,1022,0,0,1478,472.20,0.714,0.683,0.713,0.078,0.617,-0.969,1.707,0.3494,2.0649,0.618,0.004,0.017,0.196,-0.002,169,42,49,1,70,0,120251.99,33490.929,21425.902,74.173,13856.239,73.611,26043.092,13418.561,2081.028,14815.920,11852.736,1983.030,263.211,538.219,0.000238,0.015031,2809,0,11,38,44,11,59230,525,22,50.805,0,0,0,0,0,0,0,0,0,0,0,0,0,0,28995,866,2284,34528.132,20833.681,12699.757,0.020,50.805,13848.054,10812.749,86.098,201,95,39,11,45,19796,0,0,0,0.000,0.000,0.000,0.000,0.000,0.000,0.000,0.000,0,0,0,0,0,0,0,0,0,0.000,0.000,0.000,0.000,0.000,0.000,0.000,0.000,0,0,0,0,0,0,0,0,0,0.000,0.000,0.000,0.000,0.000,0.000,0.000,0.000,0,0,0,0,0,0,0,0,0,0.000,0.000,0.000,0.000,0.000,0.000,0.000,0.000,0,0,0,0,0,0,0,0,0,0.000,0.000,0.000,0.000,0.000,0.000,0.000,0.000,0,0,0,0,0,0,1,0,0,0,0,0,0,0,0,0,0,0,7501,3942,3803,54,1,10012,3661,557,77995,33598,6131,3950,2051,256,0,0,0,19686,7257,1713,8757,3701,832,552,319,103,0,0,0,1578.633,89.910,6683.711,491.580,37,52,0,287,90,525,946,309,89,1329,243,406,376,405,358,397,100,73,159,240,53,0,0,0,0,0,0,0,0,0,0,0,0,515,663,284,82,0,0,0,1,317,133,59,16,0,0,0,0,0,0,0,0,0,0,0,0,0,0,0,0,0,0,0,0,0.5871,0.4236,10,0,0,0.4555,0.4095,11,0,0
7561,252.0,4361,128,17,3215,1146,0,0,1619,446.42,0.732,0.701,0.711,0.078,0.606,-0.969,1.702,0.3500,2.0547,0.616,0.004,0.017,0.194,-0.003,129,43,42,0,74,0,127894.65,35494.345,22961.877,74.466,16929.238,66.531,27973.278,15007.730,2274.529,15823.372,12658.698,1788.917,109.137,569.770,0.000264,0.014244,3227,0,6,36,40,6,61731,405,20,48.978,0,0,0,0,0,0,0,0,0,0,0,0,0,0,32325,925,2822,39493.728,22305.801,16006.524,0.008,48.978,15378.935,12281.854,93.572,218,94,40,6,48,20013,0,0,0,0.000,0.000,0.000,0.000,0.000,0.000,0.000,0.000,0,0,0,0,0,0,0,0,0,0.000,0.000,0.000,0.000,0.000,0.000,0.000,0.000,0,0,0,0,0,0,0,0,0,0.000,0.000,0.000,0.000,0.000,0.000,0.000,0.000,0,0,0,0,0,0,0,0,0,0.000,0.000,0.000,0.000,0.000,0.000,0.000,0.000,0,0,0,0,0,0,0,0,0,0.000,0.000,0.000,0.000,0.000,0.000,0.000,0.000,0,0,0,0,0,0,0,0,0,0,0,0,0,0,0,0,0,0,7501,3942,3803,54,1,10304,3861,704,80732,34457,6468,4097,2009,319,0,0,0,21549,7999,1843,10171,4272,842,605,323,122,0,0,0,1618.879,98.487,7574.852,511.354,48,69,0,305,87,605,1004,306,86,1357,263,420,374,434,367,423,109,93,187,286,48,0,0,0,0,0,0,0,0,0,0,0,0,529,677,309,80,0,0,0,0,326,173,104,10,0,0,0,1,0,0,0,0,0,0,0,0,0,0,0,0,0,0,0,0,0.5563,0.4477,10,0,0,0.4332,0.4228,11,0,0
7591,253.0,4628,133,17,3339,1289,0,0,1775,410.33,0.749,0.720,0.709,0.079,0.595,-0.968,1.699,0.3551,2.1274,0.601,0.004,0.013,0.192,-0.004,141,56,38,0,69,0,134577.20,38135.953,24056.928,66.814,17829.508,67.242,30336.659,16859.735,2473.061,17827.903,14262.322,1446.540,275.075,620.488,0.000175,0.015392,3509,0,4,34,34,4,64191,379,20,44.022,0,0,0,0,0,0,0,0,0,0,0,0,0,0,36541,981,3130,41833.370,23515.589,17052.316,0.001,44.022,17355.331,14019.938,110.979,247,104,52,4,48,18977,0,0,0,0.000,0.000,0.000,0.000,0.000,0.000,0.000,0.000,0,0,0,0,0,0,0,0,0,0.000,0.000,0.000,0.000,0.000,0.000,0.000,0.000,0,0,0,0,0,0,0,0,0,0.000,0.000,0.000,0.000,0.000,0.000,0.000,0.000,0,0,0,0,0,0,0,0,0,0.000,0.000,0.000,0.000,0.000,0.000,0.000,0.000,0,0,0,0,0,0,0,0,0,0.000,0.000,0.000,0.000,0.000,0.000,0.000,0.000,0,0,0,0,0,0,0,0,0,0,0,0,0,0,0,0,0,0,7501,3942,3803,54,1,10488,3926,727,83519,35784,6591,4269,2052,287,0,0,0,24073,8933,2223,11959,5079,1312,509,95,78,0,0,0,1688.905,96.925,8531.239,695.937,54,106,0,359,119,583,1056,371,101,1418,237,455,393,441,395,514,120,107,200,285,63,0,0,0,0,0,0,0,0,0,0,0,0,563,705,326,89,0,0,0,1,330,191,120,14,0,0,0,0,0,0,0,0,0,0,0,0,0,0,0,0,0,0,0,0,0.5447,0.4048,10,0,0,0.4262,0.4115,11,0,0
7621,254.0,4852,109,17,3427,1425,0,0,1988,379.20,0.766,0.738,0.707,0.081,0.585,-0.969,1.700,0.3550,2.1074,0.595,0.004,0.012,0.190,-0.005,126,65,68,0,89,0,139853.11,40244.219,26500.142,99.561,19569.426,62.098,32786.422,18817.583,2754.620,18893.084,15114.467,2367.384,326.217,737.180,0.000183,0.015764,3926,0,16,52,65,16,66334,375,38,80.240,0,0,0,0,0,0,0,0,0,0,0,0,0,0,40841,1072,3551,46028.500,25847.922,18766.898,0.013,80.240,19379.806,15802.958,170.265,272,136,61,16,59,24339,0,0,0,0.000,0.000,0.000,0.000,0.000,0.000,0.000,0.000,0,0,0,0,0,0,0,0,0,0.000,0.000,0.000,0.000,0.000,0.000,0.000,0.000,0,0,0,0,0,0,0,0,0,0.000,0.000,0.000,0.000,0.000,0.000,0.000,0.000,0,0,0,0,0,0,0,0,0,0.000,0.000,0.000,0.000,0.000,0.000,0.000,0.000,0,0,0,0,0,0,0,0,0,0.000,0.000,0.000,0.000,0.000,0.000,0.000,0.000,0,0,0,0,0,0,0,0,0,0,0,0,0,0,0,0,0,0,7501,3942,3803,54,1,11001,4189,775,86215,36691,6538,4409,1979,442,0,0,0,26901,10582,2294,13435,5767,1333,505,100,98,0,0,0,1748.960,96.203,10063.230,705.638,36,79,0,345,98,686,1153,372,82,1436,289,463,392,442,405,567,100,123,239,335,61,0,0,0,0,0,0,0,0,0,0,0,0,575,715,322,90,0,0,0,0,406,198,136,18,0,0,0,0,0,0,0,0,0,0,0,0,0,0,0,0,0,0,0,0,0.5775,0.3975,10,0,0,0.4136,0.4218,11,0,0
7651,255.0,5065,101,19,3528,1537,0,0,2184,378.43,0.778,0.751,0.706,0.082,0.579,-0.969,1.702,0.3612,2.1151,0.588,0.003,0.010,0.189,-0.007,137,64,75,0,111,0,147563.11,43424.708,29718.571,97.913,22770.497,51.580,34724.955,20179.140,3051.177,19438.566,15550.853,2435.238,379.314,873.658,0.000200,0.017955,4512,0,15,60,72,15,68245,417,48,83.242,0,0,0,0,0,0,0,0,0,0,0,0,0,0,44240,1207,4095,52675.104,28981.571,21966.481,0.002,83.242,20982.303,17079.659,164.860,268,156,61,15,80,27079,0,0,0,0.000,0.000,0.000,0.000,0.000,0.000,0.000,0.000,0,0,0,0,0,0,0,0,0,0.000,0.000,0.000,0.000,0.000,0.000,0.000,0.000,0,0,0,0,0,0,0,0,0,0.000,0.000,0.000,0.000,0.000,0.000,0.000,0.000,0,0,0,0,0,0,0,0,0,0.000,0.000,0.000,0.000,0.000,0.000,0.000,0.000,0,0,0,0,0,0,0,0,0,0.000,0.000,0.000,0.000,0.000,0.000,0.000,0.000,0,0,0,0,0,0,0,0,0,0,0,0,0,0,0,0,0,0,7651,5065,4877,30,2,11518,4247,1052,88306,37987,7228,4355,1930,442,0,0,0,29753,11505,2402,13958,5663,1395,529,67,70,0,0,0,1814.054,111.137,10533.044,750.285,56,92,1,388,125,790,1311,402,120,1528,278,457,393,459,413,607,120,123,251,347,89,0,0,0,0,0,0,0,0,0,0,0,0,567,733,328,94,0,0,0,0,454,218,110,28,0,0,0,0,0,0,0,0,0,0,0,0,0,0,0,0,0,0,0,0,0.5956,0.4436,11,0,0,0.4227,0.4324,12,0,0
7681,256.0,5339,99,19,3640,1699,0,0,2465,366.42,0.796,0.767,0.704,0.086,0.568,-0.968,1.701,0.3615,2.0936,0.589,0.003,0.010,0.187,-0.007,122,65,61,0,117,0,154618.00,46472.598,31478.328,108.106,23887.783,57.930,37208.656,22116.315,3391.044,21922.431,17537.945,2719.679,316.644,867.317,0.000220,0.019319,4847,0,9,52,59,9,70881,412,41,88.685,0,0,0,0,0,0,0,0,0,0,0,0,0,0,48512,1282,4435,55533.515,30767.506,22994.955,0.002,88.685,23000.356,18848.330,194.320,314,152,60,9,83,27723,0,0,0,0.000,0.000,0.000,0.000,0.000,0.000,0.000,0.000,0,0,0,0,0,0,0,0,0,0.000,0.000,0.000,0.000,0.000,0.000,0.000,0.000,0,0,0,0,0,0,0,0,0,0.000,0.000,0.000,0.000,0.000,0.000,0.000,0.000,0,0,0,0,0,0,0,0,0,0.000,0.000,0.000,0.000,0.000,0.000,0.000,0.000,0,0,0,0,0,0,0,0,0,0.000,0.000,0.000,0.000,0.000,0.000,0.000,0.000,0,0,0,0,0,0,0,0,0,0,0,0,0,0,0,0,0,0,7651,5065,4877,30,2,11945,4534,1032,91162,40610,7286,4571,2219,316,0,0,0,32816,12632,2624,15147,6270,1571,549,69,85,0,0,0,1937.641,112.752,11553.919,842.228,47,112,0,429,128,806,1365,416,131,1636,283,454,424,422,421,646,146,157,249,417,84,0,0,0,0,0,0,0,0,0,0,0,0,561,727,332,101,0,0,0,0,520,242,124,21,0,0,0,0,0,0,0,0,0,0,0,0,0,0,0,0,0,0,0,0,0.5948,0.4429,11,0,0,0.4357,0.4027,13,0,0
7711,257.0,5533,96,19,3712,1821,0,0,2748,411.23,0.809,0.780,0.702,0.086,0.561,-0.969,1.706,0.3636,2.1223,0.579,0.003,0.007,0.186,-0.007,112,65,80,1,133,0,162087.27,49189.838,33892.680,134.975,25176.508,52.901,39528.438,24030.065,3802.472,20172.915,16138.332,3189.202,255.252,908.214,0.000275,0.020299,5309,0,16,64,79,16,72943,477,57,125.897,0,0,0,0,0,0,0,0,0,0,0,0,0,0,52721,1381,4832,59247.201,33183.143,24223.575,0.005,125.897,25004.679,20650.771,211.006,292,170,57,16,97,31260,0,0,0,0.000,0.000,0.000,0.000,0.000,0.000,0.000,0.000,0,0,0,0,0,0,0,0,0,0.000,0.000,0.000,0.000,0.000,0.000,0.000,0.000,0,0,0,0,0,0,0,0,0,0.000,0.000,0.000,0.000,0.000,0.000,0.000,0.000,0,0,0,0,0,0,0,0,0,0.000,0.000,0.000,0.000,0.000,0.000,0.000,0.000,0,0,0,0,0,0,0,0,0,0.000,0.000,0.000,0.000,0.000,0.000,0.000,0.000,0,0,0,0,0,0,0,0,0,0,0,0,0,0,0,0,0,0,7651,5065,4877,30,2,12123,4824,828,93289,42437,7878,4846,2453,345,0,0,0,35705,13590,3161,16339,6955,1576,677,279,61,0,0,0,2007.749,120.337,12997.404,959.737,38,120,0,491,147,829,1470,502,143,1669,317,481,421,398,426,751,156,132,284,416,82,0,0,0,0,0,0,0,0,0,0,0,0,547,731,343,105,0,0,0,0,543,226,123,21,0,0,0,1,0,0,0,0,0,0,0,0,0,0,0,0,0,0,0,0,0.5881,0.4181,12,0,0,0.4350,0.4442,13,0,0
7741,258.0,5701,78,19,3738,1963,0,0,2920,427.89,0.828,0.799,0.701,0.088,0.551,-0.969,1.708,0.3623,2.1249,0.571,0.002,0.010,0.184,-0.007,122,60,163,1,149,0,166564.77,51049.991,36390.293,246.602,28087.959,48.923,41702.533,26327.295,4187.071,23121.904,18497.524,5004.007,296.328,1067.772,0.000331,0.019907,5767,0,28,135,162,28,74626,440,119,224.961,0,0,0,0,0,0,0,0,0,0,0,0,0,0,56690,1482,5327,64827.484,35689.453,27215.733,0.015,224.961,26930.014,22822.549,291.230,337,195,57,28,110,35447,0,0,0,0.000,0.000,0.000,0.000,0.000,0.000,0.000,0.000,0,0,0,0,0,0,0,0,0,0.000,0.000,0.000,0.000,0.000,0.000,0.000,0.000,0,0,0,0,0,0,0,0,0,0.000,0.000,0.000,0.000,0.000,0.000,0.000,0.000,0,0,0,0,0,0,0,0,0,0.000,0.000,0.000,0.000,0.000,0.000,0.000,0.000,0,0,0,0,0,0,0,0,0,0.000,0.000,0.000,0.000,0.000,0.000,0.000,0.000,0,0,0,0,0,0,0,0,0,0,0,0,0,0,0,0,0,0,7651,5065,4877,30,2,12235,4876,951,94817,43015,8162,5123,2422,473,0,0,0,38192,15490,3228,17729,7120,1873,769,288,90,0,0,0,2022.826,129.301,14616.733,1037.676,50,133,1,484,167,898,1567,504,154,1693,300,501,460,361,423,799,182,142,289,466,85,0,0,0,0,0,0,0,0,0,0,0,0,556,729,348,112,0,0,0,0,564,255,142,21,0,0,0,0,0,0,0,0,0,0,0,0,0,0,0,0,0,0,0,0,0.5589,0.3981,10,0,0,0.4276,0.4535,13,0,0
7771,259.0,5865,98,19,3781,2084,0,0,3162,304.46,0.842,0.810,0.702,0.089,0.544,-0.968,1.704,0.3639,2.1126,0.571,0.003,0.008,0.183,-0.009,107,72,126,1,193,0,170149.33,52948.806,36705.952,214.827,29638.721,54.498,43514.012,27930.864,4476.864,24266.296,19413.037,4144.345,252.488,1113.181,0.000308,0.020338,6291,0,21,105,125,21,75363,567,88,176.932,0,0,0,0,0,0,0,0,0,0,0,0,0,0,60287,1490,5724,66615.005,35879.900,28652.734,0.011,176.932,28649.502,24327.208,331.975,364,243,70,21,152,42453,0,0,0,0.000,0.000,0.000,0.000,0.000,0.000,0.000,0.000,0,0,0,0,0,0,0,0,0,0.000,0.000,0.000,0.000,0.000,0.000,0.000,0.000,0,0,0,0,0,0,0,0,0,0.000,0.000,0.000,0.000,0.000,0.000,0.000,0.000,0,0,0,0,0,0,0,0,0,0.000,0.000,0.000,0.000,0.000,0.000,0.000,0.000,0,0,0,0,0,0,0,0,0,0.000,0.000,0.000,0.000,0.000,0.000,0.000,0.000,0,0,0,0,0,0,0,0,0,0,0,0,0,0,0,0,0,0,7651,5065,4877,30,2,12223,4911,990,95323,43750,7840,5342,2480,532,0,0,0,40528,16034,3627,19007,8006,1774,752,300,103,0,0,0,2055.867,126.538,15638.962,1121.454,42,132,2,518,161,932,1591,504,139,1712,325,499,464,363,418,834,184,160,354,454,98,0,0,0,0,0,0,0,0,0,0,0,0,567,730,340,107,0,0,0,0,605,252,170,39,0,0,0,0,0,0,0,0,0,0,0,0,0,0,0,0,0,0,0,0,0.5816,0.4339,10,0,0,0.4306,0.4288,12,0,0
7801,260.0,5940,79,22,3752,2188,0,0,3341,378.38,0.857,0.828,0.702,0.090,0.535,-0.968,1.704,0.3683,2.1256,0.572,0.002,0.008,0.181,-0.009,101,62,183,1,215,0,173622.80,55233.768,40355.010,293.995,30569.322,44.455,45431.740,29825.939,4850.073,23457.175,18765.741,6060.764,241.331,1308.036,0.000234,0.020361,6546,0,34,149,181,34,76669,473,142,284.558,0,0,0,0,0,0,0,0,0,0,0,0,0,0,64145,1647,6073,71644.789,39614.923,29737.865,0.011,284.558,30499.528,26129.803,387.938,354,251,57,34,160,40254,0,0,0,0.000,0.000,0.000,0.000,0.000,0.000,0.000,0.000,0,0,0,0,0,0,0,0,0,0.000,0.000,0.000,0.000,0.000,0.000,0.000,0.000,0,0,0,0,0,0,0,0,0,0.000,0.000,0.000,0.000,0.000,0.000,0.000,0.000,0,0,0,0,0,0,0,0,0,0.000,0.000,0.000,0.000,0.000,0.000,0.000,0.000,0,0,0,0,0,0,0,0,0,0.000,0.000,0.000,0.000,0.000,0.000,0.000,0.000,0,0,0,0,0,0,1,0,0,0,0,0,0,0,0,0,0,0,7801,5940,5628,64,4,12441,4768,1066,95353,44245,7700,5306,2442,411,0,0,0,43144,17616,3628,20194,8481,1874,807,289,101,0,0,0,2091.793,124.159,16965.085,1117.973,56,139,1,531,177,1010,1737,568,178,1713,296,519,453,356,415,908,188,156,380,454,102,0,0,0,0,0,0,0,0,0,0,0,0,547,751,330,115,0,0,0,0,607,281,177,27,0,0,0,0,0,0,0,0,0,0,0,0,0,0,0,0,0,0,0,0,0.5829,0.4376,11,1,0,0.4557,0.4430,14,0,0
7831,261.0,5936,83,22,3691,2245,0,0,3490,414.23,0.870,0.841,0.703,0.091,0.529,-0.968,1.709,0.3649,2.1492,0.562,0.002,0.010,0.180,-0.010,101,75,231,0,243,0,174715.62,55533.063,40601.604,315.536,31063.473,46.542,46497.623,30309.183,5107.959,23912.285,19129.828,7003.637,291.872,1364.644,0.000313,0.019601,6604,0,51,180,228,51,75910,445,164,292.603,0,0,0,0,0,0,0,0,0,0,0,0,0,0,66619,1659,6159,72528.457,39861.644,30363.995,0.050,292.603,31727.234,26528.302,463.815,360,303,73,51,179,56324,0,0,0,0.000,0.000,0.000,0.000,0.000,0.000,0.000,0.000,0,0,0,0,0,0,0,0,0,0.000,0.000,0.000,0.000,0.000,0.000,0.000,0.000,0,0,0,0,0,0,0,0,0,0.000,0.000,0.000,0.000,0.000,0.000,0.000,0.000,0,0,0,0,0,0,0,0,0,0.000,0.000,0.000,0.000,0.000,0.000,0.000,0.000,0,0,0,0,0,0,0,0,0,0.000,0.000,0.000,0.000,0.000,0.000,0.000,0.000,0,0,0,0,0,0,0,0,0,0,0,0,0,0,0,0,0,0,7801,5940,5628,64,4,12367,4586,941,93843,44457,7069,5474,2444,404,0,0,0,44754,17350,3710,21016,8911,2012,849,402,72,0,0,0,2098.867,115.600,16771.610,1144.886,44,168,1,561,174,1013,1744,557,175,1721,265,488,460,346,411,878,198,196,362,491,120,0,0,0,0,0,0,0,0,0,0,0,0,508,765,321,110,0,0,0,1,647,306,178,38,0,0,0,0,0,0,0,0,0,0,0,0,0,0,0,0,0,0,0,0,0.5708,0.4361,11,1,0,0.4556,0.4255,13,0,0
7861,262.0,5995,83,22,3642,2353,0,0,3629,377.68,0.889,0.857,0.704,0.091,0.519,-0.968,1.710,0.3629,2.1386,0.563,0.001,0.008,0.178,-0.011,96,71,249,0,217,0,175867.31,56156.471,42701.440,411.524,32214.783,44.190,47406.612,31471.974,5333.998,26259.328,21007.462,7036.284,248.733,1368.274,0.000376,0.017399,6826,0,34,215,246,34,74753,580,198,386.663,0,0,0,0,0,0,0,0,0,0,0,0,0,0,68938,1759,6246,75484.584,41935.791,31063.305,0.021,386.663,32845.391,27715.257,484.932,394,286,68,34,184,52450,0,0,0,0.000,0.000,0.000,0.000,0.000,0.000,0.000,0.000,0,0,0,0,0,0,0,0,0,0.000,0.000,0.000,0.000,0.000,0.000,0.000,0.000,0,0,0,0,0,0,0,0,0,0.000,0.000,0.000,0.000,0.000,0.000,0.000,0.000,0,0,0,0,0,0,0,0,0,0.000,0.000,0.000,0.000,0.000,0.000,0.000,0.000,0,0,0,0,0,0,0,0,0,0.000,0.000,0.000,0.000,0.000,0.000,0.000,0.000,0,0,0,0,0,0,0,0,0,0,0,0,0,0,0,0,0,0,7801,5940,5628,64,4,12597,4654,1043,91797,44642,6860,5478,2370,570,0,0,0,46081,17957,4079,22068,9526,2063,789,207,42,0,0,0,2103.069,115.176,17492.848,1226.323,35,171,0,583,187,1080,1850,592,183,1736,288,460,432,311,415,975,181,204,362,516,115,0,0,0,0,0,0,0,0,0,0,0,0,429,765,315,108,0,0,0,1,621,336,199,41,0,0,0,0,0,0,0,0,0,0,0,0,0,0,0,0,0,0,0,0,0.5036,0.4313,10,0,0,0.4745,0.4339,11,0,0
7891,263.0,5986,73,22,3584,2402,0,0,3674,398.48,0.900,0.870,0.706,0.091,0.514,-0.969,1.714,0.3629,2.1550,0.566,0.002,0.007,0.176,-0.013,90,61,266,0,255,0,176106.88,56777.135,43696.094,384.369,31513.767,40.327,48139.916,32499.913,5548.883,25163.763,20131.011,7738.348,313.371,1344.857,0.000282,0.018863,6939,0,56,210,264,56,73979,582,199,370.798,0,0,0,0,0,0,0,0,0,0,0,0,0,0,70725,1787,6357,75763.722,42900.813,30515.336,0.030,370.798,33759.328,28670.052,586.343,381,332,58,56,218,55608,0,0,0,0.000,0.000,0.000,0.000,0.000,0.000,0.000,0.000,0,0,0,0,0,0,0,0,0,0.000,0.000,0.000,0.000,0.000,0.000,0.000,0.000,0,0,0,0,0,0,0,0,0,0.000,0.000,0.000,0.000,0.000,0.000,0.000,0.000,0,0,0,0,0,0,0,0,0,0.000,0.000,0.000,0.000,0.000,0.000,0.000,0.000,0,0,0,0,0,0,0,0,0,0.000,0.000,0.000,0.000,0.000,0.000,0.000,0.000,0,0,0,0,0,0,0,0,0,0,0,0,0,0,0,0,0,0,7801,5940,5628,64,4,12724,4870,1311,89979,44502,7033,5616,2363,612,0,0,0,47270,18942,3864,22672,9547,2280,783,179,45,0,0,0,2100.077,120.699,18362.175,1232.118,51,147,0,583,160,1129,1882,607,142,1710,307,469,415,269,414,982,227,203,342,541,107,0,0,0,0,0,0,0,0,0,0,0,0,362,778,304,123,0,0,0,0,638,342,172,40,0,0,0,1,0,0,0,0,0,0,0,0,0,0,0,0,0,0,0,0,0.5103,0.4273,10,0,0,0.4649,0.4370,11,0,0
7921,264.0,5978,82,22,3514,2464,0,0,3692,415.59,0.915,0.883,0.707,0.091,0.506,-0.969,1.712,0.3659,2.0808,0.564,0.002,0.007,0.174,-0.014,113,69,279,0,258,0,179972.02,57284.546,48150.802,465.911,31569.404,39.324,48763.667,32589.814,5661.666,26244.811,20995.849,8163.411,244.596,1364.002,0.000352,0.020813,6929,0,41,238,278,41,73992,543,219,437.419,0,0,0,0,0,0,0,0,0,0,0,0,0,0,72345,1969,6386,80697.186,47478.591,30597.766,0.037,437.419,34562.963,28790.049,585.469,391,329,66,41,222,60504,0,0,0,0.000,0.000,0.000,0.000,0.000,0.000,0.000,0.000,0,0,0,0,0,0,0,0,0,0.000,0.000,0.000,0.000,0.000,0.000,0.000,0.000,0,0,0,0,0,0,0,0,0,0.000,0.000,0.000,0.000,0.000,0.000,0.000,0.000,0,0,0,0,0,0,0,0,0,0.000,0.000,0.000,0.000,0.000,0.000,0.000,0.000,0,0,0,0,0,0,0,0,0,0.000,0.000,0.000,0.000,0.000,0.000,0.000,0.000,0,0,0,0,0,0,0,0,0,0,0,0,0,0,0,0,0,0,7801,5940,5628,64,4,12840,5184,1304,88354,43372,7405,5718,2481,565,0,0,0,48847,19034,4511,22726,10277,2151,772,95,49,0,0,0,2074.345,126.006,18526.263,1333.434,59,195,2,658,221,1184,2054,670,204,1701,301,466,380,244,422,975,236,189,398,562,104,0,0,0,0,0,0,0,0,0,0,0,0,314,759,309,128,0,0,0,2,706,333,182,32,0,0,0,0,0,0,0,0,0,0,0,0,0,0,0,0,0,0,0,0,0.5162,0.4316,10,0,0,0.4756,0.4584,12,0,0
7951,265.0,5976,84,20,3450,2526,0,0,3767,444.08,0.928,0.895,0.709,0.093,0.500,-0.968,1.713,0.3635,2.0965,0.552,0.002,0.004,0.173,-0.015,94,61,282,1,258,0,180928.66,56379.306,47277.425,479.660,32291.437,35.926,49476.755,33365.419,5756.958,26045.976,20836.781,7789.630,227.874,1353.920,0.000299,0.021602,6943,0,46,236,281,46,72278,544,227,470.920,0,0,0,0,0,0,0,0,0,0,0,0,0,0,74464,1924,6399,79940.605,46495.430,30891.856,0.088,470.920,35613.043,29515.819,690.501,383,321,60,46,215,57655,0,0,0,0.000,0.000,0.000,0.000,0.000,0.000,0.000,0.000,0,0,0,0,0,0,0,0,0,0.000,0.000,0.000,0.000,0.000,0.000,0.000,0.000,0,0,0,0,0,0,0,0,0,0.000,0.000,0.000,0.000,0.000,0.000,0.000,0.000,0,0,0,0,0,0,0,0,0,0.000,0.000,0.000,0.000,0.000,0.000,0.000,0.000,0,0,0,0,0,0,0,0,0,0.000,0.000,0.000,0.000,0.000,0.000,0.000,0.000,0,0,0,0,0,0,0,0,0,0,0,0,0,0,0,0,0,0,7951,5976,5680,8,0,12833,5533,1116,85706,42781,7039,5670,2561,561,0,0,0,50564,19343,4538,23145,10783,2223,755,26,64,0,0,0,2044.837,119.656,18921.496,1353.552,50,194,1,636,234,1160,2028,654,208,1692,274,460,362,218,444,1021,232,214,368,544,147,0,0,0,0,0,0,0,0,0,0,0,0,281,750,316,132,0,0,0,5,693,356,179,44,0,0,0,1,0,0,0,0,0,0,0,0,0,0,0,0,0,0,0,0,0.5135,0.4240,10,0,0,0.4805,0.4598,11,0,0
7981,266.0,5974,96,20,3396,2578,0,0,3757,408.60,0.940,0.905,0.710,0.094,0.494,-0.967,1.715,0.3648,2.0715,0.556,0.003,0.009,0.171,-0.016,103,58,242,1,263,0,179166.48,55878.786,46258.026,409.097,31907.110,35.508,50318.189,34367.122,5859.753,24917.804,19934.243,7180.751,303.797,1294.903,0.000194,0.020854,6972,0,37,205,242,37,71958,578,197,396.036,0,0,0,0,0,0,0,0,0,0,0,0,0,0,76541,1899,6394,79152.003,45601.071,30979.421,0.096,396.036,36649.415,30467.743,758.657,373,321,57,37,227,60394,0,0,0,0.000,0.000,0.000,0.000,0.000,0.000,0.000,0.000,0,0,0,0,0,0,0,0,0,0.000,0.000,0.000,0.000,0.000,0.000,0.000,0.000,0,0,0,0,0,0,0,0,0,0.000,0.000,0.000,0.000,0.000,0.000,0.000,0.000,0,0,0,0,0,0,0,0,0,0.000,0.000,0.000,0.000,0.000,0.000,0.000,0.000,0,0,0,0,0,0,0,0,0,0.000,0.000,0.000,0.000,0.000,0.000,0.000,0.000,0,0,0,0,0,0,0,0,0,0,0,0,0,0,0,0,0,0,7951,5976,5680,8,0,13008,5742,983,84039,41833,7081,5679,2651,528,0,0,0,51962,20239,4541,23794,10468,2363,785,119,43,0,0,0,2018.689,117.688,19289.518,1376.120,49,213,0,606,226,1164,1984,621,208,1675,262,473,353,200,433,1047,231,191,384,578,147,0,0,0,0,0,0,0,0,0,0,0,0,264,734,338,123,0,0,0,0,679,393,181,47,0,0,0,0,0,0,0,0,0,0,0,0,0,0,0,0,0,0,0,0,0.5113,0.4206,9,0,0,0.4639,0.4509,11,0,0
8011,267.0,5913,80,20,3337,2576,0,0,3679,385.88,0.948,0.911,0.712,0.095,0.492,-0.968,1.718,0.3693,2.1030,0.560,0.001,0.009,0.170,-0.016,93,81,253,0,312,0,180160.81,56153.756,49429.582,431.103,31839.930,36.553,50541.603,34709.359,5825.794,25754.337,20603.470,7267.379,221.808,1303.306,0.000302,0.019354,6975,0,31,222,253,31,71157,518,214,412.676,0,0,0,0,0,0,0,0,0,0,0,0,0,0,77234,2029,6457,82451.876,48743.780,31034.064,0.064,412.676,37088.630,30795.530,803.005,382,384,76,31,277,71942,0,0,0,0.000,0.000,0.000,0.000,0.000,0.000,0.000,0.000,0,0,0,0,0,0,0,0,0,0.000,0.000,0.000,0.000,0.000,0.000,0.000,0.000,0,0,0,0,0,0,0,0,0,0.000,0.000,0.000,0.000,0.000,0.000,0.000,0.000,0,0,0,0,0,0,0,0,0,0.000,0.000,0.000,0.000,0.000,0.000,0.000,0.000,0,0,0,0,0,0,0,0,0,0.000,0.000,0.000,0.000,0.000,0.000,0.000,0.000,0,0,0,0,0,0,0,0,0,0,0,0,0,0,0,0,0,0,7951,5976,5680,8,0,12570,5567,754,82807,40968,6510,5724,2567,537,0,0,0,52356,20950,4588,24112,10065,2492,766,73,25,0,0,0,1987.708,102.902,19588.683,1404.575,55,204,0,681,226,1186,2109,692,202,1582,263,506,351,209,426,1032,236,211,370,598,129,0,0,0,0,0,0,0,0,0,0,0,0,270,752,372,98,0,0,0,0,681,370,199,58,0,0,0,0,0,0,0,0,0,0,0,0,0,0,0,0,0,0,0,0,0.5038,0.4269,10,0,0,0.4385,0.4562,12,0,0
8041,268.0,5853,71,20,3247,2606,0,0,3608,360.38,0.961,0.921,0.714,0.095,0.486,-0.967,1.723,0.3658,2.0752,0.557,0.002,0.011,0.169,-0.016,101,70,286,0,302,0,181050.91,57094.341,49530.600,506.798,31483.340,33.371,50644.394,35022.031,5745.390,26467.518,21174.015,7982.381,312.007,1241.940,0.000178,0.019946,6787,0,30,256,286,30,70185,491,251,495.933,0,0,0,0,0,0,0,0,0,0,0,0,0,0,77788,2039,6296,82287.649,48873.037,30728.790,0.067,495.933,37443.882,31259.642,756.916,396,366,69,30,267,74166,0,0,0,0.000,0.000,0.000,0.000,0.000,0.000,0.000,0.000,0,0,0,0,0,0,0,0,0,0.000,0.000,0.000,0.000,0.000,0.000,0.000,0.000,0,0,0,0,0,0,0,0,0,0.000,0.000,0.000,0.000,0.000,0.000,0.000,0.000,0,0,0,0,0,0,0,0,0,0.000,0.000,0.000,0.000,0.000,0.000,0.000,0.000,0,0,0,0,0,0,0,0,0,0.000,0.000,0.000,0.000,0.000,0.000,0.000,0.000,0,0,0,0,0,0,0,0,0,0,0,0,0,0,0,0,0,0,7951,5976,5680,8,0,12679,5301,701,80433,38372,6548,5739,2451,614,0,0,0,52820,21533,5017,24123,9843,2493,845,207,116,0,0,0,1888.305,104.469,19934.054,1483.172,53,162,0,696,224,1203,2132,731,216,1475,277,502,353,208,432,1072,251,192,369,574,148,0,0,0,0,0,0,0,0,0,0,0,0,290,743,364,98,0,0,0,0,668,392,191,32,0,0,0,0,0,0,0,0,0,0,0,0,0,0,0,0,0,0,0,0,0.5304,0.4307,10,0,0,0.4383,0.4692,11,0,0
8071,269.0,5843,81,20,3184,2659,0,0,3572,380.42,0.974,0.931,0.717,0.097,0.480,-0.967,1.722,0.3671,2.0632,0.561,0.002,0.008,0.167,-0.017,90,78,259,0,304,0,181863.83,56229.813,50022.274,451.172,32376.775,32.797,50971.482,34809.923,5684.293,27842.393,22273.915,7298.222,293.076,1264.861,0.000254,0.021099,6761,0,24,235,259,24,68470,532,223,430.757,0,0,0,0,0,0,0,0,0,0,0,0,0,0,78889,2057,6229,83163.649,49437.508,31096.892,0.073,430.757,38089.770,31202.086,704.096,412,359,77,24,258,69082,0,0,0,0.000,0.000,0.000,0.000,0.000,0.000,0.000,0.000,0,0,0,0,0,0,0,0,0,0.000,0.000,0.000,0.000,0.000,0.000,0.000,0.000,0,0,0,0,0,0,0,0,0,0.000,0.000,0.000,0.000,0.000,0.000,0.000,0.000,0,0,0,0,0,0,0,0,0,0.000,0.000,0.000,0.000,0.000,0.000,0.000,0.000,0,0,0,0,0,0,0,0,0,0.000,0.000,0.000,0.000,0.000,0.000,0.000,0.000,0,0,0,0,0,0,0,0,0,0,0,0,0,0,0,0,0,0,7951,5976,5680,8,0,12789,4967,902,77721,35667,6084,5746,2536,546,0,0,0,54092,21346,5279,23877,9902,2378,920,321,93,0,0,0,1768.289,101.812,19749.244,1513.887,54,216,1,705,229,1210,2134,711,225,1408,249,515,348,230,434,1015,264,221,429,580,150,0,0,0,0,0,0,0,0,0,0,0,0,321,744,370,91,0,0,0,1,752,387,188,53,0,0,0,0,0,0,0,0,0,0,0,0,0,0,0,0,0,0,0,0,0.5246,0.4113,11,0,0,0.4279,0.4432,12,0,0
8101,270.0,5857,64,19,3179,2678,0,0,3635,382.92,0.977,0.935,0.720,0.098,0.480,-0.968,1.722,0.3674,2.0956,0.558,0.002,0.006,0.167,-0.019,72,97,222,1,295,0,182282.36,56035.638,50688.462,412.458,33012.480,31.843,51414.812,35028.270,5714.684,27578.884,22063.107,7474.582,263.984,1305.914,0.000213,0.020493,7041,0,34,188,222,34,67488,565,180,398.383,0,0,0,0,0,0,0,0,0,0,0,0,0,0,79887,2088,6476,84408.559,49962.623,31653.555,0.076,398.383,38659.269,31433.521,732.565,405,386,95,34,257,71201,0,0,0,0.000,0.000,0.000,0.000,0.000,0.000,0.000,0.000,0,0,0,0,0,0,0,0,0,0.000,0.000,0.000,0.000,0.000,0.000,0.000,0.000,0,0,0,0,0,0,0,0,0,0.000,0.000,0.000,0.000,0.000,0.000,0.000,0.000,0,0,0,0,0,0,0,0,0,0.000,0.000,0.000,0.000,0.000,0.000,0.000,0.000,0,0,0,0,0,0,0,0,0,0.000,0.000,0.000,0.000,0.000,0.000,0.000,0.000,0,0,0,0,0,0,0,0,0,0,0,0,0,0,0,0,0,0,8101,5857,5739,10,0,13200,4914,1015,76249,34035,6208,5891,2464,544,0,0,0,54824,21667,4939,24199,10108,2491,864,256,105,0,0,0,1704.479,100.319,19892.483,1458.901,41,199,0,699,220,1244,2180,715,221,1350,279,514,342,265,429,1075,224,229,426,577,147,0,0,0,0,0,0,0,0,0,0,0,0,340,745,362,103,0,0,0,0,777,353,209,40,0,0,0,0,0,0,0,0,0,0,0,0,0,0,0,0,0,0,0,0,0.5124,0.4186,10,0,0,0.4312,0.4208,11,0,0
8131,271.0,5865,72,19,3175,2690,0,0,3608,323.45,0.980,0.937,0.721,0.099,0.480,-0.968,1.727,0.3674,2.0859,0.559,0.003,0.009,0.167,-0.019,74,83,209,0,295,0,184323.95,56785.084,50874.518,361.713,32317.849,33.298,51936.524,35238.920,5792.511,25810.186,20648.150,6194.684,434.439,1220.611,0.000297,0.021785,6741,0,27,182,209,27,67958,501,173,343.501,0,0,0,0,0,0,0,0,0,0,0,0,0,0,80831,2100,6240,84499.766,50204.676,31587.157,0.036,343.501,39186.036,31665.421,717.192,374,362,83,27,252,68109,0,0,0,0.000,0.000,0.000,0.000,0.000,0.000,0.000,0.000,0,0,0,0,0,0,0,0,0,0.000,0.000,0.000,0.000,0.000,0.000,0.000,0.000,0,0,0,0,0,0,0,0,0,0.000,0.000,0.000,0.000,0.000,0.000,0.000,0.000,0,0,0,0,0,0,0,0,0,0.000,0.000,0.000,0.000,0.000,0.000,0.000,0.000,0,0,0,0,0,0,0,0,0,0.000,0.000,0.000,0.000,0.000,0.000,0.000,0.000,0,0,0,0,0,0,0,0,0,0,0,0,0,0,0,0,0,0,8101,5857,5739,10,0,13837,5188,1120,75633,33079,6782,5941,2580,444,0,0,0,55241,21376,4878,24739,10619,2439,851,184,95,0,0,0,1688.298,111.165,20055.622,1419.380,44,182,0,695,242,1251,2180,703,211,1377,257,479,355,262,445,1096,251,220,433,563,127,0,0,0,0,0,0,0,0,0,0,0,0,326,783,325,107,0,0,0,0,746,349,209,39,0,0,0,0,0,0,0,0,0,0,0,0,0,0,0,0,0,0,0,0,0.5448,0.4547,11,0,0,0.4326,0.4468,11,0,0
8161,272.0,5870,62,19,3183,2687,0,0,3631,342.64,0.982,0.935,0.723,0.099,0.481,-0.968,1.727,0.3658,2.0478,0.557,0.002,0.008,0.167,-0.018,83,94,185,0,310,0,183760.61,56107.471,48530.153,305.573,33355.702,31.214,52064.269,34923.130,5810.821,26524.391,21219.513,5739.293,337.050,1327.105,0.000305,0.024157,7034,0,27,158,185,27,67817,604,149,290.420,0,0,0,0,0,0,0,0,0,0,0,0,0,0,80814,1997,6430,82744.452,47756.854,32256.109,0.041,290.420,39296.368,31289.939,723.969,389,392,91,27,274,76203,0,0,0,0.000,0.000,0.000,0.000,0.000,0.000,0.000,0.000,0,0,0,0,0,0,0,0,0,0.000,0.000,0.000,0.000,0.000,0.000,0.000,0.000,0,0,0,0,0,0,0,0,0,0.000,0.000,0.000,0.000,0.000,0.000,0.000,0.000,0,0,0,0,0,0,0,0,0,0.000,0.000,0.000,0.000,0.000,0.000,0.000,0.000,0,0,0,0,0,0,0,0,0,0.000,0.000,0.000,0.000,0.000,0.000,0.000,0.000,0,0,0,0,0,0,0,0,0,0,0,0,0,0,0,0,0,0,8101,5857,5739,10,0,14039,5572,1285,75315,33514,5982,6011,2579,606,0,0,0,55459,21348,5225,24463,10757,2371,892,329,103,0,0,0,1730.844,111.293,19924.949,1465.031,39,202,1,656,215,1217,2098,672,188,1401,244,478,335,278,447,1056,246,248,418,580,139,0,0,0,0,0,0,0,0,0,0,0,0,338,779,320,100,0,0,0,1,742,383,211,49,0,0,0,0,0,0,0,0,0,0,0,0,0,0,0,0,0,0,0,0,0.5245,0.4015,9,0,0,0.4267,0.4182,11,0,0
8191,273.0,5870,78,19,3204,2666,0,0,3637,310.61,0.981,0.930,0.724,0.099,0.485,-0.968,1.727,0.3692,2.0406,0.563,0.004,0.008,0.168,-0.017,83,86,178,0,317,0,183620.23,56924.365,48328.233,286.877,33357.109,27.517,51995.076,34855.490,5845.572,26094.823,20875.859,6176.715,247.658,1340.378,0.000215,0.023810,7027,0,42,136,178,42,68806,521,126,263.908,0,0,0,0,0,0,0,0,0,0,0,0,0,0,80228,1987,6506,83010.449,47723.306,32523.329,0.072,263.908,39147.412,31201.843,708.623,389,411,85,42,284,86165,0,0,0,0.000,0.000,0.000,0.000,0.000,0.000,0.000,0.000,0,0,0,0,0,0,0,0,0,0.000,0.000,0.000,0.000,0.000,0.000,0.000,0.000,0,0,0,0,0,0,0,0,0,0.000,0.000,0.000,0.000,0.000,0.000,0.000,0.000,0,0,0,0,0,0,0,0,0,0.000,0.000,0.000,0.000,0.000,0.000,0.000,0.000,0,0,0,0,0,0,0,0,0,0.000,0.000,0.000,0.000,0.000,0.000,0.000,0.000,0,0,0,0,0,0,1,0,0,0,0,0,0,0,0,0,0,0,8101,5857,5739,10,0,14405,5895,1286,75214,33021,6033,6214,2787,488,0,0,0,55369,20652,4570,24026,10499,2309,833,398,82,0,0,0,1747.844,107.385,19462.211,1352.171,49,160,0,669,200,1220,2073,663,212,1366,292,491,317,296,442,1064,239,244,416,544,159,0,0,0,0,0,0,0,0,0,0,0,0,352,769,336,89,0,0,0,0,725,380,208,50,0,0,0,0,0,0,0,0,0,0,0,0,0,0,0,0,0,0,0,0,0.5430,0.4158,10,0,0,0.4228,0.3927,11,0,0
8221,274.0,5921,69,19,3240,2681,0,0,3698,258.35,0.980,0.928,0.724,0.097,0.487,-0.968,1.731,0.3699,2.0445,0.554,0.003,0.007,0.169,-0.017,83,86,188,0,300,0,182637.03,56913.009,49569.822,266.240,33847.600,29.397,52196.027,35007.243,5911.359,27860.159,22288.127,7151.320,471.988,1422.303,0.000335,0.024142,7235,0,53,135,188,53,69512,369,124,247.951,0,0,0,0,0,0,0,0,0,0,0,0,0,0,80267,2037,6866,84789.728,48830.002,33221.075,0.197,247.951,39221.588,31319.627,723.679,415,400,84,53,263,72237,0,0,0,0.000,0.000,0.000,0.000,0.000,0.000,0.000,0.000,0,0,0,0,0,0,0,0,0,0.000,0.000,0.000,0.000,0.000,0.000,0.000,0.000,0,0,0,0,0,0,0,0,0,0.000,0.000,0.000,0.000,0.000,0.000,0.000,0.000,0,0,0,0,0,0,0,0,0,0.000,0.000,0.000,0.000,0.000,0.000,0.000,0.000,0,0,0,0,0,0,0,0,0,0.000,0.000,0.000,0.000,0.000,0.000,0.000,0.000,0,0,0,0,0,0,0,0,0,0,0,0,0,0,0,0,0,0,8101,5857,5739,10,0,14649,5877,1438,75714,32500,6561,6343,2615,662,0,0,0,55074,20503,4563,24364,10487,2498,829,447,140,0,0,0,1711.316,117.953,19548.801,1379.145,73,216,0,676,231,1219,2135,692,196,1380,259,496,348,307,450,1066,229,249,408,571,158,0,0,0,0,0,0,0,0,0,0,0,0,371,786,356,88,0,0,0,0,708,387,241,48,0,0,0,2,0,0,0,0,0,0,0,0,0,0,0,0,0,0,0,0,0.5552,0.4199,11,0,0,0.4026,0.4197,11,0,0
8251,275.0,5918,65,19,3261,2657,0,0,3752,306.71,0.976,0.925,0.725,0.096,0.492,-0.967,1.729,0.3711,2.0433,0.563,0.002,0.008,0.170,-0.017,76,81,177,0,322,0,181241.42,56759.113,48343.818,245.616,33334.913,30.932,52158.302,35688.091,6016.095,25786.429,20629.143,6038.470,333.683,1352.236,0.000249,0.025210,7107,0,45,132,177,45,70001,336,123,230.600,0,0,0,0,0,0,0,0,0,0,0,0,0,0,79964,1978,6771,82934.577,47489.258,32723.816,0.158,230.600,39075.988,32075.969,639.164,385,408,80,45,283,84542,0,0,0,0.000,0.000,0.000,0.000,0.000,0.000,0.000,0.000,0,0,0,0,0,0,0,0,0,0.000,0.000,0.000,0.000,0.000,0.000,0.000,0.000,0,0,0,0,0,0,0,0,0,0.000,0.000,0.000,0.000,0.000,0.000,0.000,0.000,0,0,0,0,0,0,0,0,0,0.000,0.000,0.000,0.000,0.000,0.000,0.000,0.000,0,0,0,0,0,0,0,0,0,0.000,0.000,0.000,0.000,0.000,0.000,0.000,0.000,0,0,0,0,0,0,0,0,0,1,0,0,0,0,0,0,0,0,8251,5918,5793,28,0,15065,5964,1229,76115,33164,5679,6260,2623,543,0,0,0,55168,22313,4879,24021,10448,2350,775,396,110,0,0,0,1734.589,102.678,20800.633,1411.836,45,196,1,734,212,1135,2085,748,195,1395,257,497,353,295,464,1147,241,187,371,578,133,0,0,0,0,0,0,0,0,0,0,0,0,375,783,364,87,0,0,0,0,690,356,192,31,0,0,0,0,0,0,0,0,0,0,0,0,0,0,0,0,0,0,0,0,0.5397,0.4235,11,0,0,0.4025,0.4249,11,0,0
8281,276.0,5903,73,19,3304,2599,0,0,3794,260.15,0.968,0.915,0.731,0.094,0.499,-0.968,1.726,0.3749,2.0306,0.559,0.004,0.009,0.171,-0.016,88,94,166,0,338,0,180405.83,56400.038,48425.028,257.492,33191.316,36.200,51845.333,35363.450,6106.305,25350.150,20280.120,5862.750,399.428,1270.855,0.000394,0.026838,7272,0,36,130,165,36,70724,422,118,240.222,0,0,0,0,0,0,0,0,0,0,0,0,0,0,78832,1974,6850,82703.561,47586.860,32476.045,0.225,240.222,38627.007,31742.098,566.051,359,417,92,36,289,77620,0,0,0,0.000,0.000,0.000,0.000,0.000,0.000,0.000,0.000,0,0,0,0,0,0,0,0,0,0.000,0.000,0.000,0.000,0.000,0.000,0.000,0.000,0,0,0,0,0,0,0,0,0,0.000,0.000,0.000,0.000,0.000,0.000,0.000,0.000,0,0,0,0,0,0,0,0,0,0.000,0.000,0.000,0.000,0.000,0.000,0.000,0.000,0,0,0,0,0,0,0,0,0,0.000,0.000,0.000,0.000,0.000,0.000,0.000,0.000,0,0,0,0,0,0,0,0,0,0,0,0,0,0,0,0,0,0,8251,5918,5793,28,0,15364,6006,1437,76573,33713,5888,6325,2514,642,0,0,0,54326,22696,4693,23812,10338,2217,694,428,85,0,0,0,1773.981,114.302,20858.149,1331.075,50,209,0,640,230,1210,2072,662,202,1436,262,508,365,275,458,1064,238,196,395,572,134,0,0,0,0,0,0,0,0,0,0,0,0,374,781,364,86,0,0,0,1,692,346,213,46,0,0,0,0,0,0,0,0,0,0,0,0,0,0,0,0,0,0,0,0,0.5456,0.4235,11,0,0,0.3878,0.4217,11,0,0
8311,277.0,5891,87,19,3331,2560,0,0,3776,312.64,0.963,0.908,0.733,0.092,0.505,-0.967,1.721,0.3780,2.0321,0.550,0.003,0.009,0.173,-0.016,64,79,155,0,347,0,178533.97,55945.204,45905.581,220.742,33221.217,33.659,51527.259,34090.851,6155.157,25205.425,20164.341,5520.497,390.290,1218.250,0.000317,0.027685,7117,0,34,121,154,34,71877,394,111,209.447,0,0,0,0,0,0,0,0,0,0,0,0,0,0,77420,1876,6723,79928.498,44979.635,32351.990,0.159,209.447,38150.709,30441.030,537.756,365,404,73,34,297,83628,0,0,0,0.000,0.000,0.000,0.000,0.000,0.000,0.000,0.000,0,0,0,0,0,0,0,0,0,0.000,0.000,0.000,0.000,0.000,0.000,0.000,0.000,0,0,0,0,0,0,0,0,0,0.000,0.000,0.000,0.000,0.000,0.000,0.000,0.000,0,0,0,0,0,0,0,0,0,0.000,0.000,0.000,0.000,0.000,0.000,0.000,0.000,0,0,0,0,0,0,0,0,0,0.000,0.000,0.000,0.000,0.000,0.000,0.000,0.000,0,0,0,0,0,0,0,0,0,0,0,0,0,0,0,0,0,0,8251,5918,5793,28,0,15640,6071,1408,77355,34418,5833,6435,2633,652,26,0,0,53719,21432,4565,23027,9172,2148,674,468,41,0,0,0,1839.569,115.911,19174.650,1308.244,47,184,0,641,207,1142,1976,659,177,1453,265,504,366,277,466,1021,211,231,368,582,147,0,0,0,0,0,0,0,0,0,0,0,0,377,780,373,83,0,0,0,0,715,389,181,43,0,0,0,0,0,0,0,0,0,0,0,0,0,0,0,0,0,0,0,0,0.5504,0.4252,11,0,0,0.4142,0.4365,12,0,0
8341,278.0,5897,79,19,3353,2544,0,0,3810,315.54,0.960,0.905,0.737,0.092,0.509,-0.968,1.719,0.3818,1.9712,0.559,0.002,0.011,0.173,-0.017,69,61,130,0,327,0,178407.44,55131.091,46521.402,213.688,31158.905,34.399,51289.219,33132.400,6191.603,23644.814,18915.852,5155.776,349.946,1144.807,0.000283,0.026132,7125,0,25,105,130,25,72654,581,100,206.412,0,0,0,0,0,0,0,0,0,0,0,0,0,0,76364,1903,6544,78239.068,45664.158,30035.882,0.150,206.412,37784.169,29498.323,474.018,354,370,59,25,286,80438,0,0,0,0.000,0.000,0.000,0.000,0.000,0.000,0.000,0.000,0,0,0,0,0,0,0,0,0,0.000,0.000,0.000,0.000,0.000,0.000,0.000,0.000,0,0,0,0,0,0,0,0,0,0.000,0.000,0.000,0.000,0.000,0.000,0.000,0.000,0,0,0,0,0,0,0,0,0,0.000,0.000,0.000,0.000,0.000,0.000,0.000,0.000,0,0,0,0,0,0,0,0,0,0.000,0.000,0.000,0.000,0.000,0.000,0.000,0.000,0,0,0,0,0,0,0,0,0,0,0,0,0,0,0,0,0,0,8251,5918,5793,28,0,15831,6319,1293,78114,34649,6525,6455,2841,636,30,0,0,53606,21396,4883,22110,8382,2373,648,363,72,0,0,0,1886.812,128.716,18388.959,1384.977,54,175,0,647,225,1111,1991,668,204,1489,268,502,382,255,457,1017,237,197,390,568,135,0,0,0,0,0,0,0,0,0,0,0,0,359,775,376,82,0,0,0,4,690,358,200,42,0,0,0,0,0,0,0,0,0,0,0,0,0,0,0,0,0,0,0,0,0.5198,0.4160,10,0,0,0.3856,0.4213,12,0,0
8371,279.0,5911,75,19,3377,2534,0,0,3830,347.10,0.958,0.903,0.738,0.091,0.512,-0.968,1.711,0.3863,1.9853,0.565,0.002,0.008,0.174,-0.017,71,81,140,1,301,0,174438.19,54141.312,43724.274,213.423,30871.875,36.191,51382.652,33042.073,6245.253,23805.658,19044.527,5098.846,330.549,1187.741,0.000279,0.023505,6910,0,25,115,140,25,72908,612,110,206.464,0,0,0,0,0,0,0,0,0,0,0,0,0,0,76133,1784,6298,75080.705,42998.585,29735.133,0.321,206.464,37779.583,29384.540,442.026,343,353,77,25,251,70653,0,0,0,0.000,0.000,0.000,0.000,0.000,0.000,0.000,0.000,0,0,0,0,0,0,0,0,0,0.000,0.000,0.000,0.000,0.000,0.000,0.000,0.000,0,0,0,0,0,0,0,0,0,0.000,0.000,0.000,0.000,0.000,0.000,0.000,0.000,0,0,0,0,0,0,0,0,0,0.000,0.000,0.000,0.000,0.000,0.000,0.000,0.000,0,0,0,0,0,0,0,0,0,0.000,0.000,0.000,0.000,0.000,0.000,0.000,0.000,0,0,0,0,0,0,0,0,0,0,0,0,0,0,0,0,0,0,8251,5918,5793,28,0,16199,6533,1169,78401,35458,6725,6473,3091,519,64,0,0,54115,21646,4617,21471,8506,2169,547,195,93,0,0,0,1974.519,121.117,18512.933,1292.722,40,161,0,584,198,1085,1871,601,185,1526,271,492,403,251,434,1020,230,183,386,585,130,0,0,0,0,0,0,0,0,0,0,0,0,373,753,388,66,0,0,0,0,707,361,168,47,0,0,0,1,0,0,0,0,0,0,0,0,0,0,0,0,0,0,0,0,0.5502,0.3939,10,0,0,0.4081,0.4024,12,0,0
8401,280.0,5813,52,19,3384,2429,0,0,3790,358.92,0.947,0.891,0.742,0.088,0.522,-0.968,1.713,0.3844,1.9860,0.575,0.003,0.010,0.176,-0.017,70,81,126,0,358,0,171386.95,53995.682,42305.595,195.499,31837.370,33.958,50864.781,32354.416,6303.228,20564.189,16451.352,4482.690,311.338,1118.722,0.000415,0.023289,7255,0,14,112,125,14,73964,601,106,189.516,0,0,0,0,0,0,0,0,0,0,0,0,0,0,74752,1728,6654,74591.672,41712.094,30523.704,0.142,189.516,37193.115,28689.424,405.843,294,399,75,14,310,86341,0,0,0,0.000,0.000,0.000,0.000,0.000,0.000,0.000,0.000,0,0,0,0,0,0,0,0,0,0.000,0.000,0.000,0.000,0.000,0.000,0.000,0.000,0,0,0,0,0,0,0,0,0,0.000,0.000,0.000,0.000,0.000,0.000,0.000,0.000,0,0,0,0,0,0,0,0,0,0.000,0.000,0.000,0.000,0.000,0.000,0.000,0.000,0,0,0,0,0,0,0,0,0,0.000,0.000,0.000,0.000,0.000,0.000,0.000,0.000,0,0,0,0,0,0,0,0,0,0,0,0,0,0,0,0,0,0,8401,5813,5742,19,0,16732,6625,1388,78290,35900,6432,6683,3335,535,34,0,0,53544,21181,4489,20773,8387,2217,435,179,72,0,0,0,2012.693,122.373,18227.093,1282.769,47,193,0,582,173,1022,1800,617,145,1538,266,497,406,233,444,976,215,200,387,526,125,0,0,0,0,0,0,0,0,0,0,0,0,378,756,382,64,0,0,0,0,665,341,192,40,0,0,0,0,0,0,0,0,0,0,0,0,0,0,0,0,0,0,0,0,0.5521,0.4104,11,0,0,0.4133,0.4242,13,0,0
8431,281.0,5711,70,19,3365,2346,0,0,3697,319.33,0.939,0.883,0.743,0.088,0.529,-0.969,1.710,0.3874,2.0232,0.586,0.004,0.010,0.177,-0.017,55,66,125,0,339,0,167965.62,53260.664,39539.706,197.244,29495.919,26.730,49519.521,31444.542,6198.288,18769.241,15015.393,4193.883,323.839,985.028,0.000302,0.023063,6736,0,6,119,125,6,74716,506,112,184.898,0,0,0,0,0,0,0,0,0,0,0,0,0,0,71821,1614,6230,69684.145,38937.024,28546.590,0.014,184.898,35893.342,27821.726,395.494,266,349,63,6,280,71709,0,0,0,0.000,0.000,0.000,0.000,0.000,0.000,0.000,0.000,0,0,0,0,0,0,0,0,0,0.000,0.000,0.000,0.000,0.000,0.000,0.000,0.000,0,0,0,0,0,0,0,0,0,0.000,0.000,0.000,0.000,0.000,0.000,0.000,0.000,0,0,0,0,0,0,0,0,0,0.000,0.000,0.000,0.000,0.000,0.000,0.000,0.000,0,0,0,0,0,0,0,0,0,0.000,0.000,0.000,0.000,0.000,0.000,0.000,0.000,0,0,0,0,0,0,0,0,0,0,0,0,0,0,0,0,0,0,8401,5813,5742,19,0,17031,6583,1779,77663,36122,6214,6840,3464,580,30,0,0,51964,20471,4332,19442,8369,2068,415,194,31,0,0,0,2015.921,124.618,17762.329,1213.777,36,168,0,549,171,979,1681,559,152,1534,289,482,377,236,447,936,217,210,384,481,118,0,0,0,0,0,0,0,0,0,0,0,0,366,740,374,62,0,0,0,0,638,314,198,43,0,0,0,0,0,0,0,0,0,0,0,0,0,0,0,0,0,0,0,0,0.5536,0.4121,11,0,0,0.4407,0.4346,13,0,0
8461,282.0,5692,56,19,3410,2282,0,0,3686,356.64,0.930,0.871,0.746,0.086,0.537,-0.969,1.710,0.3889,2.0081,0.577,0.002,0.007,0.179,-0.017,88,74,86,1,311,0,165685.72,52093.630,38855.757,122.917,30167.121,33.479,48559.835,30141.676,6073.219,20162.317,16129.854,3253.770,237.534,1053.717,0.000286,0.022693,6895,0,7,79,86,7,75099,520,75,115.298,0,0,0,0,0,0,0,0,0,0,0,0,0,0,69546,1586,6375,69842.266,38257.273,29350.261,0.006,115.298,34941.491,26561.371,342.249,288,352,73,7,272,77220,0,0,0,0.000,0.000,0.000,0.000,0.000,0.000,0.000,0.000,0,0,0,0,0,0,0,0,0,0.000,0.000,0.000,0.000,0.000,0.000,0.000,0.000,0,0,0,0,0,0,0,0,0,0.000,0.000,0.000,0.000,0.000,0.000,0.000,0.000,0,0,0,0,0,0,0,0,0,0.000,0.000,0.000,0.000,0.000,0.000,0.000,0.000,0,0,0,0,0,0,0,0,0,0.000,0.000,0.000,0.000,0.000,0.000,0.000,0.000,0,0,0,0,0,0,0,0,0,0,0,0,0,0,0,0,0,0,8401,5813,5742,19,0,16805,6684,1568,77694,36255,6379,6955,3445,451,30,0,0,50374,19313,3978,18752,8207,1997,420,164,34,0,0,0,2025.636,123.839,16782.070,1115.699,40,152,0,530,173,945,1662,542,174,1553,275,486,405,242,449,936,192,195,343,493,123,0,0,0,0,0,0,0,0,0,0,0,0,387,766,364,64,0,0,0,1,623,312,168,51,0,0,0,0,0,0,0,0,0,0,0,0,0,0,0,0,0,0,0,0,0.5708,0.4296,11,0,0,0.4362,0.4380,13,0,0
8491,283.0,5642,54,19,3422,2220,0,0,3716,371.39,0.921,0.864,0.747,0.085,0.544,-0.968,1.713,0.3917,2.0078,0.584,0.001,0.008,0.180,-0.017,92,74,71,0,283,0,158897.89,50269.398,34442.080,122.088,28939.893,37.141,47980.106,30207.597,6123.069,16857.607,13486.086,2719.914,221.257,997.923,0.000209,0.021871,6773,0,4,67,70,4,76055,531,63,117.803,0,0,0,0,0,0,0,0,0,0,0,0,0,0,67802,1402,6242,63964.580,33800.560,28115.176,0.006,117.803,34226.479,26590.705,298.751,245,307,70,4,233,69353,0,0,0,0.000,0.000,0.000,0.000,0.000,0.000,0.000,0.000,0,0,0,0,0,0,0,0,0,0.000,0.000,0.000,0.000,0.000,0.000,0.000,0.000,0,0,0,0,0,0,0,0,0,0.000,0.000,0.000,0.000,0.000,0.000,0.000,0.000,0,0,0,0,0,0,0,0,0,0.000,0.000,0.000,0.000,0.000,0.000,0.000,0.000,0,0,0,0,0,0,0,0,0,0.000,0.000,0.000,0.000,0.000,0.000,0.000,0.000,0,0,0,0,0,0,0,0,0,0,0,0,0,0,0,0,0,0,8401,5813,5742,19,0,16898,7156,1317,78545,36642,6203,7113,3481,546,30,0,0,49799,19973,4388,17500,7829,1756,503,251,51,0,0,0,2104.999,115.668,17372.784,1165.823,48,159,0,510,161,813,1486,521,140,1581,278,479,394,246,444,909,202,174,365,465,105,0,0,0,0,0,0,0,0,0,0,0,0,395,746,349,73,0,0,0,0,600,322,150,37,0,0,0,0,0,0,0,0,0,0,0,0,0,0,0,0,0,0,0,0,0.5553,0.4359,10,0,0,0.4476,0.4474,12,0,0
8521,284.0,5521,61,19,3429,2092,0,0,3679,370.70,0.904,0.847,0.752,0.084,0.557,-0.968,1.714,0.3931,1.9771,0.584,0.001,0.008,0.182,-0.018,72,67,81,0,334,0,151795.52,48925.212,33306.259,127.992,27616.911,36.825,46624.915,29074.524,6110.898,15771.950,12617.560,3301.075,195.187,1000.850,0.000284,0.021737,6768,0,9,72,81,9,76673,583,67,121.701,0,0,0,0,0,0,0,0,0,0,0,0,0,0,64887,1364,6185,61514.656,32819.788,26724.628,0.063,121.701,32827.048,25416.685,310.925,220,348,64,9,275,83759,0,0,0,0.000,0.000,0.000,0.000,0.000,0.000,0.000,0.000,0,0,0,0,0,0,0,0,0,0.000,0.000,0.000,0.000,0.000,0.000,0.000,0.000,0,0,0,0,0,0,0,0,0,0.000,0.000,0.000,0.000,0.000,0.000,0.000,0.000,0,0,0,0,0,0,0,0,0,0.000,0.000,0.000,0.000,0.000,0.000,0.000,0.000,0,0,0,0,0,0,0,0,0,0.000,0.000,0.000,0.000,0.000,0.000,0.000,0.000,0,0,0,0,0,0,0,0,0,0,0,0,0,0,0,0,0,0,8401,5813,5742,19,0,17116,7502,1287,78510,36941,7045,7298,3625,346,30,0,0,48200,19145,4280,16141,7048,1791,546,250,55,0,0,0,2142.555,129.550,16497.509,1149.269,36,172,0,497,161,778,1429,496,136,1605,302,468,372,233,449,833,176,210,350,403,120,0,0,0,0,0,0,0,0,0,0,0,0,399,733,319,71,0,0,0,0,569,312,164,38,0,0,0,0,0,0,0,0,0,0,0,0,0,0,0,0,0,0,0,0,0.5630,0.4405,10,0,0,0.4103,0.4317,12,0,0
8551,285.0,5363,58,21,3376,1987,0,0,3532,404.01,0.894,0.839,0.753,0.082,0.565,-0.969,1.715,0.3952,1.9987,0.587,0.002,0.008,0.184,-0.018,93,62,93,0,323,0,145804.97,46894.315,32420.062,131.019,25556.115,38.091,44713.581,27342.731,5936.171,14287.273,11429.819,3373.620,337.697,874.683,0.000221,0.021205,6288,0,8,85,91,8,76465,506,70,110.353,0,0,0,0,0,0,0,0,0,0,0,0,0,0,61063,1328,5782,58537.994,31867.966,24835.030,0.049,110.353,30972.695,23674.579,312.864,209,314,51,8,255,75526,0,0,0,0.000,0.000,0.000,0.000,0.000,0.000,0.000,0.000,0,0,0,0,0,0,0,0,0,0.000,0.000,0.000,0.000,0.000,0.000,0.000,0.000,0,0,0,0,0,0,0,0,0,0.000,0.000,0.000,0.000,0.000,0.000,0.000,0.000,0,0,0,0,0,0,0,0,0,0.000,0.000,0.000,0.000,0.000,0.000,0.000,0.000,0,0,0,0,0,0,0,0,0,0.000,0.000,0.000,0.000,0.000,0.000,0.000,0.000,0,0,0,0,0,0,0,0,0,0,0,0,0,0,0,0,0,0,8551,5363,5244,30,3,17685,7883,1106,77549,36625,7026,7184,3495,438,30,0,3,45503,17831,3776,15058,6509,1601,502,212,54,0,0,0,2159.500,125.071,15084.584,1031.204,44,148,0,478,132,787,1400,494,121,1588,269,474,358,255,432,813,161,147,329,437,100,0,0,0,0,0,0,0,0,0,0,0,0,400,721,323,75,0,0,0,0,551,301,128,33,0,0,0,0,0,0,0,0,0,0,0,0,0,0,0,0,0,0,0,0,0.5500,0.4172,9,0,0,0.4100,0.4513,12,0,0
8581,286.0,5256,69,21,3367,1889,0,0,3488,379.88,0.880,0.827,0.756,0.082,0.575,-0.969,1.719,0.3934,1.9750,0.599,0.003,0.005,0.185,-0.018,72,69,68,0,260,0,137842.17,45096.927,28211.107,105.864,23334.924,34.917,43096.341,26473.966,5718.235,12631.776,10105.421,2554.361,196.665,810.772,0.000225,0.020094,5737,0,4,64,68,4,76003,375,61,101.758,0,0,0,0,0,0,0,0,0,0,0,0,0,0,58149,1149,5362,52102.769,27646.937,22750.511,0.008,101.758,29516.674,22876.670,274.201,174,272,63,4,205,66213,0,0,0,0.000,0.000,0.000,0.000,0.000,0.000,0.000,0.000,0,0,0,0,0,0,0,0,0,0.000,0.000,0.000,0.000,0.000,0.000,0.000,0.000,0,0,0,0,0,0,0,0,0,0.000,0.000,0.000,0.000,0.000,0.000,0.000,0.000,0,0,0,0,0,0,0,0,0,0.000,0.000,0.000,0.000,0.000,0.000,0.000,0.000,0,0,0,0,0,0,0,0,0,0.000,0.000,0.000,0.000,0.000,0.000,0.000,0.000,0,0,0,0,0,0,0,0,0,0,0,0,0,0,0,0,0,0,8551,5363,5244,30,3,17433,7833,1100,76749,36356,6461,7100,3277,509,30,16,14,43197,17498,3492,14508,6443,1279,444,196,49,0,0,0,2147.409,122.957,14813.305,907.491,55,132,0,403,131,697,1220,422,107,1568,282,476,346,281,414,781,178,150,271,404,105,0,0,0,0,0,0,0,0,0,0,0,0,417,708,313,79,0,0,0,0,524,256,130,20,0,0,0,0,0,0,0,0,0,0,0,0,0,0,0,0,0,0,0,0,0.5518,0.4372,9,0,0,0.4099,0.4555,12,0,0
8611,287.0,5025,67,21,3304,1721,0,0,3339,406.97,0.859,0.809,0.762,0.078,0.590,-0.968,1.719,0.3972,1.9912,0.613,0.003,0.010,0.188,-0.018,75,81,100,0,325,0,131926.73,43790.984,27651.062,148.066,21293.137,34.381,41089.202,24313.879,5568.304,12083.204,9666.563,3085.706,291.150,740.673,0.000316,0.019029,5202,0,3,97,100,3,75975,347,89,133.730,0,0,0,0,0,0,0,0,0,0,0,0,0,0,54414,1125,4855,49396.295,27114.868,20694.926,0.004,133.730,27676.310,20811.605,263.171,169,337,76,3,258,81270,0,0,0,0.000,0.000,0.000,0.000,0.000,0.000,0.000,0.000,0,0,0,0,0,0,0,0,0,0.000,0.000,0.000,0.000,0.000,0.000,0.000,0.000,0,0,0,0,0,0,0,0,0,0.000,0.000,0.000,0.000,0.000,0.000,0.000,0.000,0,0,0,0,0,0,0,0,0,0.000,0.000,0.000,0.000,0.000,0.000,0.000,0.000,0,0,0,0,0,0,0,0,0,0.000,0.000,0.000,0.000,0.000,0.000,0.000,0.000,0,0,0,0,0,0,0,0,0,0,0,0,0,0,0,0,0,0,8551,5363,5244,30,3,17415,7893,1210,75521,35653,6523,6941,3176,484,30,30,0,40323,15859,3504,13695,5690,1394,396,92,148,0,0,0,2111.699,124.199,13077.284,929.583,54,142,1,406,127,662,1197,402,118,1559,262,468,345,272,398,669,181,127,271,379,94,0,0,0,0,0,0,0,0,0,0,0,0,423,687,300,73,0,0,0,0,469,257,125,19,0,0,0,1,0,0,0,0,0,0,0,0,0,0,0,0,0,0,0,0,0.5626,0.4381,9,0,0,0.4250,0.4532,12,0,0
8641,288.0,4886,83,21,3288,1598,0,0,3265,355.90,0.840,0.792,0.767,0.077,0.603,-0.968,1.720,0.3994,1.9516,0.618,0.001,0.011,0.191,-0.018,76,53,53,0,294,0,127125.18,41479.095,25331.063,99.264,20655.154,42.486,38554.482,22439.995,5328.655,11268.613,9014.890,2183.322,250.148,700.654,0.000252,0.020258,4923,0,2,51,53,2,75412,289,45,86.861,0,0,0,0,0,0,0,0,0,0,0,0,0,0,49509,1030,4634,46418.464,24730.487,20187.965,0.003,86.861,25243.840,19005.236,215.966,154,277,49,2,226,70037,0,0,0,0.000,0.000,0.000,0.000,0.000,0.000,0.000,0.000,0,0,0,0,0,0,0,0,0,0.000,0.000,0.000,0.000,0.000,0.000,0.000,0.000,0,0,0,0,0,0,0,0,0,0.000,0.000,0.000,0.000,0.000,0.000,0.000,0.000,0,0,0,0,0,0,0,0,0,0.000,0.000,0.000,0.000,0.000,0.000,0.000,0.000,0,0,0,0,0,0,0,0,0,0.000,0.000,0.000,0.000,0.000,0.000,0.000,0.000,0,0,0,0,0,0,0,0,0,0,0,0,0,0,0,0,0,0,8551,5363,5244,30,3,17403,7858,1265,74556,35332,6158,6904,3159,452,1,1,0,36604,14967,2971,12531,4893,1229,374,45,153,0,0,0,2118.716,121.097,11955.653,818.100,45,96,1,371,95,647,1097,371,90,1521,265,469,367,272,394,659,145,117,238,353,86,0,0,0,0,0,0,0,0,0,0,0,0,436,680,304,82,0,0,0,0,426,222,122,24,0,0,0,0,0,0,0,0,0,0,0,0,0,0,0,0,0,0,0,0,0.5454,0.4358,9,0,0,0.4366,0.4487,12,0,0
8671,289.0,4776,71,21,3250,1526,0,0,3090,433.86,0.830,0.784,0.771,0.076,0.611,-0.968,1.719,0.3993,1.9491,0.624,0.002,0.012,0.192,-0.018,96,45,47,2,264,0,122609.82,40237.890,23801.941,59.431,18877.752,45.326,37178.787,21338.224,5177.326,10841.094,8672.875,1825.765,272.291,654.011,0.000159,0.020857,4726,0,3,44,47,3,75472,363,42,58.655,0,0,0,0,0,0,0,0,0,0,0,0,0,0,46826,967,4363,42800.752,23261.586,18162.435,0.016,58.655,23922.437,17965.349,209.859,154,226,42,3,181,56620,0,0,0,0.000,0.000,0.000,0.000,0.000,0.000,0.000,0.000,0,0,0,0,0,0,0,0,0,0.000,0.000,0.000,0.000,0.000,0.000,0.000,0.000,0,0,0,0,0,0,0,0,0,0.000,0.000,0.000,0.000,0.000,0.000,0.000,0.000,0,0,0,0,0,0,0,0,0,0.000,0.000,0.000,0.000,0.000,0.000,0.000,0.000,0,0,0,0,0,0,0,0,0,0.000,0.000,0.000,0.000,0.000,0.000,0.000,0.000,0,0,0,0,0,0,0,0,0,0,0,0,0,0,0,0,0,0,8551,5363,5244,30,3,17548,7795,1046,73742,34494,6273,6875,2925,559,0,0,0,34535,14412,2736,11887,4785,1198,404,132,123,0,0,0,2073.578,115.909,11582.824,755.609,59,119,0,328,103,588,1031,346,101,1487,264,476,361,276,386,617,135,125,207,363,79,0,0,0,0,0,0,0,0,0,0,0,0,441,666,313,78,0,0,0,1,408,221,116,29,0,0,0,0,0,0,0,0,0,0,0,0,0,0,0,0,0,0,0,0,0.5403,0.4237,9,0,0,0.4186,0.4357,11,0,0
8701,290.0,4612,79,21,3229,1383,0,0,2895,378.30,0.806,0.762,0.777,0.073,0.628,-0.968,1.718,0.3985,1.9821,0.624,0.002,0.009,0.195,-0.018,95,78,49,0,268,0,116629.93,38466.370,20906.983,81.138,17196.398,44.251,35593.669,20021.823,4830.625,9881.556,7905.245,2247.667,153.832,610.456,0.000210,0.022274,4153,0,6,43,49,6,74522,313,39,71.403,0,0,0,0,0,0,0,0,0,0,0,0,0,0,43977,845,3840,38302.828,20393.544,16667.755,0.010,71.403,22468.382,16722.735,194.292,133,276,75,6,195,70037,0,0,0,0.000,0.000,0.000,0.000,0.000,0.000,0.000,0.000,0,0,0,0,0,0,0,0,0,0.000,0.000,0.000,0.000,0.000,0.000,0.000,0.000,0,0,0,0,0,0,0,0,0,0.000,0.000,0.000,0.000,0.000,0.000,0.000,0.000,0,0,0,0,0,0,0,0,0,0.000,0.000,0.000,0.000,0.000,0.000,0.000,0.000,0,0,0,0,0,0,0,0,0,0.000,0.000,0.000,0.000,0.000,0.000,0.000,0.000,0,0,0,0,0,0,0,0,0,0,0,0,0,0,0,0,0,0,8701,4612,4552,6,1,17408,7543,1158,72500,33463,6240,7078,2951,630,0,0,0,32694,13220,2874,10892,4344,1046,391,143,156,0,0,0,2018.985,116.004,10547.793,748.059,57,103,2,323,95,502,912,322,94,1455,262,480,361,285,386,561,131,103,198,322,68,0,0,0,0,0,0,0,0,0,0,0,0,460,658,309,85,0,0,0,0,372,205,91,23,0,0,0,0,0,0,0,0,0,0,0,0,0,0,0,0,0,0,0,0,0.5546,0.4153,9,0,0,0.4064,0.4586,11,0,0
8731,291.0,4472,96,21,3217,1255,0,0,2644,390.55,0.784,0.741,0.782,0.072,0.645,-0.967,1.715,0.4005,1.9419,0.629,0.002,0.009,0.198,-0.018,105,63,29,2,240,0,111468.82,36568.354,18421.025,39.175,16481.179,48.683,33532.745,18295.821,4412.339,8394.212,6715.369,1625.106,53.795,591.011,0.000267,0.023144,3931,0,0,29,29,0,74338,308,27,37.044,0,0,0,0,0,0,0,0,0,0,0,0,0,0,39781,747,3623,35040.943,17863.089,15980.513,0.000,37.044,20401.422,15034.408,156.842,113,241,60,0,181,63167,0,0,0,0.000,0.000,0.000,0.000,0.000,0.000,0.000,0.000,0,0,0,0,0,0,0,0,0,0.000,0.000,0.000,0.000,0.000,0.000,0.000,0.000,0,0,0,0,0,0,0,0,0,0.000,0.000,0.000,0.000,0.000,0.000,0.000,0.000,0,0,0,0,0,0,0,0,0,0.000,0.000,0.000,0.000,0.000,0.000,0.000,0.000,0,0,0,0,0,0,0,0,0,0.000,0.000,0.000,0.000,0.000,0.000,0.000,0.000,0,0,0,0,0,0,0,0,0,0,0,0,0,0,0,0,0,0,8701,4612,4552,6,1,17652,7575,1290,72018,32999,6183,7190,2979,565,0,0,0,29773,12130,2393,9684,3963,927,324,180,104,0,0,0,2006.136,121.154,9643.757,645.729,69,104,0,258,96,471,808,271,90,1450,265,446,364,297,395,507,109,99,199,280,61,0,0,0,0,0,0,0,0,0,0,0,0,477,645,300,80,0,0,0,0,357,177,80,25,0,0,0,0,0,0,0,0,0,0,0,0,0,0,0,0,0,0,0,0,0.5774,0.4499,9,0,0,0.4265,0.4300,11,0,0
8761,292.0,4370,74,21,3217,1153,0,0,2506,441.88,0.760,0.723,0.787,0.070,0.661,-0.967,1.714,0.4048,1.9658,0.644,0.004,0.004,0.201,-0.019,119,73,26,0,191,0,108404.62,35430.063,17820.949,46.567,15136.129,54.252,31803.551,17117.768,4134.031,7662.875,6130.300,1123.614,105.072,545.177,0.000174,0.023162,3715,0,3,23,26,3,74453,352,17,38.656,0,0,0,0,0,0,0,0,0,0,0,0,0,0,36406,723,3363,33020.394,17350.996,14587.735,0.002,38.656,18708.504,13870.523,122.054,97,199,65,3,131,51446,0,0,0,0.000,0.000,0.000,0.000,0.000,0.000,0.000,0.000,0,0,0,0,0,0,0,0,0,0.000,0.000,0.000,0.000,0.000,0.000,0.000,0.000,0,0,0,0,0,0,0,0,0,0.000,0.000,0.000,0.000,0.000,0.000,0.000,0.000,0,0,0,0,0,0,0,0,0,0.000,0.000,0.000,0.000,0.000,0.000,0.000,0.000,0,0,0,0,0,0,0,0,0,0.000,0.000,0.000,0.000,0.000,0.000,0.000,0.000,0,0,0,0,0,0,0,0,0,0,0,0,0,0,0,0,0,0,8701,4612,4552,6,1,17790,7480,1313,71565,33374,5838,7139,2994,565,0,0,0,27496,11180,2270,8665,3723,914,245,83,63,0,0,0,2039.946,114.636,8922.334,598.742,49,95,0,254,88,421,785,263,84,1471,254,451,358,307,376,480,101,89,170,261,52,0,0,0,0,0,0,0,0,0,0,0,0,472,640,293,86,0,0,0,1,325,144,90,11,0,0,0,2,0,0,0,0,0,0,0,0,0,0,0,0,0,0,0,0,0.5512,0.4074,9,0,0,0.4190,0.4291,11,0,0
8791,293.0,4297,77,21,3205,1092,0,0,2364,498.32,0.747,0.713,0.791,0.067,0.670,-0.967,1.714,0.4032,1.9770,0.651,0.002,0.004,0.203,-0.019,89,61,26,0,178,0,104361.38,33963.861,15392.526,49.773,14369.695,52.988,30373.540,15964.294,3824.206,7979.361,6383.489,1183.862,17.537,490.087,0.000249,0.023760,3424,0,2,24,26,2,74828,231,22,45.623,0,0,0,0,0,0,0,0,0,0,0,0,0,0,33655,624,3193,29902.100,15059.768,13871.104,0.001,45.623,17310.272,12754.961,114.307,102,163,51,2,110,40805,0,0,0,0.000,0.000,0.000,0.000,0.000,0.000,0.000,0.000,0,0,0,0,0,0,0,0,0,0.000,0.000,0.000,0.000,0.000,0.000,0.000,0.000,0,0,0,0,0,0,0,0,0,0.000,0.000,0.000,0.000,0.000,0.000,0.000,0.000,0,0,0,0,0,0,0,0,0,0.000,0.000,0.000,0.000,0.000,0.000,0.000,0.000,0,0,0,0,0,0,0,0,0,0.000,0.000,0.000,0.000,0.000,0.000,0.000,0.000,0,0,0,0,0,0,0,0,0,0,0,0,0,0,0,0,0,0,8701,4612,4552,6,1,17847,7338,1510,71458,33764,5617,7031,2895,474,0,0,0,25532,10345,1998,7916,3640,792,207,60,60,0,0,0,2034.740,111.571,8256.129,525.689,50,86,0,250,64,357,668,245,62,1465,249,437,364,316,374,427,94,82,180,261,48,0,0,0,0,0,0,0,0,0,0,0,0,475,639,279,98,0,0,0,0,331,152,74,14,0,0,0,0,0,0,0,0,0,0,0,0,0,0,0,0,0,0,0,0,0.5671,0.4231,9,0,0,0.4207,0.4607,11,0,0
8821,294.0,4203,74,21,3183,1020,0,0,2294,481.24,0.732,0.701,0.796,0.064,0.681,-0.967,1.710,0.4033,1.9431,0.650,0.002,0.007,0.205,-0.019,96,60,26,0,181,0,101291.81,32708.518,15282.940,46.731,13261.455,53.560,29306.174,14901.181,3661.311,6995.390,5596.312,1302.803,113.800,423.403,0.000212,0.022391,3221,0,1,25,26,1,74087,307,22,42.716,0,0,0,0,0,0,0,0,0,0,0,0,0,0,31662,615,2914,28402.867,14803.481,12677.920,0.000,42.716,16332.910,11726.454,94.889,85,157,49,1,107,46012,0,0,0,0.000,0.000,0.000,0.000,0.000,0.000,0.000,0.000,0,0,0,0,0,0,0,0,0,0.000,0.000,0.000,0.000,0.000,0.000,0.000,0.000,0,0,0,0,0,0,0,0,0,0.000,0.000,0.000,0.000,0.000,0.000,0.000,0.000,0,0,0,0,0,0,0,0,0,0.000,0.000,0.000,0.000,0.000,0.000,0.000,0.000,0,0,0,0,0,0,0,0,0,0.000,0.000,0.000,0.000,0.000,0.000,0.000,0.000,0,0,0,0,0,0,0,0,0,0,0,0,0,0,0,0,0,0,8701,4612,4552,6,1,17990,7648,1652,70857,33307,5629,6787,2858,281,0,0,0,24037,9046,2238,7445,3403,675,180,54,43,0,0,0,2029.346,115.964,7343.588,531.872,53,74,0,228,78,367,676,245,63,1456,265,406,384,323,349,412,94,64,182,222,46,0,0,0,0,0,0,0,0,0,0,0,0,471,629,269,92,0,0,0,1,298,132,73,11,0,0,0,0,0,0,0,0,0,0,0,0,0,0,0,0,0,0,0,0,0.5221,0.4243,9,0,0,0.4086,0.4570,10,0,0
8851,295.0,4082,67,19,3162,920,0,0,2230,486.23,0.710,0.681,0.804,0.061,0.697,-0.968,1.711,0.4058,1.9793,0.655,0.003,0.010,0.207,-0.019,105,75,20,0,182,0,97690.01,31520.935,13105.244,34.440,12047.601,54.343,28028.181,14039.748,3533.760,6384.374,5107.499,788.604,175.287,419.976,0.000217,0.023250,2958,0,1,19,20,1,74086,259,15,26.168,0,0,0,0,0,0,0,0,0,0,0,0,0,0,29259,522,2699,24950.913,12622.586,11556.078,0.001,26.168,15103.725,10912.237,81.390,78,178,65,1,112,51791,0,0,0,0.000,0.000,0.000,0.000,0.000,0.000,0.000,0.000,0,0,0,0,0,0,0,0,0,0.000,0.000,0.000,0.000,0.000,0.000,0.000,0.000,0,0,0,0,0,0,0,0,0,0.000,0.000,0.000,0.000,0.000,0.000,0.000,0.000,0,0,0,0,0,0,0,0,0,0.000,0.000,0.000,0.000,0.000,0.000,0.000,0.000,0,0,0,0,0,0,0,0,0,0.000,0.000,0.000,0.000,0.000,0.000,0.000,0.000,0,0,0,0,0,0,0,0,0,0,0,0,0,0,0,0,0,0,8851,4082,4031,59,0,18191,8029,1411,70142,32658,6133,6809,2744,464,0,0,0,22298,8749,1965,6830,2740,743,131,7,44,0,0,0,2012.315,123.234,6803.985,509.729,50,84,0,174,60,343,584,164,59,1447,276,392,381,325,341,374,62,75,140,217,52,0,0,0,0,0,0,0,0,0,0,0,0,480,617,258,84,0,0,0,0,283,120,68,13,0,0,0,0,0,0,0,0,0,0,0,0,0,0,0,0,0,0,0,0,0.5165,0.4428,9,0,0,0.4434,0.4472,12,0,0
8881,296.0,3985,83,19,3150,835,0,0,2194,524.81,0.689,0.665,0.809,0.059,0.711,-0.969,1.712,0.4092,1.9124,0.667,0.003,0.011,0.210,-0.019,112,67,17,0,161,0,93879.30,30409.379,11402.512,36.162,12281.696,58.748,26599.941,12966.937,3415.771,5897.397,4717.917,945.541,117.102,433.985,0.000205,0.025467,2962,0,1,16,17,1,73880,345,13,30.796,0,0,0,0,0,0,0,0,0,0,0,0,0,0,26496,458,2617,23539.263,11078.143,11699.342,0.000,30.796,13696.046,9837.401,73.227,68,153,54,1,98,45503,0,0,0,0.000,0.000,0.000,0.000,0.000,0.000,0.000,0.000,0,0,0,0,0,0,0,0,0,0.000,0.000,0.000,0.000,0.000,0.000,0.000,0.000,0,0,0,0,0,0,0,0,0,0.000,0.000,0.000,0.000,0.000,0.000,0.000,0.000,0,0,0,0,0,0,0,0,0,0.000,0.000,0.000,0.000,0.000,0.000,0.000,0.000,0,0,0,0,0,0,0,0,0,0.000,0.000,0.000,0.000,0.000,0.000,0.000,0.000,0,0,0,0,0,0,0,0,0,0,0,0,0,0,0,0,0,0,8851,4082,4031,59,0,18334,8117,1425,69575,33024,5576,6823,2588,635,0,0,0,20411,8137,1669,5989,2506,763,96,14,10,0,0,0,2030.093,120.371,6230.660,442.383,64,82,0,181,57,284,506,189,53,1446,243,401,391,325,344,339,77,70,131,183,35,0,0,0,0,0,0,0,0,0,0,0,0,490,624,257,90,0,0,0,0,244,103,58,14,0,0,0,0,0,0,0,0,0,0,0,0,0,0,0,0,0,0,0,0,0.5141,0.4440,10,0,0,0.4366,0.4333,12,0,0
8911,297.0,3923,81,19,3129,794,0,0,2132,546.57,0.680,0.658,0.810,0.058,0.718,-0.970,1.710,0.4092,1.9430,0.678,0.003,0.014,0.211,-0.019,98,56,25,1,132,0,91716.72,29911.311,11673.671,46.319,11160.344,57.002,25561.727,12126.222,3307.749,6250.491,5000.392,1097.492,98.464,352.137,0.000242,0.027932,2728,0,0,25,25,0,73258,407,19,34.908,0,0,0,0,0,0,0,0,0,0,0,0,0,0,24566,466,2321,22360.873,11314.098,10393.772,0.000,34.908,12707.305,9026.494,68.490,79,120,47,0,73,34834,0,0,0,0.000,0.000,0.000,0.000,0.000,0.000,0.000,0.000,0,0,0,0,0,0,0,0,0,0.000,0.000,0.000,0.000,0.000,0.000,0.000,0.000,0,0,0,0,0,0,0,0,0,0.000,0.000,0.000,0.000,0.000,0.000,0.000,0.000,0,0,0,0,0,0,0,0,0,0.000,0.000,0.000,0.000,0.000,0.000,0.000,0.000,0,0,0,0,0,0,0,0,0,0.000,0.000,0.000,0.000,0.000,0.000,0.000,0.000,0,0,0,0,0,0,0,0,0,0,0,0,0,0,0,0,0,0,8851,4082,4031,59,0,18465,8154,1297,68895,32374,5478,6786,2623,679,0,0,0,18752,7308,1787,5724,2511,651,90,43,5,0,0,0,2008.781,117.885,5784.563,438.170,53,60,0,174,58,281,515,187,49,1436,252,393,364,338,346,328,67,87,115,169,28,0,0,0,0,0,0,0,0,0,0,0,0,489,613,256,82,0,0,0,1,232,97,53,17,0,0,0,0,0,0,0,0,0,0,0,0,0,0,0,0,0,0,0,0,0.5187,0.4306,10,0,0,0.4319,0.4328,12,0,0
8941,298.0,3827,81,19,3096,731,0,0,2040,595.14,0.664,0.645,0.815,0.056,0.729,-0.970,1.711,0.4074,1.9515,0.679,0.003,0.011,0.214,-0.020,110,60,26,2,143,0,90209.07,29434.745,10655.032,37.278,9926.707,60.196,24602.819,11471.008,3169.058,5398.161,4318.529,836.638,152.669,322.882,0.000248,0.029771,2565,0,1,25,26,1,73162,395,21,31.159,0,0,0,0,0,0,0,0,0,0,0,0,0,0,22756,420,2170,20123.626,10185.022,9339.961,0.000,31.159,11798.112,8410.909,53.547,65,128,40,1,87,34596,0,0,0,0.000,0.000,0.000,0.000,0.000,0.000,0.000,0.000,0,0,0,0,0,0,0,0,0,0.000,0.000,0.000,0.000,0.000,0.000,0.000,0.000,0,0,0,0,0,0,0,0,0,0.000,0.000,0.000,0.000,0.000,0.000,0.000,0.000,0,0,0,0,0,0,0,0,0,0.000,0.000,0.000,0.000,0.000,0.000,0.000,0.000,0,0,0,0,0,0,0,0,0,0.000,0.000,0.000,0.000,0.000,0.000,0.000,0.000,0,0,0,0,0,0,0,0,0,0,0,0,0,0,0,0,0,0,8851,4082,4031,59,0,18439,8319,1386,68439,32056,5289,6754,2862,593,0,0,0,17270,6986,1490,5396,2257,544,90,42,5,0,0,0,2008.928,114.167,5416.972,367.307,55,62,0,171,48,259,478,167,38,1419,247,376,366,339,349,298,80,42,128,162,21,0,0,0,0,0,0,0,0,0,0,0,0,483,610,251,85,0,0,0,1,204,87,52,10,0,0,0,0,0,0,0,0,0,0,0,0,0,0,0,0,0,0,0,0,0.5210,0.4456,10,0,0,0.4195,0.4414,11,0,0
8971,299.0,3756,85,19,3060,696,0,0,1922,566.88,0.657,0.638,0.815,0.057,0.735,-0.969,1.713,0.4087,1.9028,0.676,0.003,0.016,0.215,-0.019,95,47,31,0,139,0,88748.46,28866.379,10070.217,60.081,9324.742,59.648,23823.824,10812.499,2975.573,5863.514,4690.811,1329.725,57.898,285.065,0.000221,0.032022,2230,0,0,31,31,0,72624,242,29,57.189,0,0,0,0,0,0,0,0,0,0,0,0,0,0,21509,398,1988,19086.197,9624.990,8897.716,0.000,57.189,11177.205,7775.485,82.747,69,104,30,0,74,33113,0,0,0,0.000,0.000,0.000,0.000,0.000,0.000,0.000,0.000,0,0,0,0,0,0,0,0,0,0.000,0.000,0.000,0.000,0.000,0.000,0.000,0.000,0,0,0,0,0,0,0,0,0,0.000,0.000,0.000,0.000,0.000,0.000,0.000,0.000,0,0,0,0,0,0,0,0,0,0.000,0.000,0.000,0.000,0.000,0.000,0.000,0.000,0,0,0,0,0,0,0,0,0,0.000,0.000,0.000,0.000,0.000,0.000,0.000,0.000,0,0,0,0,0,0,0,0,0,0,0,0,0,0,0,0,0,0,8851,4082,4031,59,0,18596,8160,1718,67262,31032,5290,6595,2847,524,0,0,0,16391,6545,1566,4999,2208,516,119,30,0,0,0,0,1970.532,113.758,5042.191,371.316,46,51,0,140,42,268,446,138,41,1383,249,377,380,327,344,289,66,47,121,156,17,0,0,0,0,0,0,0,0,0,0,0,0,497,596,259,76,0,0,0,0,204,79,45,13,0,0,0,0,0,0,0,0,0,0,0,0,0,0,0,0,0,0,0,0,0.5675,0.4822,11,1,0,0.4285,0.4563,11,0,0
9001,300.0,3689,90,18,3038,651,0,0,1758,535.23,0.645,0.627,0.818,0.055,0.743,-0.969,1.713,0.4120,1.9360,0.692,0.003,0.017,0.217,-0.020,97,52,39,0,124,0,88568.13,28677.976,10133.170,75.008,8875.057,56.204,23078.061,10433.481,2749.288,5739.380,4591.504,1130.590,221.706,305.481,0.000202,0.033394,1962,0,0,39,39,0,71871,142,36,72.043,0,0,0,0,0,0,0,0,0,0,0,0,0,0,20293,403,1820,18982.597,9764.809,8624.196,0.000,72.043,10575.057,7435.743,74.556,61,107,40,0,67,29042,0,0,0,0.000,0.000,0.000,0.000,0.000,0.000,0.000,0.000,0,0,0,0,0,0,0,0,0,0.000,0.000,0.000,0.000,0.000,0.000,0.000,0.000,0,0,0,0,0,0,0,0,0,0.000,0.000,0.000,0.000,0.000,0.000,0.000,0.000,0,0,0,0,0,0,0,0,0,0.000,0.000,0.000,0.000,0.000,0.000,0.000,0.000,0,0,0,0,0,0,0,0,0,0.000,0.000,0.000,0.000,0.000,0.000,0.000,0.000,0,0,0,0,0,0,1,0,0,0,0,0,0,0,0,0,0,0,9001,3689,3650,4,0,18594,8174,1700,66158,29952,5520,6538,2944,450,0,0,0,15408,5974,1350,4735,2197,359,150,51,8,0,0,0,1933.565,116.523,4770.975,315.990,51,56,0,154,42,255,446,162,35,1361,260,374,359,329,355,270,52,46,92,158,33,0,0,0,0,0,0,0,0,0,0,0,0,487,613,246,71,0,0,0,0,190,80,46,13,0,0,0,0,0,0,0,0,0,0,0,0,0,0,0,0,0,0,0,0,0.5696,0.4640,11,1,0,0.4160,0.4698,11,0,0
9031,301.0,3672,95,18,3052,620,0,0,1671,548.57,0.633,0.619,0.820,0.054,0.751,-0.968,1.714,0.4117,1.9895,0.677,0.003,0.013,0.218,-0.021,92,45,17,1,106,0,88947.80,28812.110,9469.685,41.630,8766.332,45.277,22464.884,10081.912,2543.917,5917.639,4734.111,1212.491,164.757,292.274,0.000279,0.035395,1849,0,1,16,17,1,72294,125,12,27.129,0,0,0,0,0,0,0,0,0,0,0,0,0,0,19069,373,1724,18101.095,9006.329,8531.748,0.007,27.129,9950.140,7096.217,81.621,66,97,36,1,60,28406,0,0,0,0.000,0.000,0.000,0.000,0.000,0.000,0.000,0.000,0,0,0,0,0,0,0,0,0,0.000,0.000,0.000,0.000,0.000,0.000,0.000,0.000,0,0,0,0,0,0,0,0,0,0.000,0.000,0.000,0.000,0.000,0.000,0.000,0.000,0,0,0,0,0,0,0,0,0,0.000,0.000,0.000,0.000,0.000,0.000,0.000,0.000,0,0,0,0,0,0,0,0,0,0.000,0.000,0.000,0.000,0.000,0.000,0.000,0.000,0,0,0,0,0,0,0,0,0,0,0,0,0,0,0,0,0,0,9001,3689,3650,4,0,18700,8321,1722,65944,29658,5719,6688,2940,586,0,0,0,14588,5813,1168,4324,1843,403,157,69,26,0,0,0,1928.554,120.080,4473.985,285.998,48,46,0,142,50,245,432,140,51,1364,278,361,375,324,350,240,60,57,69,150,44,0,0,0,0,0,0,0,0,0,0,0,0,486,609,252,63,0,0,0,0,182,89,37,12,0,0,0,0,0,0,0,0,0,0,0,0,0,0,0,0,0,0,0,0,0.5753,0.4440,10,1,0,0.4149,0.4449,11,0,0
9061,302.0,3671,110,18,3071,600,0,0,1645,564.89,0.627,0.614,0.819,0.053,0.756,-0.967,1.715,0.4126,1.9073,0.677,0.002,0.022,0.219,-0.021,100,58,28,0,85,0,91203.20,29115.100,10027.962,61.359,8886.355,55.657,22107.961,9603.826,2409.392,6505.131,5204.105,1083.563,113.141,330.108,0.000261,0.035042,1859,0,0,28,28,0,72618,111,25,52.975,0,0,0,0,0,0,0,0,0,0,0,0,0,0,18216,397,1748,18883.617,9613.644,8651.561,0.000,52.975,9513.985,6646.570,57.056,67,87,47,0,40,27826,0,0,0,0.000,0.000,0.000,0.000,0.000,0.000,0.000,0.000,0,0,0,0,0,0,0,0,0,0.000,0.000,0.000,0.000,0.000,0.000,0.000,0.000,0,0,0,0,0,0,0,0,0,0.000,0.000,0.000,0.000,0.000,0.000,0.000,0.000,0,0,0,0,0,0,0,0,0,0.000,0.000,0.000,0.000,0.000,0.000,0.000,0.000,0,0,0,0,0,0,0,0,0,0.000,0.000,0.000,0.000,0.000,0.000,0.000,0.000,0,0,0,0,0,0,0,0,0,0,0,0,0,0,0,0,0,0,9001,3689,3650,4,0,18829,8459,1549,66220,29534,5941,6775,2869,767,0,0,0,13737,5053,1262,4323,1856,461,156,98,6,0,0,0,1921.654,122.664,4073.936,310.853,69,43,0,147,44,280,456,143,46,1376,246,386,383,345,335,232,53,52,94,135,34,0,0,0,0,0,0,0,0,0,0,0,0,513,590,283,63,0,0,0,0,167,89,42,17,0,0,0,0,0,0,0,0,0,0,0,0,0,0,0,0,0,0,0,0,0.5930,0.4403,10,1,0,0.4294,0.4327,11,0,0
9091,303.0,3699,118,18,3088,611,0,0,1616,602.78,0.628,0.616,0.819,0.054,0.756,-0.966,1.717,0.4130,1.9164,0.676,0.003,0.015,0.219,-0.021,98,50,34,0,72,0,93808.12,29674.505,10315.495,62.827,8887.588,60.762,22150.116,9763.078,2365.599,7339.097,5871.278,1295.541,91.816,313.940,0.000208,0.036216,1927,0,1,33,34,1,73287,169,27,47.767,0,0,0,0,0,0,0,0,0,0,0,0,0,0,18022,413,1758,19027.979,9917.641,8465.868,0.000,47.767,9413.819,6769.488,61.601,86,75,38,1,36,22127,0,0,0,0.000,0.000,0.000,0.000,0.000,0.000,0.000,0.000,0,0,0,0,0,0,0,0,0,0.000,0.000,0.000,0.000,0.000,0.000,0.000,0.000,0,0,0,0,0,0,0,0,0,0.000,0.000,0.000,0.000,0.000,0.000,0.000,0.000,0,0,0,0,0,0,0,0,0,0.000,0.000,0.000,0.000,0.000,0.000,0.000,0.000,0,0,0,0,0,0,0,0,0,0.000,0.000,0.000,0.000,0.000,0.000,0.000,0.000,0,0,0,0,0,0,0,0,0,0,0,0,0,0,0,0,0,0,9001,3689,3650,4,0,19029,8586,1522,66682,29679,5457,6885,2921,801,0,0,0,13640,5645,1195,4217,1779,441,165,105,0,0,0,0,1937.359,116.932,4433.996,281.212,51,34,0,147,47,281,467,145,51,1364,264,379,406,339,336,253,50,40,93,148,27,0,0,0,0,0,0,0,0,0,0,0,0,522,607,265,66,0,0,0,0,182,79,30,15,0,0,0,2,0,0,0,0,0,0,0,0,0,0,0,0,0,0,0,0,0.6209,0.4300,10,1,0,0.4379,0.4327,11,0,0
9121,304.0,3798,120,18,3150,648,0,0,1629,650.12,0.633,0.623,0.817,0.053,0.754,-0.966,1.717,0.4101,1.8862,0.675,0.005,0.009,0.218,-0.023,130,44,37,1,60,0,98110.16,30704.175,11784.126,73.257,9263.207,57.809,22610.196,9937.760,2342.306,9142.120,7313.696,1102.256,89.478,349.094,0.000246,0.035925,1950,0,0,37,37,0,74003,145,31,62.397,0,0,0,0,0,0,0,0,0,0,0,0,0,0,18789,464,1805,20887.759,11223.121,8972.953,0.000,62.397,9734.878,6957.508,49.880,97,60,33,0,27,18727,0,0,0,0.000,0.000,0.000,0.000,0.000,0.000,0.000,0.000,0,0,0,0,0,0,0,0,0,0.000,0.000,0.000,0.000,0.000,0.000,0.000,0.000,0,0,0,0,0,0,0,0,0,0.000,0.000,0.000,0.000,0.000,0.000,0.000,0.000,0,0,0,0,0,0,0,0,0,0.000,0.000,0.000,0.000,0.000,0.000,0.000,0.000,0,0,0,0,0,0,0,0,0,0.000,0.000,0.000,0.000,0.000,0.000,0.000,0.000,0,0,0,0,0,0,0,0,0,0,0,0,0,0,0,0,0,0,9001,3689,3650,4,0,19470,8544,1902,66978,29152,5500,7125,3253,569,0,0,0,14169,5749,1255,4425,1808,438,195,95,7,0,0,0,1923.978,122.505,4524.712,304.851,80,41,0,185,65,282,530,178,47,1364,275,387,435,347,342,256,60,56,105,147,24,0,0,0,0,0,0,0,0,0,0,0,0,516,640,280,75,0,0,0,0,205,69,45,13,0,0,0,0,0,0,0,0,0,0,0,0,0,0,0,0,0,0,0,0,0.6434,0.4342,10,1,0,0.4264,0.3758,11,0,0
9151,305.0,3921,107,19,3235,686,0,0,1623,574.02,0.637,0.627,0.814,0.054,0.751,-0.966,1.717,0.4124,1.9526,0.659,0.005,0.013,0.218,-0.024,125,38,29,0,65,0,102953.23,32435.197,11966.895,58.701,11325.666,61.480,23505.575,10417.953,2328.284,9642.633,7714.106,909.339,94.690,433.354,0.000192,0.035805,2338,0,0,29,29,0,76008,263,28,54.327,0,0,0,0,0,0,0,0,0,0,0,0,0,0,19991,469,2075,22769.674,11269.063,10729.929,0.000,54.327,10321.518,7402.901,43.132,98,60,31,0,29,16028,0,0,0,0.000,0.000,0.000,0.000,0.000,0.000,0.000,0.000,0,0,0,0,0,0,0,0,0,0.000,0.000,0.000,0.000,0.000,0.000,0.000,0.000,0,0,0,0,0,0,0,0,0,0.000,0.000,0.000,0.000,0.000,0.000,0.000,0.000,0,0,0,0,0,0,0,0,0,0.000,0.000,0.000,0.000,0.000,0.000,0.000,0.000,0,0,0,0,0,0,0,0,0,0.000,0.000,0.000,0.000,0.000,0.000,0.000,0.000,0,0,0,0,0,0,0,0,0,0,0,0,0,0,0,0,0,0,9151,3921,3875,13,1,20208,8831,1877,68193,29250,5969,7449,3526,517,0,0,0,14962,5967,1348,4768,2063,509,261,90,0,0,0,0,1931.493,126.627,4807.275,330.870,64,57,0,195,62,277,547,199,55,1415,278,404,441,353,344,285,62,54,114,145,26,0,0,0,0,0,0,0,0,0,0,0,0,502,654,305,79,0,0,0,2,192,93,46,8,0,0,0,0,0,0,0,0,0,0,0,0,0,0,0,0,0,0,0,0,0.6185,0.4338,10,1,0,0.4038,0.4557,11,0,0
9181,306.0,4050,104,19,3306,744,0,0,1647,556.49,0.648,0.638,0.811,0.055,0.745,-0.967,1.721,0.4136,1.9519,0.646,0.005,0.017,0.217,-0.024,124,42,33,0,61,0,107642.70,33290.161,12885.460,80.236,11170.293,53.839,24399.277,10942.402,2338.334,10697.011,8557.609,1214.506,120.847,411.624,0.000227,0.034649,2293,0,0,33,33,0,77913,284,27,67.990,0,0,0,0,0,0,0,0,0,0,0,0,0,0,21081,511,2009,23664.867,12285.699,10600.248,0.000,67.990,10873.005,7830.233,45.969,127,69,35,0,34,18963,0,0,0,0.000,0.000,0.000,0.000,0.000,0.000,0.000,0.000,0,0,0,0,0,0,0,0,0,0.000,0.000,0.000,0.000,0.000,0.000,0.000,0.000,0,0,0,0,0,0,0,0,0,0.000,0.000,0.000,0.000,0.000,0.000,0.000,0.000,0,0,0,0,0,0,0,0,0,0.000,0.000,0.000,0.000,0.000,0.000,0.000,0.000,0,0,0,0,0,0,0,0,0,0.000,0.000,0.000,0.000,0.000,0.000,0.000,0.000,0,0,0,0,0,0,0,0,0,0,0,0,0,0,0,0,0,0,9151,3921,3875,13,1,20832,9187,1759,69695,29961,6635,7735,3766,516,0,0,0,15825,6411,1424,4974,2047,512,282,90,6,0,0,0,1997.985,134.891,4975.108,342.671,52,43,0,179,55,343,580,197,52,1453,318,416,391,376,352,277,70,51,123,183,40,0,0,0,0,0,0,0,0,0,0,0,0,509,641,305,78,0,0,0,2,231,110,50,6,0,0,0,0,0,0,0,0,0,0,0,0,0,0,0,0,0,0,0,0,0.6213,0.4071,10,1,0,0.3913,0.4478,11,0,0
9211,307.0,4155,115,19,3376,779,0,0,1662,516.36,0.652,0.643,0.809,0.055,0.743,-0.966,1.722,0.4153,2.0301,0.637,0.004,0.015,0.217,-0.024,119,41,40,0,82,0,112218.40,35161.420,13621.816,74.075,13377.601,61.573,25500.772,11679.084,2367.825,10455.626,8364.501,1841.320,241.474,560.012,0.000146,0.034487,2825,0,5,35,40,5,79208,388,31,65.711,0,0,0,0,0,0,0,0,0,0,0,0,0,0,22753,543,2437,26733.415,13075.744,12733.964,0.009,65.711,11718.555,8464.809,57.240,119,84,34,5,45,17748,0,0,0,0.000,0.000,0.000,0.000,0.000,0.000,0.000,0.000,0,0,0,0,0,0,0,0,0,0.000,0.000,0.000,0.000,0.000,0.000,0.000,0.000,0,0,0,0,0,0,0,0,0,0.000,0.000,0.000,0.000,0.000,0.000,0.000,0.000,0,0,0,0,0,0,0,0,0,0.000,0.000,0.000,0.000,0.000,0.000,0.000,0.000,0,0,0,0,0,0,0,0,0,0.000,0.000,0.000,0.000,0.000,0.000,0.000,0.000,0,0,0,0,0,0,0,0,0,0,0,0,0,0,0,0,0,0,9151,3921,3875,13,1,21314,9306,1750,70791,31288,7061,7881,3922,399,0,0,0,17205,6852,1409,5243,2052,474,305,138,23,0,0,0,2072.955,139.571,5227.492,335.824,81,47,0,216,68,333,606,210,59,1531,277,438,387,383,360,313,63,46,129,185,43,0,0,0,0,0,0,0,0,0,0,0,0,519,652,311,86,0,0,0,0,217,118,55,13,0,0,0,0,0,0,0,0,0,0,0,0,0,0,0,0,0,0,0,0,0.6063,0.4413,11,1,0,0.4277,0.4214,11,0,0
9241,308.0,4260,135,19,3437,823,0,0,1735,525.06,0.659,0.650,0.809,0.056,0.739,-0.967,1.725,0.4177,1.9995,0.636,0.004,0.015,0.216,-0.024,106,37,70,0,80,0,116978.05,37135.781,14744.850,123.014,13198.240,57.214,26645.141,12360.836,2465.014,11409.903,9127.922,2732.458,207.130,551.429,0.000161,0.034835,2672,0,15,55,70,15,81346,314,51,114.687,0,0,0,0,0,0,0,0,0,0,0,0,0,0,24284,592,2358,27602.525,14286.024,12410.716,0.003,114.687,12539.760,9013.274,83.563,127,83,27,15,41,16690,0,0,0,0.000,0.000,0.000,0.000,0.000,0.000,0.000,0.000,0,0,0,0,0,0,0,0,0,0.000,0.000,0.000,0.000,0.000,0.000,0.000,0.000,0,0,0,0,0,0,0,0,0,0.000,0.000,0.000,0.000,0.000,0.000,0.000,0.000,0,0,0,0,0,0,0,0,0,0.000,0.000,0.000,0.000,0.000,0.000,0.000,0.000,0,0,0,0,0,0,0,0,0,0.000,0.000,0.000,0.000,0.000,0.000,0.000,0.000,0,0,0,0,0,0,0,0,0,0,0,0,0,0,0,0,0,0,9151,3921,3875,13,1,21806,9706,1731,72311,32804,6051,8209,3926,446,0,0,0,18426,7507,1680,5520,2105,613,338,105,37,0,0,0,2163.427,126.765,5583.484,411.445,65,57,0,241,74,360,655,229,68,1562,283,464,368,392,368,339,75,56,157,148,48,0,0,0,0,0,0,0,0,0,0,0,0,540,650,315,87,0,0,0,0,200,138,55,16,0,0,0,0,0,0,0,0,0,0,0,0,0,0,0,0,0,0,0,0,0.6220,0.4421,10,1,0,0.4038,0.4359,11,0,0
9271,309.0,4434,124,19,3519,915,0,0,1828,533.67,0.676,0.664,0.806,0.057,0.728,-0.966,1.729,0.4166,1.9705,0.627,0.004,0.022,0.214,-0.024,109,36,72,1,64,0,124064.34,39318.797,17710.408,138.734,15381.875,47.448,27799.056,13323.277,2580.659,13776.351,11021.081,2767.256,244.019,612.118,0.000261,0.033055,3050,0,13,59,72,13,82690,317,53,128.814,0,0,0,0,0,0,0,0,0,0,0,0,0,0,25981,712,2733,32829.715,17149.857,14597.298,0.013,128.814,13404.956,9870.466,102.045,160,69,31,13,25,15356,0,0,0,0.000,0.000,0.000,0.000,0.000,0.000,0.000,0.000,0,0,0,0,0,0,0,0,0,0.000,0.000,0.000,0.000,0.000,0.000,0.000,0.000,0,0,0,0,0,0,0,0,0,0.000,0.000,0.000,0.000,0.000,0.000,0.000,0.000,0,0,0,0,0,0,0,0,0,0.000,0.000,0.000,0.000,0.000,0.000,0.000,0.000,0,0,0,0,0,0,0,0,0,0.000,0.000,0.000,0.000,0.000,0.000,0.000,0.000,0,0,0,0,0,0,1,0,0,0,0,0,0,0,0,0,0,0,9151,3921,3875,13,1,21903,9916,1781,73785,33091,6519,8620,4168,549,0,0,0,19849,8575,1935,5791,2492,630,341,64,47,0,0,0,2200.020,136.036,6419.386,466.780,61,61,0,247,89,438,785,281,83,1571,302,486,386,407,367,416,88,67,131,172,41,0,0,0,0,0,0,0,0,0,0,0,0,555,655,339,96,0,0,0,1,217,126,53,15,0,0,0,0,0,0,0,0,0,0,0,0,0,0,0,0,0,0,0,0,0.6435,0.4450,10,1,0,0.4026,0.4514,11,0,0
9301,310.0,4602,131,18,3596,1006,0,0,1959,469.11,0.691,0.679,0.803,0.058,0.719,-0.966,1.731,0.4158,2.0013,0.599,0.004,0.023,0.213,-0.024,96,42,71,1,85,0,130835.19,41234.618,19519.941,132.432,16357.948,47.840,29539.324,15121.520,2763.997,15027.942,12022.354,2761.892,279.507,644.311,0.000151,0.032668,3293,0,8,63,71,8,84268,364,58,124.847,0,0,0,0,0,0,0,0,0,0,0,0,0,0,28756,784,2929,35420.803,18787.931,15392.667,0.005,124.847,14829.692,11632.837,131.648,185,94,35,8,51,18132,0,0,0,0.000,0.000,0.000,0.000,0.000,0.000,0.000,0.000,0,0,0,0,0,0,0,0,0,0.000,0.000,0.000,0.000,0.000,0.000,0.000,0.000,0,0,0,0,0,0,0,0,0,0.000,0.000,0.000,0.000,0.000,0.000,0.000,0.000,0,0,0,0,0,0,0,0,0,0.000,0.000,0.000,0.000,0.000,0.000,0.000,0.000,0,0,0,0,0,0,0,0,0,0.000,0.000,0.000,0.000,0.000,0.000,0.000,0.000,0,0,0,0,0,0,0,0,0,0,0,0,0,0,0,0,0,0,9301,4602,4547,105,0,22408,9698,1760,75208,33600,6550,9059,4025,650,0,0,0,22132,10617,1731,6214,2745,588,410,103,11,0,0,0,2182.851,137.092,8003.053,426.692,73,59,1,314,105,466,878,324,85,1595,292,500,419,420,370,447,87,77,150,197,48,0,0,0,0,0,0,0,0,0,0,0,0,589,657,366,96,0,0,0,1,252,139,68,13,0,0,0,0,0,0,0,0,0,0,0,0,0,0,0,0,0,0,0,0,0.5881,0.4537,12,1,0,0.4168,0.4364,13,0,0
9331,311.0,4763,114,18,3663,1100,0,0,2100,416.53,0.707,0.693,0.801,0.060,0.709,-0.966,1.734,0.4181,2.0093,0.607,0.004,0.025,0.211,-0.025,113,46,113,0,82,0,136970.95,43511.121,21136.409,240.661,19253.581,46.557,31209.456,15805.250,2982.166,16319.514,13055.612,4227.211,442.446,822.003,0.000284,0.030732,3726,0,17,96,113,17,85912,416,90,225.171,0,0,0,0,0,0,0,0,0,0,0,0,0,0,31295,849,3310,40038.689,20409.185,18261.475,0.029,225.171,16150.676,12172.667,171.650,195,103,39,17,47,23659,0,0,0,0.000,0.000,0.000,0.000,0.000,0.000,0.000,0.000,0,0,0,0,0,0,0,0,0,0.000,0.000,0.000,0.000,0.000,0.000,0.000,0.000,0,0,0,0,0,0,0,0,0,0.000,0.000,0.000,0.000,0.000,0.000,0.000,0.000,0,0,0,0,0,0,0,0,0,0.000,0.000,0.000,0.000,0.000,0.000,0.000,0.000,0,0,0,0,0,0,0,0,0,0.000,0.000,0.000,0.000,0.000,0.000,0.000,0.000,0,0,0,0,0,0,2,0,0,0,0,0,0,0,0,0,0,0,9301,4602,4547,105,0,22880,9698,1923,76848,34871,6271,9289,4045,724,0,0,0,24062,10321,2259,6749,3128,670,484,67,37,0,0,0,2250.910,137.179,8007.900,531.684,66,61,0,320,102,505,944,321,85,1652,297,480,439,410,385,487,99,79,173,216,46,0,0,0,0,0,0,0,0,0,0,0,0,577,686,361,90,0,0,0,0,296,143,62,13,0,0,0,0,0,0,0,0,0,0,0,0,0,0,0,0,0,0,0,0,0.6311,0.4460,11,1,0,0.4297,0.4331,13,0,0
9361,312.0,5002,106,18,3755,1247,0,0,2310,492.28,0.731,0.713,0.793,0.065,0.694,-0.965,1.738,0.4170,1.9867,0.600,0.004,0.025,0.208,-0.024,85,36,94,0,104,0,145216.69,46979.109,23516.036,179.763,21373.968,39.839,33350.194,17233.029,3268.944,19618.985,15695.189,3256.803,537.259,859.135,0.000178,0.029798,4106,0,11,83,94,11,88042,287,83,179.763,0,0,0,0,0,0,0,0,0,0,0,0,0,0,34793,948,3819,45084.776,22672.105,20794.420,0.000,179.763,17955.278,13458.551,221.371,248,103,28,11,64,18427,0,0,0,0.000,0.000,0.000,0.000,0.000,0.000,0.000,0.000,0,0,0,0,0,0,0,0,0,0.000,0.000,0.000,0.000,0.000,0.000,0.000,0.000,0,0,0,0,0,0,0,0,0,0.000,0.000,0.000,0.000,0.000,0.000,0.000,0.000,0,0,0,0,0,0,0,0,0,0.000,0.000,0.000,0.000,0.000,0.000,0.000,0.000,0,0,0,0,0,0,0,0,0,0.000,0.000,0.000,0.000,0.000,0.000,0.000,0.000,0,0,0,0,0,0,2,0,0,0,0,0,0,0,0,0,0,0,9301,4602,4547,105,0,23588,10187,1907,78176,35641,6438,9540,4320,800,34,34,0,27031,11457,2113,7277,3340,839,485,149,75,0,0,0,2318.363,139.293,8873.557,561.579,51,69,0,345,112,578,1043,354,106,1694,302,488,463,402,406,512,118,86,200,274,57,0,0,0,0,0,0,0,0,0,0,0,0,599,709,360,90,0,0,0,1,345,168,87,17,0,0,0,0,0,0,0,0,0,0,0,0,0,0,0,0,0,0,0,0,0.6359,0.4373,11,1,0,0.4426,0.4443,14,0,0
9391,313.0,5221,103,18,3836,1385,0,0,2569,444.11,0.751,0.730,0.787,0.066,0.682,-0.964,1.740,0.4220,2.0061,0.578,0.004,0.018,0.206,-0.025,81,48,116,0,90,0,151859.28,49070.165,24755.287,208.241,23366.359,40.077,35944.841,18522.470,3637.588,19645.937,15716.750,3554.544,818.476,984.001,0.000230,0.031447,4597,0,14,102,116,14,90824,330,96,197.332,0,0,0,0,0,0,0,0,0,0,0,0,0,0,39189,999,4267,48311.518,23875.716,22704.747,0.005,197.332,20181.652,14541.143,277.122,252,117,47,14,56,21876,0,0,0,0.000,0.000,0.000,0.000,0.000,0.000,0.000,0.000,0,0,0,0,0,0,0,0,0,0.000,0.000,0.000,0.000,0.000,0.000,0.000,0.000,0,0,0,0,0,0,0,0,0,0.000,0.000,0.000,0.000,0.000,0.000,0.000,0.000,0,0,0,0,0,0,0,0,0,0.000,0.000,0.000,0.000,0.000,0.000,0.000,0.000,0,0,0,0,0,0,0,0,0,0.000,0.000,0.000,0.000,0.000,0.000,0.000,0.000,0,0,0,0,0,0,4,0,0,1,0,0,0,0,0,0,0,0,9301,4602,4547,105,0,24656,10638,2036,79572,36336,6665,9750,4639,647,70,70,0,30363,11648,2706,8370,3676,956,456,217,36,0,0,0,2422.407,141.710,9157.072,680.205,49,88,0,340,129,634,1106,343,129,1732,320,485,469,404,426,541,136,114,242,289,63,0,0,0,0,0,0,0,0,0,0,0,0,609,744,343,88,0,0,0,0,392,176,111,29,0,0,0,0,0,0,0,0,0,0,0,0,0,0,0,0,0,0,0,0,0.6562,0.4079,11,2,0,0.4235,0.4391,14,0,0
9421,314.0,5424,93,18,3889,1535,0,0,2836,385.83,0.775,0.749,0.781,0.068,0.667,-0.964,1.738,0.4210,1.9994,0.572,0.004,0.018,0.203,-0.024,84,29,138,0,109,0,158391.89,51398.431,27690.462,228.342,26526.863,35.435,38597.036,20456.172,4064.679,20260.661,16208.529,4095.303,402.051,1117.257,0.000357,0.032641,5394,0,21,117,138,21,92397,300,103,207.820,0,0,0,0,0,0,0,0,0,0,0,0,0,0,43794,1118,5094,54762.513,26785.418,25985.125,0.042,207.820,22537.607,16351.397,301.575,262,113,26,21,66,21166,0,0,0,0.000,0.000,0.000,0.000,0.000,0.000,0.000,0.000,0,0,0,0,0,0,0,0,0,0.000,0.000,0.000,0.000,0.000,0.000,0.000,0.000,0,0,0,0,0,0,0,0,0,0.000,0.000,0.000,0.000,0.000,0.000,0.000,0.000,0,0,0,0,0,0,0,0,0,0.000,0.000,0.000,0.000,0.000,0.000,0.000,0.000,0,0,0,0,0,0,0,0,0,0.000,0.000,0.000,0.000,0.000,0.000,0.000,0.000,0,0,0,0,0,0,1,0,0,0,0,0,0,0,0,0,0,0,9301,4602,4547,105,0,25299,10799,2152,80745,36522,6391,9965,4798,867,90,90,0,34367,13152,3210,9030,3684,945,397,192,39,0,0,0,2455.857,146.089,10126.320,762.222,64,85,1,418,131,676,1235,416,122,1739,323,535,444,402,446,628,128,134,255,314,76,0,0,0,0,0,0,0,0,0,0,0,0,611,762,360,92,0,0,0,2,421,214,114,30,0,0,0,0,0,0,0,0,0,0,0,0,0,0,0,0,0,0,0,0,0.6431,0.4613,13,3,0,0.4248,0.4499,14,0,0
9451,315.0,5596,90,18,3904,1692,0,0,3032,434.02,0.801,0.770,0.774,0.070,0.651,-0.963,1.741,0.4218,2.0050,0.568,0.004,0.013,0.200,-0.023,86,56,183,0,128,0,162157.05,54209.658,30264.974,311.598,28406.311,36.777,41170.146,23239.747,4436.334,23218.573,18574.859,5642.811,651.081,1237.242,0.000237,0.031444,5883,0,23,160,183,23,92161,455,153,299.383,0,0,0,0,0,0,0,0,0,0,0,0,0,0,48450,1230,5428,59048.148,29422.932,27447.459,0.061,299.383,24967.925,19065.411,330.922,312,156,46,23,87,29033,0,0,0,0.000,0.000,0.000,0.000,0.000,0.000,0.000,0.000,0,0,0,0,0,0,0,0,0,0.000,0.000,0.000,0.000,0.000,0.000,0.000,0.000,0,0,0,0,0,0,0,0,0,0.000,0.000,0.000,0.000,0.000,0.000,0.000,0.000,0,0,0,0,0,0,0,0,0,0.000,0.000,0.000,0.000,0.000,0.000,0.000,0.000,0,0,0,0,0,0,0,0,0,0.000,0.000,0.000,0.000,0.000,0.000,0.000,0.000,0,0,0,0,0,0,2,0,0,1,0,0,0,0,0,0,0,0,9451,5596,5533,44,0,25645,10896,2176,81262,36451,6368,9998,5007,683,90,90,0,38112,16115,3329,9974,3940,1149,364,148,45,0,0,0,2478.111,143.988,12171.235,824.036,60,121,0,443,148,731,1325,474,128,1766,292,538,455,411,442,699,152,133,244,353,111,0,0,0,0,0,0,0,0,0,0,0,0,642,734,374,93,0,0,0,3,442,261,105,33,0,0,0,0,0,0,0,0,0,0,0,0,0,0,0,0,0,0,0,0,0.6456,0.4493,13,2,0,0.4360,0.4562,14,0,0
9481,316.0,5725,73,18,3905,1820,0,0,3274,432.95,0.823,0.787,0.769,0.073,0.639,-0.963,1.743,0.4203,2.0695,0.569,0.003,0.010,0.198,-0.023,66,47,178,0,141,0,165510.66,56191.608,31508.206,324.382,30246.782,34.735,43400.348,24965.309,4781.696,21314.085,17051.269,5588.366,361.027,1311.021,0.000239,0.032033,6364,0,21,157,178,21,92619,386,151,310.184,0,0,0,0,0,0,0,0,0,0,0,0,0,0,52649,1284,5978,62450.301,30654.656,29436.369,0.044,310.184,27182.304,20784.019,338.771,283,155,43,21,91,28202,0,0,0,0.000,0.000,0.000,0.000,0.000,0.000,0.000,0.000,0,0,0,0,0,0,0,0,0,0.000,0.000,0.000,0.000,0.000,0.000,0.000,0.000,0,0,0,0,0,0,0,0,0,0.000,0.000,0.000,0.000,0.000,0.000,0.000,0.000,0,0,0,0,0,0,0,0,0,0.000,0.000,0.000,0.000,0.000,0.000,0.000,0.000,0,0,0,0,0,0,0,0,0,0.000,0.000,0.000,0.000,0.000,0.000,0.000,0.000,0,0,0,0,0,0,0,0,0,0,0,0,0,0,0,0,0,0,9451,5596,5533,44,0,25584,10900,2209,81337,36735,6455,10135,5390,915,90,90,0,41295,17064,3370,10957,4609,1261,397,64,79,0,0,0,2506.022,146.648,13194.452,829.759,58,98,0,449,147,769,1382,458,136,1775,321,546,439,404,420,782,160,137,245,401,95,0,0,0,0,0,0,0,0,0,0,0,0,628,719,361,98,0,0,0,3,466,271,110,31,0,0,0,0,0,0,0,0,0,0,0,0,0,0,0,0,0,0,0,0,0.6306,0.4625,13,2,0,0.4392,0.4441,14,0,0
9511,317.0,5790,72,18,3882,1908,0,0,3406,452.32,0.839,0.800,0.765,0.075,0.631,-0.962,1.745,0.4184,2.0367,0.563,0.002,0.012,0.196,-0.023,66,47,209,0,179,0,168190.72,58391.729,32362.955,327.843,31766.434,35.612,44934.907,26326.470,5052.390,21560.404,17248.324,6045.602,381.765,1349.245,0.000309,0.033417,6861,0,20,189,209,20,92384,366,180,305.735,0,0,0,0,0,0,0,0,0,0,0,0,0,0,55627,1324,6495,64769.966,31569.056,30790.013,0.053,305.735,28733.968,22122.658,362.611,290,202,42,20,140,35308,0,0,0,0.000,0.000,0.000,0.000,0.000,0.000,0.000,0.000,0,0,0,0,0,0,0,0,0,0.000,0.000,0.000,0.000,0.000,0.000,0.000,0.000,0,0,0,0,0,0,0,0,0,0.000,0.000,0.000,0.000,0.000,0.000,0.000,0.000,0,0,0,0,0,0,0,0,0,0.000,0.000,0.000,0.000,0.000,0.000,0.000,0.000,0,0,0,0,0,0,0,0,0,0.000,0.000,0.000,0.000,0.000,0.000,0.000,0.000,0,0,0,0,0,0,0,0,0,0,0,0,0,0,0,0,0,0,9451,5596,5533,44,0,25312,10707,2104,81112,36797,6283,10331,5938,789,118,118,0,43905,18528,3962,11328,5077,1157,394,56,35,0,0,0,2524.300,140.375,14274.756,974.545,57,136,0,462,152,808,1423,465,146,1788,297,557,464,403,373,799,172,155,287,393,102,0,0,0,0,0,0,0,0,0,0,0,0,638,685,366,107,0,0,0,1,475,294,138,30,0,0,0,0,0,0,0,0,0,0,0,0,0,0,0,0,0,0,0,0,0.6077,0.4430,13,2,0,0.3957,0.4344,14,0,0
9541,318.0,5886,82,18,3876,2010,0,0,3518,446.02,0.856,0.814,0.760,0.075,0.622,-0.961,1.747,0.4199,2.0570,0.564,0.003,0.012,0.194,-0.022,63,63,195,1,176,0,173418.03,60897.399,35358.204,379.007,33220.374,31.691,46489.118,27495.591,5281.653,23246.411,18597.129,5647.235,436.366,1408.055,0.000268,0.034708,7179,0,15,180,195,15,92189,452,174,373.405,0,0,0,0,0,0,0,0,0,0,0,0,0,0,58680,1455,6727,69462.458,34512.538,32230.145,0.018,373.405,30362.999,23330.315,381.052,317,216,58,15,143,41252,0,0,0,0.000,0.000,0.000,0.000,0.000,0.000,0.000,0.000,0,0,0,0,0,0,0,0,0,0.000,0.000,0.000,0.000,0.000,0.000,0.000,0.000,0,0,0,0,0,0,0,0,0,0.000,0.000,0.000,0.000,0.000,0.000,0.000,0.000,0,0,0,0,0,0,0,0,0,0.000,0.000,0.000,0.000,0.000,0.000,0.000,0.000,0,0,0,0,0,0,0,0,0,0.000,0.000,0.000,0.000,0.000,0.000,0.000,0.000,0,0,0,0,0,0,1,0,0,0,0,0,0,0,0,0,0,0,9451,5596,5533,44,0,25805,10804,2378,80410,36503,6433,10105,5924,680,120,120,0,46534,19111,4279,11665,5232,1170,481,109,52,0,0,0,2494.839,149.863,14953.877,1037.278,51,158,0,519,179,875,1563,514,167,1760,343,534,479,422,338,843,187,191,283,413,93,0,0,0,0,0,0,0,0,0,0,0,0,644,662,357,109,0,0,0,1,524,271,145,40,0,0,0,0,0,0,0,0,0,0,0,0,0,0,0,0,0,0,0,0,0.5709,0.4252,12,0,0,0.4159,0.4632,14,0,0
9571,319.0,5975,59,18,3862,2113,0,0,3645,402.90,0.876,0.829,0.758,0.077,0.611,-0.961,1.746,0.4214,2.0377,0.557,0.003,0.011,0.193,-0.021,71,57,219,0,215,0,178305.59,62841.917,37704.177,385.351,34190.369,27.742,48157.696,29083.825,5437.669,25241.871,20193.497,6505.159,294.152,1517.008,0.000214,0.035209,7453,0,16,203,219,16,91797,425,194,370.624,0,0,0,0,0,0,0,0,0,0,0,0,0,0,61709,1540,7028,73014.614,36708.556,33477.885,0.025,370.624,32076.554,24896.429,398.166,339,237,54,16,167,46609,0,0,0,0.000,0.000,0.000,0.000,0.000,0.000,0.000,0.000,0,0,0,0,0,0,0,0,0,0.000,0.000,0.000,0.000,0.000,0.000,0.000,0.000,0,0,0,0,0,0,0,0,0,0.000,0.000,0.000,0.000,0.000,0.000,0.000,0.000,0,0,0,0,0,0,0,0,0,0.000,0.000,0.000,0.000,0.000,0.000,0.000,0.000,0,0,0,0,0,0,0,0,0,0.000,0.000,0.000,0.000,0.000,0.000,0.000,0.000,0,0,0,0,0,0,1,0,0,0,0,0,0,0,0,0,0,0,9451,5596,5533,44,0,25933,10964,2629,79971,35872,6467,10046,5880,782,120,120,0,49331,21147,4191,11800,5062,1109,578,147,51,0,0,0,2475.002,157.045,16277.454,1019.963,64,120,0,505,192,937,1657,531,173,1759,319,515,472,441,356,910,172,191,303,432,105,0,0,0,0,0,0,0,0,0,0,0,0,677,667,338,102,0,0,0,0,563,272,158,38,0,0,0,0,0,0,0,0,0,0,0,0,0,0,0,0,0,0,0,0,0.5722,0.4656,11,0,0,0.4232,0.4896,14,0,0
9601,320.0,6000,57,19,3851,2149,0,0,3712,401.26,0.885,0.834,0.756,0.078,0.608,-0.961,1.749,0.4215,2.0411,0.557,0.010,0.034,0.192,-0.021,80,66,214,1,200,0,184525.27,64862.971,39167.487,334.210,36048.164,32.532,49604.727,30169.235,5666.120,21704.501,17363.601,6020.293,752.842,1590.877,0.000277,0.035831,7914,0,24,190,214,24,91061,362,175,311.373,0,0,0,0,0,0,0,0,0,0,0,0,0,0,64078,1603,7552,76557.718,38136.157,35402.780,0.035,311.373,33539.886,25933.491,417.671,281,247,62,24,161,49927,0,0,0,0.000,0.000,0.000,0.000,0.000,0.000,0.000,0.000,0,0,0,0,0,0,0,0,0,0.000,0.000,0.000,0.000,0.000,0.000,0.000,0.000,0,0,0,0,0,0,0,0,0,0.000,0.000,0.000,0.000,0.000,0.000,0.000,0.000,0,0,0,0,0,0,0,0,0,0.000,0.000,0.000,0.000,0.000,0.000,0.000,0.000,0,0,0,0,0,0,0,0,0,0.000,0.000,0.000,0.000,0.000,0.000,0.000,0.000,0,0,0,0,0,0,2,0,0,0,0,0,0,0,0,0,0,0,9601,6000,5870,101,1,25678,11047,2301,80045,35763,5995,9959,5801,651,120,120,0,51769,21770,4368,11796,5268,1067,513,147,58,0,0,0,2483.038,143.396,17018.947,1045.934,39,172,0,556,171,984,1713,570,154,1735,307,498,490,448,373,914,180,144,314,494,103,0,0,0,0,0,0,0,0,0,0,0,0,674,690,339,106,0,0,0,0,596,278,139,42,0,0,0,0,0,0,0,0,0,0,0,0,0,0,0,0,0,0,0,0,0.5857,0.4464,12,0,0,0.4682,0.4477,15,0,0
9631,321.0,5999,65,19,3815,2184,0,0,3751,452.92,0.894,0.839,0.754,0.077,0.603,-0.962,1.753,0.4186,2.0337,0.566,0.020,0.063,0.191,-0.021,68,55,211,0,200,0,193077.36,66648.205,41540.733,357.066,36185.431,29.999,50206.887,30177.155,5769.652,19967.154,15973.723,6470.798,1762.396,1613.601,0.000215,0.035529,7889,0,25,186,211,25,90457,336,178,346.341,0,0,0,0,0,0,0,0,0,0,0,0,0,0,65081,1693,7553,79142.005,40464.416,35601.720,0.061,346.341,34283.250,26021.366,401.650,261,226,48,25,153,43288,0,0,0,0.000,0.000,0.000,0.000,0.000,0.000,0.000,0.000,0,0,0,0,0,0,0,0,0,0.000,0.000,0.000,0.000,0.000,0.000,0.000,0.000,0,0,0,0,0,0,0,0,0,0.000,0.000,0.000,0.000,0.000,0.000,0.000,0.000,0,0,0,0,0,0,0,0,0,0.000,0.000,0.000,0.000,0.000,0.000,0.000,0.000,0,0,0,0,0,0,0,0,0,0.000,0.000,0.000,0.000,0.000,0.000,0.000,0.000,0,0,0,0,0,0,0,0,0,0,0,0,0,0,0,0,0,0,9601,6000,5870,101,1,25793,10669,2555,79026,34901,6541,9935,5392,710,120,105,15,52798,22279,4473,11757,5384,1088,526,171,116,0,0,0,2415.843,165.331,17329.782,1068.560,58,142,1,617,189,1005,1803,640,172,1699,319,478,504,435,380,944,222,170,295,457,96,0,0,0,0,0,0,0,0,0,0,0,0,686,702,303,105,0,0,0,1,581,243,164,30,0,0,0,0,0,0,0,0,0,0,0,0,0,0,0,0,0,0,0,0,0.5876,0.4855,13,1,0,0.4439,0.4261,16,0,0
9661,322.0,5996,97,19,3841,2155,0,0,3820,382.27,0.889,0.834,0.756,0.076,0.607,-0.961,1.753,0.4202,2.0466,0.568,0.034,0.114,0.192,-0.021,76,56,151,0,218,0,205386.70,69414.660,43683.893,238.396,37991.348,29.115,50254.322,30666.787,5834.090,17929.585,14343.669,5258.923,3747.931,1679.631,0.000377,0.033574,7781,0,26,125,151,26,90518,340,118,229.874,0,0,0,0,0,0,0,0,0,0,0,0,0,0,65242,1775,7441,82969.045,42442.135,37346.621,0.035,229.874,34382.833,26553.084,343.375,228,259,53,26,180,55920,0,0,0,0.000,0.000,0.000,0.000,0.000,0.000,0.000,0.000,0,0,0,0,0,0,0,0,0,0.000,0.000,0.000,0.000,0.000,0.000,0.000,0.000,0,0,0,0,0,0,0,0,0,0.000,0.000,0.000,0.000,0.000,0.000,0.000,0.000,0,0,0,0,0,0,0,0,0,0.000,0.000,0.000,0.000,0.000,0.000,0.000,0.000,0,0,0,0,0,0,0,0,0,0.000,0.000,0.000,0.000,0.000,0.000,0.000,0.000,0,0,0,0,0,0,2,0,0,0,0,0,0,0,0,0,0,0,9601,6000,5870,101,1,26031,11127,2340,78564,35236,6517,9982,5157,676,120,90,8,52717,23131,4395,11947,5425,1235,578,155,101,0,0,0,2450.408,155.844,17816.991,1075.636,46,176,0,659,194,1093,1914,650,168,1749,306,452,491,427,416,939,206,166,281,447,116,0,0,0,0,0,0,0,0,0,0,0,0,666,727,300,93,0,0,0,0,555,266,169,20,0,0,0,0,0,0,0,0,0,0,0,0,0,0,0,0,0,0,0,0,0.5853,0.4379,11,1,0,0.4486,0.4562,16,0,0
9691,323.0,5992,90,19,3845,2147,0,0,3883,353.48,0.888,0.833,0.758,0.076,0.609,-0.961,1.755,0.4189,2.0555,0.561,0.050,0.163,0.193,-0.021,60,42,137,0,184,0,219136.89,71567.343,46435.788,240.969,40543.301,28.009,50026.296,30353.274,5946.430,15522.096,12417.677,6023.270,7279.322,1760.902,0.000362,0.031299,7919,0,25,112,137,25,90984,333,101,223.473,0,0,0,0,0,0,0,0,0,0,0,0,0,0,64530,1886,7586,88388.912,45253.915,39760.090,0.051,223.473,34030.393,26194.797,306.017,205,215,39,25,151,43681,0,0,0,0.000,0.000,0.000,0.000,0.000,0.000,0.000,0.000,0,0,0,0,0,0,0,0,0,0.000,0.000,0.000,0.000,0.000,0.000,0.000,0.000,0,0,0,0,0,0,0,0,0,0.000,0.000,0.000,0.000,0.000,0.000,0.000,0.000,0,0,0,0,0,0,0,0,0,0.000,0.000,0.000,0.000,0.000,0.000,0.000,0.000,0,0,0,0,0,0,0,0,0,0.000,0.000,0.000,0.000,0.000,0.000,0.000,0.000,0,0,0,0,0,0,2,0,0,0,0,0,0,0,0,0,0,0,9601,6000,5870,101,1,26563,11651,2214,78853,36016,6203,9893,5170,604,110,84,0,52385,23209,4702,11527,4757,1191,618,108,93,0,0,0,2535.716,142.650,17381.883,1136.832,55,159,0,688,223,1110,2028,722,188,1775,301,415,480,433,441,946,217,168,315,385,116,0,0,0,0,0,0,0,0,0,0,0,0,658,743,291,77,0,0,0,0,521,283,149,31,0,0,0,0,0,0,0,0,0,0,0,0,0,0,0,0,0,0,0,0,0.5716,0.4519,11,0,0,0.4468,0.4443,16,0,0
9721,324.0,5994,85,19,3824,2170,0,0,3928,329.14,0.895,0.839,0.757,0.076,0.605,-0.962,1.754,0.4216,2.0203,0.564,0.058,0.197,0.192,-0.021,66,35,164,0,180,0,226984.11,71963.463,44522.005,317.269,42088.934,23.522,50253.369,30601.851,6064.269,16543.210,13234.568,7472.950,9351.904,1902.527,0.000307,0.032948,7923,0,32,132,164,32,90761,360,117,286.056,0,0,0,0,0,0,0,0,0,0,0,0,0,0,64860,1809,7563,88021.426,43352.220,41298.894,0.048,286.056,34251.299,26353.783,323.301,220,197,31,32,134,41989,0,0,0,0.000,0.000,0.000,0.000,0.000,0.000,0.000,0.000,0,0,0,0,0,0,0,0,0,0.000,0.000,0.000,0.000,0.000,0.000,0.000,0.000,0,0,0,0,0,0,0,0,0,0.000,0.000,0.000,0.000,0.000,0.000,0.000,0.000,0,0,0,0,0,0,0,0,0,0.000,0.000,0.000,0.000,0.000,0.000,0.000,0.000,0,0,0,0,0,0,0,0,0,0.000,0.000,0.000,0.000,0.000,0.000,0.000,0.000,0,0,0,0,0,0,0,0,0,0,0,0,0,0,0,0,0,0,9601,6000,5870,101,1,26700,11960,2029,78408,36402,5838,9931,5192,842,60,60,0,53228,23615,5104,10997,4409,1066,635,96,84,0,0,0,2575.564,136.523,17426.136,1181.265,57,179,0,628,223,1083,1939,638,197,1787,304,400,460,414,459,953,202,150,279,453,133,0,0,0,0,0,0,0,0,0,0,0,0,639,741,289,63,0,0,0,1,547,294,143,31,0,0,0,0,0,0,0,0,0,0,0,0,0,0,0,0,0,0,0,0,0.5840,0.4441,11,1,0,0.4495,0.4458,16,0,0
9751,325.0,5999,92,19,3806,2193,0,0,4046,411.77,0.901,0.843,0.759,0.077,0.602,-0.962,1.755,0.4204,2.0077,0.561,0.068,0.233,0.191,-0.021,74,34,146,0,160,0,237746.73,73250.355,48477.778,268.770,44052.375,29.321,50665.346,30835.705,6194.887,14965.273,11972.218,6809.699,11848.469,1887.127,0.000357,0.035672,7941,0,25,121,146,25,90283,405,112,242.461,0,0,0,0,0,0,0,0,0,0,0,0,0,0,65520,1981,7536,94195.008,47521.006,43197.541,0.068,242.461,34689.048,26552.638,339.515,197,176,30,25,121,37956,0,0,0,0.000,0.000,0.000,0.000,0.000,0.000,0.000,0.000,0,0,0,0,0,0,0,0,0,0.000,0.000,0.000,0.000,0.000,0.000,0.000,0.000,0,0,0,0,0,0,0,0,0,0.000,0.000,0.000,0.000,0.000,0.000,0.000,0.000,0,0,0,0,0,0,0,0,0,0.000,0.000,0.000,0.000,0.000,0.000,0.000,0.000,0,0,0,0,0,0,0,0,0,0.000,0.000,0.000,0.000,0.000,0.000,0.000,0.000,0,0,0,0,0,0,2,0,0,0,0,0,0,0,0,0,0,0,9751,5999,5905,69,0,26414,12234,2183,78140,36080,6004,9795,5116,807,60,60,0,54216,24037,5308,10674,3988,1025,630,96,117,0,0,0,2559.562,142.053,17516.872,1197.799,59,181,1,666,230,1213,2102,676,209,1778,303,413,464,412,436,921,229,184,299,443,117,0,0,0,0,0,0,0,0,0,0,0,0,643,729,298,55,0,0,0,0,561,280,159,43,0,0,0,0,0,0,0,0,0,0,0,0,0,0,0,0,0,0,0,0,0.6026,0.4610,12,0,0,0.4360,0.4086,16,0,0
9781,326.0,5999,96,19,3772,2227,0,0,4029,424.45,0.910,0.849,0.757,0.077,0.598,-0.962,1.758,0.4186,2.0110,0.563,0.082,0.264,0.190,-0.021,67,25,139,0,144,0,248638.95,74885.069,49527.306,246.267,44695.495,26.080,51021.905,30987.212,6281.359,13592.610,10874.088,5924.516,14919.312,1913.602,0.000346,0.037793,7994,0,14,125,139,14,89994,366,113,227.553,0,0,0,0,0,0,0,0,0,0,0,0,0,0,66122,2016,7628,95940.276,48389.895,43916.336,0.068,227.553,35088.446,26723.269,344.891,189,155,23,14,118,34732,0,0,0,0.000,0.000,0.000,0.000,0.000,0.000,0.000,0.000,0,0,0,0,0,0,0,0,0,0.000,0.000,0.000,0.000,0.000,0.000,0.000,0.000,0,0,0,0,0,0,0,0,0,0.000,0.000,0.000,0.000,0.000,0.000,0.000,0.000,0,0,0,0,0,0,0,0,0,0.000,0.000,0.000,0.000,0.000,0.000,0.000,0.000,0,0,0,0,0,0,0,0,0,0.000,0.000,0.000,0.000,0.000,0.000,0.000,0.000,0,0,0,0,0,0,0,0,0,0,0,0,0,0,0,0,0,0,9751,5999,5905,69,0,26329,12590,2105,77746,36112,5650,9683,5001,753,60,60,0,54942,24625,4538,10578,3679,1285,602,194,91,0,0,0,2570.788,140.506,17875.269,1107.656,57,184,0,715,225,1211,2147,739,177,1799,271,413,463,400,426,988,198,170,302,463,106,0,0,0,0,0,0,0,0,0,0,0,0,632,711,301,58,0,0,0,0,603,265,142,31,0,0,0,0,0,0,0,0,0,0,0,0,0,0,0,0,0,0,0,0,0.6007,0.4683,12,1,0,0.4372,0.4749,16,0,0
9811,327.0,5998,114,19,3745,2253,0,0,4008,415.30,0.916,0.853,0.756,0.078,0.594,-0.962,1.760,0.4160,2.0222,0.575,0.096,0.286,0.190,-0.021,75,25,129,0,153,0,259544.05,76626.745,50965.310,265.522,44833.310,30.979,51524.648,31662.441,6294.689,13512.059,10809.648,6248.443,16590.557,1929.296,0.000273,0.037293,7723,0,20,109,129,20,89564,344,102,253.093,0,0,0,0,0,0,0,0,0,0,0,0,0,0,67143,2081,7379,97644.326,49815.509,44149.029,0.061,253.093,35672.168,27436.497,331.684,185,159,23,20,116,38838,0,0,0,0.000,0.000,0.000,0.000,0.000,0.000,0.000,0.000,0,0,0,0,0,0,0,0,0,0.000,0.000,0.000,0.000,0.000,0.000,0.000,0.000,0,0,0,0,0,0,0,0,0,0.000,0.000,0.000,0.000,0.000,0.000,0.000,0.000,0,0,0,0,0,0,0,0,0,0.000,0.000,0.000,0.000,0.000,0.000,0.000,0.000,0,0,0,0,0,0,0,0,0,0.000,0.000,0.000,0.000,0.000,0.000,0.000,0.000,0,0,0,0,0,0,0,0,0,0,0,0,0,0,0,0,0,0,9751,5999,5905,69,0,26158,12869,1941,77183,35897,5928,9418,4919,653,60,60,0,55720,25435,4854,10848,4290,1161,575,235,85,0,0,0,2583.391,137.363,18604.313,1149.621,55,175,0,794,238,1213,2227,794,239,1778,300,415,453,393,406,1024,186,173,348,416,106,0,0,0,0,0,0,0,0,0,0,0,0,625,673,313,55,0,0,0,1,585,278,139,39,0,0,0,2,0,0,0,0,0,0,0,0,0,0,0,0,0,0,0,0,0.5814,0.4412,13,1,0,0.4298,0.4581,16,0,0
9841,328.0,6000,94,19,3711,2289,0,0,4042,390.71,0.926,0.860,0.757,0.079,0.589,-0.961,1.759,0.4177,2.0091,0.570,0.096,0.306,0.188,-0.021,66,27,143,0,150,0,264132.22,75721.547,52613.746,343.666,49018.700,29.981,51952.113,32144.606,6275.724,14285.091,11428.073,8645.756,20043.595,2171.975,0.000393,0.040466,8109,0,20,123,143,20,88608,395,119,338.259,0,0,0,0,0,0,0,0,0,0,0,0,0,0,67985,2164,7714,103882.556,51677.477,48181.364,0.073,338.259,36179.304,27920.884,328.553,198,161,25,20,116,37876,0,0,0,0.000,0.000,0.000,0.000,0.000,0.000,0.000,0.000,0,0,0,0,0,0,0,0,0,0.000,0.000,0.000,0.000,0.000,0.000,0.000,0.000,0,0,0,0,0,0,0,0,0,0.000,0.000,0.000,0.000,0.000,0.000,0.000,0.000,0,0,0,0,0,0,0,0,0,0.000,0.000,0.000,0.000,0.000,0.000,0.000,0.000,0,0,0,0,0,0,0,0,0,0.000,0.000,0.000,0.000,0.000,0.000,0.000,0.000,0,0,0,0,0,0,0,0,0,1,0,0,0,0,0,0,0,0,9751,5999,5905,69,0,25637,12647,1880,76917,35648,6322,9345,4812,715,60,39,21,56535,25648,4879,10969,4522,1145,481,210,37,0,0,0,2570.558,145.144,18910.728,1157.077,70,192,0,767,211,1286,2284,780,216,1770,294,433,432,394,388,1023,215,183,309,442,117,0,0,0,0,0,0,0,0,0,0,0,0,623,652,304,68,0,0,0,0,583,281,161,26,0,0,0,0,0,0,0,0,0,0,0,0,0,0,0,0,0,0,0,0,0.5901,0.4765,12,0,0,0.4188,0.4790,15,0,0
9871,329.0,6000,65,19,3667,2333,0,0,4063,451.69,0.936,0.868,0.755,0.079,0.583,-0.961,1.761,0.4147,2.0016,0.562,0.097,0.328,0.188,-0.020,67,23,108,0,151,0,269185.81,76079.162,52087.894,289.652,49103.058,30.612,52535.247,32185.067,6322.410,12761.067,10208.853,6778.383,20912.803,2116.985,0.000367,0.040260,8017,0,9,99,108,9,87641,416,88,256.484,0,0,0,0,0,0,0,0,0,0,0,0,0,0,69237,2122,7601,102908.023,50951.247,48052.489,0.048,256.484,36877.127,28018.001,321.088,182,139,20,9,110,31400,0,0,0,0.000,0.000,0.000,0.000,0.000,0.000,0.000,0.000,0,0,0,0,0,0,0,0,0,0.000,0.000,0.000,0.000,0.000,0.000,0.000,0.000,0,0,0,0,0,0,0,0,0,0.000,0.000,0.000,0.000,0.000,0.000,0.000,0.000,0,0,0,0,0,0,0,0,0,0.000,0.000,0.000,0.000,0.000,0.000,0.000,0.000,0,0,0,0,0,0,0,0,0,0.000,0.000,0.000,0.000,0.000,0.000,0.000,0.000,0,0,0,0,0,0,1,0,0,0,0,0,0,0,0,0,0,0,9751,5999,5905,69,0,25358,12376,1678,76106,35369,6519,9202,4688,724,60,30,1,57702,25636,4698,11111,5045,1199,424,90,24,0,0,0,2558.475,141.671,18788.078,1114.252,74,187,1,745,250,1232,2256,773,215,1714,301,455,425,394,378,1071,172,185,333,440,132,0,0,0,0,0,0,0,0,0,0,0,0,603,673,299,77,0,0,0,0,596,295,158,39,0,0,0,2,0,0,0,0,0,0,0,0,0,0,0,0,0,0,0,0,0.6014,0.4477,12,0,0,0.4259,0.4904,15,0,0
9901,330.0,5999,74,23,3626,2373,0,0,4089,409.20,0.945,0.876,0.754,0.080,0.578,-0.961,1.760,0.4172,2.0244,0.572,0.099,0.343,0.187,-0.020,56,24,110,0,135,0,271978.38,75795.931,53378.636,295.494,50753.490,24.710,53232.808,33179.919,6350.747,12061.231,9648.985,6916.036,22418.099,2167.646,0.000383,0.040537,8295,0,9,101,110,9,86435,447,94,281.381,0,0,0,0,0,0,0,0,0,0,0,0,0,0,70587,2176,7848,105990.505,52193.749,49699.779,0.014,281.381,37708.760,29089.033,314.199,171,132,23,9,100,30984,0,0,0,0.000,0.000,0.000,0.000,0.000,0.000,0.000,0.000,0,0,0,0,0,0,0,0,0,0.000,0.000,0.000,0.000,0.000,0.000,0.000,0.000,0,0,0,0,0,0,0,0,0,0.000,0.000,0.000,0.000,0.000,0.000,0.000,0.000,0,0,0,0,0,0,0,0,0,0.000,0.000,0.000,0.000,0.000,0.000,0.000,0.000,0,0,0,0,0,0,0,0,0,0.000,0.000,0.000,0.000,0.000,0.000,0.000,0.000,0,0,0,0,0,0,1,0,0,0,0,0,0,0,0,0,0,0,9901,5999,5884,176,4,24989,11774,1890,75318,35021,6126,9028,4596,687,60,30,0,58936,27148,4800,11246,5158,1145,405,97,27,0,0,0,2508.340,136.173,19886.565,1131.656,60,187,1,808,227,1294,2320,814,223,1714,288,463,416,373,372,1074,220,185,345,425,124,0,0,0,0,0,0,0,0,0,0,0,0,578,665,313,67,0,0,0,1,582,307,162,28,0,0,0,0,0,0,0,0,0,0,0,0,0,0,0,0,0,0,0,0,0.5707,0.4438,14,0,0,0.4420,0.4582,18,0,0
9931,331.0,6000,94,23,3577,2423,0,0,4086,458.22,0.957,0.884,0.753,0.081,0.571,-0.960,1.763,0.4168,2.0027,0.585,0.101,0.324,0.185,-0.020,77,25,130,0,161,0,272243.75,75722.237,49947.591,256.985,48836.983,24.930,53849.687,33526.598,6344.955,14124.726,11299.781,6908.436,20077.655,2129.164,0.000445,0.034729,8178,0,18,112,130,18,86047,366,107,248.677,0,0,0,0,0,0,0,0,0,0,0,0,0,0,71794,2050,7812,100934.725,48924.139,48071.731,0.069,248.677,38433.161,29457.530,340.065,199,151,22,18,111,43207,0,0,0,0.000,0.000,0.000,0.000,0.000,0.000,0.000,0.000,0,0,0,0,0,0,0,0,0,0.000,0.000,0.000,0.000,0.000,0.000,0.000,0.000,0,0,0,0,0,0,0,0,0,0.000,0.000,0.000,0.000,0.000,0.000,0.000,0.000,0,0,0,0,0,0,0,0,0,0.000,0.000,0.000,0.000,0.000,0.000,0.000,0.000,0,0,0,0,0,0,0,0,0,0.000,0.000,0.000,0.000,0.000,0.000,0.000,0.000,0,0,0,0,0,0,2,0,0,0,0,0,0,0,0,0,0,0,9901,5999,5884,176,4,24404,11214,1886,74895,35056,6253,8823,4330,794,60,30,0,60129,27479,5196,11264,5180,1282,401,116,58,0,0,0,2466.391,140.722,20048.345,1254.851,45,197,2,734,238,1222,2174,735,216,1672,303,462,419,364,357,1098,220,192,339,434,140,0,0,0,0,0,0,0,0,0,0,0,0,574,652,315,61,0,0,0,0,587,330,151,37,0,0,0,0,0,0,0,0,0,0,0,0,0,0,0,0,0,0,0,0,0.5683,0.4585,14,0,0,0.4300,0.4181,19,0,0
9961,332.0,5999,60,23,3531,2468,0,0,4032,484.15,0.969,0.892,0.750,0.081,0.564,-0.961,1.765,0.4155,2.0012,0.572,0.094,0.325,0.184,-0.020,67,25,140,0,165,0,271957.66,74246.643,53100.179,308.288,50661.484,22.198,54614.405,34105.569,6295.043,14845.829,11876.664,7262.609,20484.077,2210.312,0.000383,0.030332,8431,0,12,128,140,12,84344,482,121,298.603,0,0,0,0,0,0,0,0,0,0,0,0,0,0,73275,2171,7949,105503.777,51918.567,49466.348,0.054,298.603,39342.667,30048.947,362.491,208,163,24,12,127,40671,0,0,0,0.000,0.000,0.000,0.000,0.000,0.000,0.000,0.000,0,0,0,0,0,0,0,0,0,0.000,0.000,0.000,0.000,0.000,0.000,0.000,0.000,0,0,0,0,0,0,0,0,0,0.000,0.000,0.000,0.000,0.000,0.000,0.000,0.000,0,0,0,0,0,0,0,0,0,0.000,0.000,0.000,0.000,0.000,0.000,0.000,0.000,0,0,0,0,0,0,0,0,0,0.000,0.000,0.000,0.000,0.000,0.000,0.000,0.000,0,0,0,0,0,0,0,0,0,0,0,0,0,0,0,0,0,0,9901,5999,5884,176,4,23713,10635,2132,74161,34551,6460,8743,4457,557,60,30,0,61704,27814,5504,11181,4792,1257,390,129,39,0,0,0,2412.728,145.558,20125.105,1285.747,57,211,0,742,248,1274,2298,800,215,1642,284,482,406,353,364,1079,219,226,338,463,143,0,0,0,0,0,0,0,0,0,0,0,0,568,640,327,69,0,0,0,1,602,356,173,39,0,0,0,0,0,0,0,0,0,0,0,0,0,0,0,0,0,0,0,0,0.5633,0.4551,15,0,0,0.4342,0.4330,19,0,0
9991,333.0,5998,76,23,3485,2513,0,0,4035,445.21,0.980,0.899,0.749,0.082,0.558,-0.961,1.762,0.4115,2.0239,0.582,0.084,0.298,0.183,-0.020,63,31,120,0,158,0,268159.97,73316.811,50732.888,238.944,50195.817,23.316,55440.922,34202.510,6267.668,14180.975,11344.780,5912.732,21215.608,2210.714,0.000417,0.026544,8370,0,15,105,120,15,83167,388,103,237.651,0,0,0,0,0,0,0,0,0,0,0,0,0,0,74822,2076,7982,103177.623,49688.688,49442.690,0.048,237.651,40295.948,30267.214,329.238,207,163,31,15,117,41201,0,0,0,0.000,0.000,0.000,0.000,0.000,0.000,0.000,0.000,0,0,0,0,0,0,0,0,0,0.000,0.000,0.000,0.000,0.000,0.000,0.000,0.000,0,0,0,0,0,0,0,0,0,0.000,0.000,0.000,0.000,0.000,0.000,0.000,0.000,0,0,0,0,0,0,0,0,0,0.000,0.000,0.000,0.000,0.000,0.000,0.000,0.000,0,0,0,0,0,0,0,0,0,0.000,0.000,0.000,0.000,0.000,0.000,0.000,0.000,0,0,0,0,0,0,1,0,0,0,0,0,0,0,0,0,0,0,9901,5999,5884,176,4,23137,10350,1739,73466,33827,6310,8470,4154,733,60,30,0,63109,27339,5800,11304,5021,1134,409,130,49,0,0,0,2351.898,138.452,19841.312,1329.019,49,196,1,715,222,1277,2198,697,231,1593,294,475,410,363,350,1123,238,220,282,499,151,0,0,0,0,0,0,0,0,0,0,0,0,574,625,331,67,0,0,0,1,597,342,175,38,0,0,0,0,0,0,0,0,0,0,0,0,0,0,0,0,0,0,0,0,0.5608,0.4338,14,0,0,0.4563,0.4666,19,0,0
10021,334.0,5995,72,23,3433,2562,0,0,3979,522.30,0.993,0.908,0.746,0.083,0.551,-0.961,1.763,0.4136,2.0092,0.578,0.082,0.283,0.181,-0.020,50,26,131,0,175,0,265572.09,71819.280,51130.428,231.056,49321.598,26.004,56137.400,35243.311,6216.284,15349.657,12279.726,6603.541,16344.197,2153.954,0.000377,0.022755,8537,0,16,115,131,16,81906,546,115,231.012,0,0,0,0,0,0,0,0,0,0,0,0,0,0,76133,2097,7991,102175.974,50155.575,47980.640,0.044,231.012,41118.150,31336.151,360.760,227,179,24,16,139,48876,0,0,0,0.000,0.000,0.000,0.000,0.000,0.000,0.000,0.000,0,0,0,0,0,0,0,0,0,0.000,0.000,0.000,0.000,0.000,0.000,0.000,0.000,0,0,0,0,0,0,0,0,0,0.000,0.000,0.000,0.000,0.000,0.000,0.000,0.000,0,0,0,0,0,0,0,0,0,0.000,0.000,0.000,0.000,0.000,0.000,0.000,0.000,0,0,0,0,0,0,0,0,0,0.000,0.000,0.000,0.000,0.000,0.000,0.000,0.000,0,0,0,0,0,0,1,0,0,0,0,0,0,0,0,0,0,0,9901,5999,5884,176,4,22811,9970,1633,72705,32956,6590,8253,3852,684,60,29,1,64306,29435,5532,11407,4887,1105,420,135,43,0,0,0,2274.276,138.562,21194.617,1259.621,61,191,0,739,255,1219,2217,781,214,1536,292,474,402,370,359,1133,248,230,339,476,136,0,0,0,0,0,0,0,0,0,0,0,0,565,634,330,76,0,0,0,0,595,355,190,41,0,0,0,0,0,0,0,0,0,0,0,0,0,0,0,0,0,0,0,0,0.5484,0.4531,15,0,0,0.4453,0.4351,19,0,0
10051,335.0,6000,63,23,3392,2608,0,0,3986,399.34,1.005,0.915,0.744,0.083,0.545,-0.961,1.764,0.4148,1.9965,0.589,0.073,0.263,0.180,-0.019,72,35,139,0,154,0,262517.09,70915.571,50381.050,268.352,48102.145,26.647,56912.397,35419.760,6146.756,15365.085,12292.068,5397.710,15573.456,2096.869,0.000432,0.023588,8653,0,22,117,139,22,81411,491,111,255.328,0,0,0,0,0,0,0,0,0,0,0,0,0,0,77604,2069,8162,100505.650,49506.150,47083.907,0.026,255.328,42054.321,31541.371,371.992,224,179,34,22,123,50450,0,0,0,0.000,0.000,0.000,0.000,0.000,0.000,0.000,0.000,0,0,0,0,0,0,0,0,0,0.000,0.000,0.000,0.000,0.000,0.000,0.000,0.000,0,0,0,0,0,0,0,0,0,0.000,0.000,0.000,0.000,0.000,0.000,0.000,0.000,0,0,0,0,0,0,0,0,0,0.000,0.000,0.000,0.000,0.000,0.000,0.000,0.000,0,0,0,0,0,0,0,0,0,0.000,0.000,0.000,0.000,0.000,0.000,0.000,0.000,0,0,0,0,0,0,1,0,0,0,0,0,0,0,0,0,0,0,10051,6000,5894,20,0,22342,9709,1717,71783,32675,5618,8173,3889,620,60,0,20,65692,29616,5903,11462,4555,1143,450,185,40,0,0,0,2229.937,128.388,21178.899,1362.672,57,239,2,758,225,1183,2175,770,218,1535,256,460,406,368,367,1164,199,238,376,500,131,0,0,0,0,0,0,0,0,0,0,0,0,564,632,324,81,0,0,0,0,619,373,207,46,0,0,0,0,0,0,0,0,0,0,0,0,0,0,0,0,0,0,0,0,0.5497,0.4509,15,0,0,0.4557,0.4608,19,0,0
10081,336.0,6000,56,23,3342,2658,0,0,3936,465.25,1.016,0.923,0.743,0.083,0.538,-0.961,1.762,0.4110,1.9792,0.599,0.065,0.237,0.179,-0.018,51,39,127,0,161,0,255937.06,68926.049,48482.032,265.577,46844.367,21.710,57674.608,35725.900,6127.543,15610.534,12488.428,5893.928,13690.348,2019.269,0.000261,0.023435,8547,0,19,108,127,19,79947,442,102,244.126,0,0,0,0,0,0,0,0,0,0,0,0,0,0,79018,1993,8105,97295.131,47698.015,45874.848,0.019,244.126,42946.828,31876.841,366.861,238,188,39,19,130,62205,0,0,0,0.000,0.000,0.000,0.000,0.000,0.000,0.000,0.000,0,0,0,0,0,0,0,0,0,0.000,0.000,0.000,0.000,0.000,0.000,0.000,0.000,0,0,0,0,0,0,0,0,0,0.000,0.000,0.000,0.000,0.000,0.000,0.000,0.000,0,0,0,0,0,0,0,0,0,0.000,0.000,0.000,0.000,0.000,0.000,0.000,0.000,0,0,0,0,0,0,0,0,0,0.000,0.000,0.000,0.000,0.000,0.000,0.000,0.000,0,0,0,0,0,0,0,0,0,0,0,0,0,0,0,0,0,0,10051,6000,5894,20,0,22085,9635,1877,70683,32436,5212,8106,3698,824,60,4,13,66980,29463,5901,11544,4825,1134,494,206,44,0,0,0,2215.574,128.353,21145.588,1336.185,37,223,0,677,229,1173,2086,693,212,1519,269,431,394,365,364,1198,256,232,341,478,153,0,0,0,0,0,0,0,0,0,0,0,0,546,620,320,68,0,0,0,0,602,353,205,43,0,0,0,1,0,0,0,0,0,0,0,0,0,0,0,0,0,0,0,0,0.5390,0.4309,15,0,0,0.4315,0.4771,19,0,0
10111,337.0,5999,67,23,3329,2670,0,0,3932,490.36,1.021,0.928,0.742,0.084,0.537,-0.961,1.764,0.4143,2.0100,0.595,0.060,0.204,0.178,-0.018,60,46,109,0,189,0,248354.06,67373.279,48045.899,197.451,44147.366,23.673,58084.671,36359.955,6081.030,15892.768,12714.214,5285.247,12297.819,1912.351,0.000496,0.023123,8289,0,19,90,109,19,79562,398,87,187.416,0,0,0,0,0,0,0,0,0,0,0,0,0,0,79822,1971,7891,94227.317,47144.898,43456.409,0.020,187.416,43401.304,32561.624,354.472,233,222,44,19,159,71512,0,0,0,0.000,0.000,0.000,0.000,0.000,0.000,0.000,0.000,0,0,0,0,0,0,0,0,0,0.000,0.000,0.000,0.000,0.000,0.000,0.000,0.000,0,0,0,0,0,0,0,0,0,0.000,0.000,0.000,0.000,0.000,0.000,0.000,0.000,0,0,0,0,0,0,0,0,0,0.000,0.000,0.000,0.000,0.000,0.000,0.000,0.000,0,0,0,0,0,0,0,0,0,0.000,0.000,0.000,0.000,0.000,0.000,0.000,0.000,0,0,0,0,0,0,1,0,0,0,0,0,0,0,0,0,0,0,10051,6000,5894,20,0,21991,9720,1701,69923,31851,5784,8156,3789,524,60,30,0,67353,30477,6201,11920,4897,1345,549,265,38,0,0,0,2196.583,130.832,21847.664,1424.272,53,205,0,672,229,1187,2077,675,232,1501,265,433,416,377,337,1151,266,218,367,521,147,0,0,0,0,0,0,0,0,0,0,0,0,560,619,318,66,0,0,0,0,663,361,197,31,0,0,0,1,0,0,0,0,0,0,0,0,0,0,0,0,0,0,0,0,0.5180,0.4647,15,0,0,0.4432,0.4721,19,0,0
10141,338.0,5997,54,23,3323,2674,0,0,3983,476.55,1.023,0.929,0.742,0.085,0.537,-0.961,1.766,0.4113,1.9851,0.592,0.050,0.185,0.178,-0.018,53,41,100,0,212,0,239329.58,66443.712,46287.186,169.315,45415.411,26.743,58436.207,36213.992,6121.599,16152.595,12922.076,5422.005,10558.187,1942.194,0.000432,0.020596,8728,0,15,85,100,15,79444,441,80,164.046,0,0,0,0,0,0,0,0,0,0,0,0,0,0,80107,1899,8287,93560.744,45375.651,44542.734,0.035,164.046,43731.387,32450.115,301.043,231,228,36,15,177,70040,0,0,0,0.000,0.000,0.000,0.000,0.000,0.000,0.000,0.000,0,0,0,0,0,0,0,0,0,0.000,0.000,0.000,0.000,0.000,0.000,0.000,0.000,0,0,0,0,0,0,0,0,0,0.000,0.000,0.000,0.000,0.000,0.000,0.000,0.000,0,0,0,0,0,0,0,0,0,0.000,0.000,0.000,0.000,0.000,0.000,0.000,0.000,0,0,0,0,0,0,0,0,0,0.000,0.000,0.000,0.000,0.000,0.000,0.000,0.000,0,0,0,0,0,0,2,0,0,1,0,0,0,0,0,0,0,0,10051,6000,5894,20,0,22068,10009,1927,69677,31958,5533,8052,3578,644,60,30,0,67478,30284,6023,12132,5006,1348,497,182,46,0,0,0,2215.341,133.167,21891.010,1402.652,45,225,0,683,211,1097,2004,715,172,1510,293,420,397,365,338,1156,237,267,372,503,139,0,0,0,0,0,0,0,0,0,0,0,0,534,603,319,64,0,0,0,0,663,352,221,45,0,0,0,0,0,0,0,0,0,0,0,0,0,0,0,0,0,0,0,0,0.5346,0.4663,16,0,0,0.4538,0.4607,19,0,0
10171,339.0,6000,56,23,3313,2687,0,0,3968,449.55,1.025,0.930,0.742,0.087,0.535,-0.961,1.769,0.4122,1.9939,0.595,0.039,0.139,0.178,-0.018,57,45,96,0,242,0,230575.05,63596.621,45423.276,139.350,42984.345,22.550,58710.696,35689.687,6158.247,18199.661,14559.729,3857.327,7975.025,1882.853,0.000384,0.020607,8792,0,14,82,96,14,78886,538,80,136.259,0,0,0,0,0,0,0,0,0,0,0,0,0,0,80448,1874,8254,90189.097,44667.821,41921.789,0.080,136.259,44002.304,31898.978,328.136,272,261,43,14,204,77939,0,0,0,0.000,0.000,0.000,0.000,0.000,0.000,0.000,0.000,0,0,0,0,0,0,0,0,0,0.000,0.000,0.000,0.000,0.000,0.000,0.000,0.000,0,0,0,0,0,0,0,0,0,0.000,0.000,0.000,0.000,0.000,0.000,0.000,0.000,0,0,0,0,0,0,0,0,0,0.000,0.000,0.000,0.000,0.000,0.000,0.000,0.000,0,0,0,0,0,0,0,0,0,0.000,0.000,0.000,0.000,0.000,0.000,0.000,0.000,0,0,0,0,0,0,2,0,0,0,0,0,0,0,0,0,0,0,10051,6000,5894,20,0,21811,10070,2040,69785,31986,5707,7867,3464,635,60,24,6,67552,28653,6120,12500,5195,1309,396,155,66,0,0,0,2215.395,137.497,20812.859,1425.855,48,255,0,653,212,1105,1968,663,203,1531,271,432,385,367,327,1130,265,217,415,512,148,0,0,0,0,0,0,0,0,0,0,0,0,527,580,328,75,0,0,0,1,648,378,222,44,0,0,0,0,0,0,0,0,0,0,0,0,0,0,0,0,0,0,0,0,0.5253,0.4424,15,0,0,0.4446,0.4705,19,0,0
10201,340.0,5999,61,23,3316,2683,0,0,3841,483.94,1.024,0.929,0.742,0.087,0.536,-0.961,1.771,0.4148,1.9684,0.593,0.037,0.109,0.178,-0.017,55,52,74,1,289,0,218954.38,62365.725,42735.687,130.547,38954.420,24.878,58721.900,36187.473,6127.379,19410.710,15528.568,4433.317,5850.375,1650.053,0.000286,0.021222,8257,0,7,67,74,7,78695,491,63,124.432,0,0,0,0,0,0,0,0,0,0,0,0,0,0,80421,1758,7766,83111.676,41968.715,37999.247,0.026,124.432,43989.289,32333.981,336.635,289,297,50,7,240,97726,0,0,0,0.000,0.000,0.000,0.000,0.000,0.000,0.000,0.000,0,0,0,0,0,0,0,0,0,0.000,0.000,0.000,0.000,0.000,0.000,0.000,0.000,0,0,0,0,0,0,0,0,0,0.000,0.000,0.000,0.000,0.000,0.000,0.000,0.000,0,0,0,0,0,0,0,0,0,0.000,0.000,0.000,0.000,0.000,0.000,0.000,0.000,0,0,0,0,0,0,0,0,0,0.000,0.000,0.000,0.000,0.000,0.000,0.000,0.000,0,0,0,0,0,0,4,0,0,0,0,0,0,0,0,0,0,0,10201,5999,5906,14,0,21481,10409,1510,70092,32614,5682,7880,3508,670,60,0,22,67466,28792,5783,12570,5583,1277,385,216,52,0,0,0,2285.808,127.233,21391.254,1339.717,47,211,0,634,205,1016,1850,635,191,1547,263,451,383,354,318,1148,236,237,406,489,167,0,0,0,0,0,0,0,0,0,0,0,0,526,573,320,86,0,0,0,1,686,384,185,44,0,0,0,0,0,0,0,0,0,0,0,0,0,0,0,0,0,0,0,0,0.5736,0.4713,16,1,0,0.4576,0.4320,19,0,0
10231,341.0,6000,43,23,3312,2688,0,0,3812,486.30,1.024,0.929,0.741,0.087,0.536,-0.961,1.773,0.4082,1.9743,0.587,0.020,0.070,0.178,-0.018,53,66,81,0,289,0,205202.42,59924.778,41198.695,125.485,38712.850,26.306,58764.025,35967.224,6014.068,20359.561,16287.649,4356.870,4169.221,1657.596,0.000238,0.021118,8168,0,10,71,81,10,78693,327,68,119.643,0,0,0,0,0,0,0,0,0,0,0,0,0,0,80612,1692,7841,81503.907,40371.449,37963.412,0.039,119.643,44049.422,32111.205,362.704,305,302,60,10,232,96878,0,0,0,0.000,0.000,0.000,0.000,0.000,0.000,0.000,0.000,0,0,0,0,0,0,0,0,0,0.000,0.000,0.000,0.000,0.000,0.000,0.000,0.000,0,0,0,0,0,0,0,0,0,0.000,0.000,0.000,0.000,0.000,0.000,0.000,0.000,0,0,0,0,0,0,0,0,0,0.000,0.000,0.000,0.000,0.000,0.000,0.000,0.000,0,0,0,0,0,0,0,0,0,0.000,0.000,0.000,0.000,0.000,0.000,0.000,0.000,0,0,0,0,0,0,2,0,0,0,0,0,0,0,0,0,0,0,10201,5999,5906,14,0,21557,10388,1795,69759,32141,6126,7977,3586,748,60,0,0,67898,29354,5847,12335,5407,1181,379,205,29,0,0,0,2268.229,145.112,21285.749,1338.064,42,207,0,612,192,965,1787,624,189,1542,291,447,381,336,315,1117,273,226,373,555,144,0,0,0,0,0,0,0,0,0,0,0,0,514,560,314,89,0,0,0,2,690,378,182,48,0,0,0,0,0,0,0,0,0,0,0,0,0,0,0,0,0,0,0,0,0.5777,0.4467,16,2,0,0.4414,0.4766,19,0,0
10261,342.0,5998,45,23,3328,2670,0,0,3845,445.71,1.021,0.927,0.742,0.087,0.539,-0.961,1.775,0.4092,1.9539,0.590,0.008,0.031,0.179,-0.018,58,70,91,1,298,0,191047.48,58164.616,39041.501,116.169,37420.580,20.212,58618.452,35389.911,6024.093,21351.717,17081.374,3144.140,2456.693,1573.581,0.000235,0.019876,8493,0,13,78,91,13,79473,340,77,115.174,0,0,0,0,0,0,0,0,0,0,0,0,0,0,80212,1604,8153,78118.884,38269.621,36838.811,0.046,115.174,43853.927,31467.427,420.657,316,335,67,13,255,98644,0,0,0,0.000,0.000,0.000,0.000,0.000,0.000,0.000,0.000,0,0,0,0,0,0,0,0,0,0.000,0.000,0.000,0.000,0.000,0.000,0.000,0.000,0,0,0,0,0,0,0,0,0,0.000,0.000,0.000,0.000,0.000,0.000,0.000,0.000,0,0,0,0,0,0,0,0,0,0.000,0.000,0.000,0.000,0.000,0.000,0.000,0.000,0,0,0,0,0,0,0,0,0,0.000,0.000,0.000,0.000,0.000,0.000,0.000,0.000,0,0,0,0,0,0,1,0,0,0,0,0,0,0,0,0,0,0,10201,5999,5906,14,0,21648,10550,1668,69967,32257,6183,8007,3542,731,109,28,0,67097,28063,5744,12763,5331,1450,352,127,50,0,0,0,2290.568,138.065,20379.510,1378.893,40,211,0,543,155,994,1690,557,155,1557,280,445,391,331,324,1100,239,225,343,616,147,0,0,0,0,0,0,0,0,0,0,0,0,516,576,313,86,0,0,0,0,734,380,177,40,0,0,0,0,0,0,0,0,0,0,0,0,0,0,0,0,0,0,0,0,0.5752,0.4824,17,2,0,0.4285,0.4153,19,0,0
10291,343.0,5968,43,23,3343,2625,0,0,3841,443.53,1.016,0.921,0.744,0.086,0.544,-0.961,1.779,0.4105,1.9507,0.588,0.001,0.008,0.179,-0.018,55,75,114,1,314,0,174153.19,56059.967,37013.556,152.440,35416.858,20.531,58480.511,35000.222,6039.912,21911.819,17529.455,4215.370,444.986,1556.900,0.000222,0.019519,8790,0,23,91,114,23,79571,397,90,151.517,0,0,0,0,0,0,0,0,0,0,0,0,0,0,79903,1525,8393,74049.320,36428.461,34784.476,0.071,151.517,43704.793,31017.359,441.218,315,362,67,23,272,114682,0,0,0,0.000,0.000,0.000,0.000,0.000,0.000,0.000,0.000,0,0,0,0,0,0,0,0,0,0.000,0.000,0.000,0.000,0.000,0.000,0.000,0.000,0,0,0,0,0,0,0,0,0,0.000,0.000,0.000,0.000,0.000,0.000,0.000,0.000,0,0,0,0,0,0,0,0,0,0.000,0.000,0.000,0.000,0.000,0.000,0.000,0.000,0,0,0,0,0,0,0,0,0,0.000,0.000,0.000,0.000,0.000,0.000,0.000,0.000,0,0,0,0,0,0,2,0,0,0,0,0,0,0,0,0,0,0,10201,5999,5906,14,0,21763,10699,1580,69973,32462,6292,7999,3490,676,120,30,6,66660,27147,5764,12933,5479,1432,310,99,32,0,0,0,2336.858,136.065,19891.248,1352.358,39,198,0,551,167,880,1600,547,156,1558,290,428,395,329,343,1059,225,260,366,575,140,0,0,0,0,0,0,0,0,0,0,0,0,512,590,306,87,0,0,0,0,750,357,189,45,0,0,0,0,0,0,0,0,0,0,0,0,0,0,0,0,0,0,0,0,0.5673,0.4807,16,2,0,0.4314,0.4221,19,0,0
10321,344.0,5714,56,23,3294,2420,0,0,3662,452.11,0.995,0.904,0.750,0.084,0.559,-0.962,1.778,0.4101,1.9556,0.597,0.002,0.005,0.182,-0.018,57,88,112,0,381,0,158087.38,53987.937,33864.738,152.337,31471.421,26.752,56363.908,33183.277,5885.737,15384.827,12307.862,4076.837,82.572,1401.520,0.000285,0.017900,8204,0,17,95,112,17,79196,341,92,150.248,0,0,0,0,0,0,0,0,0,0,0,0,0,0,75993,1396,7863,66940.487,33328.940,31019.759,0.061,150.248,41659.704,29337.310,335.799,226,431,79,17,335,135751,0,0,0,0.000,0.000,0.000,0.000,0.000,0.000,0.000,0.000,0,0,0,0,0,0,0,0,0,0.000,0.000,0.000,0.000,0.000,0.000,0.000,0.000,0,0,0,0,0,0,0,0,0,0.000,0.000,0.000,0.000,0.000,0.000,0.000,0.000,0,0,0,0,0,0,0,0,0,0.000,0.000,0.000,0.000,0.000,0.000,0.000,0.000,0,0,0,0,0,0,0,0,0,0.000,0.000,0.000,0.000,0.000,0.000,0.000,0.000,0,0,0,0,0,0,0,0,0,0,0,0,0,0,0,0,0,0,10201,5999,5906,14,0,21870,10504,1592,69626,32402,6625,7867,3298,864,92,47,13,63706,26183,5392,11963,4866,1218,324,133,20,0,0,0,2318.826,139.944,18901.501,1238.825,52,201,0,512,152,810,1461,527,143,1531,294,410,396,328,335,988,192,225,375,517,123,0,0,0,0,0,0,0,0,0,0,0,0,478,604,292,94,0,0,0,1,658,345,198,39,0,0,0,0,0,0,0,0,0,0,0,0,0,0,0,0,0,0,0,0,0.5381,0.4376,15,1,0,0.4100,0.4390,18,0,0
10351,345.0,5407,60,24,3261,2146,0,0,3475,406.39,0.961,0.876,0.760,0.079,0.582,-0.961,1.779,0.4103,1.9154,0.603,0.002,0.006,0.187,-0.018,59,107,106,1,393,0,146949.48,51628.283,31994.426,150.707,27558.860,23.740,51929.208,29787.274,5542.875,13405.543,10724.434,3659.986,102.518,1208.335,0.000210,0.016856,7223,0,17,89,106,17,78370,376,83,143.925,0,0,0,0,0,0,0,0,0,0,0,0,0,0,68053,1313,6847,60877.747,31373.014,27159.068,0.027,143.925,37394.575,26032.509,299.523,182,457,98,17,342,139267,0,0,0,0.000,0.000,0.000,0.000,0.000,0.000,0.000,0.000,0,0,0,0,0,0,0,0,0,0.000,0.000,0.000,0.000,0.000,0.000,0.000,0.000,0,0,0,0,0,0,0,0,0,0.000,0.000,0.000,0.000,0.000,0.000,0.000,0.000,0,0,0,0,0,0,0,0,0,0.000,0.000,0.000,0.000,0.000,0.000,0.000,0.000,0,0,0,0,0,0,0,0,0,0.000,0.000,0.000,0.000,0.000,0.000,0.000,0.000,0,0,0,0,0,0,1,0,0,0,0,0,0,0,0,0,0,0,10351,5407,5324,57,1,21742,10024,1703,68735,32216,6139,7660,3201,832,72,42,0,57244,23625,4511,10481,4069,1247,328,170,32,0,0,0,2268.166,138.666,16881.944,1078.298,51,173,0,460,136,792,1384,470,127,1520,275,399,391,313,363,857,198,150,355,467,119,0,0,0,0,0,0,0,0,0,0,0,0,461,621,302,82,0,0,0,0,596,305,163,27,0,0,0,0,0,0,0,0,0,0,0,0,0,0,0,0,0,0,0,0,0.5631,0.4339,14,1,0,0.4189,0.4432,17,0,0
10381,346.0,5161,81,24,3227,1934,0,0,3292,477.89,0.933,0.852,0.767,0.075,0.603,-0.960,1.782,0.4098,1.9021,0.605,0.002,0.007,0.190,-0.018,59,82,86,1,378,0,139790.23,50328.948,29263.272,130.449,25213.836,24.932,48179.147,26767.944,5247.690,13333.847,10667.077,2659.838,257.846,1102.687,0.000315,0.018881,6669,0,9,77,86,9,77621,397,76,127.128,0,0,0,0,0,0,0,0,0,0,0,0,0,0,61343,1199,6272,55476.537,28612.620,24681.190,0.047,127.128,33804.643,23118.532,247.350,179,391,73,9,309,127283,0,0,0,0.000,0.000,0.000,0.000,0.000,0.000,0.000,0.000,0,0,0,0,0,0,0,0,0,0.000,0.000,0.000,0.000,0.000,0.000,0.000,0.000,0,0,0,0,0,0,0,0,0,0.000,0.000,0.000,0.000,0.000,0.000,0.000,0.000,0,0,0,0,0,0,0,0,0,0.000,0.000,0.000,0.000,0.000,0.000,0.000,0.000,0,0,0,0,0,0,0,0,0,0.000,0.000,0.000,0.000,0.000,0.000,0.000,0.000,0,0,0,0,0,0,0,0,0,0,0,0,0,0,0,0,0,0,10351,5407,5324,57,1,21789,9767,1724,67866,32247,5770,7490,3182,751,60,30,0,51767,20879,4288,9270,3594,1119,306,148,44,0,0,0,2237.904,135.413,14723.822,1028.835,49,169,0,440,149,711,1279,438,125,1493,280,396,379,291,388,783,178,147,312,408,106,0,0,0,0,0,0,0,0,0,0,0,0,445,629,314,66,0,0,0,0,540,269,132,32,0,0,0,0,0,0,0,0,0,0,0,0,0,0,0,0,0,0,0,0,0.5573,0.4529,14,1,0,0.4135,0.4502,17,0,0
10411,347.0,5013,63,24,3238,1775,0,0,3117,415.48,0.905,0.828,0.775,0.072,0.621,-0.960,1.786,0.4111,1.9259,0.625,0.002,0.006,0.194,-0.018,72,73,54,0,302,0,135727.47,48220.678,28904.884,78.298,25021.230,27.746,44969.458,24568.803,4920.042,12548.087,10038.470,2946.214,221.263,1131.234,0.000193,0.019442,6174,0,14,40,54,14,77185,333,39,76.781,0,0,0,0,0,0,0,0,0,0,0,0,0,0,55640,1186,5841,55003.448,28262.049,24540.243,0.069,76.781,30647.910,20981.040,210.582,170,330,67,14,249,111022,0,0,0,0.000,0.000,0.000,0.000,0.000,0.000,0.000,0.000,0,0,0,0,0,0,0,0,0,0.000,0.000,0.000,0.000,0.000,0.000,0.000,0.000,0,0,0,0,0,0,0,0,0,0.000,0.000,0.000,0.000,0.000,0.000,0.000,0.000,0,0,0,0,0,0,0,0,0,0.000,0.000,0.000,0.000,0.000,0.000,0.000,0.000,0,0,0,0,0,0,0,0,0,0.000,0.000,0.000,0.000,0.000,0.000,0.000,0.000,0,0,0,0,0,0,1,0,0,0,0,0,0,0,0,0,0,0,10351,5407,5324,57,1,21705,9391,1575,67779,32018,5881,7529,3357,671,60,30,0,47061,18758,3732,8289,3518,705,290,157,33,0,0,0,2211.491,128.567,13409.611,853.114,48,135,0,415,122,707,1262,437,110,1482,272,415,389,295,385,701,155,121,262,431,105,0,0,0,0,0,0,0,0,0,0,0,0,447,646,330,60,0,0,0,1,530,258,114,17,0,0,0,0,0,0,0,0,0,0,0,0,0,0,0,0,0,0,0,0,0.5513,0.4271,14,1,0,0.4304,0.3982,17,0,0
10441,348.0,4947,68,24,3282,1665,0,0,2979,437.05,0.881,0.808,0.780,0.070,0.636,-0.960,1.787,0.4096,1.8873,0.621,0.002,0.010,0.197,-0.018,75,60,28,0,258,0,131980.72,46571.095,25141.832,43.306,23030.380,26.968,42828.849,22964.815,4636.782,12298.258,9838.606,1531.328,93.215,988.343,0.000280,0.020114,5616,0,5,23,28,5,78255,370,22,42.478,0,0,0,0,0,0,0,0,0,0,0,0,0,0,51618,1035,5246,49018.166,24512.646,22551.019,0.025,42.478,28430.823,19454.004,172.278,160,273,56,5,212,91068,0,0,0,0.000,0.000,0.000,0.000,0.000,0.000,0.000,0.000,0,0,0,0,0,0,0,0,0,0.000,0.000,0.000,0.000,0.000,0.000,0.000,0.000,0,0,0,0,0,0,0,0,0,0.000,0.000,0.000,0.000,0.000,0.000,0.000,0.000,0,0,0,0,0,0,0,0,0,0.000,0.000,0.000,0.000,0.000,0.000,0.000,0.000,0,0,0,0,0,0,0,0,0,0.000,0.000,0.000,0.000,0.000,0.000,0.000,0.000,0,0,0,0,0,0,3,0,0,0,0,0,0,0,0,0,0,0,10351,5407,5324,57,1,21909,9263,1509,68242,32073,5658,7519,3355,631,60,30,0,43410,16691,3591,7974,3279,729,234,147,29,0,0,0,2183.530,121.274,12199.822,823.626,47,133,0,360,104,652,1111,360,94,1500,258,450,384,302,388,656,149,122,250,400,88,0,0,0,0,0,0,0,0,0,0,0,0,455,665,338,65,0,0,0,1,479,237,119,25,0,0,0,0,0,0,0,0,0,0,0,0,0,0,0,0,0,0,0,0,0.5540,0.4318,15,2,0,0.4442,0.4566,18,0,0
10471,349.0,4855,50,24,3304,1551,0,0,2870,527.26,0.858,0.790,0.785,0.067,0.652,-0.960,1.790,0.4126,1.8985,0.603,0.002,0.008,0.200,-0.019,71,75,24,0,240,0,127211.62,44523.185,22999.737,45.166,22583.341,28.682,41056.271,21842.310,4383.240,10771.962,8617.570,1635.985,317.977,947.005,0.000298,0.020789,5389,0,3,21,24,3,79563,364,20,43.305,0,0,0,0,0,0,0,0,0,0,0,0,0,0,48017,946,5025,46168.443,22449.119,21942.433,0.009,43.305,26477.255,18313.728,156.750,142,257,69,3,185,81077,0,0,0,0.000,0.000,0.000,0.000,0.000,0.000,0.000,0.000,0,0,0,0,0,0,0,0,0,0.000,0.000,0.000,0.000,0.000,0.000,0.000,0.000,0,0,0,0,0,0,0,0,0,0.000,0.000,0.000,0.000,0.000,0.000,0.000,0.000,0,0,0,0,0,0,0,0,0,0.000,0.000,0.000,0.000,0.000,0.000,0.000,0.000,0,0,0,0,0,0,0,0,0,0.000,0.000,0.000,0.000,0.000,0.000,0.000,0.000,0,0,0,0,0,0,1,0,0,0,0,0,0,0,0,0,0,0,10351,5407,5324,57,1,22355,9629,1441,68987,32229,5507,7561,3428,639,60,30,0,40284,16031,3674,7580,3230,760,153,122,19,0,0,0,2192.553,122.420,11893.931,827.380,47,116,0,349,99,547,1013,363,95,1514,250,453,389,308,390,637,130,124,228,355,77,0,0,0,0,0,0,0,0,0,0,0,0,457,674,336,73,0,0,0,0,441,198,116,29,0,0,0,0,0,0,0,0,0,0,0,0,0,0,0,0,0,0,0,0,0.5854,0.4250,14,2,0,0.4528,0.4133,17,0,0
10501,350.0,4744,84,24,3331,1413,0,0,2717,440.73,0.830,0.766,0.794,0.064,0.671,-0.961,1.797,0.4093,1.8811,0.617,0.002,0.006,0.204,-0.019,78,93,25,0,245,0,122756.87,42962.286,22081.524,40.021,19724.450,28.168,39268.658,20807.154,4141.396,10821.347,8657.078,2186.455,71.330,899.326,0.000280,0.022413,4958,0,7,18,25,7,80024,276,16,37.173,0,0,0,0,0,0,0,0,0,0,0,0,0,0,44687,905,4682,42532.663,21590.911,19272.501,0.018,37.173,24634.591,17290.527,124.751,137,275,82,7,186,85256,0,0,0,0.000,0.000,0.000,0.000,0.000,0.000,0.000,0.000,0,0,0,0,0,0,0,0,0,0.000,0.000,0.000,0.000,0.000,0.000,0.000,0.000,0,0,0,0,0,0,0,0,0,0.000,0.000,0.000,0.000,0.000,0.000,0.000,0.000,0,0,0,0,0,0,0,0,0,0.000,0.000,0.000,0.000,0.000,0.000,0.000,0.000,0,0,0,0,0,0,0,0,0,0.000,0.000,0.000,0.000,0.000,0.000,0.000,0.000,0,0,0,0,0,0,0,0,0,0,0,0,0,0,0,0,0,0,10501,4744,4671,24,0,22627,9774,1495,69170,32516,5345,7539,3470,526,60,30,0,37438,15650,3275,7167,3230,741,82,54,11,0,0,0,2226.079,118.556,11572.780,761.189,45,108,0,342,97,562,967,325,93,1538,251,452,402,312,376,586,123,104,195,339,66,0,0,0,0,0,0,0,0,0,0,0,0,463,677,327,75,0,0,0,0,419,163,102,20,0,0,0,0,0,0,0,0,0,0,0,0,0,0,0,0,0,0,0,0,0.6030,0.4199,14,2,0,0.4423,0.4498,17,0,0
10531,351.0,4659,71,24,3341,1318,0,0,2604,546.98,0.810,0.750,0.798,0.061,0.685,-0.962,1.800,0.4115,1.8675,0.616,0.003,0.010,0.206,-0.019,83,73,15,3,234,0,119312.56,41404.248,20110.934,21.502,19184.728,30.920,37320.955,18735.192,3907.805,10404.248,8323.398,1828.899,298.087,809.207,0.000186,0.022821,4760,0,3,12,15,3,80311,214,10,20.500,0,0,0,0,0,0,0,0,0,0,0,0,0,0,40923,820,4546,39858.520,19606.509,18718.528,0.004,20.500,22615.712,15258.224,99.229,133,229,61,3,165,67444,0,0,0,0.000,0.000,0.000,0.000,0.000,0.000,0.000,0.000,0,0,0,0,0,0,0,0,0,0.000,0.000,0.000,0.000,0.000,0.000,0.000,0.000,0,0,0,0,0,0,0,0,0,0.000,0.000,0.000,0.000,0.000,0.000,0.000,0.000,0,0,0,0,0,0,0,0,0,0.000,0.000,0.000,0.000,0.000,0.000,0.000,0.000,0,0,0,0,0,0,0,0,0,0.000,0.000,0.000,0.000,0.000,0.000,0.000,0.000,0,0,0,0,0,0,1,0,0,0,0,0,0,0,0,0,0,0,10501,4744,4671,24,0,22862,9741,1902,69666,32591,5494,7451,3266,652,60,30,0,34245,13752,2919,6618,2646,750,60,30,5,0,0,0,2214.635,127.347,10012.085,678.400,46,107,0,281,76,515,885,288,75,1514,286,448,401,315,377,501,128,107,217,307,58,0,0,0,0,0,0,0,0,0,0,0,0,467,678,325,70,0,0,0,1,389,180,92,28,0,0,0,0,0,0,0,0,0,0,0,0,0,0,0,0,0,0,0,0,0.5950,0.4441,13,2,0,0.4288,0.4331,17,0,0
10561,352.0,4614,68,24,3373,1241,0,0,2513,541.80,0.790,0.734,0.802,0.060,0.698,-0.963,1.804,0.4108,1.8959,0.616,0.001,0.008,0.208,-0.021,83,62,5,2,195,0,116084.09,39403.705,18360.907,3.743,18277.238,37.119,35877.959,17739.645,3691.259,9402.807,7522.246,928.196,135.876,743.326,0.000244,0.022412,4414,0,2,3,5,2,81019,211,1,1.173,0,0,0,0,0,0,0,0,0,0,0,0,0,0,38205,748,4203,37191.123,17922.813,17865.956,0.007,1.173,21105.071,14243.398,88.250,119,197,49,2,146,62030,0,0,0,0.000,0.000,0.000,0.000,0.000,0.000,0.000,0.000,0,0,0,0,0,0,0,0,0,0.000,0.000,0.000,0.000,0.000,0.000,0.000,0.000,0,0,0,0,0,0,0,0,0,0.000,0.000,0.000,0.000,0.000,0.000,0.000,0.000,0,0,0,0,0,0,0,0,0,0.000,0.000,0.000,0.000,0.000,0.000,0.000,0.000,0,0,0,0,0,0,0,0,0,0.000,0.000,0.000,0.000,0.000,0.000,0.000,0.000,0,0,0,0,0,0,1,0,0,0,0,0,0,0,0,0,0,0,10501,4744,4671,24,0,23260,9732,2060,69987,32910,5796,7499,3187,734,60,30,0,31937,12460,2734,6208,2317,625,60,12,2,0,0,0,2244.007,131.764,9030.306,620.184,32,94,0,275,71,450,799,276,60,1550,278,443,403,309,390,497,109,104,184,298,49,0,0,0,0,0,0,0,0,0,0,0,0,478,670,315,81,0,0,0,1,365,158,89,23,0,0,0,0,0,0,0,0,0,0,0,0,0,0,0,0,0,0,0,0,0.6387,0.4616,15,3,0,0.4753,0.4331,16,0,0
10591,353.0,4562,52,24,3370,1192,0,0,2450,594.01,0.778,0.725,0.804,0.058,0.705,-0.962,1.807,0.4105,1.9035,0.609,0.003,0.010,0.210,-0.022,84,77,25,0,161,0,112433.10,38271.839,17555.914,35.539,17470.825,39.716,34974.132,17201.484,3567.496,8953.351,7162.681,1187.434,102.612,690.452,0.000215,0.023792,4329,0,0,25,25,0,81539,301,21,31.553,0,0,0,0,0,0,0,0,0,0,0,0,0,0,36572,707,4028,35118.337,16929.267,16893.573,0.000,31.553,20181.326,13713.029,78.234,112,160,63,0,97,51182,0,0,0,0.000,0.000,0.000,0.000,0.000,0.000,0.000,0.000,0,0,0,0,0,0,0,0,0,0.000,0.000,0.000,0.000,0.000,0.000,0.000,0.000,0,0,0,0,0,0,0,0,0,0.000,0.000,0.000,0.000,0.000,0.000,0.000,0.000,0,0,0,0,0,0,0,0,0,0.000,0.000,0.000,0.000,0.000,0.000,0.000,0.000,0,0,0,0,0,0,0,0,0,0.000,0.000,0.000,0.000,0.000,0.000,0.000,0.000,0,0,0,0,0,0,0,0,0,1,0,0,0,0,0,0,0,0,10501,4744,4671,24,0,23168,9952,1575,70521,33363,5752,7466,3174,644,60,30,0,30424,12192,3137,6092,2449,582,56,22,4,0,0,0,2262.774,120.971,8793.381,702.381,49,84,0,261,74,423,774,270,72,1546,273,433,385,334,399,486,108,83,188,268,59,0,0,0,0,0,0,0,0,0,0,0,0,481,671,320,79,0,0,0,0,337,158,85,18,0,0,0,0,0,0,0,0,0,0,0,0,0,0,0,0,0,0,0,0,0.5852,0.4654,15,2,0,0.4625,0.4219,16,0,0
10621,354.0,4475,63,24,3366,1109,0,0,2390,549.64,0.760,0.711,0.807,0.056,0.717,-0.963,1.810,0.4121,1.9005,0.611,0.002,0.005,0.213,-0.023,72,74,15,2,172,0,106889.47,36650.910,14338.588,20.427,16481.944,39.452,33767.359,16363.450,3436.697,7591.847,6073.478,718.153,127.783,621.755,0.000232,0.026044,4077,0,0,15,15,0,81805,244,13,16.873,0,0,0,0,0,0,0,0,0,0,0,0,0,0,34470,580,3833,31104.624,13902.170,16069.762,0.000,16.873,19018.200,12901.592,87.284,96,179,57,0,122,55976,0,0,0,0.000,0.000,0.000,0.000,0.000,0.000,0.000,0.000,0,0,0,0,0,0,0,0,0,0.000,0.000,0.000,0.000,0.000,0.000,0.000,0.000,0,0,0,0,0,0,0,0,0,0.000,0.000,0.000,0.000,0.000,0.000,0.000,0.000,0,0,0,0,0,0,0,0,0,0.000,0.000,0.000,0.000,0.000,0.000,0.000,0.000,0,0,0,0,0,0,0,0,0,0.000,0.000,0.000,0.000,0.000,0.000,0.000,0.000,0,0,0,0,0,0,0,0,0,0,0,0,0,0,0,0,0,0,10501,4744,4671,24,0,23367,10018,1776,70193,33122,6061,7465,3231,649,60,14,29,28739,11383,2512,5701,2489,561,30,30,0,0,0,0,2239.664,131.648,8296.161,588.925,48,91,0,212,72,361,634,214,70,1551,281,435,377,333,389,433,110,78,188,242,58,0,0,0,0,0,0,0,0,0,0,0,0,474,658,319,83,0,0,0,0,305,156,87,18,0,0,0,0,0,0,0,0,0,0,0,0,0,0,0,0,0,0,0,0,0.5900,0.4245,14,2,0,0.4695,0.4340,16,0,0
10651,355.0,4363,62,24,3338,1025,0,0,2292,556.95,0.742,0.698,0.811,0.055,0.729,-0.964,1.813,0.4102,1.8606,0.618,0.001,0.005,0.215,-0.025,79,70,12,0,169,0,101864.68,35410.143,13661.212,20.839,14827.634,42.675,32380.775,15599.628,3313.385,6077.857,4862.286,990.544,28.306,588.778,0.000245,0.029608,3660,0,0,12,12,0,82277,172,11,19.795,0,0,0,0,0,0,0,0,0,0,0,0,0,0,32051,549,3488,28821.490,13206.076,14570.193,0.000,19.795,17699.149,12168.442,76.454,79,163,51,0,112,56062,0,0,0,0.000,0.000,0.000,0.000,0.000,0.000,0.000,0.000,0,0,0,0,0,0,0,0,0,0.000,0.000,0.000,0.000,0.000,0.000,0.000,0.000,0,0,0,0,0,0,0,0,0,0.000,0.000,0.000,0.000,0.000,0.000,0.000,0.000,0,0,0,0,0,0,0,0,0,0.000,0.000,0.000,0.000,0.000,0.000,0.000,0.000,0,0,0,0,0,0,0,0,0,0.000,0.000,0.000,0.000,0.000,0.000,0.000,0.000,0,0,0,0,0,0,0,0,0,0,0,0,0,0,0,0,0,0,10651,4363,4298,39,2,23350,10206,1671,69707,33111,5985,7411,3212,772,60,37,23,26731,10660,2379,5290,2228,423,30,30,0,0,0,0,2245.252,132.502,7798.920,531.264,36,92,0,199,52,352,604,209,40,1554,272,427,371,325,389,410,83,80,158,236,58,0,0,0,0,0,0,0,0,0,0,0,0,477,640,313,82,0,0,0,0,286,150,77,19,0,0,0,0,0,0,0,0,0,0,0,0,0,0,0,0,0,0,0,0,0.5725,0.4391,14,0,0,0.4468,0.4467,17,0,0
10681,356.0,4249,55,24,3302,947,0,0,2226,661.53,0.725,0.684,0.814,0.053,0.741,-0.963,1.814,0.4115,1.9226,0.640,0.002,0.004,0.217,-0.026,65,70,14,1,155,0,97784.30,34326.402,12629.809,19.716,12976.451,38.209,30871.084,14689.489,3168.880,5357.122,4285.698,705.726,22.938,526.760,0.000230,0.031403,3286,0,1,13,14,1,81438,198,9,13.557,0,0,0,0,0,0,0,0,0,0,0,0,0,0,29539,504,3088,25731.530,12141.401,12637.504,0.000,13.557,16324.333,11298.671,69.951,67,145,43,1,101,42388,0,0,0,0.000,0.000,0.000,0.000,0.000,0.000,0.000,0.000,0,0,0,0,0,0,0,0,0,0.000,0.000,0.000,0.000,0.000,0.000,0.000,0.000,0,0,0,0,0,0,0,0,0,0.000,0.000,0.000,0.000,0.000,0.000,0.000,0.000,0,0,0,0,0,0,0,0,0,0.000,0.000,0.000,0.000,0.000,0.000,0.000,0.000,0,0,0,0,0,0,0,0,0,0.000,0.000,0.000,0.000,0.000,0.000,0.000,0.000,0,0,0,0,0,0,0,0,0,0,0,0,0,0,0,0,0,0,10651,4363,4298,39,2,23490,10133,1763,68804,32487,5785,7350,3412,596,60,60,0,24714,10011,2005,4795,1844,377,30,30,0,0,0,0,2215.108,128.674,7217.209,446.830,60,77,0,204,54,301,566,208,56,1526,264,421,388,329,374,403,77,66,151,208,42,0,0,0,0,0,0,0,0,0,0,0,0,464,648,318,81,0,0,0,1,255,128,77,7,0,0,0,0,0,0,0,0,0,0,0,0,0,0,0,0,0,0,0,0,0.5636,0.4181,13,1,0,0.4698,0.4582,17,0,0
10711,357.0,4142,70,24,3286,856,0,0,2094,537.34,0.703,0.665,0.820,0.052,0.756,-0.963,1.815,0.4105,1.9024,0.640,0.002,0.005,0.220,-0.026,95,60,10,0,174,0,94724.97,33684.242,11873.453,13.101,12794.258,38.739,29426.576,13806.687,2999.367,5832.700,4666.160,670.240,45.868,514.855,0.000229,0.032425,3226,0,1,9,10,1,81195,201,7,12.132,0,0,0,0,0,0,0,0,0,0,0,0,0,0,27143,482,3025,24978.503,11560.335,12521.298,0.000,12.132,15015.250,10496.536,50.734,71,162,46,1,115,47219,0,0,0,0.000,0.000,0.000,0.000,0.000,0.000,0.000,0.000,0,0,0,0,0,0,0,0,0,0.000,0.000,0.000,0.000,0.000,0.000,0.000,0.000,0,0,0,0,0,0,0,0,0,0.000,0.000,0.000,0.000,0.000,0.000,0.000,0.000,0,0,0,0,0,0,0,0,0,0.000,0.000,0.000,0.000,0.000,0.000,0.000,0.000,0,0,0,0,0,0,0,0,0,0.000,0.000,0.000,0.000,0.000,0.000,0.000,0.000,0,0,0,0,0,0,0,0,0,0,0,0,0,0,0,0,0,0,10651,4363,4298,39,2,23447,10185,1996,67943,31776,5369,7432,3423,726,60,60,0,22776,9530,1814,4367,1855,359,0,0,0,0,0,0,2171.977,128.695,6933.311,414.906,50,87,0,185,61,294,525,178,44,1498,278,441,398,313,358,364,67,75,142,169,39,0,0,0,0,0,0,0,0,0,0,0,0,469,644,309,87,0,0,0,1,236,111,66,12,0,0,0,0,0,0,0,0,0,0,0,0,0,0,0,0,0,0,0,0,0.5623,0.4284,13,1,0,0.4414,0.4933,16,0,0
10741,358.0,4043,69,24,3274,769,0,0,2039,580.98,0.680,0.647,0.827,0.052,0.770,-0.962,1.819,0.4088,1.8802,0.647,0.002,0.005,0.223,-0.027,86,68,9,0,153,0,92754.63,32912.942,10739.164,17.342,11926.535,43.714,27715.428,12560.397,2846.047,5225.539,4180.431,884.355,95.701,492.752,0.000195,0.032874,2854,0,0,9,9,0,80766,221,6,12.517,0,0,0,0,0,0,0,0,0,0,0,0,0,0,24159,427,2633,22686.208,10278.153,11574.064,0.000,12.517,13406.742,9285.348,52.735,58,145,50,0,95,38618,0,0,0,0.000,0.000,0.000,0.000,0.000,0.000,0.000,0.000,0,0,0,0,0,0,0,0,0,0.000,0.000,0.000,0.000,0.000,0.000,0.000,0.000,0,0,0,0,0,0,0,0,0,0.000,0.000,0.000,0.000,0.000,0.000,0.000,0.000,0,0,0,0,0,0,0,0,0,0.000,0.000,0.000,0.000,0.000,0.000,0.000,0.000,0,0,0,0,0,0,0,0,0,0.000,0.000,0.000,0.000,0.000,0.000,0.000,0.000,0,0,0,0,0,0,0,0,0,0,0,0,0,0,0,0,0,0,10651,4363,4298,39,2,23263,10409,1976,67374,30762,5725,7400,3583,666,60,60,0,20321,8275,1625,3838,1872,398,0,0,0,0,0,0,2148.653,135.459,6114.012,390.859,55,75,0,181,51,249,482,186,46,1506,256,447,393,322,350,313,63,63,130,166,34,0,0,0,0,0,0,0,0,0,0,0,0,483,631,305,92,0,0,0,1,215,104,61,13,0,0,0,0,0,0,0,0,0,0,0,0,0,0,0,0,0,0,0,0,0.5896,0.4449,13,2,0,0.4508,0.4660,15,0,0
10771,359.0,3958,79,24,3250,708,0,0,1923,727.17,0.663,0.634,0.831,0.050,0.781,-0.963,1.824,0.4085,1.9327,0.643,0.001,0.013,0.225,-0.028,83,67,4,0,157,0,92361.52,32276.739,10027.505,8.864,11076.415,40.631,26524.087,11327.048,2694.724,5776.045,4620.836,485.640,74.724,444.787,0.000242,0.032957,2603,0,0,4,4,0,80362,199,3,6.596,0,0,0,0,0,0,0,0,0,0,0,0,0,0,22166,400,2404,21108.189,9636.549,10716.187,0.000,6.596,12276.018,8084.666,49.654,65,126,42,0,84,46295,0,0,0,0.000,0.000,0.000,0.000,0.000,0.000,0.000,0.000,0,0,0,0,0,0,0,0,0,0.000,0.000,0.000,0.000,0.000,0.000,0.000,0.000,0,0,0,0,0,0,0,0,0,0.000,0.000,0.000,0.000,0.000,0.000,0.000,0.000,0,0,0,0,0,0,0,0,0,0.000,0.000,0.000,0.000,0.000,0.000,0.000,0.000,0,0,0,0,0,0,0,0,0,0.000,0.000,0.000,0.000,0.000,0.000,0.000,0.000,0,0,0,0,0,0,0,0,0,0,0,0,0,0,0,0,0,0,10651,4363,4298,39,2,23147,10469,1814,67042,30507,5454,7503,3653,593,60,60,0,18515,6888,1661,3651,1468,499,0,0,0,0,0,0,2128.228,126.505,5071.623,397.286,47,63,1,158,49,250,447,154,43,1468,262,446,404,323,347,251,67,75,117,171,27,0,0,0,0,0,0,0,0,0,0,0,0,502,620,307,90,0,0,0,1,216,101,59,14,0,0,0,0,0,0,0,0,0,0,0,0,0,0,0,0,0,0,0,0,0.6037,0.4359,13,2,0,0.4289,0.4398,15,0,0
10801,360.0,3954,71,25,3261,693,0,0,1867,677.34,0.657,0.631,0.832,0.050,0.785,-0.962,1.830,0.4096,1.9244,0.633,0.002,0.013,0.226,-0.029,98,50,6,0,118,0,92952.81,32382.815,10067.712,14.627,11291.434,42.861,25705.397,10883.053,2567.587,6865.944,5492.755,712.033,143.253,489.349,0.000143,0.032447,2577,0,0,6,6,0,80338,241,6,14.627,0,0,0,0,0,0,0,0,0,0,0,0,0,0,20832,401,2336,21004.818,9619.354,10592.539,0.000,14.627,11495.856,7682.699,38.474,77,93,30,0,63,29495,0,0,0,0.000,0.000,0.000,0.000,0.000,0.000,0.000,0.000,0,0,0,0,0,0,0,0,0,0.000,0.000,0.000,0.000,0.000,0.000,0.000,0.000,0,0,0,0,0,0,0,0,0,0.000,0.000,0.000,0.000,0.000,0.000,0.000,0.000,0,0,0,0,0,0,0,0,0,0.000,0.000,0.000,0.000,0.000,0.000,0.000,0.000,0,0,0,0,0,0,0,0,0,0.000,0.000,0.000,0.000,0.000,0.000,0.000,0.000,0,0,0,0,0,0,1,0,0,0,0,0,0,0,0,0,0,0,10801,3954,3929,15,1,23224,10592,1812,66934,30252,5072,7418,3344,666,60,57,3,17339,6474,1544,3493,1358,395,0,0,0,0,0,0,2105.157,115.914,4796.236,367.053,59,47,1,171,42,237,458,167,41,1468,258,434,421,328,352,279,65,66,110,144,29,0,0,0,0,0,0,0,0,0,0,0,0,505,631,316,82,0,0,0,1,190,95,53,11,0,0,0,0,0,0,0,0,0,0,0,0,0,0,0,0,0,0,0,0,0.5822,0.4325,13,2,0,0.4535,0.4609,16,0,0
10831,361.0,3911,77,25,3251,660,0,0,1839,648.85,0.648,0.624,0.834,0.049,0.791,-0.962,1.830,0.4096,1.9613,0.635,0.002,0.009,0.227,-0.029,92,62,12,2,105,0,93157.77,32228.194,9696.343,20.331,10742.661,37.866,25456.980,11334.373,2516.060,5630.779,4504.623,772.319,64.923,469.108,0.000208,0.033123,2524,0,1,11,12,1,80842,247,11,20.330,0,0,0,0,0,0,0,0,0,0,0,0,0,0,20387,387,2277,20328.684,9314.051,10226.170,0.000,20.330,11208.705,8143.816,32.204,64,97,44,1,52,27872,0,0,0,0.000,0.000,0.000,0.000,0.000,0.000,0.000,0.000,0,0,0,0,0,0,0,0,0,0.000,0.000,0.000,0.000,0.000,0.000,0.000,0.000,0,0,0,0,0,0,0,0,0,0.000,0.000,0.000,0.000,0.000,0.000,0.000,0.000,0,0,0,0,0,0,0,0,0,0.000,0.000,0.000,0.000,0.000,0.000,0.000,0.000,0,0,0,0,0,0,0,0,0,0.000,0.000,0.000,0.000,0.000,0.000,0.000,0.000,0,0,0,0,0,0,0,0,0,0,0,0,0,0,0,0,0,0,10801,3954,3929,15,1,23220,10744,1850,67115,30065,5502,7466,3245,609,60,30,19,17048,7202,1486,3339,1461,295,0,0,0,0,0,0,2092.921,123.801,5484.156,333.785,52,47,0,161,40,241,436,174,37,1463,274,418,405,348,343,280,46,56,109,140,29,0,0,0,0,0,0,0,0,0,0,0,0,514,615,313,72,0,0,0,0,190,94,42,8,0,0,0,0,0,0,0,0,0,0,0,0,0,0,0,0,0,0,0,0,0.6251,0.4487,13,2,0,0.4306,0.4428,15,0,0
10861,362.0,3917,84,25,3282,635,0,0,1742,621.53,0.638,0.616,0.836,0.048,0.798,-0.962,1.833,0.4065,1.9541,0.633,0.002,0.009,0.229,-0.029,79,60,10,1,101,0,95386.40,32672.738,10366.227,12.085,9680.392,40.500,24890.409,10744.510,2424.040,7059.633,5647.706,769.508,172.167,409.862,0.000277,0.034711,2164,0,2,8,10,2,81362,157,7,7.743,0,0,0,0,0,0,0,0,0,0,0,0,0,0,19313,417,2007,20112.116,10034.695,9330.409,0.000,7.743,10616.623,7591.398,26.160,74,100,43,2,55,30353,0,0,0,0.000,0.000,0.000,0.000,0.000,0.000,0.000,0.000,0,0,0,0,0,0,0,0,0,0.000,0.000,0.000,0.000,0.000,0.000,0.000,0.000,0,0,0,0,0,0,0,0,0,0.000,0.000,0.000,0.000,0.000,0.000,0.000,0.000,0,0,0,0,0,0,0,0,0,0.000,0.000,0.000,0.000,0.000,0.000,0.000,0.000,0,0,0,0,0,0,0,0,0,0.000,0.000,0.000,0.000,0.000,0.000,0.000,0.000,0,0,0,0,0,0,1,0,0,0,0,0,0,0,0,0,0,0,10801,3954,3929,15,1,23088,10481,1859,67223,30198,5561,7579,3387,677,60,30,0,16335,6803,1359,2978,1122,281,0,0,0,0,0,0,2054.381,130.349,4981.950,315.659,65,48,0,159,41,268,461,155,45,1474,262,411,431,365,339,257,55,54,83,165,21,0,0,0,0,0,0,0,0,0,0,0,0,534,625,306,80,0,0,0,1,191,93,32,7,0,0,0,0,0,0,0,0,0,0,0,0,0,0,0,0,0,0,0,0,0.6436,0.4399,13,2,0,0.4318,0.4774,15,0,0
10891,363.0,3978,75,25,3330,648,0,0,1716,667.60,0.639,0.616,0.835,0.047,0.798,-0.962,1.834,0.4077,1.9862,0.631,0.003,0.014,0.229,-0.029,107,35,13,0,96,0,98983.12,33433.689,11251.678,26.949,10943.534,39.895,25003.941,10573.085,2332.362,8177.793,6542.234,906.514,210.360,453.762,0.000233,0.034128,2329,0,0,13,13,0,82253,165,11,25.030,0,0,0,0,0,0,0,0,0,0,0,0,0,0,19315,451,2164,22056.670,10769.553,10443.765,0.000,25.030,10611.346,7422.025,24.339,87,75,25,0,50,24951,0,0,0,0.000,0.000,0.000,0.000,0.000,0.000,0.000,0.000,0,0,0,0,0,0,0,0,0,0.000,0.000,0.000,0.000,0.000,0.000,0.000,0.000,0,0,0,0,0,0,0,0,0,0.000,0.000,0.000,0.000,0.000,0.000,0.000,0.000,0,0,0,0,0,0,0,0,0,0.000,0.000,0.000,0.000,0.000,0.000,0.000,0.000,0,0,0,0,0,0,0,0,0,0.000,0.000,0.000,0.000,0.000,0.000,0.000,0.000,0,0,0,0,0,0,1,0,0,0,0,0,0,0,0,0,0,0,10801,3954,3929,15,1,23104,10455,1684,67896,29945,5698,7770,3501,760,60,30,0,16422,6756,1538,2893,1049,296,0,0,0,0,0,0,2050.669,124.701,4779.801,356.333,55,51,0,168,55,276,508,170,49,1471,279,424,414,399,343,254,58,42,104,167,23,0,0,0,0,0,0,0,0,0,0,0,0,561,629,312,76,0,0,0,2,204,87,36,9,0,0,0,0,0,0,0,0,0,0,0,0,0,0,0,0,0,0,0,0,0.6337,0.4718,14,1,0,0.4236,0.4459,15,0,0
10921,364.0,4066,70,25,3387,679,0,0,1705,679.79,0.644,0.620,0.832,0.048,0.794,-0.962,1.834,0.4073,1.9759,0.628,0.002,0.016,0.229,-0.029,112,59,25,0,78,0,103109.55,34785.610,11345.952,46.387,10586.504,45.195,25492.954,10765.790,2297.771,9856.889,7885.512,897.800,183.094,442.734,0.000194,0.034413,2266,0,0,25,25,0,83783,180,24,45.399,0,0,0,0,0,0,0,0,0,0,0,0,0,0,19847,458,2086,22013.328,10921.272,10260.742,0.000,45.399,10854.102,7574.207,25.085,106,75,45,0,30,25622,0,0,0,0.000,0.000,0.000,0.000,0.000,0.000,0.000,0.000,0,0,0,0,0,0,0,0,0,0.000,0.000,0.000,0.000,0.000,0.000,0.000,0.000,0,0,0,0,0,0,0,0,0,0.000,0.000,0.000,0.000,0.000,0.000,0.000,0.000,0,0,0,0,0,0,0,0,0,0.000,0.000,0.000,0.000,0.000,0.000,0.000,0.000,0,0,0,0,0,0,0,0,0,0.000,0.000,0.000,0.000,0.000,0.000,0.000,0.000,0,0,0,0,0,0,0,0,0,0,0,0,0,0,0,0,0,0,10801,3954,3929,15,1,23622,10157,1962,69201,30585,5924,7835,3601,803,60,30,0,16785,6603,1524,3062,1042,344,0,0,0,0,0,0,2055.215,136.513,4701.006,350.367,51,39,0,167,46,292,510,173,44,1481,295,418,416,410,367,251,75,59,101,167,26,0,0,0,0,0,0,0,0,0,0,0,0,586,643,305,76,0,0,0,1,207,90,45,10,0,0,0,1,0,0,0,0,0,0,0,0,0,0,0,0,0,0,0,0,0.6333,0.4570,14,2,0,0.4008,0.4003,16,0,0
10951,365.0,4139,76,25,3444,695,0,0,1728,565.48,0.646,0.622,0.831,0.048,0.794,-0.962,1.832,0.4085,2.0264,0.635,0.002,0.012,0.229,-0.029,90,47,20,0,78,0,108220.81,36213.070,11923.799,54.825,12228.668,39.470,25991.360,11030.616,2289.384,8744.160,6995.328,1177.536,302.380,540.336,0.000239,0.035014,2510,0,0,20,20,0,84826,231,20,54.825,0,0,0,0,0,0,0,0,0,0,0,0,0,0,20392,485,2279,24335.793,11560.401,11803.029,0.000,54.825,11132.488,7807.502,20.388,94,78,38,0,40,19567,0,0,0,0.000,0.000,0.000,0.000,0.000,0.000,0.000,0.000,0,0,0,0,0,0,0,0,0,0.000,0.000,0.000,0.000,0.000,0.000,0.000,0.000,0,0,0,0,0,0,0,0,0,0.000,0.000,0.000,0.000,0.000,0.000,0.000,0.000,0,0,0,0,0,0,0,0,0,0.000,0.000,0.000,0.000,0.000,0.000,0.000,0.000,0,0,0,0,0,0,0,0,0,0.000,0.000,0.000,0.000,0.000,0.000,0.000,0.000,0,0,0,0,0,0,0,0,0,0,0,0,0,0,0,0,0,0,10951,4139,4116,52,0,24496,9982,2119,69943,31470,5501,7782,3549,767,48,30,0,16956,6111,1472,3436,1366,299,0,0,0,0,0,0,2060.372,131.570,4776.120,338.415,59,45,1,169,46,322,531,167,44,1533,273,417,424,421,376,264,59,49,122,170,31,0,0,0,0,0,0,0,0,0,0,0,0,607,657,296,78,0,0,0,0,234,83,48,7,0,0,0,0,0,0,0,0,0,0,0,0,0,0,0,0,0,0,0,0,0.6074,0.4812,14,1,0,0.4321,0.4286,17,0,0
10981,366.0,4255,79,25,3508,747,0,0,1791,612.73,0.656,0.631,0.826,0.050,0.788,-0.962,1.832,0.4097,2.0053,0.611,0.003,0.021,0.228,-0.030,102,44,26,0,74,0,114468.53,37798.952,13389.462,60.721,13502.862,41.502,26946.065,11632.094,2338.986,10449.914,8359.931,1092.296,313.996,587.994,0.000155,0.036528,2870,0,0,26,26,0,86524,320,25,58.905,0,0,0,0,0,0,0,0,0,0,0,0,0,0,21606,547,2550,26946.353,12976.008,12938.456,0.000,58.905,11779.021,8286.084,21.391,116,66,32,0,34,18570,0,0,0,0.000,0.000,0.000,0.000,0.000,0.000,0.000,0.000,0,0,0,0,0,0,0,0,0,0.000,0.000,0.000,0.000,0.000,0.000,0.000,0.000,0,0,0,0,0,0,0,0,0,0.000,0.000,0.000,0.000,0.000,0.000,0.000,0.000,0,0,0,0,0,0,0,0,0,0.000,0.000,0.000,0.000,0.000,0.000,0.000,0.000,0,0,0,0,0,0,0,0,0,0.000,0.000,0.000,0.000,0.000,0.000,0.000,0.000,0,0,0,0,0,0,2,0,0,0,0,0,0,0,0,0,0,0,10951,4139,4116,52,0,24960,10473,1977,71302,32518,5262,8012,3639,743,30,30,0,18017,6805,1568,3589,1245,405,0,0,0,0,0,0,2159.904,122.143,5077.837,381.833,49,42,0,215,47,341,600,200,55,1565,261,438,428,426,390,286,67,55,134,167,38,0,0,0,0,0,0,0,0,0,0,0,0,616,660,316,89,0,0,0,1,230,101,53,10,0,0,0,0,0,0,0,0,0,0,0,0,0,0,0,0,0,0,0,0,0.6121,0.4298,14,2,0,0.4535,0.4456,18,0,0
11011,367.0,4445,91,25,3609,836,0,0,1887,621.32,0.672,0.645,0.821,0.051,0.778,-0.961,1.834,0.4108,2.0475,0.597,0.004,0.013,0.226,-0.029,93,32,15,0,72,0,120095.88,39615.860,14330.329,32.310,14772.291,40.344,28406.375,13036.959,2483.896,12843.308,10274.647,1002.851,191.913,660.492,0.000219,0.035967,3060,0,1,14,15,1,88711,253,14,32.309,0,0,0,0,0,0,0,0,0,0,0,0,0,0,23659,576,2807,29189.145,13775.349,14254.791,0.001,32.309,12883.578,9611.673,22.557,153,64,24,1,39,16947,0,0,0,0.000,0.000,0.000,0.000,0.000,0.000,0.000,0.000,0,0,0,0,0,0,0,0,0,0.000,0.000,0.000,0.000,0.000,0.000,0.000,0.000,0,0,0,0,0,0,0,0,0,0.000,0.000,0.000,0.000,0.000,0.000,0.000,0.000,0,0,0,0,0,0,0,0,0,0.000,0.000,0.000,0.000,0.000,0.000,0.000,0.000,0,0,0,0,0,0,0,0,0,0.000,0.000,0.000,0.000,0.000,0.000,0.000,0.000,0,0,0,0,0,0,0,0,0,0,0,0,0,0,0,0,0,0,10951,4139,4116,52,0,25623,10909,2237,72961,32584,5866,8209,3663,714,30,30,0,19717,7782,1509,3942,1601,287,0,0,0,0,0,0,2187.157,133.304,6014.489,346.172,51,51,0,230,66,359,643,226,56,1591,307,433,429,444,405,312,58,65,137,211,53,0,0,0,0,0,0,0,0,0,0,0,0,629,680,309,92,0,0,0,1,265,129,62,10,0,0,0,0,0,0,0,0,0,0,0,0,0,0,0,0,0,0,0,0,0.6341,0.4571,15,3,0,0.4545,0.4238,19,0,0
11041,368.0,4663,84,25,3736,927,0,0,2010,605.49,0.689,0.658,0.814,0.052,0.768,-0.961,1.838,0.4094,2.0307,0.604,0.003,0.017,0.224,-0.029,107,25,16,0,66,0,127355.04,42214.255,16794.779,37.446,17351.267,40.198,30339.309,14317.250,2644.923,13262.161,10609.729,743.905,326.844,762.660,0.000194,0.035949,3547,0,1,15,16,1,91501,159,14,35.396,0,0,0,0,0,0,0,0,0,0,0,0,0,0,26342,677,3388,34635.932,16218.783,17016.552,0.017,35.396,14337.446,10767.383,34.086,146,56,18,1,37,15189,0,0,0,0.000,0.000,0.000,0.000,0.000,0.000,0.000,0.000,0,0,0,0,0,0,0,0,0,0.000,0.000,0.000,0.000,0.000,0.000,0.000,0.000,0,0,0,0,0,0,0,0,0,0.000,0.000,0.000,0.000,0.000,0.000,0.000,0.000,0,0,0,0,0,0,0,0,0,0.000,0.000,0.000,0.000,0.000,0.000,0.000,0.000,0,0,0,0,0,0,0,0,0,0.000,0.000,0.000,0.000,0.000,0.000,0.000,0.000,0,0,0,0,0,0,1,0,0,0,0,0,0,0,0,0,0,0,10951,4139,4116,52,0,26544,11538,1996,75028,33499,6159,8512,3846,890,59,59,0,22029,8684,1769,4313,1678,333,0,0,0,0,0,0,2273.648,139.110,6635.245,419.954,60,38,0,266,67,406,746,276,61,1660,302,454,430,480,410,369,63,65,163,214,53,0,0,0,0,0,0,0,0,0,0,0,0,645,704,321,104,0,0,0,0,274,139,73,9,0,0,0,0,0,0,0,0,0,0,0,0,0,0,0,0,0,0,0,0,0.5962,0.4710,15,2,0,0.4480,0.4350,19,0,0
11071,369.0,4885,77,25,3872,1013,0,0,2153,583.72,0.702,0.668,0.810,0.053,0.762,-0.959,1.838,0.4079,2.0979,0.582,0.003,0.019,0.222,-0.028,91,30,19,0,96,0,134890.16,45355.208,18663.003,23.487,19030.773,36.906,32361.164,15613.072,2839.365,14908.585,11926.868,1453.924,385.018,872.325,0.000178,0.037177,3973,0,2,17,19,2,94683,265,14,17.853,0,0,0,0,0,0,0,0,0,0,0,0,0,0,28989,753,3708,38080.762,18070.697,18496.383,0.001,17.853,15798.986,11935.824,29.023,164,79,25,2,52,19957,0,0,0,0.000,0.000,0.000,0.000,0.000,0.000,0.000,0.000,0,0,0,0,0,0,0,0,0,0.000,0.000,0.000,0.000,0.000,0.000,0.000,0.000,0,0,0,0,0,0,0,0,0,0.000,0.000,0.000,0.000,0.000,0.000,0.000,0.000,0,0,0,0,0,0,0,0,0,0.000,0.000,0.000,0.000,0.000,0.000,0.000,0.000,0,0,0,0,0,0,0,0,0,0.000,0.000,0.000,0.000,0.000,0.000,0.000,0.000,0,0,0,0,0,0,1,0,0,0,0,0,0,0,0,0,0,0,10951,4139,4116,52,0,27510,12086,2086,77925,34205,5909,8709,4030,829,60,60,0,24134,9821,2126,4855,2016,576,0,0,0,0,0,0,2353.758,139.195,7508.625,562.565,66,57,0,307,85,434,833,299,93,1720,286,495,462,501,408,423,109,55,161,217,48,0,0,0,0,0,0,0,0,0,0,0,0,676,729,350,110,0,0,0,1,258,145,63,14,0,0,0,1,0,0,0,0,0,0,0,0,0,0,0,0,0,0,0,0,0.5955,0.4773,15,2,0,0.4431,0.4059,19,0,0
11101,370.0,5131,67,24,3996,1135,0,0,2352,535.40,0.722,0.686,0.802,0.054,0.749,-0.959,1.837,0.4124,2.1023,0.575,0.005,0.015,0.220,-0.028,88,33,19,0,88,0,141707.30,47819.819,20054.804,28.363,21798.454,33.603,34645.609,17013.441,3094.497,16326.445,13061.156,1611.485,448.807,1006.713,0.000325,0.039382,4543,0,3,16,19,3,97970,370,12,22.374,0,0,0,0,0,0,0,0,0,0,0,0,0,0,32071,821,4173,42332.563,19485.986,21078.450,0.024,22.374,17509.451,13180.500,36.934,200,80,25,3,52,17303,0,0,0,0.000,0.000,0.000,0.000,0.000,0.000,0.000,0.000,0,0,0,0,0,0,0,0,0,0.000,0.000,0.000,0.000,0.000,0.000,0.000,0.000,0,0,0,0,0,0,0,0,0,0.000,0.000,0.000,0.000,0.000,0.000,0.000,0.000,0,0,0,0,0,0,0,0,0,0.000,0.000,0.000,0.000,0.000,0.000,0.000,0.000,0,0,0,0,0,0,0,0,0,0.000,0.000,0.000,0.000,0.000,0.000,0.000,0.000,0,0,0,0,0,0,2,0,0,0,0,0,0,0,0,0,0,0,11101,5131,5098,16,0,28401,12395,2230,80614,35463,5835,9040,4362,735,69,60,0,26575,10295,2636,5496,2181,597,0,0,0,0,0,0,2458.334,138.682,8072.680,668.894,55,71,0,277,95,506,888,282,96,1768,304,533,495,502,394,432,112,91,168,277,55,0,0,0,0,0,0,0,0,0,0,0,0,687,743,382,112,0,0,0,0,309,166,93,23,0,0,0,0,0,0,0,0,0,0,0,0,0,0,0,0,0,0,0,0,0.6096,0.4637,17,2,0,0.4385,0.4234,19,0,0
11131,371.0,5348,68,24,4107,1241,0,0,2584,505.36,0.737,0.698,0.796,0.054,0.740,-0.959,1.840,0.4118,2.1424,0.559,0.004,0.014,0.218,-0.027,89,51,15,0,87,0,148922.39,50386.317,21668.174,14.072,24900.420,35.809,37083.340,18714.136,3418.170,15914.658,12731.726,928.631,353.228,1173.040,0.000368,0.042428,5273,0,2,13,15,2,100502,354,12,11.005,0,0,0,0,0,0,0,0,0,0,0,0,0,0,35519,886,4919,47288.383,21072.598,24261.097,0.016,11.005,19425.276,14727.675,25.799,197,93,42,2,49,16467,0,0,0,0.000,0.000,0.000,0.000,0.000,0.000,0.000,0.000,0,0,0,0,0,0,0,0,0,0.000,0.000,0.000,0.000,0.000,0.000,0.000,0.000,0,0,0,0,0,0,0,0,0,0.000,0.000,0.000,0.000,0.000,0.000,0.000,0.000,0,0,0,0,0,0,0,0,0,0.000,0.000,0.000,0.000,0.000,0.000,0.000,0.000,0,0,0,0,0,0,0,0,0,0.000,0.000,0.000,0.000,0.000,0.000,0.000,0.000,0,0,0,0,0,0,2,0,0,0,0,0,0,0,0,0,0,0,11101,5131,5098,16,0,29119,12900,2145,83119,36520,6502,9326,4513,760,109,79,0,29388,11271,2791,6131,2373,618,0,0,0,0,0,0,2571.801,150.997,8920.294,708.631,52,73,1,302,104,552,957,294,97,1838,324,527,520,515,383,471,120,104,200,288,58,0,0,0,0,0,0,0,0,0,0,0,0,698,757,376,113,0,0,0,1,332,181,118,18,0,0,0,1,0,0,0,0,0,0,0,0,0,0,0,0,0,0,0,0,0.5965,0.4295,17,1,0,0.4495,0.4313,19,0,0
11161,372.0,5593,65,24,4227,1366,0,0,2812,506.64,0.754,0.712,0.789,0.056,0.730,-0.958,1.841,0.4140,2.1118,0.552,0.003,0.016,0.216,-0.027,81,40,21,0,120,0,155635.42,53573.123,24013.100,45.194,26270.193,30.856,39496.032,20840.668,3767.658,18186.028,14548.823,1597.523,353.733,1225.565,0.000302,0.041851,6010,0,2,19,21,2,102838,454,18,44.613,0,0,0,0,0,0,0,0,0,0,0,0,0,0,39086,972,5556,51019.571,23180.106,25684.156,0.018,44.613,21451.955,16754.650,24.219,221,97,29,2,66,19133,0,0,0,0.000,0.000,0.000,0.000,0.000,0.000,0.000,0.000,0,0,0,0,0,0,0,0,0,0.000,0.000,0.000,0.000,0.000,0.000,0.000,0.000,0,0,0,0,0,0,0,0,0,0.000,0.000,0.000,0.000,0.000,0.000,0.000,0.000,0,0,0,0,0,0,0,0,0,0.000,0.000,0.000,0.000,0.000,0.000,0.000,0.000,0,0,0,0,0,0,0,0,0,0.000,0.000,0.000,0.000,0.000,0.000,0.000,0.000,0,0,0,0,0,0,1,0,0,0,0,0,0,0,0,0,0,0,11101,5131,5098,16,0,29721,13477,2521,85171,37875,7092,9611,4606,877,132,120,0,32572,13071,3022,6514,2825,540,0,0,0,0,0,0,2676.028,165.329,10597.323,714.572,58,65,0,344,90,640,1077,358,89,1907,348,533,522,536,381,564,107,114,233,293,55,0,0,0,0,0,0,0,0,0,0,0,0,734,748,384,105,0,0,0,1,373,191,115,16,0,0,0,0,0,0,0,0,0,0,0,0,0,0,0,0,0,0,0,0,0.6330,0.4756,16,3,0,0.4687,0.4457,20,0,0
11191,373.0,5842,64,24,4337,1505,0,0,3063,430.77,0.774,0.726,0.783,0.057,0.719,-0.958,1.841,0.4144,2.1108,0.545,0.003,0.013,0.214,-0.026,81,34,23,0,128,0,162657.34,56920.597,26400.487,34.700,28924.275,31.608,42368.308,22769.946,4154.267,19271.022,15416.818,1420.291,441.594,1325.250,0.000323,0.042129,6542,0,4,19,23,4,106199,431,18,33.817,0,0,0,0,0,0,0,0,0,0,0,0,0,0,43200,1071,6111,56162.543,25569.247,28267.730,0.022,33.817,23805.658,18533.523,35.693,250,113,29,4,80,24432,0,0,0,0.000,0.000,0.000,0.000,0.000,0.000,0.000,0.000,0,0,0,0,0,0,0,0,0,0.000,0.000,0.000,0.000,0.000,0.000,0.000,0.000,0,0,0,0,0,0,0,0,0,0.000,0.000,0.000,0.000,0.000,0.000,0.000,0.000,0,0,0,0,0,0,0,0,0,0.000,0.000,0.000,0.000,0.000,0.000,0.000,0.000,0,0,0,0,0,0,0,0,0,0.000,0.000,0.000,0.000,0.000,0.000,0.000,0.000,0,0,0,0,0,0,2,0,0,0,0,0,0,0,0,0,0,0,11101,5131,5098,16,0,30290,14097,2449,87978,38889,7445,10009,4626,1016,120,76,44,35944,14632,3009,7256,3128,813,0,0,0,0,0,0,2775.241,169.124,11678.999,782.709,59,70,0,410,118,640,1169,428,109,1938,382,540,542,543,392,647,138,117,209,331,63,0,0,0,0,0,0,0,0,0,0,0,0,774,750,388,105,0,0,0,0,404,198,101,17,0,0,0,0,0,0,0,0,0,0,0,0,0,0,0,0,0,0,0,0,0.6282,0.5002,16,2,0,0.4612,0.4435,20,0,0
11221,374.0,5998,62,24,4440,1558,0,0,3285,439.86,0.778,0.729,0.782,0.058,0.717,-0.959,1.845,0.4142,2.1527,0.537,0.009,0.047,0.214,-0.026,77,43,20,2,147,0,170604.06,60617.586,27707.329,31.584,31148.427,29.225,44808.080,24346.089,4552.835,15419.247,12335.398,1611.351,618.924,1388.654,0.000283,0.042970,7191,0,3,17,20,3,108859,315,16,31.086,0,0,0,0,0,0,0,0,0,0,0,0,0,0,46626,1137,6876,59778.848,26923.332,30385.839,0.039,31.086,25755.409,19988.438,55.680,182,130,41,3,86,23414,0,0,0,0.000,0.000,0.000,0.000,0.000,0.000,0.000,0.000,0,0,0,0,0,0,0,0,0,0.000,0.000,0.000,0.000,0.000,0.000,0.000,0.000,0,0,0,0,0,0,0,0,0,0.000,0.000,0.000,0.000,0.000,0.000,0.000,0.000,0,0,0,0,0,0,0,0,0,0.000,0.000,0.000,0.000,0.000,0.000,0.000,0.000,0,0,0,0,0,0,0,0,0,0.000,0.000,0.000,0.000,0.000,0.000,0.000,0.000,0,0,0,0,0,0,1,0,0,0,0,0,0,0,0,0,0,0,11101,5131,5098,16,0,31288,14122,2636,90078,40095,7960,10389,4731,1070,120,40,41,38975,15955,3433,7651,3101,1051,0,0,0,0,0,0,2827.857,186.102,12652.690,913.444,67,111,1,457,126,650,1235,465,119,2000,384,551,558,548,399,661,118,119,249,340,71,0,0,0,0,0,0,0,0,0,0,0,0,815,739,394,108,0,0,0,0,421,217,111,29,0,0,0,1,0,0,0,0,0,0,0,0,0,0,0,0,0,0,0,0,0.5977,0.4431,15,2,0,0.4461,0.4464,20,0,0
11251,375.0,5996,66,24,4459,1537,0,0,3497,465.74,0.775,0.726,0.784,0.058,0.720,-0.959,1.846,0.4146,2.1456,0.541,0.024,0.103,0.214,-0.026,75,41,33,1,189,0,181247.66,64935.750,29684.793,43.041,32680.676,32.480,45071.580,24864.178,4931.112,11311.139,9048.912,2606.911,2805.990,1478.006,0.000249,0.044504,7363,0,8,25,33,8,110167,296,23,41.271,0,0,0,0,0,0,0,0,0,0,0,0,0,0,46492,1214,7067,63579.393,28901.346,32040.531,0.054,41.271,25771.886,20425.053,55.389,138,159,35,8,116,34418,0,0,0,0.000,0.000,0.000,0.000,0.000,0.000,0.000,0.000,0,0,0,0,0,0,0,0,0,0.000,0.000,0.000,0.000,0.000,0.000,0.000,0.000,0,0,0,0,0,0,0,0,0,0.000,0.000,0.000,0.000,0.000,0.000,0.000,0.000,0,0,0,0,0,0,0,0,0,0.000,0.000,0.000,0.000,0.000,0.000,0.000,0.000,0,0,0,0,0,0,0,0,0,0.000,0.000,0.000,0.000,0.000,0.000,0.000,0.000,0,0,0,0,0,0,0,0,0,0,0,0,0,0,0,0,0,0,11251,5996,5948,8,0,31664,14291,2850,91015,41438,7526,10656,4752,996,120,60,30,39059,16768,3326,7433,3091,762,0,0,0,0,0,0,2890.596,183.889,13175.535,841.093,57,83,0,450,149,708,1303,466,140,2039,384,554,549,544,389,646,146,107,227,336,75,0,0,0,0,0,0,0,0,0,0,0,0,803,718,409,105,0,0,0,1,426,201,97,21,0,0,0,0,0,0,0,0,0,0,0,0,0,0,0,0,0,0,0,0,0.5977,0.4943,15,2,0,0.4415,0.4487,20,0,0
11281,376.0,5999,56,24,4456,1543,0,0,3712,486.75,0.776,0.727,0.783,0.059,0.720,-0.958,1.849,0.4146,2.1465,0.535,0.039,0.175,0.214,-0.026,70,33,25,1,163,0,195237.98,67773.050,33164.546,49.259,33584.047,31.695,45072.122,24849.780,5309.704,9855.878,7884.703,2239.939,6047.978,1505.821,0.000403,0.047404,7212,0,1,24,25,1,110333,337,23,48.376,0,0,0,0,0,0,0,0,0,0,0,0,0,0,46223,1358,6875,67906.927,32204.991,32851.367,0.000,48.376,25697.792,20372.872,58.274,125,121,24,1,96,28121,0,0,0,0.000,0.000,0.000,0.000,0.000,0.000,0.000,0.000,0,0,0,0,0,0,0,0,0,0.000,0.000,0.000,0.000,0.000,0.000,0.000,0.000,0,0,0,0,0,0,0,0,0,0.000,0.000,0.000,0.000,0.000,0.000,0.000,0.000,0,0,0,0,0,0,0,0,0,0.000,0.000,0.000,0.000,0.000,0.000,0.000,0.000,0,0,0,0,0,0,0,0,0,0.000,0.000,0.000,0.000,0.000,0.000,0.000,0.000,0,0,0,0,0,0,2,0,0,0,0,0,0,0,0,0,0,0,11251,5996,5948,8,0,31581,14253,3084,91308,42500,7117,10730,4613,858,120,76,14,38873,16947,3366,7350,3024,532,0,0,0,0,0,0,2928.159,178.625,13219.851,824.011,69,115,0,487,157,814,1468,497,147,2036,369,548,551,563,389,635,145,109,246,345,63,0,0,0,0,0,0,0,0,0,0,0,0,811,718,425,96,0,0,0,1,429,208,96,30,0,0,0,0,0,0,0,0,0,0,0,0,0,0,0,0,0,0,0,0,0.5939,0.4427,14,1,0,0.4540,0.4136,20,0,0
11311,377.0,6000,73,24,4454,1546,0,0,3910,460.18,0.777,0.726,0.783,0.058,0.719,-0.959,1.850,0.4123,2.1428,0.546,0.062,0.255,0.214,-0.026,75,25,34,0,141,0,208955.38,71516.691,33794.970,83.512,36774.786,25.855,45172.836,24606.840,5679.040,8896.240,7116.992,2861.781,9931.360,1646.685,0.000310,0.050368,7496,0,4,30,34,4,110572,351,27,75.254,0,0,0,0,0,0,0,0,0,0,0,0,0,0,46320,1369,7145,71506.901,32564.022,35975.130,0.015,75.254,25777.092,20148.039,62.328,113,110,21,4,85,23082,0,0,0,0.000,0.000,0.000,0.000,0.000,0.000,0.000,0.000,0,0,0,0,0,0,0,0,0,0.000,0.000,0.000,0.000,0.000,0.000,0.000,0.000,0,0,0,0,0,0,0,0,0,0.000,0.000,0.000,0.000,0.000,0.000,0.000,0.000,0,0,0,0,0,0,0,0,0,0.000,0.000,0.000,0.000,0.000,0.000,0.000,0.000,0,0,0,0,0,0,0,0,0,0.000,0.000,0.000,0.000,0.000,0.000,0.000,0.000,0,0,0,0,0,0,0,0,0,0,0,0,0,0,0,0,0,0,11251,5996,5948,8,0,31353,14109,3116,91277,42472,6740,10909,4516,899,120,49,33,39080,16365,3707,7240,2729,727,0,0,0,0,0,0,2914.927,175.579,12746.103,920.427,70,115,0,486,156,886,1511,500,153,2036,338,574,560,569,377,626,137,114,224,372,73,0,0,0,0,0,0,0,0,0,0,0,0,818,710,464,86,0,0,0,2,433,214,115,21,0,0,0,0,0,0,0,0,0,0,0,0,0,0,0,0,0,0,0,0,0.5441,0.4725,15,1,0,0.4412,0.4063,20,0,0
11341,378.0,6000,64,24,4465,1535,0,0,4072,429.80,0.774,0.725,0.784,0.058,0.721,-0.959,1.851,0.4153,2.1855,0.542,0.073,0.321,0.215,-0.026,71,16,25,0,126,0,224171.75,74804.877,37493.440,38.440,39406.693,30.360,45214.886,24636.097,5980.015,7276.254,5821.003,2944.147,15147.007,1742.972,0.000302,0.050465,7304,0,6,19,25,6,110666,363,18,38.051,0,0,0,0,0,0,0,0,0,0,0,0,0,0,46165,1533,6941,78177.049,36467.892,38489.146,0.021,38.051,25728.828,20183.962,48.732,92,104,16,6,82,23200,0,0,0,0.000,0.000,0.000,0.000,0.000,0.000,0.000,0.000,0,0,0,0,0,0,0,0,0,0.000,0.000,0.000,0.000,0.000,0.000,0.000,0.000,0,0,0,0,0,0,0,0,0,0.000,0.000,0.000,0.000,0.000,0.000,0.000,0.000,0,0,0,0,0,0,0,0,0,0.000,0.000,0.000,0.000,0.000,0.000,0.000,0.000,0,0,0,0,0,0,0,0,0,0.000,0.000,0.000,0.000,0.000,0.000,0.000,0.000,0,0,0,0,0,0,1,0,0,0,0,0,0,0,0,0,0,0,11251,5996,5948,8,0,31115,14181,2728,91529,42334,6870,11041,4539,860,120,13,29,39073,16268,3277,7092,2707,565,0,0,0,0,0,0,2912.761,172.713,12750.291,799.546,70,83,0,581,181,890,1661,596,157,2049,353,570,567,561,365,648,131,121,242,324,69,0,0,0,0,0,0,0,0,0,0,0,0,807,700,473,83,0,0,0,0,422,199,106,29,0,0,0,0,0,0,0,0,0,0,0,0,0,0,0,0,0,0,0,0,0.5382,0.4504,15,1,0,0.4494,0.4336,20,0,0
11371,379.0,6000,76,24,4468,1532,0,0,4198,498.24,0.774,0.724,0.784,0.059,0.722,-0.959,1.851,0.4133,2.1658,0.543,0.094,0.386,0.215,-0.026,86,7,24,0,131,0,236963.27,77172.156,38751.855,54.073,41607.255,31.691,45238.790,24494.407,6277.879,6923.462,5538.770,4489.961,19428.345,1872.499,0.000351,0.047635,7448,0,5,19,24,5,110172,445,17,52.406,0,0,0,0,0,0,0,0,0,0,0,0,0,0,45996,1582,7003,81453.850,37673.213,40443.937,0.027,52.406,25635.466,20038.103,33.057,84,87,6,5,76,19678,0,0,0,0.000,0.000,0.000,0.000,0.000,0.000,0.000,0.000,0,0,0,0,0,0,0,0,0,0.000,0.000,0.000,0.000,0.000,0.000,0.000,0.000,0,0,0,0,0,0,0,0,0,0.000,0.000,0.000,0.000,0.000,0.000,0.000,0.000,0,0,0,0,0,0,0,0,0,0.000,0.000,0.000,0.000,0.000,0.000,0.000,0.000,0,0,0,0,0,0,0,0,0,0.000,0.000,0.000,0.000,0.000,0.000,0.000,0.000,0,0,0,0,0,0,0,0,0,0,0,0,0,0,0,0,0,0,11251,5996,5948,8,0,31022,14318,2409,91812,42763,7034,11032,4388,1023,120,0,30,39023,16469,3611,6973,2546,781,0,0,0,0,0,0,2936.645,174.411,12776.805,924.962,80,112,0,570,190,967,1715,587,160,2055,350,577,560,567,359,679,135,93,238,319,68,0,0,0,0,0,0,0,0,0,0,0,0,812,698,466,86,0,0,0,1,392,198,105,23,0,0,0,0,0,0,0,0,0,0,0,0,0,0,0,0,0,0,0,0,0.5373,0.4525,15,0,0,0.4640,0.4777,20,0,0
11401,380.0,6000,82,25,4461,1539,0,0,4277,548.67,0.776,0.726,0.783,0.059,0.721,-0.959,1.854,0.4150,2.1747,0.542,0.108,0.459,0.215,-0.026,96,8,23,0,121,0,250418.09,80161.181,40458.096,56.748,43328.291,33.713,45378.968,24953.916,6463.153,6277.638,5022.110,3499.842,23801.756,1868.034,0.000414,0.042776,7299,0,2,21,23,2,110426,326,18,50.050,0,0,0,0,0,0,0,0,0,0,0,0,0,0,46075,1644,6973,85307.546,39142.046,42717.741,0.027,50.050,25699.353,20505.111,30.869,71,65,6,2,57,21621,0,0,0,0.000,0.000,0.000,0.000,0.000,0.000,0.000,0.000,0,0,0,0,0,0,0,0,0,0.000,0.000,0.000,0.000,0.000,0.000,0.000,0.000,0,0,0,0,0,0,0,0,0,0.000,0.000,0.000,0.000,0.000,0.000,0.000,0.000,0,0,0,0,0,0,0,0,0,0.000,0.000,0.000,0.000,0.000,0.000,0.000,0.000,0,0,0,0,0,0,0,0,0,0.000,0.000,0.000,0.000,0.000,0.000,0.000,0.000,0,0,0,0,0,0,1,0,0,0,0,0,0,0,0,0,0,0,11401,6000,5968,125,1,30775,14132,2763,91972,42797,7011,11024,4367,1015,120,0,30,39138,16936,3125,6937,2759,624,0,0,0,0,0,0,2946.521,177.357,13263.883,803.298,58,102,0,591,187,1031,1803,583,168,2052,351,561,569,570,358,669,115,102,241,352,60,0,0,0,0,0,0,0,0,0,0,0,0,816,699,449,94,0,0,0,0,396,201,123,35,0,0,0,0,0,0,0,0,0,0,0,0,0,0,0,0,0,0,0,0,0.5231,0.4564,16,0,0,0.4431,0.4816,20,0,0
11431,381.0,5999,94,25,4464,1535,0,0,4401,596.52,0.775,0.725,0.783,0.060,0.721,-0.959,1.853,0.4146,2.2007,0.539,0.135,0.498,0.215,-0.026,81,7,23,1,99,0,262875.16,82733.575,40503.325,31.801,43267.480,37.203,45558.882,24944.330,6678.191,5429.454,4343.563,3877.974,26704.087,1962.288,0.000422,0.038738,7026,0,7,16,23,7,110994,359,11,21.487,0,0,0,0,0,0,0,0,0,0,0,0,0,0,46207,1647,6667,85217.964,39275.616,42534.704,0.016,21.487,25814.914,20471.946,36.928,64,68,5,7,56,17688,0,0,0,0.000,0.000,0.000,0.000,0.000,0.000,0.000,0.000,0,0,0,0,0,0,0,0,0,0.000,0.000,0.000,0.000,0.000,0.000,0.000,0.000,0,0,0,0,0,0,0,0,0,0.000,0.000,0.000,0.000,0.000,0.000,0.000,0.000,0,0,0,0,0,0,0,0,0,0.000,0.000,0.000,0.000,0.000,0.000,0.000,0.000,0,0,0,0,0,0,0,0,0,0.000,0.000,0.000,0.000,0.000,0.000,0.000,0.000,0,0,0,0,0,0,0,0,0,0,0,0,0,0,0,0,0,0,11401,6000,5968,125,1,30606,14097,2643,91976,42915,7081,11054,4612,1114,120,0,30,39151,16835,3176,7056,3271,574,0,0,0,0,0,0,2988.949,174.551,13376.264,817.475,57,103,0,629,180,995,1792,641,160,2065,364,534,572,565,364,672,134,102,212,358,57,0,0,0,0,0,0,0,0,0,0,0,0,818,695,423,98,0,0,0,1,392,199,97,41,0,0,0,0,0,0,0,0,0,0,0,0,0,0,0,0,0,0,0,0,0.5119,0.4644,16,0,0,0.4469,0.4499,20,0,0
11461,382.0,5999,75,25,4445,1554,0,0,4344,623.31,0.780,0.728,0.781,0.060,0.718,-0.959,1.854,0.4141,2.1759,0.545,0.152,0.537,0.214,-0.026,75,4,18,2,99,0,274513.44,85031.513,46109.395,35.500,48304.973,35.165,45783.151,25130.104,6781.559,5224.402,4179.522,3639.337,35034.606,2124.480,0.000417,0.036217,7062,0,4,14,18,4,111137,302,11,27.562,0,0,0,0,0,0,0,0,0,0,0,0,0,0,46469,1874,6760,96156.162,44720.187,47588.245,0.046,27.562,26004.412,20616.032,42.812,63,44,3,4,37,11957,0,0,0,0.000,0.000,0.000,0.000,0.000,0.000,0.000,0.000,0,0,0,0,0,0,0,0,0,0.000,0.000,0.000,0.000,0.000,0.000,0.000,0.000,0,0,0,0,0,0,0,0,0,0.000,0.000,0.000,0.000,0.000,0.000,0.000,0.000,0,0,0,0,0,0,0,0,0,0.000,0.000,0.000,0.000,0.000,0.000,0.000,0.000,0,0,0,0,0,0,0,0,0,0.000,0.000,0.000,0.000,0.000,0.000,0.000,0.000,0,0,0,0,0,0,0,0,0,0,0,0,0,0,0,0,0,0,11401,6000,5968,125,1,30292,14157,2558,91922,43238,7225,11159,5010,991,120,0,24,39436,16785,3382,7033,3146,660,0,0,0,0,0,0,3053.275,170.503,13404.577,848.890,68,125,0,666,192,1172,2049,687,178,2091,385,504,561,555,349,658,152,100,233,366,45,0,0,0,0,0,0,0,0,0,0,0,0,797,674,402,95,0,0,0,1,415,185,113,31,0,0,0,0,0,0,0,0,0,0,0,0,0,0,0,0,0,0,0,0,0.5511,0.4836,16,0,0,0.4619,0.4588,20,0,0
11491,383.0,6000,92,25,4435,1565,0,0,4258,644.34,0.781,0.730,0.780,0.060,0.717,-0.959,1.854,0.4157,2.1592,0.544,0.172,0.576,0.214,-0.026,63,9,18,0,93,0,285269.53,86891.258,46371.546,44.234,49435.244,32.402,46000.454,25275.091,6715.698,5304.138,4243.310,4272.835,37066.335,2159.700,0.000356,0.036976,7189,0,2,16,18,2,110156,289,15,40.960,0,0,0,0,0,0,0,0,0,0,0,0,0,0,46820,1881,6900,97705.982,44937.243,48754.286,0.005,40.960,26182.894,20717.167,53.123,66,57,8,2,47,20072,0,0,0,0.000,0.000,0.000,0.000,0.000,0.000,0.000,0.000,0,0,0,0,0,0,0,0,0,0.000,0.000,0.000,0.000,0.000,0.000,0.000,0.000,0,0,0,0,0,0,0,0,0,0.000,0.000,0.000,0.000,0.000,0.000,0.000,0.000,0,0,0,0,0,0,0,0,0,0.000,0.000,0.000,0.000,0.000,0.000,0.000,0.000,0,0,0,0,0,0,0,0,0,0.000,0.000,0.000,0.000,0.000,0.000,0.000,0.000,0,0,0,0,0,0,2,0,0,0,0,0,0,0,0,0,0,0,11401,6000,5968,125,1,29941,14314,2645,91942,44111,7383,11146,5321,1062,120,0,0,39764,16843,3815,7056,3444,591,0,0,0,0,0,0,3142.320,171.778,13559.875,928.693,64,105,1,695,204,1182,2064,700,192,2153,357,508,546,525,346,691,139,102,215,357,61,0,0,0,0,0,0,0,0,0,0,0,0,771,669,391,94,0,0,0,0,414,200,95,26,0,0,0,0,0,0,0,0,0,0,0,0,0,0,0,0,0,0,0,0,0.5578,0.4645,16,0,0,0.4721,0.4762,19,0,0
11521,384.0,5997,97,25,4421,1576,0,0,4222,617.96,0.784,0.732,0.779,0.060,0.715,-0.960,1.854,0.4169,2.1776,0.553,0.176,0.600,0.214,-0.026,66,5,27,0,97,0,291914.84,88451.910,47670.213,69.952,52046.602,37.583,46242.312,25867.789,6649.168,5515.165,4412.132,5753.120,41545.630,2385.712,0.000412,0.037111,7180,0,8,19,27,8,109630,295,17,65.998,0,0,0,0,0,0,0,0,0,0,0,0,0,0,47134,1941,6885,101816.555,46378.719,51261.662,0.058,65.998,26361.597,21289.307,57.113,70,58,3,8,47,19287,0,0,0,0.000,0.000,0.000,0.000,0.000,0.000,0.000,0.000,0,0,0,0,0,0,0,0,0,0.000,0.000,0.000,0.000,0.000,0.000,0.000,0.000,0,0,0,0,0,0,0,0,0,0.000,0.000,0.000,0.000,0.000,0.000,0.000,0.000,0,0,0,0,0,0,0,0,0,0.000,0.000,0.000,0.000,0.000,0.000,0.000,0.000,0,0,0,0,0,0,0,0,0,0.000,0.000,0.000,0.000,0.000,0.000,0.000,0.000,0,0,0,0,0,0,0,0,0,1,0,0,0,0,0,0,0,0,11401,6000,5968,125,1,29761,14251,2732,91942,44416,7396,11016,5636,1084,120,0,5,40008,17950,3534,7126,3319,642,0,0,0,0,0,0,3163.223,181.703,14279.706,881.040,82,117,0,721,226,1173,2115,737,216,2139,380,510,521,519,352,727,133,90,212,353,61,0,0,0,0,0,0,0,0,0,0,0,0,776,656,376,92,0,0,0,2,399,192,108,17,0,0,0,0,0,0,0,0,0,0,0,0,0,0,0,0,0,0,0,0,0.5619,0.4852,16,1,0,0.4701,0.4737,19,0,0
11551,385.0,5999,98,26,4410,1589,0,0,4163,636.05,0.787,0.734,0.780,0.061,0.714,-0.959,1.854,0.4161,2.1895,0.549,0.206,0.623,0.213,-0.026,81,5,23,0,86,0,301700.69,90743.088,48889.552,63.289,51715.254,35.651,46557.759,25944.546,6562.167,4943.368,3954.694,4301.723,43222.738,2332.473,0.000419,0.035086,7137,0,4,19,23,4,109647,332,14,50.644,0,0,0,0,0,0,0,0,0,0,0,0,0,0,47561,1995,6805,102718.013,47657.000,50886.797,0.026,50.644,26623.135,21374.473,60.460,63,50,4,4,42,14812,0,0,0,0.000,0.000,0.000,0.000,0.000,0.000,0.000,0.000,0,0,0,0,0,0,0,0,0,0.000,0.000,0.000,0.000,0.000,0.000,0.000,0.000,0,0,0,0,0,0,0,0,0,0.000,0.000,0.000,0.000,0.000,0.000,0.000,0.000,0,0,0,0,0,0,0,0,0,0.000,0.000,0.000,0.000,0.000,0.000,0.000,0.000,0,0,0,0,0,0,0,0,0,0.000,0.000,0.000,0.000,0.000,0.000,0.000,0.000,0,0,0,0,0,0,0,0,0,0,0,0,0,0,0,0,0,0,11551,5999,5954,17,1,29515,14429,2727,91789,43860,7800,10992,5855,986,120,16,44,40322,17954,3393,7239,3280,535,0,0,0,0,0,0,3150.271,179.501,14207.867,840.387,76,130,0,728,234,1187,2148,735,213,2143,378,502,511,524,352,675,146,112,245,356,55,0,0,0,0,0,0,0,0,0,0,0,0,771,665,366,87,0,0,0,0,404,215,121,28,0,0,0,0,0,0,0,0,0,0,0,0,0,0,0,0,0,0,0,0,0.5747,0.4785,16,0,0,0.4863,0.4645,21,0,0
11581,386.0,5999,86,26,4394,1605,0,0,4095,730.34,0.790,0.737,0.779,0.061,0.711,-0.959,1.854,0.4143,2.1880,0.540,0.215,0.650,0.213,-0.026,73,5,25,0,79,0,307752.72,92139.230,50997.790,49.360,57109.143,40.165,46826.839,26028.454,6511.728,4556.554,3645.243,4378.551,49846.217,2631.242,0.000389,0.036609,7265,0,7,18,25,7,109562,341,16,46.582,0,0,0,0,0,0,0,0,0,0,0,0,0,0,47884,2069,6924,110091.060,49478.702,56031.620,0.078,46.582,26848.392,21466.858,70.443,54,38,2,7,29,11533,0,0,0,0.000,0.000,0.000,0.000,0.000,0.000,0.000,0.000,0,0,0,0,0,0,0,0,0,0.000,0.000,0.000,0.000,0.000,0.000,0.000,0.000,0,0,0,0,0,0,0,0,0,0.000,0.000,0.000,0.000,0.000,0.000,0.000,0.000,0,0,0,0,0,0,0,0,0,0.000,0.000,0.000,0.000,0.000,0.000,0.000,0.000,0,0,0,0,0,0,0,0,0,0.000,0.000,0.000,0.000,0.000,0.000,0.000,0.000,0,0,0,0,0,0,0,0,0,0,0,0,0,0,0,0,0,0,11551,5999,5954,17,1,29329,14835,2281,91646,43760,7848,11000,5744,938,120,39,21,40526,17861,3693,7358,3231,602,0,0,0,0,0,0,3154.567,172.279,14176.131,890.341,86,108,0,773,227,1236,2248,792,227,2122,377,521,510,523,341,733,125,126,222,324,75,0,0,0,0,0,0,0,0,0,0,0,0,764,675,364,91,0,0,0,1,396,203,122,26,0,0,0,0,0,0,0,0,0,0,0,0,0,0,0,0,0,0,0,0,0.5612,0.4686,16,0,0,0.4914,0.4561,21,0,0
11611,387.0,5999,104,26,4403,1596,0,0,4130,701.33,0.788,0.735,0.781,0.061,0.713,-0.959,1.854,0.4154,2.1957,0.545,0.232,0.654,0.213,-0.025,73,3,30,1,87,0,311596.62,92412.720,52023.219,74.271,54912.807,37.240,47013.351,26133.342,6440.937,4831.841,3865.473,5941.227,51601.778,2569.323,0.000309,0.038003,7074,0,12,18,30,12,109718,306,17,73.889,0,0,0,0,0,0,0,0,0,0,0,0,0,0,47954,2114,6768,109108.522,50529.790,54072.047,0.072,73.889,26935.915,21578.386,65.381,48,58,3,12,43,22430,0,0,0,0.000,0.000,0.000,0.000,0.000,0.000,0.000,0.000,0,0,0,0,0,0,0,0,0,0.000,0.000,0.000,0.000,0.000,0.000,0.000,0.000,0,0,0,0,0,0,0,0,0,0.000,0.000,0.000,0.000,0.000,0.000,0.000,0.000,0,0,0,0,0,0,0,0,0,0.000,0.000,0.000,0.000,0.000,0.000,0.000,0.000,0,0,0,0,0,0,0,0,0,0.000,0.000,0.000,0.000,0.000,0.000,0.000,0.000,0,0,0,0,0,0,1,0,0,0,0,0,0,0,0,0,0,0,11551,5999,5954,17,1,29139,14720,2399,91695,43741,7506,11067,5699,849,120,60,0,40569,17780,3573,7385,3461,640,0,0,0,0,0,0,3128.366,165.314,14259.958,919.200,71,126,0,815,252,1247,2296,828,196,2143,359,515,507,538,341,712,123,131,257,317,56,0,0,0,0,0,0,0,0,0,0,0,0,762,685,365,89,0,0,0,0,393,206,136,26,0,0,0,0,0,0,0,0,0,0,0,0,0,0,0,0,0,0,0,0,0.5413,0.4647,16,0,0,0.4750,0.4723,21,0,0
11641,388.0,5999,97,26,4404,1595,0,0,4220,707.22,0.788,0.735,0.780,0.060,0.713,-0.959,1.857,0.4121,2.1778,0.547,0.226,0.679,0.213,-0.025,63,3,25,2,80,0,314508.88,93731.922,53016.630,44.313,61024.925,29.259,47202.031,26132.909,6607.754,4696.788,3757.431,4869.983,55431.292,2697.268,0.000342,0.039128,7361,0,9,16,25,9,109469,299,13,38.557,0,0,0,0,0,0,0,0,0,0,0,0,0,0,47920,2169,7062,116790.277,51843.791,60265.673,0.067,38.557,27002.378,21593.805,60.896,56,57,3,9,45,22749,0,0,0,0.000,0.000,0.000,0.000,0.000,0.000,0.000,0.000,0,0,0,0,0,0,0,0,0,0.000,0.000,0.000,0.000,0.000,0.000,0.000,0.000,0,0,0,0,0,0,0,0,0,0.000,0.000,0.000,0.000,0.000,0.000,0.000,0.000,0,0,0,0,0,0,0,0,0,0.000,0.000,0.000,0.000,0.000,0.000,0.000,0.000,0,0,0,0,0,0,0,0,0,0.000,0.000,0.000,0.000,0.000,0.000,0.000,0.000,0,0,0,0,0,0,0,0,0,0,0,0,0,0,0,0,0,0,11551,5999,5954,17,1,29157,14882,2339,91745,43661,7260,11036,5854,828,120,60,0,40654,18147,3576,7266,3486,617,0,0,0,0,0,0,3119.540,167.235,14504.246,901.078,89,111,1,793,239,1281,2320,812,224,2151,349,501,520,528,355,738,121,120,242,300,74,0,0,0,0,0,0,0,0,0,0,0,0,749,704,354,97,0,0,0,0,385,214,115,21,0,0,0,1,0,0,0,0,0,0,0,0,0,0,0,0,0,0,0,0,0.5524,0.4605,15,1,0,0.4703,0.4930,21,0,0
11671,389.0,6000,97,26,4396,1604,0,0,4259,763.65,0.789,0.736,0.779,0.061,0.712,-0.959,1.858,0.4142,2.1653,0.546,0.236,0.673,0.213,-0.025,58,1,29,0,87,0,317789.50,93841.442,52596.357,64.431,58608.053,27.443,47417.249,26349.061,6682.078,4876.374,3901.099,5715.392,53446.218,2636.330,0.000637,0.038515,7220,0,8,21,29,8,109833,352,19,62.550,0,0,0,0,0,0,0,0,0,0,0,0,0,0,48005,2143,6868,113541.815,51242.807,57673.016,0.106,62.550,27129.552,21802.259,66.524,56,46,1,8,37,18761,0,0,0,0.000,0.000,0.000,0.000,0.000,0.000,0.000,0.000,0,0,0,0,0,0,0,0,0,0.000,0.000,0.000,0.000,0.000,0.000,0.000,0.000,0,0,0,0,0,0,0,0,0,0.000,0.000,0.000,0.000,0.000,0.000,0.000,0.000,0,0,0,0,0,0,0,0,0,0.000,0.000,0.000,0.000,0.000,0.000,0.000,0.000,0,0,0,0,0,0,0,0,0,0.000,0.000,0.000,0.000,0.000,0.000,0.000,0.000,0,0,0,0,0,0,0,0,0,1,0,0,0,0,0,0,0,0,11551,5999,5954,17,1,29146,14704,2504,91779,43859,7309,10922,5983,781,120,30,42,40798,18397,3671,7207,3639,571,0,0,0,0,0,0,3119.364,167.842,14804.503,912.407,83,122,0,780,234,1301,2315,769,254,2154,362,489,512,517,362,750,126,118,234,305,71,0,0,0,0,0,0,0,0,0,0,0,0,731,699,350,100,0,0,0,0,390,202,120,15,0,0,0,1,0,0,0,0,0,0,0,0,0,0,0,0,0,0,0,0,0.5648,0.4627,15,1,0,0.4955,0.4924,21,0,0
11701,390.0,6000,104,26,4387,1613,0,0,4289,770.62,0.792,0.738,0.779,0.060,0.711,-0.959,1.859,0.4125,2.1668,0.545,0.237,0.690,0.213,-0.025,63,4,33,1,54,0,319010.06,94301.125,51320.413,59.213,60947.068,28.953,47723.246,26726.641,6722.091,3964.713,3171.771,4239.034,55517.270,2738.971,0.000499,0.034245,7340,0,13,20,33,13,109868,263,17,54.309,0,0,0,0,0,0,0,0,0,0,0,0,0,0,48254,2096,7077,114954.434,50150.847,60170.034,0.116,54.309,27360.068,22138.777,74.413,49,40,4,13,23,14318,0,0,0,0.000,0.000,0.000,0.000,0.000,0.000,0.000,0.000,0,0,0,0,0,0,0,0,0,0.000,0.000,0.000,0.000,0.000,0.000,0.000,0.000,0,0,0,0,0,0,0,0,0,0.000,0.000,0.000,0.000,0.000,0.000,0.000,0.000,0,0,0,0,0,0,0,0,0,0.000,0.000,0.000,0.000,0.000,0.000,0.000,0.000,0,0,0,0,0,0,0,0,0,0.000,0.000,0.000,0.000,0.000,0.000,0.000,0.000,0,0,0,0,0,0,0,0,0,0,0,0,0,0,0,0,0,0,11701,6000,5969,16,0,28904,14807,2513,91755,44053,7632,10949,5894,902,120,54,6,41021,18434,3524,7233,3833,669,0,0,0,0,0,0,3146.627,173.780,14975.176,884.336,69,134,1,743,230,1280,2246,766,211,2164,355,474,504,532,358,747,134,129,233,295,75,0,0,0,0,0,0,0,0,0,0,0,0,729,694,350,95,0,0,0,0,378,217,117,20,0,0,0,0,0,0,0,0,0,0,0,0,0,0,0,0,0,0,0,0,0.5396,0.4278,15,0,0,0.4987,0.4752,21,1,0
11731,391.0,6000,99,26,4368,1632,0,0,4293,788.24,0.797,0.741,0.778,0.061,0.708,-0.959,1.858,0.4128,2.1957,0.551,0.239,0.678,0.213,-0.025,63,3,40,1,76,0,317797.69,94139.687,53150.344,70.331,62451.083,28.055,48203.187,27203.999,6742.170,5159.833,4127.867,4909.491,57694.207,2787.718,0.000505,0.030227,7502,0,9,31,40,9,109069,320,26,55.329,0,0,0,0,0,0,0,0,0,0,0,0,0,0,48723,2165,7182,118100.827,51811.596,61513.394,0.036,55.329,27771.654,22604.093,87.032,62,43,3,9,31,18864,0,0,0,0.000,0.000,0.000,0.000,0.000,0.000,0.000,0.000,0,0,0,0,0,0,0,0,0,0.000,0.000,0.000,0.000,0.000,0.000,0.000,0.000,0,0,0,0,0,0,0,0,0,0.000,0.000,0.000,0.000,0.000,0.000,0.000,0.000,0,0,0,0,0,0,0,0,0,0.000,0.000,0.000,0.000,0.000,0.000,0.000,0.000,0,0,0,0,0,0,0,0,0,0.000,0.000,0.000,0.000,0.000,0.000,0.000,0.000,0,0,0,0,0,0,1,0,0,1,0,0,0,0,0,0,0,0,11701,6000,5969,16,0,28791,14979,2219,91521,43962,7465,10818,5756,893,120,60,0,41488,18950,3651,7235,3885,508,0,0,0,0,0,0,3153.443,168.227,15313.924,886.323,67,119,0,822,217,1287,2331,821,204,2144,364,477,513,522,348,754,129,135,223,304,87,0,0,0,0,0,0,0,0,0,0,0,0,729,691,343,93,0,0,0,4,382,219,130,18,0,0,0,0,0,0,0,0,0,0,0,0,0,0,0,0,0,0,0,0,0.5567,0.4452,16,1,0,0.4855,0.5110,21,1,0
11761,392.0,6000,100,26,4347,1653,0,0,4303,829.14,0.803,0.745,0.776,0.061,0.705,-0.959,1.859,0.4130,2.1720,0.550,0.229,0.683,0.212,-0.025,70,4,33,2,84,0,317499.09,93246.677,52710.792,106.987,61097.167,31.739,48765.517,27561.071,6737.647,5021.749,4017.399,4894.939,54753.810,2645.724,0.000423,0.029081,7574,0,1,32,33,1,108305,366,28,96.373,0,0,0,0,0,0,0,0,0,0,0,0,0,0,49340,2142,7208,116233.604,51322.942,60209.482,0.004,96.373,28297.793,23003.237,84.913,55,34,3,1,30,13366,0,0,0,0.000,0.000,0.000,0.000,0.000,0.000,0.000,0.000,0,0,0,0,0,0,0,0,0,0.000,0.000,0.000,0.000,0.000,0.000,0.000,0.000,0,0,0,0,0,0,0,0,0,0.000,0.000,0.000,0.000,0.000,0.000,0.000,0.000,0,0,0,0,0,0,0,0,0,0.000,0.000,0.000,0.000,0.000,0.000,0.000,0.000,0,0,0,0,0,0,0,0,0,0.000,0.000,0.000,0.000,0.000,0.000,0.000,0.000,0,0,0,0,0,0,0,0,0,0,0,0,0,0,0,0,0,0,11701,6000,5969,16,0,28623,14904,1938,91333,43340,7646,10565,5797,834,120,60,0,42286,19336,3786,7054,3665,522,0,0,0,0,0,0,3123.394,164.135,15567.318,939.740,78,116,0,829,243,1244,2315,837,219,2135,337,486,524,520,345,760,146,145,200,312,90,0,0,0,0,0,0,0,0,0,0,0,0,757,685,342,91,0,0,0,0,378,215,124,30,0,0,0,0,0,0,0,0,0,0,0,0,0,0,0,0,0,0,0,0,0.5567,0.4538,16,0,0,0.4596,0.5064,20,0,0
11791,393.0,6000,94,26,4335,1665,0,0,4309,737.77,0.806,0.746,0.776,0.061,0.703,-0.959,1.862,0.4127,2.1768,0.548,0.229,0.657,0.212,-0.025,80,3,33,1,86,0,316162.59,94077.862,52480.499,94.121,60978.771,36.478,49208.227,27514.248,6721.583,5501.013,4400.811,6012.268,54615.869,2816.578,0.000392,0.028860,7738,0,11,22,33,11,108166,475,20,87.243,0,0,0,0,0,0,0,0,0,0,0,0,0,0,49628,2146,7263,115860.047,51248.061,59857.573,0.071,87.243,28660.999,22972.302,87.459,72,59,1,11,47,26145,0,0,0,0.000,0.000,0.000,0.000,0.000,0.000,0.000,0.000,0,0,0,0,0,0,0,0,0,0.000,0.000,0.000,0.000,0.000,0.000,0.000,0.000,0,0,0,0,0,0,0,0,0,0.000,0.000,0.000,0.000,0.000,0.000,0.000,0.000,0,0,0,0,0,0,0,0,0,0.000,0.000,0.000,0.000,0.000,0.000,0.000,0.000,0,0,0,0,0,0,0,0,0,0.000,0.000,0.000,0.000,0.000,0.000,0.000,0.000,0,0,0,0,0,0,0,0,0,1,0,0,0,0,0,0,0,0,11701,6000,5969,16,0,28530,14735,2116,91096,43198,7942,10599,5716,967,120,60,21,42659,19614,3643,6969,3162,637,0,0,0,0,0,0,3112.274,174.367,15425.906,924.910,68,125,0,800,228,1276,2310,806,220,2124,372,473,516,506,344,772,148,145,227,304,69,0,0,0,0,0,0,0,0,0,0,0,0,750,666,330,92,0,0,0,1,361,221,140,22,0,0,0,1,0,0,0,0,0,0,0,0,0,0,0,0,0,0,0,0,0.5458,0.4348,16,1,0,0.4720,0.4864,20,0,0
11821,394.0,6000,93,26,4331,1669,0,0,4179,739.56,0.807,0.747,0.776,0.062,0.702,-0.959,1.862,0.4128,2.1799,0.549,0.220,0.659,0.212,-0.025,61,6,40,1,72,0,315720.56,92543.218,53410.890,65.474,61174.189,32.098,49676.166,27413.274,6678.694,4952.578,3962.063,5061.671,53845.396,2795.893,0.000486,0.025770,7512,0,13,27,40,13,107964,338,24,62.615,0,0,0,0,0,0,0,0,0,0,0,0,0,0,49970,2189,7174,117363.492,52176.177,60275.316,0.041,62.615,29024.192,22870.618,88.928,56,52,4,13,35,26589,0,0,0,0.000,0.000,0.000,0.000,0.000,0.000,0.000,0.000,0,0,0,0,0,0,0,0,0,0.000,0.000,0.000,0.000,0.000,0.000,0.000,0.000,0,0,0,0,0,0,0,0,0,0.000,0.000,0.000,0.000,0.000,0.000,0.000,0.000,0,0,0,0,0,0,0,0,0,0.000,0.000,0.000,0.000,0.000,0.000,0.000,0.000,0,0,0,0,0,0,0,0,0,0.000,0.000,0.000,0.000,0.000,0.000,0.000,0.000,0,0,0,0,0,0,0,0,0,0,0,0,0,0,0,0,0,0,11701,6000,5969,16,0,28296,15022,1842,90919,43398,7717,10658,5611,999,120,86,34,42936,19680,4047,7034,2986,730,0,0,0,0,0,0,3108.087,169.856,15245.658,1025.113,72,148,1,796,252,1286,2335,803,235,2146,358,444,513,519,351,760,157,121,245,312,74,0,0,0,0,0,0,0,0,0,0,0,0,757,668,310,91,0,0,0,1,382,228,124,18,0,0,0,0,0,0,0,0,0,0,0,0,0,0,0,0,0,0,0,0,0.5186,0.4651,15,0,0,0.4845,0.4985,20,0,0
11851,395.0,6000,85,26,4313,1687,0,0,4134,873.82,0.811,0.750,0.775,0.062,0.700,-0.959,1.862,0.4093,2.1475,0.553,0.222,0.638,0.211,-0.025,65,4,36,0,70,0,314114.47,91574.728,51031.816,116.073,59809.332,30.532,50090.719,27672.291,6469.232,4610.335,3688.268,4893.840,51556.512,2724.042,0.000441,0.022166,7514,0,6,30,36,6,107940,330,28,113.244,0,0,0,0,0,0,0,0,0,0,0,0,0,0,50332,2091,7184,113324.206,49724.631,58800.657,0.004,113.244,29372.576,23133.879,94.524,54,37,2,6,29,17255,0,0,0,0.000,0.000,0.000,0.000,0.000,0.000,0.000,0.000,0,0,0,0,0,0,0,0,0,0.000,0.000,0.000,0.000,0.000,0.000,0.000,0.000,0,0,0,0,0,0,0,0,0,0.000,0.000,0.000,0.000,0.000,0.000,0.000,0.000,0,0,0,0,0,0,0,0,0,0.000,0.000,0.000,0.000,0.000,0.000,0.000,0.000,0,0,0,0,0,0,0,0,0,0.000,0.000,0.000,0.000,0.000,0.000,0.000,0.000,0,0,0,0,0,0,1,0,0,0,0,0,0,0,0,0,0,0,11851,6000,5958,26,0,28132,14961,1862,90714,43841,7509,10676,5792,765,118,118,0,43297,20060,4092,7021,2938,661,14,7,3,0,0,0,3116.756,156.109,15469.639,1016.660,75,137,0,797,247,1199,2251,826,233,2161,333,442,504,526,347,784,142,123,222,336,80,0,0,0,0,0,0,0,0,0,0,0,0,745,671,320,83,0,0,0,0,366,237,133,24,0,0,0,1,0,0,0,0,0,0,0,0,0,0,0,0,0,0,0,0,0.5034,0.4484,15,0,0,0.5062,0.5001,20,0,0
11881,396.0,6000,87,26,4298,1702,0,0,4160,889.85,0.815,0.752,0.775,0.062,0.698,-0.959,1.862,0.4104,2.1907,0.552,0.210,0.637,0.211,-0.024,70,5,29,1,91,0,310641.16,89773.528,49593.424,65.976,59463.676,28.417,50573.576,27985.824,6477.256,5350.356,4280.285,5357.379,48753.417,2688.717,0.000439,0.020700,7554,0,7,22,29,7,106906,403,21,65.646,0,0,0,0,0,0,0,0,0,0,0,0,0,0,50759,2032,7151,111445.410,48416.721,58411.868,0.047,65.646,29808.716,23443.676,88.134,64,50,2,7,41,21806,0,0,0,0.000,0.000,0.000,0.000,0.000,0.000,0.000,0.000,0,0,0,0,0,0,0,0,0,0.000,0.000,0.000,0.000,0.000,0.000,0.000,0.000,0,0,0,0,0,0,0,0,0,0.000,0.000,0.000,0.000,0.000,0.000,0.000,0.000,0,0,0,0,0,0,0,0,0,0.000,0.000,0.000,0.000,0.000,0.000,0.000,0.000,0,0,0,0,0,0,0,0,0,0.000,0.000,0.000,0.000,0.000,0.000,0.000,0.000,0,0,0,0,0,0,1,0,0,0,0,0,0,0,0,0,0,0,11851,6000,5958,26,0,28023,15085,1696,90405,44135,7221,10692,5680,697,90,90,0,43715,20346,3656,7044,2859,534,0,0,0,0,0,0,3123.964,147.687,15694.319,897.324,66,118,0,750,241,1196,2185,766,213,2144,337,442,511,528,336,789,149,132,210,341,81,0,0,0,0,0,0,0,0,0,0,0,0,748,670,323,76,0,0,0,0,382,230,131,21,0,0,0,0,0,0,0,0,0,0,0,0,0,0,0,0,0,0,0,0,0.4983,0.4742,15,0,0,0.4985,0.4538,20,0,0
11911,397.0,5999,71,26,4291,1708,0,0,4128,850.10,0.816,0.753,0.775,0.062,0.697,-0.959,1.863,0.4091,2.1610,0.550,0.197,0.620,0.211,-0.024,59,7,27,1,88,0,305035.53,87540.221,47950.613,68.113,58490.574,32.491,50956.218,28018.068,6498.752,5134.945,4107.956,5749.019,46326.165,2589.344,0.000637,0.017981,7579,0,8,19,27,8,106808,332,18,67.046,0,0,0,0,0,0,0,0,0,0,0,0,0,0,51044,1959,7247,108647.664,46674.065,57560.848,0.068,67.046,30114.536,23492.200,86.867,61,56,6,8,42,28426,0,0,0,0.000,0.000,0.000,0.000,0.000,0.000,0.000,0.000,0,0,0,0,0,0,0,0,0,0.000,0.000,0.000,0.000,0.000,0.000,0.000,0.000,0,0,0,0,0,0,0,0,0,0.000,0.000,0.000,0.000,0.000,0.000,0.000,0.000,0,0,0,0,0,0,0,0,0,0.000,0.000,0.000,0.000,0.000,0.000,0.000,0.000,0,0,0,0,0,0,0,0,0,0.000,0.000,0.000,0.000,0.000,0.000,0.000,0.000,0,0,0,0,0,0,1,0,0,0,0,0,0,0,0,0,0,0,11851,6000,5958,26,0,27874,15089,1867,90238,43634,7434,10730,5466,873,90,90,0,43899,20528,3687,7145,3152,478,0,0,0,0,0,0,3092.992,159.369,15865.183,890.127,75,149,0,768,186,1140,2110,790,186,2141,321,434,527,536,332,761,156,147,233,329,82,0,0,0,0,0,0,0,0,0,0,0,0,753,671,331,73,0,0,0,1,374,237,145,33,0,0,0,2,0,0,0,0,0,0,0,0,0,0,0,0,0,0,0,0,0.5235,0.4465,15,0,0,0.4943,0.4859,20,0,0
11941,398.0,5999,75,26,4277,1722,0,0,4144,894.76,0.820,0.755,0.774,0.063,0.694,-0.959,1.865,0.4095,2.1786,0.561,0.186,0.584,0.210,-0.024,78,8,41,3,86,0,299849.16,85215.770,46881.858,77.140,57041.280,33.996,51377.841,27929.872,6487.525,5785.898,4628.718,4572.883,43306.978,2528.886,0.000366,0.019347,7604,0,9,32,41,9,106003,355,29,69.358,0,0,0,0,0,0,0,0,0,0,0,0,0,0,51390,1917,7249,106137.242,45718.935,56098.186,0.063,69.358,30484.483,23462.028,83.745,67,54,6,9,39,25716,0,0,0,0.000,0.000,0.000,0.000,0.000,0.000,0.000,0.000,0,0,0,0,0,0,0,0,0,0.000,0.000,0.000,0.000,0.000,0.000,0.000,0.000,0,0,0,0,0,0,0,0,0,0.000,0.000,0.000,0.000,0.000,0.000,0.000,0.000,0,0,0,0,0,0,0,0,0,0.000,0.000,0.000,0.000,0.000,0.000,0.000,0.000,0,0,0,0,0,0,0,0,0,0.000,0.000,0.000,0.000,0.000,0.000,0.000,0.000,0,0,0,0,0,0,1,0,0,0,0,0,0,0,0,0,0,0,11851,6000,5958,26,0,27604,14972,1793,90125,43227,7353,10767,5301,949,90,90,0,44090,19862,3690,7300,3209,552,0,0,0,0,0,0,3043.763,160.405,15586.268,899.378,81,152,0,696,235,1137,2064,696,218,2114,340,424,525,542,332,777,138,146,234,344,83,0,0,0,0,0,0,0,0,0,0,0,0,773,664,319,67,0,0,0,0,401,239,137,30,0,0,0,0,0,0,0,0,0,0,0,0,0,0,0,0,0,0,0,0,0.5157,0.4619,15,0,0,0.4761,0.4765,20,0,0
11971,399.0,5996,71,26,4258,1738,0,0,4181,952.79,0.824,0.759,0.773,0.064,0.692,-0.959,1.866,0.4090,2.1721,0.563,0.175,0.562,0.210,-0.025,55,11,35,2,88,0,295259.38,84115.677,45742.758,57.165,55791.805,29.369,51843.472,27818.237,6495.049,5805.498,4644.399,4257.360,40398.176,2531.987,0.000289,0.018527,7848,0,8,27,35,8,105635,410,24,51.999,0,0,0,0,0,0,0,0,0,0,0,0,0,0,51847,1877,7438,103740.302,44788.004,54656.118,0.031,51.999,30914.118,23337.158,78.612,73,57,7,8,42,28702,0,0,0,0.000,0.000,0.000,0.000,0.000,0.000,0.000,0.000,0,0,0,0,0,0,0,0,0,0.000,0.000,0.000,0.000,0.000,0.000,0.000,0.000,0,0,0,0,0,0,0,0,0,0.000,0.000,0.000,0.000,0.000,0.000,0.000,0.000,0,0,0,0,0,0,0,0,0,0.000,0.000,0.000,0.000,0.000,0.000,0.000,0.000,0,0,0,0,0,0,0,0,0,0.000,0.000,0.000,0.000,0.000,0.000,0.000,0.000,0,0,0,0,0,0,0,0,0,0,0,0,0,0,0,0,0,0,11851,6000,5958,26,0,27342,14897,1955,90069,43129,7734,10616,5252,864,90,90,0,44605,19560,3894,7242,3438,649,0,0,0,0,0,0,3051.629,170.004,15412.359,976.652,60,167,0,675,198,1127,2004,691,193,2107,359,408,500,543,341,748,170,129,247,365,79,0,0,0,0,0,0,0,0,0,0,0,0,760,658,303,71,0,0,0,0,414,242,151,13,0,0,0,0,0,0,0,0,0,0,0,0,0,0,0,0,0,0,0,0,0.5319,0.4567,15,0,0,0.4634,0.4781,20,0,0
12001,400.0,6000,71,27,4253,1747,0,0,4150,876.04,0.827,0.760,0.772,0.064,0.691,-0.959,1.868,0.4095,2.1757,0.548,0.155,0.555,0.210,-0.025,77,5,40,1,84,0,287294.34,80135.205,45129.209,96.148,54352.771,30.296,52307.350,28060.370,6507.877,5614.137,4491.310,4997.931,37829.453,2499.769,0.000357,0.018211,7762,0,12,28,40,12,105648,343,16,52.706,0,0,0,0,0,0,0,0,0,0,0,0,0,0,52272,1832,7419,101556.488,43843.172,53532.557,0.010,52.706,31340.397,23583.922,67.238,65,56,3,12,41,25483,0,0,0,0.000,0.000,0.000,0.000,0.000,0.000,0.000,0.000,0,0,0,0,0,0,0,0,0,0.000,0.000,0.000,0.000,0.000,0.000,0.000,0.000,0,0,0,0,0,0,0,0,0,0.000,0.000,0.000,0.000,0.000,0.000,0.000,0.000,0,0,0,0,0,0,0,0,0,0.000,0.000,0.000,0.000,0.000,0.000,0.000,0.000,0,0,0,0,0,0,0,0,0,0.000,0.000,0.000,0.000,0.000,0.000,0.000,0.000,0,0,0,0,0,0,0,0,0,0,0,0,0,0,0,0,0,0,12001,6000,5956,31,1,26920,14432,2162,89944,43453,7623,10737,4987,909,90,65,23,45027,19754,3748,7245,3247,747,0,0,0,0,0,0,3034.533,170.589,15578.090,948.745,87,162,1,693,203,1084,1980,707,181,2100,332,430,513,537,341,772,138,147,267,330,93,0,0,0,0,0,0,0,0,0,0,0,0,767,667,304,83,0,0,0,0,398,278,127,33,0,0,0,1,0,0,0,0,0,0,0,0,0,0,0,0,0,0,0,0,0.5434,0.4579,16,0,0,0.4855,0.4645,21,0,0
12031,401.0,5997,66,27,4224,1773,0,0,4146,918.95,0.833,0.764,0.770,0.065,0.687,-0.959,1.870,0.4082,2.1915,0.550,0.132,0.509,0.209,-0.025,54,8,24,1,99,0,277440.34,77111.173,41605.835,36.991,52574.683,31.870,52791.540,28227.267,6478.082,5820.812,4656.650,4323.315,33266.516,2357.128,0.000357,0.017667,7924,0,9,15,24,9,105105,347,12,28.246,0,0,0,0,0,0,0,0,0,0,0,0,0,0,52807,1695,7577,96215.640,40511.964,51785.708,0.030,28.246,31809.084,23783.229,72.063,79,55,4,9,42,32683,0,0,0,0.000,0.000,0.000,0.000,0.000,0.000,0.000,0.000,0,0,0,0,0,0,0,0,0,0.000,0.000,0.000,0.000,0.000,0.000,0.000,0.000,0,0,0,0,0,0,0,0,0,0.000,0.000,0.000,0.000,0.000,0.000,0.000,0.000,0,0,0,0,0,0,0,0,0,0.000,0.000,0.000,0.000,0.000,0.000,0.000,0.000,0,0,0,0,0,0,0,0,0,0.000,0.000,0.000,0.000,0.000,0.000,0.000,0.000,0,0,0,0,0,0,2,0,0,0,0,0,0,0,0,0,0,0,12001,6000,5956,31,1,26757,14311,1933,89577,43566,7011,10737,4961,660,90,57,3,45580,19630,4161,7227,3461,607,0,0,0,0,0,0,3014.337,152.447,15459.714,1022.946,78,152,1,612,182,1032,1831,613,198,2084,318,409,527,537,349,786,165,147,249,332,94,0,0,0,0,0,0,0,0,0,0,0,0,770,666,299,86,0,0,0,1,388,269,133,32,0,0,0,0,0,0,0,0,0,0,0,0,0,0,0,0,0,0,0,0,0.5273,0.4738,16,0,0,0.4652,0.4606,21,0,0
12061,402.0,6000,72,27,4187,1813,0,0,4139,993.34,0.842,0.771,0.767,0.065,0.681,-0.959,1.872,0.4101,2.1624,0.550,0.103,0.455,0.208,-0.024,67,11,51,2,107,0,265861.97,74145.915,39263.728,98.658,51235.220,29.576,53252.496,28518.706,6442.252,7728.563,6182.851,3879.341,29151.437,2296.740,0.000301,0.019407,7992,0,8,43,51,8,104752,307,42,97.426,0,0,0,0,0,0,0,0,0,0,0,0,0,0,53506,1614,7685,92471.948,38416.575,50287.299,0.038,97.426,32308.742,24104.708,90.633,102,62,7,8,47,35739,0,0,0,0.000,0.000,0.000,0.000,0.000,0.000,0.000,0.000,0,0,0,0,0,0,0,0,0,0.000,0.000,0.000,0.000,0.000,0.000,0.000,0.000,0,0,0,0,0,0,0,0,0,0.000,0.000,0.000,0.000,0.000,0.000,0.000,0.000,0,0,0,0,0,0,0,0,0,0.000,0.000,0.000,0.000,0.000,0.000,0.000,0.000,0,0,0,0,0,0,0,0,0,0.000,0.000,0.000,0.000,0.000,0.000,0.000,0.000,0,0,0,0,0,0,0,0,0,0,0,0,0,0,0,0,0,0,12001,6000,5956,31,1,26546,14363,1822,89089,42884,7007,10737,4833,750,90,52,8,46198,20389,3994,7308,3403,491,0,0,0,0,0,0,2976.262,146.912,15807.738,963.159,62,163,0,578,196,960,1728,590,174,2048,321,434,492,548,344,821,159,157,270,313,93,0,0,0,0,0,0,0,0,0,0,0,0,764,654,313,87,0,0,0,0,381,268,136,47,0,0,0,1,0,0,0,0,0,0,0,0,0,0,0,0,0,0,0,0,0.5168,0.4461,16,0,0,0.4706,0.4611,21,0,0
12091,403.0,6000,59,27,4156,1844,0,0,4142,997.25,0.849,0.776,0.766,0.066,0.677,-0.959,1.874,0.4085,2.1482,0.548,0.093,0.412,0.207,-0.024,68,13,42,1,123,0,252669.47,71390.466,35952.339,91.004,48046.436,31.242,54002.977,29365.319,6395.419,7884.167,6307.334,4543.854,22629.209,2112.694,0.000433,0.022119,8249,0,12,30,42,12,103787,348,28,88.901,0,0,0,0,0,0,0,0,0,0,0,0,0,0,54917,1471,7901,85301.944,35137.477,46734.844,0.043,88.901,33216.959,25051.759,79.623,102,72,8,12,52,41362,0,0,0,0.000,0.000,0.000,0.000,0.000,0.000,0.000,0.000,0,0,0,0,0,0,0,0,0,0.000,0.000,0.000,0.000,0.000,0.000,0.000,0.000,0,0,0,0,0,0,0,0,0,0.000,0.000,0.000,0.000,0.000,0.000,0.000,0.000,0,0,0,0,0,0,0,0,0,0.000,0.000,0.000,0.000,0.000,0.000,0.000,0.000,0,0,0,0,0,0,0,0,0,0.000,0.000,0.000,0.000,0.000,0.000,0.000,0.000,0,0,0,0,0,0,1,0,0,0,0,0,0,0,0,0,0,0,12001,6000,5956,31,1,25800,13600,2101,88371,41852,6846,10790,4945,729,90,60,0,47420,21586,4119,7497,3364,734,0,0,0,0,0,0,2866.914,154.094,16646.851,1035.738,82,157,0,557,170,833,1573,566,171,1988,327,444,492,547,358,837,148,172,251,340,96,0,0,0,0,0,0,0,0,0,0,0,0,763,654,325,97,0,0,0,2,397,277,149,34,0,0,0,2,0,0,0,0,0,0,0,0,0,0,0,0,0,0,0,0,0.5139,0.4462,15,0,0,0.4713,0.4466,21,0,0
12121,404.0,5998,55,27,4145,1853,0,0,4172,987.98,0.851,0.778,0.765,0.066,0.675,-0.959,1.878,0.4058,2.1579,0.549,0.083,0.349,0.207,-0.024,65,21,17,4,125,0,240795.03,68417.861,34336.355,35.617,44308.430,29.911,54334.877,29549.060,6432.402,7335.334,5868.267,2516.065,18459.804,1904.999,0.000303,0.022430,8171,0,2,15,17,2,103515,343,12,33.842,0,0,0,0,0,0,0,0,0,0,0,0,0,0,55419,1397,7828,79888.037,33437.119,43185.837,0.029,33.842,33588.528,25292.456,55.228,98,88,14,2,72,50605,0,0,0,0.000,0.000,0.000,0.000,0.000,0.000,0.000,0.000,0,0,0,0,0,0,0,0,0,0.000,0.000,0.000,0.000,0.000,0.000,0.000,0.000,0,0,0,0,0,0,0,0,0,0.000,0.000,0.000,0.000,0.000,0.000,0.000,0.000,0,0,0,0,0,0,0,0,0,0.000,0.000,0.000,0.000,0.000,0.000,0.000,0.000,0,0,0,0,0,0,0,0,0,0.000,0.000,0.000,0.000,0.000,0.000,0.000,0.000,0,0,0,0,0,0,0,0,0,1,0,0,0,0,0,0,0,0,12001,6000,5956,31,1,25497,13244,2114,88305,41149,6817,10673,5011,665,90,60,0,47989,21811,4148,7430,3198,848,0,0,0,0,0,0,2822.280,153.920,16731.623,1058.966,63,173,1,526,135,839,1504,512,139,1968,309,456,494,558,360,823,166,167,256,353,88,0,0,0,0,0,0,0,0,0,0,0,0,772,649,349,95,0,0,0,3,428,250,146,40,0,0,0,0,0,0,0,0,0,0,0,0,0,0,0,0,0,0,0,0,0.5137,0.4746,15,0,0,0.4742,0.4471,21,0,0
12151,405.0,5998,44,28,4114,1884,0,0,4139,980.04,0.858,0.783,0.761,0.067,0.670,-0.959,1.878,0.4079,2.1568,0.554,0.056,0.290,0.206,-0.024,61,24,37,0,167,0,225213.02,65642.550,33265.425,57.966,41936.673,27.196,54611.674,29708.540,6410.672,10799.411,8639.529,4688.163,15030.828,1938.194,0.000411,0.025358,8091,0,11,26,37,11,102825,257,24,43.318,0,0,0,0,0,0,0,0,0,0,0,0,0,0,55991,1363,7834,76919.642,32477.854,41204.668,0.041,43.318,33926.774,25471.027,65.645,156,125,17,11,97,77635,0,0,0,0.000,0.000,0.000,0.000,0.000,0.000,0.000,0.000,0,0,0,0,0,0,0,0,0,0.000,0.000,0.000,0.000,0.000,0.000,0.000,0.000,0,0,0,0,0,0,0,0,0,0.000,0.000,0.000,0.000,0.000,0.000,0.000,0.000,0,0,0,0,0,0,0,0,0,0.000,0.000,0.000,0.000,0.000,0.000,0.000,0.000,0,0,0,0,0,0,0,0,0,0.000,0.000,0.000,0.000,0.000,0.000,0.000,0.000,0,0,0,0,0,0,0,0,0,0,0,0,0,0,0,0,0,0,12151,5998,5956,168,1,25184,13122,1997,88008,40453,6531,10689,4757,618,90,60,0,48638,21881,4171,7353,3150,664,0,0,0,0,0,0,2787.943,146.630,16887.904,1018.172,82,161,0,508,161,781,1461,525,143,1927,296,479,478,561,373,832,179,139,274,369,91,0,0,0,0,0,0,0,0,0,0,0,0,788,652,354,97,0,0,0,0,439,269,138,25,0,0,0,2,0,0,0,0,0,0,0,0,0,0,0,0,0,0,0,0,0.5223,0.4720,18,0,0,0.4577,0.4843,23,0,0
12181,406.0,6000,42,28,4066,1934,0,0,4057,992.17,0.869,0.791,0.758,0.068,0.663,-0.959,1.882,0.4075,2.1638,0.558,0.047,0.216,0.205,-0.024,51,26,32,5,178,0,209556.69,62063.729,31272.931,51.183,39417.680,28.116,55023.661,29987.405,6256.550,11349.959,9079.968,2779.284,10950.075,1777.211,0.000345,0.025153,8540,0,4,28,32,4,101554,420,25,40.914,0,0,0,0,0,0,0,0,0,0,0,0,0,0,57185,1278,8120,72036.806,30481.906,38575.308,0.039,40.914,34533.904,25810.344,70.154,162,112,18,4,90,64036,0,0,0,0.000,0.000,0.000,0.000,0.000,0.000,0.000,0.000,0,0,0,0,0,0,0,0,0,0.000,0.000,0.000,0.000,0.000,0.000,0.000,0.000,0,0,0,0,0,0,0,0,0,0.000,0.000,0.000,0.000,0.000,0.000,0.000,0.000,0,0,0,0,0,0,0,0,0,0.000,0.000,0.000,0.000,0.000,0.000,0.000,0.000,0,0,0,0,0,0,0,0,0,0.000,0.000,0.000,0.000,0.000,0.000,0.000,0.000,0,0,0,0,0,0,0,0,0,0,0,0,0,0,0,0,0,0,12151,5998,5956,168,1,25006,12630,2404,87212,40041,6011,10475,4290,771,90,60,0,49619,21442,4120,7566,3333,638,0,0,0,0,0,0,2701.304,146.519,16817.072,1001.341,58,161,1,481,144,746,1373,483,125,1867,323,458,479,568,371,785,178,157,311,388,115,0,0,0,0,0,0,0,0,0,0,0,0,783,659,338,96,0,0,0,0,506,271,150,43,0,0,0,1,0,0,0,0,0,0,0,0,0,0,0,0,0,0,0,0,0.5127,0.4807,18,0,0,0.4555,0.4426,24,1,0
12211,407.0,6000,42,28,4028,1972,0,0,4066,855.68,0.876,0.798,0.755,0.069,0.658,-0.959,1.886,0.4078,2.1399,0.558,0.023,0.137,0.204,-0.024,65,43,38,5,219,0,192998.19,58664.766,29617.854,57.532,36276.954,27.573,55445.801,29710.746,6155.562,14309.542,11447.633,2870.158,6177.017,1677.446,0.000256,0.024613,8439,0,9,29,38,9,100477,360,25,50.656,0,0,0,0,0,0,0,0,0,0,0,0,0,0,58588,1222,8079,67361.976,29108.177,35454.832,0.053,50.656,35182.224,25621.792,65.641,207,170,32,9,129,98389,0,0,0,0.000,0.000,0.000,0.000,0.000,0.000,0.000,0.000,0,0,0,0,0,0,0,0,0,0.000,0.000,0.000,0.000,0.000,0.000,0.000,0.000,0,0,0,0,0,0,0,0,0,0.000,0.000,0.000,0.000,0.000,0.000,0.000,0.000,0,0,0,0,0,0,0,0,0,0.000,0.000,0.000,0.000,0.000,0.000,0.000,0.000,0,0,0,0,0,0,0,0,0,0.000,0.000,0.000,0.000,0.000,0.000,0.000,0.000,0,0,0,0,0,0,1,0,0,0,0,0,0,0,0,0,0,0,12151,5998,5956,168,1,24767,12275,2381,86053,38826,6514,10476,4295,813,90,60,0,50697,20519,4397,7891,3566,786,0,0,0,0,0,0,2620.740,153.844,16117.481,1071.711,61,157,1,455,135,692,1282,472,129,1818,341,454,474,569,372,835,184,164,290,402,97,0,0,0,0,0,0,0,0,0,0,0,0,765,673,333,97,0,0,0,1,529,259,141,24,0,0,0,0,0,0,0,0,0,0,0,0,0,0,0,0,0,0,0,0,0.5074,0.5122,18,0,0,0.4678,0.4422,23,1,0
12241,408.0,5990,32,28,3970,2020,0,0,4042,872.28,0.888,0.806,0.749,0.070,0.651,-0.958,1.889,0.4084,2.1434,0.563,0.015,0.084,0.202,-0.023,45,46,44,3,207,0,174326.91,56277.465,27182.142,53.451,34114.047,27.539,55861.091,30070.337,6149.643,13825.881,11060.705,2417.208,3362.544,1558.355,0.000367,0.025996,8674,0,9,35,44,9,99801,227,35,53.426,0,0,0,0,0,0,0,0,0,0,0,0,0,0,60040,1120,8447,62849.017,26625.692,33583.008,0.025,53.426,35856.263,26065.554,77.445,203,155,40,9,106,89496,0,0,0,0.000,0.000,0.000,0.000,0.000,0.000,0.000,0.000,0,0,0,0,0,0,0,0,0,0.000,0.000,0.000,0.000,0.000,0.000,0.000,0.000,0,0,0,0,0,0,0,0,0,0.000,0.000,0.000,0.000,0.000,0.000,0.000,0.000,0,0,0,0,0,0,0,0,0,0.000,0.000,0.000,0.000,0.000,0.000,0.000,0.000,0,0,0,0,0,0,0,0,0,0.000,0.000,0.000,0.000,0.000,0.000,0.000,0.000,0,0,0,0,0,0,0,0,0,0,0,0,0,0,0,0,0,0,12151,5998,5956,168,1,24165,11772,2498,85242,38067,6055,10409,4416,906,90,60,0,51925,20969,4830,8115,3664,784,0,0,0,0,0,0,2551.205,157.139,16332.351,1163.721,76,174,0,425,121,641,1197,433,123,1802,302,452,488,556,370,819,177,160,318,424,122,0,0,0,0,0,0,0,0,0,0,0,0,739,696,333,98,0,0,0,0,576,276,141,30,0,0,0,1,0,0,0,0,0,0,0,0,0,0,0,0,0,0,0,0,0.5143,0.4672,18,0,0,0.4763,0.4097,23,1,0
12271,409.0,5988,38,28,3964,2024,0,0,3905,884.78,0.888,0.806,0.747,0.070,0.650,-0.958,1.893,0.4073,2.1444,0.561,0.001,0.005,0.202,-0.023,57,63,43,5,298,0,151405.86,53510.540,24538.744,44.549,29234.513,24.260,55935.561,30212.894,6007.499,19031.435,15225.149,2636.382,1080.445,1335.808,0.000239,0.027224,8362,0,12,31,43,12,99439,204,31,44.524,0,0,0,0,0,0,0,0,0,0,0,0,0,0,60863,1012,8158,55290.365,24116.871,28895.380,0.024,44.524,36106.708,26261.719,71.256,272,269,51,12,206,148755,0,0,0,0.000,0.000,0.000,0.000,0.000,0.000,0.000,0.000,0,0,0,0,0,0,0,0,0,0.000,0.000,0.000,0.000,0.000,0.000,0.000,0.000,0,0,0,0,0,0,0,0,0,0.000,0.000,0.000,0.000,0.000,0.000,0.000,0.000,0,0,0,0,0,0,0,0,0,0.000,0.000,0.000,0.000,0.000,0.000,0.000,0.000,0,0,0,0,0,0,0,0,0,0.000,0.000,0.000,0.000,0.000,0.000,0.000,0.000,0,0,0,0,0,0,1,0,0,0,0,0,0,0,0,0,0,0,12151,5998,5956,168,1,23724,11604,2242,84892,37645,5945,10363,4666,779,90,60,0,52639,20859,4417,8224,3674,800,0,0,0,0,0,0,2532.720,145.924,16374.990,1077.824,51,145,0,381,113,576,1064,392,101,1803,297,458,499,528,379,819,146,147,312,488,112,0,0,0,0,0,0,0,0,0,0,0,0,716,710,336,101,0,0,0,1,575,302,151,31,0,0,0,0,0,0,0,0,0,0,0,0,0,0,0,0,0,0,0,0,0.5059,0.5085,18,0,0,0.4581,0.4432,23,1,0
12301,410.0,5707,34,27,3861,1846,0,0,3737,786.21,0.868,0.790,0.752,0.067,0.664,-0.958,1.897,0.4074,2.1401,0.575,0.000,0.003,0.204,-0.023,56,90,39,7,355,0,132252.86,50910.207,24092.989,36.558,26569.365,25.109,54104.838,29061.743,5773.447,9908.622,7926.897,1967.117,87.796,1216.087,0.000385,0.030643,8306,0,11,28,39,11,98605,246,27,33.069,0,0,0,0,0,0,0,0,0,0,0,0,0,0,58743,993,8060,52107.895,23705.071,26241.453,0.037,33.069,34602.331,25135.623,87.646,142,320,80,11,229,153381,0,0,0,0.000,0.000,0.000,0.000,0.000,0.000,0.000,0.000,0,0,0,0,0,0,0,0,0,0.000,0.000,0.000,0.000,0.000,0.000,0.000,0.000,0,0,0,0,0,0,0,0,0,0.000,0.000,0.000,0.000,0.000,0.000,0.000,0.000,0,0,0,0,0,0,0,0,0,0.000,0.000,0.000,0.000,0.000,0.000,0.000,0.000,0,0,0,0,0,0,0,0,0,0.000,0.000,0.000,0.000,0.000,0.000,0.000,0.000,0,0,0,0,0,0,0,0,0,0,0,0,0,0,0,0,0,0,12301,5707,5684,75,0,23304,11561,1977,84171,37320,6092,10163,4524,988,90,60,0,50956,20111,3822,7787,3249,785,0,0,0,0,0,0,2520.075,147.735,15535.934,955.396,53,128,2,357,88,596,1045,353,100,1756,306,452,470,515,362,692,150,138,297,463,106,0,0,0,0,0,0,0,0,0,0,0,0,703,687,317,91,0,0,0,1,558,272,139,35,0,0,0,0,0,0,0,0,0,0,0,0,0,0,0,0,0,0,0,0,0.5138,0.4640,19,0,0,0.4418,0.4526,25,1,0
12331,411.0,5284,35,27,3705,1579,0,0,3458,778.83,0.834,0.761,0.762,0.065,0.687,-0.959,1.902,0.4064,2.1287,0.599,0.000,0.004,0.209,-0.024,62,97,47,8,426,0,117433.84,48151.703,21097.597,42.024,22366.836,22.576,49025.549,25139.382,5400.286,7627.778,6102.223,1924.957,63.347,1031.269,0.000280,0.033304,7080,0,11,36,47,11,95194,242,36,41.982,0,0,0,0,0,0,0,0,0,0,0,0,0,0,51541,872,6838,44629.541,20727.191,22034.978,0.040,41.982,30275.644,21375.189,80.021,116,383,77,11,295,198172,0,0,0,0.000,0.000,0.000,0.000,0.000,0.000,0.000,0.000,0,0,0,0,0,0,0,0,0,0.000,0.000,0.000,0.000,0.000,0.000,0.000,0.000,0,0,0,0,0,0,0,0,0,0.000,0.000,0.000,0.000,0.000,0.000,0.000,0.000,0,0,0,0,0,0,0,0,0,0.000,0.000,0.000,0.000,0.000,0.000,0.000,0.000,0,0,0,0,0,0,0,0,0,0.000,0.000,0.000,0.000,0.000,0.000,0.000,0.000,0,0,0,0,0,0,0,0,0,0,0,0,0,0,0,0,0,0,12301,5707,5684,75,0,22633,11199,2072,81128,35987,6516,9762,4568,863,90,41,13,44893,16574,3984,6648,2519,762,0,0,0,0,0,0,2445.015,148.984,12549.736,981.476,54,121,0,274,100,549,922,288,94,1695,304,422,462,476,346,584,141,125,241,403,85,0,0,0,0,0,0,0,0,0,0,0,0,658,654,301,92,0,0,0,1,498,199,129,28,0,0,0,0,0,0,0,0,0,0,0,0,0,0,0,0,0,0,0,0,0.5174,0.4680,20,0,0,0.4327,0.4109,24,1,0
12361,412.0,4944,41,27,3621,1323,0,0,3230,754.04,0.791,0.727,0.775,0.063,0.715,-0.959,1.904,0.4030,2.1327,0.600,0.001,0.003,0.214,-0.026,71,66,33,4,370,0,107753.45,45503.107,18856.231,35.701,18730.347,28.707,43527.490,21844.594,4952.947,5974.403,4779.522,1674.813,47.038,833.677,0.000262,0.035807,5764,0,6,27,33,6,91754,306,23,33.908,0,0,0,0,0,0,0,0,0,0,0,0,0,0,43481,776,5458,38430.369,18489.074,18299.974,0.028,33.908,25439.265,18236.898,66.698,78,334,61,6,267,162329,0,0,0,0.000,0.000,0.000,0.000,0.000,0.000,0.000,0.000,0,0,0,0,0,0,0,0,0,0.000,0.000,0.000,0.000,0.000,0.000,0.000,0.000,0,0,0,0,0,0,0,0,0,0.000,0.000,0.000,0.000,0.000,0.000,0.000,0.000,0,0,0,0,0,0,0,0,0,0.000,0.000,0.000,0.000,0.000,0.000,0.000,0.000,0,0,0,0,0,0,0,0,0,0.000,0.000,0.000,0.000,0.000,0.000,0.000,0.000,0,0,0,0,0,0,0,0,0,0,0,0,0,0,0,0,0,0,12301,5707,5684,75,0,21797,10869,1827,78495,34994,6273,9517,4744,705,90,30,0,37952,14264,3217,5529,2198,522,0,0,0,0,0,0,2369.943,139.073,10963.899,780.660,55,102,0,285,77,468,824,292,64,1679,287,417,427,473,338,516,106,111,174,367,49,0,0,0,0,0,0,0,0,0,0,0,0,627,641,289,98,0,0,0,0,409,168,99,25,0,0,0,0,0,0,0,0,0,0,0,0,0,0,0,0,0,0,0,0,0.5168,0.4535,18,0,0,0.4488,0.4670,23,1,0
12391,413.0,4704,49,27,3554,1150,0,0,3002,741.35,0.759,0.701,0.782,0.061,0.736,-0.959,1.910,0.4033,2.1023,0.610,0.001,0.002,0.218,-0.026,80,67,13,5,306,0,101940.98,43167.948,16871.031,15.733,16257.606,33.135,39230.821,19083.205,4563.743,6739.568,5391.654,863.912,78.053,699.530,0.000308,0.038194,4917,0,2,11,13,2,90642,261,9,15.044,0,0,0,0,0,0,0,0,0,0,0,0,0,0,36948,692,4656,33994.328,16552.693,16046.313,0.004,15.044,21557.574,15586.100,36.400,89,262,57,2,203,113240,0,0,0,0.000,0.000,0.000,0.000,0.000,0.000,0.000,0.000,0,0,0,0,0,0,0,0,0,0.000,0.000,0.000,0.000,0.000,0.000,0.000,0.000,0,0,0,0,0,0,0,0,0,0.000,0.000,0.000,0.000,0.000,0.000,0.000,0.000,0,0,0,0,0,0,0,0,0,0.000,0.000,0.000,0.000,0.000,0.000,0.000,0.000,0,0,0,0,0,0,0,0,0,0.000,0.000,0.000,0.000,0.000,0.000,0.000,0.000,0,0,0,0,0,0,0,0,0,0,0,0,0,0,0,0,0,0,12301,5707,5684,75,0,21184,10663,1798,76733,34377,5764,9446,4928,740,90,30,17,32413,12624,2668,4535,1693,425,0,0,0,0,0,0,2336.007,130.162,9622.943,638.553,58,82,0,255,79,406,732,256,70,1661,279,394,422,464,334,428,90,97,189,318,28,0,0,0,0,0,0,0,0,0,0,0,0,603,628,289,92,0,0,0,2,344,165,101,22,0,0,0,0,0,0,0,0,0,0,0,0,0,0,0,0,0,0,0,0,0.5403,0.4446,18,1,0,0.4485,0.4572,21,1,0
12421,414.0,4487,50,27,3486,1001,0,0,2783,828.56,0.728,0.676,0.790,0.059,0.755,-0.959,1.912,0.4011,2.1100,0.630,0.002,0.003,0.222,-0.027,72,64,17,5,241,0,98850.73,41080.700,15235.686,16.298,14931.678,37.532,36037.742,16792.125,4199.589,4827.203,3861.762,758.540,31.939,637.562,0.000160,0.040116,4129,0,2,15,17,2,89074,219,14,15.492,0,0,0,0,0,0,0,0,0,0,0,0,0,0,32162,623,3910,30775.076,14899.753,14603.204,0.005,15.492,18710.577,13383.660,27.398,61,210,49,2,159,98941,0,0,0,0.000,0.000,0.000,0.000,0.000,0.000,0.000,0.000,0,0,0,0,0,0,0,0,0,0.000,0.000,0.000,0.000,0.000,0.000,0.000,0.000,0,0,0,0,0,0,0,0,0,0.000,0.000,0.000,0.000,0.000,0.000,0.000,0.000,0,0,0,0,0,0,0,0,0,0.000,0.000,0.000,0.000,0.000,0.000,0.000,0.000,0,0,0,0,0,0,0,0,0,0.000,0.000,0.000,0.000,0.000,0.000,0.000,0.000,0,0,0,0,0,0,0,0,0,0,0,0,0,0,0,0,0,0,12301,5707,5684,75,0,20645,10282,1999,75343,33982,5909,9495,5046,778,90,44,16,28288,10723,2526,3874,1394,300,0,0,0,0,0,0,2298.062,136.444,8066.938,591.440,45,73,0,229,80,359,667,223,80,1657,261,392,428,431,317,375,81,70,153,275,47,0,0,0,0,0,0,0,0,0,0,0,0,584,615,278,90,0,0,0,1,290,154,91,10,0,0,0,0,0,0,0,0,0,0,0,0,0,0,0,0,0,0,0,0,0.5591,0.4337,19,1,0,0.4304,0.4656,21,0,0
12451,415.0,4344,46,30,3459,885,0,0,2551,870.26,0.700,0.655,0.799,0.057,0.773,-0.960,1.915,0.4039,2.1363,0.616,0.002,0.003,0.225,-0.028,65,71,13,6,226,0,97076.05,39392.960,14678.851,28.725,13182.171,35.688,33491.728,15192.207,3841.442,7226.847,5781.478,1249.499,32.795,622.170,0.000192,0.041373,3639,0,2,11,13,2,87539,204,10,25.549,0,0,0,0,0,0,0,0,0,0,0,0,0,0,28319,599,3435,28457.548,14326.776,12932.291,0.009,25.549,16443.561,11853.108,18.216,84,200,51,2,147,87445,0,0,0,0.000,0.000,0.000,0.000,0.000,0.000,0.000,0.000,0,0,0,0,0,0,0,0,0,0.000,0.000,0.000,0.000,0.000,0.000,0.000,0.000,0,0,0,0,0,0,0,0,0,0.000,0.000,0.000,0.000,0.000,0.000,0.000,0.000,0,0,0,0,0,0,0,0,0,0.000,0.000,0.000,0.000,0.000,0.000,0.000,0.000,0,0,0,0,0,0,0,0,0,0.000,0.000,0.000,0.000,0.000,0.000,0.000,0.000,0,0,0,0,0,0,0,0,0,0,0,0,0,0,0,0,0,0,12451,4344,4310,30,3,20268,10206,1675,74126,33802,5963,9592,5312,557,90,60,0,24739,9233,1885,3580,1249,296,0,0,0,0,0,0,2282.851,128.473,7025.895,465.666,42,63,0,216,56,368,644,226,46,1625,281,387,395,439,332,333,67,64,143,248,30,0,0,0,0,0,0,0,0,0,0,0,0,570,624,276,83,0,0,0,0,279,124,67,15,0,0,0,0,0,0,0,0,0,0,0,0,0,0,0,0,0,0,0,0,0.5383,0.4613,17,0,0,0.4487,0.4409,19,0,0
12481,416.0,4237,48,30,3416,821,0,0,2336,902.08,0.686,0.643,0.801,0.056,0.782,-0.958,1.917,0.4022,2.1767,0.634,0.001,0.005,0.227,-0.028,80,53,15,4,174,0,95410.02,38166.778,12006.525,29.453,13417.925,41.940,31674.562,14037.454,3543.800,5865.523,4692.418,809.395,23.142,607.334,0.000227,0.042415,3504,0,2,13,15,2,87096,184,9,19.760,0,0,0,0,0,0,0,0,0,0,0,0,0,0,25678,486,3320,25773.927,11550.082,13154.370,0.002,19.760,14848.071,10732.079,20.880,69,133,36,2,95,53002,0,0,0,0.000,0.000,0.000,0.000,0.000,0.000,0.000,0.000,0,0,0,0,0,0,0,0,0,0.000,0.000,0.000,0.000,0.000,0.000,0.000,0.000,0,0,0,0,0,0,0,0,0,0.000,0.000,0.000,0.000,0.000,0.000,0.000,0.000,0,0,0,0,0,0,0,0,0,0.000,0.000,0.000,0.000,0.000,0.000,0.000,0.000,0,0,0,0,0,0,0,0,0,0.000,0.000,0.000,0.000,0.000,0.000,0.000,0.000,0,0,0,0,0,0,0,0,0,0,0,0,0,0,0,0,0,0,12451,4344,4310,30,3,19966,10186,1817,73390,32944,6253,9630,5350,565,90,60,0,22541,8432,1653,3137,1210,258,0,0,0,0,0,0,2250.816,136.100,6460.781,400.229,57,51,0,180,56,306,540,190,39,1624,265,391,379,431,326,294,78,74,131,203,41,0,0,0,0,0,0,0,0,0,0,0,0,568,613,267,79,0,0,0,0,255,111,68,15,0,0,0,0,0,0,0,0,0,0,0,0,0,0,0,0,0,0,0,0,0.5867,0.4709,16,0,0,0.4597,0.4372,19,0,0
12511,417.0,4164,49,30,3395,769,0,0,2165,928.27,0.674,0.633,0.803,0.055,0.791,-0.958,1.922,0.4011,2.1209,0.634,0.002,0.009,0.228,-0.028,81,57,17,5,159,0,95973.72,37064.633,12723.485,32.341,12132.464,40.770,30266.608,13054.797,3227.086,6743.873,5395.099,679.903,97.735,581.862,0.000234,0.043865,3064,0,1,16,17,1,86568,287,14,28.010,0,0,0,0,0,0,0,0,0,0,0,0,0,0,23661,520,2777,25066.550,12388.977,11607.413,0.001,28.010,13663.527,9798.818,10.871,74,126,40,1,85,44527,0,0,0,0.000,0.000,0.000,0.000,0.000,0.000,0.000,0.000,0,0,0,0,0,0,0,0,0,0.000,0.000,0.000,0.000,0.000,0.000,0.000,0.000,0,0,0,0,0,0,0,0,0,0.000,0.000,0.000,0.000,0.000,0.000,0.000,0.000,0,0,0,0,0,0,0,0,0,0.000,0.000,0.000,0.000,0.000,0.000,0.000,0.000,0,0,0,0,0,0,0,0,0,0.000,0.000,0.000,0.000,0.000,0.000,0.000,0.000,0,0,0,0,0,0,0,0,0,0,0,0,0,0,0,0,0,0,12451,4344,4310,30,3,19716,10070,1674,72684,32778,5874,9673,5131,766,90,60,0,20698,7608,1823,2963,1012,327,0,0,0,0,0,0,2231.640,127.517,5674.454,450.838,48,46,0,194,68,300,561,192,61,1574,299,393,367,425,337,293,62,66,121,187,40,0,0,0,0,0,0,0,0,0,0,0,0,568,610,267,77,0,0,0,0,234,104,63,13,0,0,0,0,0,0,0,0,0,0,0,0,0,0,0,0,0,0,0,0,0.5736,0.4412,18,1,0,0.4578,0.4329,19,0,0
12541,418.0,4102,57,30,3382,720,0,0,2057,839.03,0.661,0.624,0.808,0.054,0.799,-0.958,1.926,0.4031,2.1349,0.635,0.002,0.010,0.230,-0.029,88,57,11,3,135,0,95278.52,36001.641,11057.627,18.363,12122.306,42.983,29385.323,12503.634,3031.390,6222.441,4977.953,903.470,113.695,590.822,0.000195,0.044118,2930,0,3,8,11,3,85881,213,8,18.267,0,0,0,0,0,0,0,0,0,0,0,0,0,0,22383,453,2717,23477.300,10714.849,11748.070,0.096,18.267,12913.843,9285.640,12.939,75,124,41,3,80,52093,0,0,0,0.000,0.000,0.000,0.000,0.000,0.000,0.000,0.000,0,0,0,0,0,0,0,0,0,0.000,0.000,0.000,0.000,0.000,0.000,0.000,0.000,0,0,0,0,0,0,0,0,0,0.000,0.000,0.000,0.000,0.000,0.000,0.000,0.000,0,0,0,0,0,0,0,0,0,0.000,0.000,0.000,0.000,0.000,0.000,0.000,0.000,0,0,0,0,0,0,0,0,0,0.000,0.000,0.000,0.000,0.000,0.000,0.000,0.000,0,0,0,0,0,0,0,0,0,0,0,0,0,0,0,0,0,0,12451,4344,4310,30,3,19446,9872,1673,72346,32569,5646,9697,4986,785,90,68,11,19525,7298,1536,2858,961,282,0,0,0,0,0,0,2193.773,124.475,5518.911,371.351,62,47,0,177,47,280,496,178,43,1590,267,413,358,423,331,271,57,49,122,188,33,0,0,0,0,0,0,0,0,0,0,0,0,564,606,270,84,0,0,0,1,226,103,46,16,0,0,0,1,0,0,0,0,0,0,0,0,0,0,0,0,0,0,0,0,0.5851,0.4542,17,1,0,0.4647,0.4725,19,0,0
12571,419.0,4041,46,30,3348,693,0,0,1953,966.33,0.655,0.617,0.809,0.053,0.803,-0.958,1.928,0.4000,2.0878,0.640,0.002,0.003,0.231,-0.029,85,57,35,4,120,0,94953.89,35827.566,11005.497,68.036,11343.334,43.541,28539.118,12176.190,2866.783,6400.540,5120.432,1692.252,137.485,533.800,0.000164,0.044518,2658,0,4,31,35,4,85434,168,25,53.112,0,0,0,0,0,0,0,0,0,0,0,0,0,0,21155,451,2490,22756.867,10685.006,11106.068,0.021,53.112,12190.334,8962.204,18.185,73,101,35,4,62,36992,0,0,0,0.000,0.000,0.000,0.000,0.000,0.000,0.000,0.000,0,0,0,0,0,0,0,0,0,0.000,0.000,0.000,0.000,0.000,0.000,0.000,0.000,0,0,0,0,0,0,0,0,0,0.000,0.000,0.000,0.000,0.000,0.000,0.000,0.000,0,0,0,0,0,0,0,0,0,0.000,0.000,0.000,0.000,0.000,0.000,0.000,0.000,0,0,0,0,0,0,0,0,0,0.000,0.000,0.000,0.000,0.000,0.000,0.000,0.000,0,0,0,0,0,0,1,0,0,0,0,0,0,0,0,0,0,0,12451,4344,4310,30,3,19151,9797,1704,72348,32900,5497,9520,4918,690,90,90,0,18456,7115,1595,2699,1083,252,0,0,0,0,0,0,2189.967,120.616,5460.045,382.794,56,37,0,171,57,251,490,190,45,1580,268,411,359,405,325,263,58,40,116,187,29,0,0,0,0,0,0,0,0,0,0,0,0,544,595,280,81,0,0,0,0,219,101,41,11,0,0,0,0,0,0,0,0,0,0,0,0,0,0,0,0,0,0,0,0,0.5644,0.4585,16,0,0,0.4704,0.4655,20,0,0
12601,420.0,3982,59,29,3337,645,0,0,1927,881.77,0.641,0.606,0.812,0.052,0.812,-0.957,1.932,0.3995,2.1739,0.626,0.002,0.008,0.233,-0.030,81,52,25,5,135,0,94635.06,35005.659,9905.085,39.815,10992.738,38.002,27759.406,11642.779,2743.190,5978.398,4782.718,1340.505,54.701,533.126,0.000153,0.043851,2649,0,1,24,25,1,84866,196,22,36.766,0,0,0,0,0,0,0,0,0,0,0,0,0,0,20150,405,2453,21252.405,9605.734,10703.803,0.000,36.766,11594.045,8474.564,24.597,55,103,37,1,65,38431,0,0,0,0.000,0.000,0.000,0.000,0.000,0.000,0.000,0.000,0,0,0,0,0,0,0,0,0,0.000,0.000,0.000,0.000,0.000,0.000,0.000,0.000,0,0,0,0,0,0,0,0,0,0.000,0.000,0.000,0.000,0.000,0.000,0.000,0.000,0,0,0,0,0,0,0,0,0,0.000,0.000,0.000,0.000,0.000,0.000,0.000,0.000,0,0,0,0,0,0,0,0,0,0.000,0.000,0.000,0.000,0.000,0.000,0.000,0.000,0,0,0,0,0,0,0,0,0,0,0,0,0,0,0,0,0,0,12601,3982,3971,3,0,18769,9701,1358,72004,32498,5867,9540,5016,703,90,69,20,17682,6784,1439,2468,1022,178,0,0,0,0,0,0,2158.144,123.563,5105.933,335.190,66,30,0,173,39,245,444,163,32,1564,264,398,375,405,331,254,57,46,102,157,29,0,0,0,0,0,0,0,0,0,0,0,0,543,598,282,85,0,0,0,1,190,97,33,14,0,0,0,0,0,0,0,0,0,0,0,0,0,0,0,0,0,0,0,0,0.5507,0.4227,14,0,0,0.4607,0.4409,20,0,0
12631,421.0,3978,48,29,3344,634,0,0,1840,951.52,0.637,0.602,0.811,0.052,0.815,-0.957,1.932,0.3996,2.1318,0.632,0.002,0.006,0.233,-0.031,92,52,28,2,99,0,96182.04,34880.964,10742.252,63.985,10438.463,39.020,27095.003,11283.830,2630.321,7079.815,5663.852,1075.483,138.410,501.216,0.000129,0.043968,2443,0,1,27,28,1,84679,173,22,55.365,0,0,0,0,0,0,0,0,0,0,0,0,0,0,19232,442,2270,21569.858,10444.888,10177.043,0.003,55.365,11058.814,8136.933,28.872,74,85,33,1,51,28245,0,0,0,0.000,0.000,0.000,0.000,0.000,0.000,0.000,0.000,0,0,0,0,0,0,0,0,0,0.000,0.000,0.000,0.000,0.000,0.000,0.000,0.000,0,0,0,0,0,0,0,0,0,0.000,0.000,0.000,0.000,0.000,0.000,0.000,0.000,0,0,0,0,0,0,0,0,0,0.000,0.000,0.000,0.000,0.000,0.000,0.000,0.000,0,0,0,0,0,0,0,0,0,0.000,0.000,0.000,0.000,0.000,0.000,0.000,0.000,0,0,0,0,0,0,0,0,0,0,0,0,0,0,0,0,0,0,12601,3982,3971,3,0,18536,9428,1313,71984,32317,5975,9369,5100,569,90,30,25,16874,6366,1640,2358,1155,163,0,0,0,0,0,0,2134.441,119.972,4978.152,401.743,48,38,0,153,57,261,482,163,49,1567,266,388,370,405,348,243,64,44,113,141,29,0,0,0,0,0,0,0,0,0,0,0,0,541,598,291,81,0,0,0,0,177,92,49,9,0,0,0,0,0,0,0,0,0,0,0,0,0,0,0,0,0,0,0,0,0.5976,0.4513,14,1,0,0.4678,0.4592,19,0,0
12661,422.0,3994,60,29,3370,624,0,0,1811,850.23,0.632,0.598,0.811,0.051,0.819,-0.956,1.931,0.4012,2.1616,0.627,0.001,0.011,0.234,-0.031,113,54,28,3,89,0,98055.85,35445.383,10124.557,69.428,11759.686,44.811,26823.726,11037.692,2553.035,7449.853,5959.882,1130.587,153.650,576.892,0.000163,0.044202,2562,0,2,26,28,2,85038,250,20,57.722,0,0,0,0,0,0,0,0,0,0,0,0,0,0,18753,415,2312,21982.666,9843.599,11171.841,0.000,57.722,10752.852,7915.012,19.375,75,85,34,2,49,25739,0,0,0,0.000,0.000,0.000,0.000,0.000,0.000,0.000,0.000,0,0,0,0,0,0,0,0,0,0.000,0.000,0.000,0.000,0.000,0.000,0.000,0.000,0,0,0,0,0,0,0,0,0,0.000,0.000,0.000,0.000,0.000,0.000,0.000,0.000,0,0,0,0,0,0,0,0,0,0.000,0.000,0.000,0.000,0.000,0.000,0.000,0.000,0,0,0,0,0,0,0,0,0,0.000,0.000,0.000,0.000,0.000,0.000,0.000,0.000,0,0,0,0,0,0,0,0,0,0,0,0,0,0,0,0,0,0,12601,3982,3971,3,0,18538,8950,1571,72671,32276,6254,9449,4942,784,69,30,0,16553,6223,1457,2197,955,227,3,0,0,0,0,0,2089.022,128.008,4790.579,362.847,58,44,0,152,58,255,453,156,47,1536,295,382,391,406,360,226,66,38,128,135,31,0,0,0,0,0,0,0,0,0,0,0,0,544,614,295,86,0,0,0,0,190,91,48,2,0,0,0,1,0,0,0,0,0,0,0,0,0,0,0,0,0,0,0,0,0.5741,0.4522,15,0,0,0.4590,0.4546,18,0,0
12691,423.0,4071,66,29,3418,653,0,0,1823,824.49,0.638,0.603,0.807,0.052,0.815,-0.955,1.935,0.4016,2.1546,0.612,0.003,0.008,0.233,-0.031,80,31,26,0,84,0,100928.05,35490.204,11825.013,54.704,11760.496,40.612,27049.399,11092.852,2531.036,8763.457,7010.766,1345.573,133.864,592.312,0.000218,0.045220,2560,0,2,24,26,2,85787,211,24,54.699,0,0,0,0,0,0,0,0,0,0,0,0,0,0,18983,490,2349,23880.930,11533.876,11279.624,0.005,54.699,10861.900,7920.034,31.718,93,64,21,2,41,18783,0,0,0,0.000,0.000,0.000,0.000,0.000,0.000,0.000,0.000,0,0,0,0,0,0,0,0,0,0.000,0.000,0.000,0.000,0.000,0.000,0.000,0.000,0,0,0,0,0,0,0,0,0,0.000,0.000,0.000,0.000,0.000,0.000,0.000,0.000,0,0,0,0,0,0,0,0,0,0.000,0.000,0.000,0.000,0.000,0.000,0.000,0.000,0,0,0,0,0,0,0,0,0,0.000,0.000,0.000,0.000,0.000,0.000,0.000,0.000,0,0,0,0,0,0,0,0,0,0,0,0,0,0,0,0,0,0,12601,3982,3971,3,0,18768,8771,1528,73599,33180,5972,9413,4693,944,60,30,0,17012,6218,1580,1941,839,205,30,20,9,0,0,0,2119.291,122.017,4752.842,386.060,51,44,0,204,63,267,528,187,54,1564,291,388,395,416,364,262,62,53,120,134,22,0,0,0,0,0,0,0,0,0,0,0,0,560,617,303,83,0,0,0,0,180,87,51,11,0,0,0,0,0,0,0,0,0,0,0,0,0,0,0,0,0,0,0,0,0.5402,0.4574,14,0,0,0.4637,0.4322,18,0,0
12721,424.0,4119,62,29,3442,677,0,0,1850,888.26,0.644,0.607,0.802,0.052,0.811,-0.956,1.936,0.4003,2.1785,0.622,0.002,0.007,0.233,-0.031,84,47,27,1,82,0,104938.50,37088.840,12684.597,46.813,11132.146,35.972,27679.174,11924.248,2569.829,8458.800,6767.040,1327.336,56.560,560.892,0.000198,0.045876,2529,0,4,23,27,4,87028,195,20,42.787,0,0,0,0,0,0,0,0,0,0,0,0,0,0,19923,525,2334,24282.418,12338.110,10856.945,0.006,42.787,11390.421,8748.547,26.627,93,69,29,4,36,20119,0,0,0,0.000,0.000,0.000,0.000,0.000,0.000,0.000,0.000,0,0,0,0,0,0,0,0,0,0.000,0.000,0.000,0.000,0.000,0.000,0.000,0.000,0,0,0,0,0,0,0,0,0,0.000,0.000,0.000,0.000,0.000,0.000,0.000,0.000,0,0,0,0,0,0,0,0,0,0.000,0.000,0.000,0.000,0.000,0.000,0.000,0.000,0,0,0,0,0,0,0,0,0,0.000,0.000,0.000,0.000,0.000,0.000,0.000,0.000,0,0,0,0,0,0,0,0,0,0,0,0,0,0,0,0,0,0,12601,3982,3971,3,0,18789,8680,1445,74495,33703,5615,9474,4674,841,60,30,0,17811,7465,1551,2087,859,186,25,25,0,0,0,0,2115.041,117.769,5650.846,389.866,50,34,1,199,64,300,567,210,53,1577,252,413,403,427,370,285,51,44,111,172,14,0,0,0,0,0,0,0,0,0,0,0,0,576,640,310,87,0,0,0,0,193,97,46,5,0,0,0,0,0,0,0,0,0,0,0,0,0,0,0,0,0,0,0,0,0.5412,0.4339,16,0,0,0.4919,0.4467,19,0,0
12751,425.0,4227,57,29,3506,721,0,0,1871,930.23,0.653,0.613,0.797,0.053,0.806,-0.956,1.935,0.3966,2.2113,0.603,0.002,0.007,0.232,-0.031,102,46,26,6,77,0,109614.77,38466.131,13704.862,45.812,13103.745,37.625,28323.314,12252.663,2602.305,10651.333,8521.066,1260.156,292.349,679.478,0.000212,0.045934,2809,0,0,26,26,0,88139,246,24,41.420,0,0,0,0,0,0,0,0,0,0,0,0,0,0,20883,568,2563,27083.755,13312.079,12555.792,0.000,41.420,11942.347,9072.983,16.450,114,70,31,0,39,14780,0,0,0,0.000,0.000,0.000,0.000,0.000,0.000,0.000,0.000,0,0,0,0,0,0,0,0,0,0.000,0.000,0.000,0.000,0.000,0.000,0.000,0.000,0,0,0,0,0,0,0,0,0,0.000,0.000,0.000,0.000,0.000,0.000,0.000,0.000,0,0,0,0,0,0,0,0,0,0.000,0.000,0.000,0.000,0.000,0.000,0.000,0.000,0,0,0,0,0,0,0,0,0,0.000,0.000,0.000,0.000,0.000,0.000,0.000,0.000,0,0,0,0,0,0,0,0,0,0,0,0,0,0,0,0,0,0,12751,4227,4224,4,0,18948,8545,1537,75149,33657,5679,9846,4860,646,63,30,0,18709,7401,1700,2174,893,175,0,0,0,0,0,0,2093.769,116.959,5625.239,410.571,49,27,0,189,57,363,614,196,60,1572,264,432,423,437,378,282,52,32,122,206,27,0,0,0,0,0,0,0,0,0,0,0,0,604,664,309,93,0,0,0,0,220,110,52,5,0,0,0,0,0,0,0,0,0,0,0,0,0,0,0,0,0,0,0,0,0.5482,0.4631,17,1,0,0.4610,0.4629,19,0,0
12781,426.0,4341,83,29,3592,749,0,0,1964,699.64,0.655,0.615,0.793,0.053,0.804,-0.957,1.937,0.3987,2.1788,0.599,0.002,0.008,0.232,-0.031,88,31,43,1,84,0,114410.77,40126.910,13968.786,54.607,13549.003,43.816,29196.857,12764.329,2650.671,10763.062,8610.450,1643.845,235.915,710.073,0.000214,0.045948,2865,0,12,31,43,12,89625,144,29,50.858,0,0,0,0,0,0,0,0,0,0,0,0,0,0,21959,572,2721,27941.414,13500.670,13236.907,0.034,50.858,12574.072,9559.269,27.324,110,82,23,12,47,23611,0,0,0,0.000,0.000,0.000,0.000,0.000,0.000,0.000,0.000,0,0,0,0,0,0,0,0,0,0.000,0.000,0.000,0.000,0.000,0.000,0.000,0.000,0,0,0,0,0,0,0,0,0,0.000,0.000,0.000,0.000,0.000,0.000,0.000,0.000,0,0,0,0,0,0,0,0,0,0.000,0.000,0.000,0.000,0.000,0.000,0.000,0.000,0,0,0,0,0,0,0,0,0,0.000,0.000,0.000,0.000,0.000,0.000,0.000,0.000,0,0,0,0,0,0,0,0,0,0,0,0,0,0,0,0,0,0,12751,4227,4224,4,0,19184,8384,1325,76699,33966,6062,10170,4751,845,90,30,0,19622,7516,1540,2337,959,154,0,0,0,0,0,0,2073.278,124.578,5861.424,365.355,46,32,0,235,68,350,627,213,68,1580,286,446,459,427,394,279,61,41,113,213,42,0,0,0,0,0,0,0,0,0,0,0,0,626,674,318,107,0,0,0,1,233,124,46,6,0,0,0,0,0,0,0,0,0,0,0,0,0,0,0,0,0,0,0,0,0.5464,0.4439,16,1,0,0.4491,0.4229,19,0,0
12811,427.0,4474,96,29,3671,803,0,0,2009,730.78,0.665,0.623,0.788,0.054,0.798,-0.958,1.942,0.3984,2.1718,0.581,0.002,0.014,0.231,-0.030,79,29,48,5,93,0,120450.92,41896.617,15922.342,76.392,15605.976,40.522,30364.321,13366.730,2793.898,12591.587,10073.270,1783.573,268.569,759.788,0.000192,0.045543,3311,0,11,37,48,11,92071,204,35,71.583,0,0,0,0,0,0,0,0,0,0,0,0,0,0,23406,651,3107,31985.116,15422.858,15229.160,0.040,71.583,13372.567,10061.553,37.670,137,83,21,11,51,22865,0,0,0,0.000,0.000,0.000,0.000,0.000,0.000,0.000,0.000,0,0,0,0,0,0,0,0,0,0.000,0.000,0.000,0.000,0.000,0.000,0.000,0.000,0,0,0,0,0,0,0,0,0,0.000,0.000,0.000,0.000,0.000,0.000,0.000,0.000,0,0,0,0,0,0,0,0,0,0.000,0.000,0.000,0.000,0.000,0.000,0.000,0.000,0,0,0,0,0,0,0,0,0,0.000,0.000,0.000,0.000,0.000,0.000,0.000,0.000,0,0,0,0,0,0,0,0,0,0,0,0,0,0,0,0,0,0,12751,4227,4224,4,0,19550,8280,1168,78933,34620,6702,10461,5023,610,116,56,0,20912,7344,1765,2494,1044,208,0,0,0,0,0,0,2120.046,129.649,5839.926,443.101,60,41,0,260,65,405,717,257,55,1625,279,453,498,435,381,289,64,29,166,219,36,0,0,0,0,0,0,0,0,0,0,0,0,636,687,342,101,0,0,0,1,270,140,33,7,0,0,0,0,0,0,0,0,0,0,0,0,0,0,0,0,0,0,0,0,0.5519,0.4588,16,1,0,0.4151,0.3978,18,0,0
12841,428.0,4644,79,29,3746,898,0,0,2109,673.34,0.686,0.639,0.780,0.056,0.786,-0.957,1.947,0.4008,2.1859,0.574,0.002,0.011,0.229,-0.029,88,28,51,1,91,0,126332.62,43652.559,17951.556,112.860,17049.762,36.852,31782.102,14502.584,2899.303,14428.778,11543.023,2666.935,287.306,811.295,0.000241,0.045491,3607,0,8,43,51,8,93553,172,39,103.641,0,0,0,0,0,0,0,0,0,0,0,0,0,0,25445,741,3435,35681.244,17472.368,16662.546,0.025,103.641,14524.734,11098.873,47.503,168,73,21,8,44,21372,0,0,0,0.000,0.000,0.000,0.000,0.000,0.000,0.000,0.000,0,0,0,0,0,0,0,0,0,0.000,0.000,0.000,0.000,0.000,0.000,0.000,0.000,0,0,0,0,0,0,0,0,0,0.000,0.000,0.000,0.000,0.000,0.000,0.000,0.000,0,0,0,0,0,0,0,0,0,0.000,0.000,0.000,0.000,0.000,0.000,0.000,0.000,0,0,0,0,0,0,0,0,0,0.000,0.000,0.000,0.000,0.000,0.000,0.000,0.000,0,0,0,0,0,0,0,0,0,0,0,0,0,0,0,0,0,0,12751,4227,4224,4,0,19417,8133,1198,81006,35719,7080,10578,5281,584,120,60,0,22841,8494,1916,2604,1009,219,0,0,0,0,0,0,2206.813,132.367,6717.195,494.256,50,50,0,304,80,397,798,318,77,1664,295,452,515,430,390,354,58,60,166,221,39,0,0,0,0,0,0,0,0,0,0,0,0,618,709,358,100,0,0,0,2,295,130,46,15,0,0,0,0,0,0,0,0,0,0,0,0,0,0,0,0,0,0,0,0,0.5786,0.4508,15,1,0,0.4258,0.4238,17,0,0
12871,429.0,4868,63,29,3880,988,0,0,2258,685.67,0.699,0.648,0.773,0.057,0.777,-0.958,1.946,0.3997,2.2076,0.570,0.003,0.012,0.227,-0.028,94,33,42,2,83,0,133487.89,46613.757,19591.351,53.937,18821.547,37.719,33795.248,16135.572,3080.784,15836.992,12669.593,1674.798,305.005,944.966,0.000174,0.046622,4067,0,13,29,42,13,96026,226,27,51.965,0,0,0,0,0,0,0,0,0,0,0,0,0,0,28277,806,3841,39109.244,19183.302,18282.872,0.037,51.965,16134.275,12641.314,37.874,178,89,25,13,51,19931,0,0,0,0.000,0.000,0.000,0.000,0.000,0.000,0.000,0.000,0,0,0,0,0,0,0,0,0,0.000,0.000,0.000,0.000,0.000,0.000,0.000,0.000,0,0,0,0,0,0,0,0,0,0.000,0.000,0.000,0.000,0.000,0.000,0.000,0.000,0,0,0,0,0,0,0,0,0,0.000,0.000,0.000,0.000,0.000,0.000,0.000,0.000,0,0,0,0,0,0,0,0,0,0.000,0.000,0.000,0.000,0.000,0.000,0.000,0.000,0,0,0,0,0,0,1,0,0,0,0,0,0,0,0,0,0,0,12751,4227,4224,4,0,19939,8300,1476,83389,36906,7260,11036,5437,809,120,72,12,25399,9771,2329,2878,1045,277,0,0,0,0,0,0,2281.208,145.678,7778.071,617.163,52,39,0,287,86,464,853,324,77,1710,317,468,539,439,407,372,81,64,186,245,40,0,0,0,0,0,0,0,0,0,0,0,0,663,729,363,97,0,0,0,1,318,147,56,14,0,0,0,0,0,0,0,0,0,0,0,0,0,0,0,0,0,0,0,0,0.5782,0.4643,17,0,0,0.4094,0.4364,17,0,0
12901,430.0,5065,54,29,3979,1086,0,0,2431,703.72,0.716,0.660,0.767,0.058,0.768,-0.958,1.947,0.3992,2.2166,0.556,0.003,0.012,0.225,-0.027,107,38,43,3,100,0,140697.86,49883.398,20020.194,85.907,21063.902,39.225,35712.030,17318.717,3329.360,16019.653,12815.723,2062.988,197.865,954.646,0.000261,0.048663,4500,0,3,40,43,3,98437,365,35,75.069,0,0,0,0,0,0,0,0,0,0,0,0,0,0,30999,818,4135,41504.605,19461.955,20356.139,0.004,75.069,17684.381,13765.175,28.918,187,89,31,3,55,22224,0,0,0,0.000,0.000,0.000,0.000,0.000,0.000,0.000,0.000,0,0,0,0,0,0,0,0,0,0.000,0.000,0.000,0.000,0.000,0.000,0.000,0.000,0,0,0,0,0,0,0,0,0,0.000,0.000,0.000,0.000,0.000,0.000,0.000,0.000,0,0,0,0,0,0,0,0,0,0.000,0.000,0.000,0.000,0.000,0.000,0.000,0.000,0,0,0,0,0,0,0,0,0,0.000,0.000,0.000,0.000,0.000,0.000,0.000,0.000,0,0,0,0,0,0,0,0,0,0,0,0,0,0,0,0,0,0,12901,5065,5048,106,0,20638,8372,1678,85440,37391,7190,11555,5792,776,136,78,12,27912,10386,2413,3087,1172,240,0,0,0,0,0,0,2303.034,144.216,8355.965,614.934,64,45,1,330,77,466,882,322,61,1728,315,485,574,456,421,412,99,90,176,256,53,0,0,0,0,0,0,0,0,0,0,0,0,701,752,375,108,0,0,0,0,333,138,80,24,0,0,0,0,0,0,0,0,0,0,0,0,0,0,0,0,0,0,0,0,0.5416,0.4640,16,0,0,0.4258,0.4297,19,0,0
12931,431.0,5334,51,29,4131,1203,0,0,2623,642.07,0.732,0.672,0.759,0.060,0.758,-0.959,1.950,0.3986,2.2370,0.550,0.003,0.009,0.223,-0.026,92,35,24,2,111,0,148327.94,52560.414,22714.036,47.528,24455.703,41.163,38030.677,19280.850,3591.483,18372.234,14697.787,1701.279,296.815,1116.347,0.000171,0.049571,5266,0,1,23,24,1,101339,337,22,44.672,0,0,0,0,0,0,0,0,0,0,0,0,0,0,34256,925,4929,47658.956,22046.260,23678.595,0.001,44.672,19558.350,15623.059,33.233,207,90,29,1,60,21402,0,0,0,0.000,0.000,0.000,0.000,0.000,0.000,0.000,0.000,0,0,0,0,0,0,0,0,0,0.000,0.000,0.000,0.000,0.000,0.000,0.000,0.000,0,0,0,0,0,0,0,0,0,0.000,0.000,0.000,0.000,0.000,0.000,0.000,0.000,0,0,0,0,0,0,0,0,0,0.000,0.000,0.000,0.000,0.000,0.000,0.000,0.000,0,0,0,0,0,0,0,0,0,0.000,0.000,0.000,0.000,0.000,0.000,0.000,0.000,0,0,0,0,0,0,0,0,0,0,0,0,0,0,0,0,0,0,12901,5065,5048,106,0,21108,8518,1336,88107,38129,7707,12156,6066,884,150,60,6,30976,12062,2821,3280,1237,418,0,0,0,0,0,0,2355.124,144.787,9765.397,744.432,53,59,0,361,102,530,996,373,100,1806,334,495,573,483,440,481,103,97,152,317,53,0,0,0,0,0,0,0,0,0,0,0,0,723,788,364,115,0,0,0,1,361,154,90,14,0,0,0,0,0,0,0,0,0,0,0,0,0,0,0,0,0,0,0,0,0.5456,0.4328,16,0,0,0.4523,0.4209,20,0,0
12961,432.0,5601,67,29,4276,1325,0,0,2863,503.85,0.747,0.684,0.751,0.060,0.748,-0.960,1.952,0.3966,2.2585,0.529,0.003,0.010,0.222,-0.026,80,30,38,0,113,0,157003.77,56647.136,24740.426,77.600,26627.836,36.049,40648.050,21102.373,3924.150,18895.655,15116.524,1832.816,322.368,1180.447,0.000380,0.049430,5742,0,4,34,38,4,104965,308,29,70.964,0,0,0,0,0,0,0,0,0,0,0,0,0,0,37890,1013,5434,52341.449,24182.584,26052.715,0.007,70.964,21610.837,17294.689,34.305,221,100,25,4,71,18498,0,0,0,0.000,0.000,0.000,0.000,0.000,0.000,0.000,0.000,0,0,0,0,0,0,0,0,0,0.000,0.000,0.000,0.000,0.000,0.000,0.000,0.000,0,0,0,0,0,0,0,0,0,0.000,0.000,0.000,0.000,0.000,0.000,0.000,0.000,0,0,0,0,0,0,0,0,0,0.000,0.000,0.000,0.000,0.000,0.000,0.000,0.000,0,0,0,0,0,0,0,0,0,0.000,0.000,0.000,0.000,0.000,0.000,0.000,0.000,0,0,0,0,0,0,1,0,0,0,0,0,0,0,0,0,0,0,12901,5065,5048,106,0,21920,8674,1641,91186,40422,7360,12792,6427,1005,150,60,0,34210,12979,2609,3680,1590,304,0,0,0,0,0,0,2465.578,146.447,10634.371,676.720,46,49,0,403,94,603,1084,396,83,1890,334,509,589,507,447,520,101,108,183,350,63,0,0,0,0,0,0,0,0,0,0,0,0,762,799,378,112,0,0,0,1,413,180,95,16,0,0,0,0,0,0,0,0,0,0,0,0,0,0,0,0,0,0,0,0,0.5856,0.4374,15,1,0,0.4652,0.4357,20,0,0
12991,433.0,5867,60,29,4387,1480,0,0,3151,599.07,0.770,0.702,0.741,0.062,0.735,-0.960,1.957,0.3973,2.2275,0.522,0.002,0.009,0.219,-0.025,75,28,34,3,132,0,165183.30,59447.890,27650.051,50.696,30081.263,32.743,43428.968,23357.264,4315.545,20786.920,16629.536,2117.662,256.869,1335.412,0.000227,0.051107,6551,0,6,28,34,6,108382,242,23,43.799,0,0,0,0,0,0,0,0,0,0,0,0,0,0,41996,1129,6309,58794.189,26909.411,29491.649,0.017,43.799,23889.373,19451.168,24.866,268,113,24,6,83,24604,0,0,0,0.000,0.000,0.000,0.000,0.000,0.000,0.000,0.000,0,0,0,0,0,0,0,0,0,0.000,0.000,0.000,0.000,0.000,0.000,0.000,0.000,0,0,0,0,0,0,0,0,0,0.000,0.000,0.000,0.000,0.000,0.000,0.000,0.000,0,0,0,0,0,0,0,0,0,0.000,0.000,0.000,0.000,0.000,0.000,0.000,0.000,0,0,0,0,0,0,0,0,0,0.000,0.000,0.000,0.000,0.000,0.000,0.000,0.000,0,0,0,0,0,0,0,0,0,0,0,0,0,0,0,0,0,0,12901,5065,5048,106,0,22583,8878,1798,93989,41773,7030,13373,6693,1083,150,60,0,38057,14805,3015,3939,1685,370,0,0,0,0,0,0,2529.780,147.232,12085.665,794.226,49,51,0,442,131,648,1228,455,115,1947,327,522,600,538,453,566,132,94,207,403,78,0,0,0,0,0,0,0,0,0,0,0,0,787,806,401,118,0,0,0,1,455,215,106,6,0,0,0,0,0,0,0,0,0,0,0,0,0,0,0,0,0,0,0,0,0.5772,0.4571,14,0,0,0.4711,0.4490,20,0,0
13021,434.0,5999,62,29,4455,1544,0,0,3477,566.71,0.776,0.706,0.737,0.062,0.730,-0.960,1.960,0.3963,2.2565,0.506,0.014,0.056,0.218,-0.024,82,44,54,5,135,0,172842.25,62515.603,28643.669,82.015,32724.132,31.842,45899.852,24805.736,4819.460,15881.652,12705.322,2669.088,740.369,1471.511,0.000216,0.051731,7623,0,8,46,54,8,109842,410,46,81.999,0,0,0,0,0,0,0,0,0,0,0,0,0,0,45729,1175,7213,62605.810,28000.183,32070.797,0.016,81.999,25999.415,20791.422,30.833,192,128,40,8,80,23643,0,0,0,0.000,0.000,0.000,0.000,0.000,0.000,0.000,0.000,0,0,0,0,0,0,0,0,0,0.000,0.000,0.000,0.000,0.000,0.000,0.000,0.000,0,0,0,0,0,0,0,0,0,0.000,0.000,0.000,0.000,0.000,0.000,0.000,0.000,0,0,0,0,0,0,0,0,0,0.000,0.000,0.000,0.000,0.000,0.000,0.000,0.000,0,0,0,0,0,0,0,0,0,0.000,0.000,0.000,0.000,0.000,0.000,0.000,0.000,0,0,0,0,0,0,0,0,0,0,0,0,0,0,0,0,0,0,12901,5065,5048,106,0,23040,8984,1690,96088,43208,7030,13866,7162,1049,174,57,0,41478,15839,3637,4251,1520,426,0,0,0,0,0,0,2603.115,141.845,12614.726,944.278,50,79,0,433,105,712,1248,450,102,1995,324,549,586,552,449,560,146,111,234,433,60,0,0,0,0,0,0,0,0,0,0,0,0,815,795,413,113,0,0,0,0,461,221,128,28,0,0,0,0,0,0,0,0,0,0,0,0,0,0,0,0,0,0,0,0,0.5709,0.4379,14,0,0,0.4532,0.4335,19,1,0
13051,435.0,5998,61,29,4457,1541,0,0,3647,562.78,0.775,0.706,0.737,0.062,0.731,-0.959,1.962,0.3960,2.2380,0.515,0.031,0.130,0.218,-0.024,72,38,48,4,131,0,184451.75,65254.703,32729.185,66.192,33764.086,29.812,46313.823,25076.735,5220.096,9714.624,7771.699,2337.371,4019.839,1529.785,0.000269,0.050448,7718,0,13,35,48,13,110349,398,33,64.061,0,0,0,0,0,0,0,0,0,0,0,0,0,0,46386,1343,7320,67911.294,31950.727,33225.804,0.010,64.061,26365.100,21051.043,25.381,124,127,30,13,84,24929,0,0,0,0.000,0.000,0.000,0.000,0.000,0.000,0.000,0.000,0,0,0,0,0,0,0,0,0,0.000,0.000,0.000,0.000,0.000,0.000,0.000,0.000,0,0,0,0,0,0,0,0,0,0.000,0.000,0.000,0.000,0.000,0.000,0.000,0.000,0,0,0,0,0,0,0,0,0,0.000,0.000,0.000,0.000,0.000,0.000,0.000,0.000,0,0,0,0,0,0,0,0,0,0.000,0.000,0.000,0.000,0.000,0.000,0.000,0.000,0,0,0,0,0,0,0,0,0,0,0,0,0,0,0,0,0,0,13051,5998,5984,154,0,22999,8994,1548,96376,43897,7849,14058,7388,784,150,30,0,42051,16054,3872,4335,1528,551,0,0,0,0,0,0,2624.229,149.777,12935.839,999.497,47,82,0,496,155,778,1430,496,149,2023,342,544,558,547,443,600,154,82,262,378,65,0,0,0,0,0,0,0,0,0,0,0,0,811,784,385,112,0,0,0,0,461,208,95,22,0,0,0,1,0,0,0,0,0,0,0,0,0,0,0,0,0,0,0,0,0.5998,0.4405,16,0,0,0.4532,0.4199,19,0,0
13081,436.0,5997,57,29,4463,1534,0,0,3782,558.29,0.773,0.705,0.736,0.062,0.732,-0.959,1.966,0.3968,2.2413,0.511,0.047,0.176,0.218,-0.024,81,24,42,2,167,0,197746.31,69750.759,33811.171,66.795,33586.660,33.224,46243.937,25655.700,5470.478,10174.877,8139.902,2992.503,6443.814,1492.760,0.000221,0.050153,7620,0,7,35,42,7,110260,473,29,57.691,0,0,0,0,0,0,0,0,0,0,0,0,0,0,46225,1387,7147,68702.333,33002.314,32964.913,0.005,57.691,26267.587,21618.662,16.765,126,134,15,7,112,24032,0,0,0,0.000,0.000,0.000,0.000,0.000,0.000,0.000,0.000,0,0,0,0,0,0,0,0,0,0.000,0.000,0.000,0.000,0.000,0.000,0.000,0.000,0,0,0,0,0,0,0,0,0,0.000,0.000,0.000,0.000,0.000,0.000,0.000,0.000,0,0,0,0,0,0,0,0,0,0.000,0.000,0.000,0.000,0.000,0.000,0.000,0.000,0,0,0,0,0,0,0,0,0,0.000,0.000,0.000,0.000,0.000,0.000,0.000,0.000,0,0,0,0,0,0,1,0,0,0,0,0,0,0,0,0,0,0,13051,5998,5984,154,0,23017,8877,1747,96363,44674,7582,14213,7236,861,150,30,0,41728,17246,3839,4497,1715,512,0,0,0,0,0,0,2647.695,147.784,13984.184,1001.289,41,84,0,536,157,786,1483,562,134,2039,338,533,573,555,425,648,132,99,259,346,50,0,0,0,0,0,0,0,0,0,0,0,0,816,790,362,118,0,0,0,0,430,212,86,26,0,0,0,0,0,0,0,0,0,0,0,0,0,0,0,0,0,0,0,0,0.5944,0.4847,17,0,0,0.4654,0.4666,19,0,0
13111,437.0,5999,50,29,4459,1540,0,0,3904,516.91,0.774,0.706,0.735,0.062,0.731,-0.959,1.970,0.3976,2.2634,0.513,0.068,0.249,0.218,-0.024,85,18,40,0,153,0,212532.02,72643.027,36624.621,38.998,37066.972,32.545,46262.860,25689.156,5682.029,9268.544,7414.836,2397.970,10921.054,1714.156,0.000341,0.049939,7614,0,7,33,40,7,110060,448,32,38.215,0,0,0,0,0,0,0,0,0,0,0,0,0,0,46213,1501,7166,75160.743,35750.047,36358.594,0.013,38.215,26296.191,21651.817,20.984,114,108,15,7,86,23909,0,0,0,0.000,0.000,0.000,0.000,0.000,0.000,0.000,0.000,0,0,0,0,0,0,0,0,0,0.000,0.000,0.000,0.000,0.000,0.000,0.000,0.000,0,0,0,0,0,0,0,0,0,0.000,0.000,0.000,0.000,0.000,0.000,0.000,0.000,0,0,0,0,0,0,0,0,0,0.000,0.000,0.000,0.000,0.000,0.000,0.000,0.000,0,0,0,0,0,0,0,0,0,0.000,0.000,0.000,0.000,0.000,0.000,0.000,0.000,0,0,0,0,0,0,0,0,0,0,0,0,0,0,0,0,0,0,13051,5998,5984,154,0,23111,8909,2006,96529,45274,7675,13948,6917,965,150,30,0,41652,17296,3507,4561,1847,440,0,0,0,0,0,0,2662.808,158.558,14112.086,894.309,54,81,0,576,165,859,1607,574,178,2046,370,501,575,548,419,655,148,106,245,336,50,0,0,0,0,0,0,0,0,0,0,0,0,805,779,351,108,0,0,0,0,414,184,110,29,0,0,0,0,0,0,0,0,0,0,0,0,0,0,0,0,0,0,0,0,0.5822,0.4763,16,0,0,0.4497,0.4342,19,0,0
13141,438.0,5997,59,29,4473,1524,0,0,4017,468.27,0.770,0.703,0.735,0.061,0.733,-0.960,1.973,0.3958,2.2472,0.513,0.086,0.308,0.219,-0.024,72,19,30,0,137,0,226525.44,75627.996,37354.228,39.395,39177.588,33.678,46170.728,25566.948,5857.646,8025.792,6420.634,3427.929,14580.185,1819.598,0.000273,0.049890,7605,0,6,24,30,6,110275,405,23,36.903,0,0,0,0,0,0,0,0,0,0,0,0,0,0,45903,1520,7200,77773.857,36307.967,38368.590,0.017,36.903,26118.001,21499.540,23.400,100,117,14,6,97,26605,0,0,0,0.000,0.000,0.000,0.000,0.000,0.000,0.000,0.000,0,0,0,0,0,0,0,0,0,0.000,0.000,0.000,0.000,0.000,0.000,0.000,0.000,0,0,0,0,0,0,0,0,0,0.000,0.000,0.000,0.000,0.000,0.000,0.000,0.000,0,0,0,0,0,0,0,0,0,0.000,0.000,0.000,0.000,0.000,0.000,0.000,0.000,0,0,0,0,0,0,0,0,0,0.000,0.000,0.000,0.000,0.000,0.000,0.000,0.000,0,0,0,0,0,0,1,0,0,0,0,0,0,0,0,0,0,0,13051,5998,5984,154,0,23028,9143,2064,96958,46108,7487,13930,6869,1017,150,30,0,41477,17492,3578,4426,1797,333,0,0,0,0,0,0,2705.811,159.009,14083.101,885.187,60,91,1,586,167,898,1642,598,142,2082,357,486,569,564,415,619,142,111,242,336,74,0,0,0,0,0,0,0,0,0,0,0,0,798,785,351,100,0,0,0,0,424,229,75,35,0,0,0,0,0,0,0,0,0,0,0,0,0,0,0,0,0,0,0,0,0.5924,0.4944,16,1,0,0.4503,0.4246,19,0,0
13171,439.0,6000,83,29,4485,1515,0,0,4011,597.26,0.767,0.702,0.735,0.061,0.735,-0.960,1.975,0.3983,2.2704,0.512,0.114,0.401,0.219,-0.024,70,15,24,0,108,0,242808.80,78985.565,41563.896,25.614,40397.412,33.411,46053.127,25561.760,5971.202,6228.865,4983.092,3257.393,20387.415,1815.042,0.000410,0.044665,7257,0,7,17,24,7,110819,317,14,21.559,0,0,0,0,0,0,0,0,0,0,0,0,0,0,45616,1690,6940,83475.737,40381.769,39818.645,0.023,21.559,25935.727,21463.558,22.737,71,80,14,7,59,21212,0,0,0,0.000,0.000,0.000,0.000,0.000,0.000,0.000,0.000,0,0,0,0,0,0,0,0,0,0.000,0.000,0.000,0.000,0.000,0.000,0.000,0.000,0,0,0,0,0,0,0,0,0,0.000,0.000,0.000,0.000,0.000,0.000,0.000,0.000,0,0,0,0,0,0,0,0,0,0.000,0.000,0.000,0.000,0.000,0.000,0.000,0.000,0,0,0,0,0,0,0,0,0,0.000,0.000,0.000,0.000,0.000,0.000,0.000,0.000,0,0,0,0,0,0,0,0,0,0,0,0,0,0,0,0,0,0,13051,5998,5984,154,0,23037,9579,1771,96975,46286,7825,14189,6979,1214,150,30,0,41221,17268,3646,4395,1895,395,0,0,0,0,0,0,2749.165,161.442,13940.056,919.288,55,86,0,626,168,1049,1819,622,174,2130,339,501,538,571,406,660,127,83,262,318,65,0,0,0,0,0,0,0,0,0,0,0,0,790,777,358,90,0,0,0,1,412,202,91,23,0,0,0,0,0,0,0,0,0,0,0,0,0,0,0,0,0,0,0,0,0.5791,0.4673,17,1,0,0.4531,0.4550,19,0,0
13201,440.0,6000,83,28,4487,1513,0,0,3991,670.71,0.766,0.701,0.734,0.061,0.736,-0.960,1.975,0.3979,2.3017,0.519,0.139,0.457,0.220,-0.024,91,12,13,2,128,0,258413.19,82316.827,43220.767,12.390,43064.827,33.172,45981.335,25452.024,5953.428,6792.092,5433.674,3076.408,26147.581,1976.393,0.000396,0.039118,7103,0,4,9,13,4,110996,328,8,11.677,0,0,0,0,0,0,0,0,0,0,0,0,0,0,45378,1771,6775,88184.298,42203.070,42404.154,0.017,11.677,25801.401,21306.746,20.372,85,88,7,4,77,23580,0,0,0,0.000,0.000,0.000,0.000,0.000,0.000,0.000,0.000,0,0,0,0,0,0,0,0,0,0.000,0.000,0.000,0.000,0.000,0.000,0.000,0.000,0,0,0,0,0,0,0,0,0,0.000,0.000,0.000,0.000,0.000,0.000,0.000,0.000,0,0,0,0,0,0,0,0,0,0.000,0.000,0.000,0.000,0.000,0.000,0.000,0.000,0,0,0,0,0,0,0,0,0,0.000,0.000,0.000,0.000,0.000,0.000,0.000,0.000,0,0,0,0,0,0,1,0,0,0,0,0,0,0,0,0,0,0,13201,6000,5983,32,0,23039,9698,1756,97200,47320,7136,14212,7078,914,150,30,0,41026,17147,3624,4352,1951,417,0,0,0,0,0,0,2826.503,136.438,13865.625,923.867,59,102,0,667,202,1025,1894,693,186,2115,338,502,548,564,420,638,128,112,255,315,65,0,0,0,0,0,0,0,0,0,0,0,0,802,797,350,85,0,0,0,0,401,219,103,24,0,0,0,0,0,0,0,0,0,0,0,0,0,0,0,0,0,0,0,0,0.5670,0.4679,17,1,0,0.4527,0.4518,20,0,0
13231,441.0,6000,73,28,4486,1514,0,0,4029,694.04,0.766,0.701,0.734,0.060,0.736,-0.959,1.975,0.3968,2.2604,0.521,0.157,0.521,0.220,-0.023,80,6,13,0,108,0,272460.97,84878.416,45934.876,27.342,47449.467,38.160,46071.250,25527.560,5977.408,5489.154,4391.323,4327.556,31585.468,2205.790,0.000414,0.037765,7470,0,5,8,13,5,110658,441,7,27.133,0,0,0,0,0,0,0,0,0,0,0,0,0,0,45461,1880,7029,95300.218,44868.600,46483.022,0.023,27.133,25881.428,21419.259,19.778,66,65,6,5,54,17015,0,0,0,0.000,0.000,0.000,0.000,0.000,0.000,0.000,0.000,0,0,0,0,0,0,0,0,0,0.000,0.000,0.000,0.000,0.000,0.000,0.000,0.000,0,0,0,0,0,0,0,0,0,0.000,0.000,0.000,0.000,0.000,0.000,0.000,0.000,0,0,0,0,0,0,0,0,0,0.000,0.000,0.000,0.000,0.000,0.000,0.000,0.000,0,0,0,0,0,0,0,0,0,0.000,0.000,0.000,0.000,0.000,0.000,0.000,0.000,0,0,0,0,0,0,0,0,0,0,0,0,0,0,0,0,0,0,13201,6000,5983,32,0,22865,9603,2017,97190,46702,7796,14301,6881,1097,150,30,0,41166,17139,3480,4295,1984,359,0,0,0,0,0,0,2762.422,160.000,13914.875,905.390,73,99,0,694,208,1101,2013,698,202,2122,373,485,510,575,421,631,139,113,223,350,58,0,0,0,0,0,0,0,0,0,0,0,0,789,786,326,89,0,0,0,1,412,206,100,26,0,0,0,0,0,0,0,0,0,0,0,0,0,0,0,0,0,0,0,0,0.5756,0.4770,17,1,0,0.4665,0.4799,20,1,0
13261,442.0,5998,88,28,4481,1517,0,0,4061,671.95,0.767,0.702,0.734,0.061,0.735,-0.959,1.977,0.3982,2.2734,0.510,0.184,0.582,0.220,-0.023,95,5,12,1,86,0,284478.88,87538.871,46194.067,28.119,50371.102,37.118,46182.622,25847.618,5983.500,4295.957,3436.766,3027.628,37577.278,2265.322,0.000323,0.036695,7214,0,3,9,12,3,110513,339,6,21.719,0,0,0,0,0,0,0,0,0,0,0,0,0,0,45482,1885,6875,98614.959,45104.313,49525.465,0.008,21.719,25925.826,21708.031,12.817,50,47,5,3,39,14274,0,0,0,0.000,0.000,0.000,0.000,0.000,0.000,0.000,0.000,0,0,0,0,0,0,0,0,0,0.000,0.000,0.000,0.000,0.000,0.000,0.000,0.000,0,0,0,0,0,0,0,0,0,0.000,0.000,0.000,0.000,0.000,0.000,0.000,0.000,0,0,0,0,0,0,0,0,0,0.000,0.000,0.000,0.000,0.000,0.000,0.000,0.000,0,0,0,0,0,0,0,0,0,0.000,0.000,0.000,0.000,0.000,0.000,0.000,0.000,0,0,0,0,0,0,0,0,0,0,0,0,0,0,0,0,0,0,13201,6000,5983,32,0,22677,9952,1691,97285,47401,8032,14390,6854,1242,150,30,30,41123,17560,3355,4359,2002,443,0,0,0,0,0,0,2816.076,159.217,14232.710,902.707,69,99,0,718,210,1113,2026,731,181,2153,352,480,499,569,428,669,114,101,220,346,67,0,0,0,0,0,0,0,0,0,0,0,0,780,782,326,87,0,0,0,1,402,191,121,20,0,0,0,0,0,0,0,0,0,0,0,0,0,0,0,0,0,0,0,0,0.5658,0.4798,18,1,0,0.4589,0.4481,20,0,0
13291,443.0,6000,95,28,4473,1527,0,0,4114,822.46,0.769,0.703,0.733,0.061,0.734,-0.960,1.979,0.3983,2.2704,0.513,0.197,0.616,0.220,-0.023,86,4,15,2,88,0,293972.69,88792.357,49148.229,43.758,51843.011,32.777,46359.806,26107.867,6069.512,4793.762,3835.010,4677.084,42054.972,2262.512,0.000553,0.038567,7276,0,2,13,15,2,110200,375,12,42.350,0,0,0,0,0,0,0,0,0,0,0,0,0,0,45757,2000,6901,102945.493,47898.613,50938.360,0.008,42.350,26096.885,21971.684,18.616,58,48,2,2,44,14960,0,0,0,0.000,0.000,0.000,0.000,0.000,0.000,0.000,0.000,0,0,0,0,0,0,0,0,0,0.000,0.000,0.000,0.000,0.000,0.000,0.000,0.000,0,0,0,0,0,0,0,0,0,0.000,0.000,0.000,0.000,0.000,0.000,0.000,0.000,0,0,0,0,0,0,0,0,0,0.000,0.000,0.000,0.000,0.000,0.000,0.000,0.000,0,0,0,0,0,0,0,0,0,0.000,0.000,0.000,0.000,0.000,0.000,0.000,0.000,0,0,0,0,0,0,0,0,0,0,0,0,0,0,0,0,0,0,13201,6000,5983,32,0,22534,10104,1763,97064,47577,8172,14452,6890,1086,150,30,6,41355,17735,3482,4402,2116,308,0,0,0,0,0,0,2814.823,155.403,14612.586,883.649,61,108,0,757,221,1185,2156,759,202,2160,380,465,506,539,423,657,128,106,240,330,66,0,0,0,0,0,0,0,0,0,0,0,0,765,771,307,87,0,0,0,3,392,218,107,25,0,0,0,0,0,0,0,0,0,0,0,0,0,0,0,0,0,0,0,0,0.5927,0.4877,18,2,0,0.4418,0.4480,20,0,0
13321,444.0,6000,86,28,4477,1523,0,0,4138,831.24,0.768,0.703,0.733,0.061,0.734,-0.959,1.979,0.3986,2.2499,0.512,0.215,0.641,0.220,-0.023,76,7,15,1,65,0,301460.97,90334.624,49463.476,40.084,54826.900,35.930,46414.065,25942.395,6112.860,3500.302,2800.242,3554.225,47163.456,2462.862,0.000483,0.040590,7524,0,3,12,15,3,110130,445,7,30.254,0,0,0,0,0,0,0,0,0,0,0,0,0,0,45670,2007,7079,106193.517,48098.971,53782.739,0.018,30.254,26069.912,21794.011,25.576,38,42,5,3,34,13463,0,0,0,0.000,0.000,0.000,0.000,0.000,0.000,0.000,0.000,0,0,0,0,0,0,0,0,0,0.000,0.000,0.000,0.000,0.000,0.000,0.000,0.000,0,0,0,0,0,0,0,0,0,0.000,0.000,0.000,0.000,0.000,0.000,0.000,0.000,0,0,0,0,0,0,0,0,0,0.000,0.000,0.000,0.000,0.000,0.000,0.000,0.000,0,0,0,0,0,0,0,0,0,0.000,0.000,0.000,0.000,0.000,0.000,0.000,0.000,0,0,0,0,0,0,0,0,0,0,0,0,0,0,0,0,0,0,13201,6000,5983,32,0,22486,10087,1758,97170,47816,8638,14515,6835,1242,150,30,0,41304,17829,3853,4366,2064,481,0,0,0,0,0,0,2805.047,161.754,14598.026,1003.325,85,119,0,772,237,1143,2161,777,227,2159,374,454,522,548,420,667,133,105,234,327,57,0,0,0,0,0,0,0,0,0,0,0,0,760,770,321,93,0,0,0,0,387,208,106,22,0,0,0,0,0,0,0,0,0,0,0,0,0,0,0,0,0,0,0,0,0.5775,0.4637,18,1,0,0.4599,0.4691,20,0,0
13351,445.0,5998,89,28,4468,1530,0,0,4146,726.96,0.770,0.704,0.732,0.062,0.733,-0.959,1.980,0.3966,2.2536,0.513,0.233,0.660,0.220,-0.023,73,6,18,2,59,0,308027.66,92026.387,51393.101,45.658,54987.053,32.888,46552.676,26490.303,6138.072,3419.789,2735.831,3432.056,51044.174,2557.214,0.000437,0.041370,7168,0,4,14,18,4,109970,398,9,31.073,0,0,0,0,0,0,0,0,0,0,0,0,0,0,45739,2097,6770,108614.941,50099.941,53970.218,0.021,31.073,26134.962,22341.949,27.422,39,32,4,4,24,10839,0,0,0,0.000,0.000,0.000,0.000,0.000,0.000,0.000,0.000,0,0,0,0,0,0,0,0,0,0.000,0.000,0.000,0.000,0.000,0.000,0.000,0.000,0,0,0,0,0,0,0,0,0,0.000,0.000,0.000,0.000,0.000,0.000,0.000,0.000,0,0,0,0,0,0,0,0,0,0.000,0.000,0.000,0.000,0.000,0.000,0.000,0.000,0,0,0,0,0,0,0,0,0,0.000,0.000,0.000,0.000,0.000,0.000,0.000,0.000,0,0,0,0,0,0,0,0,0,0,0,0,0,0,0,0,0,0,13351,5998,5990,21,0,22479,9924,1742,96998,48226,7877,14613,6792,1242,150,26,4,41310,18448,3547,4429,2023,455,0,0,0,0,0,0,2795.973,150.702,15192.423,934.144,83,106,0,807,237,1220,2261,812,215,2168,363,458,519,535,425,707,123,111,218,318,53,0,0,0,0,0,0,0,0,0,0,0,0,751,770,316,99,0,0,0,1,371,197,109,23,0,0,0,0,0,0,0,0,0,0,0,0,0,0,0,0,0,0,0,0,0.5773,0.4513,17,1,0,0.4771,0.4852,19,0,0
13381,446.0,6000,89,28,4454,1546,0,0,4182,786.38,0.773,0.707,0.731,0.062,0.731,-0.959,1.982,0.3973,2.2560,0.514,0.236,0.666,0.219,-0.023,72,5,19,4,70,0,312620.62,93782.180,54678.782,55.952,59603.245,33.193,46911.884,26717.087,6170.473,4314.801,3451.841,3793.541,56718.804,2749.196,0.000498,0.042645,7502,0,4,15,19,4,109828,385,11,43.151,0,0,0,0,0,0,0,0,0,0,0,0,0,0,46179,2229,7117,116725.039,53376.913,58470.739,0.011,43.151,26448.231,22585.996,31.254,53,37,4,4,29,12162,0,0,0,0.000,0.000,0.000,0.000,0.000,0.000,0.000,0.000,0,0,0,0,0,0,0,0,0,0.000,0.000,0.000,0.000,0.000,0.000,0.000,0.000,0,0,0,0,0,0,0,0,0,0.000,0.000,0.000,0.000,0.000,0.000,0.000,0.000,0,0,0,0,0,0,0,0,0,0.000,0.000,0.000,0.000,0.000,0.000,0.000,0.000,0,0,0,0,0,0,0,0,0,0.000,0.000,0.000,0.000,0.000,0.000,0.000,0.000,0,0,0,0,0,0,0,0,0,0,0,0,0,0,0,0,0,0,13351,5998,5990,21,0,22363,9844,1833,96556,48303,7569,14722,6741,1386,150,0,10,41808,18541,3467,4371,1988,343,0,0,0,0,0,0,2784.407,151.205,15263.299,888.766,67,124,0,844,262,1272,2378,846,231,2155,371,452,527,532,417,650,148,115,250,326,57,0,0,0,0,0,0,0,0,0,0,0,0,760,757,316,95,0,0,0,0,383,222,123,20,0,0,0,0,0,0,0,0,0,0,0,0,0,0,0,0,0,0,0,0,0.5728,0.4395,17,1,0,0.4722,0.4552,19,0,0
13411,447.0,6000,67,28,4440,1560,0,0,4171,847.58,0.777,0.709,0.731,0.062,0.729,-0.959,1.984,0.3987,2.2800,0.514,0.246,0.660,0.219,-0.023,83,4,23,1,60,0,317036.50,94779.770,52655.108,38.152,58995.885,32.842,47290.226,26745.912,6240.425,3703.910,2963.128,3876.106,55472.790,2690.919,0.000383,0.043700,7269,0,8,15,23,8,109583,305,15,38.122,0,0,0,0,0,0,0,0,0,0,0,0,0,0,46684,2139,6964,114011.275,51228.117,58069.288,0.029,38.122,26812.372,22663.533,23.997,42,28,0,8,20,8684,0,0,0,0.000,0.000,0.000,0.000,0.000,0.000,0.000,0.000,0,0,0,0,0,0,0,0,0,0.000,0.000,0.000,0.000,0.000,0.000,0.000,0.000,0,0,0,0,0,0,0,0,0,0.000,0.000,0.000,0.000,0.000,0.000,0.000,0.000,0,0,0,0,0,0,0,0,0,0.000,0.000,0.000,0.000,0.000,0.000,0.000,0.000,0,0,0,0,0,0,0,0,0,0.000,0.000,0.000,0.000,0.000,0.000,0.000,0.000,0,0,0,0,0,0,0,0,0,0,0,0,0,0,0,0,0,0,13351,5998,5990,21,0,22146,9458,1979,96232,48012,7730,14772,6551,1347,150,0,0,42255,18766,3862,4429,2037,349,0,0,0,0,0,0,2731.699,156.434,15306.783,969.271,69,112,1,796,233,1250,2301,844,203,2110,382,459,550,523,416,705,132,101,241,318,63,0,0,0,0,0,0,0,0,0,0,0,0,765,764,313,104,0,0,0,2,376,216,106,25,0,0,0,0,0,0,0,0,0,0,0,0,0,0,0,0,0,0,0,0,0.5598,0.4688,17,1,0,0.4583,0.4445,19,0,0
13441,448.0,5998,110,28,4440,1558,0,0,4164,864.64,0.777,0.709,0.730,0.061,0.729,-0.959,1.985,0.3975,2.3098,0.522,0.260,0.680,0.219,-0.023,91,2,7,2,72,0,321812.56,97074.235,54427.248,36.234,61605.765,34.871,47578.013,26745.459,6209.257,3342.458,2673.967,4048.913,58766.243,2745.259,0.000319,0.042006,7519,0,0,7,7,0,109553,322,5,27.598,0,0,0,0,0,0,0,0,0,0,0,0,0,0,46862,2217,7197,118633.071,53168.505,60600.207,0.000,27.598,27020.682,22680.472,17.230,37,39,1,0,38,13313,0,0,0,0.000,0.000,0.000,0.000,0.000,0.000,0.000,0.000,0,0,0,0,0,0,0,0,0,0.000,0.000,0.000,0.000,0.000,0.000,0.000,0.000,0,0,0,0,0,0,0,0,0,0.000,0.000,0.000,0.000,0.000,0.000,0.000,0.000,0,0,0,0,0,0,0,0,0,0.000,0.000,0.000,0.000,0.000,0.000,0.000,0.000,0,0,0,0,0,0,0,0,0,0.000,0.000,0.000,0.000,0.000,0.000,0.000,0.000,0,0,0,0,0,0,0,0,0,0,0,0,0,0,0,0,0,0,13351,5998,5990,21,0,22050,9397,2068,96187,47776,7656,14727,6392,1293,150,6,13,42410,18947,3439,4452,2108,348,0,0,0,0,0,0,2733.715,157.168,15426.582,868.903,75,113,0,823,252,1342,2374,836,209,2133,354,470,538,543,402,695,113,111,271,318,50,0,0,0,0,0,0,0,0,0,0,0,0,785,753,316,99,0,0,0,0,392,232,111,15,0,0,0,0,0,0,0,0,0,0,0,0,0,0,0,0,0,0,0,0,0.5706,0.4531,17,0,0,0.4781,0.4454,19,0,0
13471,449.0,5998,108,28,4434,1564,0,0,4147,803.17,0.779,0.710,0.730,0.062,0.729,-0.959,1.985,0.3954,2.3012,0.520,0.264,0.699,0.219,-0.023,79,2,14,3,83,0,325239.75,98444.256,54395.736,32.929,62559.013,33.559,47772.475,26324.037,6181.709,4213.180,3370.544,5268.588,60253.988,2802.317,0.000455,0.041058,7293,0,3,11,14,3,109421,271,7,19.537,0,0,0,0,0,0,0,0,0,0,0,0,0,0,46771,2221,7022,119941.416,53178.039,61757.077,0.010,19.537,27097.965,22229.222,17.937,47,42,2,3,37,16649,0,0,0,0.000,0.000,0.000,0.000,0.000,0.000,0.000,0.000,0,0,0,0,0,0,0,0,0,0.000,0.000,0.000,0.000,0.000,0.000,0.000,0.000,0,0,0,0,0,0,0,0,0,0.000,0.000,0.000,0.000,0.000,0.000,0.000,0.000,0,0,0,0,0,0,0,0,0,0.000,0.000,0.000,0.000,0.000,0.000,0.000,0.000,0,0,0,0,0,0,0,0,0,0.000,0.000,0.000,0.000,0.000,0.000,0.000,0.000,0,0,0,0,0,0,1,0,0,0,0,0,0,0,0,0,0,0,13351,5998,5990,21,0,21894,9670,1871,96546,48342,7129,14600,6410,1060,150,30,0,42248,18283,3548,4523,1948,374,0,0,0,0,0,0,2769.276,141.320,14676.064,885.513,67,124,2,833,259,1284,2378,833,239,2142,339,458,548,548,399,662,129,129,245,333,66,0,0,0,0,0,0,0,0,0,0,0,0,779,747,323,103,0,0,0,1,395,233,118,27,0,0,0,0,0,0,0,0,0,0,0,0,0,0,0,0,0,0,0,0,0.5604,0.4620,17,0,0,0.4623,0.4543,19,0,0
13501,450.0,6000,81,27,4424,1576,0,0,4132,896.41,0.781,0.712,0.728,0.062,0.727,-0.959,1.988,0.3957,2.2804,0.517,0.265,0.701,0.219,-0.022,88,4,28,2,51,0,326970.41,97411.837,54797.155,79.550,64254.908,28.848,48179.749,26275.855,6158.104,3602.309,2881.848,4151.616,62232.408,2839.698,0.000597,0.039025,7436,0,8,20,28,8,109010,271,16,66.598,0,0,0,0,0,0,0,0,0,0,0,0,0,0,47108,2224,7165,121696.402,53326.211,63463.664,0.028,66.598,27446.868,22181.630,14.550,41,29,3,8,18,14463,0,0,0,0.000,0.000,0.000,0.000,0.000,0.000,0.000,0.000,0,0,0,0,0,0,0,0,0,0.000,0.000,0.000,0.000,0.000,0.000,0.000,0.000,0,0,0,0,0,0,0,0,0,0.000,0.000,0.000,0.000,0.000,0.000,0.000,0.000,0,0,0,0,0,0,0,0,0,0.000,0.000,0.000,0.000,0.000,0.000,0.000,0.000,0,0,0,0,0,0,0,0,0,0.000,0.000,0.000,0.000,0.000,0.000,0.000,0.000,0,0,0,0,0,0,0,0,0,0,0,0,0,0,0,0,0,0,13501,6000,5987,9,0,21768,9744,2074,96491,48419,7046,14472,6209,947,150,28,30,42478,18031,3857,4630,1696,459,0,0,0,0,0,0,2776.571,144.175,14348.907,992.669,60,130,0,823,242,1301,2393,832,224,2147,344,433,583,533,384,658,144,132,240,336,66,0,0,0,0,0,0,0,0,0,0,0,0,772,742,311,108,0,0,0,0,385,241,128,20,0,0,0,0,0,0,0,0,0,0,0,0,0,0,0,0,0,0,0,0,0.5536,0.4671,18,0,0,0.4376,0.4558,20,0,0
13531,451.0,5999,104,27,4408,1591,0,0,4135,909.96,0.785,0.715,0.727,0.062,0.725,-0.959,1.989,0.3962,2.2792,0.525,0.263,0.683,0.218,-0.022,72,3,26,1,76,0,328287.62,97141.547,54204.615,84.798,62353.077,34.343,48599.553,26771.411,6157.429,4363.947,3491.158,5185.304,59678.532,2848.717,0.000361,0.038890,7269,0,3,23,26,3,108275,265,18,67.800,0,0,0,0,0,0,0,0,0,0,0,0,0,0,47539,2199,7004,118957.866,52685.041,61422.479,0.012,67.800,27814.903,22676.937,17.949,50,36,1,3,32,15822,0,0,0,0.000,0.000,0.000,0.000,0.000,0.000,0.000,0.000,0,0,0,0,0,0,0,0,0,0.000,0.000,0.000,0.000,0.000,0.000,0.000,0.000,0,0,0,0,0,0,0,0,0,0.000,0.000,0.000,0.000,0.000,0.000,0.000,0.000,0,0,0,0,0,0,0,0,0,0.000,0.000,0.000,0.000,0.000,0.000,0.000,0.000,0,0,0,0,0,0,0,0,0,0.000,0.000,0.000,0.000,0.000,0.000,0.000,0.000,0,0,0,0,0,0,1,0,0,0,0,0,0,0,0,0,0,0,13501,6000,5987,9,0,21734,10198,1938,96158,48042,7676,14390,6065,1272,150,0,49,42906,18624,3504,4633,1806,621,0,0,0,0,0,0,2782.729,155.796,14955.169,949.123,66,99,0,839,243,1316,2375,862,215,2157,355,433,547,537,379,673,167,103,250,324,74,0,0,0,0,0,0,0,0,0,0,0,0,759,711,315,109,0,0,0,2,369,243,115,24,0,0,0,0,0,0,0,0,0,0,0,0,0,0,0,0,0,0,0,0,0.5301,0.4503,18,0,0,0.4494,0.4669,20,0,0
13561,452.0,5999,75,27,4398,1601,0,0,4146,873.21,0.788,0.716,0.726,0.062,0.723,-0.959,1.989,0.3980,2.2932,0.518,0.255,0.703,0.218,-0.022,75,2,14,5,72,0,327943.41,96527.834,55357.781,48.027,65340.808,33.070,49088.234,27036.283,6162.812,3918.327,3134.662,4611.621,61669.412,2925.837,0.000497,0.037419,7600,0,1,13,14,1,107804,301,9,39.533,0,0,0,0,0,0,0,0,0,0,0,0,0,0,47918,2256,7299,123156.584,53997.191,64147.080,0.004,39.533,28225.294,22928.690,12.777,46,36,1,1,34,16960,0,0,0,0.000,0.000,0.000,0.000,0.000,0.000,0.000,0.000,0,0,0,0,0,0,0,0,0,0.000,0.000,0.000,0.000,0.000,0.000,0.000,0.000,0,0,0,0,0,0,0,0,0,0.000,0.000,0.000,0.000,0.000,0.000,0.000,0.000,0,0,0,0,0,0,0,0,0,0.000,0.000,0.000,0.000,0.000,0.000,0.000,0.000,0,0,0,0,0,0,0,0,0,0.000,0.000,0.000,0.000,0.000,0.000,0.000,0.000,0,0,0,0,0,0,0,0,0,0,0,0,0,0,0,0,0,0,13501,6000,5987,9,0,21712,10461,2167,95820,48576,7356,14366,6234,1069,150,43,17,43254,19107,4042,4664,1758,405,0,0,0,0,0,0,2823.658,153.059,15235.160,1018.268,69,130,0,860,228,1308,2425,873,220,2200,328,428,535,544,363,687,157,123,238,325,71,0,0,0,0,0,0,0,0,0,0,0,0,760,692,308,108,0,0,0,2,381,227,127,21,0,0,0,1,0,0,0,0,0,0,0,0,0,0,0,0,0,0,0,0,0.5313,0.4456,16,0,0,0.4543,0.4987,20,0,0
13591,453.0,5999,78,27,4392,1607,0,0,4072,950.20,0.790,0.718,0.726,0.062,0.722,-0.959,1.990,0.3993,2.2661,0.527,0.257,0.694,0.218,-0.022,75,3,18,3,63,0,326010.00,95630.273,53366.370,47.621,62835.049,34.690,49512.198,27276.450,6113.795,3552.678,2842.142,4540.918,59945.952,2877.799,0.000388,0.036060,7469,0,5,13,18,5,107951,370,9,35.258,0,0,0,0,0,0,0,0,0,0,0,0,0,0,48066,2177,7099,118653.301,52178.567,61638.155,0.013,35.258,28539.953,23141.257,18.167,38,32,1,5,26,16543,0,0,0,0.000,0.000,0.000,0.000,0.000,0.000,0.000,0.000,0,0,0,0,0,0,0,0,0,0.000,0.000,0.000,0.000,0.000,0.000,0.000,0.000,0,0,0,0,0,0,0,0,0,0.000,0.000,0.000,0.000,0.000,0.000,0.000,0.000,0,0,0,0,0,0,0,0,0,0.000,0.000,0.000,0.000,0.000,0.000,0.000,0.000,0,0,0,0,0,0,0,0,0,0.000,0.000,0.000,0.000,0.000,0.000,0.000,0.000,0,0,0,0,0,0,0,0,0,0,0,0,0,0,0,0,0,0,13501,6000,5987,9,0,21541,10741,2197,95834,49171,6673,14390,6177,1116,150,60,0,43399,19209,4015,4667,1953,355,0,0,0,0,0,0,2863.601,145.779,15400.472,1016.165,69,148,0,828,219,1278,2322,832,226,2213,334,429,522,535,359,719,130,121,227,333,77,0,0,0,0,0,0,0,0,0,0,0,0,755,671,309,107,0,0,0,3,371,236,123,26,0,0,0,2,0,0,0,0,0,0,0,0,0,0,0,0,0,0,0,0,0.5358,0.4509,17,0,0,0.4534,0.5079,20,0,0
13621,454.0,6000,91,27,4373,1627,0,0,4038,969.78,0.795,0.722,0.724,0.063,0.719,-0.959,1.992,0.3959,2.2538,0.514,0.258,0.666,0.218,-0.021,76,4,24,4,72,0,324963.59,94233.552,54126.769,36.493,61378.391,33.021,50016.438,27589.101,6008.932,4455.714,3564.571,3694.820,58448.684,2794.100,0.000498,0.037788,7465,0,8,16,24,8,107562,390,15,34.727,0,0,0,0,0,0,0,0,0,0,0,0,0,0,48528,2211,7075,117782.895,52904.462,60122.156,0.027,34.727,29001.844,23468.409,27.998,53,33,2,8,23,17327,0,0,0,0.000,0.000,0.000,0.000,0.000,0.000,0.000,0.000,0,0,0,0,0,0,0,0,0,0.000,0.000,0.000,0.000,0.000,0.000,0.000,0.000,0,0,0,0,0,0,0,0,0,0.000,0.000,0.000,0.000,0.000,0.000,0.000,0.000,0,0,0,0,0,0,0,0,0,0.000,0.000,0.000,0.000,0.000,0.000,0.000,0.000,0,0,0,0,0,0,0,0,0,0.000,0.000,0.000,0.000,0.000,0.000,0.000,0.000,0,0,0,0,0,0,0,0,0,0,0,0,0,0,0,0,0,0,13501,6000,5987,9,0,21356,10874,1955,95659,49047,7204,14278,6230,1178,150,60,6,43741,19402,3890,4787,2089,446,0,0,0,0,0,0,2855.668,148.266,15696.809,996.591,82,107,0,854,260,1256,2357,843,255,2202,338,436,507,542,348,740,127,123,241,329,67,0,0,0,0,0,0,0,0,0,0,0,0,769,643,315,105,0,0,0,1,391,227,117,24,0,0,0,1,0,0,0,0,0,0,0,0,0,0,0,0,0,0,0,0,0.5320,0.4761,17,0,0,0.4588,0.4850,21,0,0
13651,455.0,5999,80,27,4372,1627,0,0,4020,988.05,0.795,0.722,0.724,0.063,0.719,-0.959,1.994,0.3966,2.2556,0.520,0.256,0.666,0.218,-0.022,75,7,27,3,67,0,323776.47,93508.314,54247.208,68.979,61418.191,35.391,50417.634,27561.348,5995.316,3944.442,3155.554,4149.786,57307.377,2791.288,0.000372,0.039016,7368,0,7,20,27,7,106701,411,15,46.911,0,0,0,0,0,0,0,0,0,0,0,0,0,0,48779,2213,6957,117969.464,52940.473,60246.919,0.019,46.911,29337.246,23449.452,28.685,37,37,4,7,26,17678,0,0,0,0.000,0.000,0.000,0.000,0.000,0.000,0.000,0.000,0,0,0,0,0,0,0,0,0,0.000,0.000,0.000,0.000,0.000,0.000,0.000,0.000,0,0,0,0,0,0,0,0,0,0.000,0.000,0.000,0.000,0.000,0.000,0.000,0.000,0,0,0,0,0,0,0,0,0,0.000,0.000,0.000,0.000,0.000,0.000,0.000,0.000,0,0,0,0,0,0,0,0,0,0.000,0.000,0.000,0.000,0.000,0.000,0.000,0.000,0,0,0,0,0,0,0,0,0,0,0,0,0,0,0,0,0,0,13651,5999,5967,33,0,21492,10749,2153,95263,48906,6819,14293,6236,1208,150,40,40,43912,19386,4037,4867,2189,448,0,0,0,0,0,0,2832.963,149.941,15750.671,1035.089,79,125,0,824,242,1305,2382,848,217,2180,349,449,496,546,352,735,128,116,256,329,63,0,0,0,0,0,0,0,0,0,0,0,0,770,644,322,106,0,0,0,1,392,225,116,31,0,0,0,0,0,0,0,0,0,0,0,0,0,0,0,0,0,0,0,0,0.5277,0.4681,18,0,0,0.4618,0.4841,21,0,0
13681,456.0,5998,75,27,4376,1622,0,0,3979,1003.83,0.794,0.721,0.724,0.063,0.719,-0.959,1.994,0.3968,2.3146,0.519,0.242,0.673,0.218,-0.022,92,6,13,2,61,0,322245.47,91652.774,52295.479,45.906,60397.187,36.071,50702.051,27603.916,5924.263,3145.857,2516.686,2904.915,55116.221,2644.628,0.000539,0.039146,7394,0,5,8,13,5,106433,310,6,39.507,0,0,0,0,0,0,0,0,0,0,0,0,0,0,48729,2133,7084,114774.063,50981.895,59190.628,0.006,39.507,29526.350,23528.672,21.955,30,35,6,5,24,18068,0,0,0,0.000,0.000,0.000,0.000,0.000,0.000,0.000,0.000,0,0,0,0,0,0,0,0,0,0.000,0.000,0.000,0.000,0.000,0.000,0.000,0.000,0,0,0,0,0,0,0,0,0,0.000,0.000,0.000,0.000,0.000,0.000,0.000,0.000,0,0,0,0,0,0,0,0,0,0.000,0.000,0.000,0.000,0.000,0.000,0.000,0.000,0,0,0,0,0,0,0,0,0,0.000,0.000,0.000,0.000,0.000,0.000,0.000,0.000,0,0,0,0,0,0,0,0,0,0,0,0,0,0,0,0,0,0,13651,5999,5967,33,0,21399,10460,2171,95412,48168,7717,14285,6363,1166,150,60,0,43880,19462,3877,4849,2241,419,0,0,0,0,0,0,2779.666,160.617,15921.805,990.792,93,131,0,778,233,1276,2292,799,199,2167,372,480,473,528,356,705,154,122,242,337,62,0,0,0,0,0,0,0,0,0,0,0,0,758,640,334,104,0,0,0,1,387,232,116,27,0,0,0,1,0,0,0,0,0,0,0,0,0,0,0,0,0,0,0,0,0.5401,0.4556,18,0,0,0.4467,0.5027,21,0,0
13711,457.0,6000,77,27,4371,1629,0,0,4050,1005.02,0.795,0.722,0.723,0.063,0.719,-0.959,1.996,0.3962,2.2686,0.521,0.239,0.653,0.218,-0.021,60,5,18,2,69,0,317654.78,91049.185,50502.841,54.459,62043.892,33.530,51056.768,27941.301,5941.969,3897.599,3118.079,3891.938,53866.253,2719.413,0.000457,0.037896,7579,0,2,16,18,2,106671,306,13,48.609,0,0,0,0,0,0,0,0,0,0,0,0,0,0,48787,2052,7273,114747.017,49129.942,60966.888,0.004,48.609,29766.871,23874.314,14.465,41,34,2,2,30,21542,0,0,0,0.000,0.000,0.000,0.000,0.000,0.000,0.000,0.000,0,0,0,0,0,0,0,0,0,0.000,0.000,0.000,0.000,0.000,0.000,0.000,0.000,0,0,0,0,0,0,0,0,0,0.000,0.000,0.000,0.000,0.000,0.000,0.000,0.000,0,0,0,0,0,0,0,0,0,0.000,0.000,0.000,0.000,0.000,0.000,0.000,0.000,0,0,0,0,0,0,0,0,0,0.000,0.000,0.000,0.000,0.000,0.000,0.000,0.000,0,0,0,0,0,0,0,0,0,0,0,0,0,0,0,0,0,0,13651,5999,5967,33,0,21358,10093,2174,95448,48888,7027,14246,6389,1399,150,60,0,43876,19637,3918,4911,2251,406,0,0,0,0,0,0,2794.891,152.975,16113.375,998.854,66,124,0,778,203,1228,2207,785,195,2184,330,484,495,517,361,724,141,143,223,323,75,0,0,0,0,0,0,0,0,0,0,0,0,765,645,342,104,0,0,0,1,368,230,134,32,0,0,0,0,0,0,0,0,0,0,0,0,0,0,0,0,0,0,0,0,0.5298,0.4569,19,0,0,0.4446,0.4830,21,0,0
13741,458.0,5999,72,27,4355,1644,0,0,4034,1039.31,0.799,0.725,0.722,0.064,0.716,-0.959,1.996,0.3966,2.2789,0.520,0.230,0.636,0.218,-0.021,88,3,16,4,87,0,311918.25,88414.840,50359.694,77.693,59148.372,32.598,51449.796,27963.616,5965.393,4703.354,3762.683,5015.999,50529.071,2724.231,0.000435,0.034066,7565,0,4,12,16,4,106281,334,8,49.791,0,0,0,0,0,0,0,0,0,0,0,0,0,0,49002,2057,7231,111859.043,49275.517,58013.417,0.014,49.791,30088.672,23904.649,18.060,57,42,1,4,37,22647,0,0,0,0.000,0.000,0.000,0.000,0.000,0.000,0.000,0.000,0,0,0,0,0,0,0,0,0,0.000,0.000,0.000,0.000,0.000,0.000,0.000,0.000,0,0,0,0,0,0,0,0,0,0.000,0.000,0.000,0.000,0.000,0.000,0.000,0.000,0,0,0,0,0,0,0,0,0,0.000,0.000,0.000,0.000,0.000,0.000,0.000,0.000,0,0,0,0,0,0,0,0,0,0.000,0.000,0.000,0.000,0.000,0.000,0.000,0.000,0,0,0,0,0,0,0,0,0,0,0,0,0,0,0,0,0,0,13651,5999,5967,33,0,21283,9991,2208,95256,48490,6752,14287,6378,1408,150,60,25,43912,19613,3792,5060,2479,432,30,0,6,0,0,0,2770.891,150.672,16221.271,999.351,80,114,0,780,216,1197,2198,804,200,2145,357,487,497,518,351,733,166,122,231,316,76,0,0,0,0,0,0,0,0,0,0,0,0,766,646,339,100,0,0,0,2,372,222,122,29,0,0,0,0,0,0,0,0,0,0,0,0,0,0,0,0,0,0,0,0,0.5494,0.4819,19,0,0,0.4433,0.4831,21,0,0
13771,459.0,5998,72,27,4340,1658,0,0,4045,1106.16,0.802,0.727,0.722,0.064,0.714,-0.959,1.998,0.3959,2.2553,0.526,0.217,0.620,0.217,-0.021,72,2,37,8,82,0,306411.25,86017.249,48807.388,79.999,56918.399,34.754,51919.719,28145.489,5946.486,5211.031,4168.825,5449.451,45199.210,2709.069,0.000505,0.029015,7549,0,14,23,37,14,106188,341,18,61.962,0,0,0,0,0,0,0,0,0,0,0,0,0,0,49496,1998,7208,108095.150,47764.164,55885.593,0.031,61.962,30554.141,24112.024,26.889,58,45,1,14,30,23231,0,0,0,0.000,0.000,0.000,0.000,0.000,0.000,0.000,0.000,0,0,0,0,0,0,0,0,0,0.000,0.000,0.000,0.000,0.000,0.000,0.000,0.000,0,0,0,0,0,0,0,0,0,0.000,0.000,0.000,0.000,0.000,0.000,0.000,0.000,0,0,0,0,0,0,0,0,0,0.000,0.000,0.000,0.000,0.000,0.000,0.000,0.000,0,0,0,0,0,0,0,0,0,0.000,0.000,0.000,0.000,0.000,0.000,0.000,0.000,0,0,0,0,0,0,1,0,0,0,0,0,0,0,0,0,0,0,13651,5999,5967,33,0,21095,9848,2128,95032,48072,6841,14201,6374,1473,150,60,30,44291,20063,4090,5175,2517,547,30,15,15,0,0,0,2737.941,148.358,16425.220,1075.844,70,137,1,785,182,1162,2129,778,194,2134,353,483,495,523,352,760,154,125,224,339,56,0,0,0,0,0,0,0,0,0,0,0,0,757,654,338,102,0,0,0,2,377,212,120,35,0,0,0,0,0,0,0,0,0,0,0,0,0,0,0,0,0,0,0,0,0.5415,0.4826,18,0,0,0.4478,0.4510,21,0,0
13801,460.0,5998,75,27,4325,1673,0,0,4052,1089.85,0.806,0.731,0.722,0.064,0.712,-0.959,2.002,0.3949,2.2696,0.522,0.193,0.576,0.217,-0.021,75,11,36,5,94,0,296113.88,82649.520,46470.463,131.219,57552.309,31.105,52438.534,28665.628,5930.895,5937.829,4750.264,5457.801,43210.949,2657.172,0.000404,0.024787,7639,0,5,31,36,5,105547,397,27,105.443,0,0,0,0,0,0,0,0,0,0,0,0,0,0,50155,1905,7242,106207.807,45536.436,56224.643,0.017,105.443,31101.656,24633.080,27.473,65,50,8,5,37,27422,0,0,0,0.000,0.000,0.000,0.000,0.000,0.000,0.000,0.000,0,0,0,0,0,0,0,0,0,0.000,0.000,0.000,0.000,0.000,0.000,0.000,0.000,0,0,0,0,0,0,0,0,0,0.000,0.000,0.000,0.000,0.000,0.000,0.000,0.000,0,0,0,0,0,0,0,0,0,0.000,0.000,0.000,0.000,0.000,0.000,0.000,0.000,0,0,0,0,0,0,0,0,0,0.000,0.000,0.000,0.000,0.000,0.000,0.000,0.000,0,0,0,0,0,0,0,0,0,0,0,0,0,0,0,0,0,0,13801,5998,5980,25,0,20871,9495,2022,94848,47990,6998,13941,6442,1191,150,60,30,44900,20636,3778,5225,2663,468,30,30,0,0,0,0,2731.968,143.311,16973.806,958.223,80,121,0,747,203,1078,2025,758,177,2127,336,474,472,549,367,785,133,139,216,323,77,0,0,0,0,0,0,0,0,0,0,0,0,745,664,345,107,0,0,0,1,373,209,139,33,0,0,0,1,0,0,0,0,0,0,0,0,0,0,0,0,0,0,0,0,0.5514,0.5042,20,0,0,0.4599,0.4684,22,0,0
13831,461.0,6000,65,27,4307,1693,0,0,4044,1010.24,0.811,0.734,0.720,0.065,0.709,-0.958,2.003,0.3964,2.2719,0.525,0.171,0.531,0.216,-0.021,80,8,26,2,79,0,286670.03,80581.958,43252.962,61.164,56050.383,32.291,52823.710,28550.356,5966.198,5116.102,4092.882,3917.111,38554.104,2505.249,0.000387,0.026292,8080,0,4,22,26,4,105161,381,20,58.483,0,0,0,0,0,0,0,0,0,0,0,0,0,0,50464,1768,7699,101230.634,42257.210,54844.495,0.009,58.483,31463.045,24512.080,31.801,64,44,3,4,37,27297,0,0,0,0.000,0.000,0.000,0.000,0.000,0.000,0.000,0.000,0,0,0,0,0,0,0,0,0,0.000,0.000,0.000,0.000,0.000,0.000,0.000,0.000,0,0,0,0,0,0,0,0,0,0.000,0.000,0.000,0.000,0.000,0.000,0.000,0.000,0,0,0,0,0,0,0,0,0,0.000,0.000,0.000,0.000,0.000,0.000,0.000,0.000,0,0,0,0,0,0,0,0,0,0.000,0.000,0.000,0.000,0.000,0.000,0.000,0.000,0,0,0,0,0,0,0,0,0,0,0,0,0,0,0,0,0,0,13801,5998,5980,25,0,20795,9293,1836,94706,47532,7290,13858,6401,1171,150,49,41,45103,19948,4069,5331,2717,403,30,30,0,0,0,0,2708.660,142.435,16665.845,1019.765,76,167,0,691,170,1019,1890,688,163,2101,350,463,479,553,361,735,132,150,228,386,62,0,0,0,0,0,0,0,0,0,0,0,0,738,662,350,105,0,0,0,1,432,208,157,28,0,0,0,1,0,0,0,0,0,0,0,0,0,0,0,0,0,0,0,0,0.5463,0.4639,20,0,0,0.4617,0.4937,22,0,0
13861,462.0,6000,79,27,4271,1729,0,0,4080,981.09,0.819,0.741,0.717,0.065,0.704,-0.958,2.005,0.3953,2.2720,0.523,0.155,0.486,0.215,-0.020,61,9,47,4,97,0,275606.53,77375.995,41425.554,106.710,52812.203,31.629,53337.046,28603.838,5958.952,7083.869,5667.095,5063.657,33247.250,2344.235,0.000412,0.022844,8200,0,5,42,47,5,104819,397,35,85.175,0,0,0,0,0,0,0,0,0,0,0,0,0,0,51221,1698,7803,96282.177,40577.866,51776.334,0.005,85.175,32022.647,24623.880,27.989,93,57,5,5,47,32477,0,0,0,0.000,0.000,0.000,0.000,0.000,0.000,0.000,0.000,0,0,0,0,0,0,0,0,0,0.000,0.000,0.000,0.000,0.000,0.000,0.000,0.000,0,0,0,0,0,0,0,0,0,0.000,0.000,0.000,0.000,0.000,0.000,0.000,0.000,0,0,0,0,0,0,0,0,0,0.000,0.000,0.000,0.000,0.000,0.000,0.000,0.000,0,0,0,0,0,0,0,0,0,0.000,0.000,0.000,0.000,0.000,0.000,0.000,0.000,0,0,0,0,0,0,0,0,0,0,0,0,0,0,0,0,0,0,13801,5998,5980,25,0,20607,9207,1815,94165,47018,7307,13826,6314,1370,150,60,54,45824,20069,3540,5367,2828,376,30,30,0,0,0,0,2652.298,147.521,16633.730,915.137,77,121,1,656,179,992,1813,654,172,2077,345,486,454,535,374,786,118,138,266,365,56,0,0,0,0,0,0,0,0,0,0,0,0,725,661,356,107,0,0,0,0,432,226,132,33,0,0,0,2,0,0,0,0,0,0,0,0,0,0,0,0,0,0,0,0,0.5589,0.4537,19,0,0,0.4622,0.4702,22,0,0
13891,463.0,6000,66,27,4264,1736,0,0,4029,1174.75,0.821,0.742,0.717,0.066,0.702,-0.958,2.004,0.3968,2.2707,0.525,0.131,0.440,0.215,-0.020,57,17,24,10,90,0,266121.31,75088.430,38969.039,56.337,48475.067,26.405,53873.985,29297.052,5941.975,6101.396,4881.117,3294.505,27667.570,2303.665,0.000324,0.022626,7881,0,8,16,24,8,104475,311,13,44.335,0,0,0,0,0,0,0,0,0,0,0,0,0,0,51917,1597,7570,89591.968,38199.141,47628.442,0.023,44.335,32610.612,25377.900,18.706,75,68,9,8,51,44909,0,0,0,0.000,0.000,0.000,0.000,0.000,0.000,0.000,0.000,0,0,0,0,0,0,0,0,0,0.000,0.000,0.000,0.000,0.000,0.000,0.000,0.000,0,0,0,0,0,0,0,0,0,0.000,0.000,0.000,0.000,0.000,0.000,0.000,0.000,0,0,0,0,0,0,0,0,0,0.000,0.000,0.000,0.000,0.000,0.000,0.000,0.000,0,0,0,0,0,0,0,0,0,0.000,0.000,0.000,0.000,0.000,0.000,0.000,0.000,0,0,0,0,0,0,0,0,0,0,0,0,0,0,0,0,0,0,13801,5998,5980,25,0,20452,8878,1755,93826,46623,7533,13637,6321,1267,150,60,61,46629,21264,3678,5258,2599,433,30,30,0,0,0,0,2613.344,146.574,17391.754,962.807,75,129,0,640,164,877,1694,646,164,2054,358,482,467,524,379,814,130,109,251,360,72,0,0,0,0,0,0,0,0,0,0,0,0,732,670,341,109,0,0,0,0,411,221,137,23,0,0,0,0,0,0,0,0,0,0,0,0,0,0,0,0,0,0,0,0,0.5662,0.4626,19,0,0,0.4653,0.4537,22,0,0
13921,464.0,6000,53,27,4254,1746,0,0,4011,1174.44,0.822,0.743,0.716,0.065,0.701,-0.958,2.004,0.3955,2.2626,0.520,0.120,0.398,0.215,-0.020,73,13,16,11,121,0,253526.30,70870.939,36903.266,18.608,47373.794,29.937,54065.819,29373.092,5853.958,7164.494,5731.595,3359.512,24073.318,2229.226,0.000458,0.022474,7935,0,5,11,16,5,104197,394,10,17.014,0,0,0,0,0,0,0,0,0,0,0,0,0,0,52191,1506,7541,85919.417,35943.845,46338.266,0.011,17.014,32820.219,25474.131,16.611,94,85,9,5,71,55800,0,0,0,0.000,0.000,0.000,0.000,0.000,0.000,0.000,0.000,0,0,0,0,0,0,0,0,0,0.000,0.000,0.000,0.000,0.000,0.000,0.000,0.000,0,0,0,0,0,0,0,0,0,0.000,0.000,0.000,0.000,0.000,0.000,0.000,0.000,0,0,0,0,0,0,0,0,0,0.000,0.000,0.000,0.000,0.000,0.000,0.000,0.000,0,0,0,0,0,0,0,0,0,0.000,0.000,0.000,0.000,0.000,0.000,0.000,0.000,0,0,0,0,0,0,1,0,0,0,0,0,0,0,0,0,0,0,13801,5998,5980,25,0,20399,9020,1775,93673,45978,7588,13560,6172,1266,150,87,33,46917,21386,3680,5244,2859,472,30,30,0,0,0,0,2581.717,148.641,17466.018,981.071,83,129,0,595,164,851,1623,610,156,2032,356,487,473,528,378,800,170,115,241,339,81,0,0,0,0,0,0,0,0,0,0,0,0,744,685,333,102,0,0,0,2,404,219,132,21,0,0,0,0,0,0,0,0,0,0,0,0,0,0,0,0,0,0,0,0,0.5796,0.4957,19,0,0,0.4598,0.4420,22,0,0
13951,465.0,6000,46,29,4246,1754,0,0,4007,1073.97,0.824,0.744,0.714,0.065,0.700,-0.958,2.007,0.3936,2.2746,0.517,0.094,0.352,0.215,-0.020,58,19,28,13,135,0,239888.31,67791.250,34866.991,44.901,45599.564,32.592,54190.327,29347.317,5900.009,8542.209,6833.767,3537.659,19507.824,2149.539,0.000348,0.021418,8183,0,10,18,28,10,103594,409,11,34.848,0,0,0,0,0,0,0,0,0,0,0,0,0,0,52453,1414,7774,81757.042,33877.352,44493.782,0.018,34.848,32976.049,25468.281,24.811,108,100,14,10,76,64194,0,0,0,0.000,0.000,0.000,0.000,0.000,0.000,0.000,0.000,0,0,0,0,0,0,0,0,0,0.000,0.000,0.000,0.000,0.000,0.000,0.000,0.000,0,0,0,0,0,0,0,0,0,0.000,0.000,0.000,0.000,0.000,0.000,0.000,0.000,0,0,0,0,0,0,0,0,0,0.000,0.000,0.000,0.000,0.000,0.000,0.000,0.000,0,0,0,0,0,0,0,0,0,0.000,0.000,0.000,0.000,0.000,0.000,0.000,0.000,0,0,0,0,0,0,0,0,0,0,0,0,0,0,0,0,0,0,13951,6000,5990,25,2,20482,9001,1705,93435,45523,7488,13440,6280,1223,150,90,30,47413,21411,4003,5010,2891,414,30,30,0,0,0,0,2548.836,148.894,17465.932,1017.400,65,141,0,573,163,784,1527,587,141,2044,330,470,479,523,400,808,131,122,251,357,85,0,0,0,0,0,0,0,0,0,0,0,0,758,696,320,98,0,0,0,0,428,238,127,22,0,0,0,0,0,0,0,0,0,0,0,0,0,0,0,0,0,0,0,0,0.5609,0.4810,18,0,0,0.4861,0.4823,23,0,0
13981,466.0,5999,44,29,4226,1773,0,0,3976,1090.59,0.829,0.747,0.711,0.066,0.697,-0.958,2.008,0.3944,2.2469,0.521,0.071,0.295,0.214,-0.019,61,30,15,13,133,0,225923.53,64684.085,32896.561,28.800,42085.824,32.239,54374.874,29215.807,5866.295,8815.288,7052.231,3365.232,15039.273,1949.699,0.000326,0.020943,8207,0,4,11,15,4,103552,451,9,24.087,0,0,0,0,0,0,0,0,0,0,0,0,0,0,52853,1353,7756,76688.567,32247.630,41188.553,0.008,24.087,33238.342,25317.366,20.404,121,102,23,4,75,61045,0,0,0,0.000,0.000,0.000,0.000,0.000,0.000,0.000,0.000,0,0,0,0,0,0,0,0,0,0.000,0.000,0.000,0.000,0.000,0.000,0.000,0.000,0,0,0,0,0,0,0,0,0,0.000,0.000,0.000,0.000,0.000,0.000,0.000,0.000,0,0,0,0,0,0,0,0,0,0.000,0.000,0.000,0.000,0.000,0.000,0.000,0.000,0,0,0,0,0,0,0,0,0,0.000,0.000,0.000,0.000,0.000,0.000,0.000,0.000,0,0,0,0,0,0,0,0,0,0,0,0,0,0,0,0,0,0,13951,6000,5990,25,2,20212,9169,1484,93259,45895,7106,13480,6479,1190,150,90,30,48045,21033,3789,4778,2667,365,30,14,10,0,0,0,2599.972,135.704,17048.517,957.721,50,128,0,512,145,774,1433,518,129,2055,323,451,466,520,411,780,162,119,266,364,82,0,0,0,0,0,0,0,0,0,0,0,0,755,692,309,92,0,0,0,0,439,231,124,37,0,0,0,0,0,0,0,0,0,0,0,0,0,0,0,0,0,0,0,0,0.5637,0.4624,19,0,0,0.4544,0.4932,23,0,0
14011,467.0,6000,40,29,4206,1794,0,0,3899,1193.73,0.834,0.750,0.709,0.067,0.694,-0.958,2.008,0.3939,2.2226,0.516,0.057,0.226,0.214,-0.019,59,27,25,25,178,0,211436.64,61264.622,31088.014,29.822,38679.900,29.548,54526.103,29071.114,5772.122,11550.471,9240.377,2831.799,10535.116,1822.991,0.000311,0.021961,8143,0,7,18,25,7,103461,387,11,21.686,0,0,0,0,0,0,0,0,0,0,0,0,0,0,53401,1274,7756,71292.524,30437.540,37831.703,0.019,21.686,33517.519,25205.706,27.640,152,131,21,7,103,81614,0,0,0,0.000,0.000,0.000,0.000,0.000,0.000,0.000,0.000,0,0,0,0,0,0,0,0,0,0.000,0.000,0.000,0.000,0.000,0.000,0.000,0.000,0,0,0,0,0,0,0,0,0,0.000,0.000,0.000,0.000,0.000,0.000,0.000,0.000,0,0,0,0,0,0,0,0,0,0.000,0.000,0.000,0.000,0.000,0.000,0.000,0.000,0,0,0,0,0,0,0,0,0,0.000,0.000,0.000,0.000,0.000,0.000,0.000,0.000,0,0,0,0,0,0,0,0,0,0,0,0,0,0,0,0,0,0,13951,6000,5990,25,2,20024,8957,1801,92769,45487,7001,13593,6780,865,175,105,15,48812,20503,4474,4559,2417,437,30,25,5,0,0,0,2570.490,134.133,16600.115,1136.853,54,124,1,517,118,714,1353,515,125,2025,327,455,477,515,407,770,154,140,263,373,94,0,0,0,0,0,0,0,0,0,0,0,0,745,696,318,95,0,0,0,0,449,255,139,27,0,0,0,0,0,0,0,0,0,0,0,0,0,0,0,0,0,0,0,0,0.5531,0.4494,20,1,0,0.4394,0.4551,23,0,0
14041,468.0,5998,26,29,4181,1817,0,0,3869,1066.77,0.839,0.754,0.707,0.067,0.690,-0.958,2.013,0.3931,2.2408,0.531,0.037,0.161,0.213,-0.019,62,36,25,15,199,0,194281.16,58464.773,28648.017,26.090,35766.494,28.693,54654.945,29452.891,5754.561,12548.075,10038.460,2871.862,7407.698,1642.799,0.000264,0.021433,8067,0,7,18,25,7,102913,284,10,18.032,0,0,0,0,0,0,0,0,0,0,0,0,0,0,54205,1177,7783,65739.692,28190.387,34834.841,0.020,18.032,33879.854,25642.498,32.411,169,146,31,7,108,83899,0,0,0,0.000,0.000,0.000,0.000,0.000,0.000,0.000,0.000,0,0,0,0,0,0,0,0,0,0.000,0.000,0.000,0.000,0.000,0.000,0.000,0.000,0,0,0,0,0,0,0,0,0,0.000,0.000,0.000,0.000,0.000,0.000,0.000,0.000,0,0,0,0,0,0,0,0,0,0.000,0.000,0.000,0.000,0.000,0.000,0.000,0.000,0,0,0,0,0,0,0,0,0,0.000,0.000,0.000,0.000,0.000,0.000,0.000,0.000,0,0,0,0,0,0,0,0,0,0,0,0,0,0,0,0,0,0,13951,6000,5990,25,2,19909,8973,1586,92172,44358,7269,13517,6730,806,180,120,0,49681,21182,4205,4494,2290,400,30,30,0,0,0,0,2502.137,132.429,16939.255,1070.664,63,114,0,456,120,643,1233,465,119,1997,306,457,494,520,407,787,149,165,273,368,75,0,0,0,0,0,0,0,0,0,0,0,0,739,703,331,104,0,0,0,1,440,263,140,38,0,0,0,0,0,0,0,0,0,0,0,0,0,0,0,0,0,0,0,0,0.5556,0.4443,21,0,0,0.4216,0.4647,23,0,0
14071,469.0,5998,35,29,4161,1837,0,0,3963,1011.69,0.844,0.757,0.703,0.068,0.687,-0.958,2.014,0.3937,2.2743,0.529,0.017,0.096,0.212,-0.019,67,58,38,13,211,0,173383.30,55497.236,24997.000,58.073,33242.541,26.398,54604.043,29304.433,5801.187,14729.176,11783.341,2804.056,4397.059,1593.553,0.000298,0.023977,8378,0,7,31,38,7,102345,292,23,41.226,0,0,0,0,0,0,0,0,0,0,0,0,0,0,54749,1021,8086,59685.990,24463.998,32706.349,0.014,41.226,34027.173,25524.747,40.431,200,180,45,7,128,109899,0,0,0,0.000,0.000,0.000,0.000,0.000,0.000,0.000,0.000,0,0,0,0,0,0,0,0,0,0.000,0.000,0.000,0.000,0.000,0.000,0.000,0.000,0,0,0,0,0,0,0,0,0,0.000,0.000,0.000,0.000,0.000,0.000,0.000,0.000,0,0,0,0,0,0,0,0,0,0.000,0.000,0.000,0.000,0.000,0.000,0.000,0.000,0,0,0,0,0,0,0,0,0,0.000,0.000,0.000,0.000,0.000,0.000,0.000,0.000,0,0,0,0,0,0,0,0,0,0,0,0,0,0,0,0,0,0,13951,6000,5990,25,2,19720,8619,1669,91884,44107,6509,13419,6481,969,180,120,3,50331,20826,4003,4388,2206,465,30,30,0,0,0,0,2448.227,134.716,16580.481,1022.889,64,136,0,395,107,592,1085,401,88,1947,322,448,521,515,408,777,153,145,285,399,78,0,0,0,0,0,0,0,0,0,0,0,0,730,745,332,84,0,0,0,1,441,281,151,34,0,0,0,0,0,0,0,0,0,0,0,0,0,0,0,0,0,0,0,0,0.5775,0.4702,21,1,1,0.4498,0.4658,23,0,0
14101,470.0,5998,19,30,4134,1864,0,0,3942,985.81,0.851,0.763,0.697,0.068,0.683,-0.957,2.021,0.3936,2.2470,0.524,0.002,0.009,0.211,-0.018,63,58,57,11,257,0,151506.55,52768.232,24422.590,52.231,30469.576,33.436,54543.572,29465.670,5902.312,18099.135,14479.308,2272.833,1786.904,1528.689,0.000283,0.024814,8277,0,19,38,57,19,101857,344,31,46.792,0,0,0,0,0,0,0,0,0,0,0,0,0,0,55450,1007,7933,55983.947,24009.631,29544.662,0.039,46.792,34187.140,25739.136,43.534,256,229,40,19,170,133998,0,0,0,0.000,0.000,0.000,0.000,0.000,0.000,0.000,0.000,0,0,0,0,0,0,0,0,0,0.000,0.000,0.000,0.000,0.000,0.000,0.000,0.000,0,0,0,0,0,0,0,0,0,0.000,0.000,0.000,0.000,0.000,0.000,0.000,0.000,0,0,0,0,0,0,0,0,0,0.000,0.000,0.000,0.000,0.000,0.000,0.000,0.000,0,0,0,0,0,0,0,0,0,0.000,0.000,0.000,0.000,0.000,0.000,0.000,0.000,0,0,0,0,0,0,0,0,0,0,0,0,0,0,0,0,0,0,14101,5998,5992,99,1,19289,7888,1897,91548,43605,6808,13498,6481,850,155,112,13,51153,20799,4456,4267,2093,375,30,30,0,0,0,0,2381.821,137.599,16494.301,1117.312,56,128,3,386,108,551,1061,407,99,1918,322,454,517,503,420,757,171,185,284,359,108,0,0,0,0,0,0,0,0,0,0,0,0,702,762,352,78,0,0,0,0,481,268,150,37,0,0,0,0,0,0,0,0,0,0,0,0,0,0,0,0,0,0,0,0,0.5532,0.4527,23,1,0,0.4339,0.4371,24,0,0
14131,471.0,5765,25,30,4029,1736,0,0,3864,875.95,0.837,0.750,0.700,0.067,0.692,-0.958,2.024,0.3906,2.2302,0.537,0.000,0.003,0.213,-0.019,55,59,44,11,353,0,128728.26,49897.961,21482.823,56.699,28118.896,23.613,53437.926,29110.134,5900.039,11049.716,8839.773,2055.770,147.108,1354.856,0.000197,0.026346,8376,0,10,34,44,10,100628,330,29,48.686,0,0,0,0,0,0,0,0,0,0,0,0,0,0,54788,881,8046,50211.969,20999.527,27084.100,0.022,48.686,33479.731,25466.645,26.041,155,283,45,10,228,164284,0,0,0,0.000,0.000,0.000,0.000,0.000,0.000,0.000,0.000,0,0,0,0,0,0,0,0,0,0.000,0.000,0.000,0.000,0.000,0.000,0.000,0.000,0,0,0,0,0,0,0,0,0,0.000,0.000,0.000,0.000,0.000,0.000,0.000,0.000,0,0,0,0,0,0,0,0,0,0.000,0.000,0.000,0.000,0.000,0.000,0.000,0.000,0,0,0,0,0,0,0,0,0,0.000,0.000,0.000,0.000,0.000,0.000,0.000,0.000,0,0,0,0,0,0,0,0,0,0,0,0,0,0,0,0,0,0,14101,5998,5992,99,1,18833,7650,1816,90142,42617,6951,13459,6222,874,150,120,0,50379,20789,4461,4379,1826,464,30,30,0,0,0,0,2337.373,137.042,16249.268,1128.048,61,131,0,337,100,499,930,336,102,1848,333,440,515,474,419,701,149,161,258,357,110,0,0,0,0,0,0,0,0,0,0,0,0,685,745,344,74,0,0,0,0,429,276,149,32,0,0,0,0,0,0,0,0,0,0,0,0,0,0,0,0,0,0,0,0,0.5569,0.4311,21,0,0,0.4328,0.4401,24,0,0
14161,472.0,5356,36,30,3897,1459,0,0,3601,889.71,0.796,0.717,0.714,0.065,0.718,-0.957,2.031,0.3920,2.2527,0.545,0.000,0.004,0.218,-0.020,71,85,50,13,401,0,111910.89,47046.910,19835.310,56.252,22052.670,26.356,48554.588,25376.848,5569.620,6659.762,5327.810,1838.537,41.495,1042.798,0.000272,0.026201,7031,0,13,37,50,13,98525,214,33,52.378,0,0,0,0,0,0,0,0,0,0,0,0,0,0,48089,818,6817,42845.114,19518.475,21539.510,0.029,52.378,29228.964,21855.542,32.799,94,371,69,13,289,189016,0,0,0,0.000,0.000,0.000,0.000,0.000,0.000,0.000,0.000,0,0,0,0,0,0,0,0,0,0.000,0.000,0.000,0.000,0.000,0.000,0.000,0.000,0,0,0,0,0,0,0,0,0,0.000,0.000,0.000,0.000,0.000,0.000,0.000,0.000,0,0,0,0,0,0,0,0,0,0.000,0.000,0.000,0.000,0.000,0.000,0.000,0.000,0,0,0,0,0,0,0,0,0,0.000,0.000,0.000,0.000,0.000,0.000,0.000,0.000,0,0,0,0,0,0,0,0,0,0,0,0,0,0,0,0,0,0,14101,5998,5992,99,1,18035,7355,1699,87538,41332,7267,13206,5914,1019,175,120,0,44025,17401,3818,4034,1434,450,30,8,17,0,0,0,2259.266,141.792,13552.173,974.965,44,103,1,327,82,460,858,324,79,1809,329,435,466,455,403,552,129,119,247,344,68,0,0,0,0,0,0,0,0,0,0,0,0,666,690,331,71,0,0,0,1,403,238,108,28,0,0,0,1,0,0,0,0,0,0,0,0,0,0,0,0,0,0,0,0,0.5458,0.4730,20,0,0,0.4192,0.4552,23,0,0
14191,473.0,4921,35,30,3735,1186,0,0,3258,844.03,0.750,0.681,0.728,0.061,0.747,-0.957,2.039,0.3907,2.2473,0.569,0.001,0.005,0.224,-0.022,79,101,47,18,386,0,102037.97,44970.273,17976.255,40.174,18255.052,31.493,42441.764,21169.046,5096.323,5309.477,4247.581,2092.046,99.403,899.142,0.000299,0.023203,5727,0,10,37,47,10,94752,247,32,28.841,0,0,0,0,0,0,0,0,0,0,0,0,0,0,39564,740,5480,37006.953,17650.394,17737.346,0.025,28.841,23904.217,17777.169,27.277,70,343,76,10,257,162009,0,0,0,0.000,0.000,0.000,0.000,0.000,0.000,0.000,0.000,0,0,0,0,0,0,0,0,0,0.000,0.000,0.000,0.000,0.000,0.000,0.000,0.000,0,0,0,0,0,0,0,0,0,0.000,0.000,0.000,0.000,0.000,0.000,0.000,0.000,0,0,0,0,0,0,0,0,0,0.000,0.000,0.000,0.000,0.000,0.000,0.000,0.000,0,0,0,0,0,0,0,0,0,0.000,0.000,0.000,0.000,0.000,0.000,0.000,0.000,0,0,0,0,0,0,0,0,0,0,0,0,0,0,0,0,0,0,14101,5998,5992,99,1,17336,7394,1438,84199,40056,6773,12672,5708,1180,180,120,0,36175,13955,2970,3359,1213,216,30,0,0,0,0,0,2211.201,127.611,10981.481,732.819,58,102,0,289,72,419,781,289,69,1750,298,431,433,446,377,441,91,103,189,316,46,0,0,0,0,0,0,0,0,0,0,0,0,650,650,324,63,0,0,0,0,354,175,96,29,0,0,0,0,0,0,0,0,0,0,0,0,0,0,0,0,0,0,0,0,0.5315,0.5098,19,0,0,0.4275,0.4390,23,0,0
14221,474.0,4674,44,30,3651,1023,0,0,2955,864.80,0.718,0.657,0.735,0.060,0.767,-0.958,2.044,0.3901,2.2740,0.560,0.001,0.002,0.228,-0.023,76,64,28,14,259,0,96595.07,42777.608,15057.682,26.728,16305.379,28.137,37913.388,17752.264,4631.979,5233.835,4187.068,1199.517,6.948,754.050,0.000185,0.022034,4949,0,6,22,28,6,91934,326,19,23.395,0,0,0,0,0,0,0,0,0,0,0,0,0,0,33151,615,4623,31809.028,14681.411,15802.042,0.013,23.395,19986.636,14484.591,26.601,67,230,50,6,174,105896,0,0,0,0.000,0.000,0.000,0.000,0.000,0.000,0.000,0.000,0,0,0,0,0,0,0,0,0,0.000,0.000,0.000,0.000,0.000,0.000,0.000,0.000,0,0,0,0,0,0,0,0,0,0.000,0.000,0.000,0.000,0.000,0.000,0.000,0.000,0,0,0,0,0,0,0,0,0,0.000,0.000,0.000,0.000,0.000,0.000,0.000,0.000,0,0,0,0,0,0,0,0,0,0.000,0.000,0.000,0.000,0.000,0.000,0.000,0.000,0,0,0,0,0,0,0,0,0,0,0,0,0,0,0,0,0,0,14101,5998,5992,99,1,16803,7285,1534,81586,38566,6359,12312,5671,1045,178,118,0,30432,11139,2623,2689,835,216,30,0,5,0,0,0,2135.943,118.968,8638.276,650.188,51,83,0,260,61,352,664,251,58,1688,298,420,441,430,374,377,87,90,172,253,44,0,0,0,0,0,0,0,0,0,0,0,0,631,635,332,67,0,0,0,0,342,127,74,16,0,0,0,0,0,0,0,0,0,0,0,0,0,0,0,0,0,0,0,0,0.5442,0.4849,17,0,0,0.4426,0.4408,23,0,0
14251,475.0,4494,50,33,3602,892,0,0,2710,837.93,0.689,0.634,0.744,0.059,0.786,-0.958,2.051,0.3920,2.2734,0.580,0.001,0.003,0.232,-0.023,74,64,15,10,216,0,94915.97,40804.542,15126.404,20.628,14088.904,35.262,34841.135,16088.918,4178.649,5455.427,4364.342,748.564,47.989,634.331,0.000166,0.021467,4113,0,0,15,15,0,90381,256,8,16.177,0,0,0,0,0,0,0,0,0,0,0,0,0,0,28740,617,3857,29665.746,14749.278,13690.583,0.000,16.177,17280.859,12917.227,12.719,67,198,50,0,148,102968,0,0,0,0.000,0.000,0.000,0.000,0.000,0.000,0.000,0.000,0,0,0,0,0,0,0,0,0,0.000,0.000,0.000,0.000,0.000,0.000,0.000,0.000,0,0,0,0,0,0,0,0,0,0.000,0.000,0.000,0.000,0.000,0.000,0.000,0.000,0,0,0,0,0,0,0,0,0,0.000,0.000,0.000,0.000,0.000,0.000,0.000,0.000,0,0,0,0,0,0,0,0,0,0.000,0.000,0.000,0.000,0.000,0.000,0.000,0.000,0,0,0,0,0,0,0,0,0,0,0,0,0,0,0,0,0,0,14251,4494,4480,51,3,16385,7124,1316,80227,37383,6361,12040,5482,983,153,90,0,26533,10069,2422,2177,751,157,30,26,4,0,0,0,2064.948,116.930,7920.780,604.403,61,69,0,227,76,368,665,224,74,1638,305,412,463,420,364,332,70,54,149,247,40,0,0,0,0,0,0,0,0,0,0,0,0,628,635,328,68,0,0,0,0,300,119,63,8,0,0,0,0,0,0,0,0,0,0,0,0,0,0,0,0,0,0,0,0,0.5571,0.4731,18,0,0,0.4350,0.4118,23,0,0
14281,476.0,4359,52,33,3559,800,0,0,2519,976.77,0.666,0.617,0.749,0.057,0.800,-0.959,2.055,0.3924,2.1987,0.581,0.001,0.007,0.234,-0.025,86,65,12,17,201,0,95002.55,39693.466,13733.549,16.177,12173.572,39.003,32319.925,14335.560,3824.476,6703.740,5362.992,912.939,82.094,540.865,0.000220,0.021155,3410,0,3,9,12,3,89574,179,9,16.168,0,0,0,0,0,0,0,0,0,0,0,0,0,0,25147,561,3231,26356.572,13444.736,11875.613,0.009,16.168,15048.337,11263.866,12.707,77,169,43,3,123,70277,0,0,0,0.000,0.000,0.000,0.000,0.000,0.000,0.000,0.000,0,0,0,0,0,0,0,0,0,0.000,0.000,0.000,0.000,0.000,0.000,0.000,0.000,0,0,0,0,0,0,0,0,0,0.000,0.000,0.000,0.000,0.000,0.000,0.000,0.000,0,0,0,0,0,0,0,0,0,0.000,0.000,0.000,0.000,0.000,0.000,0.000,0.000,0,0,0,0,0,0,0,0,0,0.000,0.000,0.000,0.000,0.000,0.000,0.000,0.000,0,0,0,0,0,0,0,0,0,0,0,0,0,0,0,0,0,0,14251,4494,4480,51,3,16247,7001,1377,78978,36401,6300,11738,5230,948,180,74,16,23311,9070,2026,1806,627,163,30,30,0,0,0,0,2001.354,119.353,7076.838,522.635,59,46,0,228,59,313,598,229,56,1622,278,418,470,429,342,313,73,51,149,186,28,0,0,0,0,0,0,0,0,0,0,0,0,626,642,316,74,0,0,0,1,243,121,43,7,0,0,0,0,0,0,0,0,0,0,0,0,0,0,0,0,0,0,0,0,0.5507,0.4689,17,0,0,0.4269,0.4545,22,0,0
14311,477.0,4266,50,33,3532,734,0,0,2335,1024.39,0.649,0.603,0.753,0.056,0.811,-0.959,2.059,0.3897,2.2181,0.592,0.001,0.012,0.236,-0.025,77,50,15,22,175,0,95229.30,38239.271,12685.003,20.863,12600.331,40.281,30629.462,13438.717,3568.076,7057.377,5645.901,1053.662,43.121,573.876,0.000223,0.022602,3135,0,3,12,15,3,89078,156,5,10.110,0,0,0,0,0,0,0,0,0,0,0,0,0,0,22860,517,2979,25644.380,12336.900,12273.804,0.002,10.110,13611.159,10388.889,13.778,81,147,36,3,108,61672,0,0,0,0.000,0.000,0.000,0.000,0.000,0.000,0.000,0.000,0,0,0,0,0,0,0,0,0,0.000,0.000,0.000,0.000,0.000,0.000,0.000,0.000,0,0,0,0,0,0,0,0,0,0.000,0.000,0.000,0.000,0.000,0.000,0.000,0.000,0,0,0,0,0,0,0,0,0,0.000,0.000,0.000,0.000,0.000,0.000,0.000,0.000,0,0,0,0,0,0,0,0,0,0.000,0.000,0.000,0.000,0.000,0.000,0.000,0.000,0,0,0,0,0,0,0,0,0,0,0,0,0,0,0,0,0,0,14251,4494,4480,51,3,15994,7184,1382,78234,35775,6325,11836,5285,1044,186,60,5,21235,8441,1686,1595,550,129,30,30,0,0,0,0,1992.444,121.158,6586.103,413.073,55,55,0,184,56,317,559,196,58,1608,284,408,472,423,337,280,61,59,129,167,38,0,0,0,0,0,0,0,0,0,0,0,0,620,639,308,72,0,0,0,1,219,112,52,10,0,0,0,0,0,0,0,0,0,0,0,0,0,0,0,0,0,0,0,0,0.5719,0.4752,17,1,1,0.4494,0.4554,22,0,0
14341,478.0,4217,58,33,3518,699,0,0,2172,950.47,0.639,0.596,0.755,0.056,0.817,-0.960,2.063,0.3904,2.2358,0.585,0.001,0.009,0.238,-0.025,90,46,6,10,140,0,97400.97,37715.097,12801.466,3.269,12662.557,39.653,29527.370,12724.908,3260.056,6437.501,5150.001,948.613,53.568,546.153,0.000203,0.021655,3074,0,3,3,6,3,88886,137,1,1.207,0,0,0,0,0,0,0,0,0,0,0,0,0,0,21384,516,2937,25661.896,12360.012,12279.099,0.002,1.207,12675.380,9705.624,14.169,75,110,26,3,81,46043,0,0,0,0.000,0.000,0.000,0.000,0.000,0.000,0.000,0.000,0,0,0,0,0,0,0,0,0,0.000,0.000,0.000,0.000,0.000,0.000,0.000,0.000,0,0,0,0,0,0,0,0,0,0.000,0.000,0.000,0.000,0.000,0.000,0.000,0.000,0,0,0,0,0,0,0,0,0,0.000,0.000,0.000,0.000,0.000,0.000,0.000,0.000,0,0,0,0,0,0,0,0,0,0.000,0.000,0.000,0.000,0.000,0.000,0.000,0.000,0,0,0,0,0,0,0,0,0,0,0,0,0,0,0,0,0,0,14251,4494,4480,51,3,15728,7028,1312,78039,35488,6172,11934,5474,880,213,60,0,20016,7912,1876,1338,432,145,30,30,0,0,0,0,1971.537,114.922,6156.555,466.598,55,42,0,211,62,294,559,203,61,1590,288,419,464,421,336,280,62,47,119,167,24,0,0,0,0,0,0,0,0,0,0,0,0,603,645,310,82,0,0,0,0,198,98,55,6,0,0,0,0,0,0,0,0,0,0,0,0,0,0,0,0,0,0,0,0,0.5873,0.4665,17,1,0,0.4463,0.4263,21,0,0
14371,479.0,4205,57,33,3502,703,0,0,2130,967.15,0.641,0.597,0.755,0.056,0.816,-0.961,2.067,0.3902,2.2823,0.585,0.001,0.009,0.237,-0.025,100,60,17,12,97,0,98933.01,37091.145,11879.199,32.892,12113.453,40.358,29069.104,12352.815,3068.262,7515.316,6012.253,806.504,149.856,521.595,0.000180,0.022785,2787,0,2,15,17,2,88333,163,7,18.620,0,0,0,0,0,0,0,0,0,0,0,0,0,0,20932,485,2624,24338.855,11534.508,11836.699,0.003,18.620,12359.456,9367.687,9.667,91,87,42,2,43,32779,0,0,0,0.000,0.000,0.000,0.000,0.000,0.000,0.000,0.000,0,0,0,0,0,0,0,0,0,0.000,0.000,0.000,0.000,0.000,0.000,0.000,0.000,0,0,0,0,0,0,0,0,0,0.000,0.000,0.000,0.000,0.000,0.000,0.000,0.000,0,0,0,0,0,0,0,0,0,0.000,0.000,0.000,0.000,0.000,0.000,0.000,0.000,0,0,0,0,0,0,0,0,0,0.000,0.000,0.000,0.000,0.000,0.000,0.000,0.000,0,0,0,0,0,0,0,0,0,0,0,0,0,0,0,0,0,0,14251,4494,4480,51,3,15472,6985,1206,77476,34859,6543,12108,5509,1028,240,57,3,19601,7580,1810,1303,408,102,28,28,0,0,0,0,1942.004,118.795,5882.520,452.447,60,51,0,204,45,281,531,192,56,1587,284,410,444,437,340,269,62,45,118,189,20,0,0,0,0,0,0,0,0,0,0,0,0,589,641,314,85,0,0,0,2,220,94,47,10,0,0,0,1,0,0,0,0,0,0,0,0,0,0,0,0,0,0,0,0,0.5749,0.4504,14,0,0,0.4491,0.4132,21,0,0
14401,480.0,4220,57,30,3519,701,0,0,2072,984.38,0.639,0.594,0.753,0.055,0.817,-0.961,2.075,0.3856,2.2491,0.576,0.001,0.010,0.238,-0.026,79,45,3,10,117,0,98763.73,36594.029,10872.226,4.601,12655.208,37.999,29127.502,12632.435,3000.362,7589.667,6071.734,717.435,104.596,539.869,0.000248,0.024693,2954,0,0,3,3,0,88531,111,1,1.896,0,0,0,0,0,0,0,0,0,0,0,0,0,0,21153,441,2843,23903.752,10552.110,12420.251,0.000,1.896,12464.113,9655.294,7.298,79,81,29,0,52,26213,0,0,0,0.000,0.000,0.000,0.000,0.000,0.000,0.000,0.000,0,0,0,0,0,0,0,0,0,0.000,0.000,0.000,0.000,0.000,0.000,0.000,0.000,0,0,0,0,0,0,0,0,0,0.000,0.000,0.000,0.000,0.000,0.000,0.000,0.000,0,0,0,0,0,0,0,0,0,0.000,0.000,0.000,0.000,0.000,0.000,0.000,0.000,0,0,0,0,0,0,0,0,0,0.000,0.000,0.000,0.000,0.000,0.000,0.000,0.000,0,0,0,0,0,0,0,0,0,0,0,0,0,0,0,0,0,0,14401,4220,4216,26,0,15419,6850,1318,77492,35315,6343,12200,5610,994,252,30,30,19946,7868,1819,1207,485,59,0,0,0,0,0,0,1947.767,115.825,6137.798,443.349,47,47,0,163,57,257,477,167,42,1591,306,425,410,437,350,289,63,41,121,154,33,0,0,0,0,0,0,0,0,0,0,0,0,583,632,322,85,0,0,0,0,203,101,36,9,0,0,0,0,0,0,0,0,0,0,0,0,0,0,0,0,0,0,0,0,0.5588,0.4691,15,0,0,0.4499,0.4338,21,0,0
14431,481.0,4217,53,30,3531,686,0,0,2060,837.23,0.634,0.589,0.751,0.054,0.820,-0.961,2.080,0.3839,2.2656,0.586,0.002,0.010,0.238,-0.027,73,52,11,10,109,0,99894.41,36720.549,11836.262,11.807,12719.888,36.666,28862.177,12800.668,2926.031,7313.356,5850.685,762.481,83.251,540.659,0.000182,0.023746,2931,0,2,9,11,2,88751,136,6,9.889,0,0,0,0,0,0,0,0,0,0,0,0,0,0,20769,486,2795,24983.923,11568.885,12462.721,0.000,9.889,12199.105,9828.093,7.218,81,96,32,2,62,32637,0,0,0,0.000,0.000,0.000,0.000,0.000,0.000,0.000,0.000,0,0,0,0,0,0,0,0,0,0.000,0.000,0.000,0.000,0.000,0.000,0.000,0.000,0,0,0,0,0,0,0,0,0,0.000,0.000,0.000,0.000,0.000,0.000,0.000,0.000,0,0,0,0,0,0,0,0,0,0.000,0.000,0.000,0.000,0.000,0.000,0.000,0.000,0,0,0,0,0,0,0,0,0,0.000,0.000,0.000,0.000,0.000,0.000,0.000,0.000,0,0,0,0,0,0,0,0,0,0,0,0,0,0,0,0,0,0,14401,4220,4216,26,0,15421,6856,1210,77852,35478,6334,12410,5755,1249,282,30,18,19618,8296,1863,1151,412,88,0,0,0,0,0,0,1949.729,113.036,6456.718,480.723,51,41,0,199,51,266,520,204,57,1621,279,443,395,442,351,296,61,29,121,152,27,0,0,0,0,0,0,0,0,0,0,0,0,592,625,330,84,0,0,0,0,200,97,30,2,0,0,0,0,0,0,0,0,0,0,0,0,0,0,0,0,0,0,0,0,0.5656,0.4530,14,0,0,0.4818,0.4540,21,1,0
14461,482.0,4224,53,30,3554,670,0,0,2062,823.10,0.627,0.583,0.751,0.054,0.824,-0.961,2.084,0.3847,2.2658,0.575,0.003,0.007,0.239,-0.027,84,58,13,3,122,0,100795.77,36782.149,11280.599,15.980,12506.427,37.040,28612.973,12576.995,2899.970,8312.007,6649.606,753.705,124.301,547.023,0.000179,0.022586,2944,0,3,10,13,3,88661,218,9,14.007,0,0,0,0,0,0,0,0,0,0,0,0,0,0,20461,463,2726,24006.091,11004.227,12086.660,0.000,14.007,11965.182,9614.037,13.226,91,107,42,3,62,30934,0,0,0,0.000,0.000,0.000,0.000,0.000,0.000,0.000,0.000,0,0,0,0,0,0,0,0,0,0.000,0.000,0.000,0.000,0.000,0.000,0.000,0.000,0,0,0,0,0,0,0,0,0,0.000,0.000,0.000,0.000,0.000,0.000,0.000,0.000,0,0,0,0,0,0,0,0,0,0.000,0.000,0.000,0.000,0.000,0.000,0.000,0.000,0,0,0,0,0,0,0,0,0,0.000,0.000,0.000,0.000,0.000,0.000,0.000,0.000,0,0,0,0,0,0,0,0,0,0,0,0,0,0,0,0,0,0,14401,4220,4216,26,0,15470,6746,1099,78000,35650,6484,12475,5800,1400,300,30,0,19293,8109,1489,1168,374,129,0,0,0,0,0,0,1938.367,122.619,6289.454,385.169,54,50,0,184,49,267,500,186,47,1617,289,444,412,435,357,249,63,46,106,167,39,0,0,0,0,0,0,0,0,0,0,0,0,597,623,334,93,0,0,0,1,193,103,56,6,0,0,0,0,0,0,0,0,0,0,0,0,0,0,0,0,0,0,0,0,0.5520,0.4424,14,0,0,0.4407,0.4397,21,0,0
14491,483.0,4250,64,30,3574,676,0,0,2037,841.26,0.627,0.583,0.751,0.055,0.824,-0.963,2.088,0.3822,2.3089,0.569,0.002,0.009,0.239,-0.027,79,47,18,2,117,0,103297.22,37583.397,12088.209,40.149,13560.494,32.354,28452.603,12345.840,2874.535,8688.848,6951.078,1168.365,53.588,577.609,0.000149,0.022289,2985,0,0,18,18,0,89185,156,15,32.091,0,0,0,0,0,0,0,0,0,0,0,0,0,0,20178,488,2829,25816.773,11695.454,13181.485,0.000,32.091,11757.228,9351.794,15.254,96,90,38,0,52,29966,0,0,0,0.000,0.000,0.000,0.000,0.000,0.000,0.000,0.000,0,0,0,0,0,0,0,0,0,0.000,0.000,0.000,0.000,0.000,0.000,0.000,0.000,0,0,0,0,0,0,0,0,0,0.000,0.000,0.000,0.000,0.000,0.000,0.000,0.000,0,0,0,0,0,0,0,0,0,0.000,0.000,0.000,0.000,0.000,0.000,0.000,0.000,0,0,0,0,0,0,0,0,0,0.000,0.000,0.000,0.000,0.000,0.000,0.000,0.000,0,0,0,0,0,0,0,0,0,0,0,0,0,0,0,0,0,0,14401,4220,4216,26,0,15535,7038,1135,78565,35821,6382,12556,5792,1296,299,29,23,19040,7323,1810,1138,475,82,0,0,0,0,0,0,1970.394,117.679,5859.698,474.547,48,44,0,221,60,271,541,219,49,1636,299,433,407,434,365,259,74,32,130,151,30,0,0,0,0,0,0,0,0,0,0,0,0,590,638,322,88,0,0,0,1,193,98,45,7,0,0,0,0,0,0,0,0,0,0,0,0,0,0,0,0,0,0,0,0,0.5639,0.4581,14,0,0,0.4381,0.4223,21,0,0
14521,484.0,4328,76,30,3625,703,0,0,2026,889.29,0.632,0.586,0.748,0.055,0.821,-0.964,2.093,0.3814,2.2552,0.558,0.002,0.007,0.238,-0.027,84,38,12,9,87,0,106861.22,38515.943,12337.088,20.282,12631.863,33.717,28674.030,12600.602,2824.677,9145.722,7316.578,734.001,136.506,510.347,0.000233,0.020807,2870,0,1,11,12,1,90030,141,7,15.898,0,0,0,0,0,0,0,0,0,0,0,0,0,0,20541,500,2729,25206.344,11971.134,12323.943,0.000,15.898,11944.982,9580.894,6.893,100,73,24,1,48,18810,0,0,0,0.000,0.000,0.000,0.000,0.000,0.000,0.000,0.000,0,0,0,0,0,0,0,0,0,0.000,0.000,0.000,0.000,0.000,0.000,0.000,0.000,0,0,0,0,0,0,0,0,0,0.000,0.000,0.000,0.000,0.000,0.000,0.000,0.000,0,0,0,0,0,0,0,0,0,0.000,0.000,0.000,0.000,0.000,0.000,0.000,0.000,0,0,0,0,0,0,0,0,0,0.000,0.000,0.000,0.000,0.000,0.000,0.000,0.000,0,0,0,0,0,0,0,0,0,0,0,0,0,0,0,0,0,0,14401,4220,4216,26,0,15812,7419,1265,78929,35937,6386,12729,5938,1225,270,26,4,19513,7600,2016,1028,384,80,0,0,0,0,0,0,2001.254,116.210,6151.958,503.507,48,38,0,201,51,305,545,199,45,1665,297,449,422,438,354,273,69,39,100,191,31,0,0,0,0,0,0,0,0,0,0,0,0,599,645,319,100,0,0,0,0,221,91,42,7,0,0,0,0,0,0,0,0,0,0,0,0,0,0,0,0,0,0,0,0,0.5679,0.4670,14,0,0,0.4315,0.4723,21,0,0
14551,485.0,4427,52,31,3691,736,0,0,2056,787.32,0.636,0.589,0.745,0.057,0.817,-0.964,2.099,0.3793,2.2698,0.568,0.002,0.012,0.238,-0.027,87,39,11,6,98,0,112239.86,40435.478,13742.596,12.276,14127.777,35.341,29482.031,12816.070,2840.152,10298.768,8239.014,847.184,201.520,565.003,0.000251,0.020545,3159,0,1,10,11,1,92065,161,8,8.971,0,0,0,0,0,0,0,0,0,0,0,0,0,0,21577,552,2998,27962.791,13223.073,13753.420,0.000,8.971,12536.522,9769.994,11.366,112,79,29,1,49,20076,0,0,0,0.000,0.000,0.000,0.000,0.000,0.000,0.000,0.000,0,0,0,0,0,0,0,0,0,0.000,0.000,0.000,0.000,0.000,0.000,0.000,0.000,0,0,0,0,0,0,0,0,0,0.000,0.000,0.000,0.000,0.000,0.000,0.000,0.000,0,0,0,0,0,0,0,0,0,0.000,0.000,0.000,0.000,0.000,0.000,0.000,0.000,0,0,0,0,0,0,0,0,0,0.000,0.000,0.000,0.000,0.000,0.000,0.000,0.000,0,0,0,0,0,0,0,0,0,0,0,0,0,0,0,0,0,0,14551,4427,4411,21,1,16155,7513,1633,80259,36413,6116,13037,6347,1193,271,17,13,20572,7517,1706,1005,373,64,0,0,0,0,0,0,2018.391,118.627,5984.756,439.404,40,35,1,198,54,336,612,215,40,1693,300,468,426,457,347,279,61,45,123,194,34,0,0,0,0,0,0,0,0,0,0,0,0,608,647,339,104,0,0,0,0,221,111,49,15,0,0,0,0,0,0,0,0,0,0,0,0,0,0,0,0,0,0,0,0,0.5675,0.4530,14,1,0,0.4362,0.4401,21,0,0
14581,486.0,4566,64,31,3788,778,0,0,2051,891.72,0.642,0.593,0.740,0.057,0.814,-0.963,2.107,0.3785,2.2812,0.558,0.004,0.010,0.237,-0.027,85,36,12,6,106,0,118714.85,42430.425,14738.104,22.630,14291.543,38.179,30298.950,13395.426,2855.031,11779.078,9423.263,1034.766,167.931,608.251,0.000264,0.022127,3129,0,2,10,12,2,93574,167,5,10.640,0,0,0,0,0,0,0,0,0,0,0,0,0,0,22571,596,2962,29289.166,14310.776,13911.876,0.000,10.640,13078.310,10280.291,13.724,120,78,23,2,53,24768,0,0,0,0.000,0.000,0.000,0.000,0.000,0.000,0.000,0.000,0,0,0,0,0,0,0,0,0,0.000,0.000,0.000,0.000,0.000,0.000,0.000,0.000,0,0,0,0,0,0,0,0,0,0.000,0.000,0.000,0.000,0.000,0.000,0.000,0.000,0,0,0,0,0,0,0,0,0,0.000,0.000,0.000,0.000,0.000,0.000,0.000,0.000,0,0,0,0,0,0,0,0,0,0.000,0.000,0.000,0.000,0.000,0.000,0.000,0.000,0,0,0,0,0,0,0,0,0,0,0,0,0,0,0,0,0,0,14551,4427,4411,21,1,16327,7889,1352,81979,36902,6456,13514,6551,1211,300,30,0,21531,8237,2029,1040,338,78,0,0,0,0,0,0,2067.154,118.352,6480.871,510.533,38,41,0,221,70,371,650,216,76,1741,297,473,438,459,380,305,65,50,114,208,36,0,0,0,0,0,0,0,0,0,0,0,0,625,671,351,103,0,0,0,0,249,105,42,12,0,0,0,0,0,0,0,0,0,0,0,0,0,0,0,0,0,0,0,0,0.5747,0.4287,15,1,0,0.4173,0.4872,22,0,0
14611,487.0,4758,63,31,3905,853,0,0,2159,848.29,0.655,0.603,0.734,0.058,0.806,-0.962,2.115,0.3767,2.2998,0.539,0.004,0.014,0.236,-0.026,77,35,8,2,87,0,126605.70,44547.230,16521.417,8.213,15851.314,32.094,31617.598,14423.645,2920.048,13276.697,10621.358,737.238,182.307,649.837,0.000214,0.021734,3369,0,1,7,8,1,96042,129,2,2.102,0,0,0,0,0,0,0,0,0,0,0,0,0,0,24297,680,3240,32932.916,16131.214,15568.457,0.000,2.102,14042.117,11234.194,7.933,146,71,23,1,47,14473,0,0,0,0.000,0.000,0.000,0.000,0.000,0.000,0.000,0.000,0,0,0,0,0,0,0,0,0,0.000,0.000,0.000,0.000,0.000,0.000,0.000,0.000,0,0,0,0,0,0,0,0,0,0.000,0.000,0.000,0.000,0.000,0.000,0.000,0.000,0,0,0,0,0,0,0,0,0,0.000,0.000,0.000,0.000,0.000,0.000,0.000,0.000,0,0,0,0,0,0,0,0,0,0.000,0.000,0.000,0.000,0.000,0.000,0.000,0.000,0,0,0,0,0,0,0,0,0,0,0,0,0,0,0,0,0,0,14551,4427,4411,21,1,16563,8068,1170,84249,37610,6777,14103,6882,1284,308,30,0,23211,9036,2118,1086,375,89,0,0,0,0,0,0,2121.962,117.709,7138.595,533.289,71,44,0,245,74,411,731,245,67,1767,328,489,458,481,382,333,86,36,152,211,35,0,0,0,0,0,0,0,0,0,0,0,0,647,691,368,104,0,0,0,0,270,124,30,10,0,0,0,0,0,0,0,0,0,0,0,0,0,0,0,0,0,0,0,0,0.5816,0.4323,14,1,0,0.4373,0.4927,23,0,0
14641,488.0,4970,71,31,4044,926,0,0,2286,713.41,0.665,0.611,0.728,0.059,0.800,-0.963,2.117,0.3778,2.3070,0.524,0.004,0.006,0.234,-0.026,79,37,7,2,94,0,134402.19,46638.687,17914.899,14.624,19184.105,37.100,33266.900,15827.596,3105.913,14341.753,11473.403,762.489,191.101,749.362,0.000308,0.021064,3918,0,1,6,7,1,99536,120,3,10.402,0,0,0,0,0,0,0,0,0,0,0,0,0,0,26417,729,3798,37667.995,17387.120,18897.288,0.000,10.402,15218.552,12556.735,6.568,158,85,31,1,53,19637,0,0,0,0.000,0.000,0.000,0.000,0.000,0.000,0.000,0.000,0,0,0,0,0,0,0,0,0,0.000,0.000,0.000,0.000,0.000,0.000,0.000,0.000,0,0,0,0,0,0,0,0,0,0.000,0.000,0.000,0.000,0.000,0.000,0.000,0.000,0,0,0,0,0,0,0,0,0,0.000,0.000,0.000,0.000,0.000,0.000,0.000,0.000,0,0,0,0,0,0,0,0,0,0.000,0.000,0.000,0.000,0.000,0.000,0.000,0.000,0,0,0,0,0,0,0,0,0,0,0,0,0,0,0,0,0,0,14551,4427,4411,21,1,16836,8246,1293,87203,38449,7294,14627,7250,1256,330,30,0,25177,10339,2177,1240,362,108,0,0,0,0,0,0,2166.451,127.547,8180.221,564.635,43,42,1,309,76,407,784,309,69,1832,335,510,499,481,387,361,75,58,157,238,37,0,0,0,0,0,0,0,0,0,0,0,0,664,716,390,107,0,0,0,0,300,110,63,17,0,0,0,0,0,0,0,0,0,0,0,0,0,0,0,0,0,0,0,0,0.5709,0.4663,15,1,0,0.4643,0.4196,22,0,0
14671,489.0,5234,74,31,4200,1034,0,0,2446,750.67,0.681,0.623,0.721,0.060,0.790,-0.963,2.123,0.3768,2.2861,0.522,0.004,0.013,0.232,-0.026,99,37,15,3,91,0,142789.62,49744.889,19593.329,30.797,21189.095,37.636,35426.010,16778.359,3321.816,16855.008,13484.007,925.177,316.446,842.774,0.000293,0.020671,4531,0,2,13,15,2,102637,215,11,26.980,0,0,0,0,0,0,0,0,0,0,0,0,0,0,29304,791,4316,41227.707,18989.656,20793.697,0.001,26.980,16820.354,13375.423,13.635,187,79,27,2,50,17931,0,0,0,0.000,0.000,0.000,0.000,0.000,0.000,0.000,0.000,0,0,0,0,0,0,0,0,0,0.000,0.000,0.000,0.000,0.000,0.000,0.000,0.000,0,0,0,0,0,0,0,0,0,0.000,0.000,0.000,0.000,0.000,0.000,0.000,0.000,0,0,0,0,0,0,0,0,0,0.000,0.000,0.000,0.000,0.000,0.000,0.000,0.000,0,0,0,0,0,0,0,0,0,0.000,0.000,0.000,0.000,0.000,0.000,0.000,0.000,0,0,0,0,0,0,0,0,0,0,0,0,0,0,0,0,0,0,14551,4427,4411,21,1,17323,8669,1363,90644,39713,7484,15284,7243,1371,365,30,1,27861,10814,2372,1443,447,89,0,0,0,0,0,0,2234.508,134.338,8475.434,613.058,61,53,2,302,93,463,855,307,83,1883,339,544,553,482,399,389,101,75,173,272,24,0,0,0,0,0,0,0,0,0,0,0,0,692,763,418,104,0,0,0,1,321,136,65,22,0,0,0,0,0,0,0,0,0,0,0,0,0,0,0,0,0,0,0,0,0.6069,0.4505,17,3,0,0.4713,0.4610,21,0,0
14701,490.0,5502,57,32,4335,1167,0,0,2662,727.17,0.702,0.641,0.712,0.062,0.777,-0.964,2.129,0.3784,2.3328,0.500,0.004,0.019,0.230,-0.025,88,27,23,5,99,0,151404.48,53297.965,22944.962,34.457,23615.782,38.125,37973.337,19306.568,3620.841,17742.165,14193.732,1660.021,550.002,1003.319,0.000240,0.019520,5121,0,6,17,23,6,106555,292,14,29.921,0,0,0,0,0,0,0,0,0,0,0,0,0,0,32976,935,4829,47054.671,22390.297,22975.175,0.002,29.921,18874.187,15767.921,14.688,208,75,17,6,52,14118,0,0,0,0.000,0.000,0.000,0.000,0.000,0.000,0.000,0.000,0,0,0,0,0,0,0,0,0,0.000,0.000,0.000,0.000,0.000,0.000,0.000,0.000,0,0,0,0,0,0,0,0,0,0.000,0.000,0.000,0.000,0.000,0.000,0.000,0.000,0,0,0,0,0,0,0,0,0,0.000,0.000,0.000,0.000,0.000,0.000,0.000,0.000,0,0,0,0,0,0,0,0,0,0.000,0.000,0.000,0.000,0.000,0.000,0.000,0.000,0,0,0,0,0,0,0,0,0,0,0,0,0,0,0,0,0,0,14701,5502,5489,985,1,17813,8875,1183,93449,40993,8143,16061,7417,1302,480,30,12,31292,12967,2780,1684,659,139,0,0,0,0,0,0,2315.456,135.526,10511.869,715.064,54,60,2,362,101,518,998,392,80,1944,372,576,532,491,420,468,81,80,171,317,50,0,0,0,0,0,0,0,0,0,0,0,0,719,772,429,99,0,0,0,0,342,169,90,17,0,0,0,0,0,0,0,0,0,0,0,0,0,0,0,0,0,0,0,0,0.5661,0.4648,19,2,0,0.4646,0.4517,25,0,0
14731,491.0,5803,61,32,4485,1318,0,0,2960,772.98,0.724,0.659,0.703,0.063,0.763,-0.965,2.134,0.3773,2.3292,0.481,0.002,0.016,0.228,-0.024,71,40,15,6,108,0,158005.83,55874.807,24079.224,37.057,28904.004,29.518,40997.571,21633.106,4019.355,20095.367,16076.294,1234.679,382.490,1103.477,0.000245,0.020454,6129,0,0,15,15,0,109952,342,10,28.656,0,0,0,0,0,0,0,0,0,0,0,0,0,0,37444,976,5787,53533.983,23418.936,28247.730,0.000,28.656,21341.876,17954.772,17.739,241,90,32,0,58,18286,0,0,0,0.000,0.000,0.000,0.000,0.000,0.000,0.000,0.000,0,0,0,0,0,0,0,0,0,0.000,0.000,0.000,0.000,0.000,0.000,0.000,0.000,0,0,0,0,0,0,0,0,0,0.000,0.000,0.000,0.000,0.000,0.000,0.000,0.000,0,0,0,0,0,0,0,0,0,0.000,0.000,0.000,0.000,0.000,0.000,0.000,0.000,0,0,0,0,0,0,0,0,0,0.000,0.000,0.000,0.000,0.000,0.000,0.000,0.000,0,0,0,0,0,0,0,0,0,0,0,0,0,0,0,0,0,0,14701,5502,5489,985,1,18325,8961,1375,96480,42917,8238,16832,7540,1522,504,30,0,35465,14136,2726,1979,611,167,0,0,0,0,0,0,2418.595,140.110,11442.181,703.567,55,69,0,409,107,544,1056,419,83,2013,376,602,555,501,438,525,82,91,196,344,80,0,0,0,0,0,0,0,0,0,0,0,0,748,800,444,103,0,0,0,1,371,195,118,27,0,0,0,0,0,0,0,0,0,0,0,0,0,0,0,0,0,0,0,0,0.5412,0.4296,21,1,0,0.4570,0.4714,25,1,0
14761,492.0,5998,47,32,4571,1427,0,0,3279,612.55,0.740,0.670,0.698,0.064,0.753,-0.965,2.140,0.3767,2.2893,0.478,0.008,0.033,0.226,-0.024,85,37,25,0,137,0,164151.98,59163.226,25572.831,38.850,31381.766,36.638,43752.259,23577.510,4460.539,17589.070,14071.256,1600.240,505.645,1214.748,0.000334,0.020121,7029,0,2,23,25,2,112597,378,15,25.786,0,0,0,0,0,0,0,0,0,0,0,0,0,0,41415,1045,6651,57950.669,25128.268,30821.737,0.001,25.786,23602.266,19812.001,15.500,225,116,26,2,88,24360,0,0,0,0.000,0.000,0.000,0.000,0.000,0.000,0.000,0.000,0,0,0,0,0,0,0,0,0,0.000,0.000,0.000,0.000,0.000,0.000,0.000,0.000,0,0,0,0,0,0,0,0,0,0.000,0.000,0.000,0.000,0.000,0.000,0.000,0.000,0,0,0,0,0,0,0,0,0,0.000,0.000,0.000,0.000,0.000,0.000,0.000,0.000,0,0,0,0,0,0,0,0,0,0.000,0.000,0.000,0.000,0.000,0.000,0.000,0.000,0,0,0,0,0,0,0,0,0,0,0,0,0,0,0,0,0,0,14701,5502,5489,985,1,18710,8959,1450,99573,44152,8303,17440,7925,1894,547,30,0,39287,15602,3296,2128,689,165,0,0,0,0,0,0,2449.923,146.537,12577.802,854.267,51,71,0,391,95,609,1109,398,85,2063,372,610,563,528,435,558,113,94,244,347,71,0,0,0,0,0,0,0,0,0,0,0,0,777,815,437,107,0,0,0,0,410,221,100,25,0,0,0,0,0,0,0,0,0,0,0,0,0,0,0,0,0,0,0,0,0.5681,0.4544,20,1,0,0.4568,0.4500,25,1,0
14791,493.0,5997,55,32,4575,1422,0,0,3508,543.51,0.739,0.669,0.699,0.065,0.754,-0.965,2.143,0.3757,2.3466,0.474,0.019,0.088,0.226,-0.024,76,38,14,2,175,0,172533.58,62219.892,28006.295,17.945,30379.783,33.437,44690.689,24484.066,4939.685,10240.390,8192.312,2210.498,2330.322,1159.196,0.000296,0.018834,7092,0,2,12,14,2,113427,373,10,15.180,0,0,0,0,0,0,0,0,0,0,0,0,0,0,42789,1142,6719,59347.383,27352.971,29937.738,0.000,15.180,24418.988,20664.393,31.293,133,138,30,2,106,26237,0,0,0,0.000,0.000,0.000,0.000,0.000,0.000,0.000,0.000,0,0,0,0,0,0,0,0,0,0.000,0.000,0.000,0.000,0.000,0.000,0.000,0.000,0,0,0,0,0,0,0,0,0,0.000,0.000,0.000,0.000,0.000,0.000,0.000,0.000,0,0,0,0,0,0,0,0,0,0.000,0.000,0.000,0.000,0.000,0.000,0.000,0.000,0,0,0,0,0,0,0,0,0,0.000,0.000,0.000,0.000,0.000,0.000,0.000,0.000,0,0,0,0,0,0,0,0,0,0,0,0,0,0,0,0,0,0,14701,5502,5489,985,1,18775,8864,1648,100314,45207,7961,17522,8259,1663,570,20,10,40727,16710,3347,2062,736,142,0,0,0,0,0,0,2498.886,137.756,13463.062,881.635,60,85,0,450,101,677,1220,453,95,2105,374,594,555,517,430,604,101,83,210,354,70,0,0,0,0,0,0,0,0,0,0,0,0,772,794,423,107,0,0,0,0,404,204,93,16,0,0,0,0,0,0,0,0,0,0,0,0,0,0,0,0,0,0,0,0,0.5670,0.4679,19,2,0,0.4768,0.4835,25,1,0
14821,494.0,6000,40,32,4580,1420,0,0,3711,627.32,0.738,0.668,0.700,0.065,0.755,-0.966,2.144,0.3747,2.2897,0.478,0.032,0.149,0.226,-0.023,88,34,26,4,148,0,185014.30,65541.032,30828.920,50.947,32383.592,27.696,44605.649,24397.091,5260.297,9470.780,7576.624,1921.883,4625.672,1235.430,0.000388,0.017656,7032,0,2,24,26,2,113857,261,17,39.662,0,0,0,0,0,0,0,0,0,0,0,0,0,0,42475,1249,6771,64266.405,30055.840,32008.648,0.001,39.662,24280.753,20543.522,30.341,119,121,28,2,91,27268,0,0,0,0.000,0.000,0.000,0.000,0.000,0.000,0.000,0.000,0,0,0,0,0,0,0,0,0,0.000,0.000,0.000,0.000,0.000,0.000,0.000,0.000,0,0,0,0,0,0,0,0,0,0.000,0.000,0.000,0.000,0.000,0.000,0.000,0.000,0,0,0,0,0,0,0,0,0,0.000,0.000,0.000,0.000,0.000,0.000,0.000,0.000,0,0,0,0,0,0,0,0,0,0.000,0.000,0.000,0.000,0.000,0.000,0.000,0.000,0,0,0,0,0,0,0,0,0,0,0,0,0,0,0,0,0,0,14701,5502,5489,985,1,18769,8962,1591,100549,46261,7901,17568,8319,1584,595,0,30,40413,16734,3294,2062,711,205,0,0,0,0,0,0,2547.220,137.072,13469.516,869.471,47,86,0,486,131,708,1340,501,128,2135,365,579,535,527,439,608,109,84,216,351,52,0,0,0,0,0,0,0,0,0,0,0,0,769,774,432,105,0,0,0,0,394,187,105,17,0,0,0,0,0,0,0,0,0,0,0,0,0,0,0,0,0,0,0,0,0.5608,0.4582,20,1,0,0.4671,0.4603,25,1,0
14851,495.0,6000,55,33,4573,1427,0,0,3898,673.97,0.740,0.669,0.698,0.066,0.754,-0.966,2.147,0.3733,2.2980,0.468,0.054,0.219,0.226,-0.023,85,22,17,1,138,0,200454.44,68902.916,33790.047,34.143,33151.407,34.179,44642.828,24231.763,5561.133,7997.481,6397.985,2484.187,7510.587,1256.964,0.000315,0.020381,6844,0,2,15,17,2,113841,255,10,22.598,0,0,0,0,0,0,0,0,0,0,0,0,0,0,42526,1380,6589,68190.290,33204.508,32667.381,0.000,22.598,24324.602,20383.945,24.201,105,98,16,2,80,21581,0,0,0,0.000,0.000,0.000,0.000,0.000,0.000,0.000,0.000,0,0,0,0,0,0,0,0,0,0.000,0.000,0.000,0.000,0.000,0.000,0.000,0.000,0,0,0,0,0,0,0,0,0,0.000,0.000,0.000,0.000,0.000,0.000,0.000,0.000,0,0,0,0,0,0,0,0,0,0.000,0.000,0.000,0.000,0.000,0.000,0.000,0.000,0,0,0,0,0,0,0,0,0,0.000,0.000,0.000,0.000,0.000,0.000,0.000,0.000,0,0,0,0,0,0,0,0,0,0,0,0,0,0,0,0,0,0,14851,6000,5987,64,1,18701,9100,1398,100722,46925,7884,17387,8456,1548,638,0,33,40438,17063,3184,2088,680,204,0,0,0,0,0,0,2571.364,134.302,13518.972,831.334,53,82,0,550,148,777,1460,544,128,2155,371,567,538,502,440,593,115,86,234,345,54,0,0,0,0,0,0,0,0,0,0,0,0,764,761,412,110,0,0,0,0,435,177,97,10,0,0,0,0,0,0,0,0,0,0,0,0,0,0,0,0,0,0,0,0,0.5695,0.4697,19,0,0,0.4802,0.4495,26,0,0
14881,496.0,5999,66,33,4582,1417,0,0,3949,729.12,0.738,0.667,0.697,0.066,0.756,-0.966,2.152,0.3734,2.3157,0.483,0.068,0.303,0.226,-0.023,78,13,20,3,133,0,213903.62,71198.261,33939.768,49.539,35304.588,33.069,44679.664,24516.313,5756.688,6819.450,5455.560,2569.901,11547.769,1304.172,0.000503,0.026385,6987,0,1,19,20,1,113950,239,14,38.480,0,0,0,0,0,0,0,0,0,0,0,0,0,0,42606,1369,6748,70183.608,33030.600,34811.403,0.001,38.480,24373.815,20653.508,24.677,72,82,9,1,72,19832,0,0,0,0.000,0.000,0.000,0.000,0.000,0.000,0.000,0.000,0,0,0,0,0,0,0,0,0,0.000,0.000,0.000,0.000,0.000,0.000,0.000,0.000,0,0,0,0,0,0,0,0,0,0.000,0.000,0.000,0.000,0.000,0.000,0.000,0.000,0,0,0,0,0,0,0,0,0,0.000,0.000,0.000,0.000,0.000,0.000,0.000,0.000,0,0,0,0,0,0,0,0,0,0.000,0.000,0.000,0.000,0.000,0.000,0.000,0.000,0,0,0,0,0,0,0,0,0,0,0,0,0,0,0,0,0,0,14851,6000,5987,64,1,18717,9058,1600,100805,47387,8107,17249,8643,1535,604,1,56,40542,17164,3410,2064,718,184,0,0,0,0,0,0,2586.195,142.958,13762.401,898.042,66,84,0,534,142,810,1475,543,129,2174,367,569,548,487,437,556,136,92,245,337,51,0,0,0,0,0,0,0,0,0,0,0,0,766,752,414,109,0,0,0,0,421,196,94,14,0,0,0,0,0,0,0,0,0,0,0,0,0,0,0,0,0,0,0,0,0.5529,0.4648,17,0,0,0.4619,0.4868,26,0,0
14911,497.0,6000,64,33,4577,1423,0,0,4040,709.92,0.739,0.668,0.697,0.066,0.755,-0.966,2.154,0.3745,2.3067,0.473,0.094,0.381,0.226,-0.023,74,17,21,2,109,0,229471.66,75143.282,38503.897,38.715,38485.300,38.838,44657.529,24006.535,5873.737,6548.029,5238.423,3110.020,17689.689,1470.749,0.000468,0.032698,6911,0,4,17,21,4,114170,275,11,30.221,0,0,0,0,0,0,0,0,0,0,0,0,0,0,42519,1561,6636,77998.807,37581.849,37795.081,0.003,30.221,24319.524,20146.061,26.738,82,76,10,4,62,19023,0,0,0,0.000,0.000,0.000,0.000,0.000,0.000,0.000,0.000,0,0,0,0,0,0,0,0,0,0.000,0.000,0.000,0.000,0.000,0.000,0.000,0.000,0,0,0,0,0,0,0,0,0,0.000,0.000,0.000,0.000,0.000,0.000,0.000,0.000,0,0,0,0,0,0,0,0,0,0.000,0.000,0.000,0.000,0.000,0.000,0.000,0.000,0,0,0,0,0,0,0,0,0,0.000,0.000,0.000,0.000,0.000,0.000,0.000,0.000,0,0,0,0,0,0,0,0,0,0,0,0,0,0,0,0,0,0,14851,6000,5987,64,1,18780,9263,1457,100771,47560,8169,17275,8874,1518,616,32,56,40308,16068,3447,2211,736,276,0,0,0,0,0,0,2605.680,143.024,12896.628,924.498,57,99,0,605,164,895,1666,596,161,2186,392,529,546,487,437,579,137,100,218,330,59,0,0,0,0,0,0,0,0,0,0,0,0,743,745,403,107,0,0,0,1,406,179,105,17,0,0,0,0,0,0,0,0,0,0,0,0,0,0,0,0,0,0,0,0,0.5731,0.4634,20,1,0,0.4736,0.4710,26,0,0
14941,498.0,5999,81,33,4578,1421,0,0,4059,635.44,0.739,0.668,0.698,0.066,0.755,-0.966,2.157,0.3726,2.3054,0.474,0.111,0.447,0.226,-0.023,78,12,20,0,106,0,243201.95,77406.874,40005.662,47.687,40091.101,35.670,44816.814,24847.334,5967.696,5792.728,4634.182,3721.388,21723.644,1494.507,0.000538,0.039059,6841,0,5,15,20,5,113812,256,13,45.373,0,0,0,0,0,0,0,0,0,0,0,0,0,0,42759,1623,6585,81476.509,39145.466,39574.193,0.004,45.373,24456.330,20987.626,28.028,68,70,8,5,57,15977,0,0,0,0.000,0.000,0.000,0.000,0.000,0.000,0.000,0.000,0,0,0,0,0,0,0,0,0,0.000,0.000,0.000,0.000,0.000,0.000,0.000,0.000,0,0,0,0,0,0,0,0,0,0.000,0.000,0.000,0.000,0.000,0.000,0.000,0.000,0,0,0,0,0,0,0,0,0,0.000,0.000,0.000,0.000,0.000,0.000,0.000,0.000,0,0,0,0,0,0,0,0,0,0.000,0.000,0.000,0.000,0.000,0.000,0.000,0.000,0,0,0,0,0,0,0,0,0,0,0,0,0,0,0,0,0,0,14851,6000,5987,64,1,18649,9234,1540,100548,47816,8090,17383,8741,1713,630,81,17,40484,16890,3385,2275,971,298,0,0,0,0,0,0,2599.203,145.384,14012.665,899.799,76,108,1,665,158,923,1729,657,151,2186,369,530,554,503,436,572,118,114,225,333,59,0,0,0,0,0,0,0,0,0,0,0,0,756,746,411,110,0,0,0,0,395,202,108,26,0,0,0,0,0,0,0,0,0,0,0,0,0,0,0,0,0,0,0,0,0.5572,0.4563,20,1,0,0.4909,0.4463,27,0,0
14971,499.0,5999,79,33,4567,1432,0,0,4072,602.65,0.742,0.670,0.698,0.066,0.754,-0.966,2.159,0.3713,2.3177,0.475,0.140,0.508,0.226,-0.022,85,3,15,3,75,0,257962.39,81317.281,42566.021,36.406,43868.306,32.960,44868.084,24735.735,5984.405,4349.551,3479.641,2465.602,28610.372,1625.173,0.000415,0.043465,7134,0,0,15,15,0,113761,319,9,30.186,0,0,0,0,0,0,0,0,0,0,0,0,0,0,42599,1720,6815,87827.474,41448.831,43378.465,0.000,30.186,24395.240,20882.547,33.091,57,46,2,0,44,12985,0,0,0,0.000,0.000,0.000,0.000,0.000,0.000,0.000,0.000,0,0,0,0,0,0,0,0,0,0.000,0.000,0.000,0.000,0.000,0.000,0.000,0.000,0,0,0,0,0,0,0,0,0,0.000,0.000,0.000,0.000,0.000,0.000,0.000,0.000,0,0,0,0,0,0,0,0,0,0.000,0.000,0.000,0.000,0.000,0.000,0.000,0.000,0,0,0,0,0,0,0,0,0,0.000,0.000,0.000,0.000,0.000,0.000,0.000,0.000,0,0,0,0,0,0,0,0,0,0,0,0,0,0,0,0,0,0,14851,6000,5987,64,1,18583,9068,1554,100717,47999,7924,17461,8612,1543,616,90,26,40334,16746,3245,2265,1115,201,0,0,0,0,0,0,2585.883,138.603,14019.074,864.426,64,101,0,655,187,1010,1854,674,175,2191,371,514,576,498,417,596,139,84,210,341,62,0,0,0,0,0,0,0,0,0,0,0,0,757,740,406,101,0,0,0,1,384,192,101,20,0,0,0,0,0,0,0,0,0,0,0,0,0,0,0,0,0,0,0,0,0.5551,0.4692,20,0,0,0.4938,0.4567,27,0,0
15001,500.0,6000,74,35,4575,1425,0,0,4158,685.47,0.740,0.668,0.699,0.066,0.755,-0.965,2.160,0.3719,2.3208,0.476,0.153,0.576,0.226,-0.022,73,5,15,1,78,0,269740.06,84190.308,45066.497,31.117,46702.900,31.142,45095.329,25330.820,6050.370,3952.490,3161.992,3575.277,34908.900,1759.043,0.000330,0.043139,7105,0,4,11,15,4,113490,233,7,23.782,0,0,0,0,0,0,0,0,0,0,0,0,0,0,42867,1825,6872,93475.010,44018.169,46275.061,0.004,23.782,24555.723,21487.206,33.290,40,47,5,4,38,15232,0,0,0,0.000,0.000,0.000,0.000,0.000,0.000,0.000,0.000,0,0,0,0,0,0,0,0,0,0.000,0.000,0.000,0.000,0.000,0.000,0.000,0.000,0,0,0,0,0,0,0,0,0,0.000,0.000,0.000,0.000,0.000,0.000,0.000,0.000,0,0,0,0,0,0,0,0,0,0.000,0.000,0.000,0.000,0.000,0.000,0.000,0.000,0,0,0,0,0,0,0,0,0,0.000,0.000,0.000,0.000,0.000,0.000,0.000,0.000,0,0,0,0,0,0,0,0,0,0,0,0,0,0,0,0,0,0,15001,6000,5987,144,2,18624,8769,1399,100564,48127,7884,17323,8428,1569,600,90,58,40582,17363,3731,2285,1084,241,0,0,0,0,0,0,2553.407,137.359,14638.455,995.528,74,118,5,698,205,1040,1948,701,194,2198,358,537,567,496,419,608,135,100,204,325,53,0,0,0,0,0,0,0,0,0,0,0,0,751,753,411,104,0,0,0,0,364,199,93,26,0,0,0,0,0,0,0,0,0,0,0,0,0,0,0,0,0,0,0,0,0.5628,0.4620,24,1,0,0.4615,0.4809,29,0,0
